[10-06 13:03:45] INFO: [TENSORBOARD] Fresh events will be saved to: /root/bayes-vl-matched-20261006/crowd_nav/runs/bayes-matched-v1/bayes_mean-seed42/tensorboard_logs
[10-06 13:03:45] INFO: [TEMPORAL-BACKBONE] CLI override: bayes_mean
[10-06 13:03:45] INFO: [CONTRACTS] GRID initialized from runtime cfg: {'n_speeds': 5, 'n_headings': 16, 'v_min': 0.05, 'v_max': 1.0, 'sampling': 'exponential', 'include_stop': False, 'stop_eps': 0.05}
[10-06 13:03:45] INFO: [CONTRACTS] GRID locked from env.config: {'n_speeds': 5, 'n_headings': 16, 'v_min': 0.05, 'v_max': 1.0, 'sampling': 'exponential', 'include_stop': False, 'stop_eps': 0.05}, num_actions=80
[10-06 13:03:45] INFO: [SEED] 使用命令行指定的seed: 42
[10-06 13:03:45] INFO: [SEED] ⚡ CUDA确定性模式已关闭（训练模式，速度优先）
[10-06 13:03:46] INFO: [DENSE-REWARD] progress_reward=0.0, time_penalty=0.0, stand_penalty=0.0
[10-06 13:03:46] INFO: human number: 5
[10-06 13:03:46] INFO: Not randomize human's radius and preferred speed
[10-06 13:03:46] INFO: Training simulation: circle_crossing, test simulation: circle_crossing
[10-06 13:03:46] INFO: Square width: 10.0, circle radius: 4.0
[10-06 13:03:46] INFO: [BOOT] policy=mamba_rl device=cuda
[10-06 13:03:46] INFO: ============================================================
[10-06 13:03:46] INFO: [SOT] env: circle R=4.0 Nh=5 dt=0.25 T=50 | reward: 1.0/-0.5/-0.5 | actions: 80(sampling=exponential, stop=False) | success_radius=0.25 | eval eps=0
[10-06 13:03:46] INFO: ============================================================
[10-06 13:03:46] INFO: [ALGO] Value-lookahead (BAYES_MEAN): one-step lookahead + epsilon-greedy
[10-06 13:03:46] INFO: REWARD: success=1.0, collision=-0.5, timeout=-0.5
[10-06 13:03:46] INFO: TRAINING: lr=1e-05, gamma=0.99, batch=256, updates_per_ep=4
[10-06 13:03:46] INFO: TIMESTEP: dt=0.25s
[10-06 13:03:46] INFO: ============================================================
[10-06 13:03:46] INFO: [DISCRETE-Q] Q-head initialized: 80 actions (5 speeds × 16 headings, stop=False)
[10-06 13:03:46] INFO: [VALUE-HEAD] Value head initialized (SARL-style, 1-dim output)
[10-06 13:03:46] INFO: [AUXILIARY-HEAD] Future position predictor initialized: 3 neighbors × 4 future steps
[10-06 13:03:46] INFO: [ABLATION] Lookahead scoring mode: full
[10-06 13:03:46] INFO: ================================================================================
[10-06 13:03:46] INFO: [TEMPORAL-BACKBONE] BAYES_MEAN backbone configuration:
[10-06 13:03:46] INFO:   d_model=256, n_layers=4, d_state=64
[10-06 13:03:46] INFO:   d_conv=4, expand=2
[10-06 13:03:46] INFO: [SEQ-FINAL] Sequence Length Configuration (SSOT):
[10-06 13:03:46] INFO:   seq_len=24 (from train.config:[buffer])
[10-06 13:03:46] INFO:   T=24 (should match policy.config:[temporal].T)
[10-06 13:03:46] INFO: [ARCH-FINAL] Architecture: EnhancedSpatial(3-way:robot+human+relation) -> BAYES_MEAN -> DualHead
[10-06 13:03:46] INFO: [DEVICE] cuda
[10-06 13:03:46] INFO: ================================================================================
[10-06 13:03:46] INFO: [POLICY-INIT] Main policy built: mamba_rl
[10-06 13:03:46] INFO: [POLICY-INIT] Set multiagent_training=True (5-human crowd navigation)
[10-06 13:03:46] INFO: [MAMBA-RL] Set env_dt=0.25
[10-06 13:03:46] INFO: ✅ debug.md清理：奖励整形器已删除（未实际使用）
[10-06 13:03:46] INFO: ============================================================
[10-06 13:03:46] INFO: [CONFIG-SUMMARY] Training Configuration (Runtime Values)
[10-06 13:03:46] INFO:   Policy: mamba_rl
[10-06 13:03:46] INFO:   Sequence: seq_len=24
[10-06 13:03:46] INFO:   Training: batch_size=256, updates_per_ep=4
[10-06 13:03:46] INFO:   Learning: lr=0.000010, gamma=0.99
[10-06 13:03:46] INFO:   Episodes: 10000, device=cuda
[10-06 13:03:46] INFO: ============================================================
[10-06 13:03:46] INFO: [SARL-TRAIN] goal prior=OFF
[10-06 13:03:46] INFO: [CFG-LOCK] circle R=4 Nh=5 dt=0.25 T=50 succ_r=0.25 visible=False actions=80 eval_eps=0
[10-06 13:03:46] INFO: [REWARD-PROFILE] Using profile=benchmark, time_limit=50.0s
[10-06 13:03:46] INFO: [REWARD-BENCHMARK] {'success': 1.0, 'collision': -0.5, 'timeout': -0.5}
[10-06 13:03:46] INFO: [CONFIG-FALLBACK] success=1.0, collision=-0.5, timeout=-0.5
[10-06 13:03:46] INFO: [ACTIVE-REWARD] Using profile-based rewards: {'success': 1.0, 'collision': -0.5, 'timeout': -0.5}
[10-06 13:03:46] INFO: ============================================================
[10-06 13:03:46] INFO: [TRAJECTORY-LOG] Recording enabled: /root/bayes-vl-matched-20261006/crowd_nav/runs/bayes-matched-v1/bayes_mean-seed42/trajectory.log
[10-06 13:03:46] INFO: [IL-AUTO] 自动检测训练数据...
[10-06 13:03:46] INFO: [IL-AUTO]   离线数据集: crowd_nav/runs/bayes-matched-v1/orca-shared.pth (exists: True)
[10-06 13:03:46] INFO: [IL-AUTO]   BC checkpoint: /root/bayes-vl-matched-20261006/crowd_nav/runs/bayes-matched-v1/bayes_mean-seed42/il_policy.pth (exists: False)
[10-06 13:03:46] INFO: [IL-AUTO]   IL checkpoint: /root/bayes-vl-matched-20261006/crowd_nav/runs/bayes-matched-v1/bayes_mean-seed42/ckpt_il.pt (exists: False)
[10-06 13:03:46] INFO: [IL-AUTO] ✓ 检测到离线数据集: crowd_nav/runs/bayes-matched-v1/orca-shared.pth
[10-06 13:03:46] INFO: [IL-AUTO]   将跳过IL在线收集，强制执行BC训练
[10-06 13:03:46] INFO: [IQL-REPLAY] Initialized: capacity=200000, seq_len=24, with MC returns
[10-06 13:03:46] INFO: [SARL-BUFFER] rl_buffer capacity=200000, n_step=1, per=False
[10-06 13:03:46] INFO: [STATS-RESET] TrainingStats reset for RL phase
[10-06 13:03:46] INFO: [IL-BC] Starting BC training phase...
[10-06 13:03:46] INFO: [IL-CONFIG] success_target=5000 max_total_episodes=12000 prefill_batch_episodes=64 patience_batches=5
[10-06 13:03:46] INFO: [IL-CONFIG] success_target=5000 (type=int)
[10-06 13:03:46] INFO: [IL-CONFIG] max_total_episodes=12000 (type=int)
[10-06 13:03:46] INFO: [IL-CONFIG] batch_collect_episodes=64 (type=int)
[10-06 13:03:46] INFO: [IL-CONFIG] patience_batches=5 (type=int)
[10-06 13:03:46] INFO: [IL-TEACHER] Applying ORCA teacher profile: neighbor_dist=6.0, max_neighbors=15, time_horizon=5.0, time_horizon_obst=5.0, safety_space=0.25
[10-06 13:03:46] INFO: [DENSE-REWARD] progress_reward=0.0, time_penalty=0.0, stand_penalty=0.0
[10-06 13:03:46] INFO: human number: 5
[10-06 13:03:46] INFO: Not randomize human's radius and preferred speed
[10-06 13:03:46] INFO: Training simulation: circle_crossing, test simulation: circle_crossing
[10-06 13:03:46] INFO: Square width: 10.0, circle radius: 4.0
[10-06 13:03:46] WARNING: [IL] Explorer has no replay buffer reference; IL data will stay in-flight only
[10-06 13:03:46] INFO: [IL-START] Buffer size before IL: 0
[10-06 13:03:46] INFO: [IL-CACHE] 发现离线数据集缓存: crowd_nav/runs/bayes-matched-v1/orca-shared.pth
[10-06 13:03:49] INFO: [IL-CACHE] 数据集版本: matched-native-orca-v1
[10-06 13:03:49] INFO: [IL-CACHE] 生成时间: unknown
[10-06 13:03:49] INFO: [IL-CACHE] Seeds: []
[10-06 13:03:49] INFO: [IL-CACHE] ORCA configs: []
[10-06 13:03:49] INFO: [IL-CACHE] 总轨迹数: 5040
[10-06 13:03:49] INFO: [IL-CACHE] 原始成功率: 99.62%
[10-06 13:03:49] INFO: [IL-CACHE] 限制加载: 5040 episodes (max_il_prefill=50000)
[10-06 13:03:49] INFO: [IL-CACHE] ✓ 成功加载 5037 条轨迹
[10-06 13:03:49] INFO: [IL-CACHE] 失败轨迹保留 3 条用于RL预填充
[10-06 13:03:49] INFO: [IL-CACHE] 跳过在线采集，直接使用离线数据集
[10-06 13:03:49] INFO: [IL-COLLECT] Final success set: 5037 trajectories from 5056 attempts (success_ratio=99.62%)
[10-06 13:03:49] INFO: [IL-COLLECT] Fail trajectories kept for RL prefill: 3
[10-06 13:03:49] INFO: [IL-DATA] BC dataset uses success+collision: success=5037, collision=3
[10-06 13:03:49] INFO: [IL-BUFFER] IL data reserved for BC pretraining only (5040 trajectories)
[10-06 13:03:49] INFO: [DENSE-REWARD] progress_reward=0.0, time_penalty=0.0, stand_penalty=0.0
[10-06 13:03:49] INFO: human number: 5
[10-06 13:03:49] INFO: Not randomize human's radius and preferred speed
[10-06 13:03:49] INFO: Training simulation: circle_crossing, test simulation: circle_crossing
[10-06 13:03:49] INFO: Square width: 10.0, circle radius: 4.0
[10-06 13:03:49] INFO: [IL-TEACHER] Restored ORCA parameters for RL phase
[10-06 13:03:49] INFO: [IL-BC] ✗ No BC checkpoint found at /root/bayes-vl-matched-20261006/crowd_nav/runs/bayes-matched-v1/bayes_mean-seed42/il_policy.pth
[10-06 13:03:49] INFO: [IL-BC] Starting 50 epochs of BC training from scratch
[10-06 13:03:49] INFO: [IL-BC] Training policy network - 290985 params
[10-06 13:03:49] INFO: [TRAINING-MODE] Switched to 'rl' mode
[10-06 13:03:49] INFO: [IL-BC-MODE] Using RL mode for BC training (full 24-frame temporal modeling)
[10-06 13:03:49] INFO: [IL-BC-MODE] This ensures BC learns sequence dependencies, not just single-frame actions
[10-06 13:03:49] INFO: [IL-OBJECTIVE] mode=value_regression, lr=0.0001, gamma=0.99
[10-06 13:03:49] INFO: [IL-BC] Data source: Provided trajectories
[10-06 13:03:49] INFO: [IL-BC] Trajectories: 5040
[10-06 13:03:58] INFO: [IL-ACTION-PROCESS] Total steps: 235980, n_actions=80
[10-06 13:03:58] INFO: [IL-TOKEN-CONVERT] Converting 5663520 states to tokens in batches (batch_size=100000, please wait)...
[10-06 13:37:52] INFO: [IL-TOKEN-CONVERT] Token conversion complete (5663520 states)
[10-06 13:37:53] INFO: [IL-DATASET] IL dataset: 235980 sequences (seq_len=24, with MC returns)
[10-06 13:37:53] INFO: [IL-BC] Prepared dataset: N=235980, batch_size=256, batches=921
[10-06 14:10:02] INFO: [ENV-TRACK] Robot get_full_state #1: radius=0.300, v_pref=1.000, gx=0.000, gy=4.000
[10-06 14:10:02] INFO: [ACTION-SPACE] Built 80 actions (GRID 5×16, stop=False)
[10-06 14:10:02] INFO: [EXPLORER] RL-MAMBA-DOUBLEQ: JointState, state_dim=(34,)
[10-06 14:10:02] INFO: [DENSE-REWARD-STEP] progress=-0.1787, progress_reward=0.0, time_penalty=0.0, robot_speed=1.000, step_reward=0.0000
[10-06 14:10:02] INFO: [ENV-TRACK] Robot get_full_state #2: radius=0.300, v_pref=1.000, gx=0.000, gy=4.000
[10-06 14:10:02] INFO: [ENV-TRACK] Robot get_full_state #3: radius=0.300, v_pref=1.000, gx=0.000, gy=4.000
[10-06 14:12:02] INFO: [IL-BC-EVAL] epoch=5 quick_eval sr=20.0% (best=0.0% @ epoch 0)
[10-06 14:12:02] INFO: [IL-BC] ★ New best! epoch=5, sr=20.0%
[10-06 14:44:17] INFO: [IL-VALUE] epoch=10/50 value_loss=0.0025 action_loss=0.0000 total=0.0025 lr=0.000091
[10-06 14:46:01] INFO: [IL-BC-EVAL] epoch=10 quick_eval sr=35.0% (best=20.0% @ epoch 5)
[10-06 14:46:01] INFO: [IL-BC] ★ New best! epoch=10, sr=35.0%
[10-06 15:18:51] INFO: [IL-BC-EVAL] epoch=15 quick_eval sr=90.0% (best=35.0% @ epoch 10)
[10-06 15:18:51] INFO: [IL-BC] ★ New best! epoch=15, sr=90.0%
[10-06 15:51:20] INFO: [IL-VALUE] epoch=20/50 value_loss=0.0021 action_loss=0.0000 total=0.0021 lr=0.000066
[10-06 15:52:02] INFO: [IL-BC-EVAL] epoch=20 quick_eval sr=85.0% (best=90.0% @ epoch 15)
[10-06 16:25:35] INFO: [IL-BC-EVAL] epoch=25 quick_eval sr=80.0% (best=90.0% @ epoch 15)
[10-06 16:58:35] INFO: [IL-VALUE] epoch=30/50 value_loss=0.0018 action_loss=0.0000 total=0.0018 lr=0.000035
[10-06 16:59:06] INFO: [IL-BC-EVAL] epoch=30 quick_eval sr=95.0% (best=90.0% @ epoch 15)
[10-06 16:59:06] INFO: [IL-BC] ★ New best! epoch=30, sr=95.0%
[10-06 17:32:41] INFO: [IL-BC-EVAL] epoch=35 quick_eval sr=100.0% (best=95.0% @ epoch 30)
[10-06 17:32:41] INFO: [IL-BC] ★ New best! epoch=35, sr=100.0%
[10-06 18:08:24] INFO: [IL-VALUE] epoch=40/50 value_loss=0.0017 action_loss=0.0000 total=0.0017 lr=0.000010
[10-06 18:08:53] INFO: [IL-BC-EVAL] epoch=40 quick_eval sr=100.0% (best=100.0% @ epoch 35)
[10-06 18:45:56] INFO: [IL-BC-EVAL] epoch=45 quick_eval sr=90.0% (best=100.0% @ epoch 35)
[10-06 19:21:59] INFO: [IL-VALUE] epoch=50/50 value_loss=0.0017 action_loss=0.0000 total=0.0017 lr=0.000001
[10-06 19:22:42] INFO: [IL-BC-EVAL] epoch=50 quick_eval sr=100.0% (best=100.0% @ epoch 35)
[10-06 19:22:42] INFO: [IL-BC] Using best checkpoint from epoch 35 (sr=100.0%)
[10-06 19:22:42] INFO: [IL-BC] Saving BC checkpoint with metadata...
[10-06 19:22:42] INFO: [IL-BC] ✓ BC checkpoint saved to /root/bayes-vl-matched-20261006/crowd_nav/runs/bayes-matched-v1/bayes_mean-seed42/il_policy.pth
[10-06 19:22:42] INFO: [IL-CONTINUOUS-BC] BC training completed
[10-06 19:22:42] INFO: [IL-BC-EVAL] Skipping IL evaluation (Q-head not trained, will validate in RL phase)
[10-06 19:22:42] INFO: [TRAINING-MODE] Switched to 'rl' mode
[10-06 19:22:42] INFO: [IL-BC-MODE] BC training finished, keeping RL mode for RL phase
[10-06 19:22:42] INFO: [IL-BC-MODE] Temporal encoder is now trained (unlike old BC-only baseline)
[10-06 19:22:42] INFO: [IL-BC-ADAPT] Skipping warm adaptation - temporal encoder already trained during BC
[10-06 19:22:42] INFO: [IL-BC] Evaluating newly trained BC model...
[10-06 19:26:42] INFO: [IL-BC] Newly trained BC model success rate: 97.0% (97/100 episodes)
[10-06 19:26:42] INFO: [IL-ORCA-DATA] Teacher success stats: attempts=5056, successes=5037, ratio=0.996
[10-06 19:26:42] INFO: [DENSE-REWARD] progress_reward=0.0, time_penalty=0.0, stand_penalty=0.0
[10-06 19:26:42] INFO: human number: 5
[10-06 19:26:42] INFO: Not randomize human's radius and preferred speed
[10-06 19:26:42] INFO: Training simulation: circle_crossing, test simulation: circle_crossing
[10-06 19:26:42] INFO: Square width: 10.0, circle radius: 4.0
[10-06 19:26:42] INFO: [IL-PARAM-RESTORE] Parameters restored for RL: time_limit=50, success_radius=0.25, human_num=5
[10-06 19:26:42] INFO: [IL-BC] BC training completed: success_rate=99.6%
[10-06 19:27:19] INFO: [SARL-PREFILL-LIMITED] IL episodes injected=5000, skipped=0, buffer_size=200000 (max_prefill=5000)
[10-06 19:27:19] INFO: [CKPT-LOAD] skipped (already warm-started with fresh IL ckpt)
[10-06 19:27:19] INFO: [CURRICULUM] DISABLED - Focusing on standard environment
[10-06 19:27:19] INFO: [CURRICULUM] RL will use baseline 5-human circle environment (Nh=5, R=4)
[10-06 19:27:19] INFO: [ALGO] Value-lookahead (BAYES_MEAN): value regression + one-step lookahead, lr=1e-05
[10-06 19:27:19] INFO: [SARL-WARMUP] Replay warmup threshold: 5000 transitions
[10-06 19:27:19] INFO: [SARL] n_step=1, use_per=False
[10-06 19:27:19] INFO: [CHECKPOINT] interval=500 episodes
[10-06 19:27:19] INFO: [VECTORIZE] Parallel sampling disabled, using serial explorer
[10-06 19:27:19] INFO: [DIAGNOSTIC] ⚠ Using SERIAL sampling (no parallelization)
[10-06 19:27:19] INFO: [DIAGNOSTIC] Pre-RL policy evaluation (5 episodes)...
[10-06 19:27:26] INFO: [DIAGNOSTIC] Pre-RL test performance: s/c/t=100.0%/0.0%/0.0%
[10-06 19:27:26] INFO: [TRAIN] Algorithm: sarl
[10-06 19:27:26] INFO: [P1-RL] Base config: human_num=5, circle_radius=4.0, success_radius=0.25
[10-06 19:27:27] INFO: FIRST_ACTION: Policy doesn't expose continuous action info, skipping debug
[10-06 19:27:29] INFO: [RL-EP-0001] (1/10000) s/c/t=0/1/0 qloss=0.0000 ploss=0.0000 buf=200000
[10-06 19:27:29] INFO:               cumulative s/c/t%: 0.0%/100.0%/0.0%
[10-06 19:27:29] INFO: [REPLAY-STORE] ok=1 skip=0 steps=23 buf=200000
[10-06 19:27:32] INFO: [RL-EP-0002] (2/10000) s/c/t=1/0/0 qloss=0.0000 ploss=0.0000 buf=200000
[10-06 19:27:32] INFO:               cumulative s/c/t%: 50.0%/50.0%/0.0%
[10-06 19:27:32] INFO: [REPLAY-STORE] ok=2 skip=0 steps=114 buf=200000
[10-06 19:27:36] INFO: [RL-EP-0003] (3/10000) s/c/t=1/0/0 qloss=0.0000 ploss=0.0000 buf=200000
[10-06 19:27:36] INFO:               cumulative s/c/t%: 66.7%/33.3%/0.0%
[10-06 19:27:36] INFO: [REPLAY-STORE] ok=3 skip=0 steps=181 buf=200000
[10-06 19:27:39] INFO: [RL-EP-0004] (4/10000) s/c/t=1/0/0 qloss=0.0000 ploss=0.0000 buf=200000
[10-06 19:27:39] INFO:               cumulative s/c/t%: 75.0%/25.0%/0.0%
[10-06 19:27:39] INFO: [REPLAY-STORE] ok=4 skip=0 steps=250 buf=200000
[10-06 19:27:43] INFO: [RL-EP-0005] (5/10000) s/c/t=1/0/0 qloss=0.0000 ploss=0.0000 buf=200000
[10-06 19:27:43] INFO:               cumulative s/c/t%: 80.0%/20.0%/0.0%
[10-06 19:27:43] INFO: [REPLAY-STORE] ok=5 skip=0 steps=336 buf=200000
[10-06 19:27:46] INFO: [RL-EP-0006] (6/10000) s/c/t=1/0/0 qloss=0.0000 ploss=0.0000 buf=200000
[10-06 19:27:46] INFO:               cumulative s/c/t%: 83.3%/16.7%/0.0%
[10-06 19:27:46] INFO: [REPLAY-STORE] ok=6 skip=0 steps=400 buf=200000
[10-06 19:27:49] INFO: [RL-EP-0007] (7/10000) s/c/t=1/0/0 qloss=0.0000 ploss=0.0000 buf=200000
[10-06 19:27:49] INFO:               cumulative s/c/t%: 85.7%/14.3%/0.0%
[10-06 19:27:49] INFO: [REPLAY-STORE] ok=7 skip=0 steps=470 buf=200000
[10-06 19:27:52] INFO: [RL-EP-0008] (8/10000) s/c/t=1/0/0 qloss=0.0000 ploss=0.0000 buf=200000
[10-06 19:27:52] INFO:               cumulative s/c/t%: 87.5%/12.5%/0.0%
[10-06 19:27:52] INFO: [REPLAY-STORE] ok=8 skip=0 steps=538 buf=200000
[10-06 19:27:56] INFO: [RL-EP-0009] (9/10000) s/c/t=1/0/0 qloss=0.0000 ploss=0.0000 buf=200000
[10-06 19:27:56] INFO:               cumulative s/c/t%: 88.9%/11.1%/0.0%
[10-06 19:27:56] INFO: [REPLAY-STORE] ok=9 skip=0 steps=651 buf=200000
[10-06 19:28:00] INFO: [RL-EP-0010] (10/10000) s/c/t=1/0/0 qloss=0.0000 ploss=0.0000 buf=200000
[10-06 19:28:00] INFO:               cumulative s/c/t%: 90.0%/10.0%/0.0%
[10-06 19:28:00] INFO: [REPLAY-STORE] ok=10 skip=0 steps=708 buf=200000
[10-06 19:28:04] INFO: [RL-EP-0011] (11/10000) s/c/t=1/0/0 qloss=0.0000 ploss=0.0000 buf=200000
[10-06 19:28:04] INFO:               cumulative s/c/t%: 90.9%/9.1%/0.0%
[10-06 19:28:04] INFO: [REPLAY-STORE] ok=11 skip=0 steps=772 buf=200000
[10-06 19:28:08] INFO: [RL-EP-0012] (12/10000) s/c/t=1/0/0 qloss=0.0000 ploss=0.0000 buf=200000
[10-06 19:28:08] INFO:               cumulative s/c/t%: 91.7%/8.3%/0.0%
[10-06 19:28:08] INFO: [REPLAY-STORE] ok=12 skip=0 steps=843 buf=200000
[10-06 19:28:10] INFO: [RL-EP-0013] (13/10000) s/c/t=0/1/0 qloss=0.0000 ploss=0.0000 buf=200000
[10-06 19:28:10] INFO:               cumulative s/c/t%: 84.6%/15.4%/0.0%
[10-06 19:28:10] INFO: [REPLAY-STORE] ok=13 skip=0 steps=871 buf=200000
[10-06 19:28:15] INFO: [RL-EP-0014] (14/10000) s/c/t=1/0/0 qloss=0.0000 ploss=0.0000 buf=200000
[10-06 19:28:15] INFO:               cumulative s/c/t%: 85.7%/14.3%/0.0%
[10-06 19:28:15] INFO: [REPLAY-STORE] ok=14 skip=0 steps=949 buf=200000
[10-06 19:28:19] INFO: [RL-EP-0015] (15/10000) s/c/t=1/0/0 qloss=0.0000 ploss=0.0000 buf=200000
[10-06 19:28:19] INFO:               cumulative s/c/t%: 86.7%/13.3%/0.0%
[10-06 19:28:19] INFO: [REPLAY-STORE] ok=15 skip=0 steps=1024 buf=200000
[10-06 19:28:23] INFO: [RL-EP-0016] (16/10000) s/c/t=1/0/0 qloss=0.0000 ploss=0.0000 buf=200000
[10-06 19:28:23] INFO:               cumulative s/c/t%: 87.5%/12.5%/0.0%
[10-06 19:28:23] INFO: [REPLAY-STORE] ok=16 skip=0 steps=1103 buf=200000
[10-06 19:28:27] INFO: [RL-EP-0017] (17/10000) s/c/t=1/0/0 qloss=0.0000 ploss=0.0000 buf=200000
[10-06 19:28:27] INFO:               cumulative s/c/t%: 88.2%/11.8%/0.0%
[10-06 19:28:27] INFO: [REPLAY-STORE] ok=17 skip=0 steps=1191 buf=200000
[10-06 19:28:31] INFO: [RL-EP-0018] (18/10000) s/c/t=1/0/0 qloss=0.0000 ploss=0.0000 buf=200000
[10-06 19:28:31] INFO:               cumulative s/c/t%: 88.9%/11.1%/0.0%
[10-06 19:28:31] INFO: [REPLAY-STORE] ok=18 skip=0 steps=1267 buf=200000
[10-06 19:28:35] INFO: [RL-EP-0019] (19/10000) s/c/t=1/0/0 qloss=0.0000 ploss=0.0000 buf=200000
[10-06 19:28:35] INFO:               cumulative s/c/t%: 89.5%/10.5%/0.0%
[10-06 19:28:35] INFO: [REPLAY-STORE] ok=19 skip=0 steps=1349 buf=200000
[10-06 19:28:39] INFO: [RL-EP-0020] (20/10000) s/c/t=1/0/0 qloss=0.0000 ploss=0.0000 buf=200000
[10-06 19:28:39] INFO:               cumulative s/c/t%: 90.0%/10.0%/0.0%
[10-06 19:28:39] INFO: [REPLAY-STORE] ok=20 skip=0 steps=1413 buf=200000
[10-06 19:28:43] INFO: [RL-EP-0021] (21/10000) s/c/t=1/0/0 qloss=0.0000 ploss=0.0000 buf=200000
[10-06 19:28:43] INFO:               cumulative s/c/t%: 90.5%/9.5%/0.0%
[10-06 19:28:43] INFO: [REPLAY-STORE] ok=21 skip=0 steps=1475 buf=200000
[10-06 19:28:48] INFO: [RL-EP-0022] (22/10000) s/c/t=1/0/0 qloss=0.0000 ploss=0.0000 buf=200000
[10-06 19:28:48] INFO:               cumulative s/c/t%: 90.9%/9.1%/0.0%
[10-06 19:28:48] INFO: [REPLAY-STORE] ok=22 skip=0 steps=1551 buf=200000
[10-06 19:28:52] INFO: [RL-EP-0023] (23/10000) s/c/t=1/0/0 qloss=0.0000 ploss=0.0000 buf=200000
[10-06 19:28:52] INFO:               cumulative s/c/t%: 91.3%/8.7%/0.0%
[10-06 19:28:52] INFO: [REPLAY-STORE] ok=23 skip=0 steps=1608 buf=200000
[10-06 19:28:56] INFO: [RL-EP-0024] (24/10000) s/c/t=1/0/0 qloss=0.0000 ploss=0.0000 buf=200000
[10-06 19:28:56] INFO:               cumulative s/c/t%: 91.7%/8.3%/0.0%
[10-06 19:28:56] INFO: [REPLAY-STORE] ok=24 skip=0 steps=1685 buf=200000
[10-06 19:29:00] INFO: [SARL-LOSS] ep=25 value_loss=0.0024 epsilon=0.2958
[10-06 19:29:00] INFO: [STAT] ep=025 | roll@25(s/c/t)=0.9/0.1/0.0 (0.92/0.08/0.00) | R.mean=0.4
[10-06 19:29:00] INFO: [METRICS-25] time=17.45s | dfreq=0.000 | ddist=0.000m
[10-06 19:29:00] INFO: [METRICS-PLOT] 3-metrics curve -> /root/bayes-vl-matched-20261006/crowd_nav/runs/bayes-matched-v1/bayes_mean-seed42/curves_3metrics.png
[10-06 19:29:00] INFO: [RL-EP-0025] (25/10000) s/c/t=1/0/0 qloss=0.0000 ploss=0.0000 buf=200000
[10-06 19:29:00] INFO:               cumulative s/c/t%: 92.0%/8.0%/0.0%
[10-06 19:29:00] INFO: [REPLAY-STORE] ok=25 skip=0 steps=1745 buf=200000
[10-06 19:29:00] INFO: ================================================================================
[10-06 19:29:00] INFO: [MULTI-SCALE-25] TARGET: peak=0.920 stable_90=6ep
[10-06 19:29:00] INFO: [MULTI-SCALE-25] WINDOWS: short=1.000 med=0.920 long=0.920
[10-06 19:29:00] INFO: [MULTI-SCALE-25] QUALITY: stability=0.800 learn_rate=0.00000
[10-06 19:29:00] INFO: [ACHIEVEMENT] Stable 90%+ success rate achieved for 6 episodes!
[10-06 19:29:00] INFO: [HEALTH-CHECK-25] Overall: NEEDS_IMPROVEMENT (score=0.400)
[10-06 19:29:00] INFO: ================================================================================
[10-06 19:29:04] INFO: [RL-EP-0026] (26/10000) s/c/t=1/0/0 qloss=0.0000 ploss=0.0000 buf=200000
[10-06 19:29:04] INFO:               cumulative s/c/t%: 92.3%/7.7%/0.0%
[10-06 19:29:04] INFO: [REPLAY-STORE] ok=26 skip=0 steps=1803 buf=200000
[10-06 19:29:07] INFO: [RL-EP-0027] (27/10000) s/c/t=0/1/0 qloss=0.0000 ploss=0.0000 buf=200000
[10-06 19:29:07] INFO:               cumulative s/c/t%: 88.9%/11.1%/0.0%
[10-06 19:29:07] INFO: [REPLAY-STORE] ok=27 skip=0 steps=1832 buf=200000
[10-06 19:29:11] INFO: [RL-EP-0028] (28/10000) s/c/t=1/0/0 qloss=0.0000 ploss=0.0000 buf=200000
[10-06 19:29:11] INFO:               cumulative s/c/t%: 89.3%/10.7%/0.0%
[10-06 19:29:11] INFO: [REPLAY-STORE] ok=28 skip=0 steps=1893 buf=200000
[10-06 19:29:15] INFO: [RL-EP-0029] (29/10000) s/c/t=1/0/0 qloss=0.0000 ploss=0.0000 buf=200000
[10-06 19:29:15] INFO:               cumulative s/c/t%: 89.7%/10.3%/0.0%
[10-06 19:29:15] INFO: [REPLAY-STORE] ok=29 skip=0 steps=1973 buf=200000
[10-06 19:29:19] INFO: [RL-EP-0030] (30/10000) s/c/t=1/0/0 qloss=0.0000 ploss=0.0000 buf=200000
[10-06 19:29:19] INFO:               cumulative s/c/t%: 90.0%/10.0%/0.0%
[10-06 19:29:19] INFO: [REPLAY-STORE] ok=30 skip=0 steps=2037 buf=200000
[10-06 19:29:23] INFO: [RL-EP-0031] (31/10000) s/c/t=1/0/0 qloss=0.0000 ploss=0.0000 buf=200000
[10-06 19:29:23] INFO:               cumulative s/c/t%: 90.3%/9.7%/0.0%
[10-06 19:29:23] INFO: [REPLAY-STORE] ok=31 skip=0 steps=2114 buf=200000
[10-06 19:29:27] INFO: [RL-EP-0032] (32/10000) s/c/t=1/0/0 qloss=0.0000 ploss=0.0000 buf=200000
[10-06 19:29:27] INFO:               cumulative s/c/t%: 90.6%/9.4%/0.0%
[10-06 19:29:27] INFO: [REPLAY-STORE] ok=32 skip=0 steps=2187 buf=200000
[10-06 19:29:32] INFO: [RL-EP-0033] (33/10000) s/c/t=1/0/0 qloss=0.0000 ploss=0.0000 buf=200000
[10-06 19:29:32] INFO:               cumulative s/c/t%: 90.9%/9.1%/0.0%
[10-06 19:29:32] INFO: [REPLAY-STORE] ok=33 skip=0 steps=2277 buf=200000
[10-06 19:29:36] INFO: [RL-EP-0034] (34/10000) s/c/t=1/0/0 qloss=0.0000 ploss=0.0000 buf=200000
[10-06 19:29:36] INFO:               cumulative s/c/t%: 91.2%/8.8%/0.0%
[10-06 19:29:36] INFO: [REPLAY-STORE] ok=34 skip=0 steps=2336 buf=200000
[10-06 19:29:39] INFO: [RL-EP-0035] (35/10000) s/c/t=1/0/0 qloss=0.0000 ploss=0.0000 buf=200000
[10-06 19:29:39] INFO:               cumulative s/c/t%: 91.4%/8.6%/0.0%
[10-06 19:29:39] INFO: [REPLAY-STORE] ok=35 skip=0 steps=2392 buf=200000
[10-06 19:29:44] INFO: [RL-EP-0036] (36/10000) s/c/t=1/0/0 qloss=0.0000 ploss=0.0000 buf=200000
[10-06 19:29:44] INFO:               cumulative s/c/t%: 91.7%/8.3%/0.0%
[10-06 19:29:44] INFO: [REPLAY-STORE] ok=36 skip=0 steps=2460 buf=200000
[10-06 19:29:53] INFO: [RL-EP-0037] (37/10000) s/c/t=0/0/1 qloss=0.0000 ploss=0.0000 buf=200000
[10-06 19:29:53] INFO:               cumulative s/c/t%: 89.2%/8.1%/2.7%
[10-06 19:29:53] INFO: [REPLAY-STORE] ok=37 skip=0 steps=2661 buf=200000
[10-06 19:29:57] INFO: [RL-EP-0038] (38/10000) s/c/t=1/0/0 qloss=0.0000 ploss=0.0000 buf=200000
[10-06 19:29:57] INFO:               cumulative s/c/t%: 89.5%/7.9%/2.6%
[10-06 19:29:57] INFO: [REPLAY-STORE] ok=38 skip=0 steps=2737 buf=200000
[10-06 19:30:01] INFO: [RL-EP-0039] (39/10000) s/c/t=1/0/0 qloss=0.0000 ploss=0.0000 buf=200000
[10-06 19:30:01] INFO:               cumulative s/c/t%: 89.7%/7.7%/2.6%
[10-06 19:30:01] INFO: [REPLAY-STORE] ok=39 skip=0 steps=2791 buf=200000
[10-06 19:30:04] INFO: [RL-EP-0040] (40/10000) s/c/t=1/0/0 qloss=0.0000 ploss=0.0000 buf=200000
[10-06 19:30:04] INFO:               cumulative s/c/t%: 90.0%/7.5%/2.5%
[10-06 19:30:04] INFO: [REPLAY-STORE] ok=40 skip=0 steps=2852 buf=200000
[10-06 19:30:09] INFO: [RL-EP-0041] (41/10000) s/c/t=1/0/0 qloss=0.0000 ploss=0.0000 buf=200000
[10-06 19:30:09] INFO:               cumulative s/c/t%: 90.2%/7.3%/2.4%
[10-06 19:30:09] INFO: [REPLAY-STORE] ok=41 skip=0 steps=2950 buf=200000
[10-06 19:30:13] INFO: [RL-EP-0042] (42/10000) s/c/t=1/0/0 qloss=0.0000 ploss=0.0000 buf=200000
[10-06 19:30:13] INFO:               cumulative s/c/t%: 90.5%/7.1%/2.4%
[10-06 19:30:13] INFO: [REPLAY-STORE] ok=42 skip=0 steps=3026 buf=200000
[10-06 19:30:17] INFO: [RL-EP-0043] (43/10000) s/c/t=1/0/0 qloss=0.0000 ploss=0.0000 buf=200000
[10-06 19:30:17] INFO:               cumulative s/c/t%: 90.7%/7.0%/2.3%
[10-06 19:30:17] INFO: [REPLAY-STORE] ok=43 skip=0 steps=3086 buf=200000
[10-06 19:30:21] INFO: [RL-EP-0044] (44/10000) s/c/t=1/0/0 qloss=0.0000 ploss=0.0000 buf=200000
[10-06 19:30:21] INFO:               cumulative s/c/t%: 90.9%/6.8%/2.3%
[10-06 19:30:21] INFO: [REPLAY-STORE] ok=44 skip=0 steps=3157 buf=200000
[10-06 19:30:25] INFO: [RL-EP-0045] (45/10000) s/c/t=1/0/0 qloss=0.0000 ploss=0.0000 buf=200000
[10-06 19:30:25] INFO:               cumulative s/c/t%: 91.1%/6.7%/2.2%
[10-06 19:30:25] INFO: [REPLAY-STORE] ok=45 skip=0 steps=3220 buf=200000
[10-06 19:30:29] INFO: [RL-EP-0046] (46/10000) s/c/t=1/0/0 qloss=0.0000 ploss=0.0000 buf=200000
[10-06 19:30:29] INFO:               cumulative s/c/t%: 91.3%/6.5%/2.2%
[10-06 19:30:29] INFO: [REPLAY-STORE] ok=46 skip=0 steps=3294 buf=200000
[10-06 19:30:32] INFO: [RL-EP-0047] (47/10000) s/c/t=0/1/0 qloss=0.0000 ploss=0.0000 buf=200000
[10-06 19:30:32] INFO:               cumulative s/c/t%: 89.4%/8.5%/2.1%
[10-06 19:30:32] INFO: [REPLAY-STORE] ok=47 skip=0 steps=3320 buf=200000
[10-06 19:30:36] INFO: [RL-EP-0048] (48/10000) s/c/t=1/0/0 qloss=0.0000 ploss=0.0000 buf=200000
[10-06 19:30:36] INFO:               cumulative s/c/t%: 89.6%/8.3%/2.1%
[10-06 19:30:36] INFO: [REPLAY-STORE] ok=48 skip=0 steps=3384 buf=200000
[10-06 19:30:40] INFO: [RL-EP-0049] (49/10000) s/c/t=1/0/0 qloss=0.0000 ploss=0.0000 buf=200000
[10-06 19:30:40] INFO:               cumulative s/c/t%: 89.8%/8.2%/2.0%
[10-06 19:30:40] INFO: [REPLAY-STORE] ok=49 skip=0 steps=3459 buf=200000
[10-06 19:30:40] INFO: [CONFIG-CHECK] ep=50 updates_per_ep=4 (from config)
[10-06 19:30:44] INFO: [SARL-LOSS] ep=50 value_loss=0.0036 epsilon=0.2917
[10-06 19:30:44] INFO: [STAT] ep=050 | roll@25(s/c/t)=0.9/0.1/0.0 (0.90/0.08/0.02) | R.mean=0.4
[10-06 19:30:44] INFO: [METRICS-25] time=17.61s | dfreq=0.000 | ddist=0.000m
[10-06 19:30:45] INFO: [METRICS-PLOT] 3-metrics curve -> /root/bayes-vl-matched-20261006/crowd_nav/runs/bayes-matched-v1/bayes_mean-seed42/curves_3metrics.png
[10-06 19:30:45] INFO: [RL-EP-0050] (50/10000) s/c/t=1/0/0 qloss=0.0000 ploss=0.0000 buf=200000
[10-06 19:30:45] INFO:               cumulative s/c/t%: 90.0%/8.0%/2.0%
[10-06 19:30:45] INFO: [REPLAY-STORE] ok=50 skip=0 steps=3522 buf=200000
[10-06 19:30:45] INFO: ================================================================================
[10-06 19:30:45] INFO: [MULTI-SCALE-50] TARGET: peak=0.923 stable_90=7ep
[10-06 19:30:45] INFO: [MULTI-SCALE-50] WINDOWS: short=0.900 med=0.880 long=0.900
[10-06 19:30:45] INFO: [MULTI-SCALE-50] QUALITY: stability=0.800 learn_rate=0.00000
[10-06 19:30:45] INFO: [ACHIEVEMENT] Stable 90%+ success rate achieved for 7 episodes!
[10-06 19:30:45] INFO: [HEALTH-CHECK-50] Overall: NEEDS_IMPROVEMENT (score=0.400)
[10-06 19:30:45] INFO: ================================================================================
[10-06 19:30:49] INFO: [RL-EP-0051] (51)
[10-06 19:30:53] INFO: [RL-EP-0052] (52)
[10-06 19:30:57] INFO: [RL-EP-0053] (53)
[10-06 19:31:01] INFO: [RL-EP-0054] (54)
[10-06 19:31:05] INFO: [RL-EP-0055] roll=0.920/0.060/0.020
[10-06 19:31:09] INFO: [RL-EP-0056] (56)
[10-06 19:31:13] INFO: [RL-EP-0057] (57)
[10-06 19:31:17] INFO: [RL-EP-0058] (58)
[10-06 19:31:21] INFO: [RL-EP-0059] (59)
[10-06 19:31:24] INFO: [RL-EP-0060] roll=0.900/0.080/0.020
[10-06 19:31:28] INFO: [RL-EP-0061] (61)
[10-06 19:31:32] INFO: [RL-EP-0062] (62)
[10-06 19:31:36] INFO: [RL-EP-0063] (63)
[10-06 19:31:40] INFO: [RL-EP-0064] (64)
[10-06 19:31:43] INFO: [RL-EP-0065] roll=0.920/0.060/0.020
[10-06 19:31:47] INFO: [RL-EP-0066] (66)
[10-06 19:31:50] INFO: [RL-EP-0067] (67)
[10-06 19:31:54] INFO: [RL-EP-0068] (68)
[10-06 19:31:58] INFO: [RL-EP-0069] (69)
[10-06 19:32:02] INFO: [RL-EP-0070] roll=0.900/0.080/0.020
[10-06 19:32:06] INFO: [RL-EP-0071] (71)
[10-06 19:32:09] INFO: [RL-EP-0072] (72)
[10-06 19:32:14] INFO: [RL-EP-0073] (73)
[10-06 19:32:18] INFO: [RL-EP-0074] (74)
[10-06 19:32:21] INFO: [SARL-LOSS] ep=75 value_loss=0.0021 epsilon=0.2875
[10-06 19:32:21] INFO: [STAT] ep=075 | roll@25(s/c/t)=0.9/0.1/0.0 (0.90/0.08/0.02) | R.mean=0.4
[10-06 19:32:21] INFO: [METRICS-25] time=17.07s | dfreq=0.000 | ddist=0.000m
[10-06 19:32:22] INFO: [METRICS-PLOT] 3-metrics curve -> /root/bayes-vl-matched-20261006/crowd_nav/runs/bayes-matched-v1/bayes_mean-seed42/curves_3metrics.png
[10-06 19:32:22] INFO: [RL-EP-0075] (75/10000) s/c/t=1/0/0 qloss=0.0000 ploss=0.0000 buf=200000
[10-06 19:32:22] INFO:               cumulative s/c/t%: 90.0%/8.0%/2.0%
[10-06 19:32:22] INFO: [REPLAY-STORE] ok=75 skip=0 steps=5158 buf=200000
[10-06 19:32:22] INFO: [STAGE0-MONITOR] timeout_ratio=0.020 (target: decrease over time)
[10-06 19:32:22] INFO: ================================================================================
[10-06 19:32:22] INFO: [MULTI-SCALE-75] TARGET: peak=0.923 stable_90=10ep
[10-06 19:32:22] INFO: [MULTI-SCALE-75] WINDOWS: short=0.900 med=0.920 long=0.907
[10-06 19:32:22] INFO: [MULTI-SCALE-75] QUALITY: stability=0.800 learn_rate=0.00000
[10-06 19:32:22] INFO: [ACHIEVEMENT] Stable 90%+ success rate achieved for 10 episodes!
[10-06 19:32:22] INFO: [HEALTH-CHECK-75] Overall: NEEDS_IMPROVEMENT (score=0.400)
[10-06 19:32:22] INFO: ================================================================================
[10-06 19:32:25] INFO: [RL-EP-0076] (76)
[10-06 19:32:30] INFO: [RL-EP-0077] (77)
[10-06 19:32:33] INFO: [RL-EP-0078] (78)
[10-06 19:32:35] INFO: [RL-EP-0079] (79)
[10-06 19:32:39] INFO: [RL-EP-0080] roll=0.900/0.080/0.020
[10-06 19:32:43] INFO: [RL-EP-0081] (81)
[10-06 19:32:45] INFO: [RL-EP-0082] (82)
[10-06 19:32:49] INFO: [RL-EP-0083] (83)
[10-06 19:32:52] INFO: [RL-EP-0084] (84)
[10-06 19:32:56] INFO: [RL-EP-0085] roll=0.880/0.100/0.020
[10-06 19:33:00] INFO: [RL-EP-0086] (86)
[10-06 19:33:07] INFO: [RL-EP-0087] (87)
[10-06 19:33:11] INFO: [RL-EP-0088] (88)
[10-06 19:33:15] INFO: [RL-EP-0089] (89)
[10-06 19:33:18] INFO: [RL-EP-0090] roll=0.880/0.100/0.020
[10-06 19:33:22] INFO: [RL-EP-0091] (91)
[10-06 19:33:26] INFO: [RL-EP-0092] (92)
[10-06 19:33:29] INFO: [RL-EP-0093] (93)
[10-06 19:33:33] INFO: [RL-EP-0094] (94)
[10-06 19:33:36] INFO: [RL-EP-0095] roll=0.880/0.100/0.020
[10-06 19:33:40] INFO: [RL-EP-0096] (96)
[10-06 19:33:43] INFO: [RL-EP-0097] (97)
[10-06 19:33:47] INFO: [RL-EP-0098] (98)
[10-06 19:33:50] INFO: [RL-EP-0099] (99)
[10-06 19:33:50] INFO: [CONFIG-CHECK] ep=100 updates_per_ep=4 (from config)
[10-06 19:33:50] INFO: [SARL-EPSILON] ep=100 epsilon=0.2833 (start=0.3, end=0.05, decay=1500)
[10-06 19:33:54] INFO: [SARL-REPLAY] ep=100 buffer_size=200000 updates=4
[10-06 19:33:54] INFO: [SARL-LOSS] ep=100 value_loss=0.0031 epsilon=0.2833
[10-06 19:33:54] INFO: [SARL-STATS] ep=100 buffer_size=200000
[10-06 19:33:54] INFO: [STAT] ep=100 | roll@25(s/c/t)=0.9/0.1/0.0 (0.90/0.08/0.02) | R.mean=0.4
[10-06 19:33:54] INFO: [METRICS-25] time=16.66s | dfreq=0.000 | ddist=0.000m
[10-06 19:33:54] INFO: [METRICS-PLOT] 3-metrics curve -> /root/bayes-vl-matched-20261006/crowd_nav/runs/bayes-matched-v1/bayes_mean-seed42/curves_3metrics.png
[10-06 19:33:54] INFO: [RL-EP-0100] (100/10000) s/c/t=1/0/0 qloss=0.0000 ploss=0.0000 buf=200000
[10-06 19:33:54] INFO:               cumulative s/c/t%: 90.0%/8.0%/2.0%
[10-06 19:33:54] INFO: [REPLAY-STORE] ok=100 skip=0 steps=6855 buf=200000
[10-06 19:33:54] INFO: [STAGE0-MONITOR] timeout_ratio=0.020 (target: decrease over time)
[10-06 19:33:54] INFO: [SOT-0100] REWARD succ=1.0/coll=-0.50 | GRID 5×16=80 | EVENTS s=0.90/c=0.08/t=0.02
[10-06 19:33:54] INFO: ================================================================================
[10-06 19:33:54] INFO: [MULTI-SCALE-100] TARGET: peak=0.923 stable_90=4ep
[10-06 19:33:54] INFO: [MULTI-SCALE-100] WINDOWS: short=1.000 med=0.880 long=0.900
[10-06 19:33:54] INFO: [MULTI-SCALE-100] QUALITY: stability=0.800 learn_rate=0.00000
[10-06 19:33:54] INFO: [MILESTONE] Peak performance 92.3% reached! Working towards stability...
[10-06 19:33:54] INFO: [HEALTH-CHECK-100] Overall: NEEDS_IMPROVEMENT (score=0.400)
[10-06 19:33:54] INFO: ================================================================================
[10-06 19:33:57] INFO: [RL-EP-0101] (101)
[10-06 19:34:00] INFO: [RL-EP-0102] (102)
[10-06 19:34:03] INFO: [RL-EP-0103] (103)
[10-06 19:34:07] INFO: [RL-EP-0104] (104)
[10-06 19:34:10] INFO: [RL-EP-0105] roll=0.880/0.100/0.020
[10-06 19:34:14] INFO: [RL-EP-0106] (106)
[10-06 19:34:16] INFO: [RL-EP-0107] (107)
[10-06 19:34:19] INFO: [RL-EP-0108] (108)
[10-06 19:34:23] INFO: [RL-EP-0109] (109)
[10-06 19:34:25] INFO: [RL-EP-0110] roll=0.860/0.120/0.020
[10-06 19:34:29] INFO: [RL-EP-0111] (111)
[10-06 19:34:33] INFO: [RL-EP-0112] (112)
[10-06 19:34:35] INFO: [RL-EP-0113] (113)
[10-06 19:34:39] INFO: [RL-EP-0114] (114)
[10-06 19:34:42] INFO: [RL-EP-0115] roll=0.840/0.140/0.020
[10-06 19:34:45] INFO: [RL-EP-0116] (116)
[10-06 19:34:49] INFO: [RL-EP-0117] (117)
[10-06 19:34:52] INFO: [RL-EP-0118] (118)
[10-06 19:34:56] INFO: [RL-EP-0119] (119)
[10-06 19:34:59] INFO: [RL-EP-0120] roll=0.860/0.120/0.020
[10-06 19:35:03] INFO: [RL-EP-0121] (121)
[10-06 19:35:07] INFO: [RL-EP-0122] (122)
[10-06 19:35:10] INFO: [RL-EP-0123] (123)
[10-06 19:35:14] INFO: [RL-EP-0124] (124)
[10-06 19:35:18] INFO: [SARL-LOSS] ep=125 value_loss=0.0046 epsilon=0.2792
[10-06 19:35:18] INFO: [STAT] ep=125 | roll@25(s/c/t)=0.9/0.1/0.0 (0.86/0.12/0.02) | R.mean=0.4
[10-06 19:35:18] INFO: [METRICS-25] time=15.04s | dfreq=0.000 | ddist=0.000m
[10-06 19:35:18] INFO: [METRICS-PLOT] 3-metrics curve -> /root/bayes-vl-matched-20261006/crowd_nav/runs/bayes-matched-v1/bayes_mean-seed42/curves_3metrics.png
[10-06 19:35:18] INFO: [RL-EP-0125] (125/10000) s/c/t=1/0/0 qloss=0.0000 ploss=0.0000 buf=200000
[10-06 19:35:18] INFO:               cumulative s/c/t%: 86.0%/12.0%/2.0%
[10-06 19:35:18] INFO: [REPLAY-STORE] ok=125 skip=0 steps=8165 buf=200000
[10-06 19:35:18] INFO: [STAGE0-MONITOR] timeout_ratio=0.020 (target: decrease over time)
[10-06 19:35:18] INFO: ================================================================================
[10-06 19:35:18] INFO: [MULTI-SCALE-125] TARGET: peak=0.923 stable_90=0ep
[10-06 19:35:18] INFO: [MULTI-SCALE-125] WINDOWS: short=1.000 med=0.840 long=0.880
[10-06 19:35:18] INFO: [MULTI-SCALE-125] QUALITY: stability=0.800 learn_rate=0.00000
[10-06 19:35:18] INFO: [MILESTONE] Peak performance 92.3% reached! Working towards stability...
[10-06 19:35:18] INFO: [HEALTH-CHECK-125] Overall: NEEDS_IMPROVEMENT (score=0.400)
[10-06 19:35:18] INFO: ================================================================================
[10-06 19:35:22] INFO: [RL-EP-0126] (126)
[10-06 19:35:25] INFO: [RL-EP-0127] (127)
[10-06 19:35:27] INFO: [RL-EP-0128] (128)
[10-06 19:35:31] INFO: [RL-EP-0129] (129)
[10-06 19:35:35] INFO: [RL-EP-0130] roll=0.860/0.120/0.020
[10-06 19:35:38] INFO: [RL-EP-0131] (131)
[10-06 19:35:42] INFO: [RL-EP-0132] (132)
[10-06 19:35:44] INFO: [RL-EP-0133] (133)
[10-06 19:35:48] INFO: [RL-EP-0134] (134)
[10-06 19:35:51] INFO: [RL-EP-0135] roll=0.860/0.120/0.020
[10-06 19:35:55] INFO: [RL-EP-0136] (136)
[10-06 19:35:58] INFO: [RL-EP-0137] (137)
[10-06 19:36:02] INFO: [RL-EP-0138] (138)
[10-06 19:36:05] INFO: [RL-EP-0139] (139)
[10-06 19:36:09] INFO: [RL-EP-0140] roll=0.880/0.120/0.000
[10-06 19:36:12] INFO: [RL-EP-0141] (141)
[10-06 19:36:16] INFO: [RL-EP-0142] (142)
[10-06 19:36:18] INFO: [RL-EP-0143] (143)
[10-06 19:36:21] INFO: [RL-EP-0144] (144)
[10-06 19:36:25] INFO: [RL-EP-0145] roll=0.860/0.140/0.000
[10-06 19:36:27] INFO: [RL-EP-0146] (146)
[10-06 19:36:31] INFO: [RL-EP-0147] (147)
[10-06 19:36:34] INFO: [RL-EP-0148] (148)
[10-06 19:36:38] INFO: [RL-EP-0149] (149)
[10-06 19:36:38] INFO: [CONFIG-CHECK] ep=150 updates_per_ep=4 (from config)
[10-06 19:36:41] INFO: [SARL-LOSS] ep=150 value_loss=0.0054 epsilon=0.2750
[10-06 19:36:41] INFO: [STAT] ep=150 | roll@25(s/c/t)=0.8/0.2/0.0 (0.82/0.18/0.00) | R.mean=0.4
[10-06 19:36:41] INFO: [METRICS-25] time=13.16s | dfreq=0.000 | ddist=0.000m
[10-06 19:36:42] INFO: [METRICS-PLOT] 3-metrics curve -> /root/bayes-vl-matched-20261006/crowd_nav/runs/bayes-matched-v1/bayes_mean-seed42/curves_3metrics.png
[10-06 19:36:42] INFO: [RL-EP-0150] (150/10000) s/c/t=1/0/0 qloss=0.0000 ploss=0.0000 buf=200000
[10-06 19:36:42] INFO:               cumulative s/c/t%: 82.0%/18.0%/0.0%
[10-06 19:36:42] INFO: [REPLAY-STORE] ok=150 skip=0 steps=9487 buf=200000
[10-06 19:36:42] INFO: [STAGE0-MONITOR] timeout_ratio=0.000 (target: decrease over time)
[10-06 19:36:42] INFO: ================================================================================
[10-06 19:36:42] INFO: [MULTI-SCALE-150] TARGET: peak=0.923 stable_90=0ep
[10-06 19:36:42] INFO: [MULTI-SCALE-150] WINDOWS: short=0.700 med=0.800 long=0.860
[10-06 19:36:42] INFO: [MULTI-SCALE-150] QUALITY: stability=0.800 learn_rate=0.00000
[10-06 19:36:42] INFO: [MILESTONE] Peak performance 92.3% reached! Working towards stability...
[10-06 19:36:42] INFO: [HEALTH-CHECK-150] Overall: NEEDS_IMPROVEMENT (score=0.400)
[10-06 19:36:42] INFO: ================================================================================
[10-06 19:36:45] INFO: [RL-EP-0151] (151)
[10-06 19:36:49] INFO: [RL-EP-0152] (152)
[10-06 19:36:52] INFO: [RL-EP-0153] (153)
[10-06 19:36:55] INFO: [RL-EP-0154] (154)
[10-06 19:36:59] INFO: [RL-EP-0155] roll=0.840/0.160/0.000
[10-06 19:37:03] INFO: [RL-EP-0156] (156)
[10-06 19:37:06] INFO: [RL-EP-0157] (157)
[10-06 19:37:09] INFO: [RL-EP-0158] (158)
[10-06 19:37:12] INFO: [RL-EP-0159] (159)
[10-06 19:37:15] INFO: [RL-EP-0160] roll=0.860/0.140/0.000
[10-06 19:37:19] INFO: [RL-EP-0161] (161)
[10-06 19:37:22] INFO: [RL-EP-0162] (162)
[10-06 19:37:26] INFO: [RL-EP-0163] (163)
[10-06 19:37:29] INFO: [RL-EP-0164] (164)
[10-06 19:37:32] INFO: [RL-EP-0165] roll=0.860/0.140/0.000
[10-06 19:37:36] INFO: [RL-EP-0166] (166)
[10-06 19:37:39] INFO: [RL-EP-0167] (167)
[10-06 19:37:42] INFO: [RL-EP-0168] (168)
[10-06 19:37:45] INFO: [RL-EP-0169] (169)
[10-06 19:37:49] INFO: [RL-EP-0170] roll=0.840/0.160/0.000
[10-06 19:37:52] INFO: [RL-EP-0171] (171)
[10-06 19:37:55] INFO: [RL-EP-0172] (172)
[10-06 19:37:59] INFO: [RL-EP-0173] (173)
[10-06 19:38:02] INFO: [RL-EP-0174] (174)
[10-06 19:38:05] INFO: [SARL-LOSS] ep=175 value_loss=0.0094 epsilon=0.2708
[10-06 19:38:05] INFO: [STAT] ep=175 | roll@25(s/c/t)=0.8/0.2/0.0 (0.82/0.18/0.00) | R.mean=0.4
[10-06 19:38:05] INFO: [METRICS-25] time=13.12s | dfreq=0.000 | ddist=0.000m
[10-06 19:38:05] INFO: [METRICS-PLOT] 3-metrics curve -> /root/bayes-vl-matched-20261006/crowd_nav/runs/bayes-matched-v1/bayes_mean-seed42/curves_3metrics.png
[10-06 19:38:05] INFO: [RL-EP-0175] (175/10000) s/c/t=0/1/0 qloss=0.0000 ploss=0.0000 buf=200000
[10-06 19:38:05] INFO:               cumulative s/c/t%: 82.0%/18.0%/0.0%
[10-06 19:38:05] INFO: [REPLAY-STORE] ok=175 skip=0 steps=10789 buf=200000
[10-06 19:38:05] INFO: [STAGE0-MONITOR] timeout_ratio=0.000 (target: decrease over time)
[10-06 19:38:05] INFO: ================================================================================
[10-06 19:38:05] INFO: [MULTI-SCALE-175] TARGET: peak=0.923 stable_90=0ep
[10-06 19:38:05] INFO: [MULTI-SCALE-175] WINDOWS: short=0.800 med=0.840 long=0.840
[10-06 19:38:05] INFO: [MULTI-SCALE-175] QUALITY: stability=0.800 learn_rate=0.00000
[10-06 19:38:05] INFO: [MILESTONE] Peak performance 92.3% reached! Working towards stability...
[10-06 19:38:05] INFO: [HEALTH-CHECK-175] Overall: NEEDS_IMPROVEMENT (score=0.400)
[10-06 19:38:05] INFO: ================================================================================
[10-06 19:38:09] INFO: [RL-EP-0176] (176)
[10-06 19:38:12] INFO: [RL-EP-0177] (177)
[10-06 19:38:15] INFO: [RL-EP-0178] (178)
[10-06 19:38:18] INFO: [RL-EP-0179] (179)
[10-06 19:38:22] INFO: [RL-EP-0180] roll=0.820/0.180/0.000
[10-06 19:38:24] INFO: [RL-EP-0181] (181)
[10-06 19:38:28] INFO: [RL-EP-0182] (182)
[10-06 19:38:31] INFO: [RL-EP-0183] (183)
[10-06 19:38:34] INFO: [RL-EP-0184] (184)
[10-06 19:38:38] INFO: [RL-EP-0185] roll=0.800/0.200/0.000
[10-06 19:38:42] INFO: [RL-EP-0186] (186)
[10-06 19:38:45] INFO: [RL-EP-0187] (187)
[10-06 19:38:49] INFO: [RL-EP-0188] (188)
[10-06 19:38:53] INFO: [RL-EP-0189] (189)
[10-06 19:38:56] INFO: [RL-EP-0190] roll=0.800/0.200/0.000
[10-06 19:38:58] INFO: [RL-EP-0191] (191)
[10-06 19:39:02] INFO: [RL-EP-0192] (192)
[10-06 19:39:05] INFO: [RL-EP-0193] (193)
[10-06 19:39:09] INFO: [RL-EP-0194] (194)
[10-06 19:39:12] INFO: [RL-EP-0195] roll=0.800/0.200/0.000
[10-06 19:39:16] INFO: [RL-EP-0196] (196)
[10-06 19:39:18] INFO: [RL-EP-0197] (197)
[10-06 19:39:22] INFO: [RL-EP-0198] (198)
[10-06 19:39:25] INFO: [RL-EP-0199] (199)
[10-06 19:39:25] INFO: [CONFIG-CHECK] ep=200 updates_per_ep=4 (from config)
[10-06 19:39:25] INFO: [SARL-EPSILON] ep=200 epsilon=0.2667 (start=0.3, end=0.05, decay=1500)
[10-06 19:39:28] INFO: [SARL-REPLAY] ep=200 buffer_size=200000 updates=4
[10-06 19:39:28] INFO: [SARL-LOSS] ep=200 value_loss=0.0065 epsilon=0.2667
[10-06 19:39:28] INFO: [SARL-STATS] ep=200 buffer_size=200000
[10-06 19:39:28] INFO: [STAT] ep=200 | roll@25(s/c/t)=0.8/0.2/0.0 (0.80/0.20/0.00) | R.mean=0.4
[10-06 19:39:28] INFO: [METRICS-25] time=12.99s | dfreq=0.000 | ddist=0.000m
[10-06 19:39:29] INFO: [METRICS-PLOT] 3-metrics curve -> /root/bayes-vl-matched-20261006/crowd_nav/runs/bayes-matched-v1/bayes_mean-seed42/curves_3metrics.png
[10-06 19:39:29] INFO: [RL-EP-0200] (200/10000) s/c/t=0/1/0 qloss=0.0000 ploss=0.0000 buf=200000
[10-06 19:39:29] INFO:               cumulative s/c/t%: 80.0%/20.0%/0.0%
[10-06 19:39:29] INFO: [REPLAY-STORE] ok=200 skip=0 steps=12085 buf=200000
[10-06 19:39:29] INFO: [STAGE0-MONITOR] timeout_ratio=0.000 (target: decrease over time)
[10-06 19:39:29] INFO: [SOT-0200] REWARD succ=1.0/coll=-0.50 | GRID 5×16=80 | EVENTS s=0.80/c=0.20/t=0.00
[10-06 19:39:29] INFO: ================================================================================
[10-06 19:39:29] INFO: [MULTI-SCALE-200] TARGET: peak=0.923 stable_90=0ep
[10-06 19:39:29] INFO: [MULTI-SCALE-200] WINDOWS: short=0.700 med=0.760 long=0.810
[10-06 19:39:29] INFO: [MULTI-SCALE-200] QUALITY: stability=0.800 learn_rate=0.00000
[10-06 19:39:29] INFO: [MILESTONE] Peak performance 92.3% reached! Working towards stability...
[10-06 19:39:29] INFO: [HEALTH-CHECK-200] Overall: NEEDS_IMPROVEMENT (score=0.400)
[10-06 19:39:29] INFO: ================================================================================
[10-06 19:39:32] INFO: [RL-EP-0201] (201)
[10-06 19:39:36] INFO: [RL-EP-0202] (202)
[10-06 19:39:39] INFO: [RL-EP-0203] (203)
[10-06 19:39:43] INFO: [RL-EP-0204] (204)
[10-06 19:39:47] INFO: [RL-EP-0205] roll=0.800/0.200/0.000
[10-06 19:39:50] INFO: [RL-EP-0206] (206)
[10-06 19:39:54] INFO: [RL-EP-0207] (207)
[10-06 19:39:57] INFO: [RL-EP-0208] (208)
[10-06 19:40:01] INFO: [RL-EP-0209] (209)
[10-06 19:40:05] INFO: [RL-EP-0210] roll=0.820/0.180/0.000
[10-06 19:40:08] INFO: [RL-EP-0211] (211)
[10-06 19:40:12] INFO: [RL-EP-0212] (212)
[10-06 19:40:15] INFO: [RL-EP-0213] (213)
[10-06 19:40:18] INFO: [RL-EP-0214] (214)
[10-06 19:40:20] INFO: [RL-EP-0215] roll=0.820/0.180/0.000
[10-06 19:40:23] INFO: [RL-EP-0216] (216)
[10-06 19:40:25] INFO: [RL-EP-0217] (217)
[10-06 19:40:28] INFO: [RL-EP-0218] (218)
[10-06 19:40:31] INFO: [RL-EP-0219] (219)
[10-06 19:40:34] INFO: [RL-EP-0220] roll=0.820/0.180/0.000
[10-06 19:40:36] INFO: [RL-EP-0221] (221)
[10-06 19:40:39] INFO: [RL-EP-0222] (222)
[10-06 19:40:42] INFO: [RL-EP-0223] (223)
[10-06 19:40:45] INFO: [RL-EP-0224] (224)
[10-06 19:40:48] INFO: [SARL-LOSS] ep=225 value_loss=0.0038 epsilon=0.2625
[10-06 19:40:48] INFO: [STAT] ep=225 | roll@25(s/c/t)=0.8/0.2/0.0 (0.82/0.18/0.00) | R.mean=0.4
[10-06 19:40:48] INFO: [METRICS-25] time=13.42s | dfreq=0.000 | ddist=0.000m
[10-06 19:40:48] INFO: [METRICS-PLOT] 3-metrics curve -> /root/bayes-vl-matched-20261006/crowd_nav/runs/bayes-matched-v1/bayes_mean-seed42/curves_3metrics.png
[10-06 19:40:48] INFO: [RL-EP-0225] (225/10000) s/c/t=1/0/0 qloss=0.0000 ploss=0.0000 buf=200000
[10-06 19:40:48] INFO:               cumulative s/c/t%: 82.0%/18.0%/0.0%
[10-06 19:40:48] INFO: [REPLAY-STORE] ok=225 skip=0 steps=13473 buf=200000
[10-06 19:40:48] INFO: [STAGE0-MONITOR] timeout_ratio=0.000 (target: decrease over time)
[10-06 19:40:48] INFO: ================================================================================
[10-06 19:40:48] INFO: [MULTI-SCALE-225] TARGET: peak=0.923 stable_90=0ep
[10-06 19:40:48] INFO: [MULTI-SCALE-225] WINDOWS: short=0.800 med=0.880 long=0.820
[10-06 19:40:48] INFO: [MULTI-SCALE-225] QUALITY: stability=0.800 learn_rate=0.00000
[10-06 19:40:48] INFO: [MILESTONE] Peak performance 92.3% reached! Working towards stability...
[10-06 19:40:48] INFO: [HEALTH-CHECK-225] Overall: NEEDS_IMPROVEMENT (score=0.400)
[10-06 19:40:48] INFO: ================================================================================
[10-06 19:40:50] INFO: [RL-EP-0226] (226)
[10-06 19:40:53] INFO: [RL-EP-0227] (227)
[10-06 19:40:55] INFO: [RL-EP-0228] (228)
[10-06 19:40:58] INFO: [RL-EP-0229] (229)
[10-06 19:41:01] INFO: [RL-EP-0230] roll=0.800/0.200/0.000
[10-06 19:41:04] INFO: [RL-EP-0231] (231)
[10-06 19:41:07] INFO: [RL-EP-0232] (232)
[10-06 19:41:10] INFO: [RL-EP-0233] (233)
[10-06 19:41:14] INFO: [RL-EP-0234] (234)
[10-06 19:41:18] INFO: [RL-EP-0235] roll=0.840/0.160/0.000
[10-06 19:41:21] INFO: [RL-EP-0236] (236)
[10-06 19:41:27] INFO: [RL-EP-0237] (237)
[10-06 19:41:31] INFO: [RL-EP-0238] (238)
[10-06 19:41:33] INFO: [RL-EP-0239] (239)
[10-06 19:41:37] INFO: [RL-EP-0240] roll=0.820/0.180/0.000
[10-06 19:41:40] INFO: [RL-EP-0241] (241)
[10-06 19:41:44] INFO: [RL-EP-0242] (242)
[10-06 19:41:47] INFO: [RL-EP-0243] (243)
[10-06 19:41:51] INFO: [RL-EP-0244] (244)
[10-06 19:41:55] INFO: [RL-EP-0245] roll=0.840/0.160/0.000
[10-06 19:41:58] INFO: [RL-EP-0246] (246)
[10-06 19:42:01] INFO: [RL-EP-0247] (247)
[10-06 19:42:04] INFO: [RL-EP-0248] (248)
[10-06 19:42:08] INFO: [RL-EP-0249] (249)
[10-06 19:42:08] INFO: [CONFIG-CHECK] ep=250 updates_per_ep=4 (from config)
[10-06 19:42:10] INFO: [SARL-LOSS] ep=250 value_loss=0.0066 epsilon=0.2583
[10-06 19:42:10] INFO: [STAT] ep=250 | roll@25(s/c/t)=0.8/0.2/0.0 (0.84/0.16/0.00) | R.mean=0.4
[10-06 19:42:10] INFO: [METRICS-25] time=14.14s | dfreq=0.000 | ddist=0.000m
[10-06 19:42:11] INFO: [METRICS-PLOT] 3-metrics curve -> /root/bayes-vl-matched-20261006/crowd_nav/runs/bayes-matched-v1/bayes_mean-seed42/curves_3metrics.png
[10-06 19:42:11] INFO: [RL-EP-0250] (250/10000) s/c/t=0/1/0 qloss=0.0000 ploss=0.0000 buf=200000
[10-06 19:42:11] INFO:               cumulative s/c/t%: 84.0%/16.0%/0.0%
[10-06 19:42:11] INFO: [REPLAY-STORE] ok=250 skip=0 steps=14914 buf=200000
[10-06 19:42:11] INFO: [STAGE0-MONITOR] timeout_ratio=0.000 (target: decrease over time)
[10-06 19:42:11] INFO: ================================================================================
[10-06 19:42:11] INFO: [MULTI-SCALE-250] TARGET: peak=0.923 stable_90=0ep
[10-06 19:42:11] INFO: [MULTI-SCALE-250] WINDOWS: short=0.800 med=0.800 long=0.820
[10-06 19:42:11] INFO: [MULTI-SCALE-250] QUALITY: stability=0.800 learn_rate=0.00000
[10-06 19:42:11] INFO: [MILESTONE] Peak performance 92.3% reached! Working towards stability...
[10-06 19:42:11] INFO: [HEALTH-CHECK-250] Overall: NEEDS_IMPROVEMENT (score=0.400)
[10-06 19:42:11] INFO: ================================================================================
[10-06 19:42:14] INFO: [RL-EP-0251] (251)
[10-06 19:42:18] INFO: [RL-EP-0252] (252)
[10-06 19:42:22] INFO: [RL-EP-0253] (253)
[10-06 19:42:25] INFO: [RL-EP-0254] (254)
[10-06 19:42:29] INFO: [RL-EP-0255] roll=0.840/0.160/0.000
[10-06 19:42:33] INFO: [RL-EP-0256] (256)
[10-06 19:42:36] INFO: [RL-EP-0257] (257)
[10-06 19:42:40] INFO: [RL-EP-0258] (258)
[10-06 19:42:44] INFO: [RL-EP-0259] (259)
[10-06 19:42:47] INFO: [RL-EP-0260] roll=0.840/0.160/0.000
[10-06 19:42:51] INFO: [RL-EP-0261] (261)
[10-06 19:42:54] INFO: [RL-EP-0262] (262)
[10-06 19:42:58] INFO: [RL-EP-0263] (263)
[10-06 19:43:00] INFO: [RL-EP-0264] (264)
[10-06 19:43:03] INFO: [RL-EP-0265] roll=0.820/0.180/0.000
[10-06 19:43:06] INFO: [RL-EP-0266] (266)
[10-06 19:43:10] INFO: [RL-EP-0267] (267)
[10-06 19:43:13] INFO: [RL-EP-0268] (268)
[10-06 19:43:16] INFO: [RL-EP-0269] (269)
[10-06 19:43:19] INFO: [RL-EP-0270] roll=0.800/0.200/0.000
[10-06 19:43:22] INFO: [RL-EP-0271] (271)
[10-06 19:43:26] INFO: [RL-EP-0272] (272)
[10-06 19:43:29] INFO: [RL-EP-0273] (273)
[10-06 19:43:33] INFO: [RL-EP-0274] (274)
[10-06 19:43:36] INFO: [SARL-LOSS] ep=275 value_loss=0.0075 epsilon=0.2542
[10-06 19:43:36] INFO: [STAT] ep=275 | roll@25(s/c/t)=0.8/0.2/0.0 (0.78/0.22/0.00) | R.mean=0.3
[10-06 19:43:36] INFO: [METRICS-25] time=13.70s | dfreq=0.000 | ddist=0.000m
[10-06 19:43:36] INFO: [METRICS-PLOT] 3-metrics curve -> /root/bayes-vl-matched-20261006/crowd_nav/runs/bayes-matched-v1/bayes_mean-seed42/curves_3metrics.png
[10-06 19:43:36] INFO: [RL-EP-0275] (275/10000) s/c/t=0/1/0 qloss=0.0000 ploss=0.0000 buf=200000
[10-06 19:43:36] INFO:               cumulative s/c/t%: 78.0%/22.0%/0.0%
[10-06 19:43:36] INFO: [REPLAY-STORE] ok=275 skip=0 steps=16212 buf=200000
[10-06 19:43:36] INFO: [STAGE0-MONITOR] timeout_ratio=0.000 (target: decrease over time)
[10-06 19:43:36] INFO: ================================================================================
[10-06 19:43:36] INFO: [MULTI-SCALE-275] TARGET: peak=0.923 stable_90=0ep
[10-06 19:43:36] INFO: [MULTI-SCALE-275] WINDOWS: short=0.600 med=0.760 long=0.800
[10-06 19:43:36] INFO: [MULTI-SCALE-275] QUALITY: stability=0.800 learn_rate=0.00000
[10-06 19:43:36] INFO: [MILESTONE] Peak performance 92.3% reached! Working towards stability...
[10-06 19:43:36] INFO: [HEALTH-CHECK-275] Overall: NEEDS_IMPROVEMENT (score=0.400)
[10-06 19:43:36] INFO: ================================================================================
[10-06 19:43:40] INFO: [RL-EP-0276] (276)
[10-06 19:43:43] INFO: [RL-EP-0277] (277)
[10-06 19:43:47] INFO: [RL-EP-0278] (278)
[10-06 19:43:51] INFO: [RL-EP-0279] (279)
[10-06 19:43:54] INFO: [RL-EP-0280] roll=0.820/0.180/0.000
[10-06 19:43:58] INFO: [RL-EP-0281] (281)
[10-06 19:44:01] INFO: [RL-EP-0282] (282)
[10-06 19:44:04] INFO: [RL-EP-0283] (283)
[10-06 19:44:08] INFO: [RL-EP-0284] (284)
[10-06 19:44:12] INFO: [RL-EP-0285] roll=0.800/0.200/0.000
[10-06 19:44:14] INFO: [RL-EP-0286] (286)
[10-06 19:44:17] INFO: [RL-EP-0287] (287)
[10-06 19:44:20] INFO: [RL-EP-0288] (288)
[10-06 19:44:24] INFO: [RL-EP-0289] (289)
[10-06 19:44:28] INFO: [RL-EP-0290] roll=0.780/0.220/0.000
[10-06 19:44:31] INFO: [RL-EP-0291] (291)
[10-06 19:44:35] INFO: [RL-EP-0292] (292)
[10-06 19:44:39] INFO: [RL-EP-0293] (293)
[10-06 19:44:42] INFO: [RL-EP-0294] (294)
[10-06 19:44:45] INFO: [RL-EP-0295] roll=0.760/0.240/0.000
[10-06 19:44:47] INFO: [RL-EP-0296] (296)
[10-06 19:44:51] INFO: [RL-EP-0297] (297)
[10-06 19:44:54] INFO: [RL-EP-0298] (298)
[10-06 19:44:57] INFO: [RL-EP-0299] (299)
[10-06 19:44:57] INFO: [CONFIG-CHECK] ep=300 updates_per_ep=4 (from config)
[10-06 19:44:57] INFO: [SARL-EPSILON] ep=300 epsilon=0.2500 (start=0.3, end=0.05, decay=1500)
[10-06 19:45:01] INFO: [SARL-REPLAY] ep=300 buffer_size=200000 updates=4
[10-06 19:45:01] INFO: [SARL-LOSS] ep=300 value_loss=0.0114 epsilon=0.2500
[10-06 19:45:01] INFO: [SARL-STATS] ep=300 buffer_size=200000
[10-06 19:45:01] INFO: [STAT] ep=300 | roll@25(s/c/t)=0.8/0.2/0.0 (0.76/0.24/0.00) | R.mean=0.3
[10-06 19:45:01] INFO: [METRICS-25] time=12.85s | dfreq=0.000 | ddist=0.000m
[10-06 19:45:01] INFO: [METRICS-PLOT] 3-metrics curve -> /root/bayes-vl-matched-20261006/crowd_nav/runs/bayes-matched-v1/bayes_mean-seed42/curves_3metrics.png
[10-06 19:45:01] INFO: [RL-EP-0300] (300/10000) s/c/t=1/0/0 qloss=0.0000 ploss=0.0000 buf=200000
[10-06 19:45:01] INFO:               cumulative s/c/t%: 76.0%/24.0%/0.0%
[10-06 19:45:01] INFO: [REPLAY-STORE] ok=300 skip=0 steps=17484 buf=200000
[10-06 19:45:01] INFO: [STAGE0-MONITOR] timeout_ratio=0.000 (target: decrease over time)
[10-06 19:45:01] INFO: [SOT-0300] REWARD succ=1.0/coll=-0.50 | GRID 5×16=80 | EVENTS s=0.76/c=0.24/t=0.00
[10-06 19:45:01] INFO: ================================================================================
[10-06 19:45:01] INFO: [MULTI-SCALE-300] TARGET: peak=0.923 stable_90=0ep
[10-06 19:45:01] INFO: [MULTI-SCALE-300] WINDOWS: short=0.700 med=0.760 long=0.800
[10-06 19:45:01] INFO: [MULTI-SCALE-300] QUALITY: stability=0.800 learn_rate=0.00000
[10-06 19:45:01] INFO: [MILESTONE] Peak performance 92.3% reached! Working towards stability...
[10-06 19:45:01] INFO: [HEALTH-CHECK-300] Overall: NEEDS_IMPROVEMENT (score=0.400)
[10-06 19:45:01] INFO: ================================================================================
[10-06 19:45:04] INFO: [RL-EP-0301] (301)
[10-06 19:45:08] INFO: [RL-EP-0302] (302)
[10-06 19:45:12] INFO: [RL-EP-0303] (303)
[10-06 19:45:15] INFO: [RL-EP-0304] (304)
[10-06 19:45:19] INFO: [RL-EP-0305] roll=0.760/0.240/0.000
[10-06 19:45:23] INFO: [RL-EP-0306] (306)
[10-06 19:45:26] INFO: [RL-EP-0307] (307)
[10-06 19:45:28] INFO: [RL-EP-0308] (308)
[10-06 19:45:31] INFO: [RL-EP-0309] (309)
[10-06 19:45:34] INFO: [RL-EP-0310] roll=0.700/0.300/0.000
[10-06 19:45:36] INFO: [RL-EP-0311] (311)
[10-06 19:45:40] INFO: [RL-EP-0312] (312)
[10-06 19:45:43] INFO: [RL-EP-0313] (313)
[10-06 19:45:47] INFO: [RL-EP-0314] (314)
[10-06 19:45:50] INFO: [RL-EP-0315] roll=0.720/0.280/0.000
[10-06 19:45:54] INFO: [RL-EP-0316] (316)
[10-06 19:45:57] INFO: [RL-EP-0317] (317)
[10-06 19:46:01] INFO: [RL-EP-0318] (318)
[10-06 19:46:04] INFO: [RL-EP-0319] (319)
[10-06 19:46:08] INFO: [RL-EP-0320] roll=0.760/0.240/0.000
[10-06 19:46:11] INFO: [RL-EP-0321] (321)
[10-06 19:46:15] INFO: [RL-EP-0322] (322)
[10-06 19:46:17] INFO: [RL-EP-0323] (323)
[10-06 19:46:21] INFO: [RL-EP-0324] (324)
[10-06 19:46:24] INFO: [SARL-LOSS] ep=325 value_loss=0.0088 epsilon=0.2458
[10-06 19:46:24] INFO: [STAT] ep=325 | roll@25(s/c/t)=0.8/0.2/0.0 (0.78/0.22/0.00) | R.mean=0.3
[10-06 19:46:24] INFO: [METRICS-25] time=12.93s | dfreq=0.000 | ddist=0.000m
[10-06 19:46:25] INFO: [METRICS-PLOT] 3-metrics curve -> /root/bayes-vl-matched-20261006/crowd_nav/runs/bayes-matched-v1/bayes_mean-seed42/curves_3metrics.png
[10-06 19:46:25] INFO: [RL-EP-0325] (325/10000) s/c/t=1/0/0 qloss=0.0000 ploss=0.0000 buf=200000
[10-06 19:46:25] INFO:               cumulative s/c/t%: 78.0%/22.0%/0.0%
[10-06 19:46:25] INFO: [REPLAY-STORE] ok=325 skip=0 steps=18797 buf=200000
[10-06 19:46:25] INFO: [STAGE0-MONITOR] timeout_ratio=0.000 (target: decrease over time)
[10-06 19:46:25] INFO: ================================================================================
[10-06 19:46:25] INFO: [MULTI-SCALE-325] TARGET: peak=0.923 stable_90=0ep
[10-06 19:46:25] INFO: [MULTI-SCALE-325] WINDOWS: short=0.900 med=0.800 long=0.780
[10-06 19:46:25] INFO: [MULTI-SCALE-325] QUALITY: stability=0.800 learn_rate=0.00000
[10-06 19:46:25] INFO: [MILESTONE] Peak performance 92.3% reached! Working towards stability...
[10-06 19:46:25] INFO: [HEALTH-CHECK-325] Overall: NEEDS_IMPROVEMENT (score=0.400)
[10-06 19:46:25] INFO: ================================================================================
[10-06 19:46:28] INFO: [RL-EP-0326] (326)
[10-06 19:46:32] INFO: [RL-EP-0327] (327)
[10-06 19:46:34] INFO: [RL-EP-0328] (328)
[10-06 19:46:37] INFO: [RL-EP-0329] (329)
[10-06 19:46:41] INFO: [RL-EP-0330] roll=0.760/0.240/0.000
[10-06 19:46:44] INFO: [RL-EP-0331] (331)
[10-06 19:46:48] INFO: [RL-EP-0332] (332)
[10-06 19:46:51] INFO: [RL-EP-0333] (333)
[10-06 19:46:55] INFO: [RL-EP-0334] (334)
[10-06 19:46:58] INFO: [RL-EP-0335] roll=0.780/0.220/0.000
[10-06 19:47:02] INFO: [RL-EP-0336] (336)
[10-06 19:47:05] INFO: [RL-EP-0337] (337)
[10-06 19:47:08] INFO: [RL-EP-0338] (338)
[10-06 19:47:12] INFO: [RL-EP-0339] (339)
[10-06 19:47:15] INFO: [RL-EP-0340] roll=0.820/0.180/0.000
[10-06 19:47:19] INFO: [RL-EP-0341] (341)
[10-06 19:47:22] INFO: [RL-EP-0342] (342)
[10-06 19:47:25] INFO: [RL-EP-0343] (343)
[10-06 19:47:27] INFO: [RL-EP-0344] (344)
[10-06 19:47:31] INFO: [RL-EP-0345] roll=0.820/0.180/0.000
[10-06 19:47:34] INFO: [RL-EP-0346] (346)
[10-06 19:47:38] INFO: [RL-EP-0347] (347)
[10-06 19:47:41] INFO: [RL-EP-0348] (348)
[10-06 19:47:44] INFO: [RL-EP-0349] (349)
[10-06 19:47:44] INFO: [CONFIG-CHECK] ep=350 updates_per_ep=4 (from config)
[10-06 19:47:48] INFO: [SARL-LOSS] ep=350 value_loss=0.0069 epsilon=0.2417
[10-06 19:47:48] INFO: [STAT] ep=350 | roll@25(s/c/t)=0.9/0.1/0.0 (0.86/0.14/0.00) | R.mean=0.4
[10-06 19:47:48] INFO: [METRICS-25] time=13.46s | dfreq=0.000 | ddist=0.000m
[10-06 19:47:49] INFO: [METRICS-PLOT] 3-metrics curve -> /root/bayes-vl-matched-20261006/crowd_nav/runs/bayes-matched-v1/bayes_mean-seed42/curves_3metrics.png
[10-06 19:47:49] INFO: [RL-EP-0350] (350/10000) s/c/t=1/0/0 qloss=0.0000 ploss=0.0000 buf=200000
[10-06 19:47:49] INFO:               cumulative s/c/t%: 86.0%/14.0%/0.0%
[10-06 19:47:49] INFO: [REPLAY-STORE] ok=350 skip=0 steps=20176 buf=200000
[10-06 19:47:49] INFO: [STAGE0-MONITOR] timeout_ratio=0.000 (target: decrease over time)
[10-06 19:47:49] INFO: ================================================================================
[10-06 19:47:49] INFO: [MULTI-SCALE-350] TARGET: peak=0.923 stable_90=0ep
[10-06 19:47:49] INFO: [MULTI-SCALE-350] WINDOWS: short=0.900 med=0.920 long=0.810
[10-06 19:47:49] INFO: [MULTI-SCALE-350] QUALITY: stability=0.800 learn_rate=0.00000
[10-06 19:47:49] INFO: [MILESTONE] Peak performance 92.3% reached! Working towards stability...
[10-06 19:47:49] INFO: [HEALTH-CHECK-350] Overall: NEEDS_IMPROVEMENT (score=0.400)
[10-06 19:47:49] INFO: ================================================================================
[10-06 19:47:52] INFO: [RL-EP-0351] (351)
[10-06 19:47:56] INFO: [RL-EP-0352] (352)
[10-06 19:48:00] INFO: [RL-EP-0353] (353)
[10-06 19:48:02] INFO: [RL-EP-0354] (354)
[10-06 19:48:06] INFO: [RL-EP-0355] roll=0.840/0.160/0.000
[10-06 19:48:09] INFO: [RL-EP-0356] (356)
[10-06 19:48:12] INFO: [RL-EP-0357] (357)
[10-06 19:48:14] INFO: [RL-EP-0358] (358)
[10-06 19:48:18] INFO: [RL-EP-0359] (359)
[10-06 19:48:21] INFO: [RL-EP-0360] roll=0.860/0.140/0.000
[10-06 19:48:25] INFO: [RL-EP-0361] (361)
[10-06 19:48:28] INFO: [RL-EP-0362] (362)
[10-06 19:48:30] INFO: [RL-EP-0363] (363)
[10-06 19:48:34] INFO: [RL-EP-0364] (364)
[10-06 19:48:37] INFO: [RL-EP-0365] roll=0.860/0.140/0.000
[10-06 19:48:41] INFO: [RL-EP-0366] (366)
[10-06 19:48:44] INFO: [RL-EP-0367] (367)
[10-06 19:48:48] INFO: [RL-EP-0368] (368)
[10-06 19:48:51] INFO: [RL-EP-0369] (369)
[10-06 19:48:55] INFO: [RL-EP-0370] roll=0.860/0.140/0.000
[10-06 19:48:58] INFO: [RL-EP-0371] (371)
[10-06 19:49:02] INFO: [RL-EP-0372] (372)
[10-06 19:49:05] INFO: [RL-EP-0373] (373)
[10-06 19:49:08] INFO: [RL-EP-0374] (374)
[10-06 19:49:11] INFO: [SARL-LOSS] ep=375 value_loss=0.0112 epsilon=0.2375
[10-06 19:49:11] INFO: [STAT] ep=375 | roll@25(s/c/t)=0.9/0.1/0.0 (0.86/0.14/0.00) | R.mean=0.4
[10-06 19:49:11] INFO: [METRICS-25] time=13.34s | dfreq=0.000 | ddist=0.000m
[10-06 19:49:12] INFO: [METRICS-PLOT] 3-metrics curve -> /root/bayes-vl-matched-20261006/crowd_nav/runs/bayes-matched-v1/bayes_mean-seed42/curves_3metrics.png
[10-06 19:49:12] INFO: [RL-EP-0375] (375/10000) s/c/t=1/0/0 qloss=0.0000 ploss=0.0000 buf=200000
[10-06 19:49:12] INFO:               cumulative s/c/t%: 86.0%/14.0%/0.0%
[10-06 19:49:12] INFO: [REPLAY-STORE] ok=375 skip=0 steps=21465 buf=200000
[10-06 19:49:12] INFO: [STAGE0-MONITOR] timeout_ratio=0.000 (target: decrease over time)
[10-06 19:49:12] INFO: ================================================================================
[10-06 19:49:12] INFO: [MULTI-SCALE-375] TARGET: peak=0.923 stable_90=0ep
[10-06 19:49:12] INFO: [MULTI-SCALE-375] WINDOWS: short=0.900 med=0.800 long=0.820
[10-06 19:49:12] INFO: [MULTI-SCALE-375] QUALITY: stability=0.800 learn_rate=0.00000
[10-06 19:49:12] INFO: [MILESTONE] Peak performance 92.3% reached! Working towards stability...
[10-06 19:49:12] INFO: [HEALTH-CHECK-375] Overall: NEEDS_IMPROVEMENT (score=0.400)
[10-06 19:49:12] INFO: ================================================================================
[10-06 19:49:15] INFO: [RL-EP-0376] (376)
[10-06 19:49:18] INFO: [RL-EP-0377] (377)
[10-06 19:49:21] INFO: [RL-EP-0378] (378)
[10-06 19:49:25] INFO: [RL-EP-0379] (379)
[10-06 19:49:27] INFO: [RL-EP-0380] roll=0.840/0.160/0.000
[10-06 19:49:30] INFO: [RL-EP-0381] (381)
[10-06 19:49:34] INFO: [RL-EP-0382] (382)
[10-06 19:49:37] INFO: [RL-EP-0383] (383)
[10-06 19:49:40] INFO: [RL-EP-0384] (384)
[10-06 19:49:43] INFO: [RL-EP-0385] roll=0.820/0.180/0.000
[10-06 19:49:46] INFO: [RL-EP-0386] (386)
[10-06 19:49:50] INFO: [RL-EP-0387] (387)
[10-06 19:49:52] INFO: [RL-EP-0388] (388)
[10-06 19:49:55] INFO: [RL-EP-0389] (389)
[10-06 19:49:59] INFO: [RL-EP-0390] roll=0.800/0.200/0.000
[10-06 19:50:02] INFO: [RL-EP-0391] (391)
[10-06 19:50:06] INFO: [RL-EP-0392] (392)
[10-06 19:50:09] INFO: [RL-EP-0393] (393)
[10-06 19:50:12] INFO: [RL-EP-0394] (394)
[10-06 19:50:16] INFO: [RL-EP-0395] roll=0.820/0.180/0.000
[10-06 19:50:18] INFO: [RL-EP-0396] (396)
[10-06 19:50:21] INFO: [RL-EP-0397] (397)
[10-06 19:50:25] INFO: [RL-EP-0398] (398)
[10-06 19:50:28] INFO: [RL-EP-0399] (399)
[10-06 19:50:28] INFO: [CONFIG-CHECK] ep=400 updates_per_ep=4 (from config)
[10-06 19:50:28] INFO: [SARL-EPSILON] ep=400 epsilon=0.2333 (start=0.3, end=0.05, decay=1500)
[10-06 19:50:32] INFO: [SARL-REPLAY] ep=400 buffer_size=200000 updates=4
[10-06 19:50:32] INFO: [SARL-LOSS] ep=400 value_loss=0.0058 epsilon=0.2333
[10-06 19:50:32] INFO: [SARL-STATS] ep=400 buffer_size=200000
[10-06 19:50:32] INFO: [STAT] ep=400 | roll@25(s/c/t)=0.8/0.2/0.0 (0.80/0.20/0.00) | R.mean=0.4
[10-06 19:50:32] INFO: [METRICS-25] time=12.73s | dfreq=0.000 | ddist=0.000m
[10-06 19:50:32] INFO: [METRICS-PLOT] 3-metrics curve -> /root/bayes-vl-matched-20261006/crowd_nav/runs/bayes-matched-v1/bayes_mean-seed42/curves_3metrics.png
[10-06 19:50:32] INFO: [RL-EP-0400] (400/10000) s/c/t=1/0/0 qloss=0.0000 ploss=0.0000 buf=200000
[10-06 19:50:32] INFO:               cumulative s/c/t%: 80.0%/20.0%/0.0%
[10-06 19:50:32] INFO: [REPLAY-STORE] ok=400 skip=0 steps=22723 buf=200000
[10-06 19:50:32] INFO: [STAGE0-MONITOR] timeout_ratio=0.000 (target: decrease over time)
[10-06 19:50:32] INFO: [SOT-0400] REWARD succ=1.0/coll=-0.50 | GRID 5×16=80 | EVENTS s=0.80/c=0.20/t=0.00
[10-06 19:50:32] INFO: ================================================================================
[10-06 19:50:32] INFO: [MULTI-SCALE-400] TARGET: peak=0.923 stable_90=0ep
[10-06 19:50:32] INFO: [MULTI-SCALE-400] WINDOWS: short=0.900 med=0.800 long=0.830
[10-06 19:50:32] INFO: [MULTI-SCALE-400] QUALITY: stability=0.800 learn_rate=0.00000
[10-06 19:50:32] INFO: [MILESTONE] Peak performance 92.3% reached! Working towards stability...
[10-06 19:50:32] INFO: [HEALTH-CHECK-400] Overall: NEEDS_IMPROVEMENT (score=0.400)
[10-06 19:50:32] INFO: ================================================================================
[10-06 19:50:35] INFO: [RL-EP-0401] (401)
[10-06 19:50:39] INFO: [RL-EP-0402] (402)
[10-06 19:50:41] INFO: [RL-EP-0403] (403)
[10-06 19:50:45] INFO: [RL-EP-0404] (404)
[10-06 19:50:48] INFO: [RL-EP-0405] roll=0.780/0.220/0.000
[10-06 19:50:52] INFO: [RL-EP-0406] (406)
[10-06 19:50:56] INFO: [RL-EP-0407] (407)
[10-06 19:50:59] INFO: [RL-EP-0408] (408)
[10-06 19:51:03] INFO: [RL-EP-0409] (409)
[10-06 19:51:07] INFO: [RL-EP-0410] roll=0.820/0.180/0.000
[10-06 19:51:09] INFO: [RL-EP-0411] (411)
[10-06 19:51:13] INFO: [RL-EP-0412] (412)
[10-06 19:51:16] INFO: [RL-EP-0413] (413)
[10-06 19:51:19] INFO: [RL-EP-0414] (414)
[10-06 19:51:23] INFO: [RL-EP-0415] roll=0.800/0.200/0.000
[10-06 19:51:26] INFO: [RL-EP-0416] (416)
[10-06 19:51:30] INFO: [RL-EP-0417] (417)
[10-06 19:51:33] INFO: [RL-EP-0418] (418)
[10-06 19:51:37] INFO: [RL-EP-0419] (419)
[10-06 19:51:40] INFO: [RL-EP-0420] roll=0.800/0.200/0.000
[10-06 19:51:43] INFO: [RL-EP-0421] (421)
[10-06 19:51:46] INFO: [RL-EP-0422] (422)
[10-06 19:51:49] INFO: [RL-EP-0423] (423)
[10-06 19:51:51] INFO: [RL-EP-0424] (424)
[10-06 19:51:54] INFO: [SARL-LOSS] ep=425 value_loss=0.0147 epsilon=0.2292
[10-06 19:51:54] INFO: [STAT] ep=425 | roll@25(s/c/t)=0.8/0.2/0.0 (0.82/0.18/0.00) | R.mean=0.4
[10-06 19:51:54] INFO: [METRICS-25] time=13.06s | dfreq=0.000 | ddist=0.000m
[10-06 19:51:55] INFO: [METRICS-PLOT] 3-metrics curve -> /root/bayes-vl-matched-20261006/crowd_nav/runs/bayes-matched-v1/bayes_mean-seed42/curves_3metrics.png
[10-06 19:51:55] INFO: [RL-EP-0425] (425/10000) s/c/t=1/0/0 qloss=0.0000 ploss=0.0000 buf=200000
[10-06 19:51:55] INFO:               cumulative s/c/t%: 82.0%/18.0%/0.0%
[10-06 19:51:55] INFO: [REPLAY-STORE] ok=425 skip=0 steps=24077 buf=200000
[10-06 19:51:55] INFO: [STAGE0-MONITOR] timeout_ratio=0.000 (target: decrease over time)
[10-06 19:51:55] INFO: ================================================================================
[10-06 19:51:55] INFO: [MULTI-SCALE-425] TARGET: peak=0.923 stable_90=0ep
[10-06 19:51:55] INFO: [MULTI-SCALE-425] WINDOWS: short=1.000 med=0.840 long=0.840
[10-06 19:51:55] INFO: [MULTI-SCALE-425] QUALITY: stability=0.800 learn_rate=0.00000
[10-06 19:51:55] INFO: [MILESTONE] Peak performance 92.3% reached! Working towards stability...
[10-06 19:51:55] INFO: [HEALTH-CHECK-425] Overall: NEEDS_IMPROVEMENT (score=0.400)
[10-06 19:51:55] INFO: ================================================================================
[10-06 19:51:58] INFO: [RL-EP-0426] (426)
[10-06 19:52:01] INFO: [RL-EP-0427] (427)
[10-06 19:52:04] INFO: [RL-EP-0428] (428)
[10-06 19:52:07] INFO: [RL-EP-0429] (429)
[10-06 19:52:08] INFO: [RL-EP-0430] roll=0.840/0.160/0.000
[10-06 19:52:12] INFO: [RL-EP-0431] (431)
[10-06 19:52:14] INFO: [RL-EP-0432] (432)
[10-06 19:52:17] INFO: [RL-EP-0433] (433)
[10-06 19:52:21] INFO: [RL-EP-0434] (434)
[10-06 19:52:23] INFO: [RL-EP-0435] roll=0.860/0.140/0.000
[10-06 19:52:26] INFO: [RL-EP-0436] (436)
[10-06 19:52:29] INFO: [RL-EP-0437] (437)
[10-06 19:52:32] INFO: [RL-EP-0438] (438)
[10-06 19:52:35] INFO: [RL-EP-0439] (439)
[10-06 19:52:39] INFO: [RL-EP-0440] roll=0.880/0.120/0.000
[10-06 19:52:43] INFO: [RL-EP-0441] (441)
[10-06 19:52:46] INFO: [RL-EP-0442] (442)
[10-06 19:52:50] INFO: [RL-EP-0443] (443)
[10-06 19:52:58] INFO: [RL-EP-0444] (444)
[10-06 19:53:01] INFO: [RL-EP-0445] roll=0.860/0.120/0.020
[10-06 19:53:04] INFO: [RL-EP-0446] (446)
[10-06 19:53:07] INFO: [RL-EP-0447] (447)
[10-06 19:53:11] INFO: [RL-EP-0448] (448)
[10-06 19:53:14] INFO: [RL-EP-0449] (449)
[10-06 19:53:14] INFO: [CONFIG-CHECK] ep=450 updates_per_ep=4 (from config)
[10-06 19:53:18] INFO: [SARL-LOSS] ep=450 value_loss=0.0164 epsilon=0.2250
[10-06 19:53:18] INFO: [STAT] ep=450 | roll@25(s/c/t)=0.9/0.1/0.0 (0.86/0.12/0.02) | R.mean=0.4
[10-06 19:53:18] INFO: [METRICS-25] time=14.45s | dfreq=0.000 | ddist=0.000m
[10-06 19:53:18] INFO: [METRICS-PLOT] 3-metrics curve -> /root/bayes-vl-matched-20261006/crowd_nav/runs/bayes-matched-v1/bayes_mean-seed42/curves_3metrics.png
[10-06 19:53:18] INFO: [RL-EP-0450] (450/10000) s/c/t=1/0/0 qloss=0.0000 ploss=0.0000 buf=200000
[10-06 19:53:18] INFO:               cumulative s/c/t%: 86.0%/12.0%/2.0%
[10-06 19:53:18] INFO: [REPLAY-STORE] ok=450 skip=0 steps=25612 buf=200000
[10-06 19:53:18] INFO: [STAGE0-MONITOR] timeout_ratio=0.020 (target: decrease over time)
[10-06 19:53:18] INFO: ================================================================================
[10-06 19:53:18] INFO: [MULTI-SCALE-450] TARGET: peak=0.923 stable_90=0ep
[10-06 19:53:18] INFO: [MULTI-SCALE-450] WINDOWS: short=0.800 med=0.880 long=0.830
[10-06 19:53:18] INFO: [MULTI-SCALE-450] QUALITY: stability=0.800 learn_rate=0.00000
[10-06 19:53:18] INFO: [MILESTONE] Peak performance 92.3% reached! Working towards stability...
[10-06 19:53:18] INFO: [HEALTH-CHECK-450] Overall: NEEDS_IMPROVEMENT (score=0.400)
[10-06 19:53:18] INFO: ================================================================================
[10-06 19:53:22] INFO: [RL-EP-0451] (451)
[10-06 19:53:25] INFO: [RL-EP-0452] (452)
[10-06 19:53:29] INFO: [RL-EP-0453] (453)
[10-06 19:53:32] INFO: [RL-EP-0454] (454)
[10-06 19:53:35] INFO: [RL-EP-0455] roll=0.900/0.080/0.020
[10-06 19:53:39] INFO: [RL-EP-0456] (456)
[10-06 19:53:43] INFO: [RL-EP-0457] (457)
[10-06 19:53:46] INFO: [RL-EP-0458] (458)
[10-06 19:53:49] INFO: [RL-EP-0459] (459)
[10-06 19:53:53] INFO: [RL-EP-0460] roll=0.900/0.080/0.020
[10-06 19:53:57] INFO: [RL-EP-0461] (461)
[10-06 19:54:00] INFO: [RL-EP-0462] (462)
[10-06 19:54:04] INFO: [RL-EP-0463] (463)
[10-06 19:54:07] INFO: [RL-EP-0464] (464)
[10-06 19:54:11] INFO: [RL-EP-0465] roll=0.940/0.040/0.020
[10-06 19:54:14] INFO: [RL-EP-0466] (466)
[10-06 19:54:17] INFO: [RL-EP-0467] (467)
[10-06 19:54:20] INFO: [RL-EP-0468] (468)
[10-06 19:54:24] INFO: [RL-EP-0469] (469)
[10-06 19:54:28] INFO: [RL-EP-0470] roll=0.920/0.060/0.020
[10-06 19:54:30] INFO: [RL-EP-0471] (471)
[10-06 19:54:34] INFO: [RL-EP-0472] (472)
[10-06 19:54:38] INFO: [RL-EP-0473] (473)
[10-06 19:54:41] INFO: [RL-EP-0474] (474)
[10-06 19:54:44] INFO: [SARL-LOSS] ep=475 value_loss=0.0118 epsilon=0.2208
[10-06 19:54:44] INFO: [STAT] ep=475 | roll@25(s/c/t)=0.9/0.1/0.0 (0.88/0.10/0.02) | R.mean=0.4
[10-06 19:54:44] INFO: [METRICS-25] time=14.76s | dfreq=0.000 | ddist=0.000m
[10-06 19:54:45] INFO: [METRICS-PLOT] 3-metrics curve -> /root/bayes-vl-matched-20261006/crowd_nav/runs/bayes-matched-v1/bayes_mean-seed42/curves_3metrics.png
[10-06 19:54:45] INFO: [RL-EP-0475] (475/10000) s/c/t=1/0/0 qloss=0.0000 ploss=0.0000 buf=200000
[10-06 19:54:45] INFO:               cumulative s/c/t%: 88.0%/10.0%/2.0%
[10-06 19:54:45] INFO: [REPLAY-STORE] ok=475 skip=0 steps=27028 buf=200000
[10-06 19:54:45] INFO: [STAGE0-MONITOR] timeout_ratio=0.020 (target: decrease over time)
[10-06 19:54:45] INFO: ================================================================================
[10-06 19:54:45] INFO: [MULTI-SCALE-475] TARGET: peak=0.940 stable_90=8ep
[10-06 19:54:45] INFO: [MULTI-SCALE-475] WINDOWS: short=0.700 med=0.880 long=0.850
[10-06 19:54:45] INFO: [MULTI-SCALE-475] QUALITY: stability=0.800 learn_rate=0.00000
[10-06 19:54:45] INFO: [ACHIEVEMENT] Stable 90%+ success rate achieved for 8 episodes!
[10-06 19:54:45] INFO: [HEALTH-CHECK-475] Overall: NEEDS_IMPROVEMENT (score=0.400)
[10-06 19:54:45] INFO: ================================================================================
[10-06 19:54:48] INFO: [RL-EP-0476] (476)
[10-06 19:54:53] INFO: [RL-EP-0477] (477)
[10-06 19:54:56] INFO: [RL-EP-0478] (478)
[10-06 19:55:00] INFO: [RL-EP-0479] (479)
[10-06 19:55:03] INFO: [RL-EP-0480] roll=0.900/0.080/0.020
[10-06 19:55:07] INFO: [RL-EP-0481] (481)
[10-06 19:55:11] INFO: [RL-EP-0482] (482)
[10-06 19:55:14] INFO: [RL-EP-0483] (483)
[10-06 19:55:18] INFO: [RL-EP-0484] (484)
[10-06 19:55:21] INFO: [RL-EP-0485] roll=0.880/0.100/0.020
[10-06 19:55:24] INFO: [RL-EP-0486] (486)
[10-06 19:55:27] INFO: [RL-EP-0487] (487)
[10-06 19:55:31] INFO: [RL-EP-0488] (488)
[10-06 19:55:33] INFO: [RL-EP-0489] (489)
[10-06 19:55:37] INFO: [RL-EP-0490] roll=0.840/0.140/0.020
[10-06 19:55:41] INFO: [RL-EP-0491] (491)
[10-06 19:55:44] INFO: [RL-EP-0492] (492)
[10-06 19:55:48] INFO: [RL-EP-0493] (493)
[10-06 19:55:50] INFO: [RL-EP-0494] (494)
[10-06 19:55:54] INFO: [RL-EP-0495] roll=0.840/0.160/0.000
[10-06 19:55:57] INFO: [RL-EP-0496] (496)
[10-06 19:56:01] INFO: [RL-EP-0497] (497)
[10-06 19:56:05] INFO: [RL-EP-0498] (498)
[10-06 19:56:09] INFO: [RL-EP-0499] (499)
[10-06 19:56:09] INFO: [CONFIG-CHECK] ep=500 updates_per_ep=4 (from config)
[10-06 19:56:09] INFO: [SARL-EPSILON] ep=500 epsilon=0.2167 (start=0.3, end=0.05, decay=1500)
[10-06 19:56:12] INFO: [SARL-REPLAY] ep=500 buffer_size=200000 updates=4
[10-06 19:56:12] INFO: [SARL-LOSS] ep=500 value_loss=0.0126 epsilon=0.2167
[10-06 19:56:12] INFO: [SARL-STATS] ep=500 buffer_size=200000
[10-06 19:56:12] INFO: [STAT] ep=500 | roll@25(s/c/t)=0.9/0.1/0.0 (0.86/0.14/0.00) | R.mean=0.4
[10-06 19:56:12] INFO: [METRICS-25] time=13.95s | dfreq=0.000 | ddist=0.000m
[10-06 19:56:13] INFO: [METRICS-PLOT] 3-metrics curve -> /root/bayes-vl-matched-20261006/crowd_nav/runs/bayes-matched-v1/bayes_mean-seed42/curves_3metrics.png
[10-06 19:56:13] INFO: [RL-EP-0500] (500/10000) s/c/t=1/0/0 qloss=0.0000 ploss=0.0000 buf=200000
[10-06 19:56:13] INFO:               cumulative s/c/t%: 86.0%/14.0%/0.0%
[10-06 19:56:13] INFO: [REPLAY-STORE] ok=500 skip=0 steps=28402 buf=200000
[10-06 19:56:13] INFO: [STAGE0-MONITOR] timeout_ratio=0.000 (target: decrease over time)
[10-06 19:56:13] INFO: [SOT-0500] REWARD succ=1.0/coll=-0.50 | GRID 5×16=80 | EVENTS s=0.86/c=0.14/t=0.00
[10-06 19:56:13] INFO: ================================================================================
[10-06 19:56:13] INFO: [MULTI-SCALE-500] TARGET: peak=0.940 stable_90=0ep
[10-06 19:56:13] INFO: [MULTI-SCALE-500] WINDOWS: short=0.900 med=0.840 long=0.860
[10-06 19:56:13] INFO: [MULTI-SCALE-500] QUALITY: stability=0.800 learn_rate=0.00000
[10-06 19:56:13] INFO: [MILESTONE] Peak performance 94.0% reached! Working towards stability...
[10-06 19:56:13] INFO: [HEALTH-CHECK-500] Overall: NEEDS_IMPROVEMENT (score=0.400)
[10-06 19:56:13] INFO: ================================================================================
[10-06 19:56:13] INFO: [RL-SAVE] sarl checkpoint -> /root/bayes-vl-matched-20261006/crowd_nav/runs/bayes-matched-v1/bayes_mean-seed42/rl_model_ep500.pth
[10-06 19:56:13] INFO: [RL-SAVE] Saved components: policy, target network, optimizer
[10-06 19:56:17] INFO: [RL-EP-0501] (501)
[10-06 19:56:21] INFO: [RL-EP-0502] (502)
[10-06 19:56:23] INFO: [RL-EP-0503] (503)
[10-06 19:56:27] INFO: [RL-EP-0504] (504)
[10-06 19:56:30] INFO: [RL-EP-0505] roll=0.840/0.160/0.000
[10-06 19:56:33] INFO: [RL-EP-0506] (506)
[10-06 19:56:36] INFO: [RL-EP-0507] (507)
[10-06 19:56:40] INFO: [RL-EP-0508] (508)
[10-06 19:56:43] INFO: [RL-EP-0509] (509)
[10-06 19:56:47] INFO: [RL-EP-0510] roll=0.820/0.180/0.000
[10-06 19:56:50] INFO: [RL-EP-0511] (511)
[10-06 19:56:54] INFO: [RL-EP-0512] (512)
[10-06 19:56:58] INFO: [RL-EP-0513] (513)
[10-06 19:57:01] INFO: [RL-EP-0514] (514)
[10-06 19:57:05] INFO: [RL-EP-0515] roll=0.820/0.180/0.000
[10-06 19:57:08] INFO: [RL-EP-0516] (516)
[10-06 19:57:12] INFO: [RL-EP-0517] (517)
[10-06 19:57:16] INFO: [RL-EP-0518] (518)
[10-06 19:57:20] INFO: [RL-EP-0519] (519)
[10-06 19:57:23] INFO: [RL-EP-0520] roll=0.840/0.160/0.000
[10-06 19:57:27] INFO: [RL-EP-0521] (521)
[10-06 19:57:30] INFO: [RL-EP-0522] (522)
[10-06 19:57:34] INFO: [RL-EP-0523] (523)
[10-06 19:57:36] INFO: [RL-EP-0524] (524)
[10-06 19:57:39] INFO: [SARL-LOSS] ep=525 value_loss=0.0138 epsilon=0.2125
[10-06 19:57:39] INFO: [STAT] ep=525 | roll@25(s/c/t)=0.9/0.1/0.0 (0.86/0.14/0.00) | R.mean=0.4
[10-06 19:57:39] INFO: [METRICS-25] time=13.55s | dfreq=0.000 | ddist=0.000m
[10-06 19:57:40] INFO: [METRICS-PLOT] 3-metrics curve -> /root/bayes-vl-matched-20261006/crowd_nav/runs/bayes-matched-v1/bayes_mean-seed42/curves_3metrics.png
[10-06 19:57:40] INFO: [RL-EP-0525] (525/10000) s/c/t=1/0/0 qloss=0.0000 ploss=0.0000 buf=200000
[10-06 19:57:40] INFO:               cumulative s/c/t%: 86.0%/14.0%/0.0%
[10-06 19:57:40] INFO: [REPLAY-STORE] ok=525 skip=0 steps=29739 buf=200000
[10-06 19:57:40] INFO: [STAGE0-MONITOR] timeout_ratio=0.000 (target: decrease over time)
[10-06 19:57:40] INFO: ================================================================================
[10-06 19:57:40] INFO: [MULTI-SCALE-525] TARGET: peak=0.940 stable_90=0ep
[10-06 19:57:40] INFO: [MULTI-SCALE-525] WINDOWS: short=0.900 med=0.880 long=0.870
[10-06 19:57:40] INFO: [MULTI-SCALE-525] QUALITY: stability=0.800 learn_rate=0.00000
[10-06 19:57:40] INFO: [MILESTONE] Peak performance 94.0% reached! Working towards stability...
[10-06 19:57:40] INFO: [HEALTH-CHECK-525] Overall: NEEDS_IMPROVEMENT (score=0.400)
[10-06 19:57:40] INFO: ================================================================================
[10-06 19:57:44] INFO: [RL-EP-0526] (526)
[10-06 19:57:47] INFO: [RL-EP-0527] (527)
[10-06 19:57:51] INFO: [RL-EP-0528] (528)
[10-06 19:57:54] INFO: [RL-EP-0529] (529)
[10-06 19:57:58] INFO: [RL-EP-0530] roll=0.860/0.140/0.000
[10-06 19:58:01] INFO: [RL-EP-0531] (531)
[10-06 19:58:05] INFO: [RL-EP-0532] (532)
[10-06 19:58:09] INFO: [RL-EP-0533] (533)
[10-06 19:58:11] INFO: [RL-EP-0534] (534)
[10-06 19:58:15] INFO: [RL-EP-0535] roll=0.860/0.140/0.000
[10-06 19:58:19] INFO: [RL-EP-0536] (536)
[10-06 19:58:22] INFO: [RL-EP-0537] (537)
[10-06 19:58:26] INFO: [RL-EP-0538] (538)
[10-06 19:58:29] INFO: [RL-EP-0539] (539)
[10-06 19:58:33] INFO: [RL-EP-0540] roll=0.900/0.100/0.000
[10-06 19:58:37] INFO: [RL-EP-0541] (541)
[10-06 19:58:40] INFO: [RL-EP-0542] (542)
[10-06 19:58:44] INFO: [RL-EP-0543] (543)
[10-06 19:58:47] INFO: [RL-EP-0544] (544)
[10-06 19:58:51] INFO: [RL-EP-0545] roll=0.920/0.080/0.000
[10-06 19:58:55] INFO: [RL-EP-0546] (546)
[10-06 19:58:58] INFO: [RL-EP-0547] (547)
[10-06 19:59:01] INFO: [RL-EP-0548] (548)
[10-06 19:59:04] INFO: [RL-EP-0549] (549)
[10-06 19:59:04] INFO: [CONFIG-CHECK] ep=550 updates_per_ep=4 (from config)
[10-06 19:59:08] INFO: [SARL-LOSS] ep=550 value_loss=0.0173 epsilon=0.2083
[10-06 19:59:08] INFO: [STAT] ep=550 | roll@25(s/c/t)=0.9/0.1/0.0 (0.90/0.10/0.00) | R.mean=0.5
[10-06 19:59:08] INFO: [METRICS-25] time=13.53s | dfreq=0.000 | ddist=0.000m
[10-06 19:59:08] INFO: [METRICS-PLOT] 3-metrics curve -> /root/bayes-vl-matched-20261006/crowd_nav/runs/bayes-matched-v1/bayes_mean-seed42/curves_3metrics.png
[10-06 19:59:08] INFO: [RL-EP-0550] (550/10000) s/c/t=1/0/0 qloss=0.0000 ploss=0.0000 buf=200000
[10-06 19:59:08] INFO:               cumulative s/c/t%: 90.0%/10.0%/0.0%
[10-06 19:59:08] INFO: [REPLAY-STORE] ok=550 skip=0 steps=31108 buf=200000
[10-06 19:59:08] INFO: [STAGE0-MONITOR] timeout_ratio=0.000 (target: decrease over time)
[10-06 19:59:08] INFO: ================================================================================
[10-06 19:59:08] INFO: [MULTI-SCALE-550] TARGET: peak=0.940 stable_90=10ep
[10-06 19:59:08] INFO: [MULTI-SCALE-550] WINDOWS: short=0.900 med=0.920 long=0.880
[10-06 19:59:08] INFO: [MULTI-SCALE-550] QUALITY: stability=0.800 learn_rate=0.00000
[10-06 19:59:08] INFO: [ACHIEVEMENT] Stable 90%+ success rate achieved for 10 episodes!
[10-06 19:59:08] INFO: [HEALTH-CHECK-550] Overall: NEEDS_IMPROVEMENT (score=0.400)
[10-06 19:59:08] INFO: ================================================================================
[10-06 19:59:12] INFO: [RL-EP-0551] (551)
[10-06 19:59:16] INFO: [RL-EP-0552] (552)
[10-06 19:59:20] INFO: [RL-EP-0553] (553)
[10-06 19:59:23] INFO: [RL-EP-0554] (554)
[10-06 19:59:27] INFO: [RL-EP-0555] roll=0.920/0.080/0.000
[10-06 19:59:30] INFO: [RL-EP-0556] (556)
[10-06 19:59:34] INFO: [RL-EP-0557] (557)
[10-06 19:59:38] INFO: [RL-EP-0558] (558)
[10-06 19:59:41] INFO: [RL-EP-0559] (559)
[10-06 19:59:44] INFO: [RL-EP-0560] roll=0.940/0.060/0.000
[10-06 19:59:48] INFO: [RL-EP-0561] (561)
[10-06 19:59:52] INFO: [RL-EP-0562] (562)
[10-06 19:59:55] INFO: [RL-EP-0563] (563)
[10-06 19:59:59] INFO: [RL-EP-0564] (564)
[10-06 20:00:03] INFO: [RL-EP-0565] roll=0.940/0.060/0.000
[10-06 20:00:07] INFO: [RL-EP-0566] (566)
[10-06 20:00:10] INFO: [RL-EP-0567] (567)
[10-06 20:00:14] INFO: [RL-EP-0568] (568)
[10-06 20:00:17] INFO: [RL-EP-0569] (569)
[10-06 20:00:21] INFO: [RL-EP-0570] roll=0.940/0.060/0.000
[10-06 20:00:24] INFO: [RL-EP-0571] (571)
[10-06 20:00:28] INFO: [RL-EP-0572] (572)
[10-06 20:00:32] INFO: [RL-EP-0573] (573)
[10-06 20:00:35] INFO: [RL-EP-0574] (574)
[10-06 20:00:39] INFO: [SARL-LOSS] ep=575 value_loss=0.0118 epsilon=0.2042
[10-06 20:00:39] INFO: [STAT] ep=575 | roll@25(s/c/t)=1.0/0.0/0.0 (0.96/0.04/0.00) | R.mean=0.5
[10-06 20:00:39] INFO: [METRICS-25] time=14.02s | dfreq=0.000 | ddist=0.000m
[10-06 20:00:39] INFO: [METRICS-PLOT] 3-metrics curve -> /root/bayes-vl-matched-20261006/crowd_nav/runs/bayes-matched-v1/bayes_mean-seed42/curves_3metrics.png
[10-06 20:00:39] INFO: [RL-EP-0575] (575/10000) s/c/t=1/0/0 qloss=0.0000 ploss=0.0000 buf=200000
[10-06 20:00:39] INFO:               cumulative s/c/t%: 96.0%/4.0%/0.0%
[10-06 20:00:39] INFO: [REPLAY-STORE] ok=575 skip=0 steps=32542 buf=200000
[10-06 20:00:39] INFO: [STAGE0-MONITOR] timeout_ratio=0.000 (target: decrease over time)
[10-06 20:00:39] INFO: ================================================================================
[10-06 20:00:39] INFO: [MULTI-SCALE-575] TARGET: peak=0.960 stable_90=10ep
[10-06 20:00:39] INFO: [MULTI-SCALE-575] WINDOWS: short=1.000 med=1.000 long=0.910
[10-06 20:00:39] INFO: [MULTI-SCALE-575] QUALITY: stability=0.800 learn_rate=0.00000
[10-06 20:00:39] INFO: [ACHIEVEMENT] Stable 90%+ success rate achieved for 10 episodes!
[10-06 20:00:39] INFO: [HEALTH-CHECK-575] Overall: NEEDS_IMPROVEMENT (score=0.400)
[10-06 20:00:39] INFO: ================================================================================
[10-06 20:00:43] INFO: [RL-EP-0576] (576)
[10-06 20:00:46] INFO: [RL-EP-0577] (577)
[10-06 20:00:50] INFO: [RL-EP-0578] (578)
[10-06 20:00:52] INFO: [RL-EP-0579] (579)
[10-06 20:00:56] INFO: [RL-EP-0580] roll=0.940/0.060/0.000
[10-06 20:01:00] INFO: [RL-EP-0581] (581)
[10-06 20:01:03] INFO: [RL-EP-0582] (582)
[10-06 20:01:07] INFO: [RL-EP-0583] (583)
[10-06 20:01:11] INFO: [RL-EP-0584] (584)
[10-06 20:01:15] INFO: [RL-EP-0585] roll=0.960/0.040/0.000
[10-06 20:01:18] INFO: [RL-EP-0586] (586)
[10-06 20:01:22] INFO: [RL-EP-0587] (587)
[10-06 20:01:26] INFO: [RL-EP-0588] (588)
[10-06 20:01:29] INFO: [RL-EP-0589] (589)
[10-06 20:01:33] INFO: [RL-EP-0590] roll=0.960/0.040/0.000
[10-06 20:01:36] INFO: [RL-EP-0591] (591)
[10-06 20:01:40] INFO: [RL-EP-0592] (592)
[10-06 20:01:43] INFO: [RL-EP-0593] (593)
[10-06 20:01:47] INFO: [RL-EP-0594] (594)
[10-06 20:01:50] INFO: [RL-EP-0595] roll=0.940/0.060/0.000
[10-06 20:01:54] INFO: [RL-EP-0596] (596)
[10-06 20:01:57] INFO: [RL-EP-0597] (597)
[10-06 20:02:01] INFO: [RL-EP-0598] (598)
[10-06 20:02:04] INFO: [RL-EP-0599] (599)
[10-06 20:02:04] INFO: [CONFIG-CHECK] ep=600 updates_per_ep=4 (from config)
[10-06 20:02:04] INFO: [SARL-EPSILON] ep=600 epsilon=0.2000 (start=0.3, end=0.05, decay=1500)
[10-06 20:02:07] INFO: [SARL-REPLAY] ep=600 buffer_size=200000 updates=4
[10-06 20:02:07] INFO: [SARL-LOSS] ep=600 value_loss=0.0124 epsilon=0.2000
[10-06 20:02:07] INFO: [SARL-STATS] ep=600 buffer_size=200000
[10-06 20:02:07] INFO: [STAT] ep=600 | roll@25(s/c/t)=0.9/0.1/0.0 (0.94/0.06/0.00) | R.mean=0.5
[10-06 20:02:07] INFO: [METRICS-25] time=14.07s | dfreq=0.000 | ddist=0.000m
[10-06 20:02:08] INFO: [METRICS-PLOT] 3-metrics curve -> /root/bayes-vl-matched-20261006/crowd_nav/runs/bayes-matched-v1/bayes_mean-seed42/curves_3metrics.png
[10-06 20:02:08] INFO: [RL-EP-0600] (600/10000) s/c/t=0/1/0 qloss=0.0000 ploss=0.0000 buf=200000
[10-06 20:02:08] INFO:               cumulative s/c/t%: 94.0%/6.0%/0.0%
[10-06 20:02:08] INFO: [REPLAY-STORE] ok=600 skip=0 steps=33923 buf=200000
[10-06 20:02:08] INFO: [STAGE0-MONITOR] timeout_ratio=0.000 (target: decrease over time)
[10-06 20:02:08] INFO: [SOT-0600] REWARD succ=1.0/coll=-0.50 | GRID 5×16=80 | EVENTS s=0.94/c=0.06/t=0.00
[10-06 20:02:08] INFO: ================================================================================
[10-06 20:02:08] INFO: [MULTI-SCALE-600] TARGET: peak=0.960 stable_90=10ep
[10-06 20:02:08] INFO: [MULTI-SCALE-600] WINDOWS: short=0.800 med=0.880 long=0.920
[10-06 20:02:08] INFO: [MULTI-SCALE-600] QUALITY: stability=0.800 learn_rate=0.00000
[10-06 20:02:08] INFO: [ACHIEVEMENT] Stable 90%+ success rate achieved for 10 episodes!
[10-06 20:02:08] INFO: [HEALTH-CHECK-600] Overall: NEEDS_IMPROVEMENT (score=0.400)
[10-06 20:02:08] INFO: ================================================================================
[10-06 20:02:11] INFO: [RL-EP-0601] (601)
[10-06 20:02:15] INFO: [RL-EP-0602] (602)
[10-06 20:02:19] INFO: [RL-EP-0603] (603)
[10-06 20:02:22] INFO: [RL-EP-0604] (604)
[10-06 20:02:26] INFO: [RL-EP-0605] roll=0.940/0.060/0.000
[10-06 20:02:30] INFO: [RL-EP-0606] (606)
[10-06 20:02:34] INFO: [RL-EP-0607] (607)
[10-06 20:02:38] INFO: [RL-EP-0608] (608)
[10-06 20:02:41] INFO: [RL-EP-0609] (609)
[10-06 20:02:45] INFO: [RL-EP-0610] roll=0.940/0.060/0.000
[10-06 20:02:49] INFO: [RL-EP-0611] (611)
[10-06 20:02:52] INFO: [RL-EP-0612] (612)
[10-06 20:02:56] INFO: [RL-EP-0613] (613)
[10-06 20:03:00] INFO: [RL-EP-0614] (614)
[10-06 20:03:03] INFO: [RL-EP-0615] roll=0.940/0.060/0.000
[10-06 20:03:07] INFO: [RL-EP-0616] (616)
[10-06 20:03:10] INFO: [RL-EP-0617] (617)
[10-06 20:03:13] INFO: [RL-EP-0618] (618)
[10-06 20:03:16] INFO: [RL-EP-0619] (619)
[10-06 20:03:19] INFO: [RL-EP-0620] roll=0.940/0.060/0.000
[10-06 20:03:22] INFO: [RL-EP-0621] (621)
[10-06 20:03:25] INFO: [RL-EP-0622] (622)
[10-06 20:03:28] INFO: [RL-EP-0623] (623)
[10-06 20:03:31] INFO: [RL-EP-0624] (624)
[10-06 20:03:34] INFO: [SARL-LOSS] ep=625 value_loss=0.0158 epsilon=0.1958
[10-06 20:03:34] INFO: [STAT] ep=625 | roll@25(s/c/t)=0.9/0.1/0.0 (0.94/0.06/0.00) | R.mean=0.5
[10-06 20:03:34] INFO: [METRICS-25] time=14.37s | dfreq=0.000 | ddist=0.000m
[10-06 20:03:34] INFO: [METRICS-PLOT] 3-metrics curve -> /root/bayes-vl-matched-20261006/crowd_nav/runs/bayes-matched-v1/bayes_mean-seed42/curves_3metrics.png
[10-06 20:03:34] INFO: [RL-EP-0625] (625/10000) s/c/t=1/0/0 qloss=0.0000 ploss=0.0000 buf=200000
[10-06 20:03:34] INFO:               cumulative s/c/t%: 94.0%/6.0%/0.0%
[10-06 20:03:34] INFO: [REPLAY-STORE] ok=625 skip=0 steps=35415 buf=200000
[10-06 20:03:34] INFO: [STAGE0-MONITOR] timeout_ratio=0.000 (target: decrease over time)
[10-06 20:03:34] INFO: ================================================================================
[10-06 20:03:34] INFO: [MULTI-SCALE-625] TARGET: peak=0.960 stable_90=10ep
[10-06 20:03:34] INFO: [MULTI-SCALE-625] WINDOWS: short=1.000 med=1.000 long=0.950
[10-06 20:03:34] INFO: [MULTI-SCALE-625] QUALITY: stability=0.800 learn_rate=0.00000
[10-06 20:03:34] INFO: [ACHIEVEMENT] Stable 90%+ success rate achieved for 10 episodes!
[10-06 20:03:34] INFO: [HEALTH-CHECK-625] Overall: NEEDS_IMPROVEMENT (score=0.400)
[10-06 20:03:34] INFO: ================================================================================
[10-06 20:03:37] INFO: [RL-EP-0626] (626)
[10-06 20:03:40] INFO: [RL-EP-0627] (627)
[10-06 20:03:43] INFO: [RL-EP-0628] (628)
[10-06 20:03:45] INFO: [RL-EP-0629] (629)
[10-06 20:03:48] INFO: [RL-EP-0630] roll=0.940/0.060/0.000
[10-06 20:03:51] INFO: [RL-EP-0631] (631)
[10-06 20:03:53] INFO: [RL-EP-0632] (632)
[10-06 20:03:56] INFO: [RL-EP-0633] (633)
[10-06 20:03:59] INFO: [RL-EP-0634] (634)
[10-06 20:04:02] INFO: [RL-EP-0635] roll=0.940/0.060/0.000
[10-06 20:04:04] INFO: [RL-EP-0636] (636)
[10-06 20:04:07] INFO: [RL-EP-0637] (637)
[10-06 20:04:10] INFO: [RL-EP-0638] (638)
[10-06 20:04:13] INFO: [RL-EP-0639] (639)
[10-06 20:04:16] INFO: [RL-EP-0640] roll=0.940/0.060/0.000
[10-06 20:04:19] INFO: [RL-EP-0641] (641)
[10-06 20:04:22] INFO: [RL-EP-0642] (642)
[10-06 20:04:25] INFO: [RL-EP-0643] (643)
[10-06 20:04:28] INFO: [RL-EP-0644] (644)
[10-06 20:04:31] INFO: [RL-EP-0645] roll=0.960/0.040/0.000
[10-06 20:04:33] INFO: [RL-EP-0646] (646)
[10-06 20:04:36] INFO: [RL-EP-0647] (647)
[10-06 20:04:39] INFO: [RL-EP-0648] (648)
[10-06 20:04:41] INFO: [RL-EP-0649] (649)
[10-06 20:04:41] INFO: [CONFIG-CHECK] ep=650 updates_per_ep=4 (from config)
[10-06 20:04:44] INFO: [SARL-LOSS] ep=650 value_loss=0.0121 epsilon=0.1917
[10-06 20:04:44] INFO: [STAT] ep=650 | roll@25(s/c/t)=0.9/0.1/0.0 (0.94/0.06/0.00) | R.mean=0.5
[10-06 20:04:44] INFO: [METRICS-25] time=14.30s | dfreq=0.000 | ddist=0.000m
[10-06 20:04:44] INFO: [METRICS-PLOT] 3-metrics curve -> /root/bayes-vl-matched-20261006/crowd_nav/runs/bayes-matched-v1/bayes_mean-seed42/curves_3metrics.png
[10-06 20:04:44] INFO: [RL-EP-0650] (650/10000) s/c/t=1/0/0 qloss=0.0000 ploss=0.0000 buf=200000
[10-06 20:04:44] INFO:               cumulative s/c/t%: 94.0%/6.0%/0.0%
[10-06 20:04:44] INFO: [REPLAY-STORE] ok=650 skip=0 steps=36784 buf=200000
[10-06 20:04:44] INFO: [STAGE0-MONITOR] timeout_ratio=0.000 (target: decrease over time)
[10-06 20:04:44] INFO: ================================================================================
[10-06 20:04:44] INFO: [MULTI-SCALE-650] TARGET: peak=0.960 stable_90=10ep
[10-06 20:04:44] INFO: [MULTI-SCALE-650] WINDOWS: short=0.800 med=0.880 long=0.940
[10-06 20:04:44] INFO: [MULTI-SCALE-650] QUALITY: stability=0.800 learn_rate=0.00000
[10-06 20:04:44] INFO: [ACHIEVEMENT] Stable 90%+ success rate achieved for 10 episodes!
[10-06 20:04:44] INFO: [HEALTH-CHECK-650] Overall: NEEDS_IMPROVEMENT (score=0.400)
[10-06 20:04:44] INFO: ================================================================================
[10-06 20:04:46] INFO: [RL-EP-0651] (651)
[10-06 20:04:48] INFO: [RL-EP-0652] (652)
[10-06 20:04:51] INFO: [RL-EP-0653] (653)
[10-06 20:04:54] INFO: [RL-EP-0654] (654)
[10-06 20:04:57] INFO: [RL-EP-0655] roll=0.900/0.100/0.000
[10-06 20:05:01] INFO: [RL-EP-0656] (656)
[10-06 20:05:04] INFO: [RL-EP-0657] (657)
[10-06 20:05:07] INFO: [RL-EP-0658] (658)
[10-06 20:05:10] INFO: [RL-EP-0659] (659)
[10-06 20:05:13] INFO: [RL-EP-0660] roll=0.900/0.100/0.000
[10-06 20:05:16] INFO: [RL-EP-0661] (661)
[10-06 20:05:19] INFO: [RL-EP-0662] (662)
[10-06 20:05:22] INFO: [RL-EP-0663] (663)
[10-06 20:05:24] INFO: [RL-EP-0664] (664)
[10-06 20:05:27] INFO: [RL-EP-0665] roll=0.900/0.100/0.000
[10-06 20:05:30] INFO: [RL-EP-0666] (666)
[10-06 20:05:34] INFO: [RL-EP-0667] (667)
[10-06 20:05:37] INFO: [RL-EP-0668] (668)
[10-06 20:05:39] INFO: [RL-EP-0669] (669)
[10-06 20:05:42] INFO: [RL-EP-0670] roll=0.880/0.120/0.000
[10-06 20:05:46] INFO: [RL-EP-0671] (671)
[10-06 20:05:49] INFO: [RL-EP-0672] (672)
[10-06 20:05:52] INFO: [RL-EP-0673] (673)
[10-06 20:05:55] INFO: [RL-EP-0674] (674)
[10-06 20:05:58] INFO: [SARL-LOSS] ep=675 value_loss=0.0160 epsilon=0.1875
[10-06 20:05:58] INFO: [STAT] ep=675 | roll@25(s/c/t)=0.9/0.1/0.0 (0.88/0.12/0.00) | R.mean=0.4
[10-06 20:05:58] INFO: [METRICS-25] time=13.93s | dfreq=0.000 | ddist=0.000m
[10-06 20:05:59] INFO: [METRICS-PLOT] 3-metrics curve -> /root/bayes-vl-matched-20261006/crowd_nav/runs/bayes-matched-v1/bayes_mean-seed42/curves_3metrics.png
[10-06 20:05:59] INFO: [RL-EP-0675] (675/10000) s/c/t=1/0/0 qloss=0.0000 ploss=0.0000 buf=200000
[10-06 20:05:59] INFO:               cumulative s/c/t%: 88.0%/12.0%/0.0%
[10-06 20:05:59] INFO: [REPLAY-STORE] ok=675 skip=0 steps=38201 buf=200000
[10-06 20:05:59] INFO: [STAGE0-MONITOR] timeout_ratio=0.000 (target: decrease over time)
[10-06 20:05:59] INFO: ================================================================================
[10-06 20:05:59] INFO: [MULTI-SCALE-675] TARGET: peak=0.960 stable_90=4ep
[10-06 20:05:59] INFO: [MULTI-SCALE-675] WINDOWS: short=0.900 med=0.880 long=0.910
[10-06 20:05:59] INFO: [MULTI-SCALE-675] QUALITY: stability=0.800 learn_rate=0.00000
[10-06 20:05:59] INFO: [MILESTONE] Peak performance 96.0% reached! Working towards stability...
[10-06 20:05:59] INFO: [HEALTH-CHECK-675] Overall: NEEDS_IMPROVEMENT (score=0.400)
[10-06 20:05:59] INFO: ================================================================================
[10-06 20:06:02] INFO: [RL-EP-0676] (676)
[10-06 20:06:05] INFO: [RL-EP-0677] (677)
[10-06 20:06:08] INFO: [RL-EP-0678] (678)
[10-06 20:06:11] INFO: [RL-EP-0679] (679)
[10-06 20:06:14] INFO: [RL-EP-0680] roll=0.900/0.100/0.000
[10-06 20:06:17] INFO: [RL-EP-0681] (681)
[10-06 20:06:20] INFO: [RL-EP-0682] (682)
[10-06 20:06:23] INFO: [RL-EP-0683] (683)
[10-06 20:06:26] INFO: [RL-EP-0684] (684)
[10-06 20:06:29] INFO: [RL-EP-0685] roll=0.900/0.100/0.000
[10-06 20:06:32] INFO: [RL-EP-0686] (686)
[10-06 20:06:35] INFO: [RL-EP-0687] (687)
[10-06 20:06:38] INFO: [RL-EP-0688] (688)
[10-06 20:06:41] INFO: [RL-EP-0689] (689)
[10-06 20:06:44] INFO: [RL-EP-0690] roll=0.900/0.100/0.000
[10-06 20:06:47] INFO: [RL-EP-0691] (691)
[10-06 20:06:50] INFO: [RL-EP-0692] (692)
[10-06 20:06:53] INFO: [RL-EP-0693] (693)
[10-06 20:06:56] INFO: [RL-EP-0694] (694)
[10-06 20:06:59] INFO: [RL-EP-0695] roll=0.900/0.100/0.000
[10-06 20:07:03] INFO: [RL-EP-0696] (696)
[10-06 20:07:06] INFO: [RL-EP-0697] (697)
[10-06 20:07:09] INFO: [RL-EP-0698] (698)
[10-06 20:07:12] INFO: [RL-EP-0699] (699)
[10-06 20:07:12] INFO: [CONFIG-CHECK] ep=700 updates_per_ep=4 (from config)
[10-06 20:07:12] INFO: [SARL-EPSILON] ep=700 epsilon=0.1833 (start=0.3, end=0.05, decay=1500)
[10-06 20:07:16] INFO: [SARL-REPLAY] ep=700 buffer_size=200000 updates=4
[10-06 20:07:16] INFO: [SARL-LOSS] ep=700 value_loss=0.0128 epsilon=0.1833
[10-06 20:07:16] INFO: [SARL-STATS] ep=700 buffer_size=200000
[10-06 20:07:16] INFO: [STAT] ep=700 | roll@25(s/c/t)=0.9/0.1/0.0 (0.94/0.06/0.00) | R.mean=0.5
[10-06 20:07:16] INFO: [METRICS-25] time=14.84s | dfreq=0.000 | ddist=0.000m
[10-06 20:07:16] INFO: [METRICS-PLOT] 3-metrics curve -> /root/bayes-vl-matched-20261006/crowd_nav/runs/bayes-matched-v1/bayes_mean-seed42/curves_3metrics.png
[10-06 20:07:16] INFO: [RL-EP-0700] (700/10000) s/c/t=1/0/0 qloss=0.0000 ploss=0.0000 buf=200000
[10-06 20:07:16] INFO:               cumulative s/c/t%: 94.0%/6.0%/0.0%
[10-06 20:07:16] INFO: [REPLAY-STORE] ok=700 skip=0 steps=39751 buf=200000
[10-06 20:07:16] INFO: [STAGE0-MONITOR] timeout_ratio=0.000 (target: decrease over time)
[10-06 20:07:16] INFO: [SOT-0700] REWARD succ=1.0/coll=-0.50 | GRID 5×16=80 | EVENTS s=0.94/c=0.06/t=0.00
[10-06 20:07:16] INFO: ================================================================================
[10-06 20:07:16] INFO: [MULTI-SCALE-700] TARGET: peak=0.960 stable_90=10ep
[10-06 20:07:16] INFO: [MULTI-SCALE-700] WINDOWS: short=1.000 med=1.000 long=0.940
[10-06 20:07:16] INFO: [MULTI-SCALE-700] QUALITY: stability=0.800 learn_rate=0.00000
[10-06 20:07:16] INFO: [ACHIEVEMENT] Stable 90%+ success rate achieved for 10 episodes!
[10-06 20:07:16] INFO: [HEALTH-CHECK-700] Overall: NEEDS_IMPROVEMENT (score=0.400)
[10-06 20:07:16] INFO: ================================================================================
[10-06 20:07:19] INFO: [RL-EP-0701] (701)
[10-06 20:07:22] INFO: [RL-EP-0702] (702)
[10-06 20:07:25] INFO: [RL-EP-0703] (703)
[10-06 20:07:28] INFO: [RL-EP-0704] (704)
[10-06 20:07:31] INFO: [RL-EP-0705] roll=0.980/0.020/0.000
[10-06 20:07:34] INFO: [RL-EP-0706] (706)
[10-06 20:07:38] INFO: [RL-EP-0707] (707)
[10-06 20:07:41] INFO: [RL-EP-0708] (708)
[10-06 20:07:44] INFO: [RL-EP-0709] (709)
[10-06 20:07:47] INFO: [RL-EP-0710] roll=0.980/0.020/0.000
[10-06 20:07:50] INFO: [RL-EP-0711] (711)
[10-06 20:07:53] INFO: [RL-EP-0712] (712)
[10-06 20:07:56] INFO: [RL-EP-0713] (713)
[10-06 20:07:59] INFO: [RL-EP-0714] (714)
[10-06 20:08:02] INFO: [RL-EP-0715] roll=0.960/0.040/0.000
[10-06 20:08:05] INFO: [RL-EP-0716] (716)
[10-06 20:08:08] INFO: [RL-EP-0717] (717)
[10-06 20:08:11] INFO: [RL-EP-0718] (718)
[10-06 20:08:14] INFO: [RL-EP-0719] (719)
[10-06 20:08:18] INFO: [RL-EP-0720] roll=0.980/0.020/0.000
[10-06 20:08:20] INFO: [RL-EP-0721] (721)
[10-06 20:08:24] INFO: [RL-EP-0722] (722)
[10-06 20:08:27] INFO: [RL-EP-0723] (723)
[10-06 20:08:30] INFO: [RL-EP-0724] (724)
[10-06 20:08:33] INFO: [SARL-LOSS] ep=725 value_loss=0.0200 epsilon=0.1792
[10-06 20:08:33] INFO: [STAT] ep=725 | roll@25(s/c/t)=1.0/0.0/0.0 (0.98/0.02/0.00) | R.mean=0.5
[10-06 20:08:33] INFO: [METRICS-25] time=15.46s | dfreq=0.000 | ddist=0.000m
[10-06 20:08:34] INFO: [METRICS-PLOT] 3-metrics curve -> /root/bayes-vl-matched-20261006/crowd_nav/runs/bayes-matched-v1/bayes_mean-seed42/curves_3metrics.png
[10-06 20:08:34] INFO: [RL-EP-0725] (725/10000) s/c/t=1/0/0 qloss=0.0000 ploss=0.0000 buf=200000
[10-06 20:08:34] INFO:               cumulative s/c/t%: 98.0%/2.0%/0.0%
[10-06 20:08:34] INFO: [REPLAY-STORE] ok=725 skip=0 steps=41293 buf=200000
[10-06 20:08:34] INFO: [STAGE0-MONITOR] timeout_ratio=0.000 (target: decrease over time)
[10-06 20:08:34] INFO: ================================================================================
[10-06 20:08:34] INFO: [MULTI-SCALE-725] TARGET: peak=0.980 stable_90=10ep
[10-06 20:08:34] INFO: [MULTI-SCALE-725] WINDOWS: short=1.000 med=0.960 long=0.930
[10-06 20:08:34] INFO: [MULTI-SCALE-725] QUALITY: stability=0.800 learn_rate=0.00000
[10-06 20:08:34] INFO: [ACHIEVEMENT] Stable 90%+ success rate achieved for 10 episodes!
[10-06 20:08:34] INFO: [HEALTH-CHECK-725] Overall: NEEDS_IMPROVEMENT (score=0.400)
[10-06 20:08:34] INFO: ================================================================================
[10-06 20:08:36] INFO: [RL-EP-0726] (726)
[10-06 20:08:39] INFO: [RL-EP-0727] (727)
[10-06 20:08:42] INFO: [RL-EP-0728] (728)
[10-06 20:08:45] INFO: [RL-EP-0729] (729)
[10-06 20:08:48] INFO: [RL-EP-0730] roll=0.960/0.040/0.000
[10-06 20:08:52] INFO: [RL-EP-0731] (731)
[10-06 20:08:55] INFO: [RL-EP-0732] (732)
[10-06 20:08:58] INFO: [RL-EP-0733] (733)
[10-06 20:09:01] INFO: [RL-EP-0734] (734)
[10-06 20:09:04] INFO: [RL-EP-0735] roll=0.960/0.040/0.000
[10-06 20:09:07] INFO: [RL-EP-0736] (736)
[10-06 20:09:10] INFO: [RL-EP-0737] (737)
[10-06 20:09:13] INFO: [RL-EP-0738] (738)
[10-06 20:09:16] INFO: [RL-EP-0739] (739)
[10-06 20:09:18] INFO: [RL-EP-0740] roll=0.960/0.040/0.000
[10-06 20:09:21] INFO: [RL-EP-0741] (741)
[10-06 20:09:24] INFO: [RL-EP-0742] (742)
[10-06 20:09:27] INFO: [RL-EP-0743] (743)
[10-06 20:09:30] INFO: [RL-EP-0744] (744)
[10-06 20:09:33] INFO: [RL-EP-0745] roll=0.940/0.060/0.000
[10-06 20:09:36] INFO: [RL-EP-0746] (746)
[10-06 20:09:39] INFO: [RL-EP-0747] (747)
[10-06 20:09:42] INFO: [RL-EP-0748] (748)
[10-06 20:09:46] INFO: [RL-EP-0749] (749)
[10-06 20:09:46] INFO: [CONFIG-CHECK] ep=750 updates_per_ep=4 (from config)
[10-06 20:09:49] INFO: [SARL-LOSS] ep=750 value_loss=0.0112 epsilon=0.1750
[10-06 20:09:49] INFO: [STAT] ep=750 | roll@25(s/c/t)=0.9/0.1/0.0 (0.94/0.06/0.00) | R.mean=0.5
[10-06 20:09:49] INFO: [METRICS-25] time=14.91s | dfreq=0.000 | ddist=0.000m
[10-06 20:09:49] INFO: [METRICS-PLOT] 3-metrics curve -> /root/bayes-vl-matched-20261006/crowd_nav/runs/bayes-matched-v1/bayes_mean-seed42/curves_3metrics.png
[10-06 20:09:49] INFO: [RL-EP-0750] (750/10000) s/c/t=1/0/0 qloss=0.0000 ploss=0.0000 buf=200000
[10-06 20:09:49] INFO:               cumulative s/c/t%: 94.0%/6.0%/0.0%
[10-06 20:09:49] INFO: [REPLAY-STORE] ok=750 skip=0 steps=42734 buf=200000
[10-06 20:09:49] INFO: [STAGE0-MONITOR] timeout_ratio=0.000 (target: decrease over time)
[10-06 20:09:49] INFO: ================================================================================
[10-06 20:09:49] INFO: [MULTI-SCALE-750] TARGET: peak=0.980 stable_90=10ep
[10-06 20:09:49] INFO: [MULTI-SCALE-750] WINDOWS: short=0.900 med=0.920 long=0.940
[10-06 20:09:49] INFO: [MULTI-SCALE-750] QUALITY: stability=0.800 learn_rate=0.00000
[10-06 20:09:49] INFO: [ACHIEVEMENT] Stable 90%+ success rate achieved for 10 episodes!
[10-06 20:09:49] INFO: [HEALTH-CHECK-750] Overall: NEEDS_IMPROVEMENT (score=0.400)
[10-06 20:09:49] INFO: ================================================================================
[10-06 20:09:52] INFO: [RL-EP-0751] (751)
[10-06 20:09:56] INFO: [RL-EP-0752] (752)
[10-06 20:09:59] INFO: [RL-EP-0753] (753)
[10-06 20:10:02] INFO: [RL-EP-0754] (754)
[10-06 20:10:06] INFO: [RL-EP-0755] roll=0.940/0.060/0.000
[10-06 20:10:09] INFO: [RL-EP-0756] (756)
[10-06 20:10:13] INFO: [RL-EP-0757] (757)
[10-06 20:10:19] INFO: [RL-EP-0758] (758)
[10-06 20:10:22] INFO: [RL-EP-0759] (759)
[10-06 20:10:26] INFO: [RL-EP-0760] roll=0.920/0.060/0.020
[10-06 20:10:29] INFO: [RL-EP-0761] (761)
[10-06 20:10:32] INFO: [RL-EP-0762] (762)
[10-06 20:10:34] INFO: [RL-EP-0763] (763)
[10-06 20:10:37] INFO: [RL-EP-0764] (764)
[10-06 20:10:40] INFO: [RL-EP-0765] roll=0.920/0.060/0.020
[10-06 20:10:43] INFO: [RL-EP-0766] (766)
[10-06 20:10:46] INFO: [RL-EP-0767] (767)
[10-06 20:10:50] INFO: [RL-EP-0768] (768)
[10-06 20:10:53] INFO: [RL-EP-0769] (769)
[10-06 20:10:56] INFO: [RL-EP-0770] roll=0.920/0.060/0.020
[10-06 20:10:59] INFO: [RL-EP-0771] (771)
[10-06 20:11:03] INFO: [RL-EP-0772] (772)
[10-06 20:11:06] INFO: [RL-EP-0773] (773)
[10-06 20:11:09] INFO: [RL-EP-0774] (774)
[10-06 20:11:13] INFO: [SARL-LOSS] ep=775 value_loss=0.0146 epsilon=0.1708
[10-06 20:11:13] INFO: [STAT] ep=775 | roll@25(s/c/t)=0.9/0.1/0.0 (0.92/0.06/0.02) | R.mean=0.5
[10-06 20:11:13] INFO: [METRICS-25] time=15.83s | dfreq=0.000 | ddist=0.000m
[10-06 20:11:13] INFO: [METRICS-PLOT] 3-metrics curve -> /root/bayes-vl-matched-20261006/crowd_nav/runs/bayes-matched-v1/bayes_mean-seed42/curves_3metrics.png
[10-06 20:11:13] INFO: [RL-EP-0775] (775/10000) s/c/t=1/0/0 qloss=0.0000 ploss=0.0000 buf=200000
[10-06 20:11:13] INFO:               cumulative s/c/t%: 92.0%/6.0%/2.0%
[10-06 20:11:13] INFO: [REPLAY-STORE] ok=775 skip=0 steps=44459 buf=200000
[10-06 20:11:13] INFO: [STAGE0-MONITOR] timeout_ratio=0.020 (target: decrease over time)
[10-06 20:11:13] INFO: ================================================================================
[10-06 20:11:13] INFO: [MULTI-SCALE-775] TARGET: peak=0.980 stable_90=10ep
[10-06 20:11:13] INFO: [MULTI-SCALE-775] WINDOWS: short=1.000 med=0.920 long=0.950
[10-06 20:11:13] INFO: [MULTI-SCALE-775] QUALITY: stability=0.800 learn_rate=0.00000
[10-06 20:11:13] INFO: [ACHIEVEMENT] Stable 90%+ success rate achieved for 10 episodes!
[10-06 20:11:13] INFO: [HEALTH-CHECK-775] Overall: NEEDS_IMPROVEMENT (score=0.400)
[10-06 20:11:13] INFO: ================================================================================
[10-06 20:11:16] INFO: [RL-EP-0776] (776)
[10-06 20:11:20] INFO: [RL-EP-0777] (777)
[10-06 20:11:23] INFO: [RL-EP-0778] (778)
[10-06 20:11:26] INFO: [RL-EP-0779] (779)
[10-06 20:11:29] INFO: [RL-EP-0780] roll=0.940/0.040/0.020
[10-06 20:11:32] INFO: [RL-EP-0781] (781)
[10-06 20:11:36] INFO: [RL-EP-0782] (782)
[10-06 20:11:39] INFO: [RL-EP-0783] (783)
[10-06 20:11:42] INFO: [RL-EP-0784] (784)
[10-06 20:11:45] INFO: [RL-EP-0785] roll=0.940/0.040/0.020
[10-06 20:11:49] INFO: [RL-EP-0786] (786)
[10-06 20:11:52] INFO: [RL-EP-0787] (787)
[10-06 20:11:56] INFO: [RL-EP-0788] (788)
[10-06 20:11:59] INFO: [RL-EP-0789] (789)
[10-06 20:12:02] INFO: [RL-EP-0790] roll=0.940/0.040/0.020
[10-06 20:12:05] INFO: [RL-EP-0791] (791)
[10-06 20:12:08] INFO: [RL-EP-0792] (792)
[10-06 20:12:12] INFO: [RL-EP-0793] (793)
[10-06 20:12:15] INFO: [RL-EP-0794] (794)
[10-06 20:12:19] INFO: [RL-EP-0795] roll=0.960/0.020/0.020
[10-06 20:12:22] INFO: [RL-EP-0796] (796)
[10-06 20:12:25] INFO: [RL-EP-0797] (797)
[10-06 20:12:28] INFO: [RL-EP-0798] (798)
[10-06 20:12:31] INFO: [RL-EP-0799] (799)
[10-06 20:12:31] INFO: [CONFIG-CHECK] ep=800 updates_per_ep=4 (from config)
[10-06 20:12:31] INFO: [SARL-EPSILON] ep=800 epsilon=0.1667 (start=0.3, end=0.05, decay=1500)
[10-06 20:12:35] INFO: [SARL-REPLAY] ep=800 buffer_size=200000 updates=4
[10-06 20:12:35] INFO: [SARL-LOSS] ep=800 value_loss=0.0269 epsilon=0.1667
[10-06 20:12:35] INFO: [SARL-STATS] ep=800 buffer_size=200000
[10-06 20:12:35] INFO: [STAT] ep=800 | roll@25(s/c/t)=1.0/0.0/0.0 (0.96/0.02/0.02) | R.mean=0.5
[10-06 20:12:35] INFO: [METRICS-25] time=16.36s | dfreq=0.000 | ddist=0.000m
[10-06 20:12:35] INFO: [METRICS-PLOT] 3-metrics curve -> /root/bayes-vl-matched-20261006/crowd_nav/runs/bayes-matched-v1/bayes_mean-seed42/curves_3metrics.png
[10-06 20:12:35] INFO: [RL-EP-0800] (800/10000) s/c/t=1/0/0 qloss=0.0000 ploss=0.0000 buf=200000
[10-06 20:12:35] INFO:               cumulative s/c/t%: 96.0%/2.0%/2.0%
[10-06 20:12:35] INFO: [REPLAY-STORE] ok=800 skip=0 steps=46005 buf=200000
[10-06 20:12:35] INFO: [STAGE0-MONITOR] timeout_ratio=0.020 (target: decrease over time)
[10-06 20:12:35] INFO: [SOT-0800] REWARD succ=1.0/coll=-0.50 | GRID 5×16=80 | EVENTS s=0.96/c=0.02/t=0.02
[10-06 20:12:35] INFO: ================================================================================
[10-06 20:12:35] INFO: [MULTI-SCALE-800] TARGET: peak=0.980 stable_90=10ep
[10-06 20:12:35] INFO: [MULTI-SCALE-800] WINDOWS: short=1.000 med=1.000 long=0.950
[10-06 20:12:35] INFO: [MULTI-SCALE-800] QUALITY: stability=0.800 learn_rate=0.00000
[10-06 20:12:35] INFO: [ACHIEVEMENT] Stable 90%+ success rate achieved for 10 episodes!
[10-06 20:12:35] INFO: [HEALTH-CHECK-800] Overall: NEEDS_IMPROVEMENT (score=0.400)
[10-06 20:12:35] INFO: ================================================================================
[10-06 20:12:38] INFO: [RL-EP-0801] (801)
[10-06 20:12:41] INFO: [RL-EP-0802] (802)
[10-06 20:12:45] INFO: [RL-EP-0803] (803)
[10-06 20:12:48] INFO: [RL-EP-0804] (804)
[10-06 20:12:51] INFO: [RL-EP-0805] roll=0.960/0.020/0.020
[10-06 20:12:54] INFO: [RL-EP-0806] (806)
[10-06 20:12:57] INFO: [RL-EP-0807] (807)
[10-06 20:13:00] INFO: [RL-EP-0808] (808)
[10-06 20:13:04] INFO: [RL-EP-0809] (809)
[10-06 20:13:07] INFO: [RL-EP-0810] roll=0.980/0.020/0.000
[10-06 20:13:10] INFO: [RL-EP-0811] (811)
[10-06 20:13:14] INFO: [RL-EP-0812] (812)
[10-06 20:13:17] INFO: [RL-EP-0813] (813)
[10-06 20:13:20] INFO: [RL-EP-0814] (814)
[10-06 20:13:24] INFO: [RL-EP-0815] roll=1.000/0.000/0.000
[10-06 20:13:27] INFO: [RL-EP-0816] (816)
[10-06 20:13:30] INFO: [RL-EP-0817] (817)
[10-06 20:13:33] INFO: [RL-EP-0818] (818)
[10-06 20:13:37] INFO: [RL-EP-0819] (819)
[10-06 20:13:40] INFO: [RL-EP-0820] roll=1.000/0.000/0.000
[10-06 20:13:43] INFO: [RL-EP-0821] (821)
[10-06 20:13:46] INFO: [RL-EP-0822] (822)
[10-06 20:13:49] INFO: [RL-EP-0823] (823)
[10-06 20:13:53] INFO: [RL-EP-0824] (824)
[10-06 20:13:56] INFO: [SARL-LOSS] ep=825 value_loss=0.0167 epsilon=0.1625
[10-06 20:13:56] INFO: [STAT] ep=825 | roll@25(s/c/t)=1.0/0.0/0.0 (1.00/0.00/0.00) | R.mean=0.5
[10-06 20:13:56] INFO: [METRICS-25] time=15.40s | dfreq=0.000 | ddist=0.000m
[10-06 20:13:57] INFO: [METRICS-PLOT] 3-metrics curve -> /root/bayes-vl-matched-20261006/crowd_nav/runs/bayes-matched-v1/bayes_mean-seed42/curves_3metrics.png
[10-06 20:13:57] INFO: [RL-EP-0825] (825/10000) s/c/t=1/0/0 qloss=0.0000 ploss=0.0000 buf=200000
[10-06 20:13:57] INFO:               cumulative s/c/t%: 100.0%/0.0%/0.0%
[10-06 20:13:57] INFO: [REPLAY-STORE] ok=825 skip=0 steps=47540 buf=200000
[10-06 20:13:57] INFO: [STAGE0-MONITOR] timeout_ratio=0.000 (target: decrease over time)
[10-06 20:13:57] INFO: ================================================================================
[10-06 20:13:57] INFO: [MULTI-SCALE-825] TARGET: peak=1.000 stable_90=10ep
[10-06 20:13:57] INFO: [MULTI-SCALE-825] WINDOWS: short=1.000 med=1.000 long=0.960
[10-06 20:13:57] INFO: [MULTI-SCALE-825] QUALITY: stability=0.800 learn_rate=0.00000
[10-06 20:13:57] INFO: [ACHIEVEMENT] Stable 90%+ success rate achieved for 10 episodes!
[10-06 20:13:57] INFO: [HEALTH-CHECK-825] Overall: NEEDS_IMPROVEMENT (score=0.400)
[10-06 20:13:57] INFO: ================================================================================
[10-06 20:14:00] INFO: [RL-EP-0826] (826)
[10-06 20:14:02] INFO: [RL-EP-0827] (827)
[10-06 20:14:06] INFO: [RL-EP-0828] (828)
[10-06 20:14:09] INFO: [RL-EP-0829] (829)
[10-06 20:14:12] INFO: [RL-EP-0830] roll=1.000/0.000/0.000
[10-06 20:14:15] INFO: [RL-EP-0831] (831)
[10-06 20:14:18] INFO: [RL-EP-0832] (832)
[10-06 20:14:20] INFO: [RL-EP-0833] (833)
[10-06 20:14:23] INFO: [RL-EP-0834] (834)
[10-06 20:14:26] INFO: [RL-EP-0835] roll=0.980/0.020/0.000
[10-06 20:14:30] INFO: [RL-EP-0836] (836)
[10-06 20:14:33] INFO: [RL-EP-0837] (837)
[10-06 20:14:36] INFO: [RL-EP-0838] (838)
[10-06 20:14:40] INFO: [RL-EP-0839] (839)
[10-06 20:14:44] INFO: [RL-EP-0840] roll=0.980/0.020/0.000
[10-06 20:14:47] INFO: [RL-EP-0841] (841)
[10-06 20:14:50] INFO: [RL-EP-0842] (842)
[10-06 20:14:53] INFO: [RL-EP-0843] (843)
[10-06 20:14:57] INFO: [RL-EP-0844] (844)
[10-06 20:14:59] INFO: [RL-EP-0845] roll=0.980/0.020/0.000
[10-06 20:15:03] INFO: [RL-EP-0846] (846)
[10-06 20:15:06] INFO: [RL-EP-0847] (847)
[10-06 20:15:09] INFO: [RL-EP-0848] (848)
[10-06 20:15:12] INFO: [RL-EP-0849] (849)
[10-06 20:15:12] INFO: [CONFIG-CHECK] ep=850 updates_per_ep=4 (from config)
[10-06 20:15:15] INFO: [SARL-LOSS] ep=850 value_loss=0.0217 epsilon=0.1583
[10-06 20:15:15] INFO: [STAT] ep=850 | roll@25(s/c/t)=1.0/0.0/0.0 (0.98/0.02/0.00) | R.mean=0.5
[10-06 20:15:15] INFO: [METRICS-25] time=15.15s | dfreq=0.000 | ddist=0.000m
[10-06 20:15:16] INFO: [METRICS-PLOT] 3-metrics curve -> /root/bayes-vl-matched-20261006/crowd_nav/runs/bayes-matched-v1/bayes_mean-seed42/curves_3metrics.png
[10-06 20:15:16] INFO: [RL-EP-0850] (850/10000) s/c/t=1/0/0 qloss=0.0000 ploss=0.0000 buf=200000
[10-06 20:15:16] INFO:               cumulative s/c/t%: 98.0%/2.0%/0.0%
[10-06 20:15:16] INFO: [REPLAY-STORE] ok=850 skip=0 steps=49035 buf=200000
[10-06 20:15:16] INFO: [STAGE0-MONITOR] timeout_ratio=0.000 (target: decrease over time)
[10-06 20:15:16] INFO: ================================================================================
[10-06 20:15:16] INFO: [MULTI-SCALE-850] TARGET: peak=1.000 stable_90=10ep
[10-06 20:15:16] INFO: [MULTI-SCALE-850] WINDOWS: short=1.000 med=0.960 long=0.970
[10-06 20:15:16] INFO: [MULTI-SCALE-850] QUALITY: stability=0.800 learn_rate=0.00000
[10-06 20:15:16] INFO: [ACHIEVEMENT] Stable 90%+ success rate achieved for 10 episodes!
[10-06 20:15:16] INFO: [HEALTH-CHECK-850] Overall: NEEDS_IMPROVEMENT (score=0.400)
[10-06 20:15:16] INFO: ================================================================================
[10-06 20:15:19] INFO: [RL-EP-0851] (851)
[10-06 20:15:22] INFO: [RL-EP-0852] (852)
[10-06 20:15:25] INFO: [RL-EP-0853] (853)
[10-06 20:15:28] INFO: [RL-EP-0854] (854)
[10-06 20:15:32] INFO: [RL-EP-0855] roll=0.980/0.020/0.000
[10-06 20:15:35] INFO: [RL-EP-0856] (856)
[10-06 20:15:38] INFO: [RL-EP-0857] (857)
[10-06 20:15:42] INFO: [RL-EP-0858] (858)
[10-06 20:15:45] INFO: [RL-EP-0859] (859)
[10-06 20:15:47] INFO: [RL-EP-0860] roll=0.960/0.040/0.000
[10-06 20:15:50] INFO: [RL-EP-0861] (861)
[10-06 20:15:53] INFO: [RL-EP-0862] (862)
[10-06 20:15:56] INFO: [RL-EP-0863] (863)
[10-06 20:16:00] INFO: [RL-EP-0864] (864)
[10-06 20:16:03] INFO: [RL-EP-0865] roll=0.960/0.040/0.000
[10-06 20:16:06] INFO: [RL-EP-0866] (866)
[10-06 20:16:10] INFO: [RL-EP-0867] (867)
[10-06 20:16:13] INFO: [RL-EP-0868] (868)
[10-06 20:16:16] INFO: [RL-EP-0869] (869)
[10-06 20:16:19] INFO: [RL-EP-0870] roll=0.960/0.040/0.000
[10-06 20:16:22] INFO: [RL-EP-0871] (871)
[10-06 20:16:25] INFO: [RL-EP-0872] (872)
[10-06 20:16:28] INFO: [RL-EP-0873] (873)
[10-06 20:16:31] INFO: [RL-EP-0874] (874)
[10-06 20:16:34] INFO: [SARL-LOSS] ep=875 value_loss=0.0175 epsilon=0.1542
[10-06 20:16:34] INFO: [STAT] ep=875 | roll@25(s/c/t)=1.0/0.0/0.0 (0.96/0.04/0.00) | R.mean=0.5
[10-06 20:16:34] INFO: [METRICS-25] time=15.01s | dfreq=0.000 | ddist=0.000m
[10-06 20:16:35] INFO: [METRICS-PLOT] 3-metrics curve -> /root/bayes-vl-matched-20261006/crowd_nav/runs/bayes-matched-v1/bayes_mean-seed42/curves_3metrics.png
[10-06 20:16:35] INFO: [RL-EP-0875] (875/10000) s/c/t=1/0/0 qloss=0.0000 ploss=0.0000 buf=200000
[10-06 20:16:35] INFO:               cumulative s/c/t%: 96.0%/4.0%/0.0%
[10-06 20:16:35] INFO: [REPLAY-STORE] ok=875 skip=0 steps=50541 buf=200000
[10-06 20:16:35] INFO: [STAGE0-MONITOR] timeout_ratio=0.000 (target: decrease over time)
[10-06 20:16:35] INFO: ================================================================================
[10-06 20:16:35] INFO: [MULTI-SCALE-875] TARGET: peak=1.000 stable_90=10ep
[10-06 20:16:35] INFO: [MULTI-SCALE-875] WINDOWS: short=1.000 med=0.960 long=0.980
[10-06 20:16:35] INFO: [MULTI-SCALE-875] QUALITY: stability=0.800 learn_rate=0.00000
[10-06 20:16:35] INFO: [ACHIEVEMENT] Stable 90%+ success rate achieved for 10 episodes!
[10-06 20:16:35] INFO: [HEALTH-CHECK-875] Overall: NEEDS_IMPROVEMENT (score=0.400)
[10-06 20:16:35] INFO: ================================================================================
[10-06 20:16:38] INFO: [RL-EP-0876] (876)
[10-06 20:16:41] INFO: [RL-EP-0877] (877)
[10-06 20:16:44] INFO: [RL-EP-0878] (878)
[10-06 20:16:47] INFO: [RL-EP-0879] (879)
[10-06 20:16:50] INFO: [RL-EP-0880] roll=0.960/0.040/0.000
[10-06 20:16:53] INFO: [RL-EP-0881] (881)
[10-06 20:16:55] INFO: [RL-EP-0882] (882)
[10-06 20:16:57] INFO: [RL-EP-0883] (883)
[10-06 20:17:00] INFO: [RL-EP-0884] (884)
[10-06 20:17:03] INFO: [RL-EP-0885] roll=0.960/0.040/0.000
[10-06 20:17:06] INFO: [RL-EP-0886] (886)
[10-06 20:17:08] INFO: [RL-EP-0887] (887)
[10-06 20:17:11] INFO: [RL-EP-0888] (888)
[10-06 20:17:14] INFO: [RL-EP-0889] (889)
[10-06 20:17:17] INFO: [RL-EP-0890] roll=0.920/0.080/0.000
[10-06 20:17:20] INFO: [RL-EP-0891] (891)
[10-06 20:17:23] INFO: [RL-EP-0892] (892)
[10-06 20:17:25] INFO: [RL-EP-0893] (893)
[10-06 20:17:29] INFO: [RL-EP-0894] (894)
[10-06 20:17:32] INFO: [RL-EP-0895] roll=0.900/0.100/0.000
[10-06 20:17:35] INFO: [RL-EP-0896] (896)
[10-06 20:17:38] INFO: [RL-EP-0897] (897)
[10-06 20:17:41] INFO: [RL-EP-0898] (898)
[10-06 20:17:45] INFO: [RL-EP-0899] (899)
[10-06 20:17:45] INFO: [CONFIG-CHECK] ep=900 updates_per_ep=4 (from config)
[10-06 20:17:45] INFO: [SARL-EPSILON] ep=900 epsilon=0.1500 (start=0.3, end=0.05, decay=1500)
[10-06 20:17:48] INFO: [SARL-REPLAY] ep=900 buffer_size=200000 updates=4
[10-06 20:17:48] INFO: [SARL-LOSS] ep=900 value_loss=0.0152 epsilon=0.1500
[10-06 20:17:48] INFO: [SARL-STATS] ep=900 buffer_size=200000
[10-06 20:17:48] INFO: [STAT] ep=900 | roll@25(s/c/t)=0.9/0.1/0.0 (0.90/0.10/0.00) | R.mean=0.5
[10-06 20:17:48] INFO: [METRICS-25] time=14.27s | dfreq=0.000 | ddist=0.000m
[10-06 20:17:48] INFO: [METRICS-PLOT] 3-metrics curve -> /root/bayes-vl-matched-20261006/crowd_nav/runs/bayes-matched-v1/bayes_mean-seed42/curves_3metrics.png
[10-06 20:17:48] INFO: [RL-EP-0900] (900/10000) s/c/t=1/0/0 qloss=0.0000 ploss=0.0000 buf=200000
[10-06 20:17:48] INFO:               cumulative s/c/t%: 90.0%/10.0%/0.0%
[10-06 20:17:48] INFO: [REPLAY-STORE] ok=900 skip=0 steps=51888 buf=200000
[10-06 20:17:48] INFO: [STAGE0-MONITOR] timeout_ratio=0.000 (target: decrease over time)
[10-06 20:17:48] INFO: [SOT-0900] REWARD succ=1.0/coll=-0.50 | GRID 5×16=80 | EVENTS s=0.90/c=0.10/t=0.00
[10-06 20:17:48] INFO: ================================================================================
[10-06 20:17:48] INFO: [MULTI-SCALE-900] TARGET: peak=1.000 stable_90=10ep
[10-06 20:17:48] INFO: [MULTI-SCALE-900] WINDOWS: short=0.900 med=0.840 long=0.940
[10-06 20:17:48] INFO: [MULTI-SCALE-900] QUALITY: stability=0.800 learn_rate=0.00000
[10-06 20:17:48] INFO: [ACHIEVEMENT] Stable 90%+ success rate achieved for 10 episodes!
[10-06 20:17:48] INFO: [HEALTH-CHECK-900] Overall: NEEDS_IMPROVEMENT (score=0.400)
[10-06 20:17:48] INFO: ================================================================================
[10-06 20:17:52] INFO: [RL-EP-0901] (901)
[10-06 20:17:55] INFO: [RL-EP-0902] (902)
[10-06 20:17:58] INFO: [RL-EP-0903] (903)
[10-06 20:18:02] INFO: [RL-EP-0904] (904)
[10-06 20:18:05] INFO: [RL-EP-0905] roll=0.900/0.100/0.000
[10-06 20:18:08] INFO: [RL-EP-0906] (906)
[10-06 20:18:11] INFO: [RL-EP-0907] (907)
[10-06 20:18:14] INFO: [RL-EP-0908] (908)
[10-06 20:18:17] INFO: [RL-EP-0909] (909)
[10-06 20:18:21] INFO: [RL-EP-0910] roll=0.920/0.080/0.000
[10-06 20:18:24] INFO: [RL-EP-0911] (911)
[10-06 20:18:28] INFO: [RL-EP-0912] (912)
[10-06 20:18:31] INFO: [RL-EP-0913] (913)
[10-06 20:18:35] INFO: [RL-EP-0914] (914)
[10-06 20:18:39] INFO: [RL-EP-0915] roll=0.920/0.080/0.000
[10-06 20:18:42] INFO: [RL-EP-0916] (916)
[10-06 20:18:45] INFO: [RL-EP-0917] (917)
[10-06 20:18:49] INFO: [RL-EP-0918] (918)
[10-06 20:18:52] INFO: [RL-EP-0919] (919)
[10-06 20:18:55] INFO: [RL-EP-0920] roll=0.920/0.080/0.000
[10-06 20:18:59] INFO: [RL-EP-0921] (921)
[10-06 20:19:02] INFO: [RL-EP-0922] (922)
[10-06 20:19:05] INFO: [RL-EP-0923] (923)
[10-06 20:19:08] INFO: [RL-EP-0924] (924)
[10-06 20:19:11] INFO: [SARL-LOSS] ep=925 value_loss=0.0232 epsilon=0.1458
[10-06 20:19:11] INFO: [STAT] ep=925 | roll@25(s/c/t)=0.9/0.1/0.0 (0.92/0.08/0.00) | R.mean=0.5
[10-06 20:19:11] INFO: [METRICS-25] time=14.98s | dfreq=0.000 | ddist=0.000m
[10-06 20:19:11] INFO: [METRICS-PLOT] 3-metrics curve -> /root/bayes-vl-matched-20261006/crowd_nav/runs/bayes-matched-v1/bayes_mean-seed42/curves_3metrics.png
[10-06 20:19:11] INFO: [RL-EP-0925] (925/10000) s/c/t=1/0/0 qloss=0.0000 ploss=0.0000 buf=200000
[10-06 20:19:11] INFO:               cumulative s/c/t%: 92.0%/8.0%/0.0%
[10-06 20:19:11] INFO: [REPLAY-STORE] ok=925 skip=0 steps=53538 buf=200000
[10-06 20:19:11] INFO: [STAGE0-MONITOR] timeout_ratio=0.000 (target: decrease over time)
[10-06 20:19:11] INFO: ================================================================================
[10-06 20:19:11] INFO: [MULTI-SCALE-925] TARGET: peak=1.000 stable_90=10ep
[10-06 20:19:11] INFO: [MULTI-SCALE-925] WINDOWS: short=1.000 med=1.000 long=0.940
[10-06 20:19:11] INFO: [MULTI-SCALE-925] QUALITY: stability=0.800 learn_rate=0.00000
[10-06 20:19:11] INFO: [ACHIEVEMENT] Stable 90%+ success rate achieved for 10 episodes!
[10-06 20:19:11] INFO: [HEALTH-CHECK-925] Overall: NEEDS_IMPROVEMENT (score=0.400)
[10-06 20:19:11] INFO: ================================================================================
[10-06 20:19:18] INFO: [RL-EP-0926] (926)
[10-06 20:19:21] INFO: [RL-EP-0927] (927)
[10-06 20:19:24] INFO: [RL-EP-0928] (928)
[10-06 20:19:28] INFO: [RL-EP-0929] (929)
[10-06 20:19:31] INFO: [RL-EP-0930] roll=0.900/0.080/0.020
[10-06 20:19:34] INFO: [RL-EP-0931] (931)
[10-06 20:19:37] INFO: [RL-EP-0932] (932)
[10-06 20:19:40] INFO: [RL-EP-0933] (933)
[10-06 20:19:43] INFO: [RL-EP-0934] (934)
[10-06 20:19:46] INFO: [RL-EP-0935] roll=0.900/0.080/0.020
[10-06 20:19:49] INFO: [RL-EP-0936] (936)
[10-06 20:19:52] INFO: [RL-EP-0937] (937)
[10-06 20:19:56] INFO: [RL-EP-0938] (938)
[10-06 20:19:59] INFO: [RL-EP-0939] (939)
[10-06 20:20:02] INFO: [RL-EP-0940] roll=0.940/0.040/0.020
[10-06 20:20:06] INFO: [RL-EP-0941] (941)
[10-06 20:20:09] INFO: [RL-EP-0942] (942)
[10-06 20:20:12] INFO: [RL-EP-0943] (943)
[10-06 20:20:15] INFO: [RL-EP-0944] (944)
[10-06 20:20:18] INFO: [RL-EP-0945] roll=0.960/0.020/0.020
[10-06 20:20:21] INFO: [RL-EP-0946] (946)
[10-06 20:20:24] INFO: [RL-EP-0947] (947)
[10-06 20:20:28] INFO: [RL-EP-0948] (948)
[10-06 20:20:31] INFO: [RL-EP-0949] (949)
[10-06 20:20:31] INFO: [CONFIG-CHECK] ep=950 updates_per_ep=4 (from config)
[10-06 20:20:35] INFO: [SARL-LOSS] ep=950 value_loss=0.0199 epsilon=0.1417
[10-06 20:20:35] INFO: [STAT] ep=950 | roll@25(s/c/t)=1.0/0.0/0.0 (0.96/0.02/0.02) | R.mean=0.5
[10-06 20:20:35] INFO: [METRICS-25] time=16.61s | dfreq=0.000 | ddist=0.000m
[10-06 20:20:35] INFO: [METRICS-PLOT] 3-metrics curve -> /root/bayes-vl-matched-20261006/crowd_nav/runs/bayes-matched-v1/bayes_mean-seed42/curves_3metrics.png
[10-06 20:20:35] INFO: [RL-EP-0950] (950/10000) s/c/t=1/0/0 qloss=0.0000 ploss=0.0000 buf=200000
[10-06 20:20:35] INFO:               cumulative s/c/t%: 96.0%/2.0%/2.0%
[10-06 20:20:35] INFO: [REPLAY-STORE] ok=950 skip=0 steps=55210 buf=200000
[10-06 20:20:35] INFO: [STAGE0-MONITOR] timeout_ratio=0.020 (target: decrease over time)
[10-06 20:20:35] INFO: ================================================================================
[10-06 20:20:35] INFO: [MULTI-SCALE-950] TARGET: peak=1.000 stable_90=10ep
[10-06 20:20:35] INFO: [MULTI-SCALE-950] WINDOWS: short=1.000 med=0.920 long=0.930
[10-06 20:20:35] INFO: [MULTI-SCALE-950] QUALITY: stability=0.800 learn_rate=0.00000
[10-06 20:20:35] INFO: [ACHIEVEMENT] Stable 90%+ success rate achieved for 10 episodes!
[10-06 20:20:35] INFO: [HEALTH-CHECK-950] Overall: NEEDS_IMPROVEMENT (score=0.400)
[10-06 20:20:35] INFO: ================================================================================
[10-06 20:20:38] INFO: [RL-EP-0951] (951)
[10-06 20:20:42] INFO: [RL-EP-0952] (952)
[10-06 20:20:45] INFO: [RL-EP-0953] (953)
[10-06 20:20:48] INFO: [RL-EP-0954] (954)
[10-06 20:20:55] INFO: [RL-EP-0955] roll=0.940/0.020/0.040
[10-06 20:20:58] INFO: [RL-EP-0956] (956)
[10-06 20:21:01] INFO: [RL-EP-0957] (957)
[10-06 20:21:04] INFO: [RL-EP-0958] (958)
[10-06 20:21:07] INFO: [RL-EP-0959] (959)
[10-06 20:21:10] INFO: [RL-EP-0960] roll=0.940/0.020/0.040
[10-06 20:21:14] INFO: [RL-EP-0961] (961)
[10-06 20:21:17] INFO: [RL-EP-0962] (962)
[10-06 20:21:20] INFO: [RL-EP-0963] (963)
[10-06 20:21:23] INFO: [RL-EP-0964] (964)
[10-06 20:21:26] INFO: [RL-EP-0965] roll=0.940/0.020/0.040
[10-06 20:21:30] INFO: [RL-EP-0966] (966)
[10-06 20:21:33] INFO: [RL-EP-0967] (967)
[10-06 20:21:36] INFO: [RL-EP-0968] (968)
[10-06 20:21:39] INFO: [RL-EP-0969] (969)
[10-06 20:21:42] INFO: [RL-EP-0970] roll=0.940/0.020/0.040
[10-06 20:21:45] INFO: [RL-EP-0971] (971)
[10-06 20:21:48] INFO: [RL-EP-0972] (972)
[10-06 20:21:52] INFO: [RL-EP-0973] (973)
[10-06 20:21:55] INFO: [RL-EP-0974] (974)
[10-06 20:21:58] INFO: [SARL-LOSS] ep=975 value_loss=0.0210 epsilon=0.1375
[10-06 20:21:58] INFO: [STAT] ep=975 | roll@25(s/c/t)=0.9/0.0/0.0 (0.94/0.02/0.04) | R.mean=0.5
[10-06 20:21:58] INFO: [METRICS-25] time=16.73s | dfreq=0.000 | ddist=0.000m
[10-06 20:21:59] INFO: [METRICS-PLOT] 3-metrics curve -> /root/bayes-vl-matched-20261006/crowd_nav/runs/bayes-matched-v1/bayes_mean-seed42/curves_3metrics.png
[10-06 20:21:59] INFO: [RL-EP-0975] (975/10000) s/c/t=1/0/0 qloss=0.0000 ploss=0.0000 buf=200000
[10-06 20:21:59] INFO:               cumulative s/c/t%: 94.0%/2.0%/4.0%
[10-06 20:21:59] INFO: [REPLAY-STORE] ok=975 skip=0 steps=56885 buf=200000
[10-06 20:21:59] INFO: [STAGE0-MONITOR] timeout_ratio=0.040 (target: decrease over time)
[10-06 20:21:59] INFO: ================================================================================
[10-06 20:21:59] INFO: [MULTI-SCALE-975] TARGET: peak=1.000 stable_90=10ep
[10-06 20:21:59] INFO: [MULTI-SCALE-975] WINDOWS: short=1.000 med=0.960 long=0.930
[10-06 20:21:59] INFO: [MULTI-SCALE-975] QUALITY: stability=0.800 learn_rate=0.00000
[10-06 20:21:59] INFO: [ACHIEVEMENT] Stable 90%+ success rate achieved for 10 episodes!
[10-06 20:21:59] INFO: [HEALTH-CHECK-975] Overall: NEEDS_IMPROVEMENT (score=0.400)
[10-06 20:21:59] INFO: ================================================================================
[10-06 20:22:02] INFO: [RL-EP-0976] (976)
[10-06 20:22:05] INFO: [RL-EP-0977] (977)
[10-06 20:22:08] INFO: [RL-EP-0978] (978)
[10-06 20:22:12] INFO: [RL-EP-0979] (979)
[10-06 20:22:15] INFO: [RL-EP-0980] roll=0.960/0.020/0.020
[10-06 20:22:19] INFO: [RL-EP-0981] (981)
[10-06 20:22:22] INFO: [RL-EP-0982] (982)
[10-06 20:22:25] INFO: [RL-EP-0983] (983)
[10-06 20:22:29] INFO: [RL-EP-0984] (984)
[10-06 20:22:32] INFO: [RL-EP-0985] roll=0.980/0.000/0.020
[10-06 20:22:35] INFO: [RL-EP-0986] (986)
[10-06 20:22:39] INFO: [RL-EP-0987] (987)
[10-06 20:22:42] INFO: [RL-EP-0988] (988)
[10-06 20:22:45] INFO: [RL-EP-0989] (989)
[10-06 20:22:48] INFO: [RL-EP-0990] roll=0.980/0.000/0.020
[10-06 20:22:52] INFO: [RL-EP-0991] (991)
[10-06 20:22:55] INFO: [RL-EP-0992] (992)
[10-06 20:22:59] INFO: [RL-EP-0993] (993)
[10-06 20:23:02] INFO: [RL-EP-0994] (994)
[10-06 20:23:06] INFO: [RL-EP-0995] roll=0.980/0.000/0.020
[10-06 20:23:09] INFO: [RL-EP-0996] (996)
[10-06 20:23:12] INFO: [RL-EP-0997] (997)
[10-06 20:23:15] INFO: [RL-EP-0998] (998)
[10-06 20:23:18] INFO: [RL-EP-0999] (999)
[10-06 20:23:18] INFO: [CONFIG-CHECK] ep=1000 updates_per_ep=4 (from config)
[10-06 20:23:18] INFO: [SARL-EPSILON] ep=1000 epsilon=0.1333 (start=0.3, end=0.05, decay=1500)
[10-06 20:23:22] INFO: [SARL-REPLAY] ep=1000 buffer_size=200000 updates=4
[10-06 20:23:22] INFO: [SARL-LOSS] ep=1000 value_loss=0.0165 epsilon=0.1333
[10-06 20:23:22] INFO: [SARL-STATS] ep=1000 buffer_size=200000
[10-06 20:23:22] INFO: [STAT] ep=1000 | roll@25(s/c/t)=1.0/0.0/0.0 (0.98/0.00/0.02) | R.mean=0.5
[10-06 20:23:22] INFO: [METRICS-25] time=16.62s | dfreq=0.000 | ddist=0.000m
[10-06 20:23:22] INFO: [METRICS-PLOT] 3-metrics curve -> /root/bayes-vl-matched-20261006/crowd_nav/runs/bayes-matched-v1/bayes_mean-seed42/curves_3metrics.png
[10-06 20:23:22] INFO: [RL-EP-1000] (1000/10000) s/c/t=1/0/0 qloss=0.0000 ploss=0.0000 buf=200000
[10-06 20:23:22] INFO:               cumulative s/c/t%: 98.0%/0.0%/2.0%
[10-06 20:23:22] INFO: [REPLAY-STORE] ok=1000 skip=0 steps=58535 buf=200000
[10-06 20:23:22] INFO: [STAGE0-MONITOR] timeout_ratio=0.020 (target: decrease over time)
[10-06 20:23:22] INFO: [SOT-1000] REWARD succ=1.0/coll=-0.50 | GRID 5×16=80 | EVENTS s=0.98/c=0.00/t=0.02
[10-06 20:23:22] INFO: ================================================================================
[10-06 20:23:22] INFO: [MULTI-SCALE-1000] TARGET: peak=1.000 stable_90=10ep
[10-06 20:23:22] INFO: [MULTI-SCALE-1000] WINDOWS: short=1.000 med=1.000 long=0.970
[10-06 20:23:22] INFO: [MULTI-SCALE-1000] QUALITY: stability=0.800 learn_rate=0.00000
[10-06 20:23:22] INFO: [ACHIEVEMENT] Stable 90%+ success rate achieved for 10 episodes!
[10-06 20:23:22] INFO: [HEALTH-CHECK-1000] Overall: NEEDS_IMPROVEMENT (score=0.400)
[10-06 20:23:22] INFO: ================================================================================
[10-06 20:23:23] INFO: [PLOT] curves updated ep=1000
[10-06 20:23:23] INFO: [EVAL] Starting evaluation: ep=1000, ε=0.0, k=50
[10-06 20:24:44] INFO: [EVAL] Completed evaluation: succ=1.000 coll=0.000 timeout=0.000 sum=1.000 nav=14.14
[10-06 20:24:44] INFO: [EVAL-EXTENDED] path_len=9.45m smoothness=0.691 avg_speed=0.68m/s
[10-06 20:24:44] INFO: [BEST-SAVE] success=1.000 -> /root/bayes-vl-matched-20261006/crowd_nav/runs/bayes-matched-v1/bayes_mean-seed42/best_model.pth
[10-06 20:24:44] INFO: ================================================================================
[10-06 20:24:44] INFO: [CUMULATIVE-METRICS] Episode 1000: Cumulative average (all 1000 episodes)
[10-06 20:24:44] INFO:   Success: 0.888 (88.8%), Collision: 0.106 (10.6%), Timeout: 0.006 (0.6%)
[10-06 20:24:44] INFO:   Avg Reward: 0.44
[10-06 20:24:44] INFO:   Avg Time Taken: 14.63s
[10-06 20:24:44] INFO:   Avg Discomfort Freq: 0.000
[10-06 20:24:44] INFO:   Avg Discomfort Dist: 0.000m
[10-06 20:24:44] INFO: ================================================================================
[10-06 20:24:44] INFO: [RL-SAVE] sarl checkpoint -> /root/bayes-vl-matched-20261006/crowd_nav/runs/bayes-matched-v1/bayes_mean-seed42/rl_model_ep1000.pth
[10-06 20:24:44] INFO: [RL-SAVE] Saved components: policy, target network, optimizer
[10-06 20:24:48] INFO: [RL-EP-1001] (1001)
[10-06 20:24:51] INFO: [RL-EP-1002] (1002)
[10-06 20:24:54] INFO: [RL-EP-1003] (1003)
[10-06 20:24:59] INFO: [RL-EP-1004] (1004)
[10-06 20:25:02] INFO: [RL-EP-1005] roll=1.000/0.000/0.000
[10-06 20:25:05] INFO: [RL-EP-1006] (1006)
[10-06 20:25:08] INFO: [RL-EP-1007] (1007)
[10-06 20:25:11] INFO: [RL-EP-1008] (1008)
[10-06 20:25:14] INFO: [RL-EP-1009] (1009)
[10-06 20:25:17] INFO: [RL-EP-1010] roll=1.000/0.000/0.000
[10-06 20:25:21] INFO: [RL-EP-1011] (1011)
[10-06 20:25:24] INFO: [RL-EP-1012] (1012)
[10-06 20:25:27] INFO: [RL-EP-1013] (1013)
[10-06 20:25:30] INFO: [RL-EP-1014] (1014)
[10-06 20:25:33] INFO: [RL-EP-1015] roll=1.000/0.000/0.000
[10-06 20:25:36] INFO: [RL-EP-1016] (1016)
[10-06 20:25:39] INFO: [RL-EP-1017] (1017)
[10-06 20:25:43] INFO: [RL-EP-1018] (1018)
[10-06 20:25:46] INFO: [RL-EP-1019] (1019)
[10-06 20:25:50] INFO: [RL-EP-1020] roll=1.000/0.000/0.000
[10-06 20:25:53] INFO: [RL-EP-1021] (1021)
[10-06 20:25:56] INFO: [RL-EP-1022] (1022)
[10-06 20:26:03] INFO: [RL-EP-1023] (1023)
[10-06 20:26:06] INFO: [RL-EP-1024] (1024)
[10-06 20:26:09] INFO: [SARL-LOSS] ep=1025 value_loss=0.0210 epsilon=0.1292
[10-06 20:26:09] INFO: [STAT] ep=1025 | roll@25(s/c/t)=1.0/0.0/0.0 (0.98/0.00/0.02) | R.mean=0.5
[10-06 20:26:09] INFO: [METRICS-25] time=17.07s | dfreq=0.000 | ddist=0.000m
[10-06 20:26:10] INFO: [METRICS-PLOT] 3-metrics curve -> /root/bayes-vl-matched-20261006/crowd_nav/runs/bayes-matched-v1/bayes_mean-seed42/curves_3metrics.png
[10-06 20:26:10] INFO: [RL-EP-1025] (1025/10000) s/c/t=1/0/0 qloss=0.0000 ploss=0.0000 buf=200000
[10-06 20:26:10] INFO:               cumulative s/c/t%: 98.0%/0.0%/2.0%
[10-06 20:26:10] INFO: [REPLAY-STORE] ok=1025 skip=0 steps=60300 buf=200000
[10-06 20:26:10] INFO: [STAGE0-MONITOR] timeout_ratio=0.020 (target: decrease over time)
[10-06 20:26:10] INFO: ================================================================================
[10-06 20:26:10] INFO: [MULTI-SCALE-1025] TARGET: peak=1.000 stable_90=10ep
[10-06 20:26:10] INFO: [MULTI-SCALE-1025] WINDOWS: short=0.900 med=0.960 long=0.960
[10-06 20:26:10] INFO: [MULTI-SCALE-1025] QUALITY: stability=0.800 learn_rate=0.00000
[10-06 20:26:10] INFO: [ACHIEVEMENT] Stable 90%+ success rate achieved for 10 episodes!
[10-06 20:26:10] INFO: [HEALTH-CHECK-1025] Overall: NEEDS_IMPROVEMENT (score=0.400)
[10-06 20:26:10] INFO: ================================================================================
[10-06 20:26:13] INFO: [RL-EP-1026] (1026)
[10-06 20:26:16] INFO: [RL-EP-1027] (1027)
[10-06 20:26:20] INFO: [RL-EP-1028] (1028)
[10-06 20:26:23] INFO: [RL-EP-1029] (1029)
[10-06 20:26:26] INFO: [RL-EP-1030] roll=0.980/0.000/0.020
[10-06 20:26:29] INFO: [RL-EP-1031] (1031)
[10-06 20:26:32] INFO: [RL-EP-1032] (1032)
[10-06 20:26:36] INFO: [RL-EP-1033] (1033)
[10-06 20:26:39] INFO: [RL-EP-1034] (1034)
[10-06 20:26:42] INFO: [RL-EP-1035] roll=0.980/0.000/0.020
[10-06 20:26:46] INFO: [RL-EP-1036] (1036)
[10-06 20:26:49] INFO: [RL-EP-1037] (1037)
[10-06 20:26:52] INFO: [RL-EP-1038] (1038)
[10-06 20:26:55] INFO: [RL-EP-1039] (1039)
[10-06 20:26:59] INFO: [RL-EP-1040] roll=0.980/0.000/0.020
[10-06 20:27:02] INFO: [RL-EP-1041] (1041)
[10-06 20:27:05] INFO: [RL-EP-1042] (1042)
[10-06 20:27:08] INFO: [RL-EP-1043] (1043)
[10-06 20:27:14] INFO: [RL-EP-1044] (1044)
[10-06 20:27:17] INFO: [RL-EP-1045] roll=0.980/0.000/0.020
[10-06 20:27:20] INFO: [RL-EP-1046] (1046)
[10-06 20:27:23] INFO: [RL-EP-1047] (1047)
[10-06 20:27:27] INFO: [RL-EP-1048] (1048)
[10-06 20:27:30] INFO: [RL-EP-1049] (1049)
[10-06 20:27:30] INFO: [CONFIG-CHECK] ep=1050 updates_per_ep=4 (from config)
[10-06 20:27:33] INFO: [SARL-LOSS] ep=1050 value_loss=0.0168 epsilon=0.1250
[10-06 20:27:33] INFO: [STAT] ep=1050 | roll@25(s/c/t)=1.0/0.0/0.0 (0.98/0.00/0.02) | R.mean=0.5
[10-06 20:27:33] INFO: [METRICS-25] time=17.05s | dfreq=0.000 | ddist=0.000m
[10-06 20:27:34] INFO: [METRICS-PLOT] 3-metrics curve -> /root/bayes-vl-matched-20261006/crowd_nav/runs/bayes-matched-v1/bayes_mean-seed42/curves_3metrics.png
[10-06 20:27:34] INFO: [RL-EP-1050] (1050/10000) s/c/t=1/0/0 qloss=0.0000 ploss=0.0000 buf=200000
[10-06 20:27:34] INFO:               cumulative s/c/t%: 98.0%/0.0%/2.0%
[10-06 20:27:34] INFO: [REPLAY-STORE] ok=1050 skip=0 steps=61944 buf=200000
[10-06 20:27:34] INFO: [STAGE0-MONITOR] timeout_ratio=0.020 (target: decrease over time)
[10-06 20:27:34] INFO: ================================================================================
[10-06 20:27:34] INFO: [MULTI-SCALE-1050] TARGET: peak=1.000 stable_90=10ep
[10-06 20:27:34] INFO: [MULTI-SCALE-1050] WINDOWS: short=1.000 med=1.000 long=0.980
[10-06 20:27:34] INFO: [MULTI-SCALE-1050] QUALITY: stability=0.800 learn_rate=0.00000
[10-06 20:27:34] INFO: [ACHIEVEMENT] Stable 90%+ success rate achieved for 10 episodes!
[10-06 20:27:34] INFO: [HEALTH-CHECK-1050] Overall: NEEDS_IMPROVEMENT (score=0.400)
[10-06 20:27:34] INFO: ================================================================================
[10-06 20:27:37] INFO: [RL-EP-1051] (1051)
[10-06 20:27:41] INFO: [RL-EP-1052] (1052)
[10-06 20:27:44] INFO: [RL-EP-1053] (1053)
[10-06 20:27:47] INFO: [RL-EP-1054] (1054)
[10-06 20:27:50] INFO: [RL-EP-1055] roll=0.980/0.000/0.020
[10-06 20:27:53] INFO: [RL-EP-1056] (1056)
[10-06 20:27:55] INFO: [RL-EP-1057] (1057)
[10-06 20:27:57] INFO: [RL-EP-1058] (1058)
[10-06 20:28:02] INFO: [RL-EP-1059] (1059)
[10-06 20:28:06] INFO: [RL-EP-1060] roll=0.940/0.040/0.020
[10-06 20:28:10] INFO: [RL-EP-1061] (1061)
[10-06 20:28:13] INFO: [RL-EP-1062] (1062)
[10-06 20:28:16] INFO: [RL-EP-1063] (1063)
[10-06 20:28:19] INFO: [RL-EP-1064] (1064)
[10-06 20:28:22] INFO: [RL-EP-1065] roll=0.940/0.040/0.020
[10-06 20:28:26] INFO: [RL-EP-1066] (1066)
[10-06 20:28:29] INFO: [RL-EP-1067] (1067)
[10-06 20:28:32] INFO: [RL-EP-1068] (1068)
[10-06 20:28:35] INFO: [RL-EP-1069] (1069)
[10-06 20:28:38] INFO: [RL-EP-1070] roll=0.940/0.040/0.020
[10-06 20:28:41] INFO: [RL-EP-1071] (1071)
[10-06 20:28:44] INFO: [RL-EP-1072] (1072)
[10-06 20:28:47] INFO: [RL-EP-1073] (1073)
[10-06 20:28:50] INFO: [RL-EP-1074] (1074)
[10-06 20:28:54] INFO: [SARL-LOSS] ep=1075 value_loss=0.0147 epsilon=0.1208
[10-06 20:28:54] INFO: [STAT] ep=1075 | roll@25(s/c/t)=1.0/0.0/0.0 (0.96/0.04/0.00) | R.mean=0.5
[10-06 20:28:54] INFO: [METRICS-25] time=15.70s | dfreq=0.000 | ddist=0.000m
[10-06 20:28:54] INFO: [METRICS-PLOT] 3-metrics curve -> /root/bayes-vl-matched-20261006/crowd_nav/runs/bayes-matched-v1/bayes_mean-seed42/curves_3metrics.png
[10-06 20:28:54] INFO: [RL-EP-1075] (1075/10000) s/c/t=1/0/0 qloss=0.0000 ploss=0.0000 buf=200000
[10-06 20:28:54] INFO:               cumulative s/c/t%: 96.0%/4.0%/0.0%
[10-06 20:28:54] INFO: [REPLAY-STORE] ok=1075 skip=0 steps=63440 buf=200000
[10-06 20:28:54] INFO: [STAGE0-MONITOR] timeout_ratio=0.000 (target: decrease over time)
[10-06 20:28:54] INFO: ================================================================================
[10-06 20:28:54] INFO: [MULTI-SCALE-1075] TARGET: peak=1.000 stable_90=10ep
[10-06 20:28:54] INFO: [MULTI-SCALE-1075] WINDOWS: short=1.000 med=0.920 long=0.970
[10-06 20:28:54] INFO: [MULTI-SCALE-1075] QUALITY: stability=0.800 learn_rate=0.00000
[10-06 20:28:54] INFO: [ACHIEVEMENT] Stable 90%+ success rate achieved for 10 episodes!
[10-06 20:28:54] INFO: [HEALTH-CHECK-1075] Overall: NEEDS_IMPROVEMENT (score=0.400)
[10-06 20:28:54] INFO: ================================================================================
[10-06 20:28:58] INFO: [RL-EP-1076] (1076)
[10-06 20:29:01] INFO: [RL-EP-1077] (1077)
[10-06 20:29:04] INFO: [RL-EP-1078] (1078)
[10-06 20:29:07] INFO: [RL-EP-1079] (1079)
[10-06 20:29:10] INFO: [RL-EP-1080] roll=0.940/0.060/0.000
[10-06 20:29:13] INFO: [RL-EP-1081] (1081)
[10-06 20:29:16] INFO: [RL-EP-1082] (1082)
[10-06 20:29:19] INFO: [RL-EP-1083] (1083)
[10-06 20:29:22] INFO: [RL-EP-1084] (1084)
[10-06 20:29:25] INFO: [RL-EP-1085] roll=0.940/0.060/0.000
[10-06 20:29:29] INFO: [RL-EP-1086] (1086)
[10-06 20:29:32] INFO: [RL-EP-1087] (1087)
[10-06 20:29:35] INFO: [RL-EP-1088] (1088)
[10-06 20:29:39] INFO: [RL-EP-1089] (1089)
[10-06 20:29:42] INFO: [RL-EP-1090] roll=0.940/0.060/0.000
[10-06 20:29:46] INFO: [RL-EP-1091] (1091)
[10-06 20:29:49] INFO: [RL-EP-1092] (1092)
[10-06 20:29:52] INFO: [RL-EP-1093] (1093)
[10-06 20:29:55] INFO: [RL-EP-1094] (1094)
[10-06 20:29:58] INFO: [RL-EP-1095] roll=0.940/0.060/0.000
[10-06 20:30:01] INFO: [RL-EP-1096] (1096)
[10-06 20:30:04] INFO: [RL-EP-1097] (1097)
[10-06 20:30:08] INFO: [RL-EP-1098] (1098)
[10-06 20:30:10] INFO: [RL-EP-1099] (1099)
[10-06 20:30:10] INFO: [CONFIG-CHECK] ep=1100 updates_per_ep=4 (from config)
[10-06 20:30:10] INFO: [SARL-EPSILON] ep=1100 epsilon=0.1167 (start=0.3, end=0.05, decay=1500)
[10-06 20:30:14] INFO: [SARL-REPLAY] ep=1100 buffer_size=200000 updates=4
[10-06 20:30:14] INFO: [SARL-LOSS] ep=1100 value_loss=0.0173 epsilon=0.1167
[10-06 20:30:14] INFO: [SARL-STATS] ep=1100 buffer_size=200000
[10-06 20:30:14] INFO: [STAT] ep=1100 | roll@25(s/c/t)=0.9/0.1/0.0 (0.94/0.06/0.00) | R.mean=0.5
[10-06 20:30:14] INFO: [METRICS-25] time=15.18s | dfreq=0.000 | ddist=0.000m
[10-06 20:30:14] INFO: [METRICS-PLOT] 3-metrics curve -> /root/bayes-vl-matched-20261006/crowd_nav/runs/bayes-matched-v1/bayes_mean-seed42/curves_3metrics.png
[10-06 20:30:14] INFO: [RL-EP-1100] (1100/10000) s/c/t=1/0/0 qloss=0.0000 ploss=0.0000 buf=200000
[10-06 20:30:14] INFO:               cumulative s/c/t%: 94.0%/6.0%/0.0%
[10-06 20:30:14] INFO: [REPLAY-STORE] ok=1100 skip=0 steps=64979 buf=200000
[10-06 20:30:14] INFO: [STAGE0-MONITOR] timeout_ratio=0.000 (target: decrease over time)
[10-06 20:30:14] INFO: [SOT-1100] REWARD succ=1.0/coll=-0.50 | GRID 5×16=80 | EVENTS s=0.94/c=0.06/t=0.00
[10-06 20:30:14] INFO: ================================================================================
[10-06 20:30:14] INFO: [MULTI-SCALE-1100] TARGET: peak=1.000 stable_90=10ep
[10-06 20:30:14] INFO: [MULTI-SCALE-1100] WINDOWS: short=1.000 med=0.960 long=0.960
[10-06 20:30:14] INFO: [MULTI-SCALE-1100] QUALITY: stability=0.800 learn_rate=0.00000
[10-06 20:30:14] INFO: [ACHIEVEMENT] Stable 90%+ success rate achieved for 10 episodes!
[10-06 20:30:14] INFO: [HEALTH-CHECK-1100] Overall: NEEDS_IMPROVEMENT (score=0.400)
[10-06 20:30:14] INFO: ================================================================================
[10-06 20:30:18] INFO: [RL-EP-1101] (1101)
[10-06 20:30:21] INFO: [RL-EP-1102] (1102)
[10-06 20:30:24] INFO: [RL-EP-1103] (1103)
[10-06 20:30:27] INFO: [RL-EP-1104] (1104)
[10-06 20:30:29] INFO: [RL-EP-1105] roll=0.920/0.080/0.000
[10-06 20:30:33] INFO: [RL-EP-1106] (1106)
[10-06 20:30:36] INFO: [RL-EP-1107] (1107)
[10-06 20:30:39] INFO: [RL-EP-1108] (1108)
[10-06 20:30:42] INFO: [RL-EP-1109] (1109)
[10-06 20:30:46] INFO: [RL-EP-1110] roll=0.960/0.040/0.000
[10-06 20:30:50] INFO: [RL-EP-1111] (1111)
[10-06 20:30:53] INFO: [RL-EP-1112] (1112)
[10-06 20:31:00] INFO: [RL-EP-1113] (1113)
[10-06 20:31:03] INFO: [RL-EP-1114] (1114)
[10-06 20:31:06] INFO: [RL-EP-1115] roll=0.960/0.040/0.000
[10-06 20:31:10] INFO: [RL-EP-1116] (1116)
[10-06 20:31:13] INFO: [RL-EP-1117] (1117)
[10-06 20:31:16] INFO: [RL-EP-1118] (1118)
[10-06 20:31:19] INFO: [RL-EP-1119] (1119)
[10-06 20:31:23] INFO: [RL-EP-1120] roll=0.960/0.040/0.000
[10-06 20:31:26] INFO: [RL-EP-1121] (1121)
[10-06 20:31:29] INFO: [RL-EP-1122] (1122)
[10-06 20:31:32] INFO: [RL-EP-1123] (1123)
[10-06 20:31:36] INFO: [RL-EP-1124] (1124)
[10-06 20:31:39] INFO: [SARL-LOSS] ep=1125 value_loss=0.0187 epsilon=0.1125
[10-06 20:31:39] INFO: [STAT] ep=1125 | roll@25(s/c/t)=1.0/0.0/0.0 (0.96/0.04/0.00) | R.mean=0.5
[10-06 20:31:39] INFO: [METRICS-25] time=16.08s | dfreq=0.000 | ddist=0.000m
[10-06 20:31:40] INFO: [METRICS-PLOT] 3-metrics curve -> /root/bayes-vl-matched-20261006/crowd_nav/runs/bayes-matched-v1/bayes_mean-seed42/curves_3metrics.png
[10-06 20:31:40] INFO: [RL-EP-1125] (1125/10000) s/c/t=1/0/0 qloss=0.0000 ploss=0.0000 buf=200000
[10-06 20:31:40] INFO:               cumulative s/c/t%: 96.0%/4.0%/0.0%
[10-06 20:31:40] INFO: [REPLAY-STORE] ok=1125 skip=0 steps=66656 buf=200000
[10-06 20:31:40] INFO: [STAGE0-MONITOR] timeout_ratio=0.000 (target: decrease over time)
[10-06 20:31:40] INFO: ================================================================================
[10-06 20:31:40] INFO: [MULTI-SCALE-1125] TARGET: peak=1.000 stable_90=10ep
[10-06 20:31:40] INFO: [MULTI-SCALE-1125] WINDOWS: short=1.000 med=0.960 long=0.960
[10-06 20:31:40] INFO: [MULTI-SCALE-1125] QUALITY: stability=0.800 learn_rate=0.00000
[10-06 20:31:40] INFO: [ACHIEVEMENT] Stable 90%+ success rate achieved for 10 episodes!
[10-06 20:31:40] INFO: [HEALTH-CHECK-1125] Overall: NEEDS_IMPROVEMENT (score=0.400)
[10-06 20:31:40] INFO: ================================================================================
[10-06 20:31:43] INFO: [RL-EP-1126] (1126)
[10-06 20:31:47] INFO: [RL-EP-1127] (1127)
[10-06 20:31:51] INFO: [RL-EP-1128] (1128)
[10-06 20:31:54] INFO: [RL-EP-1129] (1129)
[10-06 20:31:57] INFO: [RL-EP-1130] roll=0.980/0.020/0.000
[10-06 20:32:01] INFO: [RL-EP-1131] (1131)
[10-06 20:32:04] INFO: [RL-EP-1132] (1132)
[10-06 20:32:07] INFO: [RL-EP-1133] (1133)
[10-06 20:32:10] INFO: [RL-EP-1134] (1134)
[10-06 20:32:14] INFO: [RL-EP-1135] roll=0.980/0.020/0.000
[10-06 20:32:17] INFO: [RL-EP-1136] (1136)
[10-06 20:32:20] INFO: [RL-EP-1137] (1137)
[10-06 20:32:23] INFO: [RL-EP-1138] (1138)
[10-06 20:32:27] INFO: [RL-EP-1139] (1139)
[10-06 20:32:30] INFO: [RL-EP-1140] roll=0.980/0.020/0.000
[10-06 20:32:33] INFO: [RL-EP-1141] (1141)
[10-06 20:32:36] INFO: [RL-EP-1142] (1142)
[10-06 20:32:39] INFO: [RL-EP-1143] (1143)
[10-06 20:32:42] INFO: [RL-EP-1144] (1144)
[10-06 20:32:46] INFO: [RL-EP-1145] roll=0.960/0.040/0.000
[10-06 20:32:49] INFO: [RL-EP-1146] (1146)
[10-06 20:32:53] INFO: [RL-EP-1147] (1147)
[10-06 20:32:56] INFO: [RL-EP-1148] (1148)
[10-06 20:33:00] INFO: [RL-EP-1149] (1149)
[10-06 20:33:00] INFO: [CONFIG-CHECK] ep=1150 updates_per_ep=4 (from config)
[10-06 20:33:03] INFO: [SARL-LOSS] ep=1150 value_loss=0.0182 epsilon=0.1083
[10-06 20:33:03] INFO: [STAT] ep=1150 | roll@25(s/c/t)=1.0/0.0/0.0 (0.96/0.04/0.00) | R.mean=0.5
[10-06 20:33:03] INFO: [METRICS-25] time=16.49s | dfreq=0.000 | ddist=0.000m
[10-06 20:33:03] INFO: [METRICS-PLOT] 3-metrics curve -> /root/bayes-vl-matched-20261006/crowd_nav/runs/bayes-matched-v1/bayes_mean-seed42/curves_3metrics.png
[10-06 20:33:03] INFO: [RL-EP-1150] (1150/10000) s/c/t=1/0/0 qloss=0.0000 ploss=0.0000 buf=200000
[10-06 20:33:03] INFO:               cumulative s/c/t%: 96.0%/4.0%/0.0%
[10-06 20:33:03] INFO: [REPLAY-STORE] ok=1150 skip=0 steps=68277 buf=200000
[10-06 20:33:03] INFO: [STAGE0-MONITOR] timeout_ratio=0.000 (target: decrease over time)
[10-06 20:33:03] INFO: ================================================================================
[10-06 20:33:03] INFO: [MULTI-SCALE-1150] TARGET: peak=1.000 stable_90=10ep
[10-06 20:33:03] INFO: [MULTI-SCALE-1150] WINDOWS: short=0.900 med=0.960 long=0.950
[10-06 20:33:03] INFO: [MULTI-SCALE-1150] QUALITY: stability=0.800 learn_rate=0.00000
[10-06 20:33:03] INFO: [ACHIEVEMENT] Stable 90%+ success rate achieved for 10 episodes!
[10-06 20:33:03] INFO: [HEALTH-CHECK-1150] Overall: NEEDS_IMPROVEMENT (score=0.400)
[10-06 20:33:03] INFO: ================================================================================
[10-06 20:33:07] INFO: [RL-EP-1151] (1151)
[10-06 20:33:10] INFO: [RL-EP-1152] (1152)
[10-06 20:33:13] INFO: [RL-EP-1153] (1153)
[10-06 20:33:16] INFO: [RL-EP-1154] (1154)
[10-06 20:33:19] INFO: [RL-EP-1155] roll=0.980/0.020/0.000
[10-06 20:33:22] INFO: [RL-EP-1156] (1156)
[10-06 20:33:26] INFO: [RL-EP-1157] (1157)
[10-06 20:33:29] INFO: [RL-EP-1158] (1158)
[10-06 20:33:32] INFO: [RL-EP-1159] (1159)
[10-06 20:33:35] INFO: [RL-EP-1160] roll=0.980/0.020/0.000
[10-06 20:33:38] INFO: [RL-EP-1161] (1161)
[10-06 20:33:42] INFO: [RL-EP-1162] (1162)
[10-06 20:33:45] INFO: [RL-EP-1163] (1163)
[10-06 20:33:48] INFO: [RL-EP-1164] (1164)
[10-06 20:33:51] INFO: [RL-EP-1165] roll=0.980/0.020/0.000
[10-06 20:33:55] INFO: [RL-EP-1166] (1166)
[10-06 20:33:58] INFO: [RL-EP-1167] (1167)
[10-06 20:34:01] INFO: [RL-EP-1168] (1168)
[10-06 20:34:04] INFO: [RL-EP-1169] (1169)
[10-06 20:34:07] INFO: [RL-EP-1170] roll=0.980/0.020/0.000
[10-06 20:34:10] INFO: [RL-EP-1171] (1171)
[10-06 20:34:13] INFO: [RL-EP-1172] (1172)
[10-06 20:34:16] INFO: [RL-EP-1173] (1173)
[10-06 20:34:19] INFO: [RL-EP-1174] (1174)
[10-06 20:34:23] INFO: [SARL-LOSS] ep=1175 value_loss=0.0164 epsilon=0.1042
[10-06 20:34:23] INFO: [STAT] ep=1175 | roll@25(s/c/t)=1.0/0.0/0.0 (0.98/0.02/0.00) | R.mean=0.5
[10-06 20:34:23] INFO: [METRICS-25] time=15.45s | dfreq=0.000 | ddist=0.000m
[10-06 20:34:23] INFO: [METRICS-PLOT] 3-metrics curve -> /root/bayes-vl-matched-20261006/crowd_nav/runs/bayes-matched-v1/bayes_mean-seed42/curves_3metrics.png
[10-06 20:34:23] INFO: [RL-EP-1175] (1175/10000) s/c/t=1/0/0 qloss=0.0000 ploss=0.0000 buf=200000
[10-06 20:34:23] INFO:               cumulative s/c/t%: 98.0%/2.0%/0.0%
[10-06 20:34:23] INFO: [REPLAY-STORE] ok=1175 skip=0 steps=69746 buf=200000
[10-06 20:34:23] INFO: [STAGE0-MONITOR] timeout_ratio=0.000 (target: decrease over time)
[10-06 20:34:23] INFO: ================================================================================
[10-06 20:34:23] INFO: [MULTI-SCALE-1175] TARGET: peak=1.000 stable_90=10ep
[10-06 20:34:23] INFO: [MULTI-SCALE-1175] WINDOWS: short=1.000 med=1.000 long=0.970
[10-06 20:34:23] INFO: [MULTI-SCALE-1175] QUALITY: stability=0.800 learn_rate=0.00000
[10-06 20:34:23] INFO: [ACHIEVEMENT] Stable 90%+ success rate achieved for 10 episodes!
[10-06 20:34:23] INFO: [HEALTH-CHECK-1175] Overall: NEEDS_IMPROVEMENT (score=0.400)
[10-06 20:34:23] INFO: ================================================================================
[10-06 20:34:26] INFO: [RL-EP-1176] (1176)
[10-06 20:34:30] INFO: [RL-EP-1177] (1177)
[10-06 20:34:33] INFO: [RL-EP-1178] (1178)
[10-06 20:34:36] INFO: [RL-EP-1179] (1179)
[10-06 20:34:40] INFO: [RL-EP-1180] roll=0.980/0.020/0.000
[10-06 20:34:43] INFO: [RL-EP-1181] (1181)
[10-06 20:34:46] INFO: [RL-EP-1182] (1182)
[10-06 20:34:50] INFO: [RL-EP-1183] (1183)
[10-06 20:34:53] INFO: [RL-EP-1184] (1184)
[10-06 20:34:57] INFO: [RL-EP-1185] roll=0.980/0.020/0.000
[10-06 20:35:00] INFO: [RL-EP-1186] (1186)
[10-06 20:35:04] INFO: [RL-EP-1187] (1187)
[10-06 20:35:07] INFO: [RL-EP-1188] (1188)
[10-06 20:35:10] INFO: [RL-EP-1189] (1189)
[10-06 20:35:14] INFO: [RL-EP-1190] roll=0.960/0.040/0.000
[10-06 20:35:16] INFO: [RL-EP-1191] (1191)
[10-06 20:35:19] INFO: [RL-EP-1192] (1192)
[10-06 20:35:23] INFO: [RL-EP-1193] (1193)
[10-06 20:35:26] INFO: [RL-EP-1194] (1194)
[10-06 20:35:30] INFO: [RL-EP-1195] roll=0.960/0.040/0.000
[10-06 20:35:33] INFO: [RL-EP-1196] (1196)
[10-06 20:35:36] INFO: [RL-EP-1197] (1197)
[10-06 20:35:39] INFO: [RL-EP-1198] (1198)
[10-06 20:35:43] INFO: [RL-EP-1199] (1199)
[10-06 20:35:43] INFO: [CONFIG-CHECK] ep=1200 updates_per_ep=4 (from config)
[10-06 20:35:43] INFO: [SARL-EPSILON] ep=1200 epsilon=0.1000 (start=0.3, end=0.05, decay=1500)
[10-06 20:35:46] INFO: [SARL-REPLAY] ep=1200 buffer_size=200000 updates=4
[10-06 20:35:46] INFO: [SARL-LOSS] ep=1200 value_loss=0.0242 epsilon=0.1000
[10-06 20:35:46] INFO: [SARL-STATS] ep=1200 buffer_size=200000
[10-06 20:35:46] INFO: [STAT] ep=1200 | roll@25(s/c/t)=1.0/0.0/0.0 (0.96/0.04/0.00) | R.mean=0.5
[10-06 20:35:46] INFO: [METRICS-25] time=15.09s | dfreq=0.000 | ddist=0.000m
[10-06 20:35:47] INFO: [METRICS-PLOT] 3-metrics curve -> /root/bayes-vl-matched-20261006/crowd_nav/runs/bayes-matched-v1/bayes_mean-seed42/curves_3metrics.png
[10-06 20:35:47] INFO: [RL-EP-1200] (1200/10000) s/c/t=1/0/0 qloss=0.0000 ploss=0.0000 buf=200000
[10-06 20:35:47] INFO:               cumulative s/c/t%: 96.0%/4.0%/0.0%
[10-06 20:35:47] INFO: [REPLAY-STORE] ok=1200 skip=0 steps=71294 buf=200000
[10-06 20:35:47] INFO: [STAGE0-MONITOR] timeout_ratio=0.000 (target: decrease over time)
[10-06 20:35:47] INFO: [SOT-1200] REWARD succ=1.0/coll=-0.50 | GRID 5×16=80 | EVENTS s=0.96/c=0.04/t=0.00
[10-06 20:35:47] INFO: ================================================================================
[10-06 20:35:47] INFO: [MULTI-SCALE-1200] TARGET: peak=1.000 stable_90=10ep
[10-06 20:35:47] INFO: [MULTI-SCALE-1200] WINDOWS: short=0.900 med=0.920 long=0.960
[10-06 20:35:47] INFO: [MULTI-SCALE-1200] QUALITY: stability=0.800 learn_rate=0.00000
[10-06 20:35:47] INFO: [ACHIEVEMENT] Stable 90%+ success rate achieved for 10 episodes!
[10-06 20:35:47] INFO: [HEALTH-CHECK-1200] Overall: NEEDS_IMPROVEMENT (score=0.400)
[10-06 20:35:47] INFO: ================================================================================
[10-06 20:35:50] INFO: [RL-EP-1201] (1201)
[10-06 20:35:53] INFO: [RL-EP-1202] (1202)
[10-06 20:35:56] INFO: [RL-EP-1203] (1203)
[10-06 20:35:59] INFO: [RL-EP-1204] (1204)
[10-06 20:36:02] INFO: [RL-EP-1205] roll=0.960/0.040/0.000
[10-06 20:36:06] INFO: [RL-EP-1206] (1206)
[10-06 20:36:09] INFO: [RL-EP-1207] (1207)
[10-06 20:36:13] INFO: [RL-EP-1208] (1208)
[10-06 20:36:16] INFO: [RL-EP-1209] (1209)
[10-06 20:36:19] INFO: [RL-EP-1210] roll=0.960/0.040/0.000
[10-06 20:36:22] INFO: [RL-EP-1211] (1211)
[10-06 20:36:26] INFO: [RL-EP-1212] (1212)
[10-06 20:36:29] INFO: [RL-EP-1213] (1213)
[10-06 20:36:32] INFO: [RL-EP-1214] (1214)
[10-06 20:36:35] INFO: [RL-EP-1215] roll=0.960/0.040/0.000
[10-06 20:36:38] INFO: [RL-EP-1216] (1216)
[10-06 20:36:41] INFO: [RL-EP-1217] (1217)
[10-06 20:36:45] INFO: [RL-EP-1218] (1218)
[10-06 20:36:48] INFO: [RL-EP-1219] (1219)
[10-06 20:36:50] INFO: [RL-EP-1220] roll=0.960/0.040/0.000
[10-06 20:36:53] INFO: [RL-EP-1221] (1221)
[10-06 20:36:56] INFO: [RL-EP-1222] (1222)
[10-06 20:37:00] INFO: [RL-EP-1223] (1223)
[10-06 20:37:03] INFO: [RL-EP-1224] (1224)
[10-06 20:37:05] INFO: [SARL-LOSS] ep=1225 value_loss=0.0131 epsilon=0.0958
[10-06 20:37:05] INFO: [STAT] ep=1225 | roll@25(s/c/t)=1.0/0.0/0.0 (0.96/0.04/0.00) | R.mean=0.5
[10-06 20:37:05] INFO: [METRICS-25] time=15.51s | dfreq=0.000 | ddist=0.000m
[10-06 20:37:06] INFO: [METRICS-PLOT] 3-metrics curve -> /root/bayes-vl-matched-20261006/crowd_nav/runs/bayes-matched-v1/bayes_mean-seed42/curves_3metrics.png
[10-06 20:37:06] INFO: [RL-EP-1225] (1225/10000) s/c/t=1/0/0 qloss=0.0000 ploss=0.0000 buf=200000
[10-06 20:37:06] INFO:               cumulative s/c/t%: 96.0%/4.0%/0.0%
[10-06 20:37:06] INFO: [REPLAY-STORE] ok=1225 skip=0 steps=72848 buf=200000
[10-06 20:37:06] INFO: [STAGE0-MONITOR] timeout_ratio=0.000 (target: decrease over time)
[10-06 20:37:06] INFO: ================================================================================
[10-06 20:37:06] INFO: [MULTI-SCALE-1225] TARGET: peak=1.000 stable_90=10ep
[10-06 20:37:06] INFO: [MULTI-SCALE-1225] WINDOWS: short=1.000 med=1.000 long=0.970
[10-06 20:37:06] INFO: [MULTI-SCALE-1225] QUALITY: stability=0.800 learn_rate=0.00000
[10-06 20:37:06] INFO: [ACHIEVEMENT] Stable 90%+ success rate achieved for 10 episodes!
[10-06 20:37:06] INFO: [HEALTH-CHECK-1225] Overall: NEEDS_IMPROVEMENT (score=0.400)
[10-06 20:37:06] INFO: ================================================================================
[10-06 20:37:09] INFO: [RL-EP-1226] (1226)
[10-06 20:37:12] INFO: [RL-EP-1227] (1227)
[10-06 20:37:15] INFO: [RL-EP-1228] (1228)
[10-06 20:37:18] INFO: [RL-EP-1229] (1229)
[10-06 20:37:20] INFO: [RL-EP-1230] roll=0.940/0.060/0.000
[10-06 20:37:24] INFO: [RL-EP-1231] (1231)
[10-06 20:37:27] INFO: [RL-EP-1232] (1232)
[10-06 20:37:30] INFO: [RL-EP-1233] (1233)
[10-06 20:37:33] INFO: [RL-EP-1234] (1234)
[10-06 20:37:37] INFO: [RL-EP-1235] roll=0.940/0.060/0.000
[10-06 20:37:40] INFO: [RL-EP-1236] (1236)
[10-06 20:37:43] INFO: [RL-EP-1237] (1237)
[10-06 20:37:46] INFO: [RL-EP-1238] (1238)
[10-06 20:37:49] INFO: [RL-EP-1239] (1239)
[10-06 20:37:52] INFO: [RL-EP-1240] roll=0.960/0.040/0.000
[10-06 20:37:55] INFO: [RL-EP-1241] (1241)
[10-06 20:37:58] INFO: [RL-EP-1242] (1242)
[10-06 20:38:01] INFO: [RL-EP-1243] (1243)
[10-06 20:38:05] INFO: [RL-EP-1244] (1244)
[10-06 20:38:08] INFO: [RL-EP-1245] roll=0.980/0.020/0.000
[10-06 20:38:11] INFO: [RL-EP-1246] (1246)
[10-06 20:38:15] INFO: [RL-EP-1247] (1247)
[10-06 20:38:18] INFO: [RL-EP-1248] (1248)
[10-06 20:38:22] INFO: [RL-EP-1249] (1249)
[10-06 20:38:22] INFO: [CONFIG-CHECK] ep=1250 updates_per_ep=4 (from config)
[10-06 20:38:25] INFO: [SARL-LOSS] ep=1250 value_loss=0.0153 epsilon=0.0917
[10-06 20:38:25] INFO: [STAT] ep=1250 | roll@25(s/c/t)=1.0/0.0/0.0 (0.98/0.02/0.00) | R.mean=0.5
[10-06 20:38:25] INFO: [METRICS-25] time=15.47s | dfreq=0.000 | ddist=0.000m
[10-06 20:38:26] INFO: [METRICS-PLOT] 3-metrics curve -> /root/bayes-vl-matched-20261006/crowd_nav/runs/bayes-matched-v1/bayes_mean-seed42/curves_3metrics.png
[10-06 20:38:26] INFO: [RL-EP-1250] (1250/10000) s/c/t=1/0/0 qloss=0.0000 ploss=0.0000 buf=200000
[10-06 20:38:26] INFO:               cumulative s/c/t%: 98.0%/2.0%/0.0%
[10-06 20:38:26] INFO: [REPLAY-STORE] ok=1250 skip=0 steps=74388 buf=200000
[10-06 20:38:26] INFO: [STAGE0-MONITOR] timeout_ratio=0.000 (target: decrease over time)
[10-06 20:38:26] INFO: ================================================================================
[10-06 20:38:26] INFO: [MULTI-SCALE-1250] TARGET: peak=1.000 stable_90=10ep
[10-06 20:38:26] INFO: [MULTI-SCALE-1250] WINDOWS: short=1.000 med=0.960 long=0.970
[10-06 20:38:26] INFO: [MULTI-SCALE-1250] QUALITY: stability=0.800 learn_rate=0.00000
[10-06 20:38:26] INFO: [ACHIEVEMENT] Stable 90%+ success rate achieved for 10 episodes!
[10-06 20:38:26] INFO: [HEALTH-CHECK-1250] Overall: NEEDS_IMPROVEMENT (score=0.400)
[10-06 20:38:26] INFO: ================================================================================
[10-06 20:38:29] INFO: [RL-EP-1251] (1251)
[10-06 20:38:32] INFO: [RL-EP-1252] (1252)
[10-06 20:38:35] INFO: [RL-EP-1253] (1253)
[10-06 20:38:39] INFO: [RL-EP-1254] (1254)
[10-06 20:38:42] INFO: [RL-EP-1255] roll=0.980/0.020/0.000
[10-06 20:38:45] INFO: [RL-EP-1256] (1256)
[10-06 20:38:48] INFO: [RL-EP-1257] (1257)
[10-06 20:38:51] INFO: [RL-EP-1258] (1258)
[10-06 20:38:54] INFO: [RL-EP-1259] (1259)
[10-06 20:38:58] INFO: [RL-EP-1260] roll=0.980/0.020/0.000
[10-06 20:39:01] INFO: [RL-EP-1261] (1261)
[10-06 20:39:05] INFO: [RL-EP-1262] (1262)
[10-06 20:39:07] INFO: [RL-EP-1263] (1263)
[10-06 20:39:11] INFO: [RL-EP-1264] (1264)
[10-06 20:39:14] INFO: [RL-EP-1265] roll=0.980/0.020/0.000
[10-06 20:39:17] INFO: [RL-EP-1266] (1266)
[10-06 20:39:20] INFO: [RL-EP-1267] (1267)
[10-06 20:39:23] INFO: [RL-EP-1268] (1268)
[10-06 20:39:27] INFO: [RL-EP-1269] (1269)
[10-06 20:39:30] INFO: [RL-EP-1270] roll=0.980/0.020/0.000
[10-06 20:39:33] INFO: [RL-EP-1271] (1271)
[10-06 20:39:36] INFO: [RL-EP-1272] (1272)
[10-06 20:39:40] INFO: [RL-EP-1273] (1273)
[10-06 20:39:43] INFO: [RL-EP-1274] (1274)
[10-06 20:39:46] INFO: [SARL-LOSS] ep=1275 value_loss=0.0212 epsilon=0.0875
[10-06 20:39:46] INFO: [STAT] ep=1275 | roll@25(s/c/t)=1.0/0.0/0.0 (0.98/0.02/0.00) | R.mean=0.5
[10-06 20:39:46] INFO: [METRICS-25] time=15.19s | dfreq=0.000 | ddist=0.000m
[10-06 20:39:47] INFO: [METRICS-PLOT] 3-metrics curve -> /root/bayes-vl-matched-20261006/crowd_nav/runs/bayes-matched-v1/bayes_mean-seed42/curves_3metrics.png
[10-06 20:39:47] INFO: [RL-EP-1275] (1275/10000) s/c/t=1/0/0 qloss=0.0000 ploss=0.0000 buf=200000
[10-06 20:39:47] INFO:               cumulative s/c/t%: 98.0%/2.0%/0.0%
[10-06 20:39:47] INFO: [REPLAY-STORE] ok=1275 skip=0 steps=75885 buf=200000
[10-06 20:39:47] INFO: [STAGE0-MONITOR] timeout_ratio=0.000 (target: decrease over time)
[10-06 20:39:47] INFO: ================================================================================
[10-06 20:39:47] INFO: [MULTI-SCALE-1275] TARGET: peak=1.000 stable_90=10ep
[10-06 20:39:47] INFO: [MULTI-SCALE-1275] WINDOWS: short=1.000 med=1.000 long=0.970
[10-06 20:39:47] INFO: [MULTI-SCALE-1275] QUALITY: stability=0.800 learn_rate=0.00000
[10-06 20:39:47] INFO: [ACHIEVEMENT] Stable 90%+ success rate achieved for 10 episodes!
[10-06 20:39:47] INFO: [HEALTH-CHECK-1275] Overall: NEEDS_IMPROVEMENT (score=0.400)
[10-06 20:39:47] INFO: ================================================================================
[10-06 20:39:50] INFO: [RL-EP-1276] (1276)
[10-06 20:39:53] INFO: [RL-EP-1277] (1277)
[10-06 20:39:57] INFO: [RL-EP-1278] (1278)
[10-06 20:40:00] INFO: [RL-EP-1279] (1279)
[10-06 20:40:04] INFO: [RL-EP-1280] roll=1.000/0.000/0.000
[10-06 20:40:08] INFO: [RL-EP-1281] (1281)
[10-06 20:40:11] INFO: [RL-EP-1282] (1282)
[10-06 20:40:14] INFO: [RL-EP-1283] (1283)
[10-06 20:40:17] INFO: [RL-EP-1284] (1284)
[10-06 20:40:21] INFO: [RL-EP-1285] roll=1.000/0.000/0.000
[10-06 20:40:24] INFO: [RL-EP-1286] (1286)
[10-06 20:40:27] INFO: [RL-EP-1287] (1287)
[10-06 20:40:30] INFO: [RL-EP-1288] (1288)
[10-06 20:40:33] INFO: [RL-EP-1289] (1289)
[10-06 20:40:37] INFO: [RL-EP-1290] roll=1.000/0.000/0.000
[10-06 20:40:40] INFO: [RL-EP-1291] (1291)
[10-06 20:40:43] INFO: [RL-EP-1292] (1292)
[10-06 20:40:47] INFO: [RL-EP-1293] (1293)
[10-06 20:40:50] INFO: [RL-EP-1294] (1294)
[10-06 20:40:53] INFO: [RL-EP-1295] roll=1.000/0.000/0.000
[10-06 20:40:56] INFO: [RL-EP-1296] (1296)
[10-06 20:41:00] INFO: [RL-EP-1297] (1297)
[10-06 20:41:03] INFO: [RL-EP-1298] (1298)
[10-06 20:41:06] INFO: [RL-EP-1299] (1299)
[10-06 20:41:06] INFO: [CONFIG-CHECK] ep=1300 updates_per_ep=4 (from config)
[10-06 20:41:06] INFO: [SARL-EPSILON] ep=1300 epsilon=0.0833 (start=0.3, end=0.05, decay=1500)
[10-06 20:41:10] INFO: [SARL-REPLAY] ep=1300 buffer_size=200000 updates=4
[10-06 20:41:10] INFO: [SARL-LOSS] ep=1300 value_loss=0.0165 epsilon=0.0833
[10-06 20:41:10] INFO: [SARL-STATS] ep=1300 buffer_size=200000
[10-06 20:41:10] INFO: [STAT] ep=1300 | roll@25(s/c/t)=1.0/0.0/0.0 (1.00/0.00/0.00) | R.mean=0.5
[10-06 20:41:10] INFO: [METRICS-25] time=15.15s | dfreq=0.000 | ddist=0.000m
[10-06 20:41:10] INFO: [METRICS-PLOT] 3-metrics curve -> /root/bayes-vl-matched-20261006/crowd_nav/runs/bayes-matched-v1/bayes_mean-seed42/curves_3metrics.png
[10-06 20:41:10] INFO: [RL-EP-1300] (1300/10000) s/c/t=1/0/0 qloss=0.0000 ploss=0.0000 buf=200000
[10-06 20:41:10] INFO:               cumulative s/c/t%: 100.0%/0.0%/0.0%
[10-06 20:41:10] INFO: [REPLAY-STORE] ok=1300 skip=0 steps=77418 buf=200000
[10-06 20:41:10] INFO: [STAGE0-MONITOR] timeout_ratio=0.000 (target: decrease over time)
[10-06 20:41:10] INFO: [SOT-1300] REWARD succ=1.0/coll=-0.50 | GRID 5×16=80 | EVENTS s=1.00/c=0.00/t=0.00
[10-06 20:41:10] INFO: ================================================================================
[10-06 20:41:10] INFO: [MULTI-SCALE-1300] TARGET: peak=1.000 stable_90=10ep
[10-06 20:41:10] INFO: [MULTI-SCALE-1300] WINDOWS: short=1.000 med=1.000 long=0.990
[10-06 20:41:10] INFO: [MULTI-SCALE-1300] QUALITY: stability=0.800 learn_rate=0.00000
[10-06 20:41:10] INFO: [ACHIEVEMENT] Stable 90%+ success rate achieved for 10 episodes!
[10-06 20:41:10] INFO: [HEALTH-CHECK-1300] Overall: NEEDS_IMPROVEMENT (score=0.400)
[10-06 20:41:10] INFO: ================================================================================
[10-06 20:41:14] INFO: [RL-EP-1301] (1301)
[10-06 20:41:17] INFO: [RL-EP-1302] (1302)
[10-06 20:41:20] INFO: [RL-EP-1303] (1303)
[10-06 20:41:24] INFO: [RL-EP-1304] (1304)
[10-06 20:41:27] INFO: [RL-EP-1305] roll=1.000/0.000/0.000
[10-06 20:41:31] INFO: [RL-EP-1306] (1306)
[10-06 20:41:34] INFO: [RL-EP-1307] (1307)
[10-06 20:41:37] INFO: [RL-EP-1308] (1308)
[10-06 20:41:41] INFO: [RL-EP-1309] (1309)
[10-06 20:41:44] INFO: [RL-EP-1310] roll=1.000/0.000/0.000
[10-06 20:41:48] INFO: [RL-EP-1311] (1311)
[10-06 20:41:51] INFO: [RL-EP-1312] (1312)
[10-06 20:41:55] INFO: [RL-EP-1313] (1313)
[10-06 20:41:58] INFO: [RL-EP-1314] (1314)
[10-06 20:42:01] INFO: [RL-EP-1315] roll=1.000/0.000/0.000
[10-06 20:42:05] INFO: [RL-EP-1316] (1316)
[10-06 20:42:08] INFO: [RL-EP-1317] (1317)
[10-06 20:42:15] INFO: [RL-EP-1318] (1318)
[10-06 20:42:18] INFO: [RL-EP-1319] (1319)
[10-06 20:42:22] INFO: [RL-EP-1320] roll=0.980/0.000/0.020
[10-06 20:42:26] INFO: [RL-EP-1321] (1321)
[10-06 20:42:29] INFO: [RL-EP-1322] (1322)
[10-06 20:42:33] INFO: [RL-EP-1323] (1323)
[10-06 20:42:36] INFO: [RL-EP-1324] (1324)
[10-06 20:42:40] INFO: [SARL-LOSS] ep=1325 value_loss=0.0259 epsilon=0.0792
[10-06 20:42:40] INFO: [STAT] ep=1325 | roll@25(s/c/t)=1.0/0.0/0.0 (0.98/0.00/0.02) | R.mean=0.5
[10-06 20:42:40] INFO: [METRICS-25] time=16.39s | dfreq=0.000 | ddist=0.000m
[10-06 20:42:40] INFO: [METRICS-PLOT] 3-metrics curve -> /root/bayes-vl-matched-20261006/crowd_nav/runs/bayes-matched-v1/bayes_mean-seed42/curves_3metrics.png
[10-06 20:42:40] INFO: [RL-EP-1325] (1325/10000) s/c/t=1/0/0 qloss=0.0000 ploss=0.0000 buf=200000
[10-06 20:42:40] INFO:               cumulative s/c/t%: 98.0%/0.0%/2.0%
[10-06 20:42:40] INFO: [REPLAY-STORE] ok=1325 skip=0 steps=79163 buf=200000
[10-06 20:42:40] INFO: [STAGE0-MONITOR] timeout_ratio=0.020 (target: decrease over time)
[10-06 20:42:40] INFO: ================================================================================
[10-06 20:42:40] INFO: [MULTI-SCALE-1325] TARGET: peak=1.000 stable_90=10ep
[10-06 20:42:40] INFO: [MULTI-SCALE-1325] WINDOWS: short=0.900 med=0.960 long=0.980
[10-06 20:42:40] INFO: [MULTI-SCALE-1325] QUALITY: stability=0.800 learn_rate=0.00000
[10-06 20:42:40] INFO: [ACHIEVEMENT] Stable 90%+ success rate achieved for 10 episodes!
[10-06 20:42:40] INFO: [HEALTH-CHECK-1325] Overall: NEEDS_IMPROVEMENT (score=0.400)
[10-06 20:42:40] INFO: ================================================================================
[10-06 20:42:43] INFO: [RL-EP-1326] (1326)
[10-06 20:42:47] INFO: [RL-EP-1327] (1327)
[10-06 20:42:50] INFO: [RL-EP-1328] (1328)
[10-06 20:42:53] INFO: [RL-EP-1329] (1329)
[10-06 20:42:57] INFO: [RL-EP-1330] roll=0.980/0.000/0.020
[10-06 20:43:00] INFO: [RL-EP-1331] (1331)
[10-06 20:43:04] INFO: [RL-EP-1332] (1332)
[10-06 20:43:07] INFO: [RL-EP-1333] (1333)
[10-06 20:43:11] INFO: [RL-EP-1334] (1334)
[10-06 20:43:14] INFO: [RL-EP-1335] roll=0.980/0.000/0.020
[10-06 20:43:17] INFO: [RL-EP-1336] (1336)
[10-06 20:43:21] INFO: [RL-EP-1337] (1337)
[10-06 20:43:24] INFO: [RL-EP-1338] (1338)
[10-06 20:43:28] INFO: [RL-EP-1339] (1339)
[10-06 20:43:32] INFO: [RL-EP-1340] roll=0.980/0.000/0.020
[10-06 20:43:35] INFO: [RL-EP-1341] (1341)
[10-06 20:43:39] INFO: [RL-EP-1342] (1342)
[10-06 20:43:42] INFO: [RL-EP-1343] (1343)
[10-06 20:43:45] INFO: [RL-EP-1344] (1344)
[10-06 20:43:48] INFO: [RL-EP-1345] roll=0.980/0.000/0.020
[10-06 20:43:51] INFO: [RL-EP-1346] (1346)
[10-06 20:43:54] INFO: [RL-EP-1347] (1347)
[10-06 20:43:58] INFO: [RL-EP-1348] (1348)
[10-06 20:44:01] INFO: [RL-EP-1349] (1349)
[10-06 20:44:01] INFO: [CONFIG-CHECK] ep=1350 updates_per_ep=4 (from config)
[10-06 20:44:04] INFO: [SARL-LOSS] ep=1350 value_loss=0.0205 epsilon=0.0750
[10-06 20:44:04] INFO: [STAT] ep=1350 | roll@25(s/c/t)=1.0/0.0/0.0 (0.98/0.00/0.02) | R.mean=0.5
[10-06 20:44:04] INFO: [METRICS-25] time=16.80s | dfreq=0.000 | ddist=0.000m
[10-06 20:44:05] INFO: [METRICS-PLOT] 3-metrics curve -> /root/bayes-vl-matched-20261006/crowd_nav/runs/bayes-matched-v1/bayes_mean-seed42/curves_3metrics.png
[10-06 20:44:05] INFO: [RL-EP-1350] (1350/10000) s/c/t=1/0/0 qloss=0.0000 ploss=0.0000 buf=200000
[10-06 20:44:05] INFO:               cumulative s/c/t%: 98.0%/0.0%/2.0%
[10-06 20:44:05] INFO: [REPLAY-STORE] ok=1350 skip=0 steps=80777 buf=200000
[10-06 20:44:05] INFO: [STAGE0-MONITOR] timeout_ratio=0.020 (target: decrease over time)
[10-06 20:44:05] INFO: ================================================================================
[10-06 20:44:05] INFO: [MULTI-SCALE-1350] TARGET: peak=1.000 stable_90=10ep
[10-06 20:44:05] INFO: [MULTI-SCALE-1350] WINDOWS: short=1.000 med=1.000 long=0.990
[10-06 20:44:05] INFO: [MULTI-SCALE-1350] QUALITY: stability=0.800 learn_rate=0.00000
[10-06 20:44:05] INFO: [ACHIEVEMENT] Stable 90%+ success rate achieved for 10 episodes!
[10-06 20:44:05] INFO: [HEALTH-CHECK-1350] Overall: NEEDS_IMPROVEMENT (score=0.400)
[10-06 20:44:05] INFO: ================================================================================
[10-06 20:44:08] INFO: [RL-EP-1351] (1351)
[10-06 20:44:11] INFO: [RL-EP-1352] (1352)
[10-06 20:44:14] INFO: [RL-EP-1353] (1353)
[10-06 20:44:17] INFO: [RL-EP-1354] (1354)
[10-06 20:44:21] INFO: [RL-EP-1355] roll=0.980/0.000/0.020
[10-06 20:44:24] INFO: [RL-EP-1356] (1356)
[10-06 20:44:27] INFO: [RL-EP-1357] (1357)
[10-06 20:44:30] INFO: [RL-EP-1358] (1358)
[10-06 20:44:33] INFO: [RL-EP-1359] (1359)
[10-06 20:44:36] INFO: [RL-EP-1360] roll=0.980/0.000/0.020
[10-06 20:44:40] INFO: [RL-EP-1361] (1361)
[10-06 20:44:43] INFO: [RL-EP-1362] (1362)
[10-06 20:44:46] INFO: [RL-EP-1363] (1363)
[10-06 20:44:50] INFO: [RL-EP-1364] (1364)
[10-06 20:44:53] INFO: [RL-EP-1365] roll=0.980/0.000/0.020
[10-06 20:44:57] INFO: [RL-EP-1366] (1366)
[10-06 20:45:00] INFO: [RL-EP-1367] (1367)
[10-06 20:45:03] INFO: [RL-EP-1368] (1368)
[10-06 20:45:08] INFO: [RL-EP-1369] (1369)
[10-06 20:45:12] INFO: [RL-EP-1370] roll=1.000/0.000/0.000
[10-06 20:45:15] INFO: [RL-EP-1371] (1371)
[10-06 20:45:18] INFO: [RL-EP-1372] (1372)
[10-06 20:45:22] INFO: [RL-EP-1373] (1373)
[10-06 20:45:25] INFO: [RL-EP-1374] (1374)
[10-06 20:45:28] INFO: [SARL-LOSS] ep=1375 value_loss=0.0213 epsilon=0.0708
[10-06 20:45:28] INFO: [STAT] ep=1375 | roll@25(s/c/t)=1.0/0.0/0.0 (1.00/0.00/0.00) | R.mean=0.5
[10-06 20:45:28] INFO: [METRICS-25] time=15.91s | dfreq=0.000 | ddist=0.000m
[10-06 20:45:29] INFO: [METRICS-PLOT] 3-metrics curve -> /root/bayes-vl-matched-20261006/crowd_nav/runs/bayes-matched-v1/bayes_mean-seed42/curves_3metrics.png
[10-06 20:45:29] INFO: [RL-EP-1375] (1375/10000) s/c/t=1/0/0 qloss=0.0000 ploss=0.0000 buf=200000
[10-06 20:45:29] INFO:               cumulative s/c/t%: 100.0%/0.0%/0.0%
[10-06 20:45:29] INFO: [REPLAY-STORE] ok=1375 skip=0 steps=82346 buf=200000
[10-06 20:45:29] INFO: [STAGE0-MONITOR] timeout_ratio=0.000 (target: decrease over time)
[10-06 20:45:29] INFO: ================================================================================
[10-06 20:45:29] INFO: [MULTI-SCALE-1375] TARGET: peak=1.000 stable_90=10ep
[10-06 20:45:29] INFO: [MULTI-SCALE-1375] WINDOWS: short=1.000 med=1.000 long=0.990
[10-06 20:45:29] INFO: [MULTI-SCALE-1375] QUALITY: stability=0.800 learn_rate=0.00000
[10-06 20:45:29] INFO: [ACHIEVEMENT] Stable 90%+ success rate achieved for 10 episodes!
[10-06 20:45:29] INFO: [HEALTH-CHECK-1375] Overall: NEEDS_IMPROVEMENT (score=0.400)
[10-06 20:45:29] INFO: ================================================================================
[10-06 20:45:32] INFO: [RL-EP-1376] (1376)
[10-06 20:45:35] INFO: [RL-EP-1377] (1377)
[10-06 20:45:39] INFO: [RL-EP-1378] (1378)
[10-06 20:45:42] INFO: [RL-EP-1379] (1379)
[10-06 20:45:45] INFO: [RL-EP-1380] roll=1.000/0.000/0.000
[10-06 20:45:49] INFO: [RL-EP-1381] (1381)
[10-06 20:45:52] INFO: [RL-EP-1382] (1382)
[10-06 20:45:55] INFO: [RL-EP-1383] (1383)
[10-06 20:45:59] INFO: [RL-EP-1384] (1384)
[10-06 20:46:02] INFO: [RL-EP-1385] roll=1.000/0.000/0.000
[10-06 20:46:05] INFO: [RL-EP-1386] (1386)
[10-06 20:46:09] INFO: [RL-EP-1387] (1387)
[10-06 20:46:12] INFO: [RL-EP-1388] (1388)
[10-06 20:46:16] INFO: [RL-EP-1389] (1389)
[10-06 20:46:19] INFO: [RL-EP-1390] roll=1.000/0.000/0.000
[10-06 20:46:22] INFO: [RL-EP-1391] (1391)
[10-06 20:46:25] INFO: [RL-EP-1392] (1392)
[10-06 20:46:29] INFO: [RL-EP-1393] (1393)
[10-06 20:46:32] INFO: [RL-EP-1394] (1394)
[10-06 20:46:35] INFO: [RL-EP-1395] roll=1.000/0.000/0.000
[10-06 20:46:38] INFO: [RL-EP-1396] (1396)
[10-06 20:46:42] INFO: [RL-EP-1397] (1397)
[10-06 20:46:45] INFO: [RL-EP-1398] (1398)
[10-06 20:46:48] INFO: [RL-EP-1399] (1399)
[10-06 20:46:48] INFO: [CONFIG-CHECK] ep=1400 updates_per_ep=4 (from config)
[10-06 20:46:48] INFO: [SARL-EPSILON] ep=1400 epsilon=0.0667 (start=0.3, end=0.05, decay=1500)
[10-06 20:46:51] INFO: [SARL-REPLAY] ep=1400 buffer_size=200000 updates=4
[10-06 20:46:51] INFO: [SARL-LOSS] ep=1400 value_loss=0.0201 epsilon=0.0667
[10-06 20:46:51] INFO: [SARL-STATS] ep=1400 buffer_size=200000
[10-06 20:46:51] INFO: [STAT] ep=1400 | roll@25(s/c/t)=1.0/0.0/0.0 (1.00/0.00/0.00) | R.mean=0.5
[10-06 20:46:51] INFO: [METRICS-25] time=15.72s | dfreq=0.000 | ddist=0.000m
[10-06 20:46:52] INFO: [METRICS-PLOT] 3-metrics curve -> /root/bayes-vl-matched-20261006/crowd_nav/runs/bayes-matched-v1/bayes_mean-seed42/curves_3metrics.png
[10-06 20:46:52] INFO: [RL-EP-1400] (1400/10000) s/c/t=1/0/0 qloss=0.0000 ploss=0.0000 buf=200000
[10-06 20:46:52] INFO:               cumulative s/c/t%: 100.0%/0.0%/0.0%
[10-06 20:46:52] INFO: [REPLAY-STORE] ok=1400 skip=0 steps=83921 buf=200000
[10-06 20:46:52] INFO: [STAGE0-MONITOR] timeout_ratio=0.000 (target: decrease over time)
[10-06 20:46:52] INFO: [SOT-1400] REWARD succ=1.0/coll=-0.50 | GRID 5×16=80 | EVENTS s=1.00/c=0.00/t=0.00
[10-06 20:46:52] INFO: ================================================================================
[10-06 20:46:52] INFO: [MULTI-SCALE-1400] TARGET: peak=1.000 stable_90=10ep
[10-06 20:46:52] INFO: [MULTI-SCALE-1400] WINDOWS: short=1.000 med=1.000 long=0.990
[10-06 20:46:52] INFO: [MULTI-SCALE-1400] QUALITY: stability=0.800 learn_rate=0.00000
[10-06 20:46:52] INFO: [ACHIEVEMENT] Stable 90%+ success rate achieved for 10 episodes!
[10-06 20:46:52] INFO: [HEALTH-CHECK-1400] Overall: NEEDS_IMPROVEMENT (score=0.400)
[10-06 20:46:52] INFO: ================================================================================
[10-06 20:46:55] INFO: [RL-EP-1401] (1401)
[10-06 20:46:58] INFO: [RL-EP-1402] (1402)
[10-06 20:47:02] INFO: [RL-EP-1403] (1403)
[10-06 20:47:05] INFO: [RL-EP-1404] (1404)
[10-06 20:47:08] INFO: [RL-EP-1405] roll=1.000/0.000/0.000
[10-06 20:47:11] INFO: [RL-EP-1406] (1406)
[10-06 20:47:15] INFO: [RL-EP-1407] (1407)
[10-06 20:47:18] INFO: [RL-EP-1408] (1408)
[10-06 20:47:21] INFO: [RL-EP-1409] (1409)
[10-06 20:47:24] INFO: [RL-EP-1410] roll=1.000/0.000/0.000
[10-06 20:47:28] INFO: [RL-EP-1411] (1411)
[10-06 20:47:31] INFO: [RL-EP-1412] (1412)
[10-06 20:47:34] INFO: [RL-EP-1413] (1413)
[10-06 20:47:37] INFO: [RL-EP-1414] (1414)
[10-06 20:47:40] INFO: [RL-EP-1415] roll=1.000/0.000/0.000
[10-06 20:47:43] INFO: [RL-EP-1416] (1416)
[10-06 20:47:47] INFO: [RL-EP-1417] (1417)
[10-06 20:47:50] INFO: [RL-EP-1418] (1418)
[10-06 20:47:54] INFO: [RL-EP-1419] (1419)
[10-06 20:47:57] INFO: [RL-EP-1420] roll=1.000/0.000/0.000
[10-06 20:48:00] INFO: [RL-EP-1421] (1421)
[10-06 20:48:04] INFO: [RL-EP-1422] (1422)
[10-06 20:48:08] INFO: [RL-EP-1423] (1423)
[10-06 20:48:11] INFO: [RL-EP-1424] (1424)
[10-06 20:48:14] INFO: [SARL-LOSS] ep=1425 value_loss=0.0212 epsilon=0.0625
[10-06 20:48:14] INFO: [STAT] ep=1425 | roll@25(s/c/t)=1.0/0.0/0.0 (1.00/0.00/0.00) | R.mean=0.5
[10-06 20:48:14] INFO: [METRICS-25] time=15.30s | dfreq=0.000 | ddist=0.000m
[10-06 20:48:15] INFO: [METRICS-PLOT] 3-metrics curve -> /root/bayes-vl-matched-20261006/crowd_nav/runs/bayes-matched-v1/bayes_mean-seed42/curves_3metrics.png
[10-06 20:48:15] INFO: [RL-EP-1425] (1425/10000) s/c/t=1/0/0 qloss=0.0000 ploss=0.0000 buf=200000
[10-06 20:48:15] INFO:               cumulative s/c/t%: 100.0%/0.0%/0.0%
[10-06 20:48:15] INFO: [REPLAY-STORE] ok=1425 skip=0 steps=85406 buf=200000
[10-06 20:48:15] INFO: [STAGE0-MONITOR] timeout_ratio=0.000 (target: decrease over time)
[10-06 20:48:15] INFO: ================================================================================
[10-06 20:48:15] INFO: [MULTI-SCALE-1425] TARGET: peak=1.000 stable_90=10ep
[10-06 20:48:15] INFO: [MULTI-SCALE-1425] WINDOWS: short=1.000 med=1.000 long=1.000
[10-06 20:48:15] INFO: [MULTI-SCALE-1425] QUALITY: stability=0.800 learn_rate=0.00000
[10-06 20:48:15] INFO: [ACHIEVEMENT] Stable 90%+ success rate achieved for 10 episodes!
[10-06 20:48:15] INFO: [HEALTH-CHECK-1425] Overall: NEEDS_IMPROVEMENT (score=0.400)
[10-06 20:48:15] INFO: ================================================================================
[10-06 20:48:18] INFO: [RL-EP-1426] (1426)
[10-06 20:48:21] INFO: [RL-EP-1427] (1427)
[10-06 20:48:24] INFO: [RL-EP-1428] (1428)
[10-06 20:48:28] INFO: [RL-EP-1429] (1429)
[10-06 20:48:31] INFO: [RL-EP-1430] roll=1.000/0.000/0.000
[10-06 20:48:34] INFO: [RL-EP-1431] (1431)
[10-06 20:48:38] INFO: [RL-EP-1432] (1432)
[10-06 20:48:42] INFO: [RL-EP-1433] (1433)
[10-06 20:48:45] INFO: [RL-EP-1434] (1434)
[10-06 20:48:49] INFO: [RL-EP-1435] roll=1.000/0.000/0.000
[10-06 20:48:52] INFO: [RL-EP-1436] (1436)
[10-06 20:48:55] INFO: [RL-EP-1437] (1437)
[10-06 20:48:59] INFO: [RL-EP-1438] (1438)
[10-06 20:49:03] INFO: [RL-EP-1439] (1439)
[10-06 20:49:06] INFO: [RL-EP-1440] roll=1.000/0.000/0.000
[10-06 20:49:09] INFO: [RL-EP-1441] (1441)
[10-06 20:49:12] INFO: [RL-EP-1442] (1442)
[10-06 20:49:16] INFO: [RL-EP-1443] (1443)
[10-06 20:49:19] INFO: [RL-EP-1444] (1444)
[10-06 20:49:22] INFO: [RL-EP-1445] roll=1.000/0.000/0.000
[10-06 20:49:26] INFO: [RL-EP-1446] (1446)
[10-06 20:49:29] INFO: [RL-EP-1447] (1447)
[10-06 20:49:36] INFO: [RL-EP-1448] (1448)
[10-06 20:49:39] INFO: [RL-EP-1449] (1449)
[10-06 20:49:39] INFO: [CONFIG-CHECK] ep=1450 updates_per_ep=4 (from config)
[10-06 20:49:43] INFO: [SARL-LOSS] ep=1450 value_loss=0.0138 epsilon=0.0583
[10-06 20:49:43] INFO: [STAT] ep=1450 | roll@25(s/c/t)=1.0/0.0/0.0 (0.98/0.00/0.02) | R.mean=0.5
[10-06 20:49:43] INFO: [METRICS-25] time=15.92s | dfreq=0.000 | ddist=0.000m
[10-06 20:49:44] INFO: [METRICS-PLOT] 3-metrics curve -> /root/bayes-vl-matched-20261006/crowd_nav/runs/bayes-matched-v1/bayes_mean-seed42/curves_3metrics.png
[10-06 20:49:44] INFO: [RL-EP-1450] (1450/10000) s/c/t=1/0/0 qloss=0.0000 ploss=0.0000 buf=200000
[10-06 20:49:44] INFO:               cumulative s/c/t%: 98.0%/0.0%/2.0%
[10-06 20:49:44] INFO: [REPLAY-STORE] ok=1450 skip=0 steps=87105 buf=200000
[10-06 20:49:44] INFO: [STAGE0-MONITOR] timeout_ratio=0.020 (target: decrease over time)
[10-06 20:49:44] INFO: ================================================================================
[10-06 20:49:44] INFO: [MULTI-SCALE-1450] TARGET: peak=1.000 stable_90=10ep
[10-06 20:49:44] INFO: [MULTI-SCALE-1450] WINDOWS: short=0.900 med=0.960 long=0.990
[10-06 20:49:44] INFO: [MULTI-SCALE-1450] QUALITY: stability=0.800 learn_rate=0.00000
[10-06 20:49:44] INFO: [ACHIEVEMENT] Stable 90%+ success rate achieved for 10 episodes!
[10-06 20:49:44] INFO: [HEALTH-CHECK-1450] Overall: NEEDS_IMPROVEMENT (score=0.400)
[10-06 20:49:44] INFO: ================================================================================
[10-06 20:49:47] INFO: [RL-EP-1451] (1451)
[10-06 20:49:51] INFO: [RL-EP-1452] (1452)
[10-06 20:49:54] INFO: [RL-EP-1453] (1453)
[10-06 20:49:57] INFO: [RL-EP-1454] (1454)
[10-06 20:50:01] INFO: [RL-EP-1455] roll=0.980/0.000/0.020
[10-06 20:50:04] INFO: [RL-EP-1456] (1456)
[10-06 20:50:08] INFO: [RL-EP-1457] (1457)
[10-06 20:50:11] INFO: [RL-EP-1458] (1458)
[10-06 20:50:15] INFO: [RL-EP-1459] (1459)
[10-06 20:50:20] INFO: [RL-EP-1460] roll=0.980/0.000/0.020
[10-06 20:50:23] INFO: [RL-EP-1461] (1461)
[10-06 20:50:26] INFO: [RL-EP-1462] (1462)
[10-06 20:50:30] INFO: [RL-EP-1463] (1463)
[10-06 20:50:33] INFO: [RL-EP-1464] (1464)
[10-06 20:50:37] INFO: [RL-EP-1465] roll=0.980/0.000/0.020
[10-06 20:50:41] INFO: [RL-EP-1466] (1466)
[10-06 20:50:45] INFO: [RL-EP-1467] (1467)
[10-06 20:50:48] INFO: [RL-EP-1468] (1468)
[10-06 20:50:51] INFO: [RL-EP-1469] (1469)
[10-06 20:50:54] INFO: [RL-EP-1470] roll=0.980/0.000/0.020
[10-06 20:50:58] INFO: [RL-EP-1471] (1471)
[10-06 20:51:02] INFO: [RL-EP-1472] (1472)
[10-06 20:51:05] INFO: [RL-EP-1473] (1473)
[10-06 20:51:08] INFO: [RL-EP-1474] (1474)
[10-06 20:51:10] INFO: [SARL-LOSS] ep=1475 value_loss=0.0224 epsilon=0.0542
[10-06 20:51:10] INFO: [STAT] ep=1475 | roll@25(s/c/t)=1.0/0.0/0.0 (0.96/0.02/0.02) | R.mean=0.5
[10-06 20:51:10] INFO: [METRICS-25] time=16.41s | dfreq=0.000 | ddist=0.000m
[10-06 20:51:11] INFO: [METRICS-PLOT] 3-metrics curve -> /root/bayes-vl-matched-20261006/crowd_nav/runs/bayes-matched-v1/bayes_mean-seed42/curves_3metrics.png
[10-06 20:51:11] INFO: [RL-EP-1475] (1475/10000) s/c/t=0/1/0 qloss=0.0000 ploss=0.0000 buf=200000
[10-06 20:51:11] INFO:               cumulative s/c/t%: 96.0%/2.0%/2.0%
[10-06 20:51:11] INFO: [REPLAY-STORE] ok=1475 skip=0 steps=88687 buf=200000
[10-06 20:51:11] INFO: [STAGE0-MONITOR] timeout_ratio=0.020 (target: decrease over time)
[10-06 20:51:11] INFO: ================================================================================
[10-06 20:51:11] INFO: [MULTI-SCALE-1475] TARGET: peak=1.000 stable_90=10ep
[10-06 20:51:11] INFO: [MULTI-SCALE-1475] WINDOWS: short=0.900 med=0.960 long=0.980
[10-06 20:51:11] INFO: [MULTI-SCALE-1475] QUALITY: stability=0.800 learn_rate=0.00000
[10-06 20:51:11] INFO: [ACHIEVEMENT] Stable 90%+ success rate achieved for 10 episodes!
[10-06 20:51:11] INFO: [HEALTH-CHECK-1475] Overall: NEEDS_IMPROVEMENT (score=0.400)
[10-06 20:51:11] INFO: ================================================================================
[10-06 20:51:14] INFO: [RL-EP-1476] (1476)
[10-06 20:51:18] INFO: [RL-EP-1477] (1477)
[10-06 20:51:21] INFO: [RL-EP-1478] (1478)
[10-06 20:51:26] INFO: [RL-EP-1479] (1479)
[10-06 20:51:29] INFO: [RL-EP-1480] roll=0.960/0.020/0.020
[10-06 20:51:32] INFO: [RL-EP-1481] (1481)
[10-06 20:51:35] INFO: [RL-EP-1482] (1482)
[10-06 20:51:39] INFO: [RL-EP-1483] (1483)
[10-06 20:51:42] INFO: [RL-EP-1484] (1484)
[10-06 20:51:45] INFO: [RL-EP-1485] roll=0.960/0.020/0.020
[10-06 20:51:48] INFO: [RL-EP-1486] (1486)
[10-06 20:51:52] INFO: [RL-EP-1487] (1487)
[10-06 20:51:56] INFO: [RL-EP-1488] (1488)
[10-06 20:52:00] INFO: [RL-EP-1489] (1489)
[10-06 20:52:05] INFO: [RL-EP-1490] roll=0.960/0.020/0.020
[10-06 20:52:08] INFO: [RL-EP-1491] (1491)
[10-06 20:52:12] INFO: [RL-EP-1492] (1492)
[10-06 20:52:15] INFO: [RL-EP-1493] (1493)
[10-06 20:52:19] INFO: [RL-EP-1494] (1494)
[10-06 20:52:22] INFO: [RL-EP-1495] roll=0.960/0.020/0.020
[10-06 20:52:26] INFO: [RL-EP-1496] (1496)
[10-06 20:52:29] INFO: [RL-EP-1497] (1497)
[10-06 20:52:32] INFO: [RL-EP-1498] (1498)
[10-06 20:52:35] INFO: [RL-EP-1499] (1499)
[10-06 20:52:35] INFO: [CONFIG-CHECK] ep=1500 updates_per_ep=4 (from config)
[10-06 20:52:35] INFO: [SARL-EPSILON] ep=1500 epsilon=0.0500 (start=0.3, end=0.05, decay=1500)
[10-06 20:52:39] INFO: [SARL-REPLAY] ep=1500 buffer_size=200000 updates=4
[10-06 20:52:39] INFO: [SARL-LOSS] ep=1500 value_loss=0.0255 epsilon=0.0500
[10-06 20:52:39] INFO: [SARL-STATS] ep=1500 buffer_size=200000
[10-06 20:52:39] INFO: [STAT] ep=1500 | roll@25(s/c/t)=1.0/0.0/0.0 (0.98/0.02/0.00) | R.mean=0.5
[10-06 20:52:39] INFO: [METRICS-25] time=15.95s | dfreq=0.000 | ddist=0.000m
[10-06 20:52:39] INFO: [METRICS-PLOT] 3-metrics curve -> /root/bayes-vl-matched-20261006/crowd_nav/runs/bayes-matched-v1/bayes_mean-seed42/curves_3metrics.png
[10-06 20:52:39] INFO: [RL-EP-1500] (1500/10000) s/c/t=1/0/0 qloss=0.0000 ploss=0.0000 buf=200000
[10-06 20:52:39] INFO:               cumulative s/c/t%: 98.0%/2.0%/0.0%
[10-06 20:52:39] INFO: [REPLAY-STORE] ok=1500 skip=0 steps=90295 buf=200000
[10-06 20:52:39] INFO: [STAGE0-MONITOR] timeout_ratio=0.000 (target: decrease over time)
[10-06 20:52:39] INFO: [SOT-1500] REWARD succ=1.0/coll=-0.50 | GRID 5×16=80 | EVENTS s=0.98/c=0.02/t=0.00
[10-06 20:52:39] INFO: ================================================================================
[10-06 20:52:39] INFO: [MULTI-SCALE-1500] TARGET: peak=1.000 stable_90=10ep
[10-06 20:52:39] INFO: [MULTI-SCALE-1500] WINDOWS: short=1.000 med=1.000 long=0.980
[10-06 20:52:39] INFO: [MULTI-SCALE-1500] QUALITY: stability=0.800 learn_rate=0.00000
[10-06 20:52:39] INFO: [ACHIEVEMENT] Stable 90%+ success rate achieved for 10 episodes!
[10-06 20:52:39] INFO: [HEALTH-CHECK-1500] Overall: NEEDS_IMPROVEMENT (score=0.400)
[10-06 20:52:39] INFO: ================================================================================
[10-06 20:52:39] INFO: [RL-SAVE] sarl checkpoint -> /root/bayes-vl-matched-20261006/crowd_nav/runs/bayes-matched-v1/bayes_mean-seed42/rl_model_ep1500.pth
[10-06 20:52:39] INFO: [RL-SAVE] Saved components: policy, target network, optimizer
[10-06 20:52:43] INFO: [RL-EP-1501] (1501)
[10-06 20:52:46] INFO: [RL-EP-1502] (1502)
[10-06 20:52:50] INFO: [RL-EP-1503] (1503)
[10-06 20:52:53] INFO: [RL-EP-1504] (1504)
[10-06 20:52:57] INFO: [RL-EP-1505] roll=0.980/0.020/0.000
[10-06 20:53:00] INFO: [RL-EP-1506] (1506)
[10-06 20:53:03] INFO: [RL-EP-1507] (1507)
[10-06 20:53:06] INFO: [RL-EP-1508] (1508)
[10-06 20:53:10] INFO: [RL-EP-1509] (1509)
[10-06 20:53:13] INFO: [RL-EP-1510] roll=0.980/0.020/0.000
[10-06 20:53:17] INFO: [RL-EP-1511] (1511)
[10-06 20:53:20] INFO: [RL-EP-1512] (1512)
[10-06 20:53:24] INFO: [RL-EP-1513] (1513)
[10-06 20:53:27] INFO: [RL-EP-1514] (1514)
[10-06 20:53:31] INFO: [RL-EP-1515] roll=0.980/0.020/0.000
[10-06 20:53:34] INFO: [RL-EP-1516] (1516)
[10-06 20:53:38] INFO: [RL-EP-1517] (1517)
[10-06 20:53:41] INFO: [RL-EP-1518] (1518)
[10-06 20:53:45] INFO: [RL-EP-1519] (1519)
[10-06 20:53:48] INFO: [RL-EP-1520] roll=0.980/0.020/0.000
[10-06 20:53:52] INFO: [RL-EP-1521] (1521)
[10-06 20:53:56] INFO: [RL-EP-1522] (1522)
[10-06 20:53:59] INFO: [RL-EP-1523] (1523)
[10-06 20:54:02] INFO: [RL-EP-1524] (1524)
[10-06 20:54:06] INFO: [SARL-LOSS] ep=1525 value_loss=0.0171 epsilon=0.0500
[10-06 20:54:06] INFO: [STAT] ep=1525 | roll@25(s/c/t)=1.0/0.0/0.0 (1.00/0.00/0.00) | R.mean=0.5
[10-06 20:54:06] INFO: [METRICS-25] time=15.79s | dfreq=0.000 | ddist=0.000m
[10-06 20:54:06] INFO: [METRICS-PLOT] 3-metrics curve -> /root/bayes-vl-matched-20261006/crowd_nav/runs/bayes-matched-v1/bayes_mean-seed42/curves_3metrics.png
[10-06 20:54:06] INFO: [RL-EP-1525] (1525/10000) s/c/t=1/0/0 qloss=0.0000 ploss=0.0000 buf=200000
[10-06 20:54:06] INFO:               cumulative s/c/t%: 100.0%/0.0%/0.0%
[10-06 20:54:06] INFO: [REPLAY-STORE] ok=1525 skip=0 steps=91845 buf=200000
[10-06 20:54:06] INFO: [STAGE0-MONITOR] timeout_ratio=0.000 (target: decrease over time)
[10-06 20:54:06] INFO: ================================================================================
[10-06 20:54:06] INFO: [MULTI-SCALE-1525] TARGET: peak=1.000 stable_90=10ep
[10-06 20:54:06] INFO: [MULTI-SCALE-1525] WINDOWS: short=1.000 med=1.000 long=0.980
[10-06 20:54:06] INFO: [MULTI-SCALE-1525] QUALITY: stability=0.800 learn_rate=0.00000
[10-06 20:54:06] INFO: [ACHIEVEMENT] Stable 90%+ success rate achieved for 10 episodes!
[10-06 20:54:06] INFO: [HEALTH-CHECK-1525] Overall: NEEDS_IMPROVEMENT (score=0.400)
[10-06 20:54:06] INFO: ================================================================================
[10-06 20:54:10] INFO: [RL-EP-1526] (1526)
[10-06 20:54:14] INFO: [RL-EP-1527] (1527)
[10-06 20:54:18] INFO: [RL-EP-1528] (1528)
[10-06 20:54:21] INFO: [RL-EP-1529] (1529)
[10-06 20:54:25] INFO: [RL-EP-1530] roll=1.000/0.000/0.000
[10-06 20:54:29] INFO: [RL-EP-1531] (1531)
[10-06 20:54:33] INFO: [RL-EP-1532] (1532)
[10-06 20:54:37] INFO: [RL-EP-1533] (1533)
[10-06 20:54:40] INFO: [RL-EP-1534] (1534)
[10-06 20:54:44] INFO: [RL-EP-1535] roll=1.000/0.000/0.000
[10-06 20:54:47] INFO: [RL-EP-1536] (1536)
[10-06 20:54:50] INFO: [RL-EP-1537] (1537)
[10-06 20:54:54] INFO: [RL-EP-1538] (1538)
[10-06 20:54:57] INFO: [RL-EP-1539] (1539)
[10-06 20:55:00] INFO: [RL-EP-1540] roll=1.000/0.000/0.000
[10-06 20:55:03] INFO: [RL-EP-1541] (1541)
[10-06 20:55:06] INFO: [RL-EP-1542] (1542)
[10-06 20:55:10] INFO: [RL-EP-1543] (1543)
[10-06 20:55:14] INFO: [RL-EP-1544] (1544)
[10-06 20:55:17] INFO: [RL-EP-1545] roll=1.000/0.000/0.000
[10-06 20:55:21] INFO: [RL-EP-1546] (1546)
[10-06 20:55:24] INFO: [RL-EP-1547] (1547)
[10-06 20:55:28] INFO: [RL-EP-1548] (1548)
[10-06 20:55:31] INFO: [RL-EP-1549] (1549)
[10-06 20:55:31] INFO: [CONFIG-CHECK] ep=1550 updates_per_ep=4 (from config)
[10-06 20:55:35] INFO: [SARL-LOSS] ep=1550 value_loss=0.0150 epsilon=0.0500
[10-06 20:55:35] INFO: [STAT] ep=1550 | roll@25(s/c/t)=1.0/0.0/0.0 (1.00/0.00/0.00) | R.mean=0.5
[10-06 20:55:35] INFO: [METRICS-25] time=15.93s | dfreq=0.000 | ddist=0.000m
[10-06 20:55:35] INFO: [METRICS-PLOT] 3-metrics curve -> /root/bayes-vl-matched-20261006/crowd_nav/runs/bayes-matched-v1/bayes_mean-seed42/curves_3metrics.png
[10-06 20:55:35] INFO: [RL-EP-1550] (1550/10000) s/c/t=1/0/0 qloss=0.0000 ploss=0.0000 buf=200000
[10-06 20:55:35] INFO:               cumulative s/c/t%: 100.0%/0.0%/0.0%
[10-06 20:55:35] INFO: [REPLAY-STORE] ok=1550 skip=0 steps=93481 buf=200000
[10-06 20:55:35] INFO: [STAGE0-MONITOR] timeout_ratio=0.000 (target: decrease over time)
[10-06 20:55:35] INFO: ================================================================================
[10-06 20:55:35] INFO: [MULTI-SCALE-1550] TARGET: peak=1.000 stable_90=10ep
[10-06 20:55:35] INFO: [MULTI-SCALE-1550] WINDOWS: short=1.000 med=1.000 long=0.990
[10-06 20:55:35] INFO: [MULTI-SCALE-1550] QUALITY: stability=0.800 learn_rate=0.00000
[10-06 20:55:35] INFO: [ACHIEVEMENT] Stable 90%+ success rate achieved for 10 episodes!
[10-06 20:55:35] INFO: [HEALTH-CHECK-1550] Overall: NEEDS_IMPROVEMENT (score=0.400)
[10-06 20:55:35] INFO: ================================================================================
[10-06 20:55:39] INFO: [RL-EP-1551] (1551)
[10-06 20:55:44] INFO: [RL-EP-1552] (1552)
[10-06 20:55:47] INFO: [RL-EP-1553] (1553)
[10-06 20:55:50] INFO: [RL-EP-1554] (1554)
[10-06 20:55:54] INFO: [RL-EP-1555] roll=1.000/0.000/0.000
[10-06 20:55:58] INFO: [RL-EP-1556] (1556)
[10-06 20:56:02] INFO: [RL-EP-1557] (1557)
[10-06 20:56:06] INFO: [RL-EP-1558] (1558)
[10-06 20:56:10] INFO: [RL-EP-1559] (1559)
[10-06 20:56:13] INFO: [RL-EP-1560] roll=1.000/0.000/0.000
[10-06 20:56:16] INFO: [RL-EP-1561] (1561)
[10-06 20:56:20] INFO: [RL-EP-1562] (1562)
[10-06 20:56:24] INFO: [RL-EP-1563] (1563)
[10-06 20:56:27] INFO: [RL-EP-1564] (1564)
[10-06 20:56:31] INFO: [RL-EP-1565] roll=1.000/0.000/0.000
[10-06 20:56:34] INFO: [RL-EP-1566] (1566)
[10-06 20:56:37] INFO: [RL-EP-1567] (1567)
[10-06 20:56:41] INFO: [RL-EP-1568] (1568)
[10-06 20:56:44] INFO: [RL-EP-1569] (1569)
[10-06 20:56:47] INFO: [RL-EP-1570] roll=1.000/0.000/0.000
[10-06 20:56:51] INFO: [RL-EP-1571] (1571)
[10-06 20:56:54] INFO: [RL-EP-1572] (1572)
[10-06 20:56:57] INFO: [RL-EP-1573] (1573)
[10-06 20:57:00] INFO: [RL-EP-1574] (1574)
[10-06 20:57:04] INFO: [SARL-LOSS] ep=1575 value_loss=0.0176 epsilon=0.0500
[10-06 20:57:04] INFO: [STAT] ep=1575 | roll@25(s/c/t)=1.0/0.0/0.0 (1.00/0.00/0.00) | R.mean=0.5
[10-06 20:57:04] INFO: [METRICS-25] time=16.27s | dfreq=0.000 | ddist=0.000m
[10-06 20:57:04] INFO: [METRICS-PLOT] 3-metrics curve -> /root/bayes-vl-matched-20261006/crowd_nav/runs/bayes-matched-v1/bayes_mean-seed42/curves_3metrics.png
[10-06 20:57:04] INFO: [RL-EP-1575] (1575/10000) s/c/t=1/0/0 qloss=0.0000 ploss=0.0000 buf=200000
[10-06 20:57:04] INFO:               cumulative s/c/t%: 100.0%/0.0%/0.0%
[10-06 20:57:04] INFO: [REPLAY-STORE] ok=1575 skip=0 steps=95098 buf=200000
[10-06 20:57:04] INFO: [STAGE0-MONITOR] timeout_ratio=0.000 (target: decrease over time)
[10-06 20:57:04] INFO: ================================================================================
[10-06 20:57:04] INFO: [MULTI-SCALE-1575] TARGET: peak=1.000 stable_90=10ep
[10-06 20:57:04] INFO: [MULTI-SCALE-1575] WINDOWS: short=1.000 med=1.000 long=1.000
[10-06 20:57:04] INFO: [MULTI-SCALE-1575] QUALITY: stability=0.800 learn_rate=0.00000
[10-06 20:57:04] INFO: [ACHIEVEMENT] Stable 90%+ success rate achieved for 10 episodes!
[10-06 20:57:04] INFO: [HEALTH-CHECK-1575] Overall: NEEDS_IMPROVEMENT (score=0.400)
[10-06 20:57:04] INFO: ================================================================================
[10-06 20:57:08] INFO: [RL-EP-1576] (1576)
[10-06 20:57:11] INFO: [RL-EP-1577] (1577)
[10-06 20:57:14] INFO: [RL-EP-1578] (1578)
[10-06 20:57:18] INFO: [RL-EP-1579] (1579)
[10-06 20:57:21] INFO: [RL-EP-1580] roll=1.000/0.000/0.000
[10-06 20:57:25] INFO: [RL-EP-1581] (1581)
[10-06 20:57:28] INFO: [RL-EP-1582] (1582)
[10-06 20:57:35] INFO: [RL-EP-1583] (1583)
[10-06 20:57:39] INFO: [RL-EP-1584] (1584)
[10-06 20:57:43] INFO: [RL-EP-1585] roll=0.980/0.000/0.020
[10-06 20:57:46] INFO: [RL-EP-1586] (1586)
[10-06 20:57:49] INFO: [RL-EP-1587] (1587)
[10-06 20:57:53] INFO: [RL-EP-1588] (1588)
[10-06 20:57:56] INFO: [RL-EP-1589] (1589)
[10-06 20:58:00] INFO: [RL-EP-1590] roll=0.980/0.000/0.020
[10-06 20:58:04] INFO: [RL-EP-1591] (1591)
[10-06 20:58:07] INFO: [RL-EP-1592] (1592)
[10-06 20:58:10] INFO: [RL-EP-1593] (1593)
[10-06 20:58:13] INFO: [RL-EP-1594] (1594)
[10-06 20:58:18] INFO: [RL-EP-1595] roll=0.980/0.000/0.020
[10-06 20:58:21] INFO: [RL-EP-1596] (1596)
[10-06 20:58:26] INFO: [RL-EP-1597] (1597)
[10-06 20:58:30] INFO: [RL-EP-1598] (1598)
[10-06 20:58:34] INFO: [RL-EP-1599] (1599)
[10-06 20:58:34] INFO: [CONFIG-CHECK] ep=1600 updates_per_ep=4 (from config)
[10-06 20:58:34] INFO: [SARL-EPSILON] ep=1600 epsilon=0.0500 (start=0.3, end=0.05, decay=1500)
[10-06 20:58:37] INFO: [SARL-REPLAY] ep=1600 buffer_size=200000 updates=4
[10-06 20:58:37] INFO: [SARL-LOSS] ep=1600 value_loss=0.0181 epsilon=0.0500
[10-06 20:58:37] INFO: [SARL-STATS] ep=1600 buffer_size=200000
[10-06 20:58:37] INFO: [STAT] ep=1600 | roll@25(s/c/t)=1.0/0.0/0.0 (0.98/0.00/0.02) | R.mean=0.5
[10-06 20:58:37] INFO: [METRICS-25] time=16.98s | dfreq=0.000 | ddist=0.000m
[10-06 20:58:38] INFO: [METRICS-PLOT] 3-metrics curve -> /root/bayes-vl-matched-20261006/crowd_nav/runs/bayes-matched-v1/bayes_mean-seed42/curves_3metrics.png
[10-06 20:58:38] INFO: [RL-EP-1600] (1600/10000) s/c/t=1/0/0 qloss=0.0000 ploss=0.0000 buf=200000
[10-06 20:58:38] INFO:               cumulative s/c/t%: 98.0%/0.0%/2.0%
[10-06 20:58:38] INFO: [REPLAY-STORE] ok=1600 skip=0 steps=96876 buf=200000
[10-06 20:58:38] INFO: [STAGE0-MONITOR] timeout_ratio=0.020 (target: decrease over time)
[10-06 20:58:38] INFO: [SOT-1600] REWARD succ=1.0/coll=-0.50 | GRID 5×16=80 | EVENTS s=0.98/c=0.00/t=0.02
[10-06 20:58:38] INFO: ================================================================================
[10-06 20:58:38] INFO: [MULTI-SCALE-1600] TARGET: peak=1.000 stable_90=10ep
[10-06 20:58:38] INFO: [MULTI-SCALE-1600] WINDOWS: short=1.000 med=0.960 long=0.990
[10-06 20:58:38] INFO: [MULTI-SCALE-1600] QUALITY: stability=0.800 learn_rate=0.00000
[10-06 20:58:38] INFO: [ACHIEVEMENT] Stable 90%+ success rate achieved for 10 episodes!
[10-06 20:58:38] INFO: [HEALTH-CHECK-1600] Overall: NEEDS_IMPROVEMENT (score=0.400)
[10-06 20:58:38] INFO: ================================================================================
[10-06 20:58:41] INFO: [RL-EP-1601] (1601)
[10-06 20:58:44] INFO: [RL-EP-1602] (1602)
[10-06 20:58:48] INFO: [RL-EP-1603] (1603)
[10-06 20:58:51] INFO: [RL-EP-1604] (1604)
[10-06 20:58:58] INFO: [RL-EP-1605] roll=0.960/0.000/0.040
[10-06 20:59:01] INFO: [RL-EP-1606] (1606)
[10-06 20:59:04] INFO: [RL-EP-1607] (1607)
[10-06 20:59:08] INFO: [RL-EP-1608] (1608)
[10-06 20:59:11] INFO: [RL-EP-1609] (1609)
[10-06 20:59:15] INFO: [RL-EP-1610] roll=0.960/0.000/0.040
[10-06 20:59:19] INFO: [RL-EP-1611] (1611)
[10-06 20:59:22] INFO: [RL-EP-1612] (1612)
[10-06 20:59:25] INFO: [RL-EP-1613] (1613)
[10-06 20:59:28] INFO: [RL-EP-1614] (1614)
[10-06 20:59:32] INFO: [RL-EP-1615] roll=0.960/0.000/0.040
[10-06 20:59:36] INFO: [RL-EP-1616] (1616)
[10-06 20:59:39] INFO: [RL-EP-1617] (1617)
[10-06 20:59:43] INFO: [RL-EP-1618] (1618)
[10-06 20:59:47] INFO: [RL-EP-1619] (1619)
[10-06 20:59:50] INFO: [RL-EP-1620] roll=0.960/0.000/0.040
[10-06 20:59:54] INFO: [RL-EP-1621] (1621)
[10-06 20:59:58] INFO: [RL-EP-1622] (1622)
[10-06 21:00:01] INFO: [RL-EP-1623] (1623)
[10-06 21:00:05] INFO: [RL-EP-1624] (1624)
[10-06 21:00:09] INFO: [SARL-LOSS] ep=1625 value_loss=0.0191 epsilon=0.0500
[10-06 21:00:09] INFO: [STAT] ep=1625 | roll@25(s/c/t)=1.0/0.0/0.0 (0.96/0.00/0.04) | R.mean=0.5
[10-06 21:00:09] INFO: [METRICS-25] time=17.46s | dfreq=0.000 | ddist=0.000m
[10-06 21:00:09] INFO: [METRICS-PLOT] 3-metrics curve -> /root/bayes-vl-matched-20261006/crowd_nav/runs/bayes-matched-v1/bayes_mean-seed42/curves_3metrics.png
[10-06 21:00:09] INFO: [RL-EP-1625] (1625/10000) s/c/t=1/0/0 qloss=0.0000 ploss=0.0000 buf=200000
[10-06 21:00:09] INFO:               cumulative s/c/t%: 96.0%/0.0%/4.0%
[10-06 21:00:09] INFO: [REPLAY-STORE] ok=1625 skip=0 steps=98590 buf=200000
[10-06 21:00:09] INFO: [STAGE0-MONITOR] timeout_ratio=0.040 (target: decrease over time)
[10-06 21:00:09] INFO: ================================================================================
[10-06 21:00:09] INFO: [MULTI-SCALE-1625] TARGET: peak=1.000 stable_90=10ep
[10-06 21:00:09] INFO: [MULTI-SCALE-1625] WINDOWS: short=1.000 med=0.960 long=0.980
[10-06 21:00:09] INFO: [MULTI-SCALE-1625] QUALITY: stability=0.800 learn_rate=0.00000
[10-06 21:00:09] INFO: [ACHIEVEMENT] Stable 90%+ success rate achieved for 10 episodes!
[10-06 21:00:09] INFO: [HEALTH-CHECK-1625] Overall: NEEDS_IMPROVEMENT (score=0.400)
[10-06 21:00:09] INFO: ================================================================================
[10-06 21:00:12] INFO: [RL-EP-1626] (1626)
[10-06 21:00:15] INFO: [RL-EP-1627] (1627)
[10-06 21:00:19] INFO: [RL-EP-1628] (1628)
[10-06 21:00:22] INFO: [RL-EP-1629] (1629)
[10-06 21:00:25] INFO: [RL-EP-1630] roll=0.960/0.000/0.040
[10-06 21:00:29] INFO: [RL-EP-1631] (1631)
[10-06 21:00:33] INFO: [RL-EP-1632] (1632)
[10-06 21:00:36] INFO: [RL-EP-1633] (1633)
[10-06 21:00:39] INFO: [RL-EP-1634] (1634)
[10-06 21:00:43] INFO: [RL-EP-1635] roll=0.980/0.000/0.020
[10-06 21:00:47] INFO: [RL-EP-1636] (1636)
[10-06 21:00:50] INFO: [RL-EP-1637] (1637)
[10-06 21:00:53] INFO: [RL-EP-1638] (1638)
[10-06 21:00:57] INFO: [RL-EP-1639] (1639)
[10-06 21:01:01] INFO: [RL-EP-1640] roll=0.980/0.000/0.020
[10-06 21:01:04] INFO: [RL-EP-1641] (1641)
[10-06 21:01:07] INFO: [RL-EP-1642] (1642)
[10-06 21:01:11] INFO: [RL-EP-1643] (1643)
[10-06 21:01:14] INFO: [RL-EP-1644] (1644)
[10-06 21:01:18] INFO: [RL-EP-1645] roll=0.980/0.000/0.020
[10-06 21:01:21] INFO: [RL-EP-1646] (1646)
[10-06 21:01:25] INFO: [RL-EP-1647] (1647)
[10-06 21:01:29] INFO: [RL-EP-1648] (1648)
[10-06 21:01:32] INFO: [RL-EP-1649] (1649)
[10-06 21:01:32] INFO: [CONFIG-CHECK] ep=1650 updates_per_ep=4 (from config)
[10-06 21:01:35] INFO: [SARL-LOSS] ep=1650 value_loss=0.0180 epsilon=0.0500
[10-06 21:01:35] INFO: [STAT] ep=1650 | roll@25(s/c/t)=1.0/0.0/0.0 (0.98/0.00/0.02) | R.mean=0.5
[10-06 21:01:35] INFO: [METRICS-25] time=16.21s | dfreq=0.000 | ddist=0.000m
[10-06 21:01:35] INFO: [METRICS-PLOT] 3-metrics curve -> /root/bayes-vl-matched-20261006/crowd_nav/runs/bayes-matched-v1/bayes_mean-seed42/curves_3metrics.png
[10-06 21:01:35] INFO: [RL-EP-1650] (1650/10000) s/c/t=1/0/0 qloss=0.0000 ploss=0.0000 buf=200000
[10-06 21:01:35] INFO:               cumulative s/c/t%: 98.0%/0.0%/2.0%
[10-06 21:01:35] INFO: [REPLAY-STORE] ok=1650 skip=0 steps=100118 buf=200000
[10-06 21:01:35] INFO: [STAGE0-MONITOR] timeout_ratio=0.020 (target: decrease over time)
[10-06 21:01:35] INFO: ================================================================================
[10-06 21:01:35] INFO: [MULTI-SCALE-1650] TARGET: peak=1.000 stable_90=10ep
[10-06 21:01:35] INFO: [MULTI-SCALE-1650] WINDOWS: short=1.000 med=1.000 long=0.980
[10-06 21:01:35] INFO: [MULTI-SCALE-1650] QUALITY: stability=0.800 learn_rate=0.00000
[10-06 21:01:35] INFO: [ACHIEVEMENT] Stable 90%+ success rate achieved for 10 episodes!
[10-06 21:01:35] INFO: [HEALTH-CHECK-1650] Overall: NEEDS_IMPROVEMENT (score=0.400)
[10-06 21:01:35] INFO: ================================================================================
[10-06 21:01:39] INFO: [RL-EP-1651] (1651)
[10-06 21:01:43] INFO: [RL-EP-1652] (1652)
[10-06 21:01:47] INFO: [RL-EP-1653] (1653)
[10-06 21:01:51] INFO: [RL-EP-1654] (1654)
[10-06 21:01:54] INFO: [RL-EP-1655] roll=1.000/0.000/0.000
[10-06 21:01:57] INFO: [RL-EP-1656] (1656)
[10-06 21:02:01] INFO: [RL-EP-1657] (1657)
[10-06 21:02:04] INFO: [RL-EP-1658] (1658)
[10-06 21:02:07] INFO: [RL-EP-1659] (1659)
[10-06 21:02:11] INFO: [RL-EP-1660] roll=1.000/0.000/0.000
[10-06 21:02:15] INFO: [RL-EP-1661] (1661)
[10-06 21:02:17] INFO: [RL-EP-1662] (1662)
[10-06 21:02:22] INFO: [RL-EP-1663] (1663)
[10-06 21:02:25] INFO: [RL-EP-1664] (1664)
[10-06 21:02:29] INFO: [RL-EP-1665] roll=0.980/0.020/0.000
[10-06 21:02:32] INFO: [RL-EP-1666] (1666)
[10-06 21:02:36] INFO: [RL-EP-1667] (1667)
[10-06 21:02:40] INFO: [RL-EP-1668] (1668)
[10-06 21:02:43] INFO: [RL-EP-1669] (1669)
[10-06 21:02:47] INFO: [RL-EP-1670] roll=0.980/0.020/0.000
[10-06 21:02:50] INFO: [RL-EP-1671] (1671)
[10-06 21:02:53] INFO: [RL-EP-1672] (1672)
[10-06 21:02:57] INFO: [RL-EP-1673] (1673)
[10-06 21:03:00] INFO: [RL-EP-1674] (1674)
[10-06 21:03:03] INFO: [SARL-LOSS] ep=1675 value_loss=0.0171 epsilon=0.0500
[10-06 21:03:03] INFO: [STAT] ep=1675 | roll@25(s/c/t)=1.0/0.0/0.0 (0.98/0.02/0.00) | R.mean=0.5
[10-06 21:03:03] INFO: [METRICS-25] time=15.88s | dfreq=0.000 | ddist=0.000m
[10-06 21:03:04] INFO: [METRICS-PLOT] 3-metrics curve -> /root/bayes-vl-matched-20261006/crowd_nav/runs/bayes-matched-v1/bayes_mean-seed42/curves_3metrics.png
[10-06 21:03:04] INFO: [RL-EP-1675] (1675/10000) s/c/t=1/0/0 qloss=0.0000 ploss=0.0000 buf=200000
[10-06 21:03:04] INFO:               cumulative s/c/t%: 98.0%/2.0%/0.0%
[10-06 21:03:04] INFO: [REPLAY-STORE] ok=1675 skip=0 steps=101766 buf=200000
[10-06 21:03:04] INFO: [STAGE0-MONITOR] timeout_ratio=0.000 (target: decrease over time)
[10-06 21:03:04] INFO: ================================================================================
[10-06 21:03:04] INFO: [MULTI-SCALE-1675] TARGET: peak=1.000 stable_90=10ep
[10-06 21:03:04] INFO: [MULTI-SCALE-1675] WINDOWS: short=1.000 med=0.960 long=0.970
[10-06 21:03:04] INFO: [MULTI-SCALE-1675] QUALITY: stability=0.800 learn_rate=0.00000
[10-06 21:03:04] INFO: [ACHIEVEMENT] Stable 90%+ success rate achieved for 10 episodes!
[10-06 21:03:04] INFO: [HEALTH-CHECK-1675] Overall: NEEDS_IMPROVEMENT (score=0.400)
[10-06 21:03:04] INFO: ================================================================================
[10-06 21:03:08] INFO: [RL-EP-1676] (1676)
[10-06 21:03:12] INFO: [RL-EP-1677] (1677)
[10-06 21:03:15] INFO: [RL-EP-1678] (1678)
[10-06 21:03:18] INFO: [RL-EP-1679] (1679)
[10-06 21:03:22] INFO: [RL-EP-1680] roll=0.980/0.020/0.000
[10-06 21:03:26] INFO: [RL-EP-1681] (1681)
[10-06 21:03:29] INFO: [RL-EP-1682] (1682)
[10-06 21:03:32] INFO: [RL-EP-1683] (1683)
[10-06 21:03:36] INFO: [RL-EP-1684] (1684)
[10-06 21:03:40] INFO: [RL-EP-1685] roll=0.980/0.020/0.000
[10-06 21:03:43] INFO: [RL-EP-1686] (1686)
[10-06 21:03:46] INFO: [RL-EP-1687] (1687)
[10-06 21:03:49] INFO: [RL-EP-1688] (1688)
[10-06 21:03:52] INFO: [RL-EP-1689] (1689)
[10-06 21:03:55] INFO: [RL-EP-1690] roll=0.980/0.020/0.000
[10-06 21:03:58] INFO: [RL-EP-1691] (1691)
[10-06 21:04:02] INFO: [RL-EP-1692] (1692)
[10-06 21:04:06] INFO: [RL-EP-1693] (1693)
[10-06 21:04:09] INFO: [RL-EP-1694] (1694)
[10-06 21:04:13] INFO: [RL-EP-1695] roll=0.980/0.020/0.000
[10-06 21:04:17] INFO: [RL-EP-1696] (1696)
[10-06 21:04:20] INFO: [RL-EP-1697] (1697)
[10-06 21:04:24] INFO: [RL-EP-1698] (1698)
[10-06 21:04:27] INFO: [RL-EP-1699] (1699)
[10-06 21:04:27] INFO: [CONFIG-CHECK] ep=1700 updates_per_ep=4 (from config)
[10-06 21:04:27] INFO: [SARL-EPSILON] ep=1700 epsilon=0.0500 (start=0.3, end=0.05, decay=1500)
[10-06 21:04:29] INFO: [SARL-REPLAY] ep=1700 buffer_size=200000 updates=4
[10-06 21:04:29] INFO: [SARL-LOSS] ep=1700 value_loss=0.0265 epsilon=0.0500
[10-06 21:04:29] INFO: [SARL-STATS] ep=1700 buffer_size=200000
[10-06 21:04:29] INFO: [STAT] ep=1700 | roll@25(s/c/t)=1.0/0.0/0.0 (0.96/0.04/0.00) | R.mean=0.5
[10-06 21:04:29] INFO: [METRICS-25] time=16.02s | dfreq=0.000 | ddist=0.000m
[10-06 21:04:29] INFO: [METRICS-PLOT] 3-metrics curve -> /root/bayes-vl-matched-20261006/crowd_nav/runs/bayes-matched-v1/bayes_mean-seed42/curves_3metrics.png
[10-06 21:04:29] INFO: [RL-EP-1700] (1700/10000) s/c/t=0/1/0 qloss=0.0000 ploss=0.0000 buf=200000
[10-06 21:04:29] INFO:               cumulative s/c/t%: 96.0%/4.0%/0.0%
[10-06 21:04:29] INFO: [REPLAY-STORE] ok=1700 skip=0 steps=103323 buf=200000
[10-06 21:04:29] INFO: [STAGE0-MONITOR] timeout_ratio=0.000 (target: decrease over time)
[10-06 21:04:29] INFO: [SOT-1700] REWARD succ=1.0/coll=-0.50 | GRID 5×16=80 | EVENTS s=0.96/c=0.04/t=0.00
[10-06 21:04:29] INFO: ================================================================================
[10-06 21:04:29] INFO: [MULTI-SCALE-1700] TARGET: peak=1.000 stable_90=10ep
[10-06 21:04:29] INFO: [MULTI-SCALE-1700] WINDOWS: short=0.900 med=0.960 long=0.970
[10-06 21:04:29] INFO: [MULTI-SCALE-1700] QUALITY: stability=0.800 learn_rate=0.00000
[10-06 21:04:29] INFO: [ACHIEVEMENT] Stable 90%+ success rate achieved for 10 episodes!
[10-06 21:04:29] INFO: [HEALTH-CHECK-1700] Overall: NEEDS_IMPROVEMENT (score=0.400)
[10-06 21:04:29] INFO: ================================================================================
[10-06 21:04:32] INFO: [RL-EP-1701] (1701)
[10-06 21:04:36] INFO: [RL-EP-1702] (1702)
[10-06 21:04:39] INFO: [RL-EP-1703] (1703)
[10-06 21:04:42] INFO: [RL-EP-1704] (1704)
[10-06 21:04:46] INFO: [RL-EP-1705] roll=0.960/0.040/0.000
[10-06 21:04:49] INFO: [RL-EP-1706] (1706)
[10-06 21:04:52] INFO: [RL-EP-1707] (1707)
[10-06 21:04:56] INFO: [RL-EP-1708] (1708)
[10-06 21:04:59] INFO: [RL-EP-1709] (1709)
[10-06 21:05:02] INFO: [RL-EP-1710] roll=0.960/0.040/0.000
[10-06 21:05:05] INFO: [RL-EP-1711] (1711)
[10-06 21:05:08] INFO: [RL-EP-1712] (1712)
[10-06 21:05:11] INFO: [RL-EP-1713] (1713)
[10-06 21:05:15] INFO: [RL-EP-1714] (1714)
[10-06 21:05:18] INFO: [RL-EP-1715] roll=0.980/0.020/0.000
[10-06 21:05:22] INFO: [RL-EP-1716] (1716)
[10-06 21:05:25] INFO: [RL-EP-1717] (1717)
[10-06 21:05:28] INFO: [RL-EP-1718] (1718)
[10-06 21:05:32] INFO: [RL-EP-1719] (1719)
[10-06 21:05:35] INFO: [RL-EP-1720] roll=0.980/0.020/0.000
[10-06 21:05:39] INFO: [RL-EP-1721] (1721)
[10-06 21:05:42] INFO: [RL-EP-1722] (1722)
[10-06 21:05:46] INFO: [RL-EP-1723] (1723)
[10-06 21:05:49] INFO: [RL-EP-1724] (1724)
[10-06 21:05:52] INFO: [SARL-LOSS] ep=1725 value_loss=0.0231 epsilon=0.0500
[10-06 21:05:52] INFO: [STAT] ep=1725 | roll@25(s/c/t)=1.0/0.0/0.0 (0.98/0.02/0.00) | R.mean=0.5
[10-06 21:05:52] INFO: [METRICS-25] time=15.40s | dfreq=0.000 | ddist=0.000m
[10-06 21:05:53] INFO: [METRICS-PLOT] 3-metrics curve -> /root/bayes-vl-matched-20261006/crowd_nav/runs/bayes-matched-v1/bayes_mean-seed42/curves_3metrics.png
[10-06 21:05:53] INFO: [RL-EP-1725] (1725/10000) s/c/t=1/0/0 qloss=0.0000 ploss=0.0000 buf=200000
[10-06 21:05:53] INFO:               cumulative s/c/t%: 98.0%/2.0%/0.0%
[10-06 21:05:53] INFO: [REPLAY-STORE] ok=1725 skip=0 steps=104846 buf=200000
[10-06 21:05:53] INFO: [STAGE0-MONITOR] timeout_ratio=0.000 (target: decrease over time)
[10-06 21:05:53] INFO: ================================================================================
[10-06 21:05:53] INFO: [MULTI-SCALE-1725] TARGET: peak=1.000 stable_90=10ep
[10-06 21:05:53] INFO: [MULTI-SCALE-1725] WINDOWS: short=1.000 med=1.000 long=0.980
[10-06 21:05:53] INFO: [MULTI-SCALE-1725] QUALITY: stability=0.800 learn_rate=0.00000
[10-06 21:05:53] INFO: [ACHIEVEMENT] Stable 90%+ success rate achieved for 10 episodes!
[10-06 21:05:53] INFO: [HEALTH-CHECK-1725] Overall: NEEDS_IMPROVEMENT (score=0.400)
[10-06 21:05:53] INFO: ================================================================================
[10-06 21:05:56] INFO: [RL-EP-1726] (1726)
[10-06 21:06:00] INFO: [RL-EP-1727] (1727)
[10-06 21:06:03] INFO: [RL-EP-1728] (1728)
[10-06 21:06:06] INFO: [RL-EP-1729] (1729)
[10-06 21:06:09] INFO: [RL-EP-1730] roll=0.980/0.020/0.000
[10-06 21:06:13] INFO: [RL-EP-1731] (1731)
[10-06 21:06:16] INFO: [RL-EP-1732] (1732)
[10-06 21:06:19] INFO: [RL-EP-1733] (1733)
[10-06 21:06:22] INFO: [RL-EP-1734] (1734)
[10-06 21:06:27] INFO: [RL-EP-1735] roll=0.980/0.020/0.000
[10-06 21:06:30] INFO: [RL-EP-1736] (1736)
[10-06 21:06:34] INFO: [RL-EP-1737] (1737)
[10-06 21:06:37] INFO: [RL-EP-1738] (1738)
[10-06 21:06:40] INFO: [RL-EP-1739] (1739)
[10-06 21:06:43] INFO: [RL-EP-1740] roll=0.980/0.020/0.000
[10-06 21:06:46] INFO: [RL-EP-1741] (1741)
[10-06 21:06:49] INFO: [RL-EP-1742] (1742)
[10-06 21:06:53] INFO: [RL-EP-1743] (1743)
[10-06 21:06:55] INFO: [RL-EP-1744] (1744)
[10-06 21:06:59] INFO: [RL-EP-1745] roll=0.980/0.020/0.000
[10-06 21:07:02] INFO: [RL-EP-1746] (1746)
[10-06 21:07:05] INFO: [RL-EP-1747] (1747)
[10-06 21:07:08] INFO: [RL-EP-1748] (1748)
[10-06 21:07:12] INFO: [RL-EP-1749] (1749)
[10-06 21:07:12] INFO: [CONFIG-CHECK] ep=1750 updates_per_ep=4 (from config)
[10-06 21:07:16] INFO: [SARL-LOSS] ep=1750 value_loss=0.0244 epsilon=0.0500
[10-06 21:07:16] INFO: [STAT] ep=1750 | roll@25(s/c/t)=1.0/0.0/0.0 (1.00/0.00/0.00) | R.mean=0.5
[10-06 21:07:16] INFO: [METRICS-25] time=15.47s | dfreq=0.000 | ddist=0.000m
[10-06 21:07:16] INFO: [METRICS-PLOT] 3-metrics curve -> /root/bayes-vl-matched-20261006/crowd_nav/runs/bayes-matched-v1/bayes_mean-seed42/curves_3metrics.png
[10-06 21:07:16] INFO: [RL-EP-1750] (1750/10000) s/c/t=1/0/0 qloss=0.0000 ploss=0.0000 buf=200000
[10-06 21:07:16] INFO:               cumulative s/c/t%: 100.0%/0.0%/0.0%
[10-06 21:07:16] INFO: [REPLAY-STORE] ok=1750 skip=0 steps=106418 buf=200000
[10-06 21:07:16] INFO: [STAGE0-MONITOR] timeout_ratio=0.000 (target: decrease over time)
[10-06 21:07:16] INFO: ================================================================================
[10-06 21:07:16] INFO: [MULTI-SCALE-1750] TARGET: peak=1.000 stable_90=10ep
[10-06 21:07:16] INFO: [MULTI-SCALE-1750] WINDOWS: short=1.000 med=1.000 long=0.980
[10-06 21:07:16] INFO: [MULTI-SCALE-1750] QUALITY: stability=0.800 learn_rate=0.00000
[10-06 21:07:16] INFO: [ACHIEVEMENT] Stable 90%+ success rate achieved for 10 episodes!
[10-06 21:07:16] INFO: [HEALTH-CHECK-1750] Overall: NEEDS_IMPROVEMENT (score=0.400)
[10-06 21:07:16] INFO: ================================================================================
[10-06 21:07:19] INFO: [RL-EP-1751] (1751)
[10-06 21:07:22] INFO: [RL-EP-1752] (1752)
[10-06 21:07:26] INFO: [RL-EP-1753] (1753)
[10-06 21:07:29] INFO: [RL-EP-1754] (1754)
[10-06 21:07:32] INFO: [RL-EP-1755] roll=1.000/0.000/0.000
[10-06 21:07:35] INFO: [RL-EP-1756] (1756)
[10-06 21:07:38] INFO: [RL-EP-1757] (1757)
[10-06 21:07:42] INFO: [RL-EP-1758] (1758)
[10-06 21:07:46] INFO: [RL-EP-1759] (1759)
[10-06 21:07:51] INFO: [RL-EP-1760] roll=1.000/0.000/0.000
[10-06 21:07:54] INFO: [RL-EP-1761] (1761)
[10-06 21:07:58] INFO: [RL-EP-1762] (1762)
[10-06 21:08:01] INFO: [RL-EP-1763] (1763)
[10-06 21:08:05] INFO: [RL-EP-1764] (1764)
[10-06 21:08:08] INFO: [RL-EP-1765] roll=1.000/0.000/0.000
[10-06 21:08:12] INFO: [RL-EP-1766] (1766)
[10-06 21:08:15] INFO: [RL-EP-1767] (1767)
[10-06 21:08:18] INFO: [RL-EP-1768] (1768)
[10-06 21:08:22] INFO: [RL-EP-1769] (1769)
[10-06 21:08:26] INFO: [RL-EP-1770] roll=1.000/0.000/0.000
[10-06 21:08:29] INFO: [RL-EP-1771] (1771)
[10-06 21:08:33] INFO: [RL-EP-1772] (1772)
[10-06 21:08:37] INFO: [RL-EP-1773] (1773)
[10-06 21:08:40] INFO: [RL-EP-1774] (1774)
[10-06 21:08:44] INFO: [SARL-LOSS] ep=1775 value_loss=0.0235 epsilon=0.0500
[10-06 21:08:44] INFO: [STAT] ep=1775 | roll@25(s/c/t)=1.0/0.0/0.0 (1.00/0.00/0.00) | R.mean=0.5
[10-06 21:08:44] INFO: [METRICS-25] time=16.30s | dfreq=0.000 | ddist=0.000m
[10-06 21:08:44] INFO: [METRICS-PLOT] 3-metrics curve -> /root/bayes-vl-matched-20261006/crowd_nav/runs/bayes-matched-v1/bayes_mean-seed42/curves_3metrics.png
[10-06 21:08:44] INFO: [RL-EP-1775] (1775/10000) s/c/t=1/0/0 qloss=0.0000 ploss=0.0000 buf=200000
[10-06 21:08:44] INFO:               cumulative s/c/t%: 100.0%/0.0%/0.0%
[10-06 21:08:44] INFO: [REPLAY-STORE] ok=1775 skip=0 steps=108105 buf=200000
[10-06 21:08:44] INFO: [STAGE0-MONITOR] timeout_ratio=0.000 (target: decrease over time)
[10-06 21:08:44] INFO: ================================================================================
[10-06 21:08:44] INFO: [MULTI-SCALE-1775] TARGET: peak=1.000 stable_90=10ep
[10-06 21:08:44] INFO: [MULTI-SCALE-1775] WINDOWS: short=1.000 med=1.000 long=0.990
[10-06 21:08:44] INFO: [MULTI-SCALE-1775] QUALITY: stability=0.800 learn_rate=0.00000
[10-06 21:08:44] INFO: [ACHIEVEMENT] Stable 90%+ success rate achieved for 10 episodes!
[10-06 21:08:44] INFO: [HEALTH-CHECK-1775] Overall: NEEDS_IMPROVEMENT (score=0.400)
[10-06 21:08:44] INFO: ================================================================================
[10-06 21:08:48] INFO: [RL-EP-1776] (1776)
[10-06 21:08:51] INFO: [RL-EP-1777] (1777)
[10-06 21:08:54] INFO: [RL-EP-1778] (1778)
[10-06 21:08:58] INFO: [RL-EP-1779] (1779)
[10-06 21:09:01] INFO: [RL-EP-1780] roll=1.000/0.000/0.000
[10-06 21:09:05] INFO: [RL-EP-1781] (1781)
[10-06 21:09:09] INFO: [RL-EP-1782] (1782)
[10-06 21:09:12] INFO: [RL-EP-1783] (1783)
[10-06 21:09:16] INFO: [RL-EP-1784] (1784)
[10-06 21:09:20] INFO: [RL-EP-1785] roll=1.000/0.000/0.000
[10-06 21:09:24] INFO: [RL-EP-1786] (1786)
[10-06 21:09:27] INFO: [RL-EP-1787] (1787)
[10-06 21:09:31] INFO: [RL-EP-1788] (1788)
[10-06 21:09:34] INFO: [RL-EP-1789] (1789)
[10-06 21:09:37] INFO: [RL-EP-1790] roll=1.000/0.000/0.000
[10-06 21:09:41] INFO: [RL-EP-1791] (1791)
[10-06 21:09:45] INFO: [RL-EP-1792] (1792)
[10-06 21:09:48] INFO: [RL-EP-1793] (1793)
[10-06 21:09:52] INFO: [RL-EP-1794] (1794)
[10-06 21:09:56] INFO: [RL-EP-1795] roll=1.000/0.000/0.000
[10-06 21:09:58] INFO: [RL-EP-1796] (1796)
[10-06 21:10:01] INFO: [RL-EP-1797] (1797)
[10-06 21:10:05] INFO: [RL-EP-1798] (1798)
[10-06 21:10:08] INFO: [RL-EP-1799] (1799)
[10-06 21:10:08] INFO: [CONFIG-CHECK] ep=1800 updates_per_ep=4 (from config)
[10-06 21:10:08] INFO: [SARL-EPSILON] ep=1800 epsilon=0.0500 (start=0.3, end=0.05, decay=1500)
[10-06 21:10:11] INFO: [SARL-REPLAY] ep=1800 buffer_size=200000 updates=4
[10-06 21:10:11] INFO: [SARL-LOSS] ep=1800 value_loss=0.0227 epsilon=0.0500
[10-06 21:10:11] INFO: [SARL-STATS] ep=1800 buffer_size=200000
[10-06 21:10:11] INFO: [STAT] ep=1800 | roll@25(s/c/t)=1.0/0.0/0.0 (0.98/0.02/0.00) | R.mean=0.5
[10-06 21:10:11] INFO: [METRICS-25] time=16.35s | dfreq=0.000 | ddist=0.000m
[10-06 21:10:11] INFO: [METRICS-PLOT] 3-metrics curve -> /root/bayes-vl-matched-20261006/crowd_nav/runs/bayes-matched-v1/bayes_mean-seed42/curves_3metrics.png
[10-06 21:10:11] INFO: [RL-EP-1800] (1800/10000) s/c/t=1/0/0 qloss=0.0000 ploss=0.0000 buf=200000
[10-06 21:10:11] INFO:               cumulative s/c/t%: 98.0%/2.0%/0.0%
[10-06 21:10:11] INFO: [REPLAY-STORE] ok=1800 skip=0 steps=109688 buf=200000
[10-06 21:10:11] INFO: [STAGE0-MONITOR] timeout_ratio=0.000 (target: decrease over time)
[10-06 21:10:11] INFO: [SOT-1800] REWARD succ=1.0/coll=-0.50 | GRID 5×16=80 | EVENTS s=0.98/c=0.02/t=0.00
[10-06 21:10:11] INFO: ================================================================================
[10-06 21:10:11] INFO: [MULTI-SCALE-1800] TARGET: peak=1.000 stable_90=10ep
[10-06 21:10:11] INFO: [MULTI-SCALE-1800] WINDOWS: short=0.900 med=0.960 long=0.990
[10-06 21:10:11] INFO: [MULTI-SCALE-1800] QUALITY: stability=0.800 learn_rate=0.00000
[10-06 21:10:11] INFO: [ACHIEVEMENT] Stable 90%+ success rate achieved for 10 episodes!
[10-06 21:10:11] INFO: [HEALTH-CHECK-1800] Overall: NEEDS_IMPROVEMENT (score=0.400)
[10-06 21:10:11] INFO: ================================================================================
[10-06 21:10:15] INFO: [RL-EP-1801] (1801)
[10-06 21:10:18] INFO: [RL-EP-1802] (1802)
[10-06 21:10:21] INFO: [RL-EP-1803] (1803)
[10-06 21:10:25] INFO: [RL-EP-1804] (1804)
[10-06 21:10:28] INFO: [RL-EP-1805] roll=0.980/0.020/0.000
[10-06 21:10:31] INFO: [RL-EP-1806] (1806)
[10-06 21:10:35] INFO: [RL-EP-1807] (1807)
[10-06 21:10:38] INFO: [RL-EP-1808] (1808)
[10-06 21:10:42] INFO: [RL-EP-1809] (1809)
[10-06 21:10:46] INFO: [RL-EP-1810] roll=0.980/0.020/0.000
[10-06 21:10:49] INFO: [RL-EP-1811] (1811)
[10-06 21:10:52] INFO: [RL-EP-1812] (1812)
[10-06 21:10:56] INFO: [RL-EP-1813] (1813)
[10-06 21:11:00] INFO: [RL-EP-1814] (1814)
[10-06 21:11:04] INFO: [RL-EP-1815] roll=0.980/0.020/0.000
[10-06 21:11:08] INFO: [RL-EP-1816] (1816)
[10-06 21:11:12] INFO: [RL-EP-1817] (1817)
[10-06 21:11:15] INFO: [RL-EP-1818] (1818)
[10-06 21:11:18] INFO: [RL-EP-1819] (1819)
[10-06 21:11:21] INFO: [RL-EP-1820] roll=0.980/0.020/0.000
[10-06 21:11:24] INFO: [RL-EP-1821] (1821)
[10-06 21:11:28] INFO: [RL-EP-1822] (1822)
[10-06 21:11:32] INFO: [RL-EP-1823] (1823)
[10-06 21:11:36] INFO: [RL-EP-1824] (1824)
[10-06 21:11:39] INFO: [SARL-LOSS] ep=1825 value_loss=0.0209 epsilon=0.0500
[10-06 21:11:39] INFO: [STAT] ep=1825 | roll@25(s/c/t)=1.0/0.0/0.0 (0.98/0.02/0.00) | R.mean=0.5
[10-06 21:11:39] INFO: [METRICS-25] time=16.58s | dfreq=0.000 | ddist=0.000m
[10-06 21:11:40] INFO: [METRICS-PLOT] 3-metrics curve -> /root/bayes-vl-matched-20261006/crowd_nav/runs/bayes-matched-v1/bayes_mean-seed42/curves_3metrics.png
[10-06 21:11:40] INFO: [RL-EP-1825] (1825/10000) s/c/t=1/0/0 qloss=0.0000 ploss=0.0000 buf=200000
[10-06 21:11:40] INFO:               cumulative s/c/t%: 98.0%/2.0%/0.0%
[10-06 21:11:40] INFO: [REPLAY-STORE] ok=1825 skip=0 steps=111421 buf=200000
[10-06 21:11:40] INFO: [STAGE0-MONITOR] timeout_ratio=0.000 (target: decrease over time)
[10-06 21:11:40] INFO: ================================================================================
[10-06 21:11:40] INFO: [MULTI-SCALE-1825] TARGET: peak=1.000 stable_90=10ep
[10-06 21:11:40] INFO: [MULTI-SCALE-1825] WINDOWS: short=1.000 med=1.000 long=0.990
[10-06 21:11:40] INFO: [MULTI-SCALE-1825] QUALITY: stability=0.800 learn_rate=0.00000
[10-06 21:11:40] INFO: [ACHIEVEMENT] Stable 90%+ success rate achieved for 10 episodes!
[10-06 21:11:40] INFO: [HEALTH-CHECK-1825] Overall: NEEDS_IMPROVEMENT (score=0.400)
[10-06 21:11:40] INFO: ================================================================================
[10-06 21:11:43] INFO: [RL-EP-1826] (1826)
[10-06 21:11:46] INFO: [RL-EP-1827] (1827)
[10-06 21:11:49] INFO: [RL-EP-1828] (1828)
[10-06 21:11:52] INFO: [RL-EP-1829] (1829)
[10-06 21:11:55] INFO: [RL-EP-1830] roll=0.980/0.020/0.000
[10-06 21:11:58] INFO: [RL-EP-1831] (1831)
[10-06 21:12:03] INFO: [RL-EP-1832] (1832)
[10-06 21:12:06] INFO: [RL-EP-1833] (1833)
[10-06 21:12:10] INFO: [RL-EP-1834] (1834)
[10-06 21:12:14] INFO: [RL-EP-1835] roll=0.980/0.020/0.000
[10-06 21:12:17] INFO: [RL-EP-1836] (1836)
[10-06 21:12:21] INFO: [RL-EP-1837] (1837)
[10-06 21:12:25] INFO: [RL-EP-1838] (1838)
[10-06 21:12:28] INFO: [RL-EP-1839] (1839)
[10-06 21:12:32] INFO: [RL-EP-1840] roll=0.980/0.020/0.000
[10-06 21:12:35] INFO: [RL-EP-1841] (1841)
[10-06 21:12:38] INFO: [RL-EP-1842] (1842)
[10-06 21:12:42] INFO: [RL-EP-1843] (1843)
[10-06 21:12:45] INFO: [RL-EP-1844] (1844)
[10-06 21:12:49] INFO: [RL-EP-1845] roll=0.980/0.020/0.000
[10-06 21:12:52] INFO: [RL-EP-1846] (1846)
[10-06 21:12:55] INFO: [RL-EP-1847] (1847)
[10-06 21:12:59] INFO: [RL-EP-1848] (1848)
[10-06 21:13:02] INFO: [RL-EP-1849] (1849)
[10-06 21:13:02] INFO: [CONFIG-CHECK] ep=1850 updates_per_ep=4 (from config)
[10-06 21:13:07] INFO: [SARL-LOSS] ep=1850 value_loss=0.0235 epsilon=0.0500
[10-06 21:13:07] INFO: [STAT] ep=1850 | roll@25(s/c/t)=1.0/0.0/0.0 (1.00/0.00/0.00) | R.mean=0.5
[10-06 21:13:07] INFO: [METRICS-25] time=16.95s | dfreq=0.000 | ddist=0.000m
[10-06 21:13:07] INFO: [METRICS-PLOT] 3-metrics curve -> /root/bayes-vl-matched-20261006/crowd_nav/runs/bayes-matched-v1/bayes_mean-seed42/curves_3metrics.png
[10-06 21:13:07] INFO: [RL-EP-1850] (1850/10000) s/c/t=1/0/0 qloss=0.0000 ploss=0.0000 buf=200000
[10-06 21:13:07] INFO:               cumulative s/c/t%: 100.0%/0.0%/0.0%
[10-06 21:13:07] INFO: [REPLAY-STORE] ok=1850 skip=0 steps=113077 buf=200000
[10-06 21:13:07] INFO: [STAGE0-MONITOR] timeout_ratio=0.000 (target: decrease over time)
[10-06 21:13:07] INFO: ================================================================================
[10-06 21:13:07] INFO: [MULTI-SCALE-1850] TARGET: peak=1.000 stable_90=10ep
[10-06 21:13:07] INFO: [MULTI-SCALE-1850] WINDOWS: short=1.000 med=1.000 long=0.990
[10-06 21:13:07] INFO: [MULTI-SCALE-1850] QUALITY: stability=0.800 learn_rate=0.00000
[10-06 21:13:07] INFO: [ACHIEVEMENT] Stable 90%+ success rate achieved for 10 episodes!
[10-06 21:13:07] INFO: [HEALTH-CHECK-1850] Overall: NEEDS_IMPROVEMENT (score=0.400)
[10-06 21:13:07] INFO: ================================================================================
[10-06 21:13:10] INFO: [RL-EP-1851] (1851)
[10-06 21:13:14] INFO: [RL-EP-1852] (1852)
[10-06 21:13:17] INFO: [RL-EP-1853] (1853)
[10-06 21:13:20] INFO: [RL-EP-1854] (1854)
[10-06 21:13:23] INFO: [RL-EP-1855] roll=1.000/0.000/0.000
[10-06 21:13:27] INFO: [RL-EP-1856] (1856)
[10-06 21:13:30] INFO: [RL-EP-1857] (1857)
[10-06 21:13:34] INFO: [RL-EP-1858] (1858)
[10-06 21:13:37] INFO: [RL-EP-1859] (1859)
[10-06 21:13:40] INFO: [RL-EP-1860] roll=1.000/0.000/0.000
[10-06 21:13:43] INFO: [RL-EP-1861] (1861)
[10-06 21:13:46] INFO: [RL-EP-1862] (1862)
[10-06 21:13:50] INFO: [RL-EP-1863] (1863)
[10-06 21:13:53] INFO: [RL-EP-1864] (1864)
[10-06 21:13:56] INFO: [RL-EP-1865] roll=1.000/0.000/0.000
[10-06 21:14:00] INFO: [RL-EP-1866] (1866)
[10-06 21:14:03] INFO: [RL-EP-1867] (1867)
[10-06 21:14:07] INFO: [RL-EP-1868] (1868)
[10-06 21:14:11] INFO: [RL-EP-1869] (1869)
[10-06 21:14:15] INFO: [RL-EP-1870] roll=1.000/0.000/0.000
[10-06 21:14:18] INFO: [RL-EP-1871] (1871)
[10-06 21:14:22] INFO: [RL-EP-1872] (1872)
[10-06 21:14:26] INFO: [RL-EP-1873] (1873)
[10-06 21:14:29] INFO: [RL-EP-1874] (1874)
[10-06 21:14:32] INFO: [SARL-LOSS] ep=1875 value_loss=0.0184 epsilon=0.0500
[10-06 21:14:32] INFO: [STAT] ep=1875 | roll@25(s/c/t)=1.0/0.0/0.0 (1.00/0.00/0.00) | R.mean=0.5
[10-06 21:14:32] INFO: [METRICS-25] time=16.03s | dfreq=0.000 | ddist=0.000m
[10-06 21:14:33] INFO: [METRICS-PLOT] 3-metrics curve -> /root/bayes-vl-matched-20261006/crowd_nav/runs/bayes-matched-v1/bayes_mean-seed42/curves_3metrics.png
[10-06 21:14:33] INFO: [RL-EP-1875] (1875/10000) s/c/t=1/0/0 qloss=0.0000 ploss=0.0000 buf=200000
[10-06 21:14:33] INFO:               cumulative s/c/t%: 100.0%/0.0%/0.0%
[10-06 21:14:33] INFO: [REPLAY-STORE] ok=1875 skip=0 steps=114627 buf=200000
[10-06 21:14:33] INFO: [STAGE0-MONITOR] timeout_ratio=0.000 (target: decrease over time)
[10-06 21:14:33] INFO: ================================================================================
[10-06 21:14:33] INFO: [MULTI-SCALE-1875] TARGET: peak=1.000 stable_90=10ep
[10-06 21:14:33] INFO: [MULTI-SCALE-1875] WINDOWS: short=1.000 med=1.000 long=0.990
[10-06 21:14:33] INFO: [MULTI-SCALE-1875] QUALITY: stability=0.800 learn_rate=0.00000
[10-06 21:14:33] INFO: [ACHIEVEMENT] Stable 90%+ success rate achieved for 10 episodes!
[10-06 21:14:33] INFO: [HEALTH-CHECK-1875] Overall: NEEDS_IMPROVEMENT (score=0.400)
[10-06 21:14:33] INFO: ================================================================================
[10-06 21:14:36] INFO: [RL-EP-1876] (1876)
[10-06 21:14:40] INFO: [RL-EP-1877] (1877)
[10-06 21:14:44] INFO: [RL-EP-1878] (1878)
[10-06 21:14:47] INFO: [RL-EP-1879] (1879)
[10-06 21:14:50] INFO: [RL-EP-1880] roll=1.000/0.000/0.000
[10-06 21:14:54] INFO: [RL-EP-1881] (1881)
[10-06 21:14:58] INFO: [RL-EP-1882] (1882)
[10-06 21:15:01] INFO: [RL-EP-1883] (1883)
[10-06 21:15:04] INFO: [RL-EP-1884] (1884)
[10-06 21:15:08] INFO: [RL-EP-1885] roll=1.000/0.000/0.000
[10-06 21:15:11] INFO: [RL-EP-1886] (1886)
[10-06 21:15:14] INFO: [RL-EP-1887] (1887)
[10-06 21:15:17] INFO: [RL-EP-1888] (1888)
[10-06 21:15:22] INFO: [RL-EP-1889] (1889)
[10-06 21:15:25] INFO: [RL-EP-1890] roll=1.000/0.000/0.000
[10-06 21:15:29] INFO: [RL-EP-1891] (1891)
[10-06 21:15:32] INFO: [RL-EP-1892] (1892)
[10-06 21:15:35] INFO: [RL-EP-1893] (1893)
[10-06 21:15:39] INFO: [RL-EP-1894] (1894)
[10-06 21:15:43] INFO: [RL-EP-1895] roll=1.000/0.000/0.000
[10-06 21:15:46] INFO: [RL-EP-1896] (1896)
[10-06 21:15:49] INFO: [RL-EP-1897] (1897)
[10-06 21:15:53] INFO: [RL-EP-1898] (1898)
[10-06 21:15:57] INFO: [RL-EP-1899] (1899)
[10-06 21:15:57] INFO: [CONFIG-CHECK] ep=1900 updates_per_ep=4 (from config)
[10-06 21:15:57] INFO: [SARL-EPSILON] ep=1900 epsilon=0.0500 (start=0.3, end=0.05, decay=1500)
[10-06 21:16:00] INFO: [SARL-REPLAY] ep=1900 buffer_size=200000 updates=4
[10-06 21:16:00] INFO: [SARL-LOSS] ep=1900 value_loss=0.0277 epsilon=0.0500
[10-06 21:16:00] INFO: [SARL-STATS] ep=1900 buffer_size=200000
[10-06 21:16:00] INFO: [STAT] ep=1900 | roll@25(s/c/t)=1.0/0.0/0.0 (1.00/0.00/0.00) | R.mean=0.5
[10-06 21:16:00] INFO: [METRICS-25] time=15.91s | dfreq=0.000 | ddist=0.000m
[10-06 21:16:01] INFO: [METRICS-PLOT] 3-metrics curve -> /root/bayes-vl-matched-20261006/crowd_nav/runs/bayes-matched-v1/bayes_mean-seed42/curves_3metrics.png
[10-06 21:16:01] INFO: [RL-EP-1900] (1900/10000) s/c/t=1/0/0 qloss=0.0000 ploss=0.0000 buf=200000
[10-06 21:16:01] INFO:               cumulative s/c/t%: 100.0%/0.0%/0.0%
[10-06 21:16:01] INFO: [REPLAY-STORE] ok=1900 skip=0 steps=116259 buf=200000
[10-06 21:16:01] INFO: [STAGE0-MONITOR] timeout_ratio=0.000 (target: decrease over time)
[10-06 21:16:01] INFO: [SOT-1900] REWARD succ=1.0/coll=-0.50 | GRID 5×16=80 | EVENTS s=1.00/c=0.00/t=0.00
[10-06 21:16:01] INFO: ================================================================================
[10-06 21:16:01] INFO: [MULTI-SCALE-1900] TARGET: peak=1.000 stable_90=10ep
[10-06 21:16:01] INFO: [MULTI-SCALE-1900] WINDOWS: short=1.000 med=1.000 long=1.000
[10-06 21:16:01] INFO: [MULTI-SCALE-1900] QUALITY: stability=0.800 learn_rate=0.00000
[10-06 21:16:01] INFO: [ACHIEVEMENT] Stable 90%+ success rate achieved for 10 episodes!
[10-06 21:16:01] INFO: [HEALTH-CHECK-1900] Overall: NEEDS_IMPROVEMENT (score=0.400)
[10-06 21:16:01] INFO: ================================================================================
[10-06 21:16:04] INFO: [RL-EP-1901] (1901)
[10-06 21:16:07] INFO: [RL-EP-1902] (1902)
[10-06 21:16:11] INFO: [RL-EP-1903] (1903)
[10-06 21:16:14] INFO: [RL-EP-1904] (1904)
[10-06 21:16:18] INFO: [RL-EP-1905] roll=1.000/0.000/0.000
[10-06 21:16:21] INFO: [RL-EP-1906] (1906)
[10-06 21:16:24] INFO: [RL-EP-1907] (1907)
[10-06 21:16:28] INFO: [RL-EP-1908] (1908)
[10-06 21:16:32] INFO: [RL-EP-1909] (1909)
[10-06 21:16:35] INFO: [RL-EP-1910] roll=1.000/0.000/0.000
[10-06 21:16:40] INFO: [RL-EP-1911] (1911)
[10-06 21:16:43] INFO: [RL-EP-1912] (1912)
[10-06 21:16:46] INFO: [RL-EP-1913] (1913)
[10-06 21:16:50] INFO: [RL-EP-1914] (1914)
[10-06 21:16:54] INFO: [RL-EP-1915] roll=1.000/0.000/0.000
[10-06 21:16:57] INFO: [RL-EP-1916] (1916)
[10-06 21:17:01] INFO: [RL-EP-1917] (1917)
[10-06 21:17:04] INFO: [RL-EP-1918] (1918)
[10-06 21:17:08] INFO: [RL-EP-1919] (1919)
[10-06 21:17:11] INFO: [RL-EP-1920] roll=1.000/0.000/0.000
[10-06 21:17:15] INFO: [RL-EP-1921] (1921)
[10-06 21:17:19] INFO: [RL-EP-1922] (1922)
[10-06 21:17:22] INFO: [RL-EP-1923] (1923)
[10-06 21:17:26] INFO: [RL-EP-1924] (1924)
[10-06 21:17:29] INFO: [SARL-LOSS] ep=1925 value_loss=0.0191 epsilon=0.0500
[10-06 21:17:29] INFO: [STAT] ep=1925 | roll@25(s/c/t)=1.0/0.0/0.0 (1.00/0.00/0.00) | R.mean=0.5
[10-06 21:17:29] INFO: [METRICS-25] time=16.34s | dfreq=0.000 | ddist=0.000m
[10-06 21:17:29] INFO: [METRICS-PLOT] 3-metrics curve -> /root/bayes-vl-matched-20261006/crowd_nav/runs/bayes-matched-v1/bayes_mean-seed42/curves_3metrics.png
[10-06 21:17:29] INFO: [RL-EP-1925] (1925/10000) s/c/t=1/0/0 qloss=0.0000 ploss=0.0000 buf=200000
[10-06 21:17:29] INFO:               cumulative s/c/t%: 100.0%/0.0%/0.0%
[10-06 21:17:29] INFO: [REPLAY-STORE] ok=1925 skip=0 steps=117894 buf=200000
[10-06 21:17:29] INFO: [STAGE0-MONITOR] timeout_ratio=0.000 (target: decrease over time)
[10-06 21:17:29] INFO: ================================================================================
[10-06 21:17:29] INFO: [MULTI-SCALE-1925] TARGET: peak=1.000 stable_90=10ep
[10-06 21:17:29] INFO: [MULTI-SCALE-1925] WINDOWS: short=1.000 med=1.000 long=1.000
[10-06 21:17:29] INFO: [MULTI-SCALE-1925] QUALITY: stability=0.800 learn_rate=0.00000
[10-06 21:17:29] INFO: [ACHIEVEMENT] Stable 90%+ success rate achieved for 10 episodes!
[10-06 21:17:29] INFO: [HEALTH-CHECK-1925] Overall: NEEDS_IMPROVEMENT (score=0.400)
[10-06 21:17:29] INFO: ================================================================================
[10-06 21:17:33] INFO: [RL-EP-1926] (1926)
[10-06 21:17:36] INFO: [RL-EP-1927] (1927)
[10-06 21:17:40] INFO: [RL-EP-1928] (1928)
[10-06 21:17:44] INFO: [RL-EP-1929] (1929)
[10-06 21:17:47] INFO: [RL-EP-1930] roll=1.000/0.000/0.000
[10-06 21:17:49] INFO: [RL-EP-1931] (1931)
[10-06 21:17:52] INFO: [RL-EP-1932] (1932)
[10-06 21:17:55] INFO: [RL-EP-1933] (1933)
[10-06 21:17:58] INFO: [RL-EP-1934] (1934)
[10-06 21:18:01] INFO: [RL-EP-1935] roll=0.960/0.040/0.000
[10-06 21:18:05] INFO: [RL-EP-1936] (1936)
[10-06 21:18:08] INFO: [RL-EP-1937] (1937)
[10-06 21:18:11] INFO: [RL-EP-1938] (1938)
[10-06 21:18:15] INFO: [RL-EP-1939] (1939)
[10-06 21:18:20] INFO: [RL-EP-1940] roll=0.960/0.040/0.000
[10-06 21:18:24] INFO: [RL-EP-1941] (1941)
[10-06 21:18:29] INFO: [RL-EP-1942] (1942)
[10-06 21:18:32] INFO: [RL-EP-1943] (1943)
[10-06 21:18:36] INFO: [RL-EP-1944] (1944)
[10-06 21:18:39] INFO: [RL-EP-1945] roll=0.960/0.040/0.000
[10-06 21:18:43] INFO: [RL-EP-1946] (1946)
[10-06 21:18:46] INFO: [RL-EP-1947] (1947)
[10-06 21:18:50] INFO: [RL-EP-1948] (1948)
[10-06 21:18:53] INFO: [RL-EP-1949] (1949)
[10-06 21:18:53] INFO: [CONFIG-CHECK] ep=1950 updates_per_ep=4 (from config)
[10-06 21:18:57] INFO: [SARL-LOSS] ep=1950 value_loss=0.0195 epsilon=0.0500
[10-06 21:18:57] INFO: [STAT] ep=1950 | roll@25(s/c/t)=1.0/0.0/0.0 (0.96/0.04/0.00) | R.mean=0.5
[10-06 21:18:57] INFO: [METRICS-25] time=16.39s | dfreq=0.000 | ddist=0.000m
[10-06 21:18:58] INFO: [METRICS-PLOT] 3-metrics curve -> /root/bayes-vl-matched-20261006/crowd_nav/runs/bayes-matched-v1/bayes_mean-seed42/curves_3metrics.png
[10-06 21:18:58] INFO: [RL-EP-1950] (1950/10000) s/c/t=1/0/0 qloss=0.0000 ploss=0.0000 buf=200000
[10-06 21:18:58] INFO:               cumulative s/c/t%: 96.0%/4.0%/0.0%
[10-06 21:18:58] INFO: [REPLAY-STORE] ok=1950 skip=0 steps=119537 buf=200000
[10-06 21:18:58] INFO: [STAGE0-MONITOR] timeout_ratio=0.000 (target: decrease over time)
[10-06 21:18:58] INFO: ================================================================================
[10-06 21:18:58] INFO: [MULTI-SCALE-1950] TARGET: peak=1.000 stable_90=10ep
[10-06 21:18:58] INFO: [MULTI-SCALE-1950] WINDOWS: short=1.000 med=0.920 long=0.980
[10-06 21:18:58] INFO: [MULTI-SCALE-1950] QUALITY: stability=0.800 learn_rate=0.00000
[10-06 21:18:58] INFO: [ACHIEVEMENT] Stable 90%+ success rate achieved for 10 episodes!
[10-06 21:18:58] INFO: [HEALTH-CHECK-1950] Overall: NEEDS_IMPROVEMENT (score=0.400)
[10-06 21:18:58] INFO: ================================================================================
[10-06 21:19:01] INFO: [RL-EP-1951] (1951)
[10-06 21:19:04] INFO: [RL-EP-1952] (1952)
[10-06 21:19:07] INFO: [RL-EP-1953] (1953)
[10-06 21:19:11] INFO: [RL-EP-1954] (1954)
[10-06 21:19:14] INFO: [RL-EP-1955] roll=0.960/0.040/0.000
[10-06 21:19:17] INFO: [RL-EP-1956] (1956)
[10-06 21:19:21] INFO: [RL-EP-1957] (1957)
[10-06 21:19:24] INFO: [RL-EP-1958] (1958)
[10-06 21:19:27] INFO: [RL-EP-1959] (1959)
[10-06 21:19:31] INFO: [RL-EP-1960] roll=0.960/0.040/0.000
[10-06 21:19:34] INFO: [RL-EP-1961] (1961)
[10-06 21:19:37] INFO: [RL-EP-1962] (1962)
[10-06 21:19:41] INFO: [RL-EP-1963] (1963)
[10-06 21:19:45] INFO: [RL-EP-1964] (1964)
[10-06 21:19:49] INFO: [RL-EP-1965] roll=0.960/0.040/0.000
[10-06 21:19:53] INFO: [RL-EP-1966] (1966)
[10-06 21:19:56] INFO: [RL-EP-1967] (1967)
[10-06 21:19:59] INFO: [RL-EP-1968] (1968)
[10-06 21:20:04] INFO: [RL-EP-1969] (1969)
[10-06 21:20:07] INFO: [RL-EP-1970] roll=0.940/0.060/0.000
[10-06 21:20:10] INFO: [RL-EP-1971] (1971)
[10-06 21:20:13] INFO: [RL-EP-1972] (1972)
[10-06 21:20:17] INFO: [RL-EP-1973] (1973)
[10-06 21:20:20] INFO: [RL-EP-1974] (1974)
[10-06 21:20:24] INFO: [SARL-LOSS] ep=1975 value_loss=0.0214 epsilon=0.0500
[10-06 21:20:24] INFO: [STAT] ep=1975 | roll@25(s/c/t)=0.9/0.1/0.0 (0.94/0.06/0.00) | R.mean=0.5
[10-06 21:20:24] INFO: [METRICS-25] time=16.18s | dfreq=0.000 | ddist=0.000m
[10-06 21:20:24] INFO: [METRICS-PLOT] 3-metrics curve -> /root/bayes-vl-matched-20261006/crowd_nav/runs/bayes-matched-v1/bayes_mean-seed42/curves_3metrics.png
[10-06 21:20:24] INFO: [RL-EP-1975] (1975/10000) s/c/t=1/0/0 qloss=0.0000 ploss=0.0000 buf=200000
[10-06 21:20:24] INFO:               cumulative s/c/t%: 94.0%/6.0%/0.0%
[10-06 21:20:24] INFO: [REPLAY-STORE] ok=1975 skip=0 steps=121130 buf=200000
[10-06 21:20:24] INFO: [STAGE0-MONITOR] timeout_ratio=0.000 (target: decrease over time)
[10-06 21:20:24] INFO: ================================================================================
[10-06 21:20:24] INFO: [MULTI-SCALE-1975] TARGET: peak=1.000 stable_90=10ep
[10-06 21:20:24] INFO: [MULTI-SCALE-1975] WINDOWS: short=0.900 med=0.960 long=0.970
[10-06 21:20:24] INFO: [MULTI-SCALE-1975] QUALITY: stability=0.800 learn_rate=0.00000
[10-06 21:20:24] INFO: [ACHIEVEMENT] Stable 90%+ success rate achieved for 10 episodes!
[10-06 21:20:24] INFO: [HEALTH-CHECK-1975] Overall: NEEDS_IMPROVEMENT (score=0.400)
[10-06 21:20:24] INFO: ================================================================================
[10-06 21:20:28] INFO: [RL-EP-1976] (1976)
[10-06 21:20:31] INFO: [RL-EP-1977] (1977)
[10-06 21:20:35] INFO: [RL-EP-1978] (1978)
[10-06 21:20:39] INFO: [RL-EP-1979] (1979)
[10-06 21:20:43] INFO: [RL-EP-1980] roll=0.940/0.060/0.000
[10-06 21:20:47] INFO: [RL-EP-1981] (1981)
[10-06 21:20:51] INFO: [RL-EP-1982] (1982)
[10-06 21:20:55] INFO: [RL-EP-1983] (1983)
[10-06 21:20:58] INFO: [RL-EP-1984] (1984)
[10-06 21:21:01] INFO: [RL-EP-1985] roll=0.980/0.020/0.000
[10-06 21:21:05] INFO: [RL-EP-1986] (1986)
[10-06 21:21:08] INFO: [RL-EP-1987] (1987)
[10-06 21:21:11] INFO: [RL-EP-1988] (1988)
[10-06 21:21:14] INFO: [RL-EP-1989] (1989)
[10-06 21:21:17] INFO: [RL-EP-1990] roll=0.980/0.020/0.000
[10-06 21:21:21] INFO: [RL-EP-1991] (1991)
[10-06 21:21:24] INFO: [RL-EP-1992] (1992)
[10-06 21:21:28] INFO: [RL-EP-1993] (1993)
[10-06 21:21:31] INFO: [RL-EP-1994] (1994)
[10-06 21:21:35] INFO: [RL-EP-1995] roll=0.980/0.020/0.000
[10-06 21:21:39] INFO: [RL-EP-1996] (1996)
[10-06 21:21:42] INFO: [RL-EP-1997] (1997)
[10-06 21:21:45] INFO: [RL-EP-1998] (1998)
[10-06 21:21:49] INFO: [RL-EP-1999] (1999)
[10-06 21:21:49] INFO: [CONFIG-CHECK] ep=2000 updates_per_ep=4 (from config)
[10-06 21:21:49] INFO: [SARL-EPSILON] ep=2000 epsilon=0.0500 (start=0.3, end=0.05, decay=1500)
[10-06 21:21:53] INFO: [SARL-REPLAY] ep=2000 buffer_size=200000 updates=4
[10-06 21:21:53] INFO: [SARL-LOSS] ep=2000 value_loss=0.0173 epsilon=0.0500
[10-06 21:21:53] INFO: [SARL-STATS] ep=2000 buffer_size=200000
[10-06 21:21:53] INFO: [STAT] ep=2000 | roll@25(s/c/t)=1.0/0.0/0.0 (0.98/0.02/0.00) | R.mean=0.5
[10-06 21:21:53] INFO: [METRICS-25] time=16.36s | dfreq=0.000 | ddist=0.000m
[10-06 21:21:53] INFO: [METRICS-PLOT] 3-metrics curve -> /root/bayes-vl-matched-20261006/crowd_nav/runs/bayes-matched-v1/bayes_mean-seed42/curves_3metrics.png
[10-06 21:21:53] INFO: [RL-EP-2000] (2000/10000) s/c/t=1/0/0 qloss=0.0000 ploss=0.0000 buf=200000
[10-06 21:21:53] INFO:               cumulative s/c/t%: 98.0%/2.0%/0.0%
[10-06 21:21:53] INFO: [REPLAY-STORE] ok=2000 skip=0 steps=122810 buf=200000
[10-06 21:21:53] INFO: [STAGE0-MONITOR] timeout_ratio=0.000 (target: decrease over time)
[10-06 21:21:53] INFO: [SOT-2000] REWARD succ=1.0/coll=-0.50 | GRID 5×16=80 | EVENTS s=0.98/c=0.02/t=0.00
[10-06 21:21:53] INFO: ================================================================================
[10-06 21:21:53] INFO: [MULTI-SCALE-2000] TARGET: peak=1.000 stable_90=10ep
[10-06 21:21:53] INFO: [MULTI-SCALE-2000] WINDOWS: short=1.000 med=1.000 long=0.970
[10-06 21:21:53] INFO: [MULTI-SCALE-2000] QUALITY: stability=0.800 learn_rate=0.00000
[10-06 21:21:53] INFO: [ACHIEVEMENT] Stable 90%+ success rate achieved for 10 episodes!
[10-06 21:21:53] INFO: [HEALTH-CHECK-2000] Overall: NEEDS_IMPROVEMENT (score=0.400)
[10-06 21:21:53] INFO: ================================================================================
[10-06 21:21:54] INFO: [PLOT] curves updated ep=2000
[10-06 21:21:54] INFO: [EVAL] Starting evaluation: ep=2000, ε=0.0, k=50
[10-06 21:23:27] INFO: [EVAL] Completed evaluation: succ=1.000 coll=0.000 timeout=0.000 sum=1.000 nav=15.86
[10-06 21:23:27] INFO: [EVAL-EXTENDED] path_len=9.78m smoothness=0.687 avg_speed=0.63m/s
[10-06 21:23:27] INFO: ================================================================================
[10-06 21:23:27] INFO: [CUMULATIVE-METRICS] Episode 2000: Cumulative average (all 2000 episodes)
[10-06 21:23:27] INFO:   Success: 0.934 (93.4%), Collision: 0.060 (6.0%), Timeout: 0.006 (0.6%)
[10-06 21:23:27] INFO:   Avg Reward: 0.47
[10-06 21:23:27] INFO:   Avg Time Taken: 15.35s
[10-06 21:23:27] INFO:   Avg Discomfort Freq: 0.000
[10-06 21:23:27] INFO:   Avg Discomfort Dist: 0.000m
[10-06 21:23:27] INFO: ================================================================================
[10-06 21:23:27] INFO: [RL-SAVE] sarl checkpoint -> /root/bayes-vl-matched-20261006/crowd_nav/runs/bayes-matched-v1/bayes_mean-seed42/rl_model_ep2000.pth
[10-06 21:23:27] INFO: [RL-SAVE] Saved components: policy, target network, optimizer
[10-06 21:23:30] INFO: [RL-EP-2001] (2001)
[10-06 21:23:35] INFO: [RL-EP-2002] (2002)
[10-06 21:23:38] INFO: [RL-EP-2003] (2003)
[10-06 21:23:41] INFO: [RL-EP-2004] (2004)
[10-06 21:23:44] INFO: [RL-EP-2005] roll=0.980/0.020/0.000
[10-06 21:23:47] INFO: [RL-EP-2006] (2006)
[10-06 21:23:51] INFO: [RL-EP-2007] (2007)
[10-06 21:23:54] INFO: [RL-EP-2008] (2008)
[10-06 21:23:57] INFO: [RL-EP-2009] (2009)
[10-06 21:24:01] INFO: [RL-EP-2010] roll=0.980/0.020/0.000
[10-06 21:24:04] INFO: [RL-EP-2011] (2011)
[10-06 21:24:07] INFO: [RL-EP-2012] (2012)
[10-06 21:24:14] INFO: [RL-EP-2013] (2013)
[10-06 21:24:18] INFO: [RL-EP-2014] (2014)
[10-06 21:24:21] INFO: [RL-EP-2015] roll=0.960/0.020/0.020
[10-06 21:24:26] INFO: [RL-EP-2016] (2016)
[10-06 21:24:29] INFO: [RL-EP-2017] (2017)
[10-06 21:24:33] INFO: [RL-EP-2018] (2018)
[10-06 21:24:36] INFO: [RL-EP-2019] (2019)
[10-06 21:24:39] INFO: [RL-EP-2020] roll=0.980/0.000/0.020
[10-06 21:24:42] INFO: [RL-EP-2021] (2021)
[10-06 21:24:46] INFO: [RL-EP-2022] (2022)
[10-06 21:24:50] INFO: [RL-EP-2023] (2023)
[10-06 21:24:54] INFO: [RL-EP-2024] (2024)
[10-06 21:24:57] INFO: [SARL-LOSS] ep=2025 value_loss=0.0242 epsilon=0.0500
[10-06 21:24:57] INFO: [STAT] ep=2025 | roll@25(s/c/t)=1.0/0.0/0.0 (0.98/0.00/0.02) | R.mean=0.5
[10-06 21:24:57] INFO: [METRICS-25] time=17.46s | dfreq=0.000 | ddist=0.000m
[10-06 21:24:58] INFO: [METRICS-PLOT] 3-metrics curve -> /root/bayes-vl-matched-20261006/crowd_nav/runs/bayes-matched-v1/bayes_mean-seed42/curves_3metrics.png
[10-06 21:24:58] INFO: [RL-EP-2025] (2025/10000) s/c/t=1/0/0 qloss=0.0000 ploss=0.0000 buf=200000
[10-06 21:24:58] INFO:               cumulative s/c/t%: 98.0%/0.0%/2.0%
[10-06 21:24:58] INFO: [REPLAY-STORE] ok=2025 skip=0 steps=124623 buf=200000
[10-06 21:24:58] INFO: [STAGE0-MONITOR] timeout_ratio=0.020 (target: decrease over time)
[10-06 21:24:58] INFO: ================================================================================
[10-06 21:24:58] INFO: [MULTI-SCALE-2025] TARGET: peak=1.000 stable_90=10ep
[10-06 21:24:58] INFO: [MULTI-SCALE-2025] WINDOWS: short=1.000 med=0.960 long=0.960
[10-06 21:24:58] INFO: [MULTI-SCALE-2025] QUALITY: stability=0.800 learn_rate=0.00000
[10-06 21:24:58] INFO: [ACHIEVEMENT] Stable 90%+ success rate achieved for 10 episodes!
[10-06 21:24:58] INFO: [HEALTH-CHECK-2025] Overall: NEEDS_IMPROVEMENT (score=0.400)
[10-06 21:24:58] INFO: ================================================================================
[10-06 21:25:01] INFO: [RL-EP-2026] (2026)
[10-06 21:25:04] INFO: [RL-EP-2027] (2027)
[10-06 21:25:08] INFO: [RL-EP-2028] (2028)
[10-06 21:25:12] INFO: [RL-EP-2029] (2029)
[10-06 21:25:15] INFO: [RL-EP-2030] roll=0.980/0.000/0.020
[10-06 21:25:19] INFO: [RL-EP-2031] (2031)
[10-06 21:25:22] INFO: [RL-EP-2032] (2032)
[10-06 21:25:25] INFO: [RL-EP-2033] (2033)
[10-06 21:25:29] INFO: [RL-EP-2034] (2034)
[10-06 21:25:32] INFO: [RL-EP-2035] roll=0.980/0.000/0.020
[10-06 21:25:35] INFO: [RL-EP-2036] (2036)
[10-06 21:25:39] INFO: [RL-EP-2037] (2037)
[10-06 21:25:43] INFO: [RL-EP-2038] (2038)
[10-06 21:25:48] INFO: [RL-EP-2039] (2039)
[10-06 21:25:51] INFO: [RL-EP-2040] roll=0.980/0.000/0.020
[10-06 21:25:55] INFO: [RL-EP-2041] (2041)
[10-06 21:25:58] INFO: [RL-EP-2042] (2042)
[10-06 21:26:02] INFO: [RL-EP-2043] (2043)
[10-06 21:26:05] INFO: [RL-EP-2044] (2044)
[10-06 21:26:08] INFO: [RL-EP-2045] roll=0.980/0.000/0.020
[10-06 21:26:12] INFO: [RL-EP-2046] (2046)
[10-06 21:26:16] INFO: [RL-EP-2047] (2047)
[10-06 21:26:19] INFO: [RL-EP-2048] (2048)
[10-06 21:26:23] INFO: [RL-EP-2049] (2049)
[10-06 21:26:23] INFO: [CONFIG-CHECK] ep=2050 updates_per_ep=4 (from config)
[10-06 21:26:26] INFO: [SARL-LOSS] ep=2050 value_loss=0.0189 epsilon=0.0500
[10-06 21:26:26] INFO: [STAT] ep=2050 | roll@25(s/c/t)=1.0/0.0/0.0 (0.98/0.00/0.02) | R.mean=0.5
[10-06 21:26:26] INFO: [METRICS-25] time=17.19s | dfreq=0.000 | ddist=0.000m
[10-06 21:26:26] INFO: [METRICS-PLOT] 3-metrics curve -> /root/bayes-vl-matched-20261006/crowd_nav/runs/bayes-matched-v1/bayes_mean-seed42/curves_3metrics.png
[10-06 21:26:26] INFO: [RL-EP-2050] (2050/10000) s/c/t=1/0/0 qloss=0.0000 ploss=0.0000 buf=200000
[10-06 21:26:26] INFO:               cumulative s/c/t%: 98.0%/0.0%/2.0%
[10-06 21:26:26] INFO: [REPLAY-STORE] ok=2050 skip=0 steps=126248 buf=200000
[10-06 21:26:26] INFO: [STAGE0-MONITOR] timeout_ratio=0.020 (target: decrease over time)
[10-06 21:26:26] INFO: ================================================================================
[10-06 21:26:26] INFO: [MULTI-SCALE-2050] TARGET: peak=1.000 stable_90=10ep
[10-06 21:26:26] INFO: [MULTI-SCALE-2050] WINDOWS: short=1.000 med=1.000 long=0.980
[10-06 21:26:26] INFO: [MULTI-SCALE-2050] QUALITY: stability=0.800 learn_rate=0.00000
[10-06 21:26:26] INFO: [ACHIEVEMENT] Stable 90%+ success rate achieved for 10 episodes!
[10-06 21:26:26] INFO: [HEALTH-CHECK-2050] Overall: NEEDS_IMPROVEMENT (score=0.400)
[10-06 21:26:26] INFO: ================================================================================
[10-06 21:26:29] INFO: [RL-EP-2051] (2051)
[10-06 21:26:33] INFO: [RL-EP-2052] (2052)
[10-06 21:26:36] INFO: [RL-EP-2053] (2053)
[10-06 21:26:39] INFO: [RL-EP-2054] (2054)
[10-06 21:26:42] INFO: [RL-EP-2055] roll=0.980/0.000/0.020
[10-06 21:26:46] INFO: [RL-EP-2056] (2056)
[10-06 21:26:49] INFO: [RL-EP-2057] (2057)
[10-06 21:26:53] INFO: [RL-EP-2058] (2058)
[10-06 21:26:57] INFO: [RL-EP-2059] (2059)
[10-06 21:27:00] INFO: [RL-EP-2060] roll=0.980/0.000/0.020
[10-06 21:27:04] INFO: [RL-EP-2061] (2061)
[10-06 21:27:08] INFO: [RL-EP-2062] (2062)
[10-06 21:27:12] INFO: [RL-EP-2063] (2063)
[10-06 21:27:16] INFO: [RL-EP-2064] (2064)
[10-06 21:27:20] INFO: [RL-EP-2065] roll=1.000/0.000/0.000
[10-06 21:27:23] INFO: [RL-EP-2066] (2066)
[10-06 21:27:27] INFO: [RL-EP-2067] (2067)
[10-06 21:27:31] INFO: [RL-EP-2068] (2068)
[10-06 21:27:34] INFO: [RL-EP-2069] (2069)
[10-06 21:27:38] INFO: [RL-EP-2070] roll=1.000/0.000/0.000
[10-06 21:27:41] INFO: [RL-EP-2071] (2071)
[10-06 21:27:45] INFO: [RL-EP-2072] (2072)
[10-06 21:27:48] INFO: [RL-EP-2073] (2073)
[10-06 21:27:52] INFO: [RL-EP-2074] (2074)
[10-06 21:27:56] INFO: [SARL-LOSS] ep=2075 value_loss=0.0203 epsilon=0.0500
[10-06 21:27:56] INFO: [STAT] ep=2075 | roll@25(s/c/t)=1.0/0.0/0.0 (1.00/0.00/0.00) | R.mean=0.5
[10-06 21:27:56] INFO: [METRICS-25] time=16.61s | dfreq=0.000 | ddist=0.000m
[10-06 21:27:56] INFO: [METRICS-PLOT] 3-metrics curve -> /root/bayes-vl-matched-20261006/crowd_nav/runs/bayes-matched-v1/bayes_mean-seed42/curves_3metrics.png
[10-06 21:27:56] INFO: [RL-EP-2075] (2075/10000) s/c/t=1/0/0 qloss=0.0000 ploss=0.0000 buf=200000
[10-06 21:27:56] INFO:               cumulative s/c/t%: 100.0%/0.0%/0.0%
[10-06 21:27:56] INFO: [REPLAY-STORE] ok=2075 skip=0 steps=127945 buf=200000
[10-06 21:27:56] INFO: [STAGE0-MONITOR] timeout_ratio=0.000 (target: decrease over time)
[10-06 21:27:56] INFO: ================================================================================
[10-06 21:27:56] INFO: [MULTI-SCALE-2075] TARGET: peak=1.000 stable_90=10ep
[10-06 21:27:56] INFO: [MULTI-SCALE-2075] WINDOWS: short=1.000 med=1.000 long=0.990
[10-06 21:27:56] INFO: [MULTI-SCALE-2075] QUALITY: stability=0.800 learn_rate=0.00000
[10-06 21:27:56] INFO: [ACHIEVEMENT] Stable 90%+ success rate achieved for 10 episodes!
[10-06 21:27:56] INFO: [HEALTH-CHECK-2075] Overall: NEEDS_IMPROVEMENT (score=0.400)
[10-06 21:27:56] INFO: ================================================================================
[10-06 21:27:59] INFO: [RL-EP-2076] (2076)
[10-06 21:28:02] INFO: [RL-EP-2077] (2077)
[10-06 21:28:05] INFO: [RL-EP-2078] (2078)
[10-06 21:28:09] INFO: [RL-EP-2079] (2079)
[10-06 21:28:12] INFO: [RL-EP-2080] roll=1.000/0.000/0.000
[10-06 21:28:16] INFO: [RL-EP-2081] (2081)
[10-06 21:28:19] INFO: [RL-EP-2082] (2082)
[10-06 21:28:22] INFO: [RL-EP-2083] (2083)
[10-06 21:28:25] INFO: [RL-EP-2084] (2084)
[10-06 21:28:29] INFO: [RL-EP-2085] roll=1.000/0.000/0.000
[10-06 21:28:33] INFO: [RL-EP-2086] (2086)
[10-06 21:28:37] INFO: [RL-EP-2087] (2087)
[10-06 21:28:40] INFO: [RL-EP-2088] (2088)
[10-06 21:28:44] INFO: [RL-EP-2089] (2089)
[10-06 21:28:48] INFO: [RL-EP-2090] roll=1.000/0.000/0.000
[10-06 21:28:51] INFO: [RL-EP-2091] (2091)
[10-06 21:28:55] INFO: [RL-EP-2092] (2092)
[10-06 21:28:58] INFO: [RL-EP-2093] (2093)
[10-06 21:29:01] INFO: [RL-EP-2094] (2094)
[10-06 21:29:04] INFO: [RL-EP-2095] roll=1.000/0.000/0.000
[10-06 21:29:08] INFO: [RL-EP-2096] (2096)
[10-06 21:29:11] INFO: [RL-EP-2097] (2097)
[10-06 21:29:14] INFO: [RL-EP-2098] (2098)
[10-06 21:29:17] INFO: [RL-EP-2099] (2099)
[10-06 21:29:17] INFO: [CONFIG-CHECK] ep=2100 updates_per_ep=4 (from config)
[10-06 21:29:17] INFO: [SARL-EPSILON] ep=2100 epsilon=0.0500 (start=0.3, end=0.05, decay=1500)
[10-06 21:29:21] INFO: [SARL-REPLAY] ep=2100 buffer_size=200000 updates=4
[10-06 21:29:21] INFO: [SARL-LOSS] ep=2100 value_loss=0.0230 epsilon=0.0500
[10-06 21:29:21] INFO: [SARL-STATS] ep=2100 buffer_size=200000
[10-06 21:29:21] INFO: [STAT] ep=2100 | roll@25(s/c/t)=1.0/0.0/0.0 (1.00/0.00/0.00) | R.mean=0.5
[10-06 21:29:21] INFO: [METRICS-25] time=16.30s | dfreq=0.000 | ddist=0.000m
[10-06 21:29:21] INFO: [METRICS-PLOT] 3-metrics curve -> /root/bayes-vl-matched-20261006/crowd_nav/runs/bayes-matched-v1/bayes_mean-seed42/curves_3metrics.png
[10-06 21:29:21] INFO: [RL-EP-2100] (2100/10000) s/c/t=1/0/0 qloss=0.0000 ploss=0.0000 buf=200000
[10-06 21:29:21] INFO:               cumulative s/c/t%: 100.0%/0.0%/0.0%
[10-06 21:29:21] INFO: [REPLAY-STORE] ok=2100 skip=0 steps=129507 buf=200000
[10-06 21:29:21] INFO: [STAGE0-MONITOR] timeout_ratio=0.000 (target: decrease over time)
[10-06 21:29:21] INFO: [SOT-2100] REWARD succ=1.0/coll=-0.50 | GRID 5×16=80 | EVENTS s=1.00/c=0.00/t=0.00
[10-06 21:29:21] INFO: ================================================================================
[10-06 21:29:21] INFO: [MULTI-SCALE-2100] TARGET: peak=1.000 stable_90=10ep
[10-06 21:29:21] INFO: [MULTI-SCALE-2100] WINDOWS: short=1.000 med=1.000 long=0.990
[10-06 21:29:21] INFO: [MULTI-SCALE-2100] QUALITY: stability=0.800 learn_rate=0.00000
[10-06 21:29:21] INFO: [ACHIEVEMENT] Stable 90%+ success rate achieved for 10 episodes!
[10-06 21:29:21] INFO: [HEALTH-CHECK-2100] Overall: NEEDS_IMPROVEMENT (score=0.400)
[10-06 21:29:21] INFO: ================================================================================
[10-06 21:29:25] INFO: [RL-EP-2101] (2101)
[10-06 21:29:28] INFO: [RL-EP-2102] (2102)
[10-06 21:29:32] INFO: [RL-EP-2103] (2103)
[10-06 21:29:35] INFO: [RL-EP-2104] (2104)
[10-06 21:29:37] INFO: [RL-EP-2105] roll=0.980/0.020/0.000
[10-06 21:29:40] INFO: [RL-EP-2106] (2106)
[10-06 21:29:43] INFO: [RL-EP-2107] (2107)
[10-06 21:29:47] INFO: [RL-EP-2108] (2108)
[10-06 21:29:50] INFO: [RL-EP-2109] (2109)
[10-06 21:29:53] INFO: [RL-EP-2110] roll=0.980/0.020/0.000
[10-06 21:29:57] INFO: [RL-EP-2111] (2111)
[10-06 21:30:00] INFO: [RL-EP-2112] (2112)
[10-06 21:30:04] INFO: [RL-EP-2113] (2113)
[10-06 21:30:08] INFO: [RL-EP-2114] (2114)
[10-06 21:30:12] INFO: [RL-EP-2115] roll=0.980/0.020/0.000
[10-06 21:30:15] INFO: [RL-EP-2116] (2116)
[10-06 21:30:18] INFO: [RL-EP-2117] (2117)
[10-06 21:30:22] INFO: [RL-EP-2118] (2118)
[10-06 21:30:25] INFO: [RL-EP-2119] (2119)
[10-06 21:30:29] INFO: [RL-EP-2120] roll=0.980/0.020/0.000
[10-06 21:30:32] INFO: [RL-EP-2121] (2121)
[10-06 21:30:36] INFO: [RL-EP-2122] (2122)
[10-06 21:30:39] INFO: [RL-EP-2123] (2123)
[10-06 21:30:42] INFO: [RL-EP-2124] (2124)
[10-06 21:30:47] INFO: [SARL-LOSS] ep=2125 value_loss=0.0191 epsilon=0.0500
[10-06 21:30:47] INFO: [STAT] ep=2125 | roll@25(s/c/t)=1.0/0.0/0.0 (0.98/0.02/0.00) | R.mean=0.5
[10-06 21:30:47] INFO: [METRICS-25] time=15.64s | dfreq=0.000 | ddist=0.000m
[10-06 21:30:47] INFO: [METRICS-PLOT] 3-metrics curve -> /root/bayes-vl-matched-20261006/crowd_nav/runs/bayes-matched-v1/bayes_mean-seed42/curves_3metrics.png
[10-06 21:30:47] INFO: [RL-EP-2125] (2125/10000) s/c/t=1/0/0 qloss=0.0000 ploss=0.0000 buf=200000
[10-06 21:30:47] INFO:               cumulative s/c/t%: 98.0%/2.0%/0.0%
[10-06 21:30:47] INFO: [REPLAY-STORE] ok=2125 skip=0 steps=131073 buf=200000
[10-06 21:30:47] INFO: [STAGE0-MONITOR] timeout_ratio=0.000 (target: decrease over time)
[10-06 21:30:47] INFO: ================================================================================
[10-06 21:30:47] INFO: [MULTI-SCALE-2125] TARGET: peak=1.000 stable_90=10ep
[10-06 21:30:47] INFO: [MULTI-SCALE-2125] WINDOWS: short=1.000 med=0.960 long=0.990
[10-06 21:30:47] INFO: [MULTI-SCALE-2125] QUALITY: stability=0.800 learn_rate=0.00000
[10-06 21:30:47] INFO: [ACHIEVEMENT] Stable 90%+ success rate achieved for 10 episodes!
[10-06 21:30:47] INFO: [HEALTH-CHECK-2125] Overall: NEEDS_IMPROVEMENT (score=0.400)
[10-06 21:30:47] INFO: ================================================================================
[10-06 21:30:51] INFO: [RL-EP-2126] (2126)
[10-06 21:30:54] INFO: [RL-EP-2127] (2127)
[10-06 21:30:58] INFO: [RL-EP-2128] (2128)
[10-06 21:31:01] INFO: [RL-EP-2129] (2129)
[10-06 21:31:05] INFO: [RL-EP-2130] roll=0.980/0.020/0.000
[10-06 21:31:08] INFO: [RL-EP-2131] (2131)
[10-06 21:31:11] INFO: [RL-EP-2132] (2132)
[10-06 21:31:15] INFO: [RL-EP-2133] (2133)
[10-06 21:31:18] INFO: [RL-EP-2134] (2134)
[10-06 21:31:21] INFO: [RL-EP-2135] roll=0.980/0.020/0.000
[10-06 21:31:25] INFO: [RL-EP-2136] (2136)
[10-06 21:31:28] INFO: [RL-EP-2137] (2137)
[10-06 21:31:31] INFO: [RL-EP-2138] (2138)
[10-06 21:31:35] INFO: [RL-EP-2139] (2139)
[10-06 21:31:39] INFO: [RL-EP-2140] roll=0.980/0.020/0.000
[10-06 21:31:42] INFO: [RL-EP-2141] (2141)
[10-06 21:31:46] INFO: [RL-EP-2142] (2142)
[10-06 21:31:49] INFO: [RL-EP-2143] (2143)
[10-06 21:31:52] INFO: [RL-EP-2144] (2144)
[10-06 21:31:55] INFO: [RL-EP-2145] roll=0.980/0.020/0.000
[10-06 21:31:59] INFO: [RL-EP-2146] (2146)
[10-06 21:32:03] INFO: [RL-EP-2147] (2147)
[10-06 21:32:06] INFO: [RL-EP-2148] (2148)
[10-06 21:32:09] INFO: [RL-EP-2149] (2149)
[10-06 21:32:09] INFO: [CONFIG-CHECK] ep=2150 updates_per_ep=4 (from config)
[10-06 21:32:13] INFO: [SARL-LOSS] ep=2150 value_loss=0.0235 epsilon=0.0500
[10-06 21:32:13] INFO: [STAT] ep=2150 | roll@25(s/c/t)=1.0/0.0/0.0 (0.98/0.02/0.00) | R.mean=0.5
[10-06 21:32:13] INFO: [METRICS-25] time=15.64s | dfreq=0.000 | ddist=0.000m
[10-06 21:32:13] INFO: [METRICS-PLOT] 3-metrics curve -> /root/bayes-vl-matched-20261006/crowd_nav/runs/bayes-matched-v1/bayes_mean-seed42/curves_3metrics.png
[10-06 21:32:13] INFO: [RL-EP-2150] (2150/10000) s/c/t=1/0/0 qloss=0.0000 ploss=0.0000 buf=200000
[10-06 21:32:13] INFO:               cumulative s/c/t%: 98.0%/2.0%/0.0%
[10-06 21:32:13] INFO: [REPLAY-STORE] ok=2150 skip=0 steps=132636 buf=200000
[10-06 21:32:13] INFO: [STAGE0-MONITOR] timeout_ratio=0.000 (target: decrease over time)
[10-06 21:32:13] INFO: ================================================================================
[10-06 21:32:13] INFO: [MULTI-SCALE-2150] TARGET: peak=1.000 stable_90=10ep
[10-06 21:32:13] INFO: [MULTI-SCALE-2150] WINDOWS: short=1.000 med=1.000 long=0.990
[10-06 21:32:13] INFO: [MULTI-SCALE-2150] QUALITY: stability=0.800 learn_rate=0.00000
[10-06 21:32:13] INFO: [ACHIEVEMENT] Stable 90%+ success rate achieved for 10 episodes!
[10-06 21:32:13] INFO: [HEALTH-CHECK-2150] Overall: NEEDS_IMPROVEMENT (score=0.400)
[10-06 21:32:13] INFO: ================================================================================
[10-06 21:32:17] INFO: [RL-EP-2151] (2151)
[10-06 21:32:21] INFO: [RL-EP-2152] (2152)
[10-06 21:32:25] INFO: [RL-EP-2153] (2153)
[10-06 21:32:28] INFO: [RL-EP-2154] (2154)
[10-06 21:32:32] INFO: [RL-EP-2155] roll=1.000/0.000/0.000
[10-06 21:32:35] INFO: [RL-EP-2156] (2156)
[10-06 21:32:39] INFO: [RL-EP-2157] (2157)
[10-06 21:32:42] INFO: [RL-EP-2158] (2158)
[10-06 21:32:45] INFO: [RL-EP-2159] (2159)
[10-06 21:32:48] INFO: [RL-EP-2160] roll=1.000/0.000/0.000
[10-06 21:32:52] INFO: [RL-EP-2161] (2161)
[10-06 21:32:54] INFO: [RL-EP-2162] (2162)
[10-06 21:32:57] INFO: [RL-EP-2163] (2163)
[10-06 21:33:00] INFO: [RL-EP-2164] (2164)
[10-06 21:33:05] INFO: [RL-EP-2165] roll=0.980/0.020/0.000
[10-06 21:33:08] INFO: [RL-EP-2166] (2166)
[10-06 21:33:12] INFO: [RL-EP-2167] (2167)
[10-06 21:33:15] INFO: [RL-EP-2168] (2168)
[10-06 21:33:18] INFO: [RL-EP-2169] (2169)
[10-06 21:33:22] INFO: [RL-EP-2170] roll=0.980/0.020/0.000
[10-06 21:33:26] INFO: [RL-EP-2171] (2171)
[10-06 21:33:29] INFO: [RL-EP-2172] (2172)
[10-06 21:33:33] INFO: [RL-EP-2173] (2173)
[10-06 21:33:36] INFO: [RL-EP-2174] (2174)
[10-06 21:33:41] INFO: [SARL-LOSS] ep=2175 value_loss=0.0217 epsilon=0.0500
[10-06 21:33:41] INFO: [STAT] ep=2175 | roll@25(s/c/t)=1.0/0.0/0.0 (0.98/0.02/0.00) | R.mean=0.5
[10-06 21:33:41] INFO: [METRICS-25] time=16.25s | dfreq=0.000 | ddist=0.000m
[10-06 21:33:41] INFO: [METRICS-PLOT] 3-metrics curve -> /root/bayes-vl-matched-20261006/crowd_nav/runs/bayes-matched-v1/bayes_mean-seed42/curves_3metrics.png
[10-06 21:33:41] INFO: [RL-EP-2175] (2175/10000) s/c/t=1/0/0 qloss=0.0000 ploss=0.0000 buf=200000
[10-06 21:33:41] INFO:               cumulative s/c/t%: 98.0%/2.0%/0.0%
[10-06 21:33:41] INFO: [REPLAY-STORE] ok=2175 skip=0 steps=134324 buf=200000
[10-06 21:33:41] INFO: [STAGE0-MONITOR] timeout_ratio=0.000 (target: decrease over time)
[10-06 21:33:41] INFO: ================================================================================
[10-06 21:33:41] INFO: [MULTI-SCALE-2175] TARGET: peak=1.000 stable_90=10ep
[10-06 21:33:41] INFO: [MULTI-SCALE-2175] WINDOWS: short=1.000 med=0.960 long=0.980
[10-06 21:33:41] INFO: [MULTI-SCALE-2175] QUALITY: stability=0.800 learn_rate=0.00000
[10-06 21:33:41] INFO: [ACHIEVEMENT] Stable 90%+ success rate achieved for 10 episodes!
[10-06 21:33:41] INFO: [HEALTH-CHECK-2175] Overall: NEEDS_IMPROVEMENT (score=0.400)
[10-06 21:33:41] INFO: ================================================================================
[10-06 21:33:44] INFO: [RL-EP-2176] (2176)
[10-06 21:33:47] INFO: [RL-EP-2177] (2177)
[10-06 21:33:50] INFO: [RL-EP-2178] (2178)
[10-06 21:33:54] INFO: [RL-EP-2179] (2179)
[10-06 21:33:58] INFO: [RL-EP-2180] roll=0.980/0.020/0.000
[10-06 21:34:02] INFO: [RL-EP-2181] (2181)
[10-06 21:34:05] INFO: [RL-EP-2182] (2182)
[10-06 21:34:09] INFO: [RL-EP-2183] (2183)
[10-06 21:34:12] INFO: [RL-EP-2184] (2184)
[10-06 21:34:15] INFO: [RL-EP-2185] roll=0.980/0.020/0.000
[10-06 21:34:19] INFO: [RL-EP-2186] (2186)
[10-06 21:34:22] INFO: [RL-EP-2187] (2187)
[10-06 21:34:25] INFO: [RL-EP-2188] (2188)
[10-06 21:34:29] INFO: [RL-EP-2189] (2189)
[10-06 21:34:33] INFO: [RL-EP-2190] roll=0.980/0.020/0.000
[10-06 21:34:37] INFO: [RL-EP-2191] (2191)
[10-06 21:34:40] INFO: [RL-EP-2192] (2192)
[10-06 21:34:43] INFO: [RL-EP-2193] (2193)
[10-06 21:34:46] INFO: [RL-EP-2194] (2194)
[10-06 21:34:49] INFO: [RL-EP-2195] roll=0.980/0.020/0.000
[10-06 21:34:53] INFO: [RL-EP-2196] (2196)
[10-06 21:34:56] INFO: [RL-EP-2197] (2197)
[10-06 21:34:59] INFO: [RL-EP-2198] (2198)
[10-06 21:35:02] INFO: [RL-EP-2199] (2199)
[10-06 21:35:02] INFO: [CONFIG-CHECK] ep=2200 updates_per_ep=4 (from config)
[10-06 21:35:02] INFO: [SARL-EPSILON] ep=2200 epsilon=0.0500 (start=0.3, end=0.05, decay=1500)
[10-06 21:35:05] INFO: [SARL-REPLAY] ep=2200 buffer_size=200000 updates=4
[10-06 21:35:05] INFO: [SARL-LOSS] ep=2200 value_loss=0.0211 epsilon=0.0500
[10-06 21:35:05] INFO: [SARL-STATS] ep=2200 buffer_size=200000
[10-06 21:35:05] INFO: [STAT] ep=2200 | roll@25(s/c/t)=1.0/0.0/0.0 (0.98/0.02/0.00) | R.mean=0.5
[10-06 21:35:05] INFO: [METRICS-25] time=15.93s | dfreq=0.000 | ddist=0.000m
[10-06 21:35:06] INFO: [METRICS-PLOT] 3-metrics curve -> /root/bayes-vl-matched-20261006/crowd_nav/runs/bayes-matched-v1/bayes_mean-seed42/curves_3metrics.png
[10-06 21:35:06] INFO: [RL-EP-2200] (2200/10000) s/c/t=1/0/0 qloss=0.0000 ploss=0.0000 buf=200000
[10-06 21:35:06] INFO:               cumulative s/c/t%: 98.0%/2.0%/0.0%
[10-06 21:35:06] INFO: [REPLAY-STORE] ok=2200 skip=0 steps=135822 buf=200000
[10-06 21:35:06] INFO: [STAGE0-MONITOR] timeout_ratio=0.000 (target: decrease over time)
[10-06 21:35:06] INFO: [SOT-2200] REWARD succ=1.0/coll=-0.50 | GRID 5×16=80 | EVENTS s=0.98/c=0.02/t=0.00
[10-06 21:35:06] INFO: ================================================================================
[10-06 21:35:06] INFO: [MULTI-SCALE-2200] TARGET: peak=1.000 stable_90=10ep
[10-06 21:35:06] INFO: [MULTI-SCALE-2200] WINDOWS: short=1.000 med=1.000 long=0.980
[10-06 21:35:06] INFO: [MULTI-SCALE-2200] QUALITY: stability=0.800 learn_rate=0.00000
[10-06 21:35:06] INFO: [ACHIEVEMENT] Stable 90%+ success rate achieved for 10 episodes!
[10-06 21:35:06] INFO: [HEALTH-CHECK-2200] Overall: NEEDS_IMPROVEMENT (score=0.400)
[10-06 21:35:06] INFO: ================================================================================
[10-06 21:35:09] INFO: [RL-EP-2201] (2201)
[10-06 21:35:12] INFO: [RL-EP-2202] (2202)
[10-06 21:35:15] INFO: [RL-EP-2203] (2203)
[10-06 21:35:18] INFO: [RL-EP-2204] (2204)
[10-06 21:35:22] INFO: [RL-EP-2205] roll=0.980/0.020/0.000
[10-06 21:35:25] INFO: [RL-EP-2206] (2206)
[10-06 21:35:29] INFO: [RL-EP-2207] (2207)
[10-06 21:35:32] INFO: [RL-EP-2208] (2208)
[10-06 21:35:35] INFO: [RL-EP-2209] (2209)
[10-06 21:35:38] INFO: [RL-EP-2210] roll=0.980/0.020/0.000
[10-06 21:35:42] INFO: [RL-EP-2211] (2211)
[10-06 21:35:45] INFO: [RL-EP-2212] (2212)
[10-06 21:35:48] INFO: [RL-EP-2213] (2213)
[10-06 21:35:51] INFO: [RL-EP-2214] (2214)
[10-06 21:35:55] INFO: [RL-EP-2215] roll=1.000/0.000/0.000
[10-06 21:35:58] INFO: [RL-EP-2216] (2216)
[10-06 21:36:01] INFO: [RL-EP-2217] (2217)
[10-06 21:36:04] INFO: [RL-EP-2218] (2218)
[10-06 21:36:07] INFO: [RL-EP-2219] (2219)
[10-06 21:36:11] INFO: [RL-EP-2220] roll=1.000/0.000/0.000
[10-06 21:36:14] INFO: [RL-EP-2221] (2221)
[10-06 21:36:18] INFO: [RL-EP-2222] (2222)
[10-06 21:36:22] INFO: [RL-EP-2223] (2223)
[10-06 21:36:26] INFO: [RL-EP-2224] (2224)
[10-06 21:36:29] INFO: [SARL-LOSS] ep=2225 value_loss=0.0194 epsilon=0.0500
[10-06 21:36:29] INFO: [STAT] ep=2225 | roll@25(s/c/t)=1.0/0.0/0.0 (1.00/0.00/0.00) | R.mean=0.5
[10-06 21:36:29] INFO: [METRICS-25] time=15.29s | dfreq=0.000 | ddist=0.000m
[10-06 21:36:29] INFO: [METRICS-PLOT] 3-metrics curve -> /root/bayes-vl-matched-20261006/crowd_nav/runs/bayes-matched-v1/bayes_mean-seed42/curves_3metrics.png
[10-06 21:36:29] INFO: [RL-EP-2225] (2225/10000) s/c/t=1/0/0 qloss=0.0000 ploss=0.0000 buf=200000
[10-06 21:36:29] INFO:               cumulative s/c/t%: 100.0%/0.0%/0.0%
[10-06 21:36:29] INFO: [REPLAY-STORE] ok=2225 skip=0 steps=137383 buf=200000
[10-06 21:36:29] INFO: [STAGE0-MONITOR] timeout_ratio=0.000 (target: decrease over time)
[10-06 21:36:29] INFO: ================================================================================
[10-06 21:36:29] INFO: [MULTI-SCALE-2225] TARGET: peak=1.000 stable_90=10ep
[10-06 21:36:29] INFO: [MULTI-SCALE-2225] WINDOWS: short=1.000 med=1.000 long=0.990
[10-06 21:36:29] INFO: [MULTI-SCALE-2225] QUALITY: stability=0.800 learn_rate=0.00000
[10-06 21:36:29] INFO: [ACHIEVEMENT] Stable 90%+ success rate achieved for 10 episodes!
[10-06 21:36:29] INFO: [HEALTH-CHECK-2225] Overall: NEEDS_IMPROVEMENT (score=0.400)
[10-06 21:36:29] INFO: ================================================================================
[10-06 21:36:33] INFO: [RL-EP-2226] (2226)
[10-06 21:36:36] INFO: [RL-EP-2227] (2227)
[10-06 21:36:39] INFO: [RL-EP-2228] (2228)
[10-06 21:36:43] INFO: [RL-EP-2229] (2229)
[10-06 21:36:46] INFO: [RL-EP-2230] roll=1.000/0.000/0.000
[10-06 21:36:49] INFO: [RL-EP-2231] (2231)
[10-06 21:36:53] INFO: [RL-EP-2232] (2232)
[10-06 21:36:56] INFO: [RL-EP-2233] (2233)
[10-06 21:36:59] INFO: [RL-EP-2234] (2234)
[10-06 21:37:03] INFO: [RL-EP-2235] roll=1.000/0.000/0.000
[10-06 21:37:07] INFO: [RL-EP-2236] (2236)
[10-06 21:37:10] INFO: [RL-EP-2237] (2237)
[10-06 21:37:14] INFO: [RL-EP-2238] (2238)
[10-06 21:37:17] INFO: [RL-EP-2239] (2239)
[10-06 21:37:20] INFO: [RL-EP-2240] roll=1.000/0.000/0.000
[10-06 21:37:24] INFO: [RL-EP-2241] (2241)
[10-06 21:37:26] INFO: [RL-EP-2242] (2242)
[10-06 21:37:30] INFO: [RL-EP-2243] (2243)
[10-06 21:37:33] INFO: [RL-EP-2244] (2244)
[10-06 21:37:36] INFO: [RL-EP-2245] roll=1.000/0.000/0.000
[10-06 21:37:39] INFO: [RL-EP-2246] (2246)
[10-06 21:37:42] INFO: [RL-EP-2247] (2247)
[10-06 21:37:45] INFO: [RL-EP-2248] (2248)
[10-06 21:37:49] INFO: [RL-EP-2249] (2249)
[10-06 21:37:49] INFO: [CONFIG-CHECK] ep=2250 updates_per_ep=4 (from config)
[10-06 21:37:52] INFO: [SARL-LOSS] ep=2250 value_loss=0.0269 epsilon=0.0500
[10-06 21:37:52] INFO: [STAT] ep=2250 | roll@25(s/c/t)=1.0/0.0/0.0 (1.00/0.00/0.00) | R.mean=0.5
[10-06 21:37:52] INFO: [METRICS-25] time=15.46s | dfreq=0.000 | ddist=0.000m
[10-06 21:37:53] INFO: [METRICS-PLOT] 3-metrics curve -> /root/bayes-vl-matched-20261006/crowd_nav/runs/bayes-matched-v1/bayes_mean-seed42/curves_3metrics.png
[10-06 21:37:53] INFO: [RL-EP-2250] (2250/10000) s/c/t=1/0/0 qloss=0.0000 ploss=0.0000 buf=200000
[10-06 21:37:53] INFO:               cumulative s/c/t%: 100.0%/0.0%/0.0%
[10-06 21:37:53] INFO: [REPLAY-STORE] ok=2250 skip=0 steps=138915 buf=200000
[10-06 21:37:53] INFO: [STAGE0-MONITOR] timeout_ratio=0.000 (target: decrease over time)
[10-06 21:37:53] INFO: ================================================================================
[10-06 21:37:53] INFO: [MULTI-SCALE-2250] TARGET: peak=1.000 stable_90=10ep
[10-06 21:37:53] INFO: [MULTI-SCALE-2250] WINDOWS: short=1.000 med=1.000 long=0.990
[10-06 21:37:53] INFO: [MULTI-SCALE-2250] QUALITY: stability=0.800 learn_rate=0.00000
[10-06 21:37:53] INFO: [ACHIEVEMENT] Stable 90%+ success rate achieved for 10 episodes!
[10-06 21:37:53] INFO: [HEALTH-CHECK-2250] Overall: NEEDS_IMPROVEMENT (score=0.400)
[10-06 21:37:53] INFO: ================================================================================
[10-06 21:37:57] INFO: [RL-EP-2251] (2251)
[10-06 21:38:01] INFO: [RL-EP-2252] (2252)
[10-06 21:38:05] INFO: [RL-EP-2253] (2253)
[10-06 21:38:08] INFO: [RL-EP-2254] (2254)
[10-06 21:38:12] INFO: [RL-EP-2255] roll=1.000/0.000/0.000
[10-06 21:38:19] INFO: [RL-EP-2256] (2256)
[10-06 21:38:22] INFO: [RL-EP-2257] (2257)
[10-06 21:38:25] INFO: [RL-EP-2258] (2258)
[10-06 21:38:28] INFO: [RL-EP-2259] (2259)
[10-06 21:38:32] INFO: [RL-EP-2260] roll=0.980/0.000/0.020
[10-06 21:38:35] INFO: [RL-EP-2261] (2261)
[10-06 21:38:38] INFO: [RL-EP-2262] (2262)
[10-06 21:38:41] INFO: [RL-EP-2263] (2263)
[10-06 21:38:44] INFO: [RL-EP-2264] (2264)
[10-06 21:38:48] INFO: [RL-EP-2265] roll=0.980/0.000/0.020
[10-06 21:38:51] INFO: [RL-EP-2266] (2266)
[10-06 21:38:54] INFO: [RL-EP-2267] (2267)
[10-06 21:38:58] INFO: [RL-EP-2268] (2268)
[10-06 21:39:00] INFO: [RL-EP-2269] (2269)
[10-06 21:39:04] INFO: [RL-EP-2270] roll=0.980/0.000/0.020
[10-06 21:39:08] INFO: [RL-EP-2271] (2271)
[10-06 21:39:11] INFO: [RL-EP-2272] (2272)
[10-06 21:39:14] INFO: [RL-EP-2273] (2273)
[10-06 21:39:17] INFO: [RL-EP-2274] (2274)
[10-06 21:39:20] INFO: [SARL-LOSS] ep=2275 value_loss=0.0222 epsilon=0.0500
[10-06 21:39:20] INFO: [STAT] ep=2275 | roll@25(s/c/t)=1.0/0.0/0.0 (0.98/0.00/0.02) | R.mean=0.5
[10-06 21:39:20] INFO: [METRICS-25] time=16.59s | dfreq=0.000 | ddist=0.000m
[10-06 21:39:20] INFO: [METRICS-PLOT] 3-metrics curve -> /root/bayes-vl-matched-20261006/crowd_nav/runs/bayes-matched-v1/bayes_mean-seed42/curves_3metrics.png
[10-06 21:39:20] INFO: [RL-EP-2275] (2275/10000) s/c/t=1/0/0 qloss=0.0000 ploss=0.0000 buf=200000
[10-06 21:39:20] INFO:               cumulative s/c/t%: 98.0%/0.0%/2.0%
[10-06 21:39:20] INFO: [REPLAY-STORE] ok=2275 skip=0 steps=140700 buf=200000
[10-06 21:39:20] INFO: [STAGE0-MONITOR] timeout_ratio=0.020 (target: decrease over time)
[10-06 21:39:20] INFO: ================================================================================
[10-06 21:39:20] INFO: [MULTI-SCALE-2275] TARGET: peak=1.000 stable_90=10ep
[10-06 21:39:20] INFO: [MULTI-SCALE-2275] WINDOWS: short=1.000 med=0.960 long=0.990
[10-06 21:39:20] INFO: [MULTI-SCALE-2275] QUALITY: stability=0.800 learn_rate=0.00000
[10-06 21:39:20] INFO: [ACHIEVEMENT] Stable 90%+ success rate achieved for 10 episodes!
[10-06 21:39:20] INFO: [HEALTH-CHECK-2275] Overall: NEEDS_IMPROVEMENT (score=0.400)
[10-06 21:39:20] INFO: ================================================================================
[10-06 21:39:24] INFO: [RL-EP-2276] (2276)
[10-06 21:39:27] INFO: [RL-EP-2277] (2277)
[10-06 21:39:30] INFO: [RL-EP-2278] (2278)
[10-06 21:39:34] INFO: [RL-EP-2279] (2279)
[10-06 21:39:37] INFO: [RL-EP-2280] roll=0.980/0.000/0.020
[10-06 21:39:40] INFO: [RL-EP-2281] (2281)
[10-06 21:39:43] INFO: [RL-EP-2282] (2282)
[10-06 21:39:45] INFO: [RL-EP-2283] (2283)
[10-06 21:39:49] INFO: [RL-EP-2284] (2284)
[10-06 21:39:52] INFO: [RL-EP-2285] roll=0.980/0.000/0.020
[10-06 21:39:55] INFO: [RL-EP-2286] (2286)
[10-06 21:39:58] INFO: [RL-EP-2287] (2287)
[10-06 21:40:01] INFO: [RL-EP-2288] (2288)
[10-06 21:40:04] INFO: [RL-EP-2289] (2289)
[10-06 21:40:07] INFO: [RL-EP-2290] roll=0.980/0.000/0.020
[10-06 21:40:10] INFO: [RL-EP-2291] (2291)
[10-06 21:40:14] INFO: [RL-EP-2292] (2292)
[10-06 21:40:17] INFO: [RL-EP-2293] (2293)
[10-06 21:40:22] INFO: [RL-EP-2294] (2294)
[10-06 21:40:25] INFO: [RL-EP-2295] roll=0.980/0.000/0.020
[10-06 21:40:29] INFO: [RL-EP-2296] (2296)
[10-06 21:40:32] INFO: [RL-EP-2297] (2297)
[10-06 21:40:36] INFO: [RL-EP-2298] (2298)
[10-06 21:40:39] INFO: [RL-EP-2299] (2299)
[10-06 21:40:39] INFO: [CONFIG-CHECK] ep=2300 updates_per_ep=4 (from config)
[10-06 21:40:39] INFO: [SARL-EPSILON] ep=2300 epsilon=0.0500 (start=0.3, end=0.05, decay=1500)
[10-06 21:40:43] INFO: [SARL-REPLAY] ep=2300 buffer_size=200000 updates=4
[10-06 21:40:43] INFO: [SARL-LOSS] ep=2300 value_loss=0.0243 epsilon=0.0500
[10-06 21:40:43] INFO: [SARL-STATS] ep=2300 buffer_size=200000
[10-06 21:40:43] INFO: [STAT] ep=2300 | roll@25(s/c/t)=1.0/0.0/0.0 (0.98/0.00/0.02) | R.mean=0.5
[10-06 21:40:43] INFO: [METRICS-25] time=16.61s | dfreq=0.000 | ddist=0.000m
[10-06 21:40:43] INFO: [METRICS-PLOT] 3-metrics curve -> /root/bayes-vl-matched-20261006/crowd_nav/runs/bayes-matched-v1/bayes_mean-seed42/curves_3metrics.png
[10-06 21:40:43] INFO: [RL-EP-2300] (2300/10000) s/c/t=1/0/0 qloss=0.0000 ploss=0.0000 buf=200000
[10-06 21:40:43] INFO:               cumulative s/c/t%: 98.0%/0.0%/2.0%
[10-06 21:40:43] INFO: [REPLAY-STORE] ok=2300 skip=0 steps=142238 buf=200000
[10-06 21:40:43] INFO: [STAGE0-MONITOR] timeout_ratio=0.020 (target: decrease over time)
[10-06 21:40:43] INFO: [SOT-2300] REWARD succ=1.0/coll=-0.50 | GRID 5×16=80 | EVENTS s=0.98/c=0.00/t=0.02
[10-06 21:40:43] INFO: ================================================================================
[10-06 21:40:43] INFO: [MULTI-SCALE-2300] TARGET: peak=1.000 stable_90=10ep
[10-06 21:40:43] INFO: [MULTI-SCALE-2300] WINDOWS: short=1.000 med=1.000 long=0.990
[10-06 21:40:43] INFO: [MULTI-SCALE-2300] QUALITY: stability=0.800 learn_rate=0.00000
[10-06 21:40:43] INFO: [ACHIEVEMENT] Stable 90%+ success rate achieved for 10 episodes!
[10-06 21:40:43] INFO: [HEALTH-CHECK-2300] Overall: NEEDS_IMPROVEMENT (score=0.400)
[10-06 21:40:43] INFO: ================================================================================
[10-06 21:40:47] INFO: [RL-EP-2301] (2301)
[10-06 21:40:50] INFO: [RL-EP-2302] (2302)
[10-06 21:40:53] INFO: [RL-EP-2303] (2303)
[10-06 21:40:56] INFO: [RL-EP-2304] (2304)
[10-06 21:41:00] INFO: [RL-EP-2305] roll=0.980/0.000/0.020
[10-06 21:41:03] INFO: [RL-EP-2306] (2306)
[10-06 21:41:06] INFO: [RL-EP-2307] (2307)
[10-06 21:41:10] INFO: [RL-EP-2308] (2308)
[10-06 21:41:14] INFO: [RL-EP-2309] (2309)
[10-06 21:41:17] INFO: [RL-EP-2310] roll=1.000/0.000/0.000
[10-06 21:41:21] INFO: [RL-EP-2311] (2311)
[10-06 21:41:24] INFO: [RL-EP-2312] (2312)
[10-06 21:41:27] INFO: [RL-EP-2313] (2313)
[10-06 21:41:30] INFO: [RL-EP-2314] (2314)
[10-06 21:41:33] INFO: [RL-EP-2315] roll=1.000/0.000/0.000
[10-06 21:41:36] INFO: [RL-EP-2316] (2316)
[10-06 21:41:39] INFO: [RL-EP-2317] (2317)
[10-06 21:41:42] INFO: [RL-EP-2318] (2318)
[10-06 21:41:45] INFO: [RL-EP-2319] (2319)
[10-06 21:41:49] INFO: [RL-EP-2320] roll=1.000/0.000/0.000
[10-06 21:41:52] INFO: [RL-EP-2321] (2321)
[10-06 21:41:57] INFO: [RL-EP-2322] (2322)
[10-06 21:42:01] INFO: [RL-EP-2323] (2323)
[10-06 21:42:04] INFO: [RL-EP-2324] (2324)
[10-06 21:42:07] INFO: [SARL-LOSS] ep=2325 value_loss=0.0269 epsilon=0.0500
[10-06 21:42:07] INFO: [STAT] ep=2325 | roll@25(s/c/t)=1.0/0.0/0.0 (1.00/0.00/0.00) | R.mean=0.5
[10-06 21:42:07] INFO: [METRICS-25] time=15.67s | dfreq=0.000 | ddist=0.000m
[10-06 21:42:08] INFO: [METRICS-PLOT] 3-metrics curve -> /root/bayes-vl-matched-20261006/crowd_nav/runs/bayes-matched-v1/bayes_mean-seed42/curves_3metrics.png
[10-06 21:42:08] INFO: [RL-EP-2325] (2325/10000) s/c/t=1/0/0 qloss=0.0000 ploss=0.0000 buf=200000
[10-06 21:42:08] INFO:               cumulative s/c/t%: 100.0%/0.0%/0.0%
[10-06 21:42:08] INFO: [REPLAY-STORE] ok=2325 skip=0 steps=143834 buf=200000
[10-06 21:42:08] INFO: [STAGE0-MONITOR] timeout_ratio=0.000 (target: decrease over time)
[10-06 21:42:08] INFO: ================================================================================
[10-06 21:42:08] INFO: [MULTI-SCALE-2325] TARGET: peak=1.000 stable_90=10ep
[10-06 21:42:08] INFO: [MULTI-SCALE-2325] WINDOWS: short=1.000 med=1.000 long=0.990
[10-06 21:42:08] INFO: [MULTI-SCALE-2325] QUALITY: stability=0.800 learn_rate=0.00000
[10-06 21:42:08] INFO: [ACHIEVEMENT] Stable 90%+ success rate achieved for 10 episodes!
[10-06 21:42:08] INFO: [HEALTH-CHECK-2325] Overall: NEEDS_IMPROVEMENT (score=0.400)
[10-06 21:42:08] INFO: ================================================================================
[10-06 21:42:11] INFO: [RL-EP-2326] (2326)
[10-06 21:42:14] INFO: [RL-EP-2327] (2327)
[10-06 21:42:17] INFO: [RL-EP-2328] (2328)
[10-06 21:42:20] INFO: [RL-EP-2329] (2329)
[10-06 21:42:24] INFO: [RL-EP-2330] roll=1.000/0.000/0.000
[10-06 21:42:27] INFO: [RL-EP-2331] (2331)
[10-06 21:42:31] INFO: [RL-EP-2332] (2332)
[10-06 21:42:34] INFO: [RL-EP-2333] (2333)
[10-06 21:42:37] INFO: [RL-EP-2334] (2334)
[10-06 21:42:41] INFO: [RL-EP-2335] roll=1.000/0.000/0.000
[10-06 21:42:44] INFO: [RL-EP-2336] (2336)
[10-06 21:42:47] INFO: [RL-EP-2337] (2337)
[10-06 21:42:50] INFO: [RL-EP-2338] (2338)
[10-06 21:42:54] INFO: [RL-EP-2339] (2339)
[10-06 21:42:57] INFO: [RL-EP-2340] roll=1.000/0.000/0.000
[10-06 21:43:00] INFO: [RL-EP-2341] (2341)
[10-06 21:43:03] INFO: [RL-EP-2342] (2342)
[10-06 21:43:07] INFO: [RL-EP-2343] (2343)
[10-06 21:43:11] INFO: [RL-EP-2344] (2344)
[10-06 21:43:14] INFO: [RL-EP-2345] roll=1.000/0.000/0.000
[10-06 21:43:17] INFO: [RL-EP-2346] (2346)
[10-06 21:43:21] INFO: [RL-EP-2347] (2347)
[10-06 21:43:24] INFO: [RL-EP-2348] (2348)
[10-06 21:43:28] INFO: [RL-EP-2349] (2349)
[10-06 21:43:28] INFO: [CONFIG-CHECK] ep=2350 updates_per_ep=4 (from config)
[10-06 21:43:31] INFO: [SARL-LOSS] ep=2350 value_loss=0.0165 epsilon=0.0500
[10-06 21:43:31] INFO: [STAT] ep=2350 | roll@25(s/c/t)=1.0/0.0/0.0 (1.00/0.00/0.00) | R.mean=0.5
[10-06 21:43:31] INFO: [METRICS-25] time=15.58s | dfreq=0.000 | ddist=0.000m
[10-06 21:43:32] INFO: [METRICS-PLOT] 3-metrics curve -> /root/bayes-vl-matched-20261006/crowd_nav/runs/bayes-matched-v1/bayes_mean-seed42/curves_3metrics.png
[10-06 21:43:32] INFO: [RL-EP-2350] (2350/10000) s/c/t=1/0/0 qloss=0.0000 ploss=0.0000 buf=200000
[10-06 21:43:32] INFO:               cumulative s/c/t%: 100.0%/0.0%/0.0%
[10-06 21:43:32] INFO: [REPLAY-STORE] ok=2350 skip=0 steps=145354 buf=200000
[10-06 21:43:32] INFO: [STAGE0-MONITOR] timeout_ratio=0.000 (target: decrease over time)
[10-06 21:43:32] INFO: ================================================================================
[10-06 21:43:32] INFO: [MULTI-SCALE-2350] TARGET: peak=1.000 stable_90=10ep
[10-06 21:43:32] INFO: [MULTI-SCALE-2350] WINDOWS: short=1.000 med=1.000 long=0.990
[10-06 21:43:32] INFO: [MULTI-SCALE-2350] QUALITY: stability=0.800 learn_rate=0.00000
[10-06 21:43:32] INFO: [ACHIEVEMENT] Stable 90%+ success rate achieved for 10 episodes!
[10-06 21:43:32] INFO: [HEALTH-CHECK-2350] Overall: NEEDS_IMPROVEMENT (score=0.400)
[10-06 21:43:32] INFO: ================================================================================
[10-06 21:43:36] INFO: [RL-EP-2351] (2351)
[10-06 21:43:41] INFO: [RL-EP-2352] (2352)
[10-06 21:43:44] INFO: [RL-EP-2353] (2353)
[10-06 21:43:48] INFO: [RL-EP-2354] (2354)
[10-06 21:43:51] INFO: [RL-EP-2355] roll=1.000/0.000/0.000
[10-06 21:43:54] INFO: [RL-EP-2356] (2356)
[10-06 21:43:58] INFO: [RL-EP-2357] (2357)
[10-06 21:44:01] INFO: [RL-EP-2358] (2358)
[10-06 21:44:05] INFO: [RL-EP-2359] (2359)
[10-06 21:44:08] INFO: [RL-EP-2360] roll=1.000/0.000/0.000
[10-06 21:44:11] INFO: [RL-EP-2361] (2361)
[10-06 21:44:15] INFO: [RL-EP-2362] (2362)
[10-06 21:44:18] INFO: [RL-EP-2363] (2363)
[10-06 21:44:21] INFO: [RL-EP-2364] (2364)
[10-06 21:44:25] INFO: [RL-EP-2365] roll=1.000/0.000/0.000
[10-06 21:44:28] INFO: [RL-EP-2366] (2366)
[10-06 21:44:31] INFO: [RL-EP-2367] (2367)
[10-06 21:44:34] INFO: [RL-EP-2368] (2368)
[10-06 21:44:38] INFO: [RL-EP-2369] (2369)
[10-06 21:44:41] INFO: [RL-EP-2370] roll=1.000/0.000/0.000
[10-06 21:44:44] INFO: [RL-EP-2371] (2371)
[10-06 21:44:47] INFO: [RL-EP-2372] (2372)
[10-06 21:44:50] INFO: [RL-EP-2373] (2373)
[10-06 21:44:54] INFO: [RL-EP-2374] (2374)
[10-06 21:44:57] INFO: [SARL-LOSS] ep=2375 value_loss=0.0244 epsilon=0.0500
[10-06 21:44:57] INFO: [STAT] ep=2375 | roll@25(s/c/t)=1.0/0.0/0.0 (1.00/0.00/0.00) | R.mean=0.5
[10-06 21:44:57] INFO: [METRICS-25] time=15.74s | dfreq=0.000 | ddist=0.000m
[10-06 21:44:57] INFO: [METRICS-PLOT] 3-metrics curve -> /root/bayes-vl-matched-20261006/crowd_nav/runs/bayes-matched-v1/bayes_mean-seed42/curves_3metrics.png
[10-06 21:44:57] INFO: [RL-EP-2375] (2375/10000) s/c/t=1/0/0 qloss=0.0000 ploss=0.0000 buf=200000
[10-06 21:44:57] INFO:               cumulative s/c/t%: 100.0%/0.0%/0.0%
[10-06 21:44:57] INFO: [REPLAY-STORE] ok=2375 skip=0 steps=146982 buf=200000
[10-06 21:44:57] INFO: [STAGE0-MONITOR] timeout_ratio=0.000 (target: decrease over time)
[10-06 21:44:57] INFO: ================================================================================
[10-06 21:44:57] INFO: [MULTI-SCALE-2375] TARGET: peak=1.000 stable_90=10ep
[10-06 21:44:57] INFO: [MULTI-SCALE-2375] WINDOWS: short=1.000 med=1.000 long=1.000
[10-06 21:44:57] INFO: [MULTI-SCALE-2375] QUALITY: stability=0.800 learn_rate=0.00000
[10-06 21:44:57] INFO: [ACHIEVEMENT] Stable 90%+ success rate achieved for 10 episodes!
[10-06 21:44:57] INFO: [HEALTH-CHECK-2375] Overall: NEEDS_IMPROVEMENT (score=0.400)
[10-06 21:44:57] INFO: ================================================================================
[10-06 21:45:01] INFO: [RL-EP-2376] (2376)
[10-06 21:45:04] INFO: [RL-EP-2377] (2377)
[10-06 21:45:07] INFO: [RL-EP-2378] (2378)
[10-06 21:45:11] INFO: [RL-EP-2379] (2379)
[10-06 21:45:14] INFO: [RL-EP-2380] roll=1.000/0.000/0.000
[10-06 21:45:18] INFO: [RL-EP-2381] (2381)
[10-06 21:45:21] INFO: [RL-EP-2382] (2382)
[10-06 21:45:24] INFO: [RL-EP-2383] (2383)
[10-06 21:45:28] INFO: [RL-EP-2384] (2384)
[10-06 21:45:32] INFO: [RL-EP-2385] roll=1.000/0.000/0.000
[10-06 21:45:35] INFO: [RL-EP-2386] (2386)
[10-06 21:45:38] INFO: [RL-EP-2387] (2387)
[10-06 21:45:42] INFO: [RL-EP-2388] (2388)
[10-06 21:45:45] INFO: [RL-EP-2389] (2389)
[10-06 21:45:49] INFO: [RL-EP-2390] roll=1.000/0.000/0.000
[10-06 21:45:52] INFO: [RL-EP-2391] (2391)
[10-06 21:45:56] INFO: [RL-EP-2392] (2392)
[10-06 21:46:00] INFO: [RL-EP-2393] (2393)
[10-06 21:46:03] INFO: [RL-EP-2394] (2394)
[10-06 21:46:06] INFO: [RL-EP-2395] roll=1.000/0.000/0.000
[10-06 21:46:09] INFO: [RL-EP-2396] (2396)
[10-06 21:46:12] INFO: [RL-EP-2397] (2397)
[10-06 21:46:16] INFO: [RL-EP-2398] (2398)
[10-06 21:46:19] INFO: [RL-EP-2399] (2399)
[10-06 21:46:19] INFO: [CONFIG-CHECK] ep=2400 updates_per_ep=4 (from config)
[10-06 21:46:19] INFO: [SARL-EPSILON] ep=2400 epsilon=0.0500 (start=0.3, end=0.05, decay=1500)
[10-06 21:46:23] INFO: [SARL-REPLAY] ep=2400 buffer_size=200000 updates=4
[10-06 21:46:23] INFO: [SARL-LOSS] ep=2400 value_loss=0.0128 epsilon=0.0500
[10-06 21:46:23] INFO: [SARL-STATS] ep=2400 buffer_size=200000
[10-06 21:46:23] INFO: [STAT] ep=2400 | roll@25(s/c/t)=1.0/0.0/0.0 (1.00/0.00/0.00) | R.mean=0.5
[10-06 21:46:23] INFO: [METRICS-25] time=16.20s | dfreq=0.000 | ddist=0.000m
[10-06 21:46:23] INFO: [METRICS-PLOT] 3-metrics curve -> /root/bayes-vl-matched-20261006/crowd_nav/runs/bayes-matched-v1/bayes_mean-seed42/curves_3metrics.png
[10-06 21:46:23] INFO: [RL-EP-2400] (2400/10000) s/c/t=1/0/0 qloss=0.0000 ploss=0.0000 buf=200000
[10-06 21:46:23] INFO:               cumulative s/c/t%: 100.0%/0.0%/0.0%
[10-06 21:46:23] INFO: [REPLAY-STORE] ok=2400 skip=0 steps=148594 buf=200000
[10-06 21:46:23] INFO: [STAGE0-MONITOR] timeout_ratio=0.000 (target: decrease over time)
[10-06 21:46:23] INFO: [SOT-2400] REWARD succ=1.0/coll=-0.50 | GRID 5×16=80 | EVENTS s=1.00/c=0.00/t=0.00
[10-06 21:46:23] INFO: ================================================================================
[10-06 21:46:23] INFO: [MULTI-SCALE-2400] TARGET: peak=1.000 stable_90=10ep
[10-06 21:46:23] INFO: [MULTI-SCALE-2400] WINDOWS: short=1.000 med=1.000 long=1.000
[10-06 21:46:23] INFO: [MULTI-SCALE-2400] QUALITY: stability=0.800 learn_rate=0.00000
[10-06 21:46:23] INFO: [ACHIEVEMENT] Stable 90%+ success rate achieved for 10 episodes!
[10-06 21:46:23] INFO: [HEALTH-CHECK-2400] Overall: NEEDS_IMPROVEMENT (score=0.400)
[10-06 21:46:23] INFO: ================================================================================
[10-06 21:46:26] INFO: [RL-EP-2401] (2401)
[10-06 21:46:30] INFO: [RL-EP-2402] (2402)
[10-06 21:46:33] INFO: [RL-EP-2403] (2403)
[10-06 21:46:36] INFO: [RL-EP-2404] (2404)
[10-06 21:46:39] INFO: [RL-EP-2405] roll=1.000/0.000/0.000
[10-06 21:46:43] INFO: [RL-EP-2406] (2406)
[10-06 21:46:46] INFO: [RL-EP-2407] (2407)
[10-06 21:46:49] INFO: [RL-EP-2408] (2408)
[10-06 21:46:52] INFO: [RL-EP-2409] (2409)
[10-06 21:46:56] INFO: [RL-EP-2410] roll=1.000/0.000/0.000
[10-06 21:46:59] INFO: [RL-EP-2411] (2411)
[10-06 21:47:03] INFO: [RL-EP-2412] (2412)
[10-06 21:47:06] INFO: [RL-EP-2413] (2413)
[10-06 21:47:11] INFO: [RL-EP-2414] (2414)
[10-06 21:47:14] INFO: [RL-EP-2415] roll=1.000/0.000/0.000
[10-06 21:47:17] INFO: [RL-EP-2416] (2416)
[10-06 21:47:20] INFO: [RL-EP-2417] (2417)
[10-06 21:47:23] INFO: [RL-EP-2418] (2418)
[10-06 21:47:27] INFO: [RL-EP-2419] (2419)
[10-06 21:47:30] INFO: [RL-EP-2420] roll=1.000/0.000/0.000
[10-06 21:47:34] INFO: [RL-EP-2421] (2421)
[10-06 21:47:38] INFO: [RL-EP-2422] (2422)
[10-06 21:47:41] INFO: [RL-EP-2423] (2423)
[10-06 21:47:44] INFO: [RL-EP-2424] (2424)
[10-06 21:47:47] INFO: [SARL-LOSS] ep=2425 value_loss=0.0214 epsilon=0.0500
[10-06 21:47:47] INFO: [STAT] ep=2425 | roll@25(s/c/t)=1.0/0.0/0.0 (1.00/0.00/0.00) | R.mean=0.5
[10-06 21:47:47] INFO: [METRICS-25] time=15.64s | dfreq=0.000 | ddist=0.000m
[10-06 21:47:48] INFO: [METRICS-PLOT] 3-metrics curve -> /root/bayes-vl-matched-20261006/crowd_nav/runs/bayes-matched-v1/bayes_mean-seed42/curves_3metrics.png
[10-06 21:47:48] INFO: [RL-EP-2425] (2425/10000) s/c/t=1/0/0 qloss=0.0000 ploss=0.0000 buf=200000
[10-06 21:47:48] INFO:               cumulative s/c/t%: 100.0%/0.0%/0.0%
[10-06 21:47:48] INFO: [REPLAY-STORE] ok=2425 skip=0 steps=150111 buf=200000
[10-06 21:47:48] INFO: [STAGE0-MONITOR] timeout_ratio=0.000 (target: decrease over time)
[10-06 21:47:48] INFO: ================================================================================
[10-06 21:47:48] INFO: [MULTI-SCALE-2425] TARGET: peak=1.000 stable_90=10ep
[10-06 21:47:48] INFO: [MULTI-SCALE-2425] WINDOWS: short=1.000 med=1.000 long=1.000
[10-06 21:47:48] INFO: [MULTI-SCALE-2425] QUALITY: stability=0.800 learn_rate=0.00000
[10-06 21:47:48] INFO: [ACHIEVEMENT] Stable 90%+ success rate achieved for 10 episodes!
[10-06 21:47:48] INFO: [HEALTH-CHECK-2425] Overall: NEEDS_IMPROVEMENT (score=0.400)
[10-06 21:47:48] INFO: ================================================================================
[10-06 21:47:51] INFO: [RL-EP-2426] (2426)
[10-06 21:47:54] INFO: [RL-EP-2427] (2427)
[10-06 21:47:58] INFO: [RL-EP-2428] (2428)
[10-06 21:48:01] INFO: [RL-EP-2429] (2429)
[10-06 21:48:04] INFO: [RL-EP-2430] roll=1.000/0.000/0.000
[10-06 21:48:07] INFO: [RL-EP-2431] (2431)
[10-06 21:48:11] INFO: [RL-EP-2432] (2432)
[10-06 21:48:14] INFO: [RL-EP-2433] (2433)
[10-06 21:48:17] INFO: [RL-EP-2434] (2434)
[10-06 21:48:20] INFO: [RL-EP-2435] roll=1.000/0.000/0.000
[10-06 21:48:25] INFO: [RL-EP-2436] (2436)
[10-06 21:48:28] INFO: [RL-EP-2437] (2437)
[10-06 21:48:31] INFO: [RL-EP-2438] (2438)
[10-06 21:48:35] INFO: [RL-EP-2439] (2439)
[10-06 21:48:38] INFO: [RL-EP-2440] roll=1.000/0.000/0.000
[10-06 21:48:42] INFO: [RL-EP-2441] (2441)
[10-06 21:48:46] INFO: [RL-EP-2442] (2442)
[10-06 21:48:49] INFO: [RL-EP-2443] (2443)
[10-06 21:48:53] INFO: [RL-EP-2444] (2444)
[10-06 21:48:56] INFO: [RL-EP-2445] roll=1.000/0.000/0.000
[10-06 21:48:59] INFO: [RL-EP-2446] (2446)
[10-06 21:49:02] INFO: [RL-EP-2447] (2447)
[10-06 21:49:06] INFO: [RL-EP-2448] (2448)
[10-06 21:49:09] INFO: [RL-EP-2449] (2449)
[10-06 21:49:09] INFO: [CONFIG-CHECK] ep=2450 updates_per_ep=4 (from config)
[10-06 21:49:12] INFO: [SARL-LOSS] ep=2450 value_loss=0.0226 epsilon=0.0500
[10-06 21:49:12] INFO: [STAT] ep=2450 | roll@25(s/c/t)=1.0/0.0/0.0 (0.98/0.02/0.00) | R.mean=0.5
[10-06 21:49:12] INFO: [METRICS-25] time=15.46s | dfreq=0.000 | ddist=0.000m
[10-06 21:49:13] INFO: [METRICS-PLOT] 3-metrics curve -> /root/bayes-vl-matched-20261006/crowd_nav/runs/bayes-matched-v1/bayes_mean-seed42/curves_3metrics.png
[10-06 21:49:13] INFO: [RL-EP-2450] (2450/10000) s/c/t=1/0/0 qloss=0.0000 ploss=0.0000 buf=200000
[10-06 21:49:13] INFO:               cumulative s/c/t%: 98.0%/2.0%/0.0%
[10-06 21:49:13] INFO: [REPLAY-STORE] ok=2450 skip=0 steps=151686 buf=200000
[10-06 21:49:13] INFO: [STAGE0-MONITOR] timeout_ratio=0.000 (target: decrease over time)
[10-06 21:49:13] INFO: ================================================================================
[10-06 21:49:13] INFO: [MULTI-SCALE-2450] TARGET: peak=1.000 stable_90=10ep
[10-06 21:49:13] INFO: [MULTI-SCALE-2450] WINDOWS: short=0.900 med=0.960 long=0.990
[10-06 21:49:13] INFO: [MULTI-SCALE-2450] QUALITY: stability=0.800 learn_rate=0.00000
[10-06 21:49:13] INFO: [ACHIEVEMENT] Stable 90%+ success rate achieved for 10 episodes!
[10-06 21:49:13] INFO: [HEALTH-CHECK-2450] Overall: NEEDS_IMPROVEMENT (score=0.400)
[10-06 21:49:13] INFO: ================================================================================
[10-06 21:49:16] INFO: [RL-EP-2451] (2451)
[10-06 21:49:20] INFO: [RL-EP-2452] (2452)
[10-06 21:49:25] INFO: [RL-EP-2453] (2453)
[10-06 21:49:28] INFO: [RL-EP-2454] (2454)
[10-06 21:49:31] INFO: [RL-EP-2455] roll=0.980/0.020/0.000
[10-06 21:49:34] INFO: [RL-EP-2456] (2456)
[10-06 21:49:38] INFO: [RL-EP-2457] (2457)
[10-06 21:49:42] INFO: [RL-EP-2458] (2458)
[10-06 21:49:45] INFO: [RL-EP-2459] (2459)
[10-06 21:49:48] INFO: [RL-EP-2460] roll=0.980/0.020/0.000
[10-06 21:49:51] INFO: [RL-EP-2461] (2461)
[10-06 21:49:55] INFO: [RL-EP-2462] (2462)
[10-06 21:49:59] INFO: [RL-EP-2463] (2463)
[10-06 21:50:03] INFO: [RL-EP-2464] (2464)
[10-06 21:50:06] INFO: [RL-EP-2465] roll=0.980/0.020/0.000
[10-06 21:50:09] INFO: [RL-EP-2466] (2466)
[10-06 21:50:12] INFO: [RL-EP-2467] (2467)
[10-06 21:50:15] INFO: [RL-EP-2468] (2468)
[10-06 21:50:19] INFO: [RL-EP-2469] (2469)
[10-06 21:50:22] INFO: [RL-EP-2470] roll=0.980/0.020/0.000
[10-06 21:50:25] INFO: [RL-EP-2471] (2471)
[10-06 21:50:28] INFO: [RL-EP-2472] (2472)
[10-06 21:50:31] INFO: [RL-EP-2473] (2473)
[10-06 21:50:35] INFO: [RL-EP-2474] (2474)
[10-06 21:50:39] INFO: [SARL-LOSS] ep=2475 value_loss=0.0219 epsilon=0.0500
[10-06 21:50:39] INFO: [STAT] ep=2475 | roll@25(s/c/t)=1.0/0.0/0.0 (0.98/0.02/0.00) | R.mean=0.5
[10-06 21:50:39] INFO: [METRICS-25] time=16.00s | dfreq=0.000 | ddist=0.000m
[10-06 21:50:39] INFO: [METRICS-PLOT] 3-metrics curve -> /root/bayes-vl-matched-20261006/crowd_nav/runs/bayes-matched-v1/bayes_mean-seed42/curves_3metrics.png
[10-06 21:50:39] INFO: [RL-EP-2475] (2475/10000) s/c/t=1/0/0 qloss=0.0000 ploss=0.0000 buf=200000
[10-06 21:50:39] INFO:               cumulative s/c/t%: 98.0%/2.0%/0.0%
[10-06 21:50:39] INFO: [REPLAY-STORE] ok=2475 skip=0 steps=153312 buf=200000
[10-06 21:50:39] INFO: [STAGE0-MONITOR] timeout_ratio=0.000 (target: decrease over time)
[10-06 21:50:39] INFO: ================================================================================
[10-06 21:50:39] INFO: [MULTI-SCALE-2475] TARGET: peak=1.000 stable_90=10ep
[10-06 21:50:39] INFO: [MULTI-SCALE-2475] WINDOWS: short=1.000 med=1.000 long=0.990
[10-06 21:50:39] INFO: [MULTI-SCALE-2475] QUALITY: stability=0.800 learn_rate=0.00000
[10-06 21:50:39] INFO: [ACHIEVEMENT] Stable 90%+ success rate achieved for 10 episodes!
[10-06 21:50:39] INFO: [HEALTH-CHECK-2475] Overall: NEEDS_IMPROVEMENT (score=0.400)
[10-06 21:50:39] INFO: ================================================================================
[10-06 21:50:42] INFO: [RL-EP-2476] (2476)
[10-06 21:50:46] INFO: [RL-EP-2477] (2477)
[10-06 21:50:49] INFO: [RL-EP-2478] (2478)
[10-06 21:50:54] INFO: [RL-EP-2479] (2479)
[10-06 21:50:57] INFO: [RL-EP-2480] roll=0.980/0.020/0.000
[10-06 21:51:00] INFO: [RL-EP-2481] (2481)
[10-06 21:51:04] INFO: [RL-EP-2482] (2482)
[10-06 21:51:07] INFO: [RL-EP-2483] (2483)
[10-06 21:51:10] INFO: [RL-EP-2484] (2484)
[10-06 21:51:14] INFO: [RL-EP-2485] roll=0.980/0.020/0.000
[10-06 21:51:17] INFO: [RL-EP-2486] (2486)
[10-06 21:51:21] INFO: [RL-EP-2487] (2487)
[10-06 21:51:25] INFO: [RL-EP-2488] (2488)
[10-06 21:51:28] INFO: [RL-EP-2489] (2489)
[10-06 21:51:32] INFO: [RL-EP-2490] roll=0.980/0.020/0.000
[10-06 21:51:35] INFO: [RL-EP-2491] (2491)
[10-06 21:51:38] INFO: [RL-EP-2492] (2492)
[10-06 21:51:41] INFO: [RL-EP-2493] (2493)
[10-06 21:51:45] INFO: [RL-EP-2494] (2494)
[10-06 21:51:48] INFO: [RL-EP-2495] roll=0.980/0.020/0.000
[10-06 21:51:51] INFO: [RL-EP-2496] (2496)
[10-06 21:51:55] INFO: [RL-EP-2497] (2497)
[10-06 21:51:58] INFO: [RL-EP-2498] (2498)
[10-06 21:52:02] INFO: [RL-EP-2499] (2499)
[10-06 21:52:02] INFO: [CONFIG-CHECK] ep=2500 updates_per_ep=4 (from config)
[10-06 21:52:02] INFO: [SARL-EPSILON] ep=2500 epsilon=0.0500 (start=0.3, end=0.05, decay=1500)
[10-06 21:52:06] INFO: [SARL-REPLAY] ep=2500 buffer_size=200000 updates=4
[10-06 21:52:06] INFO: [SARL-LOSS] ep=2500 value_loss=0.0218 epsilon=0.0500
[10-06 21:52:06] INFO: [SARL-STATS] ep=2500 buffer_size=200000
[10-06 21:52:06] INFO: [STAT] ep=2500 | roll@25(s/c/t)=1.0/0.0/0.0 (1.00/0.00/0.00) | R.mean=0.5
[10-06 21:52:06] INFO: [METRICS-25] time=16.34s | dfreq=0.000 | ddist=0.000m
[10-06 21:52:06] INFO: [METRICS-PLOT] 3-metrics curve -> /root/bayes-vl-matched-20261006/crowd_nav/runs/bayes-matched-v1/bayes_mean-seed42/curves_3metrics.png
[10-06 21:52:06] INFO: [RL-EP-2500] (2500/10000) s/c/t=1/0/0 qloss=0.0000 ploss=0.0000 buf=200000
[10-06 21:52:06] INFO:               cumulative s/c/t%: 100.0%/0.0%/0.0%
[10-06 21:52:06] INFO: [REPLAY-STORE] ok=2500 skip=0 steps=154954 buf=200000
[10-06 21:52:06] INFO: [STAGE0-MONITOR] timeout_ratio=0.000 (target: decrease over time)
[10-06 21:52:06] INFO: [SOT-2500] REWARD succ=1.0/coll=-0.50 | GRID 5×16=80 | EVENTS s=1.00/c=0.00/t=0.00
[10-06 21:52:06] INFO: ================================================================================
[10-06 21:52:06] INFO: [MULTI-SCALE-2500] TARGET: peak=1.000 stable_90=10ep
[10-06 21:52:06] INFO: [MULTI-SCALE-2500] WINDOWS: short=1.000 med=1.000 long=0.990
[10-06 21:52:06] INFO: [MULTI-SCALE-2500] QUALITY: stability=0.800 learn_rate=0.00000
[10-06 21:52:06] INFO: [ACHIEVEMENT] Stable 90%+ success rate achieved for 10 episodes!
[10-06 21:52:06] INFO: [HEALTH-CHECK-2500] Overall: NEEDS_IMPROVEMENT (score=0.400)
[10-06 21:52:06] INFO: ================================================================================
[10-06 21:52:06] INFO: [RL-SAVE] sarl checkpoint -> /root/bayes-vl-matched-20261006/crowd_nav/runs/bayes-matched-v1/bayes_mean-seed42/rl_model_ep2500.pth
[10-06 21:52:06] INFO: [RL-SAVE] Saved components: policy, target network, optimizer
[10-06 21:52:09] INFO: [RL-EP-2501] (2501)
[10-06 21:52:12] INFO: [RL-EP-2502] (2502)
[10-06 21:52:15] INFO: [RL-EP-2503] (2503)
[10-06 21:52:18] INFO: [RL-EP-2504] (2504)
[10-06 21:52:21] INFO: [RL-EP-2505] roll=1.000/0.000/0.000
[10-06 21:52:24] INFO: [RL-EP-2506] (2506)
[10-06 21:52:28] INFO: [RL-EP-2507] (2507)
[10-06 21:52:30] INFO: [RL-EP-2508] (2508)
[10-06 21:52:34] INFO: [RL-EP-2509] (2509)
[10-06 21:52:37] INFO: [RL-EP-2510] roll=1.000/0.000/0.000
[10-06 21:52:40] INFO: [RL-EP-2511] (2511)
[10-06 21:52:43] INFO: [RL-EP-2512] (2512)
[10-06 21:52:46] INFO: [RL-EP-2513] (2513)
[10-06 21:52:49] INFO: [RL-EP-2514] (2514)
[10-06 21:52:52] INFO: [RL-EP-2515] roll=1.000/0.000/0.000
[10-06 21:52:55] INFO: [RL-EP-2516] (2516)
[10-06 21:52:58] INFO: [RL-EP-2517] (2517)
[10-06 21:53:01] INFO: [RL-EP-2518] (2518)
[10-06 21:53:05] INFO: [RL-EP-2519] (2519)
[10-06 21:53:08] INFO: [RL-EP-2520] roll=1.000/0.000/0.000
[10-06 21:53:11] INFO: [RL-EP-2521] (2521)
[10-06 21:53:14] INFO: [RL-EP-2522] (2522)
[10-06 21:53:17] INFO: [RL-EP-2523] (2523)
[10-06 21:53:22] INFO: [RL-EP-2524] (2524)
[10-06 21:53:26] INFO: [SARL-LOSS] ep=2525 value_loss=0.0178 epsilon=0.0500
[10-06 21:53:26] INFO: [STAT] ep=2525 | roll@25(s/c/t)=1.0/0.0/0.0 (1.00/0.00/0.00) | R.mean=0.5
[10-06 21:53:26] INFO: [METRICS-25] time=15.73s | dfreq=0.000 | ddist=0.000m
[10-06 21:53:26] INFO: [METRICS-PLOT] 3-metrics curve -> /root/bayes-vl-matched-20261006/crowd_nav/runs/bayes-matched-v1/bayes_mean-seed42/curves_3metrics.png
[10-06 21:53:26] INFO: [RL-EP-2525] (2525/10000) s/c/t=1/0/0 qloss=0.0000 ploss=0.0000 buf=200000
[10-06 21:53:26] INFO:               cumulative s/c/t%: 100.0%/0.0%/0.0%
[10-06 21:53:26] INFO: [REPLAY-STORE] ok=2525 skip=0 steps=156459 buf=200000
[10-06 21:53:26] INFO: [STAGE0-MONITOR] timeout_ratio=0.000 (target: decrease over time)
[10-06 21:53:26] INFO: ================================================================================
[10-06 21:53:26] INFO: [MULTI-SCALE-2525] TARGET: peak=1.000 stable_90=10ep
[10-06 21:53:26] INFO: [MULTI-SCALE-2525] WINDOWS: short=1.000 med=1.000 long=0.990
[10-06 21:53:26] INFO: [MULTI-SCALE-2525] QUALITY: stability=0.800 learn_rate=0.00000
[10-06 21:53:26] INFO: [ACHIEVEMENT] Stable 90%+ success rate achieved for 10 episodes!
[10-06 21:53:26] INFO: [HEALTH-CHECK-2525] Overall: NEEDS_IMPROVEMENT (score=0.400)
[10-06 21:53:26] INFO: ================================================================================
[10-06 21:53:30] INFO: [RL-EP-2526] (2526)
[10-06 21:53:33] INFO: [RL-EP-2527] (2527)
[10-06 21:53:37] INFO: [RL-EP-2528] (2528)
[10-06 21:53:40] INFO: [RL-EP-2529] (2529)
[10-06 21:53:43] INFO: [RL-EP-2530] roll=1.000/0.000/0.000
[10-06 21:53:47] INFO: [RL-EP-2531] (2531)
[10-06 21:53:51] INFO: [RL-EP-2532] (2532)
[10-06 21:53:54] INFO: [RL-EP-2533] (2533)
[10-06 21:53:57] INFO: [RL-EP-2534] (2534)
[10-06 21:54:01] INFO: [RL-EP-2535] roll=1.000/0.000/0.000
[10-06 21:54:05] INFO: [RL-EP-2536] (2536)
[10-06 21:54:08] INFO: [RL-EP-2537] (2537)
[10-06 21:54:12] INFO: [RL-EP-2538] (2538)
[10-06 21:54:16] INFO: [RL-EP-2539] (2539)
[10-06 21:54:19] INFO: [RL-EP-2540] roll=1.000/0.000/0.000
[10-06 21:54:22] INFO: [RL-EP-2541] (2541)
[10-06 21:54:26] INFO: [RL-EP-2542] (2542)
[10-06 21:54:29] INFO: [RL-EP-2543] (2543)
[10-06 21:54:32] INFO: [RL-EP-2544] (2544)
[10-06 21:54:36] INFO: [RL-EP-2545] roll=1.000/0.000/0.000
[10-06 21:54:39] INFO: [RL-EP-2546] (2546)
[10-06 21:54:43] INFO: [RL-EP-2547] (2547)
[10-06 21:54:46] INFO: [RL-EP-2548] (2548)
[10-06 21:54:50] INFO: [RL-EP-2549] (2549)
[10-06 21:54:50] INFO: [CONFIG-CHECK] ep=2550 updates_per_ep=4 (from config)
[10-06 21:54:53] INFO: [SARL-LOSS] ep=2550 value_loss=0.0170 epsilon=0.0500
[10-06 21:54:53] INFO: [STAT] ep=2550 | roll@25(s/c/t)=1.0/0.0/0.0 (1.00/0.00/0.00) | R.mean=0.5
[10-06 21:54:53] INFO: [METRICS-25] time=15.85s | dfreq=0.000 | ddist=0.000m
[10-06 21:54:54] INFO: [METRICS-PLOT] 3-metrics curve -> /root/bayes-vl-matched-20261006/crowd_nav/runs/bayes-matched-v1/bayes_mean-seed42/curves_3metrics.png
[10-06 21:54:54] INFO: [RL-EP-2550] (2550/10000) s/c/t=1/0/0 qloss=0.0000 ploss=0.0000 buf=200000
[10-06 21:54:54] INFO:               cumulative s/c/t%: 100.0%/0.0%/0.0%
[10-06 21:54:54] INFO: [REPLAY-STORE] ok=2550 skip=0 steps=158124 buf=200000
[10-06 21:54:54] INFO: [STAGE0-MONITOR] timeout_ratio=0.000 (target: decrease over time)
[10-06 21:54:54] INFO: ================================================================================
[10-06 21:54:54] INFO: [MULTI-SCALE-2550] TARGET: peak=1.000 stable_90=10ep
[10-06 21:54:54] INFO: [MULTI-SCALE-2550] WINDOWS: short=1.000 med=1.000 long=1.000
[10-06 21:54:54] INFO: [MULTI-SCALE-2550] QUALITY: stability=0.800 learn_rate=0.00000
[10-06 21:54:54] INFO: [ACHIEVEMENT] Stable 90%+ success rate achieved for 10 episodes!
[10-06 21:54:54] INFO: [HEALTH-CHECK-2550] Overall: NEEDS_IMPROVEMENT (score=0.400)
[10-06 21:54:54] INFO: ================================================================================
[10-06 21:54:57] INFO: [RL-EP-2551] (2551)
[10-06 21:55:00] INFO: [RL-EP-2552] (2552)
[10-06 21:55:04] INFO: [RL-EP-2553] (2553)
[10-06 21:55:07] INFO: [RL-EP-2554] (2554)
[10-06 21:55:10] INFO: [RL-EP-2555] roll=1.000/0.000/0.000
[10-06 21:55:13] INFO: [RL-EP-2556] (2556)
[10-06 21:55:16] INFO: [RL-EP-2557] (2557)
[10-06 21:55:20] INFO: [RL-EP-2558] (2558)
[10-06 21:55:24] INFO: [RL-EP-2559] (2559)
[10-06 21:55:27] INFO: [RL-EP-2560] roll=1.000/0.000/0.000
[10-06 21:55:31] INFO: [RL-EP-2561] (2561)
[10-06 21:55:34] INFO: [RL-EP-2562] (2562)
[10-06 21:55:37] INFO: [RL-EP-2563] (2563)
[10-06 21:55:40] INFO: [RL-EP-2564] (2564)
[10-06 21:55:44] INFO: [RL-EP-2565] roll=1.000/0.000/0.000
[10-06 21:55:47] INFO: [RL-EP-2566] (2566)
[10-06 21:55:50] INFO: [RL-EP-2567] (2567)
[10-06 21:55:53] INFO: [RL-EP-2568] (2568)
[10-06 21:55:56] INFO: [RL-EP-2569] (2569)
[10-06 21:55:58] INFO: [RL-EP-2570] roll=0.980/0.020/0.000
[10-06 21:56:02] INFO: [RL-EP-2571] (2571)
[10-06 21:56:05] INFO: [RL-EP-2572] (2572)
[10-06 21:56:09] INFO: [RL-EP-2573] (2573)
[10-06 21:56:13] INFO: [RL-EP-2574] (2574)
[10-06 21:56:16] INFO: [SARL-LOSS] ep=2575 value_loss=0.0191 epsilon=0.0500
[10-06 21:56:16] INFO: [STAT] ep=2575 | roll@25(s/c/t)=1.0/0.0/0.0 (0.98/0.02/0.00) | R.mean=0.5
[10-06 21:56:16] INFO: [METRICS-25] time=15.96s | dfreq=0.000 | ddist=0.000m
[10-06 21:56:17] INFO: [METRICS-PLOT] 3-metrics curve -> /root/bayes-vl-matched-20261006/crowd_nav/runs/bayes-matched-v1/bayes_mean-seed42/curves_3metrics.png
[10-06 21:56:17] INFO: [RL-EP-2575] (2575/10000) s/c/t=1/0/0 qloss=0.0000 ploss=0.0000 buf=200000
[10-06 21:56:17] INFO:               cumulative s/c/t%: 98.0%/2.0%/0.0%
[10-06 21:56:17] INFO: [REPLAY-STORE] ok=2575 skip=0 steps=159651 buf=200000
[10-06 21:56:17] INFO: [STAGE0-MONITOR] timeout_ratio=0.000 (target: decrease over time)
[10-06 21:56:17] INFO: ================================================================================
[10-06 21:56:17] INFO: [MULTI-SCALE-2575] TARGET: peak=1.000 stable_90=10ep
[10-06 21:56:17] INFO: [MULTI-SCALE-2575] WINDOWS: short=0.900 med=0.960 long=0.990
[10-06 21:56:17] INFO: [MULTI-SCALE-2575] QUALITY: stability=0.800 learn_rate=0.00000
[10-06 21:56:17] INFO: [ACHIEVEMENT] Stable 90%+ success rate achieved for 10 episodes!
[10-06 21:56:17] INFO: [HEALTH-CHECK-2575] Overall: NEEDS_IMPROVEMENT (score=0.400)
[10-06 21:56:17] INFO: ================================================================================
[10-06 21:56:20] INFO: [RL-EP-2576] (2576)
[10-06 21:56:23] INFO: [RL-EP-2577] (2577)
[10-06 21:56:26] INFO: [RL-EP-2578] (2578)
[10-06 21:56:31] INFO: [RL-EP-2579] (2579)
[10-06 21:56:34] INFO: [RL-EP-2580] roll=0.980/0.020/0.000
[10-06 21:56:37] INFO: [RL-EP-2581] (2581)
[10-06 21:56:41] INFO: [RL-EP-2582] (2582)
[10-06 21:56:44] INFO: [RL-EP-2583] (2583)
[10-06 21:56:48] INFO: [RL-EP-2584] (2584)
[10-06 21:56:51] INFO: [RL-EP-2585] roll=0.980/0.020/0.000
[10-06 21:56:55] INFO: [RL-EP-2586] (2586)
[10-06 21:56:58] INFO: [RL-EP-2587] (2587)
[10-06 21:57:01] INFO: [RL-EP-2588] (2588)
[10-06 21:57:04] INFO: [RL-EP-2589] (2589)
[10-06 21:57:07] INFO: [RL-EP-2590] roll=0.980/0.020/0.000
[10-06 21:57:11] INFO: [RL-EP-2591] (2591)
[10-06 21:57:15] INFO: [RL-EP-2592] (2592)
[10-06 21:57:18] INFO: [RL-EP-2593] (2593)
[10-06 21:57:22] INFO: [RL-EP-2594] (2594)
[10-06 21:57:25] INFO: [RL-EP-2595] roll=0.980/0.020/0.000
[10-06 21:57:29] INFO: [RL-EP-2596] (2596)
[10-06 21:57:33] INFO: [RL-EP-2597] (2597)
[10-06 21:57:36] INFO: [RL-EP-2598] (2598)
[10-06 21:57:39] INFO: [RL-EP-2599] (2599)
[10-06 21:57:39] INFO: [CONFIG-CHECK] ep=2600 updates_per_ep=4 (from config)
[10-06 21:57:39] INFO: [SARL-EPSILON] ep=2600 epsilon=0.0500 (start=0.3, end=0.05, decay=1500)
[10-06 21:57:43] INFO: [SARL-REPLAY] ep=2600 buffer_size=200000 updates=4
[10-06 21:57:43] INFO: [SARL-LOSS] ep=2600 value_loss=0.0216 epsilon=0.0500
[10-06 21:57:43] INFO: [SARL-STATS] ep=2600 buffer_size=200000
[10-06 21:57:43] INFO: [STAT] ep=2600 | roll@25(s/c/t)=1.0/0.0/0.0 (0.98/0.02/0.00) | R.mean=0.5
[10-06 21:57:43] INFO: [METRICS-25] time=15.73s | dfreq=0.000 | ddist=0.000m
[10-06 21:57:43] INFO: [METRICS-PLOT] 3-metrics curve -> /root/bayes-vl-matched-20261006/crowd_nav/runs/bayes-matched-v1/bayes_mean-seed42/curves_3metrics.png
[10-06 21:57:43] INFO: [RL-EP-2600] (2600/10000) s/c/t=1/0/0 qloss=0.0000 ploss=0.0000 buf=200000
[10-06 21:57:43] INFO:               cumulative s/c/t%: 98.0%/2.0%/0.0%
[10-06 21:57:43] INFO: [REPLAY-STORE] ok=2600 skip=0 steps=161271 buf=200000
[10-06 21:57:43] INFO: [STAGE0-MONITOR] timeout_ratio=0.000 (target: decrease over time)
[10-06 21:57:43] INFO: [SOT-2600] REWARD succ=1.0/coll=-0.50 | GRID 5×16=80 | EVENTS s=0.98/c=0.02/t=0.00
[10-06 21:57:43] INFO: ================================================================================
[10-06 21:57:43] INFO: [MULTI-SCALE-2600] TARGET: peak=1.000 stable_90=10ep
[10-06 21:57:43] INFO: [MULTI-SCALE-2600] WINDOWS: short=1.000 med=1.000 long=0.990
[10-06 21:57:43] INFO: [MULTI-SCALE-2600] QUALITY: stability=0.800 learn_rate=0.00000
[10-06 21:57:43] INFO: [ACHIEVEMENT] Stable 90%+ success rate achieved for 10 episodes!
[10-06 21:57:43] INFO: [HEALTH-CHECK-2600] Overall: NEEDS_IMPROVEMENT (score=0.400)
[10-06 21:57:43] INFO: ================================================================================
[10-06 21:57:47] INFO: [RL-EP-2601] (2601)
[10-06 21:57:51] INFO: [RL-EP-2602] (2602)
[10-06 21:57:55] INFO: [RL-EP-2603] (2603)
[10-06 21:57:58] INFO: [RL-EP-2604] (2604)
[10-06 21:58:01] INFO: [RL-EP-2605] roll=0.980/0.020/0.000
[10-06 21:58:04] INFO: [RL-EP-2606] (2606)
[10-06 21:58:07] INFO: [RL-EP-2607] (2607)
[10-06 21:58:10] INFO: [RL-EP-2608] (2608)
[10-06 21:58:13] INFO: [RL-EP-2609] (2609)
[10-06 21:58:17] INFO: [RL-EP-2610] roll=0.980/0.020/0.000
[10-06 21:58:20] INFO: [RL-EP-2611] (2611)
[10-06 21:58:23] INFO: [RL-EP-2612] (2612)
[10-06 21:58:26] INFO: [RL-EP-2613] (2613)
[10-06 21:58:30] INFO: [RL-EP-2614] (2614)
[10-06 21:58:33] INFO: [RL-EP-2615] roll=0.980/0.020/0.000
[10-06 21:58:36] INFO: [RL-EP-2616] (2616)
[10-06 21:58:40] INFO: [RL-EP-2617] (2617)
[10-06 21:58:43] INFO: [RL-EP-2618] (2618)
[10-06 21:58:46] INFO: [RL-EP-2619] (2619)
[10-06 21:58:49] INFO: [RL-EP-2620] roll=1.000/0.000/0.000
[10-06 21:58:53] INFO: [RL-EP-2621] (2621)
[10-06 21:58:56] INFO: [RL-EP-2622] (2622)
[10-06 21:58:59] INFO: [RL-EP-2623] (2623)
[10-06 21:59:03] INFO: [RL-EP-2624] (2624)
[10-06 21:59:06] INFO: [SARL-LOSS] ep=2625 value_loss=0.0160 epsilon=0.0500
[10-06 21:59:06] INFO: [STAT] ep=2625 | roll@25(s/c/t)=1.0/0.0/0.0 (1.00/0.00/0.00) | R.mean=0.5
[10-06 21:59:06] INFO: [METRICS-25] time=15.98s | dfreq=0.000 | ddist=0.000m
[10-06 21:59:07] INFO: [METRICS-PLOT] 3-metrics curve -> /root/bayes-vl-matched-20261006/crowd_nav/runs/bayes-matched-v1/bayes_mean-seed42/curves_3metrics.png
[10-06 21:59:07] INFO: [RL-EP-2625] (2625/10000) s/c/t=1/0/0 qloss=0.0000 ploss=0.0000 buf=200000
[10-06 21:59:07] INFO:               cumulative s/c/t%: 100.0%/0.0%/0.0%
[10-06 21:59:07] INFO: [REPLAY-STORE] ok=2625 skip=0 steps=162847 buf=200000
[10-06 21:59:07] INFO: [STAGE0-MONITOR] timeout_ratio=0.000 (target: decrease over time)
[10-06 21:59:07] INFO: ================================================================================
[10-06 21:59:07] INFO: [MULTI-SCALE-2625] TARGET: peak=1.000 stable_90=10ep
[10-06 21:59:07] INFO: [MULTI-SCALE-2625] WINDOWS: short=1.000 med=1.000 long=0.990
[10-06 21:59:07] INFO: [MULTI-SCALE-2625] QUALITY: stability=0.800 learn_rate=0.00000
[10-06 21:59:07] INFO: [ACHIEVEMENT] Stable 90%+ success rate achieved for 10 episodes!
[10-06 21:59:07] INFO: [HEALTH-CHECK-2625] Overall: NEEDS_IMPROVEMENT (score=0.400)
[10-06 21:59:07] INFO: ================================================================================
[10-06 21:59:11] INFO: [RL-EP-2626] (2626)
[10-06 21:59:15] INFO: [RL-EP-2627] (2627)
[10-06 21:59:19] INFO: [RL-EP-2628] (2628)
[10-06 21:59:22] INFO: [RL-EP-2629] (2629)
[10-06 21:59:26] INFO: [RL-EP-2630] roll=1.000/0.000/0.000
[10-06 21:59:30] INFO: [RL-EP-2631] (2631)
[10-06 21:59:33] INFO: [RL-EP-2632] (2632)
[10-06 21:59:36] INFO: [RL-EP-2633] (2633)
[10-06 21:59:40] INFO: [RL-EP-2634] (2634)
[10-06 21:59:43] INFO: [RL-EP-2635] roll=1.000/0.000/0.000
[10-06 21:59:46] INFO: [RL-EP-2636] (2636)
[10-06 21:59:50] INFO: [RL-EP-2637] (2637)
[10-06 21:59:53] INFO: [RL-EP-2638] (2638)
[10-06 21:59:56] INFO: [RL-EP-2639] (2639)
[10-06 22:00:00] INFO: [RL-EP-2640] roll=1.000/0.000/0.000
[10-06 22:00:03] INFO: [RL-EP-2641] (2641)
[10-06 22:00:07] INFO: [RL-EP-2642] (2642)
[10-06 22:00:11] INFO: [RL-EP-2643] (2643)
[10-06 22:00:14] INFO: [RL-EP-2644] (2644)
[10-06 22:00:17] INFO: [RL-EP-2645] roll=1.000/0.000/0.000
[10-06 22:00:20] INFO: [RL-EP-2646] (2646)
[10-06 22:00:24] INFO: [RL-EP-2647] (2647)
[10-06 22:00:27] INFO: [RL-EP-2648] (2648)
[10-06 22:00:31] INFO: [RL-EP-2649] (2649)
[10-06 22:00:31] INFO: [CONFIG-CHECK] ep=2650 updates_per_ep=4 (from config)
[10-06 22:00:34] INFO: [SARL-LOSS] ep=2650 value_loss=0.0179 epsilon=0.0500
[10-06 22:00:34] INFO: [STAT] ep=2650 | roll@25(s/c/t)=1.0/0.0/0.0 (1.00/0.00/0.00) | R.mean=0.5
[10-06 22:00:34] INFO: [METRICS-25] time=16.09s | dfreq=0.000 | ddist=0.000m
[10-06 22:00:34] INFO: [METRICS-PLOT] 3-metrics curve -> /root/bayes-vl-matched-20261006/crowd_nav/runs/bayes-matched-v1/bayes_mean-seed42/curves_3metrics.png
[10-06 22:00:34] INFO: [RL-EP-2650] (2650/10000) s/c/t=1/0/0 qloss=0.0000 ploss=0.0000 buf=200000
[10-06 22:00:34] INFO:               cumulative s/c/t%: 100.0%/0.0%/0.0%
[10-06 22:00:34] INFO: [REPLAY-STORE] ok=2650 skip=0 steps=164488 buf=200000
[10-06 22:00:34] INFO: [STAGE0-MONITOR] timeout_ratio=0.000 (target: decrease over time)
[10-06 22:00:34] INFO: ================================================================================
[10-06 22:00:34] INFO: [MULTI-SCALE-2650] TARGET: peak=1.000 stable_90=10ep
[10-06 22:00:34] INFO: [MULTI-SCALE-2650] WINDOWS: short=1.000 med=1.000 long=0.990
[10-06 22:00:34] INFO: [MULTI-SCALE-2650] QUALITY: stability=0.800 learn_rate=0.00000
[10-06 22:00:34] INFO: [ACHIEVEMENT] Stable 90%+ success rate achieved for 10 episodes!
[10-06 22:00:34] INFO: [HEALTH-CHECK-2650] Overall: NEEDS_IMPROVEMENT (score=0.400)
[10-06 22:00:34] INFO: ================================================================================
[10-06 22:00:37] INFO: [RL-EP-2651] (2651)
[10-06 22:00:41] INFO: [RL-EP-2652] (2652)
[10-06 22:00:44] INFO: [RL-EP-2653] (2653)
[10-06 22:00:47] INFO: [RL-EP-2654] (2654)
[10-06 22:00:50] INFO: [RL-EP-2655] roll=1.000/0.000/0.000
[10-06 22:00:54] INFO: [RL-EP-2656] (2656)
[10-06 22:00:57] INFO: [RL-EP-2657] (2657)
[10-06 22:01:04] INFO: [RL-EP-2658] (2658)
[10-06 22:01:08] INFO: [RL-EP-2659] (2659)
[10-06 22:01:11] INFO: [RL-EP-2660] roll=0.980/0.000/0.020
[10-06 22:01:14] INFO: [RL-EP-2661] (2661)
[10-06 22:01:18] INFO: [RL-EP-2662] (2662)
[10-06 22:01:22] INFO: [RL-EP-2663] (2663)
[10-06 22:01:25] INFO: [RL-EP-2664] (2664)
[10-06 22:01:28] INFO: [RL-EP-2665] roll=0.980/0.000/0.020
[10-06 22:01:32] INFO: [RL-EP-2666] (2666)
[10-06 22:01:35] INFO: [RL-EP-2667] (2667)
[10-06 22:01:38] INFO: [RL-EP-2668] (2668)
[10-06 22:01:42] INFO: [RL-EP-2669] (2669)
[10-06 22:01:46] INFO: [RL-EP-2670] roll=0.980/0.000/0.020
[10-06 22:01:50] INFO: [RL-EP-2671] (2671)
[10-06 22:01:53] INFO: [RL-EP-2672] (2672)
[10-06 22:01:56] INFO: [RL-EP-2673] (2673)
[10-06 22:01:59] INFO: [RL-EP-2674] (2674)
[10-06 22:02:03] INFO: [SARL-LOSS] ep=2675 value_loss=0.0187 epsilon=0.0500
[10-06 22:02:03] INFO: [STAT] ep=2675 | roll@25(s/c/t)=1.0/0.0/0.0 (0.98/0.00/0.02) | R.mean=0.5
[10-06 22:02:03] INFO: [METRICS-25] time=16.86s | dfreq=0.000 | ddist=0.000m
[10-06 22:02:03] INFO: [METRICS-PLOT] 3-metrics curve -> /root/bayes-vl-matched-20261006/crowd_nav/runs/bayes-matched-v1/bayes_mean-seed42/curves_3metrics.png
[10-06 22:02:03] INFO: [RL-EP-2675] (2675/10000) s/c/t=1/0/0 qloss=0.0000 ploss=0.0000 buf=200000
[10-06 22:02:03] INFO:               cumulative s/c/t%: 98.0%/0.0%/2.0%
[10-06 22:02:03] INFO: [REPLAY-STORE] ok=2675 skip=0 steps=166218 buf=200000
[10-06 22:02:03] INFO: [STAGE0-MONITOR] timeout_ratio=0.020 (target: decrease over time)
[10-06 22:02:03] INFO: ================================================================================
[10-06 22:02:03] INFO: [MULTI-SCALE-2675] TARGET: peak=1.000 stable_90=10ep
[10-06 22:02:03] INFO: [MULTI-SCALE-2675] WINDOWS: short=1.000 med=0.960 long=0.990
[10-06 22:02:03] INFO: [MULTI-SCALE-2675] QUALITY: stability=0.800 learn_rate=0.00000
[10-06 22:02:03] INFO: [ACHIEVEMENT] Stable 90%+ success rate achieved for 10 episodes!
[10-06 22:02:03] INFO: [HEALTH-CHECK-2675] Overall: NEEDS_IMPROVEMENT (score=0.400)
[10-06 22:02:03] INFO: ================================================================================
[10-06 22:02:07] INFO: [RL-EP-2676] (2676)
[10-06 22:02:10] INFO: [RL-EP-2677] (2677)
[10-06 22:02:13] INFO: [RL-EP-2678] (2678)
[10-06 22:02:17] INFO: [RL-EP-2679] (2679)
[10-06 22:02:20] INFO: [RL-EP-2680] roll=0.980/0.000/0.020
[10-06 22:02:23] INFO: [RL-EP-2681] (2681)
[10-06 22:02:26] INFO: [RL-EP-2682] (2682)
[10-06 22:02:29] INFO: [RL-EP-2683] (2683)
[10-06 22:02:32] INFO: [RL-EP-2684] (2684)
[10-06 22:02:35] INFO: [RL-EP-2685] roll=0.980/0.000/0.020
[10-06 22:02:38] INFO: [RL-EP-2686] (2686)
[10-06 22:02:42] INFO: [RL-EP-2687] (2687)
[10-06 22:02:45] INFO: [RL-EP-2688] (2688)
[10-06 22:02:49] INFO: [RL-EP-2689] (2689)
[10-06 22:02:52] INFO: [RL-EP-2690] roll=0.980/0.000/0.020
[10-06 22:02:56] INFO: [RL-EP-2691] (2691)
[10-06 22:02:59] INFO: [RL-EP-2692] (2692)
[10-06 22:03:02] INFO: [RL-EP-2693] (2693)
[10-06 22:03:05] INFO: [RL-EP-2694] (2694)
[10-06 22:03:10] INFO: [RL-EP-2695] roll=0.980/0.000/0.020
[10-06 22:03:13] INFO: [RL-EP-2696] (2696)
[10-06 22:03:17] INFO: [RL-EP-2697] (2697)
[10-06 22:03:20] INFO: [RL-EP-2698] (2698)
[10-06 22:03:25] INFO: [RL-EP-2699] (2699)
[10-06 22:03:25] INFO: [CONFIG-CHECK] ep=2700 updates_per_ep=4 (from config)
[10-06 22:03:25] INFO: [SARL-EPSILON] ep=2700 epsilon=0.0500 (start=0.3, end=0.05, decay=1500)
[10-06 22:03:28] INFO: [SARL-REPLAY] ep=2700 buffer_size=200000 updates=4
[10-06 22:03:28] INFO: [SARL-LOSS] ep=2700 value_loss=0.0236 epsilon=0.0500
[10-06 22:03:28] INFO: [SARL-STATS] ep=2700 buffer_size=200000
[10-06 22:03:28] INFO: [STAT] ep=2700 | roll@25(s/c/t)=1.0/0.0/0.0 (0.98/0.00/0.02) | R.mean=0.5
[10-06 22:03:28] INFO: [METRICS-25] time=16.81s | dfreq=0.000 | ddist=0.000m
[10-06 22:03:29] INFO: [METRICS-PLOT] 3-metrics curve -> /root/bayes-vl-matched-20261006/crowd_nav/runs/bayes-matched-v1/bayes_mean-seed42/curves_3metrics.png
[10-06 22:03:29] INFO: [RL-EP-2700] (2700/10000) s/c/t=1/0/0 qloss=0.0000 ploss=0.0000 buf=200000
[10-06 22:03:29] INFO:               cumulative s/c/t%: 98.0%/0.0%/2.0%
[10-06 22:03:29] INFO: [REPLAY-STORE] ok=2700 skip=0 steps=167850 buf=200000
[10-06 22:03:29] INFO: [STAGE0-MONITOR] timeout_ratio=0.020 (target: decrease over time)
[10-06 22:03:29] INFO: [SOT-2700] REWARD succ=1.0/coll=-0.50 | GRID 5×16=80 | EVENTS s=0.98/c=0.00/t=0.02
[10-06 22:03:29] INFO: ================================================================================
[10-06 22:03:29] INFO: [MULTI-SCALE-2700] TARGET: peak=1.000 stable_90=10ep
[10-06 22:03:29] INFO: [MULTI-SCALE-2700] WINDOWS: short=1.000 med=1.000 long=0.990
[10-06 22:03:29] INFO: [MULTI-SCALE-2700] QUALITY: stability=0.800 learn_rate=0.00000
[10-06 22:03:29] INFO: [ACHIEVEMENT] Stable 90%+ success rate achieved for 10 episodes!
[10-06 22:03:29] INFO: [HEALTH-CHECK-2700] Overall: NEEDS_IMPROVEMENT (score=0.400)
[10-06 22:03:29] INFO: ================================================================================
[10-06 22:03:32] INFO: [RL-EP-2701] (2701)
[10-06 22:03:35] INFO: [RL-EP-2702] (2702)
[10-06 22:03:38] INFO: [RL-EP-2703] (2703)
[10-06 22:03:41] INFO: [RL-EP-2704] (2704)
[10-06 22:03:44] INFO: [RL-EP-2705] roll=0.980/0.000/0.020
[10-06 22:03:48] INFO: [RL-EP-2706] (2706)
[10-06 22:03:51] INFO: [RL-EP-2707] (2707)
[10-06 22:03:54] INFO: [RL-EP-2708] (2708)
[10-06 22:03:57] INFO: [RL-EP-2709] (2709)
[10-06 22:04:01] INFO: [RL-EP-2710] roll=1.000/0.000/0.000
[10-06 22:04:04] INFO: [RL-EP-2711] (2711)
[10-06 22:04:07] INFO: [RL-EP-2712] (2712)
[10-06 22:04:10] INFO: [RL-EP-2713] (2713)
[10-06 22:04:15] INFO: [RL-EP-2714] (2714)
[10-06 22:04:18] INFO: [RL-EP-2715] roll=1.000/0.000/0.000
[10-06 22:04:22] INFO: [RL-EP-2716] (2716)
[10-06 22:04:25] INFO: [RL-EP-2717] (2717)
[10-06 22:04:28] INFO: [RL-EP-2718] (2718)
[10-06 22:04:32] INFO: [RL-EP-2719] (2719)
[10-06 22:04:35] INFO: [RL-EP-2720] roll=1.000/0.000/0.000
[10-06 22:04:38] INFO: [RL-EP-2721] (2721)
[10-06 22:04:42] INFO: [RL-EP-2722] (2722)
[10-06 22:04:46] INFO: [RL-EP-2723] (2723)
[10-06 22:04:49] INFO: [RL-EP-2724] (2724)
[10-06 22:04:52] INFO: [SARL-LOSS] ep=2725 value_loss=0.0272 epsilon=0.0500
[10-06 22:04:52] INFO: [STAT] ep=2725 | roll@25(s/c/t)=1.0/0.0/0.0 (1.00/0.00/0.00) | R.mean=0.5
[10-06 22:04:52] INFO: [METRICS-25] time=16.03s | dfreq=0.000 | ddist=0.000m
[10-06 22:04:53] INFO: [METRICS-PLOT] 3-metrics curve -> /root/bayes-vl-matched-20261006/crowd_nav/runs/bayes-matched-v1/bayes_mean-seed42/curves_3metrics.png
[10-06 22:04:53] INFO: [RL-EP-2725] (2725/10000) s/c/t=1/0/0 qloss=0.0000 ploss=0.0000 buf=200000
[10-06 22:04:53] INFO:               cumulative s/c/t%: 100.0%/0.0%/0.0%
[10-06 22:04:53] INFO: [REPLAY-STORE] ok=2725 skip=0 steps=169424 buf=200000
[10-06 22:04:53] INFO: [STAGE0-MONITOR] timeout_ratio=0.000 (target: decrease over time)
[10-06 22:04:53] INFO: ================================================================================
[10-06 22:04:53] INFO: [MULTI-SCALE-2725] TARGET: peak=1.000 stable_90=10ep
[10-06 22:04:53] INFO: [MULTI-SCALE-2725] WINDOWS: short=1.000 med=1.000 long=0.990
[10-06 22:04:53] INFO: [MULTI-SCALE-2725] QUALITY: stability=0.800 learn_rate=0.00000
[10-06 22:04:53] INFO: [ACHIEVEMENT] Stable 90%+ success rate achieved for 10 episodes!
[10-06 22:04:53] INFO: [HEALTH-CHECK-2725] Overall: NEEDS_IMPROVEMENT (score=0.400)
[10-06 22:04:53] INFO: ================================================================================
[10-06 22:04:57] INFO: [RL-EP-2726] (2726)
[10-06 22:05:00] INFO: [RL-EP-2727] (2727)
[10-06 22:05:03] INFO: [RL-EP-2728] (2728)
[10-06 22:05:07] INFO: [RL-EP-2729] (2729)
[10-06 22:05:10] INFO: [RL-EP-2730] roll=1.000/0.000/0.000
[10-06 22:05:14] INFO: [RL-EP-2731] (2731)
[10-06 22:05:17] INFO: [RL-EP-2732] (2732)
[10-06 22:05:21] INFO: [RL-EP-2733] (2733)
[10-06 22:05:24] INFO: [RL-EP-2734] (2734)
[10-06 22:05:27] INFO: [RL-EP-2735] roll=1.000/0.000/0.000
[10-06 22:05:30] INFO: [RL-EP-2736] (2736)
[10-06 22:05:33] INFO: [RL-EP-2737] (2737)
[10-06 22:05:38] INFO: [RL-EP-2738] (2738)
[10-06 22:05:41] INFO: [RL-EP-2739] (2739)
[10-06 22:05:44] INFO: [RL-EP-2740] roll=1.000/0.000/0.000
[10-06 22:05:48] INFO: [RL-EP-2741] (2741)
[10-06 22:05:51] INFO: [RL-EP-2742] (2742)
[10-06 22:05:55] INFO: [RL-EP-2743] (2743)
[10-06 22:05:58] INFO: [RL-EP-2744] (2744)
[10-06 22:06:01] INFO: [RL-EP-2745] roll=1.000/0.000/0.000
[10-06 22:06:04] INFO: [RL-EP-2746] (2746)
[10-06 22:06:07] INFO: [RL-EP-2747] (2747)
[10-06 22:06:10] INFO: [RL-EP-2748] (2748)
[10-06 22:06:13] INFO: [RL-EP-2749] (2749)
[10-06 22:06:13] INFO: [CONFIG-CHECK] ep=2750 updates_per_ep=4 (from config)
[10-06 22:06:17] INFO: [SARL-LOSS] ep=2750 value_loss=0.0258 epsilon=0.0500
[10-06 22:06:17] INFO: [STAT] ep=2750 | roll@25(s/c/t)=1.0/0.0/0.0 (1.00/0.00/0.00) | R.mean=0.5
[10-06 22:06:17] INFO: [METRICS-25] time=15.79s | dfreq=0.000 | ddist=0.000m
[10-06 22:06:17] INFO: [METRICS-PLOT] 3-metrics curve -> /root/bayes-vl-matched-20261006/crowd_nav/runs/bayes-matched-v1/bayes_mean-seed42/curves_3metrics.png
[10-06 22:06:17] INFO: [RL-EP-2750] (2750/10000) s/c/t=1/0/0 qloss=0.0000 ploss=0.0000 buf=200000
[10-06 22:06:17] INFO:               cumulative s/c/t%: 100.0%/0.0%/0.0%
[10-06 22:06:17] INFO: [REPLAY-STORE] ok=2750 skip=0 steps=171008 buf=200000
[10-06 22:06:17] INFO: [STAGE0-MONITOR] timeout_ratio=0.000 (target: decrease over time)
[10-06 22:06:17] INFO: ================================================================================
[10-06 22:06:17] INFO: [MULTI-SCALE-2750] TARGET: peak=1.000 stable_90=10ep
[10-06 22:06:17] INFO: [MULTI-SCALE-2750] WINDOWS: short=1.000 med=1.000 long=0.990
[10-06 22:06:17] INFO: [MULTI-SCALE-2750] QUALITY: stability=0.800 learn_rate=0.00000
[10-06 22:06:17] INFO: [ACHIEVEMENT] Stable 90%+ success rate achieved for 10 episodes!
[10-06 22:06:17] INFO: [HEALTH-CHECK-2750] Overall: NEEDS_IMPROVEMENT (score=0.400)
[10-06 22:06:17] INFO: ================================================================================
[10-06 22:06:21] INFO: [RL-EP-2751] (2751)
[10-06 22:06:25] INFO: [RL-EP-2752] (2752)
[10-06 22:06:28] INFO: [RL-EP-2753] (2753)
[10-06 22:06:32] INFO: [RL-EP-2754] (2754)
[10-06 22:06:35] INFO: [RL-EP-2755] roll=1.000/0.000/0.000
[10-06 22:06:38] INFO: [RL-EP-2756] (2756)
[10-06 22:06:41] INFO: [RL-EP-2757] (2757)
[10-06 22:06:44] INFO: [RL-EP-2758] (2758)
[10-06 22:06:47] INFO: [RL-EP-2759] (2759)
[10-06 22:06:50] INFO: [RL-EP-2760] roll=1.000/0.000/0.000
[10-06 22:06:54] INFO: [RL-EP-2761] (2761)
[10-06 22:06:57] INFO: [RL-EP-2762] (2762)
[10-06 22:07:01] INFO: [RL-EP-2763] (2763)
[10-06 22:07:04] INFO: [RL-EP-2764] (2764)
[10-06 22:07:07] INFO: [RL-EP-2765] roll=1.000/0.000/0.000
[10-06 22:07:11] INFO: [RL-EP-2766] (2766)
[10-06 22:07:14] INFO: [RL-EP-2767] (2767)
[10-06 22:07:19] INFO: [RL-EP-2768] (2768)
[10-06 22:07:22] INFO: [RL-EP-2769] (2769)
[10-06 22:07:25] INFO: [RL-EP-2770] roll=1.000/0.000/0.000
[10-06 22:07:28] INFO: [RL-EP-2771] (2771)
[10-06 22:07:32] INFO: [RL-EP-2772] (2772)
[10-06 22:07:36] INFO: [RL-EP-2773] (2773)
[10-06 22:07:39] INFO: [RL-EP-2774] (2774)
[10-06 22:07:44] INFO: [SARL-LOSS] ep=2775 value_loss=0.0226 epsilon=0.0500
[10-06 22:07:44] INFO: [STAT] ep=2775 | roll@25(s/c/t)=1.0/0.0/0.0 (1.00/0.00/0.00) | R.mean=0.5
[10-06 22:07:44] INFO: [METRICS-25] time=16.20s | dfreq=0.000 | ddist=0.000m
[10-06 22:07:44] INFO: [METRICS-PLOT] 3-metrics curve -> /root/bayes-vl-matched-20261006/crowd_nav/runs/bayes-matched-v1/bayes_mean-seed42/curves_3metrics.png
[10-06 22:07:44] INFO: [RL-EP-2775] (2775/10000) s/c/t=1/0/0 qloss=0.0000 ploss=0.0000 buf=200000
[10-06 22:07:44] INFO:               cumulative s/c/t%: 100.0%/0.0%/0.0%
[10-06 22:07:44] INFO: [REPLAY-STORE] ok=2775 skip=0 steps=172664 buf=200000
[10-06 22:07:44] INFO: [STAGE0-MONITOR] timeout_ratio=0.000 (target: decrease over time)
[10-06 22:07:44] INFO: ================================================================================
[10-06 22:07:44] INFO: [MULTI-SCALE-2775] TARGET: peak=1.000 stable_90=10ep
[10-06 22:07:44] INFO: [MULTI-SCALE-2775] WINDOWS: short=1.000 med=1.000 long=1.000
[10-06 22:07:44] INFO: [MULTI-SCALE-2775] QUALITY: stability=0.800 learn_rate=0.00000
[10-06 22:07:44] INFO: [ACHIEVEMENT] Stable 90%+ success rate achieved for 10 episodes!
[10-06 22:07:44] INFO: [HEALTH-CHECK-2775] Overall: NEEDS_IMPROVEMENT (score=0.400)
[10-06 22:07:44] INFO: ================================================================================
[10-06 22:07:47] INFO: [RL-EP-2776] (2776)
[10-06 22:07:50] INFO: [RL-EP-2777] (2777)
[10-06 22:07:54] INFO: [RL-EP-2778] (2778)
[10-06 22:07:57] INFO: [RL-EP-2779] (2779)
[10-06 22:08:00] INFO: [RL-EP-2780] roll=1.000/0.000/0.000
[10-06 22:08:03] INFO: [RL-EP-2781] (2781)
[10-06 22:08:07] INFO: [RL-EP-2782] (2782)
[10-06 22:08:10] INFO: [RL-EP-2783] (2783)
[10-06 22:08:13] INFO: [RL-EP-2784] (2784)
[10-06 22:08:17] INFO: [RL-EP-2785] roll=1.000/0.000/0.000
[10-06 22:08:20] INFO: [RL-EP-2786] (2786)
[10-06 22:08:23] INFO: [RL-EP-2787] (2787)
[10-06 22:08:26] INFO: [RL-EP-2788] (2788)
[10-06 22:08:29] INFO: [RL-EP-2789] (2789)
[10-06 22:08:33] INFO: [RL-EP-2790] roll=1.000/0.000/0.000
[10-06 22:08:36] INFO: [RL-EP-2791] (2791)
[10-06 22:08:39] INFO: [RL-EP-2792] (2792)
[10-06 22:08:42] INFO: [RL-EP-2793] (2793)
[10-06 22:08:46] INFO: [RL-EP-2794] (2794)
[10-06 22:08:49] INFO: [RL-EP-2795] roll=1.000/0.000/0.000
[10-06 22:08:52] INFO: [RL-EP-2796] (2796)
[10-06 22:08:56] INFO: [RL-EP-2797] (2797)
[10-06 22:08:59] INFO: [RL-EP-2798] (2798)
[10-06 22:09:02] INFO: [RL-EP-2799] (2799)
[10-06 22:09:02] INFO: [CONFIG-CHECK] ep=2800 updates_per_ep=4 (from config)
[10-06 22:09:02] INFO: [SARL-EPSILON] ep=2800 epsilon=0.0500 (start=0.3, end=0.05, decay=1500)
[10-06 22:09:06] INFO: [SARL-REPLAY] ep=2800 buffer_size=200000 updates=4
[10-06 22:09:06] INFO: [SARL-LOSS] ep=2800 value_loss=0.0169 epsilon=0.0500
[10-06 22:09:06] INFO: [SARL-STATS] ep=2800 buffer_size=200000
[10-06 22:09:06] INFO: [STAT] ep=2800 | roll@25(s/c/t)=1.0/0.0/0.0 (1.00/0.00/0.00) | R.mean=0.5
[10-06 22:09:06] INFO: [METRICS-25] time=15.70s | dfreq=0.000 | ddist=0.000m
[10-06 22:09:06] INFO: [METRICS-PLOT] 3-metrics curve -> /root/bayes-vl-matched-20261006/crowd_nav/runs/bayes-matched-v1/bayes_mean-seed42/curves_3metrics.png
[10-06 22:09:06] INFO: [RL-EP-2800] (2800/10000) s/c/t=1/0/0 qloss=0.0000 ploss=0.0000 buf=200000
[10-06 22:09:06] INFO:               cumulative s/c/t%: 100.0%/0.0%/0.0%
[10-06 22:09:06] INFO: [REPLAY-STORE] ok=2800 skip=0 steps=174148 buf=200000
[10-06 22:09:06] INFO: [STAGE0-MONITOR] timeout_ratio=0.000 (target: decrease over time)
[10-06 22:09:06] INFO: [SOT-2800] REWARD succ=1.0/coll=-0.50 | GRID 5×16=80 | EVENTS s=1.00/c=0.00/t=0.00
[10-06 22:09:06] INFO: ================================================================================
[10-06 22:09:06] INFO: [MULTI-SCALE-2800] TARGET: peak=1.000 stable_90=10ep
[10-06 22:09:06] INFO: [MULTI-SCALE-2800] WINDOWS: short=1.000 med=1.000 long=1.000
[10-06 22:09:06] INFO: [MULTI-SCALE-2800] QUALITY: stability=0.800 learn_rate=0.00000
[10-06 22:09:06] INFO: [ACHIEVEMENT] Stable 90%+ success rate achieved for 10 episodes!
[10-06 22:09:06] INFO: [HEALTH-CHECK-2800] Overall: NEEDS_IMPROVEMENT (score=0.400)
[10-06 22:09:06] INFO: ================================================================================
[10-06 22:09:09] INFO: [RL-EP-2801] (2801)
[10-06 22:09:14] INFO: [RL-EP-2802] (2802)
[10-06 22:09:17] INFO: [RL-EP-2803] (2803)
[10-06 22:09:21] INFO: [RL-EP-2804] (2804)
[10-06 22:09:24] INFO: [RL-EP-2805] roll=1.000/0.000/0.000
[10-06 22:09:28] INFO: [RL-EP-2806] (2806)
[10-06 22:09:31] INFO: [RL-EP-2807] (2807)
[10-06 22:09:34] INFO: [RL-EP-2808] (2808)
[10-06 22:09:38] INFO: [RL-EP-2809] (2809)
[10-06 22:09:41] INFO: [RL-EP-2810] roll=1.000/0.000/0.000
[10-06 22:09:44] INFO: [RL-EP-2811] (2811)
[10-06 22:09:48] INFO: [RL-EP-2812] (2812)
[10-06 22:09:51] INFO: [RL-EP-2813] (2813)
[10-06 22:09:55] INFO: [RL-EP-2814] (2814)
[10-06 22:09:58] INFO: [RL-EP-2815] roll=1.000/0.000/0.000
[10-06 22:10:02] INFO: [RL-EP-2816] (2816)
[10-06 22:10:05] INFO: [RL-EP-2817] (2817)
[10-06 22:10:09] INFO: [RL-EP-2818] (2818)
[10-06 22:10:12] INFO: [RL-EP-2819] (2819)
[10-06 22:10:15] INFO: [RL-EP-2820] roll=1.000/0.000/0.000
[10-06 22:10:18] INFO: [RL-EP-2821] (2821)
[10-06 22:10:21] INFO: [RL-EP-2822] (2822)
[10-06 22:10:24] INFO: [RL-EP-2823] (2823)
[10-06 22:10:27] INFO: [RL-EP-2824] (2824)
[10-06 22:10:30] INFO: [SARL-LOSS] ep=2825 value_loss=0.0245 epsilon=0.0500
[10-06 22:10:30] INFO: [STAT] ep=2825 | roll@25(s/c/t)=1.0/0.0/0.0 (1.00/0.00/0.00) | R.mean=0.6
[10-06 22:10:30] INFO: [METRICS-25] time=14.99s | dfreq=0.000 | ddist=0.000m
[10-06 22:10:31] INFO: [METRICS-PLOT] 3-metrics curve -> /root/bayes-vl-matched-20261006/crowd_nav/runs/bayes-matched-v1/bayes_mean-seed42/curves_3metrics.png
[10-06 22:10:31] INFO: [RL-EP-2825] (2825/10000) s/c/t=1/0/0 qloss=0.0000 ploss=0.0000 buf=200000
[10-06 22:10:31] INFO:               cumulative s/c/t%: 100.0%/0.0%/0.0%
[10-06 22:10:31] INFO: [REPLAY-STORE] ok=2825 skip=0 steps=175663 buf=200000
[10-06 22:10:31] INFO: [STAGE0-MONITOR] timeout_ratio=0.000 (target: decrease over time)
[10-06 22:10:31] INFO: ================================================================================
[10-06 22:10:31] INFO: [MULTI-SCALE-2825] TARGET: peak=1.000 stable_90=10ep
[10-06 22:10:31] INFO: [MULTI-SCALE-2825] WINDOWS: short=1.000 med=1.000 long=1.000
[10-06 22:10:31] INFO: [MULTI-SCALE-2825] QUALITY: stability=0.800 learn_rate=0.00000
[10-06 22:10:31] INFO: [ACHIEVEMENT] Stable 90%+ success rate achieved for 10 episodes!
[10-06 22:10:31] INFO: [HEALTH-CHECK-2825] Overall: NEEDS_IMPROVEMENT (score=0.400)
[10-06 22:10:31] INFO: ================================================================================
[10-06 22:10:34] INFO: [RL-EP-2826] (2826)
[10-06 22:10:37] INFO: [RL-EP-2827] (2827)
[10-06 22:10:40] INFO: [RL-EP-2828] (2828)
[10-06 22:10:44] INFO: [RL-EP-2829] (2829)
[10-06 22:10:47] INFO: [RL-EP-2830] roll=1.000/0.000/0.000
[10-06 22:10:50] INFO: [RL-EP-2831] (2831)
[10-06 22:10:53] INFO: [RL-EP-2832] (2832)
[10-06 22:10:57] INFO: [RL-EP-2833] (2833)
[10-06 22:11:01] INFO: [RL-EP-2834] (2834)
[10-06 22:11:04] INFO: [RL-EP-2835] roll=1.000/0.000/0.000
[10-06 22:11:08] INFO: [RL-EP-2836] (2836)
[10-06 22:11:11] INFO: [RL-EP-2837] (2837)
[10-06 22:11:15] INFO: [RL-EP-2838] (2838)
[10-06 22:11:18] INFO: [RL-EP-2839] (2839)
[10-06 22:11:22] INFO: [RL-EP-2840] roll=1.000/0.000/0.000
[10-06 22:11:26] INFO: [RL-EP-2841] (2841)
[10-06 22:11:29] INFO: [RL-EP-2842] (2842)
[10-06 22:11:32] INFO: [RL-EP-2843] (2843)
[10-06 22:11:36] INFO: [RL-EP-2844] (2844)
[10-06 22:11:40] INFO: [RL-EP-2845] roll=1.000/0.000/0.000
[10-06 22:11:44] INFO: [RL-EP-2846] (2846)
[10-06 22:11:47] INFO: [RL-EP-2847] (2847)
[10-06 22:11:50] INFO: [RL-EP-2848] (2848)
[10-06 22:11:54] INFO: [RL-EP-2849] (2849)
[10-06 22:11:54] INFO: [CONFIG-CHECK] ep=2850 updates_per_ep=4 (from config)
[10-06 22:11:57] INFO: [SARL-LOSS] ep=2850 value_loss=0.0216 epsilon=0.0500
[10-06 22:11:57] INFO: [STAT] ep=2850 | roll@25(s/c/t)=1.0/0.0/0.0 (1.00/0.00/0.00) | R.mean=0.5
[10-06 22:11:57] INFO: [METRICS-25] time=15.66s | dfreq=0.000 | ddist=0.000m
[10-06 22:11:57] INFO: [METRICS-PLOT] 3-metrics curve -> /root/bayes-vl-matched-20261006/crowd_nav/runs/bayes-matched-v1/bayes_mean-seed42/curves_3metrics.png
[10-06 22:11:57] INFO: [RL-EP-2850] (2850/10000) s/c/t=1/0/0 qloss=0.0000 ploss=0.0000 buf=200000
[10-06 22:11:57] INFO:               cumulative s/c/t%: 100.0%/0.0%/0.0%
[10-06 22:11:57] INFO: [REPLAY-STORE] ok=2850 skip=0 steps=177280 buf=200000
[10-06 22:11:57] INFO: [STAGE0-MONITOR] timeout_ratio=0.000 (target: decrease over time)
[10-06 22:11:57] INFO: ================================================================================
[10-06 22:11:57] INFO: [MULTI-SCALE-2850] TARGET: peak=1.000 stable_90=10ep
[10-06 22:11:57] INFO: [MULTI-SCALE-2850] WINDOWS: short=1.000 med=1.000 long=1.000
[10-06 22:11:57] INFO: [MULTI-SCALE-2850] QUALITY: stability=0.800 learn_rate=0.00000
[10-06 22:11:57] INFO: [ACHIEVEMENT] Stable 90%+ success rate achieved for 10 episodes!
[10-06 22:11:57] INFO: [HEALTH-CHECK-2850] Overall: NEEDS_IMPROVEMENT (score=0.400)
[10-06 22:11:57] INFO: ================================================================================
[10-06 22:12:01] INFO: [RL-EP-2851] (2851)
[10-06 22:12:08] INFO: [RL-EP-2852] (2852)
[10-06 22:12:11] INFO: [RL-EP-2853] (2853)
[10-06 22:12:14] INFO: [RL-EP-2854] (2854)
[10-06 22:12:18] INFO: [RL-EP-2855] roll=0.980/0.000/0.020
[10-06 22:12:22] INFO: [RL-EP-2856] (2856)
[10-06 22:12:25] INFO: [RL-EP-2857] (2857)
[10-06 22:12:28] INFO: [RL-EP-2858] (2858)
[10-06 22:12:32] INFO: [RL-EP-2859] (2859)
[10-06 22:12:35] INFO: [RL-EP-2860] roll=0.980/0.000/0.020
[10-06 22:12:39] INFO: [RL-EP-2861] (2861)
[10-06 22:12:42] INFO: [RL-EP-2862] (2862)
[10-06 22:12:46] INFO: [RL-EP-2863] (2863)
[10-06 22:12:49] INFO: [RL-EP-2864] (2864)
[10-06 22:12:52] INFO: [RL-EP-2865] roll=0.980/0.000/0.020
[10-06 22:12:56] INFO: [RL-EP-2866] (2866)
[10-06 22:12:59] INFO: [RL-EP-2867] (2867)
[10-06 22:13:03] INFO: [RL-EP-2868] (2868)
[10-06 22:13:07] INFO: [RL-EP-2869] (2869)
[10-06 22:13:11] INFO: [RL-EP-2870] roll=0.980/0.000/0.020
[10-06 22:13:15] INFO: [RL-EP-2871] (2871)
[10-06 22:13:18] INFO: [RL-EP-2872] (2872)
[10-06 22:13:21] INFO: [RL-EP-2873] (2873)
[10-06 22:13:24] INFO: [RL-EP-2874] (2874)
[10-06 22:13:27] INFO: [SARL-LOSS] ep=2875 value_loss=0.0209 epsilon=0.0500
[10-06 22:13:27] INFO: [STAT] ep=2875 | roll@25(s/c/t)=1.0/0.0/0.0 (0.98/0.00/0.02) | R.mean=0.5
[10-06 22:13:27] INFO: [METRICS-25] time=17.15s | dfreq=0.000 | ddist=0.000m
[10-06 22:13:28] INFO: [METRICS-PLOT] 3-metrics curve -> /root/bayes-vl-matched-20261006/crowd_nav/runs/bayes-matched-v1/bayes_mean-seed42/curves_3metrics.png
[10-06 22:13:28] INFO: [RL-EP-2875] (2875/10000) s/c/t=1/0/0 qloss=0.0000 ploss=0.0000 buf=200000
[10-06 22:13:28] INFO:               cumulative s/c/t%: 98.0%/0.0%/2.0%
[10-06 22:13:28] INFO: [REPLAY-STORE] ok=2875 skip=0 steps=179093 buf=200000
[10-06 22:13:28] INFO: [STAGE0-MONITOR] timeout_ratio=0.020 (target: decrease over time)
[10-06 22:13:28] INFO: ================================================================================
[10-06 22:13:28] INFO: [MULTI-SCALE-2875] TARGET: peak=1.000 stable_90=10ep
[10-06 22:13:28] INFO: [MULTI-SCALE-2875] WINDOWS: short=1.000 med=0.960 long=0.990
[10-06 22:13:28] INFO: [MULTI-SCALE-2875] QUALITY: stability=0.800 learn_rate=0.00000
[10-06 22:13:28] INFO: [ACHIEVEMENT] Stable 90%+ success rate achieved for 10 episodes!
[10-06 22:13:28] INFO: [HEALTH-CHECK-2875] Overall: NEEDS_IMPROVEMENT (score=0.400)
[10-06 22:13:28] INFO: ================================================================================
[10-06 22:13:31] INFO: [RL-EP-2876] (2876)
[10-06 22:13:34] INFO: [RL-EP-2877] (2877)
[10-06 22:13:38] INFO: [RL-EP-2878] (2878)
[10-06 22:13:42] INFO: [RL-EP-2879] (2879)
[10-06 22:13:45] INFO: [RL-EP-2880] roll=0.980/0.000/0.020
[10-06 22:13:48] INFO: [RL-EP-2881] (2881)
[10-06 22:13:52] INFO: [RL-EP-2882] (2882)
[10-06 22:13:55] INFO: [RL-EP-2883] (2883)
[10-06 22:13:57] INFO: [RL-EP-2884] (2884)
[10-06 22:14:00] INFO: [RL-EP-2885] roll=0.960/0.020/0.020
[10-06 22:14:04] INFO: [RL-EP-2886] (2886)
[10-06 22:14:07] INFO: [RL-EP-2887] (2887)
[10-06 22:14:10] INFO: [RL-EP-2888] (2888)
[10-06 22:14:13] INFO: [RL-EP-2889] (2889)
[10-06 22:14:17] INFO: [RL-EP-2890] roll=0.960/0.020/0.020
[10-06 22:14:20] INFO: [RL-EP-2891] (2891)
[10-06 22:14:23] INFO: [RL-EP-2892] (2892)
[10-06 22:14:26] INFO: [RL-EP-2893] (2893)
[10-06 22:14:29] INFO: [RL-EP-2894] (2894)
[10-06 22:14:32] INFO: [RL-EP-2895] roll=0.960/0.020/0.020
[10-06 22:14:39] INFO: [RL-EP-2896] (2896)
[10-06 22:14:42] INFO: [RL-EP-2897] (2897)
[10-06 22:14:45] INFO: [RL-EP-2898] (2898)
[10-06 22:14:49] INFO: [RL-EP-2899] (2899)
[10-06 22:14:49] INFO: [CONFIG-CHECK] ep=2900 updates_per_ep=4 (from config)
[10-06 22:14:49] INFO: [SARL-EPSILON] ep=2900 epsilon=0.0500 (start=0.3, end=0.05, decay=1500)
[10-06 22:14:53] INFO: [SARL-REPLAY] ep=2900 buffer_size=200000 updates=4
[10-06 22:14:53] INFO: [SARL-LOSS] ep=2900 value_loss=0.0249 epsilon=0.0500
[10-06 22:14:53] INFO: [SARL-STATS] ep=2900 buffer_size=200000
[10-06 22:14:53] INFO: [STAT] ep=2900 | roll@25(s/c/t)=1.0/0.0/0.0 (0.96/0.02/0.02) | R.mean=0.5
[10-06 22:14:53] INFO: [METRICS-25] time=17.17s | dfreq=0.000 | ddist=0.000m
[10-06 22:14:53] INFO: [METRICS-PLOT] 3-metrics curve -> /root/bayes-vl-matched-20261006/crowd_nav/runs/bayes-matched-v1/bayes_mean-seed42/curves_3metrics.png
[10-06 22:14:53] INFO: [RL-EP-2900] (2900/10000) s/c/t=1/0/0 qloss=0.0000 ploss=0.0000 buf=200000
[10-06 22:14:53] INFO:               cumulative s/c/t%: 96.0%/2.0%/2.0%
[10-06 22:14:53] INFO: [REPLAY-STORE] ok=2900 skip=0 steps=180714 buf=200000
[10-06 22:14:53] INFO: [STAGE0-MONITOR] timeout_ratio=0.020 (target: decrease over time)
[10-06 22:14:53] INFO: [SOT-2900] REWARD succ=1.0/coll=-0.50 | GRID 5×16=80 | EVENTS s=0.96/c=0.02/t=0.02
[10-06 22:14:53] INFO: ================================================================================
[10-06 22:14:53] INFO: [MULTI-SCALE-2900] TARGET: peak=1.000 stable_90=10ep
[10-06 22:14:53] INFO: [MULTI-SCALE-2900] WINDOWS: short=1.000 med=0.960 long=0.980
[10-06 22:14:53] INFO: [MULTI-SCALE-2900] QUALITY: stability=0.800 learn_rate=0.00000
[10-06 22:14:53] INFO: [ACHIEVEMENT] Stable 90%+ success rate achieved for 10 episodes!
[10-06 22:14:53] INFO: [HEALTH-CHECK-2900] Overall: NEEDS_IMPROVEMENT (score=0.400)
[10-06 22:14:53] INFO: ================================================================================
[10-06 22:14:57] INFO: [RL-EP-2901] (2901)
[10-06 22:15:01] INFO: [RL-EP-2902] (2902)
[10-06 22:15:05] INFO: [RL-EP-2903] (2903)
[10-06 22:15:09] INFO: [RL-EP-2904] (2904)
[10-06 22:15:13] INFO: [RL-EP-2905] roll=0.980/0.020/0.000
[10-06 22:15:16] INFO: [RL-EP-2906] (2906)
[10-06 22:15:19] INFO: [RL-EP-2907] (2907)
[10-06 22:15:23] INFO: [RL-EP-2908] (2908)
[10-06 22:15:26] INFO: [RL-EP-2909] (2909)
[10-06 22:15:30] INFO: [RL-EP-2910] roll=0.980/0.020/0.000
[10-06 22:15:35] INFO: [RL-EP-2911] (2911)
[10-06 22:15:38] INFO: [RL-EP-2912] (2912)
[10-06 22:15:41] INFO: [RL-EP-2913] (2913)
[10-06 22:15:44] INFO: [RL-EP-2914] (2914)
[10-06 22:15:47] INFO: [RL-EP-2915] roll=0.980/0.020/0.000
[10-06 22:15:51] INFO: [RL-EP-2916] (2916)
[10-06 22:15:54] INFO: [RL-EP-2917] (2917)
[10-06 22:15:57] INFO: [RL-EP-2918] (2918)
[10-06 22:16:01] INFO: [RL-EP-2919] (2919)
[10-06 22:16:04] INFO: [RL-EP-2920] roll=0.980/0.020/0.000
[10-06 22:16:07] INFO: [RL-EP-2921] (2921)
[10-06 22:16:11] INFO: [RL-EP-2922] (2922)
[10-06 22:16:14] INFO: [RL-EP-2923] (2923)
[10-06 22:16:17] INFO: [RL-EP-2924] (2924)
[10-06 22:16:20] INFO: [SARL-LOSS] ep=2925 value_loss=0.0224 epsilon=0.0500
[10-06 22:16:20] INFO: [STAT] ep=2925 | roll@25(s/c/t)=1.0/0.0/0.0 (0.98/0.02/0.00) | R.mean=0.5
[10-06 22:16:20] INFO: [METRICS-25] time=16.59s | dfreq=0.000 | ddist=0.000m
[10-06 22:16:21] INFO: [METRICS-PLOT] 3-metrics curve -> /root/bayes-vl-matched-20261006/crowd_nav/runs/bayes-matched-v1/bayes_mean-seed42/curves_3metrics.png
[10-06 22:16:21] INFO: [RL-EP-2925] (2925/10000) s/c/t=1/0/0 qloss=0.0000 ploss=0.0000 buf=200000
[10-06 22:16:21] INFO:               cumulative s/c/t%: 98.0%/2.0%/0.0%
[10-06 22:16:21] INFO: [REPLAY-STORE] ok=2925 skip=0 steps=182411 buf=200000
[10-06 22:16:21] INFO: [STAGE0-MONITOR] timeout_ratio=0.000 (target: decrease over time)
[10-06 22:16:21] INFO: ================================================================================
[10-06 22:16:21] INFO: [MULTI-SCALE-2925] TARGET: peak=1.000 stable_90=10ep
[10-06 22:16:21] INFO: [MULTI-SCALE-2925] WINDOWS: short=1.000 med=1.000 long=0.980
[10-06 22:16:21] INFO: [MULTI-SCALE-2925] QUALITY: stability=0.800 learn_rate=0.00000
[10-06 22:16:21] INFO: [ACHIEVEMENT] Stable 90%+ success rate achieved for 10 episodes!
[10-06 22:16:21] INFO: [HEALTH-CHECK-2925] Overall: NEEDS_IMPROVEMENT (score=0.400)
[10-06 22:16:21] INFO: ================================================================================
[10-06 22:16:25] INFO: [RL-EP-2926] (2926)
[10-06 22:16:28] INFO: [RL-EP-2927] (2927)
[10-06 22:16:32] INFO: [RL-EP-2928] (2928)
[10-06 22:16:35] INFO: [RL-EP-2929] (2929)
[10-06 22:16:39] INFO: [RL-EP-2930] roll=0.980/0.020/0.000
[10-06 22:16:42] INFO: [RL-EP-2931] (2931)
[10-06 22:16:46] INFO: [RL-EP-2932] (2932)
[10-06 22:16:50] INFO: [RL-EP-2933] (2933)
[10-06 22:16:53] INFO: [RL-EP-2934] (2934)
[10-06 22:16:57] INFO: [RL-EP-2935] roll=1.000/0.000/0.000
[10-06 22:17:00] INFO: [RL-EP-2936] (2936)
[10-06 22:17:04] INFO: [RL-EP-2937] (2937)
[10-06 22:17:07] INFO: [RL-EP-2938] (2938)
[10-06 22:17:11] INFO: [RL-EP-2939] (2939)
[10-06 22:17:15] INFO: [RL-EP-2940] roll=1.000/0.000/0.000
[10-06 22:17:18] INFO: [RL-EP-2941] (2941)
[10-06 22:17:21] INFO: [RL-EP-2942] (2942)
[10-06 22:17:25] INFO: [RL-EP-2943] (2943)
[10-06 22:17:29] INFO: [RL-EP-2944] (2944)
[10-06 22:17:32] INFO: [RL-EP-2945] roll=1.000/0.000/0.000
[10-06 22:17:36] INFO: [RL-EP-2946] (2946)
[10-06 22:17:39] INFO: [RL-EP-2947] (2947)
[10-06 22:17:42] INFO: [RL-EP-2948] (2948)
[10-06 22:17:45] INFO: [RL-EP-2949] (2949)
[10-06 22:17:45] INFO: [CONFIG-CHECK] ep=2950 updates_per_ep=4 (from config)
[10-06 22:17:49] INFO: [SARL-LOSS] ep=2950 value_loss=0.0175 epsilon=0.0500
[10-06 22:17:49] INFO: [STAT] ep=2950 | roll@25(s/c/t)=1.0/0.0/0.0 (1.00/0.00/0.00) | R.mean=0.5
[10-06 22:17:49] INFO: [METRICS-25] time=16.78s | dfreq=0.000 | ddist=0.000m
[10-06 22:17:49] INFO: [METRICS-PLOT] 3-metrics curve -> /root/bayes-vl-matched-20261006/crowd_nav/runs/bayes-matched-v1/bayes_mean-seed42/curves_3metrics.png
[10-06 22:17:49] INFO: [RL-EP-2950] (2950/10000) s/c/t=1/0/0 qloss=0.0000 ploss=0.0000 buf=200000
[10-06 22:17:49] INFO:               cumulative s/c/t%: 100.0%/0.0%/0.0%
[10-06 22:17:49] INFO: [REPLAY-STORE] ok=2950 skip=0 steps=184070 buf=200000
[10-06 22:17:49] INFO: [STAGE0-MONITOR] timeout_ratio=0.000 (target: decrease over time)
[10-06 22:17:49] INFO: ================================================================================
[10-06 22:17:49] INFO: [MULTI-SCALE-2950] TARGET: peak=1.000 stable_90=10ep
[10-06 22:17:49] INFO: [MULTI-SCALE-2950] WINDOWS: short=1.000 med=1.000 long=0.980
[10-06 22:17:49] INFO: [MULTI-SCALE-2950] QUALITY: stability=0.800 learn_rate=0.00000
[10-06 22:17:49] INFO: [ACHIEVEMENT] Stable 90%+ success rate achieved for 10 episodes!
[10-06 22:17:49] INFO: [HEALTH-CHECK-2950] Overall: NEEDS_IMPROVEMENT (score=0.400)
[10-06 22:17:49] INFO: ================================================================================
[10-06 22:17:52] INFO: [RL-EP-2951] (2951)
[10-06 22:17:55] INFO: [RL-EP-2952] (2952)
[10-06 22:18:00] INFO: [RL-EP-2953] (2953)
[10-06 22:18:04] INFO: [RL-EP-2954] (2954)
[10-06 22:18:07] INFO: [RL-EP-2955] roll=1.000/0.000/0.000
[10-06 22:18:11] INFO: [RL-EP-2956] (2956)
[10-06 22:18:14] INFO: [RL-EP-2957] (2957)
[10-06 22:18:17] INFO: [RL-EP-2958] (2958)
[10-06 22:18:21] INFO: [RL-EP-2959] (2959)
[10-06 22:18:24] INFO: [RL-EP-2960] roll=1.000/0.000/0.000
[10-06 22:18:27] INFO: [RL-EP-2961] (2961)
[10-06 22:18:32] INFO: [RL-EP-2962] (2962)
[10-06 22:18:36] INFO: [RL-EP-2963] (2963)
[10-06 22:18:40] INFO: [RL-EP-2964] (2964)
[10-06 22:18:44] INFO: [RL-EP-2965] roll=1.000/0.000/0.000
[10-06 22:18:47] INFO: [RL-EP-2966] (2966)
[10-06 22:18:51] INFO: [RL-EP-2967] (2967)
[10-06 22:18:55] INFO: [RL-EP-2968] (2968)
[10-06 22:18:58] INFO: [RL-EP-2969] (2969)
[10-06 22:19:01] INFO: [RL-EP-2970] roll=0.980/0.020/0.000
[10-06 22:19:04] INFO: [RL-EP-2971] (2971)
[10-06 22:19:09] INFO: [RL-EP-2972] (2972)
[10-06 22:19:12] INFO: [RL-EP-2973] (2973)
[10-06 22:19:15] INFO: [RL-EP-2974] (2974)
[10-06 22:19:22] INFO: [SARL-LOSS] ep=2975 value_loss=0.0224 epsilon=0.0500
[10-06 22:19:22] INFO: [STAT] ep=2975 | roll@25(s/c/t)=1.0/0.0/0.0 (0.96/0.02/0.02) | R.mean=0.5
[10-06 22:19:22] INFO: [METRICS-25] time=17.74s | dfreq=0.000 | ddist=0.000m
[10-06 22:19:23] INFO: [METRICS-PLOT] 3-metrics curve -> /root/bayes-vl-matched-20261006/crowd_nav/runs/bayes-matched-v1/bayes_mean-seed42/curves_3metrics.png
[10-06 22:19:23] INFO: [RL-EP-2975] (2975/10000) s/c/t=0/0/1 qloss=0.0000 ploss=0.0000 buf=200000
[10-06 22:19:23] INFO:               cumulative s/c/t%: 96.0%/2.0%/2.0%
[10-06 22:19:23] INFO: [REPLAY-STORE] ok=2975 skip=0 steps=185959 buf=200000
[10-06 22:19:23] INFO: [STAGE0-MONITOR] timeout_ratio=0.020 (target: decrease over time)
[10-06 22:19:23] INFO: ================================================================================
[10-06 22:19:23] INFO: [MULTI-SCALE-2975] TARGET: peak=1.000 stable_90=10ep
[10-06 22:19:23] INFO: [MULTI-SCALE-2975] WINDOWS: short=0.800 med=0.920 long=0.970
[10-06 22:19:23] INFO: [MULTI-SCALE-2975] QUALITY: stability=0.800 learn_rate=0.00000
[10-06 22:19:23] INFO: [ACHIEVEMENT] Stable 90%+ success rate achieved for 10 episodes!
[10-06 22:19:23] INFO: [HEALTH-CHECK-2975] Overall: NEEDS_IMPROVEMENT (score=0.400)
[10-06 22:19:23] INFO: ================================================================================
[10-06 22:19:26] INFO: [RL-EP-2976] (2976)
[10-06 22:19:30] INFO: [RL-EP-2977] (2977)
[10-06 22:19:34] INFO: [RL-EP-2978] (2978)
[10-06 22:19:37] INFO: [RL-EP-2979] (2979)
[10-06 22:19:40] INFO: [RL-EP-2980] roll=0.960/0.020/0.020
[10-06 22:19:44] INFO: [RL-EP-2981] (2981)
[10-06 22:19:47] INFO: [RL-EP-2982] (2982)
[10-06 22:19:51] INFO: [RL-EP-2983] (2983)
[10-06 22:19:54] INFO: [RL-EP-2984] (2984)
[10-06 22:19:57] INFO: [RL-EP-2985] roll=0.960/0.020/0.020
[10-06 22:20:01] INFO: [RL-EP-2986] (2986)
[10-06 22:20:05] INFO: [RL-EP-2987] (2987)
[10-06 22:20:08] INFO: [RL-EP-2988] (2988)
[10-06 22:20:12] INFO: [RL-EP-2989] (2989)
[10-06 22:20:15] INFO: [RL-EP-2990] roll=0.960/0.020/0.020
[10-06 22:20:19] INFO: [RL-EP-2991] (2991)
[10-06 22:20:22] INFO: [RL-EP-2992] (2992)
[10-06 22:20:26] INFO: [RL-EP-2993] (2993)
[10-06 22:20:29] INFO: [RL-EP-2994] (2994)
[10-06 22:20:33] INFO: [RL-EP-2995] roll=0.960/0.020/0.020
[10-06 22:20:36] INFO: [RL-EP-2996] (2996)
[10-06 22:20:39] INFO: [RL-EP-2997] (2997)
[10-06 22:20:42] INFO: [RL-EP-2998] (2998)
[10-06 22:20:45] INFO: [RL-EP-2999] (2999)
[10-06 22:20:45] INFO: [CONFIG-CHECK] ep=3000 updates_per_ep=4 (from config)
[10-06 22:20:45] INFO: [SARL-EPSILON] ep=3000 epsilon=0.0500 (start=0.3, end=0.05, decay=1500)
[10-06 22:20:48] INFO: [SARL-REPLAY] ep=3000 buffer_size=200000 updates=4
[10-06 22:20:48] INFO: [SARL-LOSS] ep=3000 value_loss=0.0166 epsilon=0.0500
[10-06 22:20:48] INFO: [SARL-STATS] ep=3000 buffer_size=200000
[10-06 22:20:48] INFO: [STAT] ep=3000 | roll@25(s/c/t)=1.0/0.0/0.0 (0.96/0.02/0.02) | R.mean=0.5
[10-06 22:20:48] INFO: [METRICS-25] time=17.95s | dfreq=0.000 | ddist=0.000m
[10-06 22:20:49] INFO: [METRICS-PLOT] 3-metrics curve -> /root/bayes-vl-matched-20261006/crowd_nav/runs/bayes-matched-v1/bayes_mean-seed42/curves_3metrics.png
[10-06 22:20:49] INFO: [RL-EP-3000] (3000/10000) s/c/t=1/0/0 qloss=0.0000 ploss=0.0000 buf=200000
[10-06 22:20:49] INFO:               cumulative s/c/t%: 96.0%/2.0%/2.0%
[10-06 22:20:49] INFO: [REPLAY-STORE] ok=3000 skip=0 steps=187660 buf=200000
[10-06 22:20:49] INFO: [STAGE0-MONITOR] timeout_ratio=0.020 (target: decrease over time)
[10-06 22:20:49] INFO: [SOT-3000] REWARD succ=1.0/coll=-0.50 | GRID 5×16=80 | EVENTS s=0.96/c=0.02/t=0.02
[10-06 22:20:49] INFO: ================================================================================
[10-06 22:20:49] INFO: [MULTI-SCALE-3000] TARGET: peak=1.000 stable_90=10ep
[10-06 22:20:49] INFO: [MULTI-SCALE-3000] WINDOWS: short=1.000 med=1.000 long=0.980
[10-06 22:20:49] INFO: [MULTI-SCALE-3000] QUALITY: stability=0.800 learn_rate=0.00000
[10-06 22:20:49] INFO: [ACHIEVEMENT] Stable 90%+ success rate achieved for 10 episodes!
[10-06 22:20:49] INFO: [HEALTH-CHECK-3000] Overall: NEEDS_IMPROVEMENT (score=0.400)
[10-06 22:20:49] INFO: ================================================================================
[10-06 22:20:49] INFO: [PLOT] curves updated ep=3000
[10-06 22:20:49] INFO: [EVAL] Starting evaluation: ep=3000, ε=0.0, k=50
[10-06 22:22:19] INFO: [EVAL] Completed evaluation: succ=1.000 coll=0.000 timeout=0.000 sum=1.000 nav=15.99
[10-06 22:22:19] INFO: [EVAL-EXTENDED] path_len=10.09m smoothness=0.642 avg_speed=0.65m/s
[10-06 22:22:19] INFO: ================================================================================
[10-06 22:22:19] INFO: [CUMULATIVE-METRICS] Episode 3000: Cumulative average (all 3000 episodes)
[10-06 22:22:19] INFO:   Success: 0.952 (95.2%), Collision: 0.042 (4.2%), Timeout: 0.005 (0.5%)
[10-06 22:22:19] INFO:   Avg Reward: 0.49
[10-06 22:22:19] INFO:   Avg Time Taken: 15.64s
[10-06 22:22:19] INFO:   Avg Discomfort Freq: 0.000
[10-06 22:22:19] INFO:   Avg Discomfort Dist: 0.000m
[10-06 22:22:19] INFO: ================================================================================
[10-06 22:22:19] INFO: [RL-SAVE] sarl checkpoint -> /root/bayes-vl-matched-20261006/crowd_nav/runs/bayes-matched-v1/bayes_mean-seed42/rl_model_ep3000.pth
[10-06 22:22:19] INFO: [RL-SAVE] Saved components: policy, target network, optimizer
