[10-06 13:03:45] INFO: [TENSORBOARD] Fresh events will be saved to: /root/bayes-vl-matched-20261006/crowd_nav/runs/bayes-matched-v1/gru-seed42/tensorboard_logs
[10-06 13:03:45] INFO: [TEMPORAL-BACKBONE] CLI override: gru
[10-06 13:03:45] INFO: [CONTRACTS] GRID initialized from runtime cfg: {'n_speeds': 5, 'n_headings': 16, 'v_min': 0.05, 'v_max': 1.0, 'sampling': 'exponential', 'include_stop': False, 'stop_eps': 0.05}
[10-06 13:03:45] INFO: [CONTRACTS] GRID locked from env.config: {'n_speeds': 5, 'n_headings': 16, 'v_min': 0.05, 'v_max': 1.0, 'sampling': 'exponential', 'include_stop': False, 'stop_eps': 0.05}, num_actions=80
[10-06 13:03:45] INFO: [SEED] 使用命令行指定的seed: 42
[10-06 13:03:45] INFO: [SEED] ⚡ CUDA确定性模式已关闭（训练模式，速度优先）
[10-06 13:03:46] INFO: [DENSE-REWARD] progress_reward=0.0, time_penalty=0.0, stand_penalty=0.0
[10-06 13:03:46] INFO: human number: 5
[10-06 13:03:46] INFO: Not randomize human's radius and preferred speed
[10-06 13:03:46] INFO: Training simulation: circle_crossing, test simulation: circle_crossing
[10-06 13:03:46] INFO: Square width: 10.0, circle radius: 4.0
[10-06 13:03:46] INFO: [BOOT] policy=mamba_rl device=cuda
[10-06 13:03:46] INFO: ============================================================
[10-06 13:03:46] INFO: [SOT] env: circle R=4.0 Nh=5 dt=0.25 T=50 | reward: 1.0/-0.5/-0.5 | actions: 80(sampling=exponential, stop=False) | success_radius=0.25 | eval eps=0
[10-06 13:03:46] INFO: ============================================================
[10-06 13:03:46] INFO: [ALGO] Value-lookahead (GRU): one-step lookahead + epsilon-greedy
[10-06 13:03:46] INFO: REWARD: success=1.0, collision=-0.5, timeout=-0.5
[10-06 13:03:46] INFO: TRAINING: lr=1e-05, gamma=0.99, batch=256, updates_per_ep=4
[10-06 13:03:46] INFO: TIMESTEP: dt=0.25s
[10-06 13:03:46] INFO: ============================================================
[10-06 13:03:46] INFO: [DISCRETE-Q] Q-head initialized: 80 actions (5 speeds × 16 headings, stop=False)
[10-06 13:03:46] INFO: [VALUE-HEAD] Value head initialized (SARL-style, 1-dim output)
[10-06 13:03:46] INFO: [AUXILIARY-HEAD] Future position predictor initialized: 3 neighbors × 4 future steps
[10-06 13:03:46] INFO: [ABLATION] Lookahead scoring mode: full
[10-06 13:03:46] INFO: ================================================================================
[10-06 13:03:46] INFO: [TEMPORAL-BACKBONE] GRU backbone configuration:
[10-06 13:03:46] INFO:   d_model=256, n_layers=4, d_state=64
[10-06 13:03:46] INFO:   d_conv=4, expand=2
[10-06 13:03:46] INFO: [SEQ-FINAL] Sequence Length Configuration (SSOT):
[10-06 13:03:46] INFO:   seq_len=24 (from train.config:[buffer])
[10-06 13:03:46] INFO:   T=24 (should match policy.config:[temporal].T)
[10-06 13:03:46] INFO: [ARCH-FINAL] Architecture: EnhancedSpatial(3-way:robot+human+relation) -> GRU -> DualHead
[10-06 13:03:46] INFO: [DEVICE] cuda
[10-06 13:03:46] INFO: ================================================================================
[10-06 13:03:46] INFO: [POLICY-INIT] Main policy built: mamba_rl
[10-06 13:03:46] INFO: [POLICY-INIT] Set multiagent_training=True (5-human crowd navigation)
[10-06 13:03:46] INFO: [MAMBA-RL] Set env_dt=0.25
[10-06 13:03:46] INFO: ✅ debug.md清理：奖励整形器已删除（未实际使用）
[10-06 13:03:46] INFO: ============================================================
[10-06 13:03:46] INFO: [CONFIG-SUMMARY] Training Configuration (Runtime Values)
[10-06 13:03:46] INFO:   Policy: mamba_rl
[10-06 13:03:46] INFO:   Sequence: seq_len=24
[10-06 13:03:46] INFO:   Training: batch_size=256, updates_per_ep=4
[10-06 13:03:46] INFO:   Learning: lr=0.000010, gamma=0.99
[10-06 13:03:46] INFO:   Episodes: 10000, device=cuda
[10-06 13:03:46] INFO: ============================================================
[10-06 13:03:46] INFO: [SARL-TRAIN] goal prior=OFF
[10-06 13:03:46] INFO: [CFG-LOCK] circle R=4 Nh=5 dt=0.25 T=50 succ_r=0.25 visible=False actions=80 eval_eps=0
[10-06 13:03:46] INFO: [REWARD-PROFILE] Using profile=benchmark, time_limit=50.0s
[10-06 13:03:46] INFO: [REWARD-BENCHMARK] {'success': 1.0, 'collision': -0.5, 'timeout': -0.5}
[10-06 13:03:46] INFO: [CONFIG-FALLBACK] success=1.0, collision=-0.5, timeout=-0.5
[10-06 13:03:46] INFO: [ACTIVE-REWARD] Using profile-based rewards: {'success': 1.0, 'collision': -0.5, 'timeout': -0.5}
[10-06 13:03:46] INFO: ============================================================
[10-06 13:03:46] INFO: [TRAJECTORY-LOG] Recording enabled: /root/bayes-vl-matched-20261006/crowd_nav/runs/bayes-matched-v1/gru-seed42/trajectory.log
[10-06 13:03:46] INFO: [IL-AUTO] 自动检测训练数据...
[10-06 13:03:46] INFO: [IL-AUTO]   离线数据集: crowd_nav/runs/bayes-matched-v1/orca-shared.pth (exists: True)
[10-06 13:03:46] INFO: [IL-AUTO]   BC checkpoint: /root/bayes-vl-matched-20261006/crowd_nav/runs/bayes-matched-v1/gru-seed42/il_policy.pth (exists: False)
[10-06 13:03:46] INFO: [IL-AUTO]   IL checkpoint: /root/bayes-vl-matched-20261006/crowd_nav/runs/bayes-matched-v1/gru-seed42/ckpt_il.pt (exists: False)
[10-06 13:03:46] INFO: [IL-AUTO] ✓ 检测到离线数据集: crowd_nav/runs/bayes-matched-v1/orca-shared.pth
[10-06 13:03:46] INFO: [IL-AUTO]   将跳过IL在线收集，强制执行BC训练
[10-06 13:03:46] INFO: [IQL-REPLAY] Initialized: capacity=200000, seq_len=24, with MC returns
[10-06 13:03:46] INFO: [SARL-BUFFER] rl_buffer capacity=200000, n_step=1, per=False
[10-06 13:03:46] INFO: [STATS-RESET] TrainingStats reset for RL phase
[10-06 13:03:46] INFO: [IL-BC] Starting BC training phase...
[10-06 13:03:46] INFO: [IL-CONFIG] success_target=5000 max_total_episodes=12000 prefill_batch_episodes=64 patience_batches=5
[10-06 13:03:46] INFO: [IL-CONFIG] success_target=5000 (type=int)
[10-06 13:03:46] INFO: [IL-CONFIG] max_total_episodes=12000 (type=int)
[10-06 13:03:46] INFO: [IL-CONFIG] batch_collect_episodes=64 (type=int)
[10-06 13:03:46] INFO: [IL-CONFIG] patience_batches=5 (type=int)
[10-06 13:03:46] INFO: [IL-TEACHER] Applying ORCA teacher profile: neighbor_dist=6.0, max_neighbors=15, time_horizon=5.0, time_horizon_obst=5.0, safety_space=0.25
[10-06 13:03:46] INFO: [DENSE-REWARD] progress_reward=0.0, time_penalty=0.0, stand_penalty=0.0
[10-06 13:03:46] INFO: human number: 5
[10-06 13:03:46] INFO: Not randomize human's radius and preferred speed
[10-06 13:03:46] INFO: Training simulation: circle_crossing, test simulation: circle_crossing
[10-06 13:03:46] INFO: Square width: 10.0, circle radius: 4.0
[10-06 13:03:46] WARNING: [IL] Explorer has no replay buffer reference; IL data will stay in-flight only
[10-06 13:03:46] INFO: [IL-START] Buffer size before IL: 0
[10-06 13:03:46] INFO: [IL-CACHE] 发现离线数据集缓存: crowd_nav/runs/bayes-matched-v1/orca-shared.pth
[10-06 13:03:49] INFO: [IL-CACHE] 数据集版本: matched-native-orca-v1
[10-06 13:03:49] INFO: [IL-CACHE] 生成时间: unknown
[10-06 13:03:49] INFO: [IL-CACHE] Seeds: []
[10-06 13:03:49] INFO: [IL-CACHE] ORCA configs: []
[10-06 13:03:49] INFO: [IL-CACHE] 总轨迹数: 5040
[10-06 13:03:49] INFO: [IL-CACHE] 原始成功率: 99.62%
[10-06 13:03:49] INFO: [IL-CACHE] 限制加载: 5040 episodes (max_il_prefill=50000)
[10-06 13:03:49] INFO: [IL-CACHE] ✓ 成功加载 5037 条轨迹
[10-06 13:03:49] INFO: [IL-CACHE] 失败轨迹保留 3 条用于RL预填充
[10-06 13:03:49] INFO: [IL-CACHE] 跳过在线采集，直接使用离线数据集
[10-06 13:03:49] INFO: [IL-COLLECT] Final success set: 5037 trajectories from 5056 attempts (success_ratio=99.62%)
[10-06 13:03:49] INFO: [IL-COLLECT] Fail trajectories kept for RL prefill: 3
[10-06 13:03:49] INFO: [IL-DATA] BC dataset uses success+collision: success=5037, collision=3
[10-06 13:03:49] INFO: [IL-BUFFER] IL data reserved for BC pretraining only (5040 trajectories)
[10-06 13:03:49] INFO: [DENSE-REWARD] progress_reward=0.0, time_penalty=0.0, stand_penalty=0.0
[10-06 13:03:49] INFO: human number: 5
[10-06 13:03:49] INFO: Not randomize human's radius and preferred speed
[10-06 13:03:49] INFO: Training simulation: circle_crossing, test simulation: circle_crossing
[10-06 13:03:49] INFO: Square width: 10.0, circle radius: 4.0
[10-06 13:03:49] INFO: [IL-TEACHER] Restored ORCA parameters for RL phase
[10-06 13:03:49] INFO: [IL-BC] ✗ No BC checkpoint found at /root/bayes-vl-matched-20261006/crowd_nav/runs/bayes-matched-v1/gru-seed42/il_policy.pth
[10-06 13:03:49] INFO: [IL-BC] Starting 50 epochs of BC training from scratch
[10-06 13:03:49] INFO: [IL-BC] Training policy network - 1754857 params
[10-06 13:03:49] INFO: [TRAINING-MODE] Switched to 'rl' mode
[10-06 13:03:49] INFO: [IL-BC-MODE] Using RL mode for BC training (full 24-frame temporal modeling)
[10-06 13:03:49] INFO: [IL-BC-MODE] This ensures BC learns sequence dependencies, not just single-frame actions
[10-06 13:03:49] INFO: [IL-OBJECTIVE] mode=value_regression, lr=0.0001, gamma=0.99
[10-06 13:03:49] INFO: [IL-BC] Data source: Provided trajectories
[10-06 13:03:49] INFO: [IL-BC] Trajectories: 5040
[10-06 13:03:58] INFO: [IL-ACTION-PROCESS] Total steps: 235980, n_actions=80
[10-06 13:03:58] INFO: [IL-TOKEN-CONVERT] Converting 5663520 states to tokens in batches (batch_size=100000, please wait)...
[10-06 13:27:20] INFO: [IL-TOKEN-CONVERT] Token conversion complete (5663520 states)
[10-06 13:27:21] INFO: [IL-DATASET] IL dataset: 235980 sequences (seq_len=24, with MC returns)
[10-06 13:27:21] INFO: [IL-BC] Prepared dataset: N=235980, batch_size=256, batches=921
[10-06 13:41:51] INFO: [ENV-TRACK] Robot get_full_state #1: radius=0.300, v_pref=1.000, gx=0.000, gy=4.000
[10-06 13:41:51] INFO: [ACTION-SPACE] Built 80 actions (GRID 5×16, stop=False)
[10-06 13:41:51] INFO: [EXPLORER] RL-MAMBA-DOUBLEQ: JointState, state_dim=(34,)
[10-06 13:41:51] INFO: [DENSE-REWARD-STEP] progress=-0.0039, progress_reward=0.0, time_penalty=0.0, robot_speed=1.000, step_reward=0.0000
[10-06 13:41:51] INFO: [ENV-TRACK] Robot get_full_state #2: radius=0.300, v_pref=1.000, gx=0.000, gy=4.000
[10-06 13:41:51] INFO: [ENV-TRACK] Robot get_full_state #3: radius=0.300, v_pref=1.000, gx=0.000, gy=4.000
[10-06 13:42:27] INFO: [IL-BC-EVAL] epoch=5 quick_eval sr=100.0% (best=0.0% @ epoch 0)
[10-06 13:42:27] INFO: [IL-BC] ★ New best! epoch=5, sr=100.0%
[10-06 13:57:22] INFO: [IL-VALUE] epoch=10/50 value_loss=0.0025 action_loss=0.0000 total=0.0025 lr=0.000091
[10-06 13:58:03] INFO: [IL-BC-EVAL] epoch=10 quick_eval sr=85.0% (best=100.0% @ epoch 5)
[10-06 14:14:10] INFO: [IL-BC-EVAL] epoch=15 quick_eval sr=70.0% (best=100.0% @ epoch 5)
[10-06 14:29:20] INFO: [IL-VALUE] epoch=20/50 value_loss=0.0021 action_loss=0.0000 total=0.0021 lr=0.000066
[10-06 14:30:28] INFO: [IL-BC-EVAL] epoch=20 quick_eval sr=60.0% (best=100.0% @ epoch 5)
[10-06 14:47:01] INFO: [IL-BC-EVAL] epoch=25 quick_eval sr=35.0% (best=100.0% @ epoch 5)
[10-06 15:02:01] INFO: [IL-VALUE] epoch=30/50 value_loss=0.0017 action_loss=0.0000 total=0.0017 lr=0.000035
[10-06 15:03:22] INFO: [IL-BC-EVAL] epoch=30 quick_eval sr=45.0% (best=100.0% @ epoch 5)
[10-06 15:19:55] INFO: [IL-BC-EVAL] epoch=35 quick_eval sr=30.0% (best=100.0% @ epoch 5)
[10-06 15:35:03] INFO: [IL-VALUE] epoch=40/50 value_loss=0.0015 action_loss=0.0000 total=0.0015 lr=0.000010
[10-06 15:36:21] INFO: [IL-BC-EVAL] epoch=40 quick_eval sr=40.0% (best=100.0% @ epoch 5)
[10-06 15:52:53] INFO: [IL-BC-EVAL] epoch=45 quick_eval sr=40.0% (best=100.0% @ epoch 5)
[10-06 16:08:02] INFO: [IL-VALUE] epoch=50/50 value_loss=0.0014 action_loss=0.0000 total=0.0014 lr=0.000001
[10-06 16:09:15] INFO: [IL-BC-EVAL] epoch=50 quick_eval sr=45.0% (best=100.0% @ epoch 5)
[10-06 16:09:15] INFO: [IL-BC] Using best checkpoint from epoch 5 (sr=100.0%)
[10-06 16:09:15] INFO: [IL-BC] Saving BC checkpoint with metadata...
[10-06 16:09:15] INFO: [IL-BC] ✓ BC checkpoint saved to /root/bayes-vl-matched-20261006/crowd_nav/runs/bayes-matched-v1/gru-seed42/il_policy.pth
[10-06 16:09:15] INFO: [IL-CONTINUOUS-BC] BC training completed
[10-06 16:09:15] INFO: [IL-BC-EVAL] Skipping IL evaluation (Q-head not trained, will validate in RL phase)
[10-06 16:09:15] INFO: [TRAINING-MODE] Switched to 'rl' mode
[10-06 16:09:15] INFO: [IL-BC-MODE] BC training finished, keeping RL mode for RL phase
[10-06 16:09:15] INFO: [IL-BC-MODE] Temporal encoder is now trained (unlike old BC-only baseline)
[10-06 16:09:15] INFO: [IL-BC-ADAPT] Skipping warm adaptation - temporal encoder already trained during BC
[10-06 16:09:15] INFO: [IL-BC] Evaluating newly trained BC model...
[10-06 16:11:56] INFO: [IL-BC] Newly trained BC model success rate: 98.0% (98/100 episodes)
[10-06 16:11:56] INFO: [IL-ORCA-DATA] Teacher success stats: attempts=5056, successes=5037, ratio=0.996
[10-06 16:11:56] INFO: [DENSE-REWARD] progress_reward=0.0, time_penalty=0.0, stand_penalty=0.0
[10-06 16:11:56] INFO: human number: 5
[10-06 16:11:56] INFO: Not randomize human's radius and preferred speed
[10-06 16:11:56] INFO: Training simulation: circle_crossing, test simulation: circle_crossing
[10-06 16:11:56] INFO: Square width: 10.0, circle radius: 4.0
[10-06 16:11:56] INFO: [IL-PARAM-RESTORE] Parameters restored for RL: time_limit=50, success_radius=0.25, human_num=5
[10-06 16:11:56] INFO: [IL-BC] BC training completed: success_rate=99.6%
[10-06 16:12:33] INFO: [SARL-PREFILL-LIMITED] IL episodes injected=5000, skipped=0, buffer_size=200000 (max_prefill=5000)
[10-06 16:12:33] INFO: [CKPT-LOAD] skipped (already warm-started with fresh IL ckpt)
[10-06 16:12:33] INFO: [CURRICULUM] DISABLED - Focusing on standard environment
[10-06 16:12:33] INFO: [CURRICULUM] RL will use baseline 5-human circle environment (Nh=5, R=4)
[10-06 16:12:33] INFO: [ALGO] Value-lookahead (GRU): value regression + one-step lookahead, lr=1e-05
[10-06 16:12:33] INFO: [SARL-WARMUP] Replay warmup threshold: 5000 transitions
[10-06 16:12:33] INFO: [SARL] n_step=1, use_per=False
[10-06 16:12:33] INFO: [CHECKPOINT] interval=500 episodes
[10-06 16:12:33] INFO: [VECTORIZE] Parallel sampling disabled, using serial explorer
[10-06 16:12:33] INFO: [DIAGNOSTIC] ⚠ Using SERIAL sampling (no parallelization)
[10-06 16:12:33] INFO: [DIAGNOSTIC] Pre-RL policy evaluation (5 episodes)...
[10-06 16:12:40] INFO: [DIAGNOSTIC] Pre-RL test performance: s/c/t=100.0%/0.0%/0.0%
[10-06 16:12:40] INFO: [TRAIN] Algorithm: sarl
[10-06 16:12:40] INFO: [P1-RL] Base config: human_num=5, circle_radius=4.0, success_radius=0.25
[10-06 16:12:41] INFO: FIRST_ACTION: Policy doesn't expose continuous action info, skipping debug
[10-06 16:12:42] INFO: [RL-EP-0001] (1/10000) s/c/t=0/1/0 qloss=0.0000 ploss=0.0000 buf=200000
[10-06 16:12:42] INFO:               cumulative s/c/t%: 0.0%/100.0%/0.0%
[10-06 16:12:42] INFO: [REPLAY-STORE] ok=1 skip=0 steps=23 buf=200000
[10-06 16:12:44] INFO: [RL-EP-0002] (2/10000) s/c/t=1/0/0 qloss=0.0000 ploss=0.0000 buf=200000
[10-06 16:12:44] INFO:               cumulative s/c/t%: 50.0%/50.0%/0.0%
[10-06 16:12:44] INFO: [REPLAY-STORE] ok=2 skip=0 steps=120 buf=200000
[10-06 16:12:47] INFO: [RL-EP-0003] (3/10000) s/c/t=1/0/0 qloss=0.0000 ploss=0.0000 buf=200000
[10-06 16:12:47] INFO:               cumulative s/c/t%: 66.7%/33.3%/0.0%
[10-06 16:12:47] INFO: [REPLAY-STORE] ok=3 skip=0 steps=197 buf=200000
[10-06 16:12:49] INFO: [RL-EP-0004] (4/10000) s/c/t=1/0/0 qloss=0.0000 ploss=0.0000 buf=200000
[10-06 16:12:49] INFO:               cumulative s/c/t%: 75.0%/25.0%/0.0%
[10-06 16:12:49] INFO: [REPLAY-STORE] ok=4 skip=0 steps=272 buf=200000
[10-06 16:12:51] INFO: [RL-EP-0005] (5/10000) s/c/t=1/0/0 qloss=0.0000 ploss=0.0000 buf=200000
[10-06 16:12:51] INFO:               cumulative s/c/t%: 80.0%/20.0%/0.0%
[10-06 16:12:51] INFO: [REPLAY-STORE] ok=5 skip=0 steps=343 buf=200000
[10-06 16:12:54] INFO: [RL-EP-0006] (6/10000) s/c/t=1/0/0 qloss=0.0000 ploss=0.0000 buf=200000
[10-06 16:12:54] INFO:               cumulative s/c/t%: 83.3%/16.7%/0.0%
[10-06 16:12:54] INFO: [REPLAY-STORE] ok=6 skip=0 steps=470 buf=200000
[10-06 16:12:57] INFO: [RL-EP-0007] (7/10000) s/c/t=1/0/0 qloss=0.0000 ploss=0.0000 buf=200000
[10-06 16:12:57] INFO:               cumulative s/c/t%: 85.7%/14.3%/0.0%
[10-06 16:12:57] INFO: [REPLAY-STORE] ok=7 skip=0 steps=574 buf=200000
[10-06 16:13:01] INFO: [RL-EP-0008] (8/10000) s/c/t=1/0/0 qloss=0.0000 ploss=0.0000 buf=200000
[10-06 16:13:01] INFO:               cumulative s/c/t%: 87.5%/12.5%/0.0%
[10-06 16:13:01] INFO: [REPLAY-STORE] ok=8 skip=0 steps=724 buf=200000
[10-06 16:13:04] INFO: [RL-EP-0009] (9/10000) s/c/t=1/0/0 qloss=0.0000 ploss=0.0000 buf=200000
[10-06 16:13:04] INFO:               cumulative s/c/t%: 88.9%/11.1%/0.0%
[10-06 16:13:04] INFO: [REPLAY-STORE] ok=9 skip=0 steps=832 buf=200000
[10-06 16:13:06] INFO: [RL-EP-0010] (10/10000) s/c/t=1/0/0 qloss=0.0000 ploss=0.0000 buf=200000
[10-06 16:13:06] INFO:               cumulative s/c/t%: 90.0%/10.0%/0.0%
[10-06 16:13:06] INFO: [REPLAY-STORE] ok=10 skip=0 steps=944 buf=200000
[10-06 16:13:08] INFO: [RL-EP-0011] (11/10000) s/c/t=0/1/0 qloss=0.0000 ploss=0.0000 buf=200000
[10-06 16:13:08] INFO:               cumulative s/c/t%: 81.8%/18.2%/0.0%
[10-06 16:13:08] INFO: [REPLAY-STORE] ok=11 skip=0 steps=977 buf=200000
[10-06 16:13:10] INFO: [RL-EP-0012] (12/10000) s/c/t=1/0/0 qloss=0.0000 ploss=0.0000 buf=200000
[10-06 16:13:10] INFO:               cumulative s/c/t%: 83.3%/16.7%/0.0%
[10-06 16:13:10] INFO: [REPLAY-STORE] ok=12 skip=0 steps=1067 buf=200000
[10-06 16:13:12] INFO: [RL-EP-0013] (13/10000) s/c/t=0/1/0 qloss=0.0000 ploss=0.0000 buf=200000
[10-06 16:13:12] INFO:               cumulative s/c/t%: 76.9%/23.1%/0.0%
[10-06 16:13:12] INFO: [REPLAY-STORE] ok=13 skip=0 steps=1093 buf=200000
[10-06 16:13:16] INFO: [RL-EP-0014] (14/10000) s/c/t=1/0/0 qloss=0.0000 ploss=0.0000 buf=200000
[10-06 16:13:16] INFO:               cumulative s/c/t%: 78.6%/21.4%/0.0%
[10-06 16:13:16] INFO: [REPLAY-STORE] ok=14 skip=0 steps=1282 buf=200000
[10-06 16:13:18] INFO: [RL-EP-0015] (15/10000) s/c/t=1/0/0 qloss=0.0000 ploss=0.0000 buf=200000
[10-06 16:13:18] INFO:               cumulative s/c/t%: 80.0%/20.0%/0.0%
[10-06 16:13:18] INFO: [REPLAY-STORE] ok=15 skip=0 steps=1374 buf=200000
[10-06 16:13:21] INFO: [RL-EP-0016] (16/10000) s/c/t=1/0/0 qloss=0.0000 ploss=0.0000 buf=200000
[10-06 16:13:21] INFO:               cumulative s/c/t%: 81.2%/18.8%/0.0%
[10-06 16:13:21] INFO: [REPLAY-STORE] ok=16 skip=0 steps=1487 buf=200000
[10-06 16:13:24] INFO: [RL-EP-0017] (17/10000) s/c/t=1/0/0 qloss=0.0000 ploss=0.0000 buf=200000
[10-06 16:13:24] INFO:               cumulative s/c/t%: 82.4%/17.6%/0.0%
[10-06 16:13:24] INFO: [REPLAY-STORE] ok=17 skip=0 steps=1583 buf=200000
[10-06 16:13:26] INFO: [RL-EP-0018] (18/10000) s/c/t=1/0/0 qloss=0.0000 ploss=0.0000 buf=200000
[10-06 16:13:26] INFO:               cumulative s/c/t%: 83.3%/16.7%/0.0%
[10-06 16:13:26] INFO: [REPLAY-STORE] ok=18 skip=0 steps=1655 buf=200000
[10-06 16:13:28] INFO: [RL-EP-0019] (19/10000) s/c/t=1/0/0 qloss=0.0000 ploss=0.0000 buf=200000
[10-06 16:13:28] INFO:               cumulative s/c/t%: 84.2%/15.8%/0.0%
[10-06 16:13:28] INFO: [REPLAY-STORE] ok=19 skip=0 steps=1753 buf=200000
[10-06 16:13:31] INFO: [RL-EP-0020] (20/10000) s/c/t=1/0/0 qloss=0.0000 ploss=0.0000 buf=200000
[10-06 16:13:31] INFO:               cumulative s/c/t%: 85.0%/15.0%/0.0%
[10-06 16:13:31] INFO: [REPLAY-STORE] ok=20 skip=0 steps=1866 buf=200000
[10-06 16:13:33] INFO: [RL-EP-0021] (21/10000) s/c/t=1/0/0 qloss=0.0000 ploss=0.0000 buf=200000
[10-06 16:13:33] INFO:               cumulative s/c/t%: 85.7%/14.3%/0.0%
[10-06 16:13:33] INFO: [REPLAY-STORE] ok=21 skip=0 steps=1956 buf=200000
[10-06 16:13:36] INFO: [RL-EP-0022] (22/10000) s/c/t=1/0/0 qloss=0.0000 ploss=0.0000 buf=200000
[10-06 16:13:36] INFO:               cumulative s/c/t%: 86.4%/13.6%/0.0%
[10-06 16:13:36] INFO: [REPLAY-STORE] ok=22 skip=0 steps=2029 buf=200000
[10-06 16:13:38] INFO: [RL-EP-0023] (23/10000) s/c/t=1/0/0 qloss=0.0000 ploss=0.0000 buf=200000
[10-06 16:13:38] INFO:               cumulative s/c/t%: 87.0%/13.0%/0.0%
[10-06 16:13:38] INFO: [REPLAY-STORE] ok=23 skip=0 steps=2121 buf=200000
[10-06 16:13:40] INFO: [RL-EP-0024] (24/10000) s/c/t=0/1/0 qloss=0.0000 ploss=0.0000 buf=200000
[10-06 16:13:40] INFO:               cumulative s/c/t%: 83.3%/16.7%/0.0%
[10-06 16:13:40] INFO: [REPLAY-STORE] ok=24 skip=0 steps=2146 buf=200000
[10-06 16:13:43] INFO: [SARL-LOSS] ep=25 value_loss=0.0029 epsilon=0.2958
[10-06 16:13:43] INFO: [STAT] ep=025 | roll@25(s/c/t)=0.8/0.2/0.0 (0.84/0.16/0.00) | R.mean=0.2
[10-06 16:13:43] INFO: [METRICS-25] time=22.52s | dfreq=0.000 | ddist=0.000m
[10-06 16:13:43] INFO: [METRICS-PLOT] 3-metrics curve -> /root/bayes-vl-matched-20261006/crowd_nav/runs/bayes-matched-v1/gru-seed42/curves_3metrics.png
[10-06 16:13:43] INFO: [RL-EP-0025] (25/10000) s/c/t=1/0/0 qloss=0.0000 ploss=0.0000 buf=200000
[10-06 16:13:43] INFO:               cumulative s/c/t%: 84.0%/16.0%/0.0%
[10-06 16:13:43] INFO: [REPLAY-STORE] ok=25 skip=0 steps=2252 buf=200000
[10-06 16:13:43] INFO: ================================================================================
[10-06 16:13:43] INFO: [MULTI-SCALE-25] TARGET: peak=0.900 stable_90=0ep
[10-06 16:13:43] INFO: [MULTI-SCALE-25] WINDOWS: short=0.900 med=0.840 long=0.840
[10-06 16:13:43] INFO: [MULTI-SCALE-25] QUALITY: stability=0.800 learn_rate=0.00000
[10-06 16:13:43] INFO: [MILESTONE] Peak performance 90.0% reached! Working towards stability...
[10-06 16:13:43] INFO: [HEALTH-CHECK-25] Overall: NEEDS_IMPROVEMENT (score=0.400)
[10-06 16:13:43] INFO: ================================================================================
[10-06 16:13:46] INFO: [RL-EP-0026] (26/10000) s/c/t=1/0/0 qloss=0.0000 ploss=0.0000 buf=200000
[10-06 16:13:46] INFO:               cumulative s/c/t%: 84.6%/15.4%/0.0%
[10-06 16:13:46] INFO: [REPLAY-STORE] ok=26 skip=0 steps=2334 buf=200000
[10-06 16:13:47] INFO: [RL-EP-0027] (27/10000) s/c/t=0/1/0 qloss=0.0000 ploss=0.0000 buf=200000
[10-06 16:13:47] INFO:               cumulative s/c/t%: 81.5%/18.5%/0.0%
[10-06 16:13:47] INFO: [REPLAY-STORE] ok=27 skip=0 steps=2363 buf=200000
[10-06 16:13:50] INFO: [RL-EP-0028] (28/10000) s/c/t=1/0/0 qloss=0.0000 ploss=0.0000 buf=200000
[10-06 16:13:50] INFO:               cumulative s/c/t%: 82.1%/17.9%/0.0%
[10-06 16:13:50] INFO: [REPLAY-STORE] ok=28 skip=0 steps=2473 buf=200000
[10-06 16:13:53] INFO: [RL-EP-0029] (29/10000) s/c/t=1/0/0 qloss=0.0000 ploss=0.0000 buf=200000
[10-06 16:13:53] INFO:               cumulative s/c/t%: 82.8%/17.2%/0.0%
[10-06 16:13:53] INFO: [REPLAY-STORE] ok=29 skip=0 steps=2578 buf=200000
[10-06 16:13:56] INFO: [RL-EP-0030] (30/10000) s/c/t=1/0/0 qloss=0.0000 ploss=0.0000 buf=200000
[10-06 16:13:56] INFO:               cumulative s/c/t%: 83.3%/16.7%/0.0%
[10-06 16:13:56] INFO: [REPLAY-STORE] ok=30 skip=0 steps=2684 buf=200000
[10-06 16:13:58] INFO: [RL-EP-0031] (31/10000) s/c/t=1/0/0 qloss=0.0000 ploss=0.0000 buf=200000
[10-06 16:13:58] INFO:               cumulative s/c/t%: 83.9%/16.1%/0.0%
[10-06 16:13:58] INFO: [REPLAY-STORE] ok=31 skip=0 steps=2763 buf=200000
[10-06 16:14:01] INFO: [RL-EP-0032] (32/10000) s/c/t=1/0/0 qloss=0.0000 ploss=0.0000 buf=200000
[10-06 16:14:01] INFO:               cumulative s/c/t%: 84.4%/15.6%/0.0%
[10-06 16:14:01] INFO: [REPLAY-STORE] ok=32 skip=0 steps=2867 buf=200000
[10-06 16:14:03] INFO: [RL-EP-0033] (33/10000) s/c/t=1/0/0 qloss=0.0000 ploss=0.0000 buf=200000
[10-06 16:14:03] INFO:               cumulative s/c/t%: 84.8%/15.2%/0.0%
[10-06 16:14:03] INFO: [REPLAY-STORE] ok=33 skip=0 steps=2967 buf=200000
[10-06 16:14:06] INFO: [RL-EP-0034] (34/10000) s/c/t=1/0/0 qloss=0.0000 ploss=0.0000 buf=200000
[10-06 16:14:06] INFO:               cumulative s/c/t%: 85.3%/14.7%/0.0%
[10-06 16:14:06] INFO: [REPLAY-STORE] ok=34 skip=0 steps=3047 buf=200000
[10-06 16:14:07] INFO: [RL-EP-0035] (35/10000) s/c/t=0/1/0 qloss=0.0000 ploss=0.0000 buf=200000
[10-06 16:14:07] INFO:               cumulative s/c/t%: 82.9%/17.1%/0.0%
[10-06 16:14:07] INFO: [REPLAY-STORE] ok=35 skip=0 steps=3074 buf=200000
[10-06 16:14:09] INFO: [RL-EP-0036] (36/10000) s/c/t=1/0/0 qloss=0.0000 ploss=0.0000 buf=200000
[10-06 16:14:09] INFO:               cumulative s/c/t%: 83.3%/16.7%/0.0%
[10-06 16:14:09] INFO: [REPLAY-STORE] ok=36 skip=0 steps=3129 buf=200000
[10-06 16:14:15] INFO: [RL-EP-0037] (37/10000) s/c/t=0/0/1 qloss=0.0000 ploss=0.0000 buf=200000
[10-06 16:14:15] INFO:               cumulative s/c/t%: 81.1%/16.2%/2.7%
[10-06 16:14:15] INFO: [REPLAY-STORE] ok=37 skip=0 steps=3330 buf=200000
[10-06 16:14:17] INFO: [RL-EP-0038] (38/10000) s/c/t=1/0/0 qloss=0.0000 ploss=0.0000 buf=200000
[10-06 16:14:17] INFO:               cumulative s/c/t%: 81.6%/15.8%/2.6%
[10-06 16:14:17] INFO: [REPLAY-STORE] ok=38 skip=0 steps=3412 buf=200000
[10-06 16:14:22] INFO: [RL-EP-0039] (39/10000) s/c/t=0/0/1 qloss=0.0000 ploss=0.0000 buf=200000
[10-06 16:14:22] INFO:               cumulative s/c/t%: 79.5%/15.4%/5.1%
[10-06 16:14:22] INFO: [REPLAY-STORE] ok=39 skip=0 steps=3613 buf=200000
[10-06 16:14:25] INFO: [RL-EP-0040] (40/10000) s/c/t=1/0/0 qloss=0.0000 ploss=0.0000 buf=200000
[10-06 16:14:25] INFO:               cumulative s/c/t%: 80.0%/15.0%/5.0%
[10-06 16:14:25] INFO: [REPLAY-STORE] ok=40 skip=0 steps=3726 buf=200000
[10-06 16:14:28] INFO: [RL-EP-0041] (41/10000) s/c/t=1/0/0 qloss=0.0000 ploss=0.0000 buf=200000
[10-06 16:14:28] INFO:               cumulative s/c/t%: 80.5%/14.6%/4.9%
[10-06 16:14:28] INFO: [REPLAY-STORE] ok=41 skip=0 steps=3838 buf=200000
[10-06 16:14:30] INFO: [RL-EP-0042] (42/10000) s/c/t=1/0/0 qloss=0.0000 ploss=0.0000 buf=200000
[10-06 16:14:30] INFO:               cumulative s/c/t%: 81.0%/14.3%/4.8%
[10-06 16:14:30] INFO: [REPLAY-STORE] ok=42 skip=0 steps=3942 buf=200000
[10-06 16:14:35] INFO: [RL-EP-0043] (43/10000) s/c/t=0/0/1 qloss=0.0000 ploss=0.0000 buf=200000
[10-06 16:14:35] INFO:               cumulative s/c/t%: 79.1%/14.0%/7.0%
[10-06 16:14:35] INFO: [REPLAY-STORE] ok=43 skip=0 steps=4143 buf=200000
[10-06 16:14:38] INFO: [RL-EP-0044] (44/10000) s/c/t=1/0/0 qloss=0.0000 ploss=0.0000 buf=200000
[10-06 16:14:38] INFO:               cumulative s/c/t%: 79.5%/13.6%/6.8%
[10-06 16:14:38] INFO: [REPLAY-STORE] ok=44 skip=0 steps=4229 buf=200000
[10-06 16:14:40] INFO: [RL-EP-0045] (45/10000) s/c/t=1/0/0 qloss=0.0000 ploss=0.0000 buf=200000
[10-06 16:14:40] INFO:               cumulative s/c/t%: 80.0%/13.3%/6.7%
[10-06 16:14:40] INFO: [REPLAY-STORE] ok=45 skip=0 steps=4307 buf=200000
[10-06 16:14:43] INFO: [RL-EP-0046] (46/10000) s/c/t=1/0/0 qloss=0.0000 ploss=0.0000 buf=200000
[10-06 16:14:43] INFO:               cumulative s/c/t%: 80.4%/13.0%/6.5%
[10-06 16:14:43] INFO: [REPLAY-STORE] ok=46 skip=0 steps=4387 buf=200000
[10-06 16:14:44] INFO: [RL-EP-0047] (47/10000) s/c/t=0/1/0 qloss=0.0000 ploss=0.0000 buf=200000
[10-06 16:14:44] INFO:               cumulative s/c/t%: 78.7%/14.9%/6.4%
[10-06 16:14:44] INFO: [REPLAY-STORE] ok=47 skip=0 steps=4419 buf=200000
[10-06 16:14:46] INFO: [RL-EP-0048] (48/10000) s/c/t=1/0/0 qloss=0.0000 ploss=0.0000 buf=200000
[10-06 16:14:46] INFO:               cumulative s/c/t%: 79.2%/14.6%/6.2%
[10-06 16:14:46] INFO: [REPLAY-STORE] ok=48 skip=0 steps=4512 buf=200000
[10-06 16:14:49] INFO: [RL-EP-0049] (49/10000) s/c/t=1/0/0 qloss=0.0000 ploss=0.0000 buf=200000
[10-06 16:14:49] INFO:               cumulative s/c/t%: 79.6%/14.3%/6.1%
[10-06 16:14:49] INFO: [REPLAY-STORE] ok=49 skip=0 steps=4595 buf=200000
[10-06 16:14:49] INFO: [CONFIG-CHECK] ep=50 updates_per_ep=4 (from config)
[10-06 16:14:51] INFO: [SARL-LOSS] ep=50 value_loss=0.0079 epsilon=0.2917
[10-06 16:14:51] INFO: [STAT] ep=050 | roll@25(s/c/t)=0.8/0.1/0.1 (0.80/0.14/0.06) | R.mean=0.2
[10-06 16:14:51] INFO: [METRICS-25] time=23.38s | dfreq=0.000 | ddist=0.000m
[10-06 16:14:52] INFO: [METRICS-PLOT] 3-metrics curve -> /root/bayes-vl-matched-20261006/crowd_nav/runs/bayes-matched-v1/gru-seed42/curves_3metrics.png
[10-06 16:14:52] INFO: [RL-EP-0050] (50/10000) s/c/t=1/0/0 qloss=0.0000 ploss=0.0000 buf=200000
[10-06 16:14:52] INFO:               cumulative s/c/t%: 80.0%/14.0%/6.0%
[10-06 16:14:52] INFO: [REPLAY-STORE] ok=50 skip=0 steps=4676 buf=200000
[10-06 16:14:52] INFO: ================================================================================
[10-06 16:14:52] INFO: [MULTI-SCALE-50] TARGET: peak=0.900 stable_90=0ep
[10-06 16:14:52] INFO: [MULTI-SCALE-50] WINDOWS: short=0.800 med=0.760 long=0.800
[10-06 16:14:52] INFO: [MULTI-SCALE-50] QUALITY: stability=0.800 learn_rate=0.00000
[10-06 16:14:52] INFO: [MILESTONE] Peak performance 90.0% reached! Working towards stability...
[10-06 16:14:52] INFO: [HEALTH-CHECK-50] Overall: NEEDS_IMPROVEMENT (score=0.400)
[10-06 16:14:52] INFO: ================================================================================
[10-06 16:14:53] INFO: [RL-EP-0051] (51)
[10-06 16:14:55] INFO: [RL-EP-0052] (52)
[10-06 16:14:57] INFO: [RL-EP-0053] (53)
[10-06 16:14:59] INFO: [RL-EP-0054] (54)
[10-06 16:15:02] INFO: [RL-EP-0055] roll=0.780/0.160/0.060
[10-06 16:15:04] INFO: [RL-EP-0056] (56)
[10-06 16:15:06] INFO: [RL-EP-0057] (57)
[10-06 16:15:08] INFO: [RL-EP-0058] (58)
[10-06 16:15:11] INFO: [RL-EP-0059] (59)
[10-06 16:15:12] INFO: [RL-EP-0060] roll=0.760/0.180/0.060
[10-06 16:15:14] INFO: [RL-EP-0061] (61)
[10-06 16:15:17] INFO: [RL-EP-0062] (62)
[10-06 16:15:19] INFO: [RL-EP-0063] (63)
[10-06 16:15:21] INFO: [RL-EP-0064] (64)
[10-06 16:15:22] INFO: [RL-EP-0065] roll=0.780/0.160/0.060
[10-06 16:15:25] INFO: [RL-EP-0066] (66)
[10-06 16:15:27] INFO: [RL-EP-0067] (67)
[10-06 16:15:30] INFO: [RL-EP-0068] (68)
[10-06 16:15:32] INFO: [RL-EP-0069] (69)
[10-06 16:15:34] INFO: [RL-EP-0070] roll=0.780/0.160/0.060
[10-06 16:15:36] INFO: [RL-EP-0071] (71)
[10-06 16:15:39] INFO: [RL-EP-0072] (72)
[10-06 16:15:41] INFO: [RL-EP-0073] (73)
[10-06 16:15:43] INFO: [RL-EP-0074] (74)
[10-06 16:15:46] INFO: [SARL-LOSS] ep=75 value_loss=0.0070 epsilon=0.2875
[10-06 16:15:46] INFO: [STAT] ep=075 | roll@25(s/c/t)=0.8/0.1/0.1 (0.80/0.14/0.06) | R.mean=0.3
[10-06 16:15:46] INFO: [METRICS-25] time=20.89s | dfreq=0.000 | ddist=0.000m
[10-06 16:15:46] INFO: [METRICS-PLOT] 3-metrics curve -> /root/bayes-vl-matched-20261006/crowd_nav/runs/bayes-matched-v1/gru-seed42/curves_3metrics.png
[10-06 16:15:46] INFO: [RL-EP-0075] (75/10000) s/c/t=1/0/0 qloss=0.0000 ploss=0.0000 buf=200000
[10-06 16:15:46] INFO:               cumulative s/c/t%: 80.0%/14.0%/6.0%
[10-06 16:15:46] INFO: [REPLAY-STORE] ok=75 skip=0 steps=6431 buf=200000
[10-06 16:15:46] INFO: [STAGE0-MONITOR] timeout_ratio=0.060 (target: decrease over time)
[10-06 16:15:46] INFO: ================================================================================
[10-06 16:15:46] INFO: [MULTI-SCALE-75] TARGET: peak=0.900 stable_90=0ep
[10-06 16:15:46] INFO: [MULTI-SCALE-75] WINDOWS: short=1.000 med=0.840 long=0.813
[10-06 16:15:46] INFO: [MULTI-SCALE-75] QUALITY: stability=0.800 learn_rate=0.00000
[10-06 16:15:46] INFO: [MILESTONE] Peak performance 90.0% reached! Working towards stability...
[10-06 16:15:46] INFO: [HEALTH-CHECK-75] Overall: NEEDS_IMPROVEMENT (score=0.400)
[10-06 16:15:46] INFO: ================================================================================
[10-06 16:15:48] INFO: [RL-EP-0076] (76)
[10-06 16:15:51] INFO: [RL-EP-0077] (77)
[10-06 16:15:53] INFO: [RL-EP-0078] (78)
[10-06 16:15:54] INFO: [RL-EP-0079] (79)
[10-06 16:15:56] INFO: [RL-EP-0080] roll=0.800/0.140/0.060
[10-06 16:15:59] INFO: [RL-EP-0081] (81)
[10-06 16:16:01] INFO: [RL-EP-0082] (82)
[10-06 16:16:04] INFO: [RL-EP-0083] (83)
[10-06 16:16:06] INFO: [RL-EP-0084] (84)
[10-06 16:16:08] INFO: [RL-EP-0085] roll=0.820/0.120/0.060
[10-06 16:16:10] INFO: [RL-EP-0086] (86)
[10-06 16:16:13] INFO: [RL-EP-0087] (87)
[10-06 16:16:15] INFO: [RL-EP-0088] (88)
[10-06 16:16:17] INFO: [RL-EP-0089] (89)
[10-06 16:16:20] INFO: [RL-EP-0090] roll=0.860/0.120/0.020
[10-06 16:16:23] INFO: [RL-EP-0091] (91)
[10-06 16:16:25] INFO: [RL-EP-0092] (92)
[10-06 16:16:28] INFO: [RL-EP-0093] (93)
[10-06 16:16:30] INFO: [RL-EP-0094] (94)
[10-06 16:16:32] INFO: [RL-EP-0095] roll=0.880/0.120/0.000
[10-06 16:16:35] INFO: [RL-EP-0096] (96)
[10-06 16:16:37] INFO: [RL-EP-0097] (97)
[10-06 16:16:39] INFO: [RL-EP-0098] (98)
[10-06 16:16:41] INFO: [RL-EP-0099] (99)
[10-06 16:16:41] INFO: [CONFIG-CHECK] ep=100 updates_per_ep=4 (from config)
[10-06 16:16:41] INFO: [SARL-EPSILON] ep=100 epsilon=0.2833 (start=0.3, end=0.05, decay=1500)
[10-06 16:16:44] INFO: [SARL-REPLAY] ep=100 buffer_size=200000 updates=4
[10-06 16:16:44] INFO: [SARL-LOSS] ep=100 value_loss=0.0044 epsilon=0.2833
[10-06 16:16:44] INFO: [SARL-STATS] ep=100 buffer_size=200000
[10-06 16:16:44] INFO: [STAT] ep=100 | roll@25(s/c/t)=0.9/0.1/0.0 (0.90/0.10/0.00) | R.mean=0.4
[10-06 16:16:44] INFO: [METRICS-25] time=18.23s | dfreq=0.000 | ddist=0.000m
[10-06 16:16:44] INFO: [METRICS-PLOT] 3-metrics curve -> /root/bayes-vl-matched-20261006/crowd_nav/runs/bayes-matched-v1/gru-seed42/curves_3metrics.png
[10-06 16:16:44] INFO: [RL-EP-0100] (100/10000) s/c/t=1/0/0 qloss=0.0000 ploss=0.0000 buf=200000
[10-06 16:16:44] INFO:               cumulative s/c/t%: 90.0%/10.0%/0.0%
[10-06 16:16:44] INFO: [REPLAY-STORE] ok=100 skip=0 steps=8323 buf=200000
[10-06 16:16:44] INFO: [STAGE0-MONITOR] timeout_ratio=0.000 (target: decrease over time)
[10-06 16:16:44] INFO: [SOT-0100] REWARD succ=1.0/coll=-0.50 | GRID 5×16=80 | EVENTS s=0.90/c=0.10/t=0.00
[10-06 16:16:44] INFO: ================================================================================
[10-06 16:16:44] INFO: [MULTI-SCALE-100] TARGET: peak=0.900 stable_90=4ep
[10-06 16:16:44] INFO: [MULTI-SCALE-100] WINDOWS: short=1.000 med=0.960 long=0.850
[10-06 16:16:44] INFO: [MULTI-SCALE-100] QUALITY: stability=0.800 learn_rate=0.00000
[10-06 16:16:44] INFO: [MILESTONE] Peak performance 90.0% reached! Working towards stability...
[10-06 16:16:44] INFO: [HEALTH-CHECK-100] Overall: NEEDS_IMPROVEMENT (score=0.400)
[10-06 16:16:44] INFO: ================================================================================
[10-06 16:16:47] INFO: [RL-EP-0101] (101)
[10-06 16:16:49] INFO: [RL-EP-0102] (102)
[10-06 16:16:51] INFO: [RL-EP-0103] (103)
[10-06 16:16:54] INFO: [RL-EP-0104] (104)
[10-06 16:16:56] INFO: [RL-EP-0105] roll=0.940/0.060/0.000
[10-06 16:16:59] INFO: [RL-EP-0106] (106)
[10-06 16:17:00] INFO: [RL-EP-0107] (107)
[10-06 16:17:02] INFO: [RL-EP-0108] (108)
[10-06 16:17:04] INFO: [RL-EP-0109] (109)
[10-06 16:17:07] INFO: [RL-EP-0110] roll=0.940/0.060/0.000
[10-06 16:17:08] INFO: [RL-EP-0111] (111)
[10-06 16:17:10] INFO: [RL-EP-0112] (112)
[10-06 16:17:12] INFO: [RL-EP-0113] (113)
[10-06 16:17:15] INFO: [RL-EP-0114] (114)
[10-06 16:17:17] INFO: [RL-EP-0115] roll=0.940/0.060/0.000
[10-06 16:17:20] INFO: [RL-EP-0116] (116)
[10-06 16:17:22] INFO: [RL-EP-0117] (117)
[10-06 16:17:25] INFO: [RL-EP-0118] (118)
[10-06 16:17:27] INFO: [RL-EP-0119] (119)
[10-06 16:17:29] INFO: [RL-EP-0120] roll=0.940/0.060/0.000
[10-06 16:17:32] INFO: [RL-EP-0121] (121)
[10-06 16:17:35] INFO: [RL-EP-0122] (122)
[10-06 16:17:36] INFO: [RL-EP-0123] (123)
[10-06 16:17:38] INFO: [RL-EP-0124] (124)
[10-06 16:17:40] INFO: [SARL-LOSS] ep=125 value_loss=0.0080 epsilon=0.2792
[10-06 16:17:40] INFO: [STAT] ep=125 | roll@25(s/c/t)=0.9/0.1/0.0 (0.92/0.08/0.00) | R.mean=0.4
[10-06 16:17:40] INFO: [METRICS-25] time=18.18s | dfreq=0.000 | ddist=0.000m
[10-06 16:17:41] INFO: [METRICS-PLOT] 3-metrics curve -> /root/bayes-vl-matched-20261006/crowd_nav/runs/bayes-matched-v1/gru-seed42/curves_3metrics.png
[10-06 16:17:41] INFO: [RL-EP-0125] (125/10000) s/c/t=1/0/0 qloss=0.0000 ploss=0.0000 buf=200000
[10-06 16:17:41] INFO:               cumulative s/c/t%: 92.0%/8.0%/0.0%
[10-06 16:17:41] INFO: [REPLAY-STORE] ok=125 skip=0 steps=10066 buf=200000
[10-06 16:17:41] INFO: [STAGE0-MONITOR] timeout_ratio=0.000 (target: decrease over time)
[10-06 16:17:41] INFO: ================================================================================
[10-06 16:17:41] INFO: [MULTI-SCALE-125] TARGET: peak=0.940 stable_90=10ep
[10-06 16:17:41] INFO: [MULTI-SCALE-125] WINDOWS: short=0.900 med=0.880 long=0.860
[10-06 16:17:41] INFO: [MULTI-SCALE-125] QUALITY: stability=0.800 learn_rate=0.00000
[10-06 16:17:41] INFO: [ACHIEVEMENT] Stable 90%+ success rate achieved for 10 episodes!
[10-06 16:17:41] INFO: [HEALTH-CHECK-125] Overall: NEEDS_IMPROVEMENT (score=0.400)
[10-06 16:17:41] INFO: ================================================================================
[10-06 16:17:42] INFO: [RL-EP-0126] (126)
[10-06 16:17:45] INFO: [RL-EP-0127] (127)
[10-06 16:17:46] INFO: [RL-EP-0128] (128)
[10-06 16:17:48] INFO: [RL-EP-0129] (129)
[10-06 16:17:53] INFO: [RL-EP-0130] roll=0.880/0.100/0.020
[10-06 16:17:55] INFO: [RL-EP-0131] (131)
[10-06 16:17:58] INFO: [RL-EP-0132] (132)
[10-06 16:18:00] INFO: [RL-EP-0133] (133)
[10-06 16:18:03] INFO: [RL-EP-0134] (134)
[10-06 16:18:05] INFO: [RL-EP-0135] roll=0.880/0.100/0.020
[10-06 16:18:08] INFO: [RL-EP-0136] (136)
[10-06 16:18:10] INFO: [RL-EP-0137] (137)
[10-06 16:18:12] INFO: [RL-EP-0138] (138)
[10-06 16:18:13] INFO: [RL-EP-0139] (139)
[10-06 16:18:16] INFO: [RL-EP-0140] roll=0.860/0.120/0.020
[10-06 16:18:18] INFO: [RL-EP-0141] (141)
[10-06 16:18:20] INFO: [RL-EP-0142] (142)
[10-06 16:18:22] INFO: [RL-EP-0143] (143)
[10-06 16:18:24] INFO: [RL-EP-0144] (144)
[10-06 16:18:27] INFO: [RL-EP-0145] roll=0.860/0.120/0.020
[10-06 16:18:29] INFO: [RL-EP-0146] (146)
[10-06 16:18:32] INFO: [RL-EP-0147] (147)
[10-06 16:18:34] INFO: [RL-EP-0148] (148)
[10-06 16:18:36] INFO: [RL-EP-0149] (149)
[10-06 16:18:36] INFO: [CONFIG-CHECK] ep=150 updates_per_ep=4 (from config)
[10-06 16:18:39] INFO: [SARL-LOSS] ep=150 value_loss=0.0087 epsilon=0.2750
[10-06 16:18:39] INFO: [STAT] ep=150 | roll@25(s/c/t)=0.9/0.1/0.0 (0.86/0.12/0.02) | R.mean=0.3
[10-06 16:18:39] INFO: [METRICS-25] time=18.14s | dfreq=0.000 | ddist=0.000m
[10-06 16:18:39] INFO: [METRICS-PLOT] 3-metrics curve -> /root/bayes-vl-matched-20261006/crowd_nav/runs/bayes-matched-v1/gru-seed42/curves_3metrics.png
[10-06 16:18:39] INFO: [RL-EP-0150] (150/10000) s/c/t=1/0/0 qloss=0.0000 ploss=0.0000 buf=200000
[10-06 16:18:39] INFO:               cumulative s/c/t%: 86.0%/12.0%/2.0%
[10-06 16:18:39] INFO: [REPLAY-STORE] ok=150 skip=0 steps=11950 buf=200000
[10-06 16:18:39] INFO: [STAGE0-MONITOR] timeout_ratio=0.020 (target: decrease over time)
[10-06 16:18:39] INFO: ================================================================================
[10-06 16:18:39] INFO: [MULTI-SCALE-150] TARGET: peak=0.940 stable_90=0ep
[10-06 16:18:39] INFO: [MULTI-SCALE-150] WINDOWS: short=1.000 med=0.840 long=0.880
[10-06 16:18:39] INFO: [MULTI-SCALE-150] QUALITY: stability=0.800 learn_rate=0.00000
[10-06 16:18:39] INFO: [MILESTONE] Peak performance 94.0% reached! Working towards stability...
[10-06 16:18:39] INFO: [HEALTH-CHECK-150] Overall: NEEDS_IMPROVEMENT (score=0.400)
[10-06 16:18:39] INFO: ================================================================================
[10-06 16:18:42] INFO: [RL-EP-0151] (151)
[10-06 16:18:44] INFO: [RL-EP-0152] (152)
[10-06 16:18:46] INFO: [RL-EP-0153] (153)
[10-06 16:18:48] INFO: [RL-EP-0154] (154)
[10-06 16:18:51] INFO: [RL-EP-0155] roll=0.860/0.120/0.020
[10-06 16:18:56] INFO: [RL-EP-0156] (156)
[10-06 16:18:59] INFO: [RL-EP-0157] (157)
[10-06 16:19:00] INFO: [RL-EP-0158] (158)
[10-06 16:19:02] INFO: [RL-EP-0159] (159)
[10-06 16:19:04] INFO: [RL-EP-0160] roll=0.840/0.120/0.040
[10-06 16:19:06] INFO: [RL-EP-0161] (161)
[10-06 16:19:08] INFO: [RL-EP-0162] (162)
[10-06 16:19:11] INFO: [RL-EP-0163] (163)
[10-06 16:19:13] INFO: [RL-EP-0164] (164)
[10-06 16:19:15] INFO: [RL-EP-0165] roll=0.860/0.100/0.040
[10-06 16:19:17] INFO: [RL-EP-0166] (166)
[10-06 16:19:20] INFO: [RL-EP-0167] (167)
[10-06 16:19:22] INFO: [RL-EP-0168] (168)
[10-06 16:19:24] INFO: [RL-EP-0169] (169)
[10-06 16:19:27] INFO: [RL-EP-0170] roll=0.860/0.100/0.040
[10-06 16:19:29] INFO: [RL-EP-0171] (171)
[10-06 16:19:32] INFO: [RL-EP-0172] (172)
[10-06 16:19:34] INFO: [RL-EP-0173] (173)
[10-06 16:19:36] INFO: [RL-EP-0174] (174)
[10-06 16:19:37] INFO: [SARL-LOSS] ep=175 value_loss=0.0093 epsilon=0.2708
[10-06 16:19:37] INFO: [STAT] ep=175 | roll@25(s/c/t)=0.9/0.1/0.0 (0.86/0.10/0.04) | R.mean=0.4
[10-06 16:19:37] INFO: [METRICS-25] time=18.78s | dfreq=0.000 | ddist=0.000m
[10-06 16:19:38] INFO: [METRICS-PLOT] 3-metrics curve -> /root/bayes-vl-matched-20261006/crowd_nav/runs/bayes-matched-v1/gru-seed42/curves_3metrics.png
[10-06 16:19:38] INFO: [RL-EP-0175] (175/10000) s/c/t=0/1/0 qloss=0.0000 ploss=0.0000 buf=200000
[10-06 16:19:38] INFO:               cumulative s/c/t%: 86.0%/10.0%/4.0%
[10-06 16:19:38] INFO: [REPLAY-STORE] ok=175 skip=0 steps=13822 buf=200000
[10-06 16:19:38] INFO: [STAGE0-MONITOR] timeout_ratio=0.040 (target: decrease over time)
[10-06 16:19:38] INFO: ================================================================================
[10-06 16:19:38] INFO: [MULTI-SCALE-175] TARGET: peak=0.940 stable_90=0ep
[10-06 16:19:38] INFO: [MULTI-SCALE-175] WINDOWS: short=0.900 med=0.880 long=0.890
[10-06 16:19:38] INFO: [MULTI-SCALE-175] QUALITY: stability=0.800 learn_rate=0.00000
[10-06 16:19:38] INFO: [MILESTONE] Peak performance 94.0% reached! Working towards stability...
[10-06 16:19:38] INFO: [HEALTH-CHECK-175] Overall: NEEDS_IMPROVEMENT (score=0.400)
[10-06 16:19:38] INFO: ================================================================================
[10-06 16:19:40] INFO: [RL-EP-0176] (176)
[10-06 16:19:42] INFO: [RL-EP-0177] (177)
[10-06 16:19:43] INFO: [RL-EP-0178] (178)
[10-06 16:19:46] INFO: [RL-EP-0179] (179)
[10-06 16:19:47] INFO: [RL-EP-0180] roll=0.880/0.100/0.020
[10-06 16:19:49] INFO: [RL-EP-0181] (181)
[10-06 16:19:51] INFO: [RL-EP-0182] (182)
[10-06 16:19:53] INFO: [RL-EP-0183] (183)
[10-06 16:19:55] INFO: [RL-EP-0184] (184)
[10-06 16:19:57] INFO: [RL-EP-0185] roll=0.840/0.140/0.020
[10-06 16:19:58] INFO: [RL-EP-0186] (186)
[10-06 16:20:01] INFO: [RL-EP-0187] (187)
[10-06 16:20:03] INFO: [RL-EP-0188] (188)
[10-06 16:20:06] INFO: [RL-EP-0189] (189)
[10-06 16:20:08] INFO: [RL-EP-0190] roll=0.840/0.140/0.020
[10-06 16:20:09] INFO: [RL-EP-0191] (191)
[10-06 16:20:12] INFO: [RL-EP-0192] (192)
[10-06 16:20:14] INFO: [RL-EP-0193] (193)
[10-06 16:20:16] INFO: [RL-EP-0194] (194)
[10-06 16:20:19] INFO: [RL-EP-0195] roll=0.820/0.160/0.020
[10-06 16:20:21] INFO: [RL-EP-0196] (196)
[10-06 16:20:22] INFO: [RL-EP-0197] (197)
[10-06 16:20:25] INFO: [RL-EP-0198] (198)
[10-06 16:20:27] INFO: [RL-EP-0199] (199)
[10-06 16:20:27] INFO: [CONFIG-CHECK] ep=200 updates_per_ep=4 (from config)
[10-06 16:20:27] INFO: [SARL-EPSILON] ep=200 epsilon=0.2667 (start=0.3, end=0.05, decay=1500)
[10-06 16:20:30] INFO: [SARL-REPLAY] ep=200 buffer_size=200000 updates=4
[10-06 16:20:30] INFO: [SARL-LOSS] ep=200 value_loss=0.0103 epsilon=0.2667
[10-06 16:20:30] INFO: [SARL-STATS] ep=200 buffer_size=200000
[10-06 16:20:30] INFO: [STAT] ep=200 | roll@25(s/c/t)=0.8/0.2/0.0 (0.80/0.18/0.02) | R.mean=0.3
[10-06 16:20:30] INFO: [METRICS-25] time=17.20s | dfreq=0.000 | ddist=0.000m
[10-06 16:20:30] INFO: [METRICS-PLOT] 3-metrics curve -> /root/bayes-vl-matched-20261006/crowd_nav/runs/bayes-matched-v1/gru-seed42/curves_3metrics.png
[10-06 16:20:30] INFO: [RL-EP-0200] (200/10000) s/c/t=1/0/0 qloss=0.0000 ploss=0.0000 buf=200000
[10-06 16:20:30] INFO:               cumulative s/c/t%: 80.0%/18.0%/2.0%
[10-06 16:20:30] INFO: [REPLAY-STORE] ok=200 skip=0 steps=15391 buf=200000
[10-06 16:20:30] INFO: [STAGE0-MONITOR] timeout_ratio=0.020 (target: decrease over time)
[10-06 16:20:30] INFO: [SOT-0200] REWARD succ=1.0/coll=-0.50 | GRID 5×16=80 | EVENTS s=0.80/c=0.18/t=0.02
[10-06 16:20:30] INFO: ================================================================================
[10-06 16:20:30] INFO: [MULTI-SCALE-200] TARGET: peak=0.940 stable_90=0ep
[10-06 16:20:30] INFO: [MULTI-SCALE-200] WINDOWS: short=0.800 med=0.720 long=0.830
[10-06 16:20:30] INFO: [MULTI-SCALE-200] QUALITY: stability=0.800 learn_rate=0.00000
[10-06 16:20:30] INFO: [MILESTONE] Peak performance 94.0% reached! Working towards stability...
[10-06 16:20:30] INFO: [HEALTH-CHECK-200] Overall: NEEDS_IMPROVEMENT (score=0.400)
[10-06 16:20:30] INFO: ================================================================================
[10-06 16:20:33] INFO: [RL-EP-0201] (201)
[10-06 16:20:35] INFO: [RL-EP-0202] (202)
[10-06 16:20:38] INFO: [RL-EP-0203] (203)
[10-06 16:20:40] INFO: [RL-EP-0204] (204)
[10-06 16:20:42] INFO: [RL-EP-0205] roll=0.780/0.200/0.020
[10-06 16:20:43] INFO: [RL-EP-0206] (206)
[10-06 16:20:46] INFO: [RL-EP-0207] (207)
[10-06 16:20:48] INFO: [RL-EP-0208] (208)
[10-06 16:20:51] INFO: [RL-EP-0209] (209)
[10-06 16:20:54] INFO: [RL-EP-0210] roll=0.800/0.200/0.000
[10-06 16:20:56] INFO: [RL-EP-0211] (211)
[10-06 16:20:58] INFO: [RL-EP-0212] (212)
[10-06 16:21:00] INFO: [RL-EP-0213] (213)
[10-06 16:21:03] INFO: [RL-EP-0214] (214)
[10-06 16:21:05] INFO: [RL-EP-0215] roll=0.780/0.220/0.000
[10-06 16:21:08] INFO: [RL-EP-0216] (216)
[10-06 16:21:10] INFO: [RL-EP-0217] (217)
[10-06 16:21:13] INFO: [RL-EP-0218] (218)
[10-06 16:21:15] INFO: [RL-EP-0219] (219)
[10-06 16:21:18] INFO: [RL-EP-0220] roll=0.780/0.220/0.000
[10-06 16:21:21] INFO: [RL-EP-0221] (221)
[10-06 16:21:24] INFO: [RL-EP-0222] (222)
[10-06 16:21:27] INFO: [RL-EP-0223] (223)
[10-06 16:21:29] INFO: [RL-EP-0224] (224)
[10-06 16:21:31] INFO: [SARL-LOSS] ep=225 value_loss=0.0141 epsilon=0.2625
[10-06 16:21:31] INFO: [STAT] ep=225 | roll@25(s/c/t)=0.8/0.2/0.0 (0.80/0.20/0.00) | R.mean=0.3
[10-06 16:21:31] INFO: [METRICS-25] time=17.81s | dfreq=0.000 | ddist=0.000m
[10-06 16:21:32] INFO: [METRICS-PLOT] 3-metrics curve -> /root/bayes-vl-matched-20261006/crowd_nav/runs/bayes-matched-v1/gru-seed42/curves_3metrics.png
[10-06 16:21:32] INFO: [RL-EP-0225] (225/10000) s/c/t=1/0/0 qloss=0.0000 ploss=0.0000 buf=200000
[10-06 16:21:32] INFO:               cumulative s/c/t%: 80.0%/20.0%/0.0%
[10-06 16:21:32] INFO: [REPLAY-STORE] ok=225 skip=0 steps=17384 buf=200000
[10-06 16:21:32] INFO: [STAGE0-MONITOR] timeout_ratio=0.000 (target: decrease over time)
[10-06 16:21:32] INFO: ================================================================================
[10-06 16:21:32] INFO: [MULTI-SCALE-225] TARGET: peak=0.940 stable_90=0ep
[10-06 16:21:32] INFO: [MULTI-SCALE-225] WINDOWS: short=1.000 med=0.880 long=0.830
[10-06 16:21:32] INFO: [MULTI-SCALE-225] QUALITY: stability=0.800 learn_rate=0.00000
[10-06 16:21:32] INFO: [MILESTONE] Peak performance 94.0% reached! Working towards stability...
[10-06 16:21:32] INFO: [HEALTH-CHECK-225] Overall: NEEDS_IMPROVEMENT (score=0.400)
[10-06 16:21:32] INFO: ================================================================================
[10-06 16:21:34] INFO: [RL-EP-0226] (226)
[10-06 16:21:37] INFO: [RL-EP-0227] (227)
[10-06 16:21:39] INFO: [RL-EP-0228] (228)
[10-06 16:21:41] INFO: [RL-EP-0229] (229)
[10-06 16:21:44] INFO: [RL-EP-0230] roll=0.840/0.160/0.000
[10-06 16:21:47] INFO: [RL-EP-0231] (231)
[10-06 16:21:49] INFO: [RL-EP-0232] (232)
[10-06 16:21:51] INFO: [RL-EP-0233] (233)
[10-06 16:21:54] INFO: [RL-EP-0234] (234)
[10-06 16:21:56] INFO: [RL-EP-0235] roll=0.880/0.120/0.000
[10-06 16:21:59] INFO: [RL-EP-0236] (236)
[10-06 16:22:01] INFO: [RL-EP-0237] (237)
[10-06 16:22:04] INFO: [RL-EP-0238] (238)
[10-06 16:22:06] INFO: [RL-EP-0239] (239)
[10-06 16:22:09] INFO: [RL-EP-0240] roll=0.900/0.100/0.000
[10-06 16:22:12] INFO: [RL-EP-0241] (241)
[10-06 16:22:14] INFO: [RL-EP-0242] (242)
[10-06 16:22:17] INFO: [RL-EP-0243] (243)
[10-06 16:22:18] INFO: [RL-EP-0244] (244)
[10-06 16:22:21] INFO: [RL-EP-0245] roll=0.900/0.100/0.000
[10-06 16:22:24] INFO: [RL-EP-0246] (246)
[10-06 16:22:26] INFO: [RL-EP-0247] (247)
[10-06 16:22:29] INFO: [RL-EP-0248] (248)
[10-06 16:22:31] INFO: [RL-EP-0249] (249)
[10-06 16:22:31] INFO: [CONFIG-CHECK] ep=250 updates_per_ep=4 (from config)
[10-06 16:22:34] INFO: [SARL-LOSS] ep=250 value_loss=0.0127 epsilon=0.2583
[10-06 16:22:34] INFO: [STAT] ep=250 | roll@25(s/c/t)=0.9/0.1/0.0 (0.92/0.08/0.00) | R.mean=0.4
[10-06 16:22:34] INFO: [METRICS-25] time=20.41s | dfreq=0.000 | ddist=0.000m
[10-06 16:22:34] INFO: [METRICS-PLOT] 3-metrics curve -> /root/bayes-vl-matched-20261006/crowd_nav/runs/bayes-matched-v1/gru-seed42/curves_3metrics.png
[10-06 16:22:34] INFO: [RL-EP-0250] (250/10000) s/c/t=1/0/0 qloss=0.0000 ploss=0.0000 buf=200000
[10-06 16:22:34] INFO:               cumulative s/c/t%: 92.0%/8.0%/0.0%
[10-06 16:22:34] INFO: [REPLAY-STORE] ok=250 skip=0 steps=19474 buf=200000
[10-06 16:22:34] INFO: [STAGE0-MONITOR] timeout_ratio=0.000 (target: decrease over time)
[10-06 16:22:34] INFO: ================================================================================
[10-06 16:22:34] INFO: [MULTI-SCALE-250] TARGET: peak=0.940 stable_90=10ep
[10-06 16:22:34] INFO: [MULTI-SCALE-250] WINDOWS: short=0.900 med=0.960 long=0.860
[10-06 16:22:34] INFO: [MULTI-SCALE-250] QUALITY: stability=0.800 learn_rate=0.00000
[10-06 16:22:34] INFO: [ACHIEVEMENT] Stable 90%+ success rate achieved for 10 episodes!
[10-06 16:22:34] INFO: [HEALTH-CHECK-250] Overall: NEEDS_IMPROVEMENT (score=0.400)
[10-06 16:22:34] INFO: ================================================================================
[10-06 16:22:37] INFO: [RL-EP-0251] (251)
[10-06 16:22:39] INFO: [RL-EP-0252] (252)
[10-06 16:22:41] INFO: [RL-EP-0253] (253)
[10-06 16:22:44] INFO: [RL-EP-0254] (254)
[10-06 16:22:46] INFO: [RL-EP-0255] roll=0.940/0.060/0.000
[10-06 16:22:49] INFO: [RL-EP-0256] (256)
[10-06 16:22:52] INFO: [RL-EP-0257] (257)
[10-06 16:22:54] INFO: [RL-EP-0258] (258)
[10-06 16:22:57] INFO: [RL-EP-0259] (259)
[10-06 16:22:58] INFO: [RL-EP-0260] roll=0.940/0.060/0.000
[10-06 16:23:01] INFO: [RL-EP-0261] (261)
[10-06 16:23:06] INFO: [RL-EP-0262] (262)
[10-06 16:23:08] INFO: [RL-EP-0263] (263)
[10-06 16:23:10] INFO: [RL-EP-0264] (264)
[10-06 16:23:13] INFO: [RL-EP-0265] roll=0.940/0.040/0.020
[10-06 16:23:14] INFO: [RL-EP-0266] (266)
[10-06 16:23:17] INFO: [RL-EP-0267] (267)
[10-06 16:23:19] INFO: [RL-EP-0268] (268)
[10-06 16:23:21] INFO: [RL-EP-0269] (269)
[10-06 16:23:23] INFO: [RL-EP-0270] roll=0.900/0.080/0.020
[10-06 16:23:25] INFO: [RL-EP-0271] (271)
[10-06 16:23:27] INFO: [RL-EP-0272] (272)
[10-06 16:23:29] INFO: [RL-EP-0273] (273)
[10-06 16:23:30] INFO: [RL-EP-0274] (274)
[10-06 16:23:32] INFO: [SARL-LOSS] ep=275 value_loss=0.0129 epsilon=0.2542
[10-06 16:23:32] INFO: [STAT] ep=275 | roll@25(s/c/t)=0.8/0.2/0.0 (0.82/0.16/0.02) | R.mean=0.3
[10-06 16:23:32] INFO: [METRICS-25] time=19.59s | dfreq=0.000 | ddist=0.000m
[10-06 16:23:32] INFO: [METRICS-PLOT] 3-metrics curve -> /root/bayes-vl-matched-20261006/crowd_nav/runs/bayes-matched-v1/gru-seed42/curves_3metrics.png
[10-06 16:23:32] INFO: [RL-EP-0275] (275/10000) s/c/t=0/1/0 qloss=0.0000 ploss=0.0000 buf=200000
[10-06 16:23:32] INFO:               cumulative s/c/t%: 82.0%/16.0%/2.0%
[10-06 16:23:32] INFO: [REPLAY-STORE] ok=275 skip=0 steps=21302 buf=200000
[10-06 16:23:32] INFO: [STAGE0-MONITOR] timeout_ratio=0.020 (target: decrease over time)
[10-06 16:23:32] INFO: ================================================================================
[10-06 16:23:32] INFO: [MULTI-SCALE-275] TARGET: peak=0.960 stable_90=5ep
[10-06 16:23:32] INFO: [MULTI-SCALE-275] WINDOWS: short=0.400 med=0.680 long=0.810
[10-06 16:23:32] INFO: [MULTI-SCALE-275] QUALITY: stability=0.800 learn_rate=0.00000
[10-06 16:23:32] INFO: [ACHIEVEMENT] Stable 90%+ success rate achieved for 5 episodes!
[10-06 16:23:32] INFO: [HEALTH-CHECK-275] Overall: NEEDS_IMPROVEMENT (score=0.400)
[10-06 16:23:32] INFO: ================================================================================
[10-06 16:23:34] INFO: [RL-EP-0276] (276)
[10-06 16:23:37] INFO: [RL-EP-0277] (277)
[10-06 16:23:40] INFO: [RL-EP-0278] (278)
[10-06 16:23:42] INFO: [RL-EP-0279] (279)
[10-06 16:23:45] INFO: [RL-EP-0280] roll=0.820/0.160/0.020
[10-06 16:23:47] INFO: [RL-EP-0281] (281)
[10-06 16:23:50] INFO: [RL-EP-0282] (282)
[10-06 16:23:52] INFO: [RL-EP-0283] (283)
[10-06 16:23:55] INFO: [RL-EP-0284] (284)
[10-06 16:23:57] INFO: [RL-EP-0285] roll=0.820/0.160/0.020
[10-06 16:24:00] INFO: [RL-EP-0286] (286)
[10-06 16:24:02] INFO: [RL-EP-0287] (287)
[10-06 16:24:04] INFO: [RL-EP-0288] (288)
[10-06 16:24:07] INFO: [RL-EP-0289] (289)
[10-06 16:24:09] INFO: [RL-EP-0290] roll=0.800/0.180/0.020
[10-06 16:24:10] INFO: [RL-EP-0291] (291)
[10-06 16:24:13] INFO: [RL-EP-0292] (292)
[10-06 16:24:16] INFO: [RL-EP-0293] (293)
[10-06 16:24:18] INFO: [RL-EP-0294] (294)
[10-06 16:24:20] INFO: [RL-EP-0295] roll=0.800/0.180/0.020
[10-06 16:24:21] INFO: [RL-EP-0296] (296)
[10-06 16:24:24] INFO: [RL-EP-0297] (297)
[10-06 16:24:26] INFO: [RL-EP-0298] (298)
[10-06 16:24:29] INFO: [RL-EP-0299] (299)
[10-06 16:24:29] INFO: [CONFIG-CHECK] ep=300 updates_per_ep=4 (from config)
[10-06 16:24:29] INFO: [SARL-EPSILON] ep=300 epsilon=0.2500 (start=0.3, end=0.05, decay=1500)
[10-06 16:24:32] INFO: [SARL-REPLAY] ep=300 buffer_size=200000 updates=4
[10-06 16:24:32] INFO: [SARL-LOSS] ep=300 value_loss=0.0111 epsilon=0.2500
[10-06 16:24:32] INFO: [SARL-STATS] ep=300 buffer_size=200000
[10-06 16:24:32] INFO: [STAT] ep=300 | roll@25(s/c/t)=0.8/0.2/0.0 (0.78/0.20/0.02) | R.mean=0.3
[10-06 16:24:32] INFO: [METRICS-25] time=18.50s | dfreq=0.000 | ddist=0.000m
[10-06 16:24:32] INFO: [METRICS-PLOT] 3-metrics curve -> /root/bayes-vl-matched-20261006/crowd_nav/runs/bayes-matched-v1/gru-seed42/curves_3metrics.png
[10-06 16:24:32] INFO: [RL-EP-0300] (300/10000) s/c/t=1/0/0 qloss=0.0000 ploss=0.0000 buf=200000
[10-06 16:24:32] INFO:               cumulative s/c/t%: 78.0%/20.0%/2.0%
[10-06 16:24:32] INFO: [REPLAY-STORE] ok=300 skip=0 steps=23175 buf=200000
[10-06 16:24:32] INFO: [STAGE0-MONITOR] timeout_ratio=0.020 (target: decrease over time)
[10-06 16:24:32] INFO: [SOT-0300] REWARD succ=1.0/coll=-0.50 | GRID 5×16=80 | EVENTS s=0.78/c=0.20/t=0.02
[10-06 16:24:32] INFO: ================================================================================
[10-06 16:24:32] INFO: [MULTI-SCALE-300] TARGET: peak=0.960 stable_90=0ep
[10-06 16:24:32] INFO: [MULTI-SCALE-300] WINDOWS: short=0.800 med=0.880 long=0.850
[10-06 16:24:32] INFO: [MULTI-SCALE-300] QUALITY: stability=0.800 learn_rate=0.00000
[10-06 16:24:32] INFO: [MILESTONE] Peak performance 96.0% reached! Working towards stability...
[10-06 16:24:32] INFO: [HEALTH-CHECK-300] Overall: NEEDS_IMPROVEMENT (score=0.400)
[10-06 16:24:32] INFO: ================================================================================
[10-06 16:24:35] INFO: [RL-EP-0301] (301)
[10-06 16:24:38] INFO: [RL-EP-0302] (302)
[10-06 16:24:40] INFO: [RL-EP-0303] (303)
[10-06 16:24:43] INFO: [RL-EP-0304] (304)
[10-06 16:24:46] INFO: [RL-EP-0305] roll=0.780/0.200/0.020
[10-06 16:24:48] INFO: [RL-EP-0306] (306)
[10-06 16:24:50] INFO: [RL-EP-0307] (307)
[10-06 16:24:52] INFO: [RL-EP-0308] (308)
[10-06 16:24:54] INFO: [RL-EP-0309] (309)
[10-06 16:24:57] INFO: [RL-EP-0310] roll=0.780/0.200/0.020
[10-06 16:24:58] INFO: [RL-EP-0311] (311)
[10-06 16:24:59] INFO: [RL-EP-0312] (312)
[10-06 16:25:01] INFO: [RL-EP-0313] (313)
[10-06 16:25:04] INFO: [RL-EP-0314] (314)
[10-06 16:25:07] INFO: [RL-EP-0315] roll=0.760/0.240/0.000
[10-06 16:25:09] INFO: [RL-EP-0316] (316)
[10-06 16:25:11] INFO: [RL-EP-0317] (317)
[10-06 16:25:14] INFO: [RL-EP-0318] (318)
[10-06 16:25:17] INFO: [RL-EP-0319] (319)
[10-06 16:25:22] INFO: [RL-EP-0320] roll=0.780/0.200/0.020
[10-06 16:25:25] INFO: [RL-EP-0321] (321)
[10-06 16:25:27] INFO: [RL-EP-0322] (322)
[10-06 16:25:28] INFO: [RL-EP-0323] (323)
[10-06 16:25:30] INFO: [RL-EP-0324] (324)
[10-06 16:25:33] INFO: [SARL-LOSS] ep=325 value_loss=0.0132 epsilon=0.2458
[10-06 16:25:33] INFO: [STAT] ep=325 | roll@25(s/c/t)=0.8/0.1/0.0 (0.84/0.14/0.02) | R.mean=0.3
[10-06 16:25:33] INFO: [METRICS-25] time=19.16s | dfreq=0.000 | ddist=0.000m
[10-06 16:25:33] INFO: [METRICS-PLOT] 3-metrics curve -> /root/bayes-vl-matched-20261006/crowd_nav/runs/bayes-matched-v1/gru-seed42/curves_3metrics.png
[10-06 16:25:33] INFO: [RL-EP-0325] (325/10000) s/c/t=1/0/0 qloss=0.0000 ploss=0.0000 buf=200000
[10-06 16:25:33] INFO:               cumulative s/c/t%: 84.0%/14.0%/2.0%
[10-06 16:25:33] INFO: [REPLAY-STORE] ok=325 skip=0 steps=25133 buf=200000
[10-06 16:25:33] INFO: [STAGE0-MONITOR] timeout_ratio=0.020 (target: decrease over time)
[10-06 16:25:33] INFO: ================================================================================
[10-06 16:25:33] INFO: [MULTI-SCALE-325] TARGET: peak=0.960 stable_90=0ep
[10-06 16:25:33] INFO: [MULTI-SCALE-325] WINDOWS: short=0.800 med=0.800 long=0.830
[10-06 16:25:33] INFO: [MULTI-SCALE-325] QUALITY: stability=0.800 learn_rate=0.00000
[10-06 16:25:33] INFO: [MILESTONE] Peak performance 96.0% reached! Working towards stability...
[10-06 16:25:33] INFO: [HEALTH-CHECK-325] Overall: NEEDS_IMPROVEMENT (score=0.400)
[10-06 16:25:33] INFO: ================================================================================
[10-06 16:25:38] INFO: [RL-EP-0326] (326)
[10-06 16:25:39] INFO: [RL-EP-0327] (327)
[10-06 16:25:41] INFO: [RL-EP-0328] (328)
[10-06 16:25:44] INFO: [RL-EP-0329] (329)
[10-06 16:25:47] INFO: [RL-EP-0330] roll=0.800/0.160/0.040
[10-06 16:25:49] INFO: [RL-EP-0331] (331)
[10-06 16:25:51] INFO: [RL-EP-0332] (332)
[10-06 16:25:53] INFO: [RL-EP-0333] (333)
[10-06 16:25:56] INFO: [RL-EP-0334] (334)
[10-06 16:25:58] INFO: [RL-EP-0335] roll=0.780/0.180/0.040
[10-06 16:26:01] INFO: [RL-EP-0336] (336)
[10-06 16:26:03] INFO: [RL-EP-0337] (337)
[10-06 16:26:04] INFO: [RL-EP-0338] (338)
[10-06 16:26:07] INFO: [RL-EP-0339] (339)
[10-06 16:26:10] INFO: [RL-EP-0340] roll=0.780/0.180/0.040
[10-06 16:26:12] INFO: [RL-EP-0341] (341)
[10-06 16:26:13] INFO: [RL-EP-0342] (342)
[10-06 16:26:15] INFO: [RL-EP-0343] (343)
[10-06 16:26:18] INFO: [RL-EP-0344] (344)
[10-06 16:26:20] INFO: [RL-EP-0345] roll=0.780/0.180/0.040
[10-06 16:26:23] INFO: [RL-EP-0346] (346)
[10-06 16:26:26] INFO: [RL-EP-0347] (347)
[10-06 16:26:29] INFO: [RL-EP-0348] (348)
[10-06 16:26:32] INFO: [RL-EP-0349] (349)
[10-06 16:26:32] INFO: [CONFIG-CHECK] ep=350 updates_per_ep=4 (from config)
[10-06 16:26:34] INFO: [SARL-LOSS] ep=350 value_loss=0.0172 epsilon=0.2417
[10-06 16:26:34] INFO: [STAT] ep=350 | roll@25(s/c/t)=0.8/0.2/0.0 (0.80/0.16/0.04) | R.mean=0.3
[10-06 16:26:34] INFO: [METRICS-25] time=19.77s | dfreq=0.000 | ddist=0.000m
[10-06 16:26:35] INFO: [METRICS-PLOT] 3-metrics curve -> /root/bayes-vl-matched-20261006/crowd_nav/runs/bayes-matched-v1/gru-seed42/curves_3metrics.png
[10-06 16:26:35] INFO: [RL-EP-0350] (350/10000) s/c/t=1/0/0 qloss=0.0000 ploss=0.0000 buf=200000
[10-06 16:26:35] INFO:               cumulative s/c/t%: 80.0%/16.0%/4.0%
[10-06 16:26:35] INFO: [REPLAY-STORE] ok=350 skip=0 steps=27128 buf=200000
[10-06 16:26:35] INFO: [STAGE0-MONITOR] timeout_ratio=0.040 (target: decrease over time)
[10-06 16:26:35] INFO: ================================================================================
[10-06 16:26:35] INFO: [MULTI-SCALE-350] TARGET: peak=0.960 stable_90=0ep
[10-06 16:26:35] INFO: [MULTI-SCALE-350] WINDOWS: short=0.900 med=0.800 long=0.790
[10-06 16:26:35] INFO: [MULTI-SCALE-350] QUALITY: stability=0.800 learn_rate=0.00000
[10-06 16:26:35] INFO: [MILESTONE] Peak performance 96.0% reached! Working towards stability...
[10-06 16:26:35] INFO: [HEALTH-CHECK-350] Overall: NEEDS_IMPROVEMENT (score=0.400)
[10-06 16:26:35] INFO: ================================================================================
[10-06 16:26:37] INFO: [RL-EP-0351] (351)
[10-06 16:26:40] INFO: [RL-EP-0352] (352)
[10-06 16:26:43] INFO: [RL-EP-0353] (353)
[10-06 16:26:45] INFO: [RL-EP-0354] (354)
[10-06 16:26:47] INFO: [RL-EP-0355] roll=0.800/0.160/0.040
[10-06 16:26:50] INFO: [RL-EP-0356] (356)
[10-06 16:26:52] INFO: [RL-EP-0357] (357)
[10-06 16:26:55] INFO: [RL-EP-0358] (358)
[10-06 16:26:56] INFO: [RL-EP-0359] (359)
[10-06 16:26:59] INFO: [RL-EP-0360] roll=0.800/0.160/0.040
[10-06 16:27:01] INFO: [RL-EP-0361] (361)
[10-06 16:27:04] INFO: [RL-EP-0362] (362)
[10-06 16:27:06] INFO: [RL-EP-0363] (363)
[10-06 16:27:09] INFO: [RL-EP-0364] (364)
[10-06 16:27:11] INFO: [RL-EP-0365] roll=0.840/0.120/0.040
[10-06 16:27:14] INFO: [RL-EP-0366] (366)
[10-06 16:27:17] INFO: [RL-EP-0367] (367)
[10-06 16:27:19] INFO: [RL-EP-0368] (368)
[10-06 16:27:22] INFO: [RL-EP-0369] (369)
[10-06 16:27:25] INFO: [RL-EP-0370] roll=0.860/0.120/0.020
[10-06 16:27:27] INFO: [RL-EP-0371] (371)
[10-06 16:27:30] INFO: [RL-EP-0372] (372)
[10-06 16:27:32] INFO: [RL-EP-0373] (373)
[10-06 16:27:33] INFO: [RL-EP-0374] (374)
[10-06 16:27:36] INFO: [SARL-LOSS] ep=375 value_loss=0.0101 epsilon=0.2375
[10-06 16:27:36] INFO: [STAT] ep=375 | roll@25(s/c/t)=0.9/0.1/0.0 (0.86/0.12/0.02) | R.mean=0.3
[10-06 16:27:36] INFO: [METRICS-25] time=19.57s | dfreq=0.000 | ddist=0.000m
[10-06 16:27:36] INFO: [METRICS-PLOT] 3-metrics curve -> /root/bayes-vl-matched-20261006/crowd_nav/runs/bayes-matched-v1/gru-seed42/curves_3metrics.png
[10-06 16:27:36] INFO: [RL-EP-0375] (375/10000) s/c/t=1/0/0 qloss=0.0000 ploss=0.0000 buf=200000
[10-06 16:27:36] INFO:               cumulative s/c/t%: 86.0%/12.0%/2.0%
[10-06 16:27:36] INFO: [REPLAY-STORE] ok=375 skip=0 steps=29047 buf=200000
[10-06 16:27:36] INFO: [STAGE0-MONITOR] timeout_ratio=0.020 (target: decrease over time)
[10-06 16:27:36] INFO: ================================================================================
[10-06 16:27:36] INFO: [MULTI-SCALE-375] TARGET: peak=0.960 stable_90=0ep
[10-06 16:27:36] INFO: [MULTI-SCALE-375] WINDOWS: short=0.900 med=0.920 long=0.850
[10-06 16:27:36] INFO: [MULTI-SCALE-375] QUALITY: stability=0.800 learn_rate=0.00000
[10-06 16:27:36] INFO: [MILESTONE] Peak performance 96.0% reached! Working towards stability...
[10-06 16:27:36] INFO: [HEALTH-CHECK-375] Overall: NEEDS_IMPROVEMENT (score=0.400)
[10-06 16:27:36] INFO: ================================================================================
[10-06 16:27:38] INFO: [RL-EP-0376] (376)
[10-06 16:27:41] INFO: [RL-EP-0377] (377)
[10-06 16:27:44] INFO: [RL-EP-0378] (378)
[10-06 16:27:46] INFO: [RL-EP-0379] (379)
[10-06 16:27:51] INFO: [RL-EP-0380] roll=0.880/0.100/0.020
[10-06 16:27:53] INFO: [RL-EP-0381] (381)
[10-06 16:27:55] INFO: [RL-EP-0382] (382)
[10-06 16:27:57] INFO: [RL-EP-0383] (383)
[10-06 16:27:59] INFO: [RL-EP-0384] (384)
[10-06 16:28:01] INFO: [RL-EP-0385] roll=0.860/0.120/0.020
[10-06 16:28:04] INFO: [RL-EP-0386] (386)
[10-06 16:28:05] INFO: [RL-EP-0387] (387)
[10-06 16:28:07] INFO: [RL-EP-0388] (388)
[10-06 16:28:09] INFO: [RL-EP-0389] (389)
[10-06 16:28:12] INFO: [RL-EP-0390] roll=0.840/0.140/0.020
[10-06 16:28:15] INFO: [RL-EP-0391] (391)
[10-06 16:28:16] INFO: [RL-EP-0392] (392)
[10-06 16:28:19] INFO: [RL-EP-0393] (393)
[10-06 16:28:21] INFO: [RL-EP-0394] (394)
[10-06 16:28:23] INFO: [RL-EP-0395] roll=0.840/0.140/0.020
[10-06 16:28:26] INFO: [RL-EP-0396] (396)
[10-06 16:28:28] INFO: [RL-EP-0397] (397)
[10-06 16:28:31] INFO: [RL-EP-0398] (398)
[10-06 16:28:33] INFO: [RL-EP-0399] (399)
[10-06 16:28:33] INFO: [CONFIG-CHECK] ep=400 updates_per_ep=4 (from config)
[10-06 16:28:33] INFO: [SARL-EPSILON] ep=400 epsilon=0.2333 (start=0.3, end=0.05, decay=1500)
[10-06 16:28:35] INFO: [SARL-REPLAY] ep=400 buffer_size=200000 updates=4
[10-06 16:28:35] INFO: [SARL-LOSS] ep=400 value_loss=0.0231 epsilon=0.2333
[10-06 16:28:35] INFO: [SARL-STATS] ep=400 buffer_size=200000
[10-06 16:28:35] INFO: [STAT] ep=400 | roll@25(s/c/t)=0.8/0.2/0.0 (0.82/0.16/0.02) | R.mean=0.3
[10-06 16:28:35] INFO: [METRICS-25] time=18.84s | dfreq=0.000 | ddist=0.000m
[10-06 16:28:35] INFO: [METRICS-PLOT] 3-metrics curve -> /root/bayes-vl-matched-20261006/crowd_nav/runs/bayes-matched-v1/gru-seed42/curves_3metrics.png
[10-06 16:28:35] INFO: [RL-EP-0400] (400/10000) s/c/t=0/1/0 qloss=0.0000 ploss=0.0000 buf=200000
[10-06 16:28:35] INFO:               cumulative s/c/t%: 82.0%/16.0%/2.0%
[10-06 16:28:35] INFO: [REPLAY-STORE] ok=400 skip=0 steps=30897 buf=200000
[10-06 16:28:35] INFO: [STAGE0-MONITOR] timeout_ratio=0.020 (target: decrease over time)
[10-06 16:28:35] INFO: [SOT-0400] REWARD succ=1.0/coll=-0.50 | GRID 5×16=80 | EVENTS s=0.82/c=0.16/t=0.02
[10-06 16:28:35] INFO: ================================================================================
[10-06 16:28:35] INFO: [MULTI-SCALE-400] TARGET: peak=0.960 stable_90=0ep
[10-06 16:28:35] INFO: [MULTI-SCALE-400] WINDOWS: short=0.800 med=0.720 long=0.810
[10-06 16:28:35] INFO: [MULTI-SCALE-400] QUALITY: stability=0.800 learn_rate=0.00000
[10-06 16:28:35] INFO: [MILESTONE] Peak performance 96.0% reached! Working towards stability...
[10-06 16:28:35] INFO: [HEALTH-CHECK-400] Overall: NEEDS_IMPROVEMENT (score=0.400)
[10-06 16:28:35] INFO: ================================================================================
[10-06 16:28:38] INFO: [RL-EP-0401] (401)
[10-06 16:28:40] INFO: [RL-EP-0402] (402)
[10-06 16:28:41] INFO: [RL-EP-0403] (403)
[10-06 16:28:44] INFO: [RL-EP-0404] (404)
[10-06 16:28:46] INFO: [RL-EP-0405] roll=0.800/0.180/0.020
[10-06 16:28:49] INFO: [RL-EP-0406] (406)
[10-06 16:28:51] INFO: [RL-EP-0407] (407)
[10-06 16:28:54] INFO: [RL-EP-0408] (408)
[10-06 16:28:57] INFO: [RL-EP-0409] (409)
[10-06 16:28:59] INFO: [RL-EP-0410] roll=0.820/0.160/0.020
[10-06 16:29:01] INFO: [RL-EP-0411] (411)
[10-06 16:29:03] INFO: [RL-EP-0412] (412)
[10-06 16:29:06] INFO: [RL-EP-0413] (413)
[10-06 16:29:09] INFO: [RL-EP-0414] (414)
[10-06 16:29:11] INFO: [RL-EP-0415] roll=0.800/0.180/0.020
[10-06 16:29:13] INFO: [RL-EP-0416] (416)
[10-06 16:29:16] INFO: [RL-EP-0417] (417)
[10-06 16:29:18] INFO: [RL-EP-0418] (418)
[10-06 16:29:21] INFO: [RL-EP-0419] (419)
[10-06 16:29:23] INFO: [RL-EP-0420] roll=0.800/0.180/0.020
[10-06 16:29:26] INFO: [RL-EP-0421] (421)
[10-06 16:29:28] INFO: [RL-EP-0422] (422)
[10-06 16:29:30] INFO: [RL-EP-0423] (423)
[10-06 16:29:33] INFO: [RL-EP-0424] (424)
[10-06 16:29:35] INFO: [SARL-LOSS] ep=425 value_loss=0.0191 epsilon=0.2292
[10-06 16:29:35] INFO: [STAT] ep=425 | roll@25(s/c/t)=0.8/0.2/0.0 (0.82/0.16/0.02) | R.mean=0.3
[10-06 16:29:35] INFO: [METRICS-25] time=18.48s | dfreq=0.000 | ddist=0.000m
[10-06 16:29:36] INFO: [METRICS-PLOT] 3-metrics curve -> /root/bayes-vl-matched-20261006/crowd_nav/runs/bayes-matched-v1/gru-seed42/curves_3metrics.png
[10-06 16:29:36] INFO: [RL-EP-0425] (425/10000) s/c/t=1/0/0 qloss=0.0000 ploss=0.0000 buf=200000
[10-06 16:29:36] INFO:               cumulative s/c/t%: 82.0%/16.0%/2.0%
[10-06 16:29:36] INFO: [REPLAY-STORE] ok=425 skip=0 steps=32744 buf=200000
[10-06 16:29:36] INFO: [STAGE0-MONITOR] timeout_ratio=0.020 (target: decrease over time)
[10-06 16:29:36] INFO: ================================================================================
[10-06 16:29:36] INFO: [MULTI-SCALE-425] TARGET: peak=0.960 stable_90=0ep
[10-06 16:29:36] INFO: [MULTI-SCALE-425] WINDOWS: short=1.000 med=0.920 long=0.840
[10-06 16:29:36] INFO: [MULTI-SCALE-425] QUALITY: stability=0.800 learn_rate=0.00000
[10-06 16:29:36] INFO: [MILESTONE] Peak performance 96.0% reached! Working towards stability...
[10-06 16:29:36] INFO: [HEALTH-CHECK-425] Overall: NEEDS_IMPROVEMENT (score=0.400)
[10-06 16:29:36] INFO: ================================================================================
[10-06 16:29:38] INFO: [RL-EP-0426] (426)
[10-06 16:29:41] INFO: [RL-EP-0427] (427)
[10-06 16:29:44] INFO: [RL-EP-0428] (428)
[10-06 16:29:46] INFO: [RL-EP-0429] (429)
[10-06 16:29:49] INFO: [RL-EP-0430] roll=0.840/0.160/0.000
[10-06 16:29:51] INFO: [RL-EP-0431] (431)
[10-06 16:29:54] INFO: [RL-EP-0432] (432)
[10-06 16:29:56] INFO: [RL-EP-0433] (433)
[10-06 16:29:59] INFO: [RL-EP-0434] (434)
[10-06 16:30:02] INFO: [RL-EP-0435] roll=0.880/0.120/0.000
[10-06 16:30:04] INFO: [RL-EP-0436] (436)
[10-06 16:30:07] INFO: [RL-EP-0437] (437)
[10-06 16:30:08] INFO: [RL-EP-0438] (438)
[10-06 16:30:11] INFO: [RL-EP-0439] (439)
[10-06 16:30:14] INFO: [RL-EP-0440] roll=0.900/0.100/0.000
[10-06 16:30:16] INFO: [RL-EP-0441] (441)
[10-06 16:30:18] INFO: [RL-EP-0442] (442)
[10-06 16:30:21] INFO: [RL-EP-0443] (443)
[10-06 16:30:23] INFO: [RL-EP-0444] (444)
[10-06 16:30:25] INFO: [RL-EP-0445] roll=0.920/0.080/0.000
[10-06 16:30:27] INFO: [RL-EP-0446] (446)
[10-06 16:30:29] INFO: [RL-EP-0447] (447)
[10-06 16:30:32] INFO: [RL-EP-0448] (448)
[10-06 16:30:34] INFO: [RL-EP-0449] (449)
[10-06 16:30:34] INFO: [CONFIG-CHECK] ep=450 updates_per_ep=4 (from config)
[10-06 16:30:36] INFO: [SARL-LOSS] ep=450 value_loss=0.0185 epsilon=0.2250
[10-06 16:30:36] INFO: [STAT] ep=450 | roll@25(s/c/t)=0.9/0.1/0.0 (0.92/0.08/0.00) | R.mean=0.4
[10-06 16:30:36] INFO: [METRICS-25] time=18.80s | dfreq=0.000 | ddist=0.000m
[10-06 16:30:37] INFO: [METRICS-PLOT] 3-metrics curve -> /root/bayes-vl-matched-20261006/crowd_nav/runs/bayes-matched-v1/gru-seed42/curves_3metrics.png
[10-06 16:30:37] INFO: [RL-EP-0450] (450/10000) s/c/t=1/0/0 qloss=0.0000 ploss=0.0000 buf=200000
[10-06 16:30:37] INFO:               cumulative s/c/t%: 92.0%/8.0%/0.0%
[10-06 16:30:37] INFO: [REPLAY-STORE] ok=450 skip=0 steps=34658 buf=200000
[10-06 16:30:37] INFO: [STAGE0-MONITOR] timeout_ratio=0.000 (target: decrease over time)
[10-06 16:30:37] INFO: ================================================================================
[10-06 16:30:37] INFO: [MULTI-SCALE-450] TARGET: peak=0.960 stable_90=10ep
[10-06 16:30:37] INFO: [MULTI-SCALE-450] WINDOWS: short=0.900 med=0.920 long=0.870
[10-06 16:30:37] INFO: [MULTI-SCALE-450] QUALITY: stability=0.800 learn_rate=0.00000
[10-06 16:30:37] INFO: [ACHIEVEMENT] Stable 90%+ success rate achieved for 10 episodes!
[10-06 16:30:37] INFO: [HEALTH-CHECK-450] Overall: NEEDS_IMPROVEMENT (score=0.400)
[10-06 16:30:37] INFO: ================================================================================
[10-06 16:30:39] INFO: [RL-EP-0451] (451)
[10-06 16:30:42] INFO: [RL-EP-0452] (452)
[10-06 16:30:44] INFO: [RL-EP-0453] (453)
[10-06 16:30:46] INFO: [RL-EP-0454] (454)
[10-06 16:30:49] INFO: [RL-EP-0455] roll=0.940/0.060/0.000
[10-06 16:30:52] INFO: [RL-EP-0456] (456)
[10-06 16:30:55] INFO: [RL-EP-0457] (457)
[10-06 16:30:57] INFO: [RL-EP-0458] (458)
[10-06 16:30:59] INFO: [RL-EP-0459] (459)
[10-06 16:31:02] INFO: [RL-EP-0460] roll=0.940/0.060/0.000
[10-06 16:31:04] INFO: [RL-EP-0461] (461)
[10-06 16:31:06] INFO: [RL-EP-0462] (462)
[10-06 16:31:09] INFO: [RL-EP-0463] (463)
[10-06 16:31:11] INFO: [RL-EP-0464] (464)
[10-06 16:31:13] INFO: [RL-EP-0465] roll=0.960/0.040/0.000
[10-06 16:31:16] INFO: [RL-EP-0466] (466)
[10-06 16:31:17] INFO: [RL-EP-0467] (467)
[10-06 16:31:19] INFO: [RL-EP-0468] (468)
[10-06 16:31:22] INFO: [RL-EP-0469] (469)
[10-06 16:31:25] INFO: [RL-EP-0470] roll=0.940/0.060/0.000
[10-06 16:31:29] INFO: [RL-EP-0471] (471)
[10-06 16:31:31] INFO: [RL-EP-0472] (472)
[10-06 16:31:34] INFO: [RL-EP-0473] (473)
[10-06 16:31:36] INFO: [RL-EP-0474] (474)
[10-06 16:31:39] INFO: [SARL-LOSS] ep=475 value_loss=0.0193 epsilon=0.2208
[10-06 16:31:39] INFO: [STAT] ep=475 | roll@25(s/c/t)=0.9/0.1/0.0 (0.94/0.06/0.00) | R.mean=0.4
[10-06 16:31:39] INFO: [METRICS-25] time=19.14s | dfreq=0.000 | ddist=0.000m
[10-06 16:31:39] INFO: [METRICS-PLOT] 3-metrics curve -> /root/bayes-vl-matched-20261006/crowd_nav/runs/bayes-matched-v1/gru-seed42/curves_3metrics.png
[10-06 16:31:39] INFO: [RL-EP-0475] (475/10000) s/c/t=1/0/0 qloss=0.0000 ploss=0.0000 buf=200000
[10-06 16:31:39] INFO:               cumulative s/c/t%: 94.0%/6.0%/0.0%
[10-06 16:31:39] INFO: [REPLAY-STORE] ok=475 skip=0 steps=36573 buf=200000
[10-06 16:31:39] INFO: [STAGE0-MONITOR] timeout_ratio=0.000 (target: decrease over time)
[10-06 16:31:39] INFO: ================================================================================
[10-06 16:31:39] INFO: [MULTI-SCALE-475] TARGET: peak=0.960 stable_90=10ep
[10-06 16:31:39] INFO: [MULTI-SCALE-475] WINDOWS: short=0.900 med=0.960 long=0.880
[10-06 16:31:39] INFO: [MULTI-SCALE-475] QUALITY: stability=0.800 learn_rate=0.00000
[10-06 16:31:39] INFO: [ACHIEVEMENT] Stable 90%+ success rate achieved for 10 episodes!
[10-06 16:31:39] INFO: [HEALTH-CHECK-475] Overall: NEEDS_IMPROVEMENT (score=0.400)
[10-06 16:31:39] INFO: ================================================================================
[10-06 16:31:41] INFO: [RL-EP-0476] (476)
[10-06 16:31:43] INFO: [RL-EP-0477] (477)
[10-06 16:31:46] INFO: [RL-EP-0478] (478)
[10-06 16:31:48] INFO: [RL-EP-0479] (479)
[10-06 16:31:51] INFO: [RL-EP-0480] roll=0.940/0.060/0.000
[10-06 16:31:53] INFO: [RL-EP-0481] (481)
[10-06 16:31:56] INFO: [RL-EP-0482] (482)
[10-06 16:31:58] INFO: [RL-EP-0483] (483)
[10-06 16:32:00] INFO: [RL-EP-0484] (484)
[10-06 16:32:02] INFO: [RL-EP-0485] roll=0.940/0.060/0.000
[10-06 16:32:05] INFO: [RL-EP-0486] (486)
[10-06 16:32:07] INFO: [RL-EP-0487] (487)
[10-06 16:32:09] INFO: [RL-EP-0488] (488)
[10-06 16:32:12] INFO: [RL-EP-0489] (489)
[10-06 16:32:14] INFO: [RL-EP-0490] roll=0.960/0.040/0.000
[10-06 16:32:17] INFO: [RL-EP-0491] (491)
[10-06 16:32:19] INFO: [RL-EP-0492] (492)
[10-06 16:32:21] INFO: [RL-EP-0493] (493)
[10-06 16:32:22] INFO: [RL-EP-0494] (494)
[10-06 16:32:24] INFO: [RL-EP-0495] roll=0.920/0.080/0.000
[10-06 16:32:27] INFO: [RL-EP-0496] (496)
[10-06 16:32:29] INFO: [RL-EP-0497] (497)
[10-06 16:32:32] INFO: [RL-EP-0498] (498)
[10-06 16:32:34] INFO: [RL-EP-0499] (499)
[10-06 16:32:34] INFO: [CONFIG-CHECK] ep=500 updates_per_ep=4 (from config)
[10-06 16:32:34] INFO: [SARL-EPSILON] ep=500 epsilon=0.2167 (start=0.3, end=0.05, decay=1500)
[10-06 16:32:37] INFO: [SARL-REPLAY] ep=500 buffer_size=200000 updates=4
[10-06 16:32:37] INFO: [SARL-LOSS] ep=500 value_loss=0.0105 epsilon=0.2167
[10-06 16:32:37] INFO: [SARL-STATS] ep=500 buffer_size=200000
[10-06 16:32:37] INFO: [STAT] ep=500 | roll@25(s/c/t)=0.9/0.1/0.0 (0.94/0.06/0.00) | R.mean=0.4
[10-06 16:32:37] INFO: [METRICS-25] time=18.18s | dfreq=0.000 | ddist=0.000m
[10-06 16:32:37] INFO: [METRICS-PLOT] 3-metrics curve -> /root/bayes-vl-matched-20261006/crowd_nav/runs/bayes-matched-v1/gru-seed42/curves_3metrics.png
[10-06 16:32:37] INFO: [RL-EP-0500] (500/10000) s/c/t=1/0/0 qloss=0.0000 ploss=0.0000 buf=200000
[10-06 16:32:37] INFO:               cumulative s/c/t%: 94.0%/6.0%/0.0%
[10-06 16:32:37] INFO: [REPLAY-STORE] ok=500 skip=0 steps=38294 buf=200000
[10-06 16:32:37] INFO: [STAGE0-MONITOR] timeout_ratio=0.000 (target: decrease over time)
[10-06 16:32:37] INFO: [SOT-0500] REWARD succ=1.0/coll=-0.50 | GRID 5×16=80 | EVENTS s=0.94/c=0.06/t=0.00
[10-06 16:32:37] INFO: ================================================================================
[10-06 16:32:37] INFO: [MULTI-SCALE-500] TARGET: peak=0.960 stable_90=10ep
[10-06 16:32:37] INFO: [MULTI-SCALE-500] WINDOWS: short=0.800 med=0.920 long=0.930
[10-06 16:32:37] INFO: [MULTI-SCALE-500] QUALITY: stability=0.800 learn_rate=0.00000
[10-06 16:32:37] INFO: [ACHIEVEMENT] Stable 90%+ success rate achieved for 10 episodes!
[10-06 16:32:37] INFO: [HEALTH-CHECK-500] Overall: NEEDS_IMPROVEMENT (score=0.400)
[10-06 16:32:37] INFO: ================================================================================
[10-06 16:32:37] INFO: [RL-SAVE] sarl checkpoint -> /root/bayes-vl-matched-20261006/crowd_nav/runs/bayes-matched-v1/gru-seed42/rl_model_ep500.pth
[10-06 16:32:37] INFO: [RL-SAVE] Saved components: policy, target network, optimizer
[10-06 16:32:40] INFO: [RL-EP-0501] (501)
[10-06 16:32:42] INFO: [RL-EP-0502] (502)
[10-06 16:32:44] INFO: [RL-EP-0503] (503)
[10-06 16:32:46] INFO: [RL-EP-0504] (504)
[10-06 16:32:48] INFO: [RL-EP-0505] roll=0.920/0.080/0.000
[10-06 16:32:50] INFO: [RL-EP-0506] (506)
[10-06 16:32:52] INFO: [RL-EP-0507] (507)
[10-06 16:32:54] INFO: [RL-EP-0508] (508)
[10-06 16:32:57] INFO: [RL-EP-0509] (509)
[10-06 16:32:59] INFO: [RL-EP-0510] roll=0.900/0.100/0.000
[10-06 16:33:01] INFO: [RL-EP-0511] (511)
[10-06 16:33:04] INFO: [RL-EP-0512] (512)
[10-06 16:33:06] INFO: [RL-EP-0513] (513)
[10-06 16:33:09] INFO: [RL-EP-0514] (514)
[10-06 16:33:10] INFO: [RL-EP-0515] roll=0.880/0.120/0.000
[10-06 16:33:13] INFO: [RL-EP-0516] (516)
[10-06 16:33:15] INFO: [RL-EP-0517] (517)
[10-06 16:33:17] INFO: [RL-EP-0518] (518)
[10-06 16:33:20] INFO: [RL-EP-0519] (519)
[10-06 16:33:22] INFO: [RL-EP-0520] roll=0.900/0.100/0.000
[10-06 16:33:24] INFO: [RL-EP-0521] (521)
[10-06 16:33:27] INFO: [RL-EP-0522] (522)
[10-06 16:33:30] INFO: [RL-EP-0523] (523)
[10-06 16:33:31] INFO: [RL-EP-0524] (524)
[10-06 16:33:33] INFO: [SARL-LOSS] ep=525 value_loss=0.0210 epsilon=0.2125
[10-06 16:33:33] INFO: [STAT] ep=525 | roll@25(s/c/t)=0.9/0.1/0.0 (0.86/0.14/0.00) | R.mean=0.4
[10-06 16:33:33] INFO: [METRICS-25] time=16.45s | dfreq=0.000 | ddist=0.000m
[10-06 16:33:33] INFO: [METRICS-PLOT] 3-metrics curve -> /root/bayes-vl-matched-20261006/crowd_nav/runs/bayes-matched-v1/gru-seed42/curves_3metrics.png
[10-06 16:33:33] INFO: [RL-EP-0525] (525/10000) s/c/t=0/1/0 qloss=0.0000 ploss=0.0000 buf=200000
[10-06 16:33:33] INFO:               cumulative s/c/t%: 86.0%/14.0%/0.0%
[10-06 16:33:33] INFO: [REPLAY-STORE] ok=525 skip=0 steps=39862 buf=200000
[10-06 16:33:33] INFO: [STAGE0-MONITOR] timeout_ratio=0.000 (target: decrease over time)
[10-06 16:33:33] INFO: ================================================================================
[10-06 16:33:33] INFO: [MULTI-SCALE-525] TARGET: peak=0.960 stable_90=7ep
[10-06 16:33:33] INFO: [MULTI-SCALE-525] WINDOWS: short=0.800 med=0.800 long=0.900
[10-06 16:33:33] INFO: [MULTI-SCALE-525] QUALITY: stability=0.800 learn_rate=0.00000
[10-06 16:33:33] INFO: [ACHIEVEMENT] Stable 90%+ success rate achieved for 7 episodes!
[10-06 16:33:33] INFO: [HEALTH-CHECK-525] Overall: NEEDS_IMPROVEMENT (score=0.400)
[10-06 16:33:33] INFO: ================================================================================
[10-06 16:33:36] INFO: [RL-EP-0526] (526)
[10-06 16:33:39] INFO: [RL-EP-0527] (527)
[10-06 16:33:41] INFO: [RL-EP-0528] (528)
[10-06 16:33:43] INFO: [RL-EP-0529] (529)
[10-06 16:33:46] INFO: [RL-EP-0530] roll=0.860/0.140/0.000
[10-06 16:33:48] INFO: [RL-EP-0531] (531)
[10-06 16:33:50] INFO: [RL-EP-0532] (532)
[10-06 16:33:51] INFO: [RL-EP-0533] (533)
[10-06 16:33:54] INFO: [RL-EP-0534] (534)
[10-06 16:33:57] INFO: [RL-EP-0535] roll=0.820/0.180/0.000
[10-06 16:34:00] INFO: [RL-EP-0536] (536)
[10-06 16:34:02] INFO: [RL-EP-0537] (537)
[10-06 16:34:04] INFO: [RL-EP-0538] (538)
[10-06 16:34:07] INFO: [RL-EP-0539] (539)
[10-06 16:34:09] INFO: [RL-EP-0540] roll=0.820/0.180/0.000
[10-06 16:34:12] INFO: [RL-EP-0541] (541)
[10-06 16:34:14] INFO: [RL-EP-0542] (542)
[10-06 16:34:16] INFO: [RL-EP-0543] (543)
[10-06 16:34:19] INFO: [RL-EP-0544] (544)
[10-06 16:34:21] INFO: [RL-EP-0545] roll=0.860/0.140/0.000
[10-06 16:34:23] INFO: [RL-EP-0546] (546)
[10-06 16:34:25] INFO: [RL-EP-0547] (547)
[10-06 16:34:28] INFO: [RL-EP-0548] (548)
[10-06 16:34:30] INFO: [RL-EP-0549] (549)
[10-06 16:34:30] INFO: [CONFIG-CHECK] ep=550 updates_per_ep=4 (from config)
[10-06 16:34:33] INFO: [SARL-LOSS] ep=550 value_loss=0.0158 epsilon=0.2083
[10-06 16:34:33] INFO: [STAT] ep=550 | roll@25(s/c/t)=0.9/0.1/0.0 (0.86/0.14/0.00) | R.mean=0.4
[10-06 16:34:33] INFO: [METRICS-25] time=16.68s | dfreq=0.000 | ddist=0.000m
[10-06 16:34:33] INFO: [METRICS-PLOT] 3-metrics curve -> /root/bayes-vl-matched-20261006/crowd_nav/runs/bayes-matched-v1/gru-seed42/curves_3metrics.png
[10-06 16:34:33] INFO: [RL-EP-0550] (550/10000) s/c/t=1/0/0 qloss=0.0000 ploss=0.0000 buf=200000
[10-06 16:34:33] INFO:               cumulative s/c/t%: 86.0%/14.0%/0.0%
[10-06 16:34:33] INFO: [REPLAY-STORE] ok=550 skip=0 steps=41630 buf=200000
[10-06 16:34:33] INFO: [STAGE0-MONITOR] timeout_ratio=0.000 (target: decrease over time)
[10-06 16:34:33] INFO: ================================================================================
[10-06 16:34:33] INFO: [MULTI-SCALE-550] TARGET: peak=0.960 stable_90=0ep
[10-06 16:34:33] INFO: [MULTI-SCALE-550] WINDOWS: short=1.000 med=0.920 long=0.900
[10-06 16:34:33] INFO: [MULTI-SCALE-550] QUALITY: stability=0.800 learn_rate=0.00000
[10-06 16:34:33] INFO: [MILESTONE] Peak performance 96.0% reached! Working towards stability...
[10-06 16:34:33] INFO: [HEALTH-CHECK-550] Overall: NEEDS_IMPROVEMENT (score=0.400)
[10-06 16:34:33] INFO: ================================================================================
[10-06 16:34:35] INFO: [RL-EP-0551] (551)
[10-06 16:34:38] INFO: [RL-EP-0552] (552)
[10-06 16:34:40] INFO: [RL-EP-0553] (553)
[10-06 16:34:43] INFO: [RL-EP-0554] (554)
[10-06 16:34:45] INFO: [RL-EP-0555] roll=0.880/0.120/0.000
[10-06 16:34:47] INFO: [RL-EP-0556] (556)
[10-06 16:34:50] INFO: [RL-EP-0557] (557)
[10-06 16:34:52] INFO: [RL-EP-0558] (558)
[10-06 16:34:55] INFO: [RL-EP-0559] (559)
[10-06 16:34:57] INFO: [RL-EP-0560] roll=0.900/0.100/0.000
[10-06 16:35:00] INFO: [RL-EP-0561] (561)
[10-06 16:35:02] INFO: [RL-EP-0562] (562)
[10-06 16:35:04] INFO: [RL-EP-0563] (563)
[10-06 16:35:07] INFO: [RL-EP-0564] (564)
[10-06 16:35:10] INFO: [RL-EP-0565] roll=0.920/0.080/0.000
[10-06 16:35:12] INFO: [RL-EP-0566] (566)
[10-06 16:35:14] INFO: [RL-EP-0567] (567)
[10-06 16:35:17] INFO: [RL-EP-0568] (568)
[10-06 16:35:20] INFO: [RL-EP-0569] (569)
[10-06 16:35:22] INFO: [RL-EP-0570] roll=0.920/0.080/0.000
[10-06 16:35:25] INFO: [RL-EP-0571] (571)
[10-06 16:35:27] INFO: [RL-EP-0572] (572)
[10-06 16:35:29] INFO: [RL-EP-0573] (573)
[10-06 16:35:32] INFO: [RL-EP-0574] (574)
[10-06 16:35:34] INFO: [SARL-LOSS] ep=575 value_loss=0.0160 epsilon=0.2042
[10-06 16:35:34] INFO: [STAT] ep=575 | roll@25(s/c/t)=1.0/0.0/0.0 (0.96/0.04/0.00) | R.mean=0.4
[10-06 16:35:34] INFO: [METRICS-25] time=17.91s | dfreq=0.000 | ddist=0.000m
[10-06 16:35:35] INFO: [METRICS-PLOT] 3-metrics curve -> /root/bayes-vl-matched-20261006/crowd_nav/runs/bayes-matched-v1/gru-seed42/curves_3metrics.png
[10-06 16:35:35] INFO: [RL-EP-0575] (575/10000) s/c/t=1/0/0 qloss=0.0000 ploss=0.0000 buf=200000
[10-06 16:35:35] INFO:               cumulative s/c/t%: 96.0%/4.0%/0.0%
[10-06 16:35:35] INFO: [REPLAY-STORE] ok=575 skip=0 steps=43445 buf=200000
[10-06 16:35:35] INFO: [STAGE0-MONITOR] timeout_ratio=0.000 (target: decrease over time)
[10-06 16:35:35] INFO: ================================================================================
[10-06 16:35:35] INFO: [MULTI-SCALE-575] TARGET: peak=0.960 stable_90=10ep
[10-06 16:35:35] INFO: [MULTI-SCALE-575] WINDOWS: short=1.000 med=1.000 long=0.910
[10-06 16:35:35] INFO: [MULTI-SCALE-575] QUALITY: stability=0.800 learn_rate=0.00000
[10-06 16:35:35] INFO: [ACHIEVEMENT] Stable 90%+ success rate achieved for 10 episodes!
[10-06 16:35:35] INFO: [HEALTH-CHECK-575] Overall: NEEDS_IMPROVEMENT (score=0.400)
[10-06 16:35:35] INFO: ================================================================================
[10-06 16:35:37] INFO: [RL-EP-0576] (576)
[10-06 16:35:39] INFO: [RL-EP-0577] (577)
[10-06 16:35:41] INFO: [RL-EP-0578] (578)
[10-06 16:35:43] INFO: [RL-EP-0579] (579)
[10-06 16:35:46] INFO: [RL-EP-0580] roll=0.960/0.040/0.000
[10-06 16:35:49] INFO: [RL-EP-0581] (581)
[10-06 16:35:52] INFO: [RL-EP-0582] (582)
[10-06 16:35:54] INFO: [RL-EP-0583] (583)
[10-06 16:35:57] INFO: [RL-EP-0584] (584)
[10-06 16:35:59] INFO: [RL-EP-0585] roll=1.000/0.000/0.000
[10-06 16:36:00] INFO: [RL-EP-0586] (586)
[10-06 16:36:03] INFO: [RL-EP-0587] (587)
[10-06 16:36:05] INFO: [RL-EP-0588] (588)
[10-06 16:36:06] INFO: [RL-EP-0589] (589)
[10-06 16:36:08] INFO: [RL-EP-0590] roll=0.960/0.040/0.000
[10-06 16:36:11] INFO: [RL-EP-0591] (591)
[10-06 16:36:13] INFO: [RL-EP-0592] (592)
[10-06 16:36:16] INFO: [RL-EP-0593] (593)
[10-06 16:36:18] INFO: [RL-EP-0594] (594)
[10-06 16:36:21] INFO: [RL-EP-0595] roll=0.960/0.040/0.000
[10-06 16:36:23] INFO: [RL-EP-0596] (596)
[10-06 16:36:25] INFO: [RL-EP-0597] (597)
[10-06 16:36:28] INFO: [RL-EP-0598] (598)
[10-06 16:36:30] INFO: [RL-EP-0599] (599)
[10-06 16:36:30] INFO: [CONFIG-CHECK] ep=600 updates_per_ep=4 (from config)
[10-06 16:36:30] INFO: [SARL-EPSILON] ep=600 epsilon=0.2000 (start=0.3, end=0.05, decay=1500)
[10-06 16:36:33] INFO: [SARL-REPLAY] ep=600 buffer_size=200000 updates=4
[10-06 16:36:33] INFO: [SARL-LOSS] ep=600 value_loss=0.0183 epsilon=0.2000
[10-06 16:36:33] INFO: [SARL-STATS] ep=600 buffer_size=200000
[10-06 16:36:33] INFO: [STAT] ep=600 | roll@25(s/c/t)=1.0/0.0/0.0 (0.96/0.04/0.00) | R.mean=0.4
[10-06 16:36:33] INFO: [METRICS-25] time=17.55s | dfreq=0.000 | ddist=0.000m
[10-06 16:36:33] INFO: [METRICS-PLOT] 3-metrics curve -> /root/bayes-vl-matched-20261006/crowd_nav/runs/bayes-matched-v1/gru-seed42/curves_3metrics.png
[10-06 16:36:33] INFO: [RL-EP-0600] (600/10000) s/c/t=1/0/0 qloss=0.0000 ploss=0.0000 buf=200000
[10-06 16:36:33] INFO:               cumulative s/c/t%: 96.0%/4.0%/0.0%
[10-06 16:36:33] INFO: [REPLAY-STORE] ok=600 skip=0 steps=45139 buf=200000
[10-06 16:36:33] INFO: [STAGE0-MONITOR] timeout_ratio=0.000 (target: decrease over time)
[10-06 16:36:33] INFO: [SOT-0600] REWARD succ=1.0/coll=-0.50 | GRID 5×16=80 | EVENTS s=0.96/c=0.04/t=0.00
[10-06 16:36:33] INFO: ================================================================================
[10-06 16:36:33] INFO: [MULTI-SCALE-600] TARGET: peak=1.000 stable_90=10ep
[10-06 16:36:33] INFO: [MULTI-SCALE-600] WINDOWS: short=1.000 med=0.920 long=0.910
[10-06 16:36:33] INFO: [MULTI-SCALE-600] QUALITY: stability=0.800 learn_rate=0.00000
[10-06 16:36:33] INFO: [ACHIEVEMENT] Stable 90%+ success rate achieved for 10 episodes!
[10-06 16:36:33] INFO: [HEALTH-CHECK-600] Overall: NEEDS_IMPROVEMENT (score=0.400)
[10-06 16:36:33] INFO: ================================================================================
[10-06 16:36:35] INFO: [RL-EP-0601] (601)
[10-06 16:36:38] INFO: [RL-EP-0602] (602)
[10-06 16:36:40] INFO: [RL-EP-0603] (603)
[10-06 16:36:42] INFO: [RL-EP-0604] (604)
[10-06 16:36:45] INFO: [RL-EP-0605] roll=0.960/0.040/0.000
[10-06 16:36:47] INFO: [RL-EP-0606] (606)
[10-06 16:36:50] INFO: [RL-EP-0607] (607)
[10-06 16:36:52] INFO: [RL-EP-0608] (608)
[10-06 16:36:54] INFO: [RL-EP-0609] (609)
[10-06 16:36:57] INFO: [RL-EP-0610] roll=0.960/0.040/0.000
[10-06 16:36:59] INFO: [RL-EP-0611] (611)
[10-06 16:37:01] INFO: [RL-EP-0612] (612)
[10-06 16:37:04] INFO: [RL-EP-0613] (613)
[10-06 16:37:06] INFO: [RL-EP-0614] (614)
[10-06 16:37:09] INFO: [RL-EP-0615] roll=0.960/0.040/0.000
[10-06 16:37:11] INFO: [RL-EP-0616] (616)
[10-06 16:37:14] INFO: [RL-EP-0617] (617)
[10-06 16:37:16] INFO: [RL-EP-0618] (618)
[10-06 16:37:19] INFO: [RL-EP-0619] (619)
[10-06 16:37:21] INFO: [RL-EP-0620] roll=0.960/0.040/0.000
[10-06 16:37:24] INFO: [RL-EP-0621] (621)
[10-06 16:37:26] INFO: [RL-EP-0622] (622)
[10-06 16:37:27] INFO: [RL-EP-0623] (623)
[10-06 16:37:29] INFO: [RL-EP-0624] (624)
[10-06 16:37:31] INFO: [SARL-LOSS] ep=625 value_loss=0.0197 epsilon=0.1958
[10-06 16:37:31] INFO: [STAT] ep=625 | roll@25(s/c/t)=0.9/0.1/0.0 (0.92/0.08/0.00) | R.mean=0.4
[10-06 16:37:31] INFO: [METRICS-25] time=16.93s | dfreq=0.000 | ddist=0.000m
[10-06 16:37:32] INFO: [METRICS-PLOT] 3-metrics curve -> /root/bayes-vl-matched-20261006/crowd_nav/runs/bayes-matched-v1/gru-seed42/curves_3metrics.png
[10-06 16:37:32] INFO: [RL-EP-0625] (625/10000) s/c/t=1/0/0 qloss=0.0000 ploss=0.0000 buf=200000
[10-06 16:37:32] INFO:               cumulative s/c/t%: 92.0%/8.0%/0.0%
[10-06 16:37:32] INFO: [REPLAY-STORE] ok=625 skip=0 steps=46832 buf=200000
[10-06 16:37:32] INFO: [STAGE0-MONITOR] timeout_ratio=0.000 (target: decrease over time)
[10-06 16:37:32] INFO: ================================================================================
[10-06 16:37:32] INFO: [MULTI-SCALE-625] TARGET: peak=1.000 stable_90=10ep
[10-06 16:37:32] INFO: [MULTI-SCALE-625] WINDOWS: short=0.800 med=0.920 long=0.940
[10-06 16:37:32] INFO: [MULTI-SCALE-625] QUALITY: stability=0.800 learn_rate=0.00000
[10-06 16:37:32] INFO: [ACHIEVEMENT] Stable 90%+ success rate achieved for 10 episodes!
[10-06 16:37:32] INFO: [HEALTH-CHECK-625] Overall: NEEDS_IMPROVEMENT (score=0.400)
[10-06 16:37:32] INFO: ================================================================================
[10-06 16:37:34] INFO: [RL-EP-0626] (626)
[10-06 16:37:37] INFO: [RL-EP-0627] (627)
[10-06 16:37:39] INFO: [RL-EP-0628] (628)
[10-06 16:37:42] INFO: [RL-EP-0629] (629)
[10-06 16:37:44] INFO: [RL-EP-0630] roll=0.920/0.080/0.000
[10-06 16:37:46] INFO: [RL-EP-0631] (631)
[10-06 16:37:48] INFO: [RL-EP-0632] (632)
[10-06 16:37:53] INFO: [RL-EP-0633] (633)
[10-06 16:37:56] INFO: [RL-EP-0634] (634)
[10-06 16:37:58] INFO: [RL-EP-0635] roll=0.880/0.100/0.020
[10-06 16:38:00] INFO: [RL-EP-0636] (636)
[10-06 16:38:03] INFO: [RL-EP-0637] (637)
[10-06 16:38:04] INFO: [RL-EP-0638] (638)
[10-06 16:38:06] INFO: [RL-EP-0639] (639)
[10-06 16:38:09] INFO: [RL-EP-0640] roll=0.900/0.080/0.020
[10-06 16:38:11] INFO: [RL-EP-0641] (641)
[10-06 16:38:13] INFO: [RL-EP-0642] (642)
[10-06 16:38:14] INFO: [RL-EP-0643] (643)
[10-06 16:38:17] INFO: [RL-EP-0644] (644)
[10-06 16:38:19] INFO: [RL-EP-0645] roll=0.880/0.100/0.020
[10-06 16:38:22] INFO: [RL-EP-0646] (646)
[10-06 16:38:24] INFO: [RL-EP-0647] (647)
[10-06 16:38:26] INFO: [RL-EP-0648] (648)
[10-06 16:38:29] INFO: [RL-EP-0649] (649)
[10-06 16:38:29] INFO: [CONFIG-CHECK] ep=650 updates_per_ep=4 (from config)
[10-06 16:38:31] INFO: [SARL-LOSS] ep=650 value_loss=0.0100 epsilon=0.1917
[10-06 16:38:31] INFO: [STAT] ep=650 | roll@25(s/c/t)=0.9/0.1/0.0 (0.88/0.10/0.02) | R.mean=0.4
[10-06 16:38:31] INFO: [METRICS-25] time=17.12s | dfreq=0.000 | ddist=0.000m
[10-06 16:38:31] INFO: [METRICS-PLOT] 3-metrics curve -> /root/bayes-vl-matched-20261006/crowd_nav/runs/bayes-matched-v1/gru-seed42/curves_3metrics.png
[10-06 16:38:31] INFO: [RL-EP-0650] (650/10000) s/c/t=1/0/0 qloss=0.0000 ploss=0.0000 buf=200000
[10-06 16:38:31] INFO:               cumulative s/c/t%: 88.0%/10.0%/2.0%
[10-06 16:38:31] INFO: [REPLAY-STORE] ok=650 skip=0 steps=48564 buf=200000
[10-06 16:38:31] INFO: [STAGE0-MONITOR] timeout_ratio=0.020 (target: decrease over time)
[10-06 16:38:31] INFO: ================================================================================
[10-06 16:38:31] INFO: [MULTI-SCALE-650] TARGET: peak=1.000 stable_90=2ep
[10-06 16:38:31] INFO: [MULTI-SCALE-650] WINDOWS: short=0.900 med=0.840 long=0.920
[10-06 16:38:31] INFO: [MULTI-SCALE-650] QUALITY: stability=0.800 learn_rate=0.00000
[10-06 16:38:31] INFO: [MILESTONE] Peak performance 100.0% reached! Working towards stability...
[10-06 16:38:31] INFO: [HEALTH-CHECK-650] Overall: NEEDS_IMPROVEMENT (score=0.400)
[10-06 16:38:31] INFO: ================================================================================
[10-06 16:38:34] INFO: [RL-EP-0651] (651)
[10-06 16:38:36] INFO: [RL-EP-0652] (652)
[10-06 16:38:39] INFO: [RL-EP-0653] (653)
[10-06 16:38:41] INFO: [RL-EP-0654] (654)
[10-06 16:38:43] INFO: [RL-EP-0655] roll=0.880/0.100/0.020
[10-06 16:38:45] INFO: [RL-EP-0656] (656)
[10-06 16:38:48] INFO: [RL-EP-0657] (657)
[10-06 16:38:50] INFO: [RL-EP-0658] (658)
[10-06 16:38:53] INFO: [RL-EP-0659] (659)
[10-06 16:38:56] INFO: [RL-EP-0660] roll=0.880/0.100/0.020
[10-06 16:38:58] INFO: [RL-EP-0661] (661)
[10-06 16:39:00] INFO: [RL-EP-0662] (662)
[10-06 16:39:03] INFO: [RL-EP-0663] (663)
[10-06 16:39:05] INFO: [RL-EP-0664] (664)
[10-06 16:39:07] INFO: [RL-EP-0665] roll=0.880/0.100/0.020
[10-06 16:39:09] INFO: [RL-EP-0666] (666)
[10-06 16:39:11] INFO: [RL-EP-0667] (667)
[10-06 16:39:13] INFO: [RL-EP-0668] (668)
[10-06 16:39:16] INFO: [RL-EP-0669] (669)
[10-06 16:39:18] INFO: [RL-EP-0670] roll=0.860/0.120/0.020
[10-06 16:39:21] INFO: [RL-EP-0671] (671)
[10-06 16:39:23] INFO: [RL-EP-0672] (672)
[10-06 16:39:25] INFO: [RL-EP-0673] (673)
[10-06 16:39:26] INFO: [RL-EP-0674] (674)
[10-06 16:39:29] INFO: [SARL-LOSS] ep=675 value_loss=0.0238 epsilon=0.1875
[10-06 16:39:29] INFO: [STAT] ep=675 | roll@25(s/c/t)=0.9/0.1/0.0 (0.88/0.10/0.02) | R.mean=0.4
[10-06 16:39:29] INFO: [METRICS-25] time=16.99s | dfreq=0.000 | ddist=0.000m
[10-06 16:39:30] INFO: [METRICS-PLOT] 3-metrics curve -> /root/bayes-vl-matched-20261006/crowd_nav/runs/bayes-matched-v1/gru-seed42/curves_3metrics.png
[10-06 16:39:30] INFO: [RL-EP-0675] (675/10000) s/c/t=1/0/0 qloss=0.0000 ploss=0.0000 buf=200000
[10-06 16:39:30] INFO:               cumulative s/c/t%: 88.0%/10.0%/2.0%
[10-06 16:39:30] INFO: [REPLAY-STORE] ok=675 skip=0 steps=50230 buf=200000
[10-06 16:39:30] INFO: [STAGE0-MONITOR] timeout_ratio=0.020 (target: decrease over time)
[10-06 16:39:30] INFO: ================================================================================
[10-06 16:39:30] INFO: [MULTI-SCALE-675] TARGET: peak=1.000 stable_90=0ep
[10-06 16:39:30] INFO: [MULTI-SCALE-675] WINDOWS: short=0.800 med=0.920 long=0.900
[10-06 16:39:30] INFO: [MULTI-SCALE-675] QUALITY: stability=0.800 learn_rate=0.00000
[10-06 16:39:30] INFO: [MILESTONE] Peak performance 100.0% reached! Working towards stability...
[10-06 16:39:30] INFO: [HEALTH-CHECK-675] Overall: NEEDS_IMPROVEMENT (score=0.400)
[10-06 16:39:30] INFO: ================================================================================
[10-06 16:39:32] INFO: [RL-EP-0676] (676)
[10-06 16:39:35] INFO: [RL-EP-0677] (677)
[10-06 16:39:37] INFO: [RL-EP-0678] (678)
[10-06 16:39:39] INFO: [RL-EP-0679] (679)
[10-06 16:39:41] INFO: [RL-EP-0680] roll=0.880/0.100/0.020
[10-06 16:39:44] INFO: [RL-EP-0681] (681)
[10-06 16:39:46] INFO: [RL-EP-0682] (682)
[10-06 16:39:48] INFO: [RL-EP-0683] (683)
[10-06 16:39:50] INFO: [RL-EP-0684] (684)
[10-06 16:39:53] INFO: [RL-EP-0685] roll=0.920/0.080/0.000
[10-06 16:39:55] INFO: [RL-EP-0686] (686)
[10-06 16:39:57] INFO: [RL-EP-0687] (687)
[10-06 16:39:59] INFO: [RL-EP-0688] (688)
[10-06 16:40:01] INFO: [RL-EP-0689] (689)
[10-06 16:40:04] INFO: [RL-EP-0690] roll=0.920/0.080/0.000
[10-06 16:40:05] INFO: [RL-EP-0691] (691)
[10-06 16:40:07] INFO: [RL-EP-0692] (692)
[10-06 16:40:10] INFO: [RL-EP-0693] (693)
[10-06 16:40:12] INFO: [RL-EP-0694] (694)
[10-06 16:40:14] INFO: [RL-EP-0695] roll=0.920/0.080/0.000
[10-06 16:40:17] INFO: [RL-EP-0696] (696)
[10-06 16:40:20] INFO: [RL-EP-0697] (697)
[10-06 16:40:22] INFO: [RL-EP-0698] (698)
[10-06 16:40:24] INFO: [RL-EP-0699] (699)
[10-06 16:40:24] INFO: [CONFIG-CHECK] ep=700 updates_per_ep=4 (from config)
[10-06 16:40:24] INFO: [SARL-EPSILON] ep=700 epsilon=0.1833 (start=0.3, end=0.05, decay=1500)
[10-06 16:40:26] INFO: [SARL-REPLAY] ep=700 buffer_size=200000 updates=4
[10-06 16:40:26] INFO: [SARL-LOSS] ep=700 value_loss=0.0117 epsilon=0.1833
[10-06 16:40:26] INFO: [SARL-STATS] ep=700 buffer_size=200000
[10-06 16:40:26] INFO: [STAT] ep=700 | roll@25(s/c/t)=0.9/0.1/0.0 (0.92/0.08/0.00) | R.mean=0.4
[10-06 16:40:26] INFO: [METRICS-25] time=16.43s | dfreq=0.000 | ddist=0.000m
[10-06 16:40:27] INFO: [METRICS-PLOT] 3-metrics curve -> /root/bayes-vl-matched-20261006/crowd_nav/runs/bayes-matched-v1/gru-seed42/curves_3metrics.png
[10-06 16:40:27] INFO: [RL-EP-0700] (700/10000) s/c/t=1/0/0 qloss=0.0000 ploss=0.0000 buf=200000
[10-06 16:40:27] INFO:               cumulative s/c/t%: 92.0%/8.0%/0.0%
[10-06 16:40:27] INFO: [REPLAY-STORE] ok=700 skip=0 steps=51850 buf=200000
[10-06 16:40:27] INFO: [STAGE0-MONITOR] timeout_ratio=0.000 (target: decrease over time)
[10-06 16:40:27] INFO: [SOT-0700] REWARD succ=1.0/coll=-0.50 | GRID 5×16=80 | EVENTS s=0.92/c=0.08/t=0.00
[10-06 16:40:27] INFO: ================================================================================
[10-06 16:40:27] INFO: [MULTI-SCALE-700] TARGET: peak=1.000 stable_90=10ep
[10-06 16:40:27] INFO: [MULTI-SCALE-700] WINDOWS: short=0.900 med=0.920 long=0.900
[10-06 16:40:27] INFO: [MULTI-SCALE-700] QUALITY: stability=0.800 learn_rate=0.00000
[10-06 16:40:27] INFO: [ACHIEVEMENT] Stable 90%+ success rate achieved for 10 episodes!
[10-06 16:40:27] INFO: [HEALTH-CHECK-700] Overall: NEEDS_IMPROVEMENT (score=0.400)
[10-06 16:40:27] INFO: ================================================================================
[10-06 16:40:29] INFO: [RL-EP-0701] (701)
[10-06 16:40:31] INFO: [RL-EP-0702] (702)
[10-06 16:40:34] INFO: [RL-EP-0703] (703)
[10-06 16:40:36] INFO: [RL-EP-0704] (704)
[10-06 16:40:37] INFO: [RL-EP-0705] roll=0.900/0.100/0.000
[10-06 16:40:40] INFO: [RL-EP-0706] (706)
[10-06 16:40:42] INFO: [RL-EP-0707] (707)
[10-06 16:40:44] INFO: [RL-EP-0708] (708)
[10-06 16:40:47] INFO: [RL-EP-0709] (709)
[10-06 16:40:49] INFO: [RL-EP-0710] roll=0.900/0.100/0.000
[10-06 16:40:51] INFO: [RL-EP-0711] (711)
[10-06 16:40:54] INFO: [RL-EP-0712] (712)
[10-06 16:40:57] INFO: [RL-EP-0713] (713)
[10-06 16:40:59] INFO: [RL-EP-0714] (714)
[10-06 16:41:02] INFO: [RL-EP-0715] roll=0.900/0.100/0.000
[10-06 16:41:04] INFO: [RL-EP-0716] (716)
[10-06 16:41:07] INFO: [RL-EP-0717] (717)
[10-06 16:41:09] INFO: [RL-EP-0718] (718)
[10-06 16:41:11] INFO: [RL-EP-0719] (719)
[10-06 16:41:13] INFO: [RL-EP-0720] roll=0.920/0.080/0.000
[10-06 16:41:15] INFO: [RL-EP-0721] (721)
[10-06 16:41:18] INFO: [RL-EP-0722] (722)
[10-06 16:41:20] INFO: [RL-EP-0723] (723)
[10-06 16:41:22] INFO: [RL-EP-0724] (724)
[10-06 16:41:24] INFO: [SARL-LOSS] ep=725 value_loss=0.0216 epsilon=0.1792
[10-06 16:41:24] INFO: [STAT] ep=725 | roll@25(s/c/t)=0.9/0.1/0.0 (0.92/0.08/0.00) | R.mean=0.4
[10-06 16:41:24] INFO: [METRICS-25] time=16.25s | dfreq=0.000 | ddist=0.000m
[10-06 16:41:25] INFO: [METRICS-PLOT] 3-metrics curve -> /root/bayes-vl-matched-20261006/crowd_nav/runs/bayes-matched-v1/gru-seed42/curves_3metrics.png
[10-06 16:41:25] INFO: [RL-EP-0725] (725/10000) s/c/t=1/0/0 qloss=0.0000 ploss=0.0000 buf=200000
[10-06 16:41:25] INFO:               cumulative s/c/t%: 92.0%/8.0%/0.0%
[10-06 16:41:25] INFO: [REPLAY-STORE] ok=725 skip=0 steps=53479 buf=200000
[10-06 16:41:25] INFO: [STAGE0-MONITOR] timeout_ratio=0.000 (target: decrease over time)
[10-06 16:41:25] INFO: ================================================================================
[10-06 16:41:25] INFO: [MULTI-SCALE-725] TARGET: peak=1.000 stable_90=10ep
[10-06 16:41:25] INFO: [MULTI-SCALE-725] WINDOWS: short=0.900 med=0.920 long=0.900
[10-06 16:41:25] INFO: [MULTI-SCALE-725] QUALITY: stability=0.800 learn_rate=0.00000
[10-06 16:41:25] INFO: [ACHIEVEMENT] Stable 90%+ success rate achieved for 10 episodes!
[10-06 16:41:25] INFO: [HEALTH-CHECK-725] Overall: NEEDS_IMPROVEMENT (score=0.400)
[10-06 16:41:25] INFO: ================================================================================
[10-06 16:41:27] INFO: [RL-EP-0726] (726)
[10-06 16:41:30] INFO: [RL-EP-0727] (727)
[10-06 16:41:32] INFO: [RL-EP-0728] (728)
[10-06 16:41:35] INFO: [RL-EP-0729] (729)
[10-06 16:41:37] INFO: [RL-EP-0730] roll=0.920/0.080/0.000
[10-06 16:41:39] INFO: [RL-EP-0731] (731)
[10-06 16:41:41] INFO: [RL-EP-0732] (732)
[10-06 16:41:44] INFO: [RL-EP-0733] (733)
[10-06 16:41:46] INFO: [RL-EP-0734] (734)
[10-06 16:41:49] INFO: [RL-EP-0735] roll=0.920/0.080/0.000
[10-06 16:41:51] INFO: [RL-EP-0736] (736)
[10-06 16:41:53] INFO: [RL-EP-0737] (737)
[10-06 16:41:55] INFO: [RL-EP-0738] (738)
[10-06 16:41:58] INFO: [RL-EP-0739] (739)
[10-06 16:42:00] INFO: [RL-EP-0740] roll=0.940/0.060/0.000
[10-06 16:42:02] INFO: [RL-EP-0741] (741)
[10-06 16:42:04] INFO: [RL-EP-0742] (742)
[10-06 16:42:07] INFO: [RL-EP-0743] (743)
[10-06 16:42:09] INFO: [RL-EP-0744] (744)
[10-06 16:42:12] INFO: [RL-EP-0745] roll=0.960/0.040/0.000
[10-06 16:42:14] INFO: [RL-EP-0746] (746)
[10-06 16:42:16] INFO: [RL-EP-0747] (747)
[10-06 16:42:19] INFO: [RL-EP-0748] (748)
[10-06 16:42:21] INFO: [RL-EP-0749] (749)
[10-06 16:42:21] INFO: [CONFIG-CHECK] ep=750 updates_per_ep=4 (from config)
[10-06 16:42:23] INFO: [SARL-LOSS] ep=750 value_loss=0.0126 epsilon=0.1750
[10-06 16:42:23] INFO: [STAT] ep=750 | roll@25(s/c/t)=1.0/0.0/0.0 (0.96/0.04/0.00) | R.mean=0.5
[10-06 16:42:23] INFO: [METRICS-25] time=16.45s | dfreq=0.000 | ddist=0.000m
[10-06 16:42:24] INFO: [METRICS-PLOT] 3-metrics curve -> /root/bayes-vl-matched-20261006/crowd_nav/runs/bayes-matched-v1/gru-seed42/curves_3metrics.png
[10-06 16:42:24] INFO: [RL-EP-0750] (750/10000) s/c/t=1/0/0 qloss=0.0000 ploss=0.0000 buf=200000
[10-06 16:42:24] INFO:               cumulative s/c/t%: 96.0%/4.0%/0.0%
[10-06 16:42:24] INFO: [REPLAY-STORE] ok=750 skip=0 steps=55139 buf=200000
[10-06 16:42:24] INFO: [STAGE0-MONITOR] timeout_ratio=0.000 (target: decrease over time)
[10-06 16:42:24] INFO: ================================================================================
[10-06 16:42:24] INFO: [MULTI-SCALE-750] TARGET: peak=1.000 stable_90=10ep
[10-06 16:42:24] INFO: [MULTI-SCALE-750] WINDOWS: short=1.000 med=1.000 long=0.940
[10-06 16:42:24] INFO: [MULTI-SCALE-750] QUALITY: stability=0.800 learn_rate=0.00000
[10-06 16:42:24] INFO: [ACHIEVEMENT] Stable 90%+ success rate achieved for 10 episodes!
[10-06 16:42:24] INFO: [HEALTH-CHECK-750] Overall: NEEDS_IMPROVEMENT (score=0.400)
[10-06 16:42:24] INFO: ================================================================================
[10-06 16:42:26] INFO: [RL-EP-0751] (751)
[10-06 16:42:28] INFO: [RL-EP-0752] (752)
[10-06 16:42:30] INFO: [RL-EP-0753] (753)
[10-06 16:42:32] INFO: [RL-EP-0754] (754)
[10-06 16:42:34] INFO: [RL-EP-0755] roll=0.960/0.040/0.000
[10-06 16:42:36] INFO: [RL-EP-0756] (756)
[10-06 16:42:39] INFO: [RL-EP-0757] (757)
[10-06 16:42:40] INFO: [RL-EP-0758] (758)
[10-06 16:42:43] INFO: [RL-EP-0759] (759)
[10-06 16:42:45] INFO: [RL-EP-0760] roll=0.940/0.060/0.000
[10-06 16:42:47] INFO: [RL-EP-0761] (761)
[10-06 16:42:50] INFO: [RL-EP-0762] (762)
[10-06 16:42:51] INFO: [RL-EP-0763] (763)
[10-06 16:42:54] INFO: [RL-EP-0764] (764)
[10-06 16:42:56] INFO: [RL-EP-0765] roll=0.920/0.080/0.000
[10-06 16:42:59] INFO: [RL-EP-0766] (766)
[10-06 16:43:01] INFO: [RL-EP-0767] (767)
[10-06 16:43:02] INFO: [RL-EP-0768] (768)
[10-06 16:43:05] INFO: [RL-EP-0769] (769)
[10-06 16:43:07] INFO: [RL-EP-0770] roll=0.900/0.100/0.000
[10-06 16:43:09] INFO: [RL-EP-0771] (771)
[10-06 16:43:11] INFO: [RL-EP-0772] (772)
[10-06 16:43:13] INFO: [RL-EP-0773] (773)
[10-06 16:43:15] INFO: [RL-EP-0774] (774)
[10-06 16:43:18] INFO: [SARL-LOSS] ep=775 value_loss=0.0274 epsilon=0.1708
[10-06 16:43:18] INFO: [STAT] ep=775 | roll@25(s/c/t)=0.9/0.1/0.0 (0.90/0.10/0.00) | R.mean=0.4
[10-06 16:43:18] INFO: [METRICS-25] time=15.72s | dfreq=0.000 | ddist=0.000m
[10-06 16:43:18] INFO: [METRICS-PLOT] 3-metrics curve -> /root/bayes-vl-matched-20261006/crowd_nav/runs/bayes-matched-v1/gru-seed42/curves_3metrics.png
[10-06 16:43:18] INFO: [RL-EP-0775] (775/10000) s/c/t=1/0/0 qloss=0.0000 ploss=0.0000 buf=200000
[10-06 16:43:18] INFO:               cumulative s/c/t%: 90.0%/10.0%/0.0%
[10-06 16:43:18] INFO: [REPLAY-STORE] ok=775 skip=0 steps=56624 buf=200000
[10-06 16:43:18] INFO: [STAGE0-MONITOR] timeout_ratio=0.000 (target: decrease over time)
[10-06 16:43:18] INFO: ================================================================================
[10-06 16:43:18] INFO: [MULTI-SCALE-775] TARGET: peak=1.000 stable_90=8ep
[10-06 16:43:18] INFO: [MULTI-SCALE-775] WINDOWS: short=0.800 med=0.800 long=0.910
[10-06 16:43:18] INFO: [MULTI-SCALE-775] QUALITY: stability=0.800 learn_rate=0.00000
[10-06 16:43:18] INFO: [ACHIEVEMENT] Stable 90%+ success rate achieved for 8 episodes!
[10-06 16:43:18] INFO: [HEALTH-CHECK-775] Overall: NEEDS_IMPROVEMENT (score=0.400)
[10-06 16:43:18] INFO: ================================================================================
[10-06 16:43:20] INFO: [RL-EP-0776] (776)
[10-06 16:43:23] INFO: [RL-EP-0777] (777)
[10-06 16:43:25] INFO: [RL-EP-0778] (778)
[10-06 16:43:27] INFO: [RL-EP-0779] (779)
[10-06 16:43:29] INFO: [RL-EP-0780] roll=0.900/0.100/0.000
[10-06 16:43:32] INFO: [RL-EP-0781] (781)
[10-06 16:43:34] INFO: [RL-EP-0782] (782)
[10-06 16:43:36] INFO: [RL-EP-0783] (783)
[10-06 16:43:39] INFO: [RL-EP-0784] (784)
[10-06 16:43:41] INFO: [RL-EP-0785] roll=0.900/0.100/0.000
[10-06 16:43:43] INFO: [RL-EP-0786] (786)
[10-06 16:43:46] INFO: [RL-EP-0787] (787)
[10-06 16:43:49] INFO: [RL-EP-0788] (788)
[10-06 16:43:51] INFO: [RL-EP-0789] (789)
[10-06 16:43:53] INFO: [RL-EP-0790] roll=0.900/0.100/0.000
[10-06 16:43:56] INFO: [RL-EP-0791] (791)
[10-06 16:43:58] INFO: [RL-EP-0792] (792)
[10-06 16:44:00] INFO: [RL-EP-0793] (793)
[10-06 16:44:03] INFO: [RL-EP-0794] (794)
[10-06 16:44:05] INFO: [RL-EP-0795] roll=0.900/0.100/0.000
[10-06 16:44:08] INFO: [RL-EP-0796] (796)
[10-06 16:44:10] INFO: [RL-EP-0797] (797)
[10-06 16:44:12] INFO: [RL-EP-0798] (798)
[10-06 16:44:15] INFO: [RL-EP-0799] (799)
[10-06 16:44:15] INFO: [CONFIG-CHECK] ep=800 updates_per_ep=4 (from config)
[10-06 16:44:15] INFO: [SARL-EPSILON] ep=800 epsilon=0.1667 (start=0.3, end=0.05, decay=1500)
[10-06 16:44:17] INFO: [SARL-REPLAY] ep=800 buffer_size=200000 updates=4
[10-06 16:44:17] INFO: [SARL-LOSS] ep=800 value_loss=0.0180 epsilon=0.1667
[10-06 16:44:17] INFO: [SARL-STATS] ep=800 buffer_size=200000
[10-06 16:44:17] INFO: [STAT] ep=800 | roll@25(s/c/t)=0.9/0.1/0.0 (0.90/0.10/0.00) | R.mean=0.4
[10-06 16:44:17] INFO: [METRICS-25] time=15.79s | dfreq=0.000 | ddist=0.000m
[10-06 16:44:18] INFO: [METRICS-PLOT] 3-metrics curve -> /root/bayes-vl-matched-20261006/crowd_nav/runs/bayes-matched-v1/gru-seed42/curves_3metrics.png
[10-06 16:44:18] INFO: [RL-EP-0800] (800/10000) s/c/t=1/0/0 qloss=0.0000 ploss=0.0000 buf=200000
[10-06 16:44:18] INFO:               cumulative s/c/t%: 90.0%/10.0%/0.0%
[10-06 16:44:18] INFO: [REPLAY-STORE] ok=800 skip=0 steps=58296 buf=200000
[10-06 16:44:18] INFO: [STAGE0-MONITOR] timeout_ratio=0.000 (target: decrease over time)
[10-06 16:44:18] INFO: [SOT-0800] REWARD succ=1.0/coll=-0.50 | GRID 5×16=80 | EVENTS s=0.90/c=0.10/t=0.00
[10-06 16:44:18] INFO: ================================================================================
[10-06 16:44:18] INFO: [MULTI-SCALE-800] TARGET: peak=1.000 stable_90=10ep
[10-06 16:44:18] INFO: [MULTI-SCALE-800] WINDOWS: short=1.000 med=1.000 long=0.930
[10-06 16:44:18] INFO: [MULTI-SCALE-800] QUALITY: stability=0.800 learn_rate=0.00000
[10-06 16:44:18] INFO: [ACHIEVEMENT] Stable 90%+ success rate achieved for 10 episodes!
[10-06 16:44:18] INFO: [HEALTH-CHECK-800] Overall: NEEDS_IMPROVEMENT (score=0.400)
[10-06 16:44:18] INFO: ================================================================================
[10-06 16:44:19] INFO: [RL-EP-0801] (801)
[10-06 16:44:21] INFO: [RL-EP-0802] (802)
[10-06 16:44:23] INFO: [RL-EP-0803] (803)
[10-06 16:44:26] INFO: [RL-EP-0804] (804)
[10-06 16:44:28] INFO: [RL-EP-0805] roll=0.900/0.100/0.000
[10-06 16:44:30] INFO: [RL-EP-0806] (806)
[10-06 16:44:31] INFO: [RL-EP-0807] (807)
[10-06 16:44:33] INFO: [RL-EP-0808] (808)
[10-06 16:44:35] INFO: [RL-EP-0809] (809)
[10-06 16:44:38] INFO: [RL-EP-0810] roll=0.880/0.120/0.000
[10-06 16:44:40] INFO: [RL-EP-0811] (811)
[10-06 16:44:43] INFO: [RL-EP-0812] (812)
[10-06 16:44:45] INFO: [RL-EP-0813] (813)
[10-06 16:44:47] INFO: [RL-EP-0814] (814)
[10-06 16:44:50] INFO: [RL-EP-0815] roll=0.900/0.100/0.000
[10-06 16:44:52] INFO: [RL-EP-0816] (816)
[10-06 16:44:54] INFO: [RL-EP-0817] (817)
[10-06 16:44:56] INFO: [RL-EP-0818] (818)
[10-06 16:44:59] INFO: [RL-EP-0819] (819)
[10-06 16:45:01] INFO: [RL-EP-0820] roll=0.920/0.080/0.000
[10-06 16:45:03] INFO: [RL-EP-0821] (821)
[10-06 16:45:06] INFO: [RL-EP-0822] (822)
[10-06 16:45:08] INFO: [RL-EP-0823] (823)
[10-06 16:45:10] INFO: [RL-EP-0824] (824)
[10-06 16:45:13] INFO: [SARL-LOSS] ep=825 value_loss=0.0201 epsilon=0.1625
[10-06 16:45:13] INFO: [STAT] ep=825 | roll@25(s/c/t)=0.9/0.1/0.0 (0.94/0.06/0.00) | R.mean=0.5
[10-06 16:45:13] INFO: [METRICS-25] time=16.05s | dfreq=0.000 | ddist=0.000m
[10-06 16:45:13] INFO: [METRICS-PLOT] 3-metrics curve -> /root/bayes-vl-matched-20261006/crowd_nav/runs/bayes-matched-v1/gru-seed42/curves_3metrics.png
[10-06 16:45:13] INFO: [RL-EP-0825] (825/10000) s/c/t=1/0/0 qloss=0.0000 ploss=0.0000 buf=200000
[10-06 16:45:13] INFO:               cumulative s/c/t%: 94.0%/6.0%/0.0%
[10-06 16:45:13] INFO: [REPLAY-STORE] ok=825 skip=0 steps=59835 buf=200000
[10-06 16:45:13] INFO: [STAGE0-MONITOR] timeout_ratio=0.000 (target: decrease over time)
[10-06 16:45:13] INFO: ================================================================================
[10-06 16:45:13] INFO: [MULTI-SCALE-825] TARGET: peak=1.000 stable_90=10ep
[10-06 16:45:13] INFO: [MULTI-SCALE-825] WINDOWS: short=1.000 med=0.880 long=0.920
[10-06 16:45:13] INFO: [MULTI-SCALE-825] QUALITY: stability=0.800 learn_rate=0.00000
[10-06 16:45:13] INFO: [ACHIEVEMENT] Stable 90%+ success rate achieved for 10 episodes!
[10-06 16:45:13] INFO: [HEALTH-CHECK-825] Overall: NEEDS_IMPROVEMENT (score=0.400)
[10-06 16:45:13] INFO: ================================================================================
[10-06 16:45:16] INFO: [RL-EP-0826] (826)
[10-06 16:45:18] INFO: [RL-EP-0827] (827)
[10-06 16:45:20] INFO: [RL-EP-0828] (828)
[10-06 16:45:22] INFO: [RL-EP-0829] (829)
[10-06 16:45:24] INFO: [RL-EP-0830] roll=0.940/0.060/0.000
[10-06 16:45:27] INFO: [RL-EP-0831] (831)
[10-06 16:45:29] INFO: [RL-EP-0832] (832)
[10-06 16:45:32] INFO: [RL-EP-0833] (833)
[10-06 16:45:34] INFO: [RL-EP-0834] (834)
[10-06 16:45:36] INFO: [RL-EP-0835] roll=0.900/0.100/0.000
[10-06 16:45:38] INFO: [RL-EP-0836] (836)
[10-06 16:45:39] INFO: [RL-EP-0837] (837)
[10-06 16:45:42] INFO: [RL-EP-0838] (838)
[10-06 16:45:44] INFO: [RL-EP-0839] (839)
[10-06 16:45:46] INFO: [RL-EP-0840] roll=0.880/0.120/0.000
[10-06 16:45:48] INFO: [RL-EP-0841] (841)
[10-06 16:45:50] INFO: [RL-EP-0842] (842)
[10-06 16:45:53] INFO: [RL-EP-0843] (843)
[10-06 16:45:55] INFO: [RL-EP-0844] (844)
[10-06 16:45:57] INFO: [RL-EP-0845] roll=0.880/0.120/0.000
[10-06 16:46:00] INFO: [RL-EP-0846] (846)
[10-06 16:46:02] INFO: [RL-EP-0847] (847)
[10-06 16:46:05] INFO: [RL-EP-0848] (848)
[10-06 16:46:07] INFO: [RL-EP-0849] (849)
[10-06 16:46:07] INFO: [CONFIG-CHECK] ep=850 updates_per_ep=4 (from config)
[10-06 16:46:10] INFO: [SARL-LOSS] ep=850 value_loss=0.0184 epsilon=0.1583
[10-06 16:46:10] INFO: [STAT] ep=850 | roll@25(s/c/t)=0.9/0.1/0.0 (0.88/0.12/0.00) | R.mean=0.4
[10-06 16:46:10] INFO: [METRICS-25] time=15.56s | dfreq=0.000 | ddist=0.000m
[10-06 16:46:10] INFO: [METRICS-PLOT] 3-metrics curve -> /root/bayes-vl-matched-20261006/crowd_nav/runs/bayes-matched-v1/gru-seed42/curves_3metrics.png
[10-06 16:46:10] INFO: [RL-EP-0850] (850/10000) s/c/t=1/0/0 qloss=0.0000 ploss=0.0000 buf=200000
[10-06 16:46:10] INFO:               cumulative s/c/t%: 88.0%/12.0%/0.0%
[10-06 16:46:10] INFO: [REPLAY-STORE] ok=850 skip=0 steps=61408 buf=200000
[10-06 16:46:10] INFO: [STAGE0-MONITOR] timeout_ratio=0.000 (target: decrease over time)
[10-06 16:46:10] INFO: ================================================================================
[10-06 16:46:10] INFO: [MULTI-SCALE-850] TARGET: peak=1.000 stable_90=0ep
[10-06 16:46:10] INFO: [MULTI-SCALE-850] WINDOWS: short=1.000 med=0.880 long=0.890
[10-06 16:46:10] INFO: [MULTI-SCALE-850] QUALITY: stability=0.800 learn_rate=0.00000
[10-06 16:46:10] INFO: [MILESTONE] Peak performance 100.0% reached! Working towards stability...
[10-06 16:46:10] INFO: [HEALTH-CHECK-850] Overall: NEEDS_IMPROVEMENT (score=0.400)
[10-06 16:46:10] INFO: ================================================================================
[10-06 16:46:12] INFO: [RL-EP-0851] (851)
[10-06 16:46:15] INFO: [RL-EP-0852] (852)
[10-06 16:46:17] INFO: [RL-EP-0853] (853)
[10-06 16:46:19] INFO: [RL-EP-0854] (854)
[10-06 16:46:22] INFO: [RL-EP-0855] roll=0.900/0.100/0.000
[10-06 16:46:24] INFO: [RL-EP-0856] (856)
[10-06 16:46:26] INFO: [RL-EP-0857] (857)
[10-06 16:46:28] INFO: [RL-EP-0858] (858)
[10-06 16:46:31] INFO: [RL-EP-0859] (859)
[10-06 16:46:33] INFO: [RL-EP-0860] roll=0.940/0.060/0.000
[10-06 16:46:35] INFO: [RL-EP-0861] (861)
[10-06 16:46:37] INFO: [RL-EP-0862] (862)
[10-06 16:46:40] INFO: [RL-EP-0863] (863)
[10-06 16:46:41] INFO: [RL-EP-0864] (864)
[10-06 16:46:43] INFO: [RL-EP-0865] roll=0.920/0.080/0.000
[10-06 16:46:46] INFO: [RL-EP-0866] (866)
[10-06 16:46:51] INFO: [RL-EP-0867] (867)
[10-06 16:46:53] INFO: [RL-EP-0868] (868)
[10-06 16:46:55] INFO: [RL-EP-0869] (869)
[10-06 16:46:58] INFO: [RL-EP-0870] roll=0.900/0.080/0.020
[10-06 16:47:00] INFO: [RL-EP-0871] (871)
[10-06 16:47:03] INFO: [RL-EP-0872] (872)
[10-06 16:47:05] INFO: [RL-EP-0873] (873)
[10-06 16:47:07] INFO: [RL-EP-0874] (874)
[10-06 16:47:09] INFO: [SARL-LOSS] ep=875 value_loss=0.0236 epsilon=0.1542
[10-06 16:47:09] INFO: [STAT] ep=875 | roll@25(s/c/t)=0.9/0.1/0.0 (0.90/0.08/0.02) | R.mean=0.4
[10-06 16:47:09] INFO: [METRICS-25] time=16.56s | dfreq=0.000 | ddist=0.000m
[10-06 16:47:10] INFO: [METRICS-PLOT] 3-metrics curve -> /root/bayes-vl-matched-20261006/crowd_nav/runs/bayes-matched-v1/gru-seed42/curves_3metrics.png
[10-06 16:47:10] INFO: [RL-EP-0875] (875/10000) s/c/t=1/0/0 qloss=0.0000 ploss=0.0000 buf=200000
[10-06 16:47:10] INFO:               cumulative s/c/t%: 90.0%/8.0%/2.0%
[10-06 16:47:10] INFO: [REPLAY-STORE] ok=875 skip=0 steps=63147 buf=200000
[10-06 16:47:10] INFO: [STAGE0-MONITOR] timeout_ratio=0.020 (target: decrease over time)
[10-06 16:47:10] INFO: ================================================================================
[10-06 16:47:10] INFO: [MULTI-SCALE-875] TARGET: peak=1.000 stable_90=10ep
[10-06 16:47:10] INFO: [MULTI-SCALE-875] WINDOWS: short=0.900 med=0.920 long=0.920
[10-06 16:47:10] INFO: [MULTI-SCALE-875] QUALITY: stability=0.800 learn_rate=0.00000
[10-06 16:47:10] INFO: [ACHIEVEMENT] Stable 90%+ success rate achieved for 10 episodes!
[10-06 16:47:10] INFO: [HEALTH-CHECK-875] Overall: NEEDS_IMPROVEMENT (score=0.400)
[10-06 16:47:10] INFO: ================================================================================
[10-06 16:47:12] INFO: [RL-EP-0876] (876)
[10-06 16:47:14] INFO: [RL-EP-0877] (877)
[10-06 16:47:17] INFO: [RL-EP-0878] (878)
[10-06 16:47:19] INFO: [RL-EP-0879] (879)
[10-06 16:47:21] INFO: [RL-EP-0880] roll=0.900/0.080/0.020
[10-06 16:47:24] INFO: [RL-EP-0881] (881)
[10-06 16:47:25] INFO: [RL-EP-0882] (882)
[10-06 16:47:27] INFO: [RL-EP-0883] (883)
[10-06 16:47:29] INFO: [RL-EP-0884] (884)
[10-06 16:47:32] INFO: [RL-EP-0885] roll=0.920/0.060/0.020
[10-06 16:47:34] INFO: [RL-EP-0886] (886)
[10-06 16:47:36] INFO: [RL-EP-0887] (887)
[10-06 16:47:39] INFO: [RL-EP-0888] (888)
[10-06 16:47:41] INFO: [RL-EP-0889] (889)
[10-06 16:47:44] INFO: [RL-EP-0890] roll=0.940/0.040/0.020
[10-06 16:47:46] INFO: [RL-EP-0891] (891)
[10-06 16:47:48] INFO: [RL-EP-0892] (892)
[10-06 16:47:51] INFO: [RL-EP-0893] (893)
[10-06 16:47:53] INFO: [RL-EP-0894] (894)
[10-06 16:47:55] INFO: [RL-EP-0895] roll=0.940/0.040/0.020
[10-06 16:47:58] INFO: [RL-EP-0896] (896)
[10-06 16:48:00] INFO: [RL-EP-0897] (897)
[10-06 16:48:02] INFO: [RL-EP-0898] (898)
[10-06 16:48:04] INFO: [RL-EP-0899] (899)
[10-06 16:48:04] INFO: [CONFIG-CHECK] ep=900 updates_per_ep=4 (from config)
[10-06 16:48:04] INFO: [SARL-EPSILON] ep=900 epsilon=0.1500 (start=0.3, end=0.05, decay=1500)
[10-06 16:48:06] INFO: [SARL-REPLAY] ep=900 buffer_size=200000 updates=4
[10-06 16:48:06] INFO: [SARL-LOSS] ep=900 value_loss=0.0277 epsilon=0.1500
[10-06 16:48:06] INFO: [SARL-STATS] ep=900 buffer_size=200000
[10-06 16:48:06] INFO: [STAT] ep=900 | roll@25(s/c/t)=0.9/0.0/0.0 (0.94/0.04/0.02) | R.mean=0.5
[10-06 16:48:06] INFO: [METRICS-25] time=16.48s | dfreq=0.000 | ddist=0.000m
[10-06 16:48:07] INFO: [METRICS-PLOT] 3-metrics curve -> /root/bayes-vl-matched-20261006/crowd_nav/runs/bayes-matched-v1/gru-seed42/curves_3metrics.png
[10-06 16:48:07] INFO: [RL-EP-0900] (900/10000) s/c/t=1/0/0 qloss=0.0000 ploss=0.0000 buf=200000
[10-06 16:48:07] INFO:               cumulative s/c/t%: 94.0%/4.0%/2.0%
[10-06 16:48:07] INFO: [REPLAY-STORE] ok=900 skip=0 steps=64704 buf=200000
[10-06 16:48:07] INFO: [STAGE0-MONITOR] timeout_ratio=0.020 (target: decrease over time)
[10-06 16:48:07] INFO: [SOT-0900] REWARD succ=1.0/coll=-0.50 | GRID 5×16=80 | EVENTS s=0.94/c=0.04/t=0.02
[10-06 16:48:07] INFO: ================================================================================
[10-06 16:48:07] INFO: [MULTI-SCALE-900] TARGET: peak=1.000 stable_90=10ep
[10-06 16:48:07] INFO: [MULTI-SCALE-900] WINDOWS: short=1.000 med=0.960 long=0.910
[10-06 16:48:07] INFO: [MULTI-SCALE-900] QUALITY: stability=0.800 learn_rate=0.00000
[10-06 16:48:07] INFO: [ACHIEVEMENT] Stable 90%+ success rate achieved for 10 episodes!
[10-06 16:48:07] INFO: [HEALTH-CHECK-900] Overall: NEEDS_IMPROVEMENT (score=0.400)
[10-06 16:48:07] INFO: ================================================================================
[10-06 16:48:09] INFO: [RL-EP-0901] (901)
[10-06 16:48:11] INFO: [RL-EP-0902] (902)
[10-06 16:48:13] INFO: [RL-EP-0903] (903)
[10-06 16:48:16] INFO: [RL-EP-0904] (904)
[10-06 16:48:18] INFO: [RL-EP-0905] roll=0.940/0.040/0.020
[10-06 16:48:20] INFO: [RL-EP-0906] (906)
[10-06 16:48:22] INFO: [RL-EP-0907] (907)
[10-06 16:48:24] INFO: [RL-EP-0908] (908)
[10-06 16:48:27] INFO: [RL-EP-0909] (909)
[10-06 16:48:29] INFO: [RL-EP-0910] roll=0.920/0.060/0.020
[10-06 16:48:31] INFO: [RL-EP-0911] (911)
[10-06 16:48:33] INFO: [RL-EP-0912] (912)
[10-06 16:48:36] INFO: [RL-EP-0913] (913)
[10-06 16:48:38] INFO: [RL-EP-0914] (914)
[10-06 16:48:40] INFO: [RL-EP-0915] roll=0.940/0.040/0.020
[10-06 16:48:42] INFO: [RL-EP-0916] (916)
[10-06 16:48:45] INFO: [RL-EP-0917] (917)
[10-06 16:48:47] INFO: [RL-EP-0918] (918)
[10-06 16:48:49] INFO: [RL-EP-0919] (919)
[10-06 16:48:52] INFO: [RL-EP-0920] roll=0.960/0.040/0.000
[10-06 16:48:54] INFO: [RL-EP-0921] (921)
[10-06 16:48:56] INFO: [RL-EP-0922] (922)
[10-06 16:48:58] INFO: [RL-EP-0923] (923)
[10-06 16:49:04] INFO: [RL-EP-0924] (924)
[10-06 16:49:06] INFO: [SARL-LOSS] ep=925 value_loss=0.0220 epsilon=0.1458
[10-06 16:49:06] INFO: [STAT] ep=925 | roll@25(s/c/t)=0.9/0.0/0.0 (0.94/0.04/0.02) | R.mean=0.5
[10-06 16:49:06] INFO: [METRICS-25] time=16.11s | dfreq=0.000 | ddist=0.000m
[10-06 16:49:07] INFO: [METRICS-PLOT] 3-metrics curve -> /root/bayes-vl-matched-20261006/crowd_nav/runs/bayes-matched-v1/gru-seed42/curves_3metrics.png
[10-06 16:49:07] INFO: [RL-EP-0925] (925/10000) s/c/t=1/0/0 qloss=0.0000 ploss=0.0000 buf=200000
[10-06 16:49:07] INFO:               cumulative s/c/t%: 94.0%/4.0%/2.0%
[10-06 16:49:07] INFO: [REPLAY-STORE] ok=925 skip=0 steps=66368 buf=200000
[10-06 16:49:07] INFO: [STAGE0-MONITOR] timeout_ratio=0.020 (target: decrease over time)
[10-06 16:49:07] INFO: ================================================================================
[10-06 16:49:07] INFO: [MULTI-SCALE-925] TARGET: peak=1.000 stable_90=10ep
[10-06 16:49:07] INFO: [MULTI-SCALE-925] WINDOWS: short=0.900 med=0.920 long=0.920
[10-06 16:49:07] INFO: [MULTI-SCALE-925] QUALITY: stability=0.800 learn_rate=0.00000
[10-06 16:49:07] INFO: [ACHIEVEMENT] Stable 90%+ success rate achieved for 10 episodes!
[10-06 16:49:07] INFO: [HEALTH-CHECK-925] Overall: NEEDS_IMPROVEMENT (score=0.400)
[10-06 16:49:07] INFO: ================================================================================
[10-06 16:49:08] INFO: [RL-EP-0926] (926)
[10-06 16:49:10] INFO: [RL-EP-0927] (927)
[10-06 16:49:13] INFO: [RL-EP-0928] (928)
[10-06 16:49:15] INFO: [RL-EP-0929] (929)
[10-06 16:49:17] INFO: [RL-EP-0930] roll=0.920/0.060/0.020
[10-06 16:49:20] INFO: [RL-EP-0931] (931)
[10-06 16:49:26] INFO: [RL-EP-0932] (932)
[10-06 16:49:28] INFO: [RL-EP-0933] (933)
[10-06 16:49:30] INFO: [RL-EP-0934] (934)
[10-06 16:49:33] INFO: [RL-EP-0935] roll=0.920/0.040/0.040
[10-06 16:49:34] INFO: [RL-EP-0936] (936)
[10-06 16:49:36] INFO: [RL-EP-0937] (937)
[10-06 16:49:39] INFO: [RL-EP-0938] (938)
[10-06 16:49:41] INFO: [RL-EP-0939] (939)
[10-06 16:49:43] INFO: [RL-EP-0940] roll=0.900/0.060/0.040
[10-06 16:49:46] INFO: [RL-EP-0941] (941)
[10-06 16:49:48] INFO: [RL-EP-0942] (942)
[10-06 16:49:51] INFO: [RL-EP-0943] (943)
[10-06 16:49:53] INFO: [RL-EP-0944] (944)
[10-06 16:49:55] INFO: [RL-EP-0945] roll=0.900/0.060/0.040
[10-06 16:49:57] INFO: [RL-EP-0946] (946)
[10-06 16:49:59] INFO: [RL-EP-0947] (947)
[10-06 16:50:02] INFO: [RL-EP-0948] (948)
[10-06 16:50:04] INFO: [RL-EP-0949] (949)
[10-06 16:50:04] INFO: [CONFIG-CHECK] ep=950 updates_per_ep=4 (from config)
[10-06 16:50:05] INFO: [SARL-LOSS] ep=950 value_loss=0.0160 epsilon=0.1417
[10-06 16:50:05] INFO: [STAT] ep=950 | roll@25(s/c/t)=0.9/0.1/0.0 (0.88/0.08/0.04) | R.mean=0.4
[10-06 16:50:05] INFO: [METRICS-25] time=16.57s | dfreq=0.000 | ddist=0.000m
[10-06 16:50:06] INFO: [METRICS-PLOT] 3-metrics curve -> /root/bayes-vl-matched-20261006/crowd_nav/runs/bayes-matched-v1/gru-seed42/curves_3metrics.png
[10-06 16:50:06] INFO: [RL-EP-0950] (950/10000) s/c/t=0/1/0 qloss=0.0000 ploss=0.0000 buf=200000
[10-06 16:50:06] INFO:               cumulative s/c/t%: 88.0%/8.0%/4.0%
[10-06 16:50:06] INFO: [REPLAY-STORE] ok=950 skip=0 steps=68017 buf=200000
[10-06 16:50:06] INFO: [STAGE0-MONITOR] timeout_ratio=0.040 (target: decrease over time)
[10-06 16:50:06] INFO: ================================================================================
[10-06 16:50:06] INFO: [MULTI-SCALE-950] TARGET: peak=1.000 stable_90=9ep
[10-06 16:50:06] INFO: [MULTI-SCALE-950] WINDOWS: short=0.900 med=0.840 long=0.910
[10-06 16:50:06] INFO: [MULTI-SCALE-950] QUALITY: stability=0.800 learn_rate=0.00000
[10-06 16:50:06] INFO: [ACHIEVEMENT] Stable 90%+ success rate achieved for 9 episodes!
[10-06 16:50:06] INFO: [HEALTH-CHECK-950] Overall: NEEDS_IMPROVEMENT (score=0.400)
[10-06 16:50:06] INFO: ================================================================================
[10-06 16:50:08] INFO: [RL-EP-0951] (951)
[10-06 16:50:10] INFO: [RL-EP-0952] (952)
[10-06 16:50:12] INFO: [RL-EP-0953] (953)
[10-06 16:50:14] INFO: [RL-EP-0954] (954)
[10-06 16:50:16] INFO: [RL-EP-0955] roll=0.860/0.100/0.040
[10-06 16:50:19] INFO: [RL-EP-0956] (956)
[10-06 16:50:21] INFO: [RL-EP-0957] (957)
[10-06 16:50:23] INFO: [RL-EP-0958] (958)
[10-06 16:50:25] INFO: [RL-EP-0959] (959)
[10-06 16:50:27] INFO: [RL-EP-0960] roll=0.860/0.100/0.040
[10-06 16:50:29] INFO: [RL-EP-0961] (961)
[10-06 16:50:31] INFO: [RL-EP-0962] (962)
[10-06 16:50:34] INFO: [RL-EP-0963] (963)
[10-06 16:50:36] INFO: [RL-EP-0964] (964)
[10-06 16:50:38] INFO: [RL-EP-0965] roll=0.860/0.100/0.040
[10-06 16:50:40] INFO: [RL-EP-0966] (966)
[10-06 16:50:43] INFO: [RL-EP-0967] (967)
[10-06 16:50:45] INFO: [RL-EP-0968] (968)
[10-06 16:50:47] INFO: [RL-EP-0969] (969)
[10-06 16:50:49] INFO: [RL-EP-0970] roll=0.860/0.100/0.040
[10-06 16:50:51] INFO: [RL-EP-0971] (971)
[10-06 16:50:54] INFO: [RL-EP-0972] (972)
[10-06 16:50:56] INFO: [RL-EP-0973] (973)
[10-06 16:50:58] INFO: [RL-EP-0974] (974)
[10-06 16:51:01] INFO: [SARL-LOSS] ep=975 value_loss=0.0224 epsilon=0.1375
[10-06 16:51:01] INFO: [STAT] ep=975 | roll@25(s/c/t)=0.9/0.1/0.0 (0.88/0.10/0.02) | R.mean=0.4
[10-06 16:51:01] INFO: [METRICS-25] time=15.47s | dfreq=0.000 | ddist=0.000m
[10-06 16:51:01] INFO: [METRICS-PLOT] 3-metrics curve -> /root/bayes-vl-matched-20261006/crowd_nav/runs/bayes-matched-v1/gru-seed42/curves_3metrics.png
[10-06 16:51:01] INFO: [RL-EP-0975] (975/10000) s/c/t=1/0/0 qloss=0.0000 ploss=0.0000 buf=200000
[10-06 16:51:01] INFO:               cumulative s/c/t%: 88.0%/10.0%/2.0%
[10-06 16:51:01] INFO: [REPLAY-STORE] ok=975 skip=0 steps=69462 buf=200000
[10-06 16:51:01] INFO: [STAGE0-MONITOR] timeout_ratio=0.020 (target: decrease over time)
[10-06 16:51:01] INFO: ================================================================================
[10-06 16:51:01] INFO: [MULTI-SCALE-975] TARGET: peak=1.000 stable_90=0ep
[10-06 16:51:01] INFO: [MULTI-SCALE-975] WINDOWS: short=1.000 med=0.920 long=0.910
[10-06 16:51:01] INFO: [MULTI-SCALE-975] QUALITY: stability=0.800 learn_rate=0.00000
[10-06 16:51:01] INFO: [MILESTONE] Peak performance 100.0% reached! Working towards stability...
[10-06 16:51:01] INFO: [HEALTH-CHECK-975] Overall: NEEDS_IMPROVEMENT (score=0.400)
[10-06 16:51:01] INFO: ================================================================================
[10-06 16:51:04] INFO: [RL-EP-0976] (976)
[10-06 16:51:06] INFO: [RL-EP-0977] (977)
[10-06 16:51:08] INFO: [RL-EP-0978] (978)
[10-06 16:51:11] INFO: [RL-EP-0979] (979)
[10-06 16:51:13] INFO: [RL-EP-0980] roll=0.900/0.080/0.020
[10-06 16:51:16] INFO: [RL-EP-0981] (981)
[10-06 16:51:18] INFO: [RL-EP-0982] (982)
[10-06 16:51:20] INFO: [RL-EP-0983] (983)
[10-06 16:51:22] INFO: [RL-EP-0984] (984)
[10-06 16:51:24] INFO: [RL-EP-0985] roll=0.900/0.100/0.000
[10-06 16:51:27] INFO: [RL-EP-0986] (986)
[10-06 16:51:29] INFO: [RL-EP-0987] (987)
[10-06 16:51:32] INFO: [RL-EP-0988] (988)
[10-06 16:51:34] INFO: [RL-EP-0989] (989)
[10-06 16:51:36] INFO: [RL-EP-0990] roll=0.920/0.080/0.000
[10-06 16:51:39] INFO: [RL-EP-0991] (991)
[10-06 16:51:41] INFO: [RL-EP-0992] (992)
[10-06 16:51:43] INFO: [RL-EP-0993] (993)
[10-06 16:51:46] INFO: [RL-EP-0994] (994)
[10-06 16:51:48] INFO: [RL-EP-0995] roll=0.920/0.080/0.000
[10-06 16:51:50] INFO: [RL-EP-0996] (996)
[10-06 16:51:53] INFO: [RL-EP-0997] (997)
[10-06 16:51:55] INFO: [RL-EP-0998] (998)
[10-06 16:51:57] INFO: [RL-EP-0999] (999)
[10-06 16:51:57] INFO: [CONFIG-CHECK] ep=1000 updates_per_ep=4 (from config)
[10-06 16:51:57] INFO: [SARL-EPSILON] ep=1000 epsilon=0.1333 (start=0.3, end=0.05, decay=1500)
[10-06 16:51:59] INFO: [SARL-REPLAY] ep=1000 buffer_size=200000 updates=4
[10-06 16:51:59] INFO: [SARL-LOSS] ep=1000 value_loss=0.0215 epsilon=0.1333
[10-06 16:51:59] INFO: [SARL-STATS] ep=1000 buffer_size=200000
[10-06 16:51:59] INFO: [STAT] ep=1000 | roll@25(s/c/t)=0.9/0.1/0.0 (0.94/0.06/0.00) | R.mean=0.5
[10-06 16:51:59] INFO: [METRICS-25] time=15.30s | dfreq=0.000 | ddist=0.000m
[10-06 16:52:00] INFO: [METRICS-PLOT] 3-metrics curve -> /root/bayes-vl-matched-20261006/crowd_nav/runs/bayes-matched-v1/gru-seed42/curves_3metrics.png
[10-06 16:52:00] INFO: [RL-EP-1000] (1000/10000) s/c/t=1/0/0 qloss=0.0000 ploss=0.0000 buf=200000
[10-06 16:52:00] INFO:               cumulative s/c/t%: 94.0%/6.0%/0.0%
[10-06 16:52:00] INFO: [REPLAY-STORE] ok=1000 skip=0 steps=71077 buf=200000
[10-06 16:52:00] INFO: [STAGE0-MONITOR] timeout_ratio=0.000 (target: decrease over time)
[10-06 16:52:00] INFO: [SOT-1000] REWARD succ=1.0/coll=-0.50 | GRID 5×16=80 | EVENTS s=0.94/c=0.06/t=0.00
[10-06 16:52:00] INFO: ================================================================================
[10-06 16:52:00] INFO: [MULTI-SCALE-1000] TARGET: peak=1.000 stable_90=10ep
[10-06 16:52:00] INFO: [MULTI-SCALE-1000] WINDOWS: short=1.000 med=0.960 long=0.910
[10-06 16:52:00] INFO: [MULTI-SCALE-1000] QUALITY: stability=0.800 learn_rate=0.00000
[10-06 16:52:00] INFO: [ACHIEVEMENT] Stable 90%+ success rate achieved for 10 episodes!
[10-06 16:52:00] INFO: [HEALTH-CHECK-1000] Overall: NEEDS_IMPROVEMENT (score=0.400)
[10-06 16:52:00] INFO: ================================================================================
[10-06 16:52:00] INFO: [PLOT] curves updated ep=1000
[10-06 16:52:00] INFO: [EVAL] Starting evaluation: ep=1000, ε=0.0, k=50
[10-06 16:53:22] INFO: [EVAL] Completed evaluation: succ=1.000 coll=0.000 timeout=0.000 sum=1.000 nav=14.26
[10-06 16:53:22] INFO: [EVAL-EXTENDED] path_len=9.65m smoothness=0.643 avg_speed=0.68m/s
[10-06 16:53:22] INFO: [BEST-SAVE] success=1.000 -> /root/bayes-vl-matched-20261006/crowd_nav/runs/bayes-matched-v1/gru-seed42/best_model.pth
[10-06 16:53:22] INFO: ================================================================================
[10-06 16:53:22] INFO: [CUMULATIVE-METRICS] Episode 1000: Cumulative average (all 1000 episodes)
[10-06 16:53:22] INFO:   Success: 0.878 (87.8%), Collision: 0.109 (10.9%), Timeout: 0.013 (1.3%)
[10-06 16:53:22] INFO:   Avg Reward: 0.37
[10-06 16:53:22] INFO:   Avg Time Taken: 17.77s
[10-06 16:53:22] INFO:   Avg Discomfort Freq: 0.000
[10-06 16:53:22] INFO:   Avg Discomfort Dist: 0.000m
[10-06 16:53:22] INFO: ================================================================================
[10-06 16:53:22] INFO: [RL-SAVE] sarl checkpoint -> /root/bayes-vl-matched-20261006/crowd_nav/runs/bayes-matched-v1/gru-seed42/rl_model_ep1000.pth
[10-06 16:53:22] INFO: [RL-SAVE] Saved components: policy, target network, optimizer
[10-06 16:53:25] INFO: [RL-EP-1001] (1001)
[10-06 16:53:27] INFO: [RL-EP-1002] (1002)
[10-06 16:53:29] INFO: [RL-EP-1003] (1003)
[10-06 16:53:32] INFO: [RL-EP-1004] (1004)
[10-06 16:53:34] INFO: [RL-EP-1005] roll=0.960/0.040/0.000
[10-06 16:53:36] INFO: [RL-EP-1006] (1006)
[10-06 16:53:38] INFO: [RL-EP-1007] (1007)
[10-06 16:53:40] INFO: [RL-EP-1008] (1008)
[10-06 16:53:42] INFO: [RL-EP-1009] (1009)
[10-06 16:53:44] INFO: [RL-EP-1010] roll=0.960/0.040/0.000
[10-06 16:53:46] INFO: [RL-EP-1011] (1011)
[10-06 16:53:49] INFO: [RL-EP-1012] (1012)
[10-06 16:53:51] INFO: [RL-EP-1013] (1013)
[10-06 16:53:53] INFO: [RL-EP-1014] (1014)
[10-06 16:53:56] INFO: [RL-EP-1015] roll=0.940/0.060/0.000
[10-06 16:53:58] INFO: [RL-EP-1016] (1016)
[10-06 16:54:00] INFO: [RL-EP-1017] (1017)
[10-06 16:54:03] INFO: [RL-EP-1018] (1018)
[10-06 16:54:05] INFO: [RL-EP-1019] (1019)
[10-06 16:54:08] INFO: [RL-EP-1020] roll=0.940/0.060/0.000
[10-06 16:54:10] INFO: [RL-EP-1021] (1021)
[10-06 16:54:12] INFO: [RL-EP-1022] (1022)
[10-06 16:54:13] INFO: [RL-EP-1023] (1023)
[10-06 16:54:15] INFO: [RL-EP-1024] (1024)
[10-06 16:54:17] INFO: [SARL-LOSS] ep=1025 value_loss=0.0247 epsilon=0.1292
[10-06 16:54:17] INFO: [STAT] ep=1025 | roll@25(s/c/t)=0.9/0.1/0.0 (0.90/0.10/0.00) | R.mean=0.4
[10-06 16:54:17] INFO: [METRICS-25] time=15.28s | dfreq=0.000 | ddist=0.000m
[10-06 16:54:18] INFO: [METRICS-PLOT] 3-metrics curve -> /root/bayes-vl-matched-20261006/crowd_nav/runs/bayes-matched-v1/gru-seed42/curves_3metrics.png
[10-06 16:54:18] INFO: [RL-EP-1025] (1025/10000) s/c/t=1/0/0 qloss=0.0000 ploss=0.0000 buf=200000
[10-06 16:54:18] INFO:               cumulative s/c/t%: 90.0%/10.0%/0.0%
[10-06 16:54:18] INFO: [REPLAY-STORE] ok=1025 skip=0 steps=72517 buf=200000
[10-06 16:54:18] INFO: [STAGE0-MONITOR] timeout_ratio=0.000 (target: decrease over time)
[10-06 16:54:18] INFO: ================================================================================
[10-06 16:54:18] INFO: [MULTI-SCALE-1025] TARGET: peak=1.000 stable_90=10ep
[10-06 16:54:18] INFO: [MULTI-SCALE-1025] WINDOWS: short=0.800 med=0.840 long=0.890
[10-06 16:54:18] INFO: [MULTI-SCALE-1025] QUALITY: stability=0.800 learn_rate=0.00000
[10-06 16:54:18] INFO: [ACHIEVEMENT] Stable 90%+ success rate achieved for 10 episodes!
[10-06 16:54:18] INFO: [HEALTH-CHECK-1025] Overall: NEEDS_IMPROVEMENT (score=0.400)
[10-06 16:54:18] INFO: ================================================================================
[10-06 16:54:20] INFO: [RL-EP-1026] (1026)
[10-06 16:54:22] INFO: [RL-EP-1027] (1027)
[10-06 16:54:25] INFO: [RL-EP-1028] (1028)
[10-06 16:54:27] INFO: [RL-EP-1029] (1029)
[10-06 16:54:30] INFO: [RL-EP-1030] roll=0.900/0.100/0.000
[10-06 16:54:32] INFO: [RL-EP-1031] (1031)
[10-06 16:54:34] INFO: [RL-EP-1032] (1032)
[10-06 16:54:37] INFO: [RL-EP-1033] (1033)
[10-06 16:54:40] INFO: [RL-EP-1034] (1034)
[10-06 16:54:42] INFO: [RL-EP-1035] roll=0.920/0.080/0.000
[10-06 16:54:44] INFO: [RL-EP-1036] (1036)
[10-06 16:54:47] INFO: [RL-EP-1037] (1037)
[10-06 16:54:49] INFO: [RL-EP-1038] (1038)
[10-06 16:54:52] INFO: [RL-EP-1039] (1039)
[10-06 16:54:54] INFO: [RL-EP-1040] roll=0.920/0.080/0.000
[10-06 16:54:57] INFO: [RL-EP-1041] (1041)
[10-06 16:54:59] INFO: [RL-EP-1042] (1042)
[10-06 16:55:01] INFO: [RL-EP-1043] (1043)
[10-06 16:55:04] INFO: [RL-EP-1044] (1044)
[10-06 16:55:06] INFO: [RL-EP-1045] roll=0.920/0.080/0.000
[10-06 16:55:08] INFO: [RL-EP-1046] (1046)
[10-06 16:55:11] INFO: [RL-EP-1047] (1047)
[10-06 16:55:14] INFO: [RL-EP-1048] (1048)
[10-06 16:55:16] INFO: [RL-EP-1049] (1049)
[10-06 16:55:16] INFO: [CONFIG-CHECK] ep=1050 updates_per_ep=4 (from config)
[10-06 16:55:18] INFO: [SARL-LOSS] ep=1050 value_loss=0.0235 epsilon=0.1250
[10-06 16:55:18] INFO: [STAT] ep=1050 | roll@25(s/c/t)=0.9/0.1/0.0 (0.92/0.08/0.00) | R.mean=0.4
[10-06 16:55:18] INFO: [METRICS-25] time=15.50s | dfreq=0.000 | ddist=0.000m
[10-06 16:55:19] INFO: [METRICS-PLOT] 3-metrics curve -> /root/bayes-vl-matched-20261006/crowd_nav/runs/bayes-matched-v1/gru-seed42/curves_3metrics.png
[10-06 16:55:19] INFO: [RL-EP-1050] (1050/10000) s/c/t=1/0/0 qloss=0.0000 ploss=0.0000 buf=200000
[10-06 16:55:19] INFO:               cumulative s/c/t%: 92.0%/8.0%/0.0%
[10-06 16:55:19] INFO: [REPLAY-STORE] ok=1050 skip=0 steps=74177 buf=200000
[10-06 16:55:19] INFO: [STAGE0-MONITOR] timeout_ratio=0.000 (target: decrease over time)
[10-06 16:55:19] INFO: ================================================================================
[10-06 16:55:19] INFO: [MULTI-SCALE-1050] TARGET: peak=1.000 stable_90=10ep
[10-06 16:55:19] INFO: [MULTI-SCALE-1050] WINDOWS: short=1.000 med=1.000 long=0.930
[10-06 16:55:19] INFO: [MULTI-SCALE-1050] QUALITY: stability=0.800 learn_rate=0.00000
[10-06 16:55:19] INFO: [ACHIEVEMENT] Stable 90%+ success rate achieved for 10 episodes!
[10-06 16:55:19] INFO: [HEALTH-CHECK-1050] Overall: NEEDS_IMPROVEMENT (score=0.400)
[10-06 16:55:19] INFO: ================================================================================
[10-06 16:55:21] INFO: [RL-EP-1051] (1051)
[10-06 16:55:23] INFO: [RL-EP-1052] (1052)
[10-06 16:55:26] INFO: [RL-EP-1053] (1053)
[10-06 16:55:28] INFO: [RL-EP-1054] (1054)
[10-06 16:55:31] INFO: [RL-EP-1055] roll=0.920/0.080/0.000
[10-06 16:55:33] INFO: [RL-EP-1056] (1056)
[10-06 16:55:35] INFO: [RL-EP-1057] (1057)
[10-06 16:55:37] INFO: [RL-EP-1058] (1058)
[10-06 16:55:38] INFO: [RL-EP-1059] (1059)
[10-06 16:55:41] INFO: [RL-EP-1060] roll=0.900/0.100/0.000
[10-06 16:55:43] INFO: [RL-EP-1061] (1061)
[10-06 16:55:45] INFO: [RL-EP-1062] (1062)
[10-06 16:55:47] INFO: [RL-EP-1063] (1063)
[10-06 16:55:49] INFO: [RL-EP-1064] (1064)
[10-06 16:55:52] INFO: [RL-EP-1065] roll=0.900/0.100/0.000
[10-06 16:55:55] INFO: [RL-EP-1066] (1066)
[10-06 16:55:57] INFO: [RL-EP-1067] (1067)
[10-06 16:55:59] INFO: [RL-EP-1068] (1068)
[10-06 16:56:02] INFO: [RL-EP-1069] (1069)
[10-06 16:56:05] INFO: [RL-EP-1070] roll=0.900/0.100/0.000
[10-06 16:56:07] INFO: [RL-EP-1071] (1071)
[10-06 16:56:10] INFO: [RL-EP-1072] (1072)
[10-06 16:56:13] INFO: [RL-EP-1073] (1073)
[10-06 16:56:15] INFO: [RL-EP-1074] (1074)
[10-06 16:56:18] INFO: [SARL-LOSS] ep=1075 value_loss=0.0260 epsilon=0.1208
[10-06 16:56:18] INFO: [STAT] ep=1075 | roll@25(s/c/t)=0.9/0.1/0.0 (0.94/0.06/0.00) | R.mean=0.4
[10-06 16:56:18] INFO: [METRICS-25] time=16.32s | dfreq=0.000 | ddist=0.000m
[10-06 16:56:18] INFO: [METRICS-PLOT] 3-metrics curve -> /root/bayes-vl-matched-20261006/crowd_nav/runs/bayes-matched-v1/gru-seed42/curves_3metrics.png
[10-06 16:56:18] INFO: [RL-EP-1075] (1075/10000) s/c/t=1/0/0 qloss=0.0000 ploss=0.0000 buf=200000
[10-06 16:56:18] INFO:               cumulative s/c/t%: 94.0%/6.0%/0.0%
[10-06 16:56:18] INFO: [REPLAY-STORE] ok=1075 skip=0 steps=75781 buf=200000
[10-06 16:56:18] INFO: [STAGE0-MONITOR] timeout_ratio=0.000 (target: decrease over time)
[10-06 16:56:18] INFO: ================================================================================
[10-06 16:56:18] INFO: [MULTI-SCALE-1075] TARGET: peak=1.000 stable_90=10ep
[10-06 16:56:18] INFO: [MULTI-SCALE-1075] WINDOWS: short=1.000 med=0.880 long=0.920
[10-06 16:56:18] INFO: [MULTI-SCALE-1075] QUALITY: stability=0.800 learn_rate=0.00000
[10-06 16:56:18] INFO: [ACHIEVEMENT] Stable 90%+ success rate achieved for 10 episodes!
[10-06 16:56:18] INFO: [HEALTH-CHECK-1075] Overall: NEEDS_IMPROVEMENT (score=0.400)
[10-06 16:56:18] INFO: ================================================================================
[10-06 16:56:20] INFO: [RL-EP-1076] (1076)
[10-06 16:56:22] INFO: [RL-EP-1077] (1077)
[10-06 16:56:24] INFO: [RL-EP-1078] (1078)
[10-06 16:56:27] INFO: [RL-EP-1079] (1079)
[10-06 16:56:29] INFO: [RL-EP-1080] roll=0.920/0.080/0.000
[10-06 16:56:31] INFO: [RL-EP-1081] (1081)
[10-06 16:56:33] INFO: [RL-EP-1082] (1082)
[10-06 16:56:35] INFO: [RL-EP-1083] (1083)
[10-06 16:56:38] INFO: [RL-EP-1084] (1084)
[10-06 16:56:39] INFO: [RL-EP-1085] roll=0.900/0.100/0.000
[10-06 16:56:42] INFO: [RL-EP-1086] (1086)
[10-06 16:56:44] INFO: [RL-EP-1087] (1087)
[10-06 16:56:47] INFO: [RL-EP-1088] (1088)
[10-06 16:56:49] INFO: [RL-EP-1089] (1089)
[10-06 16:56:51] INFO: [RL-EP-1090] roll=0.900/0.100/0.000
[10-06 16:56:54] INFO: [RL-EP-1091] (1091)
[10-06 16:56:56] INFO: [RL-EP-1092] (1092)
[10-06 16:56:58] INFO: [RL-EP-1093] (1093)
[10-06 16:57:00] INFO: [RL-EP-1094] (1094)
[10-06 16:57:03] INFO: [RL-EP-1095] roll=0.900/0.100/0.000
[10-06 16:57:04] INFO: [RL-EP-1096] (1096)
[10-06 16:57:06] INFO: [RL-EP-1097] (1097)
[10-06 16:57:09] INFO: [RL-EP-1098] (1098)
[10-06 16:57:11] INFO: [RL-EP-1099] (1099)
[10-06 16:57:11] INFO: [CONFIG-CHECK] ep=1100 updates_per_ep=4 (from config)
[10-06 16:57:11] INFO: [SARL-EPSILON] ep=1100 epsilon=0.1167 (start=0.3, end=0.05, decay=1500)
[10-06 16:57:13] INFO: [SARL-REPLAY] ep=1100 buffer_size=200000 updates=4
[10-06 16:57:13] INFO: [SARL-LOSS] ep=1100 value_loss=0.0343 epsilon=0.1167
[10-06 16:57:13] INFO: [SARL-STATS] ep=1100 buffer_size=200000
[10-06 16:57:13] INFO: [STAT] ep=1100 | roll@25(s/c/t)=0.9/0.1/0.0 (0.88/0.12/0.00) | R.mean=0.4
[10-06 16:57:13] INFO: [METRICS-25] time=15.49s | dfreq=0.000 | ddist=0.000m
[10-06 16:57:14] INFO: [METRICS-PLOT] 3-metrics curve -> /root/bayes-vl-matched-20261006/crowd_nav/runs/bayes-matched-v1/gru-seed42/curves_3metrics.png
[10-06 16:57:14] INFO: [RL-EP-1100] (1100/10000) s/c/t=1/0/0 qloss=0.0000 ploss=0.0000 buf=200000
[10-06 16:57:14] INFO:               cumulative s/c/t%: 88.0%/12.0%/0.0%
[10-06 16:57:14] INFO: [REPLAY-STORE] ok=1100 skip=0 steps=77275 buf=200000
[10-06 16:57:14] INFO: [STAGE0-MONITOR] timeout_ratio=0.000 (target: decrease over time)
[10-06 16:57:14] INFO: [SOT-1100] REWARD succ=1.0/coll=-0.50 | GRID 5×16=80 | EVENTS s=0.88/c=0.12/t=0.00
[10-06 16:57:14] INFO: ================================================================================
[10-06 16:57:14] INFO: [MULTI-SCALE-1100] TARGET: peak=1.000 stable_90=5ep
[10-06 16:57:14] INFO: [MULTI-SCALE-1100] WINDOWS: short=0.900 med=0.880 long=0.900
[10-06 16:57:14] INFO: [MULTI-SCALE-1100] QUALITY: stability=0.800 learn_rate=0.00000
[10-06 16:57:14] INFO: [ACHIEVEMENT] Stable 90%+ success rate achieved for 5 episodes!
[10-06 16:57:14] INFO: [HEALTH-CHECK-1100] Overall: NEEDS_IMPROVEMENT (score=0.400)
[10-06 16:57:14] INFO: ================================================================================
[10-06 16:57:16] INFO: [RL-EP-1101] (1101)
[10-06 16:57:18] INFO: [RL-EP-1102] (1102)
[10-06 16:57:21] INFO: [RL-EP-1103] (1103)
[10-06 16:57:23] INFO: [RL-EP-1104] (1104)
[10-06 16:57:26] INFO: [RL-EP-1105] roll=0.880/0.120/0.000
[10-06 16:57:28] INFO: [RL-EP-1106] (1106)
[10-06 16:57:31] INFO: [RL-EP-1107] (1107)
[10-06 16:57:33] INFO: [RL-EP-1108] (1108)
[10-06 16:57:35] INFO: [RL-EP-1109] (1109)
[10-06 16:57:37] INFO: [RL-EP-1110] roll=0.920/0.080/0.000
[10-06 16:57:40] INFO: [RL-EP-1111] (1111)
[10-06 16:57:43] INFO: [RL-EP-1112] (1112)
[10-06 16:57:45] INFO: [RL-EP-1113] (1113)
[10-06 16:57:48] INFO: [RL-EP-1114] (1114)
[10-06 16:57:50] INFO: [RL-EP-1115] roll=0.940/0.060/0.000
[10-06 16:57:52] INFO: [RL-EP-1116] (1116)
[10-06 16:57:55] INFO: [RL-EP-1117] (1117)
[10-06 16:57:57] INFO: [RL-EP-1118] (1118)
[10-06 16:58:00] INFO: [RL-EP-1119] (1119)
[10-06 16:58:02] INFO: [RL-EP-1120] roll=0.940/0.060/0.000
[10-06 16:58:04] INFO: [RL-EP-1121] (1121)
[10-06 16:58:06] INFO: [RL-EP-1122] (1122)
[10-06 16:58:09] INFO: [RL-EP-1123] (1123)
[10-06 16:58:11] INFO: [RL-EP-1124] (1124)
[10-06 16:58:13] INFO: [SARL-LOSS] ep=1125 value_loss=0.0193 epsilon=0.1125
[10-06 16:58:13] INFO: [STAT] ep=1125 | roll@25(s/c/t)=0.9/0.1/0.0 (0.94/0.06/0.00) | R.mean=0.5
[10-06 16:58:13] INFO: [METRICS-25] time=15.54s | dfreq=0.000 | ddist=0.000m
[10-06 16:58:14] INFO: [METRICS-PLOT] 3-metrics curve -> /root/bayes-vl-matched-20261006/crowd_nav/runs/bayes-matched-v1/gru-seed42/curves_3metrics.png
[10-06 16:58:14] INFO: [RL-EP-1125] (1125/10000) s/c/t=1/0/0 qloss=0.0000 ploss=0.0000 buf=200000
[10-06 16:58:14] INFO:               cumulative s/c/t%: 94.0%/6.0%/0.0%
[10-06 16:58:14] INFO: [REPLAY-STORE] ok=1125 skip=0 steps=78890 buf=200000
[10-06 16:58:14] INFO: [STAGE0-MONITOR] timeout_ratio=0.000 (target: decrease over time)
[10-06 16:58:14] INFO: ================================================================================
[10-06 16:58:14] INFO: [MULTI-SCALE-1125] TARGET: peak=1.000 stable_90=10ep
[10-06 16:58:14] INFO: [MULTI-SCALE-1125] WINDOWS: short=1.000 med=1.000 long=0.940
[10-06 16:58:14] INFO: [MULTI-SCALE-1125] QUALITY: stability=0.800 learn_rate=0.00000
[10-06 16:58:14] INFO: [ACHIEVEMENT] Stable 90%+ success rate achieved for 10 episodes!
[10-06 16:58:14] INFO: [HEALTH-CHECK-1125] Overall: NEEDS_IMPROVEMENT (score=0.400)
[10-06 16:58:14] INFO: ================================================================================
[10-06 16:58:16] INFO: [RL-EP-1126] (1126)
[10-06 16:58:19] INFO: [RL-EP-1127] (1127)
[10-06 16:58:21] INFO: [RL-EP-1128] (1128)
[10-06 16:58:24] INFO: [RL-EP-1129] (1129)
[10-06 16:58:26] INFO: [RL-EP-1130] roll=0.960/0.040/0.000
[10-06 16:58:29] INFO: [RL-EP-1131] (1131)
[10-06 16:58:31] INFO: [RL-EP-1132] (1132)
[10-06 16:58:34] INFO: [RL-EP-1133] (1133)
[10-06 16:58:36] INFO: [RL-EP-1134] (1134)
[10-06 16:58:39] INFO: [RL-EP-1135] roll=0.980/0.020/0.000
[10-06 16:58:41] INFO: [RL-EP-1136] (1136)
[10-06 16:58:43] INFO: [RL-EP-1137] (1137)
[10-06 16:58:46] INFO: [RL-EP-1138] (1138)
[10-06 16:58:48] INFO: [RL-EP-1139] (1139)
[10-06 16:58:54] INFO: [RL-EP-1140] roll=0.960/0.020/0.020
[10-06 16:58:56] INFO: [RL-EP-1141] (1141)
[10-06 16:58:58] INFO: [RL-EP-1142] (1142)
[10-06 16:59:01] INFO: [RL-EP-1143] (1143)
[10-06 16:59:03] INFO: [RL-EP-1144] (1144)
[10-06 16:59:05] INFO: [RL-EP-1145] roll=0.960/0.020/0.020
[10-06 16:59:08] INFO: [RL-EP-1146] (1146)
[10-06 16:59:10] INFO: [RL-EP-1147] (1147)
[10-06 16:59:13] INFO: [RL-EP-1148] (1148)
[10-06 16:59:15] INFO: [RL-EP-1149] (1149)
[10-06 16:59:15] INFO: [CONFIG-CHECK] ep=1150 updates_per_ep=4 (from config)
[10-06 16:59:18] INFO: [SARL-LOSS] ep=1150 value_loss=0.0252 epsilon=0.1083
[10-06 16:59:18] INFO: [STAT] ep=1150 | roll@25(s/c/t)=1.0/0.0/0.0 (0.98/0.00/0.02) | R.mean=0.5
[10-06 16:59:18] INFO: [METRICS-25] time=17.14s | dfreq=0.000 | ddist=0.000m
[10-06 16:59:18] INFO: [METRICS-PLOT] 3-metrics curve -> /root/bayes-vl-matched-20261006/crowd_nav/runs/bayes-matched-v1/gru-seed42/curves_3metrics.png
[10-06 16:59:18] INFO: [RL-EP-1150] (1150/10000) s/c/t=1/0/0 qloss=0.0000 ploss=0.0000 buf=200000
[10-06 16:59:18] INFO:               cumulative s/c/t%: 98.0%/0.0%/2.0%
[10-06 16:59:18] INFO: [REPLAY-STORE] ok=1150 skip=0 steps=80702 buf=200000
[10-06 16:59:18] INFO: [STAGE0-MONITOR] timeout_ratio=0.020 (target: decrease over time)
[10-06 16:59:18] INFO: ================================================================================
[10-06 16:59:18] INFO: [MULTI-SCALE-1150] TARGET: peak=1.000 stable_90=10ep
[10-06 16:59:18] INFO: [MULTI-SCALE-1150] WINDOWS: short=1.000 med=0.960 long=0.930
[10-06 16:59:18] INFO: [MULTI-SCALE-1150] QUALITY: stability=0.800 learn_rate=0.00000
[10-06 16:59:18] INFO: [ACHIEVEMENT] Stable 90%+ success rate achieved for 10 episodes!
[10-06 16:59:18] INFO: [HEALTH-CHECK-1150] Overall: NEEDS_IMPROVEMENT (score=0.400)
[10-06 16:59:18] INFO: ================================================================================
[10-06 16:59:21] INFO: [RL-EP-1151] (1151)
[10-06 16:59:23] INFO: [RL-EP-1152] (1152)
[10-06 16:59:26] INFO: [RL-EP-1153] (1153)
[10-06 16:59:28] INFO: [RL-EP-1154] (1154)
[10-06 16:59:30] INFO: [RL-EP-1155] roll=0.980/0.000/0.020
[10-06 16:59:33] INFO: [RL-EP-1156] (1156)
[10-06 16:59:35] INFO: [RL-EP-1157] (1157)
[10-06 16:59:38] INFO: [RL-EP-1158] (1158)
[10-06 16:59:40] INFO: [RL-EP-1159] (1159)
[10-06 16:59:42] INFO: [RL-EP-1160] roll=0.980/0.000/0.020
[10-06 16:59:45] INFO: [RL-EP-1161] (1161)
[10-06 16:59:47] INFO: [RL-EP-1162] (1162)
[10-06 16:59:50] INFO: [RL-EP-1163] (1163)
[10-06 16:59:53] INFO: [RL-EP-1164] (1164)
[10-06 16:59:55] INFO: [RL-EP-1165] roll=0.980/0.000/0.020
[10-06 16:59:58] INFO: [RL-EP-1166] (1166)
[10-06 17:00:00] INFO: [RL-EP-1167] (1167)
[10-06 17:00:03] INFO: [RL-EP-1168] (1168)
[10-06 17:00:05] INFO: [RL-EP-1169] (1169)
[10-06 17:00:08] INFO: [RL-EP-1170] roll=0.980/0.000/0.020
[10-06 17:00:10] INFO: [RL-EP-1171] (1171)
[10-06 17:00:13] INFO: [RL-EP-1172] (1172)
[10-06 17:00:15] INFO: [RL-EP-1173] (1173)
[10-06 17:00:17] INFO: [RL-EP-1174] (1174)
[10-06 17:00:20] INFO: [SARL-LOSS] ep=1175 value_loss=0.0301 epsilon=0.1042
[10-06 17:00:20] INFO: [STAT] ep=1175 | roll@25(s/c/t)=1.0/0.0/0.0 (0.98/0.00/0.02) | R.mean=0.5
[10-06 17:00:20] INFO: [METRICS-25] time=17.68s | dfreq=0.000 | ddist=0.000m
[10-06 17:00:21] INFO: [METRICS-PLOT] 3-metrics curve -> /root/bayes-vl-matched-20261006/crowd_nav/runs/bayes-matched-v1/gru-seed42/curves_3metrics.png
[10-06 17:00:21] INFO: [RL-EP-1175] (1175/10000) s/c/t=1/0/0 qloss=0.0000 ploss=0.0000 buf=200000
[10-06 17:00:21] INFO:               cumulative s/c/t%: 98.0%/0.0%/2.0%
[10-06 17:00:21] INFO: [REPLAY-STORE] ok=1175 skip=0 steps=82427 buf=200000
[10-06 17:00:21] INFO: [STAGE0-MONITOR] timeout_ratio=0.020 (target: decrease over time)
[10-06 17:00:21] INFO: ================================================================================
[10-06 17:00:21] INFO: [MULTI-SCALE-1175] TARGET: peak=1.000 stable_90=10ep
[10-06 17:00:21] INFO: [MULTI-SCALE-1175] WINDOWS: short=1.000 med=1.000 long=0.960
[10-06 17:00:21] INFO: [MULTI-SCALE-1175] QUALITY: stability=0.800 learn_rate=0.00000
[10-06 17:00:21] INFO: [ACHIEVEMENT] Stable 90%+ success rate achieved for 10 episodes!
[10-06 17:00:21] INFO: [HEALTH-CHECK-1175] Overall: NEEDS_IMPROVEMENT (score=0.400)
[10-06 17:00:21] INFO: ================================================================================
[10-06 17:00:23] INFO: [RL-EP-1176] (1176)
[10-06 17:00:25] INFO: [RL-EP-1177] (1177)
[10-06 17:00:28] INFO: [RL-EP-1178] (1178)
[10-06 17:00:30] INFO: [RL-EP-1179] (1179)
[10-06 17:00:33] INFO: [RL-EP-1180] roll=0.980/0.000/0.020
[10-06 17:00:36] INFO: [RL-EP-1181] (1181)
[10-06 17:00:38] INFO: [RL-EP-1182] (1182)
[10-06 17:00:40] INFO: [RL-EP-1183] (1183)
[10-06 17:00:43] INFO: [RL-EP-1184] (1184)
[10-06 17:00:46] INFO: [RL-EP-1185] roll=0.980/0.000/0.020
[10-06 17:00:49] INFO: [RL-EP-1186] (1186)
[10-06 17:00:51] INFO: [RL-EP-1187] (1187)
[10-06 17:00:53] INFO: [RL-EP-1188] (1188)
[10-06 17:00:56] INFO: [RL-EP-1189] (1189)
[10-06 17:00:58] INFO: [RL-EP-1190] roll=1.000/0.000/0.000
[10-06 17:01:01] INFO: [RL-EP-1191] (1191)
[10-06 17:01:03] INFO: [RL-EP-1192] (1192)
[10-06 17:01:05] INFO: [RL-EP-1193] (1193)
[10-06 17:01:07] INFO: [RL-EP-1194] (1194)
[10-06 17:01:10] INFO: [RL-EP-1195] roll=1.000/0.000/0.000
[10-06 17:01:12] INFO: [RL-EP-1196] (1196)
[10-06 17:01:15] INFO: [RL-EP-1197] (1197)
[10-06 17:01:17] INFO: [RL-EP-1198] (1198)
[10-06 17:01:18] INFO: [RL-EP-1199] (1199)
[10-06 17:01:18] INFO: [CONFIG-CHECK] ep=1200 updates_per_ep=4 (from config)
[10-06 17:01:18] INFO: [SARL-EPSILON] ep=1200 epsilon=0.1000 (start=0.3, end=0.05, decay=1500)
[10-06 17:01:21] INFO: [SARL-REPLAY] ep=1200 buffer_size=200000 updates=4
[10-06 17:01:21] INFO: [SARL-LOSS] ep=1200 value_loss=0.0269 epsilon=0.1000
[10-06 17:01:21] INFO: [SARL-STATS] ep=1200 buffer_size=200000
[10-06 17:01:21] INFO: [STAT] ep=1200 | roll@25(s/c/t)=1.0/0.0/0.0 (0.98/0.02/0.00) | R.mean=0.5
[10-06 17:01:21] INFO: [METRICS-25] time=16.79s | dfreq=0.000 | ddist=0.000m
[10-06 17:01:21] INFO: [METRICS-PLOT] 3-metrics curve -> /root/bayes-vl-matched-20261006/crowd_nav/runs/bayes-matched-v1/gru-seed42/curves_3metrics.png
[10-06 17:01:21] INFO: [RL-EP-1200] (1200/10000) s/c/t=1/0/0 qloss=0.0000 ploss=0.0000 buf=200000
[10-06 17:01:21] INFO:               cumulative s/c/t%: 98.0%/2.0%/0.0%
[10-06 17:01:21] INFO: [REPLAY-STORE] ok=1200 skip=0 steps=84059 buf=200000
[10-06 17:01:21] INFO: [STAGE0-MONITOR] timeout_ratio=0.000 (target: decrease over time)
[10-06 17:01:21] INFO: [SOT-1200] REWARD succ=1.0/coll=-0.50 | GRID 5×16=80 | EVENTS s=0.98/c=0.02/t=0.00
[10-06 17:01:21] INFO: ================================================================================
[10-06 17:01:21] INFO: [MULTI-SCALE-1200] TARGET: peak=1.000 stable_90=10ep
[10-06 17:01:21] INFO: [MULTI-SCALE-1200] WINDOWS: short=0.900 med=0.960 long=0.980
[10-06 17:01:21] INFO: [MULTI-SCALE-1200] QUALITY: stability=0.800 learn_rate=0.00000
[10-06 17:01:21] INFO: [ACHIEVEMENT] Stable 90%+ success rate achieved for 10 episodes!
[10-06 17:01:21] INFO: [HEALTH-CHECK-1200] Overall: NEEDS_IMPROVEMENT (score=0.400)
[10-06 17:01:21] INFO: ================================================================================
[10-06 17:01:24] INFO: [RL-EP-1201] (1201)
[10-06 17:01:26] INFO: [RL-EP-1202] (1202)
[10-06 17:01:28] INFO: [RL-EP-1203] (1203)
[10-06 17:01:31] INFO: [RL-EP-1204] (1204)
[10-06 17:01:33] INFO: [RL-EP-1205] roll=0.980/0.020/0.000
[10-06 17:01:36] INFO: [RL-EP-1206] (1206)
[10-06 17:01:38] INFO: [RL-EP-1207] (1207)
[10-06 17:01:41] INFO: [RL-EP-1208] (1208)
[10-06 17:01:43] INFO: [RL-EP-1209] (1209)
[10-06 17:01:45] INFO: [RL-EP-1210] roll=0.980/0.020/0.000
[10-06 17:01:47] INFO: [RL-EP-1211] (1211)
[10-06 17:01:50] INFO: [RL-EP-1212] (1212)
[10-06 17:01:52] INFO: [RL-EP-1213] (1213)
[10-06 17:01:55] INFO: [RL-EP-1214] (1214)
[10-06 17:01:57] INFO: [RL-EP-1215] roll=0.980/0.020/0.000
[10-06 17:01:59] INFO: [RL-EP-1216] (1216)
[10-06 17:02:01] INFO: [RL-EP-1217] (1217)
[10-06 17:02:03] INFO: [RL-EP-1218] (1218)
[10-06 17:02:05] INFO: [RL-EP-1219] (1219)
[10-06 17:02:08] INFO: [RL-EP-1220] roll=0.960/0.040/0.000
[10-06 17:02:10] INFO: [RL-EP-1221] (1221)
[10-06 17:02:13] INFO: [RL-EP-1222] (1222)
[10-06 17:02:15] INFO: [RL-EP-1223] (1223)
[10-06 17:02:18] INFO: [RL-EP-1224] (1224)
[10-06 17:02:20] INFO: [SARL-LOSS] ep=1225 value_loss=0.0270 epsilon=0.0958
[10-06 17:02:20] INFO: [STAT] ep=1225 | roll@25(s/c/t)=1.0/0.0/0.0 (0.96/0.04/0.00) | R.mean=0.5
[10-06 17:02:20] INFO: [METRICS-25] time=16.03s | dfreq=0.000 | ddist=0.000m
[10-06 17:02:21] INFO: [METRICS-PLOT] 3-metrics curve -> /root/bayes-vl-matched-20261006/crowd_nav/runs/bayes-matched-v1/gru-seed42/curves_3metrics.png
[10-06 17:02:21] INFO: [RL-EP-1225] (1225/10000) s/c/t=1/0/0 qloss=0.0000 ploss=0.0000 buf=200000
[10-06 17:02:21] INFO:               cumulative s/c/t%: 96.0%/4.0%/0.0%
[10-06 17:02:21] INFO: [REPLAY-STORE] ok=1225 skip=0 steps=85633 buf=200000
[10-06 17:02:21] INFO: [STAGE0-MONITOR] timeout_ratio=0.000 (target: decrease over time)
[10-06 17:02:21] INFO: ================================================================================
[10-06 17:02:21] INFO: [MULTI-SCALE-1225] TARGET: peak=1.000 stable_90=10ep
[10-06 17:02:21] INFO: [MULTI-SCALE-1225] WINDOWS: short=0.900 med=0.960 long=0.970
[10-06 17:02:21] INFO: [MULTI-SCALE-1225] QUALITY: stability=0.800 learn_rate=0.00000
[10-06 17:02:21] INFO: [ACHIEVEMENT] Stable 90%+ success rate achieved for 10 episodes!
[10-06 17:02:21] INFO: [HEALTH-CHECK-1225] Overall: NEEDS_IMPROVEMENT (score=0.400)
[10-06 17:02:21] INFO: ================================================================================
[10-06 17:02:23] INFO: [RL-EP-1226] (1226)
[10-06 17:02:26] INFO: [RL-EP-1227] (1227)
[10-06 17:02:28] INFO: [RL-EP-1228] (1228)
[10-06 17:02:30] INFO: [RL-EP-1229] (1229)
[10-06 17:02:33] INFO: [RL-EP-1230] roll=0.960/0.040/0.000
[10-06 17:02:35] INFO: [RL-EP-1231] (1231)
[10-06 17:02:38] INFO: [RL-EP-1232] (1232)
[10-06 17:02:41] INFO: [RL-EP-1233] (1233)
[10-06 17:02:43] INFO: [RL-EP-1234] (1234)
[10-06 17:02:45] INFO: [RL-EP-1235] roll=0.960/0.040/0.000
[10-06 17:02:48] INFO: [RL-EP-1236] (1236)
[10-06 17:02:50] INFO: [RL-EP-1237] (1237)
[10-06 17:02:52] INFO: [RL-EP-1238] (1238)
[10-06 17:02:55] INFO: [RL-EP-1239] (1239)
[10-06 17:02:58] INFO: [RL-EP-1240] roll=0.960/0.040/0.000
[10-06 17:03:00] INFO: [RL-EP-1241] (1241)
[10-06 17:03:02] INFO: [RL-EP-1242] (1242)
[10-06 17:03:05] INFO: [RL-EP-1243] (1243)
[10-06 17:03:08] INFO: [RL-EP-1244] (1244)
[10-06 17:03:10] INFO: [RL-EP-1245] roll=0.960/0.040/0.000
[10-06 17:03:13] INFO: [RL-EP-1246] (1246)
[10-06 17:03:15] INFO: [RL-EP-1247] (1247)
[10-06 17:03:18] INFO: [RL-EP-1248] (1248)
[10-06 17:03:20] INFO: [RL-EP-1249] (1249)
[10-06 17:03:20] INFO: [CONFIG-CHECK] ep=1250 updates_per_ep=4 (from config)
[10-06 17:03:22] INFO: [SARL-LOSS] ep=1250 value_loss=0.0180 epsilon=0.0917
[10-06 17:03:22] INFO: [STAT] ep=1250 | roll@25(s/c/t)=1.0/0.0/0.0 (0.98/0.02/0.00) | R.mean=0.5
[10-06 17:03:22] INFO: [METRICS-25] time=16.20s | dfreq=0.000 | ddist=0.000m
[10-06 17:03:23] INFO: [METRICS-PLOT] 3-metrics curve -> /root/bayes-vl-matched-20261006/crowd_nav/runs/bayes-matched-v1/gru-seed42/curves_3metrics.png
[10-06 17:03:23] INFO: [RL-EP-1250] (1250/10000) s/c/t=1/0/0 qloss=0.0000 ploss=0.0000 buf=200000
[10-06 17:03:23] INFO:               cumulative s/c/t%: 98.0%/2.0%/0.0%
[10-06 17:03:23] INFO: [REPLAY-STORE] ok=1250 skip=0 steps=87300 buf=200000
[10-06 17:03:23] INFO: [STAGE0-MONITOR] timeout_ratio=0.000 (target: decrease over time)
[10-06 17:03:23] INFO: ================================================================================
[10-06 17:03:23] INFO: [MULTI-SCALE-1250] TARGET: peak=1.000 stable_90=10ep
[10-06 17:03:23] INFO: [MULTI-SCALE-1250] WINDOWS: short=1.000 med=1.000 long=0.980
[10-06 17:03:23] INFO: [MULTI-SCALE-1250] QUALITY: stability=0.800 learn_rate=0.00000
[10-06 17:03:23] INFO: [ACHIEVEMENT] Stable 90%+ success rate achieved for 10 episodes!
[10-06 17:03:23] INFO: [HEALTH-CHECK-1250] Overall: NEEDS_IMPROVEMENT (score=0.400)
[10-06 17:03:23] INFO: ================================================================================
[10-06 17:03:25] INFO: [RL-EP-1251] (1251)
[10-06 17:03:28] INFO: [RL-EP-1252] (1252)
[10-06 17:03:30] INFO: [RL-EP-1253] (1253)
[10-06 17:03:33] INFO: [RL-EP-1254] (1254)
[10-06 17:03:35] INFO: [RL-EP-1255] roll=0.980/0.020/0.000
[10-06 17:03:38] INFO: [RL-EP-1256] (1256)
[10-06 17:03:40] INFO: [RL-EP-1257] (1257)
[10-06 17:03:43] INFO: [RL-EP-1258] (1258)
[10-06 17:03:45] INFO: [RL-EP-1259] (1259)
[10-06 17:03:48] INFO: [RL-EP-1260] roll=0.980/0.020/0.000
[10-06 17:03:49] INFO: [RL-EP-1261] (1261)
[10-06 17:03:52] INFO: [RL-EP-1262] (1262)
[10-06 17:03:54] INFO: [RL-EP-1263] (1263)
[10-06 17:03:57] INFO: [RL-EP-1264] (1264)
[10-06 17:03:59] INFO: [RL-EP-1265] roll=0.960/0.040/0.000
[10-06 17:04:02] INFO: [RL-EP-1266] (1266)
[10-06 17:04:04] INFO: [RL-EP-1267] (1267)
[10-06 17:04:07] INFO: [RL-EP-1268] (1268)
[10-06 17:04:09] INFO: [RL-EP-1269] (1269)
[10-06 17:04:12] INFO: [RL-EP-1270] roll=0.980/0.020/0.000
[10-06 17:04:14] INFO: [RL-EP-1271] (1271)
[10-06 17:04:16] INFO: [RL-EP-1272] (1272)
[10-06 17:04:18] INFO: [RL-EP-1273] (1273)
[10-06 17:04:21] INFO: [RL-EP-1274] (1274)
[10-06 17:04:23] INFO: [SARL-LOSS] ep=1275 value_loss=0.0206 epsilon=0.0875
[10-06 17:04:23] INFO: [STAT] ep=1275 | roll@25(s/c/t)=1.0/0.0/0.0 (0.98/0.02/0.00) | R.mean=0.5
[10-06 17:04:23] INFO: [METRICS-25] time=16.23s | dfreq=0.000 | ddist=0.000m
[10-06 17:04:24] INFO: [METRICS-PLOT] 3-metrics curve -> /root/bayes-vl-matched-20261006/crowd_nav/runs/bayes-matched-v1/gru-seed42/curves_3metrics.png
[10-06 17:04:24] INFO: [RL-EP-1275] (1275/10000) s/c/t=1/0/0 qloss=0.0000 ploss=0.0000 buf=200000
[10-06 17:04:24] INFO:               cumulative s/c/t%: 98.0%/2.0%/0.0%
[10-06 17:04:24] INFO: [REPLAY-STORE] ok=1275 skip=0 steps=88879 buf=200000
[10-06 17:04:24] INFO: [STAGE0-MONITOR] timeout_ratio=0.000 (target: decrease over time)
[10-06 17:04:24] INFO: ================================================================================
[10-06 17:04:24] INFO: [MULTI-SCALE-1275] TARGET: peak=1.000 stable_90=10ep
[10-06 17:04:24] INFO: [MULTI-SCALE-1275] WINDOWS: short=1.000 med=0.960 long=0.970
[10-06 17:04:24] INFO: [MULTI-SCALE-1275] QUALITY: stability=0.800 learn_rate=0.00000
[10-06 17:04:24] INFO: [ACHIEVEMENT] Stable 90%+ success rate achieved for 10 episodes!
[10-06 17:04:24] INFO: [HEALTH-CHECK-1275] Overall: NEEDS_IMPROVEMENT (score=0.400)
[10-06 17:04:24] INFO: ================================================================================
[10-06 17:04:26] INFO: [RL-EP-1276] (1276)
[10-06 17:04:28] INFO: [RL-EP-1277] (1277)
[10-06 17:04:31] INFO: [RL-EP-1278] (1278)
[10-06 17:04:34] INFO: [RL-EP-1279] (1279)
[10-06 17:04:36] INFO: [RL-EP-1280] roll=0.980/0.020/0.000
[10-06 17:04:39] INFO: [RL-EP-1281] (1281)
[10-06 17:04:41] INFO: [RL-EP-1282] (1282)
[10-06 17:04:43] INFO: [RL-EP-1283] (1283)
[10-06 17:04:45] INFO: [RL-EP-1284] (1284)
[10-06 17:04:48] INFO: [RL-EP-1285] roll=0.980/0.020/0.000
[10-06 17:04:50] INFO: [RL-EP-1286] (1286)
[10-06 17:04:53] INFO: [RL-EP-1287] (1287)
[10-06 17:04:55] INFO: [RL-EP-1288] (1288)
[10-06 17:04:58] INFO: [RL-EP-1289] (1289)
[10-06 17:05:00] INFO: [RL-EP-1290] roll=0.980/0.020/0.000
[10-06 17:05:02] INFO: [RL-EP-1291] (1291)
[10-06 17:05:03] INFO: [RL-EP-1292] (1292)
[10-06 17:05:06] INFO: [RL-EP-1293] (1293)
[10-06 17:05:08] INFO: [RL-EP-1294] (1294)
[10-06 17:05:10] INFO: [RL-EP-1295] roll=0.960/0.040/0.000
[10-06 17:05:13] INFO: [RL-EP-1296] (1296)
[10-06 17:05:15] INFO: [RL-EP-1297] (1297)
[10-06 17:05:18] INFO: [RL-EP-1298] (1298)
[10-06 17:05:20] INFO: [RL-EP-1299] (1299)
[10-06 17:05:20] INFO: [CONFIG-CHECK] ep=1300 updates_per_ep=4 (from config)
[10-06 17:05:20] INFO: [SARL-EPSILON] ep=1300 epsilon=0.0833 (start=0.3, end=0.05, decay=1500)
[10-06 17:05:22] INFO: [SARL-REPLAY] ep=1300 buffer_size=200000 updates=4
[10-06 17:05:22] INFO: [SARL-LOSS] ep=1300 value_loss=0.0273 epsilon=0.0833
[10-06 17:05:22] INFO: [SARL-STATS] ep=1300 buffer_size=200000
[10-06 17:05:22] INFO: [STAT] ep=1300 | roll@25(s/c/t)=1.0/0.0/0.0 (0.96/0.04/0.00) | R.mean=0.5
[10-06 17:05:22] INFO: [METRICS-25] time=15.55s | dfreq=0.000 | ddist=0.000m
[10-06 17:05:23] INFO: [METRICS-PLOT] 3-metrics curve -> /root/bayes-vl-matched-20261006/crowd_nav/runs/bayes-matched-v1/gru-seed42/curves_3metrics.png
[10-06 17:05:23] INFO: [RL-EP-1300] (1300/10000) s/c/t=1/0/0 qloss=0.0000 ploss=0.0000 buf=200000
[10-06 17:05:23] INFO:               cumulative s/c/t%: 96.0%/4.0%/0.0%
[10-06 17:05:23] INFO: [REPLAY-STORE] ok=1300 skip=0 steps=90411 buf=200000
[10-06 17:05:23] INFO: [STAGE0-MONITOR] timeout_ratio=0.000 (target: decrease over time)
[10-06 17:05:23] INFO: [SOT-1300] REWARD succ=1.0/coll=-0.50 | GRID 5×16=80 | EVENTS s=0.96/c=0.04/t=0.00
[10-06 17:05:23] INFO: ================================================================================
[10-06 17:05:23] INFO: [MULTI-SCALE-1300] TARGET: peak=1.000 stable_90=10ep
[10-06 17:05:23] INFO: [MULTI-SCALE-1300] WINDOWS: short=0.900 med=0.960 long=0.970
[10-06 17:05:23] INFO: [MULTI-SCALE-1300] QUALITY: stability=0.800 learn_rate=0.00000
[10-06 17:05:23] INFO: [ACHIEVEMENT] Stable 90%+ success rate achieved for 10 episodes!
[10-06 17:05:23] INFO: [HEALTH-CHECK-1300] Overall: NEEDS_IMPROVEMENT (score=0.400)
[10-06 17:05:23] INFO: ================================================================================
[10-06 17:05:25] INFO: [RL-EP-1301] (1301)
[10-06 17:05:27] INFO: [RL-EP-1302] (1302)
[10-06 17:05:30] INFO: [RL-EP-1303] (1303)
[10-06 17:05:32] INFO: [RL-EP-1304] (1304)
[10-06 17:05:35] INFO: [RL-EP-1305] roll=0.940/0.060/0.000
[10-06 17:05:37] INFO: [RL-EP-1306] (1306)
[10-06 17:05:39] INFO: [RL-EP-1307] (1307)
[10-06 17:05:42] INFO: [RL-EP-1308] (1308)
[10-06 17:05:44] INFO: [RL-EP-1309] (1309)
[10-06 17:05:46] INFO: [RL-EP-1310] roll=0.940/0.060/0.000
[10-06 17:05:49] INFO: [RL-EP-1311] (1311)
[10-06 17:05:51] INFO: [RL-EP-1312] (1312)
[10-06 17:05:54] INFO: [RL-EP-1313] (1313)
[10-06 17:05:56] INFO: [RL-EP-1314] (1314)
[10-06 17:05:58] INFO: [RL-EP-1315] roll=0.960/0.040/0.000
[10-06 17:06:01] INFO: [RL-EP-1316] (1316)
[10-06 17:06:03] INFO: [RL-EP-1317] (1317)
[10-06 17:06:06] INFO: [RL-EP-1318] (1318)
[10-06 17:06:09] INFO: [RL-EP-1319] (1319)
[10-06 17:06:12] INFO: [RL-EP-1320] roll=0.960/0.040/0.000
[10-06 17:06:14] INFO: [RL-EP-1321] (1321)
[10-06 17:06:15] INFO: [RL-EP-1322] (1322)
[10-06 17:06:18] INFO: [RL-EP-1323] (1323)
[10-06 17:06:21] INFO: [RL-EP-1324] (1324)
[10-06 17:06:23] INFO: [SARL-LOSS] ep=1325 value_loss=0.0298 epsilon=0.0792
[10-06 17:06:23] INFO: [STAT] ep=1325 | roll@25(s/c/t)=0.9/0.1/0.0 (0.94/0.06/0.00) | R.mean=0.5
[10-06 17:06:23] INFO: [METRICS-25] time=15.56s | dfreq=0.000 | ddist=0.000m
[10-06 17:06:24] INFO: [METRICS-PLOT] 3-metrics curve -> /root/bayes-vl-matched-20261006/crowd_nav/runs/bayes-matched-v1/gru-seed42/curves_3metrics.png
[10-06 17:06:24] INFO: [RL-EP-1325] (1325/10000) s/c/t=1/0/0 qloss=0.0000 ploss=0.0000 buf=200000
[10-06 17:06:24] INFO:               cumulative s/c/t%: 94.0%/6.0%/0.0%
[10-06 17:06:24] INFO: [REPLAY-STORE] ok=1325 skip=0 steps=91991 buf=200000
[10-06 17:06:24] INFO: [STAGE0-MONITOR] timeout_ratio=0.000 (target: decrease over time)
[10-06 17:06:24] INFO: ================================================================================
[10-06 17:06:24] INFO: [MULTI-SCALE-1325] TARGET: peak=1.000 stable_90=10ep
[10-06 17:06:24] INFO: [MULTI-SCALE-1325] WINDOWS: short=0.900 med=0.920 long=0.960
[10-06 17:06:24] INFO: [MULTI-SCALE-1325] QUALITY: stability=0.800 learn_rate=0.00000
[10-06 17:06:24] INFO: [ACHIEVEMENT] Stable 90%+ success rate achieved for 10 episodes!
[10-06 17:06:24] INFO: [HEALTH-CHECK-1325] Overall: NEEDS_IMPROVEMENT (score=0.400)
[10-06 17:06:24] INFO: ================================================================================
[10-06 17:06:26] INFO: [RL-EP-1326] (1326)
[10-06 17:06:28] INFO: [RL-EP-1327] (1327)
[10-06 17:06:31] INFO: [RL-EP-1328] (1328)
[10-06 17:06:33] INFO: [RL-EP-1329] (1329)
[10-06 17:06:36] INFO: [RL-EP-1330] roll=0.940/0.060/0.000
[10-06 17:06:38] INFO: [RL-EP-1331] (1331)
[10-06 17:06:41] INFO: [RL-EP-1332] (1332)
[10-06 17:06:44] INFO: [RL-EP-1333] (1333)
[10-06 17:06:46] INFO: [RL-EP-1334] (1334)
[10-06 17:06:49] INFO: [RL-EP-1335] roll=0.940/0.060/0.000
[10-06 17:06:52] INFO: [RL-EP-1336] (1336)
[10-06 17:06:55] INFO: [RL-EP-1337] (1337)
[10-06 17:06:57] INFO: [RL-EP-1338] (1338)
[10-06 17:07:00] INFO: [RL-EP-1339] (1339)
[10-06 17:07:02] INFO: [RL-EP-1340] roll=0.940/0.060/0.000
[10-06 17:07:05] INFO: [RL-EP-1341] (1341)
[10-06 17:07:07] INFO: [RL-EP-1342] (1342)
[10-06 17:07:09] INFO: [RL-EP-1343] (1343)
[10-06 17:07:12] INFO: [RL-EP-1344] (1344)
[10-06 17:07:15] INFO: [RL-EP-1345] roll=0.960/0.040/0.000
[10-06 17:07:17] INFO: [RL-EP-1346] (1346)
[10-06 17:07:20] INFO: [RL-EP-1347] (1347)
[10-06 17:07:22] INFO: [RL-EP-1348] (1348)
[10-06 17:07:24] INFO: [RL-EP-1349] (1349)
[10-06 17:07:24] INFO: [CONFIG-CHECK] ep=1350 updates_per_ep=4 (from config)
[10-06 17:07:27] INFO: [SARL-LOSS] ep=1350 value_loss=0.0236 epsilon=0.0750
[10-06 17:07:27] INFO: [STAT] ep=1350 | roll@25(s/c/t)=1.0/0.0/0.0 (0.96/0.04/0.00) | R.mean=0.5
[10-06 17:07:27] INFO: [METRICS-25] time=16.41s | dfreq=0.000 | ddist=0.000m
[10-06 17:07:27] INFO: [METRICS-PLOT] 3-metrics curve -> /root/bayes-vl-matched-20261006/crowd_nav/runs/bayes-matched-v1/gru-seed42/curves_3metrics.png
[10-06 17:07:27] INFO: [RL-EP-1350] (1350/10000) s/c/t=1/0/0 qloss=0.0000 ploss=0.0000 buf=200000
[10-06 17:07:27] INFO:               cumulative s/c/t%: 96.0%/4.0%/0.0%
[10-06 17:07:27] INFO: [REPLAY-STORE] ok=1350 skip=0 steps=93694 buf=200000
[10-06 17:07:27] INFO: [STAGE0-MONITOR] timeout_ratio=0.000 (target: decrease over time)
[10-06 17:07:27] INFO: ================================================================================
[10-06 17:07:27] INFO: [MULTI-SCALE-1350] TARGET: peak=1.000 stable_90=10ep
[10-06 17:07:27] INFO: [MULTI-SCALE-1350] WINDOWS: short=1.000 med=1.000 long=0.960
[10-06 17:07:27] INFO: [MULTI-SCALE-1350] QUALITY: stability=0.800 learn_rate=0.00000
[10-06 17:07:27] INFO: [ACHIEVEMENT] Stable 90%+ success rate achieved for 10 episodes!
[10-06 17:07:27] INFO: [HEALTH-CHECK-1350] Overall: NEEDS_IMPROVEMENT (score=0.400)
[10-06 17:07:27] INFO: ================================================================================
[10-06 17:07:30] INFO: [RL-EP-1351] (1351)
[10-06 17:07:33] INFO: [RL-EP-1352] (1352)
[10-06 17:07:35] INFO: [RL-EP-1353] (1353)
[10-06 17:07:38] INFO: [RL-EP-1354] (1354)
[10-06 17:07:40] INFO: [RL-EP-1355] roll=0.980/0.020/0.000
[10-06 17:07:42] INFO: [RL-EP-1356] (1356)
[10-06 17:07:45] INFO: [RL-EP-1357] (1357)
[10-06 17:07:48] INFO: [RL-EP-1358] (1358)
[10-06 17:07:50] INFO: [RL-EP-1359] (1359)
[10-06 17:07:53] INFO: [RL-EP-1360] roll=0.980/0.020/0.000
[10-06 17:07:55] INFO: [RL-EP-1361] (1361)
[10-06 17:07:58] INFO: [RL-EP-1362] (1362)
[10-06 17:08:00] INFO: [RL-EP-1363] (1363)
[10-06 17:08:02] INFO: [RL-EP-1364] (1364)
[10-06 17:08:04] INFO: [RL-EP-1365] roll=0.980/0.020/0.000
[10-06 17:08:07] INFO: [RL-EP-1366] (1366)
[10-06 17:08:09] INFO: [RL-EP-1367] (1367)
[10-06 17:08:11] INFO: [RL-EP-1368] (1368)
[10-06 17:08:14] INFO: [RL-EP-1369] (1369)
[10-06 17:08:17] INFO: [RL-EP-1370] roll=0.980/0.020/0.000
[10-06 17:08:19] INFO: [RL-EP-1371] (1371)
[10-06 17:08:21] INFO: [RL-EP-1372] (1372)
[10-06 17:08:24] INFO: [RL-EP-1373] (1373)
[10-06 17:08:26] INFO: [RL-EP-1374] (1374)
[10-06 17:08:29] INFO: [SARL-LOSS] ep=1375 value_loss=0.0226 epsilon=0.0708
[10-06 17:08:29] INFO: [STAT] ep=1375 | roll@25(s/c/t)=1.0/0.0/0.0 (1.00/0.00/0.00) | R.mean=0.5
[10-06 17:08:29] INFO: [METRICS-25] time=16.56s | dfreq=0.000 | ddist=0.000m
[10-06 17:08:29] INFO: [METRICS-PLOT] 3-metrics curve -> /root/bayes-vl-matched-20261006/crowd_nav/runs/bayes-matched-v1/gru-seed42/curves_3metrics.png
[10-06 17:08:29] INFO: [RL-EP-1375] (1375/10000) s/c/t=1/0/0 qloss=0.0000 ploss=0.0000 buf=200000
[10-06 17:08:29] INFO:               cumulative s/c/t%: 100.0%/0.0%/0.0%
[10-06 17:08:29] INFO: [REPLAY-STORE] ok=1375 skip=0 steps=95303 buf=200000
[10-06 17:08:29] INFO: [STAGE0-MONITOR] timeout_ratio=0.000 (target: decrease over time)
[10-06 17:08:29] INFO: ================================================================================
[10-06 17:08:29] INFO: [MULTI-SCALE-1375] TARGET: peak=1.000 stable_90=10ep
[10-06 17:08:29] INFO: [MULTI-SCALE-1375] WINDOWS: short=1.000 med=1.000 long=0.970
[10-06 17:08:29] INFO: [MULTI-SCALE-1375] QUALITY: stability=0.800 learn_rate=0.00000
[10-06 17:08:29] INFO: [ACHIEVEMENT] Stable 90%+ success rate achieved for 10 episodes!
[10-06 17:08:29] INFO: [HEALTH-CHECK-1375] Overall: NEEDS_IMPROVEMENT (score=0.400)
[10-06 17:08:29] INFO: ================================================================================
[10-06 17:08:32] INFO: [RL-EP-1376] (1376)
[10-06 17:08:36] INFO: [RL-EP-1377] (1377)
[10-06 17:08:38] INFO: [RL-EP-1378] (1378)
[10-06 17:08:41] INFO: [RL-EP-1379] (1379)
[10-06 17:08:43] INFO: [RL-EP-1380] roll=1.000/0.000/0.000
[10-06 17:08:45] INFO: [RL-EP-1381] (1381)
[10-06 17:08:48] INFO: [RL-EP-1382] (1382)
[10-06 17:08:50] INFO: [RL-EP-1383] (1383)
[10-06 17:08:53] INFO: [RL-EP-1384] (1384)
[10-06 17:08:55] INFO: [RL-EP-1385] roll=1.000/0.000/0.000
[10-06 17:08:57] INFO: [RL-EP-1386] (1386)
[10-06 17:09:00] INFO: [RL-EP-1387] (1387)
[10-06 17:09:02] INFO: [RL-EP-1388] (1388)
[10-06 17:09:05] INFO: [RL-EP-1389] (1389)
[10-06 17:09:07] INFO: [RL-EP-1390] roll=1.000/0.000/0.000
[10-06 17:09:10] INFO: [RL-EP-1391] (1391)
[10-06 17:09:12] INFO: [RL-EP-1392] (1392)
[10-06 17:09:15] INFO: [RL-EP-1393] (1393)
[10-06 17:09:17] INFO: [RL-EP-1394] (1394)
[10-06 17:09:20] INFO: [RL-EP-1395] roll=1.000/0.000/0.000
[10-06 17:09:22] INFO: [RL-EP-1396] (1396)
[10-06 17:09:25] INFO: [RL-EP-1397] (1397)
[10-06 17:09:27] INFO: [RL-EP-1398] (1398)
[10-06 17:09:30] INFO: [RL-EP-1399] (1399)
[10-06 17:09:30] INFO: [CONFIG-CHECK] ep=1400 updates_per_ep=4 (from config)
[10-06 17:09:30] INFO: [SARL-EPSILON] ep=1400 epsilon=0.0667 (start=0.3, end=0.05, decay=1500)
[10-06 17:09:32] INFO: [SARL-REPLAY] ep=1400 buffer_size=200000 updates=4
[10-06 17:09:32] INFO: [SARL-LOSS] ep=1400 value_loss=0.0238 epsilon=0.0667
[10-06 17:09:32] INFO: [SARL-STATS] ep=1400 buffer_size=200000
[10-06 17:09:32] INFO: [STAT] ep=1400 | roll@25(s/c/t)=1.0/0.0/0.0 (1.00/0.00/0.00) | R.mean=0.5
[10-06 17:09:32] INFO: [METRICS-25] time=16.48s | dfreq=0.000 | ddist=0.000m
[10-06 17:09:33] INFO: [METRICS-PLOT] 3-metrics curve -> /root/bayes-vl-matched-20261006/crowd_nav/runs/bayes-matched-v1/gru-seed42/curves_3metrics.png
[10-06 17:09:33] INFO: [RL-EP-1400] (1400/10000) s/c/t=1/0/0 qloss=0.0000 ploss=0.0000 buf=200000
[10-06 17:09:33] INFO:               cumulative s/c/t%: 100.0%/0.0%/0.0%
[10-06 17:09:33] INFO: [REPLAY-STORE] ok=1400 skip=0 steps=96990 buf=200000
[10-06 17:09:33] INFO: [STAGE0-MONITOR] timeout_ratio=0.000 (target: decrease over time)
[10-06 17:09:33] INFO: [SOT-1400] REWARD succ=1.0/coll=-0.50 | GRID 5×16=80 | EVENTS s=1.00/c=0.00/t=0.00
[10-06 17:09:33] INFO: ================================================================================
[10-06 17:09:33] INFO: [MULTI-SCALE-1400] TARGET: peak=1.000 stable_90=10ep
[10-06 17:09:33] INFO: [MULTI-SCALE-1400] WINDOWS: short=1.000 med=1.000 long=0.980
[10-06 17:09:33] INFO: [MULTI-SCALE-1400] QUALITY: stability=0.800 learn_rate=0.00000
[10-06 17:09:33] INFO: [ACHIEVEMENT] Stable 90%+ success rate achieved for 10 episodes!
[10-06 17:09:33] INFO: [HEALTH-CHECK-1400] Overall: NEEDS_IMPROVEMENT (score=0.400)
[10-06 17:09:33] INFO: ================================================================================
[10-06 17:09:35] INFO: [RL-EP-1401] (1401)
[10-06 17:09:38] INFO: [RL-EP-1402] (1402)
[10-06 17:09:40] INFO: [RL-EP-1403] (1403)
[10-06 17:09:43] INFO: [RL-EP-1404] (1404)
[10-06 17:09:45] INFO: [RL-EP-1405] roll=1.000/0.000/0.000
[10-06 17:09:47] INFO: [RL-EP-1406] (1406)
[10-06 17:09:50] INFO: [RL-EP-1407] (1407)
[10-06 17:09:52] INFO: [RL-EP-1408] (1408)
[10-06 17:09:55] INFO: [RL-EP-1409] (1409)
[10-06 17:09:57] INFO: [RL-EP-1410] roll=1.000/0.000/0.000
[10-06 17:09:59] INFO: [RL-EP-1411] (1411)
[10-06 17:10:02] INFO: [RL-EP-1412] (1412)
[10-06 17:10:04] INFO: [RL-EP-1413] (1413)
[10-06 17:10:07] INFO: [RL-EP-1414] (1414)
[10-06 17:10:10] INFO: [RL-EP-1415] roll=1.000/0.000/0.000
[10-06 17:10:12] INFO: [RL-EP-1416] (1416)
[10-06 17:10:14] INFO: [RL-EP-1417] (1417)
[10-06 17:10:17] INFO: [RL-EP-1418] (1418)
[10-06 17:10:20] INFO: [RL-EP-1419] (1419)
[10-06 17:10:22] INFO: [RL-EP-1420] roll=1.000/0.000/0.000
[10-06 17:10:25] INFO: [RL-EP-1421] (1421)
[10-06 17:10:28] INFO: [RL-EP-1422] (1422)
[10-06 17:10:30] INFO: [RL-EP-1423] (1423)
[10-06 17:10:32] INFO: [RL-EP-1424] (1424)
[10-06 17:10:35] INFO: [SARL-LOSS] ep=1425 value_loss=0.0298 epsilon=0.0625
[10-06 17:10:35] INFO: [STAT] ep=1425 | roll@25(s/c/t)=1.0/0.0/0.0 (1.00/0.00/0.00) | R.mean=0.5
[10-06 17:10:35] INFO: [METRICS-25] time=16.61s | dfreq=0.000 | ddist=0.000m
[10-06 17:10:35] INFO: [METRICS-PLOT] 3-metrics curve -> /root/bayes-vl-matched-20261006/crowd_nav/runs/bayes-matched-v1/gru-seed42/curves_3metrics.png
[10-06 17:10:35] INFO: [RL-EP-1425] (1425/10000) s/c/t=1/0/0 qloss=0.0000 ploss=0.0000 buf=200000
[10-06 17:10:35] INFO:               cumulative s/c/t%: 100.0%/0.0%/0.0%
[10-06 17:10:35] INFO: [REPLAY-STORE] ok=1425 skip=0 steps=98625 buf=200000
[10-06 17:10:35] INFO: [STAGE0-MONITOR] timeout_ratio=0.000 (target: decrease over time)
[10-06 17:10:35] INFO: ================================================================================
[10-06 17:10:35] INFO: [MULTI-SCALE-1425] TARGET: peak=1.000 stable_90=10ep
[10-06 17:10:35] INFO: [MULTI-SCALE-1425] WINDOWS: short=1.000 med=1.000 long=1.000
[10-06 17:10:35] INFO: [MULTI-SCALE-1425] QUALITY: stability=0.800 learn_rate=0.00000
[10-06 17:10:35] INFO: [ACHIEVEMENT] Stable 90%+ success rate achieved for 10 episodes!
[10-06 17:10:35] INFO: [HEALTH-CHECK-1425] Overall: NEEDS_IMPROVEMENT (score=0.400)
[10-06 17:10:35] INFO: ================================================================================
[10-06 17:10:38] INFO: [RL-EP-1426] (1426)
[10-06 17:10:40] INFO: [RL-EP-1427] (1427)
[10-06 17:10:43] INFO: [RL-EP-1428] (1428)
[10-06 17:10:45] INFO: [RL-EP-1429] (1429)
[10-06 17:10:48] INFO: [RL-EP-1430] roll=1.000/0.000/0.000
[10-06 17:10:50] INFO: [RL-EP-1431] (1431)
[10-06 17:10:53] INFO: [RL-EP-1432] (1432)
[10-06 17:10:55] INFO: [RL-EP-1433] (1433)
[10-06 17:10:58] INFO: [RL-EP-1434] (1434)
[10-06 17:11:00] INFO: [RL-EP-1435] roll=0.980/0.020/0.000
[10-06 17:11:02] INFO: [RL-EP-1436] (1436)
[10-06 17:11:05] INFO: [RL-EP-1437] (1437)
[10-06 17:11:08] INFO: [RL-EP-1438] (1438)
[10-06 17:11:10] INFO: [RL-EP-1439] (1439)
[10-06 17:11:13] INFO: [RL-EP-1440] roll=0.980/0.020/0.000
[10-06 17:11:15] INFO: [RL-EP-1441] (1441)
[10-06 17:11:17] INFO: [RL-EP-1442] (1442)
[10-06 17:11:20] INFO: [RL-EP-1443] (1443)
[10-06 17:11:23] INFO: [RL-EP-1444] (1444)
[10-06 17:11:25] INFO: [RL-EP-1445] roll=0.980/0.020/0.000
[10-06 17:11:28] INFO: [RL-EP-1446] (1446)
[10-06 17:11:31] INFO: [RL-EP-1447] (1447)
[10-06 17:11:34] INFO: [RL-EP-1448] (1448)
[10-06 17:11:37] INFO: [RL-EP-1449] (1449)
[10-06 17:11:37] INFO: [CONFIG-CHECK] ep=1450 updates_per_ep=4 (from config)
[10-06 17:11:39] INFO: [SARL-LOSS] ep=1450 value_loss=0.0218 epsilon=0.0583
[10-06 17:11:39] INFO: [STAT] ep=1450 | roll@25(s/c/t)=1.0/0.0/0.0 (0.98/0.02/0.00) | R.mean=0.5
[10-06 17:11:39] INFO: [METRICS-25] time=16.57s | dfreq=0.000 | ddist=0.000m
[10-06 17:11:40] INFO: [METRICS-PLOT] 3-metrics curve -> /root/bayes-vl-matched-20261006/crowd_nav/runs/bayes-matched-v1/gru-seed42/curves_3metrics.png
[10-06 17:11:40] INFO: [RL-EP-1450] (1450/10000) s/c/t=1/0/0 qloss=0.0000 ploss=0.0000 buf=200000
[10-06 17:11:40] INFO:               cumulative s/c/t%: 98.0%/2.0%/0.0%
[10-06 17:11:40] INFO: [REPLAY-STORE] ok=1450 skip=0 steps=100303 buf=200000
[10-06 17:11:40] INFO: [STAGE0-MONITOR] timeout_ratio=0.000 (target: decrease over time)
[10-06 17:11:40] INFO: ================================================================================
[10-06 17:11:40] INFO: [MULTI-SCALE-1450] TARGET: peak=1.000 stable_90=10ep
[10-06 17:11:40] INFO: [MULTI-SCALE-1450] WINDOWS: short=1.000 med=0.960 long=0.990
[10-06 17:11:40] INFO: [MULTI-SCALE-1450] QUALITY: stability=0.800 learn_rate=0.00000
[10-06 17:11:40] INFO: [ACHIEVEMENT] Stable 90%+ success rate achieved for 10 episodes!
[10-06 17:11:40] INFO: [HEALTH-CHECK-1450] Overall: NEEDS_IMPROVEMENT (score=0.400)
[10-06 17:11:40] INFO: ================================================================================
[10-06 17:11:42] INFO: [RL-EP-1451] (1451)
[10-06 17:11:45] INFO: [RL-EP-1452] (1452)
[10-06 17:11:48] INFO: [RL-EP-1453] (1453)
[10-06 17:11:50] INFO: [RL-EP-1454] (1454)
[10-06 17:11:53] INFO: [RL-EP-1455] roll=0.980/0.020/0.000
[10-06 17:11:55] INFO: [RL-EP-1456] (1456)
[10-06 17:11:58] INFO: [RL-EP-1457] (1457)
[10-06 17:12:00] INFO: [RL-EP-1458] (1458)
[10-06 17:12:03] INFO: [RL-EP-1459] (1459)
[10-06 17:12:05] INFO: [RL-EP-1460] roll=0.980/0.020/0.000
[10-06 17:12:08] INFO: [RL-EP-1461] (1461)
[10-06 17:12:11] INFO: [RL-EP-1462] (1462)
[10-06 17:12:14] INFO: [RL-EP-1463] (1463)
[10-06 17:12:16] INFO: [RL-EP-1464] (1464)
[10-06 17:12:19] INFO: [RL-EP-1465] roll=0.980/0.020/0.000
[10-06 17:12:22] INFO: [RL-EP-1466] (1466)
[10-06 17:12:24] INFO: [RL-EP-1467] (1467)
[10-06 17:12:28] INFO: [RL-EP-1468] (1468)
[10-06 17:12:30] INFO: [RL-EP-1469] (1469)
[10-06 17:12:33] INFO: [RL-EP-1470] roll=0.980/0.020/0.000
[10-06 17:12:35] INFO: [RL-EP-1471] (1471)
[10-06 17:12:38] INFO: [RL-EP-1472] (1472)
[10-06 17:12:40] INFO: [RL-EP-1473] (1473)
[10-06 17:12:43] INFO: [RL-EP-1474] (1474)
[10-06 17:12:46] INFO: [SARL-LOSS] ep=1475 value_loss=0.0237 epsilon=0.0542
[10-06 17:12:46] INFO: [STAT] ep=1475 | roll@25(s/c/t)=1.0/0.0/0.0 (0.98/0.02/0.00) | R.mean=0.5
[10-06 17:12:46] INFO: [METRICS-25] time=17.20s | dfreq=0.000 | ddist=0.000m
[10-06 17:12:46] INFO: [METRICS-PLOT] 3-metrics curve -> /root/bayes-vl-matched-20261006/crowd_nav/runs/bayes-matched-v1/gru-seed42/curves_3metrics.png
[10-06 17:12:46] INFO: [RL-EP-1475] (1475/10000) s/c/t=1/0/0 qloss=0.0000 ploss=0.0000 buf=200000
[10-06 17:12:46] INFO:               cumulative s/c/t%: 98.0%/2.0%/0.0%
[10-06 17:12:46] INFO: [REPLAY-STORE] ok=1475 skip=0 steps=102064 buf=200000
[10-06 17:12:46] INFO: [STAGE0-MONITOR] timeout_ratio=0.000 (target: decrease over time)
[10-06 17:12:46] INFO: ================================================================================
[10-06 17:12:46] INFO: [MULTI-SCALE-1475] TARGET: peak=1.000 stable_90=10ep
[10-06 17:12:46] INFO: [MULTI-SCALE-1475] WINDOWS: short=1.000 med=1.000 long=0.990
[10-06 17:12:46] INFO: [MULTI-SCALE-1475] QUALITY: stability=0.800 learn_rate=0.00000
[10-06 17:12:46] INFO: [ACHIEVEMENT] Stable 90%+ success rate achieved for 10 episodes!
[10-06 17:12:46] INFO: [HEALTH-CHECK-1475] Overall: NEEDS_IMPROVEMENT (score=0.400)
[10-06 17:12:46] INFO: ================================================================================
[10-06 17:12:48] INFO: [RL-EP-1476] (1476)
[10-06 17:12:50] INFO: [RL-EP-1477] (1477)
[10-06 17:12:52] INFO: [RL-EP-1478] (1478)
[10-06 17:12:54] INFO: [RL-EP-1479] (1479)
[10-06 17:12:56] INFO: [RL-EP-1480] roll=0.920/0.080/0.000
[10-06 17:12:58] INFO: [RL-EP-1481] (1481)
[10-06 17:13:01] INFO: [RL-EP-1482] (1482)
[10-06 17:13:03] INFO: [RL-EP-1483] (1483)
[10-06 17:13:06] INFO: [RL-EP-1484] (1484)
[10-06 17:13:09] INFO: [RL-EP-1485] roll=0.940/0.060/0.000
[10-06 17:13:11] INFO: [RL-EP-1486] (1486)
[10-06 17:13:14] INFO: [RL-EP-1487] (1487)
[10-06 17:13:17] INFO: [RL-EP-1488] (1488)
[10-06 17:13:20] INFO: [RL-EP-1489] (1489)
[10-06 17:13:23] INFO: [RL-EP-1490] roll=0.940/0.060/0.000
[10-06 17:13:25] INFO: [RL-EP-1491] (1491)
[10-06 17:13:27] INFO: [RL-EP-1492] (1492)
[10-06 17:13:30] INFO: [RL-EP-1493] (1493)
[10-06 17:13:32] INFO: [RL-EP-1494] (1494)
[10-06 17:13:35] INFO: [RL-EP-1495] roll=0.940/0.060/0.000
[10-06 17:13:37] INFO: [RL-EP-1496] (1496)
[10-06 17:13:40] INFO: [RL-EP-1497] (1497)
[10-06 17:13:42] INFO: [RL-EP-1498] (1498)
[10-06 17:13:44] INFO: [RL-EP-1499] (1499)
[10-06 17:13:44] INFO: [CONFIG-CHECK] ep=1500 updates_per_ep=4 (from config)
[10-06 17:13:44] INFO: [SARL-EPSILON] ep=1500 epsilon=0.0500 (start=0.3, end=0.05, decay=1500)
[10-06 17:13:45] INFO: [SARL-REPLAY] ep=1500 buffer_size=200000 updates=4
[10-06 17:13:45] INFO: [SARL-LOSS] ep=1500 value_loss=0.0159 epsilon=0.0500
[10-06 17:13:45] INFO: [SARL-STATS] ep=1500 buffer_size=200000
[10-06 17:13:45] INFO: [STAT] ep=1500 | roll@25(s/c/t)=0.9/0.1/0.0 (0.90/0.10/0.00) | R.mean=0.4
[10-06 17:13:45] INFO: [METRICS-25] time=16.23s | dfreq=0.000 | ddist=0.000m
[10-06 17:13:45] INFO: [METRICS-PLOT] 3-metrics curve -> /root/bayes-vl-matched-20261006/crowd_nav/runs/bayes-matched-v1/gru-seed42/curves_3metrics.png
[10-06 17:13:45] INFO: [RL-EP-1500] (1500/10000) s/c/t=0/1/0 qloss=0.0000 ploss=0.0000 buf=200000
[10-06 17:13:45] INFO:               cumulative s/c/t%: 90.0%/10.0%/0.0%
[10-06 17:13:45] INFO: [REPLAY-STORE] ok=1500 skip=0 steps=103550 buf=200000
[10-06 17:13:45] INFO: [STAGE0-MONITOR] timeout_ratio=0.000 (target: decrease over time)
[10-06 17:13:45] INFO: [SOT-1500] REWARD succ=1.0/coll=-0.50 | GRID 5×16=80 | EVENTS s=0.90/c=0.10/t=0.00
[10-06 17:13:45] INFO: ================================================================================
[10-06 17:13:45] INFO: [MULTI-SCALE-1500] TARGET: peak=1.000 stable_90=10ep
[10-06 17:13:45] INFO: [MULTI-SCALE-1500] WINDOWS: short=0.800 med=0.800 long=0.940
[10-06 17:13:45] INFO: [MULTI-SCALE-1500] QUALITY: stability=0.800 learn_rate=0.00000
[10-06 17:13:45] INFO: [ACHIEVEMENT] Stable 90%+ success rate achieved for 10 episodes!
[10-06 17:13:45] INFO: [HEALTH-CHECK-1500] Overall: NEEDS_IMPROVEMENT (score=0.400)
[10-06 17:13:45] INFO: ================================================================================
[10-06 17:13:46] INFO: [RL-SAVE] sarl checkpoint -> /root/bayes-vl-matched-20261006/crowd_nav/runs/bayes-matched-v1/gru-seed42/rl_model_ep1500.pth
[10-06 17:13:46] INFO: [RL-SAVE] Saved components: policy, target network, optimizer
[10-06 17:13:47] INFO: [RL-EP-1501] (1501)
[10-06 17:13:49] INFO: [RL-EP-1502] (1502)
[10-06 17:13:52] INFO: [RL-EP-1503] (1503)
[10-06 17:13:55] INFO: [RL-EP-1504] (1504)
[10-06 17:13:57] INFO: [RL-EP-1505] roll=0.880/0.120/0.000
[10-06 17:13:59] INFO: [RL-EP-1506] (1506)
[10-06 17:14:02] INFO: [RL-EP-1507] (1507)
[10-06 17:14:05] INFO: [RL-EP-1508] (1508)
[10-06 17:14:07] INFO: [RL-EP-1509] (1509)
[10-06 17:14:10] INFO: [RL-EP-1510] roll=0.880/0.120/0.000
[10-06 17:14:13] INFO: [RL-EP-1511] (1511)
[10-06 17:14:16] INFO: [RL-EP-1512] (1512)
[10-06 17:14:18] INFO: [RL-EP-1513] (1513)
[10-06 17:14:19] INFO: [RL-EP-1514] (1514)
[10-06 17:14:21] INFO: [RL-EP-1515] roll=0.860/0.140/0.000
[10-06 17:14:24] INFO: [RL-EP-1516] (1516)
[10-06 17:14:26] INFO: [RL-EP-1517] (1517)
[10-06 17:14:29] INFO: [RL-EP-1518] (1518)
[10-06 17:14:33] INFO: [RL-EP-1519] (1519)
[10-06 17:14:35] INFO: [RL-EP-1520] roll=0.860/0.140/0.000
[10-06 17:14:37] INFO: [RL-EP-1521] (1521)
[10-06 17:14:40] INFO: [RL-EP-1522] (1522)
[10-06 17:14:42] INFO: [RL-EP-1523] (1523)
[10-06 17:14:45] INFO: [RL-EP-1524] (1524)
[10-06 17:14:47] INFO: [SARL-LOSS] ep=1525 value_loss=0.0218 epsilon=0.0500
[10-06 17:14:47] INFO: [STAT] ep=1525 | roll@25(s/c/t)=0.9/0.1/0.0 (0.86/0.14/0.00) | R.mean=0.4
[10-06 17:14:47] INFO: [METRICS-25] time=15.37s | dfreq=0.000 | ddist=0.000m
[10-06 17:14:47] INFO: [METRICS-PLOT] 3-metrics curve -> /root/bayes-vl-matched-20261006/crowd_nav/runs/bayes-matched-v1/gru-seed42/curves_3metrics.png
[10-06 17:14:47] INFO: [RL-EP-1525] (1525/10000) s/c/t=1/0/0 qloss=0.0000 ploss=0.0000 buf=200000
[10-06 17:14:47] INFO:               cumulative s/c/t%: 86.0%/14.0%/0.0%
[10-06 17:14:47] INFO: [REPLAY-STORE] ok=1525 skip=0 steps=105137 buf=200000
[10-06 17:14:47] INFO: [STAGE0-MONITOR] timeout_ratio=0.000 (target: decrease over time)
[10-06 17:14:47] INFO: ================================================================================
[10-06 17:14:47] INFO: [MULTI-SCALE-1525] TARGET: peak=1.000 stable_90=0ep
[10-06 17:14:47] INFO: [MULTI-SCALE-1525] WINDOWS: short=1.000 med=0.920 long=0.920
[10-06 17:14:47] INFO: [MULTI-SCALE-1525] QUALITY: stability=0.800 learn_rate=0.00000
[10-06 17:14:47] INFO: [MILESTONE] Peak performance 100.0% reached! Working towards stability...
[10-06 17:14:47] INFO: [HEALTH-CHECK-1525] Overall: NEEDS_IMPROVEMENT (score=0.400)
[10-06 17:14:47] INFO: ================================================================================
[10-06 17:14:50] INFO: [RL-EP-1526] (1526)
[10-06 17:14:52] INFO: [RL-EP-1527] (1527)
[10-06 17:14:55] INFO: [RL-EP-1528] (1528)
[10-06 17:14:58] INFO: [RL-EP-1529] (1529)
[10-06 17:15:00] INFO: [RL-EP-1530] roll=0.920/0.080/0.000
[10-06 17:15:03] INFO: [RL-EP-1531] (1531)
[10-06 17:15:06] INFO: [RL-EP-1532] (1532)
[10-06 17:15:09] INFO: [RL-EP-1533] (1533)
[10-06 17:15:12] INFO: [RL-EP-1534] (1534)
[10-06 17:15:14] INFO: [RL-EP-1535] roll=0.920/0.080/0.000
[10-06 17:15:16] INFO: [RL-EP-1536] (1536)
[10-06 17:15:19] INFO: [RL-EP-1537] (1537)
[10-06 17:15:21] INFO: [RL-EP-1538] (1538)
[10-06 17:15:23] INFO: [RL-EP-1539] (1539)
[10-06 17:15:26] INFO: [RL-EP-1540] roll=0.920/0.080/0.000
[10-06 17:15:28] INFO: [RL-EP-1541] (1541)
[10-06 17:15:31] INFO: [RL-EP-1542] (1542)
[10-06 17:15:33] INFO: [RL-EP-1543] (1543)
[10-06 17:15:36] INFO: [RL-EP-1544] (1544)
[10-06 17:15:39] INFO: [RL-EP-1545] roll=0.920/0.080/0.000
[10-06 17:15:41] INFO: [RL-EP-1546] (1546)
[10-06 17:15:44] INFO: [RL-EP-1547] (1547)
[10-06 17:15:46] INFO: [RL-EP-1548] (1548)
[10-06 17:15:48] INFO: [RL-EP-1549] (1549)
[10-06 17:15:48] INFO: [CONFIG-CHECK] ep=1550 updates_per_ep=4 (from config)
[10-06 17:15:51] INFO: [SARL-LOSS] ep=1550 value_loss=0.0269 epsilon=0.0500
[10-06 17:15:51] INFO: [STAT] ep=1550 | roll@25(s/c/t)=1.0/0.0/0.0 (0.96/0.04/0.00) | R.mean=0.5
[10-06 17:15:51] INFO: [METRICS-25] time=16.39s | dfreq=0.000 | ddist=0.000m
[10-06 17:15:52] INFO: [METRICS-PLOT] 3-metrics curve -> /root/bayes-vl-matched-20261006/crowd_nav/runs/bayes-matched-v1/gru-seed42/curves_3metrics.png
[10-06 17:15:52] INFO: [RL-EP-1550] (1550/10000) s/c/t=1/0/0 qloss=0.0000 ploss=0.0000 buf=200000
[10-06 17:15:52] INFO:               cumulative s/c/t%: 96.0%/4.0%/0.0%
[10-06 17:15:52] INFO: [REPLAY-STORE] ok=1550 skip=0 steps=106827 buf=200000
[10-06 17:15:52] INFO: [STAGE0-MONITOR] timeout_ratio=0.000 (target: decrease over time)
[10-06 17:15:52] INFO: ================================================================================
[10-06 17:15:52] INFO: [MULTI-SCALE-1550] TARGET: peak=1.000 stable_90=10ep
[10-06 17:15:52] INFO: [MULTI-SCALE-1550] WINDOWS: short=1.000 med=1.000 long=0.930
[10-06 17:15:52] INFO: [MULTI-SCALE-1550] QUALITY: stability=0.800 learn_rate=0.00000
[10-06 17:15:52] INFO: [ACHIEVEMENT] Stable 90%+ success rate achieved for 10 episodes!
[10-06 17:15:52] INFO: [HEALTH-CHECK-1550] Overall: NEEDS_IMPROVEMENT (score=0.400)
[10-06 17:15:52] INFO: ================================================================================
[10-06 17:15:54] INFO: [RL-EP-1551] (1551)
[10-06 17:15:57] INFO: [RL-EP-1552] (1552)
[10-06 17:15:59] INFO: [RL-EP-1553] (1553)
[10-06 17:16:02] INFO: [RL-EP-1554] (1554)
[10-06 17:16:04] INFO: [RL-EP-1555] roll=0.980/0.020/0.000
[10-06 17:16:07] INFO: [RL-EP-1556] (1556)
[10-06 17:16:09] INFO: [RL-EP-1557] (1557)
[10-06 17:16:12] INFO: [RL-EP-1558] (1558)
[10-06 17:16:14] INFO: [RL-EP-1559] (1559)
[10-06 17:16:16] INFO: [RL-EP-1560] roll=0.980/0.020/0.000
[10-06 17:16:19] INFO: [RL-EP-1561] (1561)
[10-06 17:16:22] INFO: [RL-EP-1562] (1562)
[10-06 17:16:24] INFO: [RL-EP-1563] (1563)
[10-06 17:16:27] INFO: [RL-EP-1564] (1564)
[10-06 17:16:29] INFO: [RL-EP-1565] roll=1.000/0.000/0.000
[10-06 17:16:32] INFO: [RL-EP-1566] (1566)
[10-06 17:16:34] INFO: [RL-EP-1567] (1567)
[10-06 17:16:37] INFO: [RL-EP-1568] (1568)
[10-06 17:16:40] INFO: [RL-EP-1569] (1569)
[10-06 17:16:42] INFO: [RL-EP-1570] roll=1.000/0.000/0.000
[10-06 17:16:45] INFO: [RL-EP-1571] (1571)
[10-06 17:16:47] INFO: [RL-EP-1572] (1572)
[10-06 17:16:50] INFO: [RL-EP-1573] (1573)
[10-06 17:16:52] INFO: [RL-EP-1574] (1574)
[10-06 17:16:54] INFO: [SARL-LOSS] ep=1575 value_loss=0.0339 epsilon=0.0500
[10-06 17:16:54] INFO: [STAT] ep=1575 | roll@25(s/c/t)=1.0/0.0/0.0 (1.00/0.00/0.00) | R.mean=0.5
[10-06 17:16:54] INFO: [METRICS-25] time=16.52s | dfreq=0.000 | ddist=0.000m
[10-06 17:16:55] INFO: [METRICS-PLOT] 3-metrics curve -> /root/bayes-vl-matched-20261006/crowd_nav/runs/bayes-matched-v1/gru-seed42/curves_3metrics.png
[10-06 17:16:55] INFO: [RL-EP-1575] (1575/10000) s/c/t=1/0/0 qloss=0.0000 ploss=0.0000 buf=200000
[10-06 17:16:55] INFO:               cumulative s/c/t%: 100.0%/0.0%/0.0%
[10-06 17:16:55] INFO: [REPLAY-STORE] ok=1575 skip=0 steps=108440 buf=200000
[10-06 17:16:55] INFO: [STAGE0-MONITOR] timeout_ratio=0.000 (target: decrease over time)
[10-06 17:16:55] INFO: ================================================================================
[10-06 17:16:55] INFO: [MULTI-SCALE-1575] TARGET: peak=1.000 stable_90=10ep
[10-06 17:16:55] INFO: [MULTI-SCALE-1575] WINDOWS: short=1.000 med=1.000 long=0.930
[10-06 17:16:55] INFO: [MULTI-SCALE-1575] QUALITY: stability=0.800 learn_rate=0.00000
[10-06 17:16:55] INFO: [ACHIEVEMENT] Stable 90%+ success rate achieved for 10 episodes!
[10-06 17:16:55] INFO: [HEALTH-CHECK-1575] Overall: NEEDS_IMPROVEMENT (score=0.400)
[10-06 17:16:55] INFO: ================================================================================
[10-06 17:16:58] INFO: [RL-EP-1576] (1576)
[10-06 17:17:00] INFO: [RL-EP-1577] (1577)
[10-06 17:17:02] INFO: [RL-EP-1578] (1578)
[10-06 17:17:05] INFO: [RL-EP-1579] (1579)
[10-06 17:17:08] INFO: [RL-EP-1580] roll=1.000/0.000/0.000
[10-06 17:17:10] INFO: [RL-EP-1581] (1581)
[10-06 17:17:13] INFO: [RL-EP-1582] (1582)
[10-06 17:17:15] INFO: [RL-EP-1583] (1583)
[10-06 17:17:18] INFO: [RL-EP-1584] (1584)
[10-06 17:17:21] INFO: [RL-EP-1585] roll=1.000/0.000/0.000
[10-06 17:17:23] INFO: [RL-EP-1586] (1586)
[10-06 17:17:25] INFO: [RL-EP-1587] (1587)
[10-06 17:17:28] INFO: [RL-EP-1588] (1588)
[10-06 17:17:30] INFO: [RL-EP-1589] (1589)
[10-06 17:17:33] INFO: [RL-EP-1590] roll=1.000/0.000/0.000
[10-06 17:17:35] INFO: [RL-EP-1591] (1591)
[10-06 17:17:37] INFO: [RL-EP-1592] (1592)
[10-06 17:17:38] INFO: [RL-EP-1593] (1593)
[10-06 17:17:41] INFO: [RL-EP-1594] (1594)
[10-06 17:17:44] INFO: [RL-EP-1595] roll=0.980/0.020/0.000
[10-06 17:17:46] INFO: [RL-EP-1596] (1596)
[10-06 17:17:49] INFO: [RL-EP-1597] (1597)
[10-06 17:17:52] INFO: [RL-EP-1598] (1598)
[10-06 17:17:54] INFO: [RL-EP-1599] (1599)
[10-06 17:17:54] INFO: [CONFIG-CHECK] ep=1600 updates_per_ep=4 (from config)
[10-06 17:17:54] INFO: [SARL-EPSILON] ep=1600 epsilon=0.0500 (start=0.3, end=0.05, decay=1500)
[10-06 17:17:56] INFO: [SARL-REPLAY] ep=1600 buffer_size=200000 updates=4
[10-06 17:17:56] INFO: [SARL-LOSS] ep=1600 value_loss=0.0214 epsilon=0.0500
[10-06 17:17:56] INFO: [SARL-STATS] ep=1600 buffer_size=200000
[10-06 17:17:56] INFO: [STAT] ep=1600 | roll@25(s/c/t)=1.0/0.0/0.0 (0.98/0.02/0.00) | R.mean=0.5
[10-06 17:17:56] INFO: [METRICS-25] time=15.96s | dfreq=0.000 | ddist=0.000m
[10-06 17:17:57] INFO: [METRICS-PLOT] 3-metrics curve -> /root/bayes-vl-matched-20261006/crowd_nav/runs/bayes-matched-v1/gru-seed42/curves_3metrics.png
[10-06 17:17:57] INFO: [RL-EP-1600] (1600/10000) s/c/t=1/0/0 qloss=0.0000 ploss=0.0000 buf=200000
[10-06 17:17:57] INFO:               cumulative s/c/t%: 98.0%/2.0%/0.0%
[10-06 17:17:57] INFO: [REPLAY-STORE] ok=1600 skip=0 steps=110019 buf=200000
[10-06 17:17:57] INFO: [STAGE0-MONITOR] timeout_ratio=0.000 (target: decrease over time)
[10-06 17:17:57] INFO: [SOT-1600] REWARD succ=1.0/coll=-0.50 | GRID 5×16=80 | EVENTS s=0.98/c=0.02/t=0.00
[10-06 17:17:57] INFO: ================================================================================
[10-06 17:17:57] INFO: [MULTI-SCALE-1600] TARGET: peak=1.000 stable_90=10ep
[10-06 17:17:57] INFO: [MULTI-SCALE-1600] WINDOWS: short=0.900 med=0.960 long=0.970
[10-06 17:17:57] INFO: [MULTI-SCALE-1600] QUALITY: stability=0.800 learn_rate=0.00000
[10-06 17:17:57] INFO: [ACHIEVEMENT] Stable 90%+ success rate achieved for 10 episodes!
[10-06 17:17:57] INFO: [HEALTH-CHECK-1600] Overall: NEEDS_IMPROVEMENT (score=0.400)
[10-06 17:17:57] INFO: ================================================================================
[10-06 17:17:59] INFO: [RL-EP-1601] (1601)
[10-06 17:18:02] INFO: [RL-EP-1602] (1602)
[10-06 17:18:05] INFO: [RL-EP-1603] (1603)
[10-06 17:18:08] INFO: [RL-EP-1604] (1604)
[10-06 17:18:10] INFO: [RL-EP-1605] roll=0.980/0.020/0.000
[10-06 17:18:13] INFO: [RL-EP-1606] (1606)
[10-06 17:18:17] INFO: [RL-EP-1607] (1607)
[10-06 17:18:19] INFO: [RL-EP-1608] (1608)
[10-06 17:18:22] INFO: [RL-EP-1609] (1609)
[10-06 17:18:25] INFO: [RL-EP-1610] roll=0.980/0.020/0.000
[10-06 17:18:27] INFO: [RL-EP-1611] (1611)
[10-06 17:18:30] INFO: [RL-EP-1612] (1612)
[10-06 17:18:32] INFO: [RL-EP-1613] (1613)
[10-06 17:18:35] INFO: [RL-EP-1614] (1614)
[10-06 17:18:36] INFO: [RL-EP-1615] roll=0.960/0.040/0.000
[10-06 17:18:39] INFO: [RL-EP-1616] (1616)
[10-06 17:18:42] INFO: [RL-EP-1617] (1617)
[10-06 17:18:44] INFO: [RL-EP-1618] (1618)
[10-06 17:18:47] INFO: [RL-EP-1619] (1619)
[10-06 17:18:49] INFO: [RL-EP-1620] roll=0.960/0.040/0.000
[10-06 17:18:52] INFO: [RL-EP-1621] (1621)
[10-06 17:18:54] INFO: [RL-EP-1622] (1622)
[10-06 17:18:56] INFO: [RL-EP-1623] (1623)
[10-06 17:18:59] INFO: [RL-EP-1624] (1624)
[10-06 17:19:02] INFO: [SARL-LOSS] ep=1625 value_loss=0.0234 epsilon=0.0500
[10-06 17:19:02] INFO: [STAT] ep=1625 | roll@25(s/c/t)=0.9/0.1/0.0 (0.94/0.06/0.00) | R.mean=0.5
[10-06 17:19:02] INFO: [METRICS-25] time=15.95s | dfreq=0.000 | ddist=0.000m
[10-06 17:19:02] INFO: [METRICS-PLOT] 3-metrics curve -> /root/bayes-vl-matched-20261006/crowd_nav/runs/bayes-matched-v1/gru-seed42/curves_3metrics.png
[10-06 17:19:02] INFO: [RL-EP-1625] (1625/10000) s/c/t=1/0/0 qloss=0.0000 ploss=0.0000 buf=200000
[10-06 17:19:02] INFO:               cumulative s/c/t%: 94.0%/6.0%/0.0%
[10-06 17:19:02] INFO: [REPLAY-STORE] ok=1625 skip=0 steps=111630 buf=200000
[10-06 17:19:02] INFO: [STAGE0-MONITOR] timeout_ratio=0.000 (target: decrease over time)
[10-06 17:19:02] INFO: ================================================================================
[10-06 17:19:02] INFO: [MULTI-SCALE-1625] TARGET: peak=1.000 stable_90=10ep
[10-06 17:19:02] INFO: [MULTI-SCALE-1625] WINDOWS: short=0.900 med=0.920 long=0.970
[10-06 17:19:02] INFO: [MULTI-SCALE-1625] QUALITY: stability=0.800 learn_rate=0.00000
[10-06 17:19:02] INFO: [ACHIEVEMENT] Stable 90%+ success rate achieved for 10 episodes!
[10-06 17:19:02] INFO: [HEALTH-CHECK-1625] Overall: NEEDS_IMPROVEMENT (score=0.400)
[10-06 17:19:02] INFO: ================================================================================
[10-06 17:19:05] INFO: [RL-EP-1626] (1626)
[10-06 17:19:07] INFO: [RL-EP-1627] (1627)
[10-06 17:19:10] INFO: [RL-EP-1628] (1628)
[10-06 17:19:12] INFO: [RL-EP-1629] (1629)
[10-06 17:19:15] INFO: [RL-EP-1630] roll=0.940/0.060/0.000
[10-06 17:19:17] INFO: [RL-EP-1631] (1631)
[10-06 17:19:20] INFO: [RL-EP-1632] (1632)
[10-06 17:19:22] INFO: [RL-EP-1633] (1633)
[10-06 17:19:25] INFO: [RL-EP-1634] (1634)
[10-06 17:19:27] INFO: [RL-EP-1635] roll=0.940/0.060/0.000
[10-06 17:19:30] INFO: [RL-EP-1636] (1636)
[10-06 17:19:32] INFO: [RL-EP-1637] (1637)
[10-06 17:19:34] INFO: [RL-EP-1638] (1638)
[10-06 17:19:37] INFO: [RL-EP-1639] (1639)
[10-06 17:19:39] INFO: [RL-EP-1640] roll=0.940/0.060/0.000
[10-06 17:19:42] INFO: [RL-EP-1641] (1641)
[10-06 17:19:44] INFO: [RL-EP-1642] (1642)
[10-06 17:19:47] INFO: [RL-EP-1643] (1643)
[10-06 17:19:50] INFO: [RL-EP-1644] (1644)
[10-06 17:19:52] INFO: [RL-EP-1645] roll=0.960/0.040/0.000
[10-06 17:19:55] INFO: [RL-EP-1646] (1646)
[10-06 17:19:57] INFO: [RL-EP-1647] (1647)
[10-06 17:20:00] INFO: [RL-EP-1648] (1648)
[10-06 17:20:02] INFO: [RL-EP-1649] (1649)
[10-06 17:20:02] INFO: [CONFIG-CHECK] ep=1650 updates_per_ep=4 (from config)
[10-06 17:20:05] INFO: [SARL-LOSS] ep=1650 value_loss=0.0301 epsilon=0.0500
[10-06 17:20:05] INFO: [STAT] ep=1650 | roll@25(s/c/t)=1.0/0.0/0.0 (0.96/0.04/0.00) | R.mean=0.5
[10-06 17:20:05] INFO: [METRICS-25] time=16.21s | dfreq=0.000 | ddist=0.000m
[10-06 17:20:06] INFO: [METRICS-PLOT] 3-metrics curve -> /root/bayes-vl-matched-20261006/crowd_nav/runs/bayes-matched-v1/gru-seed42/curves_3metrics.png
[10-06 17:20:06] INFO: [RL-EP-1650] (1650/10000) s/c/t=1/0/0 qloss=0.0000 ploss=0.0000 buf=200000
[10-06 17:20:06] INFO:               cumulative s/c/t%: 96.0%/4.0%/0.0%
[10-06 17:20:06] INFO: [REPLAY-STORE] ok=1650 skip=0 steps=113262 buf=200000
[10-06 17:20:06] INFO: [STAGE0-MONITOR] timeout_ratio=0.000 (target: decrease over time)
[10-06 17:20:06] INFO: ================================================================================
[10-06 17:20:06] INFO: [MULTI-SCALE-1650] TARGET: peak=1.000 stable_90=10ep
[10-06 17:20:06] INFO: [MULTI-SCALE-1650] WINDOWS: short=1.000 med=1.000 long=0.970
[10-06 17:20:06] INFO: [MULTI-SCALE-1650] QUALITY: stability=0.800 learn_rate=0.00000
[10-06 17:20:06] INFO: [ACHIEVEMENT] Stable 90%+ success rate achieved for 10 episodes!
[10-06 17:20:06] INFO: [HEALTH-CHECK-1650] Overall: NEEDS_IMPROVEMENT (score=0.400)
[10-06 17:20:06] INFO: ================================================================================
[10-06 17:20:07] INFO: [RL-EP-1651] (1651)
[10-06 17:20:11] INFO: [RL-EP-1652] (1652)
[10-06 17:20:13] INFO: [RL-EP-1653] (1653)
[10-06 17:20:16] INFO: [RL-EP-1654] (1654)
[10-06 17:20:18] INFO: [RL-EP-1655] roll=0.940/0.060/0.000
[10-06 17:20:21] INFO: [RL-EP-1656] (1656)
[10-06 17:20:23] INFO: [RL-EP-1657] (1657)
[10-06 17:20:26] INFO: [RL-EP-1658] (1658)
[10-06 17:20:29] INFO: [RL-EP-1659] (1659)
[10-06 17:20:32] INFO: [RL-EP-1660] roll=0.940/0.060/0.000
[10-06 17:20:35] INFO: [RL-EP-1661] (1661)
[10-06 17:20:37] INFO: [RL-EP-1662] (1662)
[10-06 17:20:41] INFO: [RL-EP-1663] (1663)
[10-06 17:20:43] INFO: [RL-EP-1664] (1664)
[10-06 17:20:46] INFO: [RL-EP-1665] roll=0.960/0.040/0.000
[10-06 17:20:48] INFO: [RL-EP-1666] (1666)
[10-06 17:20:51] INFO: [RL-EP-1667] (1667)
[10-06 17:20:53] INFO: [RL-EP-1668] (1668)
[10-06 17:20:56] INFO: [RL-EP-1669] (1669)
[10-06 17:20:58] INFO: [RL-EP-1670] roll=0.960/0.040/0.000
[10-06 17:21:01] INFO: [RL-EP-1671] (1671)
[10-06 17:21:04] INFO: [RL-EP-1672] (1672)
[10-06 17:21:06] INFO: [RL-EP-1673] (1673)
[10-06 17:21:09] INFO: [RL-EP-1674] (1674)
[10-06 17:21:11] INFO: [SARL-LOSS] ep=1675 value_loss=0.0262 epsilon=0.0500
[10-06 17:21:11] INFO: [STAT] ep=1675 | roll@25(s/c/t)=1.0/0.0/0.0 (0.98/0.02/0.00) | R.mean=0.5
[10-06 17:21:11] INFO: [METRICS-25] time=16.75s | dfreq=0.000 | ddist=0.000m
[10-06 17:21:12] INFO: [METRICS-PLOT] 3-metrics curve -> /root/bayes-vl-matched-20261006/crowd_nav/runs/bayes-matched-v1/gru-seed42/curves_3metrics.png
[10-06 17:21:12] INFO: [RL-EP-1675] (1675/10000) s/c/t=1/0/0 qloss=0.0000 ploss=0.0000 buf=200000
[10-06 17:21:12] INFO:               cumulative s/c/t%: 98.0%/2.0%/0.0%
[10-06 17:21:12] INFO: [REPLAY-STORE] ok=1675 skip=0 steps=114979 buf=200000
[10-06 17:21:12] INFO: [STAGE0-MONITOR] timeout_ratio=0.000 (target: decrease over time)
[10-06 17:21:12] INFO: ================================================================================
[10-06 17:21:12] INFO: [MULTI-SCALE-1675] TARGET: peak=1.000 stable_90=10ep
[10-06 17:21:12] INFO: [MULTI-SCALE-1675] WINDOWS: short=1.000 med=0.960 long=0.960
[10-06 17:21:12] INFO: [MULTI-SCALE-1675] QUALITY: stability=0.800 learn_rate=0.00000
[10-06 17:21:12] INFO: [ACHIEVEMENT] Stable 90%+ success rate achieved for 10 episodes!
[10-06 17:21:12] INFO: [HEALTH-CHECK-1675] Overall: NEEDS_IMPROVEMENT (score=0.400)
[10-06 17:21:12] INFO: ================================================================================
[10-06 17:21:14] INFO: [RL-EP-1676] (1676)
[10-06 17:21:17] INFO: [RL-EP-1677] (1677)
[10-06 17:21:20] INFO: [RL-EP-1678] (1678)
[10-06 17:21:23] INFO: [RL-EP-1679] (1679)
[10-06 17:21:25] INFO: [RL-EP-1680] roll=0.980/0.020/0.000
[10-06 17:21:28] INFO: [RL-EP-1681] (1681)
[10-06 17:21:30] INFO: [RL-EP-1682] (1682)
[10-06 17:21:33] INFO: [RL-EP-1683] (1683)
[10-06 17:21:36] INFO: [RL-EP-1684] (1684)
[10-06 17:21:38] INFO: [RL-EP-1685] roll=0.980/0.020/0.000
[10-06 17:21:41] INFO: [RL-EP-1686] (1686)
[10-06 17:21:43] INFO: [RL-EP-1687] (1687)
[10-06 17:21:46] INFO: [RL-EP-1688] (1688)
[10-06 17:21:49] INFO: [RL-EP-1689] (1689)
[10-06 17:21:51] INFO: [RL-EP-1690] roll=0.980/0.020/0.000
[10-06 17:21:53] INFO: [RL-EP-1691] (1691)
[10-06 17:21:56] INFO: [RL-EP-1692] (1692)
[10-06 17:21:58] INFO: [RL-EP-1693] (1693)
[10-06 17:22:01] INFO: [RL-EP-1694] (1694)
[10-06 17:22:04] INFO: [RL-EP-1695] roll=0.980/0.020/0.000
[10-06 17:22:07] INFO: [RL-EP-1696] (1696)
[10-06 17:22:09] INFO: [RL-EP-1697] (1697)
[10-06 17:22:12] INFO: [RL-EP-1698] (1698)
[10-06 17:22:14] INFO: [RL-EP-1699] (1699)
[10-06 17:22:14] INFO: [CONFIG-CHECK] ep=1700 updates_per_ep=4 (from config)
[10-06 17:22:14] INFO: [SARL-EPSILON] ep=1700 epsilon=0.0500 (start=0.3, end=0.05, decay=1500)
[10-06 17:22:16] INFO: [SARL-REPLAY] ep=1700 buffer_size=200000 updates=4
[10-06 17:22:16] INFO: [SARL-LOSS] ep=1700 value_loss=0.0245 epsilon=0.0500
[10-06 17:22:16] INFO: [SARL-STATS] ep=1700 buffer_size=200000
[10-06 17:22:16] INFO: [STAT] ep=1700 | roll@25(s/c/t)=1.0/0.0/0.0 (0.98/0.02/0.00) | R.mean=0.5
[10-06 17:22:16] INFO: [METRICS-25] time=16.91s | dfreq=0.000 | ddist=0.000m
[10-06 17:22:17] INFO: [METRICS-PLOT] 3-metrics curve -> /root/bayes-vl-matched-20261006/crowd_nav/runs/bayes-matched-v1/gru-seed42/curves_3metrics.png
[10-06 17:22:17] INFO: [RL-EP-1700] (1700/10000) s/c/t=1/0/0 qloss=0.0000 ploss=0.0000 buf=200000
[10-06 17:22:17] INFO:               cumulative s/c/t%: 98.0%/2.0%/0.0%
[10-06 17:22:17] INFO: [REPLAY-STORE] ok=1700 skip=0 steps=116644 buf=200000
[10-06 17:22:17] INFO: [STAGE0-MONITOR] timeout_ratio=0.000 (target: decrease over time)
[10-06 17:22:17] INFO: [SOT-1700] REWARD succ=1.0/coll=-0.50 | GRID 5×16=80 | EVENTS s=0.98/c=0.02/t=0.00
[10-06 17:22:17] INFO: ================================================================================
[10-06 17:22:17] INFO: [MULTI-SCALE-1700] TARGET: peak=1.000 stable_90=10ep
[10-06 17:22:17] INFO: [MULTI-SCALE-1700] WINDOWS: short=1.000 med=1.000 long=0.970
[10-06 17:22:17] INFO: [MULTI-SCALE-1700] QUALITY: stability=0.800 learn_rate=0.00000
[10-06 17:22:17] INFO: [ACHIEVEMENT] Stable 90%+ success rate achieved for 10 episodes!
[10-06 17:22:17] INFO: [HEALTH-CHECK-1700] Overall: NEEDS_IMPROVEMENT (score=0.400)
[10-06 17:22:17] INFO: ================================================================================
[10-06 17:22:19] INFO: [RL-EP-1701] (1701)
[10-06 17:22:22] INFO: [RL-EP-1702] (1702)
[10-06 17:22:24] INFO: [RL-EP-1703] (1703)
[10-06 17:22:26] INFO: [RL-EP-1704] (1704)
[10-06 17:22:29] INFO: [RL-EP-1705] roll=0.980/0.020/0.000
[10-06 17:22:31] INFO: [RL-EP-1706] (1706)
[10-06 17:22:34] INFO: [RL-EP-1707] (1707)
[10-06 17:22:36] INFO: [RL-EP-1708] (1708)
[10-06 17:22:39] INFO: [RL-EP-1709] (1709)
[10-06 17:22:42] INFO: [RL-EP-1710] roll=0.980/0.020/0.000
[10-06 17:22:44] INFO: [RL-EP-1711] (1711)
[10-06 17:22:46] INFO: [RL-EP-1712] (1712)
[10-06 17:22:49] INFO: [RL-EP-1713] (1713)
[10-06 17:22:51] INFO: [RL-EP-1714] (1714)
[10-06 17:22:53] INFO: [RL-EP-1715] roll=0.980/0.020/0.000
[10-06 17:22:56] INFO: [RL-EP-1716] (1716)
[10-06 17:22:58] INFO: [RL-EP-1717] (1717)
[10-06 17:23:01] INFO: [RL-EP-1718] (1718)
[10-06 17:23:03] INFO: [RL-EP-1719] (1719)
[10-06 17:23:06] INFO: [RL-EP-1720] roll=0.980/0.020/0.000
[10-06 17:23:08] INFO: [RL-EP-1721] (1721)
[10-06 17:23:11] INFO: [RL-EP-1722] (1722)
[10-06 17:23:14] INFO: [RL-EP-1723] (1723)
[10-06 17:23:16] INFO: [RL-EP-1724] (1724)
[10-06 17:23:19] INFO: [SARL-LOSS] ep=1725 value_loss=0.0245 epsilon=0.0500
[10-06 17:23:19] INFO: [STAT] ep=1725 | roll@25(s/c/t)=1.0/0.0/0.0 (0.98/0.02/0.00) | R.mean=0.5
[10-06 17:23:19] INFO: [METRICS-25] time=16.12s | dfreq=0.000 | ddist=0.000m
[10-06 17:23:19] INFO: [METRICS-PLOT] 3-metrics curve -> /root/bayes-vl-matched-20261006/crowd_nav/runs/bayes-matched-v1/gru-seed42/curves_3metrics.png
[10-06 17:23:19] INFO: [RL-EP-1725] (1725/10000) s/c/t=1/0/0 qloss=0.0000 ploss=0.0000 buf=200000
[10-06 17:23:19] INFO:               cumulative s/c/t%: 98.0%/2.0%/0.0%
[10-06 17:23:19] INFO: [REPLAY-STORE] ok=1725 skip=0 steps=118204 buf=200000
[10-06 17:23:19] INFO: [STAGE0-MONITOR] timeout_ratio=0.000 (target: decrease over time)
[10-06 17:23:19] INFO: ================================================================================
[10-06 17:23:19] INFO: [MULTI-SCALE-1725] TARGET: peak=1.000 stable_90=10ep
[10-06 17:23:19] INFO: [MULTI-SCALE-1725] WINDOWS: short=1.000 med=0.960 long=0.980
[10-06 17:23:19] INFO: [MULTI-SCALE-1725] QUALITY: stability=0.800 learn_rate=0.00000
[10-06 17:23:19] INFO: [ACHIEVEMENT] Stable 90%+ success rate achieved for 10 episodes!
[10-06 17:23:19] INFO: [HEALTH-CHECK-1725] Overall: NEEDS_IMPROVEMENT (score=0.400)
[10-06 17:23:19] INFO: ================================================================================
[10-06 17:23:22] INFO: [RL-EP-1726] (1726)
[10-06 17:23:25] INFO: [RL-EP-1727] (1727)
[10-06 17:23:27] INFO: [RL-EP-1728] (1728)
[10-06 17:23:30] INFO: [RL-EP-1729] (1729)
[10-06 17:23:33] INFO: [RL-EP-1730] roll=0.980/0.020/0.000
[10-06 17:23:35] INFO: [RL-EP-1731] (1731)
[10-06 17:23:38] INFO: [RL-EP-1732] (1732)
[10-06 17:23:40] INFO: [RL-EP-1733] (1733)
[10-06 17:23:42] INFO: [RL-EP-1734] (1734)
[10-06 17:23:45] INFO: [RL-EP-1735] roll=0.980/0.020/0.000
[10-06 17:23:48] INFO: [RL-EP-1736] (1736)
[10-06 17:23:51] INFO: [RL-EP-1737] (1737)
[10-06 17:23:53] INFO: [RL-EP-1738] (1738)
[10-06 17:23:55] INFO: [RL-EP-1739] (1739)
[10-06 17:23:58] INFO: [RL-EP-1740] roll=0.980/0.020/0.000
[10-06 17:24:00] INFO: [RL-EP-1741] (1741)
[10-06 17:24:03] INFO: [RL-EP-1742] (1742)
[10-06 17:24:06] INFO: [RL-EP-1743] (1743)
[10-06 17:24:08] INFO: [RL-EP-1744] (1744)
[10-06 17:24:11] INFO: [RL-EP-1745] roll=0.980/0.020/0.000
[10-06 17:24:13] INFO: [RL-EP-1746] (1746)
[10-06 17:24:16] INFO: [RL-EP-1747] (1747)
[10-06 17:24:19] INFO: [RL-EP-1748] (1748)
[10-06 17:24:21] INFO: [RL-EP-1749] (1749)
[10-06 17:24:21] INFO: [CONFIG-CHECK] ep=1750 updates_per_ep=4 (from config)
[10-06 17:24:24] INFO: [SARL-LOSS] ep=1750 value_loss=0.0231 epsilon=0.0500
[10-06 17:24:24] INFO: [STAT] ep=1750 | roll@25(s/c/t)=1.0/0.0/0.0 (0.98/0.02/0.00) | R.mean=0.5
[10-06 17:24:24] INFO: [METRICS-25] time=16.02s | dfreq=0.000 | ddist=0.000m
[10-06 17:24:24] INFO: [METRICS-PLOT] 3-metrics curve -> /root/bayes-vl-matched-20261006/crowd_nav/runs/bayes-matched-v1/gru-seed42/curves_3metrics.png
[10-06 17:24:24] INFO: [RL-EP-1750] (1750/10000) s/c/t=1/0/0 qloss=0.0000 ploss=0.0000 buf=200000
[10-06 17:24:24] INFO:               cumulative s/c/t%: 98.0%/2.0%/0.0%
[10-06 17:24:24] INFO: [REPLAY-STORE] ok=1750 skip=0 steps=119849 buf=200000
[10-06 17:24:24] INFO: [STAGE0-MONITOR] timeout_ratio=0.000 (target: decrease over time)
[10-06 17:24:24] INFO: ================================================================================
[10-06 17:24:24] INFO: [MULTI-SCALE-1750] TARGET: peak=1.000 stable_90=10ep
[10-06 17:24:24] INFO: [MULTI-SCALE-1750] WINDOWS: short=1.000 med=1.000 long=0.980
[10-06 17:24:24] INFO: [MULTI-SCALE-1750] QUALITY: stability=0.800 learn_rate=0.00000
[10-06 17:24:24] INFO: [ACHIEVEMENT] Stable 90%+ success rate achieved for 10 episodes!
[10-06 17:24:24] INFO: [HEALTH-CHECK-1750] Overall: NEEDS_IMPROVEMENT (score=0.400)
[10-06 17:24:24] INFO: ================================================================================
[10-06 17:24:26] INFO: [RL-EP-1751] (1751)
[10-06 17:24:29] INFO: [RL-EP-1752] (1752)
[10-06 17:24:32] INFO: [RL-EP-1753] (1753)
[10-06 17:24:34] INFO: [RL-EP-1754] (1754)
[10-06 17:24:37] INFO: [RL-EP-1755] roll=1.000/0.000/0.000
[10-06 17:24:39] INFO: [RL-EP-1756] (1756)
[10-06 17:24:41] INFO: [RL-EP-1757] (1757)
[10-06 17:24:44] INFO: [RL-EP-1758] (1758)
[10-06 17:24:46] INFO: [RL-EP-1759] (1759)
[10-06 17:24:50] INFO: [RL-EP-1760] roll=1.000/0.000/0.000
[10-06 17:24:53] INFO: [RL-EP-1761] (1761)
[10-06 17:24:55] INFO: [RL-EP-1762] (1762)
[10-06 17:24:59] INFO: [RL-EP-1763] (1763)
[10-06 17:25:00] INFO: [RL-EP-1764] (1764)
[10-06 17:25:03] INFO: [RL-EP-1765] roll=0.980/0.020/0.000
[10-06 17:25:05] INFO: [RL-EP-1766] (1766)
[10-06 17:25:08] INFO: [RL-EP-1767] (1767)
[10-06 17:25:10] INFO: [RL-EP-1768] (1768)
[10-06 17:25:13] INFO: [RL-EP-1769] (1769)
[10-06 17:25:16] INFO: [RL-EP-1770] roll=0.980/0.020/0.000
[10-06 17:25:19] INFO: [RL-EP-1771] (1771)
[10-06 17:25:21] INFO: [RL-EP-1772] (1772)
[10-06 17:25:24] INFO: [RL-EP-1773] (1773)
[10-06 17:25:26] INFO: [RL-EP-1774] (1774)
[10-06 17:25:29] INFO: [SARL-LOSS] ep=1775 value_loss=0.0236 epsilon=0.0500
[10-06 17:25:29] INFO: [STAT] ep=1775 | roll@25(s/c/t)=1.0/0.0/0.0 (0.98/0.02/0.00) | R.mean=0.5
[10-06 17:25:29] INFO: [METRICS-25] time=16.54s | dfreq=0.000 | ddist=0.000m
[10-06 17:25:29] INFO: [METRICS-PLOT] 3-metrics curve -> /root/bayes-vl-matched-20261006/crowd_nav/runs/bayes-matched-v1/gru-seed42/curves_3metrics.png
[10-06 17:25:29] INFO: [RL-EP-1775] (1775/10000) s/c/t=1/0/0 qloss=0.0000 ploss=0.0000 buf=200000
[10-06 17:25:29] INFO:               cumulative s/c/t%: 98.0%/2.0%/0.0%
[10-06 17:25:29] INFO: [REPLAY-STORE] ok=1775 skip=0 steps=121511 buf=200000
[10-06 17:25:29] INFO: [STAGE0-MONITOR] timeout_ratio=0.000 (target: decrease over time)
[10-06 17:25:29] INFO: ================================================================================
[10-06 17:25:29] INFO: [MULTI-SCALE-1775] TARGET: peak=1.000 stable_90=10ep
[10-06 17:25:29] INFO: [MULTI-SCALE-1775] WINDOWS: short=1.000 med=0.960 long=0.980
[10-06 17:25:29] INFO: [MULTI-SCALE-1775] QUALITY: stability=0.800 learn_rate=0.00000
[10-06 17:25:29] INFO: [ACHIEVEMENT] Stable 90%+ success rate achieved for 10 episodes!
[10-06 17:25:29] INFO: [HEALTH-CHECK-1775] Overall: NEEDS_IMPROVEMENT (score=0.400)
[10-06 17:25:29] INFO: ================================================================================
[10-06 17:25:32] INFO: [RL-EP-1776] (1776)
[10-06 17:25:34] INFO: [RL-EP-1777] (1777)
[10-06 17:25:36] INFO: [RL-EP-1778] (1778)
[10-06 17:25:39] INFO: [RL-EP-1779] (1779)
[10-06 17:25:42] INFO: [RL-EP-1780] roll=0.980/0.020/0.000
[10-06 17:25:44] INFO: [RL-EP-1781] (1781)
[10-06 17:25:48] INFO: [RL-EP-1782] (1782)
[10-06 17:25:50] INFO: [RL-EP-1783] (1783)
[10-06 17:25:53] INFO: [RL-EP-1784] (1784)
[10-06 17:25:56] INFO: [RL-EP-1785] roll=0.980/0.020/0.000
[10-06 17:25:59] INFO: [RL-EP-1786] (1786)
[10-06 17:26:01] INFO: [RL-EP-1787] (1787)
[10-06 17:26:04] INFO: [RL-EP-1788] (1788)
[10-06 17:26:07] INFO: [RL-EP-1789] (1789)
[10-06 17:26:09] INFO: [RL-EP-1790] roll=0.980/0.020/0.000
[10-06 17:26:12] INFO: [RL-EP-1791] (1791)
[10-06 17:26:14] INFO: [RL-EP-1792] (1792)
[10-06 17:26:17] INFO: [RL-EP-1793] (1793)
[10-06 17:26:20] INFO: [RL-EP-1794] (1794)
[10-06 17:26:22] INFO: [RL-EP-1795] roll=0.980/0.020/0.000
[10-06 17:26:25] INFO: [RL-EP-1796] (1796)
[10-06 17:26:27] INFO: [RL-EP-1797] (1797)
[10-06 17:26:30] INFO: [RL-EP-1798] (1798)
[10-06 17:26:32] INFO: [RL-EP-1799] (1799)
[10-06 17:26:32] INFO: [CONFIG-CHECK] ep=1800 updates_per_ep=4 (from config)
[10-06 17:26:32] INFO: [SARL-EPSILON] ep=1800 epsilon=0.0500 (start=0.3, end=0.05, decay=1500)
[10-06 17:26:34] INFO: [SARL-REPLAY] ep=1800 buffer_size=200000 updates=4
[10-06 17:26:34] INFO: [SARL-LOSS] ep=1800 value_loss=0.0298 epsilon=0.0500
[10-06 17:26:34] INFO: [SARL-STATS] ep=1800 buffer_size=200000
[10-06 17:26:34] INFO: [STAT] ep=1800 | roll@25(s/c/t)=1.0/0.0/0.0 (0.98/0.02/0.00) | R.mean=0.5
[10-06 17:26:34] INFO: [METRICS-25] time=16.86s | dfreq=0.000 | ddist=0.000m
[10-06 17:26:35] INFO: [METRICS-PLOT] 3-metrics curve -> /root/bayes-vl-matched-20261006/crowd_nav/runs/bayes-matched-v1/gru-seed42/curves_3metrics.png
[10-06 17:26:35] INFO: [RL-EP-1800] (1800/10000) s/c/t=1/0/0 qloss=0.0000 ploss=0.0000 buf=200000
[10-06 17:26:35] INFO:               cumulative s/c/t%: 98.0%/2.0%/0.0%
[10-06 17:26:35] INFO: [REPLAY-STORE] ok=1800 skip=0 steps=123221 buf=200000
[10-06 17:26:35] INFO: [STAGE0-MONITOR] timeout_ratio=0.000 (target: decrease over time)
[10-06 17:26:35] INFO: [SOT-1800] REWARD succ=1.0/coll=-0.50 | GRID 5×16=80 | EVENTS s=0.98/c=0.02/t=0.00
[10-06 17:26:35] INFO: ================================================================================
[10-06 17:26:35] INFO: [MULTI-SCALE-1800] TARGET: peak=1.000 stable_90=10ep
[10-06 17:26:35] INFO: [MULTI-SCALE-1800] WINDOWS: short=1.000 med=1.000 long=0.980
[10-06 17:26:35] INFO: [MULTI-SCALE-1800] QUALITY: stability=0.800 learn_rate=0.00000
[10-06 17:26:35] INFO: [ACHIEVEMENT] Stable 90%+ success rate achieved for 10 episodes!
[10-06 17:26:35] INFO: [HEALTH-CHECK-1800] Overall: NEEDS_IMPROVEMENT (score=0.400)
[10-06 17:26:35] INFO: ================================================================================
[10-06 17:26:38] INFO: [RL-EP-1801] (1801)
[10-06 17:26:40] INFO: [RL-EP-1802] (1802)
[10-06 17:26:42] INFO: [RL-EP-1803] (1803)
[10-06 17:26:45] INFO: [RL-EP-1804] (1804)
[10-06 17:26:48] INFO: [RL-EP-1805] roll=0.980/0.020/0.000
[10-06 17:26:50] INFO: [RL-EP-1806] (1806)
[10-06 17:26:53] INFO: [RL-EP-1807] (1807)
[10-06 17:26:55] INFO: [RL-EP-1808] (1808)
[10-06 17:26:58] INFO: [RL-EP-1809] (1809)
[10-06 17:27:00] INFO: [RL-EP-1810] roll=0.980/0.020/0.000
[10-06 17:27:03] INFO: [RL-EP-1811] (1811)
[10-06 17:27:05] INFO: [RL-EP-1812] (1812)
[10-06 17:27:08] INFO: [RL-EP-1813] (1813)
[10-06 17:27:11] INFO: [RL-EP-1814] (1814)
[10-06 17:27:13] INFO: [RL-EP-1815] roll=1.000/0.000/0.000
[10-06 17:27:16] INFO: [RL-EP-1816] (1816)
[10-06 17:27:18] INFO: [RL-EP-1817] (1817)
[10-06 17:27:20] INFO: [RL-EP-1818] (1818)
[10-06 17:27:23] INFO: [RL-EP-1819] (1819)
[10-06 17:27:26] INFO: [RL-EP-1820] roll=1.000/0.000/0.000
[10-06 17:27:28] INFO: [RL-EP-1821] (1821)
[10-06 17:27:30] INFO: [RL-EP-1822] (1822)
[10-06 17:27:33] INFO: [RL-EP-1823] (1823)
[10-06 17:27:36] INFO: [RL-EP-1824] (1824)
[10-06 17:27:39] INFO: [SARL-LOSS] ep=1825 value_loss=0.0239 epsilon=0.0500
[10-06 17:27:39] INFO: [STAT] ep=1825 | roll@25(s/c/t)=1.0/0.0/0.0 (1.00/0.00/0.00) | R.mean=0.5
[10-06 17:27:39] INFO: [METRICS-25] time=16.71s | dfreq=0.000 | ddist=0.000m
[10-06 17:27:39] INFO: [METRICS-PLOT] 3-metrics curve -> /root/bayes-vl-matched-20261006/crowd_nav/runs/bayes-matched-v1/gru-seed42/curves_3metrics.png
[10-06 17:27:39] INFO: [RL-EP-1825] (1825/10000) s/c/t=1/0/0 qloss=0.0000 ploss=0.0000 buf=200000
[10-06 17:27:39] INFO:               cumulative s/c/t%: 100.0%/0.0%/0.0%
[10-06 17:27:39] INFO: [REPLAY-STORE] ok=1825 skip=0 steps=124853 buf=200000
[10-06 17:27:39] INFO: [STAGE0-MONITOR] timeout_ratio=0.000 (target: decrease over time)
[10-06 17:27:39] INFO: ================================================================================
[10-06 17:27:39] INFO: [MULTI-SCALE-1825] TARGET: peak=1.000 stable_90=10ep
[10-06 17:27:39] INFO: [MULTI-SCALE-1825] WINDOWS: short=1.000 med=1.000 long=0.990
[10-06 17:27:39] INFO: [MULTI-SCALE-1825] QUALITY: stability=0.800 learn_rate=0.00000
[10-06 17:27:39] INFO: [ACHIEVEMENT] Stable 90%+ success rate achieved for 10 episodes!
[10-06 17:27:39] INFO: [HEALTH-CHECK-1825] Overall: NEEDS_IMPROVEMENT (score=0.400)
[10-06 17:27:39] INFO: ================================================================================
[10-06 17:27:42] INFO: [RL-EP-1826] (1826)
[10-06 17:27:44] INFO: [RL-EP-1827] (1827)
[10-06 17:27:47] INFO: [RL-EP-1828] (1828)
[10-06 17:27:49] INFO: [RL-EP-1829] (1829)
[10-06 17:27:51] INFO: [RL-EP-1830] roll=1.000/0.000/0.000
[10-06 17:27:54] INFO: [RL-EP-1831] (1831)
[10-06 17:27:56] INFO: [RL-EP-1832] (1832)
[10-06 17:27:58] INFO: [RL-EP-1833] (1833)
[10-06 17:28:01] INFO: [RL-EP-1834] (1834)
[10-06 17:28:03] INFO: [RL-EP-1835] roll=0.980/0.020/0.000
[10-06 17:28:06] INFO: [RL-EP-1836] (1836)
[10-06 17:28:08] INFO: [RL-EP-1837] (1837)
[10-06 17:28:11] INFO: [RL-EP-1838] (1838)
[10-06 17:28:13] INFO: [RL-EP-1839] (1839)
[10-06 17:28:16] INFO: [RL-EP-1840] roll=0.980/0.020/0.000
[10-06 17:28:18] INFO: [RL-EP-1841] (1841)
[10-06 17:28:21] INFO: [RL-EP-1842] (1842)
[10-06 17:28:24] INFO: [RL-EP-1843] (1843)
[10-06 17:28:26] INFO: [RL-EP-1844] (1844)
[10-06 17:28:28] INFO: [RL-EP-1845] roll=0.980/0.020/0.000
[10-06 17:28:31] INFO: [RL-EP-1846] (1846)
[10-06 17:28:33] INFO: [RL-EP-1847] (1847)
[10-06 17:28:35] INFO: [RL-EP-1848] (1848)
[10-06 17:28:38] INFO: [RL-EP-1849] (1849)
[10-06 17:28:38] INFO: [CONFIG-CHECK] ep=1850 updates_per_ep=4 (from config)
[10-06 17:28:41] INFO: [SARL-LOSS] ep=1850 value_loss=0.0285 epsilon=0.0500
[10-06 17:28:41] INFO: [STAT] ep=1850 | roll@25(s/c/t)=1.0/0.0/0.0 (0.98/0.02/0.00) | R.mean=0.5
[10-06 17:28:41] INFO: [METRICS-25] time=15.78s | dfreq=0.000 | ddist=0.000m
[10-06 17:28:41] INFO: [METRICS-PLOT] 3-metrics curve -> /root/bayes-vl-matched-20261006/crowd_nav/runs/bayes-matched-v1/gru-seed42/curves_3metrics.png
[10-06 17:28:41] INFO: [RL-EP-1850] (1850/10000) s/c/t=1/0/0 qloss=0.0000 ploss=0.0000 buf=200000
[10-06 17:28:41] INFO:               cumulative s/c/t%: 98.0%/2.0%/0.0%
[10-06 17:28:41] INFO: [REPLAY-STORE] ok=1850 skip=0 steps=126377 buf=200000
[10-06 17:28:41] INFO: [STAGE0-MONITOR] timeout_ratio=0.000 (target: decrease over time)
[10-06 17:28:41] INFO: ================================================================================
[10-06 17:28:41] INFO: [MULTI-SCALE-1850] TARGET: peak=1.000 stable_90=10ep
[10-06 17:28:41] INFO: [MULTI-SCALE-1850] WINDOWS: short=1.000 med=0.960 long=0.980
[10-06 17:28:41] INFO: [MULTI-SCALE-1850] QUALITY: stability=0.800 learn_rate=0.00000
[10-06 17:28:41] INFO: [ACHIEVEMENT] Stable 90%+ success rate achieved for 10 episodes!
[10-06 17:28:41] INFO: [HEALTH-CHECK-1850] Overall: NEEDS_IMPROVEMENT (score=0.400)
[10-06 17:28:41] INFO: ================================================================================
[10-06 17:28:43] INFO: [RL-EP-1851] (1851)
[10-06 17:28:46] INFO: [RL-EP-1852] (1852)
[10-06 17:28:48] INFO: [RL-EP-1853] (1853)
[10-06 17:28:51] INFO: [RL-EP-1854] (1854)
[10-06 17:28:53] INFO: [RL-EP-1855] roll=0.980/0.020/0.000
[10-06 17:28:56] INFO: [RL-EP-1856] (1856)
[10-06 17:28:58] INFO: [RL-EP-1857] (1857)
[10-06 17:29:01] INFO: [RL-EP-1858] (1858)
[10-06 17:29:03] INFO: [RL-EP-1859] (1859)
[10-06 17:29:06] INFO: [RL-EP-1860] roll=0.980/0.020/0.000
[10-06 17:29:09] INFO: [RL-EP-1861] (1861)
[10-06 17:29:12] INFO: [RL-EP-1862] (1862)
[10-06 17:29:13] INFO: [RL-EP-1863] (1863)
[10-06 17:29:15] INFO: [RL-EP-1864] (1864)
[10-06 17:29:18] INFO: [RL-EP-1865] roll=0.960/0.040/0.000
[10-06 17:29:20] INFO: [RL-EP-1866] (1866)
[10-06 17:29:23] INFO: [RL-EP-1867] (1867)
[10-06 17:29:26] INFO: [RL-EP-1868] (1868)
[10-06 17:29:28] INFO: [RL-EP-1869] (1869)
[10-06 17:29:30] INFO: [RL-EP-1870] roll=0.960/0.040/0.000
[10-06 17:29:33] INFO: [RL-EP-1871] (1871)
[10-06 17:29:35] INFO: [RL-EP-1872] (1872)
[10-06 17:29:38] INFO: [RL-EP-1873] (1873)
[10-06 17:29:40] INFO: [RL-EP-1874] (1874)
[10-06 17:29:42] INFO: [SARL-LOSS] ep=1875 value_loss=0.0231 epsilon=0.0500
[10-06 17:29:42] INFO: [STAT] ep=1875 | roll@25(s/c/t)=1.0/0.0/0.0 (0.96/0.04/0.00) | R.mean=0.5
[10-06 17:29:42] INFO: [METRICS-25] time=15.30s | dfreq=0.000 | ddist=0.000m
[10-06 17:29:43] INFO: [METRICS-PLOT] 3-metrics curve -> /root/bayes-vl-matched-20261006/crowd_nav/runs/bayes-matched-v1/gru-seed42/curves_3metrics.png
[10-06 17:29:43] INFO: [RL-EP-1875] (1875/10000) s/c/t=1/0/0 qloss=0.0000 ploss=0.0000 buf=200000
[10-06 17:29:43] INFO:               cumulative s/c/t%: 96.0%/4.0%/0.0%
[10-06 17:29:43] INFO: [REPLAY-STORE] ok=1875 skip=0 steps=127913 buf=200000
[10-06 17:29:43] INFO: [STAGE0-MONITOR] timeout_ratio=0.000 (target: decrease over time)
[10-06 17:29:43] INFO: ================================================================================
[10-06 17:29:43] INFO: [MULTI-SCALE-1875] TARGET: peak=1.000 stable_90=10ep
[10-06 17:29:43] INFO: [MULTI-SCALE-1875] WINDOWS: short=1.000 med=0.960 long=0.980
[10-06 17:29:43] INFO: [MULTI-SCALE-1875] QUALITY: stability=0.800 learn_rate=0.00000
[10-06 17:29:43] INFO: [ACHIEVEMENT] Stable 90%+ success rate achieved for 10 episodes!
[10-06 17:29:43] INFO: [HEALTH-CHECK-1875] Overall: NEEDS_IMPROVEMENT (score=0.400)
[10-06 17:29:43] INFO: ================================================================================
[10-06 17:29:46] INFO: [RL-EP-1876] (1876)
[10-06 17:29:49] INFO: [RL-EP-1877] (1877)
[10-06 17:29:51] INFO: [RL-EP-1878] (1878)
[10-06 17:29:54] INFO: [RL-EP-1879] (1879)
[10-06 17:29:56] INFO: [RL-EP-1880] roll=0.960/0.040/0.000
[10-06 17:29:59] INFO: [RL-EP-1881] (1881)
[10-06 17:30:02] INFO: [RL-EP-1882] (1882)
[10-06 17:30:04] INFO: [RL-EP-1883] (1883)
[10-06 17:30:07] INFO: [RL-EP-1884] (1884)
[10-06 17:30:09] INFO: [RL-EP-1885] roll=0.980/0.020/0.000
[10-06 17:30:12] INFO: [RL-EP-1886] (1886)
[10-06 17:30:14] INFO: [RL-EP-1887] (1887)
[10-06 17:30:17] INFO: [RL-EP-1888] (1888)
[10-06 17:30:20] INFO: [RL-EP-1889] (1889)
[10-06 17:30:22] INFO: [RL-EP-1890] roll=0.980/0.020/0.000
[10-06 17:30:25] INFO: [RL-EP-1891] (1891)
[10-06 17:30:28] INFO: [RL-EP-1892] (1892)
[10-06 17:30:30] INFO: [RL-EP-1893] (1893)
[10-06 17:30:33] INFO: [RL-EP-1894] (1894)
[10-06 17:30:35] INFO: [RL-EP-1895] roll=0.980/0.020/0.000
[10-06 17:30:38] INFO: [RL-EP-1896] (1896)
[10-06 17:30:40] INFO: [RL-EP-1897] (1897)
[10-06 17:30:43] INFO: [RL-EP-1898] (1898)
[10-06 17:30:46] INFO: [RL-EP-1899] (1899)
[10-06 17:30:46] INFO: [CONFIG-CHECK] ep=1900 updates_per_ep=4 (from config)
[10-06 17:30:46] INFO: [SARL-EPSILON] ep=1900 epsilon=0.0500 (start=0.3, end=0.05, decay=1500)
[10-06 17:30:48] INFO: [SARL-REPLAY] ep=1900 buffer_size=200000 updates=4
[10-06 17:30:48] INFO: [SARL-LOSS] ep=1900 value_loss=0.0258 epsilon=0.0500
[10-06 17:30:48] INFO: [SARL-STATS] ep=1900 buffer_size=200000
[10-06 17:30:48] INFO: [STAT] ep=1900 | roll@25(s/c/t)=1.0/0.0/0.0 (0.98/0.02/0.00) | R.mean=0.5
[10-06 17:30:48] INFO: [METRICS-25] time=16.10s | dfreq=0.000 | ddist=0.000m
[10-06 17:30:49] INFO: [METRICS-PLOT] 3-metrics curve -> /root/bayes-vl-matched-20261006/crowd_nav/runs/bayes-matched-v1/gru-seed42/curves_3metrics.png
[10-06 17:30:49] INFO: [RL-EP-1900] (1900/10000) s/c/t=1/0/0 qloss=0.0000 ploss=0.0000 buf=200000
[10-06 17:30:49] INFO:               cumulative s/c/t%: 98.0%/2.0%/0.0%
[10-06 17:30:49] INFO: [REPLAY-STORE] ok=1900 skip=0 steps=129597 buf=200000
[10-06 17:30:49] INFO: [STAGE0-MONITOR] timeout_ratio=0.000 (target: decrease over time)
[10-06 17:30:49] INFO: [SOT-1900] REWARD succ=1.0/coll=-0.50 | GRID 5×16=80 | EVENTS s=0.98/c=0.02/t=0.00
[10-06 17:30:49] INFO: ================================================================================
[10-06 17:30:49] INFO: [MULTI-SCALE-1900] TARGET: peak=1.000 stable_90=10ep
[10-06 17:30:49] INFO: [MULTI-SCALE-1900] WINDOWS: short=1.000 med=1.000 long=0.980
[10-06 17:30:49] INFO: [MULTI-SCALE-1900] QUALITY: stability=0.800 learn_rate=0.00000
[10-06 17:30:49] INFO: [ACHIEVEMENT] Stable 90%+ success rate achieved for 10 episodes!
[10-06 17:30:49] INFO: [HEALTH-CHECK-1900] Overall: NEEDS_IMPROVEMENT (score=0.400)
[10-06 17:30:49] INFO: ================================================================================
[10-06 17:30:51] INFO: [RL-EP-1901] (1901)
[10-06 17:30:54] INFO: [RL-EP-1902] (1902)
[10-06 17:30:57] INFO: [RL-EP-1903] (1903)
[10-06 17:30:59] INFO: [RL-EP-1904] (1904)
[10-06 17:31:02] INFO: [RL-EP-1905] roll=0.980/0.020/0.000
[10-06 17:31:04] INFO: [RL-EP-1906] (1906)
[10-06 17:31:07] INFO: [RL-EP-1907] (1907)
[10-06 17:31:10] INFO: [RL-EP-1908] (1908)
[10-06 17:31:12] INFO: [RL-EP-1909] (1909)
[10-06 17:31:15] INFO: [RL-EP-1910] roll=0.980/0.020/0.000
[10-06 17:31:18] INFO: [RL-EP-1911] (1911)
[10-06 17:31:20] INFO: [RL-EP-1912] (1912)
[10-06 17:31:23] INFO: [RL-EP-1913] (1913)
[10-06 17:31:25] INFO: [RL-EP-1914] (1914)
[10-06 17:31:27] INFO: [RL-EP-1915] roll=1.000/0.000/0.000
[10-06 17:31:30] INFO: [RL-EP-1916] (1916)
[10-06 17:31:33] INFO: [RL-EP-1917] (1917)
[10-06 17:31:35] INFO: [RL-EP-1918] (1918)
[10-06 17:31:38] INFO: [RL-EP-1919] (1919)
[10-06 17:31:40] INFO: [RL-EP-1920] roll=1.000/0.000/0.000
[10-06 17:31:43] INFO: [RL-EP-1921] (1921)
[10-06 17:31:45] INFO: [RL-EP-1922] (1922)
[10-06 17:31:48] INFO: [RL-EP-1923] (1923)
[10-06 17:31:50] INFO: [RL-EP-1924] (1924)
[10-06 17:31:52] INFO: [SARL-LOSS] ep=1925 value_loss=0.0230 epsilon=0.0500
[10-06 17:31:52] INFO: [STAT] ep=1925 | roll@25(s/c/t)=1.0/0.0/0.0 (1.00/0.00/0.00) | R.mean=0.5
[10-06 17:31:52] INFO: [METRICS-25] time=16.52s | dfreq=0.000 | ddist=0.000m
[10-06 17:31:53] INFO: [METRICS-PLOT] 3-metrics curve -> /root/bayes-vl-matched-20261006/crowd_nav/runs/bayes-matched-v1/gru-seed42/curves_3metrics.png
[10-06 17:31:53] INFO: [RL-EP-1925] (1925/10000) s/c/t=1/0/0 qloss=0.0000 ploss=0.0000 buf=200000
[10-06 17:31:53] INFO:               cumulative s/c/t%: 100.0%/0.0%/0.0%
[10-06 17:31:53] INFO: [REPLAY-STORE] ok=1925 skip=0 steps=131218 buf=200000
[10-06 17:31:53] INFO: [STAGE0-MONITOR] timeout_ratio=0.000 (target: decrease over time)
[10-06 17:31:53] INFO: ================================================================================
[10-06 17:31:53] INFO: [MULTI-SCALE-1925] TARGET: peak=1.000 stable_90=10ep
[10-06 17:31:53] INFO: [MULTI-SCALE-1925] WINDOWS: short=1.000 med=1.000 long=0.980
[10-06 17:31:53] INFO: [MULTI-SCALE-1925] QUALITY: stability=0.800 learn_rate=0.00000
[10-06 17:31:53] INFO: [ACHIEVEMENT] Stable 90%+ success rate achieved for 10 episodes!
[10-06 17:31:53] INFO: [HEALTH-CHECK-1925] Overall: NEEDS_IMPROVEMENT (score=0.400)
[10-06 17:31:53] INFO: ================================================================================
[10-06 17:31:55] INFO: [RL-EP-1926] (1926)
[10-06 17:31:57] INFO: [RL-EP-1927] (1927)
[10-06 17:32:00] INFO: [RL-EP-1928] (1928)
[10-06 17:32:02] INFO: [RL-EP-1929] (1929)
[10-06 17:32:05] INFO: [RL-EP-1930] roll=1.000/0.000/0.000
[10-06 17:32:08] INFO: [RL-EP-1931] (1931)
[10-06 17:32:10] INFO: [RL-EP-1932] (1932)
[10-06 17:32:12] INFO: [RL-EP-1933] (1933)
[10-06 17:32:15] INFO: [RL-EP-1934] (1934)
[10-06 17:32:17] INFO: [RL-EP-1935] roll=1.000/0.000/0.000
[10-06 17:32:20] INFO: [RL-EP-1936] (1936)
[10-06 17:32:22] INFO: [RL-EP-1937] (1937)
[10-06 17:32:25] INFO: [RL-EP-1938] (1938)
[10-06 17:32:27] INFO: [RL-EP-1939] (1939)
[10-06 17:32:30] INFO: [RL-EP-1940] roll=1.000/0.000/0.000
[10-06 17:32:33] INFO: [RL-EP-1941] (1941)
[10-06 17:32:35] INFO: [RL-EP-1942] (1942)
[10-06 17:32:39] INFO: [RL-EP-1943] (1943)
[10-06 17:32:41] INFO: [RL-EP-1944] (1944)
[10-06 17:32:44] INFO: [RL-EP-1945] roll=1.000/0.000/0.000
[10-06 17:32:47] INFO: [RL-EP-1946] (1946)
[10-06 17:32:49] INFO: [RL-EP-1947] (1947)
[10-06 17:32:51] INFO: [RL-EP-1948] (1948)
[10-06 17:32:54] INFO: [RL-EP-1949] (1949)
[10-06 17:32:54] INFO: [CONFIG-CHECK] ep=1950 updates_per_ep=4 (from config)
[10-06 17:32:57] INFO: [SARL-LOSS] ep=1950 value_loss=0.0204 epsilon=0.0500
[10-06 17:32:57] INFO: [STAT] ep=1950 | roll@25(s/c/t)=1.0/0.0/0.0 (1.00/0.00/0.00) | R.mean=0.5
[10-06 17:32:57] INFO: [METRICS-25] time=16.45s | dfreq=0.000 | ddist=0.000m
[10-06 17:32:57] INFO: [METRICS-PLOT] 3-metrics curve -> /root/bayes-vl-matched-20261006/crowd_nav/runs/bayes-matched-v1/gru-seed42/curves_3metrics.png
[10-06 17:32:57] INFO: [RL-EP-1950] (1950/10000) s/c/t=1/0/0 qloss=0.0000 ploss=0.0000 buf=200000
[10-06 17:32:57] INFO:               cumulative s/c/t%: 100.0%/0.0%/0.0%
[10-06 17:32:57] INFO: [REPLAY-STORE] ok=1950 skip=0 steps=132886 buf=200000
[10-06 17:32:57] INFO: [STAGE0-MONITOR] timeout_ratio=0.000 (target: decrease over time)
[10-06 17:32:57] INFO: ================================================================================
[10-06 17:32:57] INFO: [MULTI-SCALE-1950] TARGET: peak=1.000 stable_90=10ep
[10-06 17:32:57] INFO: [MULTI-SCALE-1950] WINDOWS: short=1.000 med=1.000 long=0.990
[10-06 17:32:57] INFO: [MULTI-SCALE-1950] QUALITY: stability=0.800 learn_rate=0.00000
[10-06 17:32:57] INFO: [ACHIEVEMENT] Stable 90%+ success rate achieved for 10 episodes!
[10-06 17:32:57] INFO: [HEALTH-CHECK-1950] Overall: NEEDS_IMPROVEMENT (score=0.400)
[10-06 17:32:57] INFO: ================================================================================
[10-06 17:33:00] INFO: [RL-EP-1951] (1951)
[10-06 17:33:02] INFO: [RL-EP-1952] (1952)
[10-06 17:33:05] INFO: [RL-EP-1953] (1953)
[10-06 17:33:08] INFO: [RL-EP-1954] (1954)
[10-06 17:33:10] INFO: [RL-EP-1955] roll=1.000/0.000/0.000
[10-06 17:33:12] INFO: [RL-EP-1956] (1956)
[10-06 17:33:15] INFO: [RL-EP-1957] (1957)
[10-06 17:33:17] INFO: [RL-EP-1958] (1958)
[10-06 17:33:20] INFO: [RL-EP-1959] (1959)
[10-06 17:33:22] INFO: [RL-EP-1960] roll=1.000/0.000/0.000
[10-06 17:33:24] INFO: [RL-EP-1961] (1961)
[10-06 17:33:27] INFO: [RL-EP-1962] (1962)
[10-06 17:33:30] INFO: [RL-EP-1963] (1963)
[10-06 17:33:32] INFO: [RL-EP-1964] (1964)
[10-06 17:33:35] INFO: [RL-EP-1965] roll=1.000/0.000/0.000
[10-06 17:33:38] INFO: [RL-EP-1966] (1966)
[10-06 17:33:40] INFO: [RL-EP-1967] (1967)
[10-06 17:33:43] INFO: [RL-EP-1968] (1968)
[10-06 17:33:46] INFO: [RL-EP-1969] (1969)
[10-06 17:33:48] INFO: [RL-EP-1970] roll=1.000/0.000/0.000
[10-06 17:33:51] INFO: [RL-EP-1971] (1971)
[10-06 17:33:54] INFO: [RL-EP-1972] (1972)
[10-06 17:33:56] INFO: [RL-EP-1973] (1973)
[10-06 17:33:59] INFO: [RL-EP-1974] (1974)
[10-06 17:34:01] INFO: [SARL-LOSS] ep=1975 value_loss=0.0235 epsilon=0.0500
[10-06 17:34:01] INFO: [STAT] ep=1975 | roll@25(s/c/t)=1.0/0.0/0.0 (1.00/0.00/0.00) | R.mean=0.5
[10-06 17:34:01] INFO: [METRICS-25] time=16.61s | dfreq=0.000 | ddist=0.000m
[10-06 17:34:02] INFO: [METRICS-PLOT] 3-metrics curve -> /root/bayes-vl-matched-20261006/crowd_nav/runs/bayes-matched-v1/gru-seed42/curves_3metrics.png
[10-06 17:34:02] INFO: [RL-EP-1975] (1975/10000) s/c/t=1/0/0 qloss=0.0000 ploss=0.0000 buf=200000
[10-06 17:34:02] INFO:               cumulative s/c/t%: 100.0%/0.0%/0.0%
[10-06 17:34:02] INFO: [REPLAY-STORE] ok=1975 skip=0 steps=134540 buf=200000
[10-06 17:34:02] INFO: [STAGE0-MONITOR] timeout_ratio=0.000 (target: decrease over time)
[10-06 17:34:02] INFO: ================================================================================
[10-06 17:34:02] INFO: [MULTI-SCALE-1975] TARGET: peak=1.000 stable_90=10ep
[10-06 17:34:02] INFO: [MULTI-SCALE-1975] WINDOWS: short=1.000 med=1.000 long=1.000
[10-06 17:34:02] INFO: [MULTI-SCALE-1975] QUALITY: stability=0.800 learn_rate=0.00000
[10-06 17:34:02] INFO: [ACHIEVEMENT] Stable 90%+ success rate achieved for 10 episodes!
[10-06 17:34:02] INFO: [HEALTH-CHECK-1975] Overall: NEEDS_IMPROVEMENT (score=0.400)
[10-06 17:34:02] INFO: ================================================================================
[10-06 17:34:05] INFO: [RL-EP-1976] (1976)
[10-06 17:34:07] INFO: [RL-EP-1977] (1977)
[10-06 17:34:10] INFO: [RL-EP-1978] (1978)
[10-06 17:34:13] INFO: [RL-EP-1979] (1979)
[10-06 17:34:16] INFO: [RL-EP-1980] roll=1.000/0.000/0.000
[10-06 17:34:18] INFO: [RL-EP-1981] (1981)
[10-06 17:34:19] INFO: [RL-EP-1982] (1982)
[10-06 17:34:22] INFO: [RL-EP-1983] (1983)
[10-06 17:34:24] INFO: [RL-EP-1984] (1984)
[10-06 17:34:27] INFO: [RL-EP-1985] roll=0.980/0.020/0.000
[10-06 17:34:29] INFO: [RL-EP-1986] (1986)
[10-06 17:34:31] INFO: [RL-EP-1987] (1987)
[10-06 17:34:34] INFO: [RL-EP-1988] (1988)
[10-06 17:34:36] INFO: [RL-EP-1989] (1989)
[10-06 17:34:39] INFO: [RL-EP-1990] roll=0.980/0.020/0.000
[10-06 17:34:42] INFO: [RL-EP-1991] (1991)
[10-06 17:34:45] INFO: [RL-EP-1992] (1992)
[10-06 17:34:48] INFO: [RL-EP-1993] (1993)
[10-06 17:34:50] INFO: [RL-EP-1994] (1994)
[10-06 17:34:53] INFO: [RL-EP-1995] roll=0.980/0.020/0.000
[10-06 17:34:55] INFO: [RL-EP-1996] (1996)
[10-06 17:34:58] INFO: [RL-EP-1997] (1997)
[10-06 17:35:01] INFO: [RL-EP-1998] (1998)
[10-06 17:35:03] INFO: [RL-EP-1999] (1999)
[10-06 17:35:03] INFO: [CONFIG-CHECK] ep=2000 updates_per_ep=4 (from config)
[10-06 17:35:03] INFO: [SARL-EPSILON] ep=2000 epsilon=0.0500 (start=0.3, end=0.05, decay=1500)
[10-06 17:35:06] INFO: [SARL-REPLAY] ep=2000 buffer_size=200000 updates=4
[10-06 17:35:06] INFO: [SARL-LOSS] ep=2000 value_loss=0.0306 epsilon=0.0500
[10-06 17:35:06] INFO: [SARL-STATS] ep=2000 buffer_size=200000
[10-06 17:35:06] INFO: [STAT] ep=2000 | roll@25(s/c/t)=1.0/0.0/0.0 (0.98/0.02/0.00) | R.mean=0.5
[10-06 17:35:06] INFO: [METRICS-25] time=16.54s | dfreq=0.000 | ddist=0.000m
[10-06 17:35:07] INFO: [METRICS-PLOT] 3-metrics curve -> /root/bayes-vl-matched-20261006/crowd_nav/runs/bayes-matched-v1/gru-seed42/curves_3metrics.png
[10-06 17:35:07] INFO: [RL-EP-2000] (2000/10000) s/c/t=1/0/0 qloss=0.0000 ploss=0.0000 buf=200000
[10-06 17:35:07] INFO:               cumulative s/c/t%: 98.0%/2.0%/0.0%
[10-06 17:35:07] INFO: [REPLAY-STORE] ok=2000 skip=0 steps=136193 buf=200000
[10-06 17:35:07] INFO: [STAGE0-MONITOR] timeout_ratio=0.000 (target: decrease over time)
[10-06 17:35:07] INFO: [SOT-2000] REWARD succ=1.0/coll=-0.50 | GRID 5×16=80 | EVENTS s=0.98/c=0.02/t=0.00
[10-06 17:35:07] INFO: ================================================================================
[10-06 17:35:07] INFO: [MULTI-SCALE-2000] TARGET: peak=1.000 stable_90=10ep
[10-06 17:35:07] INFO: [MULTI-SCALE-2000] WINDOWS: short=1.000 med=0.960 long=0.990
[10-06 17:35:07] INFO: [MULTI-SCALE-2000] QUALITY: stability=0.800 learn_rate=0.00000
[10-06 17:35:07] INFO: [ACHIEVEMENT] Stable 90%+ success rate achieved for 10 episodes!
[10-06 17:35:07] INFO: [HEALTH-CHECK-2000] Overall: NEEDS_IMPROVEMENT (score=0.400)
[10-06 17:35:07] INFO: ================================================================================
[10-06 17:35:07] INFO: [PLOT] curves updated ep=2000
[10-06 17:35:07] INFO: [EVAL] Starting evaluation: ep=2000, ε=0.0, k=50
[10-06 17:36:36] INFO: [EVAL] Completed evaluation: succ=1.000 coll=0.000 timeout=0.000 sum=1.000 nav=15.54
[10-06 17:36:36] INFO: [EVAL-EXTENDED] path_len=10.08m smoothness=0.629 avg_speed=0.65m/s
[10-06 17:36:36] INFO: ================================================================================
[10-06 17:36:36] INFO: [CUMULATIVE-METRICS] Episode 2000: Cumulative average (all 2000 episodes)
[10-06 17:36:36] INFO:   Success: 0.922 (92.2%), Collision: 0.071 (7.1%), Timeout: 0.007 (0.7%)
[10-06 17:36:36] INFO:   Avg Reward: 0.43
[10-06 17:36:36] INFO:   Avg Time Taken: 17.02s
[10-06 17:36:36] INFO:   Avg Discomfort Freq: 0.000
[10-06 17:36:36] INFO:   Avg Discomfort Dist: 0.000m
[10-06 17:36:36] INFO: ================================================================================
[10-06 17:36:36] INFO: [RL-SAVE] sarl checkpoint -> /root/bayes-vl-matched-20261006/crowd_nav/runs/bayes-matched-v1/gru-seed42/rl_model_ep2000.pth
[10-06 17:36:36] INFO: [RL-SAVE] Saved components: policy, target network, optimizer
[10-06 17:36:38] INFO: [RL-EP-2001] (2001)
[10-06 17:36:42] INFO: [RL-EP-2002] (2002)
[10-06 17:36:44] INFO: [RL-EP-2003] (2003)
[10-06 17:36:48] INFO: [RL-EP-2004] (2004)
[10-06 17:36:52] INFO: [RL-EP-2005] roll=0.980/0.020/0.000
[10-06 17:36:56] INFO: [RL-EP-2006] (2006)
[10-06 17:37:00] INFO: [RL-EP-2007] (2007)
[10-06 17:37:04] INFO: [RL-EP-2008] (2008)
[10-06 17:37:08] INFO: [RL-EP-2009] (2009)
[10-06 17:37:12] INFO: [RL-EP-2010] roll=0.980/0.020/0.000
[10-06 17:37:16] INFO: [RL-EP-2011] (2011)
[10-06 17:37:19] INFO: [RL-EP-2012] (2012)
[10-06 17:37:23] INFO: [RL-EP-2013] (2013)
[10-06 17:37:28] INFO: [RL-EP-2014] (2014)
[10-06 17:37:32] INFO: [RL-EP-2015] roll=0.980/0.020/0.000
[10-06 17:37:36] INFO: [RL-EP-2016] (2016)
[10-06 17:37:39] INFO: [RL-EP-2017] (2017)
[10-06 17:37:43] INFO: [RL-EP-2018] (2018)
[10-06 17:37:47] INFO: [RL-EP-2019] (2019)
[10-06 17:37:50] INFO: [RL-EP-2020] roll=0.980/0.020/0.000
[10-06 17:37:54] INFO: [RL-EP-2021] (2021)
[10-06 17:37:57] INFO: [RL-EP-2022] (2022)
[10-06 17:38:02] INFO: [RL-EP-2023] (2023)
[10-06 17:38:05] INFO: [RL-EP-2024] (2024)
[10-06 17:38:09] INFO: [SARL-LOSS] ep=2025 value_loss=0.0252 epsilon=0.0500
[10-06 17:38:09] INFO: [STAT] ep=2025 | roll@25(s/c/t)=1.0/0.0/0.0 (0.98/0.02/0.00) | R.mean=0.5
[10-06 17:38:09] INFO: [METRICS-25] time=16.93s | dfreq=0.000 | ddist=0.000m
[10-06 17:38:09] INFO: [METRICS-PLOT] 3-metrics curve -> /root/bayes-vl-matched-20261006/crowd_nav/runs/bayes-matched-v1/gru-seed42/curves_3metrics.png
[10-06 17:38:09] INFO: [RL-EP-2025] (2025/10000) s/c/t=1/0/0 qloss=0.0000 ploss=0.0000 buf=200000
[10-06 17:38:09] INFO:               cumulative s/c/t%: 98.0%/2.0%/0.0%
[10-06 17:38:09] INFO: [REPLAY-STORE] ok=2025 skip=0 steps=137927 buf=200000
[10-06 17:38:09] INFO: [STAGE0-MONITOR] timeout_ratio=0.000 (target: decrease over time)
[10-06 17:38:09] INFO: ================================================================================
[10-06 17:38:09] INFO: [MULTI-SCALE-2025] TARGET: peak=1.000 stable_90=10ep
[10-06 17:38:09] INFO: [MULTI-SCALE-2025] WINDOWS: short=1.000 med=1.000 long=0.990
[10-06 17:38:09] INFO: [MULTI-SCALE-2025] QUALITY: stability=0.800 learn_rate=0.00000
[10-06 17:38:09] INFO: [ACHIEVEMENT] Stable 90%+ success rate achieved for 10 episodes!
[10-06 17:38:09] INFO: [HEALTH-CHECK-2025] Overall: NEEDS_IMPROVEMENT (score=0.400)
[10-06 17:38:09] INFO: ================================================================================
[10-06 17:38:13] INFO: [RL-EP-2026] (2026)
[10-06 17:38:17] INFO: [RL-EP-2027] (2027)
[10-06 17:38:21] INFO: [RL-EP-2028] (2028)
[10-06 17:38:27] INFO: [RL-EP-2029] (2029)
[10-06 17:38:30] INFO: [RL-EP-2030] roll=0.980/0.020/0.000
[10-06 17:38:34] INFO: [RL-EP-2031] (2031)
[10-06 17:38:38] INFO: [RL-EP-2032] (2032)
[10-06 17:38:42] INFO: [RL-EP-2033] (2033)
[10-06 17:38:45] INFO: [RL-EP-2034] (2034)
[10-06 17:38:48] INFO: [RL-EP-2035] roll=1.000/0.000/0.000
[10-06 17:38:52] INFO: [RL-EP-2036] (2036)
[10-06 17:38:56] INFO: [RL-EP-2037] (2037)
[10-06 17:38:59] INFO: [RL-EP-2038] (2038)
[10-06 17:39:03] INFO: [RL-EP-2039] (2039)
[10-06 17:39:06] INFO: [RL-EP-2040] roll=1.000/0.000/0.000
[10-06 17:39:10] INFO: [RL-EP-2041] (2041)
[10-06 17:39:11] INFO: [RL-EP-2042] (2042)
[10-06 17:39:15] INFO: [RL-EP-2043] (2043)
[10-06 17:39:19] INFO: [RL-EP-2044] (2044)
[10-06 17:39:22] INFO: [RL-EP-2045] roll=0.980/0.020/0.000
[10-06 17:39:25] INFO: [RL-EP-2046] (2046)
[10-06 17:39:29] INFO: [RL-EP-2047] (2047)
[10-06 17:39:34] INFO: [RL-EP-2048] (2048)
[10-06 17:39:37] INFO: [RL-EP-2049] (2049)
[10-06 17:39:37] INFO: [CONFIG-CHECK] ep=2050 updates_per_ep=4 (from config)
[10-06 17:39:40] INFO: [SARL-LOSS] ep=2050 value_loss=0.0269 epsilon=0.0500
[10-06 17:39:40] INFO: [STAT] ep=2050 | roll@25(s/c/t)=1.0/0.0/0.0 (0.98/0.02/0.00) | R.mean=0.5
[10-06 17:39:40] INFO: [METRICS-25] time=16.73s | dfreq=0.000 | ddist=0.000m
[10-06 17:39:41] INFO: [METRICS-PLOT] 3-metrics curve -> /root/bayes-vl-matched-20261006/crowd_nav/runs/bayes-matched-v1/gru-seed42/curves_3metrics.png
[10-06 17:39:41] INFO: [RL-EP-2050] (2050/10000) s/c/t=1/0/0 qloss=0.0000 ploss=0.0000 buf=200000
[10-06 17:39:41] INFO:               cumulative s/c/t%: 98.0%/2.0%/0.0%
[10-06 17:39:41] INFO: [REPLAY-STORE] ok=2050 skip=0 steps=139539 buf=200000
[10-06 17:39:41] INFO: [STAGE0-MONITOR] timeout_ratio=0.000 (target: decrease over time)
[10-06 17:39:41] INFO: ================================================================================
[10-06 17:39:41] INFO: [MULTI-SCALE-2050] TARGET: peak=1.000 stable_90=10ep
[10-06 17:39:41] INFO: [MULTI-SCALE-2050] WINDOWS: short=0.900 med=0.960 long=0.980
[10-06 17:39:41] INFO: [MULTI-SCALE-2050] QUALITY: stability=0.800 learn_rate=0.00000
[10-06 17:39:41] INFO: [ACHIEVEMENT] Stable 90%+ success rate achieved for 10 episodes!
[10-06 17:39:41] INFO: [HEALTH-CHECK-2050] Overall: NEEDS_IMPROVEMENT (score=0.400)
[10-06 17:39:41] INFO: ================================================================================
[10-06 17:39:44] INFO: [RL-EP-2051] (2051)
[10-06 17:39:48] INFO: [RL-EP-2052] (2052)
[10-06 17:39:52] INFO: [RL-EP-2053] (2053)
[10-06 17:39:56] INFO: [RL-EP-2054] (2054)
[10-06 17:39:59] INFO: [RL-EP-2055] roll=0.980/0.020/0.000
[10-06 17:40:03] INFO: [RL-EP-2056] (2056)
[10-06 17:40:07] INFO: [RL-EP-2057] (2057)
[10-06 17:40:11] INFO: [RL-EP-2058] (2058)
[10-06 17:40:15] INFO: [RL-EP-2059] (2059)
[10-06 17:40:18] INFO: [RL-EP-2060] roll=0.980/0.020/0.000
[10-06 17:40:22] INFO: [RL-EP-2061] (2061)
[10-06 17:40:26] INFO: [RL-EP-2062] (2062)
[10-06 17:40:30] INFO: [RL-EP-2063] (2063)
[10-06 17:40:34] INFO: [RL-EP-2064] (2064)
[10-06 17:40:37] INFO: [RL-EP-2065] roll=0.980/0.020/0.000
[10-06 17:40:42] INFO: [RL-EP-2066] (2066)
[10-06 17:40:46] INFO: [RL-EP-2067] (2067)
[10-06 17:40:49] INFO: [RL-EP-2068] (2068)
[10-06 17:40:53] INFO: [RL-EP-2069] (2069)
[10-06 17:40:57] INFO: [RL-EP-2070] roll=0.980/0.020/0.000
[10-06 17:41:01] INFO: [RL-EP-2071] (2071)
[10-06 17:41:04] INFO: [RL-EP-2072] (2072)
[10-06 17:41:07] INFO: [RL-EP-2073] (2073)
[10-06 17:41:12] INFO: [RL-EP-2074] (2074)
[10-06 17:41:21] INFO: [SARL-LOSS] ep=2075 value_loss=0.0230 epsilon=0.0500
[10-06 17:41:21] INFO: [STAT] ep=2075 | roll@25(s/c/t)=1.0/0.0/0.0 (0.96/0.02/0.02) | R.mean=0.5
[10-06 17:41:21] INFO: [METRICS-25] time=17.38s | dfreq=0.000 | ddist=0.000m
[10-06 17:41:22] INFO: [METRICS-PLOT] 3-metrics curve -> /root/bayes-vl-matched-20261006/crowd_nav/runs/bayes-matched-v1/gru-seed42/curves_3metrics.png
[10-06 17:41:22] INFO: [RL-EP-2075] (2075/10000) s/c/t=0/0/1 qloss=0.0000 ploss=0.0000 buf=200000
[10-06 17:41:22] INFO:               cumulative s/c/t%: 96.0%/2.0%/2.0%
[10-06 17:41:22] INFO: [REPLAY-STORE] ok=2075 skip=0 steps=141402 buf=200000
[10-06 17:41:22] INFO: [STAGE0-MONITOR] timeout_ratio=0.020 (target: decrease over time)
[10-06 17:41:22] INFO: ================================================================================
[10-06 17:41:22] INFO: [MULTI-SCALE-2075] TARGET: peak=1.000 stable_90=10ep
[10-06 17:41:22] INFO: [MULTI-SCALE-2075] WINDOWS: short=0.900 med=0.960 long=0.970
[10-06 17:41:22] INFO: [MULTI-SCALE-2075] QUALITY: stability=0.800 learn_rate=0.00000
[10-06 17:41:22] INFO: [ACHIEVEMENT] Stable 90%+ success rate achieved for 10 episodes!
[10-06 17:41:22] INFO: [HEALTH-CHECK-2075] Overall: NEEDS_IMPROVEMENT (score=0.400)
[10-06 17:41:22] INFO: ================================================================================
[10-06 17:41:26] INFO: [RL-EP-2076] (2076)
[10-06 17:41:29] INFO: [RL-EP-2077] (2077)
[10-06 17:41:33] INFO: [RL-EP-2078] (2078)
[10-06 17:41:36] INFO: [RL-EP-2079] (2079)
[10-06 17:41:40] INFO: [RL-EP-2080] roll=0.960/0.020/0.020
[10-06 17:41:44] INFO: [RL-EP-2081] (2081)
[10-06 17:41:48] INFO: [RL-EP-2082] (2082)
[10-06 17:41:51] INFO: [RL-EP-2083] (2083)
[10-06 17:41:55] INFO: [RL-EP-2084] (2084)
[10-06 17:41:59] INFO: [RL-EP-2085] roll=0.960/0.020/0.020
[10-06 17:42:02] INFO: [RL-EP-2086] (2086)
[10-06 17:42:06] INFO: [RL-EP-2087] (2087)
[10-06 17:42:09] INFO: [RL-EP-2088] (2088)
[10-06 17:42:13] INFO: [RL-EP-2089] (2089)
[10-06 17:42:17] INFO: [RL-EP-2090] roll=0.960/0.020/0.020
[10-06 17:42:20] INFO: [RL-EP-2091] (2091)
[10-06 17:42:24] INFO: [RL-EP-2092] (2092)
[10-06 17:42:28] INFO: [RL-EP-2093] (2093)
[10-06 17:42:31] INFO: [RL-EP-2094] (2094)
[10-06 17:42:35] INFO: [RL-EP-2095] roll=0.980/0.000/0.020
[10-06 17:42:39] INFO: [RL-EP-2096] (2096)
[10-06 17:42:43] INFO: [RL-EP-2097] (2097)
[10-06 17:42:46] INFO: [RL-EP-2098] (2098)
[10-06 17:42:50] INFO: [RL-EP-2099] (2099)
[10-06 17:42:50] INFO: [CONFIG-CHECK] ep=2100 updates_per_ep=4 (from config)
[10-06 17:42:50] INFO: [SARL-EPSILON] ep=2100 epsilon=0.0500 (start=0.3, end=0.05, decay=1500)
[10-06 17:42:53] INFO: [SARL-REPLAY] ep=2100 buffer_size=200000 updates=4
[10-06 17:42:53] INFO: [SARL-LOSS] ep=2100 value_loss=0.0222 epsilon=0.0500
[10-06 17:42:53] INFO: [SARL-STATS] ep=2100 buffer_size=200000
[10-06 17:42:53] INFO: [STAT] ep=2100 | roll@25(s/c/t)=1.0/0.0/0.0 (0.98/0.00/0.02) | R.mean=0.5
[10-06 17:42:53] INFO: [METRICS-25] time=17.50s | dfreq=0.000 | ddist=0.000m
[10-06 17:42:53] INFO: [METRICS-PLOT] 3-metrics curve -> /root/bayes-vl-matched-20261006/crowd_nav/runs/bayes-matched-v1/gru-seed42/curves_3metrics.png
[10-06 17:42:53] INFO: [RL-EP-2100] (2100/10000) s/c/t=1/0/0 qloss=0.0000 ploss=0.0000 buf=200000
[10-06 17:42:53] INFO:               cumulative s/c/t%: 98.0%/0.0%/2.0%
[10-06 17:42:53] INFO: [REPLAY-STORE] ok=2100 skip=0 steps=143040 buf=200000
[10-06 17:42:53] INFO: [STAGE0-MONITOR] timeout_ratio=0.020 (target: decrease over time)
[10-06 17:42:53] INFO: [SOT-2100] REWARD succ=1.0/coll=-0.50 | GRID 5×16=80 | EVENTS s=0.98/c=0.00/t=0.02
[10-06 17:42:53] INFO: ================================================================================
[10-06 17:42:53] INFO: [MULTI-SCALE-2100] TARGET: peak=1.000 stable_90=10ep
[10-06 17:42:53] INFO: [MULTI-SCALE-2100] WINDOWS: short=1.000 med=1.000 long=0.980
[10-06 17:42:53] INFO: [MULTI-SCALE-2100] QUALITY: stability=0.800 learn_rate=0.00000
[10-06 17:42:53] INFO: [ACHIEVEMENT] Stable 90%+ success rate achieved for 10 episodes!
[10-06 17:42:53] INFO: [HEALTH-CHECK-2100] Overall: NEEDS_IMPROVEMENT (score=0.400)
[10-06 17:42:53] INFO: ================================================================================
[10-06 17:42:57] INFO: [RL-EP-2101] (2101)
[10-06 17:43:01] INFO: [RL-EP-2102] (2102)
[10-06 17:43:05] INFO: [RL-EP-2103] (2103)
[10-06 17:43:13] INFO: [RL-EP-2104] (2104)
[10-06 17:43:16] INFO: [RL-EP-2105] roll=0.980/0.000/0.020
[10-06 17:43:20] INFO: [RL-EP-2106] (2106)
[10-06 17:43:24] INFO: [RL-EP-2107] (2107)
[10-06 17:43:28] INFO: [RL-EP-2108] (2108)
[10-06 17:43:31] INFO: [RL-EP-2109] (2109)
[10-06 17:43:35] INFO: [RL-EP-2110] roll=0.980/0.000/0.020
[10-06 17:43:39] INFO: [RL-EP-2111] (2111)
[10-06 17:43:43] INFO: [RL-EP-2112] (2112)
[10-06 17:43:47] INFO: [RL-EP-2113] (2113)
[10-06 17:43:50] INFO: [RL-EP-2114] (2114)
[10-06 17:43:54] INFO: [RL-EP-2115] roll=0.980/0.000/0.020
[10-06 17:43:57] INFO: [RL-EP-2116] (2116)
[10-06 17:44:01] INFO: [RL-EP-2117] (2117)
[10-06 17:44:10] INFO: [RL-EP-2118] (2118)
[10-06 17:44:14] INFO: [RL-EP-2119] (2119)
[10-06 17:44:23] INFO: [RL-EP-2120] roll=0.940/0.000/0.060
[10-06 17:44:26] INFO: [RL-EP-2121] (2121)
[10-06 17:44:30] INFO: [RL-EP-2122] (2122)
[10-06 17:44:34] INFO: [RL-EP-2123] (2123)
[10-06 17:44:38] INFO: [RL-EP-2124] (2124)
[10-06 17:44:42] INFO: [SARL-LOSS] ep=2125 value_loss=0.0235 epsilon=0.0500
[10-06 17:44:42] INFO: [STAT] ep=2125 | roll@25(s/c/t)=1.0/0.0/0.0 (0.96/0.00/0.04) | R.mean=0.5
[10-06 17:44:42] INFO: [METRICS-25] time=18.38s | dfreq=0.000 | ddist=0.000m
[10-06 17:44:42] INFO: [METRICS-PLOT] 3-metrics curve -> /root/bayes-vl-matched-20261006/crowd_nav/runs/bayes-matched-v1/gru-seed42/curves_3metrics.png
[10-06 17:44:42] INFO: [RL-EP-2125] (2125/10000) s/c/t=1/0/0 qloss=0.0000 ploss=0.0000 buf=200000
[10-06 17:44:42] INFO:               cumulative s/c/t%: 96.0%/0.0%/4.0%
[10-06 17:44:42] INFO: [REPLAY-STORE] ok=2125 skip=0 steps=145078 buf=200000
[10-06 17:44:42] INFO: [STAGE0-MONITOR] timeout_ratio=0.040 (target: decrease over time)
[10-06 17:44:42] INFO: ================================================================================
[10-06 17:44:42] INFO: [MULTI-SCALE-2125] TARGET: peak=1.000 stable_90=10ep
[10-06 17:44:42] INFO: [MULTI-SCALE-2125] WINDOWS: short=0.800 med=0.920 long=0.960
[10-06 17:44:42] INFO: [MULTI-SCALE-2125] QUALITY: stability=0.800 learn_rate=0.00000
[10-06 17:44:42] INFO: [ACHIEVEMENT] Stable 90%+ success rate achieved for 10 episodes!
[10-06 17:44:42] INFO: [HEALTH-CHECK-2125] Overall: NEEDS_IMPROVEMENT (score=0.400)
[10-06 17:44:42] INFO: ================================================================================
[10-06 17:44:46] INFO: [RL-EP-2126] (2126)
[10-06 17:44:50] INFO: [RL-EP-2127] (2127)
[10-06 17:44:54] INFO: [RL-EP-2128] (2128)
[10-06 17:44:57] INFO: [RL-EP-2129] (2129)
[10-06 17:45:01] INFO: [RL-EP-2130] roll=0.960/0.000/0.040
[10-06 17:45:05] INFO: [RL-EP-2131] (2131)
[10-06 17:45:08] INFO: [RL-EP-2132] (2132)
[10-06 17:45:12] INFO: [RL-EP-2133] (2133)
[10-06 17:45:16] INFO: [RL-EP-2134] (2134)
[10-06 17:45:19] INFO: [RL-EP-2135] roll=0.960/0.000/0.040
[10-06 17:45:22] INFO: [RL-EP-2136] (2136)
[10-06 17:45:26] INFO: [RL-EP-2137] (2137)
[10-06 17:45:29] INFO: [RL-EP-2138] (2138)
[10-06 17:45:34] INFO: [RL-EP-2139] (2139)
[10-06 17:45:37] INFO: [RL-EP-2140] roll=0.960/0.000/0.040
[10-06 17:45:41] INFO: [RL-EP-2141] (2141)
[10-06 17:45:45] INFO: [RL-EP-2142] (2142)
[10-06 17:45:48] INFO: [RL-EP-2143] (2143)
[10-06 17:45:52] INFO: [RL-EP-2144] (2144)
[10-06 17:45:56] INFO: [RL-EP-2145] roll=0.960/0.000/0.040
[10-06 17:45:59] INFO: [RL-EP-2146] (2146)
[10-06 17:46:02] INFO: [RL-EP-2147] (2147)
[10-06 17:46:05] INFO: [RL-EP-2148] (2148)
[10-06 17:46:10] INFO: [RL-EP-2149] (2149)
[10-06 17:46:10] INFO: [CONFIG-CHECK] ep=2150 updates_per_ep=4 (from config)
[10-06 17:46:13] INFO: [SARL-LOSS] ep=2150 value_loss=0.0326 epsilon=0.0500
[10-06 17:46:13] INFO: [STAT] ep=2150 | roll@25(s/c/t)=1.0/0.0/0.0 (0.96/0.00/0.04) | R.mean=0.5
[10-06 17:46:13] INFO: [METRICS-25] time=18.34s | dfreq=0.000 | ddist=0.000m
[10-06 17:46:14] INFO: [METRICS-PLOT] 3-metrics curve -> /root/bayes-vl-matched-20261006/crowd_nav/runs/bayes-matched-v1/gru-seed42/curves_3metrics.png
[10-06 17:46:14] INFO: [RL-EP-2150] (2150/10000) s/c/t=1/0/0 qloss=0.0000 ploss=0.0000 buf=200000
[10-06 17:46:14] INFO:               cumulative s/c/t%: 96.0%/0.0%/4.0%
[10-06 17:46:14] INFO: [REPLAY-STORE] ok=2150 skip=0 steps=146708 buf=200000
[10-06 17:46:14] INFO: [STAGE0-MONITOR] timeout_ratio=0.040 (target: decrease over time)
[10-06 17:46:14] INFO: ================================================================================
[10-06 17:46:14] INFO: [MULTI-SCALE-2150] TARGET: peak=1.000 stable_90=10ep
[10-06 17:46:14] INFO: [MULTI-SCALE-2150] WINDOWS: short=1.000 med=1.000 long=0.970
[10-06 17:46:14] INFO: [MULTI-SCALE-2150] QUALITY: stability=0.800 learn_rate=0.00000
[10-06 17:46:14] INFO: [ACHIEVEMENT] Stable 90%+ success rate achieved for 10 episodes!
[10-06 17:46:14] INFO: [HEALTH-CHECK-2150] Overall: NEEDS_IMPROVEMENT (score=0.400)
[10-06 17:46:14] INFO: ================================================================================
[10-06 17:46:18] INFO: [RL-EP-2151] (2151)
[10-06 17:46:22] INFO: [RL-EP-2152] (2152)
[10-06 17:46:25] INFO: [RL-EP-2153] (2153)
[10-06 17:46:29] INFO: [RL-EP-2154] (2154)
[10-06 17:46:33] INFO: [RL-EP-2155] roll=0.960/0.000/0.040
[10-06 17:46:36] INFO: [RL-EP-2156] (2156)
[10-06 17:46:40] INFO: [RL-EP-2157] (2157)
[10-06 17:46:44] INFO: [RL-EP-2158] (2158)
[10-06 17:46:48] INFO: [RL-EP-2159] (2159)
[10-06 17:46:51] INFO: [RL-EP-2160] roll=0.960/0.000/0.040
[10-06 17:46:55] INFO: [RL-EP-2161] (2161)
[10-06 17:46:59] INFO: [RL-EP-2162] (2162)
[10-06 17:47:02] INFO: [RL-EP-2163] (2163)
[10-06 17:47:06] INFO: [RL-EP-2164] (2164)
[10-06 17:47:10] INFO: [RL-EP-2165] roll=0.960/0.000/0.040
[10-06 17:47:14] INFO: [RL-EP-2166] (2166)
[10-06 17:47:18] INFO: [RL-EP-2167] (2167)
[10-06 17:47:22] INFO: [RL-EP-2168] (2168)
[10-06 17:47:26] INFO: [RL-EP-2169] (2169)
[10-06 17:47:29] INFO: [RL-EP-2170] roll=1.000/0.000/0.000
[10-06 17:47:33] INFO: [RL-EP-2171] (2171)
[10-06 17:47:37] INFO: [RL-EP-2172] (2172)
[10-06 17:47:41] INFO: [RL-EP-2173] (2173)
[10-06 17:47:45] INFO: [RL-EP-2174] (2174)
[10-06 17:47:54] INFO: [SARL-LOSS] ep=2175 value_loss=0.0218 epsilon=0.0500
[10-06 17:47:54] INFO: [STAT] ep=2175 | roll@25(s/c/t)=1.0/0.0/0.0 (0.98/0.00/0.02) | R.mean=0.5
[10-06 17:47:54] INFO: [METRICS-25] time=17.43s | dfreq=0.000 | ddist=0.000m
[10-06 17:47:55] INFO: [METRICS-PLOT] 3-metrics curve -> /root/bayes-vl-matched-20261006/crowd_nav/runs/bayes-matched-v1/gru-seed42/curves_3metrics.png
[10-06 17:47:55] INFO: [RL-EP-2175] (2175/10000) s/c/t=0/0/1 qloss=0.0000 ploss=0.0000 buf=200000
[10-06 17:47:55] INFO:               cumulative s/c/t%: 98.0%/0.0%/2.0%
[10-06 17:47:55] INFO: [REPLAY-STORE] ok=2175 skip=0 steps=148565 buf=200000
[10-06 17:47:55] INFO: [STAGE0-MONITOR] timeout_ratio=0.020 (target: decrease over time)
[10-06 17:47:55] INFO: ================================================================================
[10-06 17:47:55] INFO: [MULTI-SCALE-2175] TARGET: peak=1.000 stable_90=10ep
[10-06 17:47:55] INFO: [MULTI-SCALE-2175] WINDOWS: short=0.900 med=0.960 long=0.970
[10-06 17:47:55] INFO: [MULTI-SCALE-2175] QUALITY: stability=0.800 learn_rate=0.00000
[10-06 17:47:55] INFO: [ACHIEVEMENT] Stable 90%+ success rate achieved for 10 episodes!
[10-06 17:47:55] INFO: [HEALTH-CHECK-2175] Overall: NEEDS_IMPROVEMENT (score=0.400)
[10-06 17:47:55] INFO: ================================================================================
[10-06 17:47:58] INFO: [RL-EP-2176] (2176)
[10-06 17:48:02] INFO: [RL-EP-2177] (2177)
[10-06 17:48:05] INFO: [RL-EP-2178] (2178)
[10-06 17:48:08] INFO: [RL-EP-2179] (2179)
[10-06 17:48:13] INFO: [RL-EP-2180] roll=0.980/0.000/0.020
[10-06 17:48:17] INFO: [RL-EP-2181] (2181)
[10-06 17:48:20] INFO: [RL-EP-2182] (2182)
[10-06 17:48:26] INFO: [RL-EP-2183] (2183)
[10-06 17:48:29] INFO: [RL-EP-2184] (2184)
[10-06 17:48:33] INFO: [RL-EP-2185] roll=0.980/0.000/0.020
[10-06 17:48:37] INFO: [RL-EP-2186] (2186)
[10-06 17:48:40] INFO: [RL-EP-2187] (2187)
[10-06 17:48:44] INFO: [RL-EP-2188] (2188)
[10-06 17:48:48] INFO: [RL-EP-2189] (2189)
[10-06 17:48:52] INFO: [RL-EP-2190] roll=0.980/0.000/0.020
[10-06 17:48:55] INFO: [RL-EP-2191] (2191)
[10-06 17:48:59] INFO: [RL-EP-2192] (2192)
[10-06 17:49:03] INFO: [RL-EP-2193] (2193)
[10-06 17:49:07] INFO: [RL-EP-2194] (2194)
[10-06 17:49:11] INFO: [RL-EP-2195] roll=0.980/0.000/0.020
[10-06 17:49:15] INFO: [RL-EP-2196] (2196)
[10-06 17:49:18] INFO: [RL-EP-2197] (2197)
[10-06 17:49:21] INFO: [RL-EP-2198] (2198)
[10-06 17:49:25] INFO: [RL-EP-2199] (2199)
[10-06 17:49:25] INFO: [CONFIG-CHECK] ep=2200 updates_per_ep=4 (from config)
[10-06 17:49:25] INFO: [SARL-EPSILON] ep=2200 epsilon=0.0500 (start=0.3, end=0.05, decay=1500)
[10-06 17:49:28] INFO: [SARL-REPLAY] ep=2200 buffer_size=200000 updates=4
[10-06 17:49:28] INFO: [SARL-LOSS] ep=2200 value_loss=0.0247 epsilon=0.0500
[10-06 17:49:28] INFO: [SARL-STATS] ep=2200 buffer_size=200000
[10-06 17:49:28] INFO: [STAT] ep=2200 | roll@25(s/c/t)=1.0/0.0/0.0 (0.98/0.00/0.02) | R.mean=0.5
[10-06 17:49:28] INFO: [METRICS-25] time=17.64s | dfreq=0.000 | ddist=0.000m
[10-06 17:49:29] INFO: [METRICS-PLOT] 3-metrics curve -> /root/bayes-vl-matched-20261006/crowd_nav/runs/bayes-matched-v1/gru-seed42/curves_3metrics.png
[10-06 17:49:29] INFO: [RL-EP-2200] (2200/10000) s/c/t=1/0/0 qloss=0.0000 ploss=0.0000 buf=200000
[10-06 17:49:29] INFO:               cumulative s/c/t%: 98.0%/0.0%/2.0%
[10-06 17:49:29] INFO: [REPLAY-STORE] ok=2200 skip=0 steps=150235 buf=200000
[10-06 17:49:29] INFO: [STAGE0-MONITOR] timeout_ratio=0.020 (target: decrease over time)
[10-06 17:49:29] INFO: [SOT-2200] REWARD succ=1.0/coll=-0.50 | GRID 5×16=80 | EVENTS s=0.98/c=0.00/t=0.02
[10-06 17:49:29] INFO: ================================================================================
[10-06 17:49:29] INFO: [MULTI-SCALE-2200] TARGET: peak=1.000 stable_90=10ep
[10-06 17:49:29] INFO: [MULTI-SCALE-2200] WINDOWS: short=1.000 med=1.000 long=0.970
[10-06 17:49:29] INFO: [MULTI-SCALE-2200] QUALITY: stability=0.800 learn_rate=0.00000
[10-06 17:49:29] INFO: [ACHIEVEMENT] Stable 90%+ success rate achieved for 10 episodes!
[10-06 17:49:29] INFO: [HEALTH-CHECK-2200] Overall: NEEDS_IMPROVEMENT (score=0.400)
[10-06 17:49:29] INFO: ================================================================================
[10-06 17:49:32] INFO: [RL-EP-2201] (2201)
[10-06 17:49:35] INFO: [RL-EP-2202] (2202)
[10-06 17:49:39] INFO: [RL-EP-2203] (2203)
[10-06 17:49:43] INFO: [RL-EP-2204] (2204)
[10-06 17:49:46] INFO: [RL-EP-2205] roll=0.980/0.000/0.020
[10-06 17:49:50] INFO: [RL-EP-2206] (2206)
[10-06 17:49:54] INFO: [RL-EP-2207] (2207)
[10-06 17:49:57] INFO: [RL-EP-2208] (2208)
[10-06 17:50:01] INFO: [RL-EP-2209] (2209)
[10-06 17:50:04] INFO: [RL-EP-2210] roll=0.980/0.000/0.020
[10-06 17:50:07] INFO: [RL-EP-2211] (2211)
[10-06 17:50:11] INFO: [RL-EP-2212] (2212)
[10-06 17:50:15] INFO: [RL-EP-2213] (2213)
[10-06 17:50:18] INFO: [RL-EP-2214] (2214)
[10-06 17:50:22] INFO: [RL-EP-2215] roll=0.980/0.000/0.020
[10-06 17:50:26] INFO: [RL-EP-2216] (2216)
[10-06 17:50:29] INFO: [RL-EP-2217] (2217)
[10-06 17:50:33] INFO: [RL-EP-2218] (2218)
[10-06 17:50:36] INFO: [RL-EP-2219] (2219)
[10-06 17:50:40] INFO: [RL-EP-2220] roll=0.980/0.000/0.020
[10-06 17:50:44] INFO: [RL-EP-2221] (2221)
[10-06 17:50:48] INFO: [RL-EP-2222] (2222)
[10-06 17:50:52] INFO: [RL-EP-2223] (2223)
[10-06 17:50:56] INFO: [RL-EP-2224] (2224)
[10-06 17:51:00] INFO: [SARL-LOSS] ep=2225 value_loss=0.0233 epsilon=0.0500
[10-06 17:51:00] INFO: [STAT] ep=2225 | roll@25(s/c/t)=1.0/0.0/0.0 (1.00/0.00/0.00) | R.mean=0.5
[10-06 17:51:00] INFO: [METRICS-25] time=16.54s | dfreq=0.000 | ddist=0.000m
[10-06 17:51:01] INFO: [METRICS-PLOT] 3-metrics curve -> /root/bayes-vl-matched-20261006/crowd_nav/runs/bayes-matched-v1/gru-seed42/curves_3metrics.png
[10-06 17:51:01] INFO: [RL-EP-2225] (2225/10000) s/c/t=1/0/0 qloss=0.0000 ploss=0.0000 buf=200000
[10-06 17:51:01] INFO:               cumulative s/c/t%: 100.0%/0.0%/0.0%
[10-06 17:51:01] INFO: [REPLAY-STORE] ok=2225 skip=0 steps=151873 buf=200000
[10-06 17:51:01] INFO: [STAGE0-MONITOR] timeout_ratio=0.000 (target: decrease over time)
[10-06 17:51:01] INFO: ================================================================================
[10-06 17:51:01] INFO: [MULTI-SCALE-2225] TARGET: peak=1.000 stable_90=10ep
[10-06 17:51:01] INFO: [MULTI-SCALE-2225] WINDOWS: short=1.000 med=1.000 long=0.990
[10-06 17:51:01] INFO: [MULTI-SCALE-2225] QUALITY: stability=0.800 learn_rate=0.00000
[10-06 17:51:01] INFO: [ACHIEVEMENT] Stable 90%+ success rate achieved for 10 episodes!
[10-06 17:51:01] INFO: [HEALTH-CHECK-2225] Overall: NEEDS_IMPROVEMENT (score=0.400)
[10-06 17:51:01] INFO: ================================================================================
[10-06 17:51:04] INFO: [RL-EP-2226] (2226)
[10-06 17:51:08] INFO: [RL-EP-2227] (2227)
[10-06 17:51:12] INFO: [RL-EP-2228] (2228)
[10-06 17:51:15] INFO: [RL-EP-2229] (2229)
[10-06 17:51:19] INFO: [RL-EP-2230] roll=1.000/0.000/0.000
[10-06 17:51:22] INFO: [RL-EP-2231] (2231)
[10-06 17:51:26] INFO: [RL-EP-2232] (2232)
[10-06 17:51:29] INFO: [RL-EP-2233] (2233)
[10-06 17:51:33] INFO: [RL-EP-2234] (2234)
[10-06 17:51:36] INFO: [RL-EP-2235] roll=1.000/0.000/0.000
[10-06 17:51:40] INFO: [RL-EP-2236] (2236)
[10-06 17:51:44] INFO: [RL-EP-2237] (2237)
[10-06 17:51:48] INFO: [RL-EP-2238] (2238)
[10-06 17:51:51] INFO: [RL-EP-2239] (2239)
[10-06 17:51:54] INFO: [RL-EP-2240] roll=1.000/0.000/0.000
[10-06 17:51:57] INFO: [RL-EP-2241] (2241)
[10-06 17:51:59] INFO: [RL-EP-2242] (2242)
[10-06 17:52:02] INFO: [RL-EP-2243] (2243)
[10-06 17:52:05] INFO: [RL-EP-2244] (2244)
[10-06 17:52:07] INFO: [RL-EP-2245] roll=1.000/0.000/0.000
[10-06 17:52:10] INFO: [RL-EP-2246] (2246)
[10-06 17:52:13] INFO: [RL-EP-2247] (2247)
[10-06 17:52:16] INFO: [RL-EP-2248] (2248)
[10-06 17:52:19] INFO: [RL-EP-2249] (2249)
[10-06 17:52:19] INFO: [CONFIG-CHECK] ep=2250 updates_per_ep=4 (from config)
[10-06 17:52:21] INFO: [SARL-LOSS] ep=2250 value_loss=0.0244 epsilon=0.0500
[10-06 17:52:21] INFO: [STAT] ep=2250 | roll@25(s/c/t)=1.0/0.0/0.0 (1.00/0.00/0.00) | R.mean=0.5
[10-06 17:52:21] INFO: [METRICS-25] time=16.21s | dfreq=0.000 | ddist=0.000m
[10-06 17:52:21] INFO: [METRICS-PLOT] 3-metrics curve -> /root/bayes-vl-matched-20261006/crowd_nav/runs/bayes-matched-v1/gru-seed42/curves_3metrics.png
[10-06 17:52:21] INFO: [RL-EP-2250] (2250/10000) s/c/t=1/0/0 qloss=0.0000 ploss=0.0000 buf=200000
[10-06 17:52:21] INFO:               cumulative s/c/t%: 100.0%/0.0%/0.0%
[10-06 17:52:21] INFO: [REPLAY-STORE] ok=2250 skip=0 steps=153478 buf=200000
[10-06 17:52:21] INFO: [STAGE0-MONITOR] timeout_ratio=0.000 (target: decrease over time)
[10-06 17:52:21] INFO: ================================================================================
[10-06 17:52:21] INFO: [MULTI-SCALE-2250] TARGET: peak=1.000 stable_90=10ep
[10-06 17:52:21] INFO: [MULTI-SCALE-2250] WINDOWS: short=1.000 med=1.000 long=0.990
[10-06 17:52:21] INFO: [MULTI-SCALE-2250] QUALITY: stability=0.800 learn_rate=0.00000
[10-06 17:52:21] INFO: [ACHIEVEMENT] Stable 90%+ success rate achieved for 10 episodes!
[10-06 17:52:21] INFO: [HEALTH-CHECK-2250] Overall: NEEDS_IMPROVEMENT (score=0.400)
[10-06 17:52:21] INFO: ================================================================================
[10-06 17:52:24] INFO: [RL-EP-2251] (2251)
[10-06 17:52:27] INFO: [RL-EP-2252] (2252)
[10-06 17:52:30] INFO: [RL-EP-2253] (2253)
[10-06 17:52:33] INFO: [RL-EP-2254] (2254)
[10-06 17:52:36] INFO: [RL-EP-2255] roll=1.000/0.000/0.000
[10-06 17:52:38] INFO: [RL-EP-2256] (2256)
[10-06 17:52:40] INFO: [RL-EP-2257] (2257)
[10-06 17:52:43] INFO: [RL-EP-2258] (2258)
[10-06 17:52:46] INFO: [RL-EP-2259] (2259)
[10-06 17:52:48] INFO: [RL-EP-2260] roll=0.980/0.020/0.000
[10-06 17:52:50] INFO: [RL-EP-2261] (2261)
[10-06 17:52:54] INFO: [RL-EP-2262] (2262)
[10-06 17:52:57] INFO: [RL-EP-2263] (2263)
[10-06 17:53:00] INFO: [RL-EP-2264] (2264)
[10-06 17:53:02] INFO: [RL-EP-2265] roll=0.980/0.020/0.000
[10-06 17:53:05] INFO: [RL-EP-2266] (2266)
[10-06 17:53:08] INFO: [RL-EP-2267] (2267)
[10-06 17:53:11] INFO: [RL-EP-2268] (2268)
[10-06 17:53:14] INFO: [RL-EP-2269] (2269)
[10-06 17:53:17] INFO: [RL-EP-2270] roll=0.980/0.020/0.000
[10-06 17:53:20] INFO: [RL-EP-2271] (2271)
[10-06 17:53:24] INFO: [RL-EP-2272] (2272)
[10-06 17:53:27] INFO: [RL-EP-2273] (2273)
[10-06 17:53:32] INFO: [RL-EP-2274] (2274)
[10-06 17:53:36] INFO: [SARL-LOSS] ep=2275 value_loss=0.0306 epsilon=0.0500
[10-06 17:53:36] INFO: [STAT] ep=2275 | roll@25(s/c/t)=1.0/0.0/0.0 (0.98/0.02/0.00) | R.mean=0.5
[10-06 17:53:36] INFO: [METRICS-25] time=16.45s | dfreq=0.000 | ddist=0.000m
[10-06 17:53:36] INFO: [METRICS-PLOT] 3-metrics curve -> /root/bayes-vl-matched-20261006/crowd_nav/runs/bayes-matched-v1/gru-seed42/curves_3metrics.png
[10-06 17:53:36] INFO: [RL-EP-2275] (2275/10000) s/c/t=1/0/0 qloss=0.0000 ploss=0.0000 buf=200000
[10-06 17:53:36] INFO:               cumulative s/c/t%: 98.0%/2.0%/0.0%
[10-06 17:53:36] INFO: [REPLAY-STORE] ok=2275 skip=0 steps=155163 buf=200000
[10-06 17:53:36] INFO: [STAGE0-MONITOR] timeout_ratio=0.000 (target: decrease over time)
[10-06 17:53:36] INFO: ================================================================================
[10-06 17:53:36] INFO: [MULTI-SCALE-2275] TARGET: peak=1.000 stable_90=10ep
[10-06 17:53:36] INFO: [MULTI-SCALE-2275] WINDOWS: short=1.000 med=0.960 long=0.990
[10-06 17:53:36] INFO: [MULTI-SCALE-2275] QUALITY: stability=0.800 learn_rate=0.00000
[10-06 17:53:36] INFO: [ACHIEVEMENT] Stable 90%+ success rate achieved for 10 episodes!
[10-06 17:53:36] INFO: [HEALTH-CHECK-2275] Overall: NEEDS_IMPROVEMENT (score=0.400)
[10-06 17:53:36] INFO: ================================================================================
[10-06 17:53:40] INFO: [RL-EP-2276] (2276)
[10-06 17:53:43] INFO: [RL-EP-2277] (2277)
[10-06 17:53:47] INFO: [RL-EP-2278] (2278)
[10-06 17:53:50] INFO: [RL-EP-2279] (2279)
[10-06 17:53:53] INFO: [RL-EP-2280] roll=0.980/0.020/0.000
[10-06 17:53:56] INFO: [RL-EP-2281] (2281)
[10-06 17:54:01] INFO: [RL-EP-2282] (2282)
[10-06 17:54:04] INFO: [RL-EP-2283] (2283)
[10-06 17:54:07] INFO: [RL-EP-2284] (2284)
[10-06 17:54:11] INFO: [RL-EP-2285] roll=0.980/0.020/0.000
[10-06 17:54:14] INFO: [RL-EP-2286] (2286)
[10-06 17:54:18] INFO: [RL-EP-2287] (2287)
[10-06 17:54:23] INFO: [RL-EP-2288] (2288)
[10-06 17:54:26] INFO: [RL-EP-2289] (2289)
[10-06 17:54:30] INFO: [RL-EP-2290] roll=0.980/0.020/0.000
[10-06 17:54:33] INFO: [RL-EP-2291] (2291)
[10-06 17:54:37] INFO: [RL-EP-2292] (2292)
[10-06 17:54:41] INFO: [RL-EP-2293] (2293)
[10-06 17:54:45] INFO: [RL-EP-2294] (2294)
[10-06 17:54:48] INFO: [RL-EP-2295] roll=0.980/0.020/0.000
[10-06 17:54:52] INFO: [RL-EP-2296] (2296)
[10-06 17:54:56] INFO: [RL-EP-2297] (2297)
[10-06 17:54:59] INFO: [RL-EP-2298] (2298)
[10-06 17:55:03] INFO: [RL-EP-2299] (2299)
[10-06 17:55:03] INFO: [CONFIG-CHECK] ep=2300 updates_per_ep=4 (from config)
[10-06 17:55:03] INFO: [SARL-EPSILON] ep=2300 epsilon=0.0500 (start=0.3, end=0.05, decay=1500)
[10-06 17:55:09] INFO: [SARL-REPLAY] ep=2300 buffer_size=200000 updates=4
[10-06 17:55:09] INFO: [SARL-LOSS] ep=2300 value_loss=0.0302 epsilon=0.0500
[10-06 17:55:09] INFO: [SARL-STATS] ep=2300 buffer_size=200000
[10-06 17:55:09] INFO: [STAT] ep=2300 | roll@25(s/c/t)=1.0/0.0/0.0 (0.98/0.02/0.00) | R.mean=0.5
[10-06 17:55:09] INFO: [METRICS-25] time=16.73s | dfreq=0.000 | ddist=0.000m
[10-06 17:55:09] INFO: [METRICS-PLOT] 3-metrics curve -> /root/bayes-vl-matched-20261006/crowd_nav/runs/bayes-matched-v1/gru-seed42/curves_3metrics.png
[10-06 17:55:09] INFO: [RL-EP-2300] (2300/10000) s/c/t=1/0/0 qloss=0.0000 ploss=0.0000 buf=200000
[10-06 17:55:09] INFO:               cumulative s/c/t%: 98.0%/2.0%/0.0%
[10-06 17:55:09] INFO: [REPLAY-STORE] ok=2300 skip=0 steps=156825 buf=200000
[10-06 17:55:09] INFO: [STAGE0-MONITOR] timeout_ratio=0.000 (target: decrease over time)
[10-06 17:55:09] INFO: [SOT-2300] REWARD succ=1.0/coll=-0.50 | GRID 5×16=80 | EVENTS s=0.98/c=0.02/t=0.00
[10-06 17:55:09] INFO: ================================================================================
[10-06 17:55:09] INFO: [MULTI-SCALE-2300] TARGET: peak=1.000 stable_90=10ep
[10-06 17:55:09] INFO: [MULTI-SCALE-2300] WINDOWS: short=1.000 med=1.000 long=0.990
[10-06 17:55:09] INFO: [MULTI-SCALE-2300] QUALITY: stability=0.800 learn_rate=0.00000
[10-06 17:55:09] INFO: [ACHIEVEMENT] Stable 90%+ success rate achieved for 10 episodes!
[10-06 17:55:09] INFO: [HEALTH-CHECK-2300] Overall: NEEDS_IMPROVEMENT (score=0.400)
[10-06 17:55:09] INFO: ================================================================================
[10-06 17:55:13] INFO: [RL-EP-2301] (2301)
[10-06 17:55:16] INFO: [RL-EP-2302] (2302)
[10-06 17:55:20] INFO: [RL-EP-2303] (2303)
[10-06 17:55:24] INFO: [RL-EP-2304] (2304)
[10-06 17:55:27] INFO: [RL-EP-2305] roll=0.980/0.020/0.000
[10-06 17:55:31] INFO: [RL-EP-2306] (2306)
[10-06 17:55:35] INFO: [RL-EP-2307] (2307)
[10-06 17:55:39] INFO: [RL-EP-2308] (2308)
[10-06 17:55:43] INFO: [RL-EP-2309] (2309)
[10-06 17:55:46] INFO: [RL-EP-2310] roll=1.000/0.000/0.000
[10-06 17:55:50] INFO: [RL-EP-2311] (2311)
[10-06 17:55:53] INFO: [RL-EP-2312] (2312)
[10-06 17:55:57] INFO: [RL-EP-2313] (2313)
[10-06 17:56:00] INFO: [RL-EP-2314] (2314)
[10-06 17:56:04] INFO: [RL-EP-2315] roll=1.000/0.000/0.000
[10-06 17:56:09] INFO: [RL-EP-2316] (2316)
[10-06 17:56:12] INFO: [RL-EP-2317] (2317)
[10-06 17:56:16] INFO: [RL-EP-2318] (2318)
[10-06 17:56:19] INFO: [RL-EP-2319] (2319)
[10-06 17:56:22] INFO: [RL-EP-2320] roll=1.000/0.000/0.000
[10-06 17:56:26] INFO: [RL-EP-2321] (2321)
[10-06 17:56:30] INFO: [RL-EP-2322] (2322)
[10-06 17:56:34] INFO: [RL-EP-2323] (2323)
[10-06 17:56:38] INFO: [RL-EP-2324] (2324)
[10-06 17:56:42] INFO: [SARL-LOSS] ep=2325 value_loss=0.0219 epsilon=0.0500
[10-06 17:56:42] INFO: [STAT] ep=2325 | roll@25(s/c/t)=1.0/0.0/0.0 (1.00/0.00/0.00) | R.mean=0.5
[10-06 17:56:42] INFO: [METRICS-25] time=16.66s | dfreq=0.000 | ddist=0.000m
[10-06 17:56:42] INFO: [METRICS-PLOT] 3-metrics curve -> /root/bayes-vl-matched-20261006/crowd_nav/runs/bayes-matched-v1/gru-seed42/curves_3metrics.png
[10-06 17:56:42] INFO: [RL-EP-2325] (2325/10000) s/c/t=1/0/0 qloss=0.0000 ploss=0.0000 buf=200000
[10-06 17:56:42] INFO:               cumulative s/c/t%: 100.0%/0.0%/0.0%
[10-06 17:56:42] INFO: [REPLAY-STORE] ok=2325 skip=0 steps=158494 buf=200000
[10-06 17:56:42] INFO: [STAGE0-MONITOR] timeout_ratio=0.000 (target: decrease over time)
[10-06 17:56:42] INFO: ================================================================================
[10-06 17:56:42] INFO: [MULTI-SCALE-2325] TARGET: peak=1.000 stable_90=10ep
[10-06 17:56:42] INFO: [MULTI-SCALE-2325] WINDOWS: short=1.000 med=1.000 long=0.990
[10-06 17:56:42] INFO: [MULTI-SCALE-2325] QUALITY: stability=0.800 learn_rate=0.00000
[10-06 17:56:42] INFO: [ACHIEVEMENT] Stable 90%+ success rate achieved for 10 episodes!
[10-06 17:56:42] INFO: [HEALTH-CHECK-2325] Overall: NEEDS_IMPROVEMENT (score=0.400)
[10-06 17:56:42] INFO: ================================================================================
[10-06 17:56:46] INFO: [RL-EP-2326] (2326)
[10-06 17:56:50] INFO: [RL-EP-2327] (2327)
[10-06 17:56:54] INFO: [RL-EP-2328] (2328)
[10-06 17:56:57] INFO: [RL-EP-2329] (2329)
[10-06 17:57:01] INFO: [RL-EP-2330] roll=1.000/0.000/0.000
[10-06 17:57:05] INFO: [RL-EP-2331] (2331)
[10-06 17:57:09] INFO: [RL-EP-2332] (2332)
[10-06 17:57:12] INFO: [RL-EP-2333] (2333)
[10-06 17:57:15] INFO: [RL-EP-2334] (2334)
[10-06 17:57:19] INFO: [RL-EP-2335] roll=1.000/0.000/0.000
[10-06 17:57:28] INFO: [RL-EP-2336] (2336)
[10-06 17:57:31] INFO: [RL-EP-2337] (2337)
[10-06 17:57:35] INFO: [RL-EP-2338] (2338)
[10-06 17:57:39] INFO: [RL-EP-2339] (2339)
[10-06 17:57:43] INFO: [RL-EP-2340] roll=0.980/0.000/0.020
[10-06 17:57:46] INFO: [RL-EP-2341] (2341)
[10-06 17:57:50] INFO: [RL-EP-2342] (2342)
[10-06 17:57:54] INFO: [RL-EP-2343] (2343)
[10-06 17:57:58] INFO: [RL-EP-2344] (2344)
[10-06 17:58:02] INFO: [RL-EP-2345] roll=0.980/0.000/0.020
[10-06 17:58:06] INFO: [RL-EP-2346] (2346)
[10-06 17:58:09] INFO: [RL-EP-2347] (2347)
[10-06 17:58:12] INFO: [RL-EP-2348] (2348)
[10-06 17:58:17] INFO: [RL-EP-2349] (2349)
[10-06 17:58:17] INFO: [CONFIG-CHECK] ep=2350 updates_per_ep=4 (from config)
[10-06 17:58:21] INFO: [SARL-LOSS] ep=2350 value_loss=0.0188 epsilon=0.0500
[10-06 17:58:21] INFO: [STAT] ep=2350 | roll@25(s/c/t)=1.0/0.0/0.0 (0.98/0.00/0.02) | R.mean=0.5
[10-06 17:58:21] INFO: [METRICS-25] time=17.39s | dfreq=0.000 | ddist=0.000m
[10-06 17:58:21] INFO: [METRICS-PLOT] 3-metrics curve -> /root/bayes-vl-matched-20261006/crowd_nav/runs/bayes-matched-v1/gru-seed42/curves_3metrics.png
[10-06 17:58:21] INFO: [RL-EP-2350] (2350/10000) s/c/t=1/0/0 qloss=0.0000 ploss=0.0000 buf=200000
[10-06 17:58:21] INFO:               cumulative s/c/t%: 98.0%/0.0%/2.0%
[10-06 17:58:21] INFO: [REPLAY-STORE] ok=2350 skip=0 steps=160302 buf=200000
[10-06 17:58:21] INFO: [STAGE0-MONITOR] timeout_ratio=0.020 (target: decrease over time)
[10-06 17:58:21] INFO: ================================================================================
[10-06 17:58:21] INFO: [MULTI-SCALE-2350] TARGET: peak=1.000 stable_90=10ep
[10-06 17:58:21] INFO: [MULTI-SCALE-2350] WINDOWS: short=1.000 med=0.960 long=0.980
[10-06 17:58:21] INFO: [MULTI-SCALE-2350] QUALITY: stability=0.800 learn_rate=0.00000
[10-06 17:58:21] INFO: [ACHIEVEMENT] Stable 90%+ success rate achieved for 10 episodes!
[10-06 17:58:21] INFO: [HEALTH-CHECK-2350] Overall: NEEDS_IMPROVEMENT (score=0.400)
[10-06 17:58:21] INFO: ================================================================================
[10-06 17:58:24] INFO: [RL-EP-2351] (2351)
[10-06 17:58:28] INFO: [RL-EP-2352] (2352)
[10-06 17:58:32] INFO: [RL-EP-2353] (2353)
[10-06 17:58:36] INFO: [RL-EP-2354] (2354)
[10-06 17:58:40] INFO: [RL-EP-2355] roll=0.980/0.000/0.020
[10-06 17:58:43] INFO: [RL-EP-2356] (2356)
[10-06 17:58:47] INFO: [RL-EP-2357] (2357)
[10-06 17:58:50] INFO: [RL-EP-2358] (2358)
[10-06 17:58:54] INFO: [RL-EP-2359] (2359)
[10-06 17:58:58] INFO: [RL-EP-2360] roll=0.980/0.000/0.020
[10-06 17:59:01] INFO: [RL-EP-2361] (2361)
[10-06 17:59:05] INFO: [RL-EP-2362] (2362)
[10-06 17:59:08] INFO: [RL-EP-2363] (2363)
[10-06 17:59:12] INFO: [RL-EP-2364] (2364)
[10-06 17:59:16] INFO: [RL-EP-2365] roll=0.980/0.000/0.020
[10-06 17:59:20] INFO: [RL-EP-2366] (2366)
[10-06 17:59:23] INFO: [RL-EP-2367] (2367)
[10-06 17:59:27] INFO: [RL-EP-2368] (2368)
[10-06 17:59:31] INFO: [RL-EP-2369] (2369)
[10-06 17:59:34] INFO: [RL-EP-2370] roll=0.980/0.000/0.020
[10-06 17:59:37] INFO: [RL-EP-2371] (2371)
[10-06 17:59:41] INFO: [RL-EP-2372] (2372)
[10-06 17:59:45] INFO: [RL-EP-2373] (2373)
[10-06 17:59:49] INFO: [RL-EP-2374] (2374)
[10-06 17:59:52] INFO: [SARL-LOSS] ep=2375 value_loss=0.0252 epsilon=0.0500
[10-06 17:59:52] INFO: [STAT] ep=2375 | roll@25(s/c/t)=1.0/0.0/0.0 (0.98/0.00/0.02) | R.mean=0.5
[10-06 17:59:52] INFO: [METRICS-25] time=17.16s | dfreq=0.000 | ddist=0.000m
[10-06 17:59:53] INFO: [METRICS-PLOT] 3-metrics curve -> /root/bayes-vl-matched-20261006/crowd_nav/runs/bayes-matched-v1/gru-seed42/curves_3metrics.png
[10-06 17:59:53] INFO: [RL-EP-2375] (2375/10000) s/c/t=1/0/0 qloss=0.0000 ploss=0.0000 buf=200000
[10-06 17:59:53] INFO:               cumulative s/c/t%: 98.0%/0.0%/2.0%
[10-06 17:59:53] INFO: [REPLAY-STORE] ok=2375 skip=0 steps=161927 buf=200000
[10-06 17:59:53] INFO: [STAGE0-MONITOR] timeout_ratio=0.020 (target: decrease over time)
[10-06 17:59:53] INFO: ================================================================================
[10-06 17:59:53] INFO: [MULTI-SCALE-2375] TARGET: peak=1.000 stable_90=10ep
[10-06 17:59:53] INFO: [MULTI-SCALE-2375] WINDOWS: short=1.000 med=1.000 long=0.990
[10-06 17:59:53] INFO: [MULTI-SCALE-2375] QUALITY: stability=0.800 learn_rate=0.00000
[10-06 17:59:53] INFO: [ACHIEVEMENT] Stable 90%+ success rate achieved for 10 episodes!
[10-06 17:59:53] INFO: [HEALTH-CHECK-2375] Overall: NEEDS_IMPROVEMENT (score=0.400)
[10-06 17:59:53] INFO: ================================================================================
[10-06 17:59:56] INFO: [RL-EP-2376] (2376)
[10-06 18:00:00] INFO: [RL-EP-2377] (2377)
[10-06 18:00:04] INFO: [RL-EP-2378] (2378)
[10-06 18:00:07] INFO: [RL-EP-2379] (2379)
[10-06 18:00:11] INFO: [RL-EP-2380] roll=0.980/0.000/0.020
[10-06 18:00:14] INFO: [RL-EP-2381] (2381)
[10-06 18:00:18] INFO: [RL-EP-2382] (2382)
[10-06 18:00:21] INFO: [RL-EP-2383] (2383)
[10-06 18:00:25] INFO: [RL-EP-2384] (2384)
[10-06 18:00:28] INFO: [RL-EP-2385] roll=0.980/0.000/0.020
[10-06 18:00:32] INFO: [RL-EP-2386] (2386)
[10-06 18:00:36] INFO: [RL-EP-2387] (2387)
[10-06 18:00:40] INFO: [RL-EP-2388] (2388)
[10-06 18:00:44] INFO: [RL-EP-2389] (2389)
[10-06 18:00:48] INFO: [RL-EP-2390] roll=1.000/0.000/0.000
[10-06 18:00:52] INFO: [RL-EP-2391] (2391)
[10-06 18:00:56] INFO: [RL-EP-2392] (2392)
[10-06 18:01:00] INFO: [RL-EP-2393] (2393)
[10-06 18:01:03] INFO: [RL-EP-2394] (2394)
[10-06 18:01:07] INFO: [RL-EP-2395] roll=1.000/0.000/0.000
[10-06 18:01:10] INFO: [RL-EP-2396] (2396)
[10-06 18:01:15] INFO: [RL-EP-2397] (2397)
[10-06 18:01:19] INFO: [RL-EP-2398] (2398)
[10-06 18:01:23] INFO: [RL-EP-2399] (2399)
[10-06 18:01:23] INFO: [CONFIG-CHECK] ep=2400 updates_per_ep=4 (from config)
[10-06 18:01:23] INFO: [SARL-EPSILON] ep=2400 epsilon=0.0500 (start=0.3, end=0.05, decay=1500)
[10-06 18:01:26] INFO: [SARL-REPLAY] ep=2400 buffer_size=200000 updates=4
[10-06 18:01:26] INFO: [SARL-LOSS] ep=2400 value_loss=0.0261 epsilon=0.0500
[10-06 18:01:26] INFO: [SARL-STATS] ep=2400 buffer_size=200000
[10-06 18:01:26] INFO: [STAT] ep=2400 | roll@25(s/c/t)=1.0/0.0/0.0 (1.00/0.00/0.00) | R.mean=0.5
[10-06 18:01:26] INFO: [METRICS-25] time=16.59s | dfreq=0.000 | ddist=0.000m
[10-06 18:01:27] INFO: [METRICS-PLOT] 3-metrics curve -> /root/bayes-vl-matched-20261006/crowd_nav/runs/bayes-matched-v1/gru-seed42/curves_3metrics.png
[10-06 18:01:27] INFO: [RL-EP-2400] (2400/10000) s/c/t=1/0/0 qloss=0.0000 ploss=0.0000 buf=200000
[10-06 18:01:27] INFO:               cumulative s/c/t%: 100.0%/0.0%/0.0%
[10-06 18:01:27] INFO: [REPLAY-STORE] ok=2400 skip=0 steps=163620 buf=200000
[10-06 18:01:27] INFO: [STAGE0-MONITOR] timeout_ratio=0.000 (target: decrease over time)
[10-06 18:01:27] INFO: [SOT-2400] REWARD succ=1.0/coll=-0.50 | GRID 5×16=80 | EVENTS s=1.00/c=0.00/t=0.00
[10-06 18:01:27] INFO: ================================================================================
[10-06 18:01:27] INFO: [MULTI-SCALE-2400] TARGET: peak=1.000 stable_90=10ep
[10-06 18:01:27] INFO: [MULTI-SCALE-2400] WINDOWS: short=1.000 med=1.000 long=0.990
[10-06 18:01:27] INFO: [MULTI-SCALE-2400] QUALITY: stability=0.800 learn_rate=0.00000
[10-06 18:01:27] INFO: [ACHIEVEMENT] Stable 90%+ success rate achieved for 10 episodes!
[10-06 18:01:27] INFO: [HEALTH-CHECK-2400] Overall: NEEDS_IMPROVEMENT (score=0.400)
[10-06 18:01:27] INFO: ================================================================================
[10-06 18:01:31] INFO: [RL-EP-2401] (2401)
[10-06 18:01:35] INFO: [RL-EP-2402] (2402)
[10-06 18:01:38] INFO: [RL-EP-2403] (2403)
[10-06 18:01:42] INFO: [RL-EP-2404] (2404)
[10-06 18:01:45] INFO: [RL-EP-2405] roll=1.000/0.000/0.000
[10-06 18:01:48] INFO: [RL-EP-2406] (2406)
[10-06 18:01:51] INFO: [RL-EP-2407] (2407)
[10-06 18:01:55] INFO: [RL-EP-2408] (2408)
[10-06 18:01:59] INFO: [RL-EP-2409] (2409)
[10-06 18:02:03] INFO: [RL-EP-2410] roll=1.000/0.000/0.000
[10-06 18:02:07] INFO: [RL-EP-2411] (2411)
[10-06 18:02:10] INFO: [RL-EP-2412] (2412)
[10-06 18:02:14] INFO: [RL-EP-2413] (2413)
[10-06 18:02:18] INFO: [RL-EP-2414] (2414)
[10-06 18:02:22] INFO: [RL-EP-2415] roll=1.000/0.000/0.000
[10-06 18:02:26] INFO: [RL-EP-2416] (2416)
[10-06 18:02:29] INFO: [RL-EP-2417] (2417)
[10-06 18:02:33] INFO: [RL-EP-2418] (2418)
[10-06 18:02:36] INFO: [RL-EP-2419] (2419)
[10-06 18:02:40] INFO: [RL-EP-2420] roll=1.000/0.000/0.000
[10-06 18:02:44] INFO: [RL-EP-2421] (2421)
[10-06 18:02:48] INFO: [RL-EP-2422] (2422)
[10-06 18:02:51] INFO: [RL-EP-2423] (2423)
[10-06 18:02:54] INFO: [RL-EP-2424] (2424)
[10-06 18:02:58] INFO: [SARL-LOSS] ep=2425 value_loss=0.0223 epsilon=0.0500
[10-06 18:02:58] INFO: [STAT] ep=2425 | roll@25(s/c/t)=1.0/0.0/0.0 (1.00/0.00/0.00) | R.mean=0.5
[10-06 18:02:58] INFO: [METRICS-25] time=16.52s | dfreq=0.000 | ddist=0.000m
[10-06 18:02:59] INFO: [METRICS-PLOT] 3-metrics curve -> /root/bayes-vl-matched-20261006/crowd_nav/runs/bayes-matched-v1/gru-seed42/curves_3metrics.png
[10-06 18:02:59] INFO: [RL-EP-2425] (2425/10000) s/c/t=1/0/0 qloss=0.0000 ploss=0.0000 buf=200000
[10-06 18:02:59] INFO:               cumulative s/c/t%: 100.0%/0.0%/0.0%
[10-06 18:02:59] INFO: [REPLAY-STORE] ok=2425 skip=0 steps=165230 buf=200000
[10-06 18:02:59] INFO: [STAGE0-MONITOR] timeout_ratio=0.000 (target: decrease over time)
[10-06 18:02:59] INFO: ================================================================================
[10-06 18:02:59] INFO: [MULTI-SCALE-2425] TARGET: peak=1.000 stable_90=10ep
[10-06 18:02:59] INFO: [MULTI-SCALE-2425] WINDOWS: short=1.000 med=1.000 long=0.990
[10-06 18:02:59] INFO: [MULTI-SCALE-2425] QUALITY: stability=0.800 learn_rate=0.00000
[10-06 18:02:59] INFO: [ACHIEVEMENT] Stable 90%+ success rate achieved for 10 episodes!
[10-06 18:02:59] INFO: [HEALTH-CHECK-2425] Overall: NEEDS_IMPROVEMENT (score=0.400)
[10-06 18:02:59] INFO: ================================================================================
[10-06 18:03:02] INFO: [RL-EP-2426] (2426)
[10-06 18:03:06] INFO: [RL-EP-2427] (2427)
[10-06 18:03:09] INFO: [RL-EP-2428] (2428)
[10-06 18:03:13] INFO: [RL-EP-2429] (2429)
[10-06 18:03:16] INFO: [RL-EP-2430] roll=1.000/0.000/0.000
[10-06 18:03:20] INFO: [RL-EP-2431] (2431)
[10-06 18:03:24] INFO: [RL-EP-2432] (2432)
[10-06 18:03:27] INFO: [RL-EP-2433] (2433)
[10-06 18:03:31] INFO: [RL-EP-2434] (2434)
[10-06 18:03:34] INFO: [RL-EP-2435] roll=1.000/0.000/0.000
[10-06 18:03:38] INFO: [RL-EP-2436] (2436)
[10-06 18:03:42] INFO: [RL-EP-2437] (2437)
[10-06 18:03:45] INFO: [RL-EP-2438] (2438)
[10-06 18:03:49] INFO: [RL-EP-2439] (2439)
[10-06 18:03:53] INFO: [RL-EP-2440] roll=1.000/0.000/0.000
[10-06 18:03:57] INFO: [RL-EP-2441] (2441)
[10-06 18:04:00] INFO: [RL-EP-2442] (2442)
[10-06 18:04:04] INFO: [RL-EP-2443] (2443)
[10-06 18:04:08] INFO: [RL-EP-2444] (2444)
[10-06 18:04:11] INFO: [RL-EP-2445] roll=1.000/0.000/0.000
[10-06 18:04:20] INFO: [RL-EP-2446] (2446)
[10-06 18:04:24] INFO: [RL-EP-2447] (2447)
[10-06 18:04:27] INFO: [RL-EP-2448] (2448)
[10-06 18:04:31] INFO: [RL-EP-2449] (2449)
[10-06 18:04:31] INFO: [CONFIG-CHECK] ep=2450 updates_per_ep=4 (from config)
[10-06 18:04:34] INFO: [SARL-LOSS] ep=2450 value_loss=0.0257 epsilon=0.0500
[10-06 18:04:34] INFO: [STAT] ep=2450 | roll@25(s/c/t)=1.0/0.0/0.0 (0.98/0.00/0.02) | R.mean=0.5
[10-06 18:04:34] INFO: [METRICS-25] time=16.86s | dfreq=0.000 | ddist=0.000m
[10-06 18:04:35] INFO: [METRICS-PLOT] 3-metrics curve -> /root/bayes-vl-matched-20261006/crowd_nav/runs/bayes-matched-v1/gru-seed42/curves_3metrics.png
[10-06 18:04:35] INFO: [RL-EP-2450] (2450/10000) s/c/t=1/0/0 qloss=0.0000 ploss=0.0000 buf=200000
[10-06 18:04:35] INFO:               cumulative s/c/t%: 98.0%/0.0%/2.0%
[10-06 18:04:35] INFO: [REPLAY-STORE] ok=2450 skip=0 steps=166993 buf=200000
[10-06 18:04:35] INFO: [STAGE0-MONITOR] timeout_ratio=0.020 (target: decrease over time)
[10-06 18:04:35] INFO: ================================================================================
[10-06 18:04:35] INFO: [MULTI-SCALE-2450] TARGET: peak=1.000 stable_90=10ep
[10-06 18:04:35] INFO: [MULTI-SCALE-2450] WINDOWS: short=0.900 med=0.960 long=0.990
[10-06 18:04:35] INFO: [MULTI-SCALE-2450] QUALITY: stability=0.800 learn_rate=0.00000
[10-06 18:04:35] INFO: [ACHIEVEMENT] Stable 90%+ success rate achieved for 10 episodes!
[10-06 18:04:35] INFO: [HEALTH-CHECK-2450] Overall: NEEDS_IMPROVEMENT (score=0.400)
[10-06 18:04:35] INFO: ================================================================================
[10-06 18:04:39] INFO: [RL-EP-2451] (2451)
[10-06 18:04:43] INFO: [RL-EP-2452] (2452)
[10-06 18:04:52] INFO: [RL-EP-2453] (2453)
[10-06 18:04:56] INFO: [RL-EP-2454] (2454)
[10-06 18:04:59] INFO: [RL-EP-2455] roll=0.960/0.000/0.040
[10-06 18:05:03] INFO: [RL-EP-2456] (2456)
[10-06 18:05:07] INFO: [RL-EP-2457] (2457)
[10-06 18:05:10] INFO: [RL-EP-2458] (2458)
[10-06 18:05:14] INFO: [RL-EP-2459] (2459)
[10-06 18:05:17] INFO: [RL-EP-2460] roll=0.960/0.000/0.040
[10-06 18:05:21] INFO: [RL-EP-2461] (2461)
[10-06 18:05:25] INFO: [RL-EP-2462] (2462)
[10-06 18:05:28] INFO: [RL-EP-2463] (2463)
[10-06 18:05:32] INFO: [RL-EP-2464] (2464)
[10-06 18:05:36] INFO: [RL-EP-2465] roll=0.960/0.000/0.040
[10-06 18:05:39] INFO: [RL-EP-2466] (2466)
[10-06 18:05:43] INFO: [RL-EP-2467] (2467)
[10-06 18:05:47] INFO: [RL-EP-2468] (2468)
[10-06 18:05:50] INFO: [RL-EP-2469] (2469)
[10-06 18:05:54] INFO: [RL-EP-2470] roll=0.960/0.000/0.040
[10-06 18:05:57] INFO: [RL-EP-2471] (2471)
[10-06 18:06:01] INFO: [RL-EP-2472] (2472)
[10-06 18:06:05] INFO: [RL-EP-2473] (2473)
[10-06 18:06:08] INFO: [RL-EP-2474] (2474)
[10-06 18:06:12] INFO: [SARL-LOSS] ep=2475 value_loss=0.0241 epsilon=0.0500
[10-06 18:06:12] INFO: [STAT] ep=2475 | roll@25(s/c/t)=1.0/0.0/0.0 (0.96/0.00/0.04) | R.mean=0.5
[10-06 18:06:12] INFO: [METRICS-25] time=17.53s | dfreq=0.000 | ddist=0.000m
[10-06 18:06:12] INFO: [METRICS-PLOT] 3-metrics curve -> /root/bayes-vl-matched-20261006/crowd_nav/runs/bayes-matched-v1/gru-seed42/curves_3metrics.png
[10-06 18:06:12] INFO: [RL-EP-2475] (2475/10000) s/c/t=1/0/0 qloss=0.0000 ploss=0.0000 buf=200000
[10-06 18:06:12] INFO:               cumulative s/c/t%: 96.0%/0.0%/4.0%
[10-06 18:06:12] INFO: [REPLAY-STORE] ok=2475 skip=0 steps=168736 buf=200000
[10-06 18:06:12] INFO: [STAGE0-MONITOR] timeout_ratio=0.040 (target: decrease over time)
[10-06 18:06:12] INFO: ================================================================================
[10-06 18:06:12] INFO: [MULTI-SCALE-2475] TARGET: peak=1.000 stable_90=10ep
[10-06 18:06:12] INFO: [MULTI-SCALE-2475] WINDOWS: short=1.000 med=0.960 long=0.980
[10-06 18:06:12] INFO: [MULTI-SCALE-2475] QUALITY: stability=0.800 learn_rate=0.00000
[10-06 18:06:12] INFO: [ACHIEVEMENT] Stable 90%+ success rate achieved for 10 episodes!
[10-06 18:06:12] INFO: [HEALTH-CHECK-2475] Overall: NEEDS_IMPROVEMENT (score=0.400)
[10-06 18:06:12] INFO: ================================================================================
[10-06 18:06:16] INFO: [RL-EP-2476] (2476)
[10-06 18:06:20] INFO: [RL-EP-2477] (2477)
[10-06 18:06:23] INFO: [RL-EP-2478] (2478)
[10-06 18:06:28] INFO: [RL-EP-2479] (2479)
[10-06 18:06:32] INFO: [RL-EP-2480] roll=0.960/0.000/0.040
[10-06 18:06:35] INFO: [RL-EP-2481] (2481)
[10-06 18:06:38] INFO: [RL-EP-2482] (2482)
[10-06 18:06:42] INFO: [RL-EP-2483] (2483)
[10-06 18:06:46] INFO: [RL-EP-2484] (2484)
[10-06 18:06:49] INFO: [RL-EP-2485] roll=0.960/0.000/0.040
[10-06 18:06:53] INFO: [RL-EP-2486] (2486)
[10-06 18:06:56] INFO: [RL-EP-2487] (2487)
[10-06 18:07:00] INFO: [RL-EP-2488] (2488)
[10-06 18:07:05] INFO: [RL-EP-2489] (2489)
[10-06 18:07:08] INFO: [RL-EP-2490] roll=0.960/0.000/0.040
[10-06 18:07:12] INFO: [RL-EP-2491] (2491)
[10-06 18:07:16] INFO: [RL-EP-2492] (2492)
[10-06 18:07:19] INFO: [RL-EP-2493] (2493)
[10-06 18:07:24] INFO: [RL-EP-2494] (2494)
[10-06 18:07:28] INFO: [RL-EP-2495] roll=0.960/0.000/0.040
[10-06 18:07:31] INFO: [RL-EP-2496] (2496)
[10-06 18:07:40] INFO: [RL-EP-2497] (2497)
[10-06 18:07:44] INFO: [RL-EP-2498] (2498)
[10-06 18:07:47] INFO: [RL-EP-2499] (2499)
[10-06 18:07:47] INFO: [CONFIG-CHECK] ep=2500 updates_per_ep=4 (from config)
[10-06 18:07:47] INFO: [SARL-EPSILON] ep=2500 epsilon=0.0500 (start=0.3, end=0.05, decay=1500)
[10-06 18:07:51] INFO: [SARL-REPLAY] ep=2500 buffer_size=200000 updates=4
[10-06 18:07:51] INFO: [SARL-LOSS] ep=2500 value_loss=0.0196 epsilon=0.0500
[10-06 18:07:51] INFO: [SARL-STATS] ep=2500 buffer_size=200000
[10-06 18:07:51] INFO: [STAT] ep=2500 | roll@25(s/c/t)=1.0/0.0/0.0 (0.96/0.00/0.04) | R.mean=0.5
[10-06 18:07:51] INFO: [METRICS-25] time=17.78s | dfreq=0.000 | ddist=0.000m
[10-06 18:07:52] INFO: [METRICS-PLOT] 3-metrics curve -> /root/bayes-vl-matched-20261006/crowd_nav/runs/bayes-matched-v1/gru-seed42/curves_3metrics.png
[10-06 18:07:52] INFO: [RL-EP-2500] (2500/10000) s/c/t=1/0/0 qloss=0.0000 ploss=0.0000 buf=200000
[10-06 18:07:52] INFO:               cumulative s/c/t%: 96.0%/0.0%/4.0%
[10-06 18:07:52] INFO: [REPLAY-STORE] ok=2500 skip=0 steps=170549 buf=200000
[10-06 18:07:52] INFO: [STAGE0-MONITOR] timeout_ratio=0.040 (target: decrease over time)
[10-06 18:07:52] INFO: [SOT-2500] REWARD succ=1.0/coll=-0.50 | GRID 5×16=80 | EVENTS s=0.96/c=0.00/t=0.04
[10-06 18:07:52] INFO: ================================================================================
[10-06 18:07:52] INFO: [MULTI-SCALE-2500] TARGET: peak=1.000 stable_90=10ep
[10-06 18:07:52] INFO: [MULTI-SCALE-2500] WINDOWS: short=0.900 med=0.960 long=0.970
[10-06 18:07:52] INFO: [MULTI-SCALE-2500] QUALITY: stability=0.800 learn_rate=0.00000
[10-06 18:07:52] INFO: [ACHIEVEMENT] Stable 90%+ success rate achieved for 10 episodes!
[10-06 18:07:52] INFO: [HEALTH-CHECK-2500] Overall: NEEDS_IMPROVEMENT (score=0.400)
[10-06 18:07:52] INFO: ================================================================================
[10-06 18:07:52] INFO: [RL-SAVE] sarl checkpoint -> /root/bayes-vl-matched-20261006/crowd_nav/runs/bayes-matched-v1/gru-seed42/rl_model_ep2500.pth
[10-06 18:07:52] INFO: [RL-SAVE] Saved components: policy, target network, optimizer
[10-06 18:07:55] INFO: [RL-EP-2501] (2501)
[10-06 18:07:59] INFO: [RL-EP-2502] (2502)
[10-06 18:08:03] INFO: [RL-EP-2503] (2503)
[10-06 18:08:07] INFO: [RL-EP-2504] (2504)
[10-06 18:08:10] INFO: [RL-EP-2505] roll=0.980/0.000/0.020
[10-06 18:08:14] INFO: [RL-EP-2506] (2506)
[10-06 18:08:18] INFO: [RL-EP-2507] (2507)
[10-06 18:08:22] INFO: [RL-EP-2508] (2508)
[10-06 18:08:25] INFO: [RL-EP-2509] (2509)
[10-06 18:08:29] INFO: [RL-EP-2510] roll=0.980/0.000/0.020
[10-06 18:08:31] INFO: [RL-EP-2511] (2511)
[10-06 18:08:34] INFO: [RL-EP-2512] (2512)
[10-06 18:08:37] INFO: [RL-EP-2513] (2513)
[10-06 18:08:40] INFO: [RL-EP-2514] (2514)
[10-06 18:08:42] INFO: [RL-EP-2515] roll=0.980/0.000/0.020
[10-06 18:08:45] INFO: [RL-EP-2516] (2516)
[10-06 18:08:47] INFO: [RL-EP-2517] (2517)
[10-06 18:08:51] INFO: [RL-EP-2518] (2518)
[10-06 18:08:53] INFO: [RL-EP-2519] (2519)
[10-06 18:08:56] INFO: [RL-EP-2520] roll=0.980/0.000/0.020
[10-06 18:08:59] INFO: [RL-EP-2521] (2521)
[10-06 18:09:02] INFO: [RL-EP-2522] (2522)
[10-06 18:09:04] INFO: [RL-EP-2523] (2523)
[10-06 18:09:08] INFO: [RL-EP-2524] (2524)
[10-06 18:09:10] INFO: [SARL-LOSS] ep=2525 value_loss=0.0264 epsilon=0.0500
[10-06 18:09:10] INFO: [STAT] ep=2525 | roll@25(s/c/t)=1.0/0.0/0.0 (0.98/0.00/0.02) | R.mean=0.5
[10-06 18:09:10] INFO: [METRICS-25] time=17.61s | dfreq=0.000 | ddist=0.000m
[10-06 18:09:11] INFO: [METRICS-PLOT] 3-metrics curve -> /root/bayes-vl-matched-20261006/crowd_nav/runs/bayes-matched-v1/gru-seed42/curves_3metrics.png
[10-06 18:09:11] INFO: [RL-EP-2525] (2525/10000) s/c/t=1/0/0 qloss=0.0000 ploss=0.0000 buf=200000
[10-06 18:09:11] INFO:               cumulative s/c/t%: 98.0%/0.0%/2.0%
[10-06 18:09:11] INFO: [REPLAY-STORE] ok=2525 skip=0 steps=172258 buf=200000
[10-06 18:09:11] INFO: [STAGE0-MONITOR] timeout_ratio=0.020 (target: decrease over time)
[10-06 18:09:11] INFO: ================================================================================
[10-06 18:09:11] INFO: [MULTI-SCALE-2525] TARGET: peak=1.000 stable_90=10ep
[10-06 18:09:11] INFO: [MULTI-SCALE-2525] WINDOWS: short=1.000 med=1.000 long=0.970
[10-06 18:09:11] INFO: [MULTI-SCALE-2525] QUALITY: stability=0.800 learn_rate=0.00000
[10-06 18:09:11] INFO: [ACHIEVEMENT] Stable 90%+ success rate achieved for 10 episodes!
[10-06 18:09:11] INFO: [HEALTH-CHECK-2525] Overall: NEEDS_IMPROVEMENT (score=0.400)
[10-06 18:09:11] INFO: ================================================================================
[10-06 18:09:14] INFO: [RL-EP-2526] (2526)
[10-06 18:09:16] INFO: [RL-EP-2527] (2527)
[10-06 18:09:19] INFO: [RL-EP-2528] (2528)
[10-06 18:09:21] INFO: [RL-EP-2529] (2529)
[10-06 18:09:25] INFO: [RL-EP-2530] roll=0.980/0.000/0.020
[10-06 18:09:34] INFO: [RL-EP-2531] (2531)
[10-06 18:09:38] INFO: [RL-EP-2532] (2532)
[10-06 18:09:41] INFO: [RL-EP-2533] (2533)
[10-06 18:09:45] INFO: [RL-EP-2534] (2534)
[10-06 18:09:48] INFO: [RL-EP-2535] roll=0.960/0.000/0.040
[10-06 18:09:52] INFO: [RL-EP-2536] (2536)
[10-06 18:09:56] INFO: [RL-EP-2537] (2537)
[10-06 18:09:59] INFO: [RL-EP-2538] (2538)
[10-06 18:10:03] INFO: [RL-EP-2539] (2539)
[10-06 18:10:07] INFO: [RL-EP-2540] roll=0.960/0.000/0.040
[10-06 18:10:11] INFO: [RL-EP-2541] (2541)
[10-06 18:10:20] INFO: [RL-EP-2542] (2542)
[10-06 18:10:23] INFO: [RL-EP-2543] (2543)
[10-06 18:10:27] INFO: [RL-EP-2544] (2544)
[10-06 18:10:31] INFO: [RL-EP-2545] roll=0.940/0.000/0.060
[10-06 18:10:34] INFO: [RL-EP-2546] (2546)
[10-06 18:10:37] INFO: [RL-EP-2547] (2547)
[10-06 18:10:41] INFO: [RL-EP-2548] (2548)
[10-06 18:10:45] INFO: [RL-EP-2549] (2549)
[10-06 18:10:45] INFO: [CONFIG-CHECK] ep=2550 updates_per_ep=4 (from config)
[10-06 18:10:49] INFO: [SARL-LOSS] ep=2550 value_loss=0.0252 epsilon=0.0500
[10-06 18:10:49] INFO: [STAT] ep=2550 | roll@25(s/c/t)=1.0/0.0/0.0 (0.96/0.00/0.04) | R.mean=0.5
[10-06 18:10:49] INFO: [METRICS-25] time=18.07s | dfreq=0.000 | ddist=0.000m
[10-06 18:10:49] INFO: [METRICS-PLOT] 3-metrics curve -> /root/bayes-vl-matched-20261006/crowd_nav/runs/bayes-matched-v1/gru-seed42/curves_3metrics.png
[10-06 18:10:49] INFO: [RL-EP-2550] (2550/10000) s/c/t=1/0/0 qloss=0.0000 ploss=0.0000 buf=200000
[10-06 18:10:49] INFO:               cumulative s/c/t%: 96.0%/0.0%/4.0%
[10-06 18:10:49] INFO: [REPLAY-STORE] ok=2550 skip=0 steps=174164 buf=200000
[10-06 18:10:49] INFO: [STAGE0-MONITOR] timeout_ratio=0.040 (target: decrease over time)
[10-06 18:10:49] INFO: ================================================================================
[10-06 18:10:49] INFO: [MULTI-SCALE-2550] TARGET: peak=1.000 stable_90=10ep
[10-06 18:10:49] INFO: [MULTI-SCALE-2550] WINDOWS: short=0.900 med=0.920 long=0.960
[10-06 18:10:49] INFO: [MULTI-SCALE-2550] QUALITY: stability=0.800 learn_rate=0.00000
[10-06 18:10:49] INFO: [ACHIEVEMENT] Stable 90%+ success rate achieved for 10 episodes!
[10-06 18:10:49] INFO: [HEALTH-CHECK-2550] Overall: NEEDS_IMPROVEMENT (score=0.400)
[10-06 18:10:49] INFO: ================================================================================
[10-06 18:10:53] INFO: [RL-EP-2551] (2551)
[10-06 18:10:57] INFO: [RL-EP-2552] (2552)
[10-06 18:11:01] INFO: [RL-EP-2553] (2553)
[10-06 18:11:05] INFO: [RL-EP-2554] (2554)
[10-06 18:11:09] INFO: [RL-EP-2555] roll=0.960/0.000/0.040
[10-06 18:11:12] INFO: [RL-EP-2556] (2556)
[10-06 18:11:17] INFO: [RL-EP-2557] (2557)
[10-06 18:11:20] INFO: [RL-EP-2558] (2558)
[10-06 18:11:25] INFO: [RL-EP-2559] (2559)
[10-06 18:11:29] INFO: [RL-EP-2560] roll=0.960/0.000/0.040
[10-06 18:11:33] INFO: [RL-EP-2561] (2561)
[10-06 18:11:36] INFO: [RL-EP-2562] (2562)
[10-06 18:11:40] INFO: [RL-EP-2563] (2563)
[10-06 18:11:43] INFO: [RL-EP-2564] (2564)
[10-06 18:11:47] INFO: [RL-EP-2565] roll=0.960/0.000/0.040
[10-06 18:11:51] INFO: [RL-EP-2566] (2566)
[10-06 18:11:54] INFO: [RL-EP-2567] (2567)
[10-06 18:11:58] INFO: [RL-EP-2568] (2568)
[10-06 18:12:01] INFO: [RL-EP-2569] (2569)
[10-06 18:12:05] INFO: [RL-EP-2570] roll=0.960/0.000/0.040
[10-06 18:12:08] INFO: [RL-EP-2571] (2571)
[10-06 18:12:12] INFO: [RL-EP-2572] (2572)
[10-06 18:12:17] INFO: [RL-EP-2573] (2573)
[10-06 18:12:21] INFO: [RL-EP-2574] (2574)
[10-06 18:12:25] INFO: [SARL-LOSS] ep=2575 value_loss=0.0259 epsilon=0.0500
[10-06 18:12:25] INFO: [STAT] ep=2575 | roll@25(s/c/t)=1.0/0.0/0.0 (0.96/0.00/0.04) | R.mean=0.5
[10-06 18:12:25] INFO: [METRICS-25] time=18.25s | dfreq=0.000 | ddist=0.000m
[10-06 18:12:26] INFO: [METRICS-PLOT] 3-metrics curve -> /root/bayes-vl-matched-20261006/crowd_nav/runs/bayes-matched-v1/gru-seed42/curves_3metrics.png
[10-06 18:12:26] INFO: [RL-EP-2575] (2575/10000) s/c/t=1/0/0 qloss=0.0000 ploss=0.0000 buf=200000
[10-06 18:12:26] INFO:               cumulative s/c/t%: 96.0%/0.0%/4.0%
[10-06 18:12:26] INFO: [REPLAY-STORE] ok=2575 skip=0 steps=175908 buf=200000
[10-06 18:12:26] INFO: [STAGE0-MONITOR] timeout_ratio=0.040 (target: decrease over time)
[10-06 18:12:26] INFO: ================================================================================
[10-06 18:12:26] INFO: [MULTI-SCALE-2575] TARGET: peak=1.000 stable_90=10ep
[10-06 18:12:26] INFO: [MULTI-SCALE-2575] WINDOWS: short=1.000 med=1.000 long=0.970
[10-06 18:12:26] INFO: [MULTI-SCALE-2575] QUALITY: stability=0.800 learn_rate=0.00000
[10-06 18:12:26] INFO: [ACHIEVEMENT] Stable 90%+ success rate achieved for 10 episodes!
[10-06 18:12:26] INFO: [HEALTH-CHECK-2575] Overall: NEEDS_IMPROVEMENT (score=0.400)
[10-06 18:12:26] INFO: ================================================================================
[10-06 18:12:28] INFO: [RL-EP-2576] (2576)
[10-06 18:12:31] INFO: [RL-EP-2577] (2577)
[10-06 18:12:35] INFO: [RL-EP-2578] (2578)
[10-06 18:12:39] INFO: [RL-EP-2579] (2579)
[10-06 18:12:43] INFO: [RL-EP-2580] roll=0.940/0.020/0.040
[10-06 18:12:46] INFO: [RL-EP-2581] (2581)
[10-06 18:12:50] INFO: [RL-EP-2582] (2582)
[10-06 18:12:53] INFO: [RL-EP-2583] (2583)
[10-06 18:12:57] INFO: [RL-EP-2584] (2584)
[10-06 18:13:02] INFO: [RL-EP-2585] roll=0.960/0.020/0.020
[10-06 18:13:05] INFO: [RL-EP-2586] (2586)
[10-06 18:13:08] INFO: [RL-EP-2587] (2587)
[10-06 18:13:13] INFO: [RL-EP-2588] (2588)
[10-06 18:13:16] INFO: [RL-EP-2589] (2589)
[10-06 18:13:20] INFO: [RL-EP-2590] roll=0.960/0.020/0.020
[10-06 18:13:23] INFO: [RL-EP-2591] (2591)
[10-06 18:13:27] INFO: [RL-EP-2592] (2592)
[10-06 18:13:30] INFO: [RL-EP-2593] (2593)
[10-06 18:13:34] INFO: [RL-EP-2594] (2594)
[10-06 18:13:39] INFO: [RL-EP-2595] roll=0.980/0.020/0.000
[10-06 18:13:42] INFO: [RL-EP-2596] (2596)
[10-06 18:13:45] INFO: [RL-EP-2597] (2597)
[10-06 18:13:49] INFO: [RL-EP-2598] (2598)
[10-06 18:13:52] INFO: [RL-EP-2599] (2599)
[10-06 18:13:52] INFO: [CONFIG-CHECK] ep=2600 updates_per_ep=4 (from config)
[10-06 18:13:52] INFO: [SARL-EPSILON] ep=2600 epsilon=0.0500 (start=0.3, end=0.05, decay=1500)
[10-06 18:13:56] INFO: [SARL-REPLAY] ep=2600 buffer_size=200000 updates=4
[10-06 18:13:56] INFO: [SARL-LOSS] ep=2600 value_loss=0.0233 epsilon=0.0500
[10-06 18:13:56] INFO: [SARL-STATS] ep=2600 buffer_size=200000
[10-06 18:13:56] INFO: [STAT] ep=2600 | roll@25(s/c/t)=1.0/0.0/0.0 (0.98/0.02/0.00) | R.mean=0.5
[10-06 18:13:56] INFO: [METRICS-25] time=16.64s | dfreq=0.000 | ddist=0.000m
[10-06 18:13:56] INFO: [METRICS-PLOT] 3-metrics curve -> /root/bayes-vl-matched-20261006/crowd_nav/runs/bayes-matched-v1/gru-seed42/curves_3metrics.png
[10-06 18:13:56] INFO: [RL-EP-2600] (2600/10000) s/c/t=1/0/0 qloss=0.0000 ploss=0.0000 buf=200000
[10-06 18:13:56] INFO:               cumulative s/c/t%: 98.0%/2.0%/0.0%
[10-06 18:13:56] INFO: [REPLAY-STORE] ok=2600 skip=0 steps=177491 buf=200000
[10-06 18:13:56] INFO: [STAGE0-MONITOR] timeout_ratio=0.000 (target: decrease over time)
[10-06 18:13:56] INFO: [SOT-2600] REWARD succ=1.0/coll=-0.50 | GRID 5×16=80 | EVENTS s=0.98/c=0.02/t=0.00
[10-06 18:13:56] INFO: ================================================================================
[10-06 18:13:56] INFO: [MULTI-SCALE-2600] TARGET: peak=1.000 stable_90=10ep
[10-06 18:13:56] INFO: [MULTI-SCALE-2600] WINDOWS: short=1.000 med=0.960 long=0.970
[10-06 18:13:56] INFO: [MULTI-SCALE-2600] QUALITY: stability=0.800 learn_rate=0.00000
[10-06 18:13:56] INFO: [ACHIEVEMENT] Stable 90%+ success rate achieved for 10 episodes!
[10-06 18:13:56] INFO: [HEALTH-CHECK-2600] Overall: NEEDS_IMPROVEMENT (score=0.400)
[10-06 18:13:56] INFO: ================================================================================
[10-06 18:14:00] INFO: [RL-EP-2601] (2601)
[10-06 18:14:04] INFO: [RL-EP-2602] (2602)
[10-06 18:14:08] INFO: [RL-EP-2603] (2603)
[10-06 18:14:11] INFO: [RL-EP-2604] (2604)
[10-06 18:14:16] INFO: [RL-EP-2605] roll=0.980/0.020/0.000
[10-06 18:14:20] INFO: [RL-EP-2606] (2606)
[10-06 18:14:23] INFO: [RL-EP-2607] (2607)
[10-06 18:14:27] INFO: [RL-EP-2608] (2608)
[10-06 18:14:31] INFO: [RL-EP-2609] (2609)
[10-06 18:14:35] INFO: [RL-EP-2610] roll=0.980/0.020/0.000
[10-06 18:14:38] INFO: [RL-EP-2611] (2611)
[10-06 18:14:42] INFO: [RL-EP-2612] (2612)
[10-06 18:14:46] INFO: [RL-EP-2613] (2613)
[10-06 18:14:50] INFO: [RL-EP-2614] (2614)
[10-06 18:14:53] INFO: [RL-EP-2615] roll=0.980/0.020/0.000
[10-06 18:14:56] INFO: [RL-EP-2616] (2616)
[10-06 18:15:00] INFO: [RL-EP-2617] (2617)
[10-06 18:15:04] INFO: [RL-EP-2618] (2618)
[10-06 18:15:07] INFO: [RL-EP-2619] (2619)
[10-06 18:15:11] INFO: [RL-EP-2620] roll=0.980/0.020/0.000
[10-06 18:15:14] INFO: [RL-EP-2621] (2621)
[10-06 18:15:18] INFO: [RL-EP-2622] (2622)
[10-06 18:15:22] INFO: [RL-EP-2623] (2623)
[10-06 18:15:26] INFO: [RL-EP-2624] (2624)
[10-06 18:15:29] INFO: [SARL-LOSS] ep=2625 value_loss=0.0254 epsilon=0.0500
[10-06 18:15:29] INFO: [STAT] ep=2625 | roll@25(s/c/t)=1.0/0.0/0.0 (0.98/0.02/0.00) | R.mean=0.5
[10-06 18:15:29] INFO: [METRICS-25] time=16.34s | dfreq=0.000 | ddist=0.000m
[10-06 18:15:30] INFO: [METRICS-PLOT] 3-metrics curve -> /root/bayes-vl-matched-20261006/crowd_nav/runs/bayes-matched-v1/gru-seed42/curves_3metrics.png
[10-06 18:15:30] INFO: [RL-EP-2625] (2625/10000) s/c/t=1/0/0 qloss=0.0000 ploss=0.0000 buf=200000
[10-06 18:15:30] INFO:               cumulative s/c/t%: 98.0%/2.0%/0.0%
[10-06 18:15:30] INFO: [REPLAY-STORE] ok=2625 skip=0 steps=179177 buf=200000
[10-06 18:15:30] INFO: [STAGE0-MONITOR] timeout_ratio=0.000 (target: decrease over time)
[10-06 18:15:30] INFO: ================================================================================
[10-06 18:15:30] INFO: [MULTI-SCALE-2625] TARGET: peak=1.000 stable_90=10ep
[10-06 18:15:30] INFO: [MULTI-SCALE-2625] WINDOWS: short=1.000 med=1.000 long=0.970
[10-06 18:15:30] INFO: [MULTI-SCALE-2625] QUALITY: stability=0.800 learn_rate=0.00000
[10-06 18:15:30] INFO: [ACHIEVEMENT] Stable 90%+ success rate achieved for 10 episodes!
[10-06 18:15:30] INFO: [HEALTH-CHECK-2625] Overall: NEEDS_IMPROVEMENT (score=0.400)
[10-06 18:15:30] INFO: ================================================================================
[10-06 18:15:34] INFO: [RL-EP-2626] (2626)
[10-06 18:15:37] INFO: [RL-EP-2627] (2627)
[10-06 18:15:42] INFO: [RL-EP-2628] (2628)
[10-06 18:15:45] INFO: [RL-EP-2629] (2629)
[10-06 18:15:49] INFO: [RL-EP-2630] roll=1.000/0.000/0.000
[10-06 18:15:53] INFO: [RL-EP-2631] (2631)
[10-06 18:15:56] INFO: [RL-EP-2632] (2632)
[10-06 18:16:00] INFO: [RL-EP-2633] (2633)
[10-06 18:16:03] INFO: [RL-EP-2634] (2634)
[10-06 18:16:07] INFO: [RL-EP-2635] roll=1.000/0.000/0.000
[10-06 18:16:11] INFO: [RL-EP-2636] (2636)
[10-06 18:16:14] INFO: [RL-EP-2637] (2637)
[10-06 18:16:18] INFO: [RL-EP-2638] (2638)
[10-06 18:16:21] INFO: [RL-EP-2639] (2639)
[10-06 18:16:24] INFO: [RL-EP-2640] roll=1.000/0.000/0.000
[10-06 18:16:28] INFO: [RL-EP-2641] (2641)
[10-06 18:16:32] INFO: [RL-EP-2642] (2642)
[10-06 18:16:35] INFO: [RL-EP-2643] (2643)
[10-06 18:16:39] INFO: [RL-EP-2644] (2644)
[10-06 18:16:43] INFO: [RL-EP-2645] roll=1.000/0.000/0.000
[10-06 18:16:46] INFO: [RL-EP-2646] (2646)
[10-06 18:16:50] INFO: [RL-EP-2647] (2647)
[10-06 18:16:53] INFO: [RL-EP-2648] (2648)
[10-06 18:16:57] INFO: [RL-EP-2649] (2649)
[10-06 18:16:57] INFO: [CONFIG-CHECK] ep=2650 updates_per_ep=4 (from config)
[10-06 18:17:01] INFO: [SARL-LOSS] ep=2650 value_loss=0.0223 epsilon=0.0500
[10-06 18:17:01] INFO: [STAT] ep=2650 | roll@25(s/c/t)=1.0/0.0/0.0 (1.00/0.00/0.00) | R.mean=0.5
[10-06 18:17:01] INFO: [METRICS-25] time=16.50s | dfreq=0.000 | ddist=0.000m
[10-06 18:17:01] INFO: [METRICS-PLOT] 3-metrics curve -> /root/bayes-vl-matched-20261006/crowd_nav/runs/bayes-matched-v1/gru-seed42/curves_3metrics.png
[10-06 18:17:01] INFO: [RL-EP-2650] (2650/10000) s/c/t=1/0/0 qloss=0.0000 ploss=0.0000 buf=200000
[10-06 18:17:01] INFO:               cumulative s/c/t%: 100.0%/0.0%/0.0%
[10-06 18:17:01] INFO: [REPLAY-STORE] ok=2650 skip=0 steps=180792 buf=200000
[10-06 18:17:01] INFO: [STAGE0-MONITOR] timeout_ratio=0.000 (target: decrease over time)
[10-06 18:17:01] INFO: ================================================================================
[10-06 18:17:01] INFO: [MULTI-SCALE-2650] TARGET: peak=1.000 stable_90=10ep
[10-06 18:17:01] INFO: [MULTI-SCALE-2650] WINDOWS: short=1.000 med=1.000 long=0.990
[10-06 18:17:01] INFO: [MULTI-SCALE-2650] QUALITY: stability=0.800 learn_rate=0.00000
[10-06 18:17:01] INFO: [ACHIEVEMENT] Stable 90%+ success rate achieved for 10 episodes!
[10-06 18:17:01] INFO: [HEALTH-CHECK-2650] Overall: NEEDS_IMPROVEMENT (score=0.400)
[10-06 18:17:01] INFO: ================================================================================
[10-06 18:17:04] INFO: [RL-EP-2651] (2651)
[10-06 18:17:08] INFO: [RL-EP-2652] (2652)
[10-06 18:17:11] INFO: [RL-EP-2653] (2653)
[10-06 18:17:15] INFO: [RL-EP-2654] (2654)
[10-06 18:17:19] INFO: [RL-EP-2655] roll=1.000/0.000/0.000
[10-06 18:17:22] INFO: [RL-EP-2656] (2656)
[10-06 18:17:26] INFO: [RL-EP-2657] (2657)
[10-06 18:17:29] INFO: [RL-EP-2658] (2658)
[10-06 18:17:33] INFO: [RL-EP-2659] (2659)
[10-06 18:17:36] INFO: [RL-EP-2660] roll=1.000/0.000/0.000
[10-06 18:17:40] INFO: [RL-EP-2661] (2661)
[10-06 18:17:44] INFO: [RL-EP-2662] (2662)
[10-06 18:17:47] INFO: [RL-EP-2663] (2663)
[10-06 18:17:51] INFO: [RL-EP-2664] (2664)
[10-06 18:17:54] INFO: [RL-EP-2665] roll=1.000/0.000/0.000
[10-06 18:17:58] INFO: [RL-EP-2666] (2666)
[10-06 18:18:02] INFO: [RL-EP-2667] (2667)
[10-06 18:18:05] INFO: [RL-EP-2668] (2668)
[10-06 18:18:09] INFO: [RL-EP-2669] (2669)
[10-06 18:18:12] INFO: [RL-EP-2670] roll=1.000/0.000/0.000
[10-06 18:18:16] INFO: [RL-EP-2671] (2671)
[10-06 18:18:20] INFO: [RL-EP-2672] (2672)
[10-06 18:18:23] INFO: [RL-EP-2673] (2673)
[10-06 18:18:27] INFO: [RL-EP-2674] (2674)
[10-06 18:18:30] INFO: [SARL-LOSS] ep=2675 value_loss=0.0285 epsilon=0.0500
[10-06 18:18:30] INFO: [STAT] ep=2675 | roll@25(s/c/t)=1.0/0.0/0.0 (1.00/0.00/0.00) | R.mean=0.5
[10-06 18:18:30] INFO: [METRICS-25] time=15.90s | dfreq=0.000 | ddist=0.000m
[10-06 18:18:31] INFO: [METRICS-PLOT] 3-metrics curve -> /root/bayes-vl-matched-20261006/crowd_nav/runs/bayes-matched-v1/gru-seed42/curves_3metrics.png
[10-06 18:18:31] INFO: [RL-EP-2675] (2675/10000) s/c/t=1/0/0 qloss=0.0000 ploss=0.0000 buf=200000
[10-06 18:18:31] INFO:               cumulative s/c/t%: 100.0%/0.0%/0.0%
[10-06 18:18:31] INFO: [REPLAY-STORE] ok=2675 skip=0 steps=182357 buf=200000
[10-06 18:18:31] INFO: [STAGE0-MONITOR] timeout_ratio=0.000 (target: decrease over time)
[10-06 18:18:31] INFO: ================================================================================
[10-06 18:18:31] INFO: [MULTI-SCALE-2675] TARGET: peak=1.000 stable_90=10ep
[10-06 18:18:31] INFO: [MULTI-SCALE-2675] WINDOWS: short=1.000 med=1.000 long=0.990
[10-06 18:18:31] INFO: [MULTI-SCALE-2675] QUALITY: stability=0.800 learn_rate=0.00000
[10-06 18:18:31] INFO: [ACHIEVEMENT] Stable 90%+ success rate achieved for 10 episodes!
[10-06 18:18:31] INFO: [HEALTH-CHECK-2675] Overall: NEEDS_IMPROVEMENT (score=0.400)
[10-06 18:18:31] INFO: ================================================================================
[10-06 18:18:34] INFO: [RL-EP-2676] (2676)
[10-06 18:18:38] INFO: [RL-EP-2677] (2677)
[10-06 18:18:41] INFO: [RL-EP-2678] (2678)
[10-06 18:18:44] INFO: [RL-EP-2679] (2679)
[10-06 18:18:48] INFO: [RL-EP-2680] roll=1.000/0.000/0.000
[10-06 18:18:51] INFO: [RL-EP-2681] (2681)
[10-06 18:18:54] INFO: [RL-EP-2682] (2682)
[10-06 18:18:58] INFO: [RL-EP-2683] (2683)
[10-06 18:19:01] INFO: [RL-EP-2684] (2684)
[10-06 18:19:05] INFO: [RL-EP-2685] roll=1.000/0.000/0.000
[10-06 18:19:09] INFO: [RL-EP-2686] (2686)
[10-06 18:19:13] INFO: [RL-EP-2687] (2687)
[10-06 18:19:17] INFO: [RL-EP-2688] (2688)
[10-06 18:19:21] INFO: [RL-EP-2689] (2689)
[10-06 18:19:25] INFO: [RL-EP-2690] roll=1.000/0.000/0.000
[10-06 18:19:29] INFO: [RL-EP-2691] (2691)
[10-06 18:19:32] INFO: [RL-EP-2692] (2692)
[10-06 18:19:36] INFO: [RL-EP-2693] (2693)
[10-06 18:19:39] INFO: [RL-EP-2694] (2694)
[10-06 18:19:43] INFO: [RL-EP-2695] roll=1.000/0.000/0.000
[10-06 18:19:46] INFO: [RL-EP-2696] (2696)
[10-06 18:19:55] INFO: [RL-EP-2697] (2697)
[10-06 18:19:59] INFO: [RL-EP-2698] (2698)
[10-06 18:20:03] INFO: [RL-EP-2699] (2699)
[10-06 18:20:03] INFO: [CONFIG-CHECK] ep=2700 updates_per_ep=4 (from config)
[10-06 18:20:03] INFO: [SARL-EPSILON] ep=2700 epsilon=0.0500 (start=0.3, end=0.05, decay=1500)
[10-06 18:20:07] INFO: [SARL-REPLAY] ep=2700 buffer_size=200000 updates=4
[10-06 18:20:07] INFO: [SARL-LOSS] ep=2700 value_loss=0.0275 epsilon=0.0500
[10-06 18:20:07] INFO: [SARL-STATS] ep=2700 buffer_size=200000
[10-06 18:20:07] INFO: [STAT] ep=2700 | roll@25(s/c/t)=1.0/0.0/0.0 (0.98/0.00/0.02) | R.mean=0.5
[10-06 18:20:07] INFO: [METRICS-25] time=16.73s | dfreq=0.000 | ddist=0.000m
[10-06 18:20:08] INFO: [METRICS-PLOT] 3-metrics curve -> /root/bayes-vl-matched-20261006/crowd_nav/runs/bayes-matched-v1/gru-seed42/curves_3metrics.png
[10-06 18:20:08] INFO: [RL-EP-2700] (2700/10000) s/c/t=1/0/0 qloss=0.0000 ploss=0.0000 buf=200000
[10-06 18:20:08] INFO:               cumulative s/c/t%: 98.0%/0.0%/2.0%
[10-06 18:20:08] INFO: [REPLAY-STORE] ok=2700 skip=0 steps=184138 buf=200000
[10-06 18:20:08] INFO: [STAGE0-MONITOR] timeout_ratio=0.020 (target: decrease over time)
[10-06 18:20:08] INFO: [SOT-2700] REWARD succ=1.0/coll=-0.50 | GRID 5×16=80 | EVENTS s=0.98/c=0.00/t=0.02
[10-06 18:20:08] INFO: ================================================================================
[10-06 18:20:08] INFO: [MULTI-SCALE-2700] TARGET: peak=1.000 stable_90=10ep
[10-06 18:20:08] INFO: [MULTI-SCALE-2700] WINDOWS: short=0.900 med=0.960 long=0.990
[10-06 18:20:08] INFO: [MULTI-SCALE-2700] QUALITY: stability=0.800 learn_rate=0.00000
[10-06 18:20:08] INFO: [ACHIEVEMENT] Stable 90%+ success rate achieved for 10 episodes!
[10-06 18:20:08] INFO: [HEALTH-CHECK-2700] Overall: NEEDS_IMPROVEMENT (score=0.400)
[10-06 18:20:08] INFO: ================================================================================
[10-06 18:20:11] INFO: [RL-EP-2701] (2701)
[10-06 18:20:15] INFO: [RL-EP-2702] (2702)
[10-06 18:20:18] INFO: [RL-EP-2703] (2703)
[10-06 18:20:22] INFO: [RL-EP-2704] (2704)
[10-06 18:20:25] INFO: [RL-EP-2705] roll=0.980/0.000/0.020
[10-06 18:20:34] INFO: [RL-EP-2706] (2706)
[10-06 18:20:38] INFO: [RL-EP-2707] (2707)
[10-06 18:20:42] INFO: [RL-EP-2708] (2708)
[10-06 18:20:45] INFO: [RL-EP-2709] (2709)
[10-06 18:20:49] INFO: [RL-EP-2710] roll=0.960/0.000/0.040
[10-06 18:20:52] INFO: [RL-EP-2711] (2711)
[10-06 18:20:56] INFO: [RL-EP-2712] (2712)
[10-06 18:21:00] INFO: [RL-EP-2713] (2713)
[10-06 18:21:04] INFO: [RL-EP-2714] (2714)
[10-06 18:21:07] INFO: [RL-EP-2715] roll=0.960/0.000/0.040
[10-06 18:21:12] INFO: [RL-EP-2716] (2716)
[10-06 18:21:16] INFO: [RL-EP-2717] (2717)
[10-06 18:21:19] INFO: [RL-EP-2718] (2718)
[10-06 18:21:23] INFO: [RL-EP-2719] (2719)
[10-06 18:21:27] INFO: [RL-EP-2720] roll=0.960/0.000/0.040
[10-06 18:21:30] INFO: [RL-EP-2721] (2721)
[10-06 18:21:34] INFO: [RL-EP-2722] (2722)
[10-06 18:21:39] INFO: [RL-EP-2723] (2723)
[10-06 18:21:42] INFO: [RL-EP-2724] (2724)
[10-06 18:21:46] INFO: [SARL-LOSS] ep=2725 value_loss=0.0248 epsilon=0.0500
[10-06 18:21:46] INFO: [STAT] ep=2725 | roll@25(s/c/t)=1.0/0.0/0.0 (0.96/0.00/0.04) | R.mean=0.5
[10-06 18:21:46] INFO: [METRICS-25] time=17.97s | dfreq=0.000 | ddist=0.000m
[10-06 18:21:47] INFO: [METRICS-PLOT] 3-metrics curve -> /root/bayes-vl-matched-20261006/crowd_nav/runs/bayes-matched-v1/gru-seed42/curves_3metrics.png
[10-06 18:21:47] INFO: [RL-EP-2725] (2725/10000) s/c/t=1/0/0 qloss=0.0000 ploss=0.0000 buf=200000
[10-06 18:21:47] INFO:               cumulative s/c/t%: 96.0%/0.0%/4.0%
[10-06 18:21:47] INFO: [REPLAY-STORE] ok=2725 skip=0 steps=185951 buf=200000
[10-06 18:21:47] INFO: [STAGE0-MONITOR] timeout_ratio=0.040 (target: decrease over time)
[10-06 18:21:47] INFO: ================================================================================
[10-06 18:21:47] INFO: [MULTI-SCALE-2725] TARGET: peak=1.000 stable_90=10ep
[10-06 18:21:47] INFO: [MULTI-SCALE-2725] WINDOWS: short=1.000 med=0.960 long=0.980
[10-06 18:21:47] INFO: [MULTI-SCALE-2725] QUALITY: stability=0.800 learn_rate=0.00000
[10-06 18:21:47] INFO: [ACHIEVEMENT] Stable 90%+ success rate achieved for 10 episodes!
[10-06 18:21:47] INFO: [HEALTH-CHECK-2725] Overall: NEEDS_IMPROVEMENT (score=0.400)
[10-06 18:21:47] INFO: ================================================================================
[10-06 18:21:50] INFO: [RL-EP-2726] (2726)
[10-06 18:21:54] INFO: [RL-EP-2727] (2727)
[10-06 18:21:58] INFO: [RL-EP-2728] (2728)
[10-06 18:22:01] INFO: [RL-EP-2729] (2729)
[10-06 18:22:05] INFO: [RL-EP-2730] roll=0.960/0.000/0.040
[10-06 18:22:09] INFO: [RL-EP-2731] (2731)
[10-06 18:22:13] INFO: [RL-EP-2732] (2732)
[10-06 18:22:17] INFO: [RL-EP-2733] (2733)
[10-06 18:22:21] INFO: [RL-EP-2734] (2734)
[10-06 18:22:24] INFO: [RL-EP-2735] roll=0.960/0.000/0.040
[10-06 18:22:27] INFO: [RL-EP-2736] (2736)
[10-06 18:22:31] INFO: [RL-EP-2737] (2737)
[10-06 18:22:35] INFO: [RL-EP-2738] (2738)
[10-06 18:22:39] INFO: [RL-EP-2739] (2739)
[10-06 18:22:43] INFO: [RL-EP-2740] roll=0.960/0.000/0.040
[10-06 18:22:46] INFO: [RL-EP-2741] (2741)
[10-06 18:22:50] INFO: [RL-EP-2742] (2742)
[10-06 18:22:53] INFO: [RL-EP-2743] (2743)
[10-06 18:22:57] INFO: [RL-EP-2744] (2744)
[10-06 18:23:01] INFO: [RL-EP-2745] roll=0.960/0.000/0.040
[10-06 18:23:04] INFO: [RL-EP-2746] (2746)
[10-06 18:23:13] INFO: [RL-EP-2747] (2747)
[10-06 18:23:17] INFO: [RL-EP-2748] (2748)
[10-06 18:23:20] INFO: [RL-EP-2749] (2749)
[10-06 18:23:20] INFO: [CONFIG-CHECK] ep=2750 updates_per_ep=4 (from config)
[10-06 18:23:24] INFO: [SARL-LOSS] ep=2750 value_loss=0.0353 epsilon=0.0500
[10-06 18:23:24] INFO: [STAT] ep=2750 | roll@25(s/c/t)=1.0/0.0/0.0 (0.96/0.00/0.04) | R.mean=0.5
[10-06 18:23:24] INFO: [METRICS-25] time=18.31s | dfreq=0.000 | ddist=0.000m
[10-06 18:23:25] INFO: [METRICS-PLOT] 3-metrics curve -> /root/bayes-vl-matched-20261006/crowd_nav/runs/bayes-matched-v1/gru-seed42/curves_3metrics.png
[10-06 18:23:25] INFO: [RL-EP-2750] (2750/10000) s/c/t=1/0/0 qloss=0.0000 ploss=0.0000 buf=200000
[10-06 18:23:25] INFO:               cumulative s/c/t%: 96.0%/0.0%/4.0%
[10-06 18:23:25] INFO: [REPLAY-STORE] ok=2750 skip=0 steps=187800 buf=200000
[10-06 18:23:25] INFO: [STAGE0-MONITOR] timeout_ratio=0.040 (target: decrease over time)
[10-06 18:23:25] INFO: ================================================================================
[10-06 18:23:25] INFO: [MULTI-SCALE-2750] TARGET: peak=1.000 stable_90=10ep
[10-06 18:23:25] INFO: [MULTI-SCALE-2750] WINDOWS: short=0.900 med=0.960 long=0.970
[10-06 18:23:25] INFO: [MULTI-SCALE-2750] QUALITY: stability=0.800 learn_rate=0.00000
[10-06 18:23:25] INFO: [ACHIEVEMENT] Stable 90%+ success rate achieved for 10 episodes!
[10-06 18:23:25] INFO: [HEALTH-CHECK-2750] Overall: NEEDS_IMPROVEMENT (score=0.400)
[10-06 18:23:25] INFO: ================================================================================
[10-06 18:23:28] INFO: [RL-EP-2751] (2751)
[10-06 18:23:32] INFO: [RL-EP-2752] (2752)
[10-06 18:23:36] INFO: [RL-EP-2753] (2753)
[10-06 18:23:39] INFO: [RL-EP-2754] (2754)
[10-06 18:23:43] INFO: [RL-EP-2755] roll=0.960/0.000/0.040
[10-06 18:23:47] INFO: [RL-EP-2756] (2756)
[10-06 18:23:51] INFO: [RL-EP-2757] (2757)
[10-06 18:23:56] INFO: [RL-EP-2758] (2758)
[10-06 18:23:59] INFO: [RL-EP-2759] (2759)
[10-06 18:24:03] INFO: [RL-EP-2760] roll=0.980/0.000/0.020
[10-06 18:24:07] INFO: [RL-EP-2761] (2761)
[10-06 18:24:11] INFO: [RL-EP-2762] (2762)
[10-06 18:24:14] INFO: [RL-EP-2763] (2763)
[10-06 18:24:17] INFO: [RL-EP-2764] (2764)
[10-06 18:24:26] INFO: [RL-EP-2765] roll=0.960/0.000/0.040
[10-06 18:24:29] INFO: [RL-EP-2766] (2766)
[10-06 18:24:32] INFO: [RL-EP-2767] (2767)
[10-06 18:24:35] INFO: [RL-EP-2768] (2768)
[10-06 18:24:38] INFO: [RL-EP-2769] (2769)
[10-06 18:24:41] INFO: [RL-EP-2770] roll=0.960/0.000/0.040
[10-06 18:24:43] INFO: [RL-EP-2771] (2771)
[10-06 18:24:50] INFO: [RL-EP-2772] (2772)
[10-06 18:24:53] INFO: [RL-EP-2773] (2773)
[10-06 18:24:56] INFO: [RL-EP-2774] (2774)
[10-06 18:24:59] INFO: [SARL-LOSS] ep=2775 value_loss=0.0216 epsilon=0.0500
[10-06 18:24:59] INFO: [STAT] ep=2775 | roll@25(s/c/t)=0.9/0.0/0.1 (0.94/0.00/0.06) | R.mean=0.5
[10-06 18:24:59] INFO: [METRICS-25] time=19.58s | dfreq=0.000 | ddist=0.000m
[10-06 18:24:59] INFO: [METRICS-PLOT] 3-metrics curve -> /root/bayes-vl-matched-20261006/crowd_nav/runs/bayes-matched-v1/gru-seed42/curves_3metrics.png
[10-06 18:24:59] INFO: [RL-EP-2775] (2775/10000) s/c/t=1/0/0 qloss=0.0000 ploss=0.0000 buf=200000
[10-06 18:24:59] INFO:               cumulative s/c/t%: 94.0%/0.0%/6.0%
[10-06 18:24:59] INFO: [REPLAY-STORE] ok=2775 skip=0 steps=189867 buf=200000
[10-06 18:24:59] INFO: [STAGE0-MONITOR] timeout_ratio=0.060 (target: decrease over time)
[10-06 18:24:59] INFO: ================================================================================
[10-06 18:24:59] INFO: [MULTI-SCALE-2775] TARGET: peak=1.000 stable_90=10ep
[10-06 18:24:59] INFO: [MULTI-SCALE-2775] WINDOWS: short=0.900 med=0.920 long=0.950
[10-06 18:24:59] INFO: [MULTI-SCALE-2775] QUALITY: stability=0.800 learn_rate=0.00000
[10-06 18:24:59] INFO: [ACHIEVEMENT] Stable 90%+ success rate achieved for 10 episodes!
[10-06 18:24:59] INFO: [HEALTH-CHECK-2775] Overall: NEEDS_IMPROVEMENT (score=0.400)
[10-06 18:24:59] INFO: ================================================================================
[10-06 18:25:02] INFO: [RL-EP-2776] (2776)
[10-06 18:25:04] INFO: [RL-EP-2777] (2777)
[10-06 18:25:08] INFO: [RL-EP-2778] (2778)
[10-06 18:25:11] INFO: [RL-EP-2779] (2779)
[10-06 18:25:15] INFO: [RL-EP-2780] roll=0.940/0.000/0.060
[10-06 18:25:19] INFO: [RL-EP-2781] (2781)
[10-06 18:25:23] INFO: [RL-EP-2782] (2782)
[10-06 18:25:26] INFO: [RL-EP-2783] (2783)
[10-06 18:25:30] INFO: [RL-EP-2784] (2784)
[10-06 18:25:34] INFO: [RL-EP-2785] roll=0.940/0.000/0.060
[10-06 18:25:38] INFO: [RL-EP-2786] (2786)
[10-06 18:25:41] INFO: [RL-EP-2787] (2787)
[10-06 18:25:45] INFO: [RL-EP-2788] (2788)
[10-06 18:25:49] INFO: [RL-EP-2789] (2789)
[10-06 18:25:52] INFO: [RL-EP-2790] roll=0.940/0.000/0.060
[10-06 18:25:56] INFO: [RL-EP-2791] (2791)
[10-06 18:26:00] INFO: [RL-EP-2792] (2792)
[10-06 18:26:03] INFO: [RL-EP-2793] (2793)
[10-06 18:26:06] INFO: [RL-EP-2794] (2794)
[10-06 18:26:10] INFO: [RL-EP-2795] roll=0.940/0.000/0.060
[10-06 18:26:14] INFO: [RL-EP-2796] (2796)
[10-06 18:26:18] INFO: [RL-EP-2797] (2797)
[10-06 18:26:22] INFO: [RL-EP-2798] (2798)
[10-06 18:26:26] INFO: [RL-EP-2799] (2799)
[10-06 18:26:26] INFO: [CONFIG-CHECK] ep=2800 updates_per_ep=4 (from config)
[10-06 18:26:26] INFO: [SARL-EPSILON] ep=2800 epsilon=0.0500 (start=0.3, end=0.05, decay=1500)
[10-06 18:26:29] INFO: [SARL-REPLAY] ep=2800 buffer_size=200000 updates=4
[10-06 18:26:29] INFO: [SARL-LOSS] ep=2800 value_loss=0.0218 epsilon=0.0500
[10-06 18:26:29] INFO: [SARL-STATS] ep=2800 buffer_size=200000
[10-06 18:26:29] INFO: [STAT] ep=2800 | roll@25(s/c/t)=1.0/0.0/0.0 (0.96/0.00/0.04) | R.mean=0.5
[10-06 18:26:29] INFO: [METRICS-25] time=18.64s | dfreq=0.000 | ddist=0.000m
[10-06 18:26:30] INFO: [METRICS-PLOT] 3-metrics curve -> /root/bayes-vl-matched-20261006/crowd_nav/runs/bayes-matched-v1/gru-seed42/curves_3metrics.png
[10-06 18:26:30] INFO: [RL-EP-2800] (2800/10000) s/c/t=1/0/0 qloss=0.0000 ploss=0.0000 buf=200000
[10-06 18:26:30] INFO:               cumulative s/c/t%: 96.0%/0.0%/4.0%
[10-06 18:26:30] INFO: [REPLAY-STORE] ok=2800 skip=0 steps=191529 buf=200000
[10-06 18:26:30] INFO: [STAGE0-MONITOR] timeout_ratio=0.040 (target: decrease over time)
[10-06 18:26:30] INFO: [SOT-2800] REWARD succ=1.0/coll=-0.50 | GRID 5×16=80 | EVENTS s=0.96/c=0.00/t=0.04
[10-06 18:26:30] INFO: ================================================================================
[10-06 18:26:30] INFO: [MULTI-SCALE-2800] TARGET: peak=1.000 stable_90=10ep
[10-06 18:26:30] INFO: [MULTI-SCALE-2800] WINDOWS: short=1.000 med=1.000 long=0.960
[10-06 18:26:30] INFO: [MULTI-SCALE-2800] QUALITY: stability=0.800 learn_rate=0.00000
[10-06 18:26:30] INFO: [ACHIEVEMENT] Stable 90%+ success rate achieved for 10 episodes!
[10-06 18:26:30] INFO: [HEALTH-CHECK-2800] Overall: NEEDS_IMPROVEMENT (score=0.400)
[10-06 18:26:30] INFO: ================================================================================
[10-06 18:26:34] INFO: [RL-EP-2801] (2801)
[10-06 18:26:38] INFO: [RL-EP-2802] (2802)
[10-06 18:26:41] INFO: [RL-EP-2803] (2803)
[10-06 18:26:45] INFO: [RL-EP-2804] (2804)
[10-06 18:26:48] INFO: [RL-EP-2805] roll=0.960/0.000/0.040
[10-06 18:26:52] INFO: [RL-EP-2806] (2806)
[10-06 18:26:56] INFO: [RL-EP-2807] (2807)
[10-06 18:26:59] INFO: [RL-EP-2808] (2808)
[10-06 18:27:03] INFO: [RL-EP-2809] (2809)
[10-06 18:27:06] INFO: [RL-EP-2810] roll=0.960/0.000/0.040
[10-06 18:27:10] INFO: [RL-EP-2811] (2811)
[10-06 18:27:14] INFO: [RL-EP-2812] (2812)
[10-06 18:27:18] INFO: [RL-EP-2813] (2813)
[10-06 18:27:21] INFO: [RL-EP-2814] (2814)
[10-06 18:27:25] INFO: [RL-EP-2815] roll=0.980/0.000/0.020
[10-06 18:27:30] INFO: [RL-EP-2816] (2816)
[10-06 18:27:33] INFO: [RL-EP-2817] (2817)
[10-06 18:27:37] INFO: [RL-EP-2818] (2818)
[10-06 18:27:40] INFO: [RL-EP-2819] (2819)
[10-06 18:27:44] INFO: [RL-EP-2820] roll=0.980/0.000/0.020
[10-06 18:27:47] INFO: [RL-EP-2821] (2821)
[10-06 18:27:51] INFO: [RL-EP-2822] (2822)
[10-06 18:27:55] INFO: [RL-EP-2823] (2823)
[10-06 18:27:58] INFO: [RL-EP-2824] (2824)
[10-06 18:28:02] INFO: [SARL-LOSS] ep=2825 value_loss=0.0282 epsilon=0.0500
[10-06 18:28:02] INFO: [STAT] ep=2825 | roll@25(s/c/t)=1.0/0.0/0.0 (1.00/0.00/0.00) | R.mean=0.5
[10-06 18:28:02] INFO: [METRICS-25] time=16.52s | dfreq=0.000 | ddist=0.000m
[10-06 18:28:02] INFO: [METRICS-PLOT] 3-metrics curve -> /root/bayes-vl-matched-20261006/crowd_nav/runs/bayes-matched-v1/gru-seed42/curves_3metrics.png
[10-06 18:28:02] INFO: [RL-EP-2825] (2825/10000) s/c/t=1/0/0 qloss=0.0000 ploss=0.0000 buf=200000
[10-06 18:28:02] INFO:               cumulative s/c/t%: 100.0%/0.0%/0.0%
[10-06 18:28:02] INFO: [REPLAY-STORE] ok=2825 skip=0 steps=193170 buf=200000
[10-06 18:28:02] INFO: [STAGE0-MONITOR] timeout_ratio=0.000 (target: decrease over time)
[10-06 18:28:02] INFO: ================================================================================
[10-06 18:28:02] INFO: [MULTI-SCALE-2825] TARGET: peak=1.000 stable_90=10ep
[10-06 18:28:02] INFO: [MULTI-SCALE-2825] WINDOWS: short=1.000 med=1.000 long=0.970
[10-06 18:28:02] INFO: [MULTI-SCALE-2825] QUALITY: stability=0.800 learn_rate=0.00000
[10-06 18:28:02] INFO: [ACHIEVEMENT] Stable 90%+ success rate achieved for 10 episodes!
[10-06 18:28:02] INFO: [HEALTH-CHECK-2825] Overall: NEEDS_IMPROVEMENT (score=0.400)
[10-06 18:28:02] INFO: ================================================================================
[10-06 18:28:06] INFO: [RL-EP-2826] (2826)
[10-06 18:28:09] INFO: [RL-EP-2827] (2827)
[10-06 18:28:13] INFO: [RL-EP-2828] (2828)
[10-06 18:28:16] INFO: [RL-EP-2829] (2829)
[10-06 18:28:21] INFO: [RL-EP-2830] roll=1.000/0.000/0.000
[10-06 18:28:24] INFO: [RL-EP-2831] (2831)
[10-06 18:28:28] INFO: [RL-EP-2832] (2832)
[10-06 18:28:32] INFO: [RL-EP-2833] (2833)
[10-06 18:28:36] INFO: [RL-EP-2834] (2834)
[10-06 18:28:40] INFO: [RL-EP-2835] roll=1.000/0.000/0.000
[10-06 18:28:44] INFO: [RL-EP-2836] (2836)
[10-06 18:28:48] INFO: [RL-EP-2837] (2837)
[10-06 18:28:51] INFO: [RL-EP-2838] (2838)
[10-06 18:28:55] INFO: [RL-EP-2839] (2839)
[10-06 18:28:59] INFO: [RL-EP-2840] roll=1.000/0.000/0.000
[10-06 18:29:02] INFO: [RL-EP-2841] (2841)
[10-06 18:29:06] INFO: [RL-EP-2842] (2842)
[10-06 18:29:09] INFO: [RL-EP-2843] (2843)
[10-06 18:29:13] INFO: [RL-EP-2844] (2844)
[10-06 18:29:22] INFO: [RL-EP-2845] roll=0.980/0.000/0.020
[10-06 18:29:26] INFO: [RL-EP-2846] (2846)
[10-06 18:29:29] INFO: [RL-EP-2847] (2847)
[10-06 18:29:32] INFO: [RL-EP-2848] (2848)
[10-06 18:29:36] INFO: [RL-EP-2849] (2849)
[10-06 18:29:36] INFO: [CONFIG-CHECK] ep=2850 updates_per_ep=4 (from config)
[10-06 18:29:40] INFO: [SARL-LOSS] ep=2850 value_loss=0.0342 epsilon=0.0500
[10-06 18:29:40] INFO: [STAT] ep=2850 | roll@25(s/c/t)=1.0/0.0/0.0 (0.98/0.00/0.02) | R.mean=0.5
[10-06 18:29:40] INFO: [METRICS-25] time=17.16s | dfreq=0.000 | ddist=0.000m
[10-06 18:29:40] INFO: [METRICS-PLOT] 3-metrics curve -> /root/bayes-vl-matched-20261006/crowd_nav/runs/bayes-matched-v1/gru-seed42/curves_3metrics.png
[10-06 18:29:40] INFO: [RL-EP-2850] (2850/10000) s/c/t=1/0/0 qloss=0.0000 ploss=0.0000 buf=200000
[10-06 18:29:40] INFO:               cumulative s/c/t%: 98.0%/0.0%/2.0%
[10-06 18:29:40] INFO: [REPLAY-STORE] ok=2850 skip=0 steps=194961 buf=200000
[10-06 18:29:40] INFO: [STAGE0-MONITOR] timeout_ratio=0.020 (target: decrease over time)
[10-06 18:29:40] INFO: ================================================================================
[10-06 18:29:40] INFO: [MULTI-SCALE-2850] TARGET: peak=1.000 stable_90=10ep
[10-06 18:29:40] INFO: [MULTI-SCALE-2850] WINDOWS: short=0.900 med=0.960 long=0.970
[10-06 18:29:40] INFO: [MULTI-SCALE-2850] QUALITY: stability=0.800 learn_rate=0.00000
[10-06 18:29:40] INFO: [ACHIEVEMENT] Stable 90%+ success rate achieved for 10 episodes!
[10-06 18:29:40] INFO: [HEALTH-CHECK-2850] Overall: NEEDS_IMPROVEMENT (score=0.400)
[10-06 18:29:40] INFO: ================================================================================
[10-06 18:29:44] INFO: [RL-EP-2851] (2851)
[10-06 18:29:45] INFO: [RL-EP-2852] (2852)
[10-06 18:29:49] INFO: [RL-EP-2853] (2853)
[10-06 18:29:52] INFO: [RL-EP-2854] (2854)
[10-06 18:29:55] INFO: [RL-EP-2855] roll=0.960/0.020/0.020
[10-06 18:29:59] INFO: [RL-EP-2856] (2856)
[10-06 18:30:02] INFO: [RL-EP-2857] (2857)
[10-06 18:30:06] INFO: [RL-EP-2858] (2858)
[10-06 18:30:10] INFO: [RL-EP-2859] (2859)
[10-06 18:30:13] INFO: [RL-EP-2860] roll=0.960/0.020/0.020
[10-06 18:30:18] INFO: [RL-EP-2861] (2861)
[10-06 18:30:21] INFO: [RL-EP-2862] (2862)
[10-06 18:30:25] INFO: [RL-EP-2863] (2863)
[10-06 18:30:29] INFO: [RL-EP-2864] (2864)
[10-06 18:30:33] INFO: [RL-EP-2865] roll=0.960/0.020/0.020
[10-06 18:30:36] INFO: [RL-EP-2866] (2866)
[10-06 18:30:39] INFO: [RL-EP-2867] (2867)
[10-06 18:30:49] INFO: [RL-EP-2868] (2868)
[10-06 18:30:53] INFO: [RL-EP-2869] (2869)
[10-06 18:30:57] INFO: [RL-EP-2870] roll=0.940/0.020/0.040
[10-06 18:31:01] INFO: [RL-EP-2871] (2871)
[10-06 18:31:05] INFO: [RL-EP-2872] (2872)
[10-06 18:31:09] INFO: [RL-EP-2873] (2873)
[10-06 18:31:13] INFO: [RL-EP-2874] (2874)
[10-06 18:31:17] INFO: [SARL-LOSS] ep=2875 value_loss=0.0192 epsilon=0.0500
[10-06 18:31:17] INFO: [STAT] ep=2875 | roll@25(s/c/t)=0.9/0.0/0.0 (0.94/0.02/0.04) | R.mean=0.5
[10-06 18:31:17] INFO: [METRICS-25] time=18.01s | dfreq=0.000 | ddist=0.000m
[10-06 18:31:17] INFO: [METRICS-PLOT] 3-metrics curve -> /root/bayes-vl-matched-20261006/crowd_nav/runs/bayes-matched-v1/gru-seed42/curves_3metrics.png
[10-06 18:31:17] INFO: [RL-EP-2875] (2875/10000) s/c/t=1/0/0 qloss=0.0000 ploss=0.0000 buf=200000
[10-06 18:31:17] INFO:               cumulative s/c/t%: 94.0%/2.0%/4.0%
[10-06 18:31:17] INFO: [REPLAY-STORE] ok=2875 skip=0 steps=196772 buf=200000
[10-06 18:31:17] INFO: [STAGE0-MONITOR] timeout_ratio=0.040 (target: decrease over time)
[10-06 18:31:17] INFO: ================================================================================
[10-06 18:31:17] INFO: [MULTI-SCALE-2875] TARGET: peak=1.000 stable_90=10ep
[10-06 18:31:17] INFO: [MULTI-SCALE-2875] WINDOWS: short=0.900 med=0.920 long=0.970
[10-06 18:31:17] INFO: [MULTI-SCALE-2875] QUALITY: stability=0.800 learn_rate=0.00000
[10-06 18:31:17] INFO: [ACHIEVEMENT] Stable 90%+ success rate achieved for 10 episodes!
[10-06 18:31:17] INFO: [HEALTH-CHECK-2875] Overall: NEEDS_IMPROVEMENT (score=0.400)
[10-06 18:31:17] INFO: ================================================================================
[10-06 18:31:21] INFO: [RL-EP-2876] (2876)
[10-06 18:31:25] INFO: [RL-EP-2877] (2877)
[10-06 18:31:29] INFO: [RL-EP-2878] (2878)
[10-06 18:31:33] INFO: [RL-EP-2879] (2879)
[10-06 18:31:36] INFO: [RL-EP-2880] roll=0.940/0.020/0.040
[10-06 18:31:40] INFO: [RL-EP-2881] (2881)
[10-06 18:31:44] INFO: [RL-EP-2882] (2882)
[10-06 18:31:47] INFO: [RL-EP-2883] (2883)
[10-06 18:31:56] INFO: [RL-EP-2884] (2884)
[10-06 18:32:00] INFO: [RL-EP-2885] roll=0.920/0.020/0.060
[10-06 18:32:04] INFO: [RL-EP-2886] (2886)
[10-06 18:32:07] INFO: [RL-EP-2887] (2887)
[10-06 18:32:11] INFO: [RL-EP-2888] (2888)
[10-06 18:32:15] INFO: [RL-EP-2889] (2889)
[10-06 18:32:20] INFO: [RL-EP-2890] roll=0.920/0.020/0.060
[10-06 18:32:24] INFO: [RL-EP-2891] (2891)
[10-06 18:32:27] INFO: [RL-EP-2892] (2892)
[10-06 18:32:31] INFO: [RL-EP-2893] (2893)
[10-06 18:32:35] INFO: [RL-EP-2894] (2894)
[10-06 18:32:38] INFO: [RL-EP-2895] roll=0.940/0.020/0.040
[10-06 18:32:42] INFO: [RL-EP-2896] (2896)
[10-06 18:32:46] INFO: [RL-EP-2897] (2897)
[10-06 18:32:50] INFO: [RL-EP-2898] (2898)
[10-06 18:32:54] INFO: [RL-EP-2899] (2899)
[10-06 18:32:54] INFO: [CONFIG-CHECK] ep=2900 updates_per_ep=4 (from config)
[10-06 18:32:54] INFO: [SARL-EPSILON] ep=2900 epsilon=0.0500 (start=0.3, end=0.05, decay=1500)
[10-06 18:32:58] INFO: [SARL-REPLAY] ep=2900 buffer_size=200000 updates=4
[10-06 18:32:58] INFO: [SARL-LOSS] ep=2900 value_loss=0.0240 epsilon=0.0500
[10-06 18:32:58] INFO: [SARL-STATS] ep=2900 buffer_size=200000
[10-06 18:32:58] INFO: [STAT] ep=2900 | roll@25(s/c/t)=0.9/0.0/0.0 (0.94/0.02/0.04) | R.mean=0.5
[10-06 18:32:58] INFO: [METRICS-25] time=18.55s | dfreq=0.000 | ddist=0.000m
[10-06 18:32:59] INFO: [METRICS-PLOT] 3-metrics curve -> /root/bayes-vl-matched-20261006/crowd_nav/runs/bayes-matched-v1/gru-seed42/curves_3metrics.png
[10-06 18:32:59] INFO: [RL-EP-2900] (2900/10000) s/c/t=1/0/0 qloss=0.0000 ploss=0.0000 buf=200000
[10-06 18:32:59] INFO:               cumulative s/c/t%: 94.0%/2.0%/4.0%
[10-06 18:32:59] INFO: [REPLAY-STORE] ok=2900 skip=0 steps=198672 buf=200000
[10-06 18:32:59] INFO: [STAGE0-MONITOR] timeout_ratio=0.040 (target: decrease over time)
[10-06 18:32:59] INFO: [SOT-2900] REWARD succ=1.0/coll=-0.50 | GRID 5×16=80 | EVENTS s=0.94/c=0.02/t=0.04
[10-06 18:32:59] INFO: ================================================================================
[10-06 18:32:59] INFO: [MULTI-SCALE-2900] TARGET: peak=1.000 stable_90=10ep
[10-06 18:32:59] INFO: [MULTI-SCALE-2900] WINDOWS: short=1.000 med=0.960 long=0.960
[10-06 18:32:59] INFO: [MULTI-SCALE-2900] QUALITY: stability=0.800 learn_rate=0.00000
[10-06 18:32:59] INFO: [ACHIEVEMENT] Stable 90%+ success rate achieved for 10 episodes!
[10-06 18:32:59] INFO: [HEALTH-CHECK-2900] Overall: NEEDS_IMPROVEMENT (score=0.400)
[10-06 18:32:59] INFO: ================================================================================
[10-06 18:33:04] INFO: [RL-EP-2901] (2901)
[10-06 18:33:07] INFO: [RL-EP-2902] (2902)
[10-06 18:33:11] INFO: [RL-EP-2903] (2903)
[10-06 18:33:15] INFO: [RL-EP-2904] (2904)
[10-06 18:33:19] INFO: [RL-EP-2905] roll=0.960/0.000/0.040
[10-06 18:33:22] INFO: [RL-EP-2906] (2906)
[10-06 18:33:27] INFO: [RL-EP-2907] (2907)
[10-06 18:33:31] INFO: [RL-EP-2908] (2908)
[10-06 18:33:35] INFO: [RL-EP-2909] (2909)
[10-06 18:33:40] INFO: [RL-EP-2910] roll=0.960/0.000/0.040
[10-06 18:33:44] INFO: [RL-EP-2911] (2911)
[10-06 18:33:47] INFO: [RL-EP-2912] (2912)
[10-06 18:33:51] INFO: [RL-EP-2913] (2913)
[10-06 18:33:55] INFO: [RL-EP-2914] (2914)
[10-06 18:33:59] INFO: [RL-EP-2915] roll=0.960/0.000/0.040
[10-06 18:34:03] INFO: [RL-EP-2916] (2916)
[10-06 18:34:07] INFO: [RL-EP-2917] (2917)
[10-06 18:34:10] INFO: [RL-EP-2918] (2918)
[10-06 18:34:14] INFO: [RL-EP-2919] (2919)
[10-06 18:34:17] INFO: [RL-EP-2920] roll=0.980/0.000/0.020
[10-06 18:34:21] INFO: [RL-EP-2921] (2921)
[10-06 18:34:24] INFO: [RL-EP-2922] (2922)
[10-06 18:34:28] INFO: [RL-EP-2923] (2923)
[10-06 18:34:32] INFO: [RL-EP-2924] (2924)
[10-06 18:34:35] INFO: [SARL-LOSS] ep=2925 value_loss=0.0176 epsilon=0.0500
[10-06 18:34:35] INFO: [STAT] ep=2925 | roll@25(s/c/t)=1.0/0.0/0.0 (0.98/0.00/0.02) | R.mean=0.5
[10-06 18:34:35] INFO: [METRICS-25] time=18.18s | dfreq=0.000 | ddist=0.000m
[10-06 18:34:36] INFO: [METRICS-PLOT] 3-metrics curve -> /root/bayes-vl-matched-20261006/crowd_nav/runs/bayes-matched-v1/gru-seed42/curves_3metrics.png
[10-06 18:34:36] INFO: [RL-EP-2925] (2925/10000) s/c/t=1/0/0 qloss=0.0000 ploss=0.0000 buf=200000
[10-06 18:34:36] INFO:               cumulative s/c/t%: 98.0%/0.0%/2.0%
[10-06 18:34:36] INFO: [REPLAY-STORE] ok=2925 skip=0 steps=200408 buf=200000
[10-06 18:34:36] INFO: [STAGE0-MONITOR] timeout_ratio=0.020 (target: decrease over time)
[10-06 18:34:36] INFO: ================================================================================
[10-06 18:34:36] INFO: [MULTI-SCALE-2925] TARGET: peak=1.000 stable_90=10ep
[10-06 18:34:36] INFO: [MULTI-SCALE-2925] WINDOWS: short=1.000 med=1.000 long=0.960
[10-06 18:34:36] INFO: [MULTI-SCALE-2925] QUALITY: stability=0.800 learn_rate=0.00000
[10-06 18:34:36] INFO: [ACHIEVEMENT] Stable 90%+ success rate achieved for 10 episodes!
[10-06 18:34:36] INFO: [HEALTH-CHECK-2925] Overall: NEEDS_IMPROVEMENT (score=0.400)
[10-06 18:34:36] INFO: ================================================================================
[10-06 18:34:40] INFO: [RL-EP-2926] (2926)
[10-06 18:34:43] INFO: [RL-EP-2927] (2927)
[10-06 18:34:47] INFO: [RL-EP-2928] (2928)
[10-06 18:34:51] INFO: [RL-EP-2929] (2929)
[10-06 18:34:54] INFO: [RL-EP-2930] roll=0.980/0.000/0.020
[10-06 18:34:58] INFO: [RL-EP-2931] (2931)
[10-06 18:35:02] INFO: [RL-EP-2932] (2932)
[10-06 18:35:05] INFO: [RL-EP-2933] (2933)
[10-06 18:35:10] INFO: [RL-EP-2934] (2934)
[10-06 18:35:12] INFO: [RL-EP-2935] roll=0.980/0.020/0.000
[10-06 18:35:16] INFO: [RL-EP-2936] (2936)
[10-06 18:35:21] INFO: [RL-EP-2937] (2937)
[10-06 18:35:25] INFO: [RL-EP-2938] (2938)
[10-06 18:35:34] INFO: [RL-EP-2939] (2939)
[10-06 18:35:37] INFO: [RL-EP-2940] roll=0.960/0.020/0.020
[10-06 18:35:41] INFO: [RL-EP-2941] (2941)
[10-06 18:35:44] INFO: [RL-EP-2942] (2942)
[10-06 18:35:48] INFO: [RL-EP-2943] (2943)
[10-06 18:35:53] INFO: [RL-EP-2944] (2944)
[10-06 18:35:56] INFO: [RL-EP-2945] roll=0.960/0.020/0.020
[10-06 18:36:00] INFO: [RL-EP-2946] (2946)
[10-06 18:36:03] INFO: [RL-EP-2947] (2947)
[10-06 18:36:08] INFO: [RL-EP-2948] (2948)
[10-06 18:36:12] INFO: [RL-EP-2949] (2949)
[10-06 18:36:12] INFO: [CONFIG-CHECK] ep=2950 updates_per_ep=4 (from config)
[10-06 18:36:16] INFO: [SARL-LOSS] ep=2950 value_loss=0.0247 epsilon=0.0500
[10-06 18:36:16] INFO: [STAT] ep=2950 | roll@25(s/c/t)=1.0/0.0/0.0 (0.96/0.02/0.02) | R.mean=0.5
[10-06 18:36:16] INFO: [METRICS-25] time=17.91s | dfreq=0.000 | ddist=0.000m
[10-06 18:36:16] INFO: [METRICS-PLOT] 3-metrics curve -> /root/bayes-vl-matched-20261006/crowd_nav/runs/bayes-matched-v1/gru-seed42/curves_3metrics.png
[10-06 18:36:16] INFO: [RL-EP-2950] (2950/10000) s/c/t=1/0/0 qloss=0.0000 ploss=0.0000 buf=200000
[10-06 18:36:16] INFO:               cumulative s/c/t%: 96.0%/2.0%/2.0%
[10-06 18:36:16] INFO: [REPLAY-STORE] ok=2950 skip=0 steps=202255 buf=200000
[10-06 18:36:16] INFO: [STAGE0-MONITOR] timeout_ratio=0.020 (target: decrease over time)
[10-06 18:36:16] INFO: ================================================================================
[10-06 18:36:16] INFO: [MULTI-SCALE-2950] TARGET: peak=1.000 stable_90=10ep
[10-06 18:36:16] INFO: [MULTI-SCALE-2950] WINDOWS: short=1.000 med=0.920 long=0.950
[10-06 18:36:16] INFO: [MULTI-SCALE-2950] QUALITY: stability=0.800 learn_rate=0.00000
[10-06 18:36:16] INFO: [ACHIEVEMENT] Stable 90%+ success rate achieved for 10 episodes!
[10-06 18:36:16] INFO: [HEALTH-CHECK-2950] Overall: NEEDS_IMPROVEMENT (score=0.400)
[10-06 18:36:16] INFO: ================================================================================
[10-06 18:36:20] INFO: [RL-EP-2951] (2951)
[10-06 18:36:23] INFO: [RL-EP-2952] (2952)
[10-06 18:36:28] INFO: [RL-EP-2953] (2953)
[10-06 18:36:31] INFO: [RL-EP-2954] (2954)
[10-06 18:36:35] INFO: [RL-EP-2955] roll=0.960/0.020/0.020
[10-06 18:36:44] INFO: [RL-EP-2956] (2956)
[10-06 18:36:47] INFO: [RL-EP-2957] (2957)
[10-06 18:36:51] INFO: [RL-EP-2958] (2958)
[10-06 18:36:55] INFO: [RL-EP-2959] (2959)
[10-06 18:36:59] INFO: [RL-EP-2960] roll=0.940/0.020/0.040
[10-06 18:37:03] INFO: [RL-EP-2961] (2961)
[10-06 18:37:07] INFO: [RL-EP-2962] (2962)
[10-06 18:37:10] INFO: [RL-EP-2963] (2963)
[10-06 18:37:15] INFO: [RL-EP-2964] (2964)
[10-06 18:37:19] INFO: [RL-EP-2965] roll=0.940/0.020/0.040
[10-06 18:37:23] INFO: [RL-EP-2966] (2966)
[10-06 18:37:27] INFO: [RL-EP-2967] (2967)
[10-06 18:37:31] INFO: [RL-EP-2968] (2968)
[10-06 18:37:35] INFO: [RL-EP-2969] (2969)
[10-06 18:37:39] INFO: [RL-EP-2970] roll=0.940/0.020/0.040
[10-06 18:37:42] INFO: [RL-EP-2971] (2971)
[10-06 18:37:46] INFO: [RL-EP-2972] (2972)
[10-06 18:37:49] INFO: [RL-EP-2973] (2973)
[10-06 18:37:53] INFO: [RL-EP-2974] (2974)
[10-06 18:37:57] INFO: [SARL-LOSS] ep=2975 value_loss=0.0243 epsilon=0.0500
[10-06 18:37:57] INFO: [STAT] ep=2975 | roll@25(s/c/t)=0.9/0.0/0.0 (0.94/0.02/0.04) | R.mean=0.5
[10-06 18:37:57] INFO: [METRICS-25] time=18.59s | dfreq=0.000 | ddist=0.000m
[10-06 18:37:57] INFO: [METRICS-PLOT] 3-metrics curve -> /root/bayes-vl-matched-20261006/crowd_nav/runs/bayes-matched-v1/gru-seed42/curves_3metrics.png
[10-06 18:37:57] INFO: [RL-EP-2975] (2975/10000) s/c/t=1/0/0 qloss=0.0000 ploss=0.0000 buf=200000
[10-06 18:37:57] INFO:               cumulative s/c/t%: 94.0%/2.0%/4.0%
[10-06 18:37:57] INFO: [REPLAY-STORE] ok=2975 skip=0 steps=204125 buf=200000
[10-06 18:37:57] INFO: [STAGE0-MONITOR] timeout_ratio=0.040 (target: decrease over time)
[10-06 18:37:57] INFO: ================================================================================
[10-06 18:37:57] INFO: [MULTI-SCALE-2975] TARGET: peak=1.000 stable_90=10ep
[10-06 18:37:57] INFO: [MULTI-SCALE-2975] WINDOWS: short=1.000 med=0.960 long=0.960
[10-06 18:37:57] INFO: [MULTI-SCALE-2975] QUALITY: stability=0.800 learn_rate=0.00000
[10-06 18:37:57] INFO: [ACHIEVEMENT] Stable 90%+ success rate achieved for 10 episodes!
[10-06 18:37:57] INFO: [HEALTH-CHECK-2975] Overall: NEEDS_IMPROVEMENT (score=0.400)
[10-06 18:37:57] INFO: ================================================================================
[10-06 18:38:01] INFO: [RL-EP-2976] (2976)
[10-06 18:38:05] INFO: [RL-EP-2977] (2977)
[10-06 18:38:09] INFO: [RL-EP-2978] (2978)
[10-06 18:38:13] INFO: [RL-EP-2979] (2979)
[10-06 18:38:17] INFO: [RL-EP-2980] roll=0.940/0.020/0.040
[10-06 18:38:20] INFO: [RL-EP-2981] (2981)
[10-06 18:38:24] INFO: [RL-EP-2982] (2982)
[10-06 18:38:28] INFO: [RL-EP-2983] (2983)
[10-06 18:38:32] INFO: [RL-EP-2984] (2984)
[10-06 18:38:35] INFO: [RL-EP-2985] roll=0.960/0.000/0.040
[10-06 18:38:39] INFO: [RL-EP-2986] (2986)
[10-06 18:38:43] INFO: [RL-EP-2987] (2987)
[10-06 18:38:48] INFO: [RL-EP-2988] (2988)
[10-06 18:38:52] INFO: [RL-EP-2989] (2989)
[10-06 18:38:55] INFO: [RL-EP-2990] roll=0.980/0.000/0.020
[10-06 18:38:59] INFO: [RL-EP-2991] (2991)
[10-06 18:39:03] INFO: [RL-EP-2992] (2992)
[10-06 18:39:07] INFO: [RL-EP-2993] (2993)
[10-06 18:39:11] INFO: [RL-EP-2994] (2994)
[10-06 18:39:14] INFO: [RL-EP-2995] roll=0.980/0.000/0.020
[10-06 18:39:18] INFO: [RL-EP-2996] (2996)
[10-06 18:39:21] INFO: [RL-EP-2997] (2997)
[10-06 18:39:25] INFO: [RL-EP-2998] (2998)
[10-06 18:39:29] INFO: [RL-EP-2999] (2999)
[10-06 18:39:29] INFO: [CONFIG-CHECK] ep=3000 updates_per_ep=4 (from config)
[10-06 18:39:29] INFO: [SARL-EPSILON] ep=3000 epsilon=0.0500 (start=0.3, end=0.05, decay=1500)
[10-06 18:39:33] INFO: [SARL-REPLAY] ep=3000 buffer_size=200000 updates=4
[10-06 18:39:33] INFO: [SARL-LOSS] ep=3000 value_loss=0.0196 epsilon=0.0500
[10-06 18:39:33] INFO: [SARL-STATS] ep=3000 buffer_size=200000
[10-06 18:39:33] INFO: [STAT] ep=3000 | roll@25(s/c/t)=1.0/0.0/0.0 (0.98/0.00/0.02) | R.mean=0.5
[10-06 18:39:33] INFO: [METRICS-25] time=17.99s | dfreq=0.000 | ddist=0.000m
[10-06 18:39:33] INFO: [METRICS-PLOT] 3-metrics curve -> /root/bayes-vl-matched-20261006/crowd_nav/runs/bayes-matched-v1/gru-seed42/curves_3metrics.png
[10-06 18:39:33] INFO: [RL-EP-3000] (3000/10000) s/c/t=1/0/0 qloss=0.0000 ploss=0.0000 buf=200000
[10-06 18:39:33] INFO:               cumulative s/c/t%: 98.0%/0.0%/2.0%
[10-06 18:39:33] INFO: [REPLAY-STORE] ok=3000 skip=0 steps=205853 buf=200000
[10-06 18:39:33] INFO: [STAGE0-MONITOR] timeout_ratio=0.020 (target: decrease over time)
[10-06 18:39:33] INFO: [SOT-3000] REWARD succ=1.0/coll=-0.50 | GRID 5×16=80 | EVENTS s=0.98/c=0.00/t=0.02
[10-06 18:39:33] INFO: ================================================================================
[10-06 18:39:33] INFO: [MULTI-SCALE-3000] TARGET: peak=1.000 stable_90=10ep
[10-06 18:39:33] INFO: [MULTI-SCALE-3000] WINDOWS: short=1.000 med=1.000 long=0.970
[10-06 18:39:33] INFO: [MULTI-SCALE-3000] QUALITY: stability=0.800 learn_rate=0.00000
[10-06 18:39:33] INFO: [ACHIEVEMENT] Stable 90%+ success rate achieved for 10 episodes!
[10-06 18:39:33] INFO: [HEALTH-CHECK-3000] Overall: NEEDS_IMPROVEMENT (score=0.400)
[10-06 18:39:33] INFO: ================================================================================
[10-06 18:39:33] INFO: [PLOT] curves updated ep=3000
[10-06 18:39:33] INFO: [EVAL] Starting evaluation: ep=3000, ε=0.0, k=50
[10-06 18:41:45] INFO: [EVAL] Completed evaluation: succ=0.960 coll=0.000 timeout=0.040 sum=1.000 nav=17.18
[10-06 18:41:45] INFO: [EVAL-EXTENDED] path_len=10.28m smoothness=0.623 avg_speed=0.61m/s
[10-06 18:41:45] INFO: ================================================================================
[10-06 18:41:45] INFO: [CUMULATIVE-METRICS] Episode 3000: Cumulative average (all 3000 episodes)
[10-06 18:41:45] INFO:   Success: 0.940 (94.0%), Collision: 0.049 (4.9%), Timeout: 0.011 (1.1%)
[10-06 18:41:45] INFO:   Avg Reward: 0.45
[10-06 18:41:45] INFO:   Avg Time Taken: 17.15s
[10-06 18:41:45] INFO:   Avg Discomfort Freq: 0.000
[10-06 18:41:45] INFO:   Avg Discomfort Dist: 0.000m
[10-06 18:41:45] INFO: ================================================================================
[10-06 18:41:45] INFO: [RL-SAVE] sarl checkpoint -> /root/bayes-vl-matched-20261006/crowd_nav/runs/bayes-matched-v1/gru-seed42/rl_model_ep3000.pth
[10-06 18:41:45] INFO: [RL-SAVE] Saved components: policy, target network, optimizer
[10-06 18:41:49] INFO: [RL-EP-3001] (3001)
[10-06 18:41:53] INFO: [RL-EP-3002] (3002)
[10-06 18:41:57] INFO: [RL-EP-3003] (3003)
[10-06 18:42:00] INFO: [RL-EP-3004] (3004)
[10-06 18:42:04] INFO: [RL-EP-3005] roll=0.980/0.000/0.020
[10-06 18:42:07] INFO: [RL-EP-3006] (3006)
[10-06 18:42:11] INFO: [RL-EP-3007] (3007)
[10-06 18:42:15] INFO: [RL-EP-3008] (3008)
[10-06 18:42:19] INFO: [RL-EP-3009] (3009)
[10-06 18:42:23] INFO: [RL-EP-3010] roll=1.000/0.000/0.000
[10-06 18:42:27] INFO: [RL-EP-3011] (3011)
[10-06 18:42:30] INFO: [RL-EP-3012] (3012)
[10-06 18:42:34] INFO: [RL-EP-3013] (3013)
[10-06 18:42:38] INFO: [RL-EP-3014] (3014)
[10-06 18:42:42] INFO: [RL-EP-3015] roll=1.000/0.000/0.000
[10-06 18:42:46] INFO: [RL-EP-3016] (3016)
[10-06 18:42:50] INFO: [RL-EP-3017] (3017)
[10-06 18:42:53] INFO: [RL-EP-3018] (3018)
[10-06 18:42:57] INFO: [RL-EP-3019] (3019)
[10-06 18:43:01] INFO: [RL-EP-3020] roll=1.000/0.000/0.000
[10-06 18:43:04] INFO: [RL-EP-3021] (3021)
[10-06 18:43:08] INFO: [RL-EP-3022] (3022)
[10-06 18:43:12] INFO: [RL-EP-3023] (3023)
[10-06 18:43:15] INFO: [RL-EP-3024] (3024)
[10-06 18:43:19] INFO: [SARL-LOSS] ep=3025 value_loss=0.0256 epsilon=0.0500
[10-06 18:43:19] INFO: [STAT] ep=3025 | roll@25(s/c/t)=1.0/0.0/0.0 (1.00/0.00/0.00) | R.mean=0.5
[10-06 18:43:19] INFO: [METRICS-25] time=17.13s | dfreq=0.000 | ddist=0.000m
[10-06 18:43:20] INFO: [METRICS-PLOT] 3-metrics curve -> /root/bayes-vl-matched-20261006/crowd_nav/runs/bayes-matched-v1/gru-seed42/curves_3metrics.png
[10-06 18:43:20] INFO: [RL-EP-3025] (3025/10000) s/c/t=1/0/0 qloss=0.0000 ploss=0.0000 buf=200000
[10-06 18:43:20] INFO:               cumulative s/c/t%: 100.0%/0.0%/0.0%
[10-06 18:43:20] INFO: [REPLAY-STORE] ok=3025 skip=0 steps=207551 buf=200000
[10-06 18:43:20] INFO: [STAGE0-MONITOR] timeout_ratio=0.000 (target: decrease over time)
[10-06 18:43:20] INFO: ================================================================================
[10-06 18:43:20] INFO: [MULTI-SCALE-3025] TARGET: peak=1.000 stable_90=10ep
[10-06 18:43:20] INFO: [MULTI-SCALE-3025] WINDOWS: short=1.000 med=1.000 long=0.970
[10-06 18:43:20] INFO: [MULTI-SCALE-3025] QUALITY: stability=0.800 learn_rate=0.00000
[10-06 18:43:20] INFO: [ACHIEVEMENT] Stable 90%+ success rate achieved for 10 episodes!
[10-06 18:43:20] INFO: [HEALTH-CHECK-3025] Overall: NEEDS_IMPROVEMENT (score=0.400)
[10-06 18:43:20] INFO: ================================================================================
[10-06 18:43:23] INFO: [RL-EP-3026] (3026)
[10-06 18:43:28] INFO: [RL-EP-3027] (3027)
[10-06 18:43:31] INFO: [RL-EP-3028] (3028)
[10-06 18:43:35] INFO: [RL-EP-3029] (3029)
[10-06 18:43:39] INFO: [RL-EP-3030] roll=1.000/0.000/0.000
[10-06 18:43:44] INFO: [RL-EP-3031] (3031)
[10-06 18:43:48] INFO: [RL-EP-3032] (3032)
[10-06 18:43:51] INFO: [RL-EP-3033] (3033)
[10-06 18:43:55] INFO: [RL-EP-3034] (3034)
[10-06 18:43:59] INFO: [RL-EP-3035] roll=1.000/0.000/0.000
[10-06 18:44:02] INFO: [RL-EP-3036] (3036)
[10-06 18:44:06] INFO: [RL-EP-3037] (3037)
[10-06 18:44:10] INFO: [RL-EP-3038] (3038)
[10-06 18:44:13] INFO: [RL-EP-3039] (3039)
[10-06 18:44:17] INFO: [RL-EP-3040] roll=1.000/0.000/0.000
[10-06 18:44:22] INFO: [RL-EP-3041] (3041)
[10-06 18:44:26] INFO: [RL-EP-3042] (3042)
[10-06 18:44:30] INFO: [RL-EP-3043] (3043)
[10-06 18:44:34] INFO: [RL-EP-3044] (3044)
[10-06 18:44:37] INFO: [RL-EP-3045] roll=1.000/0.000/0.000
[10-06 18:44:42] INFO: [RL-EP-3046] (3046)
[10-06 18:44:45] INFO: [RL-EP-3047] (3047)
[10-06 18:44:50] INFO: [RL-EP-3048] (3048)
[10-06 18:44:53] INFO: [RL-EP-3049] (3049)
[10-06 18:44:53] INFO: [CONFIG-CHECK] ep=3050 updates_per_ep=4 (from config)
[10-06 18:44:58] INFO: [SARL-LOSS] ep=3050 value_loss=0.0228 epsilon=0.0500
[10-06 18:44:58] INFO: [STAT] ep=3050 | roll@25(s/c/t)=1.0/0.0/0.0 (1.00/0.00/0.00) | R.mean=0.5
[10-06 18:44:58] INFO: [METRICS-25] time=17.48s | dfreq=0.000 | ddist=0.000m
[10-06 18:44:58] INFO: [METRICS-PLOT] 3-metrics curve -> /root/bayes-vl-matched-20261006/crowd_nav/runs/bayes-matched-v1/gru-seed42/curves_3metrics.png
[10-06 18:44:58] INFO: [RL-EP-3050] (3050/10000) s/c/t=1/0/0 qloss=0.0000 ploss=0.0000 buf=200000
[10-06 18:44:58] INFO:               cumulative s/c/t%: 100.0%/0.0%/0.0%
[10-06 18:44:58] INFO: [REPLAY-STORE] ok=3050 skip=0 steps=209350 buf=200000
[10-06 18:44:58] INFO: [STAGE0-MONITOR] timeout_ratio=0.000 (target: decrease over time)
[10-06 18:44:58] INFO: ================================================================================
[10-06 18:44:58] INFO: [MULTI-SCALE-3050] TARGET: peak=1.000 stable_90=10ep
[10-06 18:44:58] INFO: [MULTI-SCALE-3050] WINDOWS: short=1.000 med=1.000 long=0.990
[10-06 18:44:58] INFO: [MULTI-SCALE-3050] QUALITY: stability=0.800 learn_rate=0.00000
[10-06 18:44:58] INFO: [ACHIEVEMENT] Stable 90%+ success rate achieved for 10 episodes!
[10-06 18:44:58] INFO: [HEALTH-CHECK-3050] Overall: NEEDS_IMPROVEMENT (score=0.400)
[10-06 18:44:58] INFO: ================================================================================
[10-06 18:45:02] INFO: [RL-EP-3051] (3051)
[10-06 18:45:05] INFO: [RL-EP-3052] (3052)
[10-06 18:45:09] INFO: [RL-EP-3053] (3053)
[10-06 18:45:12] INFO: [RL-EP-3054] (3054)
[10-06 18:45:15] INFO: [RL-EP-3055] roll=1.000/0.000/0.000
[10-06 18:45:19] INFO: [RL-EP-3056] (3056)
[10-06 18:45:23] INFO: [RL-EP-3057] (3057)
[10-06 18:45:26] INFO: [RL-EP-3058] (3058)
[10-06 18:45:30] INFO: [RL-EP-3059] (3059)
[10-06 18:45:34] INFO: [RL-EP-3060] roll=1.000/0.000/0.000
[10-06 18:45:37] INFO: [RL-EP-3061] (3061)
[10-06 18:45:40] INFO: [RL-EP-3062] (3062)
[10-06 18:45:44] INFO: [RL-EP-3063] (3063)
[10-06 18:45:48] INFO: [RL-EP-3064] (3064)
[10-06 18:45:51] INFO: [RL-EP-3065] roll=1.000/0.000/0.000
[10-06 18:45:54] INFO: [RL-EP-3066] (3066)
[10-06 18:45:58] INFO: [RL-EP-3067] (3067)
[10-06 18:46:02] INFO: [RL-EP-3068] (3068)
[10-06 18:46:06] INFO: [RL-EP-3069] (3069)
[10-06 18:46:10] INFO: [RL-EP-3070] roll=1.000/0.000/0.000
[10-06 18:46:14] INFO: [RL-EP-3071] (3071)
[10-06 18:46:18] INFO: [RL-EP-3072] (3072)
[10-06 18:46:22] INFO: [RL-EP-3073] (3073)
[10-06 18:46:26] INFO: [RL-EP-3074] (3074)
[10-06 18:46:30] INFO: [SARL-LOSS] ep=3075 value_loss=0.0321 epsilon=0.0500
[10-06 18:46:30] INFO: [STAT] ep=3075 | roll@25(s/c/t)=1.0/0.0/0.0 (1.00/0.00/0.00) | R.mean=0.5
[10-06 18:46:30] INFO: [METRICS-25] time=17.61s | dfreq=0.000 | ddist=0.000m
[10-06 18:46:30] INFO: [METRICS-PLOT] 3-metrics curve -> /root/bayes-vl-matched-20261006/crowd_nav/runs/bayes-matched-v1/gru-seed42/curves_3metrics.png
[10-06 18:46:30] INFO: [RL-EP-3075] (3075/10000) s/c/t=1/0/0 qloss=0.0000 ploss=0.0000 buf=200000
[10-06 18:46:30] INFO:               cumulative s/c/t%: 100.0%/0.0%/0.0%
[10-06 18:46:30] INFO: [REPLAY-STORE] ok=3075 skip=0 steps=211074 buf=200000
[10-06 18:46:30] INFO: [STAGE0-MONITOR] timeout_ratio=0.000 (target: decrease over time)
[10-06 18:46:30] INFO: ================================================================================
[10-06 18:46:30] INFO: [MULTI-SCALE-3075] TARGET: peak=1.000 stable_90=10ep
[10-06 18:46:30] INFO: [MULTI-SCALE-3075] WINDOWS: short=1.000 med=1.000 long=1.000
[10-06 18:46:30] INFO: [MULTI-SCALE-3075] QUALITY: stability=0.800 learn_rate=0.00000
[10-06 18:46:30] INFO: [ACHIEVEMENT] Stable 90%+ success rate achieved for 10 episodes!
[10-06 18:46:30] INFO: [HEALTH-CHECK-3075] Overall: NEEDS_IMPROVEMENT (score=0.400)
[10-06 18:46:30] INFO: ================================================================================
[10-06 18:46:35] INFO: [RL-EP-3076] (3076)
[10-06 18:46:44] INFO: [RL-EP-3077] (3077)
[10-06 18:46:47] INFO: [RL-EP-3078] (3078)
[10-06 18:46:51] INFO: [RL-EP-3079] (3079)
[10-06 18:46:54] INFO: [RL-EP-3080] roll=0.980/0.000/0.020
[10-06 18:46:58] INFO: [RL-EP-3081] (3081)
[10-06 18:47:02] INFO: [RL-EP-3082] (3082)
[10-06 18:47:06] INFO: [RL-EP-3083] (3083)
[10-06 18:47:10] INFO: [RL-EP-3084] (3084)
[10-06 18:47:14] INFO: [RL-EP-3085] roll=0.980/0.000/0.020
[10-06 18:47:18] INFO: [RL-EP-3086] (3086)
[10-06 18:47:22] INFO: [RL-EP-3087] (3087)
[10-06 18:47:25] INFO: [RL-EP-3088] (3088)
[10-06 18:47:29] INFO: [RL-EP-3089] (3089)
[10-06 18:47:33] INFO: [RL-EP-3090] roll=0.980/0.000/0.020
[10-06 18:47:37] INFO: [RL-EP-3091] (3091)
[10-06 18:47:40] INFO: [RL-EP-3092] (3092)
[10-06 18:47:43] INFO: [RL-EP-3093] (3093)
[10-06 18:47:47] INFO: [RL-EP-3094] (3094)
[10-06 18:47:51] INFO: [RL-EP-3095] roll=0.980/0.000/0.020
[10-06 18:48:00] INFO: [RL-EP-3096] (3096)
[10-06 18:48:03] INFO: [RL-EP-3097] (3097)
[10-06 18:48:07] INFO: [RL-EP-3098] (3098)
[10-06 18:48:11] INFO: [RL-EP-3099] (3099)
[10-06 18:48:11] INFO: [CONFIG-CHECK] ep=3100 updates_per_ep=4 (from config)
[10-06 18:48:11] INFO: [SARL-EPSILON] ep=3100 epsilon=0.0500 (start=0.3, end=0.05, decay=1500)
[10-06 18:48:14] INFO: [SARL-REPLAY] ep=3100 buffer_size=200000 updates=4
[10-06 18:48:14] INFO: [SARL-LOSS] ep=3100 value_loss=0.0229 epsilon=0.0500
[10-06 18:48:14] INFO: [SARL-STATS] ep=3100 buffer_size=200000
[10-06 18:48:14] INFO: [STAT] ep=3100 | roll@25(s/c/t)=1.0/0.0/0.0 (0.96/0.00/0.04) | R.mean=0.5
[10-06 18:48:14] INFO: [METRICS-25] time=18.27s | dfreq=0.000 | ddist=0.000m
[10-06 18:48:15] INFO: [METRICS-PLOT] 3-metrics curve -> /root/bayes-vl-matched-20261006/crowd_nav/runs/bayes-matched-v1/gru-seed42/curves_3metrics.png
[10-06 18:48:15] INFO: [RL-EP-3100] (3100/10000) s/c/t=1/0/0 qloss=0.0000 ploss=0.0000 buf=200000
[10-06 18:48:15] INFO:               cumulative s/c/t%: 96.0%/0.0%/4.0%
[10-06 18:48:15] INFO: [REPLAY-STORE] ok=3100 skip=0 steps=213004 buf=200000
[10-06 18:48:15] INFO: [STAGE0-MONITOR] timeout_ratio=0.040 (target: decrease over time)
[10-06 18:48:15] INFO: [SOT-3100] REWARD succ=1.0/coll=-0.50 | GRID 5×16=80 | EVENTS s=0.96/c=0.00/t=0.04
[10-06 18:48:15] INFO: ================================================================================
[10-06 18:48:15] INFO: [MULTI-SCALE-3100] TARGET: peak=1.000 stable_90=10ep
[10-06 18:48:15] INFO: [MULTI-SCALE-3100] WINDOWS: short=0.900 med=0.920 long=0.980
[10-06 18:48:15] INFO: [MULTI-SCALE-3100] QUALITY: stability=0.800 learn_rate=0.00000
[10-06 18:48:15] INFO: [ACHIEVEMENT] Stable 90%+ success rate achieved for 10 episodes!
[10-06 18:48:15] INFO: [HEALTH-CHECK-3100] Overall: NEEDS_IMPROVEMENT (score=0.400)
[10-06 18:48:15] INFO: ================================================================================
[10-06 18:48:18] INFO: [RL-EP-3101] (3101)
[10-06 18:48:22] INFO: [RL-EP-3102] (3102)
[10-06 18:48:27] INFO: [RL-EP-3103] (3103)
[10-06 18:48:31] INFO: [RL-EP-3104] (3104)
[10-06 18:48:34] INFO: [RL-EP-3105] roll=0.960/0.000/0.040
[10-06 18:48:39] INFO: [RL-EP-3106] (3106)
[10-06 18:48:43] INFO: [RL-EP-3107] (3107)
[10-06 18:48:46] INFO: [RL-EP-3108] (3108)
[10-06 18:48:50] INFO: [RL-EP-3109] (3109)
[10-06 18:48:54] INFO: [RL-EP-3110] roll=0.960/0.000/0.040
[10-06 18:48:58] INFO: [RL-EP-3111] (3111)
[10-06 18:49:02] INFO: [RL-EP-3112] (3112)
[10-06 18:49:05] INFO: [RL-EP-3113] (3113)
[10-06 18:49:09] INFO: [RL-EP-3114] (3114)
[10-06 18:49:12] INFO: [RL-EP-3115] roll=0.960/0.000/0.040
[10-06 18:49:16] INFO: [RL-EP-3116] (3116)
[10-06 18:49:21] INFO: [RL-EP-3117] (3117)
[10-06 18:49:24] INFO: [RL-EP-3118] (3118)
[10-06 18:49:28] INFO: [RL-EP-3119] (3119)
[10-06 18:49:31] INFO: [RL-EP-3120] roll=0.960/0.000/0.040
[10-06 18:49:35] INFO: [RL-EP-3121] (3121)
[10-06 18:49:39] INFO: [RL-EP-3122] (3122)
[10-06 18:49:43] INFO: [RL-EP-3123] (3123)
[10-06 18:49:47] INFO: [RL-EP-3124] (3124)
[10-06 18:49:51] INFO: [SARL-LOSS] ep=3125 value_loss=0.0234 epsilon=0.0500
[10-06 18:49:51] INFO: [STAT] ep=3125 | roll@25(s/c/t)=1.0/0.0/0.0 (0.96/0.00/0.04) | R.mean=0.5
[10-06 18:49:51] INFO: [METRICS-25] time=18.38s | dfreq=0.000 | ddist=0.000m
[10-06 18:49:51] INFO: [METRICS-PLOT] 3-metrics curve -> /root/bayes-vl-matched-20261006/crowd_nav/runs/bayes-matched-v1/gru-seed42/curves_3metrics.png
[10-06 18:49:51] INFO: [RL-EP-3125] (3125/10000) s/c/t=1/0/0 qloss=0.0000 ploss=0.0000 buf=200000
[10-06 18:49:51] INFO:               cumulative s/c/t%: 96.0%/0.0%/4.0%
[10-06 18:49:51] INFO: [REPLAY-STORE] ok=3125 skip=0 steps=214750 buf=200000
[10-06 18:49:51] INFO: [STAGE0-MONITOR] timeout_ratio=0.040 (target: decrease over time)
[10-06 18:49:51] INFO: ================================================================================
[10-06 18:49:51] INFO: [MULTI-SCALE-3125] TARGET: peak=1.000 stable_90=10ep
[10-06 18:49:51] INFO: [MULTI-SCALE-3125] WINDOWS: short=1.000 med=1.000 long=0.980
[10-06 18:49:51] INFO: [MULTI-SCALE-3125] QUALITY: stability=0.800 learn_rate=0.00000
[10-06 18:49:51] INFO: [ACHIEVEMENT] Stable 90%+ success rate achieved for 10 episodes!
[10-06 18:49:51] INFO: [HEALTH-CHECK-3125] Overall: NEEDS_IMPROVEMENT (score=0.400)
[10-06 18:49:51] INFO: ================================================================================
[10-06 18:49:55] INFO: [RL-EP-3126] (3126)
[10-06 18:49:59] INFO: [RL-EP-3127] (3127)
[10-06 18:50:03] INFO: [RL-EP-3128] (3128)
[10-06 18:50:07] INFO: [RL-EP-3129] (3129)
[10-06 18:50:10] INFO: [RL-EP-3130] roll=0.980/0.000/0.020
[10-06 18:50:14] INFO: [RL-EP-3131] (3131)
[10-06 18:50:23] INFO: [RL-EP-3132] (3132)
[10-06 18:50:27] INFO: [RL-EP-3133] (3133)
[10-06 18:50:31] INFO: [RL-EP-3134] (3134)
[10-06 18:50:36] INFO: [RL-EP-3135] roll=0.960/0.000/0.040
[10-06 18:50:39] INFO: [RL-EP-3136] (3136)
[10-06 18:50:43] INFO: [RL-EP-3137] (3137)
[10-06 18:50:47] INFO: [RL-EP-3138] (3138)
[10-06 18:50:51] INFO: [RL-EP-3139] (3139)
[10-06 18:50:55] INFO: [RL-EP-3140] roll=0.960/0.000/0.040
[10-06 18:50:58] INFO: [RL-EP-3141] (3141)
[10-06 18:51:02] INFO: [RL-EP-3142] (3142)
[10-06 18:51:05] INFO: [RL-EP-3143] (3143)
[10-06 18:51:09] INFO: [RL-EP-3144] (3144)
[10-06 18:51:13] INFO: [RL-EP-3145] roll=0.960/0.000/0.040
[10-06 18:51:16] INFO: [RL-EP-3146] (3146)
[10-06 18:51:20] INFO: [RL-EP-3147] (3147)
[10-06 18:51:24] INFO: [RL-EP-3148] (3148)
[10-06 18:51:28] INFO: [RL-EP-3149] (3149)
[10-06 18:51:28] INFO: [CONFIG-CHECK] ep=3150 updates_per_ep=4 (from config)
[10-06 18:51:31] INFO: [SARL-LOSS] ep=3150 value_loss=0.0219 epsilon=0.0500
[10-06 18:51:31] INFO: [STAT] ep=3150 | roll@25(s/c/t)=1.0/0.0/0.0 (0.98/0.00/0.02) | R.mean=0.5
[10-06 18:51:31] INFO: [METRICS-25] time=17.93s | dfreq=0.000 | ddist=0.000m
[10-06 18:51:32] INFO: [METRICS-PLOT] 3-metrics curve -> /root/bayes-vl-matched-20261006/crowd_nav/runs/bayes-matched-v1/gru-seed42/curves_3metrics.png
[10-06 18:51:32] INFO: [RL-EP-3150] (3150/10000) s/c/t=1/0/0 qloss=0.0000 ploss=0.0000 buf=200000
[10-06 18:51:32] INFO:               cumulative s/c/t%: 98.0%/0.0%/2.0%
[10-06 18:51:32] INFO: [REPLAY-STORE] ok=3150 skip=0 steps=216590 buf=200000
[10-06 18:51:32] INFO: [STAGE0-MONITOR] timeout_ratio=0.020 (target: decrease over time)
[10-06 18:51:32] INFO: ================================================================================
[10-06 18:51:32] INFO: [MULTI-SCALE-3150] TARGET: peak=1.000 stable_90=10ep
[10-06 18:51:32] INFO: [MULTI-SCALE-3150] WINDOWS: short=1.000 med=0.960 long=0.970
[10-06 18:51:32] INFO: [MULTI-SCALE-3150] QUALITY: stability=0.800 learn_rate=0.00000
[10-06 18:51:32] INFO: [ACHIEVEMENT] Stable 90%+ success rate achieved for 10 episodes!
[10-06 18:51:32] INFO: [HEALTH-CHECK-3150] Overall: NEEDS_IMPROVEMENT (score=0.400)
[10-06 18:51:32] INFO: ================================================================================
[10-06 18:51:35] INFO: [RL-EP-3151] (3151)
[10-06 18:51:39] INFO: [RL-EP-3152] (3152)
[10-06 18:51:43] INFO: [RL-EP-3153] (3153)
[10-06 18:51:47] INFO: [RL-EP-3154] (3154)
[10-06 18:51:50] INFO: [RL-EP-3155] roll=0.980/0.000/0.020
[10-06 18:51:54] INFO: [RL-EP-3156] (3156)
[10-06 18:51:59] INFO: [RL-EP-3157] (3157)
[10-06 18:52:02] INFO: [RL-EP-3158] (3158)
[10-06 18:52:06] INFO: [RL-EP-3159] (3159)
[10-06 18:52:10] INFO: [RL-EP-3160] roll=0.980/0.000/0.020
[10-06 18:52:13] INFO: [RL-EP-3161] (3161)
[10-06 18:52:17] INFO: [RL-EP-3162] (3162)
[10-06 18:52:21] INFO: [RL-EP-3163] (3163)
[10-06 18:52:24] INFO: [RL-EP-3164] (3164)
[10-06 18:52:28] INFO: [RL-EP-3165] roll=0.980/0.000/0.020
[10-06 18:52:32] INFO: [RL-EP-3166] (3166)
[10-06 18:52:35] INFO: [RL-EP-3167] (3167)
[10-06 18:52:39] INFO: [RL-EP-3168] (3168)
[10-06 18:52:43] INFO: [RL-EP-3169] (3169)
[10-06 18:52:46] INFO: [RL-EP-3170] roll=0.980/0.000/0.020
[10-06 18:52:50] INFO: [RL-EP-3171] (3171)
[10-06 18:52:53] INFO: [RL-EP-3172] (3172)
[10-06 18:52:57] INFO: [RL-EP-3173] (3173)
[10-06 18:53:01] INFO: [RL-EP-3174] (3174)
[10-06 18:53:05] INFO: [SARL-LOSS] ep=3175 value_loss=0.0221 epsilon=0.0500
[10-06 18:53:05] INFO: [STAT] ep=3175 | roll@25(s/c/t)=1.0/0.0/0.0 (0.98/0.00/0.02) | R.mean=0.5
[10-06 18:53:05] INFO: [METRICS-25] time=17.52s | dfreq=0.000 | ddist=0.000m
[10-06 18:53:06] INFO: [METRICS-PLOT] 3-metrics curve -> /root/bayes-vl-matched-20261006/crowd_nav/runs/bayes-matched-v1/gru-seed42/curves_3metrics.png
[10-06 18:53:06] INFO: [RL-EP-3175] (3175/10000) s/c/t=1/0/0 qloss=0.0000 ploss=0.0000 buf=200000
[10-06 18:53:06] INFO:               cumulative s/c/t%: 98.0%/0.0%/2.0%
[10-06 18:53:06] INFO: [REPLAY-STORE] ok=3175 skip=0 steps=218255 buf=200000
[10-06 18:53:06] INFO: [STAGE0-MONITOR] timeout_ratio=0.020 (target: decrease over time)
[10-06 18:53:06] INFO: ================================================================================
[10-06 18:53:06] INFO: [MULTI-SCALE-3175] TARGET: peak=1.000 stable_90=10ep
[10-06 18:53:06] INFO: [MULTI-SCALE-3175] WINDOWS: short=1.000 med=1.000 long=0.970
[10-06 18:53:06] INFO: [MULTI-SCALE-3175] QUALITY: stability=0.800 learn_rate=0.00000
[10-06 18:53:06] INFO: [ACHIEVEMENT] Stable 90%+ success rate achieved for 10 episodes!
[10-06 18:53:06] INFO: [HEALTH-CHECK-3175] Overall: NEEDS_IMPROVEMENT (score=0.400)
[10-06 18:53:06] INFO: ================================================================================
[10-06 18:53:09] INFO: [RL-EP-3176] (3176)
[10-06 18:53:13] INFO: [RL-EP-3177] (3177)
[10-06 18:53:17] INFO: [RL-EP-3178] (3178)
[10-06 18:53:21] INFO: [RL-EP-3179] (3179)
[10-06 18:53:25] INFO: [RL-EP-3180] roll=0.980/0.000/0.020
[10-06 18:53:28] INFO: [RL-EP-3181] (3181)
[10-06 18:53:32] INFO: [RL-EP-3182] (3182)
[10-06 18:53:36] INFO: [RL-EP-3183] (3183)
[10-06 18:53:40] INFO: [RL-EP-3184] (3184)
[10-06 18:53:44] INFO: [RL-EP-3185] roll=1.000/0.000/0.000
[10-06 18:53:47] INFO: [RL-EP-3186] (3186)
[10-06 18:53:51] INFO: [RL-EP-3187] (3187)
[10-06 18:53:55] INFO: [RL-EP-3188] (3188)
[10-06 18:53:59] INFO: [RL-EP-3189] (3189)
[10-06 18:54:02] INFO: [RL-EP-3190] roll=1.000/0.000/0.000
[10-06 18:54:06] INFO: [RL-EP-3191] (3191)
[10-06 18:54:10] INFO: [RL-EP-3192] (3192)
[10-06 18:54:14] INFO: [RL-EP-3193] (3193)
[10-06 18:54:18] INFO: [RL-EP-3194] (3194)
[10-06 18:54:21] INFO: [RL-EP-3195] roll=1.000/0.000/0.000
[10-06 18:54:25] INFO: [RL-EP-3196] (3196)
[10-06 18:54:27] INFO: [RL-EP-3197] (3197)
[10-06 18:54:32] INFO: [RL-EP-3198] (3198)
[10-06 18:54:35] INFO: [RL-EP-3199] (3199)
[10-06 18:54:35] INFO: [CONFIG-CHECK] ep=3200 updates_per_ep=4 (from config)
[10-06 18:54:35] INFO: [SARL-EPSILON] ep=3200 epsilon=0.0500 (start=0.3, end=0.05, decay=1500)
[10-06 18:54:39] INFO: [SARL-REPLAY] ep=3200 buffer_size=200000 updates=4
[10-06 18:54:39] INFO: [SARL-LOSS] ep=3200 value_loss=0.0230 epsilon=0.0500
[10-06 18:54:39] INFO: [SARL-STATS] ep=3200 buffer_size=200000
[10-06 18:54:39] INFO: [STAT] ep=3200 | roll@25(s/c/t)=1.0/0.0/0.0 (0.98/0.02/0.00) | R.mean=0.5
[10-06 18:54:39] INFO: [METRICS-25] time=16.68s | dfreq=0.000 | ddist=0.000m
[10-06 18:54:39] INFO: [METRICS-PLOT] 3-metrics curve -> /root/bayes-vl-matched-20261006/crowd_nav/runs/bayes-matched-v1/gru-seed42/curves_3metrics.png
[10-06 18:54:39] INFO: [RL-EP-3200] (3200/10000) s/c/t=1/0/0 qloss=0.0000 ploss=0.0000 buf=200000
[10-06 18:54:39] INFO:               cumulative s/c/t%: 98.0%/2.0%/0.0%
[10-06 18:54:39] INFO: [REPLAY-STORE] ok=3200 skip=0 steps=219925 buf=200000
[10-06 18:54:39] INFO: [STAGE0-MONITOR] timeout_ratio=0.000 (target: decrease over time)
[10-06 18:54:39] INFO: [SOT-3200] REWARD succ=1.0/coll=-0.50 | GRID 5×16=80 | EVENTS s=0.98/c=0.02/t=0.00
[10-06 18:54:39] INFO: ================================================================================
[10-06 18:54:39] INFO: [MULTI-SCALE-3200] TARGET: peak=1.000 stable_90=10ep
[10-06 18:54:39] INFO: [MULTI-SCALE-3200] WINDOWS: short=0.900 med=0.960 long=0.980
[10-06 18:54:39] INFO: [MULTI-SCALE-3200] QUALITY: stability=0.800 learn_rate=0.00000
[10-06 18:54:39] INFO: [ACHIEVEMENT] Stable 90%+ success rate achieved for 10 episodes!
[10-06 18:54:39] INFO: [HEALTH-CHECK-3200] Overall: NEEDS_IMPROVEMENT (score=0.400)
[10-06 18:54:39] INFO: ================================================================================
[10-06 18:54:42] INFO: [RL-EP-3201] (3201)
[10-06 18:54:46] INFO: [RL-EP-3202] (3202)
[10-06 18:54:50] INFO: [RL-EP-3203] (3203)
[10-06 18:54:54] INFO: [RL-EP-3204] (3204)
[10-06 18:54:58] INFO: [RL-EP-3205] roll=0.980/0.020/0.000
[10-06 18:55:02] INFO: [RL-EP-3206] (3206)
[10-06 18:55:06] INFO: [RL-EP-3207] (3207)
[10-06 18:55:10] INFO: [RL-EP-3208] (3208)
[10-06 18:55:14] INFO: [RL-EP-3209] (3209)
[10-06 18:55:18] INFO: [RL-EP-3210] roll=0.980/0.020/0.000
[10-06 18:55:22] INFO: [RL-EP-3211] (3211)
[10-06 18:55:25] INFO: [RL-EP-3212] (3212)
[10-06 18:55:28] INFO: [RL-EP-3213] (3213)
[10-06 18:55:32] INFO: [RL-EP-3214] (3214)
[10-06 18:55:36] INFO: [RL-EP-3215] roll=0.980/0.020/0.000
[10-06 18:55:40] INFO: [RL-EP-3216] (3216)
[10-06 18:55:43] INFO: [RL-EP-3217] (3217)
[10-06 18:55:47] INFO: [RL-EP-3218] (3218)
[10-06 18:55:51] INFO: [RL-EP-3219] (3219)
[10-06 18:55:54] INFO: [RL-EP-3220] roll=0.980/0.020/0.000
[10-06 18:55:57] INFO: [RL-EP-3221] (3221)
[10-06 18:56:01] INFO: [RL-EP-3222] (3222)
[10-06 18:56:05] INFO: [RL-EP-3223] (3223)
[10-06 18:56:09] INFO: [RL-EP-3224] (3224)
[10-06 18:56:11] INFO: [SARL-LOSS] ep=3225 value_loss=0.0227 epsilon=0.0500
[10-06 18:56:11] INFO: [STAT] ep=3225 | roll@25(s/c/t)=1.0/0.0/0.0 (0.98/0.02/0.00) | R.mean=0.5
[10-06 18:56:11] INFO: [METRICS-25] time=16.71s | dfreq=0.000 | ddist=0.000m
[10-06 18:56:12] INFO: [METRICS-PLOT] 3-metrics curve -> /root/bayes-vl-matched-20261006/crowd_nav/runs/bayes-matched-v1/gru-seed42/curves_3metrics.png
[10-06 18:56:12] INFO: [RL-EP-3225] (3225/10000) s/c/t=1/0/0 qloss=0.0000 ploss=0.0000 buf=200000
[10-06 18:56:12] INFO:               cumulative s/c/t%: 98.0%/2.0%/0.0%
[10-06 18:56:12] INFO: [REPLAY-STORE] ok=3225 skip=0 steps=221598 buf=200000
[10-06 18:56:12] INFO: [STAGE0-MONITOR] timeout_ratio=0.000 (target: decrease over time)
[10-06 18:56:12] INFO: ================================================================================
[10-06 18:56:12] INFO: [MULTI-SCALE-3225] TARGET: peak=1.000 stable_90=10ep
[10-06 18:56:12] INFO: [MULTI-SCALE-3225] WINDOWS: short=1.000 med=1.000 long=0.980
[10-06 18:56:12] INFO: [MULTI-SCALE-3225] QUALITY: stability=0.800 learn_rate=0.00000
[10-06 18:56:12] INFO: [ACHIEVEMENT] Stable 90%+ success rate achieved for 10 episodes!
[10-06 18:56:12] INFO: [HEALTH-CHECK-3225] Overall: NEEDS_IMPROVEMENT (score=0.400)
[10-06 18:56:12] INFO: ================================================================================
[10-06 18:56:15] INFO: [RL-EP-3226] (3226)
[10-06 18:56:18] INFO: [RL-EP-3227] (3227)
[10-06 18:56:21] INFO: [RL-EP-3228] (3228)
[10-06 18:56:24] INFO: [RL-EP-3229] (3229)
[10-06 18:56:26] INFO: [RL-EP-3230] roll=0.980/0.020/0.000
[10-06 18:56:29] INFO: [RL-EP-3231] (3231)
[10-06 18:56:32] INFO: [RL-EP-3232] (3232)
[10-06 18:56:35] INFO: [RL-EP-3233] (3233)
[10-06 18:56:37] INFO: [RL-EP-3234] (3234)
[10-06 18:56:40] INFO: [RL-EP-3235] roll=0.980/0.020/0.000
[10-06 18:56:43] INFO: [RL-EP-3236] (3236)
[10-06 18:56:46] INFO: [RL-EP-3237] (3237)
[10-06 18:56:48] INFO: [RL-EP-3238] (3238)
[10-06 18:56:52] INFO: [RL-EP-3239] (3239)
[10-06 18:56:56] INFO: [RL-EP-3240] roll=0.980/0.020/0.000
[10-06 18:57:00] INFO: [RL-EP-3241] (3241)
[10-06 18:57:04] INFO: [RL-EP-3242] (3242)
[10-06 18:57:08] INFO: [RL-EP-3243] (3243)
[10-06 18:57:11] INFO: [RL-EP-3244] (3244)
[10-06 18:57:15] INFO: [RL-EP-3245] roll=0.980/0.020/0.000
[10-06 18:57:19] INFO: [RL-EP-3246] (3246)
[10-06 18:57:23] INFO: [RL-EP-3247] (3247)
[10-06 18:57:26] INFO: [RL-EP-3248] (3248)
[10-06 18:57:30] INFO: [RL-EP-3249] (3249)
[10-06 18:57:30] INFO: [CONFIG-CHECK] ep=3250 updates_per_ep=4 (from config)
[10-06 18:57:34] INFO: [SARL-LOSS] ep=3250 value_loss=0.0162 epsilon=0.0500
[10-06 18:57:34] INFO: [STAT] ep=3250 | roll@25(s/c/t)=1.0/0.0/0.0 (1.00/0.00/0.00) | R.mean=0.5
[10-06 18:57:34] INFO: [METRICS-25] time=17.06s | dfreq=0.000 | ddist=0.000m
[10-06 18:57:34] INFO: [METRICS-PLOT] 3-metrics curve -> /root/bayes-vl-matched-20261006/crowd_nav/runs/bayes-matched-v1/gru-seed42/curves_3metrics.png
[10-06 18:57:34] INFO: [RL-EP-3250] (3250/10000) s/c/t=1/0/0 qloss=0.0000 ploss=0.0000 buf=200000
[10-06 18:57:34] INFO:               cumulative s/c/t%: 100.0%/0.0%/0.0%
[10-06 18:57:34] INFO: [REPLAY-STORE] ok=3250 skip=0 steps=223337 buf=200000
[10-06 18:57:34] INFO: [STAGE0-MONITOR] timeout_ratio=0.000 (target: decrease over time)
[10-06 18:57:34] INFO: ================================================================================
[10-06 18:57:34] INFO: [MULTI-SCALE-3250] TARGET: peak=1.000 stable_90=10ep
[10-06 18:57:34] INFO: [MULTI-SCALE-3250] WINDOWS: short=1.000 med=1.000 long=0.990
[10-06 18:57:34] INFO: [MULTI-SCALE-3250] QUALITY: stability=0.800 learn_rate=0.00000
[10-06 18:57:34] INFO: [ACHIEVEMENT] Stable 90%+ success rate achieved for 10 episodes!
[10-06 18:57:34] INFO: [HEALTH-CHECK-3250] Overall: NEEDS_IMPROVEMENT (score=0.400)
[10-06 18:57:34] INFO: ================================================================================
[10-06 18:57:37] INFO: [RL-EP-3251] (3251)
[10-06 18:57:41] INFO: [RL-EP-3252] (3252)
[10-06 18:57:44] INFO: [RL-EP-3253] (3253)
[10-06 18:57:49] INFO: [RL-EP-3254] (3254)
[10-06 18:57:53] INFO: [RL-EP-3255] roll=1.000/0.000/0.000
[10-06 18:57:57] INFO: [RL-EP-3256] (3256)
[10-06 18:58:00] INFO: [RL-EP-3257] (3257)
[10-06 18:58:04] INFO: [RL-EP-3258] (3258)
[10-06 18:58:08] INFO: [RL-EP-3259] (3259)
[10-06 18:58:11] INFO: [RL-EP-3260] roll=1.000/0.000/0.000
[10-06 18:58:15] INFO: [RL-EP-3261] (3261)
[10-06 18:58:18] INFO: [RL-EP-3262] (3262)
[10-06 18:58:22] INFO: [RL-EP-3263] (3263)
[10-06 18:58:26] INFO: [RL-EP-3264] (3264)
[10-06 18:58:30] INFO: [RL-EP-3265] roll=1.000/0.000/0.000
[10-06 18:58:34] INFO: [RL-EP-3266] (3266)
[10-06 18:58:38] INFO: [RL-EP-3267] (3267)
[10-06 18:58:41] INFO: [RL-EP-3268] (3268)
[10-06 18:58:45] INFO: [RL-EP-3269] (3269)
[10-06 18:58:49] INFO: [RL-EP-3270] roll=1.000/0.000/0.000
[10-06 18:58:53] INFO: [RL-EP-3271] (3271)
[10-06 18:58:57] INFO: [RL-EP-3272] (3272)
[10-06 18:59:00] INFO: [RL-EP-3273] (3273)
[10-06 18:59:04] INFO: [RL-EP-3274] (3274)
[10-06 18:59:08] INFO: [SARL-LOSS] ep=3275 value_loss=0.0204 epsilon=0.0500
[10-06 18:59:08] INFO: [STAT] ep=3275 | roll@25(s/c/t)=1.0/0.0/0.0 (1.00/0.00/0.00) | R.mean=0.5
[10-06 18:59:08] INFO: [METRICS-25] time=17.06s | dfreq=0.000 | ddist=0.000m
[10-06 18:59:08] INFO: [METRICS-PLOT] 3-metrics curve -> /root/bayes-vl-matched-20261006/crowd_nav/runs/bayes-matched-v1/gru-seed42/curves_3metrics.png
[10-06 18:59:08] INFO: [RL-EP-3275] (3275/10000) s/c/t=1/0/0 qloss=0.0000 ploss=0.0000 buf=200000
[10-06 18:59:08] INFO:               cumulative s/c/t%: 100.0%/0.0%/0.0%
[10-06 18:59:08] INFO: [REPLAY-STORE] ok=3275 skip=0 steps=225010 buf=200000
[10-06 18:59:08] INFO: [STAGE0-MONITOR] timeout_ratio=0.000 (target: decrease over time)
[10-06 18:59:08] INFO: ================================================================================
[10-06 18:59:08] INFO: [MULTI-SCALE-3275] TARGET: peak=1.000 stable_90=10ep
[10-06 18:59:08] INFO: [MULTI-SCALE-3275] WINDOWS: short=1.000 med=1.000 long=0.990
[10-06 18:59:08] INFO: [MULTI-SCALE-3275] QUALITY: stability=0.800 learn_rate=0.00000
[10-06 18:59:08] INFO: [ACHIEVEMENT] Stable 90%+ success rate achieved for 10 episodes!
[10-06 18:59:08] INFO: [HEALTH-CHECK-3275] Overall: NEEDS_IMPROVEMENT (score=0.400)
[10-06 18:59:08] INFO: ================================================================================
[10-06 18:59:12] INFO: [RL-EP-3276] (3276)
[10-06 18:59:16] INFO: [RL-EP-3277] (3277)
[10-06 18:59:19] INFO: [RL-EP-3278] (3278)
[10-06 18:59:23] INFO: [RL-EP-3279] (3279)
[10-06 18:59:27] INFO: [RL-EP-3280] roll=1.000/0.000/0.000
[10-06 18:59:30] INFO: [RL-EP-3281] (3281)
[10-06 18:59:34] INFO: [RL-EP-3282] (3282)
[10-06 18:59:37] INFO: [RL-EP-3283] (3283)
[10-06 18:59:41] INFO: [RL-EP-3284] (3284)
[10-06 18:59:44] INFO: [RL-EP-3285] roll=1.000/0.000/0.000
[10-06 18:59:48] INFO: [RL-EP-3286] (3286)
[10-06 18:59:52] INFO: [RL-EP-3287] (3287)
[10-06 18:59:56] INFO: [RL-EP-3288] (3288)
[10-06 18:59:59] INFO: [RL-EP-3289] (3289)
[10-06 19:00:03] INFO: [RL-EP-3290] roll=1.000/0.000/0.000
[10-06 19:00:07] INFO: [RL-EP-3291] (3291)
[10-06 19:00:11] INFO: [RL-EP-3292] (3292)
[10-06 19:00:14] INFO: [RL-EP-3293] (3293)
[10-06 19:00:18] INFO: [RL-EP-3294] (3294)
[10-06 19:00:21] INFO: [RL-EP-3295] roll=1.000/0.000/0.000
[10-06 19:00:25] INFO: [RL-EP-3296] (3296)
[10-06 19:00:29] INFO: [RL-EP-3297] (3297)
[10-06 19:00:32] INFO: [RL-EP-3298] (3298)
[10-06 19:00:36] INFO: [RL-EP-3299] (3299)
[10-06 19:00:36] INFO: [CONFIG-CHECK] ep=3300 updates_per_ep=4 (from config)
[10-06 19:00:36] INFO: [SARL-EPSILON] ep=3300 epsilon=0.0500 (start=0.3, end=0.05, decay=1500)
[10-06 19:00:39] INFO: [SARL-REPLAY] ep=3300 buffer_size=200000 updates=4
[10-06 19:00:39] INFO: [SARL-LOSS] ep=3300 value_loss=0.0208 epsilon=0.0500
[10-06 19:00:39] INFO: [SARL-STATS] ep=3300 buffer_size=200000
[10-06 19:00:39] INFO: [STAT] ep=3300 | roll@25(s/c/t)=1.0/0.0/0.0 (1.00/0.00/0.00) | R.mean=0.5
[10-06 19:00:39] INFO: [METRICS-25] time=16.48s | dfreq=0.000 | ddist=0.000m
[10-06 19:00:40] INFO: [METRICS-PLOT] 3-metrics curve -> /root/bayes-vl-matched-20261006/crowd_nav/runs/bayes-matched-v1/gru-seed42/curves_3metrics.png
[10-06 19:00:40] INFO: [RL-EP-3300] (3300/10000) s/c/t=1/0/0 qloss=0.0000 ploss=0.0000 buf=200000
[10-06 19:00:40] INFO:               cumulative s/c/t%: 100.0%/0.0%/0.0%
[10-06 19:00:40] INFO: [REPLAY-STORE] ok=3300 skip=0 steps=226632 buf=200000
[10-06 19:00:40] INFO: [STAGE0-MONITOR] timeout_ratio=0.000 (target: decrease over time)
[10-06 19:00:40] INFO: [SOT-3300] REWARD succ=1.0/coll=-0.50 | GRID 5×16=80 | EVENTS s=1.00/c=0.00/t=0.00
[10-06 19:00:40] INFO: ================================================================================
[10-06 19:00:40] INFO: [MULTI-SCALE-3300] TARGET: peak=1.000 stable_90=10ep
[10-06 19:00:40] INFO: [MULTI-SCALE-3300] WINDOWS: short=1.000 med=1.000 long=1.000
[10-06 19:00:40] INFO: [MULTI-SCALE-3300] QUALITY: stability=0.800 learn_rate=0.00000
[10-06 19:00:40] INFO: [ACHIEVEMENT] Stable 90%+ success rate achieved for 10 episodes!
[10-06 19:00:40] INFO: [HEALTH-CHECK-3300] Overall: NEEDS_IMPROVEMENT (score=0.400)
[10-06 19:00:40] INFO: ================================================================================
[10-06 19:00:44] INFO: [RL-EP-3301] (3301)
[10-06 19:00:47] INFO: [RL-EP-3302] (3302)
[10-06 19:00:51] INFO: [RL-EP-3303] (3303)
[10-06 19:00:55] INFO: [RL-EP-3304] (3304)
[10-06 19:00:59] INFO: [RL-EP-3305] roll=1.000/0.000/0.000
[10-06 19:01:03] INFO: [RL-EP-3306] (3306)
[10-06 19:01:06] INFO: [RL-EP-3307] (3307)
[10-06 19:01:10] INFO: [RL-EP-3308] (3308)
[10-06 19:01:13] INFO: [RL-EP-3309] (3309)
[10-06 19:01:18] INFO: [RL-EP-3310] roll=1.000/0.000/0.000
[10-06 19:01:22] INFO: [RL-EP-3311] (3311)
[10-06 19:01:31] INFO: [RL-EP-3312] (3312)
[10-06 19:01:35] INFO: [RL-EP-3313] (3313)
[10-06 19:01:39] INFO: [RL-EP-3314] (3314)
[10-06 19:01:43] INFO: [RL-EP-3315] roll=0.980/0.000/0.020
[10-06 19:01:47] INFO: [RL-EP-3316] (3316)
[10-06 19:01:51] INFO: [RL-EP-3317] (3317)
[10-06 19:01:55] INFO: [RL-EP-3318] (3318)
[10-06 19:01:59] INFO: [RL-EP-3319] (3319)
[10-06 19:02:02] INFO: [RL-EP-3320] roll=0.980/0.000/0.020
[10-06 19:02:05] INFO: [RL-EP-3321] (3321)
[10-06 19:02:09] INFO: [RL-EP-3322] (3322)
[10-06 19:02:13] INFO: [RL-EP-3323] (3323)
[10-06 19:02:16] INFO: [RL-EP-3324] (3324)
[10-06 19:02:20] INFO: [SARL-LOSS] ep=3325 value_loss=0.0142 epsilon=0.0500
[10-06 19:02:20] INFO: [STAT] ep=3325 | roll@25(s/c/t)=1.0/0.0/0.0 (0.98/0.00/0.02) | R.mean=0.5
[10-06 19:02:20] INFO: [METRICS-25] time=17.31s | dfreq=0.000 | ddist=0.000m
[10-06 19:02:21] INFO: [METRICS-PLOT] 3-metrics curve -> /root/bayes-vl-matched-20261006/crowd_nav/runs/bayes-matched-v1/gru-seed42/curves_3metrics.png
[10-06 19:02:21] INFO: [RL-EP-3325] (3325/10000) s/c/t=1/0/0 qloss=0.0000 ploss=0.0000 buf=200000
[10-06 19:02:21] INFO:               cumulative s/c/t%: 98.0%/0.0%/2.0%
[10-06 19:02:21] INFO: [REPLAY-STORE] ok=3325 skip=0 steps=228472 buf=200000
[10-06 19:02:21] INFO: [STAGE0-MONITOR] timeout_ratio=0.020 (target: decrease over time)
[10-06 19:02:21] INFO: ================================================================================
[10-06 19:02:21] INFO: [MULTI-SCALE-3325] TARGET: peak=1.000 stable_90=10ep
[10-06 19:02:21] INFO: [MULTI-SCALE-3325] WINDOWS: short=1.000 med=0.960 long=0.990
[10-06 19:02:21] INFO: [MULTI-SCALE-3325] QUALITY: stability=0.800 learn_rate=0.00000
[10-06 19:02:21] INFO: [ACHIEVEMENT] Stable 90%+ success rate achieved for 10 episodes!
[10-06 19:02:21] INFO: [HEALTH-CHECK-3325] Overall: NEEDS_IMPROVEMENT (score=0.400)
[10-06 19:02:21] INFO: ================================================================================
[10-06 19:02:24] INFO: [RL-EP-3326] (3326)
[10-06 19:02:28] INFO: [RL-EP-3327] (3327)
[10-06 19:02:31] INFO: [RL-EP-3328] (3328)
[10-06 19:02:35] INFO: [RL-EP-3329] (3329)
[10-06 19:02:39] INFO: [RL-EP-3330] roll=0.980/0.000/0.020
[10-06 19:02:43] INFO: [RL-EP-3331] (3331)
[10-06 19:02:46] INFO: [RL-EP-3332] (3332)
[10-06 19:02:51] INFO: [RL-EP-3333] (3333)
[10-06 19:02:54] INFO: [RL-EP-3334] (3334)
[10-06 19:02:58] INFO: [RL-EP-3335] roll=0.980/0.000/0.020
[10-06 19:03:07] INFO: [RL-EP-3336] (3336)
[10-06 19:03:11] INFO: [RL-EP-3337] (3337)
[10-06 19:03:15] INFO: [RL-EP-3338] (3338)
[10-06 19:03:19] INFO: [RL-EP-3339] (3339)
[10-06 19:03:22] INFO: [RL-EP-3340] roll=0.960/0.000/0.040
[10-06 19:03:26] INFO: [RL-EP-3341] (3341)
[10-06 19:03:29] INFO: [RL-EP-3342] (3342)
[10-06 19:03:33] INFO: [RL-EP-3343] (3343)
[10-06 19:03:37] INFO: [RL-EP-3344] (3344)
[10-06 19:03:41] INFO: [RL-EP-3345] roll=0.960/0.000/0.040
[10-06 19:03:44] INFO: [RL-EP-3346] (3346)
[10-06 19:03:53] INFO: [RL-EP-3347] (3347)
[10-06 19:03:57] INFO: [RL-EP-3348] (3348)
[10-06 19:04:00] INFO: [RL-EP-3349] (3349)
[10-06 19:04:00] INFO: [CONFIG-CHECK] ep=3350 updates_per_ep=4 (from config)
[10-06 19:04:04] INFO: [SARL-LOSS] ep=3350 value_loss=0.0189 epsilon=0.0500
[10-06 19:04:04] INFO: [STAT] ep=3350 | roll@25(s/c/t)=0.9/0.0/0.1 (0.94/0.00/0.06) | R.mean=0.5
[10-06 19:04:04] INFO: [METRICS-25] time=18.73s | dfreq=0.000 | ddist=0.000m
[10-06 19:04:04] INFO: [METRICS-PLOT] 3-metrics curve -> /root/bayes-vl-matched-20261006/crowd_nav/runs/bayes-matched-v1/gru-seed42/curves_3metrics.png
[10-06 19:04:04] INFO: [RL-EP-3350] (3350/10000) s/c/t=1/0/0 qloss=0.0000 ploss=0.0000 buf=200000
[10-06 19:04:04] INFO:               cumulative s/c/t%: 94.0%/0.0%/6.0%
[10-06 19:04:04] INFO: [REPLAY-STORE] ok=3350 skip=0 steps=230379 buf=200000
[10-06 19:04:04] INFO: [STAGE0-MONITOR] timeout_ratio=0.060 (target: decrease over time)
[10-06 19:04:04] INFO: ================================================================================
[10-06 19:04:04] INFO: [MULTI-SCALE-3350] TARGET: peak=1.000 stable_90=10ep
[10-06 19:04:04] INFO: [MULTI-SCALE-3350] WINDOWS: short=0.900 med=0.920 long=0.970
[10-06 19:04:04] INFO: [MULTI-SCALE-3350] QUALITY: stability=0.800 learn_rate=0.00000
[10-06 19:04:04] INFO: [ACHIEVEMENT] Stable 90%+ success rate achieved for 10 episodes!
[10-06 19:04:04] INFO: [HEALTH-CHECK-3350] Overall: NEEDS_IMPROVEMENT (score=0.400)
[10-06 19:04:04] INFO: ================================================================================
[10-06 19:04:08] INFO: [RL-EP-3351] (3351)
[10-06 19:04:17] INFO: [RL-EP-3352] (3352)
[10-06 19:04:21] INFO: [RL-EP-3353] (3353)
[10-06 19:04:24] INFO: [RL-EP-3354] (3354)
[10-06 19:04:28] INFO: [RL-EP-3355] roll=0.920/0.000/0.080
[10-06 19:04:31] INFO: [RL-EP-3356] (3356)
[10-06 19:04:35] INFO: [RL-EP-3357] (3357)
[10-06 19:04:38] INFO: [RL-EP-3358] (3358)
[10-06 19:04:42] INFO: [RL-EP-3359] (3359)
[10-06 19:04:46] INFO: [RL-EP-3360] roll=0.920/0.000/0.080
[10-06 19:04:49] INFO: [RL-EP-3361] (3361)
[10-06 19:04:53] INFO: [RL-EP-3362] (3362)
[10-06 19:04:57] INFO: [RL-EP-3363] (3363)
[10-06 19:05:00] INFO: [RL-EP-3364] (3364)
[10-06 19:05:04] INFO: [RL-EP-3365] roll=0.940/0.000/0.060
[10-06 19:05:07] INFO: [RL-EP-3366] (3366)
[10-06 19:05:12] INFO: [RL-EP-3367] (3367)
[10-06 19:05:16] INFO: [RL-EP-3368] (3368)
[10-06 19:05:20] INFO: [RL-EP-3369] (3369)
[10-06 19:05:23] INFO: [RL-EP-3370] roll=0.940/0.000/0.060
[10-06 19:05:27] INFO: [RL-EP-3371] (3371)
[10-06 19:05:31] INFO: [RL-EP-3372] (3372)
[10-06 19:05:34] INFO: [RL-EP-3373] (3373)
[10-06 19:05:38] INFO: [RL-EP-3374] (3374)
[10-06 19:05:42] INFO: [SARL-LOSS] ep=3375 value_loss=0.0211 epsilon=0.0500
[10-06 19:05:42] INFO: [STAT] ep=3375 | roll@25(s/c/t)=0.9/0.0/0.1 (0.94/0.00/0.06) | R.mean=0.5
[10-06 19:05:42] INFO: [METRICS-25] time=18.37s | dfreq=0.000 | ddist=0.000m
[10-06 19:05:42] INFO: [METRICS-PLOT] 3-metrics curve -> /root/bayes-vl-matched-20261006/crowd_nav/runs/bayes-matched-v1/gru-seed42/curves_3metrics.png
[10-06 19:05:42] INFO: [RL-EP-3375] (3375/10000) s/c/t=1/0/0 qloss=0.0000 ploss=0.0000 buf=200000
[10-06 19:05:42] INFO:               cumulative s/c/t%: 94.0%/0.0%/6.0%
[10-06 19:05:42] INFO: [REPLAY-STORE] ok=3375 skip=0 steps=232146 buf=200000
[10-06 19:05:42] INFO: [STAGE0-MONITOR] timeout_ratio=0.060 (target: decrease over time)
[10-06 19:05:42] INFO: ================================================================================
[10-06 19:05:42] INFO: [MULTI-SCALE-3375] TARGET: peak=1.000 stable_90=10ep
[10-06 19:05:42] INFO: [MULTI-SCALE-3375] WINDOWS: short=1.000 med=0.960 long=0.960
[10-06 19:05:42] INFO: [MULTI-SCALE-3375] QUALITY: stability=0.800 learn_rate=0.00000
[10-06 19:05:42] INFO: [ACHIEVEMENT] Stable 90%+ success rate achieved for 10 episodes!
[10-06 19:05:42] INFO: [HEALTH-CHECK-3375] Overall: NEEDS_IMPROVEMENT (score=0.400)
[10-06 19:05:42] INFO: ================================================================================
[10-06 19:05:46] INFO: [RL-EP-3376] (3376)
[10-06 19:05:49] INFO: [RL-EP-3377] (3377)
[10-06 19:05:53] INFO: [RL-EP-3378] (3378)
[10-06 19:05:57] INFO: [RL-EP-3379] (3379)
[10-06 19:06:01] INFO: [RL-EP-3380] roll=0.940/0.000/0.060
[10-06 19:06:04] INFO: [RL-EP-3381] (3381)
[10-06 19:06:08] INFO: [RL-EP-3382] (3382)
[10-06 19:06:12] INFO: [RL-EP-3383] (3383)
[10-06 19:06:15] INFO: [RL-EP-3384] (3384)
[10-06 19:06:20] INFO: [RL-EP-3385] roll=0.940/0.000/0.060
[10-06 19:06:23] INFO: [RL-EP-3386] (3386)
[10-06 19:06:26] INFO: [RL-EP-3387] (3387)
[10-06 19:06:30] INFO: [RL-EP-3388] (3388)
[10-06 19:06:34] INFO: [RL-EP-3389] (3389)
[10-06 19:06:37] INFO: [RL-EP-3390] roll=0.960/0.000/0.040
[10-06 19:06:41] INFO: [RL-EP-3391] (3391)
[10-06 19:06:47] INFO: [RL-EP-3392] (3392)
[10-06 19:06:50] INFO: [RL-EP-3393] (3393)
[10-06 19:06:54] INFO: [RL-EP-3394] (3394)
[10-06 19:06:59] INFO: [RL-EP-3395] roll=0.960/0.000/0.040
[10-06 19:07:02] INFO: [RL-EP-3396] (3396)
[10-06 19:07:06] INFO: [RL-EP-3397] (3397)
[10-06 19:07:10] INFO: [RL-EP-3398] (3398)
[10-06 19:07:13] INFO: [RL-EP-3399] (3399)
[10-06 19:07:13] INFO: [CONFIG-CHECK] ep=3400 updates_per_ep=4 (from config)
[10-06 19:07:13] INFO: [SARL-EPSILON] ep=3400 epsilon=0.0500 (start=0.3, end=0.05, decay=1500)
[10-06 19:07:17] INFO: [SARL-REPLAY] ep=3400 buffer_size=200000 updates=4
[10-06 19:07:17] INFO: [SARL-LOSS] ep=3400 value_loss=0.0203 epsilon=0.0500
[10-06 19:07:17] INFO: [SARL-STATS] ep=3400 buffer_size=200000
[10-06 19:07:17] INFO: [STAT] ep=3400 | roll@25(s/c/t)=1.0/0.0/0.0 (0.98/0.00/0.02) | R.mean=0.5
[10-06 19:07:17] INFO: [METRICS-25] time=17.49s | dfreq=0.000 | ddist=0.000m
[10-06 19:07:18] INFO: [METRICS-PLOT] 3-metrics curve -> /root/bayes-vl-matched-20261006/crowd_nav/runs/bayes-matched-v1/gru-seed42/curves_3metrics.png
[10-06 19:07:18] INFO: [RL-EP-3400] (3400/10000) s/c/t=1/0/0 qloss=0.0000 ploss=0.0000 buf=200000
[10-06 19:07:18] INFO:               cumulative s/c/t%: 98.0%/0.0%/2.0%
[10-06 19:07:18] INFO: [REPLAY-STORE] ok=3400 skip=0 steps=233877 buf=200000
[10-06 19:07:18] INFO: [STAGE0-MONITOR] timeout_ratio=0.020 (target: decrease over time)
[10-06 19:07:18] INFO: [SOT-3400] REWARD succ=1.0/coll=-0.50 | GRID 5×16=80 | EVENTS s=0.98/c=0.00/t=0.02
[10-06 19:07:18] INFO: ================================================================================
[10-06 19:07:18] INFO: [MULTI-SCALE-3400] TARGET: peak=1.000 stable_90=10ep
[10-06 19:07:18] INFO: [MULTI-SCALE-3400] WINDOWS: short=1.000 med=1.000 long=0.960
[10-06 19:07:18] INFO: [MULTI-SCALE-3400] QUALITY: stability=0.800 learn_rate=0.00000
[10-06 19:07:18] INFO: [ACHIEVEMENT] Stable 90%+ success rate achieved for 10 episodes!
[10-06 19:07:18] INFO: [HEALTH-CHECK-3400] Overall: NEEDS_IMPROVEMENT (score=0.400)
[10-06 19:07:18] INFO: ================================================================================
[10-06 19:07:21] INFO: [RL-EP-3401] (3401)
[10-06 19:07:25] INFO: [RL-EP-3402] (3402)
[10-06 19:07:28] INFO: [RL-EP-3403] (3403)
[10-06 19:07:31] INFO: [RL-EP-3404] (3404)
[10-06 19:07:35] INFO: [RL-EP-3405] roll=1.000/0.000/0.000
[10-06 19:07:39] INFO: [RL-EP-3406] (3406)
[10-06 19:07:42] INFO: [RL-EP-3407] (3407)
[10-06 19:07:45] INFO: [RL-EP-3408] (3408)
[10-06 19:07:49] INFO: [RL-EP-3409] (3409)
[10-06 19:07:52] INFO: [RL-EP-3410] roll=1.000/0.000/0.000
[10-06 19:07:56] INFO: [RL-EP-3411] (3411)
[10-06 19:07:59] INFO: [RL-EP-3412] (3412)
[10-06 19:08:03] INFO: [RL-EP-3413] (3413)
[10-06 19:08:07] INFO: [RL-EP-3414] (3414)
[10-06 19:08:10] INFO: [RL-EP-3415] roll=1.000/0.000/0.000
[10-06 19:08:14] INFO: [RL-EP-3416] (3416)
[10-06 19:08:22] INFO: [RL-EP-3417] (3417)
[10-06 19:08:26] INFO: [RL-EP-3418] (3418)
[10-06 19:08:29] INFO: [RL-EP-3419] (3419)
[10-06 19:08:33] INFO: [RL-EP-3420] roll=0.980/0.000/0.020
[10-06 19:08:36] INFO: [RL-EP-3421] (3421)
[10-06 19:08:40] INFO: [RL-EP-3422] (3422)
[10-06 19:08:44] INFO: [RL-EP-3423] (3423)
[10-06 19:08:49] INFO: [RL-EP-3424] (3424)
[10-06 19:08:53] INFO: [SARL-LOSS] ep=3425 value_loss=0.0154 epsilon=0.0500
[10-06 19:08:53] INFO: [STAT] ep=3425 | roll@25(s/c/t)=1.0/0.0/0.0 (0.98/0.00/0.02) | R.mean=0.5
[10-06 19:08:53] INFO: [METRICS-25] time=17.80s | dfreq=0.000 | ddist=0.000m
[10-06 19:08:53] INFO: [METRICS-PLOT] 3-metrics curve -> /root/bayes-vl-matched-20261006/crowd_nav/runs/bayes-matched-v1/gru-seed42/curves_3metrics.png
[10-06 19:08:53] INFO: [RL-EP-3425] (3425/10000) s/c/t=1/0/0 qloss=0.0000 ploss=0.0000 buf=200000
[10-06 19:08:53] INFO:               cumulative s/c/t%: 98.0%/0.0%/2.0%
[10-06 19:08:53] INFO: [REPLAY-STORE] ok=3425 skip=0 steps=235707 buf=200000
[10-06 19:08:53] INFO: [STAGE0-MONITOR] timeout_ratio=0.020 (target: decrease over time)
[10-06 19:08:53] INFO: ================================================================================
[10-06 19:08:53] INFO: [MULTI-SCALE-3425] TARGET: peak=1.000 stable_90=10ep
[10-06 19:08:53] INFO: [MULTI-SCALE-3425] WINDOWS: short=0.900 med=0.960 long=0.960
[10-06 19:08:53] INFO: [MULTI-SCALE-3425] QUALITY: stability=0.800 learn_rate=0.00000
[10-06 19:08:53] INFO: [ACHIEVEMENT] Stable 90%+ success rate achieved for 10 episodes!
[10-06 19:08:53] INFO: [HEALTH-CHECK-3425] Overall: NEEDS_IMPROVEMENT (score=0.400)
[10-06 19:08:53] INFO: ================================================================================
[10-06 19:08:57] INFO: [RL-EP-3426] (3426)
[10-06 19:09:00] INFO: [RL-EP-3427] (3427)
[10-06 19:09:04] INFO: [RL-EP-3428] (3428)
[10-06 19:09:08] INFO: [RL-EP-3429] (3429)
[10-06 19:09:11] INFO: [RL-EP-3430] roll=0.980/0.000/0.020
[10-06 19:09:15] INFO: [RL-EP-3431] (3431)
[10-06 19:09:19] INFO: [RL-EP-3432] (3432)
[10-06 19:09:23] INFO: [RL-EP-3433] (3433)
[10-06 19:09:27] INFO: [RL-EP-3434] (3434)
[10-06 19:09:31] INFO: [RL-EP-3435] roll=0.980/0.000/0.020
[10-06 19:09:35] INFO: [RL-EP-3436] (3436)
[10-06 19:09:39] INFO: [RL-EP-3437] (3437)
[10-06 19:09:43] INFO: [RL-EP-3438] (3438)
[10-06 19:09:47] INFO: [RL-EP-3439] (3439)
[10-06 19:09:50] INFO: [RL-EP-3440] roll=0.980/0.000/0.020
[10-06 19:09:55] INFO: [RL-EP-3441] (3441)
[10-06 19:09:59] INFO: [RL-EP-3442] (3442)
[10-06 19:10:03] INFO: [RL-EP-3443] (3443)
[10-06 19:10:07] INFO: [RL-EP-3444] (3444)
[10-06 19:10:10] INFO: [RL-EP-3445] roll=0.980/0.000/0.020
[10-06 19:10:14] INFO: [RL-EP-3446] (3446)
[10-06 19:10:17] INFO: [RL-EP-3447] (3447)
[10-06 19:10:21] INFO: [RL-EP-3448] (3448)
[10-06 19:10:25] INFO: [RL-EP-3449] (3449)
[10-06 19:10:25] INFO: [CONFIG-CHECK] ep=3450 updates_per_ep=4 (from config)
[10-06 19:10:29] INFO: [SARL-LOSS] ep=3450 value_loss=0.0161 epsilon=0.0500
[10-06 19:10:29] INFO: [STAT] ep=3450 | roll@25(s/c/t)=1.0/0.0/0.0 (0.98/0.00/0.02) | R.mean=0.5
[10-06 19:10:29] INFO: [METRICS-25] time=17.80s | dfreq=0.000 | ddist=0.000m
[10-06 19:10:29] INFO: [METRICS-PLOT] 3-metrics curve -> /root/bayes-vl-matched-20261006/crowd_nav/runs/bayes-matched-v1/gru-seed42/curves_3metrics.png
[10-06 19:10:29] INFO: [RL-EP-3450] (3450/10000) s/c/t=1/0/0 qloss=0.0000 ploss=0.0000 buf=200000
[10-06 19:10:29] INFO:               cumulative s/c/t%: 98.0%/0.0%/2.0%
[10-06 19:10:29] INFO: [REPLAY-STORE] ok=3450 skip=0 steps=237437 buf=200000
[10-06 19:10:29] INFO: [STAGE0-MONITOR] timeout_ratio=0.020 (target: decrease over time)
[10-06 19:10:29] INFO: ================================================================================
[10-06 19:10:29] INFO: [MULTI-SCALE-3450] TARGET: peak=1.000 stable_90=10ep
[10-06 19:10:29] INFO: [MULTI-SCALE-3450] WINDOWS: short=1.000 med=1.000 long=0.980
[10-06 19:10:29] INFO: [MULTI-SCALE-3450] QUALITY: stability=0.800 learn_rate=0.00000
[10-06 19:10:29] INFO: [ACHIEVEMENT] Stable 90%+ success rate achieved for 10 episodes!
[10-06 19:10:29] INFO: [HEALTH-CHECK-3450] Overall: NEEDS_IMPROVEMENT (score=0.400)
[10-06 19:10:29] INFO: ================================================================================
[10-06 19:10:33] INFO: [RL-EP-3451] (3451)
[10-06 19:10:37] INFO: [RL-EP-3452] (3452)
[10-06 19:10:40] INFO: [RL-EP-3453] (3453)
[10-06 19:10:44] INFO: [RL-EP-3454] (3454)
[10-06 19:10:48] INFO: [RL-EP-3455] roll=0.980/0.000/0.020
[10-06 19:10:52] INFO: [RL-EP-3456] (3456)
[10-06 19:10:56] INFO: [RL-EP-3457] (3457)
[10-06 19:10:59] INFO: [RL-EP-3458] (3458)
[10-06 19:11:03] INFO: [RL-EP-3459] (3459)
[10-06 19:11:06] INFO: [RL-EP-3460] roll=0.980/0.000/0.020
[10-06 19:11:10] INFO: [RL-EP-3461] (3461)
[10-06 19:11:13] INFO: [RL-EP-3462] (3462)
[10-06 19:11:17] INFO: [RL-EP-3463] (3463)
[10-06 19:11:20] INFO: [RL-EP-3464] (3464)
[10-06 19:11:24] INFO: [RL-EP-3465] roll=0.980/0.000/0.020
[10-06 19:11:28] INFO: [RL-EP-3466] (3466)
[10-06 19:11:31] INFO: [RL-EP-3467] (3467)
[10-06 19:11:35] INFO: [RL-EP-3468] (3468)
[10-06 19:11:39] INFO: [RL-EP-3469] (3469)
[10-06 19:11:43] INFO: [RL-EP-3470] roll=1.000/0.000/0.000
[10-06 19:11:47] INFO: [RL-EP-3471] (3471)
[10-06 19:11:51] INFO: [RL-EP-3472] (3472)
[10-06 19:11:54] INFO: [RL-EP-3473] (3473)
[10-06 19:11:57] INFO: [RL-EP-3474] (3474)
[10-06 19:11:59] INFO: [SARL-LOSS] ep=3475 value_loss=0.0162 epsilon=0.0500
[10-06 19:11:59] INFO: [STAT] ep=3475 | roll@25(s/c/t)=1.0/0.0/0.0 (1.00/0.00/0.00) | R.mean=0.5
[10-06 19:11:59] INFO: [METRICS-25] time=16.96s | dfreq=0.000 | ddist=0.000m
[10-06 19:12:00] INFO: [METRICS-PLOT] 3-metrics curve -> /root/bayes-vl-matched-20261006/crowd_nav/runs/bayes-matched-v1/gru-seed42/curves_3metrics.png
[10-06 19:12:00] INFO: [RL-EP-3475] (3475/10000) s/c/t=1/0/0 qloss=0.0000 ploss=0.0000 buf=200000
[10-06 19:12:00] INFO:               cumulative s/c/t%: 100.0%/0.0%/0.0%
[10-06 19:12:00] INFO: [REPLAY-STORE] ok=3475 skip=0 steps=239099 buf=200000
[10-06 19:12:00] INFO: [STAGE0-MONITOR] timeout_ratio=0.000 (target: decrease over time)
[10-06 19:12:00] INFO: ================================================================================
[10-06 19:12:00] INFO: [MULTI-SCALE-3475] TARGET: peak=1.000 stable_90=10ep
[10-06 19:12:00] INFO: [MULTI-SCALE-3475] WINDOWS: short=1.000 med=1.000 long=0.990
[10-06 19:12:00] INFO: [MULTI-SCALE-3475] QUALITY: stability=0.800 learn_rate=0.00000
[10-06 19:12:00] INFO: [ACHIEVEMENT] Stable 90%+ success rate achieved for 10 episodes!
[10-06 19:12:00] INFO: [HEALTH-CHECK-3475] Overall: NEEDS_IMPROVEMENT (score=0.400)
[10-06 19:12:00] INFO: ================================================================================
[10-06 19:12:03] INFO: [RL-EP-3476] (3476)
[10-06 19:12:05] INFO: [RL-EP-3477] (3477)
[10-06 19:12:09] INFO: [RL-EP-3478] (3478)
[10-06 19:12:11] INFO: [RL-EP-3479] (3479)
[10-06 19:12:14] INFO: [RL-EP-3480] roll=1.000/0.000/0.000
[10-06 19:12:17] INFO: [RL-EP-3481] (3481)
[10-06 19:12:20] INFO: [RL-EP-3482] (3482)
[10-06 19:12:23] INFO: [RL-EP-3483] (3483)
[10-06 19:12:26] INFO: [RL-EP-3484] (3484)
[10-06 19:12:29] INFO: [RL-EP-3485] roll=1.000/0.000/0.000
[10-06 19:12:31] INFO: [RL-EP-3486] (3486)
[10-06 19:12:34] INFO: [RL-EP-3487] (3487)
[10-06 19:12:37] INFO: [RL-EP-3488] (3488)
[10-06 19:12:39] INFO: [RL-EP-3489] (3489)
[10-06 19:12:42] INFO: [RL-EP-3490] roll=1.000/0.000/0.000
[10-06 19:12:45] INFO: [RL-EP-3491] (3491)
[10-06 19:12:48] INFO: [RL-EP-3492] (3492)
[10-06 19:12:53] INFO: [RL-EP-3493] (3493)
[10-06 19:12:56] INFO: [RL-EP-3494] (3494)
[10-06 19:13:00] INFO: [RL-EP-3495] roll=1.000/0.000/0.000
[10-06 19:13:03] INFO: [RL-EP-3496] (3496)
[10-06 19:13:07] INFO: [RL-EP-3497] (3497)
[10-06 19:13:10] INFO: [RL-EP-3498] (3498)
[10-06 19:13:14] INFO: [RL-EP-3499] (3499)
[10-06 19:13:14] INFO: [CONFIG-CHECK] ep=3500 updates_per_ep=4 (from config)
[10-06 19:13:14] INFO: [SARL-EPSILON] ep=3500 epsilon=0.0500 (start=0.3, end=0.05, decay=1500)
[10-06 19:13:18] INFO: [SARL-REPLAY] ep=3500 buffer_size=200000 updates=4
[10-06 19:13:18] INFO: [SARL-LOSS] ep=3500 value_loss=0.0137 epsilon=0.0500
[10-06 19:13:18] INFO: [SARL-STATS] ep=3500 buffer_size=200000
[10-06 19:13:18] INFO: [STAT] ep=3500 | roll@25(s/c/t)=1.0/0.0/0.0 (1.00/0.00/0.00) | R.mean=0.5
[10-06 19:13:18] INFO: [METRICS-25] time=16.75s | dfreq=0.000 | ddist=0.000m
[10-06 19:13:18] INFO: [METRICS-PLOT] 3-metrics curve -> /root/bayes-vl-matched-20261006/crowd_nav/runs/bayes-matched-v1/gru-seed42/curves_3metrics.png
[10-06 19:13:18] INFO: [RL-EP-3500] (3500/10000) s/c/t=1/0/0 qloss=0.0000 ploss=0.0000 buf=200000
[10-06 19:13:18] INFO:               cumulative s/c/t%: 100.0%/0.0%/0.0%
[10-06 19:13:18] INFO: [REPLAY-STORE] ok=3500 skip=0 steps=240787 buf=200000
[10-06 19:13:18] INFO: [STAGE0-MONITOR] timeout_ratio=0.000 (target: decrease over time)
[10-06 19:13:18] INFO: [SOT-3500] REWARD succ=1.0/coll=-0.50 | GRID 5×16=80 | EVENTS s=1.00/c=0.00/t=0.00
[10-06 19:13:18] INFO: ================================================================================
[10-06 19:13:18] INFO: [MULTI-SCALE-3500] TARGET: peak=1.000 stable_90=10ep
[10-06 19:13:18] INFO: [MULTI-SCALE-3500] WINDOWS: short=1.000 med=1.000 long=0.990
[10-06 19:13:18] INFO: [MULTI-SCALE-3500] QUALITY: stability=0.800 learn_rate=0.00000
[10-06 19:13:18] INFO: [ACHIEVEMENT] Stable 90%+ success rate achieved for 10 episodes!
[10-06 19:13:18] INFO: [HEALTH-CHECK-3500] Overall: NEEDS_IMPROVEMENT (score=0.400)
[10-06 19:13:18] INFO: ================================================================================
[10-06 19:13:19] INFO: [RL-SAVE] sarl checkpoint -> /root/bayes-vl-matched-20261006/crowd_nav/runs/bayes-matched-v1/gru-seed42/rl_model_ep3500.pth
[10-06 19:13:19] INFO: [RL-SAVE] Saved components: policy, target network, optimizer
[10-06 19:13:22] INFO: [RL-EP-3501] (3501)
[10-06 19:13:26] INFO: [RL-EP-3502] (3502)
[10-06 19:13:30] INFO: [RL-EP-3503] (3503)
[10-06 19:13:34] INFO: [RL-EP-3504] (3504)
[10-06 19:13:37] INFO: [RL-EP-3505] roll=1.000/0.000/0.000
[10-06 19:13:41] INFO: [RL-EP-3506] (3506)
[10-06 19:13:45] INFO: [RL-EP-3507] (3507)
[10-06 19:13:48] INFO: [RL-EP-3508] (3508)
[10-06 19:13:52] INFO: [RL-EP-3509] (3509)
[10-06 19:13:56] INFO: [RL-EP-3510] roll=1.000/0.000/0.000
[10-06 19:14:00] INFO: [RL-EP-3511] (3511)
[10-06 19:14:04] INFO: [RL-EP-3512] (3512)
[10-06 19:14:08] INFO: [RL-EP-3513] (3513)
[10-06 19:14:11] INFO: [RL-EP-3514] (3514)
[10-06 19:14:15] INFO: [RL-EP-3515] roll=1.000/0.000/0.000
[10-06 19:14:19] INFO: [RL-EP-3516] (3516)
[10-06 19:14:22] INFO: [RL-EP-3517] (3517)
[10-06 19:14:26] INFO: [RL-EP-3518] (3518)
[10-06 19:14:30] INFO: [RL-EP-3519] (3519)
[10-06 19:14:34] INFO: [RL-EP-3520] roll=1.000/0.000/0.000
[10-06 19:14:37] INFO: [RL-EP-3521] (3521)
[10-06 19:14:41] INFO: [RL-EP-3522] (3522)
[10-06 19:14:45] INFO: [RL-EP-3523] (3523)
[10-06 19:14:49] INFO: [RL-EP-3524] (3524)
[10-06 19:14:52] INFO: [SARL-LOSS] ep=3525 value_loss=0.0212 epsilon=0.0500
[10-06 19:14:52] INFO: [STAT] ep=3525 | roll@25(s/c/t)=1.0/0.0/0.0 (1.00/0.00/0.00) | R.mean=0.5
[10-06 19:14:52] INFO: [METRICS-25] time=16.84s | dfreq=0.000 | ddist=0.000m
[10-06 19:14:53] INFO: [METRICS-PLOT] 3-metrics curve -> /root/bayes-vl-matched-20261006/crowd_nav/runs/bayes-matched-v1/gru-seed42/curves_3metrics.png
[10-06 19:14:53] INFO: [RL-EP-3525] (3525/10000) s/c/t=1/0/0 qloss=0.0000 ploss=0.0000 buf=200000
[10-06 19:14:53] INFO:               cumulative s/c/t%: 100.0%/0.0%/0.0%
[10-06 19:14:53] INFO: [REPLAY-STORE] ok=3525 skip=0 steps=242466 buf=200000
[10-06 19:14:53] INFO: [STAGE0-MONITOR] timeout_ratio=0.000 (target: decrease over time)
[10-06 19:14:53] INFO: ================================================================================
[10-06 19:14:53] INFO: [MULTI-SCALE-3525] TARGET: peak=1.000 stable_90=10ep
[10-06 19:14:53] INFO: [MULTI-SCALE-3525] WINDOWS: short=1.000 med=1.000 long=1.000
[10-06 19:14:53] INFO: [MULTI-SCALE-3525] QUALITY: stability=0.800 learn_rate=0.00000
[10-06 19:14:53] INFO: [ACHIEVEMENT] Stable 90%+ success rate achieved for 10 episodes!
[10-06 19:14:53] INFO: [HEALTH-CHECK-3525] Overall: NEEDS_IMPROVEMENT (score=0.400)
[10-06 19:14:53] INFO: ================================================================================
[10-06 19:14:57] INFO: [RL-EP-3526] (3526)
[10-06 19:15:02] INFO: [RL-EP-3527] (3527)
[10-06 19:15:05] INFO: [RL-EP-3528] (3528)
[10-06 19:15:08] INFO: [RL-EP-3529] (3529)
[10-06 19:15:12] INFO: [RL-EP-3530] roll=1.000/0.000/0.000
[10-06 19:15:16] INFO: [RL-EP-3531] (3531)
[10-06 19:15:20] INFO: [RL-EP-3532] (3532)
[10-06 19:15:24] INFO: [RL-EP-3533] (3533)
[10-06 19:15:27] INFO: [RL-EP-3534] (3534)
[10-06 19:15:31] INFO: [RL-EP-3535] roll=1.000/0.000/0.000
[10-06 19:15:34] INFO: [RL-EP-3536] (3536)
[10-06 19:15:39] INFO: [RL-EP-3537] (3537)
[10-06 19:15:42] INFO: [RL-EP-3538] (3538)
[10-06 19:15:46] INFO: [RL-EP-3539] (3539)
[10-06 19:15:49] INFO: [RL-EP-3540] roll=1.000/0.000/0.000
[10-06 19:15:53] INFO: [RL-EP-3541] (3541)
[10-06 19:15:57] INFO: [RL-EP-3542] (3542)
[10-06 19:16:00] INFO: [RL-EP-3543] (3543)
[10-06 19:16:04] INFO: [RL-EP-3544] (3544)
[10-06 19:16:08] INFO: [RL-EP-3545] roll=1.000/0.000/0.000
[10-06 19:16:12] INFO: [RL-EP-3546] (3546)
[10-06 19:16:15] INFO: [RL-EP-3547] (3547)
[10-06 19:16:19] INFO: [RL-EP-3548] (3548)
[10-06 19:16:23] INFO: [RL-EP-3549] (3549)
[10-06 19:16:23] INFO: [CONFIG-CHECK] ep=3550 updates_per_ep=4 (from config)
[10-06 19:16:26] INFO: [SARL-LOSS] ep=3550 value_loss=0.0168 epsilon=0.0500
[10-06 19:16:26] INFO: [STAT] ep=3550 | roll@25(s/c/t)=1.0/0.0/0.0 (1.00/0.00/0.00) | R.mean=0.5
[10-06 19:16:26] INFO: [METRICS-25] time=16.71s | dfreq=0.000 | ddist=0.000m
[10-06 19:16:27] INFO: [METRICS-PLOT] 3-metrics curve -> /root/bayes-vl-matched-20261006/crowd_nav/runs/bayes-matched-v1/gru-seed42/curves_3metrics.png
[10-06 19:16:27] INFO: [RL-EP-3550] (3550/10000) s/c/t=1/0/0 qloss=0.0000 ploss=0.0000 buf=200000
[10-06 19:16:27] INFO:               cumulative s/c/t%: 100.0%/0.0%/0.0%
[10-06 19:16:27] INFO: [REPLAY-STORE] ok=3550 skip=0 steps=244130 buf=200000
[10-06 19:16:27] INFO: [STAGE0-MONITOR] timeout_ratio=0.000 (target: decrease over time)
[10-06 19:16:27] INFO: ================================================================================
[10-06 19:16:27] INFO: [MULTI-SCALE-3550] TARGET: peak=1.000 stable_90=10ep
[10-06 19:16:27] INFO: [MULTI-SCALE-3550] WINDOWS: short=1.000 med=1.000 long=1.000
[10-06 19:16:27] INFO: [MULTI-SCALE-3550] QUALITY: stability=0.800 learn_rate=0.00000
[10-06 19:16:27] INFO: [ACHIEVEMENT] Stable 90%+ success rate achieved for 10 episodes!
[10-06 19:16:27] INFO: [HEALTH-CHECK-3550] Overall: NEEDS_IMPROVEMENT (score=0.400)
[10-06 19:16:27] INFO: ================================================================================
[10-06 19:16:31] INFO: [RL-EP-3551] (3551)
[10-06 19:16:34] INFO: [RL-EP-3552] (3552)
[10-06 19:16:38] INFO: [RL-EP-3553] (3553)
[10-06 19:16:42] INFO: [RL-EP-3554] (3554)
[10-06 19:16:47] INFO: [RL-EP-3555] roll=1.000/0.000/0.000
[10-06 19:16:50] INFO: [RL-EP-3556] (3556)
[10-06 19:16:54] INFO: [RL-EP-3557] (3557)
[10-06 19:16:58] INFO: [RL-EP-3558] (3558)
[10-06 19:17:02] INFO: [RL-EP-3559] (3559)
[10-06 19:17:06] INFO: [RL-EP-3560] roll=1.000/0.000/0.000
[10-06 19:17:09] INFO: [RL-EP-3561] (3561)
[10-06 19:17:13] INFO: [RL-EP-3562] (3562)
[10-06 19:17:17] INFO: [RL-EP-3563] (3563)
[10-06 19:17:20] INFO: [RL-EP-3564] (3564)
[10-06 19:17:24] INFO: [RL-EP-3565] roll=1.000/0.000/0.000
[10-06 19:17:27] INFO: [RL-EP-3566] (3566)
[10-06 19:17:31] INFO: [RL-EP-3567] (3567)
[10-06 19:17:35] INFO: [RL-EP-3568] (3568)
[10-06 19:17:39] INFO: [RL-EP-3569] (3569)
[10-06 19:17:42] INFO: [RL-EP-3570] roll=1.000/0.000/0.000
[10-06 19:17:47] INFO: [RL-EP-3571] (3571)
[10-06 19:17:50] INFO: [RL-EP-3572] (3572)
[10-06 19:17:54] INFO: [RL-EP-3573] (3573)
[10-06 19:17:58] INFO: [RL-EP-3574] (3574)
[10-06 19:18:02] INFO: [SARL-LOSS] ep=3575 value_loss=0.0096 epsilon=0.0500
[10-06 19:18:02] INFO: [STAT] ep=3575 | roll@25(s/c/t)=1.0/0.0/0.0 (1.00/0.00/0.00) | R.mean=0.5
[10-06 19:18:02] INFO: [METRICS-25] time=17.04s | dfreq=0.000 | ddist=0.000m
[10-06 19:18:03] INFO: [METRICS-PLOT] 3-metrics curve -> /root/bayes-vl-matched-20261006/crowd_nav/runs/bayes-matched-v1/gru-seed42/curves_3metrics.png
[10-06 19:18:03] INFO: [RL-EP-3575] (3575/10000) s/c/t=1/0/0 qloss=0.0000 ploss=0.0000 buf=200000
[10-06 19:18:03] INFO:               cumulative s/c/t%: 100.0%/0.0%/0.0%
[10-06 19:18:03] INFO: [REPLAY-STORE] ok=3575 skip=0 steps=245873 buf=200000
[10-06 19:18:03] INFO: [STAGE0-MONITOR] timeout_ratio=0.000 (target: decrease over time)
[10-06 19:18:03] INFO: ================================================================================
[10-06 19:18:03] INFO: [MULTI-SCALE-3575] TARGET: peak=1.000 stable_90=10ep
[10-06 19:18:03] INFO: [MULTI-SCALE-3575] WINDOWS: short=1.000 med=1.000 long=1.000
[10-06 19:18:03] INFO: [MULTI-SCALE-3575] QUALITY: stability=0.800 learn_rate=0.00000
[10-06 19:18:03] INFO: [ACHIEVEMENT] Stable 90%+ success rate achieved for 10 episodes!
[10-06 19:18:03] INFO: [HEALTH-CHECK-3575] Overall: NEEDS_IMPROVEMENT (score=0.400)
[10-06 19:18:03] INFO: ================================================================================
[10-06 19:18:06] INFO: [RL-EP-3576] (3576)
[10-06 19:18:10] INFO: [RL-EP-3577] (3577)
[10-06 19:18:14] INFO: [RL-EP-3578] (3578)
[10-06 19:18:17] INFO: [RL-EP-3579] (3579)
[10-06 19:18:21] INFO: [RL-EP-3580] roll=1.000/0.000/0.000
[10-06 19:18:25] INFO: [RL-EP-3581] (3581)
[10-06 19:18:28] INFO: [RL-EP-3582] (3582)
[10-06 19:18:32] INFO: [RL-EP-3583] (3583)
[10-06 19:18:36] INFO: [RL-EP-3584] (3584)
[10-06 19:18:40] INFO: [RL-EP-3585] roll=1.000/0.000/0.000
[10-06 19:18:44] INFO: [RL-EP-3586] (3586)
[10-06 19:18:48] INFO: [RL-EP-3587] (3587)
[10-06 19:18:52] INFO: [RL-EP-3588] (3588)
[10-06 19:18:55] INFO: [RL-EP-3589] (3589)
[10-06 19:19:00] INFO: [RL-EP-3590] roll=1.000/0.000/0.000
[10-06 19:19:04] INFO: [RL-EP-3591] (3591)
[10-06 19:19:08] INFO: [RL-EP-3592] (3592)
[10-06 19:19:11] INFO: [RL-EP-3593] (3593)
[10-06 19:19:15] INFO: [RL-EP-3594] (3594)
[10-06 19:19:18] INFO: [RL-EP-3595] roll=1.000/0.000/0.000
[10-06 19:19:22] INFO: [RL-EP-3596] (3596)
[10-06 19:19:26] INFO: [RL-EP-3597] (3597)
[10-06 19:19:30] INFO: [RL-EP-3598] (3598)
[10-06 19:19:34] INFO: [RL-EP-3599] (3599)
[10-06 19:19:34] INFO: [CONFIG-CHECK] ep=3600 updates_per_ep=4 (from config)
[10-06 19:19:34] INFO: [SARL-EPSILON] ep=3600 epsilon=0.0500 (start=0.3, end=0.05, decay=1500)
[10-06 19:19:38] INFO: [SARL-REPLAY] ep=3600 buffer_size=200000 updates=4
[10-06 19:19:38] INFO: [SARL-LOSS] ep=3600 value_loss=0.0129 epsilon=0.0500
[10-06 19:19:38] INFO: [SARL-STATS] ep=3600 buffer_size=200000
[10-06 19:19:38] INFO: [STAT] ep=3600 | roll@25(s/c/t)=1.0/0.0/0.0 (1.00/0.00/0.00) | R.mean=0.5
[10-06 19:19:38] INFO: [METRICS-25] time=17.38s | dfreq=0.000 | ddist=0.000m
[10-06 19:19:38] INFO: [METRICS-PLOT] 3-metrics curve -> /root/bayes-vl-matched-20261006/crowd_nav/runs/bayes-matched-v1/gru-seed42/curves_3metrics.png
[10-06 19:19:38] INFO: [RL-EP-3600] (3600/10000) s/c/t=1/0/0 qloss=0.0000 ploss=0.0000 buf=200000
[10-06 19:19:38] INFO:               cumulative s/c/t%: 100.0%/0.0%/0.0%
[10-06 19:19:38] INFO: [REPLAY-STORE] ok=3600 skip=0 steps=247606 buf=200000
[10-06 19:19:38] INFO: [STAGE0-MONITOR] timeout_ratio=0.000 (target: decrease over time)
[10-06 19:19:38] INFO: [SOT-3600] REWARD succ=1.0/coll=-0.50 | GRID 5×16=80 | EVENTS s=1.00/c=0.00/t=0.00
[10-06 19:19:38] INFO: ================================================================================
[10-06 19:19:38] INFO: [MULTI-SCALE-3600] TARGET: peak=1.000 stable_90=10ep
[10-06 19:19:38] INFO: [MULTI-SCALE-3600] WINDOWS: short=1.000 med=1.000 long=1.000
[10-06 19:19:38] INFO: [MULTI-SCALE-3600] QUALITY: stability=0.800 learn_rate=0.00000
[10-06 19:19:38] INFO: [ACHIEVEMENT] Stable 90%+ success rate achieved for 10 episodes!
[10-06 19:19:38] INFO: [HEALTH-CHECK-3600] Overall: NEEDS_IMPROVEMENT (score=0.400)
[10-06 19:19:38] INFO: ================================================================================
[10-06 19:19:42] INFO: [RL-EP-3601] (3601)
[10-06 19:19:46] INFO: [RL-EP-3602] (3602)
[10-06 19:19:50] INFO: [RL-EP-3603] (3603)
[10-06 19:19:53] INFO: [RL-EP-3604] (3604)
[10-06 19:19:57] INFO: [RL-EP-3605] roll=1.000/0.000/0.000
[10-06 19:20:00] INFO: [RL-EP-3606] (3606)
[10-06 19:20:05] INFO: [RL-EP-3607] (3607)
[10-06 19:20:09] INFO: [RL-EP-3608] (3608)
[10-06 19:20:14] INFO: [RL-EP-3609] (3609)
[10-06 19:20:18] INFO: [RL-EP-3610] roll=1.000/0.000/0.000
[10-06 19:20:21] INFO: [RL-EP-3611] (3611)
[10-06 19:20:25] INFO: [RL-EP-3612] (3612)
[10-06 19:20:29] INFO: [RL-EP-3613] (3613)
[10-06 19:20:32] INFO: [RL-EP-3614] (3614)
[10-06 19:20:36] INFO: [RL-EP-3615] roll=1.000/0.000/0.000
[10-06 19:20:40] INFO: [RL-EP-3616] (3616)
[10-06 19:20:43] INFO: [RL-EP-3617] (3617)
[10-06 19:20:47] INFO: [RL-EP-3618] (3618)
[10-06 19:20:51] INFO: [RL-EP-3619] (3619)
[10-06 19:20:55] INFO: [RL-EP-3620] roll=1.000/0.000/0.000
[10-06 19:20:58] INFO: [RL-EP-3621] (3621)
[10-06 19:21:02] INFO: [RL-EP-3622] (3622)
[10-06 19:21:05] INFO: [RL-EP-3623] (3623)
[10-06 19:21:09] INFO: [RL-EP-3624] (3624)
[10-06 19:21:13] INFO: [SARL-LOSS] ep=3625 value_loss=0.0128 epsilon=0.0500
[10-06 19:21:13] INFO: [STAT] ep=3625 | roll@25(s/c/t)=1.0/0.0/0.0 (1.00/0.00/0.00) | R.mean=0.5
[10-06 19:21:13] INFO: [METRICS-25] time=17.21s | dfreq=0.000 | ddist=0.000m
[10-06 19:21:13] INFO: [METRICS-PLOT] 3-metrics curve -> /root/bayes-vl-matched-20261006/crowd_nav/runs/bayes-matched-v1/gru-seed42/curves_3metrics.png
[10-06 19:21:13] INFO: [RL-EP-3625] (3625/10000) s/c/t=1/0/0 qloss=0.0000 ploss=0.0000 buf=200000
[10-06 19:21:13] INFO:               cumulative s/c/t%: 100.0%/0.0%/0.0%
[10-06 19:21:13] INFO: [REPLAY-STORE] ok=3625 skip=0 steps=249316 buf=200000
[10-06 19:21:13] INFO: [STAGE0-MONITOR] timeout_ratio=0.000 (target: decrease over time)
[10-06 19:21:13] INFO: ================================================================================
[10-06 19:21:13] INFO: [MULTI-SCALE-3625] TARGET: peak=1.000 stable_90=10ep
[10-06 19:21:13] INFO: [MULTI-SCALE-3625] WINDOWS: short=1.000 med=1.000 long=1.000
[10-06 19:21:13] INFO: [MULTI-SCALE-3625] QUALITY: stability=0.800 learn_rate=0.00000
[10-06 19:21:13] INFO: [ACHIEVEMENT] Stable 90%+ success rate achieved for 10 episodes!
[10-06 19:21:13] INFO: [HEALTH-CHECK-3625] Overall: NEEDS_IMPROVEMENT (score=0.400)
[10-06 19:21:13] INFO: ================================================================================
[10-06 19:21:17] INFO: [RL-EP-3626] (3626)
[10-06 19:21:21] INFO: [RL-EP-3627] (3627)
[10-06 19:21:25] INFO: [RL-EP-3628] (3628)
[10-06 19:21:29] INFO: [RL-EP-3629] (3629)
[10-06 19:21:33] INFO: [RL-EP-3630] roll=1.000/0.000/0.000
[10-06 19:21:37] INFO: [RL-EP-3631] (3631)
[10-06 19:21:41] INFO: [RL-EP-3632] (3632)
[10-06 19:21:44] INFO: [RL-EP-3633] (3633)
[10-06 19:21:48] INFO: [RL-EP-3634] (3634)
[10-06 19:21:52] INFO: [RL-EP-3635] roll=1.000/0.000/0.000
[10-06 19:21:55] INFO: [RL-EP-3636] (3636)
[10-06 19:22:04] INFO: [RL-EP-3637] (3637)
[10-06 19:22:08] INFO: [RL-EP-3638] (3638)
[10-06 19:22:11] INFO: [RL-EP-3639] (3639)
[10-06 19:22:14] INFO: [RL-EP-3640] roll=0.980/0.000/0.020
[10-06 19:22:18] INFO: [RL-EP-3641] (3641)
[10-06 19:22:21] INFO: [RL-EP-3642] (3642)
[10-06 19:22:24] INFO: [RL-EP-3643] (3643)
[10-06 19:22:28] INFO: [RL-EP-3644] (3644)
[10-06 19:22:32] INFO: [RL-EP-3645] roll=0.980/0.000/0.020
[10-06 19:22:35] INFO: [RL-EP-3646] (3646)
[10-06 19:22:39] INFO: [RL-EP-3647] (3647)
[10-06 19:22:42] INFO: [RL-EP-3648] (3648)
[10-06 19:22:46] INFO: [RL-EP-3649] (3649)
[10-06 19:22:46] INFO: [CONFIG-CHECK] ep=3650 updates_per_ep=4 (from config)
[10-06 19:22:49] INFO: [SARL-LOSS] ep=3650 value_loss=0.0129 epsilon=0.0500
[10-06 19:22:49] INFO: [STAT] ep=3650 | roll@25(s/c/t)=1.0/0.0/0.0 (0.98/0.00/0.02) | R.mean=0.5
[10-06 19:22:49] INFO: [METRICS-25] time=17.56s | dfreq=0.000 | ddist=0.000m
[10-06 19:22:50] INFO: [METRICS-PLOT] 3-metrics curve -> /root/bayes-vl-matched-20261006/crowd_nav/runs/bayes-matched-v1/gru-seed42/curves_3metrics.png
[10-06 19:22:50] INFO: [RL-EP-3650] (3650/10000) s/c/t=1/0/0 qloss=0.0000 ploss=0.0000 buf=200000
[10-06 19:22:50] INFO:               cumulative s/c/t%: 98.0%/0.0%/2.0%
[10-06 19:22:50] INFO: [REPLAY-STORE] ok=3650 skip=0 steps=251118 buf=200000
[10-06 19:22:50] INFO: [STAGE0-MONITOR] timeout_ratio=0.020 (target: decrease over time)
[10-06 19:22:50] INFO: ================================================================================
[10-06 19:22:50] INFO: [MULTI-SCALE-3650] TARGET: peak=1.000 stable_90=10ep
[10-06 19:22:50] INFO: [MULTI-SCALE-3650] WINDOWS: short=1.000 med=0.960 long=0.990
[10-06 19:22:50] INFO: [MULTI-SCALE-3650] QUALITY: stability=0.800 learn_rate=0.00000
[10-06 19:22:50] INFO: [ACHIEVEMENT] Stable 90%+ success rate achieved for 10 episodes!
[10-06 19:22:50] INFO: [HEALTH-CHECK-3650] Overall: NEEDS_IMPROVEMENT (score=0.400)
[10-06 19:22:50] INFO: ================================================================================
[10-06 19:22:54] INFO: [RL-EP-3651] (3651)
[10-06 19:22:57] INFO: [RL-EP-3652] (3652)
[10-06 19:23:01] INFO: [RL-EP-3653] (3653)
[10-06 19:23:04] INFO: [RL-EP-3654] (3654)
[10-06 19:23:08] INFO: [RL-EP-3655] roll=0.980/0.000/0.020
[10-06 19:23:09] INFO: [RL-EP-3656] (3656)
[10-06 19:23:13] INFO: [RL-EP-3657] (3657)
[10-06 19:23:16] INFO: [RL-EP-3658] (3658)
[10-06 19:23:19] INFO: [RL-EP-3659] (3659)
[10-06 19:23:23] INFO: [RL-EP-3660] roll=0.960/0.020/0.020
[10-06 19:23:26] INFO: [RL-EP-3661] (3661)
[10-06 19:23:30] INFO: [RL-EP-3662] (3662)
[10-06 19:23:33] INFO: [RL-EP-3663] (3663)
[10-06 19:23:37] INFO: [RL-EP-3664] (3664)
[10-06 19:23:46] INFO: [RL-EP-3665] roll=0.940/0.020/0.040
[10-06 19:23:49] INFO: [RL-EP-3666] (3666)
[10-06 19:23:53] INFO: [RL-EP-3667] (3667)
[10-06 19:23:56] INFO: [RL-EP-3668] (3668)
[10-06 19:24:00] INFO: [RL-EP-3669] (3669)
[10-06 19:24:03] INFO: [RL-EP-3670] roll=0.940/0.020/0.040
[10-06 19:24:06] INFO: [RL-EP-3671] (3671)
[10-06 19:24:10] INFO: [RL-EP-3672] (3672)
[10-06 19:24:14] INFO: [RL-EP-3673] (3673)
[10-06 19:24:17] INFO: [RL-EP-3674] (3674)
[10-06 19:24:20] INFO: [SARL-LOSS] ep=3675 value_loss=0.0132 epsilon=0.0500
[10-06 19:24:20] INFO: [STAT] ep=3675 | roll@25(s/c/t)=0.9/0.0/0.0 (0.94/0.02/0.04) | R.mean=0.5
[10-06 19:24:20] INFO: [METRICS-25] time=17.83s | dfreq=0.000 | ddist=0.000m
[10-06 19:24:21] INFO: [METRICS-PLOT] 3-metrics curve -> /root/bayes-vl-matched-20261006/crowd_nav/runs/bayes-matched-v1/gru-seed42/curves_3metrics.png
[10-06 19:24:21] INFO: [RL-EP-3675] (3675/10000) s/c/t=1/0/0 qloss=0.0000 ploss=0.0000 buf=200000
[10-06 19:24:21] INFO:               cumulative s/c/t%: 94.0%/2.0%/4.0%
[10-06 19:24:21] INFO: [REPLAY-STORE] ok=3675 skip=0 steps=252882 buf=200000
[10-06 19:24:21] INFO: [STAGE0-MONITOR] timeout_ratio=0.040 (target: decrease over time)
[10-06 19:24:21] INFO: ================================================================================
[10-06 19:24:21] INFO: [MULTI-SCALE-3675] TARGET: peak=1.000 stable_90=10ep
[10-06 19:24:21] INFO: [MULTI-SCALE-3675] WINDOWS: short=1.000 med=0.920 long=0.970
[10-06 19:24:21] INFO: [MULTI-SCALE-3675] QUALITY: stability=0.800 learn_rate=0.00000
[10-06 19:24:21] INFO: [ACHIEVEMENT] Stable 90%+ success rate achieved for 10 episodes!
[10-06 19:24:21] INFO: [HEALTH-CHECK-3675] Overall: NEEDS_IMPROVEMENT (score=0.400)
[10-06 19:24:21] INFO: ================================================================================
[10-06 19:24:24] INFO: [RL-EP-3676] (3676)
[10-06 19:24:28] INFO: [RL-EP-3677] (3677)
[10-06 19:24:32] INFO: [RL-EP-3678] (3678)
[10-06 19:24:35] INFO: [RL-EP-3679] (3679)
[10-06 19:24:39] INFO: [RL-EP-3680] roll=0.940/0.020/0.040
[10-06 19:24:42] INFO: [RL-EP-3681] (3681)
[10-06 19:24:46] INFO: [RL-EP-3682] (3682)
[10-06 19:24:50] INFO: [RL-EP-3683] (3683)
[10-06 19:24:54] INFO: [RL-EP-3684] (3684)
[10-06 19:24:58] INFO: [RL-EP-3685] roll=0.940/0.020/0.040
[10-06 19:25:02] INFO: [RL-EP-3686] (3686)
[10-06 19:25:05] INFO: [RL-EP-3687] (3687)
[10-06 19:25:09] INFO: [RL-EP-3688] (3688)
[10-06 19:25:13] INFO: [RL-EP-3689] (3689)
[10-06 19:25:16] INFO: [RL-EP-3690] roll=0.960/0.020/0.020
[10-06 19:25:19] INFO: [RL-EP-3691] (3691)
[10-06 19:25:23] INFO: [RL-EP-3692] (3692)
[10-06 19:25:26] INFO: [RL-EP-3693] (3693)
[10-06 19:25:30] INFO: [RL-EP-3694] (3694)
[10-06 19:25:33] INFO: [RL-EP-3695] roll=0.960/0.020/0.020
[10-06 19:25:37] INFO: [RL-EP-3696] (3696)
[10-06 19:25:40] INFO: [RL-EP-3697] (3697)
[10-06 19:25:44] INFO: [RL-EP-3698] (3698)
[10-06 19:25:48] INFO: [RL-EP-3699] (3699)
[10-06 19:25:48] INFO: [CONFIG-CHECK] ep=3700 updates_per_ep=4 (from config)
[10-06 19:25:48] INFO: [SARL-EPSILON] ep=3700 epsilon=0.0500 (start=0.3, end=0.05, decay=1500)
[10-06 19:25:51] INFO: [SARL-REPLAY] ep=3700 buffer_size=200000 updates=4
[10-06 19:25:51] INFO: [SARL-LOSS] ep=3700 value_loss=0.0142 epsilon=0.0500
[10-06 19:25:51] INFO: [SARL-STATS] ep=3700 buffer_size=200000
[10-06 19:25:51] INFO: [STAT] ep=3700 | roll@25(s/c/t)=1.0/0.0/0.0 (0.96/0.02/0.02) | R.mean=0.5
[10-06 19:25:51] INFO: [METRICS-25] time=17.41s | dfreq=0.000 | ddist=0.000m
[10-06 19:25:51] INFO: [METRICS-PLOT] 3-metrics curve -> /root/bayes-vl-matched-20261006/crowd_nav/runs/bayes-matched-v1/gru-seed42/curves_3metrics.png
[10-06 19:25:51] INFO: [RL-EP-3700] (3700/10000) s/c/t=1/0/0 qloss=0.0000 ploss=0.0000 buf=200000
[10-06 19:25:51] INFO:               cumulative s/c/t%: 96.0%/2.0%/2.0%
[10-06 19:25:51] INFO: [REPLAY-STORE] ok=3700 skip=0 steps=254600 buf=200000
[10-06 19:25:51] INFO: [STAGE0-MONITOR] timeout_ratio=0.020 (target: decrease over time)
[10-06 19:25:51] INFO: [SOT-3700] REWARD succ=1.0/coll=-0.50 | GRID 5×16=80 | EVENTS s=0.96/c=0.02/t=0.02
[10-06 19:25:51] INFO: ================================================================================
[10-06 19:25:51] INFO: [MULTI-SCALE-3700] TARGET: peak=1.000 stable_90=10ep
[10-06 19:25:51] INFO: [MULTI-SCALE-3700] WINDOWS: short=1.000 med=1.000 long=0.970
[10-06 19:25:51] INFO: [MULTI-SCALE-3700] QUALITY: stability=0.800 learn_rate=0.00000
[10-06 19:25:51] INFO: [ACHIEVEMENT] Stable 90%+ success rate achieved for 10 episodes!
[10-06 19:25:51] INFO: [HEALTH-CHECK-3700] Overall: NEEDS_IMPROVEMENT (score=0.400)
[10-06 19:25:51] INFO: ================================================================================
[10-06 19:25:55] INFO: [RL-EP-3701] (3701)
[10-06 19:25:58] INFO: [RL-EP-3702] (3702)
[10-06 19:26:02] INFO: [RL-EP-3703] (3703)
[10-06 19:26:05] INFO: [RL-EP-3704] (3704)
[10-06 19:26:09] INFO: [RL-EP-3705] roll=0.960/0.020/0.020
[10-06 19:26:12] INFO: [RL-EP-3706] (3706)
[10-06 19:26:16] INFO: [RL-EP-3707] (3707)
[10-06 19:26:19] INFO: [RL-EP-3708] (3708)
[10-06 19:26:23] INFO: [RL-EP-3709] (3709)
[10-06 19:26:27] INFO: [RL-EP-3710] roll=0.980/0.000/0.020
[10-06 19:26:30] INFO: [RL-EP-3711] (3711)
[10-06 19:26:34] INFO: [RL-EP-3712] (3712)
[10-06 19:26:37] INFO: [RL-EP-3713] (3713)
[10-06 19:26:41] INFO: [RL-EP-3714] (3714)
[10-06 19:26:44] INFO: [RL-EP-3715] roll=1.000/0.000/0.000
[10-06 19:26:47] INFO: [RL-EP-3716] (3716)
[10-06 19:26:51] INFO: [RL-EP-3717] (3717)
[10-06 19:26:55] INFO: [RL-EP-3718] (3718)
[10-06 19:26:58] INFO: [RL-EP-3719] (3719)
[10-06 19:27:02] INFO: [RL-EP-3720] roll=1.000/0.000/0.000
[10-06 19:27:05] INFO: [RL-EP-3721] (3721)
[10-06 19:27:09] INFO: [RL-EP-3722] (3722)
[10-06 19:27:12] INFO: [RL-EP-3723] (3723)
[10-06 19:27:15] INFO: [RL-EP-3724] (3724)
[10-06 19:27:18] INFO: [SARL-LOSS] ep=3725 value_loss=0.0194 epsilon=0.0500
[10-06 19:27:18] INFO: [STAT] ep=3725 | roll@25(s/c/t)=1.0/0.0/0.0 (1.00/0.00/0.00) | R.mean=0.5
[10-06 19:27:18] INFO: [METRICS-25] time=16.98s | dfreq=0.000 | ddist=0.000m
[10-06 19:27:18] INFO: [METRICS-PLOT] 3-metrics curve -> /root/bayes-vl-matched-20261006/crowd_nav/runs/bayes-matched-v1/gru-seed42/curves_3metrics.png
[10-06 19:27:18] INFO: [RL-EP-3725] (3725/10000) s/c/t=1/0/0 qloss=0.0000 ploss=0.0000 buf=200000
[10-06 19:27:18] INFO:               cumulative s/c/t%: 100.0%/0.0%/0.0%
[10-06 19:27:18] INFO: [REPLAY-STORE] ok=3725 skip=0 steps=256277 buf=200000
[10-06 19:27:18] INFO: [STAGE0-MONITOR] timeout_ratio=0.000 (target: decrease over time)
[10-06 19:27:18] INFO: ================================================================================
[10-06 19:27:18] INFO: [MULTI-SCALE-3725] TARGET: peak=1.000 stable_90=10ep
[10-06 19:27:18] INFO: [MULTI-SCALE-3725] WINDOWS: short=1.000 med=1.000 long=0.970
[10-06 19:27:18] INFO: [MULTI-SCALE-3725] QUALITY: stability=0.800 learn_rate=0.00000
[10-06 19:27:18] INFO: [ACHIEVEMENT] Stable 90%+ success rate achieved for 10 episodes!
[10-06 19:27:18] INFO: [HEALTH-CHECK-3725] Overall: NEEDS_IMPROVEMENT (score=0.400)
[10-06 19:27:18] INFO: ================================================================================
[10-06 19:27:21] INFO: [RL-EP-3726] (3726)
[10-06 19:27:24] INFO: [RL-EP-3727] (3727)
[10-06 19:27:27] INFO: [RL-EP-3728] (3728)
[10-06 19:27:29] INFO: [RL-EP-3729] (3729)
[10-06 19:27:32] INFO: [RL-EP-3730] roll=1.000/0.000/0.000
[10-06 19:27:34] INFO: [RL-EP-3731] (3731)
[10-06 19:27:37] INFO: [RL-EP-3732] (3732)
[10-06 19:27:40] INFO: [RL-EP-3733] (3733)
[10-06 19:27:42] INFO: [RL-EP-3734] (3734)
[10-06 19:27:45] INFO: [RL-EP-3735] roll=1.000/0.000/0.000
[10-06 19:27:48] INFO: [RL-EP-3736] (3736)
[10-06 19:27:51] INFO: [RL-EP-3737] (3737)
[10-06 19:27:54] INFO: [RL-EP-3738] (3738)
[10-06 19:27:57] INFO: [RL-EP-3739] (3739)
[10-06 19:28:01] INFO: [RL-EP-3740] roll=1.000/0.000/0.000
[10-06 19:28:04] INFO: [RL-EP-3741] (3741)
[10-06 19:28:08] INFO: [RL-EP-3742] (3742)
[10-06 19:28:12] INFO: [RL-EP-3743] (3743)
[10-06 19:28:16] INFO: [RL-EP-3744] (3744)
[10-06 19:28:19] INFO: [RL-EP-3745] roll=1.000/0.000/0.000
[10-06 19:28:22] INFO: [RL-EP-3746] (3746)
[10-06 19:28:26] INFO: [RL-EP-3747] (3747)
[10-06 19:28:30] INFO: [RL-EP-3748] (3748)
[10-06 19:28:34] INFO: [RL-EP-3749] (3749)
[10-06 19:28:34] INFO: [CONFIG-CHECK] ep=3750 updates_per_ep=4 (from config)
[10-06 19:28:37] INFO: [SARL-LOSS] ep=3750 value_loss=0.0113 epsilon=0.0500
[10-06 19:28:37] INFO: [STAT] ep=3750 | roll@25(s/c/t)=1.0/0.0/0.0 (1.00/0.00/0.00) | R.mean=0.5
[10-06 19:28:37] INFO: [METRICS-25] time=16.82s | dfreq=0.000 | ddist=0.000m
[10-06 19:28:38] INFO: [METRICS-PLOT] 3-metrics curve -> /root/bayes-vl-matched-20261006/crowd_nav/runs/bayes-matched-v1/gru-seed42/curves_3metrics.png
[10-06 19:28:38] INFO: [RL-EP-3750] (3750/10000) s/c/t=1/0/0 qloss=0.0000 ploss=0.0000 buf=200000
[10-06 19:28:38] INFO:               cumulative s/c/t%: 100.0%/0.0%/0.0%
[10-06 19:28:38] INFO: [REPLAY-STORE] ok=3750 skip=0 steps=257964 buf=200000
[10-06 19:28:38] INFO: [STAGE0-MONITOR] timeout_ratio=0.000 (target: decrease over time)
[10-06 19:28:38] INFO: ================================================================================
[10-06 19:28:38] INFO: [MULTI-SCALE-3750] TARGET: peak=1.000 stable_90=10ep
[10-06 19:28:38] INFO: [MULTI-SCALE-3750] WINDOWS: short=1.000 med=1.000 long=0.980
[10-06 19:28:38] INFO: [MULTI-SCALE-3750] QUALITY: stability=0.800 learn_rate=0.00000
[10-06 19:28:38] INFO: [ACHIEVEMENT] Stable 90%+ success rate achieved for 10 episodes!
[10-06 19:28:38] INFO: [HEALTH-CHECK-3750] Overall: NEEDS_IMPROVEMENT (score=0.400)
[10-06 19:28:38] INFO: ================================================================================
[10-06 19:28:41] INFO: [RL-EP-3751] (3751)
[10-06 19:28:45] INFO: [RL-EP-3752] (3752)
[10-06 19:28:49] INFO: [RL-EP-3753] (3753)
[10-06 19:28:52] INFO: [RL-EP-3754] (3754)
[10-06 19:28:56] INFO: [RL-EP-3755] roll=1.000/0.000/0.000
[10-06 19:28:59] INFO: [RL-EP-3756] (3756)
[10-06 19:29:03] INFO: [RL-EP-3757] (3757)
[10-06 19:29:07] INFO: [RL-EP-3758] (3758)
[10-06 19:29:11] INFO: [RL-EP-3759] (3759)
[10-06 19:29:14] INFO: [RL-EP-3760] roll=1.000/0.000/0.000
[10-06 19:29:18] INFO: [RL-EP-3761] (3761)
[10-06 19:29:21] INFO: [RL-EP-3762] (3762)
[10-06 19:29:25] INFO: [RL-EP-3763] (3763)
[10-06 19:29:28] INFO: [RL-EP-3764] (3764)
[10-06 19:29:32] INFO: [RL-EP-3765] roll=1.000/0.000/0.000
[10-06 19:29:36] INFO: [RL-EP-3766] (3766)
[10-06 19:29:40] INFO: [RL-EP-3767] (3767)
[10-06 19:29:43] INFO: [RL-EP-3768] (3768)
[10-06 19:29:47] INFO: [RL-EP-3769] (3769)
[10-06 19:29:50] INFO: [RL-EP-3770] roll=1.000/0.000/0.000
[10-06 19:29:51] INFO: [RL-EP-3771] (3771)
[10-06 19:29:55] INFO: [RL-EP-3772] (3772)
[10-06 19:29:58] INFO: [RL-EP-3773] (3773)
[10-06 19:30:02] INFO: [RL-EP-3774] (3774)
[10-06 19:30:06] INFO: [SARL-LOSS] ep=3775 value_loss=0.0148 epsilon=0.0500
[10-06 19:30:06] INFO: [STAT] ep=3775 | roll@25(s/c/t)=1.0/0.0/0.0 (0.98/0.02/0.00) | R.mean=0.5
[10-06 19:30:06] INFO: [METRICS-25] time=16.59s | dfreq=0.000 | ddist=0.000m
[10-06 19:30:07] INFO: [METRICS-PLOT] 3-metrics curve -> /root/bayes-vl-matched-20261006/crowd_nav/runs/bayes-matched-v1/gru-seed42/curves_3metrics.png
[10-06 19:30:07] INFO: [RL-EP-3775] (3775/10000) s/c/t=1/0/0 qloss=0.0000 ploss=0.0000 buf=200000
[10-06 19:30:07] INFO:               cumulative s/c/t%: 98.0%/2.0%/0.0%
[10-06 19:30:07] INFO: [REPLAY-STORE] ok=3775 skip=0 steps=259594 buf=200000
[10-06 19:30:07] INFO: [STAGE0-MONITOR] timeout_ratio=0.000 (target: decrease over time)
[10-06 19:30:07] INFO: ================================================================================
[10-06 19:30:07] INFO: [MULTI-SCALE-3775] TARGET: peak=1.000 stable_90=10ep
[10-06 19:30:07] INFO: [MULTI-SCALE-3775] WINDOWS: short=0.900 med=0.960 long=0.990
[10-06 19:30:07] INFO: [MULTI-SCALE-3775] QUALITY: stability=0.800 learn_rate=0.00000
[10-06 19:30:07] INFO: [ACHIEVEMENT] Stable 90%+ success rate achieved for 10 episodes!
[10-06 19:30:07] INFO: [HEALTH-CHECK-3775] Overall: NEEDS_IMPROVEMENT (score=0.400)
[10-06 19:30:07] INFO: ================================================================================
[10-06 19:30:10] INFO: [RL-EP-3776] (3776)
[10-06 19:30:14] INFO: [RL-EP-3777] (3777)
[10-06 19:30:17] INFO: [RL-EP-3778] (3778)
[10-06 19:30:21] INFO: [RL-EP-3779] (3779)
[10-06 19:30:25] INFO: [RL-EP-3780] roll=0.980/0.020/0.000
[10-06 19:30:29] INFO: [RL-EP-3781] (3781)
[10-06 19:30:33] INFO: [RL-EP-3782] (3782)
[10-06 19:30:37] INFO: [RL-EP-3783] (3783)
[10-06 19:30:40] INFO: [RL-EP-3784] (3784)
[10-06 19:30:44] INFO: [RL-EP-3785] roll=0.980/0.020/0.000
[10-06 19:30:48] INFO: [RL-EP-3786] (3786)
[10-06 19:30:51] INFO: [RL-EP-3787] (3787)
[10-06 19:30:55] INFO: [RL-EP-3788] (3788)
[10-06 19:30:59] INFO: [RL-EP-3789] (3789)
[10-06 19:31:02] INFO: [RL-EP-3790] roll=0.980/0.020/0.000
[10-06 19:31:06] INFO: [RL-EP-3791] (3791)
[10-06 19:31:10] INFO: [RL-EP-3792] (3792)
[10-06 19:31:13] INFO: [RL-EP-3793] (3793)
[10-06 19:31:17] INFO: [RL-EP-3794] (3794)
[10-06 19:31:21] INFO: [RL-EP-3795] roll=0.980/0.020/0.000
[10-06 19:31:24] INFO: [RL-EP-3796] (3796)
[10-06 19:31:28] INFO: [RL-EP-3797] (3797)
[10-06 19:31:32] INFO: [RL-EP-3798] (3798)
[10-06 19:31:35] INFO: [RL-EP-3799] (3799)
[10-06 19:31:35] INFO: [CONFIG-CHECK] ep=3800 updates_per_ep=4 (from config)
[10-06 19:31:35] INFO: [SARL-EPSILON] ep=3800 epsilon=0.0500 (start=0.3, end=0.05, decay=1500)
[10-06 19:31:39] INFO: [SARL-REPLAY] ep=3800 buffer_size=200000 updates=4
[10-06 19:31:39] INFO: [SARL-LOSS] ep=3800 value_loss=0.0082 epsilon=0.0500
[10-06 19:31:39] INFO: [SARL-STATS] ep=3800 buffer_size=200000
[10-06 19:31:39] INFO: [STAT] ep=3800 | roll@25(s/c/t)=1.0/0.0/0.0 (0.98/0.02/0.00) | R.mean=0.5
[10-06 19:31:39] INFO: [METRICS-25] time=16.70s | dfreq=0.000 | ddist=0.000m
[10-06 19:31:39] INFO: [METRICS-PLOT] 3-metrics curve -> /root/bayes-vl-matched-20261006/crowd_nav/runs/bayes-matched-v1/gru-seed42/curves_3metrics.png
[10-06 19:31:39] INFO: [RL-EP-3800] (3800/10000) s/c/t=1/0/0 qloss=0.0000 ploss=0.0000 buf=200000
[10-06 19:31:39] INFO:               cumulative s/c/t%: 98.0%/2.0%/0.0%
[10-06 19:31:39] INFO: [REPLAY-STORE] ok=3800 skip=0 steps=261304 buf=200000
[10-06 19:31:39] INFO: [STAGE0-MONITOR] timeout_ratio=0.000 (target: decrease over time)
[10-06 19:31:39] INFO: [SOT-3800] REWARD succ=1.0/coll=-0.50 | GRID 5×16=80 | EVENTS s=0.98/c=0.02/t=0.00
[10-06 19:31:39] INFO: ================================================================================
[10-06 19:31:39] INFO: [MULTI-SCALE-3800] TARGET: peak=1.000 stable_90=10ep
[10-06 19:31:39] INFO: [MULTI-SCALE-3800] WINDOWS: short=1.000 med=1.000 long=0.990
[10-06 19:31:39] INFO: [MULTI-SCALE-3800] QUALITY: stability=0.800 learn_rate=0.00000
[10-06 19:31:39] INFO: [ACHIEVEMENT] Stable 90%+ success rate achieved for 10 episodes!
[10-06 19:31:39] INFO: [HEALTH-CHECK-3800] Overall: NEEDS_IMPROVEMENT (score=0.400)
[10-06 19:31:39] INFO: ================================================================================
[10-06 19:31:43] INFO: [RL-EP-3801] (3801)
[10-06 19:31:46] INFO: [RL-EP-3802] (3802)
[10-06 19:31:50] INFO: [RL-EP-3803] (3803)
[10-06 19:31:54] INFO: [RL-EP-3804] (3804)
[10-06 19:31:57] INFO: [RL-EP-3805] roll=0.980/0.020/0.000
[10-06 19:32:01] INFO: [RL-EP-3806] (3806)
[10-06 19:32:04] INFO: [RL-EP-3807] (3807)
[10-06 19:32:07] INFO: [RL-EP-3808] (3808)
[10-06 19:32:11] INFO: [RL-EP-3809] (3809)
[10-06 19:32:14] INFO: [RL-EP-3810] roll=0.980/0.020/0.000
[10-06 19:32:17] INFO: [RL-EP-3811] (3811)
[10-06 19:32:21] INFO: [RL-EP-3812] (3812)
[10-06 19:32:23] INFO: [RL-EP-3813] (3813)
[10-06 19:32:27] INFO: [RL-EP-3814] (3814)
