run_label,scenario,scenario_index,episode,seed,outcome,steps,duration_s,min_clearance_m,geometric_contact_steps,geometric_contact_duration_s,discomfort_steps,mean_clearance_m,mean_inference_ms,p95_inference_ms,path_length_m,action_switch_count,action_switch_hz,turn_reversal_count,turn_reversal_hz,heading_flip_count,heading_flip_hz,total_abs_turn_rad,curvature_rad_per_m,lateral_sign_change_count,lateral_sign_change_hz,stalled_window_ratio,oscillatory_stall_window_ratio,backtracking_ratio,goal_progress_efficiency
bayes-fix-seed42,baseline_circle,0,0,1540568412,success,46,11.5,0.51497087456643,0,0.0,0,1.5316693770194494,26.958621633441552,15.664755366742611,8.573864967561732,21,1.826086956521739,8,0.6956521739130435,1,0.08695652173913043,7.786332650719897,0.9081473384732117,4,0.34782608695652173,0.0,0.0,0.021739130434782608,0.9043604695288309
bayes-fix-seed42,baseline_circle,0,1,1540568413,success,58,14.5,0.19441097475088276,0,0.0,1,1.0218560574243776,14.476744393850195,16.124911792576313,13.98800386921074,26,1.793103448275862,10,0.6896551724137931,1,0.06896551724137931,10.773177823532595,0.7701726368009978,1,0.06896551724137931,0.0196078431372549,0.0196078431372549,0.06896551724137931,0.5573628913025358
bayes-fix-seed42,baseline_circle,0,2,1540568414,success,42,10.5,0.2850877317724899,0,0.0,0,1.2857525147107978,14.048749669676734,15.926819294691086,9.119623813227483,17,1.619047619047619,7,0.6666666666666666,0,0.0,6.788983202850503,0.7444367598807615,3,0.2857142857142857,0.0,0.0,0.07142857142857142,0.8530679785917672
bayes-fix-seed42,baseline_circle,0,3,1540568415,success,44,11.0,0.44187178475886235,0,0.0,0,0.883765019052887,13.895395127209751,15.046040900051594,9.32029230567568,19,1.7272727272727273,8,0.7272727272727273,0,0.0,8.504190319654242,0.9124381554509331,5,0.45454545454545453,0.0,0.0,0.06818181818181818,0.8355467522321292
bayes-fix-seed42,baseline_circle,0,4,1540568416,success,47,11.75,0.18253463355997634,0,0.0,1,1.7639553397391374,14.050672980065041,15.571583807468414,8.699352278037795,14,1.1914893617021276,4,0.3404255319148936,0,0.0,5.110272834682369,0.5874314168864799,2,0.1702127659574468,0.0,0.0,0.0425531914893617,0.8931451092676618
bayes-fix-seed42,baseline_circle,0,5,1540568417,success,44,11.0,0.5979379147216047,0,0.0,0,0.9872223658561985,13.91969020055099,15.636189095675945,9.102962977089328,18,1.6363636363636365,7,0.6363636363636364,1,0.09090909090909091,6.893330499339455,0.7572622800607717,3,0.2727272727272727,0.0,0.0,0.06818181818181818,0.8519587346526312
bayes-fix-seed42,baseline_circle,0,6,1540568418,success,45,11.25,0.4439021442301888,0,0.0,0,1.3627208828128028,14.20652386214998,16.031131893396378,9.169336339463046,16,1.4222222222222223,6,0.5333333333333333,0,0.0,6.415915522711563,0.6997142743143477,3,0.26666666666666666,0.0,0.0,0.06666666666666667,0.8550389661524516
bayes-fix-seed42,baseline_circle,0,7,1540568419,success,45,11.25,0.3602128250990664,0,0.0,0,0.7944864264699377,14.397599630885654,16.031815856695175,9.189140618588894,17,1.511111111111111,9,0.8,0,0.0,6.712198238729362,0.7304489633286407,3,0.26666666666666666,0.0,0.0,0.06666666666666667,0.8429747522135917
bayes-fix-seed42,baseline_circle,0,8,1540568420,success,45,11.25,0.2312678965806263,0,0.0,0,0.7121880758428198,13.992156585057577,15.890547633171082,9.22352844174408,21,1.8666666666666667,11,0.9777777777777777,1,0.08888888888888889,6.4990142057665405,0.7046125836565036,2,0.17777777777777778,0.0,0.0,0.044444444444444446,0.8421353440319428
bayes-fix-seed42,baseline_circle,0,9,1540568421,success,48,12.0,0.3208197143693501,0,0.0,0,1.0201051453140026,14.192949359615644,16.0353509709239,8.790881821266517,20,1.6666666666666667,4,0.3333333333333333,1,0.08333333333333333,6.78045080672911,0.7713049662806455,5,0.4166666666666667,0.0,0.0,0.0,0.884091356212015
bayes-fix-seed42,baseline_circle,0,10,1540568422,success,44,11.0,0.3824661107362676,0,0.0,0,1.19636544654447,13.740583068945192,15.190958604216576,8.725448386795955,22,2.0,9,0.8181818181818182,1,0.09090909090909091,8.348189948366672,0.9567634324672436,5,0.45454545454545453,0.0,0.0,0.045454545454545456,0.89271401999462
bayes-fix-seed42,baseline_circle,0,11,1540568423,success,50,12.5,0.31425059481105155,0,0.0,0,2.768483208028879,14.108585938811302,15.3543746098876,9.025076750400485,22,1.76,11,0.88,1,0.08,14.760572770246295,1.6355066198845676,3,0.24,0.0,0.0,0.06,0.8696376137920174
bayes-fix-seed42,baseline_circle,0,12,1540568424,success,42,10.5,0.21028328515885852,0,0.0,0,0.5822343730475862,13.64060491323471,15.298992581665516,8.942936619442932,18,1.7142857142857142,5,0.47619047619047616,0,0.0,6.769712578487278,0.7569898867189973,3,0.2857142857142857,0.0,0.0,0.0,0.8636013379670413
bayes-fix-seed42,baseline_circle,0,13,1540568425,success,44,11.0,0.22602317688778262,0,0.0,0,0.5973691756925608,13.975005681541832,15.57091400027275,8.44856345627517,17,1.5454545454545454,5,0.45454545454545453,0,0.0,5.256951164631319,0.6222301805316641,4,0.36363636363636365,0.0,0.0,0.0,0.9218637929636767
bayes-fix-seed42,baseline_circle,0,14,1540568426,success,42,10.5,0.339716269089098,0,0.0,0,0.9859152741855622,13.523930861126809,15.19196704030037,9.139613312403972,18,1.7142857142857142,8,0.7619047619047619,0,0.0,6.067059492228329,0.6638201513399175,2,0.19047619047619047,0.0,0.0,0.07142857142857142,0.8496805119505355
bayes-fix-seed42,baseline_circle,0,15,1540568427,success,45,11.25,0.21229860048009397,0,0.0,0,0.8284741471135256,13.705451620949638,15.108166635036469,9.196979967759622,19,1.6888888888888889,7,0.6222222222222222,0,0.0,7.718477866374307,0.8392404782256498,2,0.17777777777777778,0.0,0.0,0.06666666666666667,0.843441934683661
bayes-fix-seed42,baseline_circle,0,16,1540568428,success,43,10.75,0.2377172572116425,0,0.0,0,1.1396264452157838,13.86796033313108,15.584713220596313,9.289997093067042,14,1.302325581395349,4,0.37209302325581395,0,0.0,4.682257558634415,0.5040106591775685,1,0.09302325581395349,0.0,0.0,0.06976744186046512,0.8300665199122192
bayes-fix-seed42,baseline_circle,0,17,1540568429,success,44,11.0,0.25288822558935564,0,0.0,0,1.0155124681524461,13.78865506161343,15.730317309498787,9.462646633431909,24,2.1818181818181817,7,0.6363636363636364,0,0.0,7.102475623186204,0.7505802444416421,3,0.2727272727272727,0.0,0.0,0.06818181818181818,0.8262663324898204
bayes-fix-seed42,baseline_circle,0,18,1540568430,success,43,10.75,0.37619688242798854,0,0.0,0,1.786937397460984,13.870695302652758,15.61792902648449,8.98866705153545,19,1.7674418604651163,6,0.5581395348837209,0,0.0,9.625565981650638,1.0708557705456887,3,0.27906976744186046,0.0,0.0,0.046511627906976744,0.8646078182497013
bayes-fix-seed42,baseline_circle,0,19,1540568431,success,51,12.75,0.25104706224965356,0,0.0,0,1.841101576388648,13.850769429814582,15.378057956695557,10.000907102848286,27,2.1176470588235294,13,1.0196078431372548,0,0.0,12.867609853565304,1.2866442734880092,2,0.1568627450980392,0.0,0.0,0.0196078431372549,0.7817272243943302
bayes-fix-seed42,baseline_circle,0,20,1540568432,success,47,11.75,0.2750469833426664,0,0.0,0,0.7819469194601588,13.962094374793642,15.671717375516891,9.159694478426541,16,1.3617021276595744,5,0.425531914893617,0,0.0,5.459738628981569,0.5960612159980522,3,0.2553191489361702,0.025,0.0,0.06382978723404255,0.8605452366139651
bayes-fix-seed42,baseline_circle,0,21,1540568433,success,51,12.75,0.10573022930411602,0,0.0,4,0.29956538379711134,14.193705557023778,15.725251287221909,11.232928869103079,31,2.4313725490196076,8,0.6274509803921569,3,0.23529411764705882,20.506591043145587,1.8255782870263102,7,0.5490196078431373,0.09090909090909091,0.045454545454545456,0.13725490196078433,0.6910387010039852
bayes-fix-seed42,baseline_circle,0,22,1540568434,success,50,12.5,0.4683086843383818,0,0.0,0,2.3093057515876225,13.8864815980196,15.740649402141571,9.319391476009647,24,1.92,10,0.8,0,0.0,11.630751400257576,1.2480161854127412,4,0.32,0.0,0.0,0.04,0.8315135079611821
bayes-fix-seed42,baseline_circle,0,23,1540568435,success,41,10.25,0.34331865611387746,0,0.0,0,1.1113890016839,13.710925855287691,15.283379703760147,8.785088735967776,21,2.048780487804878,8,0.7804878048780488,0,0.0,6.63668732459119,0.7554490938058902,3,0.2926829268292683,0.0,0.0,0.0,0.8838209719122909
bayes-fix-seed42,baseline_circle,0,24,1540568436,success,46,11.5,0.20517302433900553,0,0.0,0,0.7661772646710601,13.645160700316014,15.276175923645496,8.630658791208768,25,2.1739130434782608,12,1.0434782608695652,0,0.0,11.263403033771695,1.3050455714046596,2,0.17391304347826086,0.0,0.0,0.021739130434782608,0.9012194482800919
bayes-fix-seed42,baseline_circle,0,25,1540568437,success,44,11.0,0.15683477984050243,0,0.0,2,1.1386114333389856,13.656545515087517,15.7455088570714,9.568636523081624,22,2.0,11,1.0,1,0.09090909090909091,10.285176719926984,1.0748842528522125,4,0.36363636363636365,0.0,0.0,0.022727272727272728,0.8103969053180032
bayes-fix-seed42,baseline_circle,0,26,1540568438,success,42,10.5,0.19057774089930546,0,0.0,1,0.8991210085670706,13.897586702590896,15.410101413726807,8.62866436961197,19,1.8095238095238095,6,0.5714285714285714,0,0.0,4.4335954961149096,0.5138217580612986,2,0.19047619047619047,0.0,0.0,0.0,0.8974972229660069
bayes-fix-seed42,baseline_circle,0,27,1540568439,success,45,11.25,0.25704344715311866,0,0.0,0,1.1433025933962109,13.901312400897345,15.173152089118958,9.935280213192693,22,1.9555555555555555,11,0.9777777777777777,0,0.0,10.045721561793114,1.0111160778790889,3,0.26666666666666666,0.0,0.0,0.06666666666666667,0.7821817173546686
bayes-fix-seed42,baseline_circle,0,28,1540568440,success,46,11.5,0.2567121235063865,0,0.0,0,1.1847294467777554,13.832840096691381,15.602865256369114,9.324606304233878,19,1.6521739130434783,8,0.6956521739130435,0,0.0,5.132855798921792,0.5504635403846698,1,0.08695652173913043,0.02564102564102564,0.0,0.08695652173913043,0.8348334085309523
bayes-fix-seed42,baseline_circle,0,29,1540568441,success,41,10.25,0.44629364766523294,0,0.0,0,1.488515033150389,13.65547636296691,15.063494443893433,8.123570317224345,21,2.048780487804878,15,1.4634146341463414,0,0.0,6.305800243729353,0.7762350786032112,5,0.4878048780487805,0.0,0.0,0.0,0.9583810555622274
bayes-fix-seed42,baseline_circle,0,30,1540568442,success,43,10.75,0.3726012287814243,0,0.0,0,1.4135276570076385,13.582235592049221,15.233802050352097,8.801606386269087,16,1.4883720930232558,7,0.6511627906976745,0,0.0,6.347295416069212,0.7211519281265845,2,0.18604651162790697,0.0,0.0,0.046511627906976744,0.8870084557995669
bayes-fix-seed42,baseline_circle,0,31,1540568443,success,47,11.75,0.4834717987515834,0,0.0,0,1.3519812075726503,13.685165012770511,15.352289378643036,8.929666515128309,18,1.5319148936170213,7,0.5957446808510638,1,0.0851063829787234,7.92583268858726,0.8875843991664872,4,0.3404255319148936,0.0,0.0,0.0425531914893617,0.8760227519661314
bayes-fix-seed42,baseline_circle,0,32,1540568444,success,48,12.0,0.3655895989349993,0,0.0,0,2.2086435126104096,13.839262537658215,15.894954651594162,8.822490335591127,21,1.75,9,0.75,2,0.16666666666666666,10.963972927782919,1.2427299448039926,3,0.25,0.0,0.0,0.041666666666666664,0.8835282096764753
bayes-fix-seed42,baseline_circle,0,33,1540568445,success,45,11.25,0.17682587307803888,0,0.0,2,0.957300279205406,14.015831053256989,15.88980033993721,10.079115561259394,21,1.8666666666666667,8,0.7111111111111111,1,0.08888888888888889,10.876030120671917,1.0790659214659255,3,0.26666666666666666,0.0,0.0,0.06666666666666667,0.7679421650322144
bayes-fix-seed42,baseline_circle,0,34,1540568446,success,72,18.0,0.17702692892642446,0,0.0,3,1.0356883802415056,14.370398078527716,15.85036888718605,16.887208023774047,36,2.0,18,1.0,0,0.0,11.921822854493291,0.7059676672253686,2,0.1111111111111111,0.3230769230769231,0.2153846153846154,0.2361111111111111,0.4613357813175725
bayes-fix-seed42,baseline_circle,0,35,1540568447,success,45,11.25,0.7023206760001838,0,0.0,0,2.5165563724587217,14.105643166436089,15.785031020641327,8.812870395352684,19,1.6888888888888889,8,0.7111111111111111,2,0.17777777777777778,9.835213017719614,1.116005634544001,2,0.17777777777777778,0.0,0.0,0.044444444444444446,0.8957005359314337
bayes-fix-seed42,baseline_circle,0,36,1540568448,success,40,10.0,0.21064669580371675,0,0.0,0,2.8420326376114837,14.15836988016963,15.500852838158607,8.534599074249297,15,1.5,6,0.6,0,0.0,3.7647262287678793,0.4411134250145224,1,0.1,0.0,0.0,0.0,0.9306847392109187
bayes-fix-seed42,baseline_circle,0,37,1540568449,success,43,10.75,0.43770483162957896,0,0.0,0,1.6726977034456874,14.06467714628508,15.480954572558403,8.81167436792603,18,1.6744186046511629,3,0.27906976744186046,0,0.0,5.529748171200891,0.6275479483591502,3,0.27906976744186046,0.0,0.0,0.046511627906976744,0.8834424952357727
bayes-fix-seed42,baseline_circle,0,38,1540568450,success,48,12.0,0.28477796942541067,0,0.0,0,0.7504121176564075,14.145706004152695,15.560059994459152,9.588196609069387,19,1.5833333333333333,12,1.0,0,0.0,6.82036205487425,0.7113289738367414,2,0.16666666666666666,0.04878048780487805,0.04878048780487805,0.08333333333333333,0.8079804542544065
bayes-fix-seed42,baseline_circle,0,39,1540568451,success,47,11.75,0.43582446503357286,0,0.0,0,1.6537592739234315,14.018826186656952,15.487870946526527,8.781116183449203,11,0.9361702127659575,4,0.3404255319148936,0,0.0,4.025413523641593,0.4584170667538553,2,0.1702127659574468,0.0,0.0,0.0425531914893617,0.8975991448330358
bayes-fix-seed42,baseline_circle,0,40,1540568452,success,59,14.75,0.17655577888910634,0,0.0,2,1.187995972473174,14.056144945197186,15.261434018611908,9.87042505265467,32,2.169491525423729,11,0.7457627118644068,0,0.0,12.067285388982759,1.2225699830158012,4,0.2711864406779661,0.09615384615384616,0.0,0.01694915254237288,0.7887089255630814
bayes-fix-seed42,baseline_circle,0,41,1540568453,success,50,12.5,0.17956821868149886,0,0.0,3,0.6732339369345708,14.122827723622322,15.442885085940361,11.477004961029325,27,2.16,12,0.96,2,0.16,14.192014612383126,1.2365608153497132,2,0.16,0.023255813953488372,0.0,0.1,0.6753061911868343
bayes-fix-seed42,baseline_circle,0,42,1540568454,success,40,10.0,0.2304856304314571,0,0.0,0,0.7234359004582483,13.925190642476082,15.568981505930424,8.70663889369386,13,1.3,6,0.6,1,0.1,7.04674297931805,0.8093528473337676,3,0.3,0.0,0.0,0.05,0.8902109418128147
bayes-fix-seed42,baseline_circle,0,43,1540568455,success,45,11.25,0.6026554216063212,0,0.0,0,2.687858723181538,13.965538309680092,15.655650943517685,8.871661987074829,23,2.0444444444444443,12,1.0666666666666667,2,0.17777777777777778,10.354072441744293,1.167095010701399,2,0.17777777777777778,0.0,0.0,0.044444444444444446,0.8849429595499297
bayes-fix-seed42,baseline_circle,0,44,1540568456,success,48,12.0,0.23653277929931127,0,0.0,0,2.1788448400511706,13.820553664118052,15.69861900061369,9.762679923869772,19,1.5833333333333333,6,0.5,0,0.0,7.822415519184393,0.8012569888784914,2,0.16666666666666666,0.0,0.0,0.020833333333333332,0.8047300731341152
bayes-fix-seed42,baseline_circle,0,45,1540568457,success,42,10.5,0.18718371040558024,0,0.0,1,0.5504482203467974,13.813574221872148,15.283030457794666,8.66160321832284,23,2.1904761904761907,10,0.9523809523809523,0,0.0,8.118013512412622,0.93724144454455,6,0.5714285714285714,0.0,0.0,0.0,0.896569053202377
bayes-fix-seed42,baseline_circle,0,46,1540568458,success,49,12.25,0.5303941221252412,0,0.0,0,1.1291506332698857,14.449440855152753,16.05757027864456,9.698822758145592,25,2.0408163265306123,15,1.2244897959183674,0,0.0,9.191897334263041,0.9477333036675191,2,0.16326530612244897,0.0,0.0,0.0,0.8023475347600023
bayes-fix-seed42,baseline_circle,0,47,1540568459,success,41,10.25,0.3083429368057631,0,0.0,0,0.7520534279203902,14.153713587580658,15.798661857843399,8.747937993767456,14,1.3658536585365855,6,0.5853658536585366,1,0.0975609756097561,7.6757704081445866,0.8774376788693811,4,0.3902439024390244,0.0,0.0,0.04878048780487805,0.8890046929768711
bayes-fix-seed42,baseline_circle,0,48,1540568460,success,51,12.75,0.24348989399661314,0,0.0,0,1.094229829447966,14.001853471877528,15.500480309128761,9.778150045342931,25,1.9607843137254901,10,0.7843137254901961,0,0.0,11.121445735898476,1.1373772834663465,3,0.23529411764705882,0.11363636363636363,0.06818181818181818,0.0784313725490196,0.7900234208528328
bayes-fix-seed42,baseline_circle,0,49,1540568461,success,49,12.25,0.19943519558934064,0,0.0,1,1.1796505933817039,14.891052276504283,18.191526085138307,9.389410847656075,20,1.6326530612244898,6,0.4897959183673469,0,0.0,8.329948423640904,0.887164121242,3,0.24489795918367346,0.0,0.0,0.061224489795918366,0.8387659364550231
bayes-fix-seed42,baseline_circle,0,50,1540568462,success,49,12.25,0.2881788107236115,0,0.0,0,1.2100394322563057,13.770418735791226,15.70986658334732,9.667114556313315,20,1.6326530612244898,10,0.8163265306122449,0,0.0,8.402855954720158,0.8692206868731573,2,0.16326530612244897,0.0,0.0,0.061224489795918366,0.8067202938972676
bayes-fix-seed42,baseline_circle,0,51,1540568463,success,47,11.75,0.6583396970311771,0,0.0,0,0.9899212112199905,13.95105776634622,15.866127982735634,9.726604609932666,19,1.6170212765957446,11,0.9361702127659575,0,0.0,9.545003738363535,0.9813294691362613,3,0.2553191489361702,0.0,0.0,0.0425531914893617,0.7926670137496521
bayes-fix-seed42,baseline_circle,0,52,1540568464,success,46,11.5,0.18987851186059834,0,0.0,1,0.8233140786843947,13.709864457664283,15.48405084758997,9.78733789731189,18,1.565217391304348,10,0.8695652173913043,0,0.0,7.252138569714922,0.7409715129695006,1,0.08695652173913043,0.07692307692307693,0.0,0.10869565217391304,0.8066236972502709
bayes-fix-seed42,baseline_circle,0,53,1540568465,success,50,12.5,0.4573124021514344,0,0.0,0,0.932782533559595,14.046517089009285,15.758979134261608,9.81790669159308,19,1.52,5,0.4,0,0.0,7.039215744657142,0.7169772504239332,3,0.24,0.023255813953488372,0.0,0.08,0.7886516968901577
bayes-fix-seed42,baseline_circle,0,54,1540568466,success,49,12.25,0.34950004628609277,0,0.0,0,1.3462505505318707,13.976421891426554,16.19873046875,8.824009665885248,20,1.6326530612244898,4,0.32653061224489793,0,0.0,5.563812846005552,0.6305311368272822,4,0.32653061224489793,0.0,0.0,0.04081632653061224,0.8851958412683236
bayes-fix-seed42,baseline_circle,0,55,1540568467,success,45,11.25,0.24002350720152021,0,0.0,0,0.9136657704039229,14.371568378474977,16.097570955753326,9.554881441549535,23,2.0444444444444443,10,0.8888888888888888,0,0.0,9.042631632558,0.9463886797418534,3,0.26666666666666666,0.0,0.0,0.06666666666666667,0.8147072352489926
bayes-fix-seed42,baseline_circle,0,56,1540568468,success,41,10.25,0.39084727110697337,0,0.0,0,0.8256933888713578,13.41184782909184,15.535607933998108,9.383821923913906,14,1.3658536585365855,6,0.5853658536585366,1,0.0975609756097561,6.827755093355757,0.7276091925781092,1,0.0975609756097561,0.0,0.0,0.0975609756097561,0.8262044366677213
bayes-fix-seed42,baseline_circle,0,57,1540568469,success,43,10.75,0.32666544113438356,0,0.0,0,0.9481227224942862,13.884112845326579,15.487131103873253,9.71094774727258,16,1.4883720930232558,8,0.7441860465116279,0,0.0,7.941617902778742,0.8178004978977698,3,0.27906976744186046,0.0,0.0,0.06976744186046512,0.8117392122458837
bayes-fix-seed42,baseline_circle,0,58,1540568470,success,41,10.25,0.3349395319933359,0,0.0,0,0.9528318019859613,13.953952255045495,15.509601682424545,8.070010163244582,14,1.3658536585365855,9,0.8780487804878049,0,0.0,4.390580079037655,0.5440612824795258,3,0.2926829268292683,0.0,0.0,0.0,0.971468773527345
bayes-fix-seed42,baseline_circle,0,59,1540568471,success,46,11.5,0.4029581955182223,0,0.0,0,1.2613931246236052,13.848038633232532,15.363741666078568,8.336139988305558,16,1.391304347826087,8,0.6956521739130435,0,0.0,5.963537506978675,0.7153835606581327,3,0.2608695652173913,0.0,0.0,0.021739130434782608,0.9249329094943507
bayes-fix-seed42,baseline_circle,0,60,1540568472,success,58,14.5,0.13995999958252903,0,0.0,12,0.9185649010691204,14.327976146134837,15.6563401222229,13.411662696000382,23,1.5862068965517242,10,0.6896551724137931,0,0.0,9.677359109333047,0.7215629656581672,2,0.13793103448275862,0.17647058823529413,0.0,0.15517241379310345,0.578876646578113
bayes-fix-seed42,baseline_circle,0,61,1540568473,success,55,13.75,0.17930621769930688,0,0.0,4,0.7650128436815417,14.15966586633162,15.693330392241478,13.272209402968658,19,1.3818181818181818,6,0.43636363636363634,1,0.07272727272727272,10.74839350095426,0.8098420673313153,2,0.14545454545454545,0.0625,0.0,0.12727272727272726,0.5846526960078628
bayes-fix-seed42,baseline_circle,0,62,1540568474,success,46,11.5,0.2462659796679758,0,0.0,0,1.0025260195336225,14.00238218838754,15.779697336256504,8.894761961752824,13,1.1304347826086956,5,0.43478260869565216,0,0.0,4.557067941918447,0.5123316353505226,2,0.17391304347826086,0.0,0.0,0.043478260869565216,0.8734484316842932
bayes-fix-seed42,baseline_circle,0,63,1540568475,success,52,13.0,0.28399818971570034,0,0.0,0,1.240696815025485,14.202552561003428,15.545140579342842,9.430698153228501,25,1.9230769230769231,10,0.7692307692307693,0,0.0,6.993097020456089,0.7415248486202556,4,0.3076923076923077,0.0,0.0,0.057692307692307696,0.8285404611353164
bayes-fix-seed42,baseline_circle,0,64,1540568476,success,39,9.75,0.258839244079733,0,0.0,0,1.0434248922967573,13.705977167074497,15.070485323667526,9.298591894414606,11,1.1282051282051282,6,0.6153846153846154,0,0.0,4.8792719692186735,0.5247323492226291,1,0.10256410256410256,0.0,0.0,0.0,0.8415031873026807
bayes-fix-seed42,baseline_circle,0,65,1540568477,success,46,11.5,0.38003931440017236,0,0.0,0,1.875367034217633,14.165672757055448,15.755058266222477,9.316542472277078,22,1.9130434782608696,7,0.6086956521739131,0,0.0,7.553586438085744,0.8107714273361278,3,0.2608695652173913,0.0,0.0,0.043478260869565216,0.8407191711578393
bayes-fix-seed42,baseline_circle,0,66,1540568478,success,46,11.5,0.21125629126883871,0,0.0,0,1.6398685343640147,13.922859064262846,15.705585479736328,10.152691753577578,25,2.1739130434782608,11,0.9565217391304348,5,0.43478260869565216,16.763389597842533,1.6511276028778767,5,0.43478260869565216,0.05128205128205128,0.05128205128205128,0.10869565217391304,0.7645320119961463
bayes-fix-seed42,baseline_circle,0,67,1540568479,success,47,11.75,0.2775725983818794,0,0.0,0,1.5647278273346423,14.025333634716398,16.101273149251934,9.630046487148194,20,1.702127659574468,9,0.7659574468085106,0,0.0,10.27981381983091,1.0674729175554722,3,0.2553191489361702,0.0,0.0,0.0425531914893617,0.8083539165669343
bayes-fix-seed42,baseline_circle,0,68,1540568480,success,72,18.0,0.1749994478378497,0,0.0,6,1.259442508761702,14.310251869675186,16.04311168193817,15.043376384879174,47,2.611111111111111,20,1.1111111111111112,11,0.6111111111111112,42.94008927740296,2.854418328624957,9,0.5,0.24615384615384617,0.24615384615384617,0.18055555555555555,0.5178479802092338
bayes-fix-seed42,baseline_circle,0,69,1540568481,success,43,10.75,0.37750707932338334,0,0.0,0,0.7167744286073504,14.022091360286225,15.439804270863533,9.168334545855492,12,1.1162790697674418,5,0.46511627906976744,0,0.0,4.827994256470808,0.5265944684199251,3,0.27906976744186046,0.0,0.0,0.06976744186046512,0.8493763360501064
bayes-fix-seed42,baseline_circle,0,70,1540568482,success,51,12.75,0.2236695194405729,0,0.0,0,2.2989439888500014,14.03068371263205,15.4812540858984,9.067490753151883,20,1.5686274509803921,8,0.6274509803921569,0,0.0,12.82209604236419,1.4140732415864,3,0.23529411764705882,0.0,0.0,0.0392156862745098,0.8636082053339081
bayes-fix-seed42,baseline_circle,0,71,1540568483,success,43,10.75,0.21108467062382663,0,0.0,0,1.0492005851360708,13.508738386769627,14.864154905080795,8.973662966491661,17,1.5813953488372092,10,0.9302325581395349,0,0.0,5.805118054454814,0.6469061826961371,2,0.18604651162790697,0.0,0.0,0.06976744186046512,0.8645706970149848
bayes-fix-seed42,baseline_circle,0,72,1540568484,success,47,11.75,0.3372590234837912,0,0.0,0,2.0501229644812424,13.883488926481693,15.50016812980175,9.712377551219333,17,1.446808510638298,7,0.5957446808510638,1,0.0851063829787234,10.251113232425803,1.0554689805215443,3,0.2553191489361702,0.0,0.0,0.06382978723404255,0.7988986021645229
bayes-fix-seed42,baseline_circle,0,73,1540568485,success,43,10.75,0.23975705112585177,0,0.0,0,1.0774772902904877,13.925805687904358,15.573673322796822,9.226637033224158,16,1.4883720930232558,8,0.7441860465116279,0,0.0,7.669469880055845,0.8312313416512305,2,0.18604651162790697,0.0,0.0,0.046511627906976744,0.8379832680466484
bayes-fix-seed42,baseline_circle,0,74,1540568486,success,45,11.25,0.3153211172026218,0,0.0,0,1.1666741334322464,13.69586909810702,15.386425703763962,8.756958451818234,14,1.2444444444444445,4,0.35555555555555557,0,0.0,4.869000927480998,0.5560150769551765,2,0.17777777777777778,0.0,0.0,0.044444444444444446,0.8854963475120257
bayes-fix-seed42,baseline_circle,0,75,1540568487,success,57,14.25,0.20754094861172168,0,0.0,0,0.5208412320744413,14.0829513078196,15.930024534463882,13.936881252780429,22,1.543859649122807,8,0.5614035087719298,0,0.0,9.956255572639595,0.7143818901845997,2,0.14035087719298245,0.1,0.0,0.19298245614035087,0.556588864829336
bayes-fix-seed42,baseline_circle,0,76,1540568488,success,43,10.75,0.2609948166670174,0,0.0,0,1.1441571619387076,14.006134988956672,15.397512167692184,8.524413963687294,25,2.3255813953488373,13,1.2093023255813953,0,0.0,9.759408348426554,1.1448773358497308,5,0.46511627906976744,0.0,0.0,0.023255813953488372,0.9104067268429255
bayes-fix-seed42,baseline_circle,0,77,1540568489,success,45,11.25,0.3164839275387008,0,0.0,0,0.9481955996153385,14.08426852689849,15.760158747434616,9.068953716376503,20,1.7777777777777777,12,1.0666666666666667,0,0.0,9.056251679867675,0.9985993933913355,3,0.26666666666666666,0.0,0.0,0.044444444444444446,0.8671842797802211
bayes-fix-seed42,baseline_circle,0,78,1540568490,success,45,11.25,0.6298340977498084,0,0.0,0,1.280604901904308,14.019465943177542,15.639904141426086,9.037445767067645,15,1.3333333333333333,6,0.5333333333333333,0,0.0,6.573826275461104,0.7273986970318601,3,0.26666666666666666,0.0,0.0,0.044444444444444446,0.86380425518942
bayes-fix-seed42,baseline_circle,0,79,1540568491,success,44,11.0,0.22087080089602318,0,0.0,0,1.3048818497456722,14.162598855116151,15.558149851858616,9.254737578204866,22,2.0,6,0.5454545454545454,2,0.18181818181818182,10.608499936386574,1.1462777681962426,6,0.5454545454545454,0.0,0.0,0.045454545454545456,0.8391206697410477
bayes-fix-seed42,baseline_circle,0,80,1540568492,success,46,11.5,0.43292951006160363,0,0.0,0,2.1587569120743173,14.024296775460243,15.541092492640018,9.053602339001298,15,1.3043478260869565,8,0.6956521739130435,0,0.0,6.631710061084962,0.7324940739352713,2,0.17391304347826086,0.0,0.0,0.043478260869565216,0.8705072032634461
bayes-fix-seed42,baseline_circle,0,81,1540568493,success,48,12.0,0.3447782044062483,0,0.0,0,2.4869981462818944,13.991345651447773,15.44516310095787,9.002592090854112,20,1.6666666666666667,8,0.6666666666666666,0,0.0,7.985613121241004,0.8870348718069461,4,0.3333333333333333,0.0,0.0,0.041666666666666664,0.8634059564987197
bayes-fix-seed42,baseline_circle,0,82,1540568494,success,54,13.5,0.48054249654454095,0,0.0,0,0.7309558492871974,14.023673203256395,15.939863026142119,9.922292911923803,24,1.7777777777777777,11,0.8148148148148148,0,0.0,8.156330274980014,0.8220207110776181,2,0.14814814814814814,0.0,0.0,0.037037037037037035,0.7783947270344962
bayes-fix-seed42,baseline_circle,0,83,1540568495,success,47,11.75,0.5123583574169915,0,0.0,0,0.8988155755720115,14.079724299780866,15.893672779202461,8.776454507217748,20,1.702127659574468,9,0.7659574468085106,1,0.0851063829787234,6.500743477489312,0.7407026917467762,3,0.2553191489361702,0.0,0.0,0.0425531914893617,0.887863107646426
bayes-fix-seed42,baseline_circle,0,84,1540568496,success,45,11.25,0.2939219678190963,0,0.0,0,1.486402346550288,13.754275606738197,15.448418259620667,9.2006446480333,15,1.3333333333333333,3,0.26666666666666666,0,0.0,5.856046748374657,0.6364822218871834,3,0.26666666666666666,0.0,0.0,0.044444444444444446,0.8546183690380603
bayes-fix-seed42,baseline_circle,0,85,1540568497,success,46,11.5,0.2078367921841593,0,0.0,0,1.1045366661664626,14.278088412854983,16.1065561696887,9.773288833557045,15,1.3043478260869565,5,0.43478260869565216,0,0.0,6.798062907156211,0.6955757701353044,1,0.08695652173913043,0.0,0.0,0.06521739130434782,0.8019022760000125
bayes-fix-seed42,baseline_circle,0,86,1540568498,success,55,13.75,0.03542023481055334,0,0.0,4,0.7380141591349075,14.264286783608524,15.635846555233002,11.957989248143742,34,2.4727272727272727,15,1.0909090909090908,3,0.21818181818181817,20.500269522854197,1.7143575811490621,9,0.6545454545454545,0.041666666666666664,0.041666666666666664,0.12727272727272726,0.6556782974062462
bayes-fix-seed42,baseline_circle,0,87,1540568499,success,43,10.75,0.34683940604796304,0,0.0,0,0.6785804815698007,14.213026349627695,15.413768589496613,9.273130549865662,12,1.1162790697674418,5,0.46511627906976744,1,0.09302325581395349,4.795743988445395,0.5171655853065575,3,0.27906976744186046,0.0,0.0,0.06976744186046512,0.8360952573723722
bayes-fix-seed42,baseline_circle,0,88,1540568500,success,45,11.25,0.2075045165139766,0,0.0,0,0.5547709930448812,14.041368497742546,15.825161337852476,8.840906880562688,23,2.0444444444444443,13,1.1555555555555554,2,0.17777777777777778,13.503221391183512,1.527357043073401,6,0.5333333333333333,0.0,0.0,0.022222222222222223,0.8767939849823108
bayes-fix-seed42,baseline_circle,0,89,1540568501,success,43,10.75,0.15141374077629044,0,0.0,2,0.6811879196752271,14.033531726792802,16.381345689296722,9.14392281904506,20,1.8604651162790697,6,0.5581395348837209,1,0.09302325581395349,8.861822427117488,0.9691488655897216,3,0.27906976744186046,0.0,0.0,0.0,0.8578035498278606
bayes-fix-seed42,baseline_circle,0,90,1540568502,success,48,12.0,0.447049142624777,0,0.0,0,1.3289790139435993,13.950009597465396,15.75680635869503,8.485149354355043,19,1.5833333333333333,6,0.5,0,0.0,6.165003147430426,0.7265638929815901,3,0.25,0.0,0.0,0.020833333333333332,0.9084033001391759
bayes-fix-seed42,baseline_circle,0,91,1540568503,success,41,10.25,0.3938412292119564,0,0.0,0,0.7201524380008167,13.922302097809023,15.689153224229813,8.953400105000261,16,1.5609756097560976,7,0.6829268292682927,1,0.0975609756097561,8.118559622254313,0.9067571567275644,2,0.1951219512195122,0.0,0.0,0.024390243902439025,0.8682026912687598
bayes-fix-seed42,baseline_circle,0,92,1540568504,success,44,11.0,0.44251786832150997,0,0.0,0,1.6186668172696637,13.621757907623595,14.801345206797123,8.2815540940678,21,1.9090909090909092,9,0.8181818181818182,0,0.0,6.937308690437116,0.8376819871775532,4,0.36363636363636365,0.0,0.0,0.0,0.9375605147299955
bayes-fix-seed42,baseline_circle,0,93,1540568505,success,44,11.0,0.1811493176316331,0,0.0,3,0.4596891441801232,13.999991711567748,15.692694671452045,9.08603757651448,21,1.9090909090909092,6,0.5454545454545454,0,0.0,6.058605527310013,0.6668039259457004,1,0.09090909090909091,0.0,0.0,0.022727272727272728,0.8496116988127612
bayes-fix-seed42,baseline_circle,0,94,1540568506,success,43,10.75,0.25917015706903723,0,0.0,0,0.5453775867341857,13.971694420243418,15.45913964509964,8.191017817581203,17,1.5813953488372092,8,0.7441860465116279,0,0.0,5.467196151861907,0.6674623683673494,3,0.27906976744186046,0.0,0.0,0.0,0.959403993753396
bayes-fix-seed42,baseline_circle,0,95,1540568507,success,45,11.25,0.03753775384581659,0,0.0,4,1.6821685843318588,13.968614074918959,15.249558538198471,9.269100668766283,19,1.6888888888888889,5,0.4444444444444444,0,0.0,8.624567857643989,0.930464363895178,2,0.17777777777777778,0.0,0.0,0.044444444444444446,0.8401404996654669
bayes-fix-seed42,baseline_circle,0,96,1540568508,success,45,11.25,0.4143091872216135,0,0.0,0,0.8147493958697452,13.838460627529356,15.522007644176483,8.995749656024696,17,1.511111111111111,10,0.8888888888888888,0,0.0,6.124654208512545,0.6808386674489878,1,0.08888888888888889,0.0,0.0,0.06666666666666667,0.8783296300074083
bayes-fix-seed42,baseline_circle,0,97,1540568509,success,41,10.25,0.2108668227255499,0,0.0,0,1.5389425752051933,13.748747728219847,15.13296365737915,8.622977374234974,15,1.4634146341463414,7,0.6829268292682927,2,0.1951219512195122,10.013938836161564,1.1613087222149874,3,0.2926829268292683,0.0,0.0,0.024390243902439025,0.8986679998982109
bayes-fix-seed42,baseline_circle,0,98,1540568510,success,53,13.25,0.20617961402443863,0,0.0,0,1.6199072462388298,13.944254731232265,15.820088237524033,10.55649592424635,23,1.7358490566037736,10,0.7547169811320755,0,0.0,11.071916849653412,1.048825001127811,2,0.1509433962264151,0.0,0.0,0.03773584905660377,0.7361421179640903
bayes-fix-seed42,baseline_circle,0,99,1540568511,success,44,11.0,0.3634694791169971,0,0.0,0,1.0105114068313823,13.851126909933306,14.929348975419998,8.98637875315943,15,1.3636363636363635,3,0.2727272727272727,1,0.09090909090909091,5.558846537629562,0.6185858275420656,2,0.18181818181818182,0.0,0.0,0.022727272727272728,0.8573926070789062
bayes-fix-seed42,baseline_circle,0,100,1540568512,success,44,11.0,0.666682692739147,0,0.0,0,1.1712598489850734,13.70497327297926,15.427887812256813,9.488950860756592,16,1.4545454545454546,5,0.45454545454545453,0,0.0,6.959180021721637,0.7333982569667089,3,0.2727272727272727,0.0,0.0,0.06818181818181818,0.8217249964476838
bayes-fix-seed42,baseline_circle,0,101,1540568513,success,48,12.0,0.38163901857023597,0,0.0,0,0.8892907504404021,13.906827506919702,15.300850756466389,9.8182906117699,24,2.0,10,0.8333333333333334,1,0.08333333333333333,8.639529313003672,0.8799423091680378,3,0.25,0.0,0.0,0.08333333333333333,0.7946755732814987
bayes-fix-seed42,baseline_circle,0,102,1540568514,success,45,11.25,0.211984007583781,0,0.0,0,1.4544981072325969,13.92018554939164,15.343283116817474,8.950098820588142,17,1.511111111111111,6,0.5333333333333333,0,0.0,5.517104362422381,0.6164294353634671,2,0.17777777777777778,0.0,0.0,0.044444444444444446,0.8666667539938891
bayes-fix-seed42,baseline_circle,0,103,1540568515,success,45,11.25,0.3355478186831674,0,0.0,0,1.611971365466896,13.930305010742611,15.998288244009016,8.872878788202984,23,2.0444444444444443,6,0.5333333333333333,1,0.08888888888888889,8.973811833238422,1.0113754563140922,4,0.35555555555555557,0.0,0.0,0.044444444444444446,0.8766347175113881
bayes-fix-seed42,baseline_circle,0,104,1540568516,success,39,9.75,0.21552500000937025,0,0.0,0,0.5663332290285121,13.704161040293865,15.593914687633514,9.237524695831649,15,1.5384615384615385,10,1.0256410256410255,1,0.10256410256410256,7.449531925327527,0.806442436758958,2,0.20512820512820512,0.0,0.0,0.05128205128205128,0.8402366829855961
bayes-fix-seed42,baseline_circle,0,105,1540568517,success,45,11.25,0.26437540706591645,0,0.0,0,1.871657363075969,14.013000991609362,15.664339810609818,9.07733814761114,27,2.4,14,1.2444444444444445,0,0.0,11.790075851530295,1.2988472677569094,5,0.4444444444444444,0.0,0.0,0.022222222222222223,0.8676355756661969
bayes-fix-seed42,baseline_circle,0,106,1540568518,success,51,12.75,0.2023739185841278,0,0.0,0,0.8822791944435354,14.203263191031475,16.11601933836937,11.346761432225325,32,2.5098039215686274,14,1.0980392156862746,0,0.0,12.462846466464995,1.098361549320138,2,0.1568627450980392,0.09090909090909091,0.0,0.13725490196078433,0.6808833969970548
bayes-fix-seed42,baseline_circle,0,107,1540568519,success,43,10.75,0.389209176862342,0,0.0,0,3.034230929642584,13.754326676906542,15.612242743372917,10.150448460920767,16,1.4883720930232558,5,0.46511627906976744,2,0.18604651162790697,11.60053704237117,1.1428595580809306,4,0.37209302325581395,0.0,0.0,0.06976744186046512,0.7591377540823813
bayes-fix-seed42,baseline_circle,0,108,1540568520,success,44,11.0,0.20716965595684822,0,0.0,0,0.6782307928443657,14.101314697075974,15.913995169103146,9.599253765665354,13,1.1818181818181819,6,0.5454545454545454,0,0.0,6.77324580982356,0.7056012868469141,1,0.09090909090909091,0.05405405405405406,0.02702702702702703,0.09090909090909091,0.8151035088278838
bayes-fix-seed42,baseline_circle,0,109,1540568521,success,46,11.5,0.48624975376451995,0,0.0,0,2.225051301857558,14.031677871294644,15.66505990922451,8.931558471697555,18,1.565217391304348,8,0.6956521739130435,3,0.2608695652173913,10.077195719886545,1.1282684597340207,2,0.17391304347826086,0.0,0.0,0.06521739130434782,0.871130423561559
bayes-fix-seed42,baseline_circle,0,110,1540568522,success,43,10.75,0.23986846580721677,0,0.0,0,1.866951681173524,13.840052277542824,15.497031435370445,8.646914522174107,16,1.4883720930232558,5,0.46511627906976744,0,0.0,7.733353958451479,0.8943483757842294,5,0.46511627906976744,0.0,0.0,0.023255813953488372,0.910072272606593
bayes-fix-seed42,baseline_circle,0,111,1540568523,success,39,9.75,0.22135162442170053,0,0.0,0,0.794291928008448,13.899125922948887,15.29090367257595,9.169037990894662,15,1.5384615384615385,6,0.6153846153846154,0,0.0,5.870967024359249,0.6403034898742299,3,0.3076923076923077,0.0,0.0,0.0,0.8479839991774574
bayes-fix-seed42,baseline_circle,0,112,1540568524,success,43,10.75,0.4094785475094732,0,0.0,0,0.880929227250006,14.05514161600623,15.760654583573341,9.309686059879175,12,1.1162790697674418,6,0.5581395348837209,0,0.0,6.97720993850664,0.749457059414224,3,0.27906976744186046,0.0,0.0,0.06976744186046512,0.833734121507342
bayes-fix-seed42,baseline_circle,0,113,1540568525,success,42,10.5,0.2639612116443274,0,0.0,0,0.9666929045044516,13.892887426274163,15.751521848142147,9.39473679943211,16,1.5238095238095237,6,0.5714285714285714,0,0.0,6.7481265158596315,0.7182879797406927,3,0.2857142857142857,0.0,0.0,0.047619047619047616,0.8300660864461559
bayes-fix-seed42,baseline_circle,0,114,1540568526,success,56,14.0,0.17714278082049695,0,0.0,4,0.6221129808394062,14.298612784062113,15.818292275071144,13.782431180205743,20,1.4285714285714286,8,0.5714285714285714,0,0.0,8.184680573508546,0.5938488258343958,1,0.07142857142857142,0.10204081632653061,0.061224489795918366,0.14285714285714285,0.5625360937141518
bayes-fix-seed42,baseline_circle,0,115,1540568527,success,44,11.0,0.27851526727336817,0,0.0,0,2.2301325317491068,13.796482489190318,15.213279239833355,9.504814145156018,18,1.6363636363636365,7,0.6363636363636364,0,0.0,7.733303452988793,0.8136196389415938,3,0.2727272727272727,0.0,0.0,0.022727272727272728,0.8167716873056109
bayes-fix-seed42,baseline_circle,0,116,1540568528,success,61,15.25,0.22260551931228623,0,0.0,0,1.5071512190850183,14.231945525427333,16.1917507648468,10.087819113419048,22,1.4426229508196722,8,0.5245901639344263,0,0.0,10.23900740211818,1.014987212498489,2,0.13114754098360656,0.05555555555555555,0.0,0.03278688524590164,0.7775021949646679
bayes-fix-seed42,baseline_circle,0,117,1540568529,success,43,10.75,0.3059406582304419,0,0.0,0,0.8954353614091464,13.740342543568723,15.628358349204063,9.257516837289964,17,1.5813953488372092,9,0.8372093023255814,0,0.0,5.5123823652627095,0.595449348043141,3,0.27906976744186046,0.0,0.0,0.06976744186046512,0.8513800105831417
bayes-fix-seed42,baseline_circle,0,118,1540568530,success,41,10.25,0.5470418222468983,0,0.0,0,0.9065333579738947,14.3728107213974,16.185231506824493,8.568136623916915,16,1.5609756097560976,5,0.4878048780487805,1,0.0975609756097561,6.836516756485285,0.7979000635216269,3,0.2926829268292683,0.0,0.0,0.024390243902439025,0.9056111377319024
bayes-fix-seed42,baseline_circle,0,119,1540568531,success,43,10.75,0.2354585654850958,0,0.0,0,1.022547964521455,13.868729388991067,15.937450900673866,8.627273499164678,17,1.5813953488372092,6,0.5581395348837209,0,0.0,5.323257860281424,0.6170266725399212,3,0.27906976744186046,0.0,0.0,0.0,0.8991571716229175
bayes-fix-seed42,baseline_circle,0,120,1540568532,success,51,12.75,0.17762668702101836,0,0.0,3,0.6422037349834068,13.817667084581712,15.117894858121872,11.256019937174536,22,1.7254901960784315,9,0.7058823529411765,3,0.23529411764705882,10.615163778549384,0.9430654741016727,2,0.1568627450980392,0.022727272727272728,0.0,0.09803921568627451,0.6980743626868844
bayes-fix-seed42,baseline_circle,0,121,1540568533,success,59,14.75,0.19023653003359942,0,0.0,2,0.6588129864205888,14.197260015091654,15.582946687936783,12.754674501358403,25,1.694915254237288,10,0.6779661016949152,6,0.4067796610169492,19.518450110668493,1.5302977828708786,4,0.2711864406779661,0.09615384615384616,0.09615384615384616,0.1694915254237288,0.6093715922368416
bayes-fix-seed42,baseline_circle,0,122,1540568534,success,41,10.25,0.22044875116430307,0,0.0,0,1.2816420440363772,13.877346475676793,15.573348850011826,9.069908510249903,18,1.7560975609756098,6,0.5853658536585366,0,0.0,5.923260628897598,0.6530672963463438,3,0.2926829268292683,0.0,0.0,0.0,0.856337718918106
bayes-fix-seed42,baseline_circle,0,123,1540568535,success,51,12.75,0.22559876409798385,0,0.0,0,1.6609548128858438,14.291349725396026,15.90452715754509,10.116998410688801,24,1.8823529411764706,12,0.9411764705882353,0,0.0,10.671071925933756,1.0547665911125939,2,0.1568627450980392,0.0,0.0,0.0392156862745098,0.7787628413468528
bayes-fix-seed42,baseline_circle,0,124,1540568536,success,50,12.5,0.23669890234942026,0,0.0,0,0.9600463644636243,14.311017841100693,15.566788613796234,9.016975097473779,24,1.92,14,1.12,0,0.0,9.120251095904587,1.0114535082235885,2,0.16,0.0,0.0,0.04,0.8623073171575933
bayes-fix-seed42,baseline_circle,0,125,1540568537,success,43,10.75,0.4694132827763101,0,0.0,0,0.8987120909524889,13.64240873345109,15.740166977047918,9.211883375791407,16,1.4883720930232558,6,0.5581395348837209,1,0.09302325581395349,8.229764351462777,0.8933856428415481,3,0.27906976744186046,0.0,0.0,0.06976744186046512,0.8424573568933977
bayes-fix-seed42,baseline_circle,0,126,1540568538,success,48,12.0,0.5096626247276433,0,0.0,0,0.9776598110284246,13.971709568674365,15.492306463420391,9.189204923256362,15,1.25,7,0.5833333333333334,0,0.0,6.3942052831002005,0.6958387952495783,3,0.25,0.0,0.0,0.0625,0.8622216664124829
bayes-fix-seed42,baseline_circle,0,127,1540568539,success,45,11.25,0.22713724713983974,0,0.0,0,0.9095869095594996,13.99556812312868,15.366671234369278,8.941443304715298,22,1.9555555555555555,11,0.9777777777777777,0,0.0,7.495996201376032,0.8383429772934975,3,0.26666666666666666,0.0,0.0,0.044444444444444446,0.8760628149567783
bayes-fix-seed42,baseline_circle,0,128,1540568540,success,44,11.0,0.25666468922006647,0,0.0,0,0.8332405350956555,14.042210511185907,15.873507969081402,8.08619694648246,22,2.0,12,1.0909090909090908,0,0.0,10.205571514587184,1.262097817074152,7,0.6363636363636364,0.0,0.0,0.0,0.956221914499721
bayes-fix-seed42,baseline_circle,0,129,1540568541,success,49,12.25,0.18763366510179558,0,0.0,2,1.0110377455710862,14.335839876106807,15.822500735521315,9.5526987949422,25,2.0408163265306123,13,1.0612244897959184,1,0.08163265306122448,9.994945485156869,1.0462954710190193,4,0.32653061224489793,0.023809523809523808,0.0,0.061224489795918366,0.8121892328249914
bayes-fix-seed42,baseline_circle,0,130,1540568542,success,39,9.75,0.2298235798867292,0,0.0,0,0.6719967289639829,13.746451873045702,15.38657397031784,9.464295538524906,16,1.641025641025641,7,0.717948717948718,0,0.0,5.4121451158196585,0.5718487016586962,1,0.10256410256410256,0.0,0.0,0.0,0.8227515438910089
bayes-fix-seed42,baseline_circle,0,131,1540568543,success,41,10.25,0.23989849489663428,0,0.0,0,0.6837064968858952,13.733005832608153,15.835236757993698,8.719531285607644,12,1.170731707317073,5,0.4878048780487805,2,0.1951219512195122,7.965097285754462,0.9134776887493434,4,0.3902439024390244,0.0,0.0,0.024390243902439025,0.8998949849444292
bayes-fix-seed42,baseline_circle,0,132,1540568544,success,43,10.75,0.21599151370228442,0,0.0,0,0.9516626444660792,14.450623978709066,15.9201480448246,8.635176051212115,19,1.7674418604651163,6,0.5581395348837209,0,0.0,7.113293944315153,0.823757836797857,2,0.18604651162790697,0.0,0.0,0.046511627906976744,0.8939906978129013
bayes-fix-seed42,baseline_circle,0,133,1540568545,success,47,11.75,0.3782324650925478,0,0.0,0,1.654521820347969,13.833459625218778,15.795619413256645,9.06530245847628,24,2.0425531914893615,10,0.851063829787234,1,0.0851063829787234,10.792951235232607,1.190578172616947,4,0.3404255319148936,0.0,0.0,0.06382978723404255,0.8565318264184341
bayes-fix-seed42,baseline_circle,0,134,1540568546,success,40,10.0,0.4866071944098921,0,0.0,0,1.288220648979609,13.635514862835407,15.590008161962032,9.345806542780068,15,1.5,9,0.9,0,0.0,5.449622265121393,0.5831088242813457,2,0.2,0.0,0.0,0.0,0.8333523133242674
bayes-fix-seed42,baseline_circle,0,135,1540568547,success,57,14.25,0.21362582255566043,0,0.0,0,1.7078374500122488,14.425501554158696,15.80553650856018,9.70963581671318,32,2.245614035087719,10,0.7017543859649122,1,0.07017543859649122,18.03269051165415,1.8571953523338651,7,0.49122807017543857,0.0,0.0,0.05263157894736842,0.8094228170748092
bayes-fix-seed42,baseline_circle,0,136,1540568548,success,41,10.25,0.32399732141619264,0,0.0,0,1.80668470261195,13.803229462809679,15.742562711238861,8.633619545611717,16,1.5609756097560976,10,0.975609756097561,2,0.1951219512195122,9.880758489196527,1.1444514594366975,3,0.2926829268292683,0.0,0.0,0.0,0.8982322103959526
bayes-fix-seed42,baseline_circle,0,137,1540568549,success,41,10.25,0.33894157843234773,0,0.0,0,0.9068284552349786,13.826332895494089,15.237566083669662,8.886402190490855,17,1.6585365853658536,8,0.7804878048780488,0,0.0,5.70772710950979,0.6422989852538414,1,0.0975609756097561,0.0,0.0,0.07317073170731707,0.8820406702448045
bayes-fix-seed42,baseline_circle,0,138,1540568550,success,41,10.25,0.28901047670149005,0,0.0,0,0.9769793381451206,13.836994040303114,15.447936952114105,9.01355543336624,17,1.6585365853658536,7,0.6829268292682927,0,0.0,5.905010757317757,0.6551255829035764,3,0.2926829268292683,0.0,0.0,0.04878048780487805,0.8594526008765108
bayes-fix-seed42,baseline_circle,0,139,1540568551,success,40,10.0,0.530846076125114,0,0.0,0,1.1805059461787848,13.800242356956005,15.670455060899258,9.01433913235116,14,1.4,5,0.5,0,0.0,6.348476677885886,0.7042642377522852,3,0.3,0.0,0.0,0.025,0.8704517642489381
bayes-fix-seed42,baseline_circle,0,140,1540568552,success,48,12.0,0.43759265133285663,0,0.0,0,1.1949962775129517,13.909857564916214,15.871681272983551,8.83295527128676,21,1.75,5,0.4166666666666667,0,0.0,5.503809157239106,0.6230994031103393,3,0.25,0.0,0.0,0.041666666666666664,0.8821559496429109
bayes-fix-seed42,baseline_circle,0,141,1540568553,success,45,11.25,0.19503986783704097,0,0.0,1,1.0617880341701795,13.943841225571102,15.449834614992142,9.417076334584863,17,1.511111111111111,8,0.7111111111111111,0,0.0,7.314854660648104,0.7767649322097767,2,0.17777777777777778,0.0,0.0,0.044444444444444446,0.8288465879314727
bayes-fix-seed42,baseline_circle,0,142,1540568554,success,43,10.75,0.15255026346769418,0,0.0,1,0.7513009485925128,13.756960023974264,15.312287956476212,9.132209540687343,20,1.8604651162790697,10,0.9302325581395349,1,0.09302325581395349,8.640642485761784,0.9461721664690842,4,0.37209302325581395,0.0,0.0,0.06976744186046512,0.8484959576255616
bayes-fix-seed42,baseline_circle,0,143,1540568555,success,50,12.5,0.34521992430154136,0,0.0,0,1.432480302909855,14.043574035167694,15.458090417087078,9.277418525065046,14,1.12,6,0.48,0,0.0,6.839118802217397,0.7371790745173314,2,0.16,0.0,0.0,0.04,0.8448229118297103
bayes-fix-seed42,baseline_circle,0,144,1540568556,success,46,11.5,0.45442474739821714,0,0.0,0,1.007373006797614,14.026095847720685,15.535508282482624,9.040940279983953,22,1.9130434782608696,15,1.3043478260869565,0,0.0,7.101556914977227,0.7854887539407385,3,0.2608695652173913,0.02564102564102564,0.0,0.06521739130434782,0.8629546705341304
bayes-fix-seed42,baseline_circle,0,145,1540568557,success,47,11.75,0.2991133948285166,0,0.0,0,1.1275405216367793,13.931879575582261,15.646155923604965,8.787093899750072,18,1.5319148936170213,5,0.425531914893617,0,0.0,5.9143681075031775,0.6730744174329806,3,0.2553191489361702,0.0,0.0,0.0425531914893617,0.8900548880115043
bayes-fix-seed42,baseline_circle,0,146,1540568558,success,43,10.75,0.3514176727986258,0,0.0,0,0.996181408026403,13.981605944938439,15.467700362205505,8.714837282963114,19,1.7674418604651163,5,0.46511627906976744,0,0.0,6.447819438525038,0.7398668763592483,4,0.37209302325581395,0.0,0.0,0.0,0.8988459125972385
bayes-fix-seed42,baseline_circle,0,147,1540568559,success,47,11.75,0.3772620980339759,0,0.0,0,1.3144188306741802,14.105694328850888,15.467184409499168,8.752637435159519,24,2.0425531914893615,12,1.0212765957446808,0,0.0,6.823536239624632,0.7795977258482513,4,0.3404255319148936,0.0,0.0,0.0425531914893617,0.899785546308038
bayes-fix-seed42,baseline_circle,0,148,1540568560,success,42,10.5,0.20893949678994805,0,0.0,0,0.8406492600365075,13.710905930825643,15.314779989421368,9.28768005841142,14,1.3333333333333333,3,0.2857142857142857,0,0.0,6.27475746011068,0.6756000874974073,2,0.19047619047619047,0.0,0.0,0.047619047619047616,0.8540998787641022
bayes-fix-seed42,baseline_circle,0,149,1540568561,success,45,11.25,0.3145275526186605,0,0.0,0,1.1240221323560688,13.585337582561705,14.914211630821228,8.821293101110006,17,1.511111111111111,6,0.5333333333333333,0,0.0,6.004820664732525,0.68071886920716,3,0.26666666666666666,0.0,0.0,0.044444444444444446,0.8809775822286386
bayes-fix-seed42,baseline_circle,0,150,1540568562,success,43,10.75,0.4500763256166719,0,0.0,0,0.7993641236289897,13.425643534161324,15.485818311572075,8.674070024266438,20,1.8604651162790697,10,0.9302325581395349,0,0.0,8.566778877874441,0.9876308185094378,4,0.37209302325581395,0.0,0.0,0.046511627906976744,0.8896378145270109
bayes-fix-seed42,baseline_circle,0,151,1540568563,success,46,11.5,0.3108103241325193,0,0.0,0,1.6337677581681562,13.527680188417435,15.077382326126099,8.240536444185762,19,1.6521739130434783,10,0.8695652173913043,0,0.0,6.64993876815225,0.8069788676008122,5,0.43478260869565216,0.0,0.0,0.021739130434782608,0.9419239073103726
bayes-fix-seed42,baseline_circle,0,152,1540568564,success,46,11.5,0.3938295098889434,0,0.0,0,1.0943976682990317,14.004244266644768,16.00064430385828,10.147108025901856,15,1.3043478260869565,3,0.2608695652173913,1,0.08695652173913043,7.258351335865404,0.715312315325459,3,0.2608695652173913,0.0,0.0,0.08695652173913043,0.7618347185082001
bayes-fix-seed42,baseline_circle,0,153,1540568565,success,47,11.75,0.09768933903116572,0,0.0,3,0.942866613347514,13.71818630302206,15.71325697004795,10.31177553861056,21,1.7872340425531914,7,0.5957446808510638,1,0.0851063829787234,11.349390534872565,1.1006242806950992,5,0.425531914893617,0.075,0.025,0.0851063829787234,0.7700275203448391
bayes-fix-seed42,baseline_circle,0,154,1540568566,success,56,14.0,0.19537166516022342,0,0.0,1,1.4532094902132993,13.849337518747364,15.466811135411263,11.475192334804966,24,1.7142857142857142,8,0.5714285714285714,0,0.0,10.908643738307887,0.9506284008174136,5,0.35714285714285715,0.02040816326530612,0.0,0.05357142857142857,0.6758020859377427
bayes-fix-seed42,baseline_circle,0,155,1540568567,success,44,11.0,0.239858634658338,0,0.0,0,1.0705206372776912,13.703090308064764,15.17118215560913,9.217457925397687,14,1.2727272727272727,6,0.5454545454545454,0,0.0,7.2343590244650535,0.7848540327514354,3,0.2727272727272727,0.0,0.0,0.045454545454545456,0.8427256579186003
bayes-fix-seed42,baseline_circle,0,156,1540568568,success,43,10.75,0.2516779487968478,0,0.0,0,1.0280939734552745,13.629147566335146,15.818990767002104,9.048804533869909,20,1.8604651162790697,9,0.8372093023255814,0,0.0,6.527308611848867,0.7213448569274519,5,0.46511627906976744,0.027777777777777776,0.0,0.06976744186046512,0.85571758812484
bayes-fix-seed42,baseline_circle,0,157,1540568569,success,46,11.5,0.45706512943014677,0,0.0,0,1.249038823697595,13.662976091322692,15.283804386854172,9.823542395823925,25,2.1739130434782608,11,0.9565217391304348,0,0.0,8.812570251917345,0.8970868040090759,2,0.17391304347826086,0.0,0.0,0.021739130434782608,0.7881105747787828
bayes-fix-seed42,baseline_circle,0,158,1540568570,success,48,12.0,0.21507410295465335,0,0.0,0,0.7876307973403973,13.318752559522787,14.702790416777134,10.059618636321837,24,2.0,13,1.0833333333333333,1,0.08333333333333333,10.298734250359,1.023769848806574,2,0.16666666666666666,0.0,0.0,0.0625,0.7664269091895138
bayes-fix-seed42,baseline_circle,0,159,1540568571,success,42,10.5,0.2046801799108504,0,0.0,0,0.5432043122954738,13.64897040738946,15.41618313640356,9.478770914881583,20,1.9047619047619047,7,0.6666666666666666,0,0.0,8.48702526540017,0.895371914946865,3,0.2857142857142857,0.0,0.0,0.023809523809523808,0.8159845538231093
bayes-fix-seed42,baseline_circle,0,160,1540568572,success,40,10.0,0.19129642604862485,0,0.0,2,0.4900511263659403,13.491204474121332,15.184065327048302,8.399660595655506,18,1.8,8,0.8,0,0.0,7.201052182970145,0.8573027565774135,3,0.3,0.0,0.0,0.0,0.9209489833012132
bayes-fix-seed42,baseline_circle,0,161,1540568573,success,44,11.0,0.36352043170438897,0,0.0,0,0.755895411229806,13.800129633058202,15.701853483915329,9.407708337440699,18,1.6363636363636365,6,0.5454545454545454,1,0.09090909090909091,7.9417467773218196,0.8441744251057762,5,0.45454545454545453,0.0,0.0,0.09090909090909091,0.8233767371605342
bayes-fix-seed42,baseline_circle,0,162,1540568574,success,43,10.75,0.3320839966566814,0,0.0,0,1.3209829055384117,13.705560547667881,15.015441924333572,8.655743992141563,21,1.9534883720930232,10,0.9302325581395349,0,0.0,6.958663283975634,0.8039358939327819,3,0.27906976744186046,0.0,0.0,0.0,0.9112424942577002
bayes-fix-seed42,baseline_circle,0,163,1540568575,success,46,11.5,0.23551728277220463,0,0.0,0,0.8528548131230734,13.630643648945767,15.61459619551897,9.214717788727478,18,1.565217391304348,9,0.782608695652174,0,0.0,6.858488219641685,0.7442971534116639,3,0.2608695652173913,0.02564102564102564,0.0,0.06521739130434782,0.8558566088043036
bayes-fix-seed42,baseline_circle,0,164,1540568576,success,42,10.5,0.20255289676943422,0,0.0,0,0.9695512738165352,13.658916311604637,15.231285430490969,9.738609607242196,16,1.5238095238095237,6,0.5714285714285714,0,0.0,6.330504816614478,0.6500419538233411,2,0.19047619047619047,0.0,0.0,0.0,0.7968248035756763
bayes-fix-seed42,baseline_circle,0,165,1540568577,success,46,11.5,0.4035472417057354,0,0.0,0,1.2394834614964814,13.872432400998862,15.692312270402908,8.82403885808837,17,1.4782608695652173,9,0.782608695652174,0,0.0,6.560914842368739,0.7435274195732733,2,0.17391304347826086,0.0,0.0,0.021739130434782608,0.8801020640441195
bayes-fix-seed42,baseline_circle,0,166,1540568578,success,45,11.25,0.5255856180921249,0,0.0,0,1.690594956470969,13.860813859436247,15.5024953186512,8.995536906232251,20,1.7777777777777777,8,0.7111111111111111,0,0.0,6.097417751509345,0.6778269952163674,4,0.35555555555555557,0.0,0.0,0.044444444444444446,0.8746887704783193
bayes-fix-seed42,baseline_circle,0,167,1540568579,success,39,9.75,0.21776029677610298,0,0.0,0,0.7660774696773542,13.438507245901304,15.611045807600021,8.580956625487913,15,1.5384615384615385,7,0.717948717948718,0,0.0,5.108501864085666,0.5953301114367533,2,0.20512820512820512,0.0,0.0,0.0,0.9059025681751958
bayes-fix-seed42,baseline_circle,0,168,1540568580,success,50,12.5,0.31565290695556203,0,0.0,0,1.0238919136326547,13.853959366679192,15.617962554097176,9.918064488943067,21,1.68,11,0.88,0,0.0,8.268929206898544,0.8337240815601649,2,0.16,0.0,0.0,0.04,0.7908733135197824
bayes-fix-seed42,baseline_circle,0,169,1540568581,success,43,10.75,0.3197943759967983,0,0.0,0,0.9592596890403131,13.665086221556331,15.61078131198883,8.806937797386446,16,1.4883720930232558,6,0.5581395348837209,0,0.0,6.471724913411585,0.7348439448876474,4,0.37209302325581395,0.0,0.0,0.046511627906976744,0.8781126560418446
bayes-fix-seed42,baseline_circle,0,170,1540568582,success,43,10.75,0.17812318025381868,0,0.0,2,0.2914286165341345,13.802808297927989,15.639781951904297,9.718761075465842,22,2.046511627906977,9,0.8372093023255814,0,0.0,6.58070293091389,0.6771133563028209,1,0.09302325581395349,0.0,0.0,0.0,0.8075448782391417
bayes-fix-seed42,baseline_circle,0,171,1540568583,success,50,12.5,0.2830701578761291,0,0.0,0,1.1523014659433426,13.752492889761925,15.697940438985825,8.573078711289238,22,1.76,13,1.04,1,0.08,8.997914183899695,1.0495545984024413,5,0.4,0.0,0.0,0.0,0.911575807402881
bayes-fix-seed42,baseline_circle,0,172,1540568584,success,44,11.0,0.24551273064164347,0,0.0,0,2.5424890574293317,14.109359969469635,16.244874708354473,8.498624203346203,21,1.9090909090909092,10,0.9090909090909091,0,0.0,9.331295889686603,1.0979772333047209,5,0.45454545454545453,0.0,0.0,0.045454545454545456,0.9075501419586148
bayes-fix-seed42,baseline_circle,0,173,1540568585,success,47,11.75,0.3365083084476054,0,0.0,0,0.9782436198865039,13.934922899971617,15.895307809114456,9.908203598191482,24,2.0425531914893615,6,0.5106382978723404,0,0.0,7.472035234090496,0.7541261299328111,2,0.1702127659574468,0.0,0.0,0.0425531914893617,0.7799428497402405
bayes-fix-seed42,baseline_circle,0,174,1540568586,success,66,16.5,0.1909633610414604,0,0.0,2,0.5689711313013976,13.941328013033578,15.4796801507473,14.705888284788053,36,2.1818181818181817,14,0.8484848484848485,1,0.06060606060606061,12.318009638000323,0.837624317515197,1,0.06060606060606061,0.03389830508474576,0.03389830508474576,0.07575757575757576,0.5296381945039831
bayes-fix-seed42,baseline_circle,0,175,1540568587,success,41,10.25,0.2286122664393725,0,0.0,0,0.9129896001510891,13.987615613675699,15.803907066583633,8.95519949288052,16,1.5609756097560976,9,0.8780487804878049,0,0.0,7.107070019210246,0.7936249800867577,3,0.2926829268292683,0.0,0.0,0.04878048780487805,0.8688060421996819
bayes-fix-seed42,baseline_circle,0,176,1540568588,success,43,10.75,0.35499109913709526,0,0.0,0,0.6578335480584158,13.587599663540374,15.48844464123249,8.109669000767076,16,1.4883720930232558,9,0.8372093023255814,1,0.09302325581395349,6.2279732507076595,0.7679688591628795,3,0.27906976744186046,0.0,0.0,0.0,0.9575857401283112
bayes-fix-seed42,baseline_circle,0,177,1540568589,success,48,12.0,0.4198217432987451,0,0.0,0,1.0731036060225234,14.000075946872434,15.711373277008532,9.158775120174063,16,1.3333333333333333,9,0.75,0,0.0,6.51378745178653,0.711207270220948,3,0.25,0.0,0.0,0.0625,0.8610332837718366
bayes-fix-seed42,baseline_circle,0,178,1540568590,success,51,12.75,0.38070649987569216,0,0.0,0,0.8994995433554366,13.871425361025567,15.616372227668762,8.891275479605955,17,1.3333333333333333,7,0.5490196078431373,0,0.0,6.494550855060783,0.7304408540661491,3,0.23529411764705882,0.0,0.0,0.0392156862745098,0.8934343130411554
bayes-fix-seed42,baseline_circle,0,179,1540568591,success,47,11.75,0.20799807169378137,0,0.0,0,0.85262912520965,13.885510015360852,15.425091609358788,9.422918355877782,17,1.446808510638298,3,0.2553191489361702,1,0.0851063829787234,8.217361481509982,0.8720611992126831,2,0.1702127659574468,0.05,0.0,0.0851063829787234,0.8204623547985105
bayes-fix-seed42,baseline_circle,0,180,1540568592,success,43,10.75,0.2080514263215515,0,0.0,0,0.46946322864629225,13.542293895815694,15.07074125111103,9.528349481910222,18,1.6744186046511629,10,0.9302325581395349,1,0.09302325581395349,8.733900529854116,0.9166226056711727,2,0.18604651162790697,0.0,0.0,0.06976744186046512,0.8104787428519672
bayes-fix-seed42,baseline_circle,0,181,1540568593,success,45,11.25,0.5425656822021893,0,0.0,0,1.1667082398264088,13.693420588970184,15.363045781850813,8.688721490044898,20,1.7777777777777777,10,0.8888888888888888,0,0.0,6.2458048369677535,0.7188404927150541,4,0.35555555555555557,0.0,0.0,0.044444444444444446,0.8950622772549592
bayes-fix-seed42,baseline_circle,0,182,1540568594,success,35,8.75,0.23495148021066248,0,0.0,0,2.331848828985161,13.141170782702309,14.661647379398346,8.694885940916889,8,0.9142857142857143,2,0.22857142857142856,0,0.0,3.103754238290163,0.3569631918556102,1,0.11428571428571428,0.0,0.0,0.0,0.8940335920650359
bayes-fix-seed42,baseline_circle,0,183,1540568595,success,43,10.75,0.23654228301974856,0,0.0,0,0.9291025096482991,13.786813374175582,15.263082087039948,8.986583737716865,16,1.4883720930232558,6,0.5581395348837209,1,0.09302325581395349,5.770149084874586,0.6420848292613309,1,0.09302325581395349,0.0,0.0,0.06976744186046512,0.8699881602464655
bayes-fix-seed42,baseline_circle,0,184,1540568596,success,41,10.25,0.14863410129695476,0,0.0,2,0.4748095813443773,13.667279082100565,15.407625585794449,8.996923036216941,17,1.6585365853658536,9,0.8780487804878049,0,0.0,6.218575347933098,0.6911891235370518,2,0.1951219512195122,0.0,0.0,0.0,0.8639491241517856
bayes-fix-seed42,baseline_circle,0,185,1540568597,success,43,10.75,0.17370584797640154,0,0.0,1,0.5828970668529583,13.669846102941868,15.461863949894905,9.249318155333032,14,1.302325581395349,4,0.37209302325581395,1,0.09302325581395349,7.551377075290814,0.8164252703251204,3,0.27906976744186046,0.05555555555555555,0.0,0.09302325581395349,0.8387495025366699
bayes-fix-seed42,baseline_circle,0,186,1540568598,success,48,12.0,0.33038554752191496,0,0.0,0,1.702234780265953,13.972326802710691,15.736359357833862,9.382832659823912,23,1.9166666666666667,10,0.8333333333333334,0,0.0,9.891910607825906,1.0542563175171824,3,0.25,0.0,0.0,0.041666666666666664,0.8369647074676398
bayes-fix-seed42,baseline_circle,0,187,1540568599,success,44,11.0,0.21389168643746492,0,0.0,0,0.8389287942004958,13.568724505603313,15.30232634395361,9.47408036366114,20,1.8181818181818181,11,1.0,1,0.09090909090909091,7.290042029245622,0.7694722600419738,2,0.18181818181818182,0.0,0.0,0.022727272727272728,0.8197450472644715
bayes-fix-seed42,baseline_circle,0,188,1540568600,success,42,10.5,0.46671305622168113,0,0.0,0,1.5394054083502688,13.42542478371234,15.2288181707263,8.996342305206191,21,2.0,8,0.7619047619047619,0,0.0,7.329650465302846,0.8147367248421806,3,0.2857142857142857,0.0,0.0,0.023809523809523808,0.8612203566872974
bayes-fix-seed42,baseline_circle,0,189,1540568601,success,39,9.75,0.17417881754539,0,0.0,1,0.5420675547279373,13.76548266181579,15.673207864165306,9.387178016147125,14,1.435897435897436,6,0.6153846153846154,0,0.0,6.413555005678411,0.6832250325546497,1,0.10256410256410256,0.0,0.0,0.05128205128205128,0.8252729180729332
bayes-fix-seed42,baseline_circle,0,190,1540568602,success,44,11.0,0.27177409075331405,0,0.0,0,0.9227056493132744,13.60614894127304,15.115544386208057,9.233000050047021,17,1.5454545454545454,6,0.5454545454545454,0,0.0,7.131547092463199,0.7723976014087512,3,0.2727272727272727,0.0,0.0,0.045454545454545456,0.855201810844223
bayes-fix-seed42,baseline_circle,0,191,1540568603,success,44,11.0,0.4846662815573922,0,0.0,0,1.025004357923991,14.025251889093356,16.17026273161173,9.23575838632402,16,1.4545454545454546,6,0.5454545454545454,0,0.0,4.638590931795908,0.502242559600148,2,0.18181818181818182,0.0,0.0,0.06818181818181818,0.844694647858177
bayes-fix-seed42,baseline_circle,0,192,1540568604,success,42,10.5,0.33731223140614963,0,0.0,0,1.5801781517833693,13.72704069529261,15.137917175889013,8.119354523537778,19,1.8095238095238095,6,0.5714285714285714,1,0.09523809523809523,7.152516666680917,0.8809218326341058,6,0.5714285714285714,0.0,0.0,0.0,0.9572482685025289
bayes-fix-seed42,baseline_circle,0,193,1540568605,success,56,14.0,0.0571246919849443,0,0.0,3,0.35740451873556783,13.866931732211794,15.866211615502834,11.43190740471535,32,2.2857142857142856,13,0.9285714285714286,3,0.21428571428571427,19.448109489954774,1.701212999847511,4,0.2857142857142857,0.0,0.0,0.125,0.6778833065503057
bayes-fix-seed42,baseline_circle,0,194,1540568606,success,42,10.5,0.303360877735258,0,0.0,0,2.1739675728681678,13.718440773941222,14.993007108569145,8.835434816211137,20,1.9047619047619047,8,0.7619047619047619,0,0.0,5.928476531524783,0.6709886558890451,2,0.19047619047619047,0.0,0.0,0.023809523809523808,0.879282783311845
bayes-fix-seed42,baseline_circle,0,195,1540568607,success,44,11.0,0.22530322408343229,0,0.0,0,1.4870687927979809,13.538495552810756,15.425310283899307,8.831193658235964,17,1.5454545454545454,10,0.9090909090909091,1,0.09090909090909091,7.081466990362155,0.8018697431414591,2,0.18181818181818182,0.0,0.0,0.022727272727272728,0.8812929272337899
bayes-fix-seed42,baseline_circle,0,196,1540568608,success,44,11.0,0.41712228446441857,0,0.0,0,1.299890687269765,13.651236976412209,15.001500025391579,9.560551860204493,19,1.7272727272727273,5,0.45454545454545453,0,0.0,6.42342642914149,0.6718677460324031,3,0.2727272727272727,0.0,0.0,0.06818181818181818,0.8136508093907836
bayes-fix-seed42,baseline_circle,0,197,1540568609,success,39,9.75,0.3625558826336228,0,0.0,0,1.5641558817101608,13.845444967349371,15.434112772345543,8.970474013055437,16,1.641025641025641,3,0.3076923076923077,0,0.0,5.753500289150623,0.6413819694229203,3,0.3076923076923077,0.0,0.0,0.02564102564102564,0.8690565481217472
bayes-fix-seed42,baseline_circle,0,198,1540568610,success,48,12.0,0.20907641018840062,0,0.0,0,1.0709814239922422,14.277297615384063,16.599207557737827,9.73006640926031,23,1.9166666666666667,14,1.1666666666666667,0,0.0,9.101539694438715,0.9354036562151916,2,0.16666666666666666,0.0,0.0,0.0625,0.8090986647991557
bayes-fix-seed42,baseline_circle,0,199,1540568611,success,46,11.5,0.21782946547349102,0,0.0,0,0.6940379815128769,13.947598717134932,15.034553594887257,9.440125495075188,21,1.826086956521739,10,0.8695652173913043,1,0.08695652173913043,9.371163113674978,0.9926947601029047,2,0.17391304347826086,0.0,0.0,0.06521739130434782,0.8170188774345175
bayes-fix-seed42,baseline_circle,0,200,1540568612,success,43,10.75,0.22343499746200102,0,0.0,0,0.8007042165179454,13.594926269941551,15.329107642173767,8.37094095854634,16,1.4883720930232558,6,0.5581395348837209,0,0.0,7.441170083351934,0.8889287500893011,5,0.46511627906976744,0.0,0.0,0.023255813953488372,0.9378468968699046
bayes-fix-seed42,baseline_circle,0,201,1540568613,success,49,12.25,0.24258474345900038,0,0.0,0,1.1061961414953356,13.741474370567166,15.079572051763535,10.60620267585877,24,1.9591836734693877,9,0.7346938775510204,0,0.0,8.228132975165735,0.7757850030429967,2,0.16326530612244897,0.0,0.0,0.04081632653061224,0.7316253909819084
bayes-fix-seed42,baseline_circle,0,202,1540568614,success,43,10.75,0.14672625089813762,0,0.0,2,2.340608207031298,13.58616984514303,15.326083078980446,8.692678751125522,17,1.5813953488372092,6,0.5581395348837209,2,0.18604651162790697,9.861818656293885,1.1344970795126856,3,0.27906976744186046,0.0,0.0,0.06976744186046512,0.889357020368022
bayes-fix-seed42,baseline_circle,0,203,1540568615,success,46,11.5,0.24207655414040075,0,0.0,0,0.871297808655488,13.805713099629983,15.614739619195461,9.2863172157718,18,1.565217391304348,9,0.782608695652174,0,0.0,6.982144685957848,0.7518744539653927,3,0.2608695652173913,0.02564102564102564,0.0,0.06521739130434782,0.842087106791208
bayes-fix-seed42,baseline_circle,0,204,1540568616,success,37,9.25,0.678943468559518,0,0.0,0,2.053557009119151,13.486077757300558,15.058958530426025,8.571564199588279,14,1.5135135135135136,6,0.6486486486486487,0,0.0,3.7296148175256065,0.43511484376501,1,0.10810810810810811,0.0,0.0,0.0,0.9125142492181859
bayes-fix-seed42,baseline_circle,0,205,1540568617,success,49,12.25,0.27354746641360506,0,0.0,0,0.8452151999980813,13.914782781990207,15.23725688457489,9.240800224252958,14,1.1428571428571428,7,0.5714285714285714,0,0.0,5.243712170955669,0.5674521733727427,2,0.16326530612244897,0.0,0.0,0.061224489795918366,0.8403488169460663
bayes-fix-seed42,baseline_circle,0,206,1540568618,success,44,11.0,0.43388733694028947,0,0.0,0,1.6233676018082408,13.80059038373557,15.106266178190708,9.111711631647367,17,1.5454545454545454,5,0.45454545454545453,1,0.09090909090909091,8.628900026308598,0.9470119748234966,4,0.36363636363636365,0.0,0.0,0.06818181818181818,0.8564525228266743
bayes-fix-seed42,baseline_circle,0,207,1540568619,success,48,12.0,0.25256291179591384,0,0.0,0,1.6040385936704666,13.54144102272888,15.147857181727886,8.929160626211313,19,1.5833333333333333,10,0.8333333333333334,0,0.0,7.997289697123342,0.8956373428480512,2,0.16666666666666666,0.0,0.0,0.041666666666666664,0.8672781804543918
bayes-fix-seed42,baseline_circle,0,208,1540568620,success,45,11.25,0.4012876694524895,0,0.0,0,1.1219607740369772,14.100577847825157,15.719274431467056,8.950050971455846,18,1.6,9,0.8,0,0.0,7.815807661816343,0.8732696256974496,5,0.4444444444444444,0.0,0.0,0.06666666666666667,0.8612905513821477
bayes-fix-seed42,baseline_circle,0,209,1540568621,success,43,10.75,0.3852428797705647,0,0.0,0,0.9634199183562664,13.936810282080673,15.378514304757118,9.36513670914848,17,1.5813953488372092,11,1.0232558139534884,0,0.0,5.918917540656775,0.6320161386298598,3,0.27906976744186046,0.027777777777777776,0.0,0.09302325581395349,0.8291715219218873
bayes-fix-seed42,baseline_circle,0,210,1540568622,success,46,11.5,0.6235670367258316,0,0.0,0,1.073408259587967,14.09523351036984,15.664178878068924,8.59320430785784,14,1.2173913043478262,9,0.782608695652174,0,0.0,5.351191959348678,0.6227236974286081,2,0.17391304347826086,0.0,0.0,0.021739130434782608,0.9032556992412082
bayes-fix-seed42,baseline_circle,0,211,1540568623,success,45,11.25,0.25445842960030873,0,0.0,0,1.575420109437904,14.029590537150701,15.66086933016777,8.72248754528887,20,1.7777777777777777,7,0.6222222222222222,1,0.08888888888888889,12.02942301024936,1.379127565134399,4,0.35555555555555557,0.0,0.0,0.044444444444444446,0.8886290615273847
bayes-fix-seed42,baseline_circle,0,212,1540568624,success,45,11.25,0.2738396036021048,0,0.0,0,1.0569273161116113,14.024328274859322,15.851720422506332,9.30595767995426,21,1.8666666666666667,10,0.8888888888888888,0,0.0,7.18135861755348,0.7716947427154834,3,0.26666666666666666,0.0,0.0,0.08888888888888889,0.8342746858341172
bayes-fix-seed42,baseline_circle,0,213,1540568625,success,42,10.5,0.30449918825923084,0,0.0,0,0.8670772734617914,13.835389433162552,15.664058551192284,9.097043108633706,13,1.2380952380952381,3,0.2857142857142857,1,0.09523809523809523,5.8156644907247665,0.639291737026651,2,0.19047619047619047,0.0,0.0,0.09523809523809523,0.8511640188555183
bayes-fix-seed42,baseline_circle,0,214,1540568626,success,43,10.75,0.29342026259104215,0,0.0,0,1.0513979409726943,13.451699600663297,15.401484817266462,8.61742914955485,20,1.8604651162790697,6,0.5581395348837209,0,0.0,6.121695962331392,0.7103854126433543,3,0.27906976744186046,0.0,0.0,0.0,0.9059583472403513
bayes-fix-seed42,baseline_circle,0,215,1540568627,success,45,11.25,0.3008641852799512,0,0.0,0,0.8194921306363331,13.886155188083649,15.436489135026932,8.811746928547043,15,1.3333333333333333,3,0.26666666666666666,1,0.08888888888888889,4.573642236817117,0.5190392182054255,3,0.26666666666666666,0.0,0.0,0.044444444444444446,0.8983865851318953
bayes-fix-seed42,baseline_circle,0,216,1540568628,success,46,11.5,0.25203418771647923,0,0.0,0,0.9080648843610418,13.474386509345925,15.32579306513071,10.059487064268584,24,2.0869565217391304,12,1.0434782608695652,0,0.0,10.04960655502151,0.9990177919426757,3,0.2608695652173913,0.02564102564102564,0.02564102564102564,0.08695652173913043,0.7775950545870964
bayes-fix-seed42,baseline_circle,0,217,1540568629,success,51,12.75,0.2837158950091023,0,0.0,0,0.9249064802904994,13.857420022581138,15.428949147462845,9.354702764853519,23,1.803921568627451,7,0.5490196078431373,0,0.0,7.484313252163686,0.8000589051618979,4,0.3137254901960784,0.0,0.0,0.058823529411764705,0.8275152460197245
bayes-fix-seed42,baseline_circle,0,218,1540568630,success,45,11.25,0.2424545413988597,0,0.0,0,2.128525910184736,13.814641452497906,15.446418523788452,8.3763802518003,12,1.0666666666666667,6,0.5333333333333333,0,0.0,5.229742152224768,0.6243439284052036,4,0.35555555555555557,0.0,0.0,0.022222222222222223,0.9264763498933622
bayes-fix-seed42,baseline_circle,0,219,1540568631,success,48,12.0,0.286174626868984,0,0.0,0,1.5939414183944727,13.896690138305226,15.5581995844841,9.367943699433651,29,2.4166666666666665,13,1.0833333333333333,2,0.16666666666666666,12.709955831860754,1.3567498097399056,3,0.25,0.04878048780487805,0.04878048780487805,0.08333333333333333,0.8232167135631808
bayes-fix-seed42,baseline_circle,0,220,1540568632,success,58,14.5,0.16674371554789025,0,0.0,3,1.730766835494859,14.085633744453562,15.64487349241972,9.88594269756332,27,1.8620689655172413,12,0.8275862068965517,2,0.13793103448275862,16.366996960538167,1.6555828271766428,2,0.13793103448275862,0.058823529411764705,0.058823529411764705,0.08620689655172414,0.7868437605960057
bayes-fix-seed42,baseline_circle,0,221,1540568633,success,45,11.25,0.47247002750350864,0,0.0,0,1.2678767067141175,13.611664871374765,15.738078951835632,8.790133203496186,22,1.9555555555555555,11,0.9777777777777777,0,0.0,5.824103001298301,0.6625727809200688,2,0.17777777777777778,0.0,0.0,0.044444444444444446,0.8829105340595642
bayes-fix-seed42,baseline_circle,0,222,1540568634,success,65,16.25,0.15406080308812198,0,0.0,6,0.9483894987393136,14.22588126017497,15.553966164588928,13.818882517175288,27,1.6615384615384616,6,0.36923076923076925,0,0.0,10.196553902156705,0.737871089755887,2,0.12307692307692308,0.1724137931034483,0.0,0.16923076923076924,0.5611695079967105
bayes-fix-seed42,baseline_circle,0,223,1540568635,success,47,11.75,0.36622591724628173,0,0.0,0,1.2115320606677122,14.07742516157475,15.980102494359016,8.683565623464686,17,1.446808510638298,6,0.5106382978723404,1,0.0851063829787234,6.1724533755429745,0.7108201449947937,2,0.1702127659574468,0.0,0.0,0.0,0.9112804510658978
bayes-fix-seed42,baseline_circle,0,224,1540568636,success,48,12.0,0.2100123408529846,0,0.0,0,0.6806434626234276,14.012909649560848,15.492898412048817,9.93926190493751,15,1.25,7,0.5833333333333334,0,0.0,6.272943782814774,0.6311277278747001,2,0.16666666666666666,0.024390243902439025,0.0,0.0625,0.7802571789489319
bayes-fix-seed42,baseline_circle,0,225,1540568637,success,43,10.75,0.20644776632514017,0,0.0,0,0.7942064906590679,13.986308127641678,16.161848977208138,9.303037900268064,16,1.4883720930232558,5,0.46511627906976744,1,0.09302325581395349,7.980739077798754,0.8578637605645777,3,0.27906976744186046,0.0,0.0,0.0,0.8342590891862179
bayes-fix-seed42,baseline_circle,0,226,1540568638,success,52,13.0,0.19599830539896257,0,0.0,1,1.2853702938281146,13.9704504981637,15.863954648375511,9.998312269592596,24,1.8461538461538463,12,0.9230769230769231,0,0.0,9.741404613923685,0.9743048977925772,2,0.15384615384615385,0.0,0.0,0.07692307692307693,0.7805768922144926
bayes-fix-seed42,baseline_circle,0,227,1540568639,success,46,11.5,0.46319481234794446,0,0.0,0,1.365653015893718,14.281268515016722,15.836182981729507,9.070474690280447,17,1.4782608695652173,6,0.5217391304347826,1,0.08695652173913043,7.978740827314033,0.8796387289260316,4,0.34782608695652173,0.0,0.0,0.08695652173913043,0.8491585668147381
bayes-fix-seed42,baseline_circle,0,228,1540568640,success,62,15.5,0.21360114371938166,0,0.0,0,0.7388938367277855,14.308674801741876,15.743622928857803,12.610174584357974,29,1.8709677419354838,13,0.8387096774193549,0,0.0,10.65207901436083,0.8447209785322066,2,0.12903225806451613,0.18181818181818182,0.0,0.06451612903225806,0.6163670313729275
bayes-fix-seed42,baseline_circle,0,229,1540568641,success,46,11.5,0.5318785850674669,0,0.0,0,2.470231734692783,13.63260987336221,15.405367128551006,8.80555413475905,23,2.0,7,0.6086956521739131,0,0.0,8.297752750496922,0.9423316946905554,4,0.34782608695652173,0.0,0.0,0.043478260869565216,0.8873357395758883
bayes-fix-seed42,baseline_circle,0,230,1540568642,success,47,11.75,0.44890420625398175,0,0.0,0,0.9121767662564471,14.027521093475057,15.84053561091423,9.131055186670595,17,1.446808510638298,9,0.7659574468085106,0,0.0,6.263976073340338,0.6860079087556512,4,0.3404255319148936,0.0,0.0,0.06382978723404255,0.8506474583580338
bayes-fix-seed42,baseline_circle,0,231,1540568643,success,42,10.5,0.2420248169365946,0,0.0,0,1.2601778515789286,13.707644084379787,15.020370297133923,9.217643587317864,10,0.9523809523809523,5,0.47619047619047616,0,0.0,3.920664444385011,0.42534346302771725,1,0.09523809523809523,0.0,0.0,0.09523809523809523,0.8456060124359507
bayes-fix-seed42,baseline_circle,0,232,1540568644,success,41,10.25,0.2162312676438376,0,0.0,0,0.6779762422881147,13.603047535913747,15.528574585914612,9.797528192823512,13,1.2682926829268293,3,0.2926829268292683,2,0.1951219512195122,9.006179541975138,0.9192297653781675,3,0.2926829268292683,0.0,0.0,0.07317073170731707,0.798465807583638
bayes-fix-seed42,baseline_circle,0,233,1540568645,success,48,12.0,0.2536479366226455,0,0.0,0,1.0901266840860435,14.091480368127426,15.767223574221134,9.877549044580263,24,2.0,8,0.6666666666666666,0,0.0,10.44999453428025,1.057954203731753,3,0.25,0.0,0.0,0.0625,0.7849622079139398
bayes-fix-seed42,baseline_circle,0,234,1540568646,success,36,9.0,0.18694136966852237,0,0.0,2,0.627104457197768,13.383143374489414,14.846883714199066,8.775877311445965,10,1.1111111111111112,2,0.2222222222222222,0,0.0,3.536805574589703,0.40301447354748376,1,0.1111111111111111,0.0,0.0,0.0,0.8802534360399721
bayes-fix-seed42,baseline_circle,0,235,1540568647,success,43,10.75,0.2900054131231822,0,0.0,0,1.2259050143507921,13.66799376731695,15.279965102672577,8.381177028676401,19,1.7674418604651163,9,0.8372093023255814,0,0.0,6.232898882424124,0.7436782281412394,3,0.27906976744186046,0.0,0.0,0.023255813953488372,0.9217164670941728
bayes-fix-seed42,baseline_circle,0,236,1540568648,success,42,10.5,0.2301233788895065,0,0.0,0,0.925461132258835,13.606664059417588,15.388067625463007,9.347826633847987,12,1.1428571428571428,5,0.47619047619047616,0,0.0,4.792016638163525,0.5126343080445979,3,0.2857142857142857,0.0,0.0,0.07142857142857142,0.84375543470622
bayes-fix-seed42,baseline_circle,0,237,1540568649,success,52,13.0,0.21473883947403483,0,0.0,0,0.916045670475001,14.152864495722147,15.469127334654331,10.85749619957312,24,1.8461538461538463,13,1.0,0,0.0,10.54114460015327,0.9708633009300719,2,0.15384615384615385,0.0,0.0,0.038461538461538464,0.7106983818691393
bayes-fix-seed42,baseline_circle,0,238,1540568650,success,51,12.75,0.18704733269098517,0,0.0,1,1.691082165610909,14.06970101536489,15.876097604632378,9.515799230978038,19,1.4901960784313726,8,0.6274509803921569,0,0.0,10.983668320840419,1.154255996184097,2,0.1568627450980392,0.0,0.0,0.058823529411764705,0.8264297303866013
bayes-fix-seed42,baseline_circle,0,239,1540568651,success,55,13.75,0.19398623516119817,0,0.0,1,1.603739014019766,14.036239006302573,15.372171998023985,11.10285556429754,21,1.5272727272727273,5,0.36363636363636365,0,0.0,9.57972021128181,0.8628158905431914,2,0.14545454545454545,0.10416666666666667,0.0,0.10909090909090909,0.7045115303089023
bayes-fix-seed42,baseline_circle,0,240,1540568652,success,48,12.0,0.27336148584259845,0,0.0,0,1.3699115534540074,13.75409464041392,15.271825902163982,9.039104724897658,25,2.0833333333333335,14,1.1666666666666667,0,0.0,10.057798833961634,1.1126985625310928,4,0.3333333333333333,0.0,0.0,0.041666666666666664,0.8714731202502847
bayes-fix-seed42,baseline_circle,0,241,1540568653,success,42,10.5,0.5421939201479836,0,0.0,0,0.9043981102382009,13.78475750486056,15.460198000073433,9.697161961536839,16,1.5238095238095237,8,0.7619047619047619,0,0.0,7.515200613178446,0.7749896972935999,2,0.19047619047619047,0.0,0.0,0.047619047619047616,0.8008830783943605
bayes-fix-seed42,baseline_circle,0,242,1540568654,success,45,11.25,0.25386282413978045,0,0.0,0,1.0084749045060173,13.627673437198004,15.068017691373825,9.417220405499378,22,1.9555555555555555,12,1.0666666666666667,0,0.0,7.691199466071432,0.8167165187702307,2,0.17777777777777778,0.0,0.0,0.044444444444444446,0.8256224587614094
bayes-fix-seed42,baseline_circle,0,243,1540568655,success,49,12.25,0.26547444517813235,0,0.0,0,1.805280681509911,13.801117560693196,15.638475120067596,9.148796415660437,21,1.7142857142857142,10,0.8163265306122449,1,0.08163265306122448,8.848535599203855,0.9671802931429744,3,0.24489795918367346,0.0,0.0,0.061224489795918366,0.8516368195284906
bayes-fix-seed42,baseline_circle,0,244,1540568656,success,42,10.5,0.30259881035780123,0,0.0,0,0.7773774312898046,13.86489524018197,15.918637998402117,8.389442519179363,16,1.5238095238095237,8,0.7619047619047619,0,0.0,6.3662081285619685,0.7588356573166791,1,0.09523809523809523,0.0,0.0,0.023809523809523808,0.9236698049626009
bayes-fix-seed42,baseline_circle,0,245,1540568657,success,42,10.5,0.3726122298271475,0,0.0,0,0.8443354723392257,13.85883969210443,15.215817652642727,8.196438852602963,21,2.0,7,0.6666666666666666,0,0.0,6.418494482146675,0.783083311859069,4,0.38095238095238093,0.0,0.0,0.0,0.9446417300382892
bayes-fix-seed42,baseline_circle,0,246,1540568658,success,43,10.75,0.3258573283200378,0,0.0,0,1.1207018511917004,13.781705308099125,15.665443241596222,9.554956533260343,19,1.7674418604651163,7,0.6511627906976745,0,0.0,7.735670556561114,0.8095976710761182,2,0.18604651162790697,0.0,0.0,0.023255813953488372,0.8171504859888892
bayes-fix-seed42,baseline_circle,0,247,1540568659,success,52,13.0,0.20695101884421463,0,0.0,0,1.0994928534336452,13.92929470882966,15.752138942480087,8.97413971263645,27,2.076923076923077,13,1.0,1,0.07692307692307693,12.467078126603871,1.3892226470520654,6,0.46153846153846156,0.0,0.0,0.019230769230769232,0.8630885916960518
bayes-fix-seed42,baseline_circle,0,248,1540568660,success,43,10.75,0.463461287081289,0,0.0,0,0.8472544041977292,13.945010685643485,15.528042614459991,8.137948575510158,24,2.2325581395348837,12,1.1162790697674418,0,0.0,7.3881029455863185,0.9078581508636735,4,0.37209302325581395,0.0,0.0,0.0,0.9523937656419682
bayes-fix-seed42,baseline_circle,0,249,1540568661,success,50,12.5,0.21351595451244865,0,0.0,0,1.2879972078504216,14.111209064722061,15.803664363920689,9.502094538496827,20,1.6,9,0.72,1,0.08,10.167437012820775,1.0700206119428066,3,0.24,0.023255813953488372,0.023255813953488372,0.1,0.8270009540496767
bayes-fix-seed42,baseline_circle,0,250,1540568662,success,45,11.25,0.4189597098115959,0,0.0,0,1.0179373177510735,13.895693586932289,15.77991247177124,9.300830858628542,16,1.4222222222222223,4,0.35555555555555557,0,0.0,5.765423535634561,0.619882634494517,3,0.26666666666666666,0.0,0.0,0.06666666666666667,0.8397835346711464
bayes-fix-seed42,baseline_circle,0,251,1540568663,success,41,10.25,0.586860033705333,0,0.0,0,1.462995648895684,13.599386756739966,15.314191579818726,9.311061231768589,13,1.2682926829268293,9,0.8780487804878049,1,0.0975609756097561,7.1935186042093715,0.7725777357865146,3,0.2926829268292683,0.0,0.0,0.024390243902439025,0.8380523674687861
bayes-fix-seed42,baseline_circle,0,252,1540568664,success,49,12.25,0.21755279246727088,0,0.0,0,2.233165343247505,13.786858974062667,15.597419440746307,9.614393794287311,26,2.122448979591837,7,0.5714285714285714,2,0.16326530612244897,14.195234571413561,1.4764565374728147,5,0.40816326530612246,0.0,0.0,0.08163265306122448,0.8016941544634647
bayes-fix-seed42,baseline_circle,0,253,1540568665,success,49,12.25,0.22449893411158772,0,0.0,0,0.9439572743122223,13.914290435460149,15.47139659523964,8.80209182123419,21,1.7142857142857142,6,0.4897959183673469,0,0.0,5.880468937032549,0.6680763000956761,1,0.08163265306122448,0.0,0.0,0.04081632653061224,0.8846693987003144
bayes-fix-seed42,baseline_circle,0,254,1540568666,success,46,11.5,0.3005489622890377,0,0.0,0,1.0402888233216023,13.907822901787965,15.556566417217255,9.162055748961082,12,1.0434782608695652,6,0.5217391304347826,0,0.0,6.390299565119227,0.697474424977587,3,0.2608695652173913,0.02564102564102564,0.0,0.06521739130434782,0.8482797196794888
bayes-fix-seed42,baseline_circle,0,255,1540568667,success,44,11.0,0.3369230086672276,0,0.0,0,1.0658770113757758,13.587881895628842,15.346609242260456,9.074026395860004,17,1.5454545454545454,10,0.9090909090909091,1,0.09090909090909091,8.433595197808163,0.9294214971267842,4,0.36363636363636365,0.02702702702702703,0.02702702702702703,0.06818181818181818,0.8488527462013683
bayes-fix-seed42,baseline_circle,0,256,1540568668,success,44,11.0,0.25896376024964884,0,0.0,0,1.7584948671696383,13.83511434224519,15.248838253319263,8.507685894452473,14,1.2727272727272727,5,0.45454545454545453,1,0.09090909090909091,7.350427734253948,0.8639749780897379,3,0.2727272727272727,0.0,0.0,0.045454545454545456,0.919483424293501
bayes-fix-seed42,baseline_circle,0,257,1540568669,success,43,10.75,0.4358169245779878,0,0.0,0,1.2120810409134757,13.879620838303898,15.464414283633232,8.91362042105789,14,1.302325581395349,8,0.7441860465116279,0,0.0,4.562821764845648,0.5118932094153635,1,0.09302325581395349,0.0,0.0,0.06976744186046512,0.8688959966210797
bayes-fix-seed42,baseline_circle,0,258,1540568670,success,41,10.25,0.2071974857464749,0,0.0,0,0.6617458174207999,13.743949826897644,15.164777636528015,8.207162469225638,26,2.5365853658536586,11,1.0731707317073171,0,0.0,5.621527973514542,0.6849539039337361,1,0.0975609756097561,0.0,0.0,0.0,0.9486175040488405
bayes-fix-seed42,baseline_circle,0,259,1540568671,success,41,10.25,0.38758116144145505,0,0.0,0,1.6918941476123028,13.667419643663779,15.387032181024551,8.589238205614867,19,1.853658536585366,11,1.0731707317073171,0,0.0,9.911046767293612,1.1538912450716137,5,0.4878048780487805,0.0,0.0,0.0,0.9025966971789094
bayes-fix-seed42,baseline_circle,0,260,1540568672,success,44,11.0,0.3071768051683934,0,0.0,0,0.7390687341780169,13.72367778623646,15.35018477588892,9.428613445994603,14,1.2727272727272727,5,0.45454545454545453,0,0.0,5.306970430056654,0.5628579918409025,2,0.18181818181818182,0.0,0.0,0.045454545454545456,0.8226738634101588
bayes-fix-seed42,baseline_circle,0,261,1540568673,success,42,10.5,0.21106404043442062,0,0.0,0,0.9359076706038281,13.635170601663136,15.507695637643337,9.012440389322453,20,1.9047619047619047,7,0.6666666666666666,1,0.09523809523809523,6.80399494160896,0.7549558884927591,2,0.19047619047619047,0.0,0.0,0.023809523809523808,0.8635597268924502
bayes-fix-seed42,baseline_circle,0,262,1540568674,success,40,10.0,0.2928781969423634,0,0.0,0,1.242738029784217,13.699546549469233,15.899568982422352,9.678331756449007,17,1.7,7,0.7,0,0.0,8.015598942199274,0.8282004733778839,3,0.3,0.0,0.0,0.025,0.8097989909187321
bayes-fix-seed42,baseline_circle,0,263,1540568675,success,47,11.75,0.2928944579334245,0,0.0,0,1.0119256926582425,13.622931581228338,15.054665505886078,9.621883420954015,22,1.872340425531915,11,0.9361702127659575,0,0.0,7.4377640709525155,0.7730050080169291,2,0.1702127659574468,0.0,0.0,0.0,0.8014594365885149
bayes-fix-seed42,baseline_circle,0,264,1540568676,success,43,10.75,0.3524660490099182,0,0.0,0,0.7473309891804316,13.557339563619259,15.131406486034393,8.29355496468339,17,1.5813953488372092,7,0.6511627906976745,0,0.0,6.498977882940046,0.7836178708183371,5,0.46511627906976744,0.0,0.0,0.023255813953488372,0.9411711595124371
bayes-fix-seed42,baseline_circle,0,265,1540568677,success,43,10.75,0.37763249522119435,0,0.0,0,0.7194074244665102,13.62440908371016,15.075046196579933,8.587135736380377,10,0.9302325581395349,3,0.27906976744186046,0,0.0,3.398598368767005,0.3957778790392769,1,0.09302325581395349,0.0,0.0,0.046511627906976744,0.9065325448920091
bayes-fix-seed42,baseline_circle,0,266,1540568678,success,46,11.5,0.34043257486247513,0,0.0,0,0.9685917351230957,13.747142708819846,15.450533479452133,9.063482804679113,23,2.0,12,1.0434782608695652,0,0.0,6.578165503051229,0.725787828455435,3,0.2608695652173913,0.0,0.0,0.06521739130434782,0.8686704091553393
bayes-fix-seed42,baseline_circle,0,267,1540568679,success,43,10.75,0.3747134116264229,0,0.0,0,2.012205419472479,13.74439834508785,15.55609367787838,8.371349692381093,17,1.5813953488372092,8,0.7441860465116279,0,0.0,6.1608841113350135,0.7359487224553692,4,0.37209302325581395,0.0,0.0,0.023255813953488372,0.9281471089254962
bayes-fix-seed42,baseline_circle,0,268,1540568680,success,47,11.75,0.33731488997252035,0,0.0,0,2.0253955530069594,14.03332160825425,15.705369412899016,8.639128687736067,21,1.7872340425531914,12,1.0212765957446808,0,0.0,9.557674914744645,1.1063239430977023,6,0.5106382978723404,0.0,0.0,0.02127659574468085,0.9076154208810945
bayes-fix-seed42,baseline_circle,0,269,1540568681,success,41,10.25,0.49386077258501715,0,0.0,0,1.0581153895145639,13.46835121512413,15.1892751455307,8.906815930660697,17,1.6585365853658536,6,0.5853658536585366,0,0.0,6.142221762002791,0.6896091498712681,1,0.0975609756097561,0.0,0.0,0.024390243902439025,0.8763782194921901
bayes-fix-seed42,baseline_circle,0,270,1540568682,success,47,11.75,0.5088082571469258,0,0.0,0,1.5893874396264194,14.128889650740522,16.21331498026848,8.780351807387444,19,1.6170212765957446,7,0.5957446808510638,1,0.0851063829787234,11.114276682864181,1.26581222787828,4,0.3404255319148936,0.0,0.0,0.02127659574468085,0.8877744886549783
bayes-fix-seed42,baseline_circle,0,271,1540568683,success,45,11.25,0.5150366980049687,0,0.0,0,2.807426650692367,13.905412289831373,15.810398012399673,8.883637596811681,26,2.311111111111111,14,1.2444444444444445,2,0.17777777777777778,12.072034752543512,1.3589067114664988,5,0.4444444444444444,0.0,0.0,0.044444444444444446,0.8805096848171118
bayes-fix-seed42,baseline_circle,0,272,1540568684,success,47,11.75,0.22851301310817074,0,0.0,0,2.030225503323108,13.729308513884849,15.298579260706902,8.814399089117849,18,1.5319148936170213,8,0.6808510638297872,0,0.0,9.290477763429926,1.0540114725347345,2,0.1702127659574468,0.0,0.0,0.0425531914893617,0.8802948891145767
bayes-fix-seed42,baseline_circle,0,273,1540568685,success,44,11.0,0.2529640875771938,0,0.0,0,0.9377141302261456,13.756398111581802,15.261098183691502,8.216622797095592,17,1.5454545454545454,3,0.2727272727272727,0,0.0,5.470570915365617,0.6657931184694703,4,0.36363636363636365,0.0,0.0,0.0,0.9395180279988248
bayes-fix-seed42,baseline_circle,0,274,1540568686,success,43,10.75,0.1993673256836317,0,0.0,1,0.579569280400741,13.738165241341258,15.574337542057037,9.64038891201671,18,1.6744186046511629,8,0.7441860465116279,0,0.0,7.121847983737431,0.7387511073189249,1,0.09302325581395349,0.0,0.0,0.023255813953488372,0.8062337997637976
bayes-fix-seed42,baseline_circle,0,275,1540568687,success,44,11.0,0.6065651105052935,0,0.0,0,0.8168884975852783,13.571780682964759,14.865726605057716,9.51536624609029,20,1.8181818181818181,11,1.0,2,0.18181818181818182,11.910350714031122,1.2516965092042456,7,0.6363636363636364,0.0,0.0,0.045454545454545456,0.8207018695541508
bayes-fix-seed42,baseline_circle,0,276,1540568688,success,44,11.0,0.5480808680120118,0,0.0,0,1.0035020128267518,13.584808785129677,15.671466290950775,9.555714806018784,15,1.3636363636363635,7,0.6363636363636364,0,0.0,5.125651607331516,0.5363964613199906,3,0.2727272727272727,0.02702702702702703,0.0,0.09090909090909091,0.8119476592991451
bayes-fix-seed42,baseline_circle,0,277,1540568689,success,44,11.0,0.5107320904263947,0,0.0,0,0.9377233934772359,13.76221820034764,15.570223331451416,9.470034859791046,20,1.8181818181818181,10,0.9090909090909091,0,0.0,7.1366752295190174,0.7536060146748484,2,0.18181818181818182,0.0,0.0,0.022727272727272728,0.8196687015135805
bayes-fix-seed42,baseline_circle,0,278,1540568690,success,52,13.0,0.22248752234794988,0,0.0,0,2.2601749841770515,14.113367033692507,15.762056969106197,8.896739192023968,25,1.9230769230769231,10,0.7692307692307693,0,0.0,11.969924249007965,1.3454282508066713,4,0.3076923076923077,0.0,0.0,0.038461538461538464,0.8801885028258635
bayes-fix-seed42,baseline_circle,0,279,1540568691,success,45,11.25,0.19918420383489865,0,0.0,1,0.5185378142033916,13.543504145410326,15.368418395519257,9.754463946337122,17,1.511111111111111,8,0.7111111111111111,1,0.08888888888888889,8.44778087580635,0.8660425546991292,2,0.17777777777777778,0.0,0.0,0.022222222222222223,0.7896451090730813
bayes-fix-seed42,baseline_circle,0,280,1540568692,success,49,12.25,0.18232125602662674,0,0.0,2,0.8937947474635117,14.046054865632739,15.900751203298569,10.606381706483623,21,1.7142857142857142,9,0.7346938775510204,2,0.16326530612244897,10.655381181716713,1.0046198106563653,2,0.16326530612244897,0.0,0.0,0.04081632653061224,0.7293249290949456
bayes-fix-seed42,baseline_circle,0,281,1540568693,success,48,12.0,0.20236898309366802,0,0.0,0,1.8341783335939852,13.82339132639269,15.357205457985401,10.44553870643977,27,2.25,12,1.0,0,0.0,11.63131834296546,1.1135201993741737,2,0.16666666666666666,0.0,0.0,0.0625,0.7482184649345962
bayes-fix-seed42,baseline_circle,0,282,1540568694,success,44,11.0,0.33986741059046266,0,0.0,0,2.090411473449764,14.107916250147603,16.03420190513134,8.744255340323061,20,1.8181818181818181,12,1.0909090909090908,0,0.0,9.106677825794009,1.0414469238792332,4,0.36363636363636365,0.0,0.0,0.045454545454545456,0.8833723089194353
bayes-fix-seed42,baseline_circle,0,283,1540568695,success,45,11.25,0.5895546239059829,0,0.0,0,1.1880475876212013,13.555080112483767,15.188953280448914,9.197369720080388,15,1.3333333333333333,7,0.6222222222222222,1,0.08888888888888889,5.991421254470495,0.6514276838724418,4,0.35555555555555557,0.02631578947368421,0.02631578947368421,0.08888888888888889,0.841141428687949
bayes-fix-seed42,baseline_circle,0,284,1540568696,success,46,11.5,0.29234178226205476,0,0.0,0,1.2457979649648323,13.89628907908564,15.577714890241623,8.83761571512898,19,1.6521739130434783,5,0.43478260869565216,0,0.0,6.040634952991818,0.6835141001493137,3,0.2608695652173913,0.0,0.0,0.043478260869565216,0.8790249215622699
bayes-fix-seed42,baseline_circle,0,285,1540568697,success,46,11.5,0.2587241953784938,0,0.0,0,0.6895630962375238,13.909614928390669,15.431277453899384,9.70590096071061,26,2.260869565217391,11,0.9565217391304348,0,0.0,7.5742143932850565,0.7803721080552337,4,0.34782608695652173,0.0,0.0,0.06521739130434782,0.8049878164631075
bayes-fix-seed42,baseline_circle,0,286,1540568698,success,47,11.75,0.1949466124450463,0,0.0,1,1.7475349522096282,13.826036627622361,15.455287322402,8.870816226216194,22,1.872340425531915,7,0.5957446808510638,0,0.0,8.772491364488022,0.9889159171804744,3,0.2553191489361702,0.0,0.0,0.0425531914893617,0.8768547814968025
bayes-fix-seed42,baseline_circle,0,287,1540568699,success,48,12.0,0.20996119605977048,0,0.0,0,1.124545198851362,13.800743035972118,15.485189855098724,9.508156413804102,26,2.1666666666666665,8,0.6666666666666666,1,0.08333333333333333,8.999997796680479,0.9465555050834177,2,0.16666666666666666,0.0,0.0,0.0625,0.810436449941647
bayes-fix-seed42,baseline_circle,0,288,1540568700,success,43,10.75,0.19132827284757037,0,0.0,1,1.3278261746748345,13.868140966393227,15.629688277840614,8.497972412157218,17,1.5813953488372092,6,0.5581395348837209,0,0.0,4.355636125746069,0.512550043056728,1,0.09302325581395349,0.0,0.0,0.0,0.9117735154096599
bayes-fix-seed42,baseline_circle,0,289,1540568701,success,47,11.75,0.27644048400076415,0,0.0,0,1.2716678618293404,13.975155718149022,15.376771241426468,9.022808057382425,23,1.9574468085106382,9,0.7659574468085106,0,0.0,5.9639089145884085,0.66098146792658,3,0.2553191489361702,0.0,0.0,0.0425531914893617,0.8669388001918372
bayes-fix-seed42,baseline_circle,0,290,1540568702,success,45,11.25,0.24282599450968234,0,0.0,0,0.6865759126836313,13.623156564103233,14.977311342954636,9.867165978158269,24,2.1333333333333333,14,1.2444444444444445,0,0.0,10.037493584848216,1.0172620595485047,4,0.35555555555555557,0.0,0.0,0.06666666666666667,0.7854782823599967
bayes-fix-seed42,baseline_circle,0,291,1540568703,success,50,12.5,0.37037444965595323,0,0.0,0,1.0880320466536568,14.057685062289238,15.688368491828442,9.88998457058219,29,2.32,14,1.12,1,0.08,10.363091465769106,1.047836969998333,3,0.24,0.06976744186046512,0.0,0.08,0.7820184559155547
bayes-fix-seed42,baseline_circle,0,292,1540568704,success,47,11.75,0.23991302234408207,0,0.0,0,1.377206769272076,13.74195381364924,15.09164609014988,9.079935654913426,19,1.6170212765957446,8,0.6808510638297872,0,0.0,5.744806115940357,0.6326923817826474,2,0.1702127659574468,0.0,0.0,0.0425531914893617,0.8599577265033124
bayes-fix-seed42,baseline_circle,0,293,1540568705,success,48,12.0,0.2166414676142564,0,0.0,0,1.1747926467184047,14.037808791423837,15.889541804790497,9.678882994112529,22,1.8333333333333333,7,0.5833333333333334,0,0.0,9.32152949901916,0.963079056197834,2,0.16666666666666666,0.0,0.0,0.10416666666666667,0.8042138136686974
bayes-fix-seed42,baseline_circle,0,294,1540568706,success,43,10.75,0.4061103361845716,0,0.0,0,1.2616394082074567,13.57253571582395,15.200354158878326,9.417082790350866,16,1.4883720930232558,7,0.6511627906976745,1,0.09302325581395349,6.977109566381082,0.7408992489192213,1,0.09302325581395349,0.0,0.0,0.046511627906976744,0.8293406778630459
bayes-fix-seed42,baseline_circle,0,295,1540568707,success,43,10.75,0.3558143861811306,0,0.0,0,1.6066098118312075,13.652223487233007,15.086913481354713,8.741437436574165,16,1.4883720930232558,8,0.7441860465116279,0,0.0,6.447680095745667,0.7375995243949902,2,0.18604651162790697,0.0,0.0,0.046511627906976744,0.8867143561176386
bayes-fix-seed42,baseline_circle,0,296,1540568708,success,48,12.0,0.21615556391876023,0,0.0,0,1.1501577604381408,13.866973652814826,15.204294212162495,9.549234978921199,19,1.5833333333333333,6,0.5,0,0.0,9.274474883513307,0.9712270044653428,5,0.4166666666666667,0.0,0.0,0.0625,0.8089915623395109
bayes-fix-seed42,baseline_circle,0,297,1540568709,success,47,11.75,0.4964655639448522,0,0.0,0,1.707864313618047,13.86315161560444,15.56471101939678,9.817157971376915,18,1.5319148936170213,5,0.425531914893617,1,0.0851063829787234,8.88060231040387,0.9046001232022868,3,0.2553191489361702,0.0,0.0,0.0425531914893617,0.7922110089324589
bayes-fix-seed42,baseline_circle,0,298,1540568710,success,51,12.75,0.2719059750396726,0,0.0,0,1.223857627093124,13.616315728309107,15.397751703858376,9.323399377016429,26,2.0392156862745097,11,0.8627450980392157,0,0.0,7.854713324048269,0.8424731159121329,2,0.1568627450980392,0.0,0.0,0.058823529411764705,0.8394530693317642
bayes-fix-seed42,baseline_circle,0,299,1540568711,success,56,14.0,0.24965574999556417,0,0.0,0,1.6125502448790638,13.94744443574122,15.19705168902874,9.955965399238035,22,1.5714285714285714,7,0.5,0,0.0,9.646800823295768,0.9689468008832244,3,0.21428571428571427,0.0,0.0,0.05357142857142857,0.7785801514516978
bayes-fix-seed42,baseline_circle,0,300,1540568712,success,43,10.75,0.4634202513622555,0,0.0,0,1.1292322652475282,13.553416053223055,15.271147340536118,9.118500287327574,18,1.6744186046511629,9,0.8372093023255814,0,0.0,6.934880111439448,0.7605285839687026,3,0.27906976744186046,0.0,0.0,0.06976744186046512,0.8540190429762429
bayes-fix-seed42,baseline_circle,0,301,1540568713,success,41,10.25,0.4154835658169894,0,0.0,0,1.2068127021836625,13.764855429166701,15.422873198986053,8.714646586325264,15,1.4634146341463414,6,0.5853658536585366,1,0.0975609756097561,5.951625111011191,0.6829450915829777,4,0.3902439024390244,0.0,0.0,0.04878048780487805,0.8920815897890997
bayes-fix-seed42,baseline_circle,0,302,1540568714,success,48,12.0,0.21688554146883643,0,0.0,0,0.558745980081608,13.815630692988634,15.668731927871704,11.796558899440434,16,1.3333333333333333,7,0.5833333333333334,0,0.0,6.602283166021768,0.5596787353246669,3,0.25,0.0975609756097561,0.04878048780487805,0.14583333333333334,0.6732334059435323
bayes-fix-seed42,baseline_circle,0,303,1540568715,success,46,11.5,0.32866133729176017,0,0.0,0,0.8682179464875499,13.844900319109792,15.20469132810831,9.708813649138063,24,2.0869565217391304,18,1.565217391304348,0,0.0,10.705898513498305,1.1026989393754365,3,0.2608695652173913,0.0,0.0,0.043478260869565216,0.809331682077927
bayes-fix-seed42,baseline_circle,0,304,1540568716,success,45,11.25,0.23133595403730278,0,0.0,0,0.9933013275887047,13.920758912960688,15.406512469053268,8.870568683374874,18,1.6,5,0.4444444444444444,1,0.08888888888888889,7.41145323462748,0.8355104953437706,4,0.35555555555555557,0.0,0.0,0.06666666666666667,0.8786082745278834
bayes-fix-seed42,baseline_circle,0,305,1540568717,success,37,9.25,0.5691559748893812,0,0.0,0,2.2402289323527493,13.300003332866204,15.228327363729477,8.354067655517001,13,1.4054054054054055,6,0.6486486486486487,0,0.0,3.93654000778208,0.4712123686456382,1,0.10810810810810811,0.0,0.0,0.0,0.9284527170445239
bayes-fix-seed42,baseline_circle,0,306,1540568718,success,45,11.25,0.48315741966249826,0,0.0,0,1.0708368503838321,14.012485908137428,15.725384652614592,8.941768571432947,23,2.0444444444444443,8,0.7111111111111111,1,0.08888888888888889,9.161606744226182,1.024585535963833,3,0.26666666666666666,0.0,0.0,0.044444444444444446,0.869725671062292
bayes-fix-seed42,baseline_circle,0,307,1540568719,success,54,13.5,0.19667665592253336,0,0.0,1,1.658699497756547,14.389940985926875,15.80070685595274,10.638169796656372,25,1.8518518518518519,11,0.8148148148148148,4,0.2962962962962963,19.944285862903474,1.874785441869151,4,0.2962962962962963,0.14893617021276595,0.10638297872340426,0.2222222222222222,0.7368315510668929
bayes-fix-seed42,baseline_circle,0,308,1540568720,success,45,11.25,0.13573321380872727,0,0.0,3,0.8218023307964275,13.878406584262848,15.801599621772766,9.198919823704479,21,1.8666666666666667,7,0.6222222222222222,2,0.17777777777777778,10.170958619889635,1.105668797512544,2,0.17777777777777778,0.0,0.0,0.08888888888888889,0.8371410821963231
bayes-fix-seed42,baseline_circle,0,309,1540568721,success,47,11.75,0.19887587796574635,0,0.0,1,1.2096472308586195,13.77274587433389,15.688731148838997,9.902600211523295,17,1.446808510638298,8,0.6808510638297872,0,0.0,7.852442566847427,0.7929677457552842,2,0.1702127659574468,0.0,0.0,0.06382978723404255,0.7847021677591609
bayes-fix-seed42,baseline_circle,0,310,1540568722,success,46,11.5,0.2358377358745567,0,0.0,0,0.6211512302334045,13.968058578346087,16.111197881400585,9.881276346916223,19,1.6521739130434783,9,0.782608695652174,0,0.0,6.956689045108576,0.7040273746902787,2,0.17391304347826086,0.0,0.0,0.06521739130434782,0.7867818365143079
bayes-fix-seed42,baseline_circle,0,311,1540568723,success,46,11.5,0.1443648202147113,0,0.0,3,0.5351661293517479,13.863038595603859,15.399479307234287,10.310061038169678,20,1.7391304347826086,7,0.6086956521739131,2,0.17391304347826086,12.191452841452495,1.1824811508212774,3,0.2608695652173913,0.0,0.0,0.10869565217391304,0.7516423034737947
bayes-fix-seed42,baseline_circle,0,312,1540568724,success,46,11.5,0.21544692434925705,0,0.0,0,0.625165910829527,13.594932287283566,15.288041904568672,8.978943476700257,18,1.565217391304348,8,0.6956521739130435,1,0.08695652173913043,8.870378764026608,0.9879089657981067,2,0.17391304347826086,0.0,0.0,0.043478260869565216,0.8618622040056584
bayes-fix-seed42,baseline_circle,0,313,1540568725,success,40,10.0,0.38383251918421846,0,0.0,0,1.2318101880328876,13.747941516339779,15.369422547519207,9.696089661910786,13,1.3,3,0.3,0,0.0,7.23493512654837,0.7461704025870773,3,0.3,0.0,0.0,0.025,0.8074395409099498
bayes-fix-seed42,baseline_circle,0,314,1540568726,success,46,11.5,0.21246624127344915,0,0.0,0,1.802193678099777,14.40897122349428,16.081316396594048,8.906690334817123,22,1.9130434782608696,6,0.5217391304347826,1,0.08695652173913043,11.499094618859413,1.2910625817884707,3,0.2608695652173913,0.0,0.0,0.06521739130434782,0.8701264565831848
bayes-fix-seed42,baseline_circle,0,315,1540568727,success,49,12.25,0.3112350357921222,0,0.0,0,1.3236159407527501,13.903934128430425,15.26794359087944,9.302145320367174,19,1.5510204081632653,9,0.7346938775510204,1,0.08163265306122448,6.560351126102114,0.705251412460536,2,0.16326530612244897,0.0,0.0,0.04081632653061224,0.8414572078149768
bayes-fix-seed42,baseline_circle,0,316,1540568728,success,46,11.5,0.21530434555768296,0,0.0,0,1.5098389675108914,13.835888679908669,15.695006586611271,10.025375368744065,18,1.565217391304348,5,0.43478260869565216,0,0.0,8.280070054868652,0.8259112252976861,2,0.17391304347826086,0.0,0.0,0.021739130434782608,0.772189727369795
bayes-fix-seed42,baseline_circle,0,317,1540568729,success,41,10.25,0.1587028807578833,0,0.0,2,0.8085256578951372,13.901520338727206,15.593867748975754,9.24198240902994,19,1.853658536585366,6,0.5853658536585366,1,0.0975609756097561,9.957736975353916,1.0774459996401466,4,0.3902439024390244,0.0,0.0,0.0,0.8407644686782023
bayes-fix-seed42,baseline_circle,0,318,1540568730,success,44,11.0,0.5381341312028,0,0.0,0,0.9170755656362529,13.984966091811657,15.627953596413136,9.291644584313309,14,1.2727272727272727,5,0.45454545454545453,0,0.0,4.800933501096189,0.5166936226985481,1,0.09090909090909091,0.0,0.0,0.06818181818181818,0.844001010031897
bayes-fix-seed42,baseline_circle,0,319,1540568731,timeout,101,25.25,0.1917890440848551,0,0.0,7,0.5456132174832875,14.479656251940396,15.747711062431335,8.742868765263232,73,2.891089108910891,25,0.9900990099009901,48,1.900990099009901,132.72816924224597,15.181306365891649,26,1.0297029702970297,0.5957446808510638,0.5957446808510638,0.13861386138613863,0.43167473648199906
bayes-fix-seed42,baseline_circle,0,320,1540568732,success,46,11.5,0.33579946142821715,0,0.0,0,1.2012045161914258,14.086515764179437,16.41329936683178,9.185818795471857,20,1.7391304347826086,9,0.782608695652174,0,0.0,8.052895730513042,0.8766660773324542,5,0.43478260869565216,0.0,0.0,0.06521739130434782,0.8471995700133497
bayes-fix-seed42,baseline_circle,0,321,1540568733,success,49,12.25,0.2594751872834743,0,0.0,0,1.1257064355536563,13.744644592611158,15.446550399065018,9.856906640281021,24,1.9591836734693877,7,0.5714285714285714,1,0.08163265306122448,9.618656045437788,0.9758290705656475,3,0.24489795918367346,0.0,0.0,0.08163265306122448,0.7954364382887094
bayes-fix-seed42,baseline_circle,0,322,1540568734,success,45,11.25,0.3534124006557523,0,0.0,0,1.0196498371268883,13.901677810483509,15.634612739086151,8.357485498768963,24,2.1333333333333333,12,1.0666666666666667,0,0.0,9.466859646272983,1.1327401821597451,6,0.5333333333333333,0.0,0.0,0.0,0.9295243517250761
bayes-fix-seed42,baseline_circle,0,323,1540568735,success,54,13.5,0.22465848815401968,0,0.0,0,1.3785733151151096,14.141217977912337,15.451169759035109,9.480323497798768,22,1.6296296296296295,6,0.4444444444444444,1,0.07407407407407407,9.706492783102782,1.0238567054548853,5,0.37037037037037035,0.0,0.0,0.07407407407407407,0.8222700778217797
bayes-fix-seed42,baseline_circle,0,324,1540568736,success,45,11.25,0.30613082115972545,0,0.0,0,1.6713367535794208,13.933831287754906,15.340052545070648,9.472326316093154,17,1.511111111111111,5,0.4444444444444444,0,0.0,6.535130625632461,0.689918232074575,3,0.26666666666666666,0.0,0.0,0.022222222222222223,0.8198680513915598
bayes-fix-seed42,baseline_circle,0,325,1540568737,success,43,10.75,0.28110572788948895,0,0.0,0,1.4986414747688972,13.796292418657346,15.548104047775269,8.766062225554572,22,2.046511627906977,14,1.302325581395349,1,0.09302325581395349,8.621718269246802,0.9835337746192375,2,0.18604651162790697,0.0,0.0,0.06976744186046512,0.8924574510941176
bayes-fix-seed42,baseline_circle,0,326,1540568738,success,41,10.25,0.42089846440413214,0,0.0,0,0.7245638255201173,13.585053656886263,15.560049563646317,8.969370271235436,15,1.4634146341463414,8,0.7804878048780488,0,0.0,5.1028114473156165,0.5689152407588988,4,0.3902439024390244,0.0,0.0,0.07317073170731707,0.8677928076374594
bayes-fix-seed42,baseline_circle,0,327,1540568739,success,49,12.25,0.23781818047081082,0,0.0,0,1.3582143206747443,14.185972663821007,15.46168327331543,9.016758203833625,24,1.9591836734693877,8,0.6530612244897959,1,0.08163265306122448,10.562395069064245,1.1714182448159103,5,0.40816326530612246,0.0,0.0,0.061224489795918366,0.8617699189040451
bayes-fix-seed42,baseline_circle,0,328,1540568740,success,44,11.0,0.28625047613977317,0,0.0,0,0.9364984255528456,14.100167392329736,15.850374288856983,9.39822335975583,24,2.1818181818181817,11,1.0,0,0.0,11.08406771380521,1.17937904745575,5,0.45454545454545453,0.0,0.0,0.045454545454545456,0.8285134079886425
bayes-fix-seed42,baseline_circle,0,329,1540568741,success,46,11.5,0.46945854981109714,0,0.0,0,1.4739429437383706,13.77058798528236,15.555350109934807,8.708314216191182,15,1.3043478260869565,4,0.34782608695652173,0,0.0,5.441879382702002,0.6249061813346184,4,0.34782608695652173,0.0,0.0,0.043478260869565216,0.8981271252899149
bayes-fix-seed42,baseline_circle,0,330,1540568742,success,44,11.0,0.28684212903052153,0,0.0,0,1.8170516693335637,14.017948880791664,15.717859379947186,8.214304511609848,21,1.9090909090909092,7,0.6363636363636364,1,0.09090909090909091,8.440577070048706,1.0275461614697934,6,0.5454545454545454,0.0,0.0,0.022727272727272728,0.9390855307257544
bayes-fix-seed42,baseline_circle,0,331,1540568743,success,44,11.0,0.24397698468831763,0,0.0,0,2.2574615865968966,13.957961885766549,15.621151402592659,9.163503323251094,18,1.6363636363636365,8,0.7272727272727273,1,0.09090909090909091,8.390104716421298,0.915600117166171,3,0.2727272727272727,0.0,0.0,0.06818181818181818,0.8611345638359207
bayes-fix-seed42,baseline_circle,0,332,1540568744,success,55,13.75,0.20127033912435044,0,0.0,0,0.651011051109671,14.019631188024174,15.714024752378464,13.273852213220362,24,1.7454545454545454,11,0.8,0,0.0,8.508602606947523,0.6410047716572592,1,0.07272727272727272,0.08333333333333333,0.08333333333333333,0.10909090909090909,0.5839559766347002
bayes-fix-seed42,baseline_circle,0,333,1540568745,success,47,11.75,0.37976330601111363,0,0.0,0,0.7775929570676413,13.90949066015,15.63878282904625,9.471507209817277,20,1.702127659574468,5,0.425531914893617,0,0.0,6.408219671960827,0.6765786616641823,3,0.2553191489361702,0.0,0.0,0.06382978723404255,0.8310222187180301
bayes-fix-seed42,baseline_circle,0,334,1540568746,success,40,10.0,0.21637676346977575,0,0.0,0,0.8793118242454362,13.71900038793683,16.026929393410683,9.275880447935101,15,1.5,5,0.5,0,0.0,5.115384410263998,0.551471576092028,3,0.3,0.0,0.0,0.025,0.850955394301695
bayes-fix-seed42,baseline_circle,0,335,1540568747,success,45,11.25,0.5060863807584443,0,0.0,0,2.59982791459104,13.842927581734127,16.295548528432846,8.83878363878239,20,1.7777777777777777,10,0.8888888888888888,1,0.08888888888888889,8.359341796360027,0.9457570337711751,3,0.26666666666666666,0.0,0.0,0.022222222222222223,0.8910781748495363
bayes-fix-seed42,baseline_circle,0,336,1540568748,success,41,10.25,0.15768634533171944,0,0.0,1,2.2812618012384616,13.981054105409761,16.006067395210266,8.693108458150048,15,1.4634146341463414,7,0.6829268292682927,1,0.0975609756097561,8.28988307820239,0.9536155125765603,3,0.2926829268292683,0.0,0.0,0.04878048780487805,0.8917534899799991
bayes-fix-seed42,baseline_circle,0,337,1540568749,success,48,12.0,0.19333256052243897,0,0.0,1,0.9814585583772365,14.021432648102442,16.02790355682373,9.934392774630652,19,1.5833333333333333,6,0.5,1,0.08333333333333333,8.26872424561098,0.8323331312938148,1,0.08333333333333333,0.07317073170731707,0.0,0.10416666666666667,0.7861114173790335
bayes-fix-seed42,baseline_circle,0,338,1540568750,success,40,10.0,0.3146936359024183,0,0.0,0,1.017387873515934,13.649826217442751,16.06672741472721,9.52219856922352,15,1.5,9,0.9,1,0.1,9.565958208038083,1.0045955394120847,2,0.2,0.0,0.0,0.05,0.8204879794321106
bayes-fix-seed42,baseline_circle,0,339,1540568751,success,44,11.0,0.5882957197839377,0,0.0,0,1.0288949687799394,13.926337473094463,15.537426248192787,9.33780130960897,15,1.3636363636363635,4,0.36363636363636365,0,0.0,6.1212416206501,0.6555335049109577,3,0.2727272727272727,0.0,0.0,0.06818181818181818,0.8326176609842156
bayes-fix-seed42,baseline_circle,0,340,1540568752,success,43,10.75,0.1125671959114466,0,0.0,2,0.608080714506483,13.705388577871544,15.3897475451231,8.647344583670797,18,1.6744186046511629,10,0.9302325581395349,0,0.0,7.734394807213782,0.8944242631222326,1,0.09302325581395349,0.0,0.0,0.023255813953488372,0.9116424277253379
bayes-fix-seed42,baseline_circle,0,341,1540568753,success,45,11.25,0.2188610604104545,0,0.0,0,1.7282915430380532,13.830732223060396,15.415714681148529,8.77834504317883,15,1.3333333333333333,8,0.7111111111111111,0,0.0,7.0730520200053695,0.8057386654562468,2,0.17777777777777778,0.0,0.0,0.044444444444444446,0.8801021878457268
bayes-fix-seed42,baseline_circle,0,342,1540568754,success,42,10.5,0.42084117988913017,0,0.0,0,1.152036838778917,13.86904822928565,15.67187774926424,9.146997478503051,15,1.4285714285714286,7,0.6666666666666666,0,0.0,5.3368769348362175,0.5834566968427352,1,0.09523809523809523,0.0,0.0,0.047619047619047616,0.8576925628749543
bayes-fix-seed42,baseline_circle,0,343,1540568755,success,47,11.75,0.12160514028561908,0,0.0,2,0.9466751378242905,13.96576869995036,15.286499634385109,8.944380610539751,24,2.0425531914893615,5,0.425531914893617,1,0.0851063829787234,10.325073053435013,1.154364231914315,3,0.2553191489361702,0.0,0.0,0.06382978723404255,0.8758937944968568
bayes-fix-seed42,baseline_circle,0,344,1540568756,success,41,10.25,0.4179730640311011,0,0.0,0,0.9526478071448926,13.980896552888359,15.718255192041397,8.60937449399492,18,1.7560975609756098,5,0.4878048780487805,0,0.0,6.167151470590232,0.7163297954911648,4,0.3902439024390244,0.0,0.0,0.0,0.9006047885466449
bayes-fix-seed42,baseline_circle,0,345,1540568757,success,44,11.0,0.5261127948122942,0,0.0,0,2.4545616695014947,14.154039238664238,15.969427488744259,9.46939058426236,20,1.8181818181818181,12,1.0909090909090908,1,0.09090909090909091,11.809611734968998,1.2471353494063244,1,0.09090909090909091,0.0,0.0,0.06818181818181818,0.826269831786031
bayes-fix-seed42,baseline_circle,0,346,1540568758,success,54,13.5,0.22139143356598534,0,0.0,0,1.0394505287366402,14.183081617509878,15.585839934647083,9.330705521929763,23,1.7037037037037037,10,0.7407407407407407,0,0.0,9.223723712793781,0.9885344351630704,1,0.07407407407407407,0.0425531914893617,0.0,0.05555555555555555,0.8330030286998714
bayes-fix-seed42,baseline_circle,0,347,1540568759,success,46,11.5,0.47230102757995784,0,0.0,0,0.8917552283368305,13.823031164381815,15.315924771130085,9.279280758796785,19,1.6521739130434783,11,0.9565217391304348,1,0.08695652173913043,8.41469804931151,0.9068265383967774,7,0.6086956521739131,0.0,0.0,0.06521739130434782,0.8464661066518859
bayes-fix-seed42,baseline_circle,0,348,1540568760,success,45,11.25,0.48351341259162994,0,0.0,0,0.9738945851726224,14.141480127970377,15.93477949500084,9.565269578052611,20,1.7777777777777777,5,0.4444444444444444,0,0.0,5.519150699745096,0.5769989705683484,3,0.26666666666666666,0.0,0.0,0.06666666666666667,0.8115533812868663
bayes-fix-seed42,baseline_circle,0,349,1540568761,success,45,11.25,0.3831909285342382,0,0.0,0,0.9872769862748211,13.97364710768064,15.538746863603592,8.599525156291698,20,1.7777777777777777,8,0.7111111111111111,1,0.08888888888888889,11.180624367443308,1.3001443875378622,5,0.4444444444444444,0.0,0.0,0.0,0.9098014829273439
bayes-fix-seed42,baseline_circle,0,350,1540568762,success,66,16.5,0.1450112259810129,0,0.0,9,1.1289343255691437,14.490532717018416,16.085333190858364,14.225822408803454,31,1.878787878787879,14,0.8484848484848485,0,0.0,13.677603246354682,0.9614630952998883,2,0.12121212121212122,0.22033898305084745,0.15254237288135594,0.18181818181818182,0.5439901006705943
bayes-fix-seed42,baseline_circle,0,351,1540568763,success,42,10.5,0.27252424092075656,0,0.0,0,1.6985951228658156,13.842350315480004,15.821892209351061,8.950192879348359,11,1.0476190476190477,6,0.5714285714285714,0,0.0,6.599377610996705,0.7373447365837316,2,0.19047619047619047,0.0,0.0,0.047619047619047616,0.8789796478570231
bayes-fix-seed42,baseline_circle,0,352,1540568764,success,48,12.0,0.16354744158945544,0,0.0,4,0.6921562993652629,13.8296940519164,15.182245895266533,10.600934062577373,26,2.1666666666666665,6,0.5,0,0.0,8.538250559627905,0.8054243625350902,2,0.16666666666666666,0.0,0.0,0.10416666666666667,0.7330369422057215
bayes-fix-seed42,baseline_circle,0,353,1540568765,success,43,10.75,0.3310542806621437,0,0.0,0,0.8410259982366347,13.729153504205305,14.953206107020378,8.960764879880283,19,1.7674418604651163,10,0.9302325581395349,1,0.09302325581395349,8.917584562018137,0.9951811794594566,3,0.27906976744186046,0.0,0.0,0.046511627906976744,0.8658273327916277
bayes-fix-seed42,baseline_circle,0,354,1540568766,success,50,12.5,0.21063174643482885,0,0.0,0,1.0267976695379495,14.1988255828619,15.821224451065063,9.209176439850427,22,1.76,7,0.56,1,0.08,10.57338120080326,1.1481353701781165,4,0.32,0.0,0.0,0.06,0.8399360145276671
bayes-fix-seed42,baseline_circle,0,355,1540568767,success,43,10.75,0.3453376700935098,0,0.0,0,1.9771175529116782,13.88877751522286,16.214748844504356,8.368152971708119,12,1.1162790697674418,3,0.27906976744186046,0,0.0,4.606141350494455,0.550437039818387,3,0.27906976744186046,0.0,0.0,0.023255813953488372,0.9287140485650786
bayes-fix-seed42,baseline_circle,0,356,1540568768,success,46,11.5,0.754685619796995,0,0.0,0,1.3811532104071855,13.756630780256312,15.4837965965271,10.634720274736571,16,1.391304347826087,7,0.6086956521739131,1,0.08695652173913043,8.540649734393668,0.8030911499085222,2,0.17391304347826086,0.05128205128205128,0.0,0.08695652173913043,0.7308912073487673
bayes-fix-seed42,baseline_circle,0,357,1540568769,success,43,10.75,0.2407922950329071,0,0.0,0,1.9807915292650213,14.10283408192701,15.64125120639801,8.645690640986665,22,2.046511627906977,8,0.7441860465116279,0,0.0,8.106166853437136,0.9375962187460414,2,0.18604651162790697,0.0,0.0,0.023255813953488372,0.9110964983818595
bayes-fix-seed42,baseline_circle,0,358,1540568770,success,44,11.0,0.29989837224403904,0,0.0,0,0.9231058653957976,13.74316325580532,15.14035388827324,9.086279595921997,23,2.090909090909091,9,0.8181818181818182,2,0.18181818181818182,12.250251496267126,1.3482142352041584,4,0.36363636363636365,0.0,0.0,0.06818181818181818,0.8553714551970393
bayes-fix-seed42,baseline_circle,0,359,1540568771,success,43,10.75,0.0993014161724931,0,0.0,5,0.6485411918236528,14.14183224009913,16.018857434391975,9.969353081367753,20,1.8604651162790697,9,0.8372093023255814,1,0.09302325581395349,10.579903147277188,1.061242696584849,2,0.18604651162790697,0.0,0.0,0.09302325581395349,0.7788193538331817
bayes-fix-seed42,baseline_circle,0,360,1540568772,success,45,11.25,0.38760636081039,0,0.0,0,1.781688016722162,13.979847149716484,15.42510837316513,9.575954066471997,16,1.4222222222222223,6,0.5333333333333333,0,0.0,9.217695375425391,0.9625876765323085,2,0.17777777777777778,0.0,0.0,0.044444444444444446,0.8160112960029272
bayes-fix-seed42,baseline_circle,0,361,1540568773,success,44,11.0,0.6615881866719976,0,0.0,0,1.3275717402109797,13.787328942932866,15.117699280381203,8.91279768358736,20,1.8181818181818181,7,0.6363636363636364,0,0.0,5.4916105707388105,0.6161489092085464,3,0.2727272727272727,0.0,0.0,0.045454545454545456,0.8803326894726501
bayes-fix-seed42,baseline_circle,0,362,1540568774,success,44,11.0,0.1516359923606091,0,0.0,1,0.8249138720375466,13.80319097502665,15.491769276559353,8.877387945571694,19,1.7272727272727273,5,0.45454545454545453,1,0.09090909090909091,8.92935097505561,1.005853414292865,3,0.2727272727272727,0.0,0.0,0.0,0.8726137498991651
bayes-fix-seed42,baseline_circle,0,363,1540568775,success,55,13.75,0.16641065418634093,0,0.0,1,1.1880388655241758,14.292383939027786,15.905867889523506,9.126516316314296,22,1.6,8,0.5818181818181818,0,0.0,7.64624331454947,0.8378052533452733,2,0.14545454545454545,0.0,0.0,0.03636363636363636,0.8573031989124456
bayes-fix-seed42,baseline_circle,0,364,1540568776,success,46,11.5,0.43784047248904534,0,0.0,0,1.2407752613947083,14.006228388651557,15.577901154756546,9.030924302634014,14,1.2173913043478262,5,0.43478260869565216,0,0.0,8.551068350626812,0.94686524480476,4,0.34782608695652173,0.0,0.0,0.021739130434782608,0.8630122868748717
bayes-fix-seed42,baseline_circle,0,365,1540568777,success,52,13.0,0.23534398815237578,0,0.0,0,2.0191280538463294,14.18429770721839,15.808298997581005,9.830786641457847,20,1.5384615384615385,8,0.6153846153846154,1,0.07692307692307693,12.238784044531727,1.2449445289473589,3,0.23076923076923078,0.0,0.0,0.057692307692307696,0.8053794170104892
bayes-fix-seed42,baseline_circle,0,366,1540568778,success,47,11.75,0.2944967232370541,0,0.0,0,1.7272379664922481,13.754521595670822,15.502479672431946,9.65126746054147,21,1.7872340425531914,8,0.6808510638297872,0,0.0,9.961452694590214,1.0321393262923149,2,0.1702127659574468,0.0,0.0,0.06382978723404255,0.8043347450284503
bayes-fix-seed42,baseline_circle,0,367,1540568779,success,46,11.5,0.20140777171220603,0,0.0,0,0.8895946818666007,14.127350452801455,15.495389699935913,8.949641950110152,25,2.1739130434782608,9,0.782608695652174,0,0.0,7.457195000006611,0.8332394794760284,4,0.34782608695652173,0.0,0.0,0.043478260869565216,0.8672346000124661
bayes-fix-seed42,baseline_circle,0,368,1540568780,success,44,11.0,0.29300458048112676,0,0.0,0,1.5522332875630378,13.868453235111453,15.364351123571396,8.724773951384973,15,1.3636363636363635,3,0.2727272727272727,0,0.0,4.598007968848425,0.5270059710966536,3,0.2727272727272727,0.0,0.0,0.045454545454545456,0.8854784382446964
bayes-fix-seed42,baseline_circle,0,369,1540568781,success,41,10.25,0.15915512959388356,0,0.0,2,0.9585436892572985,13.94135314153462,15.407994389533997,9.514879664019888,14,1.3658536585365855,6,0.5853658536585366,0,0.0,6.5258143328772205,0.6858535854693264,1,0.0975609756097561,0.0,0.0,0.0975609756097561,0.8145667605954462
bayes-fix-seed42,baseline_circle,0,370,1540568782,success,42,10.5,0.20470405044780982,0,0.0,0,0.5239263622414206,13.803355661886078,15.32046515494585,8.764979730368596,13,1.2380952380952381,7,0.6666666666666666,2,0.19047619047619047,8.130515736110997,0.9276137522532619,3,0.2857142857142857,0.0,0.0,0.023809523809523808,0.8881239326518038
bayes-fix-seed42,baseline_circle,0,371,1540568783,success,49,12.25,0.3516598747829174,0,0.0,0,1.3706497097645043,13.723309170834872,15.134722739458084,10.158872405730314,25,2.0408163265306123,8,0.6530612244897959,1,0.08163265306122448,12.544684716371837,1.2348501108544052,4,0.32653061224489793,0.0,0.0,0.061224489795918366,0.7734018095738531
bayes-fix-seed42,baseline_circle,0,372,1540568784,success,48,12.0,0.2952563926979319,0,0.0,0,2.7945748185711583,13.92468553967774,15.756524913012981,8.917243012199537,22,1.8333333333333333,10,0.8333333333333334,0,0.0,8.724052547613041,0.9783351800189595,3,0.25,0.0,0.0,0.020833333333333332,0.87560923922243
bayes-fix-seed42,baseline_circle,0,373,1540568785,success,54,13.5,0.28906026620275094,0,0.0,0,0.9427385037628782,14.102171209675294,15.468166396021841,10.186769473431145,17,1.2592592592592593,5,0.37037037037037035,0,0.0,5.908817665191496,0.5800482361559975,2,0.14814814814814814,0.02127659574468085,0.0,0.05555555555555555,0.7611002163566223
bayes-fix-seed42,baseline_circle,0,374,1540568786,success,44,11.0,0.1752634344126317,0,0.0,1,1.2499674009035144,13.940937309102578,15.967967733740807,8.47812645665683,24,2.1818181818181817,9,0.8181818181818182,0,0.0,10.085712614710376,1.1896157324701506,5,0.45454545454545453,0.0,0.0,0.022727272727272728,0.9167252931719979
bayes-fix-seed42,baseline_circle,0,375,1540568787,success,45,11.25,0.2733166028806825,0,0.0,0,1.3306624556353888,13.84141453438335,15.268585830926895,8.814888857869425,23,2.0444444444444443,10,0.8888888888888888,0,0.0,11.434595253667787,1.2971910863583538,5,0.4444444444444444,0.0,0.0,0.022222222222222223,0.8801895808493773
bayes-fix-seed42,baseline_circle,0,376,1540568788,success,61,15.25,0.08131315880858847,0,0.0,7,0.5177449003816774,14.20079696862424,15.828132629394531,13.877720368135318,33,2.1639344262295084,14,0.9180327868852459,2,0.13114754098360656,16.189301716934164,1.1665677998604493,5,0.32786885245901637,0.14814814814814814,0.09259259259259259,0.18032786885245902,0.5619563625190342
bayes-fix-seed42,baseline_circle,0,377,1540568789,success,45,11.25,0.28837202833732833,0,0.0,0,1.4002699547425947,14.002085477113724,15.669144690036774,8.942209926529845,22,1.9555555555555555,8,0.7111111111111111,1,0.08888888888888889,9.904380408423279,1.1075987356367978,6,0.5333333333333333,0.0,0.0,0.06666666666666667,0.8700605476607031
bayes-fix-seed42,baseline_circle,0,378,1540568790,success,43,10.75,0.23795893265999213,0,0.0,0,0.874375648473664,13.745660352152447,15.395577996969223,9.533074300150329,17,1.5813953488372092,10,0.9302325581395349,0,0.0,7.326814894844812,0.7685678999406597,4,0.37209302325581395,0.0,0.0,0.06976744186046512,0.8161570912835622
bayes-fix-seed42,baseline_circle,0,379,1540568791,success,44,11.0,0.49430925199260944,0,0.0,0,0.8841985786904629,13.613974506204778,15.320717543363571,9.29385805033246,21,1.9090909090909092,11,1.0,0,0.0,8.11302466022845,0.8729447573107953,2,0.18181818181818182,0.0,0.0,0.022727272727272728,0.8387931554339835
bayes-fix-seed42,baseline_circle,0,380,1540568792,success,42,10.5,0.251227570549451,0,0.0,0,0.8472482328815198,14.235233355845724,16.20100513100624,9.650968456046526,18,1.7142857142857142,10,0.9523809523809523,0,0.0,6.420396787610992,0.6652593277919673,2,0.19047619047619047,0.0,0.0,0.023809523809523808,0.801186103822006
bayes-fix-seed42,baseline_circle,0,381,1540568793,success,40,10.0,0.4798939736726514,0,0.0,0,1.0315676842980495,13.834917359054089,16.047952510416508,9.342755962879515,20,2.0,6,0.6,0,0.0,6.800947560643726,0.7279380503638476,3,0.3,0.0,0.0,0.05,0.838368555263786
bayes-fix-seed42,baseline_circle,0,382,1540568794,success,47,11.75,0.23215810195009878,0,0.0,0,1.0571374402987257,13.994192744189121,15.90992957353592,9.609090234623897,20,1.702127659574468,6,0.5106382978723404,0,0.0,6.090992488248838,0.6338781653128311,2,0.1702127659574468,0.0,0.0,0.0851063829787234,0.8140216551544891
bayes-fix-seed42,baseline_circle,0,383,1540568795,success,48,12.0,0.20495372696001457,0,0.0,0,0.6642086594236609,14.102196010450522,15.740075334906578,10.260571410945753,24,2.0,6,0.5,2,0.16666666666666666,10.263818631640437,1.0003164756195957,3,0.25,0.07317073170731707,0.0,0.125,0.7571152792907149
bayes-fix-seed42,baseline_circle,0,384,1540568796,success,39,9.75,0.1684847945810073,0,0.0,2,0.7796939332628656,13.487382385975275,15.197093784809113,8.924992232179228,17,1.7435897435897436,6,0.6153846153846154,0,0.0,5.688621565958062,0.637381122355225,4,0.41025641025641024,0.0,0.0,0.0,0.8703451876054146
bayes-fix-seed42,baseline_circle,0,385,1540568797,success,45,11.25,0.3150149141395632,0,0.0,0,1.2232472657807427,13.911478138632244,15.946979075670242,8.87948781394829,19,1.6888888888888889,6,0.5333333333333333,0,0.0,6.333386651623815,0.7132603573907781,3,0.26666666666666666,0.0,0.0,0.044444444444444446,0.8785454330187368
bayes-fix-seed42,baseline_circle,0,386,1540568798,success,62,15.5,0.18266197252427552,0,0.0,1,0.6184211113512552,14.005538857271594,15.77356569468975,13.913662367383274,35,2.2580645161290325,11,0.7096774193548387,6,0.3870967741935484,23.81318505068989,1.7114965436069012,7,0.45161290322580644,0.12727272727272726,0.05454545454545454,0.1774193548387097,0.5582694919841108
bayes-fix-seed42,baseline_circle,0,387,1540568799,success,45,11.25,0.17958187254528846,0,0.0,2,1.0845264432769932,13.826854113075468,15.28359055519104,8.865794848296588,31,2.7555555555555555,11,0.9777777777777777,1,0.08888888888888889,9.75159811780613,1.0999124483102307,3,0.26666666666666666,0.0,0.0,0.022222222222222223,0.8753923845672402
bayes-fix-seed42,baseline_circle,0,388,1540568800,success,44,11.0,0.2724243121082186,0,0.0,0,0.7198188674730688,13.715027069503611,15.198741853237152,8.498979057950697,23,2.090909090909091,9,0.8181818181818182,1,0.09090909090909091,6.466167456201922,0.7608169654392661,6,0.5454545454545454,0.0,0.0,0.022727272727272728,0.9111724234972406
bayes-fix-seed42,baseline_circle,0,389,1540568801,success,43,10.75,0.20493370380181164,0,0.0,0,1.7147049565651076,13.673518632733545,15.501810982823372,8.787081812079299,17,1.5813953488372092,10,0.9302325581395349,1,0.09302325581395349,7.810829473106902,0.8888991408239336,2,0.18604651162790697,0.0,0.0,0.023255813953488372,0.8979690379412946
bayes-fix-seed42,baseline_circle,0,390,1540568802,success,47,11.75,0.19513369581153905,0,0.0,1,1.020504172009125,13.967649178936126,15.194777771830559,9.399544045530988,19,1.6170212765957446,7,0.5957446808510638,0,0.0,5.9605930601523776,0.6341364039872063,2,0.1702127659574468,0.0,0.0,0.0,0.8289682196649779
bayes-fix-seed42,baseline_circle,0,391,1540568803,success,45,11.25,0.19620364476087793,0,0.0,1,0.9420118078446751,14.082327236731848,15.760204941034317,9.359500446493222,22,1.9555555555555555,13,1.1555555555555554,0,0.0,6.7482105382070126,0.7210011449633943,2,0.17777777777777778,0.0,0.0,0.0,0.8234190389916684
bayes-fix-seed42,baseline_circle,0,392,1540568804,success,44,11.0,0.25412840317241303,0,0.0,0,1.1084338602518875,13.751285065981476,16.006150282919407,9.094603740538911,21,1.9090909090909092,9,0.8181818181818182,0,0.0,5.1965294145670855,0.5713860177770823,3,0.2727272727272727,0.0,0.0,0.06818181818181818,0.8558300133801005
bayes-fix-seed42,baseline_circle,0,393,1540568805,success,45,11.25,0.248595816592603,0,0.0,0,2.716841840599924,13.828689522213406,15.8083938062191,8.670659506792965,23,2.0444444444444443,10,0.8888888888888888,1,0.08888888888888889,9.53725291997831,1.0999455015511124,4,0.35555555555555557,0.0,0.0,0.022222222222222223,0.8890861499612418
bayes-fix-seed42,baseline_circle,0,394,1540568806,success,42,10.5,0.3066509625497619,0,0.0,0,1.3023975771144323,14.21344413289002,16.33236687630415,8.662519623247498,21,2.0,7,0.6666666666666666,1,0.09523809523809523,7.560075048546598,0.8727339593272282,4,0.38095238095238093,0.0,0.0,0.047619047619047616,0.9064120943472136
bayes-fix-seed42,baseline_circle,0,395,1540568807,success,45,11.25,0.38206397527133507,0,0.0,0,2.861587850647206,13.603559053606457,14.926764369010925,8.760972925438114,23,2.0444444444444443,9,0.8,1,0.08888888888888889,7.437015197050165,0.8488800570831874,3,0.26666666666666666,0.0,0.0,0.022222222222222223,0.8970057468245409
bayes-fix-seed42,baseline_circle,0,396,1540568808,success,44,11.0,0.25906214618481826,0,0.0,0,1.2720044876207839,14.113894494419748,15.741018019616604,8.642102288768776,17,1.5454545454545454,6,0.5454545454545454,0,0.0,6.236258842240879,0.7216136344909367,3,0.2727272727272727,0.0,0.0,0.022727272727272728,0.915097921543699
bayes-fix-seed42,baseline_circle,0,397,1540568809,success,48,12.0,0.22655351666979595,0,0.0,0,0.9166211517311279,14.005706878378987,15.69544356316328,10.31944341924953,23,1.9166666666666667,10,0.8333333333333334,0,0.0,10.768341500215545,1.04350022212716,2,0.16666666666666666,0.04878048780487805,0.04878048780487805,0.10416666666666667,0.7490877565646049
bayes-fix-seed42,baseline_circle,0,398,1540568810,success,45,11.25,0.28825572014367473,0,0.0,0,0.9727067880482205,13.711120105452007,15.037329494953156,9.030887539807255,24,2.1333333333333333,9,0.8,0,0.0,9.919986005588209,1.0984508401706805,5,0.4444444444444444,0.0,0.0,0.0,0.8710551929246808
bayes-fix-seed42,baseline_circle,0,399,1540568811,success,48,12.0,0.4877645411950976,0,0.0,0,1.1601518969952698,13.763403908039132,15.214506350457668,9.950341597030818,20,1.6666666666666667,9,0.75,0,0.0,8.719187804502845,0.876270198312051,2,0.16666666666666666,0.0,0.0,0.041666666666666664,0.7774890367303906
bayes-fix-seed42,baseline_circle,0,400,1540568812,success,52,13.0,0.2029770276593591,0,0.0,0,0.9808930148978084,14.205629435869364,16.08976423740387,10.536013346467177,23,1.7692307692307692,10,0.7692307692307693,0,0.0,9.923686771292488,0.9418825171306366,4,0.3076923076923077,0.0,0.0,0.057692307692307696,0.7424839339973488
bayes-fix-seed42,baseline_circle,0,401,1540568813,success,44,11.0,0.4653725286549507,0,0.0,0,1.1165974465372024,13.892155055972664,15.207941271364689,9.21655352367217,18,1.6363636363636365,9,0.8181818181818182,0,0.0,5.992091723382458,0.6501445152997948,3,0.2727272727272727,0.0,0.0,0.06818181818181818,0.8483466132924393
bayes-fix-seed42,baseline_circle,0,402,1540568814,success,43,10.75,0.5366588627897001,0,0.0,0,1.5547471154945496,14.262858085161032,16.25758334994316,10.070411133281821,14,1.302325581395349,6,0.5581395348837209,0,0.0,5.940216217864261,0.589868292291699,2,0.18604651162790697,0.0,0.0,0.023255813953488372,0.7704176738753449
bayes-fix-seed42,baseline_circle,0,403,1540568815,success,50,12.5,0.192184694246348,0,0.0,1,2.065232612598325,13.985556960105896,15.476648509502411,9.905249092110704,23,1.84,5,0.4,2,0.16,14.123825226316702,1.4258929881496867,4,0.32,0.09302325581395349,0.09302325581395349,0.14,0.7990264331095456
bayes-fix-seed42,baseline_circle,0,404,1540568816,success,45,11.25,0.16781936751352766,0,0.0,2,0.7350385240383892,13.944399936331642,15.471844375133514,9.48614196824012,25,2.2222222222222223,8,0.7111111111111111,1,0.08888888888888889,9.570859615769471,1.008930674642335,5,0.4444444444444444,0.05263157894736842,0.02631578947368421,0.06666666666666667,0.814070998494843
bayes-fix-seed42,baseline_circle,0,405,1540568817,success,47,11.75,0.19697833337286774,0,0.0,1,0.7057652164754892,13.720220628571003,15.007216855883598,9.70025226651427,26,2.2127659574468086,8,0.6808510638297872,1,0.0851063829787234,12.795528521693381,1.3190923462747615,5,0.425531914893617,0.0,0.0,0.0425531914893617,0.7947865369876703
bayes-fix-seed42,baseline_circle,0,406,1540568818,success,43,10.75,0.25682946764820647,0,0.0,0,2.2674967123734517,13.716482059207074,14.964596927165985,8.95755578398691,16,1.4883720930232558,8,0.7441860465116279,1,0.09302325581395349,7.7042692106620745,0.860086098981902,3,0.27906976744186046,0.0,0.0,0.046511627906976744,0.8731326538926142
bayes-fix-seed42,baseline_circle,0,407,1540568819,success,46,11.5,0.3975956736606858,0,0.0,0,1.3094002353971146,14.306058945215266,16.087856143712997,8.649134595498007,15,1.3043478260869565,10,0.8695652173913043,0,0.0,6.122721385699926,0.7078998850228191,3,0.2608695652173913,0.0,0.0,0.021739130434782608,0.8978813488482809
bayes-fix-seed42,baseline_circle,0,408,1540568820,success,39,9.75,0.2103917195218291,0,0.0,0,1.2757024067538971,13.563281832597195,15.244915336370468,9.233720238929756,19,1.9487179487179487,10,1.0256410256410255,1,0.10256410256410256,9.714294794663193,1.05204560494559,3,0.3076923076923077,0.0,0.0,0.02564102564102564,0.8363696941799489
bayes-fix-seed42,baseline_circle,0,409,1540568821,success,44,11.0,0.3814391799443694,0,0.0,0,1.9249863856102998,13.644564896821976,15.607205405831337,8.546852127861174,16,1.4545454545454546,6,0.5454545454545454,0,0.0,6.167873818764219,0.7216544438224314,4,0.36363636363636365,0.0,0.0,0.022727272727272728,0.9205214204843067
bayes-fix-seed42,baseline_circle,0,410,1540568822,success,47,11.75,0.24069393744816203,0,0.0,0,1.80093458486061,13.714855021618781,15.626025572419167,9.002442326180761,20,1.702127659574468,7,0.5957446808510638,0,0.0,6.516087928932486,0.7238133489600375,3,0.2553191489361702,0.0,0.0,0.06382978723404255,0.8627001807594191
bayes-fix-seed42,baseline_circle,0,411,1540568823,success,52,13.0,0.16969874300243803,0,0.0,2,0.8236087169841885,13.969458209780546,15.237359888851643,9.839067687881172,24,1.8461538461538463,7,0.5384615384615384,1,0.07692307692307693,11.065142237150694,1.1246128787974172,3,0.23076923076923078,0.06666666666666667,0.06666666666666667,0.09615384615384616,0.8053970474060443
bayes-fix-seed42,baseline_circle,0,412,1540568824,success,50,12.5,0.19874947458867376,0,0.0,1,1.6496611756350092,13.848549798130989,15.42560551315546,9.163419011514371,22,1.76,11,0.88,1,0.08,9.388534173433733,1.0245667213991296,3,0.24,0.0,0.0,0.04,0.8604127495206515
bayes-fix-seed42,baseline_circle,0,413,1540568825,success,45,11.25,0.19904629357185488,0,0.0,1,0.7251756029749505,14.03210237622261,15.843797475099564,8.99085120214431,20,1.7777777777777777,10,0.8888888888888888,0,0.0,8.082375396291958,0.898955528745078,4,0.35555555555555557,0.0,0.0,0.044444444444444446,0.8626302647624567
bayes-fix-seed42,baseline_circle,0,414,1540568826,success,46,11.5,0.3556391873394379,0,0.0,0,1.3262788508447887,13.88961724613024,15.459669753909111,8.85118170476739,13,1.1304347826086956,7,0.6086956521739131,0,0.0,5.044960803423656,0.5699759615946376,1,0.08695652173913043,0.0,0.0,0.043478260869565216,0.8811002835589192
bayes-fix-seed42,baseline_circle,0,415,1540568827,success,45,11.25,0.4968010252690934,0,0.0,0,0.9048135523272081,13.819122562805811,15.606557577848434,9.238481960077939,16,1.4222222222222223,9,0.8,0,0.0,6.788718368967554,0.7348305055206582,2,0.17777777777777778,0.0,0.0,0.06666666666666667,0.848690560676777
bayes-fix-seed42,baseline_circle,0,416,1540568828,success,45,11.25,0.477332647368497,0,0.0,0,0.9663705484491981,13.921179622411728,15.188898891210556,9.380614252721452,17,1.511111111111111,6,0.5333333333333333,1,0.08888888888888889,6.996617504544711,0.7458592066628144,4,0.35555555555555557,0.05263157894736842,0.02631578947368421,0.08888888888888889,0.8268437072030104
bayes-fix-seed42,baseline_circle,0,417,1540568829,success,47,11.75,0.22402216308462974,0,0.0,0,2.938730373976741,13.968649221227524,15.248635038733482,9.516093094617034,27,2.297872340425532,10,0.851063829787234,0,0.0,9.58051204339993,1.0067694744200575,3,0.2553191489361702,0.0,0.0,0.02127659574468085,0.8284465375351303
bayes-fix-seed42,baseline_circle,0,418,1540568830,success,42,10.5,0.27560391412398744,0,0.0,0,0.783163164722774,13.69755839308103,15.180236287415028,8.319112656587242,21,2.0,6,0.5714285714285714,0,0.0,6.227054413235251,0.7485238715098471,3,0.2857142857142857,0.0,0.0,0.0,0.9356284938480812
bayes-fix-seed42,baseline_circle,0,419,1540568831,success,40,10.0,0.27211352468603645,0,0.0,0,0.9001206443113455,13.66844391450286,15.166423656046389,9.20175485081042,15,1.5,7,0.7,0,0.0,5.088530812234783,0.5529956942709274,1,0.1,0.0,0.0,0.075,0.8595140940256621
bayes-fix-seed42,baseline_circle,0,420,1540568832,success,43,10.75,0.2123956597252038,0,0.0,0,0.9215859863632495,13.471959375364836,14.736303687095642,9.047479064234048,16,1.4883720930232558,9,0.8372093023255814,0,0.0,5.535956036363659,0.6118782919595878,3,0.27906976744186046,0.0,0.0,0.06976744186046512,0.8684818191481652
bayes-fix-seed42,baseline_circle,0,421,1540568833,success,47,11.75,0.19682878843853935,0,0.0,1,1.0788311354106366,13.910396381261501,15.421207994222641,10.170958807027313,20,1.702127659574468,9,0.7659574468085106,1,0.0851063829787234,9.415736636652717,0.9257471999736349,2,0.1702127659574468,0.075,0.05,0.0851063829787234,0.7651666013917343
bayes-fix-seed42,baseline_circle,0,422,1540568834,success,51,12.75,0.4756725367005227,0,0.0,0,0.9675228489889451,14.51765066560577,16.093982383608818,9.544511120583946,27,2.1176470588235294,13,1.0196078431372548,0,0.0,11.294511504249494,1.1833514950693964,5,0.39215686274509803,0.0,0.0,0.0392156862745098,0.8197879452200028
bayes-fix-seed42,baseline_circle,0,423,1540568835,success,46,11.5,0.3660263023645568,0,0.0,0,1.5700535698124767,14.118510986799778,15.456975437700748,9.207669951774532,13,1.1304347826086956,5,0.43478260869565216,1,0.08695652173913043,7.29806630030188,0.7926072870254621,3,0.2608695652173913,0.0,0.0,0.043478260869565216,0.8535357548455744
bayes-fix-seed42,baseline_circle,0,424,1540568836,success,42,10.5,0.25852907514057233,0,0.0,0,0.9762024572113945,13.895424969849133,15.327521972358227,9.377784641140929,19,1.8095238095238095,13,1.2380952380952381,0,0.0,7.2585370269027045,0.7740140453918133,2,0.19047619047619047,0.0,0.0,0.023809523809523808,0.83211533389074
bayes-fix-seed42,baseline_circle,0,425,1540568837,success,44,11.0,0.21333565190682047,0,0.0,0,1.2442970871203651,13.988453217528082,15.345398522913456,8.915460252682559,21,1.9090909090909092,5,0.45454545454545453,0,0.0,6.220867229328311,0.6977617591258426,3,0.2727272727272727,0.0,0.0,0.045454545454545456,0.8826054256669419
bayes-fix-seed42,baseline_circle,0,426,1540568838,success,47,11.75,0.3083586020988869,0,0.0,0,1.6546370062981879,14.393911161955367,16.000588983297348,9.299744096058264,22,1.872340425531915,8,0.6808510638297872,1,0.0851063829787234,11.33606309377453,1.2189650571760753,6,0.5106382978723404,0.0,0.0,0.0425531914893617,0.8405721362055917
bayes-fix-seed42,baseline_circle,0,427,1540568839,success,41,10.25,0.3296324129994086,0,0.0,0,1.2772503881124837,13.869384439980111,14.929041266441345,8.62285296507297,21,2.048780487804878,9,0.8780487804878049,2,0.1951219512195122,10.837970275397588,1.2568891432217377,4,0.3902439024390244,0.0,0.0,0.07317073170731707,0.9005772643436523
bayes-fix-seed42,baseline_circle,0,428,1540568840,success,46,11.5,0.19644608168988964,0,0.0,1,1.8751582236677897,14.260986091002174,16.013690270483494,8.996536426352591,20,1.7391304347826086,9,0.782608695652174,1,0.08695652173913043,11.047866789099892,1.2280133448622026,5,0.43478260869565216,0.0,0.0,0.06521739130434782,0.872209394708109
bayes-fix-seed42,baseline_circle,0,429,1540568841,success,47,11.75,0.23955787072281265,0,0.0,0,0.965754649249333,13.83346770989134,15.214281529188156,9.404042148352357,24,2.0425531914893615,17,1.446808510638298,0,0.0,9.279672258488615,0.9867748476770138,2,0.1702127659574468,0.025,0.025,0.06382978723404255,0.8300141965944144
bayes-fix-seed42,baseline_circle,0,430,1540568842,success,43,10.75,0.18109874376619806,0,0.0,1,0.7714791489078748,14.47497446869695,16.161378100514412,8.504122410718159,14,1.302325581395349,4,0.37209302325581395,1,0.09302325581395349,5.096947708761838,0.5993502283478312,4,0.37209302325581395,0.0,0.0,0.023255813953488372,0.915102454379568
bayes-fix-seed42,baseline_circle,0,431,1540568843,success,41,10.25,0.22685345961198822,0,0.0,0,1.7298705087868056,13.515483497119531,15.214938670396805,8.484466559048391,18,1.7560975609756098,10,0.975609756097561,0,0.0,4.888804836182641,0.5762065065798272,1,0.0975609756097561,0.0,0.0,0.0,0.9091811917892668
bayes-fix-seed42,baseline_circle,0,432,1540568844,success,52,13.0,0.19908414845509004,0,0.0,1,0.7957533764419242,14.46476521400305,15.32037928700447,12.236081018523473,25,1.9230769230769231,9,0.6923076923076923,0,0.0,9.82212905864107,0.8027185373954238,3,0.23076923076923078,0.022222222222222223,0.0,0.057692307692307696,0.6318267510366408
bayes-fix-seed42,baseline_circle,0,433,1540568845,success,46,11.5,0.35268394734722275,0,0.0,0,0.7318471209337175,14.261252368273942,16.166704706847668,8.879555357923469,22,1.9130434782608696,10,0.8695652173913043,1,0.08695652173913043,7.878688051175237,0.8872840737621923,2,0.17391304347826086,0.0,0.0,0.021739130434782608,0.8692600979155056
bayes-fix-seed42,baseline_circle,0,434,1540568846,success,43,10.75,0.3441587522728815,0,0.0,0,1.0856886007234825,13.86806819328042,15.171968564391136,9.097334639082787,17,1.5813953488372092,6,0.5581395348837209,0,0.0,5.00020189827714,0.5496337220350148,2,0.18604651162790697,0.0,0.0,0.0,0.8529265604195958
bayes-fix-seed42,baseline_circle,0,435,1540568847,success,45,11.25,0.1936325843441813,0,0.0,1,0.6720625690653342,13.700632999340693,15.301291644573212,9.308603464087138,15,1.3333333333333333,3,0.26666666666666666,1,0.08888888888888889,7.540184346991933,0.8100231550395484,5,0.4444444444444444,0.02631578947368421,0.02631578947368421,0.06666666666666667,0.8330321771067137
bayes-fix-seed42,baseline_circle,0,436,1540568848,success,45,11.25,0.594555111309366,0,0.0,0,0.9156405559127039,13.868625544839436,15.355009585618973,9.077230762447627,16,1.4222222222222223,9,0.8,0,0.0,5.387329258766084,0.5934992069446321,2,0.17777777777777778,0.0,0.0,0.06666666666666667,0.8538554385288556
bayes-fix-seed42,baseline_circle,0,437,1540568849,success,48,12.0,0.716771629547332,0,0.0,0,1.4540376157850294,13.866681993628541,15.029227919876575,8.389021890000258,17,1.4166666666666667,6,0.5,0,0.0,5.804881353934069,0.6919616410649144,4,0.3333333333333333,0.0,0.0,0.020833333333333332,0.9217172903239085
bayes-fix-seed42,baseline_circle,0,438,1540568850,success,40,10.0,0.1941528668467476,0,0.0,1,1.2331542077512572,13.883282896131277,15.553889982402325,9.727960944462815,17,1.7,10,1.0,0,0.0,5.936813066336859,0.6102833985693693,1,0.1,0.0,0.0,0.0,0.8036588006009836
bayes-fix-seed42,baseline_circle,0,439,1540568851,success,44,11.0,0.29986059780271546,0,0.0,0,2.0926439320762396,13.58115105805072,14.768912270665169,9.137308698129056,21,1.9090909090909092,8,0.7272727272727273,3,0.2727272727272727,12.710514431638742,1.3910566942147125,4,0.36363636363636365,0.0,0.0,0.06818181818181818,0.8476051449068343
bayes-fix-seed42,baseline_circle,0,440,1540568852,success,45,11.25,0.23421393352445052,0,0.0,0,1.3397480888679245,13.907676107353634,15.762762725353241,8.16382403522603,25,2.2222222222222223,15,1.3333333333333333,0,0.0,7.528850937858004,0.9222211190946565,5,0.4444444444444444,0.0,0.0,0.0,0.9433044127417683
bayes-fix-seed42,baseline_circle,0,441,1540568853,success,45,11.25,0.3507004296421572,0,0.0,0,1.1174724564297869,14.27301855550872,16.135578602552414,9.588334076648463,18,1.6,6,0.5333333333333333,0,0.0,5.425021990395717,0.5657940104118687,2,0.17777777777777778,0.0,0.0,0.044444444444444446,0.8150229974194664
bayes-fix-seed42,baseline_circle,0,442,1540568854,success,49,12.25,0.1965702560054564,0,0.0,1,0.7338161803528972,14.051817737671794,15.343284606933594,10.003045840003166,28,2.2857142857142856,11,0.8979591836734694,1,0.08163265306122448,11.198880658963123,1.1195470697712586,4,0.32653061224489793,0.023809523809523808,0.0,0.061224489795918366,0.7855874754847324
bayes-fix-seed42,baseline_circle,0,443,1540568855,success,47,11.75,0.20932296971614295,0,0.0,0,0.9080073030010873,13.816215652734675,15.145641937851904,10.057733653058207,19,1.6170212765957446,3,0.2553191489361702,1,0.0851063829787234,10.117687107583414,1.0059609308213264,2,0.1702127659574468,0.05,0.0,0.1702127659574468,0.7726532025432474
bayes-fix-seed42,baseline_circle,0,444,1540568856,success,43,10.75,0.3539632916278642,0,0.0,0,1.651609771568558,13.475559651851654,14.979216828942299,8.344431066329985,13,1.2093023255813953,6,0.5581395348837209,0,0.0,5.2234820325475715,0.625984203239987,3,0.27906976744186046,0.0,0.0,0.023255813953488372,0.9293550903788086
bayes-fix-seed42,baseline_circle,0,445,1540568857,success,39,9.75,0.3654711272155394,0,0.0,0,1.023143964210375,14.823703238597282,16.55276194214821,9.233804896711055,16,1.641025641025641,6,0.6153846153846154,0,0.0,5.243592027284341,0.5678690513757801,1,0.10256410256410256,0.0,0.0,0.0,0.8430756806851621
bayes-fix-seed42,baseline_circle,0,446,1540568858,success,49,12.25,0.5043890676569512,0,0.0,0,1.8781416443689987,14.072676322289876,15.418066084384918,9.546556789561516,26,2.122448979591837,13,1.0612244897959184,1,0.08163265306122448,12.636549531071415,1.3236761493828422,3,0.24489795918367346,0.0,0.0,0.04081632653061224,0.8258394680488135
bayes-fix-seed42,baseline_circle,0,447,1540568859,success,38,9.5,0.43941107982945826,0,0.0,0,1.12064143768374,13.6040044262221,15.483333356678486,9.19045196877762,11,1.1578947368421053,4,0.42105263157894735,0,0.0,5.885583926372879,0.6404020113883142,1,0.10526315789473684,0.0,0.0,0.05263157894736842,0.8475714715470206
bayes-fix-seed42,baseline_circle,0,448,1540568860,success,45,11.25,0.5675271877256624,0,0.0,0,0.9063795272643791,14.056510312689674,15.70792943239212,9.392218965217374,17,1.511111111111111,8,0.7111111111111111,0,0.0,6.221027553370169,0.6623597231291966,3,0.26666666666666666,0.02631578947368421,0.0,0.08888888888888889,0.829064201330279
bayes-fix-seed42,baseline_circle,0,449,1540568861,success,44,11.0,0.2775117892749238,0,0.0,0,1.0855136274324586,14.36620434238152,16.191682033240795,10.077745826515592,17,1.5454545454545454,9,0.8181818181818182,0,0.0,8.323023775391363,0.8258814936066978,2,0.18181818181818182,0.0,0.0,0.045454545454545456,0.7679461579239811
bayes-fix-seed42,baseline_circle,0,450,1540568862,success,42,10.5,0.2265728955717149,0,0.0,0,0.8360300769728326,14.167966675900278,15.269537270069122,9.614822396004651,18,1.7142857142857142,6,0.5714285714285714,0,0.0,6.995296665371036,0.7275533938388571,3,0.2857142857142857,0.05714285714285714,0.0,0.09523809523809523,0.811154423101869
bayes-fix-seed42,baseline_circle,0,451,1540568863,success,51,12.75,0.18078985179377727,0,0.0,2,1.1662305386196572,14.46055657431191,15.908004716038704,9.642663849267056,22,1.7254901960784315,9,0.7058823529411765,1,0.0784313725490196,12.476422413867134,1.2938771493953378,5,0.39215686274509803,0.06818181818181818,0.06818181818181818,0.11764705882352941,0.8093237309595804
bayes-fix-seed42,baseline_circle,0,452,1540568864,success,44,11.0,0.3298526866966618,0,0.0,0,1.0208345851345555,13.872341845523227,15.74732605367899,8.71438069686267,22,2.0,13,1.1818181818181819,1,0.09090909090909091,7.8326676692857236,0.8988209193231164,2,0.18181818181818182,0.0,0.0,0.045454545454545456,0.8893901794086252
bayes-fix-seed42,baseline_circle,0,453,1540568865,success,50,12.5,0.23162162977305223,0,0.0,0,1.4973171796623796,14.720906540751457,16.243741661310196,9.550790523498407,20,1.6,12,0.96,0,0.0,7.7846354083583975,0.8150775989909288,2,0.16,0.0,0.0,0.04,0.8188723792758162
bayes-fix-seed42,baseline_circle,0,454,1540568866,success,45,11.25,0.33986585380501255,0,0.0,0,1.2803214381079573,13.810323427120844,15.392425656318665,9.496630625153824,21,1.8666666666666667,8,0.7111111111111111,1,0.08888888888888889,9.545868703110694,1.005184794470836,3,0.26666666666666666,0.0,0.0,0.08888888888888889,0.8217453093516404
bayes-fix-seed42,baseline_circle,0,455,1540568867,success,45,11.25,0.8380901426500159,0,0.0,0,2.096683140421954,13.858194980356428,15.087099373340607,8.95773172350799,18,1.6,10,0.8888888888888888,2,0.17777777777777778,10.487997813043588,1.1708318731537453,2,0.17777777777777778,0.0,0.0,0.044444444444444446,0.8782847304341092
bayes-fix-seed42,baseline_circle,0,456,1540568868,success,45,11.25,0.34239016876344497,0,0.0,0,1.1648755421200132,13.770299570428001,15.046503394842148,9.087554644722662,17,1.511111111111111,9,0.8,0,0.0,6.283886072920582,0.691482617556503,3,0.26666666666666666,0.0,0.0,0.06666666666666667,0.8582162558614032
bayes-fix-seed42,baseline_circle,0,457,1540568869,success,48,12.0,0.19181566727990074,0,0.0,1,1.1102067492611865,13.666226450974742,15.248546376824379,9.884100124197515,21,1.75,10,0.8333333333333334,0,0.0,8.730801481938183,0.8833177904141307,3,0.25,0.0,0.0,0.041666666666666664,0.7909508665122462
bayes-fix-seed42,baseline_circle,0,458,1540568870,success,50,12.5,0.49068558458946543,0,0.0,0,1.629620969522092,14.68088410794735,16.07775203883648,9.900648965692085,28,2.24,14,1.12,3,0.24,17.158902682414826,1.7331088842634639,8,0.64,0.09302325581395349,0.09302325581395349,0.12,0.7872960404477314
bayes-fix-seed42,baseline_circle,0,459,1540568871,success,44,11.0,0.26337242615150225,0,0.0,0,0.9675109548661079,14.551354402845556,15.577208250761032,8.857484119329301,23,2.090909090909091,16,1.4545454545454546,1,0.09090909090909091,9.125456278700405,1.0302537555541669,2,0.18181818181818182,0.0,0.0,0.045454545454545456,0.8760049724691575
bayes-fix-seed42,baseline_circle,0,460,1540568872,success,47,11.75,0.2844266739319745,0,0.0,0,1.0525243313586874,13.945177355979352,15.1368398219347,9.376998866218164,18,1.5319148936170213,7,0.5957446808510638,0,0.0,7.25176987087306,0.7733572302113085,2,0.1702127659574468,0.025,0.025,0.06382978723404255,0.829893192189306
bayes-fix-seed42,baseline_circle,0,461,1540568873,success,46,11.5,0.2550308964126886,0,0.0,0,1.6273563050284865,13.726808535663977,14.857340604066849,8.610331815628681,24,2.0869565217391304,11,0.9565217391304348,1,0.08695652173913043,11.225562803591409,1.3037317311297807,4,0.34782608695652173,0.0,0.0,0.06521739130434782,0.8993419767202248
bayes-fix-seed42,baseline_circle,0,462,1540568874,success,43,10.75,0.5370821566900422,0,0.0,0,0.7353008276486891,13.57575661914293,14.841773733496666,8.884247140592723,20,1.8604651162790697,12,1.1162790697674418,0,0.0,7.837708001468335,0.8822028335588864,2,0.18604651162790697,0.0,0.0,0.0,0.8786966418698269
bayes-fix-seed42,baseline_circle,0,463,1540568875,success,48,12.0,0.6632707629805362,0,0.0,0,1.3325995920874218,13.990084795902172,16.04543887078762,8.682280649361974,18,1.5,4,0.3333333333333333,0,0.0,5.0856426283511045,0.5857496242908051,2,0.16666666666666666,0.0,0.0,0.020833333333333332,0.8968822573603821
bayes-fix-seed42,baseline_circle,0,464,1540568876,success,40,10.0,0.4005266933377657,0,0.0,0,0.6361302287675333,13.50165931507945,15.104903094470501,9.328902952703306,9,0.9,3,0.3,0,0.0,6.276509176463316,0.6728024943859583,2,0.2,0.0,0.0,0.075,0.8285413207077361
bayes-fix-seed42,baseline_circle,0,465,1540568877,success,46,11.5,0.2715593502526068,0,0.0,0,2.293297795809161,14.002089024237964,15.098518691956997,9.146057695827587,21,1.826086956521739,6,0.5217391304347826,0,0.0,8.768613921838003,0.9587315336790657,3,0.2608695652173913,0.0,0.0,0.0,0.8623253846464245
bayes-fix-seed42,baseline_circle,0,466,1540568878,success,45,11.25,0.3144962066315834,0,0.0,0,1.3056575356750257,13.518349495198992,14.522049576044083,9.472845618233329,18,1.6,5,0.4444444444444444,1,0.08888888888888889,9.088612969033417,0.9594385188268727,6,0.5333333333333333,0.0,0.0,0.06666666666666667,0.8219355890039093
bayes-fix-seed42,baseline_circle,0,467,1540568879,success,47,11.75,0.16337687204465667,0,0.0,2,0.8434126281893566,13.810609724927456,15.039516240358353,9.876321819445698,22,1.872340425531915,9,0.7659574468085106,0,0.0,8.682103719540125,0.8790827069289853,2,0.1702127659574468,0.025,0.0,0.0851063829787234,0.786141916884087
bayes-fix-seed42,baseline_circle,0,468,1540568880,success,42,10.5,0.30022395104497557,0,0.0,0,0.9892360952634427,13.716535820137887,15.026378445327282,8.594559671680239,13,1.2380952380952381,4,0.38095238095238093,0,0.0,4.405926010562065,0.5126412729531616,3,0.2857142857142857,0.0,0.0,0.0,0.9050035731874543
bayes-fix-seed42,baseline_circle,0,469,1540568881,success,50,12.5,0.23400631291982998,0,0.0,0,0.8775735117758494,14.268440157175064,15.993669629096985,9.345603115725982,25,2.0,10,0.8,0,0.0,8.956763649616185,0.9583933255783684,1,0.08,0.0,0.0,0.06,0.8313784424860561
bayes-fix-seed42,baseline_circle,0,470,1540568882,success,42,10.5,0.22123828589000705,0,0.0,0,0.6781487765721744,14.094822552232515,15.282451547682285,8.517062896643287,11,1.0476190476190477,6,0.5714285714285714,0,0.0,4.0960248529229535,0.4809198784404027,1,0.09523809523809523,0.0,0.0,0.023809523809523808,0.9138291983674731
bayes-fix-seed42,baseline_circle,0,471,1540568883,success,41,10.25,0.32788688890941553,0,0.0,0,0.7646768477765682,13.54825042369889,15.067975968122482,9.109474557761905,16,1.5609756097560976,5,0.4878048780487805,0,0.0,5.294992650214027,0.5812621372000348,3,0.2926829268292683,0.0,0.0,0.07317073170731707,0.8589935953568214
bayes-fix-seed42,baseline_circle,0,472,1540568884,success,45,11.25,0.19614229225059165,0,0.0,2,0.4428567926670993,13.726479808489481,15.46984612941742,9.718317784698115,17,1.511111111111111,7,0.6222222222222222,1,0.08888888888888889,8.244229693309684,0.8483185954559499,1,0.08888888888888889,0.0,0.0,0.022222222222222223,0.8140825812649668
bayes-fix-seed42,baseline_circle,0,473,1540568885,success,44,11.0,0.22442999174358869,0,0.0,0,1.0671641878539064,13.684783384881236,15.141588635742664,9.076131978052029,20,1.8181818181818181,6,0.5454545454545454,0,0.0,6.967117165263966,0.7676306583147867,6,0.5454545454545454,0.0,0.0,0.06818181818181818,0.8572931841044841
bayes-fix-seed42,baseline_circle,0,474,1540568886,success,45,11.25,0.21193350484406914,0,0.0,0,0.8905180301925855,13.95711319314109,15.62286242842674,9.330389523926069,21,1.8666666666666667,10,0.8888888888888888,0,0.0,7.159133776781875,0.7672920576813639,3,0.26666666666666666,0.02631578947368421,0.0,0.06666666666666667,0.8283996151947489
bayes-fix-seed42,baseline_circle,0,475,1540568887,success,45,11.25,0.47162206789519423,0,0.0,0,0.9279092428559685,13.373336030377281,14.666672796010971,9.129224707308747,14,1.2444444444444445,6,0.5333333333333333,1,0.08888888888888889,6.904508420446015,0.7563083001909624,4,0.35555555555555557,0.0,0.0,0.044444444444444446,0.8470999502847177
bayes-fix-seed42,baseline_circle,0,476,1540568888,success,46,11.5,0.2863919454731424,0,0.0,0,1.2279757604574566,13.712241273859274,15.095786191523075,9.16373684531307,20,1.7391304347826086,11,0.9565217391304348,0,0.0,6.293064695052862,0.6867356408506584,3,0.2608695652173913,0.0,0.0,0.06521739130434782,0.8556421894532088
bayes-fix-seed42,baseline_circle,0,477,1540568889,success,46,11.5,0.28928978342438405,0,0.0,0,1.1172686366469506,13.758871461386265,15.4180396348238,9.599423686654216,15,1.3043478260869565,3,0.2608695652173913,0,0.0,7.153461711142817,0.7451969977206084,3,0.2608695652173913,0.0,0.0,0.021739130434782608,0.8097453222962493
bayes-fix-seed42,baseline_circle,0,478,1540568890,success,36,9.0,0.234851515181296,0,0.0,0,0.47980600107847515,13.50338529381487,14.797285199165344,8.774871777835566,11,1.2222222222222223,4,0.4444444444444444,0,0.0,3.1909921134798465,0.3636511386456915,1,0.1111111111111111,0.0,0.0,0.0,0.8881696537491262
bayes-fix-seed42,baseline_circle,0,479,1540568891,success,45,11.25,0.23631644650431904,0,0.0,0,0.7464373781430945,13.63801293902927,15.037765353918076,9.713500955744367,18,1.6,7,0.6222222222222222,3,0.26666666666666666,8.84776425583392,0.9108728455523064,2,0.17777777777777778,0.02631578947368421,0.02631578947368421,0.06666666666666667,0.8011129029983772
bayes-fix-seed42,baseline_circle,0,480,1540568892,success,44,11.0,0.711848576571925,0,0.0,0,2.5710649081553534,14.445795677602291,15.787305124104023,8.725512187150896,23,2.090909090909091,10,0.9090909090909091,0,0.0,7.987129780437877,0.9153766116102212,3,0.2727272727272727,0.0,0.0,0.045454545454545456,0.8990379143168392
bayes-fix-seed42,baseline_circle,0,481,1540568893,success,42,10.5,0.24475105305743983,0,0.0,0,0.9714321474223947,14.21834874366011,15.484407730400562,8.889414774163004,18,1.7142857142857142,11,1.0476190476190477,0,0.0,6.428080790750757,0.7231163078849588,3,0.2857142857142857,0.0,0.0,0.047619047619047616,0.879470381068849
bayes-fix-seed42,baseline_circle,0,482,1540568894,success,50,12.5,0.1703205519231017,0,0.0,1,0.8364099580423406,14.058962985873222,15.530086681246758,11.103395050759026,19,1.52,7,0.56,1,0.08,11.639593488432332,1.048291395129335,2,0.16,0.0,0.0,0.1,0.7022941474113271
bayes-fix-seed42,baseline_circle,0,483,1540568895,success,44,11.0,0.40240523276100626,0,0.0,0,0.791804607796384,13.61286902630871,15.163111872971058,9.162828775169809,23,2.090909090909091,13,1.1818181818181819,0,0.0,7.188835859023062,0.7845651201628873,2,0.18181818181818182,0.0,0.0,0.045454545454545456,0.8475925488064412
bayes-fix-seed42,baseline_circle,0,484,1540568896,success,45,11.25,0.19788775887871313,0,0.0,1,0.515609974419441,13.936804317765766,14.874271303415298,8.500588281878397,30,2.6666666666666665,12,1.0666666666666667,1,0.08888888888888889,9.982272066665477,1.1743036758933194,5,0.4444444444444444,0.0,0.0,0.022222222222222223,0.9115159976768054
bayes-fix-seed42,baseline_circle,0,485,1540568897,success,40,10.0,0.1539119296874938,0,0.0,6,0.5258136508489109,13.741798140108585,15.35840630531311,9.553310939427531,14,1.4,6,0.6,0,0.0,5.165898824720374,0.5407443406243756,2,0.2,0.0,0.0,0.0,0.8161627248236458
bayes-fix-seed42,baseline_circle,0,486,1540568898,success,39,9.75,0.5010483700914282,0,0.0,0,0.8431184240036901,13.739538689454397,15.468375757336617,9.374337493264038,12,1.2307692307692308,8,0.8205128205128205,0,0.0,5.49311510728386,0.5859736873385406,1,0.10256410256410256,0.0,0.0,0.0,0.8337319468764973
bayes-fix-seed42,baseline_circle,0,487,1540568899,success,43,10.75,0.2157696667508614,0,0.0,0,0.6250617800009479,14.572698449672655,16.35352112352848,8.667595147205285,18,1.6744186046511629,9,0.8372093023255814,1,0.09302325581395349,8.055222857935453,0.9293492279150486,3,0.27906976744186046,0.0,0.0,0.046511627906976744,0.8987666048814833
bayes-fix-seed42,baseline_circle,0,488,1540568900,success,42,10.5,0.6151096427592372,0,0.0,0,1.3645284675567193,13.467240901220412,15.343228913843632,9.301274115161046,14,1.3333333333333333,5,0.47619047619047616,0,0.0,6.257201144169783,0.6727251628860788,3,0.2857142857142857,0.0,0.0,0.047619047619047616,0.8434364203394872
bayes-fix-seed42,baseline_circle,0,489,1540568901,success,49,12.25,0.46922933671806943,0,0.0,0,3.04084587825421,14.245324597066762,15.541382879018784,9.496222630162007,26,2.122448979591837,11,0.8979591836734694,2,0.16326530612244897,14.18933139428782,1.49420795477346,3,0.24489795918367346,0.0,0.0,0.061224489795918366,0.8252904718120972
bayes-fix-seed42,baseline_circle,0,490,1540568902,success,43,10.75,0.41918977567872784,0,0.0,0,0.990294405700215,13.717393455810326,15.33401645720005,9.049886010693095,21,1.9534883720930232,8,0.7441860465116279,0,0.0,7.093280063080083,0.7837977246010458,5,0.46511627906976744,0.0,0.0,0.06976744186046512,0.8648992648536612
bayes-fix-seed42,baseline_circle,0,491,1540568903,success,45,11.25,0.5187639914699177,0,0.0,0,1.359288345668708,14.250773439804712,15.645598620176315,9.23047981493611,20,1.7777777777777777,9,0.8,1,0.08888888888888889,7.608571347760556,0.8242877402157256,3,0.26666666666666666,0.0,0.0,0.06666666666666667,0.8519383853159858
bayes-fix-seed42,baseline_circle,0,492,1540568904,success,43,10.75,0.28899145342611365,0,0.0,0,1.1691628406799437,13.300317404575127,15.272045135498047,10.244584995672158,16,1.4883720930232558,9,0.8372093023255814,1,0.09302325581395349,7.938275993900127,0.7748753119090392,1,0.09302325581395349,0.0,0.0,0.11627906976744186,0.7614507552778982
bayes-fix-seed42,baseline_circle,0,493,1540568905,success,48,12.0,0.1827181927894891,0,0.0,5,0.5902038283989427,13.925495247046152,15.629801340401173,11.614985331275447,15,1.25,6,0.5,0,0.0,6.238030903786993,0.5370674801448063,1,0.08333333333333333,0.07317073170731707,0.0,0.125,0.6701362997217658
bayes-fix-seed42,baseline_circle,0,494,1540568906,success,49,12.25,0.2149184015629162,0,0.0,0,1.1345172156093215,13.489236865116625,15.2593694627285,9.734119118517423,29,2.36734693877551,19,1.5510204081632653,0,0.0,10.870778143182076,1.116770609731122,3,0.24489795918367346,0.0,0.0,0.10204081632653061,0.800607754577093
bayes-fix-seed42,baseline_circle,0,495,1540568907,success,44,11.0,0.25130876704963034,0,0.0,0,1.5187546881835978,13.609195297414606,14.820477366447449,8.911424402806018,13,1.1818181818181819,3,0.2727272727272727,0,0.0,5.492074873581455,0.6162959618276195,3,0.2727272727272727,0.0,0.0,0.045454545454545456,0.8868113406190817
bayes-fix-seed42,baseline_circle,0,496,1540568908,success,60,15.0,0.18551408870268038,0,0.0,6,0.46818185836083465,13.98582955201467,15.23886788636446,12.72026923571497,32,2.1333333333333333,11,0.7333333333333333,3,0.2,16.37920315249245,1.2876459490734846,5,0.3333333333333333,0.018867924528301886,0.018867924528301886,0.13333333333333333,0.6120834445882216
bayes-fix-seed42,baseline_circle,0,497,1540568909,success,44,11.0,0.321836700362097,0,0.0,0,0.8290836248749586,13.759766789999874,15.333201736211777,8.832900607999115,18,1.6363636363636365,8,0.7272727272727273,0,0.0,6.101136417380374,0.6907285260127526,1,0.09090909090909091,0.0,0.0,0.045454545454545456,0.8873202976355999
bayes-fix-seed42,baseline_circle,0,498,1540568910,success,43,10.75,0.22663732000119452,0,0.0,0,0.8430806074082693,13.357881110074908,14.883358031511307,8.616402356441403,11,1.0232558139534884,3,0.27906976744186046,0,0.0,3.6224242984235553,0.42041029986436546,2,0.18604651162790697,0.0,0.0,0.023255813953488372,0.9059320614827312
bayes-fix-seed42,baseline_circle,0,499,1540568911,success,44,11.0,0.5118397983153008,0,0.0,0,1.0484999885168866,13.71759929778901,15.028929151594639,9.40584229955258,19,1.7272727272727273,8,0.7272727272727273,1,0.09090909090909091,7.720987360864166,0.8208714451050748,3,0.2727272727272727,0.0,0.0,0.06818181818181818,0.8265279354584221
bayes-fix-seed42,baseline_square,1,0,1541568415,success,81,20.25,0.27908518689162887,0,0.0,0,0.8674230477673589,14.355691172826438,15.563003718852997,16.878726533382462,47,2.3209876543209877,19,0.9382716049382716,3,0.14814814814814814,28.279756787588653,1.6754674430951544,8,0.3950617283950617,0.2972972972972973,0.16216216216216217,0.24691358024691357,0.4601694928921157
bayes-fix-seed42,baseline_square,1,1,1541568416,success,73,18.25,0.199180335589765,0,0.0,2,0.8416342563600631,14.12497001559767,15.688627958297728,16.285075151101246,37,2.0273972602739727,18,0.9863013698630136,1,0.0547945205479452,20.321247991394948,1.2478449011038653,4,0.2191780821917808,0.42424242424242425,0.13636363636363635,0.1643835616438356,0.47687587441073814
bayes-fix-seed42,baseline_square,1,2,1541568417,success,41,10.25,0.22276155605616976,0,0.0,0,0.6959555821324711,13.411812029960679,15.217918902635574,10.0247139174086,19,1.853658536585366,9,0.8780487804878049,0,0.0,6.42902340233471,0.6413173937233533,3,0.2926829268292683,0.0,0.0,0.024390243902439025,0.7767841046246339
bayes-fix-seed42,baseline_square,1,3,1541568418,success,48,12.0,0.18866903556238324,0,0.0,2,0.6453954391830489,13.862852938473225,15.969359874725342,10.387587992269475,30,2.5,18,1.5,3,0.25,16.803057736623288,1.6176091840693196,7,0.5833333333333334,0.17073170731707318,0.17073170731707318,0.14583333333333334,0.7455386979254572
bayes-fix-seed42,baseline_square,1,4,1541568419,success,64,16.0,0.11394331243464517,0,0.0,10,0.8301156771505789,14.076620049308985,16.074766032397743,14.328791156790778,33,2.0625,16,1.0,4,0.25,20.39118142715146,1.4230915367544847,4,0.25,0.017543859649122806,0.017543859649122806,0.125,0.5482511713189145
bayes-fix-seed42,baseline_square,1,5,1541568420,success,56,14.0,0.1740208113267555,0,0.0,3,0.5661831994557134,14.190749997006995,15.774358995258808,10.0847880171273,38,2.7142857142857144,11,0.7857142857142857,1,0.07142857142857142,15.563775485854094,1.543292279363896,8,0.5714285714285714,0.02040816326530612,0.0,0.08928571428571429,0.7663668227786932
bayes-fix-seed42,baseline_square,1,6,1541568421,success,55,13.75,0.12136022534430668,0,0.0,4,0.7093151518533233,14.050227064977992,15.420151129364967,11.844601698321732,26,1.8909090909090909,8,0.5818181818181818,3,0.21818181818181817,12.322676660020178,1.040362265770928,3,0.21818181818181817,0.14583333333333334,0.020833333333333332,0.09090909090909091,0.6554122901145673
bayes-fix-seed42,baseline_square,1,7,1541568422,success,62,15.5,0.21146880937751478,0,0.0,0,0.9737467398166946,14.134528235562387,15.65918754786253,13.472382284713182,30,1.935483870967742,17,1.096774193548387,0,0.0,10.16376039776847,0.7544144890618987,4,0.25806451612903225,0.2909090909090909,0.2909090909090909,0.2903225806451613,0.5746110633752074
bayes-fix-seed42,baseline_square,1,8,1541568423,success,46,11.5,0.15595476305809564,0,0.0,3,0.5844595577375826,13.519983009799667,16.057290136814117,9.015052752043324,23,2.0,7,0.6086956521739131,0,0.0,9.006907230548244,0.9990964532633229,5,0.43478260869565216,0.0,0.0,0.0,0.8697290947029704
bayes-fix-seed42,baseline_square,1,9,1541568424,success,61,15.25,0.16317282695642843,0,0.0,8,0.5012316457225234,14.053884588304113,15.31749963760376,10.984354061536873,45,2.9508196721311477,15,0.9836065573770492,7,0.45901639344262296,31.07108074552367,2.828667081510332,8,0.5245901639344263,0.037037037037037035,0.037037037037037035,0.09836065573770492,0.7123780538568281
bayes-fix-seed42,baseline_square,1,10,1541568425,success,48,12.0,0.14022472929427687,0,0.0,2,1.0495975658076324,13.975183945149183,15.582584030926228,10.158537344925977,26,2.1666666666666665,11,0.9166666666666666,2,0.16666666666666666,15.9290766150893,1.5680482410241485,3,0.25,0.17073170731707318,0.14634146341463414,0.14583333333333334,0.7745637455643611
bayes-fix-seed42,baseline_square,1,11,1541568426,success,39,9.75,0.2301231428244579,0,0.0,0,1.2889895333689516,13.641386651075804,15.67949391901493,8.894724048529921,21,2.1538461538461537,11,1.1282051282051282,0,0.0,6.545988095751611,0.7359405485809872,3,0.3076923076923077,0.0,0.0,0.0,0.8729894725899986
bayes-fix-seed42,baseline_square,1,12,1541568427,success,50,12.5,0.17568603151387763,0,0.0,2,0.881172015132345,14.225639924407005,15.71749784052372,10.691728597633807,27,2.16,10,0.8,3,0.24,14.82867196426044,1.3869293284850293,4,0.32,0.0,0.0,0.12,0.7259996472524521
bayes-fix-seed42,baseline_square,1,13,1541568428,success,71,17.75,0.09840551490314065,0,0.0,5,1.0480002097350745,14.02447598291115,15.524046495556831,14.357720546193082,42,2.3661971830985915,24,1.352112676056338,5,0.28169014084507044,27.16280928099733,1.8918608419495593,9,0.5070422535211268,0.25,0.171875,0.2112676056338028,0.5368915539843849
bayes-fix-seed42,baseline_square,1,14,1541568429,success,50,12.5,0.14311961659018313,0,0.0,5,0.7310807356618726,14.118555188179016,16.037943586707115,10.891466770280411,23,1.84,8,0.64,2,0.16,14.322575434942896,1.315027235268712,5,0.4,0.16279069767441862,0.16279069767441862,0.14,0.7091348591846427
bayes-fix-seed42,baseline_square,1,15,1541568430,timeout,101,25.25,0.13287646982339518,0,0.0,8,0.33815588842312055,14.426941918854666,16.321726143360138,13.517257848346695,83,3.287128712871287,46,1.8217821782178218,25,0.9900990099009901,89.57973917285416,6.627064466615225,28,1.108910891089109,0.7021276595744681,0.574468085106383,0.5643564356435643,0.04139961221967682
bayes-fix-seed42,baseline_square,1,16,1541568431,success,58,14.5,0.12889230516132544,0,0.0,4,1.0680628155560001,13.875822504532747,15.490648709237576,12.57589626458614,39,2.689655172413793,19,1.3103448275862069,6,0.41379310344827586,32.863460043398035,2.6132101722198438,12,0.8275862068965517,0.0392156862745098,0.0196078431372549,0.1206896551724138,0.6185303424318133
bayes-fix-seed42,baseline_square,1,17,1541568432,success,61,15.25,0.20537818522107953,0,0.0,0,0.778934190975832,14.3421542693357,15.904627740383148,10.702797090509844,35,2.2950819672131146,11,0.7213114754098361,0,0.0,10.275056365720998,0.9600346786759021,2,0.13114754098360656,0.05555555555555555,0.018518518518518517,0.06557377049180328,0.7230491215780303
bayes-fix-seed42,baseline_square,1,18,1541568433,success,50,12.5,0.13375793337158604,0,0.0,3,0.9339350893820693,14.478201791644096,16.46215859800577,10.785370605591115,33,2.64,16,1.28,0,0.0,20.116064107316937,1.865124977429038,6,0.48,0.0,0.0,0.06,0.7245133068323645
bayes-fix-seed42,baseline_square,1,19,1541568434,success,48,12.0,0.19214581435488143,0,0.0,2,0.8353111564355592,13.914549568047127,15.493770688772202,9.156668008127841,25,2.0833333333333335,11,0.9166666666666666,4,0.3333333333333333,17.907239326278173,1.9556501677665892,5,0.4166666666666667,0.07317073170731707,0.07317073170731707,0.10416666666666667,0.8509894009020571
bayes-fix-seed42,baseline_square,1,20,1541568435,success,49,12.25,0.13489036917868003,0,0.0,2,0.4440994032627098,13.810223538656624,14.999303966760635,10.36071779981632,28,2.2857142857142856,8,0.6530612244897959,0,0.0,10.878952056358965,1.0500191460240171,3,0.24489795918367346,0.047619047619047616,0.0,0.04081632653061224,0.7462532099684553
bayes-fix-seed42,baseline_square,1,21,1541568436,success,52,13.0,0.2109291156519767,0,0.0,0,0.8632486466487604,14.18169795607145,15.932945907115936,10.792263756817086,25,1.9230769230769231,11,0.8461538461538461,0,0.0,10.289224334995781,0.9533888873403829,9,0.6923076923076923,0.13333333333333333,0.044444444444444446,0.15384615384615385,0.7191649938244831
bayes-fix-seed42,baseline_square,1,22,1541568437,success,56,14.0,0.16903426746586792,0,0.0,3,0.9554978622963187,14.151811666254487,15.963349491357803,11.174994436775432,39,2.7857142857142856,23,1.6428571428571428,5,0.35714285714285715,30.464535407708862,2.726134279535218,13,0.9285714285714286,0.02040816326530612,0.02040816326530612,0.08928571428571429,0.6927480383633673
bayes-fix-seed42,baseline_square,1,23,1541568438,success,50,12.5,0.17513833354696828,0,0.0,3,0.8450746344672946,14.188187792897224,15.94447661191225,9.860795886993998,30,2.4,14,1.12,4,0.32,20.259048594728398,2.05450440582076,5,0.4,0.11627906976744186,0.11627906976744186,0.08,0.783832046367717
bayes-fix-seed42,baseline_square,1,24,1541568439,success,37,9.25,0.3306461788926143,0,0.0,0,1.074911175009421,13.617213714767146,15.246939659118652,8.52541777116281,16,1.7297297297297298,9,0.972972972972973,0,0.0,5.70530045064698,0.6692106596752521,1,0.10810810810810811,0.0,0.0,0.02702702702702703,0.9033249837950733
bayes-fix-seed42,baseline_square,1,25,1541568440,success,41,10.25,0.2590162216036006,0,0.0,0,1.2995624881809222,13.840085667807882,15.225999057292938,8.236800054595415,26,2.5365853658536586,14,1.3658536585365855,0,0.0,10.051036040879744,1.2202598065097068,7,0.6829268292682927,0.0,0.0,0.0,0.9423972782019979
bayes-fix-seed42,baseline_square,1,26,1541568441,success,52,13.0,0.17392131980351333,0,0.0,3,0.8997283119564702,13.96730850235774,15.95693863928318,10.585281099939742,32,2.4615384615384617,18,1.3846153846153846,2,0.15384615384615385,19.751103001374727,1.8659025504279865,5,0.38461538461538464,0.0,0.0,0.038461538461538464,0.7292670104163402
bayes-fix-seed42,baseline_square,1,27,1541568442,success,79,19.75,0.17155546936496513,0,0.0,3,0.6851864614146728,14.33630047153823,15.87921790778637,14.673348766053008,58,2.9367088607594938,24,1.2151898734177216,7,0.35443037974683544,45.13149638729786,3.0757461781124014,18,0.9113924050632911,0.3055555555555556,0.19444444444444445,0.2911392405063291,0.5276046306536922
bayes-fix-seed42,baseline_square,1,28,1541568443,success,51,12.75,0.14585293967218116,0,0.0,2,0.8112008182530434,14.127223953312518,15.56297205388546,9.678743574516863,28,2.196078431372549,14,1.0980392156862746,3,0.23529411764705882,21.261195188111987,2.196689583149049,3,0.23529411764705882,0.20454545454545456,0.18181818181818182,0.19607843137254902,0.8014395277001798
bayes-fix-seed42,baseline_square,1,29,1541568444,success,68,17.0,0.1598411545884546,0,0.0,3,0.6116590845831108,14.21955945518087,15.625138022005558,12.415912713185454,44,2.588235294117647,14,0.8235294117647058,1,0.058823529411764705,19.140665007696807,1.5416236767974214,9,0.5294117647058824,0.3442622950819672,0.14754098360655737,0.29411764705882354,0.6262369118784364
bayes-fix-seed42,baseline_square,1,30,1541568445,success,49,12.25,0.16730616787484298,0,0.0,3,0.8419644311526363,14.460031475339617,16.283661872148514,9.98738577936257,29,2.36734693877551,13,1.0612244897959184,4,0.32653061224489793,19.402543109051607,1.942704881706286,7,0.5714285714285714,0.0,0.0,0.08163265306122448,0.7791725023266559
bayes-fix-seed42,baseline_square,1,31,1541568446,success,80,20.0,0.26455932322194675,0,0.0,0,0.7670138763129241,14.50812229886651,16.01892914623022,13.127064021213119,51,2.55,17,0.85,13,0.65,40.86237957188231,3.1128346373453635,17,0.85,0.2465753424657534,0.2328767123287671,0.1125,0.5917269646290729
bayes-fix-seed42,baseline_square,1,32,1541568447,success,49,12.25,0.1915647094308992,0,0.0,3,0.3993516061495425,13.914830526527094,15.950560569763184,9.00014921814819,33,2.693877551020408,17,1.3877551020408163,0,0.0,11.084875142839785,1.23163237343753,4,0.32653061224489793,0.0,0.0,0.0,0.8629167815868239
bayes-fix-seed42,baseline_square,1,33,1541568448,success,67,16.75,0.19488589482233365,0,0.0,1,0.6583578781706356,14.49350117525058,16.309620067477226,11.991785061725363,49,2.925373134328358,23,1.373134328358209,17,1.0149253731343284,51.152930847274966,4.265664418097496,20,1.1940298507462686,0.1,0.08333333333333333,0.07462686567164178,0.6584332756308819
bayes-fix-seed42,baseline_square,1,34,1541568449,success,57,14.25,0.33213670394859063,0,0.0,0,0.9611883713668985,14.173595724921478,16.15583673119545,10.034588828488047,38,2.6666666666666665,17,1.1929824561403508,5,0.3508771929824561,28.970753178857972,2.8870892145187295,8,0.5614035087719298,0.12,0.12,0.10526315789473684,0.7753644137276683
bayes-fix-seed42,baseline_square,1,35,1541568450,success,56,14.0,0.15706305838761847,0,0.0,3,0.6656230985372957,13.922244177332946,15.536711551249027,12.094713958964585,33,2.357142857142857,21,1.5,7,0.5,23.20075919130688,1.918256129911242,10,0.7142857142857143,0.16326530612244897,0.16326530612244897,0.16071428571428573,0.6481772234465318
bayes-fix-seed42,baseline_square,1,36,1541568451,success,35,8.75,0.17987656515218897,0,0.0,1,0.4964980347779361,13.42205022062574,14.887715131044388,8.468887472384358,22,2.5142857142857142,15,1.7142857142857142,0,0.0,7.0948739307649005,0.8377574922208036,2,0.22857142857142856,0.0,0.0,0.0,0.9327892932535575
bayes-fix-seed42,baseline_square,1,37,1541568452,success,80,20.0,0.1590905720351763,0,0.0,1,0.7710142721896226,14.06152076087892,15.622573345899582,13.820362994090177,56,2.8,24,1.2,13,0.65,54.09900262573774,3.9144415127787453,16,0.8,0.3150684931506849,0.2328767123287671,0.1875,0.5627756084952934
bayes-fix-seed42,baseline_square,1,38,1541568453,success,44,11.0,0.26082731735807774,0,0.0,0,0.9097161936999423,14.109703373502601,15.762021951377392,8.854331210322426,20,1.8181818181818181,9,0.8181818181818182,0,0.0,7.58956894562095,0.8571589163925775,2,0.18181818181818182,0.0,0.0,0.045454545454545456,0.8844295217955592
bayes-fix-seed42,baseline_square,1,39,1541568454,success,51,12.75,0.47488779685954985,0,0.0,0,1.1615804941311445,13.840062580272264,15.407627448439598,9.364603621529074,28,2.196078431372549,13,1.0196078431372548,1,0.0784313725490196,16.186326166677915,1.7284582264075556,7,0.5490196078431373,0.0,0.0,0.058823529411764705,0.8326503107477954
bayes-fix-seed42,baseline_square,1,40,1541568455,collision,16,4.0,-0.0029135239655473377,1,0.25,3,1.204276953289446,12.763559352606535,14.677874743938446,2.6734317405526875,15,3.75,9,2.25,10,2.5,27.05346321082445,10.119376829584434,9,2.25,0.4444444444444444,0.4444444444444444,0.5,0.12026401101352194
bayes-fix-seed42,baseline_square,1,41,1541568456,success,48,12.0,0.18614029456610737,0,0.0,2,0.874347665211605,13.735136250033975,14.992030151188374,10.671579067264584,24,2.0,8,0.6666666666666666,4,0.3333333333333333,17.556545294350105,1.6451684594836933,6,0.5,0.1951219512195122,0.14634146341463414,0.14583333333333334,0.7397938209950374
bayes-fix-seed42,baseline_square,1,42,1541568457,success,71,17.75,0.14016030649312394,0,0.0,4,0.9230399448756035,14.241882560538574,16.06299914419651,13.893396891415431,46,2.591549295774648,25,1.408450704225352,11,0.6197183098591549,41.444990693650496,2.983071096116089,17,0.9577464788732394,0.234375,0.15625,0.29577464788732394,0.5668174967929274
bayes-fix-seed42,baseline_square,1,43,1541568458,success,43,10.75,0.25896229027909745,0,0.0,0,1.5661949395534436,14.043890199688978,16.041037812829018,9.28744475383786,20,1.8604651162790697,11,1.0232558139534884,3,0.27906976744186046,12.646857289056712,1.3617154797965971,3,0.27906976744186046,0.0,0.0,0.06976744186046512,0.83925324888705
bayes-fix-seed42,baseline_square,1,44,1541568459,success,46,11.5,0.1919351308181706,0,0.0,1,0.7022606916430135,14.021883030300556,16.218507662415504,9.37199033789796,30,2.608695652173913,14,1.2173913043478262,1,0.08695652173913043,11.309443877024757,1.206728076883757,1,0.08695652173913043,0.0,0.0,0.043478260869565216,0.8230263750768368
bayes-fix-seed42,baseline_square,1,45,1541568460,timeout,101,25.25,0.16422461606946592,0,0.0,3,0.7414771105133193,14.468721676580977,15.757054090499878,15.077067669241085,96,3.801980198019802,55,2.1782178217821784,63,2.495049504950495,198.61761038125366,13.17349067726584,69,2.732673267326733,0.6276595744680851,0.574468085106383,0.1782178217821782,0.13636846211995116
bayes-fix-seed42,baseline_square,1,46,1541568461,success,34,8.5,0.20137727351007984,0,0.0,0,0.5452624159433291,13.529628953512978,15.39345197379589,8.313367127526025,12,1.411764705882353,5,0.5882352941176471,0,0.0,3.516684335807572,0.42301564238196976,2,0.23529411764705882,0.0,0.0,0.0,0.9373910148799177
bayes-fix-seed42,baseline_square,1,47,1541568462,success,79,19.75,0.08836412770204571,0,0.0,14,1.3500925769037533,14.40400823573523,15.855472534894943,16.471463575398683,46,2.329113924050633,20,1.0126582278481013,1,0.05063291139240506,33.14770454282873,2.0124322523674953,8,0.4050632911392405,0.3333333333333333,0.06944444444444445,0.22784810126582278,0.4716782013124803
bayes-fix-seed42,baseline_square,1,48,1541568463,success,42,10.5,0.18973153339786386,0,0.0,1,0.7789722998571478,13.82879593542644,15.361156314611433,10.031032367518161,22,2.0952380952380953,13,1.2380952380952381,0,0.0,9.896721130907261,0.9866104273528398,1,0.09523809523809523,0.0,0.0,0.0,0.7835245970047543
bayes-fix-seed42,baseline_square,1,49,1541568464,success,47,11.75,0.27386061120026695,0,0.0,0,0.9758999059552561,13.89396793030678,15.704304352402687,9.96790332984529,23,1.9574468085106382,11,0.9361702127659575,3,0.2553191489361702,15.41462258437811,1.5464257702243744,5,0.425531914893617,0.15,0.15,0.0851063829787234,0.782041396273488
bayes-fix-seed42,baseline_square,1,50,1541568465,success,91,22.75,0.15825927756572422,0,0.0,5,1.04359560979658,14.55523859668564,15.987049788236618,18.662699970829518,56,2.4615384615384617,18,0.7912087912087912,7,0.3076923076923077,37.44909555045591,2.0066279589228895,9,0.3956043956043956,0.34523809523809523,0.14285714285714285,0.27472527472527475,0.41317418156977614
bayes-fix-seed42,baseline_square,1,51,1541568466,success,46,11.5,0.2146311855387295,0,0.0,0,0.5469111665883915,13.715823788357818,15.4979033395648,9.982103693590876,20,1.7391304347826086,5,0.43478260869565216,0,0.0,6.828688057745219,0.6840930797112093,1,0.08695652173913043,0.0,0.0,0.043478260869565216,0.7768124001951006
bayes-fix-seed42,baseline_square,1,52,1541568467,success,49,12.25,0.19829508080908043,0,0.0,1,0.8197134207708738,13.974006002654834,15.784835070371628,9.66197915971125,25,2.0408163265306123,7,0.5714285714285714,0,0.0,6.857462777075366,0.7097368627816729,4,0.32653061224489793,0.0,0.0,0.08163265306122448,0.8053188491401736
bayes-fix-seed42,baseline_square,1,53,1541568468,success,66,16.5,0.23565100832622576,0,0.0,0,0.8823633730019602,13.773095652912602,15.100881457328796,11.632864439345303,38,2.303030303030303,13,0.7878787878787878,3,0.18181818181818182,19.9319195609937,1.7134145820163504,7,0.42424242424242425,0.11864406779661017,0.06779661016949153,0.06060606060606061,0.6707337886089103
bayes-fix-seed42,baseline_square,1,54,1541568469,success,48,12.0,0.15566457958541402,0,0.0,4,0.7275624496152092,13.818704212705294,15.223325788974762,10.411306553166664,35,2.9166666666666665,16,1.3333333333333333,2,0.16666666666666666,16.223881062050786,1.5582944349204848,5,0.4166666666666667,0.07317073170731707,0.07317073170731707,0.08333333333333333,0.7420401867141767
bayes-fix-seed42,baseline_square,1,55,1541568470,success,54,13.5,0.11971242076603905,0,0.0,9,0.343522125398308,14.073613893102717,15.792470052838326,11.848515288398678,35,2.5925925925925926,13,0.9629629629629629,2,0.14814814814814814,18.61012544598381,1.570671513941133,7,0.5185185185185185,0.14893617021276595,0.10638297872340426,0.12962962962962962,0.6562892981245745
bayes-fix-seed42,baseline_square,1,56,1541568471,success,63,15.75,0.18139119306642826,0,0.0,1,0.807051647646041,14.32702069481214,15.915129333734512,12.622692381979785,42,2.6666666666666665,17,1.0793650793650793,4,0.25396825396825395,29.243704538949068,2.316756493305463,10,0.6349206349206349,0.21428571428571427,0.05357142857142857,0.1746031746031746,0.6168978662351798
bayes-fix-seed42,baseline_square,1,57,1541568472,success,57,14.25,0.1771293059252349,0,0.0,7,0.34750546498857326,13.925315191348394,15.415785461664198,11.005353086726375,42,2.9473684210526314,20,1.4035087719298245,4,0.2807017543859649,22.569459371195983,2.050771037815874,9,0.631578947368421,0.0,0.0,0.017543859649122806,0.7174507694433102
bayes-fix-seed42,baseline_square,1,58,1541568473,success,44,11.0,0.16077602516111222,0,0.0,3,0.6963648555457426,13.75527290458029,15.327576920390129,9.780920805052085,24,2.1818181818181817,17,1.5454545454545454,2,0.18181818181818182,13.534324500285965,1.383747478386202,2,0.18181818181818182,0.02702702702702703,0.02702702702702703,0.09090909090909091,0.791915337533976
bayes-fix-seed42,baseline_square,1,59,1541568474,success,61,15.25,0.20372941148248203,0,0.0,0,0.9381783672658562,13.953629087229244,15.495162457227707,11.03845662118623,37,2.4262295081967213,14,0.9180327868852459,2,0.13114754098360656,19.406191006391346,1.7580529300758254,5,0.32786885245901637,0.35185185185185186,0.2222222222222222,0.21311475409836064,0.6983623434130891
bayes-fix-seed42,baseline_square,1,60,1541568475,success,37,9.25,0.20441011520750385,0,0.0,0,0.6853556873220402,13.539250638033893,15.791469812393188,8.746025738258153,19,2.054054054054054,12,1.2972972972972974,2,0.21621621621621623,10.559092680079274,1.2073018072528803,5,0.5405405405405406,0.0,0.0,0.0,0.8813679873998298
bayes-fix-seed42,baseline_square,1,61,1541568476,success,79,19.75,0.19756477635915626,0,0.0,1,0.8530181370982262,14.414399862289429,16.078968718647957,16.69336029735358,47,2.3797468354430378,21,1.0632911392405062,9,0.45569620253164556,36.60678798052452,2.192895098917133,2,0.10126582278481013,0.20833333333333334,0.1111111111111111,0.16455696202531644,0.4647717192832937
bayes-fix-seed42,baseline_square,1,62,1541568477,success,54,13.5,0.2951337226153218,0,0.0,0,0.8373595233987833,13.96425344325878,15.507586672902105,9.734726833127032,32,2.3703703703703702,12,0.8888888888888888,2,0.14814814814814814,19.544190448398012,2.0076773373742363,10,0.7407407407407407,0.14893617021276595,0.1276595744680851,0.14814814814814814,0.7961220774842566
bayes-fix-seed42,baseline_square,1,63,1541568478,collision,7,1.75,-0.019641977304629243,1,0.25,5,0.14482251805334576,11.244382177080427,12.140456214547157,1.6402668922265997,4,2.2857142857142856,0,0.0,0,0.0,1.504795446959632,0.9174089010093532,0,0.0,0.0,0.0,0.2857142857142857,0.05677180937375412
bayes-fix-seed42,baseline_square,1,64,1541568479,success,90,22.5,0.17487478663440081,0,0.0,2,0.8338396884729349,14.386049740844303,15.768295340240002,17.82465142813291,62,2.7555555555555555,23,1.0222222222222221,11,0.4888888888888889,44.18144925568995,2.478671150110555,13,0.5777777777777777,0.30120481927710846,0.10843373493975904,0.2222222222222222,0.4371258594480148
bayes-fix-seed42,baseline_square,1,65,1541568480,success,44,11.0,0.26303447264726254,0,0.0,0,1.5396895842222293,13.986029746857556,15.86011815816164,9.236386128033145,22,2.0,13,1.1818181818181819,0,0.0,7.487014333766387,0.8105999716753635,1,0.09090909090909091,0.0,0.0,0.022727272727272728,0.8450373585588881
bayes-fix-seed42,baseline_square,1,66,1541568481,success,67,16.75,0.04351119721892782,0,0.0,4,0.6062989720757764,15.991112745519894,15.491558611392975,13.376205024308447,44,2.626865671641791,15,0.8955223880597015,4,0.23880597014925373,24.856672140092307,1.8582753549994575,4,0.23880597014925373,0.15,0.0,0.16417910447761194,0.5798317460773726
bayes-fix-seed42,baseline_square,1,67,1541568482,success,48,12.0,0.22651072065567668,0,0.0,0,1.1615541694962717,14.227415435016155,15.548814460635185,11.053458960742969,23,1.9166666666666667,8,0.6666666666666666,4,0.3333333333333333,16.05211972315768,1.4522259303777902,5,0.4166666666666667,0.04878048780487805,0.04878048780487805,0.125,0.7018357696358923
bayes-fix-seed42,baseline_square,1,68,1541568483,timeout,101,25.25,0.26114369010594307,0,0.0,0,0.9241043312134875,14.78630979314889,16.424264758825302,14.030364512085066,97,3.8415841584158414,68,2.6930693069306932,64,2.5346534653465347,192.7506204742511,13.738104972841239,64,2.5346534653465347,0.5106382978723404,0.5106382978723404,0.36633663366336633,0.24306044445437244
bayes-fix-seed42,baseline_square,1,69,1541568484,success,53,13.25,0.1723546417450954,0,0.0,5,0.8451305390526528,14.220353075355854,15.720992535352707,11.144661889461446,26,1.9622641509433962,8,0.6037735849056604,3,0.22641509433962265,16.80687039650952,1.5080646288966686,6,0.4528301886792453,0.1956521739130435,0.17391304347826086,0.1320754716981132,0.7086542130446066
bayes-fix-seed42,baseline_square,1,70,1541568485,success,53,13.25,0.21589383974263365,0,0.0,0,0.7065468853717546,14.248652910848833,15.749425441026688,10.587783504486612,34,2.5660377358490565,12,0.9056603773584906,3,0.22641509433962265,19.766676754769556,1.866932464797127,7,0.5283018867924528,0.0,0.0,0.03773584905660377,0.7343721801876288
bayes-fix-seed42,baseline_square,1,71,1541568486,success,47,11.75,0.03943460009912547,0,0.0,7,0.8231140096939139,13.943822063664173,16.7260829359293,9.768348308308415,30,2.5531914893617023,12,1.0212765957446808,0,0.0,12.279844428978091,1.2571055045747639,5,0.425531914893617,0.0,0.0,0.0425531914893617,0.7940585158214537
bayes-fix-seed42,baseline_square,1,72,1541568487,success,52,13.0,0.21158256651484286,0,0.0,0,1.0975824172116295,13.945835570876415,15.496783889830112,9.832457658977138,35,2.6923076923076925,16,1.2307692307692308,6,0.46153846153846156,21.666450527322198,2.203564081208171,7,0.5384615384615384,0.08888888888888889,0.06666666666666667,0.09615384615384616,0.7893174411617072
bayes-fix-seed42,baseline_square,1,73,1541568488,success,52,13.0,0.17124504986200784,0,0.0,2,0.9262682815979861,14.000426261470867,15.717408619821072,11.508376163158328,24,1.8461538461538463,15,1.1538461538461537,2,0.15384615384615385,12.454470668797052,1.0822092093815503,2,0.15384615384615385,0.17777777777777778,0.17777777777777778,0.21153846153846154,0.6805467181883755
bayes-fix-seed42,baseline_square,1,74,1541568489,timeout,101,25.25,0.16211833119745211,0,0.0,5,1.605235054298395,14.564379865285193,15.737142413854599,14.148401917961776,77,3.0495049504950495,24,0.9504950495049505,6,0.2376237623762376,44.68205415238564,3.1580990143954404,10,0.39603960396039606,0.8191489361702128,0.2872340425531915,0.6732673267326733,0.0
bayes-fix-seed42,baseline_square,1,75,1541568490,success,51,12.75,0.16291042498803798,0,0.0,3,0.47652729242974845,14.25694031458275,15.975942835211754,11.35138969495778,34,2.6666666666666665,14,1.0980392156862746,1,0.0784313725490196,17.863799039245677,1.5737103138288584,4,0.3137254901960784,0.13636363636363635,0.0,0.13725490196078433,0.6846347975019259
bayes-fix-seed42,baseline_square,1,76,1541568491,success,50,12.5,0.14553524539308693,0,0.0,5,0.45465883599994883,14.143332690000534,16.159348376095295,10.181092256277987,35,2.8,17,1.36,4,0.32,21.246562092692333,2.0868647054633085,9,0.72,0.0,0.0,0.06,0.762387557972723
bayes-fix-seed42,baseline_square,1,77,1541568492,success,78,19.5,0.17802110323383202,0,0.0,2,0.9705083815103172,14.29408029294931,15.632521547377108,14.810321134637487,51,2.6153846153846154,21,1.0769230769230769,5,0.2564102564102564,34.1658188013683,2.3068925035975987,10,0.5128205128205128,0.2676056338028169,0.2112676056338028,0.20512820512820512,0.5292783031562268
bayes-fix-seed42,baseline_square,1,78,1541568493,success,40,10.0,0.4723617679733515,0,0.0,0,1.149418010138058,13.958032801747322,16.121464408934116,8.734656483962027,20,2.0,9,0.9,0,0.0,9.659842870923853,1.1059213248581201,5,0.5,0.0,0.0,0.025,0.8963033451092389
bayes-fix-seed42,baseline_square,1,79,1541568494,success,43,10.75,0.188656104362093,0,0.0,2,1.0377968796793413,13.888698244510694,15.391558036208153,9.77012352336906,25,2.3255813953488373,11,1.0232558139534884,2,0.18604651162790697,13.47169575181795,1.378866471810222,5,0.46511627906976744,0.0,0.0,0.06976744186046512,0.7976907053968146
bayes-fix-seed42,baseline_square,1,80,1541568495,success,50,12.5,0.18352210103369537,0,0.0,2,0.6559019453106005,13.723315075039864,15.430895611643791,10.433840946402931,29,2.32,14,1.12,1,0.08,12.918855857380247,1.2381687552783738,4,0.32,0.046511627906976744,0.0,0.08,0.7452225669659612
bayes-fix-seed42,baseline_square,1,81,1541568496,success,60,15.0,0.06951080737281978,0,0.0,3,1.1188438526720088,14.349377838273844,16.31518453359604,13.01007745114559,30,2.0,13,0.8666666666666667,5,0.3333333333333333,21.91869287265445,1.6847473010796274,8,0.5333333333333333,0.22641509433962265,0.1509433962264151,0.25,0.6028207891418175
bayes-fix-seed42,baseline_square,1,82,1541568497,success,40,10.0,0.26410864028232606,0,0.0,0,1.3366783778688358,14.142298884689808,15.748913958668709,9.387438473627299,15,1.5,5,0.5,0,0.0,5.678284143853519,0.6048811035945394,1,0.1,0.0,0.0,0.0,0.8289789586395668
bayes-fix-seed42,baseline_square,1,83,1541568498,success,72,18.0,0.22012431107433927,0,0.0,0,0.9987078678472862,14.390564420157009,15.88241420686245,13.401199919515381,48,2.6666666666666665,18,1.0,7,0.3888888888888889,34.40812070065001,2.5675402879814877,10,0.5555555555555556,0.3384615384615385,0.12307692307692308,0.2638888888888889,0.5773507259859972
bayes-fix-seed42,baseline_square,1,84,1541568499,success,60,15.0,0.20243381647305425,0,0.0,0,1.0260841373090832,14.717167367537817,16.204588674008846,11.849083792703816,35,2.3333333333333335,18,1.2,6,0.4,24.329778760070955,2.05330464242748,5,0.3333333333333333,0.1509433962264151,0.09433962264150944,0.13333333333333333,0.6513062474981475
bayes-fix-seed42,baseline_square,1,85,1541568500,success,36,9.0,0.1731179842018643,0,0.0,1,0.9011456082837144,13.70752209590541,15.404500998556614,8.33379969241313,21,2.3333333333333335,15,1.6666666666666667,0,0.0,10.209417019239783,1.2250614840832046,6,0.6666666666666666,0.0,0.0,0.0,0.943921988898379
bayes-fix-seed42,baseline_square,1,86,1541568501,success,67,16.75,0.15226330514161424,0,0.0,4,0.7016846204572766,14.536737895278788,15.883762016892433,14.484162211185273,43,2.5671641791044775,20,1.1940298507462686,1,0.05970149253731343,24.02907317368907,1.6589895102895782,10,0.5970149253731343,0.25,0.1,0.26865671641791045,0.5356130570048483
bayes-fix-seed42,baseline_square,1,87,1541568502,success,75,18.75,0.1745537816002366,0,0.0,2,0.8757087143366353,14.432450185219446,16.367024928331375,14.23055683977103,57,3.04,30,1.6,12,0.64,54.40601768949597,3.8231826275022534,26,1.3866666666666667,0.2647058823529412,0.25,0.18666666666666668,0.5545746430624857
bayes-fix-seed42,baseline_square,1,88,1541568503,success,54,13.5,0.20788448021389938,0,0.0,0,0.40772458135611483,14.056361659809395,15.706419944763184,12.366235415875979,32,2.3703703703703702,18,1.3333333333333333,1,0.07407407407407407,12.386608656217529,1.001647489284847,5,0.37037037037037035,0.0851063829787234,0.0851063829787234,0.12962962962962962,0.6317993025144539
bayes-fix-seed42,baseline_square,1,89,1541568504,success,42,10.5,0.2167724083217344,0,0.0,0,1.5620134162605257,14.000806336601576,16.19360651820898,8.795723448099867,19,1.8095238095238095,9,0.8571428571428571,0,0.0,7.919816527022503,0.9004167279421926,5,0.47619047619047616,0.0,0.0,0.047619047619047616,0.8834223021801788
bayes-fix-seed42,baseline_square,1,90,1541568505,success,58,14.5,0.1966441222389409,0,0.0,2,1.0837643824602659,14.145162213465262,15.930593758821487,10.230964328210309,33,2.2758620689655173,17,1.1724137931034482,5,0.3448275862068966,23.996986646714582,2.345525394956816,7,0.4827586206896552,0.11764705882352941,0.11764705882352941,0.06896551724137931,0.7610282225532577
bayes-fix-seed42,baseline_square,1,91,1541568506,success,48,12.0,0.09361004296582376,0,0.0,5,1.371877696512983,14.031947823241353,15.656745433807373,11.136002598085758,26,2.1666666666666665,8,0.6666666666666666,1,0.08333333333333333,14.240483992752235,1.2787787958311114,2,0.16666666666666666,0.14634146341463414,0.0,0.125,0.6961382070673091
bayes-fix-seed42,baseline_square,1,92,1541568507,success,56,14.0,0.16982275600274033,0,0.0,2,1.0700715868672055,14.39043493675334,16.16564393043518,10.430905554451428,28,2.0,11,0.7857142857142857,4,0.2857142857142857,17.16227784526277,1.645329617421251,5,0.35714285714285715,0.16326530612244897,0.08163265306122448,0.10714285714285714,0.7470342115926526
bayes-fix-seed42,baseline_square,1,93,1541568508,success,51,12.75,0.16262917815419264,0,0.0,1,1.20120052118742,14.385246105638204,16.14384911954403,9.98551263738287,24,1.8823529411764706,9,0.7058823529411765,3,0.23529411764705882,14.804131523531595,1.4825609922227938,4,0.3137254901960784,0.09090909090909091,0.045454545454545456,0.0784313725490196,0.7773589693308814
bayes-fix-seed42,baseline_square,1,94,1541568509,success,44,11.0,0.22446803833634066,0,0.0,0,0.8417493986792297,14.163396998562597,16.606910154223442,9.476394772023873,21,1.9090909090909092,10,0.9090909090909091,1,0.09090909090909091,7.444809634833126,0.7856162405571817,1,0.09090909090909091,0.0,0.0,0.06818181818181818,0.8208688840658509
bayes-fix-seed42,baseline_square,1,95,1541568510,success,50,12.5,0.24179488024049134,0,0.0,0,0.5336517438249727,13.856679573655128,15.43696094304323,10.253440748793095,36,2.88,23,1.84,1,0.08,16.419281864110737,1.6013436139515809,8,0.64,0.0,0.0,0.06,0.7550027058992993
bayes-fix-seed42,baseline_square,1,96,1541568511,success,44,11.0,0.16382329129100148,0,0.0,2,0.7064483272500559,14.271460304206068,16.329277120530605,9.176392380802179,15,1.3636363636363635,6,0.5454545454545454,1,0.09090909090909091,8.977454545686328,0.9783206921783285,3,0.2727272727272727,0.05405405405405406,0.02702702702702703,0.045454545454545456,0.8447108916816973
bayes-fix-seed42,baseline_square,1,97,1541568512,success,54,13.5,0.12462580974941373,0,0.0,4,0.8559978417861838,13.94341216871032,15.306227654218672,11.74975235830802,37,2.740740740740741,14,1.037037037037037,3,0.2222222222222222,22.675211713284828,1.9298459254123452,6,0.4444444444444444,0.0425531914893617,0.02127659574468085,0.14814814814814814,0.6620453720056606
bayes-fix-seed42,baseline_square,1,98,1541568513,success,43,10.75,0.20252672505726488,0,0.0,0,0.9070890203795889,13.912520003180171,15.681302174925804,9.419277111861488,21,1.9534883720930232,7,0.6511627906976745,3,0.27906976744186046,12.218787918966775,1.2972107916413167,2,0.18604651162790697,0.027777777777777776,0.0,0.06976744186046512,0.8317890480143243
bayes-fix-seed42,baseline_square,1,99,1541568514,collision,4,1.0,-0.11033868167093247,2,0.5,3,0.07791479646445164,12.05683033913374,12.649359926581383,0.7916574474562542,2,2.0,0,0.0,1,1.0,3.74705405020567,4.733176024864879,1,1.0,0.0,0.0,0.75,0.0
bayes-fix-seed42,baseline_square,1,100,1541568515,success,67,16.75,0.12590714644149092,0,0.0,5,0.6923711662741999,14.518925225111976,16.379811987280846,14.781822582066187,36,2.1492537313432836,12,0.7164179104477612,6,0.3582089552238806,24.398388640510607,1.6505670058651338,6,0.3582089552238806,0.26666666666666666,0.13333333333333333,0.26865671641791045,0.5217917868356413
bayes-fix-seed42,baseline_square,1,101,1541568516,success,51,12.75,0.1616075878974943,0,0.0,3,0.5815535122111589,14.038132613196092,15.62141627073288,9.320809581052714,36,2.823529411764706,14,1.0980392156862746,1,0.0784313725490196,16.061339001862564,1.7231699523732313,5,0.39215686274509803,0.0,0.0,0.0196078431372549,0.8322825923127845
bayes-fix-seed42,baseline_square,1,102,1541568517,success,49,12.25,0.2222017444211284,0,0.0,0,0.9168709483595279,13.820382253247864,15.7003678381443,8.40162289016375,28,2.2857142857142856,15,1.2244897959183674,3,0.24489795918367346,13.673753114713936,1.6275133142101108,5,0.40816326530612246,0.0,0.0,0.0,0.9318787058075524
bayes-fix-seed42,baseline_square,1,103,1541568518,success,41,10.25,0.2102755126276532,0,0.0,0,1.0993191821815855,13.852684690458018,15.88444784283638,8.86294727824068,25,2.4390243902439024,12,1.170731707317073,2,0.1951219512195122,12.353436054991887,1.3938293512498563,3,0.2926829268292683,0.0,0.0,0.0,0.8738737933628906
bayes-fix-seed42,baseline_square,1,104,1541568519,success,55,13.75,0.17397040461385116,0,0.0,4,0.6976520810899778,14.448501169681549,16.15562066435814,12.035425243034531,31,2.2545454545454544,15,1.0909090909090908,1,0.07272727272727272,13.823433398407222,1.148562108879991,5,0.36363636363636365,0.020833333333333332,0.020833333333333332,0.12727272727272726,0.6400801877861326
bayes-fix-seed42,baseline_square,1,105,1541568520,success,52,13.0,0.1422702890217563,0,0.0,1,0.9549084489716098,13.96915939851449,15.568297542631624,10.691193756859159,25,1.9230769230769231,12,0.9230769230769231,1,0.07692307692307693,16.20910454395739,1.5161173684237181,4,0.3076923076923077,0.13333333333333333,0.13333333333333333,0.15384615384615385,0.7278228659427661
bayes-fix-seed42,baseline_square,1,106,1541568521,success,50,12.5,0.198284109824173,0,0.0,1,0.9345183437813658,14.184066951274872,15.904783643782139,10.49608377303913,31,2.48,18,1.44,3,0.24,20.229999312634384,1.9273854658628367,3,0.24,0.046511627906976744,0.023255813953488372,0.1,0.7339424868916433
bayes-fix-seed42,baseline_square,1,107,1541568522,success,42,10.5,0.21074242168893065,0,0.0,0,1.1281691646930607,13.725518027231807,15.42278490960598,9.646590350552778,18,1.7142857142857142,7,0.6666666666666666,2,0.19047619047619047,10.302003848827637,1.0679425034605416,3,0.2857142857142857,0.0,0.0,0.023809523809523808,0.8063954830612023
bayes-fix-seed42,baseline_square,1,108,1541568523,success,52,13.0,0.2354630455566381,0,0.0,0,0.8055800713344385,14.191826160710592,15.70079755038023,9.778052377240018,35,2.6923076923076925,17,1.3076923076923077,2,0.15384615384615385,17.796847774851052,1.8200810435701966,7,0.5384615384615384,0.08888888888888889,0.06666666666666667,0.07692307692307693,0.7924585702735749
bayes-fix-seed42,baseline_square,1,109,1541568524,success,47,11.75,0.10973377588035083,0,0.0,4,0.6860948412522043,13.77871941695822,15.91660641133785,9.278799440022294,29,2.4680851063829787,12,1.0212765957446808,0,0.0,8.982429961699498,0.9680595016371986,4,0.3404255319148936,0.0,0.0,0.0851063829787234,0.8385583209592272
bayes-fix-seed42,baseline_square,1,110,1541568525,success,55,13.75,0.15539109110120686,0,0.0,5,0.6587588299747965,14.362156662074002,15.851547569036484,11.9689019176701,37,2.690909090909091,12,0.8727272727272727,1,0.07272727272727272,16.834112214768602,1.406487606846859,5,0.36363636363636365,0.0,0.0,0.09090909090909091,0.6456776518796189
bayes-fix-seed42,baseline_square,1,111,1541568526,success,42,10.5,0.15227118235583348,0,0.0,2,0.8532610761153337,13.929319346234912,15.618020668625832,10.134910658044525,17,1.619047619047619,8,0.7619047619047619,0,0.0,6.792398465067289,0.6701981590410827,1,0.09523809523809523,0.0,0.0,0.07142857142857142,0.7649186179061717
bayes-fix-seed42,baseline_square,1,112,1541568527,success,76,19.0,0.2321150296232405,0,0.0,0,0.9292978234544049,14.188365814717192,15.630553476512432,15.170933565556538,55,2.8947368421052633,29,1.5263157894736843,6,0.3157894736842105,33.86792128620357,2.232421699024238,10,0.5263157894736842,0.391304347826087,0.2463768115942029,0.25,0.5089004636905683
bayes-fix-seed42,baseline_square,1,113,1541568528,success,65,16.25,0.174662513716917,0,0.0,4,0.8351444414820746,14.441219831888493,16.195666790008545,13.255350795882764,38,2.3384615384615386,18,1.1076923076923078,7,0.4307692307692308,27.86310869534952,2.1020272586074493,10,0.6153846153846154,0.22413793103448276,0.22413793103448276,0.24615384615384617,0.5852643483943853
bayes-fix-seed42,baseline_square,1,114,1541568529,timeout,101,25.25,0.16151388722384252,0,0.0,3,0.9090877648931444,14.522428449132654,15.92080295085907,15.035915798326279,77,3.0495049504950495,26,1.0297029702970297,9,0.3564356435643564,52.034313393682545,3.460668049196893,12,0.4752475247524752,0.5957446808510638,0.30851063829787234,0.25742574257425743,0.22929574356452498
bayes-fix-seed42,baseline_square,1,115,1541568530,success,50,12.5,0.15595120615793534,0,0.0,5,0.7357615321402079,14.028490856289864,15.719898417592049,10.01517357788856,36,2.88,23,1.84,3,0.24,24.61612266286625,2.4578827787082567,9,0.72,0.0,0.0,0.02,0.7786269919701648
bayes-fix-seed42,baseline_square,1,116,1541568531,success,43,10.75,0.6260491779800516,0,0.0,0,1.064361759635008,13.929572389569394,15.516765788197517,9.47035527638435,19,1.7674418604651163,12,1.1162790697674418,0,0.0,9.851897971158937,1.0402881078523019,3,0.27906976744186046,0.0,0.0,0.023255813953488372,0.8151912440585388
bayes-fix-seed42,baseline_square,1,117,1541568532,success,44,11.0,0.14715538517433446,0,0.0,7,0.44110177047677723,13.821411623873495,15.491931699216366,9.813218314096384,23,2.090909090909091,9,0.8181818181818182,2,0.18181818181818182,12.448554037961458,1.2685495868444603,5,0.45454545454545453,0.02702702702702703,0.02702702702702703,0.06818181818181818,0.7936177881614056
bayes-fix-seed42,baseline_square,1,118,1541568533,success,49,12.25,0.14202076432460908,0,0.0,4,0.8638583421905557,14.199454033253144,15.767494589090347,10.164541113148799,33,2.693877551020408,13,1.0612244897959184,1,0.08163265306122448,16.784721740039068,1.651301475708179,5,0.40816326530612246,0.0,0.0,0.02040816326530612,0.7681015759319305
bayes-fix-seed42,baseline_square,1,119,1541568534,success,41,10.25,0.19575113845525094,0,0.0,2,0.4640753826972499,13.891049819748575,15.818022191524506,9.176298024387577,20,1.951219512195122,6,0.5853658536585366,1,0.0975609756097561,7.64050754094713,0.8326350692448281,6,0.5853658536585366,0.0,0.0,0.04878048780487805,0.8437034510996791
bayes-fix-seed42,baseline_square,1,120,1541568535,success,57,14.25,0.18848202570407402,0,0.0,2,0.9840920109426877,13.742940859836445,15.104170888662336,11.74496591723386,31,2.175438596491228,15,1.0526315789473684,2,0.14035087719298245,15.462180498092222,1.316494284194043,4,0.2807017543859649,0.28,0.18,0.15789473684210525,0.6633885637196918
bayes-fix-seed42,baseline_square,1,121,1541568536,success,66,16.5,0.17090188371426807,0,0.0,3,0.5639219582836043,14.509124907128738,16.190416179597378,11.554700430541583,45,2.727272727272727,17,1.0303030303030303,2,0.12121212121212122,20.68255807530808,1.7899692163926282,10,0.6060606060606061,0.11864406779661017,0.01694915254237288,0.045454545454545456,0.6716221823057157
bayes-fix-seed42,baseline_square,1,122,1541568537,success,53,13.25,0.1639701169426312,0,0.0,7,0.4967841788452504,14.211508181859863,15.873245149850845,9.720545351057197,46,3.4716981132075473,22,1.6603773584905661,0,0.0,18.461287974169103,1.8992029055408164,7,0.5283018867924528,0.0,0.0,0.018867924528301886,0.7960635061069024
bayes-fix-seed42,baseline_square,1,123,1541568538,success,45,11.25,0.1821390586787528,0,0.0,3,0.4755663670823458,14.426074508163664,16.431941837072372,8.965608230634698,29,2.577777777777778,13,1.1555555555555554,1,0.08888888888888889,11.62551978479354,1.296679431638576,6,0.5333333333333333,0.0,0.0,0.022222222222222223,0.8698940155475209
bayes-fix-seed42,baseline_square,1,124,1541568539,success,44,11.0,0.2008246489719998,0,0.0,0,0.6368728842504839,13.898508199913936,15.513481572270393,8.892900421303812,21,1.9090909090909092,11,1.0,2,0.18181818181818182,10.917954832593317,1.2277158536981128,5,0.45454545454545453,0.13513513513513514,0.08108108108108109,0.11363636363636363,0.8739613083771317
bayes-fix-seed42,baseline_square,1,125,1541568540,success,70,17.5,0.1719468222370869,0,0.0,2,0.925646366777199,14.316787890025548,16.09952710568905,11.744608543714433,54,3.085714285714286,24,1.3714285714285714,4,0.22857142857142856,35.30259979750554,3.005855807463166,11,0.6285714285714286,0.19047619047619047,0.14285714285714285,0.12857142857142856,0.655871988302314
bayes-fix-seed42,baseline_square,1,126,1541568541,timeout,101,25.25,0.08447220742085126,0,0.0,9,0.6274987722984277,14.471639685406544,16.075916588306427,14.084657088442427,76,3.00990099009901,38,1.504950495049505,32,1.2673267326732673,97.16147789271824,6.8983914398914905,31,1.2277227722772277,0.5212765957446809,0.3723404255319149,0.4158415841584158,0.23893024761626802
bayes-fix-seed42,baseline_square,1,127,1541568542,success,55,13.75,0.2188308643409813,0,0.0,0,0.5564725230190235,13.996712253852325,15.632984414696693,10.869842141453239,35,2.5454545454545454,17,1.2363636363636363,2,0.14545454545454545,20.413870037881058,1.8780281969349588,10,0.7272727272727273,0.20833333333333334,0.16666666666666666,0.14545454545454545,0.716453894536044
bayes-fix-seed42,baseline_square,1,128,1541568543,success,38,9.5,0.21126633048140353,0,0.0,0,1.3119228026184064,13.95896400668119,15.905722044408321,9.307833895775502,15,1.5789473684210527,8,0.8421052631578947,0,0.0,6.248831845358236,0.6713518865215633,3,0.3157894736842105,0.0,0.0,0.0,0.8303116874885219
bayes-fix-seed42,baseline_square,1,129,1541568544,success,56,14.0,0.20517321618901518,0,0.0,0,0.9580840535948223,14.04367560254676,15.21903183311224,9.93012846906449,33,2.357142857142857,9,0.6428571428571429,6,0.42857142857142855,25.559989352850806,2.573983753833428,6,0.42857142857142855,0.14285714285714285,0.14285714285714285,0.14285714285714285,0.7816052071017209
bayes-fix-seed42,baseline_square,1,130,1541568545,success,49,12.25,0.13937989848625,0,0.0,9,0.5422277178184808,14.126828282463308,15.893484652042387,10.805375313735615,30,2.4489795918367347,17,1.3877551020408163,4,0.32653061224489793,19.036828626351202,1.7617924480746077,6,0.4897959183673469,0.16666666666666666,0.09523809523809523,0.12244897959183673,0.7153788279118768
bayes-fix-seed42,baseline_square,1,131,1541568546,success,47,11.75,0.23163651758029824,0,0.0,0,1.1713619804756854,13.853811282426753,15.200866386294365,9.180868016465167,25,2.127659574468085,15,1.2765957446808511,5,0.425531914893617,20.38094114697523,2.2199361879969963,6,0.5106382978723404,0.0,0.0,0.0851063829787234,0.8466596822793677
bayes-fix-seed42,baseline_square,1,132,1541568547,success,52,13.0,0.21062506607241172,0,0.0,0,0.7972856544679563,14.032705758626644,15.532267093658447,11.057715730929962,21,1.6153846153846154,6,0.46153846153846156,0,0.0,5.995776087235058,0.5422255584364537,4,0.3076923076923077,0.13333333333333333,0.0,0.1346153846153846,0.7042346523317159
bayes-fix-seed42,baseline_square,1,133,1541568548,timeout,101,25.25,0.1692431637125138,0,0.0,2,0.6282442896702538,14.516242438613778,15.938516706228256,13.77233163804233,88,3.485148514851485,31,1.2277227722772277,29,1.1485148514851484,96.05406500039314,6.974422888210871,26,1.0297029702970297,0.5425531914893617,0.3829787234042553,0.3465346534653465,0.2179057817062907
bayes-fix-seed42,baseline_square,1,134,1541568549,success,50,12.5,0.1749049424164565,0,0.0,1,0.5316164026656531,13.865320384502411,15.706281550228596,10.432483529420622,32,2.56,14,1.12,4,0.32,23.713771426066685,2.273070583738909,6,0.48,0.09302325581395349,0.09302325581395349,0.12,0.7407807540183229
bayes-fix-seed42,baseline_square,1,135,1541568550,success,82,20.5,0.21651717042121166,0,0.0,0,0.6642337980008178,14.422461799368627,16.106310114264488,12.791686847989135,65,3.1707317073170733,28,1.3658536585365855,21,1.024390243902439,73.54131197356041,5.749148868909433,25,1.2195121951219512,0.3333333333333333,0.3333333333333333,0.24390243902439024,0.6127872723033847
bayes-fix-seed42,baseline_square,1,136,1541568551,success,50,12.5,0.18714150934000506,0,0.0,1,0.6844682685023856,14.233413115143776,16.345409117639065,10.213581241759362,32,2.56,13,1.04,5,0.4,22.89037336077012,2.241170145803539,7,0.56,0.023255813953488372,0.023255813953488372,0.12,0.7608305476037497
bayes-fix-seed42,baseline_square,1,137,1541568552,success,49,12.25,0.20540576067964433,0,0.0,0,0.6507883135412308,14.3647985342814,16.248538345098492,9.2326950436203,25,2.0408163265306123,6,0.4897959183673469,1,0.08163265306122448,9.974916393501237,1.080390541047254,4,0.32653061224489793,0.07142857142857142,0.0,0.10204081632653061,0.854772348522585
bayes-fix-seed42,baseline_square,1,138,1541568553,success,62,15.5,0.15982017028987872,0,0.0,8,0.49078644255847553,14.511347598125857,16.13375898450613,10.963384733807072,44,2.838709677419355,16,1.032258064516129,4,0.25806451612903225,27.570483344772086,2.5147784205506163,12,0.7741935483870968,0.16363636363636364,0.09090909090909091,0.11290322580645161,0.7161081324749647
bayes-fix-seed42,baseline_square,1,139,1541568554,success,60,15.0,0.028136122067006886,0,0.0,3,0.5756117033176369,14.123427805801233,15.739319659769535,12.871071604938539,35,2.3333333333333335,17,1.1333333333333333,0,0.0,17.64513059777216,1.3709138709943816,2,0.13333333333333333,0.03773584905660377,0.018867924528301886,0.06666666666666667,0.6032258648438146
bayes-fix-seed42,baseline_square,1,140,1541568555,success,53,13.25,0.14293620576763055,0,0.0,2,1.0595940394063075,14.398511358589497,16.55498519539833,10.699474295291155,28,2.1132075471698113,11,0.8301886792452831,1,0.07547169811320754,12.093274295726495,1.1302680825214704,4,0.3018867924528302,0.21739130434782608,0.021739130434782608,0.20754716981132076,0.7230641947915614
bayes-fix-seed42,baseline_square,1,141,1541568556,success,59,14.75,0.15914117550488083,0,0.0,4,1.027193057135376,14.646656242972714,16.831544786691662,12.00892550291489,36,2.440677966101695,14,0.9491525423728814,7,0.4745762711864407,31.53339878065008,2.625830160491551,12,0.8135593220338984,0.19230769230769232,0.11538461538461539,0.1864406779661017,0.6449944042826913
bayes-fix-seed42,baseline_square,1,142,1541568557,success,57,14.25,0.16604168291435561,0,0.0,4,0.781654360797743,14.45430412627103,16.210830956697464,13.69101434903668,24,1.6842105263157894,11,0.7719298245614035,0,0.0,10.578109321291409,0.7726315268989329,2,0.14035087719298245,0.08,0.04,0.12280701754385964,0.5660952485940441
bayes-fix-seed42,baseline_square,1,143,1541568558,success,57,14.25,0.1726777308772227,0,0.0,3,0.6424201724315007,14.247107074448937,15.942442417144774,10.891587690741835,38,2.6666666666666665,11,0.7719298245614035,3,0.21052631578947367,19.587667848927474,1.7984217182199762,4,0.2807017543859649,0.06,0.0,0.08771929824561403,0.7162160267389741
bayes-fix-seed42,baseline_square,1,144,1541568559,success,53,13.25,0.18627584030909816,0,0.0,1,0.9660150040258111,14.40157748337062,16.0852812230587,11.577488179310313,30,2.2641509433962264,18,1.3584905660377358,4,0.3018867924528302,19.60585748105543,1.6934465557125171,6,0.4528301886792453,0.1956521739130435,0.08695652173913043,0.18867924528301888,0.6708921208722487
bayes-fix-seed42,baseline_square,1,145,1541568560,success,57,14.25,0.32105144517558615,0,0.0,0,1.0209915484217624,14.19627823327717,15.828970819711685,11.044624056250358,38,2.6666666666666665,16,1.1228070175438596,4,0.2807017543859649,20.82415528570618,1.8854562346032415,10,0.7017543859649122,0.28,0.22,0.19298245614035087,0.7131473442612404
bayes-fix-seed42,baseline_square,1,146,1541568561,success,47,11.75,0.0730834328021378,0,0.0,5,0.9822728759233635,14.242053586751856,15.772734209895134,10.111681231002464,26,2.2127659574468086,8,0.6808510638297872,2,0.1702127659574468,14.940608019331112,1.4775592384699723,7,0.5957446808510638,0.175,0.05,0.10638297872340426,0.7658883736709059
bayes-fix-seed42,baseline_square,1,147,1541568562,success,48,12.0,0.17182503713498232,0,0.0,1,0.6403897791137431,14.016420425226292,15.557136572897434,9.758146477631477,28,2.3333333333333335,15,1.25,0,0.0,14.93044758737085,1.5300495459456156,5,0.4166666666666667,0.0,0.0,0.0625,0.8050254378310704
bayes-fix-seed42,baseline_square,1,148,1541568563,success,73,18.25,0.18237417085247276,0,0.0,7,0.7618083997166213,14.150921561538357,15.747589617967604,15.120057407610762,39,2.136986301369863,13,0.7123287671232876,1,0.0547945205479452,14.364835668211377,0.9500516619057782,4,0.2191780821917808,0.2727272727272727,0.09090909090909091,0.2328767123287671,0.5175228181909347
bayes-fix-seed42,baseline_square,1,149,1541568564,success,49,12.25,0.11060358977374096,0,0.0,3,0.7967604097773548,14.105494685319005,15.950009971857071,10.913704224526892,27,2.204081632653061,12,0.9795918367346939,2,0.16326530612244897,17.283681043532248,1.5836677161077721,6,0.4897959183673469,0.047619047619047616,0.047619047619047616,0.08163265306122448,0.7112414492731021
bayes-fix-seed42,baseline_square,1,150,1541568565,success,49,12.25,0.22373636400214358,0,0.0,0,0.717040304270814,14.13414657724147,15.7620370388031,8.643596460023321,29,2.36734693877551,11,0.8979591836734694,3,0.24489795918367346,18.05205977340846,2.088489421839547,5,0.40816326530612246,0.023809523809523808,0.023809523809523808,0.02040816326530612,0.9068026890652042
bayes-fix-seed42,baseline_square,1,151,1541568566,success,41,10.25,0.25891747717485303,0,0.0,0,0.5705715340896211,14.088788228790934,15.93656837940216,8.903924526121994,28,2.731707317073171,19,1.853658536585366,0,0.0,13.898568635440563,1.5609486125657819,10,0.975609756097561,0.0,0.0,0.024390243902439025,0.8857508354639861
bayes-fix-seed42,baseline_square,1,152,1541568567,collision,9,2.25,-0.05255435838818867,1,0.25,2,0.4293371161826608,11.974561545583937,13.310529291629791,1.8618634224636035,7,3.111111111111111,0,0.0,1,0.4444444444444444,6.172705545607983,3.3153374576961756,2,0.8888888888888888,0.5,0.5,0.4444444444444444,0.020470574466836915
bayes-fix-seed42,baseline_square,1,153,1541568568,success,44,11.0,0.29658732264500265,0,0.0,0,0.7930665244400064,14.373281885954468,16.19749888777733,9.299620028980145,30,2.727272727272727,20,1.8181818181818181,0,0.0,16.191004229418912,1.7410393305278429,4,0.36363636363636365,0.0,0.0,0.0,0.8438228826553349
bayes-fix-seed42,baseline_square,1,154,1541568569,success,66,16.5,0.1892240738052502,0,0.0,1,0.8595877394775393,14.683179105773117,16.25906676054001,14.496162752374516,40,2.4242424242424243,18,1.0909090909090908,1,0.06060606060606061,18.229618831081492,1.2575478864636385,5,0.30303030303030304,0.01694915254237288,0.0,0.07575757575757576,0.5318856238861078
bayes-fix-seed42,baseline_square,1,155,1541568570,success,58,14.5,0.2003497847360044,0,0.0,0,1.061818640972327,14.874002350301579,16.7358735576272,11.595374732493273,30,2.0689655172413794,9,0.6206896551724138,0,0.0,13.591297212834304,1.1721309165410527,3,0.20689655172413793,0.0392156862745098,0.0,0.10344827586206896,0.6714870398583205
bayes-fix-seed42,baseline_square,1,156,1541568571,success,56,14.0,0.15002765156128717,0,0.0,3,0.5874742404295892,15.096483153424092,18.08373536914587,10.991244662824649,33,2.357142857142857,15,1.0714285714285714,3,0.21428571428571427,20.684460559954235,1.8819033871491055,7,0.5,0.24489795918367346,0.22448979591836735,0.23214285714285715,0.7033011089932225
bayes-fix-seed42,baseline_square,1,157,1541568572,success,43,10.75,0.15936788124395607,0,0.0,2,0.8072112820427899,14.67244595635769,16.850700974464417,9.665833661793398,23,2.13953488372093,13,1.2093023255813953,1,0.09302325581395349,11.979266962078501,1.2393413109755367,5,0.46511627906976744,0.0,0.0,0.09302325581395349,0.8081964429968779
bayes-fix-seed42,baseline_square,1,158,1541568573,success,50,12.5,0.10167839545341684,0,0.0,2,0.65490559125418,14.241860434412956,15.953900665044785,11.302816850900642,30,2.4,12,0.96,3,0.24,15.04884682703447,1.3314244604286702,3,0.24,0.0,0.0,0.12,0.6863575691486687
bayes-fix-seed42,baseline_square,1,159,1541568574,success,69,17.25,0.10279133849873512,0,0.0,6,0.5737526025089735,14.532439032758491,15.946988016366959,15.754522015304925,26,1.5072463768115942,9,0.5217391304347826,1,0.057971014492753624,15.3314525461625,0.9731461564666051,3,0.17391304347826086,0.12903225806451613,0.03225806451612903,0.14492753623188406,0.49492268866820827
bayes-fix-seed42,baseline_square,1,160,1541568575,success,52,13.0,0.4970574430663818,0,0.0,0,1.3487156598406562,14.34777770191431,16.268834099173546,9.66112506338785,25,1.9230769230769231,7,0.5384615384615384,1,0.07692307692307693,8.189407882191013,0.847666066680566,3,0.23076923076923078,0.06666666666666667,0.0,0.09615384615384616,0.8045970794668574
bayes-fix-seed42,baseline_square,1,161,1541568576,success,46,11.5,0.11131511970107577,0,0.0,1,0.6029306994678865,14.33286953555501,16.336990520358086,10.595324171857438,30,2.608695652173913,13,1.1304347826086956,1,0.08695652173913043,13.675776798008153,1.2907369870128937,5,0.43478260869565216,0.02564102564102564,0.02564102564102564,0.08695652173913043,0.7293814014368218
bayes-fix-seed42,baseline_square,1,162,1541568577,collision,11,2.75,-0.038584475794589346,1,0.25,5,0.286506906089101,12.135865674777465,14.18103463947773,1.9420286833479905,9,3.272727272727273,4,1.4545454545454546,4,1.4545454545454546,12.479423641932012,6.425972875136899,3,1.0909090909090908,0.5,0.5,0.45454545454545453,0.024499204010932724
bayes-fix-seed42,baseline_square,1,163,1541568578,success,57,14.25,0.19957566699914198,0,0.0,1,0.9847266983172269,14.765097776003051,16.41133576631546,10.26028465897136,33,2.3157894736842106,17,1.1929824561403508,5,0.3508771929824561,25.012302728840492,2.437778634822797,7,0.49122807017543857,0.08,0.08,0.10526315789473684,0.7547225485301287
bayes-fix-seed42,baseline_square,1,164,1541568579,success,54,13.5,0.20166279708361867,0,0.0,0,1.0946361216404126,15.012672102009809,16.963393986225128,10.3156660851857,24,1.7777777777777777,7,0.5185185185185185,1,0.07407407407407407,11.426561793842312,1.1076901578126852,3,0.2222222222222222,0.10638297872340426,0.06382978723404255,0.09259259259259259,0.7522218383441327
bayes-fix-seed42,baseline_square,1,165,1541568580,success,53,13.25,0.2076938653708078,0,0.0,0,0.5579206607429589,14.660474053531322,17.053081840276718,11.935470189633445,27,2.0377358490566038,9,0.6792452830188679,1,0.07547169811320754,12.945925102394265,1.084659832977376,5,0.37735849056603776,0.0,0.0,0.05660377358490566,0.6525553656619624
bayes-fix-seed42,baseline_square,1,166,1541568581,timeout,101,25.25,0.18228617602465813,0,0.0,3,0.2797107691525271,15.082762641186761,16.469281166791916,9.694647038599836,64,2.5346534653465347,27,1.0693069306930694,29,1.1485148514851484,96.41723567162282,9.94540959435982,29,1.1485148514851484,0.7978723404255319,0.6170212765957447,0.31683168316831684,0.2269092159912681
bayes-fix-seed42,baseline_square,1,167,1541568582,timeout,101,25.25,0.13758850444567705,0,0.0,3,0.336847479979118,15.065993376002453,17.024528235197067,11.394992030072359,83,3.287128712871287,49,1.9405940594059405,40,1.5841584158415842,133.5182411742851,11.717273765696284,43,1.702970297029703,0.648936170212766,0.6276595744680851,0.25742574257425743,0.5295943689825368
bayes-fix-seed42,baseline_square,1,168,1541568583,success,65,16.25,0.11735542401484911,0,0.0,4,0.550069742351388,14.398344950034069,16.015134006738663,15.705323296080918,35,2.1538461538461537,21,1.2923076923076924,0,0.0,10.885378057597121,0.6931011767400829,1,0.06153846153846154,0.1724137931034483,0.1206896551724138,0.2153846153846154,0.49512063436810516
bayes-fix-seed42,baseline_square,1,169,1541568584,timeout,101,25.25,0.19218017278610688,0,0.0,3,0.42224121125112357,14.657958014176623,16.11137017607689,16.358618276550814,92,3.6435643564356437,40,1.5841584158415842,48,1.900990099009901,137.29532683520063,8.39284373008483,51,2.01980198019802,0.5425531914893617,0.4787234042553192,0.4158415841584158,0.07940039699120438
bayes-fix-seed42,baseline_square,1,170,1541568585,success,51,12.75,0.15629078830826104,0,0.0,2,1.1722919060041967,13.636130766541351,15.289025381207466,9.7899859549842,25,1.9607843137254901,13,1.0196078431372548,2,0.1568627450980392,10.529292883777291,1.075516648562371,4,0.3137254901960784,0.09090909090909091,0.0,0.09803921568627451,0.8035098275157534
bayes-fix-seed42,baseline_square,1,171,1541568586,success,49,12.25,0.235075453697288,0,0.0,0,1.304986519988406,14.092039925103284,15.75610041618347,10.025031237677965,24,1.9591836734693877,12,0.9795918367346939,1,0.08163265306122448,12.847286160078793,1.2815208108074214,4,0.32653061224489793,0.0,0.0,0.02040816326530612,0.7734156819279381
bayes-fix-seed42,baseline_square,1,172,1541568587,success,52,13.0,0.218190185525175,0,0.0,0,0.7457167165485017,13.859026778775911,15.716970339417458,10.685996885261112,28,2.1538461538461537,13,1.0,2,0.15384615384615385,14.323540196054655,1.3404028047032936,5,0.38461538461538464,0.15555555555555556,0.1111111111111111,0.11538461538461539,0.7320001091864999
bayes-fix-seed42,baseline_square,1,173,1541568588,success,49,12.25,0.04954468832490477,0,0.0,8,0.3801784368661396,13.812418266826747,15.759627521038055,10.65045550085895,31,2.5306122448979593,12,0.9795918367346939,1,0.08163265306122448,14.135406970445874,1.3272114952553782,4,0.32653061224489793,0.0,0.0,0.10204081632653061,0.739831602432331
bayes-fix-seed42,baseline_square,1,174,1541568589,success,52,13.0,0.21924212511623575,0,0.0,0,1.4995967242044574,14.1248508141591,15.851509384810925,9.583602000977443,36,2.769230769230769,22,1.6923076923076923,2,0.15384615384615385,23.87241200347477,2.490964462113514,6,0.46153846153846156,0.044444444444444446,0.0,0.11538461538461539,0.8150084583447985
bayes-fix-seed42,baseline_square,1,175,1541568590,timeout,101,25.25,0.19865302913095761,0,0.0,1,0.7160205667367108,14.606751501560211,16.44677296280861,14.650030914279368,86,3.405940594059406,28,1.108910891089109,26,1.0297029702970297,95.62673009856967,6.527408075662311,33,1.306930693069307,0.851063829787234,0.5957446808510638,0.5148514851485149,0.0
bayes-fix-seed42,baseline_square,1,176,1541568591,success,58,14.5,0.20531444950968625,0,0.0,0,0.8803435297725704,14.481866924927152,16.473220847547054,11.617101117145353,29,2.0,11,0.7586206896551724,4,0.27586206896551724,20.07694942509869,1.7282236956229713,8,0.5517241379310345,0.29411764705882354,0.2549019607843137,0.27586206896551724,0.6693083513668646
bayes-fix-seed42,baseline_square,1,177,1541568592,timeout,101,25.25,0.20381881378024191,0,0.0,0,1.8415796554575692,14.71593835861376,16.17857813835144,16.793842596770794,73,2.891089108910891,25,0.9900990099009901,9,0.3564356435643564,43.211519139413525,2.5730572911123066,10,0.39603960396039606,0.8936170212765957,0.3617021276595745,0.6534653465346535,0.0
bayes-fix-seed42,baseline_square,1,178,1541568593,success,57,14.25,0.19868709013767372,0,0.0,1,0.5287506169050002,14.111598398078952,15.978947281837462,13.382091205301451,29,2.0350877192982457,14,0.9824561403508771,2,0.14035087719298245,13.317166042846855,0.9951483545091312,6,0.42105263157894735,0.14,0.1,0.19298245614035087,0.579379200064996
bayes-fix-seed42,baseline_square,1,179,1541568594,success,40,10.0,0.16068529386148056,0,0.0,3,1.2413815315111894,13.87271024286747,15.420335158705711,8.92086048883035,25,2.5,15,1.5,1,0.1,14.392830218926045,1.613390349164977,4,0.4,0.0,0.0,0.025,0.8692160789236154
bayes-fix-seed42,baseline_square,1,180,1541568595,success,69,17.25,0.13927019971574028,0,0.0,14,0.5527942645862065,14.379624763260717,15.82755073904991,16.022101418149074,29,1.681159420289855,9,0.5217391304347826,3,0.17391304347826086,16.16870496778439,1.009150082489757,1,0.057971014492753624,0.12903225806451613,0.12903225806451613,0.15942028985507245,0.48488672619433076
bayes-fix-seed42,baseline_square,1,181,1541568596,success,59,14.75,0.16304021213547437,0,0.0,3,1.2439693041409747,14.606676806332702,16.20734892785549,12.601411400531125,29,1.9661016949152543,18,1.2203389830508475,4,0.2711864406779661,22.831470427422012,1.811818509985295,6,0.4067796610169492,0.3076923076923077,0.19230769230769232,0.22033898305084745,0.6150695517896465
bayes-fix-seed42,baseline_square,1,182,1541568597,success,60,15.0,0.19730562599962298,0,0.0,1,0.719060103849192,14.558316580951214,16.519040428102016,10.84627184775202,45,3.0,17,1.1333333333333333,1,0.06666666666666667,20.953258543245138,1.931839699148595,8,0.5333333333333333,0.1320754716981132,0.05660377358490566,0.08333333333333333,0.7249401106371386
bayes-fix-seed42,baseline_square,1,183,1541568598,success,59,14.75,0.19408078714469357,0,0.0,1,0.6584095701527377,14.384407550096512,15.780076012015343,10.404970893905876,38,2.5762711864406778,15,1.0169491525423728,2,0.13559322033898305,21.38984689625574,2.055733467623983,7,0.4745762711864407,0.09615384615384616,0.07692307692307693,0.1016949152542373,0.7419171946090868
bayes-fix-seed42,baseline_square,1,184,1541568599,success,54,13.5,0.20097231979130847,0,0.0,0,0.6088033469700025,14.351612439862004,17.195486091077317,11.869848033661476,24,1.7777777777777777,9,0.6666666666666666,2,0.14814814814814814,12.429137671932747,1.047118517160893,4,0.2962962962962963,0.19148936170212766,0.0425531914893617,0.2037037037037037,0.6592003709296446
bayes-fix-seed42,baseline_square,1,185,1541568600,success,39,9.75,0.4192008681901297,0,0.0,0,1.2682837637138131,14.447739013494589,15.773866325616837,8.487121651212396,20,2.051282051282051,14,1.435897435897436,2,0.20512820512820512,9.467600327788322,1.1155254651541213,3,0.3076923076923077,0.0,0.0,0.0,0.9147590609776906
bayes-fix-seed42,baseline_square,1,186,1541568601,success,77,19.25,0.1856093808273579,0,0.0,1,0.5658393668908193,14.67058120609878,16.90283939242363,17.115623928367196,45,2.3376623376623376,26,1.3506493506493507,8,0.4155844155844156,33.6450596013007,1.9657512774359251,4,0.2077922077922078,0.18571428571428572,0.12857142857142856,0.18181818181818182,0.4508856034307121
bayes-fix-seed42,baseline_square,1,187,1541568602,timeout,101,25.25,0.16120340964701163,0,0.0,2,0.4396723276225711,15.073819842078898,16.301538795232773,11.87548992233586,88,3.485148514851485,57,2.257425742574257,49,1.9405940594059405,166.29431636962664,14.00315418203119,55,2.1782178217821784,0.48936170212765956,0.48936170212765956,0.33663366336633666,0.4274645108089072
bayes-fix-seed42,baseline_square,1,188,1541568603,success,52,13.0,0.12857725273878762,0,0.0,9,1.2033974393513094,14.330616292472069,15.647652931511402,11.178360829847003,23,1.7692307692307692,8,0.6153846153846154,2,0.15384615384615385,14.519868756863955,1.2989264685475972,2,0.15384615384615385,0.13333333333333333,0.022222222222222223,0.11538461538461539,0.6940389023874711
bayes-fix-seed42,baseline_square,1,189,1541568604,success,49,12.25,0.1864489693534952,0,0.0,1,1.0167380879161836,14.291574912411827,16.036195307970047,9.753389567001646,30,2.4489795918367347,12,0.9795918367346939,1,0.08163265306122448,10.168687679580984,1.0425798754090991,5,0.40816326530612246,0.16666666666666666,0.023809523809523808,0.10204081632653061,0.7963563957004854
bayes-fix-seed42,baseline_square,1,190,1541568605,success,51,12.75,0.19012109604591865,0,0.0,2,1.4005768772453413,13.948087963987799,15.420431271195412,9.30739823108577,28,2.196078431372549,14,1.0980392156862746,5,0.39215686274509803,22.442764093408243,2.4112822441025115,7,0.5490196078431373,0.0,0.0,0.058823529411764705,0.8338326834258578
bayes-fix-seed42,baseline_square,1,191,1541568606,success,54,13.5,0.20475083867325117,0,0.0,0,0.9233397337992038,13.962632459070948,16.032888740301132,9.77932870179507,32,2.3703703703703702,14,1.037037037037037,1,0.07407407407407407,13.82833052210604,1.4140367855277987,4,0.2962962962962963,0.02127659574468085,0.02127659574468085,0.1111111111111111,0.7940691783732416
bayes-fix-seed42,baseline_square,1,192,1541568607,success,56,14.0,0.17146811975292386,0,0.0,2,0.4700155601803768,14.208258595317602,15.804938971996307,10.940678164201216,43,3.0714285714285716,12,0.8571428571428571,2,0.14285714285714285,20.32284379876738,1.8575488186157754,7,0.5,0.14285714285714285,0.04081632653061224,0.17857142857142858,0.7093602672188595
bayes-fix-seed42,baseline_square,1,193,1541568608,collision,8,2.0,-0.027180340286705462,1,0.25,7,0.12856123243838743,11.877266690135002,13.466721959412098,1.4452272784193574,6,3.0,2,1.0,2,1.0,8.074333012598645,5.586894970201178,3,1.5,0.0,0.0,0.25,0.552578340887549
bayes-fix-seed42,baseline_square,1,194,1541568609,success,76,19.0,0.19443675937183957,0,0.0,1,0.5776812977658428,14.416407499658433,15.567764639854431,11.651641813574182,58,3.0526315789473686,27,1.4210526315789473,6,0.3157894736842105,42.33843809568018,3.633688605699828,13,0.6842105263157895,0.14492753623188406,0.08695652173913043,0.19736842105263158,0.6653092041668554
bayes-fix-seed42,baseline_square,1,195,1541568610,success,50,12.5,0.1945326565952218,0,0.0,2,1.0068451607301703,13.885289430618286,15.681789442896843,9.972148281748805,32,2.56,13,1.04,6,0.48,21.91887492971621,2.198009326619472,8,0.64,0.13953488372093023,0.09302325581395349,0.12,0.7772440417678433
bayes-fix-seed42,baseline_square,1,196,1541568611,success,51,12.75,0.19660086137323862,0,0.0,1,0.706495980051385,13.994919903138104,15.238363295793533,10.268751243274203,32,2.5098039215686274,12,0.9411764705882353,2,0.1568627450980392,13.551726129840853,1.319705367165937,4,0.3137254901960784,0.022727272727272728,0.022727272727272728,0.0784313725490196,0.7660090698507168
bayes-fix-seed42,baseline_square,1,197,1541568612,success,50,12.5,0.18225528789721912,0,0.0,1,1.1689834911542443,14.127012118697166,16.039953380823135,9.269336076404166,30,2.4,15,1.2,5,0.4,23.614244073208585,2.547565853537291,10,0.8,0.11627906976744186,0.11627906976744186,0.12,0.8461586846050253
bayes-fix-seed42,baseline_square,1,198,1541568613,success,67,16.75,0.22950361725322677,0,0.0,0,0.739739991176746,14.3298687997149,16.163866594433784,11.689266992825829,47,2.8059701492537314,19,1.1343283582089552,1,0.05970149253731343,19.266261159162482,1.6482009668345294,6,0.3582089552238806,0.13333333333333333,0.05,0.14925373134328357,0.6666635927441641
bayes-fix-seed42,baseline_square,1,199,1541568614,success,48,12.0,0.2252263563714212,0,0.0,0,0.850434690631034,13.942984476064643,15.72609581053257,10.164936971603785,37,3.0833333333333335,18,1.5,2,0.16666666666666666,17.459246937839087,1.7175951987319045,5,0.4166666666666667,0.0,0.0,0.020833333333333332,0.7641988492094883
bayes-fix-seed42,baseline_square,1,200,1541568615,success,50,12.5,0.09959228582177926,0,0.0,3,0.9456671888768372,14.170208647847176,15.826444327831268,9.482113357257958,28,2.24,13,1.04,1,0.08,14.624609999282665,1.5423365496984331,5,0.4,0.0,0.0,0.06,0.8161040547543716
bayes-fix-seed42,baseline_square,1,201,1541568616,success,55,13.75,0.2080935218668234,0,0.0,0,1.2738361817777983,14.018998836929148,15.585633367300034,11.70229550754595,25,1.8181818181818181,8,0.5818181818181818,6,0.43636363636363634,20.90868572330455,1.7867166069957878,8,0.5818181818181818,0.25,0.16666666666666666,0.2545454545454545,0.6676869789358899
bayes-fix-seed42,baseline_square,1,202,1541568617,success,45,11.25,0.16515143720291825,0,0.0,2,0.911426347021179,14.08439286881023,15.79008474946022,9.001685450305262,28,2.488888888888889,13,1.1555555555555554,2,0.17777777777777778,12.981593170919254,1.4421291704298584,7,0.6222222222222222,0.0,0.0,0.0,0.8704753153624546
bayes-fix-seed42,baseline_square,1,203,1541568618,success,47,11.75,0.21980293268830509,0,0.0,0,0.8298707919548911,14.184117475722699,15.691423788666725,10.307655403742162,22,1.872340425531915,12,1.0212765957446808,4,0.3404255319148936,17.92155692529973,1.7386647325048685,5,0.425531914893617,0.175,0.15,0.1276595744680851,0.7500286720527717
bayes-fix-seed42,baseline_square,1,204,1541568619,success,43,10.75,0.2224132332614106,0,0.0,0,0.7998341444565754,14.151877008898314,15.986037626862526,8.92181412259761,26,2.4186046511627906,13,1.2093023255813953,0,0.0,10.056137826388852,1.1271404770603963,4,0.37209302325581395,0.0,0.0,0.023255813953488372,0.8712389606900106
bayes-fix-seed42,baseline_square,1,205,1541568620,success,47,11.75,0.19429808970172358,0,0.0,1,1.2657289857235159,14.139240885034521,16.2702165544033,9.30653712309078,17,1.446808510638298,9,0.7659574468085106,2,0.1702127659574468,9.313478666370973,1.0007458782131722,3,0.2553191489361702,0.0,0.0,0.06382978723404255,0.8435642331962951
bayes-fix-seed42,baseline_square,1,206,1541568621,success,67,16.75,0.15076597946467873,0,0.0,6,0.74841406962399,14.580955367479751,16.158637776970863,13.412164015277005,47,2.8059701492537314,29,1.7313432835820894,3,0.1791044776119403,27.93798263964534,2.083033178525317,6,0.3582089552238806,0.25,0.18333333333333332,0.19402985074626866,0.5791670754319718
bayes-fix-seed42,baseline_square,1,207,1541568622,success,43,10.75,0.20331644946766958,0,0.0,0,0.9474273223076993,13.699368682018546,15.339234471321106,9.259835041481415,22,2.046511627906977,11,1.0232558139534884,0,0.0,7.617489631132103,0.822637724863124,2,0.18604651162790697,0.0,0.0,0.0,0.8385559798770716
bayes-fix-seed42,baseline_square,1,208,1541568623,success,43,10.75,0.19594076608686495,0,0.0,1,0.8327298199220169,13.953971308331157,15.593506023287773,8.5979303523398,28,2.604651162790698,17,1.5813953488372092,0,0.0,13.98073025967527,1.6260576309356378,9,0.8372093023255814,0.0,0.0,0.0,0.911456564666755
bayes-fix-seed42,baseline_square,1,209,1541568624,success,62,15.5,0.007949631436544369,0,0.0,5,0.8406453753724941,14.506502918178036,16.173849627375603,11.163455792029477,39,2.5161290322580645,15,0.967741935483871,5,0.3225806451612903,25.747586321606203,2.3064171884829383,9,0.5806451612903226,0.16363636363636364,0.10909090909090909,0.0967741935483871,0.6943746689041526
bayes-fix-seed42,baseline_square,1,210,1541568625,success,41,10.25,0.20146401339925746,0,0.0,0,0.6303833238271294,13.848045068543131,15.14066755771637,8.303415087390272,19,1.853658536585366,11,1.0731707317073171,0,0.0,8.137458651904742,0.9800134723196539,3,0.2926829268292683,0.0,0.0,0.0,0.936565227838595
bayes-fix-seed42,baseline_square,1,211,1541568626,timeout,101,25.25,0.16659359449443334,0,0.0,5,0.3582529766113791,14.320474265530558,15.668947249650955,13.5817412955503,75,2.9702970297029703,18,0.7128712871287128,13,0.5148514851485149,52.97542014968261,3.900488088890238,16,0.6336633663366337,0.46808510638297873,0.19148936170212766,0.22772277227722773,0.40468988274047724
bayes-fix-seed42,baseline_square,1,212,1541568627,success,59,14.75,0.21040706418398225,0,0.0,0,0.7597818358203599,14.176773759773223,15.649350732564926,11.141435062993803,38,2.5762711864406778,19,1.2881355932203389,8,0.5423728813559322,31.149954916644294,2.795865590071843,13,0.8813559322033898,0.0,0.0,0.03389830508474576,0.6962370160865768
bayes-fix-seed42,baseline_square,1,213,1541568628,success,49,12.25,0.18357839640308715,0,0.0,2,0.7615418172575869,14.130701824110382,15.919346362352371,10.568112112014038,29,2.36734693877551,12,0.9795918367346939,1,0.08163265306122448,13.627332751275777,1.2894765504790544,2,0.16326530612244897,0.0,0.0,0.061224489795918366,0.734365469850564
bayes-fix-seed42,baseline_square,1,214,1541568629,success,49,12.25,0.17649050495373053,0,0.0,2,0.8034147410492057,14.03405068784344,15.656174719333649,9.720552982619031,24,1.9591836734693877,12,0.9795918367346939,1,0.08163265306122448,11.512507120977993,1.1843469339206412,4,0.32653061224489793,0.0,0.0,0.061224489795918366,0.7956794953209462
bayes-fix-seed42,baseline_square,1,215,1541568630,success,45,11.25,0.19623669587294357,0,0.0,2,1.127397372562312,14.19541844063335,16.49155616760254,9.179832309840549,28,2.488888888888889,15,1.3333333333333333,4,0.35555555555555557,18.86013376775406,2.054518332272418,5,0.4444444444444444,0.02631578947368421,0.02631578947368421,0.1111111111111111,0.8433352425884447
bayes-fix-seed42,baseline_square,1,216,1541568631,success,58,14.5,0.11209956538636723,0,0.0,4,0.9394389621782027,14.039342066851155,15.377500839531422,11.18755013756704,33,2.2758620689655173,13,0.896551724137931,2,0.13793103448275862,18.563291483908635,1.6592811880748004,6,0.41379310344827586,0.19607843137254902,0.1568627450980392,0.15517241379310345,0.6947229018440026
bayes-fix-seed42,baseline_square,1,217,1541568632,success,48,12.0,0.1830870537612992,0,0.0,2,0.8451097487773573,14.179447821031014,15.94299990683794,10.651397885270658,32,2.6666666666666665,18,1.5,4,0.3333333333333333,20.058425086377877,1.883173016578019,6,0.5,0.04878048780487805,0.04878048780487805,0.08333333333333333,0.7265854411263184
bayes-fix-seed42,baseline_square,1,218,1541568633,success,47,11.75,0.19942303314500942,0,0.0,1,0.7142306864990478,14.655471402913966,16.256720200181007,9.134933265701404,30,2.5531914893617023,14,1.1914893617021276,1,0.0851063829787234,15.394946217205327,1.6852828334289163,5,0.425531914893617,0.0,0.0,0.02127659574468085,0.8609376529859651
bayes-fix-seed42,baseline_square,1,219,1541568634,success,54,13.5,0.19696591249671946,0,0.0,1,0.8733376899085147,14.204424495498339,16.167239099740982,11.460352111474258,26,1.9259259259259258,11,0.8148148148148148,3,0.2222222222222222,20.91797098158648,1.8252467967928425,9,0.6666666666666666,0.2127659574468085,0.1702127659574468,0.2037037037037037,0.6785214077217875
bayes-fix-seed42,baseline_square,1,220,1541568635,success,57,14.25,0.18099578822925844,0,0.0,1,0.8825074308026938,14.01643036750325,15.265380591154099,10.12408511839202,32,2.245614035087719,9,0.631578947368421,1,0.07017543859649122,13.009976349569573,1.285052051363621,6,0.42105263157894735,0.0,0.0,0.03508771929824561,0.766028689200034
bayes-fix-seed42,baseline_square,1,221,1541568636,success,48,12.0,0.05629228239799677,0,0.0,5,0.7964957353318937,13.84994457475841,16.15086067467928,10.709997786518173,26,2.1666666666666665,11,0.9166666666666666,3,0.25,14.907207112427182,1.3918963765979941,4,0.3333333333333333,0.024390243902439025,0.0,0.16666666666666666,0.7250693838520015
bayes-fix-seed42,baseline_square,1,222,1541568637,success,59,14.75,0.19426497482826277,0,0.0,1,1.1762978491131717,14.158242019051212,16.061291098594666,12.363267496201278,29,1.9661016949152543,12,0.8135593220338984,6,0.4067796610169492,22.449086772954953,1.8157891334028509,11,0.7457627118644068,0.3076923076923077,0.3076923076923077,0.2542372881355932,0.6294535612701976
bayes-fix-seed42,baseline_square,1,223,1541568638,success,40,10.0,0.17697866196712753,0,0.0,3,1.0937491648369533,14.024422038346529,16.393721289932728,9.459284276014333,21,2.1,9,0.9,0,0.0,7.515011245237565,0.7944587588189085,4,0.4,0.0,0.0,0.0,0.816900350748043
bayes-fix-seed42,baseline_square,1,224,1541568639,timeout,101,25.25,0.15675205570677253,0,0.0,9,0.43413447054792653,14.427758273806903,15.644438564777374,13.355951492403946,91,3.603960396039604,35,1.386138613861386,21,0.8316831683168316,86.28274464253732,6.460246931235839,27,1.0693069306930694,0.5319148936170213,0.5,0.31683168316831684,0.4201438846023615
bayes-fix-seed42,baseline_square,1,225,1541568640,success,57,14.25,0.1446087493638759,0,0.0,4,0.6239223934431053,14.032231872541862,15.326017886400223,11.67867805238976,37,2.5964912280701755,21,1.4736842105263157,3,0.21052631578947367,20.924729260255972,1.7917035786404123,4,0.2807017543859649,0.14,0.06,0.07017543859649122,0.6710005360244815
bayes-fix-seed42,baseline_square,1,226,1541568641,collision,24,6.0,-0.061263901555259404,1,0.25,10,0.4629732546709806,13.28619522973895,14.685975387692451,4.600120267697024,22,3.6666666666666665,11,1.8333333333333333,3,0.5,15.084477342134626,3.279148470978222,6,1.0,0.29411764705882354,0.17647058823529413,0.3333333333333333,0.20501473436424925
bayes-fix-seed42,baseline_square,1,227,1541568642,success,54,13.5,0.2787212036733687,0,0.0,0,1.4915984861989904,14.183241460058424,15.887105278670788,9.006235410676403,33,2.4444444444444446,20,1.4814814814814814,2,0.14814814814814814,17.446160695555644,1.937120217274597,6,0.4444444444444444,0.23404255319148937,0.06382978723404255,0.14814814814814814,0.8680797002691916
bayes-fix-seed42,baseline_square,1,228,1541568643,success,42,10.5,0.25137592711469625,0,0.0,0,0.8468092929061409,14.200469478964806,15.574474446475506,9.075422555397646,17,1.619047619047619,7,0.6666666666666666,3,0.2857142857142857,11.310352913435949,1.2462618511034584,5,0.47619047619047616,0.08571428571428572,0.0,0.11904761904761904,0.8584239360357139
bayes-fix-seed42,baseline_square,1,229,1541568644,success,56,14.0,0.181830785242304,0,0.0,2,0.8241751675039987,13.965956534125976,15.550768002867699,11.242527811122645,29,2.0714285714285716,13,0.9285714285714286,4,0.2857142857142857,25.04674065733967,2.227856677620135,8,0.5714285714285714,0.2857142857142857,0.2857142857142857,0.19642857142857142,0.6992660815409554
bayes-fix-seed42,baseline_square,1,230,1541568645,success,45,11.25,0.19088603963823914,0,0.0,2,0.8410196031928995,14.11642755071322,15.981443971395493,9.955413192703235,26,2.311111111111111,13,1.1555555555555554,1,0.08888888888888889,11.778649675442766,1.1831402120080623,3,0.26666666666666666,0.0,0.0,0.0,0.7796216046617734
bayes-fix-seed42,baseline_square,1,231,1541568646,success,44,11.0,0.28647586697507477,0,0.0,0,0.8792320542839057,14.037960378283804,15.688403509557247,8.509079334945016,21,1.9090909090909092,4,0.36363636363636365,0,0.0,6.203780063687947,0.7290777085847955,2,0.18181818181818182,0.0,0.0,0.045454545454545456,0.9130011017229784
bayes-fix-seed42,baseline_square,1,232,1541568647,success,61,15.25,0.1680611795804673,0,0.0,1,0.9944246215581969,14.183351189875212,15.581049025058746,13.502479360672503,39,2.557377049180328,18,1.180327868852459,8,0.5245901639344263,30.53348749379994,2.2613245077590842,9,0.5901639344262295,0.14814814814814814,0.14814814814814814,0.18032786885245902,0.5713986252231968
bayes-fix-seed42,baseline_square,1,233,1541568648,success,57,14.25,0.15909523360909628,0,0.0,3,0.8663441322292413,14.33453153361354,16.090064495801926,10.990854513134249,34,2.3859649122807016,11,0.7719298245614035,3,0.21052631578947367,18.50318204479364,1.683507139748055,9,0.631578947368421,0.1,0.06,0.10526315789473684,0.7094857065353003
bayes-fix-seed42,baseline_square,1,234,1541568649,success,48,12.0,0.22450507179437518,0,0.0,0,0.9478273146312737,14.50171833857894,16.161826997995377,9.8749787553324,31,2.5833333333333335,19,1.5833333333333333,3,0.25,17.01321999784477,1.7228614277937344,4,0.3333333333333333,0.0,0.0,0.041666666666666664,0.7841538600812806
bayes-fix-seed42,baseline_square,1,235,1541568650,success,99,24.75,0.17078105740157723,0,0.0,4,0.767201665404003,14.510018732210602,16.207515448331833,17.889598319261818,65,2.6262626262626263,20,0.8080808080808081,7,0.2828282828282828,44.38394263649568,2.4809915708787758,12,0.48484848484848486,0.3695652173913043,0.16304347826086957,0.35353535353535354,0.4341130495826196
bayes-fix-seed42,baseline_square,1,236,1541568651,success,72,18.0,0.18961038131644126,0,0.0,2,0.8094747064373591,14.484226703643799,15.886025503277779,12.870914075792342,49,2.7222222222222223,27,1.5,10,0.5555555555555556,40.72189833728283,3.1638699549609077,9,0.5,0.015384615384615385,0.0,0.1111111111111111,0.6088828614946732
bayes-fix-seed42,baseline_square,1,237,1541568652,success,60,15.0,0.1827480873274926,0,0.0,4,0.8207800667508455,14.196798577904701,15.888085775077343,13.96764326694386,29,1.9333333333333333,13,0.8666666666666667,1,0.06666666666666667,10.94749315390889,0.7837752543277988,2,0.13333333333333333,0.05660377358490566,0.018867924528301886,0.08333333333333333,0.5560111392422674
bayes-fix-seed42,baseline_square,1,238,1541568653,timeout,101,25.25,0.19863935361351948,0,0.0,1,0.7040647354893437,14.634188153956195,15.997394919395447,13.746007577343835,98,3.881188118811881,58,2.297029702970297,55,2.1782178217821784,161.67769924273915,11.761793257644953,61,2.4158415841584158,0.6595744680851063,0.6595744680851063,0.4752475247524752,0.1075905791147152
bayes-fix-seed42,baseline_square,1,239,1541568654,success,47,11.75,0.16745164608839647,0,0.0,2,1.1139471837630572,13.855821433219504,15.25874026119709,9.212912703839315,28,2.382978723404255,15,1.2765957446808511,2,0.1702127659574468,12.385615254455988,1.3443756228466712,5,0.425531914893617,0.025,0.0,0.06382978723404255,0.8492117278499234
bayes-fix-seed42,baseline_square,1,240,1541568655,timeout,101,25.25,0.21518084354736555,0,0.0,0,0.303315654584156,14.577274976095351,15.994489192962646,13.375892889338393,94,3.722772277227723,49,1.9405940594059405,62,2.4554455445544554,203.28284043066196,15.197702472086473,63,2.495049504950495,0.7021276595744681,0.6702127659574468,0.1782178217821782,0.16823780847323394
bayes-fix-seed42,baseline_square,1,241,1541568656,success,44,11.0,0.28517632638785284,0,0.0,0,0.6391501957701862,13.856953009963036,15.805112197995186,9.563154668752556,26,2.3636363636363638,9,0.8181818181818182,1,0.09090909090909091,13.279935208244158,1.3886563240094942,4,0.36363636363636365,0.0,0.0,0.06818181818181818,0.8058660536356836
bayes-fix-seed42,baseline_square,1,242,1541568657,success,46,11.5,0.17173158246015374,0,0.0,1,0.9284182307340896,14.274243508344112,15.972690656781197,9.06675040006512,27,2.347826086956522,11,0.9565217391304348,1,0.08695652173913043,9.408716068961752,1.0377164533937293,6,0.5217391304347826,0.0,0.0,0.06521739130434782,0.8540794151259457
bayes-fix-seed42,baseline_square,1,243,1541568658,success,71,17.75,0.18849091989641142,0,0.0,5,0.9105551833607624,14.368002525937388,15.841824933886528,16.600957889817956,27,1.5211267605633803,14,0.7887323943661971,2,0.11267605633802817,14.278655222314432,0.8601103211684016,2,0.11267605633802817,0.015625,0.0,0.09859154929577464,0.47005872123185305
bayes-fix-seed42,baseline_square,1,244,1541568659,success,43,10.75,0.2558979732642319,0,0.0,0,1.0042063310384832,13.714751791815425,15.575766935944557,10.245052146295738,20,1.8604651162790697,10,0.9302325581395349,0,0.0,10.244863028824394,0.9999815406043188,3,0.27906976744186046,0.0,0.0,0.023255813953488372,0.7566059118026524
bayes-fix-seed42,baseline_square,1,245,1541568660,success,56,14.0,0.23439530895884886,0,0.0,0,0.48214115340599506,14.337986441595215,16.078216023743153,9.721410993564806,40,2.857142857142857,22,1.5714285714285714,5,0.35714285714285715,27.586970004794765,2.8377536988258454,13,0.9285714285714286,0.0,0.0,0.03571428571428571,0.8105777480444017
bayes-fix-seed42,baseline_square,1,246,1541568661,success,35,8.75,0.5917862734841309,0,0.0,0,1.4990214685551866,13.49251898271697,15.098638832569122,8.334864757653724,10,1.1428571428571428,6,0.6857142857142857,0,0.0,5.011970993038705,0.6013260129309623,1,0.11428571428571428,0.0,0.0,0.0,0.9263734246574871
bayes-fix-seed42,baseline_square,1,247,1541568662,success,51,12.75,0.12921873737255474,0,0.0,5,0.6989064063933346,14.418009011184468,16.594335436820984,10.455476366239209,27,2.1176470588235294,6,0.47058823529411764,0,0.0,12.412038118385773,1.1871327219928796,5,0.39215686274509803,0.1590909090909091,0.045454545454545456,0.0784313725490196,0.7390509038980856
bayes-fix-seed42,baseline_square,1,248,1541568663,success,40,10.0,0.16462864967019253,0,0.0,2,0.9013220971435686,14.399732556194067,16.23147688806057,8.544132430385934,22,2.2,13,1.3,1,0.1,9.76051832851739,1.1423650567265977,5,0.5,0.0,0.0,0.05,0.9247959168887908
bayes-fix-seed42,baseline_square,1,249,1541568664,success,64,16.0,0.23796645192276,0,0.0,0,1.328019200689378,14.285231300164014,15.433962456882,12.808945609273064,36,2.25,13,0.8125,2,0.125,18.059985457902197,1.4099509833836465,2,0.125,0.15789473684210525,0.05263157894736842,0.171875,0.6148508109018708
bayes-fix-seed42,baseline_square,1,250,1541568665,success,41,10.25,0.11961101513278938,0,0.0,7,0.5876830462301377,14.066659368392898,15.989381819963455,8.619690608227344,26,2.5365853658536586,10,0.975609756097561,2,0.1951219512195122,12.346973247344701,1.4324148984604772,3,0.2926829268292683,0.0,0.0,0.024390243902439025,0.9026996247960288
bayes-fix-seed42,baseline_square,1,251,1541568666,success,49,12.25,0.18994124516343958,0,0.0,4,0.28251359789518,14.508816888745951,16.13326221704483,10.546849107860272,31,2.5306122448979593,18,1.469387755102041,1,0.08163265306122448,11.73776022861356,1.1129162945799362,2,0.16326530612244897,0.0,0.0,0.0,0.7338959423347368
bayes-fix-seed42,baseline_square,1,252,1541568667,timeout,101,25.25,0.005566306551440303,0,0.0,18,0.6607215067443168,14.545934330118765,15.859685838222504,19.0284528097954,86,3.405940594059406,31,1.2277227722772277,25,0.9900990099009901,83.20252553215957,4.3725323526739315,27,1.0693069306930694,0.40425531914893614,0.2127659574468085,0.31683168316831684,0.23713792499744255
bayes-fix-seed42,baseline_square,1,253,1541568668,success,46,11.5,0.225418951183184,0,0.0,0,0.811021162849392,13.636618285723355,15.3742004185915,8.3434604975355,30,2.608695652173913,13,1.1304347826086956,0,0.0,10.163849568949095,1.2181815413342347,4,0.34782608695652173,0.0,0.0,0.0,0.936263435538716
bayes-fix-seed42,baseline_square,1,254,1541568669,success,44,11.0,0.2195095599185396,0,0.0,0,1.2410825856552399,14.101850800216198,15.853404812514782,8.607913652225378,24,2.1818181818181817,12,1.0909090909090908,1,0.09090909090909091,12.19586745199343,1.4168203753810273,3,0.2727272727272727,0.0,0.0,0.022727272727272728,0.9052980643050969
bayes-fix-seed42,baseline_square,1,255,1541568670,success,36,9.0,0.18797175127251387,0,0.0,1,0.9836839236161096,13.839271954364246,15.183793380856514,8.36126686219064,19,2.111111111111111,12,1.3333333333333333,0,0.0,7.954907650793277,0.9513998036308464,2,0.2222222222222222,0.0,0.0,0.0,0.9263467393518812
bayes-fix-seed42,baseline_square,1,256,1541568671,success,56,14.0,0.19259779022067314,0,0.0,1,0.5897655708142262,14.016739558428526,15.310763381421566,9.711440591842408,33,2.357142857142857,16,1.1428571428571428,0,0.0,10.715190653393996,1.1033574835843343,4,0.2857142857142857,0.02040816326530612,0.0,0.05357142857142857,0.8097445264669376
bayes-fix-seed42,baseline_square,1,257,1541568672,success,45,11.25,0.20525969127408739,0,0.0,0,1.2449133634426557,14.418665485249626,16.118962317705154,8.967897892109068,24,2.1333333333333333,10,0.8888888888888888,0,0.0,11.344382019450578,1.2649990171534624,3,0.26666666666666666,0.0,0.0,0.08888888888888889,0.8677791470110349
bayes-fix-seed42,baseline_square,1,258,1541568673,success,49,12.25,0.1843920933163956,0,0.0,1,0.9323111736619863,14.023951121738978,15.60997739434242,10.11855425787905,33,2.693877551020408,15,1.2244897959183674,2,0.16326530612244897,15.104497744381568,1.49275255727567,4,0.32653061224489793,0.0,0.0,0.04081632653061224,0.7757370142739517
bayes-fix-seed42,baseline_square,1,259,1541568674,success,42,10.5,0.217162766952267,0,0.0,0,0.8150871046310922,13.913517906552268,15.635586716234684,8.078687932423044,24,2.2857142857142856,13,1.2380952380952381,2,0.19047619047619047,8.274381722705582,1.0242234620175314,6,0.5714285714285714,0.0,0.0,0.0,0.961485172863423
bayes-fix-seed42,baseline_square,1,260,1541568675,success,58,14.5,0.2393111131393103,0,0.0,0,1.228800212969825,14.184723254935495,15.366779081523418,12.142054399549444,35,2.413793103448276,16,1.103448275862069,9,0.6206896551724138,32.06474539356016,2.6408006700044093,8,0.5517241379310345,0.11764705882352941,0.09803921568627451,0.1206896551724138,0.6437156130494173
bayes-fix-seed42,baseline_square,1,261,1541568676,success,50,12.5,0.2161282192606827,0,0.0,0,0.8518211116317389,14.174516424536705,15.88896345347166,11.06705567416623,28,2.24,15,1.2,1,0.08,13.87651097463187,1.2538575193963952,4,0.32,0.20930232558139536,0.046511627906976744,0.2,0.6980353140597776
bayes-fix-seed42,baseline_square,1,262,1541568677,success,52,13.0,0.23259195338328098,0,0.0,0,0.8765053726974361,14.166750945150852,16.051745228469372,11.647375712927973,22,1.6923076923076923,6,0.46153846153846156,1,0.07692307692307693,10.096265858516606,0.8668275247024343,2,0.15384615384615385,0.2222222222222222,0.0,0.17307692307692307,0.6667160697867893
bayes-fix-seed42,baseline_square,1,263,1541568678,success,65,16.25,0.2255234776540601,0,0.0,0,0.9464653121351955,14.241292671515392,15.421877801418304,11.322801325207282,48,2.953846153846154,21,1.2923076923076924,6,0.36923076923076925,33.6255019357116,2.969715794699421,9,0.5538461538461539,0.13793103448275862,0.13793103448275862,0.16923076923076924,0.6864432753283909
bayes-fix-seed42,baseline_square,1,264,1541568679,success,42,10.5,0.34156067617612806,0,0.0,0,0.9144956381732534,13.883097008580254,15.296345762908459,9.62675310449241,18,1.7142857142857142,12,1.1428571428571428,2,0.19047619047619047,10.904071729332562,1.1326842613470662,1,0.09523809523809523,0.0,0.0,0.047619047619047616,0.814370729993053
bayes-fix-seed42,baseline_square,1,265,1541568680,timeout,101,25.25,0.22336234940672117,0,0.0,0,1.1132960294736163,14.425739314001385,15.858374536037445,8.885058141184226,84,3.3267326732673266,44,1.7425742574257426,40,1.5841584158415842,135.0243510627057,15.196788689185693,44,1.7425742574257426,0.6808510638297872,0.648936170212766,0.46534653465346537,0.21491008050967392
bayes-fix-seed42,baseline_square,1,266,1541568681,success,52,13.0,0.22139267389250583,0,0.0,0,0.9911371503826789,14.165432192385197,15.628080815076828,9.77494532990315,22,1.6923076923076923,8,0.6153846153846154,0,0.0,7.135038496675457,0.729931294331459,2,0.15384615384615385,0.0,0.0,0.057692307692307696,0.8001100975345384
bayes-fix-seed42,baseline_square,1,267,1541568682,success,53,13.25,0.2355374559445177,0,0.0,0,1.1446765668352463,14.727026013270864,16.029277443885803,12.469880178068676,17,1.2830188679245282,11,0.8301886792452831,2,0.1509433962264151,10.48099110429385,0.840504556148601,2,0.1509433962264151,0.06521739130434782,0.0,0.11320754716981132,0.6196107585027828
bayes-fix-seed42,baseline_square,1,268,1541568683,success,67,16.75,0.14938378892576842,0,0.0,5,0.6580286393791639,14.203153272618108,15.871411934494972,16.221814485558653,38,2.2686567164179103,18,1.0746268656716418,1,0.05970149253731343,15.862894186814916,0.9778742199854854,3,0.1791044776119403,0.016666666666666666,0.016666666666666666,0.1044776119402985,0.47589881292807223
bayes-fix-seed42,baseline_square,1,269,1541568684,success,58,14.5,0.1842750395906264,0,0.0,3,1.06782444700029,14.218875239121504,15.991011261940002,13.170862717627102,28,1.9310344827586208,13,0.896551724137931,1,0.06896551724137931,16.796725284722722,1.2752942343133666,3,0.20689655172413793,0.21568627450980393,0.1568627450980392,0.22413793103448276,0.5976867886219784
bayes-fix-seed42,baseline_square,1,270,1541568685,success,38,9.5,0.18493851713304288,0,0.0,2,0.8266149021217489,14.01728244596406,15.952659212052822,8.050909140042485,21,2.210526315789474,10,1.0526315789473684,0,0.0,5.576952690353469,0.6927109216294098,3,0.3157894736842105,0.0,0.0,0.0,0.9650738527097557
bayes-fix-seed42,baseline_square,1,271,1541568686,success,45,11.25,0.13933655775189768,0,0.0,6,0.900602289064646,13.920582913690144,15.457351505756378,9.276018318895021,30,2.6666666666666665,17,1.511111111111111,2,0.17777777777777778,15.669397479932524,1.6892374444770497,4,0.35555555555555557,0.0,0.0,0.022222222222222223,0.8462095868188474
bayes-fix-seed42,baseline_square,1,272,1541568687,timeout,101,25.25,0.19955585970910283,0,0.0,1,0.31483303880636465,14.39007913859764,15.745989978313446,6.058633035434236,85,3.366336633663366,67,2.6534653465346536,56,2.217821782178218,184.17834430953138,30.39932328503056,57,2.257425742574257,0.723404255319149,0.7127659574468085,0.039603960396039604,0.6252042921143933
bayes-fix-seed42,baseline_square,1,273,1541568688,success,49,12.25,0.17476070113065234,0,0.0,3,0.7816520682145016,14.338421046125646,16.114778071641922,11.105368285060381,25,2.0408163265306123,15,1.2244897959183674,4,0.32653061224489793,15.837412694743323,1.426104230694337,5,0.40816326530612246,0.19047619047619047,0.16666666666666666,0.20408163265306123,0.6971299237278146
bayes-fix-seed42,baseline_square,1,274,1541568689,success,50,12.5,0.22652209020334424,0,0.0,0,0.9897915435669288,14.413351118564606,15.8917972818017,10.017910468716103,30,2.4,14,1.12,4,0.32,21.246963238031043,2.12089769661857,8,0.64,0.06976744186046512,0.06976744186046512,0.08,0.7766164889876863
bayes-fix-seed42,baseline_square,1,275,1541568690,success,39,9.75,0.15888392923210704,0,0.0,2,0.6559156667385626,13.799913896199984,15.360456332564356,9.38045069066442,16,1.641025641025641,5,0.5128205128205128,0,0.0,5.199429118042557,0.5542835082771785,2,0.20512820512820512,0.0,0.0,0.0,0.8420365724638567
bayes-fix-seed42,baseline_square,1,276,1541568691,success,44,11.0,0.16407425242152762,0,0.0,5,1.1185544283908095,14.322325333275579,16.027923859655857,10.678417072962613,20,1.8181818181818181,9,0.8181818181818182,0,0.0,7.277036161696969,0.6814714308286549,1,0.09090909090909091,0.0,0.0,0.022727272727272728,0.7410162268901166
bayes-fix-seed42,baseline_square,1,277,1541568692,success,62,15.5,0.17626604912869304,0,0.0,3,1.0426096150986277,14.612552139066882,17.003856040537357,13.602657642358707,31,2.0,15,0.967741935483871,2,0.12903225806451613,17.54458698011191,1.2897911159270836,6,0.3870967741935484,0.38181818181818183,0.18181818181818182,0.22580645161290322,0.5795553913240508
bayes-fix-seed42,baseline_square,1,278,1541568693,success,49,12.25,0.13476553888846254,0,0.0,5,0.5304987263769436,13.97585716782784,15.845168381929398,10.866999001980652,27,2.204081632653061,14,1.1428571428571428,5,0.40816326530612246,20.72700915626121,1.9073351485983798,8,0.6530612244897959,0.09523809523809523,0.047619047619047616,0.10204081632653061,0.7203140374074957
bayes-fix-seed42,baseline_square,1,279,1541568694,success,50,12.5,0.1716616999221059,0,0.0,2,0.9271657036391406,14.100742563605309,15.682359226047993,10.437191227710594,25,2.0,10,0.8,4,0.32,16.07457663679137,1.5401247602049868,7,0.56,0.06976744186046512,0.06976744186046512,0.12,0.7448424892630581
bayes-fix-seed42,baseline_square,1,280,1541568695,success,44,11.0,0.18631937170718949,0,0.0,1,1.0541738946532828,14.273762110282075,16.473988816142082,8.922615569937905,27,2.4545454545454546,14,1.2727272727272727,1,0.09090909090909091,12.209742025360125,1.3684039091067886,4,0.36363636363636365,0.0,0.0,0.0,0.8664929013231163
bayes-fix-seed42,baseline_square,1,281,1541568696,success,49,12.25,0.17197535062629,0,0.0,1,0.6485163138410945,14.238986509795092,15.825238078832626,9.247918625724507,31,2.5306122448979593,14,1.1428571428571428,1,0.08163265306122448,16.604268808556,1.7954600900540663,4,0.32653061224489793,0.0,0.0,0.10204081632653061,0.8554245492589971
bayes-fix-seed42,baseline_square,1,282,1541568697,success,59,14.75,0.18596912903185492,0,0.0,2,0.8427755802948054,14.56706194301783,16.1869004368782,10.35967683140604,35,2.3728813559322033,16,1.0847457627118644,6,0.4067796610169492,25.91935483790789,2.5019462730084077,11,0.7457627118644068,0.17307692307692307,0.15384615384615385,0.13559322033898305,0.7474792832011823
bayes-fix-seed42,baseline_square,1,283,1541568698,success,41,10.25,0.11508760073378455,0,0.0,2,0.9626649415561107,14.125437180443507,16.240160912275314,9.29668478795242,17,1.6585365853658536,8,0.7804878048780488,2,0.1951219512195122,11.221196526967155,1.2070105400915292,5,0.4878048780487805,0.0,0.0,0.0,0.8371666569308974
bayes-fix-seed42,baseline_square,1,284,1541568699,success,49,12.25,0.10577613720353429,0,0.0,6,0.3806574804807,14.220413428788282,16.04691669344902,10.25329859337091,31,2.5306122448979593,16,1.3061224489795917,1,0.08163265306122448,13.306248973088135,1.2977529964543366,4,0.32653061224489793,0.0,0.0,0.04081632653061224,0.7579262127061431
bayes-fix-seed42,baseline_square,1,285,1541568700,timeout,101,25.25,0.1864085780670356,0,0.0,3,0.6990221849022403,14.489912160552374,15.683360397815704,13.08122717743095,81,3.207920792079208,39,1.5445544554455446,31,1.2277227722772277,105.07050384539004,8.032159553552303,32,1.2673267326732673,0.6382978723404256,0.6170212765957447,0.3465346534653465,0.5028274430159986
bayes-fix-seed42,baseline_square,1,286,1541568701,success,48,12.0,0.19508436179594857,0,0.0,1,0.7788127025608883,13.87377455830574,15.607624873518944,10.02301855143701,26,2.1666666666666665,14,1.1666666666666667,3,0.25,14.255613633493562,1.4222874636353657,5,0.4166666666666667,0.04878048780487805,0.04878048780487805,0.10416666666666667,0.7717682241789033
bayes-fix-seed42,baseline_square,1,287,1541568702,success,47,11.75,0.30193990202527354,0,0.0,0,0.7048499813186982,14.090139498101903,16.244154050946236,9.611145829577618,22,1.872340425531915,13,1.1063829787234043,1,0.0851063829787234,10.122400272255252,1.0531939117086628,2,0.1702127659574468,0.0,0.0,0.0425531914893617,0.8153222201822936
bayes-fix-seed42,baseline_square,1,288,1541568703,success,64,16.0,0.1416848882137528,0,0.0,4,0.5429435969866847,14.108661212958395,15.607725083827972,12.029679572351403,40,2.5,15,0.9375,4,0.25,21.37572275263506,1.7769153886496094,7,0.4375,0.17543859649122806,0.05263157894736842,0.109375,0.6402583333733992
bayes-fix-seed42,baseline_square,1,289,1541568704,success,41,10.25,0.2176862743084449,0,0.0,0,1.0540095655738582,13.865524403205733,15.563350170850754,9.352843529255116,11,1.0731707317073171,3,0.2926829268292683,2,0.1951219512195122,7.397641193492172,0.7909510268564643,1,0.0975609756097561,0.0,0.0,0.0975609756097561,0.8311943597267064
bayes-fix-seed42,baseline_square,1,290,1541568705,success,56,14.0,0.16608578264702245,0,0.0,1,0.9728640729402847,14.114825121526207,15.806115232408047,11.689837046457596,32,2.2857142857142856,16,1.1428571428571428,3,0.21428571428571427,17.954944581224122,1.5359448134193676,7,0.5,0.08163265306122448,0.08163265306122448,0.07142857142857142,0.6610782389398774
bayes-fix-seed42,baseline_square,1,291,1541568706,success,77,19.25,0.3546166272939054,0,0.0,0,1.0760901483527898,14.666601725212939,16.36073738336563,15.26252520705285,38,1.974025974025974,16,0.8311688311688312,3,0.15584415584415584,19.542820612973433,1.2804447722676093,5,0.2597402597402597,0.44285714285714284,0.24285714285714285,0.3246753246753247,0.5080678841408135
bayes-fix-seed42,baseline_square,1,292,1541568707,success,59,14.75,0.17178550782036361,0,0.0,2,0.6924160076451242,14.12772797679497,15.605506673455238,9.994798901101833,38,2.5762711864406778,16,1.0847457627118644,7,0.4745762711864407,27.733835261224193,2.774826740952917,14,0.9491525423728814,0.07692307692307693,0.07692307692307693,0.05084745762711865,0.7773340532770732
bayes-fix-seed42,baseline_square,1,293,1541568708,success,53,13.25,0.19402925617058753,0,0.0,1,0.8048003520390177,13.903866188143784,15.466830879449844,10.991800516933893,34,2.5660377358490565,11,0.8301886792452831,1,0.07547169811320754,17.14024019084202,1.5593660169174182,5,0.37735849056603776,0.06521739130434782,0.043478260869565216,0.09433962264150944,0.708133271585191
bayes-fix-seed42,baseline_square,1,294,1541568709,success,39,9.75,0.3026090643033339,0,0.0,0,1.1200832200451534,14.261615582001514,16.115358844399452,9.156658212683263,17,1.7435897435897436,8,0.8205128205128205,0,0.0,5.761220766180049,0.6291837734207383,1,0.10256410256410256,0.0,0.0,0.0,0.853428491596454
bayes-fix-seed42,baseline_square,1,295,1541568710,success,54,13.5,0.18796985444893444,0,0.0,1,0.5667267511396803,14.019711494997695,15.377536602318287,10.341112517997656,38,2.814814814814815,21,1.5555555555555556,2,0.14814814814814814,20.88921583300037,2.0200162986956007,8,0.5925925925925926,0.19148936170212766,0.19148936170212766,0.16666666666666666,0.7568348490156621
bayes-fix-seed42,baseline_square,1,296,1541568711,success,50,12.5,0.20963615965031523,0,0.0,0,0.948596700314783,14.054703041911125,15.921538695693016,9.334390655727779,25,2.0,10,0.8,6,0.48,18.92611695048285,2.027568552519214,10,0.8,0.11627906976744186,0.11627906976744186,0.1,0.8372201649476692
bayes-fix-seed42,baseline_square,1,297,1541568712,success,44,11.0,0.2052602810606916,0,0.0,0,0.5545816572780183,13.711630536073988,15.600466541945934,9.412651297343338,30,2.727272727272727,14,1.2727272727272727,0,0.0,13.286490930363726,1.4115566922269558,7,0.6363636363636364,0.0,0.0,0.022727272727272728,0.8247203448128876
bayes-fix-seed42,baseline_square,1,298,1541568713,success,53,13.25,0.1842267473582866,0,0.0,3,0.6546696397155171,14.251938827757565,15.884055197238922,11.411576158652679,26,1.9622641509433962,8,0.6037735849056604,1,0.07547169811320754,11.826813623855758,1.036387389386893,5,0.37735849056603776,0.17391304347826086,0.021739130434782608,0.0,0.6803926192449339
bayes-fix-seed42,baseline_square,1,299,1541568714,success,51,12.75,0.18392355087679746,0,0.0,2,0.5251440592362909,13.983201016398038,15.729891136288643,10.039521808228768,35,2.7450980392156863,18,1.411764705882353,1,0.0784313725490196,17.721785945737505,1.7652021963050137,5,0.39215686274509803,0.0,0.0,0.0196078431372549,0.7712288745139887
bayes-fix-seed42,baseline_square,1,300,1541568715,success,60,15.0,0.178894397111237,0,0.0,7,0.7137692235343074,14.119074928263823,15.40463175624609,14.595377990019605,26,1.7333333333333334,13,0.8666666666666667,0,0.0,10.113033501023583,0.6928928807420355,3,0.2,0.1509433962264151,0.0,0.16666666666666666,0.5291939868087242
bayes-fix-seed42,baseline_square,1,301,1541568716,success,42,10.5,0.16060269648980896,0,0.0,1,0.7524747849773703,14.404961839318275,16.119825281202793,9.705249561215766,20,1.9047619047619047,9,0.8571428571428571,0,0.0,9.094949588045461,0.9371165090273214,2,0.19047619047619047,0.0,0.0,0.023809523809523808,0.8095394408426684
bayes-fix-seed42,baseline_square,1,302,1541568717,success,85,21.25,0.17321589582759678,0,0.0,2,0.9170711859158786,14.401574169888216,15.788497775793076,15.775622650413077,66,3.1058823529411765,39,1.8352941176470587,18,0.8470588235294118,72.12892983375166,4.572176416241992,18,0.8470588235294118,0.28205128205128205,0.11538461538461539,0.2235294117647059,0.49517504447741567
bayes-fix-seed42,baseline_square,1,303,1541568718,success,33,8.25,0.24798295062508713,0,0.0,0,0.7798736243146942,13.897710112911282,15.510797500610352,8.003361331838788,13,1.5757575757575757,7,0.8484848484848485,0,0.0,3.149790874811571,0.39355849926219694,2,0.24242424242424243,0.0,0.0,0.0,0.9770293401536069
bayes-fix-seed42,baseline_square,1,304,1541568719,success,96,24.0,0.20918041636397078,0,0.0,0,0.7101068309876738,14.678182856490215,16.179511323571205,19.06668468130362,71,2.9583333333333335,27,1.125,18,0.75,61.5175225865156,3.2264404438826406,20,0.8333333333333334,0.24719101123595505,0.20224719101123595,0.2604166666666667,0.40626312134105735
bayes-fix-seed42,baseline_square,1,305,1541568720,success,43,10.75,0.19963042952614496,0,0.0,1,1.0217506904994604,14.013546410688134,15.880318358540535,8.59992315263952,18,1.6744186046511629,7,0.6511627906976745,1,0.09302325581395349,10.343278777346004,1.2027175817462286,4,0.37209302325581395,0.0,0.0,0.023255813953488372,0.9055001283399094
bayes-fix-seed42,baseline_square,1,306,1541568721,success,48,12.0,0.185325018217816,0,0.0,2,0.7445742685546567,14.061477656165758,15.5958516523242,9.608808856931965,20,1.6666666666666667,12,1.0,7,0.5833333333333334,22.290826924268305,2.31983248456309,9,0.75,0.0975609756097561,0.0975609756097561,0.125,0.8090901677518905
bayes-fix-seed42,baseline_square,1,307,1541568722,success,46,11.5,0.0906216165259136,0,0.0,4,1.1256324603662642,13.900071058584297,15.472962521016598,10.490959129200197,23,2.0,7,0.6086956521739131,2,0.17391304347826086,14.682935793883946,1.399579925253539,4,0.34782608695652173,0.10256410256410256,0.05128205128205128,0.15217391304347827,0.7487670473157989
bayes-fix-seed42,baseline_square,1,308,1541568723,success,53,13.25,0.1788401080323565,0,0.0,3,0.8273070891068228,14.311158291573795,15.954701602458954,11.368270074981053,36,2.7169811320754715,17,1.2830188679245282,3,0.22641509433962265,19.003097110442518,1.6715909267729276,5,0.37735849056603776,0.0,0.0,0.11320754716981132,0.6958893894244212
bayes-fix-seed42,baseline_square,1,309,1541568724,success,52,13.0,0.18068546378171035,0,0.0,1,0.8031805107079397,13.893151225952002,15.757593885064125,10.765941955352265,32,2.4615384615384617,15,1.1538461538461537,4,0.3076923076923077,18.969199489151634,1.7619637527138197,9,0.6923076923076923,0.08888888888888889,0.08888888888888889,0.1346153846153846,0.7175310841018488
bayes-fix-seed42,baseline_square,1,310,1541568725,timeout,101,25.25,0.2139957621893589,0,0.0,0,0.8222293398831563,14.759058077441583,16.23385399580002,18.723483035768357,59,2.3366336633663365,22,0.8712871287128713,10,0.39603960396039606,41.808593897589034,2.232949596916348,12,0.4752475247524752,0.7872340425531915,0.24468085106382978,0.38613861386138615,0.0
bayes-fix-seed42,baseline_square,1,311,1541568726,success,59,14.75,0.07476767849126031,0,0.0,7,0.551557339852071,14.905056332127522,16.9087041169405,12.059805417193338,37,2.5084745762711864,16,1.0847457627118644,4,0.2711864406779661,21.620532830273504,1.7927762581848705,8,0.5423728813559322,0.17307692307692307,0.07692307692307693,0.15254237288135594,0.6441979266765029
bayes-fix-seed42,baseline_square,1,312,1541568727,success,84,21.0,0.17378164545083863,0,0.0,2,0.6655050644975717,14.78130973520733,16.429269313812256,15.781976324047086,46,2.1904761904761907,15,0.7142857142857143,8,0.38095238095238093,34.31495978710193,2.1743132217741343,11,0.5238095238095238,0.2857142857142857,0.07792207792207792,0.2976190476190476,0.493587040630756
bayes-fix-seed42,baseline_square,1,313,1541568728,timeout,101,25.25,0.37309723496338054,0,0.0,0,1.1735381223387147,14.94692542617864,16.722656786441803,12.651399217602597,85,3.366336633663366,39,1.5445544554455446,28,1.108910891089109,86.16307626725909,6.810557060548338,36,1.4257425742574257,0.4787234042553192,0.4148936170212766,0.36633663366336633,0.14372928830380777
bayes-fix-seed42,baseline_square,1,314,1541568729,success,56,14.0,0.3691635551780015,0,0.0,0,0.9731894847149809,14.40117907311235,15.528331510722637,9.575400932725932,27,1.9285714285714286,8,0.5714285714285714,1,0.07142857142857142,10.777624808392694,1.125553372032487,2,0.14285714285714285,0.0,0.0,0.03571428571428571,0.819351124553322
bayes-fix-seed42,baseline_square,1,315,1541568730,success,47,11.75,0.18323144677428016,0,0.0,1,0.8808021637661126,14.190066447283359,16.4705291390419,8.421762164727504,31,2.6382978723404253,14,1.1914893617021276,0,0.0,11.983973599634284,1.4229769690987277,7,0.5957446808510638,0.0,0.0,0.0,0.9183946331570614
bayes-fix-seed42,baseline_square,1,316,1541568731,success,52,13.0,0.2605958349521895,0,0.0,0,0.8442187514956516,14.199328895371695,15.891953930258751,9.888768942065267,32,2.4615384615384617,13,1.0,3,0.23076923076923078,14.973208833987671,1.5141630795208487,5,0.38461538461538464,0.0,0.0,0.07692307692307693,0.7857828952720537
bayes-fix-seed42,baseline_square,1,317,1541568732,success,45,11.25,0.15572353243684267,0,0.0,5,0.4965297562400796,14.428542223241594,15.984262526035309,9.147903981856851,30,2.6666666666666665,12,1.0666666666666667,0,0.0,9.079280847270843,0.9924984854757866,3,0.26666666666666666,0.0,0.0,0.022222222222222223,0.8453884476895543
bayes-fix-seed42,baseline_square,1,318,1541568733,success,47,11.75,0.18426992273746734,0,0.0,2,0.7151811380867984,14.057008272155802,15.896280482411385,10.079905353445477,22,1.872340425531915,8,0.6808510638297872,3,0.2553191489361702,12.697811024526956,1.259715302801592,5,0.425531914893617,0.15,0.15,0.19148936170212766,0.7725482033733109
bayes-fix-seed42,baseline_square,1,319,1541568734,success,51,12.75,0.21622057397112537,0,0.0,0,0.9063644815096038,14.56136497504571,16.63419045507908,10.095518186137861,31,2.4313725490196076,19,1.4901960784313726,2,0.1568627450980392,19.577888180749753,1.9392653076126511,4,0.3137254901960784,0.0,0.0,0.11764705882352941,0.7729903343208167
bayes-fix-seed42,baseline_square,1,320,1541568735,success,80,20.0,0.16299259810662725,0,0.0,7,0.5615508001040205,14.930644584819674,16.371639259159565,15.297853623579439,61,3.05,20,1.0,9,0.45,39.69236886831505,2.594636466329824,11,0.55,0.0821917808219178,0.0547945205479452,0.15,0.5091742114163161
bayes-fix-seed42,baseline_square,1,321,1541568736,timeout,101,25.25,0.18407863178230566,0,0.0,2,0.6104374735821676,14.711608796721638,15.982307493686676,17.397368828915457,73,2.891089108910891,19,0.7524752475247525,9,0.3564356435643564,43.28121807826459,2.4878025236970682,12,0.4752475247524752,0.8191489361702128,0.26595744680851063,0.44554455445544555,0.0
bayes-fix-seed42,baseline_square,1,322,1541568737,success,54,13.5,0.1852235123925553,0,0.0,2,1.159799646470032,14.247309140585086,15.547282621264458,12.630529340552156,20,1.4814814814814814,9,0.6666666666666666,3,0.2222222222222222,13.40500434305834,1.0613176994902043,4,0.2962962962962963,0.14893617021276595,0.1276595744680851,0.14814814814814814,0.6174874768259131
bayes-fix-seed42,baseline_square,1,323,1541568738,success,47,11.75,0.2671845452247845,0,0.0,0,0.6706257820987014,14.70147152530386,16.734111309051514,8.98614578093994,20,1.702127659574468,10,0.851063829787234,0,0.0,10.513110476690432,1.1699243182755013,5,0.425531914893617,0.0,0.0,0.0,0.8616842447785693
bayes-fix-seed42,baseline_square,1,324,1541568739,success,49,12.25,0.7367244139705954,0,0.0,0,1.2694938119875745,14.4484707591485,16.19059219956398,10.037949193321557,26,2.122448979591837,14,1.1428571428571428,6,0.4897959183673469,19.48218871811951,1.9408534893842049,6,0.4897959183673469,0.11904761904761904,0.11904761904761904,0.12244897959183673,0.7735429020590263
bayes-fix-seed42,baseline_square,1,325,1541568740,success,66,16.5,0.19157874002728092,0,0.0,1,0.6384336832267394,14.551309868693352,16.714531928300858,11.481519537434735,41,2.484848484848485,17,1.0303030303030303,6,0.36363636363636365,28.171276463336973,2.453619172225975,9,0.5454545454545454,0.3220338983050847,0.2542372881355932,0.16666666666666666,0.6757320391210162
bayes-fix-seed42,baseline_square,1,326,1541568741,success,50,12.5,0.15509398520289197,0,0.0,5,0.6099041768336261,14.474467262625694,17.18002799898386,9.918989646467164,32,2.56,12,0.96,1,0.08,17.101264609590675,1.7240934025656145,6,0.48,0.023255813953488372,0.023255813953488372,0.1,0.7914356290395207
bayes-fix-seed42,baseline_square,1,327,1541568742,success,44,11.0,0.1555293348054405,0,0.0,6,0.5938410133377178,14.484974978999658,16.002975776791573,9.028415755558552,32,2.909090909090909,11,1.0,0,0.0,12.472125729152733,1.3814301497440438,10,0.9090909090909091,0.0,0.0,0.0,0.8707667758177835
bayes-fix-seed42,baseline_square,1,328,1541568743,success,41,10.25,0.23029903877542823,0,0.0,0,0.5998030754540482,13.864999773298821,15.271276235580444,9.374285594950027,23,2.2439024390243905,12,1.170731707317073,0,0.0,8.012147124588235,0.8546941570570901,3,0.2926829268292683,0.0,0.0,0.024390243902439025,0.8274799752166562
bayes-fix-seed42,baseline_square,1,329,1541568744,success,52,13.0,0.10617131498829202,0,0.0,4,0.409973941592356,14.462993981746527,15.875959396362305,10.633143201395646,36,2.769230769230769,13,1.0,0,0.0,19.752970891987058,1.857679382084725,9,0.6923076923076923,0.0,0.0,0.09615384615384616,0.7308528711430334
bayes-fix-seed42,baseline_square,1,330,1541568745,timeout,101,25.25,0.11377494015397571,0,0.0,6,0.5347316943274063,14.79929648708589,16.051076352596283,15.191024524500962,93,3.6831683168316833,44,1.7425742574257426,32,1.2673267326732673,115.3975109911025,7.596427140577827,36,1.4257425742574257,0.8829787234042553,0.7340425531914894,0.5148514851485149,0.0
bayes-fix-seed42,baseline_square,1,331,1541568746,success,48,12.0,0.16848277543423673,0,0.0,4,0.6480632971770527,14.29196703247726,15.990740433335304,9.452637395213216,35,2.9166666666666665,18,1.5,0,0.0,18.670678307055724,1.9751819017738363,7,0.5833333333333334,0.0,0.0,0.0625,0.8305581963628341
bayes-fix-seed42,baseline_square,1,332,1541568747,success,50,12.5,0.18817248727795133,0,0.0,1,0.8776192407015465,14.614258408546448,16.164594143629074,10.39652858133046,22,1.76,10,0.8,2,0.16,13.491655923295157,1.2977077702188753,5,0.4,0.23255813953488372,0.23255813953488372,0.18,0.7473377100567405
bayes-fix-seed42,baseline_square,1,333,1541568748,success,59,14.75,0.15747454006863604,0,0.0,7,0.5447738349963956,14.749973254688715,16.617166623473167,12.251829486526852,48,3.2542372881355934,18,1.2203389830508475,2,0.13559322033898305,26.252366674453917,2.1427303329125857,9,0.6101694915254238,0.057692307692307696,0.057692307692307696,0.11864406779661017,0.6322068578505863
bayes-fix-seed42,baseline_square,1,334,1541568749,success,52,13.0,0.1617194344677615,0,0.0,3,0.8668754376198545,14.301116291720133,16.102420538663864,10.994466590395742,33,2.5384615384615383,19,1.4615384615384615,5,0.38461538461538464,22.59798236353736,2.0553959737599197,8,0.6153846153846154,0.044444444444444446,0.044444444444444446,0.09615384615384616,0.7005981783111164
bayes-fix-seed42,baseline_square,1,335,1541568750,success,58,14.5,0.16258692775090378,0,0.0,4,0.4549342301768751,14.106416304049821,15.45599028468132,10.815207450760767,39,2.689655172413793,21,1.4482758620689655,4,0.27586206896551724,27.502974538858652,2.542990937906053,7,0.4827586206896552,0.0392156862745098,0.0392156862745098,0.1206896551724138,0.724877720291646
bayes-fix-seed42,baseline_square,1,336,1541568751,success,50,12.5,0.10669033659316485,0,0.0,6,0.6510872569394612,14.100165367126465,15.88008813560009,9.551127535719832,34,2.72,17,1.36,2,0.16,14.978318129250178,1.568225120357093,5,0.4,0.0,0.0,0.04,0.816548971780951
bayes-fix-seed42,baseline_square,1,337,1541568752,success,71,17.75,0.20390336863427538,0,0.0,0,1.010347057645768,14.47143405675888,16.211723908782005,13.270505842214341,40,2.2535211267605635,18,1.0140845070422535,2,0.11267605633802817,20.079887891523487,1.5131215140004732,11,0.6197183098591549,0.28125,0.140625,0.18309859154929578,0.5879702384875991
bayes-fix-seed42,baseline_square,1,338,1541568753,success,48,12.0,0.20755714126513236,0,0.0,0,0.9697539924162171,13.798138359561563,15.830202773213387,9.119314439289246,37,3.0833333333333335,16,1.3333333333333333,1,0.08333333333333333,14.260462564030707,1.5637647609332965,3,0.25,0.0,0.0,0.020833333333333332,0.8611224395401635
bayes-fix-seed42,baseline_square,1,339,1541568754,success,42,10.5,0.27106161363142334,0,0.0,0,1.0081625318296432,13.742538435118538,15.690360032022,9.190024938067104,24,2.2857142857142856,13,1.2380952380952381,4,0.38095238095238093,17.907281347560176,1.9485563388826377,7,0.6666666666666666,0.0,0.0,0.023809523809523808,0.8503510502755296
bayes-fix-seed42,baseline_square,1,340,1541568755,success,76,19.0,0.19259646022505417,0,0.0,1,0.7102573795933464,14.277017871408086,15.480879694223404,16.100566070530114,41,2.1578947368421053,17,0.8947368421052632,6,0.3157894736842105,28.074576385533774,1.743701200476451,9,0.47368421052631576,0.4492753623188406,0.2318840579710145,0.2894736842105263,0.4785436120950731
bayes-fix-seed42,baseline_square,1,341,1541568756,timeout,101,25.25,0.1742849642785883,0,0.0,1,0.863963780513848,14.644949263570332,16.169004142284393,12.84858265539738,95,3.762376237623762,34,1.3465346534653466,45,1.7821782178217822,134.84946439420835,10.495279363561657,45,1.7821782178217822,0.648936170212766,0.6276595744680851,0.3564356435643564,0.1500253430370947
bayes-fix-seed42,baseline_square,1,342,1541568757,success,48,12.0,0.21669215391207908,0,0.0,0,1.3793473333601842,14.727070384348432,16.873633302748203,10.112811155069231,31,2.5833333333333335,20,1.6666666666666667,8,0.6666666666666666,26.544277665916194,2.624816903914041,9,0.75,0.0,0.0,0.08333333333333333,0.7757454958731616
bayes-fix-seed42,baseline_square,1,343,1541568758,success,36,9.0,0.11600436446096418,0,0.0,3,1.1415274353993865,13.66602329330312,15.191727317869663,8.15129629839272,20,2.2222222222222223,11,1.2222222222222223,0,0.0,6.837425655477124,0.8388145155299205,6,0.6666666666666666,0.0,0.0,0.0,0.9626721498571773
bayes-fix-seed42,baseline_square,1,344,1541568759,success,43,10.75,0.22788476735531304,0,0.0,0,1.1759575905360007,13.97942604367123,15.908725187182426,9.110403638590313,23,2.13953488372093,13,1.2093023255813953,1,0.09302325581395349,13.019751909812399,1.4291081302548077,1,0.09302325581395349,0.0,0.0,0.06976744186046512,0.8509199735737153
bayes-fix-seed42,baseline_square,1,345,1541568760,success,54,13.5,0.21645760419538285,0,0.0,0,0.9252399483997481,14.190196990966797,15.808336064219475,10.755725954937871,33,2.4444444444444446,10,0.7407407407407407,1,0.07407407407407407,13.283891530531509,1.2350529928138394,2,0.14814814814814814,0.0,0.0,0.09259259259259259,0.7258253056060031
bayes-fix-seed42,baseline_square,1,346,1541568761,timeout,101,25.25,0.0607148780676261,0,0.0,6,0.5589882887849015,14.380561833334442,15.919096767902374,15.937891410821871,90,3.5643564356435644,61,2.4158415841584158,52,2.0594059405940595,163.38515922694592,10.25136606941662,50,1.9801980198019802,0.7021276595744681,0.5212765957446809,0.4752475247524752,0.07344359668911812
bayes-fix-seed42,baseline_square,1,347,1541568762,success,80,20.0,0.17807421783446187,0,0.0,2,0.5393297619556188,14.328550500795245,15.751509554684162,13.469716088988278,54,2.7,18,0.9,7,0.35,32.283363761149694,2.396736764744573,6,0.3,0.2465753424657534,0.1095890410958904,0.275,0.5789534635007104
bayes-fix-seed42,baseline_square,1,348,1541568763,success,47,11.75,0.13192524206887224,0,0.0,3,0.6909448492971436,13.739553220728611,15.035359188914299,10.46377402641123,23,1.9574468085106382,11,0.9361702127659575,3,0.2553191489361702,14.52535417003272,1.3881563318712546,5,0.425531914893617,0.175,0.15,0.1276595744680851,0.7411099713658978
bayes-fix-seed42,baseline_square,1,349,1541568764,success,59,14.75,0.3064476356554411,0,0.0,0,1.0838558785572434,13.846179186287573,15.08159451186657,10.971499280868242,38,2.5762711864406778,16,1.0847457627118644,7,0.4745762711864407,27.945449691891636,2.547094884344753,7,0.4745762711864407,0.11538461538461539,0.11538461538461539,0.13559322033898305,0.7133282097081584
bayes-fix-seed42,baseline_square,1,350,1541568765,success,66,16.5,0.1563026211473969,0,0.0,3,0.6590408062200867,14.259104080723993,15.693403780460358,14.538167012561892,36,2.1818181818181817,17,1.0303030303030303,4,0.24242424242424243,22.223747662396235,1.5286485320462695,7,0.42424242424242425,0.3559322033898305,0.13559322033898305,0.30303030303030304,0.5338037724409589
bayes-fix-seed42,baseline_square,1,351,1541568766,collision,10,2.5,-0.03091250332225226,1,0.25,3,0.49369906218994225,11.984031274914742,13.241979852318762,1.7028802019095386,9,3.6,5,2.0,7,2.8,15.397036775646662,9.041761574525953,6,2.4,0.3333333333333333,0.3333333333333333,0.5,0.2287737337006926
bayes-fix-seed42,baseline_square,1,352,1541568767,success,96,24.0,0.18189607026752064,0,0.0,3,0.6386975951791043,14.209204741443196,15.777715481817722,19.284762198134427,63,2.625,21,0.875,5,0.20833333333333334,37.34419024475573,1.9364610183457869,13,0.5416666666666666,0.3707865168539326,0.1348314606741573,0.3229166666666667,0.40990794270862324
bayes-fix-seed42,baseline_square,1,353,1541568768,success,99,24.75,0.10290044795994802,0,0.0,8,0.7959370354094982,14.176365439638946,15.661009401082993,17.041252940719417,79,3.191919191919192,40,1.6161616161616161,36,1.4545454545454546,106.63195435235367,6.257283705798459,35,1.4141414141414141,0.22826086956521738,0.10869565217391304,0.36363636363636365,0.46005865150404457
bayes-fix-seed42,baseline_square,1,354,1541568769,success,47,11.75,0.2768581831496042,0,0.0,0,0.6307541585523716,13.872700406515852,15.979256853461262,9.285452661883141,26,2.2127659574468086,9,0.7659574468085106,3,0.2553191489361702,14.760375055381092,1.5896236395639116,6,0.5106382978723404,0.025,0.025,0.06382978723404255,0.8330668854719759
bayes-fix-seed42,baseline_square,1,355,1541568770,success,51,12.75,0.1632237395555164,0,0.0,4,0.8002275122747949,13.814404095504798,15.90784639120102,9.327417463188638,41,3.215686274509804,19,1.4901960784313726,1,0.0784313725490196,15.801842361306209,1.694128350496735,7,0.5490196078431373,0.0,0.0,0.0,0.831868243223038
bayes-fix-seed42,baseline_square,1,356,1541568771,success,49,12.25,0.30011857812863485,0,0.0,0,0.8764555906235904,13.854254189194465,15.291506797075272,10.526291630681898,26,2.122448979591837,12,0.9795918367346939,1,0.08163265306122448,15.400710876522819,1.4630708911420454,4,0.32653061224489793,0.19047619047619047,0.14285714285714285,0.14285714285714285,0.7389412083455896
bayes-fix-seed42,baseline_square,1,357,1541568772,success,51,12.75,0.11284638122310253,0,0.0,8,0.693803521169862,13.925434765862484,15.582462772727013,10.856681112948683,24,1.8823529411764706,14,1.0980392156862746,2,0.1568627450980392,13.448534800870046,1.2387335191074258,2,0.1568627450980392,0.0,0.0,0.058823529411764705,0.7145615153485246
bayes-fix-seed42,baseline_square,1,358,1541568773,success,45,11.25,0.21921230330845876,0,0.0,0,0.9451697975736033,13.817503799994787,14.896806329488754,9.326140918975934,25,2.2222222222222223,11,0.9777777777777777,1,0.08888888888888889,10.040581530779093,1.0766062423900848,3,0.26666666666666666,0.0,0.0,0.06666666666666667,0.8321285371552168
bayes-fix-seed42,baseline_square,1,359,1541568774,success,55,13.75,0.2087035708529169,0,0.0,0,0.5602903599569947,14.008029956709255,16.025513410568237,9.9701057276598,32,2.327272727272727,12,0.8727272727272727,0,0.0,9.326974144397212,0.9354940056976162,3,0.21818181818181817,0.0,0.0,0.05454545454545454,0.7889954922866276
bayes-fix-seed42,baseline_square,1,360,1541568775,success,49,12.25,0.09218905520689957,0,0.0,10,0.8893308445244519,13.840406981049751,15.2884803712368,9.548215683126898,29,2.36734693877551,13,1.0612244897959184,2,0.16326530612244897,16.91862969456285,1.7719153249188282,6,0.4897959183673469,0.14285714285714285,0.11904761904761904,0.16326530612244897,0.8193911627467247
bayes-fix-seed42,baseline_square,1,361,1541568776,success,47,11.75,0.1857570189793104,0,0.0,3,0.9698023601026715,14.202487833322362,16.0613514482975,9.830852763921506,27,2.297872340425532,7,0.5957446808510638,4,0.3404255319148936,18.442697499547485,1.876001801922088,5,0.425531914893617,0.0,0.0,0.1276595744680851,0.7928133304544044
bayes-fix-seed42,baseline_square,1,362,1541568777,success,37,9.25,0.3757170180764956,0,0.0,0,1.14820706904965,13.897055407633653,15.639226883649824,8.584955391154029,18,1.945945945945946,11,1.1891891891891893,0,0.0,6.826988901550218,0.7952270676426313,3,0.32432432432432434,0.0,0.0,0.0,0.9037304153986222
bayes-fix-seed42,baseline_square,1,363,1541568778,timeout,101,25.25,0.07497410775706703,0,0.0,3,0.8580220955416101,15.255753024674878,17.909619957208633,11.662995187199561,92,3.6435643564356437,46,1.8217821782178218,41,1.6237623762376239,124.80856156670566,10.701244368486604,52,2.0594059405940595,0.5638297872340425,0.5638297872340425,0.39603960396039606,0.2747043901866046
bayes-fix-seed42,baseline_square,1,364,1541568779,success,50,12.5,0.1892074376231091,0,0.0,4,0.6900808310585258,14.421399012207985,16.043655015528202,10.188591829695193,26,2.08,13,1.04,2,0.16,13.617166030409802,1.3365110957455226,3,0.24,0.023255813953488372,0.023255813953488372,0.1,0.759927954528391
bayes-fix-seed42,baseline_square,1,365,1541568780,success,62,15.5,0.1937602480532412,0,0.0,4,0.9542652579791355,14.273341564882186,16.088810190558434,12.524529218283499,35,2.2580645161290325,19,1.2258064516129032,6,0.3870967741935484,32.88715998235874,2.625820053527406,14,0.9032258064516129,0.21818181818181817,0.12727272727272726,0.1774193548387097,0.626212453956416
bayes-fix-seed42,baseline_square,1,366,1541568781,success,49,12.25,0.23479330174363222,0,0.0,0,0.7925946875333105,14.067526374544416,16.137069463729855,9.33094376354194,27,2.204081632653061,11,0.8979591836734694,1,0.08163265306122448,12.466588047875039,1.3360479243894656,5,0.40816326530612246,0.0,0.0,0.061224489795918366,0.8308619075058575
bayes-fix-seed42,baseline_square,1,367,1541568782,success,53,13.25,0.15938526199417957,0,0.0,2,0.9824051934476671,14.170183114848047,16.249898076057434,10.79981151913822,34,2.5660377358490565,16,1.2075471698113207,4,0.3018867924528302,25.26565292667589,2.3394531360017647,8,0.6037735849056604,0.17391304347826086,0.17391304347826086,0.1509433962264151,0.7191770035772086
bayes-fix-seed42,baseline_square,1,368,1541568783,success,48,12.0,0.21262973167865373,0,0.0,0,0.7431572802481886,14.310921697566906,16.23513400554657,10.127049559939657,30,2.5,18,1.5,2,0.16666666666666666,14.46133081965619,1.4279905251833644,2,0.16666666666666666,0.0,0.0,0.041666666666666664,0.7722081708588642
bayes-fix-seed42,baseline_square,1,369,1541568784,success,52,13.0,0.09251593485064946,0,0.0,3,0.6769553522018406,13.998679315241484,15.265939943492413,12.257641338564744,21,1.6153846153846154,11,0.8461538461538461,2,0.15384615384615385,13.562124509670003,1.1064220379006457,4,0.3076923076923077,0.022222222222222223,0.022222222222222223,0.07692307692307693,0.6324571088650263
bayes-fix-seed42,baseline_square,1,370,1541568785,success,55,13.75,0.17444654113200175,0,0.0,1,0.6959740344772932,14.042103493755514,16.14960283041,10.349540998900569,34,2.4727272727272727,13,0.9454545454545454,3,0.21818181818181817,21.14469872266682,2.043056665499757,5,0.36363636363636365,0.1875,0.1875,0.09090909090909091,0.7501415710065936
bayes-fix-seed42,baseline_square,1,371,1541568786,success,54,13.5,0.17605403488000693,0,0.0,1,0.7437165213893712,13.857458821601337,15.999974682927132,11.192724660795914,28,2.074074074074074,10,0.7407407407407407,4,0.2962962962962963,19.32804743409643,1.7268402484513554,5,0.37037037037037035,0.0,0.0,0.05555555555555555,0.7014756842104167
bayes-fix-seed42,baseline_square,1,372,1541568787,success,51,12.75,0.1960278858129959,0,0.0,1,0.7667793848754224,14.002589764548283,15.632571652531624,11.426673896984253,27,2.1176470588235294,11,0.8627450980392157,5,0.39215686274509803,21.74409958219647,1.9029246636622061,10,0.7843137254901961,0.13636363636363635,0.13636363636363635,0.17647058823529413,0.6869812118449974
bayes-fix-seed42,baseline_square,1,373,1541568788,success,73,18.25,0.05216593180894302,0,0.0,6,0.5137083396251192,14.097880776206107,15.413957089185713,13.532176506063077,51,2.7945205479452055,21,1.1506849315068493,1,0.0547945205479452,23.908645192796534,1.7667996853340104,5,0.273972602739726,0.25757575757575757,0.10606060606060606,0.1917808219178082,0.5709664181894236
bayes-fix-seed42,baseline_square,1,374,1541568789,success,63,15.75,0.17351582585822556,0,0.0,6,0.9773361615652588,13.903427455160353,15.407557040452957,12.46637463106686,36,2.2857142857142856,14,0.8888888888888888,4,0.25396825396825395,26.39796456647748,2.1175333926426667,8,0.5079365079365079,0.19642857142857142,0.16071428571428573,0.19047619047619047,0.6196269280111347
bayes-fix-seed42,baseline_square,1,375,1541568790,timeout,101,25.25,0.1568717740522897,0,0.0,7,0.31946805180373766,14.39480549923264,15.60203731060028,11.389700775510056,83,3.287128712871287,42,1.6633663366336633,24,0.9504950495049505,87.10411073275733,7.647620639872045,31,1.2277227722772277,0.5319148936170213,0.39361702127659576,0.2871287128712871,0.37065261359989865
bayes-fix-seed42,baseline_square,1,376,1541568791,success,45,11.25,0.22085083750821288,0,0.0,0,0.7100757849477672,13.830487264527214,15.556647628545761,8.833298071894836,25,2.2222222222222223,9,0.8,1,0.08888888888888889,11.745598745161985,1.3296957319410856,8,0.7111111111111111,0.0,0.0,0.022222222222222223,0.8923027512671813
bayes-fix-seed42,baseline_square,1,377,1541568792,success,45,11.25,0.17410838680277096,0,0.0,2,0.7297043641515178,13.84236423505677,15.996836870908737,10.04610788177628,16,1.4222222222222223,6,0.5333333333333333,0,0.0,6.155932240897979,0.6127678811875881,1,0.08888888888888889,0.05263157894736842,0.0,0.13333333333333333,0.7725221191998976
bayes-fix-seed42,baseline_square,1,378,1541568793,success,56,14.0,0.22583870275564433,0,0.0,0,0.7062098271067155,14.001227649194854,15.831670723855495,11.192824886156462,39,2.7857142857142856,19,1.3571428571428572,2,0.14285714285714285,22.531542842953073,2.0130345173916364,8,0.5714285714285714,0.0,0.0,0.03571428571428571,0.7078394109829115
bayes-fix-seed42,baseline_square,1,379,1541568794,success,43,10.75,0.21832568108166994,0,0.0,0,1.116088042701406,13.522825961889223,15.38642793893814,8.834870889041493,23,2.13953488372093,9,0.8372093023255814,0,0.0,6.167399730819591,0.698074687030169,3,0.27906976744186046,0.0,0.0,0.023255813953488372,0.8764395122967605
bayes-fix-seed42,baseline_square,1,380,1541568795,success,41,10.25,0.19380813517427176,0,0.0,1,0.6996940366558212,13.925730818655433,15.78422635793686,8.989744348164765,26,2.5365853658536586,11,1.0731707317073171,2,0.1951219512195122,12.744840456384026,1.41770888723725,6,0.5853658536585366,0.0,0.0,0.024390243902439025,0.8594314864199519
bayes-fix-seed42,baseline_square,1,381,1541568796,success,61,15.25,0.19333350609442856,0,0.0,2,0.8142396544403647,14.03013482445576,15.662480145692825,11.93713633945925,31,2.0327868852459017,8,0.5245901639344263,5,0.32786885245901637,20.609657988314808,1.7265160924892662,6,0.39344262295081966,0.2962962962962963,0.12962962962962962,0.26229508196721313,0.6550941752458894
bayes-fix-seed42,baseline_square,1,382,1541568797,success,51,12.75,0.1760806648104335,0,0.0,2,0.5744613211215841,14.115039113105512,15.296999365091324,9.995143709288712,30,2.3529411764705883,12,0.9411764705882353,0,0.0,10.865962664843309,1.0871242056024992,5,0.39215686274509803,0.045454545454545456,0.045454545454545456,0.09803921568627451,0.7763749389104699
bayes-fix-seed42,baseline_square,1,383,1541568798,success,43,10.75,0.15894173020815494,0,0.0,8,0.4303108216652995,13.606892595457476,15.693368017673492,9.684844438167255,27,2.511627906976744,14,1.302325581395349,0,0.0,10.01467811680774,1.0340566831761009,5,0.46511627906976744,0.0,0.0,0.046511627906976744,0.7981534696226118
bayes-fix-seed42,baseline_square,1,384,1541568799,timeout,101,25.25,0.23029171319256214,0,0.0,0,0.8128952807211685,14.536068949959066,15.952911227941513,13.380415831041997,93,3.6831683168316833,42,1.6633663366336633,40,1.5841584158415842,115.30464737644482,8.61741883304874,45,1.7821782178217822,0.46808510638297873,0.4148936170212766,0.25742574257425743,0.27786266491032563
bayes-fix-seed42,baseline_square,1,385,1541568800,success,51,12.75,0.20462420909583923,0,0.0,0,0.7574785976916888,14.169172036881541,15.715571120381355,9.488150576530494,29,2.2745098039215685,13,1.0196078431372548,2,0.1568627450980392,16.264742571342918,1.7142163206784184,4,0.3137254901960784,0.13636363636363635,0.13636363636363635,0.058823529411764705,0.8237879606861173
bayes-fix-seed42,baseline_square,1,386,1541568801,success,45,11.25,0.21842343758577631,0,0.0,0,0.7267241869632579,13.85462118519677,15.806863456964493,9.844372940812455,21,1.8666666666666667,10,0.8888888888888888,1,0.08888888888888889,12.290398346544864,1.248469396724271,3,0.26666666666666666,0.13157894736842105,0.07894736842105263,0.1111111111111111,0.7905684530796327
bayes-fix-seed42,baseline_square,1,387,1541568802,success,45,11.25,0.2356662035953888,0,0.0,0,0.9909856740774075,13.803532967964808,15.21616280078888,9.538586024252835,23,2.0444444444444443,13,1.1555555555555554,4,0.35555555555555557,17.060443576125408,1.788571548523804,3,0.26666666666666666,0.02631578947368421,0.02631578947368421,0.1111111111111111,0.8282663199398087
bayes-fix-seed42,baseline_square,1,388,1541568803,success,65,16.25,0.1131695043505565,0,0.0,2,0.6969022698693943,14.352981860821064,15.654841810464859,12.265971503939564,40,2.4615384615384617,12,0.7384615384615385,7,0.4307692307692308,33.30187854993422,2.714980916043901,9,0.5538461538461539,0.3103448275862069,0.27586206896551724,0.2,0.6381482472497993
bayes-fix-seed42,baseline_square,1,389,1541568804,success,58,14.5,0.19466150493747048,0,0.0,2,0.5250886830520168,14.153514828147559,15.767853893339634,10.520639524581119,41,2.8275862068965516,14,0.9655172413793104,0,0.0,12.956777409533442,1.2315579655837812,4,0.27586206896551724,0.0,0.0,0.0,0.7352602895264452
bayes-fix-seed42,baseline_square,1,390,1541568805,success,66,16.5,0.19369976179990744,0,0.0,1,0.6683075258829831,14.126367923436742,15.787908807396889,11.838514927738082,51,3.090909090909091,30,1.8181818181818181,3,0.18181818181818182,32.547128738572205,2.749257735217537,10,0.6060606060606061,0.11864406779661017,0.11864406779661017,0.09090909090909091,0.6549239278944095
bayes-fix-seed42,baseline_square,1,391,1541568806,success,56,14.0,0.25858145321622794,0,0.0,0,1.1095441550680785,14.202004431613855,15.880655497312546,12.295787339031868,29,2.0714285714285716,11,0.7857142857142857,2,0.14285714285714285,14.192221174811081,1.1542344368431905,6,0.42857142857142855,0.061224489795918366,0.02040816326530612,0.125,0.6350889639416308
bayes-fix-seed42,baseline_square,1,392,1541568807,success,56,14.0,0.12316925889321495,0,0.0,2,1.023373327958628,14.211171107100588,16.30232483148575,11.738380949834571,30,2.142857142857143,12,0.8571428571428571,3,0.21428571428571427,21.179760442694555,1.8043170121338616,7,0.5,0.10204081632653061,0.08163265306122448,0.10714285714285714,0.6604691520666787
bayes-fix-seed42,baseline_square,1,393,1541568808,success,36,9.0,0.2866452003583033,0,0.0,0,1.2502215055943915,13.57807901998361,15.797936357557774,8.563082124807277,19,2.111111111111111,10,1.1111111111111112,0,0.0,6.664268784625202,0.7782558531488089,4,0.4444444444444444,0.0,0.0,0.0,0.9161047048403592
bayes-fix-seed42,baseline_square,1,394,1541568809,success,47,11.75,0.22730831404274976,0,0.0,0,0.5876698194865112,14.054905464674563,16.035402566194534,9.934024124434556,29,2.4680851063829787,13,1.1063829787234043,2,0.1702127659574468,16.458793365994367,1.6568102875360393,7,0.5957446808510638,0.1,0.1,0.0851063829787234,0.7842360317662095
bayes-fix-seed42,baseline_square,1,395,1541568810,success,48,12.0,0.15107469341444957,0,0.0,2,1.0275253377233513,14.355218736454844,16.21941775083542,9.947058156856727,27,2.25,10,0.8333333333333334,4,0.3333333333333333,17.35625499800183,1.7448631267967183,8,0.6666666666666666,0.0,0.0,0.041666666666666664,0.7817327157293772
bayes-fix-seed42,baseline_square,1,396,1541568811,success,45,11.25,0.2166581841639399,0,0.0,0,0.7359313863426823,14.003750599092907,15.889348089694977,9.152292957520316,31,2.7555555555555555,16,1.4222222222222223,3,0.26666666666666666,18.243327444730724,1.993306762513587,6,0.5333333333333333,0.0,0.0,0.022222222222222223,0.842828940796805
bayes-fix-seed42,baseline_square,1,397,1541568812,success,58,14.5,0.21257085464125247,0,0.0,0,1.0069453933809585,14.155591741718094,15.657959505915642,9.237722855253473,30,2.0689655172413794,14,0.9655172413793104,2,0.13793103448275862,16.54033635137051,1.7905209552767711,7,0.4827586206896552,0.21568627450980393,0.11764705882352941,0.1724137931034483,0.8416954353710964
bayes-fix-seed42,baseline_square,1,398,1541568813,success,54,13.5,0.15227048245199615,0,0.0,3,0.9410076488451579,14.11227847414988,15.693421848118305,11.880636686220777,29,2.1481481481481484,13,0.9629629629629629,2,0.14814814814814814,18.733769400201034,1.5768321088320592,8,0.5925925925925926,0.2127659574468085,0.19148936170212766,0.2037037037037037,0.6534925584844469
bayes-fix-seed42,baseline_square,1,399,1541568814,success,47,11.75,0.12461466587793435,0,0.0,2,0.8996902901122865,13.873783356331764,15.973869711160658,9.518807758215358,22,1.872340425531915,9,0.7659574468085106,3,0.2553191489361702,13.263429557599459,1.3933918926088453,4,0.3404255319148936,0.0,0.0,0.02127659574468085,0.8157750365128943
bayes-fix-seed42,baseline_square,1,400,1541568815,success,38,9.5,0.11179667154739192,0,0.0,7,0.6052373754304379,13.704943323605939,15.411878377199173,9.21195927804089,13,1.368421052631579,7,0.7368421052631579,0,0.0,5.822695973530304,0.6320800817487567,1,0.10526315789473684,0.0,0.0,0.0,0.8406033925614349
bayes-fix-seed42,baseline_square,1,401,1541568816,success,50,12.5,0.19698109882821602,0,0.0,1,0.7155953706262319,14.071758016943932,15.268966741859913,10.042629180139105,36,2.88,13,1.04,1,0.08,15.859129569873293,1.5791810376945155,8,0.64,0.0,0.0,0.12,0.7731866840679854
bayes-fix-seed42,baseline_square,1,402,1541568817,success,48,12.0,0.1852599675563067,0,0.0,5,0.5151472007243201,14.228987507522106,16.086830012500286,8.919764035992571,26,2.1666666666666665,15,1.25,0,0.0,7.202358913322238,0.8074607001104122,1,0.08333333333333333,0.0,0.0,0.020833333333333332,0.8722894375475355
bayes-fix-seed42,baseline_square,1,403,1541568818,success,49,12.25,0.060919525861588664,0,0.0,5,0.6978833227825674,13.904902171723696,15.407665073871613,11.077132186713099,28,2.2857142857142856,13,1.0612244897959184,2,0.16326530612244897,14.930849546152533,1.3478984717779143,4,0.32653061224489793,0.14285714285714285,0.11904761904761904,0.16326530612244897,0.7025992135000798
bayes-fix-seed42,baseline_square,1,404,1541568819,success,60,15.0,0.16745218155098607,0,0.0,3,1.1788594185109535,14.14853340635697,15.815660543739796,12.26290220868817,26,1.7333333333333334,7,0.4666666666666667,2,0.13333333333333333,14.053957229511765,1.1460547422089566,4,0.26666666666666666,0.24528301886792453,0.16981132075471697,0.2833333333333333,0.638724687538472
bayes-fix-seed42,baseline_square,1,405,1541568820,success,52,13.0,0.09866175738118532,0,0.0,3,1.0125821769664087,14.002801348956732,15.718920342624187,9.407528604270201,28,2.1538461538461537,11,0.8461538461538461,2,0.15384615384615385,15.043547678098594,1.5990966714967128,2,0.15384615384615385,0.0,0.0,0.057692307692307696,0.825575732992392
bayes-fix-seed42,baseline_square,1,406,1541568821,timeout,101,25.25,0.19138765283540782,0,0.0,3,0.3798224828228808,14.441278348169705,16.014494001865387,12.86731138988218,90,3.5643564356435644,42,1.6633663366336633,37,1.4653465346534653,128.74990449632912,10.00596788211465,45,1.7821782178217822,0.5425531914893617,0.5319148936170213,0.3465346534653465,0.44599844166565905
bayes-fix-seed42,baseline_square,1,407,1541568822,success,52,13.0,0.15748038116691887,0,0.0,3,0.6904733228407435,14.420484694150778,15.702627040445805,10.941464577990331,28,2.1538461538461537,13,1.0,2,0.15384615384615385,20.05637991519882,1.833061723340393,9,0.6923076923076923,0.24444444444444444,0.2222222222222222,0.21153846153846154,0.7091806285278699
bayes-fix-seed42,baseline_square,1,408,1541568823,success,56,14.0,0.119212578087185,0,0.0,10,1.0931853814866026,13.952701751674924,15.935440547764301,12.593503476631343,22,1.5714285714285714,6,0.42857142857142855,2,0.14285714285714285,13.411756115401484,1.0649741861181443,3,0.21428571428571427,0.22448979591836735,0.04081632653061224,0.14285714285714285,0.6165974726549641
bayes-fix-seed42,baseline_square,1,409,1541568824,success,42,10.5,0.1901053814346837,0,0.0,3,0.6242340128081985,13.63120201442923,15.348612517118454,8.722758177184257,25,2.380952380952381,11,1.0476190476190477,0,0.0,7.094985738670188,0.8133878750907294,3,0.2857142857142857,0.0,0.0,0.0,0.8865558569921645
bayes-fix-seed42,baseline_square,1,410,1541568825,success,51,12.75,0.19454040568372388,0,0.0,2,1.0826254918439573,14.159245306954665,15.660449862480164,10.011537640558323,22,1.7254901960784315,7,0.5490196078431373,2,0.1568627450980392,11.448304141281348,1.1435110721556354,4,0.3137254901960784,0.11363636363636363,0.06818181818181818,0.13725490196078433,0.775456560073354
bayes-fix-seed42,baseline_square,1,411,1541568826,success,40,10.0,0.26977129041223913,0,0.0,0,0.7839841538597669,14.081510342657566,15.805734135210512,9.292619973689066,17,1.7,9,0.9,0,0.0,7.6254664480637215,0.8205938120416322,1,0.1,0.0,0.0,0.025,0.8361660782084076
bayes-fix-seed42,baseline_square,1,412,1541568827,success,44,11.0,0.31653446181986966,0,0.0,0,0.8726517735799003,14.188072136179967,16.84109717607498,10.033987851457042,23,2.090909090909091,15,1.3636363636363635,1,0.09090909090909091,10.73360282876639,1.0697245190712241,3,0.2727272727272727,0.0,0.0,0.022727272727272728,0.769507899861274
bayes-fix-seed42,baseline_square,1,413,1541568828,success,57,14.25,0.19317511253048658,0,0.0,2,0.7112636146865633,14.376122961964523,15.813823789358139,12.905976138351232,30,2.1052631578947367,11,0.7719298245614035,2,0.14035087719298245,11.973043206709445,0.927713105801467,3,0.21052631578947367,0.06,0.02,0.10526315789473684,0.6007672141271604
bayes-fix-seed42,baseline_square,1,414,1541568829,success,38,9.5,0.16523803947938098,0,0.0,2,0.8331001444618419,14.063341445044466,15.834466367959976,8.88504828817863,19,2.0,9,0.9473684210526315,0,0.0,7.485848177576171,0.8425219463957145,3,0.3157894736842105,0.0,0.0,0.0,0.8698933192558488
bayes-fix-seed42,baseline_square,1,415,1541568830,success,49,12.25,0.3982255601168003,0,0.0,0,0.8757025191280636,14.335657032776853,16.795918345451355,9.85060912698645,27,2.204081632653061,9,0.7346938775510204,2,0.16326530612244897,12.803727516527168,1.299790434426074,7,0.5714285714285714,0.0,0.0,0.0,0.7860701996180506
bayes-fix-seed42,baseline_square,1,416,1541568831,success,46,11.5,0.1754217240973992,0,0.0,1,0.9292056190178354,14.515720793734426,16.142734326422215,8.727607228363166,26,2.260869565217391,11,0.9565217391304348,2,0.17391304347826086,10.883414179102967,1.2470100789748895,5,0.43478260869565216,0.10256410256410256,0.10256410256410256,0.021739130434782608,0.889262753907555
bayes-fix-seed42,baseline_square,1,417,1541568832,success,48,12.0,0.1543222326223742,0,0.0,1,0.8506119550930548,14.179146382957697,15.59112872928381,9.410996695208954,30,2.5,12,1.0,3,0.25,16.502336528011284,1.7535163450235256,4,0.3333333333333333,0.0,0.0,0.020833333333333332,0.827050746832373
bayes-fix-seed42,baseline_square,1,418,1541568833,success,56,14.0,0.20257477031962823,0,0.0,0,0.9884425584769144,14.233419205993414,15.96339512616396,10.746166385904072,34,2.4285714285714284,23,1.6428571428571428,4,0.2857142857142857,26.69812603132422,2.48443259415233,5,0.35714285714285715,0.10204081632653061,0.10204081632653061,0.125,0.7233955308066393
bayes-fix-seed42,baseline_square,1,419,1541568834,success,45,11.25,0.18054590420999228,0,0.0,1,0.8166276229567576,13.91382838288943,15.472815930843353,9.176407238732265,22,1.9555555555555555,12,1.0666666666666667,0,0.0,9.24229984937811,1.007180654577722,1,0.08888888888888889,0.0,0.0,0.0,0.8548575685823178
bayes-fix-seed42,baseline_square,1,420,1541568835,success,36,9.0,0.17848548498170147,0,0.0,2,1.158919918624238,13.870565427674187,15.866582281887531,8.618683803560232,18,2.0,9,1.0,0,0.0,7.269232928525163,0.8434272673424179,3,0.3333333333333333,0.0,0.0,0.0,0.9044919605233659
bayes-fix-seed42,baseline_square,1,421,1541568836,success,48,12.0,0.2431710413966709,0,0.0,0,0.8967024976574868,14.663025193537274,16.134979762136936,9.704468445000774,27,2.25,11,0.9166666666666666,0,0.0,9.22013251853051,0.9500914522814726,6,0.5,0.0,0.0,0.0625,0.7999430034234246
bayes-fix-seed42,baseline_square,1,422,1541568837,success,41,10.25,0.252118499230099,0,0.0,0,1.3099528656997796,13.928666892575055,15.439830720424652,8.663520430170426,23,2.2439024390243905,13,1.2682926829268293,0,0.0,8.830426501621512,1.0192653867208348,6,0.5853658536585366,0.0,0.0,0.0,0.8993023313644993
bayes-fix-seed42,baseline_square,1,423,1541568838,timeout,101,25.25,0.15268054936983222,0,0.0,10,0.4252133645468803,16.034820734864415,16.412407159805298,15.667161082773013,95,3.762376237623762,57,2.257425742574257,47,1.8613861386138615,151.9663048055931,9.699670795667583,51,2.01980198019802,0.574468085106383,0.5,0.36633663366336633,0.1586672916339102
bayes-fix-seed42,baseline_square,1,424,1541568839,success,49,12.25,0.1691343410930204,0,0.0,3,0.5025199917807809,14.159098267555237,15.639859437942505,9.547985973731071,29,2.36734693877551,10,0.8163265306122449,2,0.16326530612244897,14.968487274853802,1.5677114855463659,5,0.40816326530612246,0.0,0.0,0.08163265306122448,0.816223941485474
bayes-fix-seed42,baseline_square,1,425,1541568840,success,50,12.5,0.14618652168512758,0,0.0,2,0.7168592824373584,14.250770583748817,15.81560354679823,10.234471403036931,28,2.24,15,1.2,0,0.0,9.19433884729872,0.8983696846883986,5,0.4,0.06976744186046512,0.06976744186046512,0.12,0.7602818432991979
bayes-fix-seed42,baseline_square,1,426,1541568841,success,52,13.0,0.2718587674635943,0,0.0,0,1.1869949103883517,14.357900246977806,16.176793724298477,10.457888390298987,23,1.7692307692307692,11,0.8461538461538461,1,0.07692307692307693,15.397778221783401,1.47236015982603,4,0.3076923076923077,0.26666666666666666,0.15555555555555556,0.23076923076923078,0.7415379932260996
bayes-fix-seed42,baseline_square,1,427,1541568842,success,48,12.0,0.1468154208129171,0,0.0,4,0.8723846061449012,14.179102998847762,15.866199508309364,9.5477584029652,21,1.75,11,0.9166666666666666,3,0.25,12.288955416186734,1.2871037260819476,3,0.25,0.0975609756097561,0.0975609756097561,0.10416666666666667,0.8209240021875343
bayes-fix-seed42,baseline_square,1,428,1541568843,success,63,15.75,0.18084085628833602,0,0.0,4,0.8720390015100444,14.430180310256898,16.163108125329018,14.272592441091339,32,2.0317460317460316,15,0.9523809523809523,1,0.06349206349206349,19.330464980967832,1.3543765830035674,7,0.4444444444444444,0.05357142857142857,0.0,0.09523809523809523,0.5437631967955546
bayes-fix-seed42,baseline_square,1,429,1541568844,success,55,13.75,0.1539081011488408,0,0.0,6,0.4579902676146424,14.748012342236258,16.214630752801895,10.397631783392319,41,2.981818181818182,17,1.2363636363636363,1,0.07272727272727272,18.441813866667903,1.7736552179241627,4,0.2909090909090909,0.0,0.0,0.05454545454545454,0.7453570669751983
bayes-fix-seed42,baseline_square,1,430,1541568845,success,58,14.5,0.18996257667534278,0,0.0,2,0.5551707619745045,14.546951150585866,15.925015695393085,13.815243346658233,30,2.0689655172413794,12,0.8275862068965517,0,0.0,12.567789226603683,0.9097045134310793,3,0.20689655172413793,0.09803921568627451,0.0,0.1206896551724138,0.559406510688576
bayes-fix-seed42,baseline_square,1,431,1541568846,success,53,13.25,0.17349350765410887,0,0.0,2,0.7763783101925116,14.425334292200377,16.148681938648224,10.157752345749788,33,2.490566037735849,11,0.8301886792452831,1,0.07547169811320754,9.946487173212702,0.9792015826586397,2,0.1509433962264151,0.0,0.0,0.05660377358490566,0.7623042078464496
bayes-fix-seed42,baseline_square,1,432,1541568847,success,54,13.5,0.1794178533491454,0,0.0,2,0.5449796838522191,14.44117945653421,15.835845470428467,10.245448670539975,34,2.5185185185185186,19,1.4074074074074074,1,0.07407407407407407,19.931782520356386,1.9454279808817687,7,0.5185185185185185,0.02127659574468085,0.02127659574468085,0.05555555555555555,0.7519160714985043
bayes-fix-seed42,baseline_square,1,433,1541568848,success,58,14.5,0.22885846815723354,0,0.0,0,1.0064887982028101,14.49596856174798,16.023101471364498,10.65172533492193,32,2.206896551724138,13,0.896551724137931,4,0.27586206896551724,25.657482025413422,2.4087630143160723,9,0.6206896551724138,0.0392156862745098,0.0392156862745098,0.10344827586206896,0.7285355561433043
bayes-fix-seed42,baseline_square,1,434,1541568849,success,42,10.5,0.23473688740226129,0,0.0,0,1.2590611711506463,14.055092863383747,15.390234999358654,9.188300108606473,25,2.380952380952381,13,1.2380952380952381,0,0.0,7.984049874006164,0.8689365584095022,2,0.19047619047619047,0.0,0.0,0.047619047619047616,0.8444974301537104
bayes-fix-seed42,baseline_square,1,435,1541568850,success,51,12.75,0.21104331098040574,0,0.0,0,0.6637652631768921,14.27477656626234,15.97738265991211,10.617858806435173,28,2.196078431372549,11,0.8627450980392157,3,0.23529411764705882,18.605119958981863,1.7522478211620074,4,0.3137254901960784,0.0,0.0,0.058823529411764705,0.7323936217820823
bayes-fix-seed42,baseline_square,1,436,1541568851,success,59,14.75,0.19300266947046796,0,0.0,1,0.7890104564039719,14.268817032797863,16.19482040405273,12.201591769114742,39,2.6440677966101696,20,1.3559322033898304,3,0.2033898305084746,26.35989719187762,2.1603654417123725,6,0.4067796610169492,0.19230769230769232,0.19230769230769232,0.23728813559322035,0.6382272521032308
bayes-fix-seed42,baseline_square,1,437,1541568852,success,52,13.0,0.17926926742566995,0,0.0,2,0.727646761057908,14.294543231909092,15.711761452257633,9.56701179060807,29,2.230769230769231,11,0.8461538461538461,4,0.3076923076923077,19.352518155609616,2.022838330209645,5,0.38461538461538464,0.0,0.0,0.057692307692307696,0.8198410297685945
bayes-fix-seed42,baseline_square,1,438,1541568853,success,55,13.75,0.1954744339258757,0,0.0,1,0.6035535236051912,13.99860138242895,15.378867834806442,9.508993638810068,35,2.5454545454545454,17,1.2363636363636363,3,0.21818181818181817,18.59983316415295,1.9560254082240072,5,0.36363636363636365,0.0625,0.0625,0.07272727272727272,0.8176623347193479
bayes-fix-seed42,baseline_square,1,439,1541568854,success,48,12.0,0.09388562580051463,0,0.0,4,0.991050048187775,14.08579604079326,15.668394975364208,11.279988288817048,19,1.5833333333333333,8,0.6666666666666666,1,0.08333333333333333,10.71169175105018,0.9496190489550175,3,0.25,0.17073170731707318,0.17073170731707318,0.125,0.6860839224869637
bayes-fix-seed42,baseline_square,1,440,1541568855,success,48,12.0,0.0733229742232201,0,0.0,4,0.6170685466749944,14.28216431910793,16.181898303329945,10.647437511911047,27,2.25,14,1.1666666666666667,1,0.08333333333333333,11.355856746612206,1.0665342467526733,4,0.3333333333333333,0.0975609756097561,0.024390243902439025,0.125,0.7301643788754404
bayes-fix-seed42,baseline_square,1,441,1541568856,collision,3,0.75,-0.026546185266570155,2,0.5,3,0.014510051277553967,12.475875516732534,13.631344586610794,0.5978923476731266,2,2.6666666666666665,0,0.0,1,1.3333333333333333,1.9602546985685916,3.278608107625892,1,1.3333333333333333,0.0,0.0,1.0,0.0
bayes-fix-seed42,baseline_square,1,442,1541568857,success,44,11.0,0.1671346925939472,0,0.0,2,0.7178523156224469,14.28220294077288,16.367693431675434,8.808050646102062,28,2.5454545454545454,13,1.1818181818181819,0,0.0,9.85976782163248,1.1194040790394235,3,0.2727272727272727,0.0,0.0,0.0,0.8895932748771047
bayes-fix-seed42,baseline_square,1,443,1541568858,success,51,12.75,0.23847180343382002,0,0.0,0,0.8426229084626736,14.242407445814095,15.602795407176018,10.821952775832758,25,1.9607843137254901,6,0.47058823529411764,3,0.23529411764705882,14.45195627120594,1.3354296189020147,5,0.39215686274509803,0.18181818181818182,0.11363636363636363,0.1568627450980392,0.7209803601406005
bayes-fix-seed42,baseline_square,1,444,1541568859,success,45,11.25,0.16933885090017042,0,0.0,1,0.734577140822454,14.163236402802998,16.004687547683716,9.521637247449776,27,2.4,16,1.4222222222222223,1,0.08888888888888889,16.36684201199376,1.7189104758614246,9,0.8,0.0,0.0,0.0,0.8171526579630253
bayes-fix-seed42,baseline_square,1,445,1541568860,success,53,13.25,0.18974833677749803,0,0.0,12,0.7667639604232973,14.154317314332387,15.723274648189545,12.949440996875882,16,1.2075471698113207,6,0.4528301886792453,0,0.0,6.564626664752268,0.5069428608027186,1,0.07547169811320754,0.0,0.0,0.11320754716981132,0.5956472168200002
bayes-fix-seed42,baseline_square,1,446,1541568861,success,47,11.75,0.11245383678954413,0,0.0,3,0.5741741500576001,13.812634459835417,15.381795540452003,9.818962133636852,35,2.978723404255319,18,1.5319148936170213,1,0.0851063829787234,16.61192360397141,1.6918207217709789,9,0.7659574468085106,0.0,0.0,0.06382978723404255,0.7883374655028416
bayes-fix-seed42,baseline_square,1,447,1541568862,success,40,10.0,0.27303664831095464,0,0.0,0,1.0772912040712312,14.1333500854671,15.42287990450859,9.626454997265284,12,1.2,7,0.7,1,0.1,6.791972488923339,0.7055528219736991,1,0.1,0.0,0.0,0.075,0.8081071052164511
bayes-fix-seed42,baseline_square,1,448,1541568863,success,57,14.25,0.16541555579320166,0,0.0,7,1.1045201906268811,14.046143805771543,15.830004215240479,12.897067365268077,26,1.8245614035087718,8,0.5614035087719298,1,0.07017543859649122,14.11591419018184,1.0945057345514166,3,0.21052631578947367,0.26,0.08,0.21052631578947367,0.6045731208012431
bayes-fix-seed42,baseline_square,1,449,1541568864,success,50,12.5,0.16068848425031124,0,0.0,3,0.8122471699115301,13.966782987117767,15.474689193069935,10.5308143021289,26,2.08,12,0.96,3,0.24,17.94381627102223,1.7039343545726302,8,0.64,0.13953488372093023,0.13953488372093023,0.12,0.7405525696349103
bayes-fix-seed42,baseline_square,1,450,1541568865,success,39,9.75,0.20133156779898553,0,0.0,0,0.5140226041112531,13.696752966214449,15.658702701330185,8.865814603625548,20,2.051282051282051,13,1.3333333333333333,2,0.20512820512820512,9.912731370690786,1.1180846672157023,5,0.5128205128205128,0.0,0.0,0.02564102564102564,0.8741456048288649
bayes-fix-seed42,baseline_square,1,451,1541568866,success,52,13.0,0.18412339831932312,0,0.0,3,0.9481079341978315,14.091409957752777,15.746567957103252,11.441114215708334,30,2.3076923076923075,12,0.9230769230769231,2,0.15384615384615385,13.314217438299735,1.163716853732627,2,0.15384615384615385,0.15555555555555556,0.15555555555555556,0.07692307692307693,0.6851710167501291
bayes-fix-seed42,baseline_square,1,452,1541568867,success,43,10.75,0.1992745698262629,0,0.0,1,0.5386275218391249,13.695043360078058,15.191303193569183,9.891807095581735,21,1.9534883720930232,13,1.2093023255813953,2,0.18604651162790697,11.794327189210922,1.1923329150321749,3,0.27906976744186046,0.0,0.0,0.06976744186046512,0.7826870451278318
bayes-fix-seed42,baseline_square,1,453,1541568868,success,39,9.75,0.175290809799741,0,0.0,1,1.1973928923391832,13.792634010314941,15.370907261967659,9.00434723917131,19,1.9487179487179487,10,1.0256410256410255,0,0.0,9.087590279882011,1.0092447612802595,7,0.717948717948718,0.0,0.0,0.0,0.8554964571430801
bayes-fix-seed42,baseline_square,1,454,1541568869,success,42,10.5,0.2410702077696436,0,0.0,0,0.6917600683294962,13.860052451491356,15.98303411155939,8.80245882096899,23,2.1904761904761907,11,1.0476190476190477,2,0.19047619047619047,13.344810126125541,1.5160320993874892,5,0.47619047619047616,0.0,0.0,0.047619047619047616,0.8784906370107279
bayes-fix-seed42,baseline_square,1,455,1541568870,timeout,101,25.25,0.17875660311202834,0,0.0,2,0.7871855055448711,14.268546263770302,15.835877507925034,14.064607516829309,90,3.5643564356435644,54,2.1386138613861387,41,1.6237623762376239,112.63237901773505,8.008213445200113,41,1.6237623762376239,0.5,0.39361702127659576,0.38613861386138615,0.1976262157590592
bayes-fix-seed42,baseline_square,1,456,1541568871,success,68,17.0,0.15397039529826073,0,0.0,5,0.9495055799127452,14.052584055153762,15.643643960356712,15.265820755827523,42,2.4705882352941178,21,1.2352941176470589,2,0.11764705882352941,20.877034451725734,1.3675671151684528,4,0.23529411764705882,0.3114754098360656,0.04918032786885246,0.23529411764705882,0.5113891406298771
bayes-fix-seed42,baseline_square,1,457,1541568872,success,49,12.25,0.21047542156856658,0,0.0,0,0.8203903163093543,13.953575294236748,15.431564301252363,10.253259155562903,34,2.7755102040816326,18,1.469387755102041,1,0.08163265306122448,16.348376983930912,1.5944566245612843,6,0.4897959183673469,0.11904761904761904,0.09523809523809523,0.10204081632653061,0.7658538252419913
bayes-fix-seed42,baseline_square,1,458,1541568873,success,38,9.5,0.21006253425880228,0,0.0,0,1.233522354595131,13.700637770326514,15.172714553773403,9.029181868301908,13,1.368421052631579,6,0.631578947368421,0,0.0,4.750450670007767,0.5261219387644444,1,0.10526315789473684,0.0,0.0,0.02631578947368421,0.8538771154353227
bayes-fix-seed42,baseline_square,1,459,1541568874,success,59,14.75,0.11244576737821965,0,0.0,8,0.6856880468415091,14.493769066313567,16.295195370912552,12.086493942337604,40,2.711864406779661,17,1.152542372881356,1,0.06779661016949153,17.696789982421816,1.4641789477453,9,0.6101694915254238,0.1346153846153846,0.038461538461538464,0.13559322033898305,0.6450498391993065
bayes-fix-seed42,baseline_square,1,460,1541568875,success,81,20.25,0.07509216436101962,0,0.0,2,1.0007735239244062,14.70740603995912,16.069218516349792,14.886430617827333,56,2.765432098765432,24,1.1851851851851851,8,0.3950617283950617,36.39837471767355,2.4450706587840108,8,0.3950617283950617,0.36486486486486486,0.1891891891891892,0.2839506172839506,0.5276147782930691
bayes-fix-seed42,baseline_square,1,461,1541568876,success,50,12.5,0.19224715976176987,0,0.0,2,1.193872793820516,13.978522270917892,15.565713122487068,8.816235610153287,26,2.08,7,0.56,4,0.32,15.929922993046757,1.8068848993442208,6,0.48,0.046511627906976744,0.0,0.08,0.8852899706732191
bayes-fix-seed42,baseline_square,1,462,1541568877,timeout,101,25.25,0.17672527485250644,0,0.0,2,0.7171087896204102,14.555871781736318,15.918545424938202,11.163861134111512,94,3.722772277227723,64,2.5346534653465347,52,2.0594059405940595,153.9927554269861,13.793861601919843,45,1.7821782178217822,0.2872340425531915,0.2872340425531915,0.39603960396039606,0.3783030539013347
bayes-fix-seed42,baseline_square,1,463,1541568878,success,38,9.5,0.19318663422802484,0,0.0,1,0.8451266181844869,13.649437478498408,15.541166625916958,8.269621772608074,21,2.210526315789474,14,1.4736842105263157,0,0.0,4.5576306449080946,0.5511292741349534,1,0.10526315789473684,0.0,0.0,0.0,0.9404087511048183
bayes-fix-seed42,baseline_square,1,464,1541568879,collision,21,5.25,0.029544425053441126,0,0.0,6,0.9446242705937999,12.875787204220181,15.599727630615234,3.4778135927388023,19,3.619047619047619,9,1.7142857142857142,1,0.19047619047619047,10.28567494043577,2.9575118579991893,2,0.38095238095238093,0.0,0.0,0.09523809523809523,0.6483096303193169
bayes-fix-seed42,baseline_square,1,465,1541568880,success,42,10.5,0.05505988991730304,0,0.0,4,0.46293240937361635,14.057233042660213,15.538284182548521,8.895458421685673,19,1.8095238095238095,12,1.1428571428571428,3,0.2857142857142857,14.93428535869271,1.678866299041471,3,0.2857142857142857,0.08571428571428572,0.08571428571428572,0.09523809523809523,0.8692095221230751
bayes-fix-seed42,baseline_square,1,466,1541568881,success,55,13.75,0.18422527435119762,0,0.0,1,0.8000396359924928,13.974653590809215,15.612050890922546,10.867489132827226,26,1.8909090909090909,7,0.509090909090909,2,0.14545454545454545,12.388363273742637,1.1399471508392252,5,0.36363636363636365,0.125,0.0625,0.14545454545454545,0.7138075601583637
bayes-fix-seed42,baseline_square,1,467,1541568882,success,66,16.5,0.16034600900651852,0,0.0,5,0.6501453186103611,14.258632831501238,15.864060260355473,12.597517219798773,50,3.0303030303030303,20,1.2121212121212122,4,0.24242424242424243,34.65717048837368,2.751111181964098,13,0.7878787878787878,0.22033898305084745,0.2033898305084746,0.18181818181818182,0.6247626318499643
bayes-fix-seed42,baseline_square,1,468,1541568883,success,47,11.75,0.1977452699912633,0,0.0,1,0.5093151934062087,13.868830226203228,15.380669385194778,9.714691469438728,25,2.127659574468085,5,0.425531914893617,1,0.0851063829787234,9.840363362319541,1.0129362721684123,4,0.3404255319148936,0.05,0.0,0.06382978723404255,0.8018892780460007
bayes-fix-seed42,baseline_square,1,469,1541568884,success,45,11.25,0.18600511978038592,0,0.0,2,0.8984469812274112,13.725371493233574,15.603181719779968,9.911389004301586,18,1.6,3,0.26666666666666666,1,0.08888888888888889,8.523845827550703,0.8600051742345414,2,0.17777777777777778,0.0,0.0,0.022222222222222223,0.7792154274100787
bayes-fix-seed42,baseline_square,1,470,1541568885,success,43,10.75,0.20554559355242397,0,0.0,0,0.7385957002103464,13.782077317321024,15.738915652036667,9.159950024827163,24,2.2325581395348837,13,1.2093023255813953,0,0.0,7.8145710602751315,0.8531237658605657,1,0.09302325581395349,0.0,0.0,0.0,0.850363638803981
bayes-fix-seed42,baseline_square,1,471,1541568886,collision,25,6.25,-0.06897343345957696,1,0.25,3,1.09208987642888,12.824004590511322,14.939270913600922,4.9719329862703905,22,3.52,11,1.76,1,0.16,17.741294596490327,3.5682891634866247,7,1.12,0.0,0.0,0.0,0.7577364223373775
bayes-fix-seed42,baseline_square,1,472,1541568887,success,48,12.0,0.11953366838733481,0,0.0,6,0.7369716083177913,14.012128813192248,15.894809551537037,10.811103253148381,33,2.75,20,1.6666666666666667,0,0.0,11.348505907767054,1.0497084008944388,3,0.25,0.0,0.0,0.020833333333333332,0.7174741653647102
bayes-fix-seed42,baseline_square,1,473,1541568888,success,40,10.0,0.1951263072043956,0,0.0,1,1.2654596339230042,13.712215796113014,15.461011230945587,9.406512348835939,20,2.0,9,0.9,1,0.1,10.493219330409982,1.1155270881782793,3,0.3,0.0,0.0,0.025,0.8249536485989087
bayes-fix-seed42,baseline_square,1,474,1541568889,success,53,13.25,0.21351627804281492,0,0.0,0,0.6527552441166437,14.289390858051911,15.955082327127457,10.532630165188566,31,2.339622641509434,11,0.8301886792452831,1,0.07547169811320754,12.307862699734482,1.168545985827286,7,0.5283018867924528,0.0,0.0,0.03773584905660377,0.7415372539194582
bayes-fix-seed42,baseline_square,1,475,1541568890,success,51,12.75,0.031100444084004475,0,0.0,16,0.9858046134895168,14.077662472047058,15.999263152480125,12.24629929202547,21,1.6470588235294117,9,0.7058823529411765,0,0.0,10.220122239361284,0.8345478087422223,2,0.1568627450980392,0.13636363636363635,0.0,0.09803921568627451,0.6438528137144215
bayes-fix-seed42,baseline_square,1,476,1541568891,success,56,14.0,0.2490838881565871,0,0.0,0,0.7802104452315205,14.53728401767356,15.993136912584305,11.03190617711903,32,2.2857142857142856,13,0.9285714285714286,2,0.14285714285714285,17.982157940885564,1.6300136759848318,6,0.42857142857142855,0.14285714285714285,0.12244897959183673,0.125,0.7085090107022547
bayes-fix-seed42,baseline_square,1,477,1541568892,success,43,10.75,0.19973028400998127,0,0.0,1,0.6284287693921257,14.12841833608095,16.03180207312107,8.745592383727443,20,1.8604651162790697,8,0.7441860465116279,2,0.18604651162790697,10.64000572870307,1.2166134964740047,5,0.46511627906976744,0.0,0.0,0.0,0.8824741580555973
bayes-fix-seed42,baseline_square,1,478,1541568893,success,49,12.25,0.22296039183317218,0,0.0,0,0.895040848161628,14.122512799744703,15.762877464294434,9.61197859510354,26,2.122448979591837,12,0.9795918367346939,1,0.08163265306122448,12.246825997134875,1.2741212307082705,5,0.40816326530612246,0.0,0.0,0.061224489795918366,0.8043574348704027
bayes-fix-seed42,baseline_square,1,479,1541568894,timeout,101,25.25,0.17383834584434044,0,0.0,5,0.366034337597033,14.716184190889397,16.208283603191376,11.663296545721712,66,2.613861386138614,37,1.4653465346534653,23,0.9108910891089109,89.50148672302986,7.673772708442406,29,1.1485148514851484,0.6063829787234043,0.5212765957446809,0.25742574257425743,0.45670518497730717
bayes-fix-seed42,baseline_square,1,480,1541568895,success,51,12.75,0.16219031133460904,0,0.0,2,0.881381151561238,14.161806334467496,15.555713325738907,11.229995590319758,23,1.803921568627451,12,0.9411764705882353,1,0.0784313725490196,11.08209467897724,0.9868298335335048,5,0.39215686274509803,0.22727272727272727,0.20454545454545456,0.1568627450980392,0.6921562473378046
bayes-fix-seed42,baseline_square,1,481,1541568896,success,52,13.0,0.16591190968148084,0,0.0,4,0.7365199875454999,14.010840955262001,15.512111783027649,11.568762795855372,30,2.3076923076923075,14,1.0769230769230769,3,0.23076923076923078,17.16538222652678,1.48376991813476,3,0.23076923076923078,0.0,0.0,0.09615384615384616,0.6692998530194247
bayes-fix-seed42,baseline_square,1,482,1541568897,success,55,13.75,0.22441318434219948,0,0.0,0,1.2763047711900708,14.302641898393631,15.858374908566475,9.280153521881648,34,2.4727272727272727,10,0.7272727272727273,1,0.07272727272727272,14.196944880778984,1.5298178901139996,4,0.2909090909090909,0.1875,0.08333333333333333,0.09090909090909091,0.8403526920714767
bayes-fix-seed42,baseline_square,1,483,1541568898,success,37,9.25,0.2295859529482177,0,0.0,0,0.9916112315654763,13.786167510457942,15.62960222363472,8.734615412876268,15,1.6216216216216217,8,0.8648648648648649,0,0.0,5.226786554190061,0.5983991632287453,3,0.32432432432432434,0.0,0.0,0.0,0.8877839843233363
bayes-fix-seed42,baseline_square,1,484,1541568899,success,64,16.0,0.22697506704157355,0,0.0,0,0.7545442635774923,14.068245596718043,15.9157058224082,13.183679971769584,45,2.8125,25,1.5625,4,0.25,26.064951308965547,1.9770618950686627,7,0.4375,0.24561403508771928,0.17543859649122806,0.203125,0.588849525201896
bayes-fix-seed42,baseline_square,1,485,1541568900,success,62,15.5,0.017012738134238203,0,0.0,7,0.4501883475622349,14.137263139409404,15.635431371629238,14.75081599526542,33,2.129032258064516,13,0.8387096774193549,1,0.06451612903225806,14.421376937891889,0.9776663841865243,4,0.25806451612903225,0.14545454545454545,0.05454545454545454,0.1935483870967742,0.5258218760022775
bayes-fix-seed42,baseline_square,1,486,1541568901,success,53,13.25,0.2511935437848153,0,0.0,0,1.0822789065711762,14.014791556686726,15.365667641162872,10.129807386487391,26,1.9622641509433962,11,0.8301886792452831,6,0.4528301886792453,22.086538210589723,2.1803512513033523,8,0.6037735849056604,0.17391304347826086,0.13043478260869565,0.11320754716981132,0.7703077302274749
bayes-fix-seed42,baseline_square,1,487,1541568902,success,53,13.25,0.36051612716554027,0,0.0,0,0.8980334988674887,14.018891484669918,16.080345958471298,10.57077431676425,35,2.641509433962264,17,1.2830188679245282,6,0.4528301886792453,29.142966619824502,2.756937736680889,7,0.5283018867924528,0.06521739130434782,0.06521739130434782,0.09433962264150944,0.7364639830238572
bayes-fix-seed42,baseline_square,1,488,1541568903,success,54,13.5,0.157122285413677,0,0.0,5,1.1587419059448394,13.982980270628575,15.409521758556366,11.53519134409437,30,2.2222222222222223,11,0.8148148148148148,1,0.07407407407407407,14.389838556989725,1.2474728964385007,5,0.37037037037037035,0.1276595744680851,0.10638297872340426,0.14814814814814814,0.6819349548050679
bayes-fix-seed42,baseline_square,1,489,1541568904,success,43,10.75,0.19610164816931064,0,0.0,1,0.8289928734242769,13.842088451912236,15.401717647910118,9.70302324677866,20,1.8604651162790697,10,0.9302325581395349,0,0.0,11.853575726424165,1.221637362392126,3,0.27906976744186046,0.0,0.0,0.0,0.7949614800976716
bayes-fix-seed42,baseline_square,1,490,1541568905,success,53,13.25,0.14853860851101075,0,0.0,5,0.5582551171330229,14.016521567443633,15.528929978609085,11.214006834919422,37,2.792452830188679,21,1.5849056603773586,3,0.22641509433962265,22.03893910851174,1.9653045903168562,10,0.7547169811320755,0.0,0.0,0.07547169811320754,0.6902772493688317
bayes-fix-seed42,baseline_square,1,491,1541568906,collision,6,1.5,-0.001735230324863224,1,0.25,3,0.21929145733520983,10.749515146017075,11.321546509861946,1.0133101528209778,5,3.3333333333333335,1,0.6666666666666666,0,0.0,4.369630370837135,4.3122338789090575,1,0.6666666666666666,0.0,0.0,0.16666666666666666,0.34099231690858384
bayes-fix-seed42,baseline_square,1,492,1541568907,success,59,14.75,0.1544194299166366,0,0.0,2,0.8925064369305153,14.10971373572188,15.674514696002007,12.147974147158797,33,2.23728813559322,13,0.8813559322033898,5,0.3389830508474576,23.95995408709463,1.9723415441000467,10,0.6779661016949152,0.23076923076923078,0.057692307692307696,0.1694915254237288,0.6391309568114626
bayes-fix-seed42,baseline_square,1,493,1541568908,success,58,14.5,0.07462368008596776,0,0.0,6,0.6111789474701766,14.168788132996395,15.875830128788948,12.058529301887152,35,2.413793103448276,19,1.3103448275862069,1,0.06896551724137931,14.782091658963187,1.2258619014716663,3,0.20689655172413793,0.058823529411764705,0.0392156862745098,0.10344827586206896,0.6539082144235402
bayes-fix-seed42,baseline_square,1,494,1541568909,timeout,101,25.25,0.21118289509084864,0,0.0,0,0.3917689697097834,14.330230874590354,15.968497842550278,14.527079961038243,92,3.6435643564356437,51,2.01980198019802,69,2.732673267326733,220.33388820435334,15.1671147123366,71,2.8118811881188117,0.776595744680851,0.7127659574468085,0.48514851485148514,0.09866803627139595
bayes-fix-seed42,baseline_square,1,495,1541568910,success,52,13.0,0.20018668086352243,0,0.0,0,0.39109059653672795,13.977244066504332,15.91778416186571,11.279931676436295,30,2.3076923076923075,12,0.9230769230769231,3,0.23076923076923078,20.36012331788291,1.8049864043427741,5,0.38461538461538464,0.1111111111111111,0.06666666666666667,0.11538461538461539,0.6852073737626646
bayes-fix-seed42,baseline_square,1,496,1541568911,success,44,11.0,0.20822125497411015,0,0.0,0,0.7896590462878493,13.736992058428852,15.277126803994179,8.795869183171918,18,1.6363636363636365,11,1.0,3,0.2727272727272727,16.032871264121592,1.8227728187221521,5,0.45454545454545453,0.13513513513513514,0.13513513513513514,0.09090909090909091,0.8888016949113771
bayes-fix-seed42,baseline_square,1,497,1541568912,success,63,15.75,0.1879039937072292,0,0.0,1,0.9390841231275008,14.626993250752252,15.95711000263691,11.042415680730048,38,2.4126984126984126,14,0.8888888888888888,4,0.25396825396825395,21.859390440404717,1.9795840939542972,7,0.4444444444444444,0.21428571428571427,0.17857142857142858,0.15873015873015872,0.7090236093473428
bayes-fix-seed42,baseline_square,1,498,1541568913,success,47,11.75,0.19956826568161645,0,0.0,1,0.6737844554368791,14.217226112142523,16.229145973920822,10.303197645071869,24,2.0425531914893615,14,1.1914893617021276,3,0.2553191489361702,14.474421668305215,1.4048475208304374,4,0.3404255319148936,0.0,0.0,0.10638297872340426,0.7490848318467179
bayes-fix-seed42,baseline_square,1,499,1541568914,success,53,13.25,0.18937545546909706,0,0.0,1,0.812065104490892,14.13767918382051,15.894065797328949,10.516802290736521,34,2.5660377358490565,16,1.2075471698113207,4,0.3018867924528302,18.154027770048085,1.7261927407381839,7,0.5283018867924528,0.13043478260869565,0.13043478260869565,0.09433962264150944,0.7447349219357597
bayes-fix-seed42,dense_circle,2,0,1542568418,success,57,14.25,0.3417779403680441,0,0.0,0,1.323092064159181,14.270317136195668,15.872814506292341,10.283266271519754,32,2.245614035087719,9,0.631578947368421,2,0.14035087719298245,13.654590887409915,1.3278456987180511,4,0.2807017543859649,0.16,0.02,0.08771929824561403,0.7546017168107604
bayes-fix-seed42,dense_circle,2,1,1542568419,success,60,15.0,0.18964181687925163,0,0.0,3,0.5134723043782531,14.121924775342146,15.537733584642409,9.952361973739158,39,2.6,20,1.3333333333333333,0,0.0,13.989668716343653,1.4056631735519216,9,0.6,0.018867924528301886,0.0,0.06666666666666667,0.7796976519763252
bayes-fix-seed42,dense_circle,2,2,1542568420,success,55,13.75,0.1772364712796698,0,0.0,1,0.7079071377916984,14.051004973324863,15.62163345515728,9.89067948490631,19,1.3818181818181818,3,0.21818181818181817,2,0.14545454545454545,9.33930311660754,0.9442529333661861,3,0.21818181818181817,0.020833333333333332,0.0,0.05454545454545454,0.7842125783451407
bayes-fix-seed42,dense_circle,2,3,1542568421,success,65,16.25,0.1663231372292483,0,0.0,6,0.4414281489711056,14.158435337818586,15.455447137355804,13.083039321287183,39,2.4,14,0.8615384615384616,4,0.24615384615384617,23.919893820785372,1.8283132254953736,10,0.6153846153846154,0.017241379310344827,0.0,0.16923076923076924,0.5954682567804939
bayes-fix-seed42,dense_circle,2,4,1542568422,success,57,14.25,0.23629628244041734,0,0.0,0,0.9365888840542101,14.422636348427387,16.003132611513138,9.17818542678462,28,1.9649122807017543,15,1.0526315789473684,2,0.14035087719298245,14.231921970560903,1.550624803136795,1,0.07017543859649122,0.0,0.0,0.05263157894736842,0.8476549139403459
bayes-fix-seed42,dense_circle,2,5,1542568423,success,48,12.0,0.21808002474872312,0,0.0,0,1.3937861942031369,14.162995231648287,15.87425097823143,10.322621922117197,24,2.0,11,0.9166666666666666,0,0.0,9.750378807660141,0.9445641699585092,2,0.16666666666666666,0.0,0.0,0.041666666666666664,0.7523281562831534
bayes-fix-seed42,dense_circle,2,6,1542568424,success,52,13.0,0.20009402495335993,0,0.0,0,0.6033881749547572,13.8968164817645,15.079626068472862,10.586387127244981,22,1.6923076923076923,9,0.6923076923076923,0,0.0,7.146260759082167,0.6750424552953148,2,0.15384615384615385,0.022222222222222223,0.0,0.057692307692307696,0.7341894377382931
bayes-fix-seed42,dense_circle,2,7,1542568425,success,63,15.75,0.291467853376007,0,0.0,0,1.247331613634688,14.282018182769654,15.823150053620338,9.697560682661964,34,2.1587301587301586,15,0.9523809523809523,0,0.0,14.829106606703444,1.529158423645242,4,0.25396825396825395,0.017857142857142856,0.0,0.047619047619047616,0.8024207452746253
bayes-fix-seed42,dense_circle,2,8,1542568426,success,51,12.75,0.22918764406107672,0,0.0,0,0.7723035260461216,13.949062236968208,15.495199710130692,9.587302507274465,22,1.7254901960784315,15,1.1764705882352942,3,0.23529411764705882,13.927281319407943,1.4526798657745985,3,0.23529411764705882,0.022727272727272728,0.022727272727272728,0.0784313725490196,0.8044434710402407
bayes-fix-seed42,dense_circle,2,9,1542568427,success,64,16.0,0.205294963142997,0,0.0,0,0.6428951625612402,13.896772637963295,15.494726411998272,11.101719179668237,34,2.125,13,0.8125,3,0.1875,17.977497333580523,1.619343548745552,5,0.3125,0.03508771929824561,0.03508771929824561,0.09375,0.7093424316109725
bayes-fix-seed42,dense_circle,2,10,1542568428,success,50,12.5,0.2137163908327212,0,0.0,0,0.7473390822967069,14.015478789806366,15.637356787919998,9.470367509055482,32,2.56,15,1.2,1,0.08,11.521397081375055,1.2165733875014244,3,0.24,0.0,0.0,0.02,0.8251800952393782
bayes-fix-seed42,dense_circle,2,11,1542568429,success,50,12.5,0.19447289603868168,0,0.0,1,0.529774005214745,13.848381787538528,15.065961331129074,9.60922577912578,29,2.32,11,0.88,0,0.0,9.097163778511543,0.9467114195894332,4,0.32,0.023255813953488372,0.0,0.1,0.8072907410879445
bayes-fix-seed42,dense_circle,2,12,1542568430,success,49,12.25,0.21892553012841598,0,0.0,0,1.2171400474494232,13.821485699439535,15.503917634487152,9.747272132373077,27,2.204081632653061,11,0.8979591836734694,1,0.08163265306122448,13.429745749667486,1.3777953018326032,5,0.40816326530612246,0.0,0.0,0.02040816326530612,0.8011128258532962
bayes-fix-seed42,dense_circle,2,13,1542568431,success,54,13.5,0.2579093580370746,0,0.0,0,0.8218932688920463,14.098711863712028,15.831474028527735,9.541267052202402,34,2.5185185185185186,13,0.9629629629629629,1,0.07407407407407407,10.170568812563525,1.0659557852136485,3,0.2222222222222222,0.0,0.0,0.037037037037037035,0.8184772034376199
bayes-fix-seed42,dense_circle,2,14,1542568432,success,62,15.5,0.16862510439235667,0,0.0,2,0.8273306757447145,13.8711720825203,15.339761041104794,10.354106614040614,30,1.935483870967742,10,0.6451612903225806,2,0.12903225806451613,13.655597812641929,1.3188581421524432,2,0.12903225806451613,0.03636363636363636,0.01818181818181818,0.06451612903225806,0.7508035191144786
bayes-fix-seed42,dense_circle,2,15,1542568433,success,61,15.25,0.19906085429888198,0,0.0,2,0.5893849782741013,14.07721076832443,15.313789248466492,10.152902406416255,39,2.557377049180328,22,1.4426229508196722,5,0.32786885245901637,26.485256930218057,2.608638975341708,7,0.45901639344262296,0.05555555555555555,0.05555555555555555,0.08196721311475409,0.7679301178814447
bayes-fix-seed42,dense_circle,2,16,1542568434,success,56,14.0,0.2030489109434368,0,0.0,0,1.4103484225772251,14.177298772015742,15.64139500260353,9.963487865743572,35,2.5,23,1.6428571428571428,3,0.21428571428571427,25.74457185275822,2.5838915247012157,7,0.5,0.14285714285714285,0.12244897959183673,0.07142857142857142,0.7850761574880701
bayes-fix-seed42,dense_circle,2,17,1542568435,success,50,12.5,0.18653529396082735,0,0.0,1,0.789913729447341,14.21493798494339,15.485868789255619,9.309405115532476,30,2.4,18,1.44,0,0.0,10.69032130158475,1.14833559920475,1,0.08,0.0,0.0,0.0,0.83028078894723
bayes-fix-seed42,dense_circle,2,18,1542568436,success,53,13.25,0.2683326693893615,0,0.0,0,0.8177653764673357,14.467610081411758,16.1238856613636,10.3762390249531,30,2.2641509433962264,9,0.6792452830188679,0,0.0,9.113539011234664,0.8783085074773379,3,0.22641509433962265,0.0,0.0,0.07547169811320754,0.7597202786141599
bayes-fix-seed42,dense_circle,2,19,1542568437,success,59,14.75,0.15963651844038018,0,0.0,1,1.3823631569575816,14.17648350283251,15.667080506682396,10.345202271032953,29,1.9661016949152543,12,0.8135593220338984,5,0.3389830508474576,20.125547471497292,1.9453991274631488,6,0.4067796610169492,0.11538461538461539,0.11538461538461539,0.11864406779661017,0.7475253333219113
bayes-fix-seed42,dense_circle,2,20,1542568438,success,62,15.5,0.22041306740393551,0,0.0,0,1.217177442538975,14.049557968974113,15.608762763440609,11.112688725999842,28,1.8064516129032258,12,0.7741935483870968,4,0.25806451612903225,20.241289492587594,1.821457434079836,6,0.3870967741935484,0.21818181818181817,0.16363636363636364,0.16129032258064516,0.6987818666627277
bayes-fix-seed42,dense_circle,2,21,1542568439,success,52,13.0,0.17395628467748525,0,0.0,1,0.44833506317774885,13.737590696949225,15.106435492634773,10.612682278353436,31,2.3846153846153846,17,1.3076923076923077,1,0.07692307692307693,15.74291416076999,1.483405773192761,5,0.38461538461538464,0.044444444444444446,0.0,0.15384615384615385,0.728366601897799
bayes-fix-seed42,dense_circle,2,22,1542568440,success,52,13.0,0.18267834042207853,0,0.0,1,1.0285384412490737,13.83015513420105,15.427417680621147,9.226050426665724,30,2.3076923076923075,18,1.3846153846153846,1,0.07692307692307693,19.62168298174442,2.1267695356436134,6,0.46153846153846156,0.0,0.0,0.038461538461538464,0.8359678498315033
bayes-fix-seed42,dense_circle,2,23,1542568441,success,44,11.0,0.20688631030562799,0,0.0,0,0.6571582815655809,13.376450674100356,14.901175908744335,10.484030958339236,17,1.5454545454545454,8,0.7272727272727273,1,0.09090909090909091,10.140493667503359,0.9672323276990498,3,0.2727272727272727,0.0,0.0,0.045454545454545456,0.7389110510412112
bayes-fix-seed42,dense_circle,2,24,1542568442,success,57,14.25,0.23636857846528914,0,0.0,0,0.7537861435147962,13.90780077168816,15.19606038928032,9.642838417086624,33,2.3157894736842106,13,0.9122807017543859,3,0.21052631578947367,17.00731402386579,1.7637248793601772,8,0.5614035087719298,0.0,0.0,0.05263157894736842,0.80442259279263
bayes-fix-seed42,dense_circle,2,25,1542568443,success,61,15.25,0.252030146215774,0,0.0,0,1.3103222307877145,14.590158631078532,16.12461730837822,11.132462381444112,30,1.9672131147540983,12,0.7868852459016393,3,0.19672131147540983,19.24368179715861,1.7286096406878049,8,0.5245901639344263,0.2037037037037037,0.07407407407407407,0.18032786885245902,0.697044410884199
bayes-fix-seed42,dense_circle,2,26,1542568444,success,72,18.0,0.20755641570292993,0,0.0,0,0.7138912833180827,14.23343891898791,15.579059720039368,12.889198748585365,49,2.7222222222222223,17,0.9444444444444444,1,0.05555555555555555,20.241304911718704,1.5704083168040417,7,0.3888888888888889,0.26153846153846155,0.03076923076923077,0.19444444444444445,0.6004984450977982
bayes-fix-seed42,dense_circle,2,27,1542568445,success,42,10.5,0.18796285081954967,0,0.0,3,0.5854970113173459,14.174112163129307,15.898136235773563,9.503319945359431,20,1.9047619047619047,9,0.8571428571428571,1,0.09523809523809523,11.638140461411592,1.2246394447757822,4,0.38095238095238093,0.0,0.0,0.047619047619047616,0.8292670389000121
bayes-fix-seed42,dense_circle,2,28,1542568446,success,53,13.25,0.20414255171500129,0,0.0,0,0.6055952192171206,13.929619611996525,15.44254943728447,9.947299076407438,33,2.490566037735849,19,1.4339622641509433,2,0.1509433962264151,17.10709848742634,1.7197732124090044,2,0.1509433962264151,0.0,0.0,0.07547169811320754,0.7775697559821934
bayes-fix-seed42,dense_circle,2,29,1542568447,success,56,14.0,0.2100083057527966,0,0.0,0,0.5301488211741157,14.040545826511723,15.4956029728055,9.726355141711482,32,2.2857142857142856,17,1.2142857142857142,0,0.0,9.901988509395656,1.018057470154567,4,0.2857142857142857,0.0,0.0,0.07142857142857142,0.797379203749559
bayes-fix-seed42,dense_circle,2,30,1542568448,success,55,13.75,0.2294886694389764,0,0.0,0,0.990772754004206,13.870376619425686,15.326931700110435,8.73455529282208,32,2.327272727272727,16,1.1636363636363636,0,0.0,13.423193279876616,1.5367918376917924,3,0.21818181818181817,0.041666666666666664,0.0,0.01818181818181818,0.8907035626342276
bayes-fix-seed42,dense_circle,2,31,1542568449,success,56,14.0,0.34046584348898445,0,0.0,0,1.0151123745976423,13.846914882638625,15.111279673874378,9.51512333672946,29,2.0714285714285716,13,0.9285714285714286,1,0.07142857142857142,12.11414230667513,1.2731461146607699,3,0.21428571428571427,0.0,0.0,0.05357142857142857,0.8160028655810196
bayes-fix-seed42,dense_circle,2,32,1542568450,success,48,12.0,0.26734847502163706,0,0.0,0,0.7097836384927717,14.042311736072103,15.839215740561485,10.075008632506236,17,1.4166666666666667,7,0.5833333333333334,0,0.0,8.131388492617107,0.8070850149330703,3,0.25,0.0,0.0,0.08333333333333333,0.7721240343671202
bayes-fix-seed42,dense_circle,2,33,1542568451,success,50,12.5,0.36928295774508724,0,0.0,0,1.4207662894473456,14.235024079680443,15.724395215511322,8.726693653029756,23,1.84,11,0.88,0,0.0,9.501948396105698,1.0888371671906676,1,0.08,0.0,0.0,0.04,0.8946699215488277
bayes-fix-seed42,dense_circle,2,34,1542568452,success,61,15.25,0.18592225448679034,0,0.0,1,1.0585682175151636,14.629326211135895,15.931040048599243,10.10474705008246,38,2.4918032786885247,18,1.180327868852459,0,0.0,14.8961495923353,1.4741734274499962,4,0.26229508196721313,0.07407407407407407,0.0,0.04918032786885246,0.7774776741808697
bayes-fix-seed42,dense_circle,2,35,1542568453,success,50,12.5,0.20417463815497772,0,0.0,0,0.7078154873474923,13.739392682909966,15.192609280347824,10.96091774520792,28,2.24,14,1.12,3,0.24,17.679160792769398,1.6129270562675897,4,0.32,0.09302325581395349,0.09302325581395349,0.1,0.7076475930494236
bayes-fix-seed42,dense_circle,2,36,1542568454,success,62,15.5,0.20058617123159372,0,0.0,0,0.5210504464029986,14.067898594564006,15.3041772544384,13.239955274151455,35,2.2580645161290325,15,0.967741935483871,4,0.25806451612903225,19.46221290782362,1.4699606233428872,4,0.25806451612903225,0.09090909090909091,0.09090909090909091,0.12903225806451613,0.5826853211982594
bayes-fix-seed42,dense_circle,2,37,1542568455,success,59,14.75,0.2255756302822658,0,0.0,0,0.557582645968509,14.359028599524903,16.013992205262184,12.77084676250626,41,2.7796610169491527,20,1.3559322033898304,0,0.0,18.85897784647943,1.4767210191455138,11,0.7457627118644068,0.057692307692307696,0.057692307692307696,0.1016949152542373,0.6185999023630858
bayes-fix-seed42,dense_circle,2,38,1542568456,success,58,14.5,0.2020053343721404,0,0.0,0,1.0362453439472885,14.070854104798416,15.674157999455929,11.567372138222034,33,2.2758620689655173,18,1.2413793103448276,0,0.0,11.804166531924668,1.0204708892281762,2,0.13793103448275862,0.17647058823529413,0.17647058823529413,0.13793103448275862,0.6761262536400225
bayes-fix-seed42,dense_circle,2,39,1542568457,success,45,11.25,0.21512182191898843,0,0.0,0,0.45888717085080183,13.623738371663624,14.87657055258751,9.970773687659353,23,2.0444444444444443,13,1.1555555555555554,1,0.08888888888888889,12.079432757170661,1.2114839966853483,6,0.5333333333333333,0.0,0.0,0.06666666666666667,0.7781305175186752
bayes-fix-seed42,dense_circle,2,40,1542568458,success,53,13.25,0.24221307575328965,0,0.0,0,0.8568316209486609,13.871699360744008,15.27940183877945,9.036428601918217,32,2.4150943396226414,23,1.7358490566037736,1,0.07547169811320754,17.158101209923647,1.898770185190352,3,0.22641509433962265,0.0,0.0,0.03773584905660377,0.8656609091370473
bayes-fix-seed42,dense_circle,2,41,1542568459,success,49,12.25,0.19169643654790003,0,0.0,1,0.6106631088286419,14.006791598334605,15.5072309076786,9.952291739315394,30,2.4489795918367347,11,0.8979591836734694,0,0.0,9.409733021266538,0.9454840420417401,3,0.24489795918367346,0.0,0.0,0.061224489795918366,0.7816365930268685
bayes-fix-seed42,dense_circle,2,42,1542568460,success,44,11.0,0.24950765856281176,0,0.0,0,0.6835674385142956,13.662058606066488,15.572701953351498,9.526610237501925,19,1.7272727272727273,11,1.0,4,0.36363636363636365,15.271539202012118,1.6030402022636576,2,0.18181818181818182,0.0,0.0,0.06818181818181818,0.8319055789328028
bayes-fix-seed42,dense_circle,2,43,1542568461,success,55,13.75,0.21007770634656497,0,0.0,0,0.5573378650378034,14.12774378603155,15.559567883610725,8.560260344111441,30,2.1818181818181817,13,0.9454545454545454,0,0.0,13.376265830244709,1.5626003523883678,7,0.509090909090909,0.0,0.0,0.01818181818181818,0.9085078144693338
bayes-fix-seed42,dense_circle,2,44,1542568462,success,63,15.75,0.19380630035383173,0,0.0,2,0.8737562197893292,14.206136916837995,15.714624151587486,12.094439795917852,44,2.7936507936507935,18,1.1428571428571428,2,0.12698412698412698,22.623863764122056,1.8706003871099615,4,0.25396825396825395,0.125,0.08928571428571429,0.15873015873015872,0.6514137650782481
bayes-fix-seed42,dense_circle,2,45,1542568463,success,48,12.0,0.2664358356231591,0,0.0,0,0.7130725707693412,13.657925262426337,15.297829546034336,9.774888432037663,32,2.6666666666666665,19,1.5833333333333333,3,0.25,20.95740560966415,2.144004584336252,7,0.5833333333333334,0.0,0.0,0.08333333333333333,0.8068943578065115
bayes-fix-seed42,dense_circle,2,46,1542568464,success,74,18.5,0.18315932703515814,0,0.0,2,0.661258520367665,14.312825543252197,15.993094816803932,11.838728918802554,45,2.4324324324324325,19,1.027027027027027,10,0.5405405405405406,37.214589733681564,3.1434615987005547,5,0.2702702702702703,0.16417910447761194,0.1044776119402985,0.20270270270270271,0.6546864549843118
bayes-fix-seed42,dense_circle,2,47,1542568465,success,55,13.75,0.25065810118398146,0,0.0,0,0.7404053259161304,14.491452208974145,16.381588205695152,9.922106065667094,32,2.327272727272727,11,0.8,1,0.07272727272727272,11.067633276901375,1.115452022348167,4,0.2909090909090909,0.0,0.0,0.07272727272727272,0.7833784998238901
bayes-fix-seed42,dense_circle,2,48,1542568466,success,55,13.75,0.2476220670678816,0,0.0,0,0.7766948747635242,13.88009095733816,15.602271631360052,9.925237976236374,25,1.8181818181818181,9,0.6545454545454545,0,0.0,7.593419066370424,0.7650616624559595,5,0.36363636363636365,0.0,0.0,0.07272727272727272,0.7856131589264174
bayes-fix-seed42,dense_circle,2,49,1542568467,success,50,12.5,0.20545327097034805,0,0.0,0,0.5020416084307484,14.032864421606064,15.82267116755247,9.534799860737579,25,2.0,14,1.12,1,0.08,9.584719491054154,1.0052355194703282,3,0.24,0.023255813953488372,0.0,0.1,0.8179867514417182
bayes-fix-seed42,dense_circle,2,50,1542568468,success,58,14.5,0.2831865753043925,0,0.0,0,0.8124240466273548,14.3578817489846,15.705138444900513,9.908383769645551,29,2.0,12,0.8275862068965517,0,0.0,10.769799570773795,1.0869380739740018,6,0.41379310344827586,0.0196078431372549,0.0,0.06896551724137931,0.7857881534268454
bayes-fix-seed42,dense_circle,2,51,1542568469,success,49,12.25,0.20902944438324844,0,0.0,0,0.6687408155718543,14.14504533215445,15.357126295566559,9.792589748574603,24,1.9591836734693877,13,1.0612244897959184,1,0.08163265306122448,9.270779171354233,0.9467137304208701,3,0.24489795918367346,0.0,0.0,0.061224489795918366,0.8076129896641399
bayes-fix-seed42,dense_circle,2,52,1542568470,success,56,14.0,0.1784411185433461,0,0.0,2,0.96994204564981,14.156118900116,15.77843725681305,9.679480896969675,23,1.6428571428571428,10,0.7142857142857143,1,0.07142857142857142,13.660469649701916,1.4112812241799617,1,0.07142857142857142,0.08163265306122448,0.0,0.08928571428571429,0.8018281553165106
bayes-fix-seed42,dense_circle,2,53,1542568471,success,55,13.75,0.2215736278189001,0,0.0,0,1.0767082785303737,14.02406387708404,15.50682783126831,9.303281708598538,31,2.2545454545454544,19,1.3818181818181818,2,0.14545454545454545,13.453965669998034,1.4461526686398452,7,0.509090909090909,0.0,0.0,0.03636363636363636,0.834020833316446
bayes-fix-seed42,dense_circle,2,54,1542568472,success,48,12.0,0.2041443037987355,0,0.0,0,0.8348249360316885,14.257104136049747,15.845577418804169,9.712775289558268,29,2.4166666666666665,14,1.1666666666666667,0,0.0,9.387335358376856,0.9664936208777242,1,0.08333333333333333,0.0,0.0,0.0625,0.8058476348697781
bayes-fix-seed42,dense_circle,2,55,1542568473,success,59,14.75,0.21023411442740125,0,0.0,0,0.6965542173773535,13.834175858962334,15.003321692347527,11.027645291835638,31,2.1016949152542375,13,0.8813559322033898,0,0.0,13.74615781051622,1.2465179507263662,8,0.5423728813559322,0.15384615384615385,0.0,0.0847457627118644,0.7027585742189539
bayes-fix-seed42,dense_circle,2,56,1542568474,success,53,13.25,0.23426531309654297,0,0.0,0,0.8562974632744765,13.847130227763698,15.381745994091034,9.688175031812536,32,2.4150943396226414,18,1.3584905660377358,0,0.0,11.702554997256897,1.2079215083160504,4,0.3018867924528302,0.0,0.0,0.03773584905660377,0.8029548902349765
bayes-fix-seed42,dense_circle,2,57,1542568475,success,53,13.25,0.35450768585239356,0,0.0,0,1.070563558384098,13.987269393115673,15.803643316030502,8.518277921592675,31,2.339622641509434,16,1.2075471698113207,1,0.07547169811320754,13.252102106671888,1.5557254915432628,7,0.5283018867924528,0.0,0.0,0.0,0.9246506782618191
bayes-fix-seed42,dense_circle,2,58,1542568476,success,48,12.0,0.19360223706488833,0,0.0,1,0.5460300239919208,13.940401840955019,15.762603841722012,9.1254198471862,19,1.5833333333333333,7,0.5833333333333334,1,0.08333333333333333,7.3331132911263195,0.8035918800368913,2,0.16666666666666666,0.0,0.0,0.0625,0.8494821684338695
bayes-fix-seed42,dense_circle,2,59,1542568477,success,53,13.25,0.2365051331044431,0,0.0,0,0.7599669574772333,14.151774698270941,16.014638543128967,9.853915010304743,21,1.5849056603773586,8,0.6037735849056604,2,0.1509433962264151,10.51675539308936,1.0672667038523724,3,0.22641509433962265,0.0,0.0,0.03773584905660377,0.7992892170965019
bayes-fix-seed42,dense_circle,2,60,1542568478,success,53,13.25,0.23777841580334969,0,0.0,0,0.9860193414489509,14.038198469382412,15.983637422323227,9.663558157676771,29,2.188679245283019,8,0.6037735849056604,3,0.22641509433962265,13.889261906302526,1.4372823839497295,8,0.6037735849056604,0.0,0.0,0.09433962264150944,0.8008139367882618
bayes-fix-seed42,dense_circle,2,61,1542568479,success,58,14.5,0.45153084864675075,0,0.0,0,1.0305257634660518,14.204756324661188,15.715590491890907,12.795892744747082,24,1.6551724137931034,11,0.7586206896551724,1,0.06896551724137931,9.623244610630536,0.7520573048395574,2,0.13793103448275862,0.058823529411764705,0.0,0.13793103448275862,0.606855923578542
bayes-fix-seed42,dense_circle,2,62,1542568480,success,50,12.5,0.18964192398410096,0,0.0,2,0.9822953797988724,14.165688678622246,15.481613390147686,9.448028802238074,29,2.32,15,1.2,2,0.16,15.586149552043342,1.6496721039156075,2,0.16,0.0,0.0,0.06,0.8158443412542952
bayes-fix-seed42,dense_circle,2,63,1542568481,success,60,15.0,0.19124461190871678,0,0.0,1,0.9673240470819325,13.928870422144731,15.914207696914673,10.157000104545096,30,2.0,9,0.6,5,0.3333333333333333,19.949578427772938,1.9641211206491784,5,0.3333333333333333,0.018867924528301886,0.018867924528301886,0.13333333333333333,0.7718038002504646
bayes-fix-seed42,dense_circle,2,64,1542568482,success,49,12.25,0.14958118004624332,0,0.0,2,0.7378613924718492,13.985627615938382,15.238137543201447,10.5050906860368,21,1.7142857142857142,8,0.6530612244897959,0,0.0,10.686620537142517,1.0172801793464765,3,0.24489795918367346,0.07142857142857142,0.07142857142857142,0.10204081632653061,0.7484527802796593
bayes-fix-seed42,dense_circle,2,65,1542568483,success,50,12.5,0.20593854733943406,0,0.0,0,0.6770529763223121,13.93763892352581,15.374037250876427,8.845339193991796,32,2.56,15,1.2,0,0.0,10.211428200788312,1.1544416756481688,5,0.4,0.0,0.0,0.04,0.8764185149461938
bayes-fix-seed42,dense_circle,2,66,1542568484,success,48,12.0,0.3189073501902876,0,0.0,0,1.1268791202879123,13.862371056651076,15.208996832370758,10.577092002443115,21,1.75,9,0.75,2,0.16666666666666666,12.452779238295806,1.1773348700587498,2,0.16666666666666666,0.07317073170731707,0.07317073170731707,0.08333333333333333,0.7340642429643207
bayes-fix-seed42,dense_circle,2,67,1542568485,success,60,15.0,0.23706383254654217,0,0.0,0,0.8834462410554422,13.790332774321238,15.346260741353035,10.09920090325416,37,2.466666666666667,12,0.8,1,0.06666666666666667,14.76797017408896,1.4622909590134436,6,0.4,0.0,0.0,0.08333333333333333,0.775891482471334
bayes-fix-seed42,dense_circle,2,68,1542568486,success,56,14.0,0.15454670926929137,0,0.0,3,0.6738408861028661,13.868115576250213,15.36509394645691,10.735921822266528,31,2.2142857142857144,11,0.7857142857142857,0,0.0,11.310470243058965,1.0535164497566303,2,0.14285714285714285,0.04081632653061224,0.02040816326530612,0.07142857142857142,0.7234934152000234
bayes-fix-seed42,dense_circle,2,69,1542568487,success,46,11.5,0.16300823987741742,0,0.0,1,0.5633666538187625,14.144749097202135,15.893840231001377,10.252920182637823,22,1.9130434782608696,11,0.9565217391304348,2,0.17391304347826086,13.306882648057929,1.297862697750408,4,0.34782608695652173,0.02564102564102564,0.02564102564102564,0.06521739130434782,0.7540799508702564
bayes-fix-seed42,dense_circle,2,70,1542568488,success,51,12.75,0.3927238408064454,0,0.0,0,1.0620940712075921,13.970413774836297,15.369722619652748,9.437288883515324,25,1.9607843137254901,9,0.7058823529411765,0,0.0,7.246472733536114,0.7678553473332751,1,0.0784313725490196,0.022727272727272728,0.022727272727272728,0.0784313725490196,0.8224189335283835
bayes-fix-seed42,dense_circle,2,71,1542568489,success,56,14.0,0.21406670770258274,0,0.0,0,0.7486433351312299,14.163153445614237,15.934884548187256,9.73115409350672,35,2.5,15,1.0714285714285714,0,0.0,9.569506281940296,0.9833886289320721,4,0.2857142857142857,0.0,0.0,0.05357142857142857,0.7934131214242245
bayes-fix-seed42,dense_circle,2,72,1542568490,success,51,12.75,0.3015201967331388,0,0.0,0,0.7699759055375042,13.947734645768708,15.491440892219543,8.984405484586759,34,2.6666666666666665,19,1.4901960784313726,1,0.0784313725490196,12.841718861597574,1.4293342930289876,3,0.23529411764705882,0.0,0.0,0.0392156862745098,0.8649137628815246
bayes-fix-seed42,dense_circle,2,73,1542568491,success,53,13.25,0.17949818108017168,0,0.0,1,0.7893373958986869,14.286913188560954,16.023021191358566,10.217951543519643,31,2.339622641509434,14,1.0566037735849056,1,0.07547169811320754,17.64744017964597,1.7271015726080834,7,0.5283018867924528,0.043478260869565216,0.043478260869565216,0.07547169811320754,0.7585648993783728
bayes-fix-seed42,dense_circle,2,74,1542568492,success,50,12.5,0.3397853436741347,0,0.0,0,1.5778810618950958,13.91699142754078,15.354326739907265,8.646091457167307,27,2.16,13,1.04,3,0.24,15.941645508733172,1.8437979273881155,9,0.72,0.0,0.0,0.02,0.9033740727686036
bayes-fix-seed42,dense_circle,2,75,1542568493,success,49,12.25,0.3335518717391095,0,0.0,0,1.362332289210128,14.315512563501086,16.020940989255905,9.22588385726094,24,1.9591836734693877,11,0.8979591836734694,4,0.32653061224489793,14.491003778683087,1.5706900284982888,2,0.16326530612244897,0.023809523809523808,0.023809523809523808,0.08163265306122448,0.8406492758263813
bayes-fix-seed42,dense_circle,2,76,1542568494,success,50,12.5,0.20783129444842086,0,0.0,0,0.5913666693289054,14.09460723400116,15.733004361391068,11.547078402827829,30,2.4,13,1.04,1,0.08,14.666743930667439,1.2701692513905178,4,0.32,0.13953488372093023,0.09302325581395349,0.12,0.6714029537330596
bayes-fix-seed42,dense_circle,2,77,1542568495,success,53,13.25,0.1971003491720158,0,0.0,1,0.8860068018369701,13.8521874850651,15.46720489859581,9.200685748893827,22,1.6603773584905661,13,0.9811320754716981,1,0.07547169811320754,7.268380436089247,0.7899824680962617,3,0.22641509433962265,0.0,0.0,0.05660377358490566,0.8450022578042226
bayes-fix-seed42,dense_circle,2,78,1542568496,success,83,20.75,0.12296304182839146,0,0.0,7,0.8175600776671325,14.352211167654358,15.740338340401648,16.777438957796768,48,2.3132530120481927,24,1.1566265060240963,4,0.1927710843373494,32.5175592279409,1.9381718097582126,6,0.2891566265060241,0.25,0.11842105263157894,0.14457831325301204,0.4629379385167394
bayes-fix-seed42,dense_circle,2,79,1542568497,success,62,15.5,0.18271094847207658,0,0.0,1,1.0101114605545367,14.130449042685571,15.65628256648779,11.088630411919873,32,2.064516129032258,8,0.5161290322580645,3,0.1935483870967742,15.456975852742247,1.3939481503618845,8,0.5161290322580645,0.14545454545454545,0.12727272727272726,0.12903225806451613,0.707931539380938
bayes-fix-seed42,dense_circle,2,80,1542568498,success,52,13.0,0.05009518497310339,0,0.0,8,0.4205100072300562,13.907696048800762,15.554696135222912,9.248265908096222,32,2.4615384615384617,15,1.1538461538461537,0,0.0,11.627018971976321,1.2572107125291092,8,0.6153846153846154,0.0,0.0,0.057692307692307696,0.8365463761262244
bayes-fix-seed42,dense_circle,2,81,1542568499,success,60,15.0,0.15906124414462863,0,0.0,2,0.493515597954076,14.011996674040953,15.523122064769268,10.627421016032706,41,2.7333333333333334,17,1.1333333333333333,0,0.0,10.260403711039885,0.9654650639662122,2,0.13333333333333333,0.0,0.0,0.05,0.7278513537091358
bayes-fix-seed42,dense_circle,2,82,1542568500,success,51,12.75,0.2161993432991146,0,0.0,0,0.8499677619192677,13.949619131345376,15.575079247355461,10.427577303792397,27,2.1176470588235294,13,1.0196078431372548,1,0.0784313725490196,17.645972167923997,1.6922408392509685,5,0.39215686274509803,0.0,0.0,0.058823529411764705,0.7471007156129075
bayes-fix-seed42,dense_circle,2,83,1542568501,success,51,12.75,0.18889458823817085,0,0.0,2,1.016663500795297,13.881483060472151,15.619441866874695,10.901849924931923,27,2.1176470588235294,15,1.1764705882352942,2,0.1568627450980392,14.147829161706323,1.2977457274797946,2,0.1568627450980392,0.022727272727272728,0.022727272727272728,0.0784313725490196,0.7160320843805286
bayes-fix-seed42,dense_circle,2,84,1542568502,success,43,10.75,0.20102049150941181,0,0.0,0,0.8183570879160653,14.088596542214239,15.814627334475517,10.008947156624163,22,2.046511627906977,11,1.0232558139534884,0,0.0,8.330476245778954,0.8323029500925722,1,0.09302325581395349,0.0,0.0,0.0,0.7791390115847218
bayes-fix-seed42,dense_circle,2,85,1542568503,success,50,12.5,0.24893087725210805,0,0.0,0,0.55876925798047,14.103016704320908,15.747537091374397,10.114666539558213,26,2.08,4,0.32,0,0.0,5.293046448644099,0.5233040978605794,2,0.16,0.0,0.0,0.08,0.7624637575492419
bayes-fix-seed42,dense_circle,2,86,1542568504,success,53,13.25,0.2094614327969826,0,0.0,0,0.803935322826593,14.13426934829298,15.66569060087204,9.774490194452442,29,2.188679245283019,18,1.3584905660377358,1,0.07547169811320754,13.475692737491956,1.378659394956491,2,0.1509433962264151,0.0,0.0,0.05660377358490566,0.7966312924396847
bayes-fix-seed42,dense_circle,2,87,1542568505,success,56,14.0,0.4060887814727411,0,0.0,0,0.8080255505916087,14.027202568416085,15.639767982065678,10.20961593808733,25,1.7857142857142858,9,0.6428571428571429,1,0.07142857142857142,8.358440063420986,0.818683103665,4,0.2857142857142857,0.04081632653061224,0.0,0.03571428571428571,0.7680540156825761
bayes-fix-seed42,dense_circle,2,88,1542568506,success,60,15.0,0.24050342941252956,0,0.0,0,0.8592012723180937,14.252063756187757,16.07513464987278,10.257167016859896,32,2.1333333333333333,17,1.1333333333333333,3,0.2,17.91957540137883,1.747029698543866,5,0.3333333333333333,0.0,0.0,0.08333333333333333,0.7604196878127432
bayes-fix-seed42,dense_circle,2,89,1542568507,success,67,16.75,0.3644470397843613,0,0.0,0,1.7124257396130307,14.345856411243552,16.038840636610985,11.560362931752955,40,2.388059701492537,16,0.9552238805970149,11,0.6567164179104478,36.437956775669605,3.1519734277187035,14,0.835820895522388,0.26666666666666666,0.15,0.22388059701492538,0.6747067307667922
bayes-fix-seed42,dense_circle,2,90,1542568508,success,58,14.5,0.21186469470097402,0,0.0,0,0.9374312894023908,14.30286178044204,15.999413840472698,9.989897869609717,29,2.0,10,0.6896551724137931,1,0.06896551724137931,15.30553370505017,1.5321011190325735,6,0.41379310344827586,0.0,0.0,0.08620689655172414,0.7814716558881426
bayes-fix-seed42,dense_circle,2,91,1542568509,success,57,14.25,0.40722065995455703,0,0.0,0,1.061847727308935,14.048218073552114,15.87092727422714,10.064542105725154,22,1.543859649122807,7,0.49122807017543857,1,0.07017543859649122,9.862186940092279,0.9798942501797705,2,0.14035087719298245,0.1,0.02,0.08771929824561403,0.7708267238832518
bayes-fix-seed42,dense_circle,2,92,1542568510,success,55,13.75,0.23558241561282722,0,0.0,0,0.8511207177250691,14.033475721424276,15.9727044403553,10.6945553267985,29,2.109090909090909,13,0.9454545454545454,3,0.21818181818181817,15.763961459800752,1.474017476939812,5,0.36363636363636365,0.0,0.0,0.07272727272727272,0.7304923200859595
bayes-fix-seed42,dense_circle,2,93,1542568511,success,63,15.75,0.2100144308268045,0,0.0,0,1.4264833312909864,14.017405845816173,15.427809953689575,11.079418632526219,39,2.4761904761904763,21,1.3333333333333333,0,0.0,18.333303546338865,1.6547171069533535,4,0.25396825396825395,0.16071428571428573,0.16071428571428573,0.1746031746031746,0.6998902434134492
bayes-fix-seed42,dense_circle,2,94,1542568512,success,56,14.0,0.19905037743760845,0,0.0,1,0.29995609871781503,13.811237444835049,15.340696088969707,12.84628258823152,32,2.2857142857142856,17,1.2142857142857142,1,0.07142857142857142,12.346696796302052,0.9611104777979008,2,0.14285714285714285,0.061224489795918366,0.0,0.125,0.6020488111157486
bayes-fix-seed42,dense_circle,2,95,1542568513,success,63,15.75,0.1630564881885589,0,0.0,4,0.8832550222579272,13.997938661348252,15.572640672326088,11.017932189756696,39,2.4761904761904763,23,1.4603174603174602,3,0.19047619047619047,21.62174865617683,1.9624143880898486,4,0.25396825396825395,0.10714285714285714,0.10714285714285714,0.12698412698412698,0.7038673602126831
bayes-fix-seed42,dense_circle,2,96,1542568514,success,51,12.75,0.1813948519385976,0,0.0,2,0.9416219079799623,14.192928213114833,15.560822561383247,9.319662868216739,28,2.196078431372549,6,0.47058823529411764,1,0.0784313725490196,10.52118495143322,1.128923341992776,2,0.1568627450980392,0.022727272727272728,0.022727272727272728,0.058823529411764705,0.8303557501197467
bayes-fix-seed42,dense_circle,2,97,1542568515,success,50,12.5,0.2873868906864382,0,0.0,0,1.4351018718000939,13.686710968613625,15.606916509568691,8.966363548551719,26,2.08,13,1.04,2,0.16,15.2011181008671,1.6953492927824059,9,0.72,0.0,0.0,0.06,0.8778985415871152
bayes-fix-seed42,dense_circle,2,98,1542568516,success,53,13.25,0.25710093297490455,0,0.0,0,0.6065383544435212,13.732929907317432,15.931922942399979,10.091082924716645,29,2.188679245283019,10,0.7547169811320755,0,0.0,7.622246407536623,0.755344739945307,2,0.1509433962264151,0.0,0.0,0.05660377358490566,0.7687161624349979
bayes-fix-seed42,dense_circle,2,99,1542568517,success,46,11.5,0.2573661642353221,0,0.0,0,0.7830520083379112,13.942387602899386,15.316024422645569,8.636250213459347,26,2.260869565217391,11,0.9565217391304348,0,0.0,10.86526412618418,1.258099737459086,5,0.43478260869565216,0.0,0.0,0.043478260869565216,0.8976884569618927
bayes-fix-seed42,dense_circle,2,100,1542568518,success,51,12.75,0.20876326729376904,0,0.0,0,0.5906181050879264,13.84476031742844,15.146195888519287,9.59175772340088,30,2.3529411764705883,13,1.0196078431372548,0,0.0,8.740999000715732,0.9113031472209141,2,0.1568627450980392,0.0,0.0,0.058823529411764705,0.8100419857084116
bayes-fix-seed42,dense_circle,2,101,1542568519,success,72,18.0,0.20268319411399027,0,0.0,0,1.4125383395865063,14.486554906600052,16.351542994379997,12.454411328911188,43,2.388888888888889,18,1.0,6,0.3333333333333333,30.502447262029076,2.4491279801576713,6,0.3333333333333333,0.2,0.2,0.2222222222222222,0.6269081599603641
bayes-fix-seed42,dense_circle,2,102,1542568520,success,54,13.5,0.23242836221712282,0,0.0,0,0.7571315238239067,14.055261526394773,15.720215812325478,9.82726441951421,30,2.2222222222222223,7,0.5185185185185185,0,0.0,6.17530265286228,0.6283847049642675,2,0.14814814814814814,0.0,0.0,0.05555555555555555,0.7859504056247396
bayes-fix-seed42,dense_circle,2,103,1542568521,success,63,15.75,0.25999250634669324,0,0.0,0,0.9058187827410763,14.246886566517846,15.946026891469955,9.802996888188158,26,1.6507936507936507,6,0.38095238095238093,0,0.0,9.334413041075937,0.9521999392168707,3,0.19047619047619047,0.03571428571428571,0.0,0.06349206349206349,0.7925026700239846
bayes-fix-seed42,dense_circle,2,104,1542568522,success,56,14.0,0.2579422370330202,0,0.0,0,0.9159378666502772,13.828006839113575,15.425038523972034,9.140233832346919,33,2.357142857142857,16,1.1428571428571428,1,0.07142857142857142,16.565012630670356,1.8123182551465418,4,0.2857142857142857,0.0,0.0,0.05357142857142857,0.8476715050398217
bayes-fix-seed42,dense_circle,2,105,1542568523,success,60,15.0,0.15720778002645663,0,0.0,1,1.2167204227740833,14.00722706069549,15.409747138619423,11.405867114996227,31,2.066666666666667,14,0.9333333333333333,0,0.0,12.467859737105986,1.0931093279802875,4,0.26666666666666666,0.0,0.0,0.03333333333333333,0.679597958245922
bayes-fix-seed42,dense_circle,2,106,1542568524,success,54,13.5,0.24071103959558882,0,0.0,0,1.0133112987293398,14.132235337186742,15.789272449910639,10.013241202890155,23,1.7037037037037037,9,0.6666666666666666,0,0.0,7.680950842752755,0.7670793789063801,3,0.2222222222222222,0.0,0.0,0.037037037037037035,0.773878090550241
bayes-fix-seed42,dense_circle,2,107,1542568525,success,59,14.75,0.20319741812861514,0,0.0,0,0.785044056015972,14.231872192378772,16.135668382048603,11.639690421304728,37,2.5084745762711864,20,1.3559322033898304,3,0.2033898305084746,20.410626137900564,1.7535368552880013,4,0.2711864406779661,0.11538461538461539,0.11538461538461539,0.1694915254237288,0.6675424198951739
bayes-fix-seed42,dense_circle,2,108,1542568526,success,49,12.25,0.19924141173646293,0,0.0,1,0.41972913904558473,14.068024727154752,15.457511693239212,9.92700387801058,28,2.2857142857142856,12,0.9795918367346939,0,0.0,7.964016227067651,0.8022577934827682,2,0.16326530612244897,0.0,0.0,0.061224489795918366,0.7939720517967722
bayes-fix-seed42,dense_circle,2,109,1542568527,success,57,14.25,0.13176494660798765,0,0.0,2,1.1353085540878634,14.23474688801849,15.635868161916733,11.315175743460236,30,2.1052631578947367,12,0.8421052631578947,2,0.14035087719298245,14.490678483975994,1.2806410446034022,6,0.42105263157894735,0.0,0.0,0.08771929824561403,0.6921244806433126
bayes-fix-seed42,dense_circle,2,110,1542568528,success,57,14.25,0.20552323801003547,0,0.0,0,0.6642993993949325,14.00058618501613,16.017915308475494,9.476113223084925,35,2.456140350877193,17,1.1929824561403508,1,0.07017543859649122,16.90290194862894,1.7837378628456535,4,0.2807017543859649,0.1,0.08,0.07017543859649122,0.821167619824924
bayes-fix-seed42,dense_circle,2,111,1542568529,success,54,13.5,0.2735591153771747,0,0.0,0,0.6945379224502112,13.799931922996485,15.411075949668884,9.0214266376829,35,2.5925925925925926,19,1.4074074074074074,0,0.0,9.164919498078152,1.0159057836590808,1,0.07407407407407407,0.0,0.0,0.05555555555555555,0.8658318917744224
bayes-fix-seed42,dense_circle,2,112,1542568530,success,57,14.25,0.24114997918172054,0,0.0,0,0.7323297149008632,14.003953193886238,15.951080620288849,8.994039804566688,31,2.175438596491228,12,0.8421052631578947,1,0.07017543859649122,14.071448604805331,1.5645303901880232,4,0.2807017543859649,0.02,0.0,0.017543859649122806,0.8736290547984055
bayes-fix-seed42,dense_circle,2,113,1542568531,success,65,16.25,0.20063873970723722,0,0.0,0,1.202870229501,14.659391343593597,16.21084362268448,9.150062660314402,30,1.8461538461538463,15,0.9230769230769231,0,0.0,10.30779001059507,1.1265267127953076,3,0.18461538461538463,0.05172413793103448,0.05172413793103448,0.046153846153846156,0.8513471637271882
bayes-fix-seed42,dense_circle,2,114,1542568532,success,49,12.25,0.2860049863118861,0,0.0,0,0.8089859560110191,14.050931270633425,15.660858154296875,10.22223672139519,28,2.2857142857142856,9,0.7346938775510204,0,0.0,8.100536216575868,0.7924426363186647,2,0.16326530612244897,0.0,0.0,0.08163265306122448,0.7586485026573473
bayes-fix-seed42,dense_circle,2,115,1542568533,success,48,12.0,0.195036035912307,0,0.0,1,0.8099300075203099,14.385510856906572,16.705837845802307,9.995630403305217,27,2.25,14,1.1666666666666667,3,0.25,14.89892009404835,1.490543316719852,4,0.3333333333333333,0.024390243902439025,0.024390243902439025,0.08333333333333333,0.7762432935082384
bayes-fix-seed42,dense_circle,2,116,1542568534,success,57,14.25,0.22094110671516698,0,0.0,0,0.7556436217370648,14.567302637978605,15.984494239091873,9.554809472911924,29,2.0350877192982457,11,0.7719298245614035,1,0.07017543859649122,11.770203945034567,1.2318617109428849,4,0.2807017543859649,0.0,0.0,0.017543859649122806,0.8131897433458048
bayes-fix-seed42,dense_circle,2,117,1542568535,success,51,12.75,0.2289730440011768,0,0.0,0,0.6486172968233365,14.331425302753262,17.083290964365005,9.661481868319326,26,2.0392156862745097,5,0.39215686274509803,0,0.0,5.1822456253812845,0.5363820680939463,2,0.1568627450980392,0.0,0.0,0.0784313725490196,0.8064145295172354
bayes-fix-seed42,dense_circle,2,118,1542568536,success,56,14.0,0.21523975479636448,0,0.0,0,1.1563535778022955,14.382362764860902,16.21481217443943,9.08405311008584,35,2.5,10,0.7142857142857143,5,0.35714285714285715,21.47196470482485,2.3636987195709986,8,0.5714285714285714,0.0,0.0,0.07142857142857142,0.8569581198758024
bayes-fix-seed42,dense_circle,2,119,1542568537,success,51,12.75,0.22927445871581986,0,0.0,0,0.6883071301690871,14.574261199609905,16.174519434571266,9.314744084145614,32,2.5098039215686274,18,1.411764705882353,3,0.23529411764705882,20.637817037342863,2.215607519746029,9,0.7058823529411765,0.0,0.0,0.058823529411764705,0.8329728496065321
bayes-fix-seed42,dense_circle,2,120,1542568538,success,69,17.25,0.2666121145660594,0,0.0,0,0.8728169205773008,14.208740136329679,15.711445361375809,10.376937017768519,40,2.318840579710145,19,1.1014492753623188,2,0.11594202898550725,18.96708873268598,1.827811877455599,7,0.4057971014492754,0.12903225806451613,0.12903225806451613,0.057971014492753624,0.7474014852914204
bayes-fix-seed42,dense_circle,2,121,1542568539,success,59,14.75,0.27059724840559385,0,0.0,0,0.8408755567882056,14.225676466347808,15.817736089229584,9.398200295504035,27,1.8305084745762712,11,0.7457627118644068,0,0.0,9.678147881331945,1.0297873610931483,1,0.06779661016949153,0.038461538461538464,0.0,0.06779661016949153,0.8228569668294913
bayes-fix-seed42,dense_circle,2,122,1542568540,success,54,13.5,0.21394459642621688,0,0.0,0,0.4791092498174269,14.285129460471648,16.21288303285837,10.9861443000314,29,2.1481481481481484,11,0.8148148148148148,2,0.14814814814814814,13.384593655275438,1.2183158430967618,5,0.37037037037037035,0.1702127659574468,0.0,0.12962962962962962,0.712685145404332
bayes-fix-seed42,dense_circle,2,123,1542568541,success,46,11.5,0.20021402712903513,0,0.0,0,0.7806059647692549,14.481720636072366,16.70180819928646,9.937979321968692,26,2.260869565217391,17,1.4782608695652173,0,0.0,8.57997097236288,0.8633516627868376,1,0.08695652173913043,0.0,0.0,0.043478260869565216,0.7787940342405996
bayes-fix-seed42,dense_circle,2,124,1542568542,success,44,11.0,0.2157927586360654,0,0.0,0,0.6529735998626319,13.979253528470343,15.76064582914114,9.735300412597285,22,2.0,13,1.1818181818181819,0,0.0,12.77929510616392,1.3126759899086182,3,0.2727272727272727,0.0,0.0,0.045454545454545456,0.7918955590759649
bayes-fix-seed42,dense_circle,2,125,1542568543,success,54,13.5,0.1554451941951399,0,0.0,2,0.4655675246580537,14.488816537238934,16.8265813961625,11.144311991232208,29,2.1481481481481484,13,0.9629629629629629,6,0.4444444444444444,25.87680876566664,2.321974545043717,4,0.2962962962962963,0.0,0.0,0.14814814814814814,0.7051280423635078
bayes-fix-seed42,dense_circle,2,126,1542568544,success,59,14.75,0.18126988096978447,0,0.0,2,0.4141830310024024,15.095837919388787,17.09568239748478,10.450204314831684,40,2.711864406779661,16,1.0847457627118644,3,0.2033898305084746,18.269598014861636,1.748252710134299,6,0.4067796610169492,0.0,0.0,0.06779661016949153,0.7414330324122671
bayes-fix-seed42,dense_circle,2,127,1542568545,success,55,13.75,0.17070138815821023,0,0.0,1,1.3784051504658725,14.471989463676106,16.09937809407711,10.215994781419251,30,2.1818181818181817,9,0.6545454545454545,2,0.14545454545454545,14.953316696482716,1.4637161643504026,3,0.21818181818181817,0.10416666666666667,0.020833333333333332,0.05454545454545454,0.7671311085489056
bayes-fix-seed42,dense_circle,2,128,1542568546,success,47,11.75,0.23426221132344116,0,0.0,0,1.1118152896662166,14.131538252881233,15.577787160873413,10.160421928890127,22,1.872340425531915,7,0.5957446808510638,2,0.1702127659574468,12.556202640572934,1.2357953959442027,2,0.1702127659574468,0.0,0.0,0.06382978723404255,0.7588124387406292
bayes-fix-seed42,dense_circle,2,129,1542568547,success,54,13.5,0.2163391488536619,0,0.0,0,0.605680491666805,14.712593483704108,17.62979757040739,9.894912807762424,30,2.2222222222222223,14,1.037037037037037,0,0.0,11.170942768225785,1.128958181365917,3,0.2222222222222222,0.0,0.0,0.07407407407407407,0.7909950776442698
bayes-fix-seed42,dense_circle,2,130,1542568548,collision,25,6.25,-0.020928078581847087,2,0.5,6,0.9792448962030832,13.93236830830574,15.303827077150345,4.217758671247455,20,3.2,16,2.56,3,0.48,17.13021358241847,4.06144943739799,9,1.44,0.05555555555555555,0.05555555555555555,0.08,0.7154159251579243
bayes-fix-seed42,dense_circle,2,131,1542568549,success,57,14.25,0.21639251057428477,0,0.0,0,0.9854467733915707,14.649864743676101,16.40678271651268,10.00658076002038,27,1.894736842105263,8,0.5614035087719298,1,0.07017543859649122,12.34839513368183,1.234027429530952,3,0.21052631578947367,0.18,0.14,0.19298245614035087,0.7754103299900087
bayes-fix-seed42,dense_circle,2,132,1542568550,success,53,13.25,0.23519282760366922,0,0.0,0,0.7533632799185775,14.746693437391857,16.169017553329468,9.310900849846316,34,2.5660377358490565,22,1.6603773584905661,0,0.0,12.369735577224697,1.3285218881295324,3,0.22641509433962265,0.0,0.0,0.03773584905660377,0.8425906046483308
bayes-fix-seed42,dense_circle,2,133,1542568551,success,51,12.75,0.23794921990975038,0,0.0,0,0.8227430892520289,14.231389351919585,15.942255035042763,9.340045213456579,28,2.196078431372549,9,0.7058823529411765,1,0.0784313725490196,11.080413725457442,1.1863340564447638,4,0.3137254901960784,0.0,0.0,0.0392156862745098,0.83090372250997
bayes-fix-seed42,dense_circle,2,134,1542568552,success,61,15.25,0.17967047754017362,0,0.0,1,0.8583545878037027,14.407248709534036,16.214746981859207,10.97833795989439,32,2.098360655737705,14,0.9180327868852459,0,0.0,13.267260677328991,1.2084944666302313,2,0.13114754098360656,0.07407407407407407,0.018518518518518517,0.13114754098360656,0.7104783202817326
bayes-fix-seed42,dense_circle,2,135,1542568553,success,61,15.25,0.20796714917122294,0,0.0,0,1.034500814231949,14.167692695484787,15.62579721212387,9.576268125416007,31,2.0327868852459017,13,0.8524590163934426,0,0.0,11.220756794131272,1.17172542029715,6,0.39344262295081966,0.0,0.0,0.06557377049180328,0.8081081944208145
bayes-fix-seed42,dense_circle,2,136,1542568554,success,54,13.5,0.21739303042062186,0,0.0,0,0.6315051422768185,13.997413149034536,15.157531015574932,10.922510708732263,35,2.5925925925925926,10,0.7407407407407407,2,0.14814814814814814,14.197271663305148,1.2998176007238702,4,0.2962962962962963,0.0,0.0,0.12962962962962962,0.7175912697556778
bayes-fix-seed42,dense_circle,2,137,1542568555,success,53,13.25,0.20408351560556282,0,0.0,0,0.5494374773665318,13.910639257925862,15.197955071926117,10.291430802951693,30,2.2641509433962264,10,0.7547169811320755,1,0.07547169811320754,13.332399205641092,1.2954854831086478,4,0.3018867924528302,0.06521739130434782,0.021739130434782608,0.1320754716981132,0.7585773682632868
bayes-fix-seed42,dense_circle,2,138,1542568556,success,57,14.25,0.22040835717894436,0,0.0,0,0.7355709022811099,14.126988617997421,15.553583949804306,10.912605507019618,24,1.6842105263157894,9,0.631578947368421,0,0.0,8.37778415555304,0.7677162113267969,2,0.14035087719298245,0.0,0.0,0.07017543859649122,0.7092971480569341
bayes-fix-seed42,dense_circle,2,139,1542568557,success,73,18.25,0.19768325451638835,0,0.0,1,1.0168642946993325,14.164293261423502,15.382444113492966,14.644961018105297,38,2.0821917808219177,13,0.7123287671232876,3,0.1643835616438356,22.841463207708248,1.559680710619152,9,0.4931506849315068,0.25757575757575757,0.15151515151515152,0.2328767123287671,0.5306969939971047
bayes-fix-seed42,dense_circle,2,140,1542568558,success,49,12.25,0.307601771080233,0,0.0,0,0.8189226264566729,14.600378670254532,16.715259104967117,9.085653539620164,29,2.36734693877551,17,1.3877551020408163,5,0.40816326530612246,19.16113922253749,2.1089445177477613,5,0.40816326530612246,0.0,0.0,0.061224489795918366,0.8548586982107562
bayes-fix-seed42,dense_circle,2,141,1542568559,success,57,14.25,0.42380899024503493,0,0.0,0,1.0960879661504261,14.339014822453784,16.072416305541985,10.229839639002325,35,2.456140350877193,13,0.9122807017543859,1,0.07017543859649122,15.164195227227015,1.4823492608243778,5,0.3508771929824561,0.1,0.02,0.08771929824561403,0.7640467559489371
bayes-fix-seed42,dense_circle,2,142,1542568560,success,59,14.75,0.18018968509805544,0,0.0,1,0.8721470245077071,14.359919322749315,15.81701561808586,10.844926331641872,33,2.23728813559322,9,0.6101694915254238,0,0.0,17.696003705715306,1.6317311122791383,5,0.3389830508474576,0.1346153846153846,0.07692307692307693,0.1864406779661017,0.714718703114403
bayes-fix-seed42,dense_circle,2,143,1542568561,success,56,14.0,0.2753057952635398,0,0.0,0,0.816970207145916,14.091653682823692,15.499833039939404,9.114196149959486,29,2.0714285714285716,19,1.3571428571428572,3,0.21428571428571427,17.815678289658717,1.954717453577945,6,0.42857142857142855,0.0,0.0,0.05357142857142857,0.8532273382477266
bayes-fix-seed42,dense_circle,2,144,1542568562,success,53,13.25,0.22800075703991118,0,0.0,0,0.5989077607329638,14.123935111851063,15.477719157934189,9.883281899297062,31,2.339622641509434,17,1.2830188679245282,1,0.07547169811320754,13.392419425174271,1.3550579212080143,3,0.22641509433962265,0.0,0.0,0.05660377358490566,0.792121596930646
bayes-fix-seed42,dense_circle,2,145,1542568563,success,53,13.25,0.16906469085734022,0,0.0,1,1.2290164669205879,14.044555431267,15.457158535718918,10.913050942845238,34,2.5660377358490565,17,1.2830188679245282,2,0.1509433962264151,19.902735671342327,1.823755407683757,7,0.5283018867924528,0.0,0.0,0.05660377358490566,0.7098661529066789
bayes-fix-seed42,dense_circle,2,146,1542568564,success,62,15.5,0.25946329095310894,0,0.0,0,1.3742697690161352,14.162133477868572,15.402550064027308,11.546911887075796,33,2.129032258064516,14,0.9032258064516129,0,0.0,15.527118822051175,1.344698822845469,2,0.12903225806451613,0.12727272727272726,0.03636363636363636,0.16129032258064516,0.6752981822807101
bayes-fix-seed42,dense_circle,2,147,1542568565,success,57,14.25,0.3849480789044858,0,0.0,0,1.0451982870644756,14.180762595251986,15.330149978399275,10.373683108549297,34,2.3859649122807016,18,1.263157894736842,10,0.7017543859649122,28.083044939893615,2.7071431280515443,10,0.7017543859649122,0.04,0.04,0.08771929824561403,0.7475067630824828
bayes-fix-seed42,dense_circle,2,148,1542568566,success,63,15.75,0.18149684860206772,0,0.0,1,1.0639752403524625,14.101637852570367,15.8515814691782,11.204223659130236,34,2.1587301587301586,13,0.8253968253968254,3,0.19047619047619047,18.64547260054217,1.6641467689149634,5,0.31746031746031744,0.17857142857142858,0.08928571428571429,0.1111111111111111,0.6990089243075784
bayes-fix-seed42,dense_circle,2,149,1542568567,success,56,14.0,0.21796735860359606,0,0.0,0,1.207100789320381,14.211827356900487,16.21431577950716,9.096308535025656,26,1.8571428571428572,8,0.5714285714285714,1,0.07142857142857142,12.728966809516008,1.3993552176141204,4,0.2857142857142857,0.12244897959183673,0.04081632653061224,0.017857142857142856,0.8606067827016228
bayes-fix-seed42,dense_circle,2,150,1542568568,success,52,13.0,0.26311981535659523,0,0.0,0,0.7370286214098865,14.034714836340685,15.81281144171953,9.034817871232196,20,1.5384615384615385,9,0.6923076923076923,3,0.23076923076923078,9.844520502226477,1.0896202494100582,4,0.3076923076923077,0.0,0.0,0.057692307692307696,0.8584039784974924
bayes-fix-seed42,dense_circle,2,151,1542568569,success,42,10.5,0.32124570094193705,0,0.0,0,1.3522696869305726,13.80591050145172,15.907037444412707,8.63856208517003,18,1.7142857142857142,10,0.9523809523809523,0,0.0,7.722021486019219,0.8939012546168706,1,0.09523809523809523,0.0,0.0,0.0,0.9012421215425087
bayes-fix-seed42,dense_circle,2,152,1542568570,success,55,13.75,0.24257660994977948,0,0.0,0,0.8695390926311615,14.524960043755444,16.30350723862648,9.468489779930175,29,2.109090909090909,9,0.6545454545454545,0,0.0,10.28931584769244,1.0866902839671562,4,0.2909090909090909,0.0,0.0,0.05454545454545454,0.8189126843353566
bayes-fix-seed42,dense_circle,2,153,1542568571,success,62,15.5,0.17694936590927113,0,0.0,4,0.4253083878790534,14.261427305398449,15.606126189231873,14.06233765509433,33,2.129032258064516,16,1.032258064516129,2,0.12903225806451613,19.144398985620203,1.3613952000850162,5,0.3225806451612903,0.12727272727272726,0.12727272727272726,0.14516129032258066,0.5538225702215017
bayes-fix-seed42,dense_circle,2,154,1542568572,success,53,13.25,0.4587226798961922,0,0.0,0,0.9891489627249613,14.073063390997222,15.666115283966064,9.745670278115632,23,1.7358490566037736,7,0.5283018867924528,1,0.07547169811320754,7.861152872808741,0.8066302930914188,3,0.22641509433962265,0.043478260869565216,0.0,0.09433962264150944,0.7976184836618064
bayes-fix-seed42,dense_circle,2,155,1542568573,success,58,14.5,0.42104541916851324,0,0.0,0,0.9881563909621082,14.137895713592398,15.827956981956959,10.681611221520855,32,2.206896551724138,16,1.103448275862069,5,0.3448275862068966,29.533179878748086,2.764861898291701,11,0.7586206896551724,0.0784313725490196,0.0784313725490196,0.08620689655172414,0.7272672187268739
bayes-fix-seed42,dense_circle,2,156,1542568574,success,52,13.0,0.18718594317208714,0,0.0,1,0.9811725378608884,14.05551821853106,15.713725425302982,8.419925896535528,22,1.6923076923076923,9,0.6923076923076923,0,0.0,10.92623011598955,1.2976634533666467,5,0.38461538461538464,0.0,0.0,0.019230769230769232,0.9207644722272904
bayes-fix-seed42,dense_circle,2,157,1542568575,success,41,10.25,0.19512076971515735,0,0.0,1,0.3527499325868311,13.764846979117975,15.335530042648315,9.972976413000323,18,1.7560975609756098,12,1.170731707317073,0,0.0,7.053718193032905,0.7072831520826617,1,0.0975609756097561,0.0,0.0,0.024390243902439025,0.7751113230216334
bayes-fix-seed42,dense_circle,2,158,1542568576,success,65,16.25,0.20310560880805395,0,0.0,0,1.2704556125640973,14.511544314714579,15.886829793453217,12.111491609232921,35,2.1538461538461537,11,0.676923076923077,2,0.12307692307692308,18.351178213321536,1.5151872952900312,5,0.3076923076923077,0.1724137931034483,0.13793103448275862,0.16923076923076924,0.6434938419537971
bayes-fix-seed42,dense_circle,2,159,1542568577,success,57,14.25,0.20480011305968004,0,0.0,0,0.6310060327453987,14.495172979016052,16.05568453669548,11.253018151429035,29,2.0350877192982457,11,0.7719298245614035,1,0.07017543859649122,10.183168530738392,0.9049277619307153,2,0.14035087719298245,0.0,0.0,0.017543859649122806,0.6879593618931786
bayes-fix-seed42,dense_circle,2,160,1542568578,success,49,12.25,0.44412598800919734,0,0.0,0,1.5209090193202701,14.662911621283511,16.25152826309204,9.032550195303845,29,2.36734693877551,11,0.8979591836734694,0,0.0,10.960001017225494,1.213389439332843,3,0.24489795918367346,0.0,0.0,0.02040816326530612,0.8782114162175116
bayes-fix-seed42,dense_circle,2,161,1542568579,success,48,12.0,0.14459837528658237,0,0.0,1,0.853792821406345,14.029766277720531,15.25902021676302,9.69423403817326,27,2.25,14,1.1666666666666667,1,0.08333333333333333,16.492953043458144,1.70131574898165,5,0.4166666666666667,0.0,0.0,0.041666666666666664,0.8061968402683838
bayes-fix-seed42,dense_circle,2,162,1542568580,success,59,14.75,0.19083971620858997,0,0.0,1,0.9069436087188341,14.43051521555852,15.692638233304022,10.81440039449113,34,2.305084745762712,15,1.0169491525423728,1,0.06779661016949153,14.978421206447532,1.3850440764221712,5,0.3389830508474576,0.17307692307692307,0.17307692307692307,0.22033898305084745,0.7200953575073853
bayes-fix-seed42,dense_circle,2,163,1542568581,success,48,12.0,0.1999349366929315,0,0.0,1,0.7348857539376867,14.160142512992024,15.910704247653484,9.088913079757067,30,2.5,14,1.1666666666666667,2,0.16666666666666666,12.286240821558795,1.3517832895687885,5,0.4166666666666667,0.0,0.0,0.041666666666666664,0.8611119700002665
bayes-fix-seed42,dense_circle,2,164,1542568582,success,54,13.5,0.16943594093898717,0,0.0,2,0.5370114093879942,14.405634875098864,16.203522868454456,9.82389147876281,26,1.9259259259259258,12,0.8888888888888888,4,0.2962962962962963,16.324956875452806,1.6617607096682545,8,0.5925925925925926,0.06382978723404255,0.06382978723404255,0.05555555555555555,0.7994654142398758
bayes-fix-seed42,dense_circle,2,165,1542568583,success,63,15.75,0.15197594165908268,0,0.0,5,0.7001379212671266,14.22170904420671,15.701347589492798,12.639445587475828,37,2.3492063492063493,15,0.9523809523809523,2,0.12698412698412698,19.363045444258233,1.5319537008367428,7,0.4444444444444444,0.05357142857142857,0.05357142857142857,0.12698412698412698,0.6167216225245978
bayes-fix-seed42,dense_circle,2,166,1542568584,success,60,15.0,0.1684910654633308,0,0.0,3,1.6332692608679986,14.29123692214489,15.894336625933647,10.139707946350718,25,1.6666666666666667,9,0.6,4,0.26666666666666666,20.69328245001882,2.0408164179389736,7,0.4666666666666667,0.1320754716981132,0.11320754716981132,0.11666666666666667,0.7759933283006687
bayes-fix-seed42,dense_circle,2,167,1542568585,success,52,13.0,0.2174893912473107,0,0.0,0,0.6197602031230868,14.126570250552435,15.396914444863796,10.108226241281791,37,2.8461538461538463,20,1.5384615384615385,1,0.07692307692307693,15.12519490727874,1.4963253241708967,4,0.3076923076923077,0.0,0.0,0.057692307692307696,0.7720957895849077
bayes-fix-seed42,dense_circle,2,168,1542568586,success,56,14.0,0.15357377319226806,0,0.0,4,0.5129130511253414,14.032369745629174,15.205033123493195,11.18901418774702,40,2.857142857142857,15,1.0714285714285714,1,0.07142857142857142,19.935947744598213,1.7817430034568975,7,0.5,0.08163265306122448,0.0,0.10714285714285714,0.702934369889963
bayes-fix-seed42,dense_circle,2,169,1542568587,success,55,13.75,0.19340063160185705,0,0.0,1,0.6564060690709881,14.101195606318386,15.200389921665192,9.341747502696371,28,2.036363636363636,13,0.9454545454545454,0,0.0,8.725194386632385,0.9340002375480576,1,0.07272727272727272,0.0,0.0,0.05454545454545454,0.836661519768233
bayes-fix-seed42,dense_circle,2,170,1542568588,success,53,13.25,0.17451025362824757,0,0.0,3,0.515002064094168,14.22486405046481,16.162918508052826,11.760517519336073,29,2.188679245283019,13,0.9811320754716981,1,0.07547169811320754,17.560629884460266,1.4931851302961736,7,0.5283018867924528,0.0,0.0,0.03773584905660377,0.662532492440258
bayes-fix-seed42,dense_circle,2,171,1542568589,success,55,13.75,0.23345722950217374,0,0.0,0,0.7192312392774205,14.22865248539231,15.63580296933651,8.955340346320085,37,2.690909090909091,17,1.2363636363636363,1,0.07272727272727272,15.22221660058889,1.699792080693391,7,0.509090909090909,0.0,0.0,0.01818181818181818,0.8737463996837393
bayes-fix-seed42,dense_circle,2,172,1542568590,success,63,15.75,0.27946181654627467,0,0.0,0,0.8219474152836393,14.383331295989809,16.401736438274384,10.588179374125973,33,2.0952380952380953,8,0.5079365079365079,2,0.12698412698412698,15.11344301193924,1.4273882674174865,3,0.19047619047619047,0.08928571428571429,0.017857142857142856,0.06349206349206349,0.7374373865760698
bayes-fix-seed42,dense_circle,2,173,1542568591,success,87,21.75,0.03168228218343605,0,0.0,10,0.665177448028609,14.472567529856473,15.664565190672874,14.543580692450067,69,3.1724137931034484,36,1.6551724137931034,9,0.41379310344827586,45.499362701015215,3.128484220164231,9,0.41379310344827586,0.375,0.2875,0.3218390804597701,0.5409849196062309
bayes-fix-seed42,dense_circle,2,174,1542568592,success,51,12.75,0.28856734426382225,0,0.0,0,0.6475471637457916,14.344095818552317,16.196656972169876,10.262491830676264,20,1.5686274509803921,9,0.7058823529411765,3,0.23529411764705882,12.290972722152599,1.1976596839193454,4,0.3137254901960784,0.045454545454545456,0.022727272727272728,0.0784313725490196,0.7564853169878163
bayes-fix-seed42,dense_circle,2,175,1542568593,success,55,13.75,0.3609311744123901,0,0.0,0,0.760622683034254,14.009191569956867,15.334211289882658,8.865769522876922,30,2.1818181818181817,15,1.0909090909090908,0,0.0,8.473959234159464,0.9558063981128265,5,0.36363636363636365,0.0,0.0,0.01818181818181818,0.872813399947157
bayes-fix-seed42,dense_circle,2,176,1542568594,success,47,11.75,0.1721293782234612,0,0.0,1,0.9153882565509122,13.693402263712375,14.928219094872475,10.118128739804078,22,1.872340425531915,9,0.7659574468085106,1,0.0851063829787234,9.405973271114206,0.9296158917322037,2,0.1702127659574468,0.0,0.0,0.0851063829787234,0.771233939740391
bayes-fix-seed42,dense_circle,2,177,1542568595,success,56,14.0,0.2004932352274048,0,0.0,0,0.695370295146928,13.958560236330543,15.429210849106312,9.918146424099973,37,2.642857142857143,13,0.9285714285714286,0,0.0,9.883812808422935,0.9965383032061705,3,0.21428571428571427,0.0,0.0,0.05357142857142857,0.7838026036569453
bayes-fix-seed42,dense_circle,2,178,1542568596,success,53,13.25,0.20079640596601156,0,0.0,0,0.7916579718454652,13.751022939412099,15.529880672693253,9.548452490750105,30,2.2641509433962264,14,1.0566037735849056,2,0.1509433962264151,16.095623420561402,1.6856787459699627,7,0.5283018867924528,0.0,0.0,0.03773584905660377,0.8152420699431047
bayes-fix-seed42,dense_circle,2,179,1542568597,success,56,14.0,0.18393914889431062,0,0.0,1,0.8704991934505003,14.186187314667873,16.244616359472275,10.556606304909137,31,2.2142857142857144,15,1.0714285714285714,2,0.14285714285714285,15.446806635186643,1.463236023872882,6,0.42857142857142855,0.08163265306122448,0.08163265306122448,0.125,0.7369644879409837
bayes-fix-seed42,dense_circle,2,180,1542568598,success,57,14.25,0.26278736775728595,0,0.0,0,1.1918280262109415,14.311461725778747,16.121523082256317,11.067804933242021,35,2.456140350877193,16,1.1228070175438596,4,0.2807017543859649,27.252402332103777,2.4623132135489225,11,0.7719298245614035,0.0,0.0,0.07017543859649122,0.6981093973707736
bayes-fix-seed42,dense_circle,2,181,1542568599,success,52,13.0,0.21614268524270552,0,0.0,0,0.8112627119451772,14.186430579194656,16.094417124986645,9.195673002321515,29,2.230769230769231,13,1.0,1,0.07692307692307693,10.409877692645503,1.1320408729211504,4,0.3076923076923077,0.0,0.0,0.057692307692307696,0.8441177094125177
bayes-fix-seed42,dense_circle,2,182,1542568600,success,51,12.75,0.335487023333927,0,0.0,0,0.8454371661994875,14.171637813834582,16.469938680529594,9.759137396008999,19,1.4901960784313726,5,0.39215686274509803,0,0.0,6.400917157116455,0.6558896444817051,1,0.0784313725490196,0.0,0.0,0.058823529411764705,0.7931659264467265
bayes-fix-seed42,dense_circle,2,183,1542568601,success,66,16.5,0.17361796542504726,0,0.0,4,0.46908597736671376,14.304980240536459,16.471457667648792,14.39614594303263,45,2.727272727272727,22,1.3333333333333333,1,0.06060606060606061,23.732478205735685,1.6485299815414558,7,0.42424242424242425,0.1864406779661017,0.1694915254237288,0.19696969696969696,0.5422010451538373
bayes-fix-seed42,dense_circle,2,184,1542568602,success,51,12.75,0.21648625993651505,0,0.0,0,0.5635322831535229,13.857700588072047,15.542477369308472,10.382759738963166,27,2.1176470588235294,9,0.7058823529411765,2,0.1568627450980392,13.046782738144982,1.2565813970619577,1,0.0784313725490196,0.0,0.0,0.09803921568627451,0.7537278022238979
bayes-fix-seed42,dense_circle,2,185,1542568603,success,54,13.5,0.4857299777130252,0,0.0,0,1.0055554552682469,13.807460182794818,15.156469866633413,9.431501409519592,32,2.3703703703703702,17,1.2592592592592593,0,0.0,9.21190258422865,0.9767164509916425,2,0.14814814814814814,0.0,0.0,0.05555555555555555,0.8267398818907628
bayes-fix-seed42,dense_circle,2,186,1542568604,success,62,15.5,0.17080987048411533,0,0.0,2,0.9295086736903856,14.237122790467355,15.620970912277699,11.891673971504837,32,2.064516129032258,13,0.8387096774193549,4,0.25806451612903225,22.264814187161814,1.8723027759181246,8,0.5161290322580645,0.0,0.0,0.06451612903225806,0.6496486029629671
bayes-fix-seed42,dense_circle,2,187,1542568605,success,50,12.5,0.17984073077825424,0,0.0,1,0.5239320548421182,14.091931954026222,15.676000900566578,9.62806760903201,31,2.48,11,0.88,1,0.08,11.686322768752806,1.2137765586305151,5,0.4,0.09302325581395349,0.0,0.08,0.817330090776797
bayes-fix-seed42,dense_circle,2,188,1542568606,success,48,12.0,0.24639470465735946,0,0.0,0,1.0543744168590152,13.943814439699054,16.17297511547804,9.312955722114218,26,2.1666666666666665,11,0.9166666666666666,3,0.25,13.881107195120949,1.4905157513161325,3,0.25,0.0,0.0,0.041666666666666664,0.8363769388890016
bayes-fix-seed42,dense_circle,2,189,1542568607,success,52,13.0,0.1546665159476428,0,0.0,2,1.0131262336720388,14.096836631114666,15.465648472309113,10.706088580927306,31,2.3846153846153846,14,1.0769230769230769,4,0.3076923076923077,21.978943953261485,2.0529387354795996,6,0.46153846153846156,0.0,0.0,0.057692307692307696,0.7253933173538186
bayes-fix-seed42,dense_circle,2,190,1542568608,success,53,13.25,0.20316880648635316,0,0.0,0,0.6203485611183973,14.137211976186284,15.24576023221016,9.80135153017644,30,2.2641509433962264,15,1.1320754716981132,2,0.1509433962264151,13.25498095051754,1.3523625705810114,3,0.22641509433962265,0.021739130434782608,0.021739130434782608,0.03773584905660377,0.7937665234207314
bayes-fix-seed42,dense_circle,2,191,1542568609,success,60,15.0,0.23453885051920442,0,0.0,0,1.233519182288071,14.228461061914762,15.502549335360527,10.417165696042042,29,1.9333333333333333,11,0.7333333333333333,2,0.13333333333333333,15.933573352300865,1.5295497659555093,5,0.3333333333333333,0.16981132075471697,0.07547169811320754,0.1,0.7567147725966384
bayes-fix-seed42,dense_circle,2,192,1542568610,success,63,15.75,0.19691716254659553,0,0.0,1,0.8515926727367565,14.314526248545874,15.987641736865044,10.73947851237203,36,2.2857142857142856,15,0.9523809523809523,1,0.06349206349206349,13.942321824918634,1.298230804117433,5,0.31746031746031744,0.0,0.0,0.06349206349206349,0.7257529206814757
bayes-fix-seed42,dense_circle,2,193,1542568611,success,61,15.25,0.22281923448205732,0,0.0,0,0.9922428806860557,14.52156412796896,16.08269289135933,10.903426839187015,29,1.901639344262295,8,0.5245901639344263,2,0.13114754098360656,10.903401293800009,0.9999976571230877,2,0.13114754098360656,0.018518518518518517,0.018518518518518517,0.08196721311475409,0.7180153890657847
bayes-fix-seed42,dense_circle,2,194,1542568612,success,54,13.5,0.23227187941032534,0,0.0,0,0.8326004360895765,13.817865884414426,15.24866446852684,9.501518028505945,27,2.0,11,0.8148148148148148,4,0.2962962962962963,13.615695488572435,1.4330021211056334,3,0.2222222222222222,0.0,0.0,0.037037037037037035,0.8326041451586488
bayes-fix-seed42,dense_circle,2,195,1542568613,success,61,15.25,0.15740294998515003,0,0.0,3,0.8889955729333106,13.959409516365803,15.471134334802628,11.505124373966957,35,2.2950819672131146,12,0.7868852459016393,3,0.19672131147540983,18.992174907012917,1.6507578961933838,8,0.5245901639344263,0.0,0.0,0.11475409836065574,0.6774833862660776
bayes-fix-seed42,dense_circle,2,196,1542568614,success,49,12.25,0.4949270217330771,0,0.0,0,0.9412975622842501,14.066411372350187,15.478043258190155,8.63806574632996,24,1.9591836734693877,9,0.7346938775510204,0,0.0,8.791983750925088,1.0178185729438933,5,0.40816326530612246,0.0,0.0,0.02040816326530612,0.907316383325903
bayes-fix-seed42,dense_circle,2,197,1542568615,success,51,12.75,0.18075630756827243,0,0.0,3,0.5024293872466591,14.200927653149062,15.656910836696625,10.71415001248879,36,2.823529411764706,20,1.5686274509803921,0,0.0,16.515526148839516,1.5414686306975762,7,0.5490196078431373,0.09090909090909091,0.045454545454545456,0.0784313725490196,0.733340520474794
bayes-fix-seed42,dense_circle,2,198,1542568616,success,63,15.75,0.12488820501286746,0,0.0,3,0.6154620829652672,14.161142328428843,15.680404752492905,14.110415695987284,35,2.2222222222222223,13,0.8253968253968254,0,0.0,17.006259626602866,1.2052274003124586,2,0.12698412698412698,0.07142857142857142,0.0,0.09523809523809523,0.5463340675372913
bayes-fix-seed42,dense_circle,2,199,1542568617,success,54,13.5,0.32252063537187836,0,0.0,0,0.8240956893144515,14.176112082269457,15.43485764414072,10.68242014721682,25,1.8518518518518519,11,0.8148148148148148,1,0.07407407407407407,11.935251896568975,1.117279767326748,1,0.07407407407407407,0.10638297872340426,0.06382978723404255,0.12962962962962962,0.728287075366203
bayes-fix-seed42,dense_circle,2,200,1542568618,success,56,14.0,0.24104338150430638,0,0.0,0,0.9642515023377781,14.495101624301501,16.484740190207958,9.413025100308499,24,1.7142857142857142,8,0.5714285714285714,0,0.0,7.498789554994385,0.7966397066920201,3,0.21428571428571427,0.0,0.0,0.05357142857142857,0.8250885071494348
bayes-fix-seed42,dense_circle,2,201,1542568619,success,62,15.5,0.2940957087904317,0,0.0,0,0.9578850115951107,14.365229635469374,16.32069405168295,10.668354447874913,28,1.8064516129032258,10,0.6451612903225806,2,0.12903225806451613,13.896578126412463,1.3025980899219745,5,0.3225806451612903,0.12727272727272726,0.10909090909090909,0.16129032258064516,0.731918963661918
bayes-fix-seed42,dense_circle,2,202,1542568620,success,62,15.5,0.33692958302930054,0,0.0,0,1.128009089170359,14.185934537841428,15.741300769150257,9.66387516904187,32,2.064516129032258,15,0.967741935483871,0,0.0,13.483972905388182,1.3952966764910166,3,0.1935483870967742,0.16363636363636364,0.14545454545454545,0.11290322580645161,0.7987518029445718
bayes-fix-seed42,dense_circle,2,203,1542568621,success,56,14.0,0.23867705231061154,0,0.0,0,0.6802489140641163,13.912064355931111,15.50078671425581,9.41020532422296,33,2.357142857142857,15,1.0714285714285714,2,0.14285714285714285,15.838066121604415,1.683073384258194,5,0.35714285714285715,0.0,0.0,0.05357142857142857,0.8229114885793691
bayes-fix-seed42,dense_circle,2,204,1542568622,success,57,14.25,0.2186163381574905,0,0.0,0,0.7436529386504791,14.103345050100694,15.921310335397719,10.749169118912224,27,1.894736842105263,9,0.631578947368421,0,0.0,9.950529699140667,0.9257022183820309,3,0.21052631578947367,0.0,0.0,0.10526315789473684,0.7252936275542662
bayes-fix-seed42,dense_circle,2,205,1542568623,success,57,14.25,0.1762909275070117,0,0.0,1,0.5198605440604902,14.209954492878495,15.78512042760849,10.624665934436615,33,2.3157894736842106,19,1.3333333333333333,0,0.0,11.131797442793808,1.0477315250650356,2,0.14035087719298245,0.0,0.0,0.03508771929824561,0.7287910866177055
bayes-fix-seed42,dense_circle,2,206,1542568624,success,52,13.0,0.2362752769803762,0,0.0,0,1.0135057207828089,14.097493715011156,15.864045731723309,9.697395724369347,23,1.7692307692307692,11,0.8461538461538461,0,0.0,6.460249344804578,0.6661839455071541,1,0.07692307692307693,0.0,0.0,0.07692307692307693,0.8063405430210515
bayes-fix-seed42,dense_circle,2,207,1542568625,success,55,13.75,0.19049520500233696,0,0.0,2,0.7931943964954827,14.391591399908066,16.580616682767868,9.525531574825015,34,2.4727272727272727,18,1.309090909090909,0,0.0,9.387032828837519,0.9854602606794635,6,0.43636363636363634,0.0,0.0,0.05454545454545454,0.8263673300775517
bayes-fix-seed42,dense_circle,2,208,1542568626,success,54,13.5,0.30371377606611716,0,0.0,0,0.7557980592127352,13.917799280197531,15.565073490142822,10.142143275133972,31,2.2962962962962963,15,1.1111111111111112,1,0.07407407407407407,14.83250410618129,1.4624624898118845,6,0.4444444444444444,0.0,0.0,0.05555555555555555,0.76595516629932
bayes-fix-seed42,dense_circle,2,209,1542568627,success,58,14.5,0.47163941115536245,0,0.0,0,1.1458458341868183,14.233373683588258,15.588968247175217,10.276332177947218,26,1.793103448275862,10,0.6896551724137931,2,0.13793103448275862,11.325013881225846,1.1020482488420407,3,0.20689655172413793,0.0784313725490196,0.0,0.08620689655172414,0.7514560251312101
bayes-fix-seed42,dense_circle,2,210,1542568628,success,56,14.0,0.19929000949579256,0,0.0,1,0.6509869100566509,14.163763927561897,15.691895969212055,9.92732222478844,35,2.5,19,1.3571428571428572,1,0.07142857142857142,10.891607834141315,1.097134512965144,2,0.14285714285714285,0.0,0.0,0.07142857142857142,0.7861420446132216
bayes-fix-seed42,dense_circle,2,211,1542568629,success,63,15.75,0.34713827814202103,0,0.0,0,0.9212867009368241,13.982455704420332,15.637296810746193,10.258725296321863,32,2.0317460317460316,9,0.5714285714285714,1,0.06349206349206349,14.0780261739236,1.3722978018498164,5,0.31746031746031744,0.03571428571428571,0.0,0.047619047619047616,0.7545908669257744
bayes-fix-seed42,dense_circle,2,212,1542568630,success,49,12.25,0.30518397159580923,0,0.0,0,1.0123950757389342,13.756321933196515,15.126266330480574,9.30862276021922,32,2.6122448979591835,13,1.0612244897959184,0,0.0,8.210536242972939,0.8820355550405373,3,0.24489795918367346,0.0,0.0,0.061224489795918366,0.8277377470335936
bayes-fix-seed42,dense_circle,2,213,1542568631,success,58,14.5,0.2767475523191031,0,0.0,0,1.27686357133279,13.99983144525824,15.518411062657833,11.297790156351283,34,2.3448275862068964,13,0.896551724137931,1,0.06896551724137931,14.560043441242689,1.2887514495971997,4,0.27586206896551724,0.13725490196078433,0.11764705882352941,0.13793103448275862,0.6822717690772198
bayes-fix-seed42,dense_circle,2,214,1542568632,success,66,16.5,0.2510546386882301,0,0.0,0,1.602051116398508,14.359760916594302,15.759562142193317,10.48734681553762,35,2.121212121212121,14,0.8484848484848485,10,0.6060606060606061,35.40733959012158,3.376196116415596,8,0.48484848484848486,0.2033898305084746,0.05084745762711865,0.19696969696969696,0.7363042731184871
bayes-fix-seed42,dense_circle,2,215,1542568633,success,57,14.25,0.14765715015791392,0,0.0,4,0.927000358148332,14.4199035538916,16.04687348008156,11.697911593924802,34,2.3859649122807016,14,0.9824561403508771,0,0.0,11.242588721400002,0.9610765674822447,2,0.14035087719298245,0.0,0.0,0.05263157894736842,0.6631655584753238
bayes-fix-seed42,dense_circle,2,216,1542568634,success,55,13.75,0.17860026657449257,0,0.0,2,0.8958369191093637,14.088392528620632,15.553296729922295,9.619421505020993,34,2.4727272727272727,13,0.9454545454545454,0,0.0,13.75783230074283,1.4302141031622053,1,0.07272727272727272,0.0,0.0,0.01818181818181818,0.8048731539647392
bayes-fix-seed42,dense_circle,2,217,1542568635,success,52,13.0,0.4221535217277911,0,0.0,0,1.1086791528696192,13.911737487293207,15.579325146973133,8.775182273738134,20,1.5384615384615385,9,0.6923076923076923,0,0.0,10.606089144136389,1.2086460216191395,1,0.07692307692307693,0.0,0.0,0.038461538461538464,0.8840907241038043
bayes-fix-seed42,dense_circle,2,218,1542568636,success,54,13.5,0.24492857900636844,0,0.0,0,0.6695812686304469,14.020667928788397,15.808767266571522,10.442589234260794,34,2.5185185185185186,16,1.1851851851851851,2,0.14814814814814814,16.25336099926044,1.55644932828874,7,0.5185185185185185,0.06382978723404255,0.02127659574468085,0.1111111111111111,0.7427345148690149
bayes-fix-seed42,dense_circle,2,219,1542568637,success,55,13.75,0.26425475756591443,0,0.0,0,0.9306293340499764,14.707795056429775,16.430510208010674,9.1936862750957,35,2.5454545454545454,17,1.2363636363636363,1,0.07272727272727272,15.484650355443419,1.6842700405591373,6,0.43636363636363634,0.0,0.0,0.03636363636363636,0.8450968168341336
bayes-fix-seed42,dense_circle,2,220,1542568638,success,56,14.0,0.19879396588463416,0,0.0,1,1.241676264297806,14.018693606236152,15.262160450220108,10.363448913127044,26,1.8571428571428572,14,1.0,0,0.0,13.792161732896444,1.3308466948128013,2,0.14285714285714285,0.0,0.0,0.07142857142857142,0.7492281745221041
bayes-fix-seed42,dense_circle,2,221,1542568639,success,54,13.5,0.5432788263833702,0,0.0,0,1.0719210938765864,14.21985037072941,15.609790198504923,9.524052880012984,22,1.6296296296296295,5,0.37037037037037035,0,0.0,5.487485846772943,0.5761712913510684,2,0.14814814814814814,0.0,0.0,0.05555555555555555,0.82520416486311
bayes-fix-seed42,dense_circle,2,222,1542568640,success,59,14.75,0.31290618465088404,0,0.0,0,0.9132978666796577,13.939718952623464,15.53112082183361,10.319556141562712,44,2.983050847457627,23,1.5593220338983051,6,0.4067796610169492,28.9829141952177,2.8085427122671534,10,0.6779661016949152,0.0,0.0,0.06779661016949153,0.7514779617453461
bayes-fix-seed42,dense_circle,2,223,1542568641,success,53,13.25,0.2543203421112654,0,0.0,0,1.0365250306809413,13.774553348995605,15.340948849916458,8.78541651938377,33,2.490566037735849,15,1.1320754716981132,0,0.0,15.102498179026124,1.7190417945130563,5,0.37735849056603776,0.0,0.0,0.0,0.8851668398133173
bayes-fix-seed42,dense_circle,2,224,1542568642,success,55,13.75,0.1827818329625852,0,0.0,2,0.78689403405469,14.026841859925877,15.645510330796242,11.604167044725825,26,1.8909090909090909,11,0.8,2,0.14545454545454545,12.081098559024477,1.041100021437163,2,0.14545454545454545,0.041666666666666664,0.0,0.12727272727272726,0.6705768549590232
bayes-fix-seed42,dense_circle,2,225,1542568643,success,61,15.25,0.23754366481095956,0,0.0,0,0.8576115939003769,13.877677318991207,15.06822556257248,9.85679338357817,35,2.2950819672131146,17,1.1147540983606556,3,0.19672131147540983,14.762296350018929,1.4976773658067675,3,0.19672131147540983,0.018518518518518517,0.018518518518518517,0.06557377049180328,0.7881148850832214
bayes-fix-seed42,dense_circle,2,226,1542568644,success,67,16.75,0.19452417103081865,0,0.0,2,0.6226951435089693,14.094464202870183,15.70708341896534,12.593989533416535,38,2.2686567164179103,12,0.7164179104477612,0,0.0,13.677237879269786,1.086013121019276,2,0.11940298507462686,0.08333333333333333,0.0,0.029850746268656716,0.6209032798845855
bayes-fix-seed42,dense_circle,2,227,1542568645,success,56,14.0,0.26286457183391165,0,0.0,0,0.9374998781888669,13.911676925740071,15.229612588882446,9.57909991278501,26,1.8571428571428572,11,0.7857142857142857,1,0.07142857142857142,11.189776655419836,1.1681448943324093,5,0.35714285714285715,0.0,0.0,0.07142857142857142,0.8104553003893891
bayes-fix-seed42,dense_circle,2,228,1542568646,success,58,14.5,0.20411786435859425,0,0.0,0,0.7063355086426655,13.815295978866775,15.358404070138931,11.142405088617823,35,2.413793103448276,12,0.8275862068965517,2,0.13793103448275862,18.93533358025631,1.6993937511389807,9,0.6206896551724138,0.058823529411764705,0.0196078431372549,0.13793103448275862,0.712990659001053
bayes-fix-seed42,dense_circle,2,229,1542568647,success,60,15.0,0.19188085537843524,0,0.0,1,0.8490927080120011,13.943757675588131,15.176717564463615,11.087296455523923,40,2.6666666666666665,17,1.1333333333333333,1,0.06666666666666667,19.293135916194238,1.7401118472467645,9,0.6,0.1320754716981132,0.03773584905660377,0.15,0.7048267376713292
bayes-fix-seed42,dense_circle,2,230,1542568648,success,49,12.25,0.22906364028968662,0,0.0,0,0.8760351806317874,13.859581126242269,15.86863249540329,9.38063403892241,26,2.122448979591837,13,1.0612244897959184,0,0.0,8.973515245599973,0.9566000771767443,3,0.24489795918367346,0.0,0.0,0.061224489795918366,0.8328428069080214
bayes-fix-seed42,dense_circle,2,231,1542568649,success,62,15.5,0.13727947099463889,0,0.0,1,0.9514924861793077,13.992582117357562,15.524434484541416,11.731034285094267,39,2.5161290322580645,16,1.032258064516129,2,0.12903225806451613,19.782470352029787,1.6863364193868111,6,0.3870967741935484,0.2,0.12727272727272726,0.16129032258064516,0.6564672591253121
bayes-fix-seed42,dense_circle,2,232,1542568650,success,54,13.5,0.23521874900042272,0,0.0,0,1.0065591651951735,13.991808518767357,15.396210178732872,9.818357573707962,30,2.2222222222222223,18,1.3333333333333333,0,0.0,8.928088934678708,0.9093261136248231,2,0.14814814814814814,0.0,0.0,0.07407407407407407,0.7933703753083162
bayes-fix-seed42,dense_circle,2,233,1542568651,success,57,14.25,0.20220472599527917,0,0.0,0,0.7695681849511132,14.08821200592476,15.277760475873947,11.210995717048645,36,2.526315789473684,18,1.263157894736842,0,0.0,15.364818725357578,1.3705132990098448,4,0.2807017543859649,0.06,0.06,0.07017543859649122,0.6894672627092667
bayes-fix-seed42,dense_circle,2,234,1542568652,success,61,15.25,0.26358404596087115,0,0.0,0,1.3279568483932884,14.064914134682201,15.353899449110031,9.869165199658507,34,2.2295081967213113,14,0.9180327868852459,0,0.0,16.714023904550057,1.693560049549925,4,0.26229508196721313,0.2037037037037037,0.14814814814814814,0.09836065573770492,0.789360419948526
bayes-fix-seed42,dense_circle,2,235,1542568653,success,60,15.0,0.20192857436981804,0,0.0,0,1.245263115116654,13.924078084528446,15.207786113023758,10.127883305729654,25,1.6666666666666667,10,0.6666666666666666,0,0.0,11.724843585194993,1.1576795694873272,3,0.2,0.20754716981132076,0.09433962264150944,0.13333333333333333,0.7667882319991483
bayes-fix-seed42,dense_circle,2,236,1542568654,success,59,14.75,0.14262357528062775,0,0.0,2,0.9967665954632073,14.024238780898562,15.534379705786705,10.951538475786798,34,2.305084745762712,12,0.8135593220338984,0,0.0,11.332488272410341,1.0347850484628986,2,0.13559322033898305,0.057692307692307696,0.0,0.06779661016949153,0.7114035436051093
bayes-fix-seed42,dense_circle,2,237,1542568655,success,53,13.25,0.25820219492630225,0,0.0,0,1.3652173644488876,14.018796384334564,15.467198938131332,8.807747266540519,28,2.1132075471698113,11,0.8301886792452831,1,0.07547169811320754,13.136884396319326,1.491514685738615,5,0.37735849056603776,0.0,0.0,0.018867924528301886,0.8913223454341828
bayes-fix-seed42,dense_circle,2,238,1542568656,success,50,12.5,0.3843280792562702,0,0.0,0,0.7521920691578081,13.883789852261543,15.61859231442213,9.830260667499203,23,1.84,8,0.64,0,0.0,6.882004732941816,0.7000836463772616,3,0.24,0.0,0.0,0.08,0.7956098141679321
bayes-fix-seed42,dense_circle,2,239,1542568657,success,56,14.0,0.24667489876673832,0,0.0,0,1.0428275041417696,13.797458128205367,15.367817133665085,9.170922015961857,36,2.5714285714285716,19,1.3571428571428572,2,0.14285714285714285,17.373609529662154,1.8944234286829218,5,0.35714285714285715,0.0,0.0,0.05357142857142857,0.84718548687033
bayes-fix-seed42,dense_circle,2,240,1542568658,success,72,18.0,0.11124756266052305,0,0.0,11,0.8780691660277492,14.430395430988735,16.12857822328806,16.020322674287257,30,1.6666666666666667,13,0.7222222222222222,1,0.05555555555555555,13.357117428482725,0.8337608236768541,2,0.1111111111111111,0.046153846153846156,0.0,0.09722222222222222,0.48082606717626675
bayes-fix-seed42,dense_circle,2,241,1542568659,success,51,12.75,0.2272358637455837,0,0.0,0,0.9464683857686488,14.455369655408111,16.719693318009377,10.001262923900041,32,2.5098039215686274,13,1.0196078431372548,0,0.0,10.155471434216755,1.0154189037414667,3,0.23529411764705882,0.0,0.0,0.058823529411764705,0.7782970035746224
bayes-fix-seed42,dense_circle,2,242,1542568660,success,54,13.5,0.2723360599299264,0,0.0,0,0.9497939087435299,14.235706861924243,15.959944948554039,10.307895725699385,27,2.0,15,1.1111111111111112,3,0.2222222222222222,13.529431143257934,1.3125308504554134,5,0.37037037037037035,0.0425531914893617,0.0425531914893617,0.1111111111111111,0.7613078715408275
bayes-fix-seed42,dense_circle,2,243,1542568661,success,57,14.25,0.26600260528230335,0,0.0,0,0.8616314128541517,14.427125584660915,17.210534214973446,10.443127041078709,33,2.3157894736842106,13,0.9122807017543859,0,0.0,8.721910456006992,0.8351818781576437,3,0.21052631578947367,0.06,0.04,0.08771929824561403,0.7516462195212615
bayes-fix-seed42,dense_circle,2,244,1542568662,success,59,14.75,0.22021165752566596,0,0.0,0,0.9154571892812429,14.271861605219922,16.09778068959713,10.208222444797228,32,2.169491525423729,17,1.152542372881356,2,0.13559322033898305,13.474677305418094,1.3199827274811848,3,0.2033898305084746,0.038461538461538464,0.019230769230769232,0.11864406779661017,0.7610666704302558
bayes-fix-seed42,dense_circle,2,245,1542568663,success,51,12.75,0.29306696603577487,0,0.0,0,0.6650423007914531,14.540632492771335,16.58604107797146,10.031609207569161,26,2.0392156862745097,13,1.0196078431372548,2,0.1568627450980392,13.609915974318941,1.356703166232775,3,0.23529411764705882,0.13636363636363635,0.06818181818181818,0.09803921568627451,0.7803809014962675
bayes-fix-seed42,dense_circle,2,246,1542568664,success,66,16.5,0.18842390164403733,0,0.0,2,1.1255777078397171,14.356386029359067,15.722381882369518,10.977009878288246,35,2.121212121212121,16,0.9696969696969697,1,0.06060606060606061,19.551652985087028,1.7811456126826326,7,0.42424242424242425,0.2033898305084746,0.1016949152542373,0.16666666666666666,0.7105802592997978
bayes-fix-seed42,dense_circle,2,247,1542568665,success,52,13.0,0.24981551656837553,0,0.0,0,1.0292761170070917,14.187718956516338,16.356597654521465,9.59266764054115,25,1.9230769230769231,13,1.0,2,0.15384615384615385,14.418113407912475,1.503034812441298,4,0.3076923076923077,0.022222222222222223,0.022222222222222223,0.07692307692307693,0.8167181370394303
bayes-fix-seed42,dense_circle,2,248,1542568666,success,63,15.75,0.20898203577605767,0,0.0,0,0.8555331763888978,14.091099597631938,15.920307114720345,10.069180554496139,36,2.2857142857142856,18,1.1428571428571428,3,0.19047619047619047,19.795445757143504,1.965944065657294,5,0.31746031746031744,0.05357142857142857,0.05357142857142857,0.07936507936507936,0.7802746434442847
bayes-fix-seed42,dense_circle,2,249,1542568667,success,56,14.0,0.30330615443443165,0,0.0,0,0.8888197250692663,14.210087646331106,15.669053420424461,9.241325656523282,27,1.9285714285714286,11,0.7857142857142857,0,0.0,11.867744629212023,1.284203703051499,7,0.5,0.0,0.0,0.03571428571428571,0.8404855886783265
bayes-fix-seed42,dense_circle,2,250,1542568668,success,55,13.75,0.17515067069403178,0,0.0,1,1.6277507528046906,13.85904238982634,15.101283416152,9.492600998645509,34,2.4727272727272727,18,1.309090909090909,7,0.509090909090909,29.993398161749543,3.159660683729283,8,0.5818181818181818,0.08333333333333333,0.041666666666666664,0.12727272727272726,0.8146565464606118
bayes-fix-seed42,dense_circle,2,251,1542568669,success,58,14.5,0.19777053649006116,0,0.0,1,1.1906991670327476,13.928819319297528,15.576766058802605,10.753005239784212,26,1.793103448275862,10,0.6896551724137931,0,0.0,8.650489999844613,0.8044718482828721,2,0.13793103448275862,0.0,0.0,0.05172413793103448,0.7291331301691661
bayes-fix-seed42,dense_circle,2,252,1542568670,success,52,13.0,0.09202823916767722,0,0.0,6,0.35625937066137475,14.068267594736357,15.368905663490295,10.879451186690595,38,2.923076923076923,15,1.1538461538461537,0,0.0,15.24232176300109,1.4010193622310494,5,0.38461538461538464,0.0,0.0,0.09615384615384616,0.7083402678532992
bayes-fix-seed42,dense_circle,2,253,1542568671,success,50,12.5,0.2560774730308124,0,0.0,0,1.0323979376124783,13.86537179350853,15.266162902116776,11.045708179469708,22,1.76,8,0.64,1,0.08,9.27603242133868,0.8397861206020031,3,0.24,0.046511627906976744,0.0,0.12,0.708044247127323
bayes-fix-seed42,dense_circle,2,254,1542568672,success,57,14.25,0.17591839026204537,0,0.0,1,0.6517544310761088,14.272225922659823,15.91436192393303,10.792605974946275,36,2.526315789473684,15,1.0526315789473684,1,0.07017543859649122,15.392620829487756,1.4262191045628698,3,0.21052631578947367,0.0,0.0,0.10526315789473684,0.7201233770493797
bayes-fix-seed42,dense_circle,2,255,1542568673,success,52,13.0,0.18551745099038708,0,0.0,5,0.5572071689860381,13.783390848682476,15.535496920347214,11.844214339524624,23,1.7692307692307692,9,0.6923076923076923,0,0.0,9.980908803129463,0.8426822174116492,4,0.3076923076923077,0.044444444444444446,0.0,0.11538461538461539,0.6510911033903218
bayes-fix-seed42,dense_circle,2,256,1542568674,success,60,15.0,0.19246112188622555,0,0.0,1,1.1046773499437164,14.040435167650381,15.557725168764591,10.165132739590574,34,2.2666666666666666,12,0.8,1,0.06666666666666667,15.343283277595113,1.5094031401908778,4,0.26666666666666666,0.0,0.0,0.05,0.7729227140947122
bayes-fix-seed42,dense_circle,2,257,1542568675,success,47,11.75,0.29755360193748326,0,0.0,0,0.9959694724530113,13.682033153290444,15.38308635354042,9.002136966800856,23,1.9574468085106382,11,0.9361702127659575,3,0.2553191489361702,14.06636894649142,1.5625588677851754,5,0.425531914893617,0.0,0.0,0.06382978723404255,0.8696546834070396
bayes-fix-seed42,dense_circle,2,258,1542568676,success,54,13.5,0.20348806892325377,0,0.0,0,0.7605876416213568,14.068141924562278,15.737511031329632,9.412650292376423,33,2.4444444444444446,18,1.3333333333333333,4,0.2962962962962963,20.373708596428926,2.1645028725788507,7,0.5185185185185185,0.0,0.0,0.05555555555555555,0.8196771939158038
bayes-fix-seed42,dense_circle,2,259,1542568677,success,59,14.75,0.21111900993578647,0,0.0,0,0.7223141542762738,14.311825761855658,16.078974679112434,10.359594110656744,35,2.3728813559322033,17,1.152542372881356,0,0.0,10.919848840243986,1.0540807606555664,1,0.06779661016949153,0.038461538461538464,0.019230769230769232,0.06779661016949153,0.7532117574742556
bayes-fix-seed42,dense_circle,2,260,1542568678,success,71,17.75,0.11751501885922921,0,0.0,9,0.5762696951366724,14.16234435959601,15.816185623407364,15.104256711512665,42,2.3661971830985915,16,0.9014084507042254,2,0.11267605633802817,22.77182821223397,1.5076430867913533,6,0.3380281690140845,0.09375,0.0625,0.14084507042253522,0.5155969369978404
bayes-fix-seed42,dense_circle,2,261,1542568679,success,55,13.75,0.39950897910644245,0,0.0,0,1.6584655941747661,13.95906921137463,15.458058565855026,9.015171497543475,28,2.036363636363636,16,1.1636363636363636,2,0.14545454545454545,14.01150497553207,1.5542139136621012,4,0.2909090909090909,0.08333333333333333,0.08333333333333333,0.03636363636363636,0.8671739303574475
bayes-fix-seed42,dense_circle,2,262,1542568680,success,49,12.25,0.22157250060489497,0,0.0,0,1.281493569095238,14.132647718093834,15.787454694509506,8.971534814232369,24,1.9591836734693877,10,0.8163265306122449,0,0.0,9.564604568774595,1.0661057184553735,2,0.16326530612244897,0.0,0.0,0.02040816326530612,0.8622463582216631
bayes-fix-seed42,dense_circle,2,263,1542568681,success,59,14.75,0.21402951186900965,0,0.0,0,0.8181461047635965,14.177718657558247,15.875466167926787,9.313364907275563,37,2.5084745762711864,16,1.0847457627118644,3,0.2033898305084746,21.826773343551785,2.3435969234385734,10,0.6779661016949152,0.0,0.0,0.06779661016949153,0.8368048416622247
bayes-fix-seed42,dense_circle,2,264,1542568682,success,59,14.75,0.32686220206383687,0,0.0,0,1.4821452657703194,14.207079627756345,15.781302005052565,10.70788692272209,27,1.8305084745762712,11,0.7457627118644068,2,0.13559322033898305,12.808452524760627,1.1961699462459905,5,0.3389830508474576,0.038461538461538464,0.038461538461538464,0.05084745762711865,0.7334297925926677
bayes-fix-seed42,dense_circle,2,265,1542568683,success,52,13.0,0.33970225878795035,0,0.0,0,1.256629475031287,13.797159020144205,15.100328624248503,10.387143672684502,31,2.3846153846153846,15,1.1538461538461537,8,0.6153846153846154,28.968938562729644,2.788922486834417,8,0.6153846153846154,0.06666666666666667,0.06666666666666667,0.11538461538461539,0.7531166017497641
bayes-fix-seed42,dense_circle,2,266,1542568684,success,51,12.75,0.3768299829647881,0,0.0,0,0.8755429951813012,13.782291947042241,15.570022165775299,9.300326753910376,28,2.196078431372549,12,0.9411764705882353,0,0.0,7.258885854212709,0.7804979380063898,5,0.39215686274509803,0.0,0.0,0.058823529411764705,0.8419552482462612
bayes-fix-seed42,dense_circle,2,267,1542568685,success,49,12.25,0.22133356197591492,0,0.0,0,0.7716714780545345,13.887061224300034,15.178562700748444,9.282753639692759,33,2.693877551020408,18,1.469387755102041,3,0.24489795918367346,20.657984979401526,2.225415623556855,5,0.40816326530612246,0.023809523809523808,0.023809523809523808,0.0,0.833841222121567
bayes-fix-seed42,dense_circle,2,268,1542568686,success,66,16.5,0.22681756273768683,0,0.0,0,0.608448859743281,13.81172098670945,14.933922328054905,15.91141668038252,27,1.6363636363636365,11,0.6666666666666666,1,0.06060606060606061,15.517028696292549,0.9752135217113497,3,0.18181818181818182,0.13559322033898305,0.06779661016949153,0.19696969696969696,0.49430660583029873
bayes-fix-seed42,dense_circle,2,269,1542568687,success,53,13.25,0.17884781995214305,0,0.0,1,0.5454302817580663,13.713607670001263,15.205534547567368,8.949107706102005,32,2.4150943396226414,17,1.2830188679245282,3,0.22641509433962265,12.972459940830833,1.449581384743585,4,0.3018867924528302,0.0,0.0,0.03773584905660377,0.8651048252603356
bayes-fix-seed42,dense_circle,2,270,1542568688,success,52,13.0,0.21826432409986463,0,0.0,0,0.9108168182788202,13.680652643625553,14.923221617937088,10.214247473164058,27,2.076923076923077,8,0.6153846153846154,1,0.07692307692307693,10.528073461042792,1.0307243376179451,4,0.3076923076923077,0.06666666666666667,0.0,0.09615384615384616,0.7641557603435305
bayes-fix-seed42,dense_circle,2,271,1542568689,success,53,13.25,0.20498254110103187,0,0.0,0,0.8127742543204072,13.757917397427109,15.235687047243118,8.955489645895785,34,2.5660377358490565,21,1.5849056603773586,1,0.07547169811320754,14.21037776061687,1.5867784255804873,4,0.3018867924528302,0.0,0.0,0.018867924528301886,0.8642410700354702
bayes-fix-seed42,dense_circle,2,272,1542568690,success,57,14.25,0.2838429348480649,0,0.0,0,1.0419240598122126,13.873731358009472,15.579790621995926,10.21063157184505,34,2.3859649122807016,15,1.0526315789473684,1,0.07017543859649122,16.388292856008853,1.6050224455456976,5,0.3508771929824561,0.1,0.04,0.07017543859649122,0.7639409360601264
bayes-fix-seed42,dense_circle,2,273,1542568691,success,55,13.75,0.23022045175605177,0,0.0,0,0.9715762423440418,13.778127255764874,14.996190369129181,10.501785747310667,32,2.327272727272727,18,1.309090909090909,9,0.6545454545454545,26.052752725072928,2.4807926339331963,10,0.7272727272727273,0.08333333333333333,0.08333333333333333,0.12727272727272726,0.7380898829606581
bayes-fix-seed42,dense_circle,2,274,1542568692,collision,49,12.25,-0.05713728167072951,1,0.25,4,0.5126650414346463,14.144831242001786,16.123424470424652,9.214791031953178,28,2.2857142857142856,13,1.0612244897959184,2,0.16326530612244897,17.444451633323073,1.8930924828173261,7,0.5714285714285714,0.0,0.0,0.061224489795918366,0.5910386605803083
bayes-fix-seed42,dense_circle,2,275,1542568693,success,70,17.5,0.24567549424772983,0,0.0,0,1.2806038148588306,14.22539869589465,15.436067245900631,13.60730793470689,37,2.1142857142857143,14,0.8,6,0.34285714285714286,25.565335747924117,1.87879453236426,6,0.34285714285714286,0.25396825396825395,0.23809523809523808,0.2571428571428571,0.5702280635922748
bayes-fix-seed42,dense_circle,2,276,1542568694,success,52,13.0,0.21161948259667207,0,0.0,0,0.7676265710927619,13.965380234787098,15.377753414213657,8.675485115831469,20,1.5384615384615385,6,0.46153846153846156,0,0.0,7.62464836472989,0.8788728541319312,5,0.38461538461538464,0.0,0.0,0.019230769230769232,0.9014803007717793
bayes-fix-seed42,dense_circle,2,277,1542568695,success,50,12.5,0.3678018944689666,0,0.0,0,0.945488000764788,13.63775558769703,15.091014839708805,8.700095318344431,28,2.24,16,1.28,0,0.0,9.352263315910346,1.0749610175179112,4,0.32,0.0,0.0,0.02,0.8932726594419428
bayes-fix-seed42,dense_circle,2,278,1542568696,success,59,14.75,0.24950275534456212,0,0.0,0,1.2701575565028163,13.833689550727101,15.04422053694725,10.012432938901746,33,2.23728813559322,17,1.152542372881356,5,0.3389830508474576,23.120363842104226,2.3091654129610855,7,0.4745762711864407,0.0,0.0,0.1016949152542373,0.7740815095842499
bayes-fix-seed42,dense_circle,2,279,1542568697,success,53,13.25,0.2274507535849546,0,0.0,0,0.6691738148091835,13.986447158287156,15.837379544973373,10.093128242495753,29,2.188679245283019,7,0.5283018867924528,2,0.1509433962264151,12.26854624564648,1.2155345647934426,3,0.22641509433962265,0.021739130434782608,0.021739130434782608,0.09433962264150944,0.7643245232950558
bayes-fix-seed42,dense_circle,2,280,1542568698,success,52,13.0,0.1360603958261507,0,0.0,4,0.6912897434793467,13.620062731206417,14.994151331484318,11.083664661344613,30,2.3076923076923075,13,1.0,0,0.0,12.20213741530425,1.1009118182599318,4,0.3076923076923077,0.0,0.0,0.07692307692307693,0.6961718293863525
bayes-fix-seed42,dense_circle,2,281,1542568699,success,51,12.75,0.24312698622641182,0,0.0,0,0.8042752282752652,13.835195159795237,16.077682375907898,10.408318508838285,29,2.2745098039215685,19,1.4901960784313726,2,0.1568627450980392,15.15083899792348,1.4556471331135816,2,0.1568627450980392,0.0,0.0,0.058823529411764705,0.7458032990296359
bayes-fix-seed42,dense_circle,2,282,1542568700,success,56,14.0,0.3330069673208731,0,0.0,0,0.7617672377757833,14.015772313411746,15.519503504037857,9.622422200873352,37,2.642857142857143,20,1.4285714285714286,6,0.42857142857142855,26.260340580632135,2.729077983945528,13,0.9285714285714286,0.0,0.0,0.0,0.804194572593194
bayes-fix-seed42,dense_circle,2,283,1542568701,success,55,13.75,0.21170684360103598,0,0.0,0,0.9737179371463627,14.023133164102381,15.516557171940804,9.738337194005771,31,2.2545454545454544,12,0.8727272727272727,0,0.0,9.62869120519876,0.9887407894569001,2,0.14545454545454545,0.08333333333333333,0.0,0.07272727272727272,0.8057443840654268
bayes-fix-seed42,dense_circle,2,284,1542568702,success,51,12.75,0.18258685210650993,0,0.0,1,0.6079176073375282,13.691215173286551,14.935169368982315,10.282038900927445,24,1.8823529411764706,9,0.7058823529411765,2,0.1568627450980392,11.934969019897565,1.160758983203324,3,0.23529411764705882,0.022727272727272728,0.022727272727272728,0.09803921568627451,0.7640809614522056
bayes-fix-seed42,dense_circle,2,285,1542568703,success,68,17.0,0.16237200497775173,0,0.0,5,0.543631697225841,13.983290423365201,15.325183235108852,12.231277325977011,43,2.5294117647058822,12,0.7058823529411765,2,0.11764705882352941,23.301166053140637,1.905047644014513,7,0.4117647058823529,0.21311475409836064,0.09836065573770492,0.17647058823529413,0.6346242107001345
bayes-fix-seed42,dense_circle,2,286,1542568704,success,52,13.0,0.3230111585499098,0,0.0,0,0.7149586307665363,13.684825541881414,14.956997334957123,10.236120721826252,28,2.1538461538461537,20,1.5384615384615385,1,0.07692307692307693,12.770095911190708,1.2475522962484527,2,0.15384615384615385,0.0,0.0,0.019230769230769232,0.7618016589363221
bayes-fix-seed42,dense_circle,2,287,1542568705,success,58,14.5,0.24359437278768403,0,0.0,0,0.904439390619165,13.889011830605309,15.534234791994095,9.808524316647459,33,2.2758620689655173,16,1.103448275862069,4,0.27586206896551724,19.303424979937155,1.968025398802808,4,0.27586206896551724,0.0784313725490196,0.0,0.10344827586206896,0.7919976139060586
bayes-fix-seed42,dense_circle,2,288,1542568706,success,54,13.5,0.30417198817199687,0,0.0,0,0.6897476093459721,13.726751630504927,14.806239306926727,8.77542588805892,30,2.2222222222222223,9,0.6666666666666666,0,0.0,11.018889898788903,1.255653006400835,5,0.37037037037037035,0.0851063829787234,0.0,0.037037037037037035,0.8848916235772474
bayes-fix-seed42,dense_circle,2,289,1542568707,success,52,13.0,0.22649749579266076,0,0.0,0,0.9301091395868989,13.967306711352789,15.400870330631733,10.142949270034514,16,1.2307692307692308,4,0.3076923076923077,0,0.0,5.357212370844258,0.5281710701907147,1,0.07692307692307693,0.06666666666666667,0.0,0.09615384615384616,0.7714583949041351
bayes-fix-seed42,dense_circle,2,290,1542568708,success,63,15.75,0.23087896450029755,0,0.0,0,0.7217164177486664,13.920968309754418,15.123626962304115,11.5974435711074,32,2.0317460317460316,11,0.6984126984126984,2,0.12698412698412698,15.306045738723157,1.319777556569015,4,0.25396825396825395,0.08928571428571429,0.05357142857142857,0.06349206349206349,0.6681399431496547
bayes-fix-seed42,dense_circle,2,291,1542568709,success,59,14.75,0.2130184675754564,0,0.0,0,1.1542865760711898,14.000088860422878,15.207412466406822,10.26994264405844,36,2.440677966101695,20,1.3559322033898304,6,0.4067796610169492,25.647834516267817,2.4973688174496362,8,0.5423728813559322,0.0,0.0,0.1016949152542373,0.7589455269346236
bayes-fix-seed42,dense_circle,2,292,1542568710,success,65,16.25,0.12452550860814915,0,0.0,5,0.6934047882090653,13.82201061798976,15.117309242486954,14.63756127289815,33,2.0307692307692307,18,1.1076923076923078,1,0.06153846153846154,15.820903279378557,1.0808428388048081,2,0.12307692307692308,0.06896551724137931,0.0,0.1076923076923077,0.5300046688990165
bayes-fix-seed42,dense_circle,2,293,1542568711,success,55,13.75,0.23985662609071878,0,0.0,0,0.791495443034806,13.91408849846233,15.039268508553505,9.058233510960822,28,2.036363636363636,14,1.018181818181818,4,0.2909090909090909,20.0855723221873,2.2173829254769113,6,0.43636363636363634,0.0,0.0,0.07272727272727272,0.86415783557772
bayes-fix-seed42,dense_circle,2,294,1542568712,success,53,13.25,0.2357194679976764,0,0.0,0,1.0824698050975685,13.770495594110129,15.085821598768234,9.941866110208903,25,1.8867924528301887,10,0.7547169811320755,0,0.0,6.85813467403233,0.689823680786647,2,0.1509433962264151,0.043478260869565216,0.0,0.09433962264150944,0.7852824164249448
bayes-fix-seed42,dense_circle,2,295,1542568713,success,54,13.5,0.2092468595614836,0,0.0,0,0.7415032230278469,13.777483323657954,15.227657929062843,9.09621599499394,32,2.3703703703703702,11,0.8148148148148148,0,0.0,12.032174508178542,1.3227670181535258,7,0.5185185185185185,0.0,0.0,0.018518518518518517,0.8564269532796045
bayes-fix-seed42,dense_circle,2,296,1542568714,success,55,13.75,0.18238469562646364,0,0.0,2,0.42230750173931547,14.062766392122615,15.416191145777702,12.463428885834068,26,1.8909090909090909,13,0.9454545454545454,1,0.07272727272727272,10.075019224289797,0.8083665672246153,2,0.14545454545454545,0.1875,0.020833333333333332,0.21818181818181817,0.6208545492050345
bayes-fix-seed42,dense_circle,2,297,1542568715,success,55,13.75,0.217473101765017,0,0.0,0,0.6713522092299048,13.7944104319269,15.092425048351288,10.036921811191572,35,2.5454545454545454,14,1.018181818181818,2,0.14545454545454545,15.118410904190101,1.5062796331971486,3,0.21818181818181817,0.0,0.0,0.05454545454545454,0.7726977876349176
bayes-fix-seed42,dense_circle,2,298,1542568716,success,58,14.5,0.19567592159950642,0,0.0,1,0.7728458054812634,13.633121575774817,14.747964218258858,9.094428456758472,33,2.2758620689655173,19,1.3103448275862069,0,0.0,12.509435296821895,1.3755053829166781,5,0.3448275862068966,0.0,0.0,0.06896551724137931,0.853382663921202
bayes-fix-seed42,dense_circle,2,299,1542568717,success,48,12.0,0.22525233202532513,0,0.0,0,0.6394144022274824,13.583450500542918,15.041561424732208,9.637937558253409,22,1.8333333333333333,10,0.8333333333333334,0,0.0,7.945424994003436,0.8243905862618298,1,0.08333333333333333,0.0,0.0,0.0625,0.8078002283716603
bayes-fix-seed42,dense_circle,2,300,1542568718,success,64,16.0,0.14764637893843713,0,0.0,7,0.5435963401288597,13.88197235064581,15.228054858744144,14.224873120663968,36,2.25,16,1.0,1,0.0625,16.643202669886627,1.1700071085843033,2,0.125,0.10526315789473684,0.03508771929824561,0.140625,0.5442433248843339
bayes-fix-seed42,dense_circle,2,301,1542568719,success,53,13.25,0.3721590790430238,0,0.0,0,1.3029099156009205,13.812807792762541,15.045823156833649,9.735906092656442,27,2.0377358490566038,9,0.6792452830188679,1,0.07547169811320754,12.863376035566855,1.321230495975037,1,0.07547169811320754,0.0,0.0,0.03773584905660377,0.8042175749520107
bayes-fix-seed42,dense_circle,2,302,1542568720,success,58,14.5,0.1994409723856877,0,0.0,1,0.7665604497785875,14.017325601187245,15.549146756529808,9.396150740756859,32,2.206896551724138,14,0.9655172413793104,0,0.0,9.568814995224312,1.0183760626272738,5,0.3448275862068966,0.0,0.0,0.05172413793103448,0.8217516148703171
bayes-fix-seed42,dense_circle,2,303,1542568721,success,59,14.75,0.22331255993994992,0,0.0,0,0.9824700414695052,14.379987145884563,16.186607256531715,11.573006990421701,35,2.3728813559322033,14,0.9491525423728814,2,0.13559322033898305,17.32573823196757,1.4970818082376574,4,0.2711864406779661,0.057692307692307696,0.057692307692307696,0.13559322033898305,0.6704434587591652
bayes-fix-seed42,dense_circle,2,304,1542568722,timeout,101,25.25,0.17388481445495985,0,0.0,2,0.5551773026398804,14.246582173474945,15.64054936170578,18.64220052664792,72,2.8514851485148514,44,1.7425742574257426,37,1.4653465346534653,114.28019398240498,6.130188001091836,18,0.7128712871287128,0.46808510638297873,0.46808510638297873,0.297029702970297,0.3860993139334657
bayes-fix-seed42,dense_circle,2,305,1542568723,success,51,12.75,0.15875150825788586,0,0.0,4,0.5235482135192882,13.700784348389682,15.352034941315651,10.861774718656676,32,2.5098039215686274,18,1.411764705882353,2,0.1568627450980392,18.621522522921552,1.7144088332946532,8,0.6274509803921569,0.022727272727272728,0.022727272727272728,0.09803921568627451,0.7147769511500096
bayes-fix-seed42,dense_circle,2,306,1542568724,success,52,13.0,0.19984824183861372,0,0.0,1,0.6060703467601483,13.769170770851465,15.043566189706326,8.71934936433857,24,1.8461538461538463,13,1.0,3,0.23076923076923078,13.135147860790575,1.5064366975031718,5,0.38461538461538464,0.0,0.0,0.038461538461538464,0.8848301522348613
bayes-fix-seed42,dense_circle,2,307,1542568725,success,60,15.0,0.2708151574744906,0,0.0,0,1.2090094850283968,14.072770439088345,15.241783857345581,11.204519843436469,39,2.6,23,1.5333333333333334,10,0.6666666666666666,36.041273857933405,3.216672767913936,10,0.6666666666666666,0.09433962264150944,0.09433962264150944,0.1,0.6963906991405618
bayes-fix-seed42,dense_circle,2,308,1542568726,success,58,14.5,0.28202306851693903,0,0.0,0,1.3209173058675132,13.92332984712617,15.496872365474701,10.157785794501546,35,2.413793103448276,13,0.896551724137931,7,0.4827586206896552,29.433289045278407,2.8976087545782643,11,0.7586206896551724,0.0,0.0,0.034482758620689655,0.7615964499744324
bayes-fix-seed42,dense_circle,2,309,1542568727,success,56,14.0,0.20540300578046267,0,0.0,0,0.9226667850744327,13.885225635021925,15.209771692752838,9.198312567193373,39,2.7857142857142856,21,1.5,0,0.0,15.069864751654627,1.6383292741543363,4,0.2857142857142857,0.0,0.0,0.017857142857142856,0.8410616158347891
bayes-fix-seed42,dense_circle,2,310,1542568728,success,56,14.0,0.20434179515110118,0,0.0,0,0.9641404953363377,14.009804730968815,15.451693907380104,9.884569213494292,30,2.142857142857143,11,0.7857142857142857,1,0.07142857142857142,12.757196313678493,1.2906173287008327,3,0.21428571428571427,0.08163265306122448,0.08163265306122448,0.10714285714285714,0.7868587257392619
bayes-fix-seed42,dense_circle,2,311,1542568729,success,64,16.0,0.19083242132921863,0,0.0,1,1.4701294263005984,13.90242314664647,15.061811730265617,10.15028334955324,28,1.75,13,0.8125,1,0.0625,13.114903158959804,1.292072615838557,2,0.125,0.14035087719298245,0.07017543859649122,0.109375,0.7656325300820226
bayes-fix-seed42,dense_circle,2,312,1542568730,success,50,12.5,0.2051100449178923,0,0.0,0,0.6854203672231287,13.731182739138603,14.916381612420082,8.900657072443023,31,2.48,18,1.44,2,0.16,16.444835241039254,1.847597891615605,7,0.56,0.0,0.0,0.02,0.8735132547580386
bayes-fix-seed42,dense_circle,2,313,1542568731,success,54,13.5,0.21598720656616077,0,0.0,0,1.055992583740581,13.690978150676798,14.90597389638424,9.982714290750813,33,2.4444444444444446,15,1.1111111111111112,4,0.2962962962962963,19.19729469265382,1.9230536038119914,7,0.5185185185185185,0.06382978723404255,0.0,0.037037037037037035,0.7790649815351444
bayes-fix-seed42,dense_circle,2,314,1542568732,success,54,13.5,0.3414290274256403,0,0.0,0,0.9661559841454695,13.768121876098492,15.290146507322788,10.08808068048945,33,2.4444444444444446,18,1.3333333333333333,8,0.5925925925925926,24.865217691374646,2.464811541353399,10,0.7407407407407407,0.0,0.0,0.1111111111111111,0.7741791740712505
bayes-fix-seed42,dense_circle,2,315,1542568733,success,59,14.75,0.3492308348210075,0,0.0,0,1.0731969929378617,13.768987635434684,14.98124971985817,10.138640406164306,31,2.1016949152542375,15,1.0169491525423728,2,0.13559322033898305,17.048425540057053,1.6815297571547747,2,0.13559322033898305,0.15384615384615385,0.15384615384615385,0.11864406779661017,0.7822887523091624
bayes-fix-seed42,dense_circle,2,316,1542568734,success,64,16.0,0.19445169665223372,0,0.0,1,0.5593116354896337,13.692772656213492,14.836886711418629,14.189198458370582,34,2.125,12,0.75,3,0.1875,20.619759591082047,1.4532011552011177,9,0.5625,0.12280701754385964,0.10526315789473684,0.15625,0.543307310263646
bayes-fix-seed42,dense_circle,2,317,1542568735,success,54,13.5,0.1940199136506452,0,0.0,1,1.2223478804234735,13.773948713033288,15.070801973342896,9.69629092935282,33,2.4444444444444446,18,1.3333333333333333,2,0.14814814814814814,16.336863664927108,1.6848570019152174,4,0.2962962962962963,0.0,0.0,0.09259259259259259,0.8043831294906748
bayes-fix-seed42,dense_circle,2,318,1542568736,success,47,11.75,0.22105599668613085,0,0.0,0,1.1398098958013163,13.897645505184823,15.286150574684143,9.240635797150134,30,2.5531914893617023,11,0.9361702127659575,0,0.0,11.404532091087239,1.2341717974216084,7,0.5957446808510638,0.0,0.0,0.02127659574468085,0.8405434818545227
bayes-fix-seed42,dense_circle,2,319,1542568737,success,57,14.25,0.33922948531081465,0,0.0,0,1.3424089614862513,14.140079484174127,15.730152279138565,9.43432237541115,31,2.175438596491228,11,0.7719298245614035,1,0.07017543859649122,20.471610446843464,2.169907878089793,7,0.49122807017543857,0.18,0.18,0.08771929824561403,0.8265417816872929
bayes-fix-seed42,dense_circle,2,320,1542568738,success,53,13.25,0.1972311013236011,0,0.0,1,0.7429894364094659,13.717859280559251,15.192784368991852,9.254771023135062,25,1.8867924528301887,5,0.37735849056603776,0,0.0,5.561238465233345,0.6009050306411007,3,0.22641509433962265,0.0,0.0,0.05660377358490566,0.8376493796086935
bayes-fix-seed42,dense_circle,2,321,1542568739,success,55,13.75,0.13188276083954908,0,0.0,4,0.9942939444257899,13.774208182638342,15.242839977145195,10.800830523388086,33,2.4,19,1.3818181818181818,8,0.5818181818181818,30.259536531752023,2.8015934947065517,9,0.6545454545454545,0.125,0.125,0.09090909090909091,0.7160764786440197
bayes-fix-seed42,dense_circle,2,322,1542568740,success,58,14.5,0.20621720250166997,0,0.0,0,0.7336413866231137,13.824658018761667,15.217774920165539,10.726813013483095,31,2.1379310344827585,12,0.8275862068965517,3,0.20689655172413793,19.04476403905505,1.7754354452824603,8,0.5517241379310345,0.11764705882352941,0.11764705882352941,0.10344827586206896,0.7311144863872101
bayes-fix-seed42,dense_circle,2,323,1542568741,success,50,12.5,0.195858950734618,0,0.0,1,0.8620563781700209,13.580765053629875,14.95080217719078,10.630241003615703,27,2.16,12,0.96,1,0.08,13.848494273342498,1.30274509003438,7,0.56,0.0,0.0,0.04,0.7269111126914231
bayes-fix-seed42,dense_circle,2,324,1542568742,success,72,18.0,0.1881753386503795,0,0.0,1,1.5632893244191455,14.155981648299429,15.466221421957016,13.742637834147272,45,2.5,24,1.3333333333333333,3,0.16666666666666666,23.45027184516529,1.7063879677376634,5,0.2777777777777778,0.24615384615384617,0.2,0.2361111111111111,0.5626845774060912
bayes-fix-seed42,dense_circle,2,325,1542568743,success,48,12.0,0.2429383913963774,0,0.0,0,0.5775447397818424,16.41595208396514,15.724780596792698,9.690759683139405,25,2.0833333333333335,13,1.0833333333333333,1,0.08333333333333333,10.43006917197237,1.0762901478321936,2,0.16666666666666666,0.0,0.0,0.0625,0.7960636654755471
bayes-fix-seed42,dense_circle,2,326,1542568744,success,55,13.75,0.2185302660713242,0,0.0,0,0.45020489143450143,13.97062052379955,15.35826101899147,13.01515177623085,23,1.6727272727272726,7,0.509090909090909,0,0.0,9.272043600502098,0.7124038013475441,4,0.2909090909090909,0.041666666666666664,0.0,0.12727272727272726,0.5933967951422998
bayes-fix-seed42,dense_circle,2,327,1542568745,success,49,12.25,0.33034704678078675,0,0.0,0,0.7573682773711577,13.751890282241666,15.248873829841614,9.503389540308365,28,2.2857142857142856,11,0.8979591836734694,0,0.0,7.40159278574498,0.7788371458784603,3,0.24489795918367346,0.0,0.0,0.04081632653061224,0.8184186578954388
bayes-fix-seed42,dense_circle,2,328,1542568746,success,52,13.0,0.19233668631183454,0,0.0,1,0.8194286485898302,13.740714066303694,15.151168592274189,9.57967447351861,36,2.769230769230769,13,1.0,2,0.15384615384615385,18.083164981760156,1.8876596518752289,5,0.38461538461538464,0.0,0.0,0.038461538461538464,0.8127933546915873
bayes-fix-seed42,dense_circle,2,329,1542568747,success,61,15.25,0.1871419994163933,0,0.0,1,0.9403774871630693,13.722974135250341,14.942843466997147,10.983345364673228,38,2.4918032786885247,20,1.3114754098360655,1,0.06557377049180328,16.028706216504354,1.459364672994714,4,0.26229508196721313,0.0,0.0,0.06557377049180328,0.7084887610348665
bayes-fix-seed42,dense_circle,2,330,1542568748,success,50,12.5,0.1825324409842457,0,0.0,3,0.8997447898966858,13.568411469459534,14.951364323496819,8.9832640387475,30,2.4,17,1.36,0,0.0,15.571123927032282,1.7333481304645368,5,0.4,0.023255813953488372,0.0,0.02,0.8650109539359384
bayes-fix-seed42,dense_circle,2,331,1542568749,success,65,16.25,0.2232468490278121,0,0.0,0,0.8454541221383196,13.794437108131556,15.299098938703537,11.293687197105463,29,1.7846153846153847,7,0.4307692307692308,3,0.18461538461538463,16.005682649849465,1.4172238322619448,4,0.24615384615384617,0.22413793103448276,0.13793103448275862,0.23076923076923078,0.6933385533522545
bayes-fix-seed42,dense_circle,2,332,1542568750,success,57,14.25,0.20955938945494812,0,0.0,0,1.257534807445917,13.632696514066897,15.211216360330582,10.405263543326974,32,2.245614035087719,16,1.1228070175438596,2,0.14035087719298245,18.969990483304393,1.8231148499328578,6,0.42105263157894735,0.02,0.0,0.12280701754385964,0.7493408307429061
bayes-fix-seed42,dense_circle,2,333,1542568751,success,52,13.0,0.19616297574335373,0,0.0,1,0.7533708701752289,13.729866379155563,15.135016851127148,9.594452555272834,30,2.3076923076923075,17,1.3076923076923077,5,0.38461538461538464,17.76306314224549,1.8513889187438237,5,0.38461538461538464,0.0,0.0,0.09615384615384616,0.8103161778366952
bayes-fix-seed42,dense_circle,2,334,1542568752,success,58,14.5,0.1972331269423997,0,0.0,1,0.6100412249005976,13.713240559244978,14.991678111255169,9.437269606793556,30,2.0689655172413794,17,1.1724137931034482,3,0.20689655172413793,20.66014233871924,2.189207599181731,7,0.4827586206896552,0.0,0.0,0.05172413793103448,0.8182484058593099
bayes-fix-seed42,dense_circle,2,335,1542568753,success,57,14.25,0.18876164056531175,0,0.0,2,1.3982787160747976,13.761237590459356,14.969895035028458,9.366739124344274,33,2.3157894736842106,17,1.1929824561403508,1,0.07017543859649122,15.782230154716801,1.6849225696591232,4,0.2807017543859649,0.0,0.0,0.03508771929824561,0.8316910366878844
bayes-fix-seed42,dense_circle,2,336,1542568754,success,46,11.5,0.40193870571886003,0,0.0,0,0.7614263736920364,13.595788213221923,15.341083519160748,10.042170066008547,26,2.260869565217391,10,0.8695652173913043,2,0.17391304347826086,12.294251615548244,1.2242624387693557,2,0.17391304347826086,0.0,0.0,0.08695652173913043,0.768167916109889
bayes-fix-seed42,dense_circle,2,337,1542568755,success,60,15.0,0.20988138216146746,0,0.0,0,0.8585816586127687,13.97776094575723,15.68289939314127,11.753474054638422,31,2.066666666666667,19,1.2666666666666666,1,0.06666666666666667,16.383804937095213,1.3939542352271126,2,0.13333333333333333,0.22641509433962265,0.22641509433962265,0.06666666666666667,0.6705217792273511
bayes-fix-seed42,dense_circle,2,338,1542568756,success,64,16.0,0.020993522496712047,0,0.0,6,0.8195214670760356,13.867910602129996,15.822841040790081,11.625090085654847,47,2.9375,23,1.4375,5,0.3125,28.444992830949456,2.4468621422598753,8,0.5,0.03508771929824561,0.0,0.09375,0.6659328328638272
bayes-fix-seed42,dense_circle,2,339,1542568757,success,50,12.5,0.18721101694843345,0,0.0,2,1.0938215165596312,13.846671506762505,15.246762335300446,9.300307503827128,23,1.84,10,0.8,0,0.0,9.172480639190972,0.9862556303021643,3,0.24,0.0,0.0,0.04,0.8365067706513294
bayes-fix-seed42,dense_circle,2,340,1542568758,success,62,15.5,0.23180847958350725,0,0.0,0,1.1096709754149459,13.804460425050028,15.003269910812378,10.088038274218068,39,2.5161290322580645,17,1.096774193548387,2,0.12903225806451613,17.630875494986995,1.7477010907111747,6,0.3870967741935484,0.03636363636363636,0.03636363636363636,0.03225806451612903,0.7658284236527768
bayes-fix-seed42,dense_circle,2,341,1542568759,success,52,13.0,0.2583332438891097,0,0.0,0,0.7277733509266854,13.59602715820074,15.361504442989826,9.013701047109016,31,2.3846153846153846,19,1.4615384615384615,0,0.0,11.896809167861726,1.319858413950551,3,0.23076923076923078,0.0,0.0,0.019230769230769232,0.8714013581045034
bayes-fix-seed42,dense_circle,2,342,1542568760,success,50,12.5,0.2989865183031152,0,0.0,0,0.760938556575307,13.598789274692535,14.874513261020184,10.122647590200012,22,1.76,11,0.88,2,0.16,16.09911803960502,1.5904058593515573,5,0.4,0.023255813953488372,0.023255813953488372,0.1,0.7705544734905788
bayes-fix-seed42,dense_circle,2,343,1542568761,success,45,11.25,0.3008136246622116,0,0.0,0,0.6834179335387974,13.826937559578154,15.19293412566185,9.602633995104839,26,2.311111111111111,15,1.3333333333333333,0,0.0,8.629904466143053,0.8987018010415,3,0.26666666666666666,0.0,0.0,0.0,0.8123359536854924
bayes-fix-seed42,dense_circle,2,344,1542568762,success,61,15.25,0.18106648830082406,0,0.0,1,1.2009877148306805,13.970894097793298,15.536375343799591,9.495702481204017,33,2.1639344262295084,10,0.6557377049180327,2,0.13114754098360656,17.76921650415596,1.8712903589101177,7,0.45901639344262296,0.0,0.0,0.03278688524590164,0.8149823493990623
bayes-fix-seed42,dense_circle,2,345,1542568763,success,48,12.0,0.30381810554738975,0,0.0,0,1.2587124402461574,13.924264504263798,15.377514995634556,8.557726802316875,25,2.0833333333333335,10,0.8333333333333334,0,0.0,7.9628829003989186,0.9304904309685474,2,0.16666666666666666,0.0,0.0,0.020833333333333332,0.9046325322673271
bayes-fix-seed42,dense_circle,2,346,1542568764,success,52,13.0,0.18666098513181917,0,0.0,1,0.7046215547562693,13.829683526777304,15.340496972203255,9.01030927026631,24,1.8461538461538463,8,0.6153846153846154,0,0.0,6.572755929986972,0.7294706244631164,2,0.15384615384615385,0.0,0.0,0.057692307692307696,0.8628640615237801
bayes-fix-seed42,dense_circle,2,347,1542568765,success,58,14.5,0.2266607504503687,0,0.0,0,0.8892321696504388,13.789556535153553,15.123721398413181,10.220906775713765,32,2.206896551724138,15,1.0344827586206897,2,0.13793103448275862,14.191102253418734,1.3884386742611412,5,0.3448275862068966,0.0196078431372549,0.0,0.10344827586206896,0.7595728648236422
bayes-fix-seed42,dense_circle,2,348,1542568766,success,71,17.75,0.16765792340251806,0,0.0,3,0.6594550073132608,14.105747598157802,15.58033935725689,12.54844052551767,40,2.2535211267605635,21,1.1830985915492958,4,0.22535211267605634,26.168790403792013,2.085421718386194,6,0.3380281690140845,0.03125,0.03125,0.08450704225352113,0.6160703255625938
bayes-fix-seed42,dense_circle,2,349,1542568767,success,58,14.5,0.32010170184602926,0,0.0,0,1.0785531886819029,13.876861988984306,15.166050381958485,11.05993522365157,34,2.3448275862068964,17,1.1724137931034482,2,0.13793103448275862,17.612782790113464,1.592485166861438,5,0.3448275862068966,0.09803921568627451,0.09803921568627451,0.06896551724137931,0.7031175324469942
bayes-fix-seed42,dense_circle,2,350,1542568768,success,55,13.75,0.16698457116867693,0,0.0,2,0.7748553273638826,13.703981516036121,14.994454756379128,11.513329609449375,27,1.9636363636363636,11,0.8,1,0.07272727272727272,13.224628192969053,1.1486362886818735,2,0.14545454545454545,0.0,0.0,0.03636363636363636,0.6695137916127241
bayes-fix-seed42,dense_circle,2,351,1542568769,success,47,11.75,0.19328060095920951,0,0.0,1,0.4189862144468367,13.879995317535197,15.461284294724464,10.553455109127624,23,1.9574468085106382,8,0.6808510638297872,0,0.0,9.330851111292617,0.8841513054073084,3,0.2553191489361702,0.0,0.0,0.0851063829787234,0.7414483870805225
bayes-fix-seed42,dense_circle,2,352,1542568770,success,51,12.75,0.20568074093212574,0,0.0,0,0.7925420209439739,13.777914511806825,15.098979696631432,9.057988996578175,33,2.588235294117647,20,1.5686274509803921,1,0.0784313725490196,13.60347009620332,1.5018201171741639,5,0.39215686274509803,0.0,0.0,0.0392156862745098,0.8632609890397493
bayes-fix-seed42,dense_circle,2,353,1542568771,success,50,12.5,0.10858844084155328,0,0.0,5,0.4951250941478268,13.6159148812294,15.135567262768745,10.314241359356426,35,2.8,13,1.04,2,0.16,16.16800841065373,1.567542182439539,6,0.48,0.0,0.0,0.04,0.747917609597164
bayes-fix-seed42,dense_circle,2,354,1542568772,success,61,15.25,0.20502845665749747,0,0.0,0,1.6548796550077478,13.742314193580972,15.09213075041771,9.949627920539088,35,2.2950819672131146,14,0.9180327868852459,2,0.13114754098360656,18.592610554165,1.868673954709818,6,0.39344262295081966,0.1111111111111111,0.07407407407407407,0.14754098360655737,0.7925572055575599
bayes-fix-seed42,dense_circle,2,355,1542568773,success,59,14.75,0.23489309070584585,0,0.0,0,0.8753878947388319,13.82695327875978,15.144779905676842,9.604417950429912,33,2.23728813559322,15,1.0169491525423728,0,0.0,13.108659395896588,1.3648572421101082,5,0.3389830508474576,0.0,0.0,0.03389830508474576,0.8119304158804603
bayes-fix-seed42,dense_circle,2,356,1542568774,success,54,13.5,0.2080395014882176,0,0.0,0,0.7272081136403338,13.902873283735028,15.309394337236881,9.83565045244706,32,2.3703703703703702,13,0.9629629629629629,1,0.07407407407407407,12.039494329104741,1.2240669173139815,4,0.2962962962962963,0.02127659574468085,0.02127659574468085,0.07407407407407407,0.7870490557550238
bayes-fix-seed42,dense_circle,2,357,1542568775,success,51,12.75,0.20813430372780206,0,0.0,0,0.5804082656445432,13.586547371803546,14.920540153980255,10.192565654540763,24,1.8823529411764706,11,0.8627450980392157,0,0.0,10.717678960883628,1.0515192468845103,5,0.39215686274509803,0.045454545454545456,0.022727272727272728,0.0784313725490196,0.7624401470114671
bayes-fix-seed42,dense_circle,2,358,1542568776,success,57,14.25,0.2073801982845982,0,0.0,0,0.8552909053468982,13.670372727670168,14.801491796970367,10.392088827741963,32,2.245614035087719,15,1.0526315789473684,7,0.49122807017543857,20.292015974443945,1.952640735736771,5,0.3508771929824561,0.12,0.12,0.12280701754385964,0.7455501631866824
bayes-fix-seed42,dense_circle,2,359,1542568777,success,59,14.75,0.20493138039983128,0,0.0,0,1.505301140895468,14.251867972188077,16.199399903416634,10.415243389917922,34,2.305084745762712,15,1.0169491525423728,3,0.2033898305084746,19.19624107354995,1.8430909729994533,5,0.3389830508474576,0.15384615384615385,0.019230769230769232,0.15254237288135594,0.756468129411894
bayes-fix-seed42,dense_circle,2,360,1542568778,success,47,11.75,0.3666715205522211,0,0.0,0,0.7473381633596662,13.805019490896388,15.462087467312813,9.76189949839635,29,2.4680851063829787,13,1.1063829787234043,9,0.7659574468085106,22.291264532225608,2.283496622341537,10,0.851063829787234,0.0,0.0,0.10638297872340426,0.7942978871878177
bayes-fix-seed42,dense_circle,2,361,1542568779,success,54,13.5,0.17828568031446534,0,0.0,2,0.7733922153155091,13.751253002771625,15.224208682775497,10.635101196854999,32,2.3703703703703702,12,0.8888888888888888,1,0.07407407407407407,13.917295622059935,1.3086190121233208,5,0.37037037037037035,0.0851063829787234,0.06382978723404255,0.16666666666666666,0.7306065009793721
bayes-fix-seed42,dense_circle,2,362,1542568780,success,55,13.75,0.2611013960605202,0,0.0,0,1.1476823272200263,13.666477596217936,15.002979710698128,9.073054636651051,31,2.2545454545454544,12,0.8727272727272727,0,0.0,8.285512271126617,0.9131998651983073,5,0.36363636363636365,0.0,0.0,0.05454545454545454,0.8534664269674955
bayes-fix-seed42,dense_circle,2,363,1542568781,success,51,12.75,0.21068718797489383,0,0.0,0,0.6080506642838551,14.105217713935703,16.255874186754227,10.41595125585545,26,2.0392156862745097,8,0.6274509803921569,0,0.0,9.899225191318642,0.9503908906787246,3,0.23529411764705882,0.045454545454545456,0.0,0.09803921568627451,0.7510024649946836
bayes-fix-seed42,dense_circle,2,364,1542568782,success,55,13.75,0.21508667428419048,0,0.0,0,0.8288877497458897,13.765053925189106,15.352633967995644,10.42346303549742,28,2.036363636363636,9,0.6545454545454545,4,0.2909090909090909,21.146047852559562,2.0286969676532696,9,0.6545454545454545,0.020833333333333332,0.0,0.07272727272727272,0.7518553977932028
bayes-fix-seed42,dense_circle,2,365,1542568783,success,53,13.25,0.3759138988946952,0,0.0,0,1.3685007269095175,13.915720202450482,15.5921071767807,10.546241656324309,25,1.8867924528301887,8,0.6037735849056604,0,0.0,7.0525342000252405,0.6687248813226291,2,0.1509433962264151,0.0,0.0,0.03773584905660377,0.7349442717834528
bayes-fix-seed42,dense_circle,2,366,1542568784,success,59,14.75,0.22551890607209668,0,0.0,0,0.9979282435526143,13.68514341065439,15.215552598237991,10.339587310904522,31,2.1016949152542375,12,0.8135593220338984,0,0.0,11.165371206169938,1.0798662335772835,3,0.2033898305084746,0.15384615384615385,0.07692307692307693,0.1016949152542373,0.7504978086336223
bayes-fix-seed42,dense_circle,2,367,1542568785,success,64,16.0,0.20465800788751598,0,0.0,0,1.0093734860780375,14.285950979683548,15.80081395804882,10.005121021687453,34,2.125,15,0.9375,0,0.0,16.099783222610036,1.6091542708690458,3,0.1875,0.14035087719298245,0.07017543859649122,0.046875,0.7784982702487082
bayes-fix-seed42,dense_circle,2,368,1542568786,success,52,13.0,0.21999670446773556,0,0.0,0,0.9167286977158946,13.812237419188023,15.657696314156055,8.364161384831288,32,2.4615384615384617,13,1.0,0,0.0,10.429403410011119,1.246915611758188,4,0.3076923076923077,0.0,0.0,0.0,0.9278507627139557
bayes-fix-seed42,dense_circle,2,369,1542568787,success,57,14.25,0.18252572645041665,0,0.0,2,1.301298913819309,13.747426109355793,15.093991160392761,10.010683447519641,36,2.526315789473684,16,1.1228070175438596,8,0.5614035087719298,32.36889515252099,3.2334350918409145,14,0.9824561403508771,0.08,0.08,0.10526315789473684,0.7741313278345789
bayes-fix-seed42,dense_circle,2,370,1542568788,success,57,14.25,0.21652832850007342,0,0.0,0,0.4534257224660787,14.07791942096593,15.388382226228714,12.687653278591775,27,1.894736842105263,11,0.7719298245614035,1,0.07017543859649122,13.471615797643532,1.0617894028026884,4,0.2807017543859649,0.1,0.08,0.17543859649122806,0.6230218976850523
bayes-fix-seed42,dense_circle,2,371,1542568789,success,67,16.75,0.1982805897175539,0,0.0,1,0.8832480225325834,13.812420861934548,15.003513172268867,11.804508677152535,40,2.388059701492537,14,0.835820895522388,7,0.417910447761194,30.32124503613501,2.5686155913309094,9,0.5373134328358209,0.23333333333333334,0.13333333333333333,0.1791044776119403,0.6584912078342519
bayes-fix-seed42,dense_circle,2,372,1542568790,success,53,13.25,0.19551628961914802,0,0.0,1,0.6564534848652623,13.723513708924347,15.083403885364532,9.483199871487821,24,1.8113207547169812,10,0.7547169811320755,0,0.0,7.73540444375315,0.8156956036548811,3,0.22641509433962265,0.0,0.0,0.05660377358490566,0.8190846430467029
bayes-fix-seed42,dense_circle,2,373,1542568791,success,58,14.5,0.1530893944248375,0,0.0,4,0.6967281512081899,13.87449598004078,15.302511490881443,11.443007248881186,31,2.1379310344827585,14,0.9655172413793104,0,0.0,12.796019193138932,1.1182391931447946,2,0.13793103448275862,0.058823529411764705,0.0392156862745098,0.10344827586206896,0.6771140077712615
bayes-fix-seed42,dense_circle,2,374,1542568792,success,60,15.0,0.2523077308219229,0,0.0,0,0.7835288348088942,13.939711886147657,15.649733506143093,11.917504131723305,35,2.3333333333333335,10,0.6666666666666666,6,0.4,25.4543566794686,2.135879828370391,9,0.6,0.1509433962264151,0.1320754716981132,0.1,0.6580673297874775
bayes-fix-seed42,dense_circle,2,375,1542568793,success,53,13.25,0.28781408400975883,0,0.0,0,0.9249460216556041,14.143996502993241,15.990442782640457,9.653701605842762,32,2.4150943396226414,19,1.4339622641509433,0,0.0,17.376810681814057,1.8000153092878897,4,0.3018867924528302,0.0,0.0,0.03773584905660377,0.800769265217911
bayes-fix-seed42,dense_circle,2,376,1542568794,success,65,16.25,0.14006515039672973,0,0.0,4,0.6941108459602454,14.069228905897875,15.562878549098969,12.693299644181142,37,2.276923076923077,13,0.8,3,0.18461538461538463,18.627401893066,1.4674987919004314,6,0.36923076923076925,0.10344827586206896,0.0,0.13846153846153847,0.6097692093816018
bayes-fix-seed42,dense_circle,2,377,1542568795,success,56,14.0,0.20744167468488794,0,0.0,0,0.4791071813480795,13.851502045456852,15.333343297243118,13.219648393325478,25,1.7857142857142858,8,0.5714285714285714,0,0.0,10.689264828133528,0.8085891931536148,5,0.35714285714285715,0.08163265306122448,0.061224489795918366,0.16071428571428573,0.5879569656112273
bayes-fix-seed42,dense_circle,2,378,1542568796,success,54,13.5,0.16719209444053584,0,0.0,1,0.5893393131493615,13.7692602282321,15.12792780995369,12.112945512394372,32,2.3703703703703702,16,1.1851851851851851,0,0.0,16.065165493165757,1.3262806702735797,3,0.2222222222222222,0.0,0.0,0.07407407407407407,0.6409552830377876
bayes-fix-seed42,dense_circle,2,379,1542568797,success,49,12.25,0.29919198608651254,0,0.0,0,1.092237552360639,13.61804759624053,14.850645512342451,9.277069357214016,21,1.7142857142857142,7,0.5714285714285714,1,0.08163265306122448,10.950436937428593,1.1803767456921443,3,0.24489795918367346,0.0,0.0,0.02040816326530612,0.8386552161713717
bayes-fix-seed42,dense_circle,2,380,1542568798,success,58,14.5,0.22430080946078013,0,0.0,0,0.9125381703631896,13.977602188443315,15.247446857392788,11.162185030045931,38,2.6206896551724137,24,1.6551724137931034,6,0.41379310344827586,31.7432704199228,2.843822274445148,12,0.8275862068965517,0.09803921568627451,0.0784313725490196,0.13793103448275862,0.700936655612373
bayes-fix-seed42,dense_circle,2,381,1542568799,success,57,14.25,0.3308264249558909,0,0.0,0,0.8918188076221251,13.746260158848344,15.062396228313446,9.107334528175958,34,2.3859649122807016,13,0.9122807017543859,4,0.2807017543859649,18.96498769621636,2.0823861951642533,7,0.49122807017543857,0.0,0.0,0.05263157894736842,0.8576350367762385
bayes-fix-seed42,dense_circle,2,382,1542568800,success,64,16.0,0.22488462619660243,0,0.0,0,0.8698337208698678,14.078170759603381,15.320376865565777,10.722554712574814,34,2.125,13,0.8125,1,0.0625,12.525343821732601,1.1681305582002373,5,0.3125,0.0,0.0,0.046875,0.7253258899504597
bayes-fix-seed42,dense_circle,2,383,1542568801,success,59,14.75,0.21950304102935703,0,0.0,0,0.8508884439328778,13.818205476312315,15.360538661479948,12.91642439285765,32,2.169491525423729,13,0.8813559322033898,2,0.13559322033898305,16.5376808022914,1.2803605935583988,6,0.4067796610169492,0.07692307692307693,0.057692307692307696,0.15254237288135594,0.6034361070798315
bayes-fix-seed42,dense_circle,2,384,1542568802,success,58,14.5,0.1609148294544568,0,0.0,4,0.8378953151096136,13.861085063424603,15.446173027157784,12.213740897655594,34,2.3448275862068964,15,1.0344827586206897,0,0.0,13.004140507613315,1.0647139657358735,2,0.13793103448275862,0.0,0.0,0.06896551724137931,0.6355393937973616
bayes-fix-seed42,dense_circle,2,385,1542568803,success,52,13.0,0.33701609223596196,0,0.0,0,0.8431904747725589,14.29564505815506,16.359863057732582,9.206063746503313,29,2.230769230769231,15,1.1538461538461537,2,0.15384615384615385,11.369643230958578,1.2350167828543492,1,0.07692307692307693,0.0,0.0,0.07692307692307693,0.8449377590045974
bayes-fix-seed42,dense_circle,2,386,1542568804,success,49,12.25,0.33287469900592037,0,0.0,0,0.7077223579733841,13.669916713724332,15.08522555232048,9.718433007150598,25,2.0408163265306123,11,0.8979591836734694,1,0.08163265306122448,12.650638498640376,1.301715872232934,6,0.4897959183673469,0.0,0.0,0.04081632653061224,0.8047909151754064
bayes-fix-seed42,dense_circle,2,387,1542568805,success,50,12.5,0.284168215818954,0,0.0,0,2.00390537082816,13.834738284349442,15.14098308980465,8.777827151754469,22,1.76,11,0.88,1,0.08,10.927250321044014,1.2448696166066484,3,0.24,0.0,0.0,0.04,0.8925236243770771
bayes-fix-seed42,dense_circle,2,388,1542568806,success,60,15.0,0.2078086241301319,0,0.0,0,1.22063798699752,13.877956010401249,15.171431563794613,10.547528958441486,30,2.0,14,0.9333333333333333,2,0.13333333333333333,15.917378916792073,1.5091097620597613,3,0.2,0.0,0.0,0.05,0.7432904270308298
bayes-fix-seed42,dense_circle,2,389,1542568807,success,56,14.0,0.19978539682180596,0,0.0,1,0.6950875071139677,13.60625441053084,15.09321853518486,10.516274654088132,29,2.0714285714285716,7,0.5,0,0.0,8.560519114782604,0.8140258215350774,4,0.2857142857142857,0.0,0.0,0.05357142857142857,0.735909809443769
bayes-fix-seed42,dense_circle,2,390,1542568808,success,53,13.25,0.24541258171258273,0,0.0,0,0.631174406350709,13.602246934512877,14.785175770521164,9.114631426004522,28,2.1132075471698113,13,0.9811320754716981,3,0.22641509433962265,11.918514192081611,1.3076243717411835,4,0.3018867924528302,0.0,0.0,0.05660377358490566,0.8469734345336136
bayes-fix-seed42,dense_circle,2,391,1542568809,success,50,12.5,0.18100119955456084,0,0.0,2,0.8500772690500971,13.906304463744164,15.648673474788666,9.505393644162051,29,2.32,11,0.88,0,0.0,9.93519580439208,1.0452166608054156,3,0.24,0.0,0.0,0.04,0.8182965965699611
bayes-fix-seed42,dense_circle,2,392,1542568810,success,53,13.25,0.20239834710516857,0,0.0,0,0.9150705488378131,13.708674682761139,15.2201347053051,9.4264965844487,35,2.641509433962264,15,1.1320754716981132,4,0.3018867924528302,18.003794650554074,1.9099136661499156,6,0.4528301886792453,0.0,0.0,0.03773584905660377,0.82261852250471
bayes-fix-seed42,dense_circle,2,393,1542568811,success,60,15.0,0.18708769617430854,0,0.0,1,0.8129314983114223,13.850453620155653,15.291718021035194,11.819629381420837,27,1.8,9,0.6,1,0.06666666666666667,12.51978600850443,1.059236766609972,4,0.26666666666666666,0.0,0.0,0.06666666666666667,0.6564535335543472
bayes-fix-seed42,dense_circle,2,394,1542568812,success,63,15.75,0.16800142176639832,0,0.0,1,0.7531016609374183,13.876318399395261,15.26172161102295,10.679070213241884,38,2.4126984126984126,15,0.9523809523809523,2,0.12698412698412698,25.891349197296023,2.424494706027042,5,0.31746031746031744,0.08928571428571429,0.08928571428571429,0.1746031746031746,0.7250551996018579
bayes-fix-seed42,dense_circle,2,395,1542568813,success,51,12.75,0.34038574974841873,0,0.0,0,1.0599352208964559,14.06891877744712,15.926377847790718,9.806919715138427,17,1.3333333333333333,5,0.39215686274509803,0,0.0,5.367366102285139,0.5473039708890263,3,0.23529411764705882,0.0,0.0,0.0784313725490196,0.8043549393599325
bayes-fix-seed42,dense_circle,2,396,1542568814,success,43,10.75,0.20663392369276556,0,0.0,0,0.859866347430449,13.760343713815821,15.191411599516869,9.855483568677352,21,1.9534883720930232,11,1.0232558139534884,0,0.0,8.068518397359943,0.8186831565528928,3,0.27906976744186046,0.0,0.0,0.0,0.7874748930266038
bayes-fix-seed42,dense_circle,2,397,1542568815,success,52,13.0,0.29324412977923087,0,0.0,0,1.6633774824065317,13.77329588509523,15.317412465810776,9.596269783687653,28,2.1538461538461537,14,1.0769230769230769,6,0.46153846153846156,21.761563868379966,2.2677107208231733,6,0.46153846153846156,0.0,0.0,0.07692307692307693,0.8044956127799694
bayes-fix-seed42,dense_circle,2,398,1542568816,success,52,13.0,0.19134629997003083,0,0.0,3,0.6290437100656294,13.741597031744627,15.045980364084244,11.20075795522999,32,2.4615384615384617,12,0.9230769230769231,2,0.15384615384615385,14.972554061334543,1.336744720418084,3,0.23076923076923078,0.022222222222222223,0.0,0.038461538461538464,0.6885587537335781
bayes-fix-seed42,dense_circle,2,399,1542568817,success,53,13.25,0.3431563645604361,0,0.0,0,1.0163749916771756,13.782950434482322,15.450703352689743,9.096487440392739,23,1.7358490566037736,8,0.6037735849056604,0,0.0,4.0683593195925685,0.44724508732097124,3,0.22641509433962265,0.0,0.0,0.05660377358490566,0.8518927794709859
bayes-fix-seed42,dense_circle,2,400,1542568818,success,57,14.25,0.1956918672315906,0,0.0,1,1.50129170174944,13.824447466616045,15.247327834367752,10.442826641245338,28,1.9649122807017543,8,0.5614035087719298,1,0.07017543859649122,14.887149174939974,1.4255861642039704,4,0.2807017543859649,0.14,0.0,0.14035087719298245,0.7382523921262363
bayes-fix-seed42,dense_circle,2,401,1542568819,success,51,12.75,0.23737195297827351,0,0.0,0,1.2642347985453,13.911320590505413,15.456663444638252,9.253018630614898,25,1.9607843137254901,10,0.7843137254901961,1,0.0784313725490196,8.860110322186783,0.9575372833328009,2,0.1568627450980392,0.0,0.0,0.058823529411764705,0.8371414726491129
bayes-fix-seed42,dense_circle,2,402,1542568820,success,53,13.25,0.1843867182300637,0,0.0,2,0.742746232264643,13.830817111258236,15.430566668510437,9.696592209046523,31,2.339622641509434,15,1.1320754716981132,0,0.0,11.251724399115943,1.1603792504152692,2,0.1509433962264151,0.0,0.0,0.03773584905660377,0.7989079063408213
bayes-fix-seed42,dense_circle,2,403,1542568821,success,52,13.0,0.3496569644715062,0,0.0,0,1.9320807523955683,13.707332957822542,15.097096562385559,9.349120077591545,29,2.230769230769231,13,1.0,1,0.07692307692307693,13.360626221955355,1.4290784706016126,5,0.38461538461538464,0.0,0.0,0.057692307692307696,0.834919794081868
bayes-fix-seed42,dense_circle,2,404,1542568822,success,65,16.25,0.20916460508465895,0,0.0,0,1.5651284927192892,13.816173546589338,15.092848241329193,12.434640523926783,36,2.2153846153846155,16,0.9846153846153847,0,0.0,15.456096138122817,1.2429869692157274,4,0.24615384615384617,0.15517241379310345,0.017241379310344827,0.12307692307692308,0.6320202569233335
bayes-fix-seed42,dense_circle,2,405,1542568823,success,65,16.25,0.2023808081663172,0,0.0,0,0.45617968254341856,14.014949076450788,15.343652665615082,14.852810373088486,39,2.4,18,1.1076923076923078,2,0.12307692307692308,18.701149593173806,1.2590983876733557,6,0.36923076923076925,0.1896551724137931,0.10344827586206896,0.2153846153846154,0.522316152983562
bayes-fix-seed42,dense_circle,2,406,1542568824,success,62,15.5,0.3213949038416175,0,0.0,0,1.5165422553968886,13.855769569354672,15.339146740734577,9.197627938949426,30,1.935483870967742,13,0.8387096774193549,1,0.06451612903225806,16.37872913973173,1.780755782735276,3,0.1935483870967742,0.18181818181818182,0.09090909090909091,0.016129032258064516,0.8468901116602223
bayes-fix-seed42,dense_circle,2,407,1542568825,success,59,14.75,0.2399886372563652,0,0.0,0,0.7066802475917356,13.743161334324691,15.002351254224777,10.260065586614648,25,1.694915254237288,13,0.8813559322033898,7,0.4745762711864407,21.599928366343917,2.1052427183821645,8,0.5423728813559322,0.0,0.0,0.0847457627118644,0.7549537484147256
bayes-fix-seed42,dense_circle,2,408,1542568826,success,56,14.0,0.23017311237792293,0,0.0,0,1.2698323541207286,13.69785490844931,15.221909619867802,10.092493788963395,32,2.2857142857142856,10,0.7142857142857143,0,0.0,8.994240093182691,0.8911811373139813,2,0.14285714285714285,0.061224489795918366,0.02040816326530612,0.07142857142857142,0.7831292674529021
bayes-fix-seed42,dense_circle,2,409,1542568827,success,54,13.5,0.20880523564328912,0,0.0,0,0.6038908602462634,13.650203261662412,15.092911943793295,9.4655433053547,37,2.740740740740741,20,1.4814814814814814,1,0.07407407407407407,14.609332729582476,1.5434225229647316,3,0.2222222222222222,0.0,0.0,0.037037037037037035,0.8244548530910611
bayes-fix-seed42,dense_circle,2,410,1542568828,success,65,16.25,0.33821023017205,0,0.0,0,1.0321799636471205,13.950164730732258,15.265298634767532,11.849066059905642,35,2.1538461538461537,14,0.8615384615384616,5,0.3076923076923077,23.39869777812652,1.974729287509167,7,0.4307692307692308,0.1206896551724138,0.10344827586206896,0.1076923076923077,0.6573180076908455
bayes-fix-seed42,dense_circle,2,411,1542568829,success,56,14.0,0.23876934495369817,0,0.0,0,1.189641282175844,13.860744490687336,15.716556459665298,9.942236467284966,30,2.142857142857143,12,0.8571428571428571,1,0.07142857142857142,14.58124009113542,1.4665955833091624,2,0.14285714285714285,0.1836734693877551,0.1836734693877551,0.14285714285714285,0.7831240061104006
bayes-fix-seed42,dense_circle,2,412,1542568830,success,52,13.0,0.23769665833839393,0,0.0,0,1.0447978314957178,13.756312286624542,14.969504065811634,9.923125324538598,21,1.6153846153846154,7,0.5384615384615384,2,0.15384615384615385,10.747777817108052,1.0831041094009157,5,0.38461538461538464,0.022222222222222223,0.0,0.09615384615384616,0.7879924404984123
bayes-fix-seed42,dense_circle,2,413,1542568831,success,50,12.5,0.22086176885827913,0,0.0,0,0.809843143178542,13.782523348927498,15.202965028584003,9.995675074126185,28,2.24,15,1.2,0,0.0,10.449121066896218,1.0453642189654382,5,0.4,0.0,0.0,0.04,0.7763355926283123
bayes-fix-seed42,dense_circle,2,414,1542568832,success,55,13.75,0.21012222652799928,0,0.0,0,0.6194903479400201,13.93822810866616,15.573035180568695,9.739484832024917,21,1.5272727272727273,5,0.36363636363636365,0,0.0,6.416592908941201,0.6588226194308,1,0.07272727272727272,0.0,0.0,0.01818181818181818,0.7990475913371096
bayes-fix-seed42,dense_circle,2,415,1542568833,success,59,14.75,0.4124471261463142,0,0.0,0,1.2873227370313403,13.862867602857493,15.100095048546791,10.79929079483625,33,2.23728813559322,13,0.8813559322033898,8,0.5423728813559322,23.869550188674232,2.2102886793350924,4,0.2711864406779661,0.15384615384615385,0.15384615384615385,0.11864406779661017,0.7265151015711755
bayes-fix-seed42,dense_circle,2,416,1542568834,success,54,13.5,0.19546446020001507,0,0.0,1,0.7734338113645157,13.733702608280712,14.998917467892168,12.935391971277474,18,1.3333333333333333,7,0.5185185185185185,1,0.07407407407407407,12.167316084281241,0.9406221405039975,9,0.6666666666666666,0.06382978723404255,0.06382978723404255,0.1111111111111111,0.6011251883209208
bayes-fix-seed42,dense_circle,2,417,1542568835,success,54,13.5,0.2808584578911896,0,0.0,0,1.303930996456074,13.745764546372273,14.958560466766357,9.216287301502389,37,2.740740740740741,14,1.037037037037037,4,0.2962962962962963,18.20017098492557,1.974783379632564,8,0.5925925925925926,0.0,0.0,0.018518518518518517,0.8426882162874275
bayes-fix-seed42,dense_circle,2,418,1542568836,success,50,12.5,0.201121911491268,0,0.0,0,0.5325699967337508,13.980463817715645,15.384193696081638,9.793012074956057,25,2.0,14,1.12,2,0.16,11.973226949465483,1.222629652431957,2,0.16,0.0,0.0,0.04,0.7949455356835818
bayes-fix-seed42,dense_circle,2,419,1542568837,success,59,14.75,0.3527894900540435,0,0.0,0,0.8153412718118299,13.883023507009119,15.174073353409767,11.501220249650851,33,2.23728813559322,12,0.8135593220338984,6,0.4067796610169492,22.599782974517275,1.9649900170552206,6,0.4067796610169492,0.057692307692307696,0.057692307692307696,0.13559322033898305,0.6805238973469031
bayes-fix-seed42,dense_circle,2,420,1542568838,success,51,12.75,0.21590778353370088,0,0.0,0,1.3145156569990493,13.844210727542054,15.311159193515778,8.843760965177701,25,1.9607843137254901,9,0.7058823529411765,0,0.0,8.701301372128501,0.9838915147514576,4,0.3137254901960784,0.0,0.0,0.0392156862745098,0.8752682122687586
bayes-fix-seed42,dense_circle,2,421,1542568839,success,52,13.0,0.2513759265922735,0,0.0,0,1.425032301713731,14.077815585411512,15.356811508536339,8.881476736452562,33,2.5384615384615383,17,1.3076923076923077,1,0.07692307692307693,15.643886739916098,1.7614060368709108,7,0.5384615384615384,0.0,0.0,0.038461538461538464,0.871499260831791
bayes-fix-seed42,dense_circle,2,422,1542568840,success,50,12.5,0.19039129560662582,0,0.0,1,1.5782259313006854,13.70745100080967,15.211176127195358,8.525778689760585,23,1.84,12,0.96,1,0.08,10.850469814954412,1.272666135233579,6,0.48,0.0,0.0,0.02,0.9251823154971912
bayes-fix-seed42,dense_circle,2,423,1542568841,timeout,101,25.25,0.14314603776180357,0,0.0,10,0.6021534513589419,14.240443116367453,15.49050584435463,18.467099051298067,53,2.099009900990099,19,0.7524752475247525,9,0.3564356435643564,37.99113779598207,2.057233661359045,4,0.15841584158415842,0.18085106382978725,0.11702127659574468,0.1485148514851485,0.40222676683038344
bayes-fix-seed42,dense_circle,2,424,1542568842,success,52,13.0,0.2830185505019913,0,0.0,0,0.7279046712670781,13.794707564207224,15.171091817319393,9.98877342296502,30,2.3076923076923075,15,1.1538461538461537,0,0.0,10.509908138501277,1.052172042899494,2,0.15384615384615385,0.0,0.0,0.038461538461538464,0.7740201942601939
bayes-fix-seed42,dense_circle,2,425,1542568843,success,54,13.5,0.38415007889169495,0,0.0,0,1.3016549815377654,13.821111647067246,15.368388034403324,9.413503149015108,31,2.2962962962962963,16,1.1851851851851851,4,0.2962962962962963,19.825647837810827,2.1060860684882328,7,0.5185185185185185,0.06382978723404255,0.0,0.0,0.8245595894553717
bayes-fix-seed42,dense_circle,2,426,1542568844,success,53,13.25,0.20113315247632202,0,0.0,0,0.5393198693804081,13.915539771880743,15.517771989107132,12.08271961332756,21,1.5849056603773586,9,0.6792452830188679,6,0.4528301886792453,22.52223219176584,1.864003544940596,6,0.4528301886792453,0.06521739130434782,0.06521739130434782,0.18867924528301888,0.6392623169589983
bayes-fix-seed42,dense_circle,2,427,1542568845,success,56,14.0,0.3626721933327015,0,0.0,0,0.7730177800335908,13.745355752429791,14.907993376255035,8.891548089765259,32,2.2857142857142856,17,1.2142857142857142,2,0.14285714285714285,14.768300569291785,1.660936927990194,4,0.2857142857142857,0.0,0.0,0.03571428571428571,0.8692384140604774
bayes-fix-seed42,dense_circle,2,428,1542568846,success,57,14.25,0.22244945382836956,0,0.0,0,0.8789929487360961,13.921622317611126,15.028616040945053,9.091012777311745,26,1.8245614035087718,11,0.7719298245614035,0,0.0,8.023807739330373,0.8826087847280587,5,0.3508771929824561,0.0,0.0,0.05263157894736842,0.8580746008875185
bayes-fix-seed42,dense_circle,2,429,1542568847,success,52,13.0,0.12533441133378986,0,0.0,1,0.6435052102782208,13.843836764303537,15.512852929532528,12.389965396119802,20,1.5384615384615385,6,0.46153846153846156,1,0.07692307692307693,10.26609405417181,0.8285813338418904,3,0.23076923076923078,0.044444444444444446,0.044444444444444446,0.11538461538461539,0.6261202042870465
bayes-fix-seed42,dense_circle,2,430,1542568848,success,41,10.25,0.21424682274297158,0,0.0,0,0.5307950205931514,13.664925698100067,15.446145087480545,9.811351498179702,17,1.6585365853658536,11,1.0731707317073171,0,0.0,7.4538551337434305,0.7597174696193835,1,0.0975609756097561,0.0,0.0,0.0,0.786979677565619
bayes-fix-seed42,dense_circle,2,431,1542568849,success,58,14.5,0.2790321877018651,0,0.0,0,1.1288487646974152,13.77036743636789,15.232084691524506,9.780610227518464,32,2.206896551724138,14,0.9655172413793104,1,0.06896551724137931,15.604881199654418,1.595491573291505,6,0.41379310344827586,0.0,0.0,0.034482758620689655,0.7981152995043665
bayes-fix-seed42,dense_circle,2,432,1542568850,success,55,13.75,0.19317367024485266,0,0.0,1,1.6074719518606502,14.266283132813193,15.658777207136154,9.645255009385892,30,2.1818181818181817,15,1.0909090909090908,3,0.21818181818181817,24.400112538401583,2.529752973317719,9,0.6545454545454545,0.0625,0.0625,0.10909090909090909,0.8108497982035502
bayes-fix-seed42,dense_circle,2,433,1542568851,success,51,12.75,0.23321035558715264,0,0.0,0,0.8703266739605767,14.141378084234162,16.098367050290108,9.742774698360329,26,2.0392156862745097,7,0.5490196078431373,1,0.0784313725490196,11.344444539549956,1.1643956563482045,5,0.39215686274509803,0.13636363636363635,0.0,0.058823529411764705,0.8040187361005464
bayes-fix-seed42,dense_circle,2,434,1542568852,success,63,15.75,0.2886160257579625,0,0.0,0,1.564435807831046,13.92114907503128,15.192221477627754,10.660299756944909,34,2.1587301587301586,19,1.2063492063492063,9,0.5714285714285714,33.47323719290997,3.1399902400589648,12,0.7619047619047619,0.2857142857142857,0.19642857142857142,0.12698412698412698,0.7307911126540408
bayes-fix-seed42,dense_circle,2,435,1542568853,success,61,15.25,0.1877271990741397,0,0.0,2,0.8330273091664053,14.083489714587321,15.95400646328926,10.893513331906458,40,2.622950819672131,23,1.5081967213114753,6,0.39344262295081966,25.060946743356745,2.3005384929354893,8,0.5245901639344263,0.0,0.0,0.03278688524590164,0.7120108577272223
bayes-fix-seed42,dense_circle,2,436,1542568854,success,53,13.25,0.19133906607251228,0,0.0,1,0.6272694254030198,13.809566298183405,15.191107988357544,10.171381382384373,29,2.188679245283019,8,0.6037735849056604,0,0.0,7.657091323647554,0.752807414822605,3,0.22641509433962265,0.0,0.0,0.05660377358490566,0.77568676308418
bayes-fix-seed42,dense_circle,2,437,1542568855,success,43,10.75,0.20359403029836498,0,0.0,0,0.8658858974335464,13.747176025495973,15.15769250690937,10.11328872770676,18,1.6744186046511629,5,0.46511627906976744,0,0.0,5.636214003875533,0.5573077319976381,3,0.27906976744186046,0.0,0.0,0.06976744186046512,0.7656105071045708
bayes-fix-seed42,dense_circle,2,438,1542568856,success,50,12.5,0.24968787281088745,0,0.0,0,0.8997809102573909,14.071732759475708,15.588725171983242,10.605849305554623,27,2.16,18,1.44,1,0.08,8.855344726098236,0.8349491371200616,2,0.16,0.0,0.0,0.04,0.7307595578093483
bayes-fix-seed42,dense_circle,2,439,1542568857,success,48,12.0,0.4562443774077066,0,0.0,0,0.9754455557373759,13.503598359723886,15.137326158583164,9.754163877622805,20,1.6666666666666667,10,0.8333333333333334,2,0.16666666666666666,12.311912268560661,1.2622211829765984,5,0.4166666666666667,0.0,0.0,0.0625,0.8095512642798803
bayes-fix-seed42,dense_circle,2,440,1542568858,success,73,18.25,0.2591975874723188,0,0.0,0,0.8118751595522294,13.907565543912861,15.192212909460068,10.750449984065282,43,2.356164383561644,19,1.0410958904109588,1,0.0547945205479452,16.748499001643935,1.5579346935681004,7,0.3835616438356164,0.2878787878787879,0.045454545454545456,0.2054794520547945,0.7219721231310785
bayes-fix-seed42,dense_circle,2,441,1542568859,success,55,13.75,0.3398182802159896,0,0.0,0,0.9585352177981212,13.836675001816316,15.8924650400877,10.646545571360091,26,1.8909090909090909,10,0.7272727272727273,1,0.07272727272727272,12.42236970513003,1.1667981526840991,3,0.21818181818181817,0.14583333333333334,0.0,0.16363636363636364,0.7336679749606226
bayes-fix-seed42,dense_circle,2,442,1542568860,success,59,14.75,0.21043613418450313,0,0.0,0,0.9023706703560155,13.879302699687118,15.146614238619803,9.825679187451748,27,1.8305084745762712,10,0.6779661016949152,1,0.06779661016949153,14.832462221861602,1.5095610124136716,3,0.2033898305084746,0.17307692307692307,0.057692307692307696,0.05084745762711865,0.789121171931455
bayes-fix-seed42,dense_circle,2,443,1542568861,success,73,18.25,0.16948672760962857,0,0.0,6,0.91202080457443,13.90523887048029,14.999398589134216,16.065019957238874,39,2.136986301369863,18,0.9863013698630136,0,0.0,15.194498057566067,0.9458125852323918,2,0.1095890410958904,0.12121212121212122,0.015151515151515152,0.1232876712328767,0.4849193774133562
bayes-fix-seed42,dense_circle,2,444,1542568862,success,49,12.25,0.2140245152139093,0,0.0,0,0.5157120433159199,13.391616241056091,14.968504756689072,9.063735038200816,23,1.8775510204081634,7,0.5714285714285714,1,0.08163265306122448,11.606068186478739,1.2804950870212757,5,0.40816326530612246,0.07142857142857142,0.07142857142857142,0.04081632653061224,0.8618691261569755
bayes-fix-seed42,dense_circle,2,445,1542568863,success,63,15.75,0.2754371215697047,0,0.0,0,0.6649825717127769,13.842452672265825,15.188153088092804,11.425375505452688,39,2.4761904761904763,13,0.8253968253968254,2,0.12698412698412698,17.270114178059348,1.5115576875190926,7,0.4444444444444444,0.017857142857142856,0.0,0.06349206349206349,0.6867071476486314
bayes-fix-seed42,dense_circle,2,446,1542568864,collision,42,10.5,-0.05920810779849561,1,0.25,6,0.5252337023520726,13.460885999458176,15.094400569796562,8.943672826521198,26,2.4761904761904763,12,1.1428571428571428,1,0.09523809523809523,14.127294811898139,1.5795853768270283,4,0.38095238095238093,0.0,0.0,0.023809523809523808,0.6398846118281887
bayes-fix-seed42,dense_circle,2,447,1542568865,success,46,11.5,0.3336617758871634,0,0.0,0,1.0236310028815314,13.77131441689056,15.365703031420708,9.329405120087698,22,1.9130434782608696,9,0.782608695652174,0,0.0,7.666989810094943,0.8218090769353226,3,0.2608695652173913,0.0,0.0,0.06521739130434782,0.8257938096855524
bayes-fix-seed42,dense_circle,2,448,1542568866,success,55,13.75,0.31362622963733633,0,0.0,0,0.8847730691270173,14.210595393722707,15.979762375354767,8.94804719816782,33,2.4,18,1.309090909090909,3,0.21818181818181817,21.091619396525175,2.357119819489088,7,0.509090909090909,0.14583333333333334,0.0625,0.07272727272727272,0.8605943755629256
bayes-fix-seed42,dense_circle,2,449,1542568867,success,49,12.25,0.19125912621200813,0,0.0,4,1.0189880998266871,13.584333262881454,14.920005947351456,10.078308834073484,26,2.122448979591837,13,1.0612244897959184,0,0.0,11.821387438615,1.1729534819024783,2,0.16326530612244897,0.0,0.0,0.04081632653061224,0.7655305924685231
bayes-fix-seed42,dense_circle,2,450,1542568868,success,50,12.5,0.3059097928120451,0,0.0,0,0.7881839377179048,13.595974147319794,14.89896010607481,9.871696675595398,23,1.84,10,0.8,1,0.08,11.617064350798751,1.1768052374946056,4,0.32,0.11627906976744186,0.06976744186046512,0.12,0.7904331032102807
bayes-fix-seed42,dense_circle,2,451,1542568869,success,52,13.0,0.2568749220056301,0,0.0,0,0.958179433886486,13.620577466029387,15.32341968268156,10.937283515266019,26,2.0,9,0.6923076923076923,0,0.0,9.959853283056095,0.9106331813703422,3,0.23076923076923078,0.0,0.0,0.057692307692307696,0.7079259547772482
bayes-fix-seed42,dense_circle,2,452,1542568870,success,57,14.25,0.25265249152305913,0,0.0,0,1.2538217282128532,13.928446069098355,15.490759164094925,9.654132842152448,34,2.3859649122807016,18,1.263157894736842,5,0.3508771929824561,26.33290415046387,2.7276301850216504,7,0.49122807017543857,0.16,0.02,0.12280701754385964,0.8025620550622652
bayes-fix-seed42,dense_circle,2,453,1542568871,success,53,13.25,0.27769340485765126,0,0.0,0,0.9374451460592789,14.081488873036403,15.568102896213531,9.853002768157355,30,2.2641509433962264,9,0.6792452830188679,0,0.0,9.571907494675296,0.9714711058043651,3,0.22641509433962265,0.0,0.0,0.09433962264150944,0.7856821119893923
bayes-fix-seed42,dense_circle,2,454,1542568872,success,52,13.0,0.21306911818694652,0,0.0,0,0.7430559103633669,13.640368858782145,15.06973598152399,9.965946585624552,30,2.3076923076923075,18,1.3846153846153846,1,0.07692307692307693,16.650679722438255,1.670757471894957,9,0.6923076923076923,0.0,0.0,0.057692307692307696,0.7896560830171213
bayes-fix-seed42,dense_circle,2,455,1542568873,success,48,12.0,0.2098424560259493,0,0.0,0,0.9886318979967247,13.775420918439826,15.775137022137642,9.780264069558466,19,1.5833333333333333,9,0.75,1,0.08333333333333333,9.819709774036971,1.004033194216226,3,0.25,0.0,0.0,0.020833333333333332,0.7946346404839754
bayes-fix-seed42,dense_circle,2,456,1542568874,success,55,13.75,0.16037780512119015,0,0.0,1,0.7554494704888214,13.991468196565455,15.503397583961487,10.475103524370782,34,2.4727272727272727,13,0.9454545454545454,2,0.14545454545454545,13.782748610372156,1.3157625199890381,2,0.14545454545454545,0.0625,0.020833333333333332,0.12727272727272726,0.7424222453820418
bayes-fix-seed42,dense_circle,2,457,1542568875,success,50,12.5,0.19193168948417227,0,0.0,1,1.157986322737253,13.721019551157951,15.158423222601414,10.253050339552678,29,2.32,15,1.2,1,0.08,13.397998344026108,1.3067329136521766,5,0.4,0.023255813953488372,0.023255813953488372,0.08,0.7578810860409507
bayes-fix-seed42,dense_circle,2,458,1542568876,success,55,13.75,0.27150551017657587,0,0.0,0,0.8125448006817494,13.840449195016514,15.17162062227726,9.489745081086106,28,2.036363636363636,13,0.9454545454545454,1,0.07272727272727272,9.007514434254013,0.9491840252070394,3,0.21818181818181817,0.0,0.0,0.07272727272727272,0.8200651889075836
bayes-fix-seed42,dense_circle,2,459,1542568877,success,64,16.0,0.2116814814422313,0,0.0,0,1.0456882032711985,14.08644049661234,15.21903071552515,12.016033354795892,33,2.0625,18,1.125,1,0.0625,14.988328195014965,1.2473607348162659,4,0.25,0.24561403508771928,0.21052631578947367,0.1875,0.6454243080958023
bayes-fix-seed42,dense_circle,2,460,1542568878,success,55,13.75,0.39170645811972526,0,0.0,0,1.2087806130325947,13.821414925835349,15.258901938796043,9.46561865278854,22,1.6,8,0.5818181818181818,1,0.07272727272727272,8.102039544640007,0.8559440055461323,1,0.07272727272727272,0.041666666666666664,0.020833333333333332,0.07272727272727272,0.8256909061569414
bayes-fix-seed42,dense_circle,2,461,1542568879,success,69,17.25,0.1873609907132433,0,0.0,1,0.5831012283598941,14.142268485781075,15.562040358781815,16.11831223717279,30,1.7391304347826086,12,0.6956521739130435,1,0.057971014492753624,17.658338770141384,1.0955451482951741,2,0.11594202898550725,0.12903225806451613,0.0,0.2028985507246377,0.4807395453987727
bayes-fix-seed42,dense_circle,2,462,1542568880,success,57,14.25,0.23179914539985857,0,0.0,0,0.927576566945336,13.800045834821567,15.032970160245895,9.640491305708332,29,2.0350877192982457,6,0.42105263157894735,0,0.0,8.430066307582546,0.874443639878699,2,0.14035087719298245,0.0,0.0,0.05263157894736842,0.8049633564031334
bayes-fix-seed42,dense_circle,2,463,1542568881,success,60,15.0,0.15508862101606102,0,0.0,1,0.7763095198784067,13.879019270340601,15.389648452401161,10.313436436029809,38,2.533333333333333,18,1.2,2,0.13333333333333333,17.68722548321699,1.714969165992722,8,0.5333333333333333,0.1320754716981132,0.07547169811320754,0.08333333333333333,0.7538581017402232
bayes-fix-seed42,dense_circle,2,464,1542568882,success,50,12.5,0.23774682175569484,0,0.0,0,0.7083776019727698,13.71474914252758,15.304341539740562,9.233311815716247,27,2.16,13,1.04,0,0.0,12.019574169294406,1.301761968964981,9,0.72,0.0,0.0,0.04,0.846679219660815
bayes-fix-seed42,dense_circle,2,465,1542568883,success,51,12.75,0.20504712781780832,0,0.0,0,0.7082038985329828,13.694667567809423,15.190452337265015,9.231930865109135,33,2.588235294117647,11,0.8627450980392157,1,0.0784313725490196,12.815392699143915,1.3881595179160193,6,0.47058823529411764,0.0,0.0,0.0,0.8505294615808382
bayes-fix-seed42,dense_circle,2,466,1542568884,success,59,14.75,0.164662015096808,0,0.0,3,0.6105619525375539,13.937083088745505,15.43441116809845,13.470781283244113,30,2.0338983050847457,12,0.8135593220338984,2,0.13559322033898305,15.287484057192373,1.134862465342526,1,0.06779661016949153,0.1346153846153846,0.09615384615384616,0.1694915254237288,0.5886843254143631
bayes-fix-seed42,dense_circle,2,467,1542568885,success,52,13.0,0.26217001633806625,0,0.0,0,1.004998854651353,13.798598988124958,15.324903465807436,8.69784567553066,32,2.4615384615384617,12,0.9230769230769231,0,0.0,8.232319451028308,0.9464779852542107,4,0.3076923076923077,0.0,0.0,0.038461538461538464,0.8922565769402888
bayes-fix-seed42,dense_circle,2,468,1542568886,success,53,13.25,0.20499768035991595,0,0.0,0,0.5805139859968125,13.80888632727119,15.330132842063904,10.487747613795666,30,2.2641509433962264,12,0.9056603773584906,0,0.0,11.157699730249348,1.063879504076969,1,0.07547169811320754,0.0,0.0,0.09433962264150944,0.7385464598848087
bayes-fix-seed42,dense_circle,2,469,1542568887,success,51,12.75,0.1890576615887648,0,0.0,2,0.6287879377342264,13.65187355116302,14.935966581106186,8.72716374497037,24,1.8823529411764706,7,0.5490196078431373,0,0.0,9.500406633755976,1.088601854093919,5,0.39215686274509803,0.0,0.0,0.0196078431372549,0.8873968645659782
bayes-fix-seed42,dense_circle,2,470,1542568888,success,50,12.5,0.23804368407982202,0,0.0,0,1.0108200296658534,13.799143880605698,15.172170661389828,8.920487014442926,28,2.24,13,1.04,0,0.0,9.519397918505534,1.0671388123869163,5,0.4,0.0,0.0,0.02,0.8727936750093483
bayes-fix-seed42,dense_circle,2,471,1542568889,success,62,15.5,0.21431333638660077,0,0.0,0,1.0440648396411916,13.802836498906535,15.150308981537819,12.182965089660755,39,2.5161290322580645,20,1.2903225806451613,2,0.12903225806451613,19.67547529313973,1.6149989061232393,3,0.1935483870967742,0.12727272727272726,0.10909090909090909,0.20967741935483872,0.6385854868956049
bayes-fix-seed42,dense_circle,2,472,1542568890,success,69,17.25,0.1876595162467064,0,0.0,2,0.7968336877151635,13.874038568009501,15.331798791885376,11.310617523881307,41,2.3768115942028984,14,0.8115942028985508,3,0.17391304347826086,20.78989007906856,1.8380862083942506,6,0.34782608695652173,0.20967741935483872,0.03225806451612903,0.10144927536231885,0.6888677105421889
bayes-fix-seed42,dense_circle,2,473,1542568891,success,65,16.25,0.14895261675669647,0,0.0,3,0.8856122918528518,13.916739076375961,15.20574614405632,11.097945187938219,40,2.4615384615384617,17,1.0461538461538462,1,0.06153846153846154,17.477913958902253,1.574878381801533,5,0.3076923076923077,0.08620689655172414,0.06896551724137931,0.09230769230769231,0.7031212667370574
bayes-fix-seed42,dense_circle,2,474,1542568892,success,52,13.0,0.23795547793884864,0,0.0,0,1.6410741070647425,13.572524588268537,14.78328425437212,9.556302279632206,27,2.076923076923077,9,0.6923076923076923,1,0.07692307692307693,11.706946644713057,1.225049846912505,3,0.23076923076923078,0.06666666666666667,0.0,0.057692307692307696,0.8253950160218523
bayes-fix-seed42,dense_circle,2,475,1542568893,success,52,13.0,0.27365371520735027,0,0.0,0,0.852068487784316,13.762488316458006,15.280997194349764,9.638339771499448,17,1.3076923076923077,4,0.3076923076923077,1,0.07692307692307693,9.084911715623598,0.9425805616946255,5,0.38461538461538464,0.0,0.0,0.038461538461538464,0.8136884990748078
bayes-fix-seed42,dense_circle,2,476,1542568894,success,60,15.0,0.2017961645835864,0,0.0,0,0.9273084158977477,13.810239297648272,15.092630870640278,11.448768183447017,37,2.466666666666667,21,1.4,3,0.2,21.322957523481886,1.8624674010179783,7,0.4666666666666667,0.1320754716981132,0.07547169811320754,0.06666666666666667,0.6770879139515644
bayes-fix-seed42,dense_circle,2,477,1542568895,success,61,15.25,0.23849943681053853,0,0.0,0,0.8030075981049088,13.874465080558277,15.299230813980103,11.406327198904302,39,2.557377049180328,15,0.9836065573770492,5,0.32786885245901637,26.361886977891597,2.3111634900692604,4,0.26229508196721313,0.05555555555555555,0.05555555555555555,0.16393442622950818,0.6799538411101792
bayes-fix-seed42,dense_circle,2,478,1542568896,success,54,13.5,0.2205041940568233,0,0.0,0,0.8786067982601854,13.789950421562901,15.164489112794397,10.843685456968597,33,2.4444444444444446,11,0.8148148148148148,0,0.0,11.480991294509666,1.0587720697054626,4,0.2962962962962963,0.0,0.0,0.05555555555555555,0.7150789988822932
bayes-fix-seed42,dense_circle,2,479,1542568897,success,52,13.0,0.18897330669152002,0,0.0,2,0.8783027830759474,13.876316280892262,15.334604680538177,9.551454683897937,29,2.230769230769231,11,0.8461538461538461,2,0.15384615384615385,13.325434897820484,1.39512098824955,1,0.07692307692307693,0.022222222222222223,0.022222222222222223,0.07692307692307693,0.8068708979756448
bayes-fix-seed42,dense_circle,2,480,1542568898,success,57,14.25,0.15919977517740713,0,0.0,3,0.6011770138490785,13.64293315431528,14.864668250083923,13.309073736329662,29,2.0350877192982457,12,0.8421052631578947,2,0.14035087719298245,15.200829616976701,1.1421403110483286,4,0.2807017543859649,0.06,0.0,0.10526315789473684,0.5815282823152759
bayes-fix-seed42,dense_circle,2,481,1542568899,success,49,12.25,0.2143233970431484,0,0.0,0,0.8053936019813264,13.640391887450704,15.248900651931763,9.957666584211458,25,2.0408163265306123,7,0.5714285714285714,1,0.08163265306122448,11.335570735072544,1.1383762088445344,4,0.32653061224489793,0.0,0.0,0.061224489795918366,0.7965480115058777
bayes-fix-seed42,dense_circle,2,482,1542568900,success,66,16.5,0.20181253271517963,0,0.0,0,1.0737285917375807,13.979081516013,15.423157252371311,11.153730320088803,32,1.9393939393939394,12,0.7272727272727273,0,0.0,14.476394588758442,1.2978971315708827,2,0.12121212121212122,0.1864406779661017,0.06779661016949153,0.16666666666666666,0.702911145795811
bayes-fix-seed42,dense_circle,2,483,1542568901,success,69,17.25,0.17542527512347583,0,0.0,3,1.1615992249870026,14.049767422071401,15.641118586063385,12.332540729038227,39,2.260869565217391,17,0.9855072463768116,4,0.2318840579710145,25.009809929671224,2.0279527535459967,5,0.2898550724637681,0.24193548387096775,0.22580645161290322,0.18840579710144928,0.6251544758126735
bayes-fix-seed42,dense_circle,2,484,1542568902,success,53,13.25,0.24023409928570783,0,0.0,0,0.9453908254828082,13.675165345083993,15.048094093799591,10.531063597573109,24,1.8113207547169812,9,0.6792452830188679,4,0.3018867924528302,15.516971358930366,1.4734476926439095,5,0.37735849056603776,0.10869565217391304,0.06521739130434782,0.11320754716981132,0.7400588038955935
bayes-fix-seed42,dense_circle,2,485,1542568903,success,51,12.75,0.3783764559066023,0,0.0,0,0.8776801472266046,13.811092312429466,15.609268099069595,9.030841921893682,27,2.1176470588235294,15,1.1764705882352942,1,0.0784313725490196,16.080334746397373,1.7806019511219038,5,0.39215686274509803,0.0,0.0,0.0392156862745098,0.8645626187004138
bayes-fix-seed42,dense_circle,2,486,1542568904,success,53,13.25,0.21077661631582234,0,0.0,0,0.9038169742242693,13.657164882938817,15.080943703651428,9.38677654675446,28,2.1132075471698113,11,0.8301886792452831,0,0.0,12.162783127462461,1.2957358755565376,2,0.1509433962264151,0.043478260869565216,0.043478260869565216,0.05660377358490566,0.8239876574328214
bayes-fix-seed42,dense_circle,2,487,1542568905,success,50,12.5,0.21850476475182568,0,0.0,0,0.6765963104785087,13.714282587170601,15.424962341785431,10.56805389917156,32,2.56,15,1.2,0,0.0,13.37505771221085,1.2656121779677274,5,0.4,0.0,0.0,0.14,0.7364979828276149
bayes-fix-seed42,dense_circle,2,488,1542568906,success,56,14.0,0.3307104620334398,0,0.0,0,1.0254342267747958,13.657237070479564,14.798332937061787,10.515160404305934,30,2.142857142857143,16,1.1428571428571428,2,0.14285714285714285,12.092247564427645,1.149982225613591,2,0.14285714285714285,0.02040816326530612,0.02040816326530612,0.07142857142857142,0.7388714353075538
bayes-fix-seed42,dense_circle,2,489,1542568907,success,51,12.75,0.2726092322888545,0,0.0,0,1.1320288504984926,13.586040586233139,14.918586239218712,8.810137084508552,29,2.2745098039215685,13,1.0196078431372548,1,0.0784313725490196,15.250354104066083,1.7310007730619528,7,0.5490196078431373,0.0,0.0,0.0196078431372549,0.8827000077774141
bayes-fix-seed42,dense_circle,2,490,1542568908,success,67,16.75,0.14934175856674137,0,0.0,4,0.4589551771186515,13.716088190897187,14.849792048335075,12.43033828948164,42,2.5074626865671643,14,0.835820895522388,5,0.29850746268656714,27.972203459649883,2.250317152134108,11,0.6567164179104478,0.2,0.11666666666666667,0.208955223880597,0.6306612363529127
bayes-fix-seed42,dense_circle,2,491,1542568909,success,54,13.5,0.2520751563984701,0,0.0,0,0.8625118817516308,13.68563222112479,14.954334311187267,9.768203949563278,28,2.074074074074074,6,0.4444444444444444,0,0.0,6.368284450826725,0.6519401605155308,3,0.2222222222222222,0.0,0.0,0.05555555555555555,0.8017241489568881
bayes-fix-seed42,dense_circle,2,492,1542568910,success,63,15.75,0.19609005586202388,0,0.0,2,0.5354543137892349,13.74446807636155,15.079250559210777,13.812318470296352,35,2.2222222222222223,10,0.6349206349206349,2,0.12698412698412698,19.902796720498365,1.440945396915058,7,0.4444444444444444,0.10714285714285714,0.03571428571428571,0.14285714285714285,0.5652620768652332
bayes-fix-seed42,dense_circle,2,493,1542568911,success,60,15.0,0.22286393415362438,0,0.0,0,0.8921429164079133,13.685446977615356,15.040949918329716,10.598928573385166,33,2.2,12,0.8,3,0.2,15.851331271310698,1.495559778666192,7,0.4666666666666667,0.018867924528301886,0.018867924528301886,0.06666666666666667,0.734392603929214
bayes-fix-seed42,dense_circle,2,494,1542568912,success,72,18.0,0.1868672674698698,0,0.0,1,1.3903606007291858,14.019922198106846,15.189552865922451,15.140140491991103,35,1.9444444444444444,12,0.6666666666666666,2,0.1111111111111111,16.881203097347438,1.1149964629639553,2,0.1111111111111111,0.06153846153846154,0.015384615384615385,0.05555555555555555,0.5149601996453941
bayes-fix-seed42,dense_circle,2,495,1542568913,success,58,14.5,0.17328940990288288,0,0.0,2,0.7820706288482963,13.933720002914297,15.435018204152584,10.602625685222264,38,2.6206896551724137,21,1.4482758620689655,1,0.06896551724137931,19.69473383788393,1.8575336357798684,10,0.6896551724137931,0.11764705882352941,0.0196078431372549,0.06896551724137931,0.7289048955150543
bayes-fix-seed42,dense_circle,2,496,1542568914,success,53,13.25,0.3075924372514256,0,0.0,0,0.7093670155932629,13.479097763884742,15.067802369594574,9.167987305264058,24,1.8113207547169812,9,0.6792452830188679,0,0.0,6.389207145502008,0.6969040131451169,1,0.07547169811320754,0.0,0.0,0.05660377358490566,0.8469910522122476
bayes-fix-seed42,dense_circle,2,497,1542568915,success,56,14.0,0.18349573928317686,0,0.0,1,0.5928239781742645,13.546277901956014,14.594370499253273,12.853399888552595,37,2.642857142857143,20,1.4285714285714286,1,0.07142857142857142,15.154360719211788,1.1790157351836894,5,0.35714285714285715,0.061224489795918366,0.0,0.10714285714285714,0.6064103099612309
bayes-fix-seed42,dense_circle,2,498,1542568916,success,58,14.5,0.29873063330638927,0,0.0,0,0.8386411115601259,13.68222430605313,15.10633509606123,9.191103715164804,33,2.2758620689655173,16,1.103448275862069,1,0.06896551724137931,10.725909791515145,1.166988222950634,4,0.27586206896551724,0.0,0.0,0.034482758620689655,0.8494498054750561
bayes-fix-seed42,dense_circle,2,499,1542568917,timeout,101,25.25,0.1405521598425049,0,0.0,4,0.3972429760984705,14.111431961012359,15.254039317369461,9.97818213945694,94,3.722772277227723,66,2.613861386138614,52,2.0594059405940595,175.06173392004317,17.544451631905254,56,2.217821782178218,0.5638297872340425,0.5531914893617021,0.06930693069306931,0.29583985901304605
bayes-fix-seed42,dense_square,3,0,1543568421,collision,27,6.75,0.014164051214975881,0,0.0,4,0.5420920145533087,13.33241895944984,15.11022001504898,3.9473070866931335,24,3.5555555555555554,12,1.7777777777777777,3,0.4444444444444444,19.77473509173317,5.009677397128862,4,0.5925925925925926,0.05,0.05,0.18518518518518517,0.3033408993611987
bayes-fix-seed42,dense_square,3,1,1543568422,success,73,18.25,0.17515465594595458,0,0.0,6,0.49587624831852734,14.070526990171981,15.302325040102005,13.349296313082474,52,2.8493150684931505,25,1.36986301369863,5,0.273972602739726,36.72405699131765,2.7510106997420998,11,0.6027397260273972,0.22727272727272727,0.13636363636363635,0.1917808219178082,0.581728759224328
bayes-fix-seed42,dense_square,3,2,1543568423,success,63,15.75,0.20151503775678792,0,0.0,0,0.5390184649014588,13.911086119829662,15.388472005724907,11.332066466761075,40,2.5396825396825395,11,0.6984126984126984,5,0.31746031746031744,28.34145477842072,2.500996165311167,9,0.5714285714285714,0.16071428571428573,0.07142857142857142,0.15873015873015872,0.6866999826237283
bayes-fix-seed42,dense_square,3,3,1543568424,success,58,14.5,0.16114922985531477,0,0.0,1,0.5825878325475919,13.872832252547658,15.911620669066906,10.99637107800497,40,2.7586206896551726,18,1.2413793103448276,7,0.4827586206896552,28.648370866811295,2.605256830966172,12,0.8275862068965517,0.27450980392156865,0.27450980392156865,0.22413793103448276,0.7026819956493136
bayes-fix-seed42,dense_square,3,4,1543568425,success,55,13.75,0.16971800268240933,0,0.0,3,0.5257379875270071,13.962303372946652,15.767135098576546,9.743414705334631,35,2.5454545454545454,9,0.6545454545454545,7,0.509090909090909,29.9292084006853,3.07173709688234,8,0.5818181818181818,0.20833333333333334,0.16666666666666666,0.14545454545454545,0.8084159258240649
bayes-fix-seed42,dense_square,3,5,1543568426,success,59,14.75,0.16751093124524719,0,0.0,3,0.5826261531745969,13.864243687209436,15.122828632593155,12.539502182928562,36,2.440677966101695,12,0.8135593220338984,3,0.2033898305084746,20.741611214580505,1.65410164709875,7,0.4745762711864407,0.25,0.1346153846153846,0.15254237288135594,0.6159901543728041
bayes-fix-seed42,dense_square,3,6,1543568427,success,64,16.0,0.21822505476455856,0,0.0,0,0.5767702949553889,13.972098589874804,15.64191412180662,12.867411115883229,44,2.75,25,1.5625,6,0.375,38.40504693499169,2.984675517795915,11,0.6875,0.03508771929824561,0.03508771929824561,0.109375,0.6023095505378329
bayes-fix-seed42,dense_square,3,7,1543568428,timeout,101,25.25,0.18352609508783313,0,0.0,5,0.5571973539415345,14.231125169461317,15.285719186067581,19.01421152316215,80,3.1683168316831685,45,1.7821782178217822,19,0.7524752475247525,79.24490723935386,4.167667281013558,25,0.9900990099009901,0.4148936170212766,0.35106382978723405,0.2871287128712871,0.39801247077188245
bayes-fix-seed42,dense_square,3,8,1543568429,success,60,15.0,0.13674144588034065,0,0.0,5,0.7589209558800333,13.98302565018336,15.419911779463291,12.917956919388185,30,2.0,11,0.7333333333333333,2,0.13333333333333333,13.463056256004732,1.0421970238806435,7,0.4666666666666667,0.3018867924528302,0.1320754716981132,0.11666666666666667,0.6009271934981828
bayes-fix-seed42,dense_square,3,9,1543568430,timeout,101,25.25,0.11083981657309139,0,0.0,9,0.3505927146653731,14.283466420256266,15.419986099004745,14.594753862773175,93,3.6831683168316833,45,1.7821782178217822,30,1.188118811881188,109.4812451566305,7.501410862151242,37,1.4653465346534653,0.6063829787234043,0.5,0.42574257425742573,0.011584282945244474
bayes-fix-seed42,dense_square,3,10,1543568431,timeout,101,25.25,0.010176526629614102,0,0.0,7,0.48959329510987065,14.277948638295182,15.492256730794907,18.52394127100139,80,3.1683168316831685,44,1.7425742574257426,9,0.3564356435643564,59.62327525830279,3.2187143322269667,19,0.7524752475247525,0.39361702127659576,0.30851063829787234,0.38613861386138615,0.16460280611802416
bayes-fix-seed42,dense_square,3,11,1543568432,success,80,20.0,0.1833101229162799,0,0.0,4,0.5791140781574001,14.088335679844022,15.598420798778534,13.042458030878734,65,3.25,29,1.45,6,0.3,46.9706324850346,3.6013635139809574,14,0.7,0.2191780821917808,0.2191780821917808,0.225,0.5942230198165428
bayes-fix-seed42,dense_square,3,12,1543568433,success,57,14.25,0.17977288923325374,0,0.0,4,0.5406932906089461,13.905927081379975,15.246439725160599,11.2276104846439,37,2.5964912280701755,17,1.1929824561403508,2,0.14035087719298245,21.12652735375064,1.881658379816932,8,0.5614035087719298,0.06,0.06,0.08771929824561403,0.6946721577567827
bayes-fix-seed42,dense_square,3,13,1543568434,success,60,15.0,0.18356823940088451,0,0.0,1,0.747517008335832,14.162734150886536,16.032002866268158,12.510885862465662,42,2.8,22,1.4666666666666666,9,0.6,33.02418009095593,2.6396356304418784,14,0.9333333333333333,0.2641509433962264,0.20754716981132076,0.23333333333333334,0.6191319869975471
bayes-fix-seed42,dense_square,3,14,1543568435,timeout,101,25.25,0.1719252388974587,0,0.0,2,0.5612380138330303,14.018425146246901,15.281271189451218,12.234732331997751,81,3.207920792079208,39,1.5445544554455446,30,1.188118811881188,88.64507927630883,7.2453631898814415,35,1.386138613861386,0.43617021276595747,0.24468085106382978,0.4752475247524752,0.15725720143219993
bayes-fix-seed42,dense_square,3,15,1543568436,success,57,14.25,0.15605241901902,0,0.0,1,0.8050786717284097,13.88551575834291,15.347132831811903,10.886731797522037,29,2.0350877192982457,9,0.631578947368421,0,0.0,11.204058674952261,1.0291480384868534,6,0.42105263157894735,0.16,0.16,0.21052631578947367,0.7132603229929427
bayes-fix-seed42,dense_square,3,16,1543568437,collision,20,5.0,-0.03073183876399721,1,0.25,3,0.4424615187883214,12.349244765937328,13.875081017613411,3.3414062768417536,19,3.8,10,2.0,6,1.2,25.927084126284893,7.759333040695302,5,1.0,0.07692307692307693,0.07692307692307693,0.3,0.2606933162193555
bayes-fix-seed42,dense_square,3,17,1543568438,timeout,101,25.25,0.1857749480542269,0,0.0,2,0.5605083499821436,14.1549081643029,15.48861712217331,16.309472865842757,96,3.801980198019802,56,2.217821782178218,25,0.9900990099009901,105.50002383000809,6.468634804927315,36,1.4257425742574257,0.48936170212765956,0.4574468085106383,0.42574257425742573,0.20908421586970294
bayes-fix-seed42,dense_square,3,18,1543568439,success,59,14.75,0.1658092032208568,0,0.0,3,0.5640027614024743,14.01200202309479,15.753385424613953,11.712660618951691,36,2.440677966101695,14,0.9491525423728814,3,0.2033898305084746,21.09157395287787,1.8007500293102159,5,0.3389830508474576,0.09615384615384616,0.09615384615384616,0.1694915254237288,0.658017410648802
bayes-fix-seed42,dense_square,3,19,1543568440,success,58,14.5,0.1812331829962872,0,0.0,6,0.6650893503720224,13.891723135422016,15.155155770480633,13.110498929841926,37,2.5517241379310347,16,1.103448275862069,3,0.20689655172413793,20.739918210274677,1.5819320318212131,9,0.6206896551724138,0.058823529411764705,0.0,0.1724137931034483,0.5882426418973402
bayes-fix-seed42,dense_square,3,20,1543568441,success,69,17.25,0.09242764447496865,0,0.0,14,0.6836459066080214,14.097641991532367,15.451619029045105,15.76240069949944,38,2.2028985507246377,19,1.1014492753623188,0,0.0,16.046248732105646,1.0180079188454598,5,0.2898550724637681,0.25806451612903225,0.016129032258064516,0.2318840579710145,0.493512610493816
bayes-fix-seed42,dense_square,3,21,1543568442,timeout,101,25.25,0.13653603255711466,0,0.0,11,0.5238833238073446,14.36575638628242,15.912055969238281,17.966862067454315,87,3.4455445544554455,36,1.4257425742574257,15,0.594059405940594,72.91990875713634,4.058577868710059,23,0.9108910891089109,0.5319148936170213,0.26595744680851063,0.3069306930693069,0.14581502181566847
bayes-fix-seed42,dense_square,3,22,1543568443,success,90,22.5,0.17290588605813328,0,0.0,8,0.41632247248322346,15.531290612286991,15.250605717301369,16.39529108647639,68,3.022222222222222,38,1.6888888888888889,18,0.8,70.41426130427422,4.294785675525775,22,0.9777777777777777,0.40963855421686746,0.25301204819277107,0.23333333333333334,0.47477700708891657
bayes-fix-seed42,dense_square,3,23,1543568444,timeout,101,25.25,0.15857474702136043,0,0.0,2,0.4880218269488474,14.175136527507613,15.372171998023987,20.222233510893272,77,3.0495049504950495,41,1.6237623762376239,12,0.4752475247524752,54.9897011566857,2.7192694183391737,16,0.6336633663366337,0.40425531914893614,0.3404255319148936,0.3465346534653465,0.354903141845387
bayes-fix-seed42,dense_square,3,24,1543568445,timeout,101,25.25,0.16392999967603283,0,0.0,3,0.4981459028219244,14.165004328040794,15.652798116207123,13.158397152770869,92,3.6435643564356437,52,2.0594059405940595,45,1.7821782178217822,147.175635316157,11.18492120335227,45,1.7821782178217822,0.48936170212765956,0.48936170212765956,0.39603960396039606,0.3333866165378167
bayes-fix-seed42,dense_square,3,25,1543568446,timeout,101,25.25,0.20154667501459722,0,0.0,0,0.5110080338123041,14.17139733191764,15.41757583618164,12.723114306812409,94,3.722772277227723,57,2.257425742574257,52,2.0594059405940595,160.24662799986618,12.59492166269892,52,2.0594059405940595,0.574468085106383,0.5,0.43564356435643564,0.27683649011846984
bayes-fix-seed42,dense_square,3,26,1543568447,success,61,15.25,0.09232276344622858,0,0.0,8,0.3796047592846437,13.952135184749228,15.600938349962234,11.892988981650346,49,3.2131147540983607,28,1.8360655737704918,5,0.32786885245901637,30.19223908137754,2.5386586271929663,9,0.5901639344262295,0.037037037037037035,0.037037037037037035,0.09836065573770492,0.6529209195287412
bayes-fix-seed42,dense_square,3,27,1543568448,success,70,17.5,0.17766502189930589,0,0.0,4,0.5848643858788529,14.049566111394338,15.377814322710037,11.98733633400406,58,3.3142857142857145,33,1.8857142857142857,8,0.45714285714285713,42.50851160214859,3.546118204889786,10,0.5714285714285714,0.14285714285714285,0.1111111111111111,0.07142857142857142,0.6486013514285172
bayes-fix-seed42,dense_square,3,28,1543568449,success,75,18.75,0.16672029989393322,0,0.0,4,0.6243113823503527,13.998571783304214,15.092826262116432,15.055439944779899,56,2.986666666666667,27,1.44,5,0.26666666666666666,35.24958522234066,2.3413188423339686,15,0.8,0.029411764705882353,0.029411764705882353,0.08,0.5159224484074797
bayes-fix-seed42,dense_square,3,29,1543568450,success,93,23.25,0.23838768616113803,0,0.0,0,0.8010518888778765,14.212663215334697,15.386997908353806,16.65649773835951,80,3.4408602150537635,48,2.064516129032258,17,0.7311827956989247,79.81267362447633,4.79168399492948,29,1.2473118279569892,0.26744186046511625,0.1744186046511628,0.26881720430107525,0.4665017401522521
bayes-fix-seed42,dense_square,3,30,1543568451,success,68,17.0,0.20394174073109528,0,0.0,0,0.5628402187286045,13.999365708407234,15.38353506475687,13.71792687990356,49,2.8823529411764706,28,1.6470588235294117,3,0.17647058823529413,28.444858261187363,2.0735537162585707,11,0.6470588235294118,0.29508196721311475,0.22950819672131148,0.14705882352941177,0.5692740369783379
bayes-fix-seed42,dense_square,3,31,1543568452,timeout,101,25.25,0.1267030630179462,0,0.0,13,0.2708090522462776,14.235078181960795,15.536896884441376,16.050152415199666,76,3.00990099009901,36,1.4257425742574257,16,0.6336633663366337,73.38658869685882,4.572329707433864,22,0.8712871287128713,0.3191489361702128,0.2872340425531915,0.15841584158415842,0.43705037166648764
bayes-fix-seed42,dense_square,3,32,1543568453,success,62,15.5,0.13792510643887135,0,0.0,5,0.6481230154590805,13.859996752392862,15.102116204798222,11.824025782863187,39,2.5161290322580645,14,0.9032258064516129,0,0.0,19.290723731757872,1.6314852560382886,4,0.25806451612903225,0.10909090909090909,0.03636363636363636,0.06451612903225806,0.6554639212112279
bayes-fix-seed42,dense_square,3,33,1543568454,success,78,19.5,0.25629465818017116,0,0.0,0,0.6211362862254254,14.13849148994837,16.272015497088432,12.788844805798659,57,2.923076923076923,34,1.7435897435897436,13,0.6666666666666666,49.83117629502365,3.896456408043159,19,0.9743589743589743,0.19718309859154928,0.11267605633802817,0.1794871794871795,0.6082833150365176
bayes-fix-seed42,dense_square,3,34,1543568455,success,95,23.75,0.18100849131444385,0,0.0,7,0.5211582728713171,13.966801880221619,15.214893966913223,15.752601513669605,70,2.9473684210526314,42,1.768421052631579,10,0.42105263157894735,55.33121140850897,3.512512606917296,25,1.0526315789473684,0.38636363636363635,0.3181818181818182,0.2736842105263158,0.500016300485592
bayes-fix-seed42,dense_square,3,35,1543568456,success,61,15.25,0.20497121057535195,0,0.0,0,0.5541947092882089,13.710273277075565,15.382315963506699,12.137679311994678,44,2.8852459016393444,14,0.9180327868852459,1,0.06557377049180328,17.684578404006256,1.4569983231086054,6,0.39344262295081966,0.07407407407407407,0.05555555555555555,0.06557377049180328,0.6513102792554607
bayes-fix-seed42,dense_square,3,36,1543568457,success,80,20.0,0.1716631893984485,0,0.0,5,0.6090814589702296,14.018432097509503,15.538332052528858,15.648108113072057,59,2.95,40,2.0,5,0.25,40.69815174529555,2.600835286362655,17,0.85,0.3287671232876712,0.2328767123287671,0.2625,0.49479607946868553
bayes-fix-seed42,dense_square,3,37,1543568458,success,78,19.5,0.1918704908042571,0,0.0,1,0.5757741667229246,14.027275240574127,15.078620240092276,13.880338674300257,60,3.076923076923077,36,1.8461538461538463,10,0.5128205128205128,48.9712757788765,3.528103811295892,16,0.8205128205128205,0.19718309859154928,0.1267605633802817,0.16666666666666666,0.5594687676083673
bayes-fix-seed42,dense_square,3,38,1543568459,success,77,19.25,0.1679156320546954,0,0.0,1,0.5232303454825129,13.890269659943394,15.26779755949974,14.53366955316413,58,3.012987012987013,30,1.5584415584415585,7,0.36363636363636365,44.29220836528496,3.047558512546619,16,0.8311688311688312,0.14285714285714285,0.014285714285714285,0.19480519480519481,0.5368492231149736
bayes-fix-seed42,dense_square,3,39,1543568460,success,68,17.0,0.16336372818631273,0,0.0,6,0.6747593386896495,13.832200428142267,15.544673800468445,13.81205763217039,44,2.588235294117647,16,0.9411764705882353,9,0.5294117647058824,35.47892309182602,2.5686920831542284,11,0.6470588235294118,0.13114754098360656,0.09836065573770492,0.11764705882352941,0.563356996720491
bayes-fix-seed42,dense_square,3,40,1543568461,success,52,13.0,0.21252715022090019,0,0.0,0,0.6204949009053571,13.577615913863365,14.925989136099815,9.80829197271916,36,2.769230769230769,21,1.6153846153846154,2,0.15384615384615385,22.142189621831772,2.2574969916697203,7,0.5384615384615384,0.1111111111111111,0.1111111111111111,0.09615384615384616,0.7893921052728954
bayes-fix-seed42,dense_square,3,41,1543568462,timeout,101,25.25,0.19242546462415178,0,0.0,1,0.6703774194889809,14.067477260780807,15.596859157085419,14.698794832874029,95,3.762376237623762,50,1.9801980198019802,51,2.01980198019802,158.98264522194958,10.816032676800347,57,2.257425742574257,0.574468085106383,0.5638297872340425,0.4158415841584158,0.1029146785277861
bayes-fix-seed42,dense_square,3,42,1543568463,success,66,16.5,0.12680647752261132,0,0.0,10,0.6041660917646549,13.879236454765001,15.480397269129753,13.288605799491206,42,2.5454545454545454,28,1.696969696969697,12,0.7272727272727273,39.00777812678052,2.9354304518743457,13,0.7878787878787878,0.1694915254237288,0.15254237288135594,0.21212121212121213,0.5851157364440472
bayes-fix-seed42,dense_square,3,43,1543568464,timeout,101,25.25,0.1993563969206964,0,0.0,1,0.5798048569020228,14.121321242044468,15.572350472211838,15.403006402112474,84,3.3267326732673266,43,1.702970297029703,16,0.6336633663366337,75.033313598462,4.871342102939814,26,1.0297029702970297,0.7446808510638298,0.44680851063829785,0.46534653465346537,0.0
bayes-fix-seed42,dense_square,3,44,1543568465,success,71,17.75,0.17859774575812626,0,0.0,4,0.5067205048398133,14.044091000523366,15.9087423235178,13.469990617178043,57,3.211267605633803,25,1.408450704225352,6,0.3380281690140845,36.21576779164425,2.688626059283138,14,0.7887323943661971,0.046875,0.03125,0.1267605633802817,0.5767379627657311
bayes-fix-seed42,dense_square,3,45,1543568466,success,59,14.75,0.19957800656778502,0,0.0,1,0.6817566550918724,13.800940460572809,15.400560200214386,12.373378159128299,35,2.3728813559322033,18,1.2203389830508475,3,0.2033898305084746,22.763676166423643,1.8397300942127948,4,0.2711864406779661,0.09615384615384616,0.09615384615384616,0.0847457627118644,0.626694037762253
bayes-fix-seed42,dense_square,3,46,1543568467,timeout,101,25.25,0.17881345210591437,0,0.0,1,0.4636126036144715,14.179722728705642,15.709280967712402,14.186651828356277,94,3.722772277227723,52,2.0594059405940595,41,1.6237623762376239,139.28541691056648,9.818061273073807,49,1.9405940594059405,0.4787234042553192,0.4574468085106383,0.39603960396039606,0.12722690272965903
bayes-fix-seed42,dense_square,3,47,1543568468,success,70,17.5,0.22526137360631926,0,0.0,0,0.7632424043189161,14.04173741383212,15.514560230076313,11.983559002979755,54,3.085714285714286,30,1.7142857142857142,12,0.6857142857142857,54.021331380800234,4.507953886434542,22,1.2571428571428571,0.2222222222222222,0.1746031746031746,0.12857142857142856,0.649265553379995
bayes-fix-seed42,dense_square,3,48,1543568469,success,73,18.25,0.1238419029012866,0,0.0,7,0.31155253739640465,13.831471182303886,15.222739428281784,13.24994277448886,68,3.7260273972602738,35,1.917808219178082,4,0.2191780821917808,38.70263042911143,2.92096585531136,20,1.095890410958904,0.18181818181818182,0.07575757575757576,0.136986301369863,0.5882806203733479
bayes-fix-seed42,dense_square,3,49,1543568470,collision,27,6.75,0.013319132060245487,0,0.0,9,0.3261835962113402,12.926650957928764,14.21302892267704,5.236449799391143,20,2.962962962962963,10,1.4814814814814814,2,0.2962962962962963,11.26625352235998,2.151506068800648,6,0.8888888888888888,0.4,0.25,0.3333333333333333,0.24602902446889072
bayes-fix-seed42,dense_square,3,50,1543568471,timeout,101,25.25,0.17408358283570236,0,0.0,5,0.5143687691860488,14.160291024363866,15.449315309524536,16.038568780576263,83,3.287128712871287,31,1.2277227722772277,23,0.9108910891089109,84.7537969248047,5.284374066309894,31,1.2277227722772277,0.6808510638297872,0.4574468085106383,0.5247524752475248,0.026533189368361583
bayes-fix-seed42,dense_square,3,51,1543568472,success,66,16.5,0.18239970686582052,0,0.0,1,0.3932210156017057,13.898467249942549,15.369649045169353,11.31832032805898,55,3.3333333333333335,30,1.8181818181818181,10,0.6060606060606061,41.6832666918476,3.6828138348860473,13,0.7878787878787878,0.1864406779661017,0.1864406779661017,0.10606060606060606,0.6922897959388383
bayes-fix-seed42,dense_square,3,52,1543568473,success,97,24.25,0.17675600580004358,0,0.0,3,0.4146115204026506,14.042476134509155,15.514472872018814,20.04431780079062,65,2.6804123711340204,34,1.402061855670103,14,0.5773195876288659,58.681720117020205,2.9275987688992635,10,0.41237113402061853,0.25555555555555554,0.25555555555555554,0.18556701030927836,0.3900167199397125
bayes-fix-seed42,dense_square,3,53,1543568474,success,79,19.75,0.16830263587863903,0,0.0,5,0.5861989810910136,13.832938963476616,15.035143122076988,17.121943207178482,45,2.278481012658228,28,1.4177215189873418,6,0.3037974683544304,31.60668891462549,1.8459755725257976,6,0.3037974683544304,0.3055555555555556,0.06944444444444445,0.11392405063291139,0.4537534268309264
bayes-fix-seed42,dense_square,3,54,1543568475,success,70,17.5,0.18627617120509254,0,0.0,2,0.5913110423359748,13.92442440348012,15.137599222362041,12.431525161086366,50,2.857142857142857,24,1.3714285714285714,10,0.5714285714285714,39.558804043718055,3.182136023626975,16,0.9142857142857143,0.20634920634920634,0.1746031746031746,0.17142857142857143,0.6227118763327663
bayes-fix-seed42,dense_square,3,55,1543568476,success,61,15.25,0.1592027089375433,0,0.0,2,0.5059752235300561,13.782039895409444,15.515781939029694,11.288005187518014,49,3.2131147540983607,27,1.7704918032786885,4,0.26229508196721313,27.481054248235804,2.4345359336496095,4,0.26229508196721313,0.05555555555555555,0.05555555555555555,0.09836065573770492,0.6856346849254044
bayes-fix-seed42,dense_square,3,56,1543568477,timeout,101,25.25,0.19032112230714338,0,0.0,6,0.4251325351257484,14.12749327350371,15.319280326366425,14.506645061067989,96,3.801980198019802,51,2.01980198019802,41,1.6237623762376239,134.7107133518507,9.28613837208844,47,1.8613861386138615,0.39361702127659576,0.3723404255319149,0.4158415841584158,0.2758378703437819
bayes-fix-seed42,dense_square,3,57,1543568478,success,62,15.5,0.15186499539989584,0,0.0,3,0.6054091587015223,13.88652220128044,15.498621948063374,11.436142598335497,35,2.2580645161290325,17,1.096774193548387,2,0.12903225806451613,15.991199238194955,1.398303588879911,4,0.25806451612903225,0.10909090909090909,0.03636363636363636,0.11290322580645161,0.679087233764326
bayes-fix-seed42,dense_square,3,58,1543568479,success,80,20.0,0.11934307724188609,0,0.0,15,0.616452703276803,13.8184973038733,15.219963528215885,17.933506627381004,48,2.4,21,1.05,5,0.25,36.61156485173265,2.041517345851026,13,0.65,0.2328767123287671,0.2054794520547945,0.1875,0.4373860364860305
bayes-fix-seed42,dense_square,3,59,1543568480,success,79,19.75,0.19285665689574283,0,0.0,2,0.5519326613808123,14.710597552453414,16.728679090738275,13.782279337695714,56,2.8354430379746836,28,1.4177215189873418,9,0.45569620253164556,46.607492924741635,3.381697017072216,14,0.7088607594936709,0.4166666666666667,0.3055555555555556,0.1518987341772152,0.5671092503694497
bayes-fix-seed42,dense_square,3,60,1543568481,success,55,13.75,0.197333503669892,0,0.0,1,0.7209608151837812,13.925080678679727,15.587780252099037,11.069608706530888,40,2.909090909090909,17,1.2363636363636363,5,0.36363636363636365,25.777819861178852,2.3287019934110553,10,0.7272727272727273,0.14583333333333334,0.14583333333333334,0.14545454545454545,0.7021414262334336
bayes-fix-seed42,dense_square,3,61,1543568482,success,68,17.0,0.1909788180283879,0,0.0,2,0.9120547452829633,14.349626596359645,15.89340753853321,12.088947444256464,50,2.9411764705882355,23,1.3529411764705883,12,0.7058823529411765,44.840963685115135,3.7092529264340017,18,1.0588235294117647,0.2459016393442623,0.2459016393442623,0.23529411764705882,0.6425544470342847
bayes-fix-seed42,dense_square,3,62,1543568483,collision,4,1.0,-0.0025819574879376583,1,0.25,3,0.12569769529233565,12.375371530652046,13.211588002741337,0.6896608557826795,3,3.0,0,0.0,1,1.0,4.224504951152411,6.1254816997814405,1,1.0,0.0,0.0,0.75,0.0
bayes-fix-seed42,dense_square,3,63,1543568484,timeout,101,25.25,0.04094275343286191,0,0.0,22,0.5338000517689728,15.676749630434678,15.811864286661148,17.90382888722899,87,3.4455445544554455,51,2.01980198019802,25,0.9900990099009901,92.77881741162255,5.18206569086475,39,1.5445544554455446,0.46808510638297873,0.22340425531914893,0.3465346534653465,0.13606903493419628
bayes-fix-seed42,dense_square,3,64,1543568485,success,77,19.25,0.018618421880638225,0,0.0,7,0.4054867216245492,14.421601525761865,16.313674300909042,13.581255194798315,62,3.220779220779221,38,1.974025974025974,12,0.6233766233766234,62.03069047330311,4.5673753702132895,19,0.987012987012987,0.18571428571428572,0.12857142857142856,0.14285714285714285,0.5708679173685087
bayes-fix-seed42,dense_square,3,65,1543568486,timeout,101,25.25,0.17694433734050763,0,0.0,8,0.30995808040962436,14.583530623723965,15.951935201883316,15.612074662773926,88,3.485148514851485,43,1.702970297029703,22,0.8712871287128713,88.88921741191434,5.693619799543072,28,1.108910891089109,0.5531914893617021,0.5319148936170213,0.3465346534653465,0.13590882959412676
bayes-fix-seed42,dense_square,3,66,1543568487,timeout,101,25.25,0.17043746160371542,0,0.0,1,0.5827039192446004,14.124590940404646,15.571177005767822,15.001367213422567,86,3.405940594059406,37,1.4653465346534653,39,1.5445544554455446,133.47841483574462,8.89774998083601,35,1.386138613861386,0.26595744680851063,0.18085106382978725,0.297029702970297,0.49242005704337155
bayes-fix-seed42,dense_square,3,67,1543568488,success,58,14.5,0.19136826809840535,0,0.0,1,0.5035453703895162,13.919081410457348,15.849668718874454,11.726965417805575,44,3.0344827586206895,24,1.6551724137931034,1,0.06896551724137931,20.423020638587275,1.7415435205068561,8,0.5517241379310345,0.21568627450980393,0.1568627450980392,0.25862068965517243,0.6585496229700473
bayes-fix-seed42,dense_square,3,68,1543568489,success,73,18.25,0.13820746990664867,0,0.0,2,0.8982902100666598,13.953686781125526,15.294118970632553,12.912477819366552,54,2.958904109589041,33,1.8082191780821917,13,0.7123287671232876,47.633461010702504,3.6889481381536466,20,1.095890410958904,0.21212121212121213,0.19696969696969696,0.2876712328767123,0.6073591814144156
bayes-fix-seed42,dense_square,3,69,1543568490,success,81,20.25,0.11948240775502028,0,0.0,7,0.48339197499883374,14.128894119718929,15.422776341438293,15.696117921392622,57,2.814814814814815,23,1.1358024691358024,6,0.2962962962962963,35.03444505345187,2.232045224743283,7,0.345679012345679,0.1891891891891892,0.08108108108108109,0.14814814814814814,0.4934093804018721
bayes-fix-seed42,dense_square,3,70,1543568491,timeout,101,25.25,0.17302155005862285,0,0.0,3,0.40024828304028554,14.00048573418419,15.248067677021027,15.164776475957845,90,3.5643564356435644,44,1.7425742574257426,35,1.386138613861386,107.48581972599999,7.087860470374055,37,1.4653465346534653,0.46808510638297873,0.39361702127659576,0.36633663366336633,0.2641000841937508
bayes-fix-seed42,dense_square,3,71,1543568492,success,55,13.75,0.2274220855233845,0,0.0,0,1.033844562131238,13.69881887327541,15.320402756333351,9.66474749490937,34,2.4727272727272727,23,1.6727272727272726,4,0.2909090909090909,21.89774063748879,2.2657333416131977,7,0.509090909090909,0.14583333333333334,0.14583333333333334,0.05454545454545454,0.8064723226923618
bayes-fix-seed42,dense_square,3,72,1543568493,timeout,101,25.25,0.20900832437668881,0,0.0,0,0.4741419414795429,14.29343046528278,15.620045363903046,17.300970138731603,91,3.603960396039604,41,1.6237623762376239,23,0.9108910891089109,87.20947407255525,5.040727391195237,33,1.306930693069307,0.5106382978723404,0.425531914893617,0.3465346534653465,0.24486399761099006
bayes-fix-seed42,dense_square,3,73,1543568494,timeout,101,25.25,0.21726992959761782,0,0.0,0,0.7388908657670342,14.208762915712772,15.385180711746216,13.14494519758828,93,3.6831683168316833,38,1.504950495049505,44,1.7425742574257426,122.7754890249056,9.340129394181984,47,1.8613861386138615,0.5425531914893617,0.46808510638297873,0.4752475247524752,0.13572224776775296
bayes-fix-seed42,dense_square,3,74,1543568495,timeout,101,25.25,0.15854106534304724,0,0.0,3,0.40637390856078015,14.27605659654825,15.747860074043274,13.705568734733854,95,3.762376237623762,41,1.6237623762376239,37,1.4653465346534653,118.12347935199269,8.618648495237839,45,1.7821782178217822,0.4787234042553192,0.46808510638297873,0.3465346534653465,0.24410355561639557
bayes-fix-seed42,dense_square,3,75,1543568496,success,68,17.0,0.15027354531579307,0,0.0,6,0.7044700012256673,13.960482716998634,15.299436450004578,14.468702965562523,44,2.588235294117647,20,1.1764705882352942,4,0.23529411764705882,22.714136309430177,1.569880614972393,12,0.7058823529411765,0.26229508196721313,0.13114754098360656,0.25,0.5350852320042904
bayes-fix-seed42,dense_square,3,76,1543568497,timeout,101,25.25,0.08992554736383562,0,0.0,12,0.7559974102511688,14.364980935755343,15.878856182098389,18.839530954404964,81,3.207920792079208,31,1.2277227722772277,16,0.6336633663366337,55.54155143775857,2.948138760576315,16,0.6336633663366337,0.7553191489361702,0.3723404255319149,0.49504950495049505,0.0
bayes-fix-seed42,dense_square,3,77,1543568498,success,82,20.5,0.168049011090321,0,0.0,1,0.7436293119776973,14.254361481928244,15.988809242844582,15.090841348082852,62,3.024390243902439,28,1.3658536585365855,7,0.34146341463414637,43.96400170110379,2.9132902988665372,18,0.8780487804878049,0.3466666666666667,0.25333333333333335,0.21951219512195122,0.5135873183093375
bayes-fix-seed42,dense_square,3,78,1543568499,timeout,101,25.25,0.21948092925998097,0,0.0,0,0.6060807555523976,14.139836082364074,15.60433954000473,12.393025829637613,96,3.801980198019802,43,1.702970297029703,39,1.5445544554455446,124.7679024069861,10.067589959233906,42,1.6633663366336633,0.425531914893617,0.40425531914893614,0.3465346534653465,0.23090514685570854
bayes-fix-seed42,dense_square,3,79,1543568500,success,53,13.25,0.15434436762775883,0,0.0,5,0.405507270863273,13.647772442057448,15.491995960474014,9.972302045113075,41,3.0943396226415096,16,1.2075471698113207,1,0.07547169811320754,16.967436329958137,1.7014563190324772,8,0.6037735849056604,0.0,0.0,0.03773584905660377,0.7771672910544087
bayes-fix-seed42,dense_square,3,80,1543568501,success,75,18.75,0.1406555013089814,0,0.0,8,0.5464273505391523,14.297108054161072,15.992769971489906,16.004110223200705,51,2.72,28,1.4933333333333334,2,0.10666666666666667,29.05595460148222,1.8155307727986418,19,1.0133333333333334,0.3382352941176471,0.19117647058823528,0.18666666666666668,0.4872828241603402
bayes-fix-seed42,dense_square,3,81,1543568502,success,58,14.5,0.07928310909569447,0,0.0,7,0.48701112469336294,13.884847341426488,15.496174804866314,12.335667638318153,33,2.2758620689655173,13,0.896551724137931,3,0.20689655172413793,20.044365481722448,1.6249112791802893,6,0.41379310344827586,0.058823529411764705,0.0,0.10344827586206896,0.6294218489272815
bayes-fix-seed42,dense_square,3,82,1543568503,success,76,19.0,0.19758321265465595,0,0.0,1,0.567205973291784,14.645024251781011,16.16027858108282,14.570803981408398,55,2.8947368421052633,27,1.4210526315789473,6,0.3157894736842105,39.89805866523848,2.7382194363568657,14,0.7368421052631579,0.2753623188405797,0.2463768115942029,0.3026315789473684,0.5387934199839377
bayes-fix-seed42,dense_square,3,83,1543568504,success,60,15.0,0.1781474620426513,0,0.0,2,0.535230662069685,14.044485303262869,16.140525601804256,11.206996049469192,41,2.7333333333333334,17,1.1333333333333333,8,0.5333333333333333,31.13720660852837,2.77837223026443,11,0.7333333333333333,0.11320754716981132,0.05660377358490566,0.13333333333333333,0.6920014155757953
bayes-fix-seed42,dense_square,3,84,1543568505,success,82,20.5,0.19497209077435818,0,0.0,4,0.7043858735797897,14.109359100097564,15.706751868128777,13.330423853861532,61,2.975609756097561,33,1.6097560975609757,11,0.5365853658536586,54.20253043488289,4.066077045193248,21,1.024390243902439,0.37333333333333335,0.29333333333333333,0.23170731707317074,0.5799923502040586
bayes-fix-seed42,dense_square,3,85,1543568506,timeout,101,25.25,0.14924896872795668,0,0.0,7,0.4317622566316869,14.194732218390644,15.603438019752502,13.584300754378754,95,3.762376237623762,56,2.217821782178218,23,0.9108910891089109,100.0989829124865,7.3687254664337924,43,1.702970297029703,0.3723404255319149,0.3404255319148936,0.39603960396039606,0.30856164965073474
bayes-fix-seed42,dense_square,3,86,1543568507,collision,19,4.75,-0.013964835365288808,1,0.25,4,0.41029126127723625,12.198128982594138,14.301469922065735,2.8530681652892698,17,3.5789473684210527,9,1.894736842105263,0,0.0,11.594798776222346,4.0639753782562575,3,0.631578947368421,0.08333333333333333,0.08333333333333333,0.21052631578947367,0.4632497325591585
bayes-fix-seed42,dense_square,3,87,1543568508,timeout,101,25.25,0.18318268042921793,0,0.0,3,0.7168883366576794,13.98457926098663,15.473712235689163,15.873080801881843,83,3.287128712871287,32,1.2673267326732673,28,1.108910891089109,89.10209202403283,5.613408835761063,33,1.306930693069307,0.7021276595744681,0.3723404255319149,0.48514851485148514,0.0
bayes-fix-seed42,dense_square,3,88,1543568509,timeout,101,25.25,0.13599250964569787,0,0.0,8,0.48404177356050626,14.0253545181586,15.806116163730621,17.45576201512503,86,3.405940594059406,57,2.257425742574257,19,0.7524752475247525,80.82662763550631,4.6303694771658686,29,1.1485148514851484,0.2553191489361702,0.22340425531914893,0.21782178217821782,0.4441842181917075
bayes-fix-seed42,dense_square,3,89,1543568510,success,97,24.25,0.18237839060222472,0,0.0,4,0.4644804546322271,13.797289202200998,15.245748311281204,17.352072582802354,81,3.3402061855670104,51,2.1030927835051547,35,1.443298969072165,107.07222066260096,6.170572428835981,45,1.8556701030927836,0.36666666666666664,0.35555555555555557,0.28865979381443296,0.4545710007432407
bayes-fix-seed42,dense_square,3,90,1543568511,success,65,16.25,0.18285025110472597,0,0.0,1,0.7040137605546872,13.973857691654793,15.623654425144196,11.509119667325963,48,2.953846153846154,20,1.2307692307692308,9,0.5538461538461539,40.805512497760155,3.545493806412123,16,0.9846153846153847,0.08620689655172414,0.08620689655172414,0.13846153846153847,0.6759088564923174
bayes-fix-seed42,dense_square,3,91,1543568512,success,57,14.25,0.14622265858833572,0,0.0,4,0.5943577296797737,13.564175942487884,14.783895760774612,10.91241563996063,41,2.8771929824561404,26,1.8245614035087718,3,0.21052631578947367,32.27466263053037,2.957609359410985,15,1.0526315789473684,0.0,0.0,0.07017543859649122,0.711649239296256
bayes-fix-seed42,dense_square,3,92,1543568513,success,65,16.25,0.11788229231502267,0,0.0,6,0.5114688762735583,14.116704234710106,15.664255619049072,14.139015960791854,42,2.5846153846153848,22,1.353846153846154,4,0.24615384615384617,24.574955252408998,1.7380951630973815,4,0.24615384615384617,0.034482758620689655,0.0,0.13846153846153847,0.5611145453397466
bayes-fix-seed42,dense_square,3,93,1543568514,success,46,11.5,0.12601951247580323,0,0.0,4,0.42096195377433704,14.223665160977323,15.859323553740978,9.33818600117706,23,2.0,9,0.782608695652174,2,0.17391304347826086,16.200488628921804,1.7348646329040525,7,0.6086956521739131,0.0,0.0,0.021739130434782608,0.8314238165563842
bayes-fix-seed42,dense_square,3,94,1543568515,success,62,15.5,0.17822532962258886,0,0.0,3,0.7387788728837937,14.256122852525403,16.257568448781967,13.001262789380899,40,2.5806451612903225,13,0.8387096774193549,2,0.12903225806451613,22.70857805222173,1.7466440314374323,11,0.7096774193548387,0.10909090909090909,0.09090909090909091,0.12903225806451613,0.6059312534496746
bayes-fix-seed42,dense_square,3,95,1543568516,timeout,101,25.25,0.18712408754025656,0,0.0,2,0.6773352531081585,14.110803087749103,15.562940388917923,16.492054201083757,81,3.207920792079208,41,1.6237623762376239,15,0.594059405940594,74.05971764286429,4.490630259873724,24,0.9504950495049505,0.4787234042553192,0.425531914893617,0.2871287128712871,0.34305978642058393
bayes-fix-seed42,dense_square,3,96,1543568517,success,94,23.5,0.19108194443269566,0,0.0,1,0.5599518468426828,15.439749160345565,15.718783996999264,15.111142515055684,78,3.3191489361702127,45,1.9148936170212767,26,1.1063829787234043,94.3026037837355,6.240600516458566,37,1.574468085106383,0.27586206896551724,0.26436781609195403,0.2765957446808511,0.5136243374237442
bayes-fix-seed42,dense_square,3,97,1543568518,success,57,14.25,0.16774125781180516,0,0.0,3,0.5738154445884639,14.211905107163547,16.47733598947525,10.535243207695732,43,3.017543859649123,19,1.3333333333333333,4,0.2807017543859649,25.701328124657973,2.4395571718632745,12,0.8421052631578947,0.0,0.0,0.03508771929824561,0.7365977709612407
bayes-fix-seed42,dense_square,3,98,1543568519,collision,35,8.75,-0.05204212513119466,2,0.5,6,0.2199785300847914,13.562807121447154,15.1811134070158,6.182294753483972,31,3.5428571428571427,22,2.5142857142857142,2,0.22857142857142856,23.264168477350243,3.7630312699406554,1,0.11428571428571428,0.39285714285714285,0.35714285714285715,0.4,0.0
bayes-fix-seed42,dense_square,3,99,1543568520,success,72,18.0,0.14557402738153324,0,0.0,7,0.47119597318397827,14.257618277851078,16.386009566485882,13.584260300637155,54,3.0,26,1.4444444444444444,9,0.5,44.29827141102223,3.2609998947785526,14,0.7777777777777778,0.26153846153846155,0.2,0.20833333333333334,0.5698654241260578
bayes-fix-seed42,dense_square,3,100,1543568521,success,56,14.0,0.19117696798176764,0,0.0,2,0.8208059204472201,13.770928140729666,15.760849229991436,10.45579234546397,41,2.9285714285714284,22,1.5714285714285714,3,0.21428571428571427,25.938974085879217,2.480823377975014,8,0.5714285714285714,0.08163265306122448,0.061224489795918366,0.07142857142857142,0.7471150328779503
bayes-fix-seed42,dense_square,3,101,1543568522,success,52,13.0,0.1625344444929191,0,0.0,2,0.65324923109816,13.951099119507349,15.890921652317045,10.794211668344518,31,2.3846153846153846,20,1.5384615384615385,2,0.15384615384615385,15.993487084321714,1.481672545965054,5,0.38461538461538464,0.1111111111111111,0.1111111111111111,0.09615384615384616,0.7188776574100638
bayes-fix-seed42,dense_square,3,102,1543568523,timeout,101,25.25,0.1683571200569688,0,0.0,13,0.31532700308036277,14.16221463886818,15.668626874685287,11.990240124678571,89,3.5247524752475248,47,1.8613861386138615,25,0.9900990099009901,98.11896465703458,8.183236001678065,33,1.306930693069307,0.46808510638297873,0.3829787234042553,0.37623762376237624,0.21999877675232887
bayes-fix-seed42,dense_square,3,103,1543568524,success,53,13.25,0.12382550410469106,0,0.0,7,0.41392615885629197,14.46114607014746,16.0463385283947,11.237425616244652,35,2.641509433962264,16,1.2075471698113207,1,0.07547169811320754,19.025744128586574,1.6930696387510007,8,0.6037735849056604,0.043478260869565216,0.043478260869565216,0.07547169811320754,0.6905109069543741
bayes-fix-seed42,dense_square,3,104,1543568525,success,60,15.0,0.06278064715457277,0,0.0,8,0.4785627139723558,13.646908228596052,15.103008225560187,12.891099929875141,36,2.4,21,1.4,3,0.2,26.867571695693062,2.0841954404082643,5,0.3333333333333333,0.16981132075471697,0.16981132075471697,0.16666666666666666,0.6006743680690692
bayes-fix-seed42,dense_square,3,105,1543568526,success,56,14.0,0.12253454229551342,0,0.0,5,0.45643157842274257,13.904799773756947,16.16806909441948,12.102858309724475,39,2.7857142857142856,17,1.2142857142857142,2,0.14285714285714285,20.74739355030407,1.714255675755027,4,0.2857142857142857,0.14285714285714285,0.04081632653061224,0.14285714285714285,0.6419688784759088
bayes-fix-seed42,dense_square,3,106,1543568527,success,81,20.25,0.17246133853934942,0,0.0,5,0.5559852307386942,13.91256481041143,15.235807746648788,15.40068758707406,60,2.962962962962963,24,1.1851851851851851,8,0.3950617283950617,43.98815702472329,2.85624630562878,16,0.7901234567901234,0.20270270270270271,0.1891891891891892,0.25925925925925924,0.5063613321780911
bayes-fix-seed42,dense_square,3,107,1543568528,timeout,101,25.25,0.20023807081481015,0,0.0,0,0.6234561683213669,13.861546753951819,15.099797397851944,19.577044593931173,74,2.9306930693069306,35,1.386138613861386,2,0.07920792079207921,35.557983155435416,1.8163100658440696,6,0.2376237623762376,0.39361702127659576,0.09574468085106383,0.15841584158415842,0.39302990802021703
bayes-fix-seed42,dense_square,3,108,1543568529,success,84,21.0,0.19775066197720126,0,0.0,1,0.6203887641595388,13.738940026433696,15.220187231898308,15.06163952048759,68,3.238095238095238,34,1.619047619047619,22,1.0476190476190477,69.14329361027175,4.590688385299596,26,1.2380952380952381,0.2857142857142857,0.2727272727272727,0.25,0.5174316305716858
bayes-fix-seed42,dense_square,3,109,1543568530,timeout,101,25.25,0.15913412449835607,0,0.0,2,0.8675411957476096,14.04415904590399,15.445895493030548,17.20590962595464,93,3.6831683168316833,49,1.9405940594059405,36,1.4257425742574257,111.3239152612085,6.4700976397829875,40,1.5841584158415842,0.6808510638297872,0.6276595744680851,0.504950495049505,0.021118240313390386
bayes-fix-seed42,dense_square,3,110,1543568531,success,67,16.75,0.07429911926455701,0,0.0,11,0.4977050918287456,14.091665953842561,15.698013827204704,11.132720973322419,52,3.1044776119402986,24,1.4328358208955223,9,0.5373134328358209,40.518144679987024,3.6395544967920723,12,0.7164179104477612,0.08333333333333333,0.08333333333333333,0.13432835820895522,0.6984131844957863
bayes-fix-seed42,dense_square,3,111,1543568532,collision,13,3.25,-0.009051618409460782,1,0.25,7,0.16654869155999713,11.866477246467884,13.433080166578293,2.0389842244287277,12,3.6923076923076925,9,2.769230769230769,2,0.6153846153846154,13.328127713430074,6.5366507272336944,8,2.4615384615384617,0.0,0.0,0.07692307692307693,0.4385888087530579
bayes-fix-seed42,dense_square,3,112,1543568533,success,56,14.0,0.13727540066313293,0,0.0,4,0.6794666368271464,13.936482236853667,16.087119467556477,11.05280445021264,44,3.142857142857143,19,1.3571428571428572,3,0.21428571428571427,24.53186161005769,2.2195146689296337,8,0.5714285714285714,0.04081632653061224,0.0,0.125,0.7008920163767401
bayes-fix-seed42,dense_square,3,113,1543568534,success,72,18.0,0.12638007543525953,0,0.0,5,0.5746426817399765,14.041708161433538,15.288569778203964,13.78665352554556,53,2.9444444444444446,25,1.3888888888888888,4,0.2222222222222222,39.480289897133375,2.8636601205636723,13,0.7222222222222222,0.12307692307692308,0.12307692307692308,0.19444444444444445,0.562625047711624
bayes-fix-seed42,dense_square,3,114,1543568535,success,53,13.25,0.15708684262563122,0,0.0,3,0.494438818095067,13.967535757231262,15.76768234372139,9.92858743586378,40,3.018867924528302,23,1.7358490566037736,5,0.37735849056603776,24.8076141806351,2.4986045941465647,5,0.37735849056603776,0.0,0.0,0.07547169811320754,0.7936980686783683
bayes-fix-seed42,dense_square,3,115,1543568536,timeout,101,25.25,0.11497276027639958,0,0.0,14,0.332941573452544,14.554646087459998,16.396310180425644,14.267560679194146,93,3.6831683168316833,42,1.6633663366336633,30,1.188118811881188,111.17348981746416,7.792046048879563,36,1.4257425742574257,0.5212765957446809,0.4148936170212766,0.31683168316831684,0.12261551208411926
bayes-fix-seed42,dense_square,3,116,1543568537,success,67,16.75,0.21451923059950528,0,0.0,0,0.5152890669368533,14.21695424994426,15.780788660049438,11.08177356098056,59,3.5223880597014925,34,2.029850746268657,8,0.47761194029850745,44.34510411289153,4.001625179297356,15,0.8955223880597015,0.05,0.016666666666666666,0.1044776119402985,0.6986877768326064
bayes-fix-seed42,dense_square,3,117,1543568538,success,58,14.5,0.2345262142543434,0,0.0,0,0.8657602040078318,14.026020685660429,15.530995652079582,10.453948060248308,36,2.4827586206896552,13,0.896551724137931,3,0.20689655172413793,20.570565174953032,1.9677317178543958,7,0.4827586206896552,0.09803921568627451,0.09803921568627451,0.13793103448275862,0.7369307199817117
bayes-fix-seed42,dense_square,3,118,1543568539,success,81,20.25,0.056800258591991226,0,0.0,14,0.5940692004853468,14.05676817636431,15.367712825536728,14.60878406641916,65,3.2098765432098766,40,1.9753086419753085,13,0.6419753086419753,64.02937246450243,4.382936469824694,32,1.5802469135802468,0.21621621621621623,0.21621621621621623,0.19753086419753085,0.5402847743480109
bayes-fix-seed42,dense_square,3,119,1543568540,timeout,101,25.25,0.2140428240017599,0,0.0,0,0.5576522160624474,14.461573914136038,16.369227319955826,14.46557611642057,96,3.801980198019802,56,2.217821782178218,37,1.4653465346534653,129.98424845527774,8.98576367848401,51,2.01980198019802,0.3723404255319149,0.32978723404255317,0.36633663366336633,0.29335080274615283
bayes-fix-seed42,dense_square,3,120,1543568541,timeout,101,25.25,0.18640404684730605,0,0.0,5,0.45874954516002997,14.22001255473288,15.668518841266632,12.168750420099947,95,3.762376237623762,46,1.8217821782178218,34,1.3465346534653466,112.12033429005456,9.213791919411694,34,1.3465346534653466,0.5,0.48936170212765956,0.38613861386138615,0.2559332341537413
bayes-fix-seed42,dense_square,3,121,1543568542,success,65,16.25,0.20978867440874038,0,0.0,0,0.4768698696145547,13.935094727919651,15.086039155721664,11.104833050173857,47,2.8923076923076922,22,1.353846153846154,4,0.24615384615384617,20.44103168994385,1.8407329131007353,8,0.49230769230769234,0.034482758620689655,0.0,0.06153846153846154,0.6978284108853667
bayes-fix-seed42,dense_square,3,122,1543568543,success,63,15.75,0.026066510653191544,0,0.0,4,0.6114334370094946,13.986508820265058,15.29158428311348,13.26234094106247,47,2.984126984126984,25,1.5873015873015872,2,0.12698412698412698,21.314711362322292,1.6071605651705354,5,0.31746031746031744,0.17857142857142858,0.07142857142857142,0.20634920634920634,0.5824955891376663
bayes-fix-seed42,dense_square,3,123,1543568544,success,54,13.5,0.17102237936168885,0,0.0,3,0.5997160106721959,13.912095929737445,15.469713881611824,10.039245736205434,41,3.037037037037037,18,1.3333333333333333,4,0.2962962962962963,23.78294399666972,2.368997096156253,8,0.5925925925925926,0.0,0.0,0.05555555555555555,0.7706279260582027
bayes-fix-seed42,dense_square,3,124,1543568545,success,75,18.75,0.07597862608859351,0,0.0,6,0.47572890841727894,14.093077431122461,15.723538398742674,13.247413243239933,56,2.986666666666667,32,1.7066666666666668,9,0.48,47.117289475149725,3.5567162139516832,23,1.2266666666666666,0.25,0.19117647058823528,0.16,0.5917384340969434
bayes-fix-seed42,dense_square,3,125,1543568546,timeout,101,25.25,0.13958966157277652,0,0.0,9,0.34877651192341147,14.176151355599412,15.474755316972733,15.681836787546597,89,3.5247524752475248,41,1.6237623762376239,30,1.188118811881188,104.66309557876615,6.674160495145706,36,1.4257425742574257,0.6276595744680851,0.5212765957446809,0.43564356435643564,0.11131069872463942
bayes-fix-seed42,dense_square,3,126,1543568547,success,94,23.5,0.13039863504711813,0,0.0,6,0.4406331217033286,14.486984052556627,16.210102662444115,18.154324789994842,70,2.978723404255319,34,1.446808510638298,16,0.6808510638297872,65.37034472787442,3.600813882315311,24,1.0212765957446808,0.3103448275862069,0.12643678160919541,0.23404255319148937,0.43060807736912204
bayes-fix-seed42,dense_square,3,127,1543568548,success,80,20.0,0.16203119750844852,0,0.0,3,0.6408223283900123,13.821376115083694,15.568622574210167,14.77656928723214,61,3.05,34,1.7,16,0.8,61.714986985972246,4.176543674403352,26,1.3,0.2602739726027397,0.1506849315068493,0.2,0.5334899597891045
bayes-fix-seed42,dense_square,3,128,1543568549,success,74,18.5,0.1768033633922682,0,0.0,5,0.5699818252872757,14.265690905016822,16.03476293385029,13.854370259264382,62,3.3513513513513513,34,1.837837837837838,4,0.21621621621621623,40.32887997490198,2.9109139730067604,18,0.972972972972973,0.208955223880597,0.208955223880597,0.24324324324324326,0.5576459392827444
bayes-fix-seed42,dense_square,3,129,1543568550,timeout,101,25.25,0.1657220816087377,0,0.0,2,0.4730391568306377,14.34108725573757,16.010701656341553,15.091260866251787,87,3.4455445544554455,46,1.8217821782178218,37,1.4653465346534653,111.12637170031589,7.36362406595363,39,1.5445544554455446,0.4148936170212766,0.3829787234042553,0.3465346534653465,0.39202738996910436
bayes-fix-seed42,dense_square,3,130,1543568551,success,54,13.5,0.182658522476438,0,0.0,2,0.3789055457167826,13.964846523271667,15.734469890594482,11.356341797618201,33,2.4444444444444446,22,1.6296296296296295,10,0.7407407407407407,33.73372285588182,2.9704744236349856,12,0.8888888888888888,0.0,0.0,0.1111111111111111,0.684305219598235
bayes-fix-seed42,dense_square,3,131,1543568552,timeout,101,25.25,0.050512428293275735,0,0.0,15,0.3148134953834213,14.032424418347897,15.474498271942139,14.97288562069405,92,3.6435643564356437,26,1.0297029702970297,49,1.9405940594059405,149.07166446577972,9.956107876744047,51,2.01980198019802,0.6914893617021277,0.6595744680851063,0.48514851485148514,0.11764523946387627
bayes-fix-seed42,dense_square,3,132,1543568553,timeout,101,25.25,0.10244404547101482,0,0.0,5,0.37951035961955537,14.016040591615262,15.326771885156631,14.702587913725782,89,3.5247524752475248,52,2.0594059405940595,35,1.386138613861386,122.05619563641983,8.30168106136422,39,1.5445544554455446,0.40425531914893614,0.39361702127659576,0.26732673267326734,0.41577920685552744
bayes-fix-seed42,dense_square,3,133,1543568554,success,59,14.75,0.13281513164879166,0,0.0,5,0.4851170984138039,13.759513148816966,15.352755784988403,11.26228172457884,41,2.7796610169491527,18,1.2203389830508475,1,0.06779661016949153,18.086800546335745,1.6059623607943543,6,0.4067796610169492,0.11538461538461539,0.0,0.11864406779661017,0.6885607143543928
bayes-fix-seed42,dense_square,3,134,1543568555,timeout,101,25.25,0.15779451097343733,0,0.0,6,0.39529255062168467,15.408616070405092,15.625707805156708,13.755455584328793,91,3.603960396039604,33,1.306930693069307,24,0.9504950495049505,93.94551279383946,6.829691115492311,28,1.108910891089109,0.5319148936170213,0.5106382978723404,0.24752475247524752,0.3930707251161089
bayes-fix-seed42,dense_square,3,135,1543568556,success,86,21.5,0.10310789110521434,0,0.0,8,0.4782834488577646,14.238344722015913,15.67367184907198,13.502717624512483,61,2.8372093023255816,35,1.627906976744186,25,1.1627906976744187,71.42376650223098,5.28958454797056,25,1.1627906976744187,0.21518987341772153,0.13924050632911392,0.19767441860465115,0.574929454433267
bayes-fix-seed42,dense_square,3,136,1543568557,success,93,23.25,0.18925391037507522,0,0.0,2,0.5663091782633768,14.178857567810244,15.481480211019516,14.644276223293467,71,3.053763440860215,29,1.2473118279569892,18,0.7741935483870968,69.1392353880417,4.721246330908967,17,0.7311827956989247,0.46511627906976744,0.37209302325581395,0.21505376344086022,0.5339176448073496
bayes-fix-seed42,dense_square,3,137,1543568558,success,56,14.0,0.1510516428745874,0,0.0,3,0.5833188068335258,13.68871025208916,15.390807762742043,11.123834140393264,40,2.857142857142857,24,1.7142857142857142,3,0.21428571428571427,28.60160849422284,2.571200553086607,7,0.5,0.0,0.0,0.08928571428571429,0.6994418266094933
bayes-fix-seed42,dense_square,3,138,1543568559,success,49,12.25,0.14759895698362557,0,0.0,2,0.5212368183715279,13.63136140363557,14.970208704471588,10.773938601893743,35,2.857142857142857,20,1.6326530612244898,2,0.16326530612244897,20.025283657199292,1.8586780932350435,5,0.40816326530612246,0.0,0.0,0.12244897959183673,0.7185870444863518
bayes-fix-seed42,dense_square,3,139,1543568560,timeout,101,25.25,0.24293273248868275,0,0.0,0,0.7736784386259731,14.19663680071878,15.767119824886322,15.239515880357644,96,3.801980198019802,63,2.495049504950495,40,1.5841584158415842,130.84145649911756,8.585670143745206,52,2.0594059405940595,0.3191489361702128,0.30851063829787234,0.31683168316831684,0.24815544249194246
bayes-fix-seed42,dense_square,3,140,1543568561,success,49,12.25,0.09626728887805713,0,0.0,4,0.6407690208098578,13.424662759109419,15.470200031995768,9.951282893775085,32,2.6122448979591835,11,0.8979591836734694,3,0.24489795918367346,19.0692106328693,1.9162565104844758,4,0.32653061224489793,0.0,0.0,0.14285714285714285,0.7832328704785718
bayes-fix-seed42,dense_square,3,141,1543568562,success,75,18.75,0.09491999376609839,0,0.0,8,0.4216940335835076,14.014396369457245,15.562481433153152,15.138201178008579,54,2.88,20,1.0666666666666667,2,0.10666666666666667,26.212187588024545,1.7315259111566874,5,0.26666666666666666,0.27941176470588236,0.22058823529411764,0.24,0.5186655523776776
bayes-fix-seed42,dense_square,3,142,1543568563,success,65,16.25,0.1737627525815022,0,0.0,3,0.615440057977463,13.825988941467726,15.560415387153625,11.848383028060645,51,3.1384615384615384,27,1.6615384615384616,7,0.4307692307692308,36.67021921161971,3.094955583793439,11,0.676923076923077,0.1206896551724138,0.1206896551724138,0.13846153846153847,0.6562521255155138
bayes-fix-seed42,dense_square,3,143,1543568564,success,46,11.5,0.159061069320657,0,0.0,4,0.47552811436249326,13.654380874789279,15.170695260167122,9.38331598776407,37,3.217391304347826,23,2.0,2,0.17391304347826086,18.363372995459105,1.9570238303181,9,0.782608695652174,0.02564102564102564,0.02564102564102564,0.06521739130434782,0.8311280792200274
bayes-fix-seed42,dense_square,3,144,1543568565,success,66,16.5,0.09301079769425391,0,0.0,5,0.34170416567547723,14.259622686288573,15.945825725793839,11.446709906715249,48,2.909090909090909,25,1.5151515151515151,8,0.48484848484848486,42.48863305088951,3.711864229734993,18,1.0909090909090908,0.1864406779661017,0.1864406779661017,0.12121212121212122,0.6833991320129513
bayes-fix-seed42,dense_square,3,145,1543568566,timeout,101,25.25,0.1482430904249037,0,0.0,11,0.5080241136503191,14.309862241296486,15.9720778465271,16.895264574595075,74,2.9306930693069306,37,1.4653465346534653,21,0.8316831683168316,82.27446982544112,4.86967632037884,29,1.1485148514851484,0.44680851063829785,0.2765957446808511,0.27722772277227725,0.3690703350868949
bayes-fix-seed42,dense_square,3,146,1543568567,success,92,23.0,0.09790305251743914,0,0.0,12,0.5745779060170653,14.284968254682811,15.828469581902027,17.990279087781595,69,3.0,34,1.4782608695652173,6,0.2608695652173913,47.7074443828361,2.651845707898852,20,0.8695652173913043,0.3411764705882353,0.17647058823529413,0.25,0.4375776272447715
bayes-fix-seed42,dense_square,3,147,1543568568,success,59,14.75,0.21551819362137947,0,0.0,0,0.4824918184124872,13.797047532210916,15.149447694420813,10.770448270898783,49,3.3220338983050848,24,1.6271186440677967,3,0.2033898305084746,24.559806671232767,2.280295680690668,11,0.7457627118644068,0.07692307692307693,0.0,0.05084745762711865,0.7186880363662318
bayes-fix-seed42,dense_square,3,148,1543568569,timeout,101,25.25,0.11473707262755195,0,0.0,11,0.36493508193754187,13.913636750513964,15.150826424360275,14.249752157178467,91,3.603960396039604,51,2.01980198019802,40,1.5841584158415842,125.45464735144496,8.803988025030023,48,1.900990099009901,0.776595744680851,0.723404255319149,0.42574257425742573,0.11311858679142554
bayes-fix-seed42,dense_square,3,149,1543568570,success,79,19.75,0.14003062425252333,0,0.0,3,0.7319032574460838,13.945564108936093,15.332019701600075,16.244858503902414,41,2.0759493670886076,23,1.1645569620253164,12,0.6075949367088608,40.80656583666506,2.5119680683498915,13,0.6582278481012658,0.3333333333333333,0.3194444444444444,0.24050632911392406,0.478396642282223
bayes-fix-seed42,dense_square,3,150,1543568571,success,70,17.5,0.17685128772797065,0,0.0,2,0.5936349324695787,13.646357825824193,15.013458020985126,12.866913934434663,52,2.9714285714285715,25,1.4285714285714286,3,0.17142857142857143,30.913873182250235,2.4025864585538246,11,0.6285714285714286,0.1746031746031746,0.15873015873015872,0.15714285714285714,0.601485485694943
bayes-fix-seed42,dense_square,3,151,1543568572,collision,20,5.0,-0.008687437646647589,1,0.25,3,0.35578088871088726,12.46992889791727,13.518865779042244,2.3440138871997687,19,3.8,12,2.4,14,2.8,34.121897110705426,14.557037096511616,11,2.2,0.0,0.0,0.3,0.5167221362845396
bayes-fix-seed42,dense_square,3,152,1543568573,success,62,15.5,0.18330242500876714,0,0.0,2,0.6005780063675678,13.872713872021244,15.390491858124733,12.610692692247296,42,2.7096774193548385,22,1.4193548387096775,4,0.25806451612903225,26.04685640959893,2.0654580240157476,10,0.6451612903225806,0.14545454545454545,0.09090909090909091,0.1935483870967742,0.6184309569456791
bayes-fix-seed42,dense_square,3,153,1543568574,success,72,18.0,0.20187811092344254,0,0.0,0,0.5077892733281059,13.829712962938679,15.18600583076477,17.361858610758887,24,1.3333333333333333,13,0.7222222222222222,0,0.0,9.02886989796098,0.5200405152686777,1,0.05555555555555555,0.23076923076923078,0.046153846153846156,0.2638888888888889,0.44734688975445
bayes-fix-seed42,dense_square,3,154,1543568575,success,71,17.75,0.22202700314805957,0,0.0,0,0.6645364973764656,13.59579486536308,15.143388882279396,13.088350629178594,54,3.0422535211267605,27,1.5211267605633803,6,0.3380281690140845,42.77064885838805,3.26784100381885,14,0.7887323943661971,0.109375,0.09375,0.1267605633802817,0.5993000651249789
bayes-fix-seed42,dense_square,3,155,1543568576,success,66,16.5,0.11455008013245194,0,0.0,4,0.43447869207999246,14.10313340073282,15.837036073207855,11.733446713571054,49,2.9696969696969697,18,1.0909090909090908,4,0.24242424242424243,30.212674271887202,2.5749189483208577,10,0.6060606060606061,0.0847457627118644,0.06779661016949153,0.19696969696969696,0.6656428897967313
bayes-fix-seed42,dense_square,3,156,1543568577,success,51,12.75,0.11319976348849814,0,0.0,5,0.48365183120461563,13.736602211115407,15.66261239349842,10.677406682254928,29,2.2745098039215685,10,0.7843137254901961,0,0.0,10.680754684431303,1.0003135594883672,2,0.1568627450980392,0.0,0.0,0.0196078431372549,0.7305443698953008
bayes-fix-seed42,dense_square,3,157,1543568578,timeout,101,25.25,0.19446998744058253,0,0.0,3,0.4922702847253132,14.148626365874073,15.3689906001091,13.813591788663837,96,3.801980198019802,66,2.613861386138614,52,2.0594059405940595,168.71888008269855,12.213976108745168,48,1.900990099009901,0.2127659574468085,0.2127659574468085,0.24752475247524752,0.3425842508548137
bayes-fix-seed42,dense_square,3,158,1543568579,success,67,16.75,0.17160214533148732,0,0.0,2,0.9341578051227408,13.852880405845927,15.182110667228699,13.153281942877623,45,2.6865671641791047,17,1.0149253731343284,7,0.417910447761194,34.959502245955555,2.657853940771474,12,0.7164179104477612,0.25,0.25,0.22388059701492538,0.5899342761382589
bayes-fix-seed42,dense_square,3,159,1543568580,timeout,101,25.25,0.19979677159538267,0,0.0,1,0.5882841390124021,14.293525404859297,15.621382743120193,13.109354924398293,93,3.6831683168316833,50,1.9801980198019802,40,1.5841584158415842,126.10195779269293,9.619234395584181,43,1.702970297029703,0.43617021276595747,0.43617021276595747,0.2871287128712871,0.22962392680785015
bayes-fix-seed42,dense_square,3,160,1543568581,timeout,101,25.25,0.18012540043099634,0,0.0,3,0.3810484208060429,14.329426543842448,15.749815851449966,14.759619165066777,89,3.5247524752475248,65,2.5742574257425743,53,2.099009900990099,162.0967387466724,10.982447238904692,34,1.3465346534653466,0.425531914893617,0.425531914893617,0.3465346534653465,0.43359876761791283
bayes-fix-seed42,dense_square,3,161,1543568582,success,63,15.75,0.07580311883116686,0,0.0,6,0.6270384114394317,13.701390001981977,15.084858983755112,12.140413382419206,45,2.857142857142857,21,1.3333333333333333,2,0.12698412698412698,23.00107598361827,1.8945875448464238,8,0.5079365079365079,0.14285714285714285,0.07142857142857142,0.09523809523809523,0.6364565344883379
bayes-fix-seed42,dense_square,3,162,1543568583,success,57,14.25,0.16256877828146388,0,0.0,5,0.519924993189732,13.875559299138555,16.005102545022964,11.22361454825457,41,2.8771929824561404,18,1.263157894736842,3,0.21052631578947367,16.811885141663375,1.4979029321955697,3,0.21052631578947367,0.02,0.0,0.08771929824561403,0.6969110285655031
bayes-fix-seed42,dense_square,3,163,1543568584,timeout,101,25.25,0.14190368612415383,0,0.0,10,0.3526931539181696,14.164336689627996,15.701182186603546,14.031807135817534,94,3.722772277227723,47,1.8613861386138615,29,1.1485148514851484,105.63598269845855,7.5283234494302995,37,1.4653465346534653,0.6702127659574468,0.5638297872340425,0.49504950495049505,0.0
bayes-fix-seed42,dense_square,3,164,1543568585,success,62,15.5,0.2197850289394544,0,0.0,0,0.7607693965911011,13.72805622316176,15.283035300672054,11.070926614828672,36,2.3225806451612905,20,1.2903225806451613,3,0.1935483870967742,26.976612706530496,2.436707752212661,8,0.5161290322580645,0.2727272727272727,0.23636363636363636,0.20967741935483872,0.6987993698889621
bayes-fix-seed42,dense_square,3,165,1543568586,success,44,11.0,0.20190356320147396,0,0.0,0,0.6408368043241709,13.766468079252677,15.589254721999168,9.959412327020296,24,2.1818181818181817,14,1.2727272727272727,0,0.0,10.082165037816987,1.012325296590408,1,0.09090909090909091,0.0,0.0,0.0,0.7824040210158587
bayes-fix-seed42,dense_square,3,166,1543568587,success,70,17.5,0.06791514073482097,0,0.0,11,0.4940369186239247,13.924307056835719,15.187488123774529,14.734324335815987,47,2.6857142857142855,27,1.542857142857143,6,0.34285714285714286,34.162194718358464,2.3185450475877936,7,0.4,0.14285714285714285,0.14285714285714285,0.14285714285714285,0.5283127843919218
bayes-fix-seed42,dense_square,3,167,1543568588,collision,20,5.0,-0.024351733768402384,1,0.25,7,0.19733978668862714,12.061229720711708,14.327728562057018,3.224552438578816,17,3.4,7,1.4,4,0.8,13.790518395833864,4.276723253386407,3,0.6,0.6153846153846154,0.6153846153846154,0.35,0.14582127064417844
bayes-fix-seed42,dense_square,3,168,1543568589,success,75,18.75,0.07616165823921339,0,0.0,8,0.43874380909618876,14.3997623026371,15.936971828341484,17.224147295770532,34,1.8133333333333332,16,0.8533333333333334,4,0.21333333333333335,17.498213654155297,1.0159117518956693,3,0.16,0.058823529411764705,0.04411764705882353,0.14666666666666667,0.4600419337823169
bayes-fix-seed42,dense_square,3,169,1543568590,timeout,101,25.25,0.17458632522211381,0,0.0,6,0.3991266324023857,13.869869974580142,14.96095210313797,13.561610540607651,81,3.207920792079208,37,1.4653465346534653,22,0.8712871287128713,82.32617662425554,6.070530957790414,23,0.9108910891089109,0.4787234042553192,0.4574468085106383,0.26732673267326734,0.4468417614349594
bayes-fix-seed42,dense_square,3,170,1543568591,success,71,17.75,0.16936211586071215,0,0.0,3,0.6492792829594761,14.01907021940594,15.678510069847107,15.230307011921543,45,2.535211267605634,26,1.4647887323943662,11,0.6197183098591549,42.05536187380722,2.761294427018991,13,0.7323943661971831,0.0625,0.0,0.1267605633802817,0.5122025417251769
bayes-fix-seed42,dense_square,3,171,1543568592,collision,9,2.25,0.011470297784519357,0,0.0,4,0.3086900217034547,12.253273692395952,13.676633685827255,1.6353629663204345,8,3.5555555555555554,2,0.8888888888888888,1,0.4444444444444444,7.14303205756299,4.367857292032732,1,0.4444444444444444,0.0,0.0,0.3333333333333333,0.37260347143794836
bayes-fix-seed42,dense_square,3,172,1543568593,success,48,12.0,0.20932844052532273,0,0.0,0,0.5806311717856091,13.85838088269035,15.272257663309574,9.01577055879466,25,2.0833333333333335,15,1.25,1,0.08333333333333333,13.376728250730757,1.4837032690103333,5,0.4166666666666667,0.12195121951219512,0.12195121951219512,0.125,0.8552057286017609
bayes-fix-seed42,dense_square,3,173,1543568594,timeout,101,25.25,0.16238834369282895,0,0.0,5,0.4886100184590397,14.147595124374522,15.583645552396774,15.777693122986971,91,3.603960396039604,49,1.9405940594059405,38,1.504950495049505,124.56377837257939,7.894929721449511,44,1.7425742574257426,0.425531914893617,0.39361702127659576,0.3465346534653465,0.3655345092220277
bayes-fix-seed42,dense_square,3,174,1543568595,success,66,16.5,0.10213678994963815,0,0.0,11,0.5136448220920198,13.894086703658104,15.455271117389202,14.341543680254551,42,2.5454545454545454,23,1.393939393939394,10,0.6060606060606061,37.467031414027225,2.612482466975425,5,0.30303030303030304,0.2542372881355932,0.23728813559322035,0.22727272727272727,0.5369315008922484
bayes-fix-seed42,dense_square,3,175,1543568596,success,73,18.25,0.18095811817184615,0,0.0,5,0.5783252567247643,13.831448167154234,15.31359776854515,14.744742508000481,57,3.1232876712328768,30,1.643835616438356,2,0.1095890410958904,29.93880808283558,2.030473442760415,9,0.4931506849315068,0.2727272727272727,0.18181818181818182,0.2876712328767123,0.5253447295395177
bayes-fix-seed42,dense_square,3,176,1543568597,success,72,18.0,0.16699684199888543,0,0.0,3,0.6710269567194849,13.885275822960669,14.968943037092686,13.155121820145803,57,3.1666666666666665,30,1.6666666666666667,1,0.05555555555555555,31.778961647173677,2.41571017597931,17,0.9444444444444444,0.26153846153846155,0.15384615384615385,0.19444444444444445,0.5964535754717111
bayes-fix-seed42,dense_square,3,177,1543568598,timeout,101,25.25,0.1491293359881064,0,0.0,11,0.39451490919747795,13.936777995659574,15.27974009513855,13.004918282618641,95,3.762376237623762,44,1.7425742574257426,26,1.0297029702970297,95.82774672829937,7.368577383248556,29,1.1485148514851484,0.3617021276595745,0.2978723404255319,0.2079207920792079,0.4604486137519219
bayes-fix-seed42,dense_square,3,178,1543568599,collision,9,2.25,-0.030028980786145132,1,0.25,5,0.309889933339611,11.885691434144974,12.858457863330841,1.776740875017444,8,3.5555555555555554,3,1.3333333333333333,3,1.3333333333333333,8.416906769689831,4.737273109455082,2,0.8888888888888888,0.0,0.0,0.3333333333333333,0.31756022417827473
bayes-fix-seed42,dense_square,3,179,1543568600,success,57,14.25,0.15669998830080534,0,0.0,10,0.3393587324416205,14.101404239211167,15.873116999864578,10.506629559165095,38,2.6666666666666665,19,1.3333333333333333,3,0.21052631578947367,26.12032861539066,2.486080666335618,9,0.631578947368421,0.12,0.12,0.05263157894736842,0.7434329662931694
bayes-fix-seed42,dense_square,3,180,1543568601,success,92,23.0,0.1855639184045874,0,0.0,6,0.40069838979770855,14.006034673556037,15.551816672086716,18.412809571895398,67,2.9130434782608696,40,1.7391304347826086,7,0.30434782608695654,43.88650123477167,2.3834766260635387,11,0.4782608695652174,0.2235294117647059,0.1411764705882353,0.2391304347826087,0.42043602927865725
bayes-fix-seed42,dense_square,3,181,1543568602,success,88,22.0,0.1952546609660356,0,0.0,1,0.6363956360620915,14.119743200188333,16.136287711560723,13.889409009694083,75,3.409090909090909,48,2.1818181818181817,20,0.9090909090909091,80.05070283629288,5.763434771085053,32,1.4545454545454546,0.2716049382716049,0.25925925925925924,0.2159090909090909,0.564880775557306
bayes-fix-seed42,dense_square,3,182,1543568603,success,56,14.0,0.05464376921587577,0,0.0,8,0.980192610716533,13.645474266793046,15.23177232593298,12.002359960886483,35,2.5,17,1.2142857142857142,1,0.07142857142857142,17.61332360675965,1.467488365967883,3,0.21428571428571427,0.16326530612244897,0.16326530612244897,0.17857142857142858,0.6468704796370023
bayes-fix-seed42,dense_square,3,183,1543568604,success,83,20.75,0.18642584263292183,0,0.0,1,0.8985362750503374,14.185463852552047,15.630991756916044,14.003813965971498,62,2.9879518072289155,35,1.6867469879518073,9,0.43373493975903615,58.98590875834646,4.212131702240475,19,0.9156626506024096,0.27631578947368424,0.19736842105263158,0.2289156626506024,0.5608015936755564
bayes-fix-seed42,dense_square,3,184,1543568605,success,53,13.25,0.18321320045473966,0,0.0,3,1.108074528335452,13.65993136786065,15.194464474916458,9.930281979605619,30,2.2641509433962264,10,0.7547169811320755,2,0.1509433962264151,17.86229311180044,1.7987699793908412,7,0.5283018867924528,0.043478260869565216,0.021739130434782608,0.09433962264150944,0.7909556712704194
bayes-fix-seed42,dense_square,3,185,1543568606,timeout,101,25.25,0.1344214005932688,0,0.0,3,0.5437919608242887,14.115490388162065,15.733879059553146,15.431121427949874,97,3.8415841584158414,31,1.2277227722772277,37,1.4653465346534653,124.82484019767823,8.08916194331717,42,1.6633663366336633,0.5957446808510638,0.5851063829787234,0.45544554455445546,0.08099995818279099
bayes-fix-seed42,dense_square,3,186,1543568607,timeout,101,25.25,0.18635762617188567,0,0.0,7,0.29331302195780784,14.342755374341909,15.587106347084045,12.426076891062921,87,3.4455445544554455,59,2.3366336633663365,39,1.5445544554455446,132.02160572768585,10.624560501684838,40,1.5841584158415842,0.5851063829787234,0.574468085106383,0.15841584158415842,0.423498590433076
bayes-fix-seed42,dense_square,3,187,1543568608,success,77,19.25,0.0967059116552279,0,0.0,16,0.47232505547638154,14.102445165445278,15.901517868041992,15.545930369918777,58,3.012987012987013,21,1.0909090909090908,8,0.4155844155844156,41.0722216346573,2.6419918690830912,12,0.6233766233766234,0.21428571428571427,0.11428571428571428,0.16883116883116883,0.4961121642892752
bayes-fix-seed42,dense_square,3,188,1543568609,timeout,101,25.25,0.12946178536291397,0,0.0,7,0.7429270917908783,14.642657287935219,16.117583960294724,13.941712231375833,85,3.366336633663366,43,1.702970297029703,31,1.2277227722772277,108.87361103902516,7.809199417701724,36,1.4257425742574257,0.5,0.44680851063829785,0.38613861386138615,0.3070132165082922
bayes-fix-seed42,dense_square,3,189,1543568610,success,78,19.5,0.1797607795691505,0,0.0,3,0.48324893481909126,13.946378269256689,15.15246257185936,16.628559238537648,48,2.4615384615384617,29,1.4871794871794872,5,0.2564102564102564,30.247604518555647,1.819015350918381,11,0.5641025641025641,0.07042253521126761,0.014084507042253521,0.15384615384615385,0.46617021101646067
bayes-fix-seed42,dense_square,3,190,1543568611,success,74,18.5,0.17379116324330235,0,0.0,5,0.4398081141493682,14.02794277748546,15.852537378668785,14.579283261271051,50,2.7027027027027026,26,1.4054054054054055,8,0.43243243243243246,35.06875141132057,2.405382403432582,15,0.8108108108108109,0.07462686567164178,0.029850746268656716,0.16216216216216217,0.5361197894197793
bayes-fix-seed42,dense_square,3,191,1543568612,success,77,19.25,0.10948325231053202,0,0.0,5,0.5189723903632862,14.33593358892899,16.40348955988884,14.609236463458746,64,3.324675324675325,32,1.6623376623376624,14,0.7272727272727273,57.09698544644974,3.9082799151935963,25,1.2987012987012987,0.22857142857142856,0.22857142857142856,0.19480519480519481,0.5318193069136502
bayes-fix-seed42,dense_square,3,192,1543568613,success,61,15.25,0.21348068289405586,0,0.0,0,0.7277403365833771,13.948615762542506,15.596441924571991,10.936611113171564,42,2.7540983606557377,17,1.1147540983606556,4,0.26229508196721313,25.062713239005202,2.291634307890933,8,0.5245901639344263,0.14814814814814814,0.05555555555555555,0.16393442622950818,0.7049151135559141
bayes-fix-seed42,dense_square,3,193,1543568614,timeout,101,25.25,0.09274404653982538,0,0.0,7,0.39817736713659635,14.602970811400082,16.031410545110703,12.458259847866195,95,3.762376237623762,56,2.217821782178218,50,1.9801980198019802,162.5170486316813,13.044923658380478,53,2.099009900990099,0.6702127659574468,0.6382978723404256,0.33663366336633666,0.2655037496331083
bayes-fix-seed42,dense_square,3,194,1543568615,success,54,13.5,0.14708505181475073,0,0.0,4,0.6784949423584526,13.870670563644833,14.991752058267593,10.841185883406418,30,2.2222222222222223,14,1.037037037037037,0,0.0,10.65257416693775,0.9826022984480547,2,0.14814814814814814,0.14893617021276595,0.1276595744680851,0.05555555555555555,0.7177263499081465
bayes-fix-seed42,dense_square,3,195,1543568616,success,63,15.75,0.2053098125806221,0,0.0,0,0.789373237209214,13.84407855452053,15.00515341758728,12.118856083756523,46,2.9206349206349205,21,1.3333333333333333,5,0.31746031746031744,32.697924544497845,2.698103213580069,11,0.6984126984126984,0.19642857142857142,0.10714285714285714,0.23809523809523808,0.6466925673529259
bayes-fix-seed42,dense_square,3,196,1543568617,success,59,14.75,0.15473455470296982,0,0.0,1,0.7513654619153637,14.178830309439514,15.867617353796957,11.73985232951382,37,2.5084745762711864,19,1.2881355932203389,10,0.6779661016949152,32.011716823558494,2.7267563445480056,13,0.8813559322033898,0.21153846153846154,0.19230769230769232,0.1864406779661017,0.665220277891965
bayes-fix-seed42,dense_square,3,197,1543568618,success,67,16.75,0.14012087080403735,0,0.0,6,0.4914882254099326,14.051283751405887,15.54168313741684,13.43848060664853,51,3.044776119402985,25,1.492537313432836,7,0.417910447761194,35.69101272005803,2.65588155125218,11,0.6567164179104478,0.18333333333333332,0.16666666666666666,0.19402985074626866,0.5762663141281803
bayes-fix-seed42,dense_square,3,198,1543568619,timeout,101,25.25,0.15807806361271648,0,0.0,3,0.5982904737397406,14.866345147095105,16.846943646669388,19.076053223286227,82,3.2475247524752477,42,1.6633663366336633,12,0.4752475247524752,66.23705345609233,3.472261933890835,24,0.9504950495049505,0.44680851063829785,0.26595744680851063,0.3564356435643564,0.22517610448790437
bayes-fix-seed42,dense_square,3,199,1543568620,timeout,101,25.25,0.19027091508508176,0,0.0,1,0.40006822203701253,14.428880877128922,15.84206148982048,13.750060642013713,94,3.722772277227723,46,1.8217821782178218,32,1.2673267326732673,112.691876245197,8.19573667194337,37,1.4653465346534653,0.5212765957446809,0.4148936170212766,0.38613861386138615,0.0926241584688308
bayes-fix-seed42,dense_square,3,200,1543568621,success,66,16.5,0.1550412281323953,0,0.0,2,0.599477825000082,14.117818720864527,15.671503730118275,14.108190871936378,51,3.090909090909091,27,1.6363636363636365,2,0.12121212121212122,32.86101694830757,2.329215506551857,8,0.48484848484848486,0.13559322033898305,0.1016949152542373,0.15151515151515152,0.5505150606373326
bayes-fix-seed42,dense_square,3,201,1543568622,success,89,22.25,0.1629626941175979,0,0.0,1,0.7324111388574043,13.884852315937534,15.25123193860054,14.340486506010365,69,3.101123595505618,33,1.4831460674157304,18,0.8089887640449438,72.48789361857882,5.054772276254212,33,1.4831460674157304,0.3048780487804878,0.3048780487804878,0.2696629213483146,0.5397429253113882
bayes-fix-seed42,dense_square,3,202,1543568623,success,56,14.0,0.20127915843698974,0,0.0,0,0.7576824837978694,14.186335727572441,16.031485982239246,11.620649215412222,36,2.5714285714285716,17,1.2142857142857142,2,0.14285714285714285,24.738317311915658,2.1288240315442746,7,0.5,0.1836734693877551,0.14285714285714285,0.16071428571428573,0.6670223421621516
bayes-fix-seed42,dense_square,3,203,1543568624,timeout,101,25.25,0.17737265035426752,0,0.0,4,0.4297678081195141,14.387480471983995,15.813883394002914,14.046720183487048,92,3.6435643564356437,55,2.1782178217821784,44,1.7425742574257426,136.3420843869301,9.706328780380366,43,1.702970297029703,0.22340425531914893,0.22340425531914893,0.26732673267326734,0.34720596013214744
bayes-fix-seed42,dense_square,3,204,1543568625,success,71,17.75,0.16829262567881398,0,0.0,3,0.8532214398223926,16.40488380487536,17.964638769626617,13.731129603704687,51,2.8732394366197185,26,1.4647887323943662,1,0.056338028169014086,28.500061830581544,2.0755802802190555,9,0.5070422535211268,0.203125,0.015625,0.19718309859154928,0.5695716675716649
bayes-fix-seed42,dense_square,3,205,1543568626,timeout,101,25.25,0.17104345970907142,0,0.0,10,0.33530449333032264,14.076410101191833,15.546135604381561,16.928997270207127,77,3.0495049504950495,35,1.386138613861386,22,0.8712871287128713,84.98980714016028,5.020368648161548,24,0.9504950495049505,0.44680851063829785,0.3829787234042553,0.33663366336633666,0.3222695064893381
bayes-fix-seed42,dense_square,3,206,1543568627,success,61,15.25,0.21219195934398283,0,0.0,0,0.46242903739420776,14.412056349340032,15.981271862983704,13.433713677032857,44,2.8852459016393444,22,1.4426229508196722,3,0.19672131147540983,23.405595546069627,1.7423026952022465,11,0.7213114754098361,0.037037037037037035,0.018518518518518517,0.11475409836065574,0.5787039265173369
bayes-fix-seed42,dense_square,3,207,1543568628,success,99,24.75,0.1917582295407202,0,0.0,2,0.6047095546481105,14.367053153538945,16.09801985323429,16.4618021041726,82,3.313131313131313,48,1.9393939393939394,15,0.6060606060606061,66.98550257179379,4.069147602911279,24,0.9696969696969697,0.3804347826086957,0.31521739130434784,0.25252525252525254,0.47132075723387645
bayes-fix-seed42,dense_square,3,208,1543568629,timeout,101,25.25,0.13806667575102394,0,0.0,5,0.33225970018854967,14.291394501924515,15.453875064849854,10.774141663263551,87,3.4455445544554455,50,1.9801980198019802,38,1.504950495049505,145.17309993168482,13.47421488123547,51,2.01980198019802,0.5957446808510638,0.43617021276595747,0.18811881188118812,0.4207323970414982
bayes-fix-seed42,dense_square,3,209,1543568630,success,55,13.75,0.199513702631387,0,0.0,1,0.7725178283707761,13.557000051845204,15.275905653834343,9.964368063205491,38,2.7636363636363637,18,1.309090909090909,5,0.36363636363636365,24.017379960262563,2.4103264560197593,8,0.5818181818181818,0.0,0.0,0.07272727272727272,0.7806640729845239
bayes-fix-seed42,dense_square,3,210,1543568631,success,86,21.5,0.152889540680467,0,0.0,5,0.696943464429052,14.159307490254557,15.702825970947742,15.379003564455882,71,3.302325581395349,41,1.9069767441860466,20,0.9302325581395349,70.80128982472021,4.603763145510735,26,1.2093023255813953,0.2911392405063291,0.16455696202531644,0.2558139534883721,0.5070844316612255
bayes-fix-seed42,dense_square,3,211,1543568632,success,79,19.75,0.18104249760337177,0,0.0,1,0.7503401478707835,14.018070612904392,15.945450216531754,15.602257708475884,53,2.6835443037974684,23,1.1645569620253164,5,0.25316455696202533,31.86754680655128,2.0424958619443467,9,0.45569620253164556,0.2222222222222222,0.06944444444444445,0.189873417721519,0.5022093399941224
bayes-fix-seed42,dense_square,3,212,1543568633,timeout,101,25.25,0.15857342493606763,0,0.0,6,0.2847023821217852,14.420128104710344,16.097865998744965,10.389941060360561,79,3.128712871287129,49,1.9405940594059405,46,1.8217821782178218,150.3032731104158,14.466229619323734,43,1.702970297029703,0.6808510638297872,0.6276595744680851,0.22772277227722773,0.3409746300895031
bayes-fix-seed42,dense_square,3,213,1543568634,timeout,101,25.25,0.04621707149700416,0,0.0,20,0.31039373238128215,14.210047513836681,15.602637082338333,16.36793142209844,87,3.4455445544554455,59,2.3366336633663365,61,2.4158415841584158,188.89468394945476,11.540534908059728,65,2.5742574257425743,0.574468085106383,0.43617021276595747,0.26732673267326734,0.10155002001190894
bayes-fix-seed42,dense_square,3,214,1543568635,timeout,101,25.25,0.18366626953630227,0,0.0,3,0.5827359899222655,14.23704804907931,15.503417700529099,14.300392878494543,98,3.881188118811881,47,1.8613861386138615,34,1.3465346534653466,114.20217874341522,7.9859469396226626,39,1.5445544554455446,0.5319148936170213,0.5,0.33663366336633666,0.23915945573644337
bayes-fix-seed42,dense_square,3,215,1543568636,success,69,17.25,0.16829816307470058,0,0.0,2,0.8591749198232109,14.10460331733676,15.49258381128311,12.63212018240834,52,3.0144927536231885,28,1.6231884057971016,6,0.34782608695652173,41.067706878966824,3.251054160817617,14,0.8115942028985508,0.1935483870967742,0.1935483870967742,0.21739130434782608,0.6161070182900855
bayes-fix-seed42,dense_square,3,216,1543568637,success,92,23.0,0.1702924923345105,0,0.0,7,0.5102018768321276,13.915651477873325,15.15334788709879,15.513744671285625,74,3.217391304347826,37,1.608695652173913,31,1.3478260869565217,102.86691371453121,6.630695289508501,36,1.565217391304348,0.2235294117647059,0.2235294117647059,0.2608695652173913,0.5049213586768898
bayes-fix-seed42,dense_square,3,217,1543568638,success,88,22.0,0.17848943216441426,0,0.0,4,0.5429614185837915,14.092489442026073,16.041181795299053,15.473313678292822,68,3.090909090909091,30,1.3636363636363635,12,0.5454545454545454,55.60742416485739,3.593763127989052,22,1.0,0.2345679012345679,0.18518518518518517,0.13636363636363635,0.49995193133049726
bayes-fix-seed42,dense_square,3,218,1543568639,timeout,101,25.25,0.1732935091624328,0,0.0,4,0.4526637016647738,14.39679340265765,15.966277569532394,14.067126984598131,91,3.603960396039604,53,2.099009900990099,31,1.2277227722772277,115.41175403041265,8.204358584149778,35,1.386138613861386,0.46808510638297873,0.46808510638297873,0.39603960396039606,0.35457574017072774
bayes-fix-seed42,dense_square,3,219,1543568640,timeout,101,25.25,0.1867210474332991,0,0.0,4,0.3874761712815424,14.025949421200421,15.8676877617836,14.944154021728526,93,3.6831683168316833,31,1.2277227722772277,46,1.8217821782178218,146.44894709962074,9.79974824179988,50,1.9801980198019802,0.5638297872340425,0.5638297872340425,0.32673267326732675,0.3169236014727845
bayes-fix-seed42,dense_square,3,220,1543568641,success,80,20.0,0.151422613759726,0,0.0,6,0.433158754025235,13.94698079675436,15.417985059320927,13.723816671666924,64,3.2,27,1.35,7,0.35,41.18343850813332,3.000873553867657,10,0.5,0.2191780821917808,0.1643835616438356,0.15,0.5681554219427615
bayes-fix-seed42,dense_square,3,221,1543568642,collision,18,4.5,-0.01586808665671713,2,0.5,7,0.5549176586570232,13.60379449195332,15.033736638724804,3.219453764165318,16,3.5555555555555554,9,2.0,1,0.2222222222222222,10.269096201381116,3.1897014070160137,3,0.6666666666666666,0.0,0.0,0.0,0.6218876283196947
bayes-fix-seed42,dense_square,3,222,1543568643,success,87,21.75,0.022068365359393938,0,0.0,12,0.5735854091027855,14.100767629242492,15.380654111504555,16.009255662519926,63,2.896551724137931,27,1.2413793103448276,16,0.735632183908046,60.77541641032113,3.7962674649893633,22,1.0114942528735633,0.375,0.2625,0.20689655172413793,0.4902509669098387
bayes-fix-seed42,dense_square,3,223,1543568644,success,100,25.0,0.15243200856188,0,0.0,6,0.4121837734579167,14.394146129488945,15.95617551356554,19.186206171031568,74,2.96,34,1.36,12,0.48,59.90061830227108,3.122066852002897,19,0.76,0.23655913978494625,0.06451612903225806,0.3,0.40607407793258954
bayes-fix-seed42,dense_square,3,224,1543568645,success,70,17.5,0.23041710630289025,0,0.0,0,0.7953359438590905,14.128963383180755,15.679716877639294,13.079335939506018,56,3.2,35,2.0,6,0.34285714285714286,44.85406334413911,3.4293838426963106,8,0.45714285714285713,0.2222222222222222,0.2222222222222222,0.22857142857142856,0.5949199323587306
bayes-fix-seed42,dense_square,3,225,1543568646,success,69,17.25,0.21780062752906693,0,0.0,0,0.8057512998830423,13.667980559926102,14.989182353019714,13.957879276214872,45,2.608695652173913,22,1.2753623188405796,4,0.2318840579710145,29.798568668532972,2.1348922768884853,6,0.34782608695652173,0.3064516129032258,0.24193548387096775,0.2318840579710145,0.5652573339637349
bayes-fix-seed42,dense_square,3,226,1543568647,timeout,101,25.25,0.17724370067574435,0,0.0,1,0.45815256357900136,14.309239453903519,15.673860907554626,18.312673449507873,89,3.5247524752475248,39,1.5445544554455446,21,0.8316831683168316,80.84929292432088,4.4149366364905935,24,0.9504950495049505,0.43617021276595747,0.32978723404255317,0.33663366336633666,0.21757371548556392
bayes-fix-seed42,dense_square,3,227,1543568648,success,47,11.75,0.21017414325364492,0,0.0,0,0.4937580428775544,14.238739346570156,15.789289772510529,9.080679452610212,33,2.8085106382978724,14,1.1914893617021276,1,0.0851063829787234,10.011444087020259,1.1024994483361596,4,0.3404255319148936,0.0,0.0,0.0,0.8563092781812911
bayes-fix-seed42,dense_square,3,228,1543568649,success,65,16.25,0.17506760498841778,0,0.0,2,0.7530910930449974,13.84687481018213,14.784406125545502,13.479760541125488,49,3.0153846153846153,25,1.5384615384615385,4,0.24615384615384617,26.42008880101691,1.9599820575752582,9,0.5538461538461539,0.034482758620689655,0.0,0.13846153846153847,0.5741224455646262
bayes-fix-seed42,dense_square,3,229,1543568650,success,70,17.5,0.1305572166185167,0,0.0,6,0.4616480276976823,14.221276396087237,15.870529040694237,13.73758963958872,52,2.9714285714285715,30,1.7142857142857142,2,0.11428571428571428,29.789987374677565,2.168501764591174,5,0.2857142857142857,0.19047619047619047,0.09523809523809523,0.12857142857142856,0.5618060787997684
bayes-fix-seed42,dense_square,3,230,1543568651,timeout,101,25.25,0.19682734523746104,0,0.0,1,0.4436888239173915,14.161474043780034,15.64721018075943,14.574191046125433,92,3.6435643564356437,62,2.4554455445544554,50,1.9801980198019802,161.69096812468467,11.094335707069684,51,2.01980198019802,0.6063829787234043,0.5957446808510638,0.36633663366336633,0.23022779392708784
bayes-fix-seed42,dense_square,3,231,1543568652,timeout,101,25.25,0.07251520488919683,0,0.0,10,0.3254081449747617,14.559278799460666,16.05932042002678,14.7912310900849,92,3.6435643564356437,52,2.0594059405940595,41,1.6237623762376239,137.1025357787128,9.269176780735824,36,1.4257425742574257,0.43617021276595747,0.39361702127659576,0.39603960396039606,0.19771001892233517
bayes-fix-seed42,dense_square,3,232,1543568653,success,51,12.75,0.17917859939757363,0,0.0,2,0.6665360568990725,14.088560699247846,16.15884155035019,10.561260593845137,33,2.588235294117647,19,1.4901960784313726,10,0.7843137254901961,35.316400621133,3.3439569365151915,8,0.6274509803921569,0.0,0.0,0.0784313725490196,0.7371324883157805
bayes-fix-seed42,dense_square,3,233,1543568654,success,62,15.5,0.16491380391880606,0,0.0,4,0.5790581931588766,14.147697917876705,16.22436810284853,12.89204852492896,45,2.903225806451613,18,1.1612903225806452,7,0.45161290322580644,30.62101007342243,2.3751857599831028,14,0.9032258064516129,0.01818181818181818,0.01818181818181818,0.11290322580645161,0.5994695498603062
bayes-fix-seed42,dense_square,3,234,1543568655,timeout,101,25.25,0.20840743823625596,0,0.0,0,0.48387388435175105,14.291443520843393,15.851877629756927,17.403678740497647,91,3.603960396039604,42,1.6633663366336633,27,1.0693069306930694,98.45511639535589,5.657143978775871,31,1.2277227722772277,0.6170212765957447,0.4574468085106383,0.44554455445544555,0.0369530497706409
bayes-fix-seed42,dense_square,3,235,1543568656,success,81,20.25,0.1635749947481846,0,0.0,5,0.4769098878518271,15.774469408724043,16.137022525072098,14.11305588008527,69,3.4074074074074074,29,1.4320987654320987,17,0.8395061728395061,54.552927805446494,3.865422787875824,19,0.9382716049382716,0.10810810810810811,0.10810810810810811,0.1728395061728395,0.553438284269944
bayes-fix-seed42,dense_square,3,236,1543568657,timeout,101,25.25,0.1704703186345573,0,0.0,10,0.3732788214924831,14.007075145693108,15.085529536008835,16.39090254556369,73,2.891089108910891,27,1.0693069306930694,13,0.5148514851485149,57.752252065020315,3.5234333133565823,20,0.7920792079207921,0.5319148936170213,0.3191489361702128,0.37623762376237624,0.24539169905525315
bayes-fix-seed42,dense_square,3,237,1543568658,success,71,17.75,0.08182942589794351,0,0.0,6,0.6433964885590459,14.301244641693545,15.967020764946938,16.218773661752707,34,1.9154929577464788,16,0.9014084507042254,2,0.11267605633802817,17.224911047203996,1.0620353552268857,3,0.16901408450704225,0.078125,0.046875,0.09859154929577464,0.48033749105091716
bayes-fix-seed42,dense_square,3,238,1543568659,success,69,17.25,0.19204016335427154,0,0.0,3,0.513621645246059,14.045359269864317,15.47924056649208,11.67854730555665,58,3.36231884057971,38,2.2028985507246377,6,0.34782608695652173,40.175064491713805,3.4400737900507985,9,0.5217391304347826,0.06451612903225806,0.06451612903225806,0.07246376811594203,0.6658488224892231
bayes-fix-seed42,dense_square,3,239,1543568660,success,83,20.75,0.12260243510970892,0,0.0,2,0.49529441394227763,14.222853693617395,15.66825695335865,17.763921634849293,59,2.8433734939759034,23,1.108433734939759,6,0.2891566265060241,37.7633848810886,2.1258473020396758,16,0.7710843373493976,0.32894736842105265,0.14473684210526316,0.1927710843373494,0.4339146499614876
bayes-fix-seed42,dense_square,3,240,1543568661,success,85,21.25,0.18730207272033017,0,0.0,2,0.6998862284601686,13.893951782408882,15.189986675977707,12.48240294956162,63,2.9647058823529413,38,1.7882352941176471,4,0.18823529411764706,47.21051606367234,3.782165681915465,17,0.8,0.24358974358974358,0.16666666666666666,0.15294117647058825,0.6219039331703121
bayes-fix-seed42,dense_square,3,241,1543568662,success,77,19.25,0.16132044930143286,0,0.0,8,0.5167587268488953,14.197262415251174,16.07353761792183,15.301881778539018,54,2.8051948051948052,25,1.2987012987012987,6,0.3116883116883117,34.18825087152679,2.234251405567387,14,0.7272727272727273,0.18571428571428572,0.14285714285714285,0.11688311688311688,0.5084469203368832
bayes-fix-seed42,dense_square,3,242,1543568663,success,55,13.75,0.2175293287014114,0,0.0,0,0.5453560115526745,14.200876382264225,16.021793335676193,10.380080547030857,29,2.109090909090909,11,0.8,2,0.14545454545454545,14.217692599364113,1.3697092748891024,2,0.14545454545454545,0.20833333333333334,0.125,0.14545454545454545,0.7483782576233771
bayes-fix-seed42,dense_square,3,243,1543568664,success,51,12.75,0.15071485523271322,0,0.0,2,0.7676488786963526,13.852457643723955,15.403319150209427,11.57376830798935,26,2.0392156862745097,13,1.0196078431372548,1,0.0784313725490196,13.164323010390042,1.13742755687469,3,0.23529411764705882,0.13636363636363635,0.11363636363636363,0.09803921568627451,0.6751383010001438
bayes-fix-seed42,dense_square,3,244,1543568665,success,59,14.75,0.1808728463372966,0,0.0,2,0.5559218616921224,14.100594793335866,15.658687800168991,11.566844029365228,39,2.6440677966101696,14,0.9491525423728814,6,0.4067796610169492,29.90198718629093,2.585146571560705,11,0.7457627118644068,0.019230769230769232,0.0,0.13559322033898305,0.6704171534504278
bayes-fix-seed42,dense_square,3,245,1543568666,success,79,19.75,0.18603933650325766,0,0.0,10,0.4346292177879487,14.229039932730831,15.538201853632927,17.400277439588887,51,2.5822784810126582,32,1.620253164556962,0,0.0,26.444774298078716,1.5197903820724092,9,0.45569620253164556,0.1388888888888889,0.0,0.02531645569620253,0.44390140197193434
bayes-fix-seed42,dense_square,3,246,1543568667,success,69,17.25,0.17854762589890427,0,0.0,1,0.5174302043906269,14.292867557294127,15.90871810913086,14.481355646464163,50,2.898550724637681,29,1.681159420289855,7,0.4057971014492754,36.09908261972121,2.49279718701856,13,0.7536231884057971,0.14516129032258066,0.14516129032258066,0.17391304347826086,0.5376970306369995
bayes-fix-seed42,dense_square,3,247,1543568668,timeout,101,25.25,0.13539009036463923,0,0.0,12,0.3096155706960679,14.27384683548814,15.713151544332504,12.725630729867548,93,3.6831683168316833,45,1.7821782178217822,30,1.188118811881188,108.68608519575633,8.540722853183684,30,1.188118811881188,0.3191489361702128,0.3191489361702128,0.3069306930693069,0.49231543902537345
bayes-fix-seed42,dense_square,3,248,1543568669,success,72,18.0,0.1665184671577027,0,0.0,3,0.8229899156438603,13.995730369869205,15.512387081980705,12.936254632858901,50,2.7777777777777777,22,1.2222222222222223,7,0.3888888888888889,40.738946276003496,3.1492072034918057,12,0.6666666666666666,0.2,0.12307692307692308,0.18055555555555555,0.606126649287875
bayes-fix-seed42,dense_square,3,249,1543568670,success,72,18.0,0.1794562543875875,0,0.0,2,0.6801724784220113,14.061394716716475,15.396439470350742,13.292934543392601,54,3.0,31,1.7222222222222223,9,0.5,41.85188054936033,3.1484304998826063,16,0.8888888888888888,0.27692307692307694,0.24615384615384617,0.19444444444444445,0.5843118816437489
bayes-fix-seed42,dense_square,3,250,1543568671,success,99,24.75,0.19549187898238474,0,0.0,2,0.6208408135513939,14.295816609654764,16.081345453858376,15.965245561921575,80,3.2323232323232323,51,2.0606060606060606,41,1.6565656565656566,110.35372312814795,6.912121877495618,42,1.696969696969697,0.2826086956521739,0.25,0.25252525252525254,0.48835505527218614
bayes-fix-seed42,dense_square,3,251,1543568672,success,72,18.0,0.18824859086093193,0,0.0,2,0.4898884039196406,14.08417760911915,15.49717839807272,13.818703803198378,51,2.8333333333333335,31,1.7222222222222223,7,0.3888888888888889,38.187839374054676,2.7634892474658868,7,0.3888888888888889,0.16923076923076924,0.1076923076923077,0.125,0.563641007680364
bayes-fix-seed42,dense_square,3,252,1543568673,timeout,101,25.25,0.19781399108897824,0,0.0,1,0.44910944689610705,14.491137154031508,15.927053987979889,13.781626386450805,90,3.5643564356435644,44,1.7425742574257426,23,0.9108910891089109,105.89898682470066,7.684070359708316,33,1.306930693069307,0.5638297872340425,0.5319148936170213,0.40594059405940597,0.22972066746208897
bayes-fix-seed42,dense_square,3,253,1543568674,timeout,101,25.25,0.16700584662912155,0,0.0,4,0.48485041270974155,14.369524203904785,16.192901879549026,15.42451774489546,85,3.366336633663366,40,1.5841584158415842,19,0.7524752475247525,73.97251672707577,4.795775009014852,28,1.108910891089109,0.648936170212766,0.3723404255319149,0.4158415841584158,0.024603233672938603
bayes-fix-seed42,dense_square,3,254,1543568675,timeout,101,25.25,0.08461819018883632,0,0.0,16,0.2929465362064279,14.183976346313363,15.635918825864792,14.403244262726625,95,3.762376237623762,53,2.099009900990099,44,1.7425742574257426,140.83234259868405,9.777820887418846,45,1.7821782178217822,0.776595744680851,0.6808510638297872,0.40594059405940597,0.10544778680078377
bayes-fix-seed42,dense_square,3,255,1543568676,success,73,18.25,0.1716899870194183,0,0.0,7,0.4975809770376897,13.910727651968394,15.349182486534117,15.234947861880666,49,2.684931506849315,22,1.2054794520547945,8,0.4383561643835616,38.17679107383489,2.5058694929542207,10,0.547945205479452,0.3333333333333333,0.2727272727272727,0.2191780821917808,0.5111877368608494
bayes-fix-seed42,dense_square,3,256,1543568677,success,76,19.0,0.17797166744776516,0,0.0,4,0.6995764801038254,13.9601523742864,15.25479182600975,15.91919420017395,56,2.9473684210526314,27,1.4210526315789473,9,0.47368421052631576,43.22319437237241,2.7151622016081762,13,0.6842105263157895,0.36231884057971014,0.2463768115942029,0.2894736842105263,0.48562614726851105
bayes-fix-seed42,dense_square,3,257,1543568678,success,46,11.5,0.20360614443436076,0,0.0,0,0.578168544263195,14.490173562713291,16.612262465059757,10.103817386191906,31,2.6956521739130435,15,1.3043478260869565,2,0.17391304347826086,13.551602334622288,1.3412358731999847,6,0.5217391304347826,0.0,0.0,0.08695652173913043,0.7854939836061623
bayes-fix-seed42,dense_square,3,258,1543568679,success,59,14.75,0.1851168216920237,0,0.0,1,0.7248420624756314,14.161101463487594,15.639527142047882,12.370406436778266,34,2.305084745762712,18,1.2203389830508475,5,0.3389830508474576,23.767258345325885,1.9212997136992858,7,0.4745762711864407,0.0,0.0,0.06779661016949153,0.6243697324397677
bayes-fix-seed42,dense_square,3,259,1543568680,success,81,20.25,0.17447682871562442,0,0.0,3,0.47327925112467056,14.444422988611976,16.12372323870659,14.061369627503638,67,3.308641975308642,30,1.4814814814814814,11,0.5432098765432098,54.20299853613479,3.854745303765806,15,0.7407407407407407,0.14864864864864866,0.14864864864864866,0.2222222222222222,0.5512769263996536
bayes-fix-seed42,dense_square,3,260,1543568681,success,63,15.75,0.16965318116452643,0,0.0,1,0.7202166977161131,13.977544825701486,15.531850978732109,12.302819803777439,40,2.5396825396825395,24,1.5238095238095237,8,0.5079365079365079,30.40196191435457,2.471137706578454,13,0.8253968253968254,0.21428571428571427,0.17857142857142858,0.20634920634920634,0.6327984497882876
bayes-fix-seed42,dense_square,3,261,1543568682,timeout,101,25.25,0.15825577692817872,0,0.0,4,0.5118706152759636,14.29324689330441,15.729844570159912,15.431139311840296,87,3.4455445544554455,44,1.7425742574257426,22,0.8712871287128713,93.14817458393243,6.0363770102483585,40,1.5841584158415842,0.6170212765957447,0.43617021276595747,0.5148514851485149,0.01971427442016853
bayes-fix-seed42,dense_square,3,262,1543568683,success,86,21.5,0.18094686222677303,0,0.0,2,0.7033224767145287,14.475398718617683,16.23396947979927,13.4785904249767,66,3.0697674418604652,38,1.7674418604651163,26,1.2093023255813953,78.94521780611913,5.857082626372305,26,1.2093023255813953,0.11392405063291139,0.10126582278481013,0.20930232558139536,0.5832936046900319
bayes-fix-seed42,dense_square,3,263,1543568684,success,69,17.25,0.13091045426193537,0,0.0,4,0.638076356502813,14.5308675541394,16.27618372440338,14.198416088838924,44,2.550724637681159,24,1.391304347826087,7,0.4057971014492754,31.21624774152039,2.1985725412047072,14,0.8115942028985508,0.27419354838709675,0.16129032258064516,0.2463768115942029,0.5496943507433776
bayes-fix-seed42,dense_square,3,264,1543568685,timeout,101,25.25,0.21813364385856027,0,0.0,0,0.689506353453985,14.372667279278877,15.6015045940876,18.082133251778025,91,3.603960396039604,42,1.6633663366336633,31,1.2277227722772277,108.827559745453,6.018513315333076,40,1.5841584158415842,0.5957446808510638,0.40425531914893614,0.46534653465346537,0.014632683181587183
bayes-fix-seed42,dense_square,3,265,1543568686,timeout,101,25.25,0.15524520256792929,0,0.0,5,0.6472561931180395,14.215740900818664,15.452254563570023,14.373745881331491,95,3.762376237623762,51,2.01980198019802,26,1.0297029702970297,94.6895454514826,6.587673542668139,31,1.2277227722772277,0.574468085106383,0.4787234042553192,0.42574257425742573,0.2708853888340648
bayes-fix-seed42,dense_square,3,266,1543568687,success,94,23.5,0.17211620844981723,0,0.0,6,0.5140148315905522,14.436808474203373,16.227645426988598,14.511412765904243,79,3.3617021276595747,40,1.702127659574468,35,1.4893617021276595,104.03901689067867,7.169461620933758,43,1.8297872340425532,0.27586206896551724,0.2413793103448276,0.2553191489361702,0.5425376608562897
bayes-fix-seed42,dense_square,3,267,1543568688,success,53,13.25,0.15455516145119086,0,0.0,3,0.6117675239835875,14.215804003881958,16.34332463145256,10.78796566867795,35,2.641509433962264,19,1.4339622641509433,1,0.07547169811320754,18.24805796504652,1.6915198403002327,3,0.22641509433962265,0.08695652173913043,0.08695652173913043,0.11320754716981132,0.718060299160801
bayes-fix-seed42,dense_square,3,268,1543568689,success,62,15.5,0.19038568806691825,0,0.0,1,0.7630723757688099,14.444040915658396,16.075939871370792,10.990294123718293,47,3.032258064516129,19,1.2258064516129032,4,0.25806451612903225,30.435255910294053,2.769284931566239,9,0.5806451612903226,0.14545454545454545,0.12727272727272726,0.14516129032258066,0.7203963247144163
bayes-fix-seed42,dense_square,3,269,1543568690,collision,23,5.75,-0.013116037615737541,1,0.25,6,0.3229354116007749,13.428443313940711,15.642407536506653,4.362443480245975,22,3.8260869565217392,10,1.7391304347826086,2,0.34782608695652173,13.283375284680998,3.044939228400506,5,0.8695652173913043,0.0,0.0,0.17391304347826086,0.5346424101937557
bayes-fix-seed42,dense_square,3,270,1543568691,success,61,15.25,0.10498990311615108,0,0.0,8,0.6285483855839472,13.905189259619009,15.190307050943375,14.22981824390918,30,1.9672131147540983,15,0.9836065573770492,0,0.0,12.180494107740955,0.855983815039563,6,0.39344262295081966,0.12962962962962962,0.037037037037037035,0.14754098360655737,0.5436063462048005
bayes-fix-seed42,dense_square,3,271,1543568692,timeout,101,25.25,0.11104684912822305,0,0.0,11,0.48088756765483254,15.36919368375646,15.996269881725311,15.686925294644713,92,3.6435643564356437,40,1.5841584158415842,23,0.9108910891089109,96.23543370557843,6.134754382902034,33,1.306930693069307,0.48936170212765956,0.30851063829787234,0.43564356435643564,0.0917905515652594
bayes-fix-seed42,dense_square,3,272,1543568693,collision,30,7.5,0.027772841631298673,0,0.0,10,0.27945704816008266,13.065430149435997,14.523080922663212,4.6707890538971615,27,3.6,14,1.8666666666666667,3,0.4,20.640611358011462,4.419084467278516,7,0.9333333333333333,0.043478260869565216,0.043478260869565216,0.2,0.30891495951400566
bayes-fix-seed42,dense_square,3,273,1543568694,success,49,12.25,0.22026208006977732,0,0.0,0,0.7089545526354979,13.780547343954748,15.384352952241898,11.063434375588226,31,2.5306122448979593,21,1.7142857142857142,1,0.08163265306122448,18.20261615285704,1.6452952613902259,8,0.6530612244897959,0.047619047619047616,0.047619047619047616,0.08163265306122448,0.7110858666581367
bayes-fix-seed42,dense_square,3,274,1543568695,success,98,24.5,0.08441343883447472,0,0.0,14,0.6222501131530259,14.326998849912565,15.99026620388031,17.67796552958823,79,3.2244897959183674,40,1.6326530612244898,5,0.20408163265306123,53.73210508632333,3.0394959757326157,13,0.5306122448979592,0.3516483516483517,0.1978021978021978,0.2857142857142857,0.44910777526796614
bayes-fix-seed42,dense_square,3,275,1543568696,success,90,22.5,0.10243354119003012,0,0.0,6,0.5579540765544337,13.975113754471144,15.234395116567612,15.035136658810703,78,3.466666666666667,34,1.511111111111111,11,0.4888888888888889,57.49818557965172,3.8242542708088623,23,1.0222222222222221,0.3373493975903614,0.25301204819277107,0.2222222222222222,0.5247231016004358
bayes-fix-seed42,dense_square,3,276,1543568697,timeout,101,25.25,0.1021367201612966,0,0.0,9,0.46374614713437934,14.716941789530292,16.192421317100525,14.181193638335547,85,3.366336633663366,34,1.3465346534653466,16,0.6336633663366337,76.6134624690741,5.402469243630344,25,0.9900990099009901,0.39361702127659576,0.35106382978723405,0.37623762376237624,0.3624731205036299
bayes-fix-seed42,dense_square,3,277,1543568698,collision,12,3.0,-0.05668470686499305,1,0.25,4,0.5752057516505621,12.576200688878695,14.001640118658543,2.017652447274462,11,3.6666666666666665,5,1.6666666666666667,2,0.6666666666666666,6.616509067548773,3.2793106049987246,2,0.6666666666666666,0.0,0.0,0.0,0.6231676845002756
bayes-fix-seed42,dense_square,3,278,1543568699,success,67,16.75,0.06444823569690372,0,0.0,12,0.3906674871439171,14.249399526795344,15.483013167977333,13.024112607769286,56,3.343283582089552,28,1.671641791044776,2,0.11940298507462686,34.36297241710371,2.638411802168014,15,0.8955223880597015,0.21666666666666667,0.2,0.11940298507462686,0.597460942459914
bayes-fix-seed42,dense_square,3,279,1543568700,success,84,21.0,0.1789315330477299,0,0.0,3,0.7442044177187003,14.621469724391188,15.901078283786774,15.03950422301509,58,2.761904761904762,25,1.1904761904761905,5,0.23809523809523808,32.26760768286309,2.145523363295691,9,0.42857142857142855,0.23376623376623376,0.1038961038961039,0.21428571428571427,0.5180049143927244
bayes-fix-seed42,dense_square,3,280,1543568701,success,51,12.75,0.027877919755834757,0,0.0,6,0.8234789438720289,13.881081459568996,15.347583219408989,11.975479731529068,29,2.2745098039215685,14,1.0980392156862746,0,0.0,13.522753330920953,1.1292034752744158,4,0.3137254901960784,0.09090909090909091,0.022727272727272728,0.13725490196078433,0.6447371279890627
bayes-fix-seed42,dense_square,3,281,1543568702,timeout,101,25.25,0.09069037257337587,0,0.0,16,0.5023602200546152,14.542269382146326,15.818897634744644,21.18653683116893,66,2.613861386138614,36,1.4257425742574257,18,0.7128712871287128,59.8999446726614,2.827264557204016,4,0.15841584158415842,0.2553191489361702,0.24468085106382978,0.2079207920792079,0.3482764155632914
bayes-fix-seed42,dense_square,3,282,1543568703,success,80,20.0,0.10725920869432448,0,0.0,12,0.47170233404159817,14.500872977077961,15.649468451738358,15.303589084310865,51,2.55,22,1.1,3,0.15,20.44870212426693,1.3362030313026896,5,0.25,0.3424657534246575,0.1917808219178082,0.2375,0.5054882827714352
bayes-fix-seed42,dense_square,3,283,1543568704,success,85,21.25,0.008965765092933453,0,0.0,12,0.6824711693206181,14.52438507009955,15.86533710360527,16.479187340547906,65,3.0588235294117645,38,1.7882352941176471,6,0.2823529411764706,45.72905012078495,2.7749578408072475,9,0.4235294117647059,0.24358974358974358,0.20512820512820512,0.16470588235294117,0.471372520544948
bayes-fix-seed42,dense_square,3,284,1543568705,success,77,19.25,0.1738487854193802,0,0.0,1,0.5300685419319239,14.460186002316412,16.19706302881241,16.25178956779761,50,2.5974025974025974,21,1.0909090909090908,3,0.15584415584415584,27.64461189618048,1.7010195573143143,9,0.4675324675324675,0.17142857142857143,0.08571428571428572,0.18181818181818182,0.4759073319126757
bayes-fix-seed42,dense_square,3,285,1543568706,timeout,101,25.25,0.22202442214194218,0,0.0,0,0.6764632504934447,14.316547588251606,15.578478574752808,15.95011466834058,73,2.891089108910891,36,1.4257425742574257,6,0.2376237623762376,38.50459606168202,2.4140639025065997,15,0.594059405940594,0.6276595744680851,0.3617021276595745,0.5247524752475248,0.2201355452386799
bayes-fix-seed42,dense_square,3,286,1543568707,success,72,18.0,0.17244636846346828,0,0.0,2,0.5209520656095075,14.13368707936671,15.927247889339926,12.683117798516,49,2.7222222222222223,25,1.3888888888888888,4,0.2222222222222222,32.97313723942729,2.5997659063992407,14,0.7777777777777778,0.23076923076923078,0.18461538461538463,0.2222222222222222,0.6143466482427083
bayes-fix-seed42,dense_square,3,287,1543568708,success,78,19.5,0.09590994143997666,0,0.0,5,0.6997859506290742,14.33550633299045,15.894288383424282,14.224190908633162,59,3.0256410256410255,34,1.7435897435897436,17,0.8717948717948718,61.38152876103089,4.3152914042918455,21,1.0769230769230769,0.2112676056338028,0.15492957746478872,0.15384615384615385,0.548134240620366
bayes-fix-seed42,dense_square,3,288,1543568709,timeout,101,25.25,0.16170866274557893,0,0.0,8,0.3187570695489773,14.624656869633363,16.19652286171913,12.002783924482697,94,3.722772277227723,44,1.7425742574257426,35,1.386138613861386,120.51549701320846,10.040628721757358,20,0.7920792079207921,0.4787234042553192,0.4148936170212766,0.2376237623762376,0.4333347690380538
bayes-fix-seed42,dense_square,3,289,1543568710,timeout,101,25.25,0.055899918740038856,0,0.0,14,0.3642217002812469,14.351480520597779,15.861701220273972,13.015043613553878,82,3.2475247524752477,37,1.4653465346534653,22,0.8712871287128713,83.73907548281028,6.434021887994622,15,0.594059405940594,0.39361702127659576,0.32978723404255317,0.19801980198019803,0.5652406277685678
bayes-fix-seed42,dense_square,3,290,1543568711,success,75,18.75,0.20174514590799986,0,0.0,0,0.7870747507698903,14.177488187948862,15.505433827638626,11.23027267570298,58,3.0933333333333333,31,1.6533333333333333,10,0.5333333333333333,47.56781261476654,4.235677439754502,13,0.6933333333333334,0.014705882352941176,0.014705882352941176,0.18666666666666668,0.6943552169079635
bayes-fix-seed42,dense_square,3,291,1543568712,timeout,101,25.25,0.19768494046706608,0,0.0,2,0.4020270524100993,14.377028303276195,15.72941243648529,14.95110592307506,90,3.5643564356435644,32,1.2673267326732673,30,1.188118811881188,111.68381691300371,7.469936838627735,38,1.504950495049505,0.6170212765957447,0.5212765957446809,0.49504950495049505,0.10356949173245128
bayes-fix-seed42,dense_square,3,292,1543568713,success,52,13.0,0.186875978757149,0,0.0,2,0.5678178100113761,14.022074424876617,16.03782679885626,10.06923206784405,37,2.8461538461538463,21,1.6153846153846154,6,0.46153846153846156,23.94844454874081,2.378378449059668,7,0.5384615384615384,0.1111111111111111,0.1111111111111111,0.1346153846153846,0.7697417858238149
bayes-fix-seed42,dense_square,3,293,1543568714,success,76,19.0,0.074499149709646,0,0.0,8,0.5139434082574903,14.18448989524653,15.850869007408619,11.979570610987503,62,3.263157894736842,29,1.5263157894736843,9,0.47368421052631576,46.00113765050574,3.839965483263157,18,0.9473684210526315,0.17391304347826086,0.13043478260869565,0.07894736842105263,0.6466343821386558
bayes-fix-seed42,dense_square,3,294,1543568715,timeout,101,25.25,0.1501102807238024,0,0.0,7,0.5936643299072034,14.238943115319357,15.366710722446442,15.991794961288427,95,3.762376237623762,48,1.900990099009901,21,0.8316831683168316,87.65536326789676,5.481271081831989,32,1.2673267326732673,0.40425531914893614,0.40425531914893614,0.3069306930693069,0.2333140650812851
bayes-fix-seed42,dense_square,3,295,1543568716,success,73,18.25,0.18569292782012492,0,0.0,2,0.7702369539534119,14.149039371372902,16.14357978105545,13.038621387833308,52,2.8493150684931505,25,1.36986301369863,11,0.6027397260273972,44.11457283233687,3.383377085671141,15,0.821917808219178,0.21212121212121213,0.18181818181818182,0.2054794520547945,0.5980085465846169
bayes-fix-seed42,dense_square,3,296,1543568717,timeout,101,25.25,0.17413959209770113,0,0.0,1,0.8264954870121354,14.458557572400215,15.91455563902855,15.687498243534924,95,3.762376237623762,32,1.2673267326732673,31,1.2277227722772277,101.40693708745805,6.464187948467151,37,1.4653465346534653,0.7021276595744681,0.5851063829787234,0.5148514851485149,0.0
bayes-fix-seed42,dense_square,3,297,1543568718,success,73,18.25,0.14210579027278514,0,0.0,12,0.28430898148588113,14.474571363566673,16.090523451566696,13.307206908268185,55,3.0136986301369864,20,1.095890410958904,2,0.1095890410958904,24.46428598021877,1.8384238066530956,7,0.3835616438356164,0.24242424242424243,0.09090909090909091,0.136986301369863,0.582551618127568
bayes-fix-seed42,dense_square,3,298,1543568719,timeout,101,25.25,0.1276681239277775,0,0.0,6,0.509050844022845,14.265590116824255,15.704136341810226,15.980959922392442,92,3.6435643564356437,39,1.5445544554455446,37,1.4653465346534653,117.64610661904895,7.361642053441597,43,1.702970297029703,0.5957446808510638,0.5106382978723404,0.33663366336633666,0.13486217703452882
bayes-fix-seed42,dense_square,3,299,1543568720,success,52,13.0,0.1577272346970897,0,0.0,9,0.456157406661764,14.0338300082546,15.718390047550201,11.400613346922109,34,2.6153846153846154,14,1.0769230769230769,0,0.0,13.166548943883095,1.15489829741816,3,0.23076923076923078,0.0,0.0,0.019230769230769232,0.6837560396746732
bayes-fix-seed42,dense_square,3,300,1543568721,collision,32,8.0,-0.016207373328738228,1,0.25,3,0.43622333452161155,13.839671155437827,15.715784579515457,5.485376827387713,30,3.75,7,0.875,5,0.625,25.08564941475342,4.57318616462306,6,0.75,0.8,0.48,0.40625,0.020116061033133407
bayes-fix-seed42,dense_square,3,301,1543568722,success,56,14.0,0.20346623754717819,0,0.0,0,0.7214143465805731,14.276529529264995,16.188126988708973,9.61015166741609,37,2.642857142857143,10,0.7142857142857143,2,0.14285714285714285,18.436040904735783,1.918392294186626,4,0.2857142857142857,0.12244897959183673,0.08163265306122448,0.125,0.8084307701668151
bayes-fix-seed42,dense_square,3,302,1543568723,success,53,13.25,0.1788401080323565,0,0.0,2,0.5928937352720693,14.07123954509789,15.508200228214264,10.828397748052272,34,2.5660377358490565,20,1.509433962264151,5,0.37735849056603776,26.25812996911004,2.4249321626399576,13,0.9811320754716981,0.021739130434782608,0.021739130434782608,0.07547169811320754,0.7141649289761411
bayes-fix-seed42,dense_square,3,303,1543568724,timeout,101,25.25,0.17227648641907323,0,0.0,1,0.5574506540780689,14.508460344064353,15.875156968832016,13.044871686119288,78,3.089108910891089,22,0.8712871287128713,15,0.594059405940594,65.7298835415232,5.038752785239327,21,0.8316831683168316,0.6063829787234043,0.40425531914893614,0.297029702970297,0.35941427723988295
bayes-fix-seed42,dense_square,3,304,1543568725,success,70,17.5,0.1577332467064888,0,0.0,2,0.5791369560535216,15.953145282609123,16.02125559002161,14.99707131813836,43,2.4571428571428573,21,1.2,0,0.0,23.06294388332807,1.537829846513723,2,0.11428571428571428,0.23809523809523808,0.12698412698412698,0.2,0.5199929285987852
bayes-fix-seed42,dense_square,3,305,1543568726,success,67,16.75,0.19908231413690436,0,0.0,1,0.6038410077261047,14.01931520051031,15.398075804114342,12.1263125454119,49,2.925373134328358,27,1.6119402985074627,8,0.47761194029850745,37.18223481088668,3.066244142367493,21,1.2537313432835822,0.2,0.15,0.14925373134328357,0.6517357856178764
bayes-fix-seed42,dense_square,3,306,1543568727,timeout,101,25.25,0.15480084612322087,0,0.0,6,0.38807168039993206,14.16072179332818,15.384424477815628,17.196365529679664,81,3.207920792079208,35,1.386138613861386,10,0.39603960396039606,50.967396920625994,2.9638470310868894,14,0.5544554455445545,0.46808510638297873,0.3191489361702128,0.36633663366336633,0.31851761703341475
bayes-fix-seed42,dense_square,3,307,1543568728,timeout,101,25.25,0.1754882413788691,0,0.0,1,0.8919078356342273,14.158922846954647,15.48120379447937,11.96058474106028,88,3.485148514851485,39,1.5445544554455446,29,1.1485148514851484,88.94340634696641,7.43637608633186,37,1.4653465346534653,0.4787234042553192,0.35106382978723405,0.46534653465346537,0.14777818866084408
bayes-fix-seed42,dense_square,3,308,1543568729,success,91,22.75,0.17180968970457988,0,0.0,2,0.7758749415816149,14.883781854922955,16.53805747628212,14.71971628753746,66,2.901098901098901,38,1.6703296703296704,19,0.8351648351648352,73.08352202167475,4.965008876125648,25,1.098901098901099,0.21428571428571427,0.19047619047619047,0.24175824175824176,0.5288750957000332
bayes-fix-seed42,dense_square,3,309,1543568730,timeout,101,25.25,0.19658664653734115,0,0.0,1,0.4647619784246773,14.479658686288513,16.127821058034897,13.03703425351421,83,3.287128712871287,34,1.3465346534653466,21,0.8316831683168316,80.62729476165033,6.184481316363556,26,1.0297029702970297,0.43617021276595747,0.425531914893617,0.2871287128712871,0.47482324830788747
bayes-fix-seed42,dense_square,3,310,1543568731,success,48,12.0,0.24662579424434872,0,0.0,0,0.6215469000861462,13.857211529587707,15.641104988753796,9.459654098385872,32,2.6666666666666665,21,1.75,7,0.5833333333333334,23.230849734058502,2.4557821557156565,11,0.9166666666666666,0.0,0.0,0.08333333333333333,0.8211018319030776
bayes-fix-seed42,dense_square,3,311,1543568732,success,71,17.75,0.17708290879349486,0,0.0,5,0.5762189674866653,13.985353089134458,15.26799239218235,14.918141917479913,50,2.816901408450704,22,1.2394366197183098,6,0.3380281690140845,31.84420387584002,2.1345958532897096,13,0.7323943661971831,0.1875,0.125,0.2535211267605634,0.5182793249462593
bayes-fix-seed42,dense_square,3,312,1543568733,timeout,101,25.25,0.11936446799309175,0,0.0,7,1.081523843617575,14.18189276563059,15.492197126150131,11.853574096988734,61,2.4158415841584158,21,0.8316831683168316,19,0.7524752475247525,56.570832830404086,4.772470511216973,25,0.9900990099009901,0.9361702127659575,0.44680851063829785,0.7425742574257426,0.0
bayes-fix-seed42,dense_square,3,313,1543568734,timeout,101,25.25,0.18122945188749984,0,0.0,3,0.8575576413745194,14.393743533309143,16.07755944132805,17.994604144180666,81,3.207920792079208,29,1.1485148514851484,17,0.6732673267326733,60.40898462934202,3.3570610470404754,21,0.8316831683168316,0.6914893617021277,0.3191489361702128,0.5544554455445545,0.0
bayes-fix-seed42,dense_square,3,314,1543568735,collision,13,3.25,-0.021708937372693526,1,0.25,3,0.2633485237094143,11.532758004390276,12.423157691955566,2.5250669096560454,11,3.3846153846153846,5,1.5384615384615385,1,0.3076923076923077,6.67596679021407,2.643877183881612,2,0.6153846153846154,0.0,0.0,0.23076923076923078,0.25974396801560506
bayes-fix-seed42,dense_square,3,315,1543568736,timeout,101,25.25,0.17704271797104676,0,0.0,4,0.36454831321790865,14.158084988594055,15.219639986753464,11.162946102870599,77,3.0495049504950495,33,1.306930693069307,20,0.7920792079207921,72.02909068349828,6.452516210301839,18,0.7128712871287128,0.9148936170212766,0.5531914893617021,0.5445544554455446,0.0
bayes-fix-seed42,dense_square,3,316,1543568737,success,76,19.0,0.1393632116622756,0,0.0,4,0.46370389519948274,13.933116815199977,15.301528386771679,15.186738647821235,62,3.263157894736842,31,1.631578947368421,13,0.6842105263157895,48.69398530661623,3.2063490678166184,18,0.9473684210526315,0.2028985507246377,0.15942028985507245,0.2631578947368421,0.5157531015899876
bayes-fix-seed42,dense_square,3,317,1543568738,success,62,15.5,0.19960367392059597,0,0.0,1,0.5728897166108065,14.236898131428227,16.035771183669567,11.675243090927149,37,2.3870967741935485,20,1.2903225806451613,9,0.5806451612903226,42.24679301773523,3.618493652655959,21,1.3548387096774193,0.18181818181818182,0.16363636363636364,0.1774193548387097,0.6793342341006918
bayes-fix-seed42,dense_square,3,318,1543568739,success,55,13.75,0.04323723382456868,0,0.0,5,0.6855647970615005,14.035707712173462,15.91431312263012,11.478003598702827,39,2.8363636363636364,17,1.2363636363636363,4,0.2909090909090909,24.255317821220558,2.1132000537063558,15,1.0909090909090908,0.041666666666666664,0.041666666666666664,0.16363636363636364,0.6805994995572239
bayes-fix-seed42,dense_square,3,319,1543568740,timeout,101,25.25,0.147376016644023,0,0.0,3,0.5689016032381637,14.20000228698891,15.454605221748352,17.125116948832286,91,3.603960396039604,58,2.297029702970297,27,1.0693069306930694,98.22800474719146,5.735902711828742,38,1.504950495049505,0.4574468085106383,0.3829787234042553,0.40594059405940597,0.1754156444784057
bayes-fix-seed42,dense_square,3,320,1543568741,success,57,14.25,0.10346427025377303,0,0.0,11,0.5717208969799566,14.132263825127954,16.28792360424995,12.285057146942947,35,2.456140350877193,17,1.1929824561403508,3,0.21052631578947367,21.598673930455654,1.7581256376841794,12,0.8421052631578947,0.22,0.16,0.21052631578947367,0.6321817838221439
bayes-fix-seed42,dense_square,3,321,1543568742,success,53,13.25,0.17603615875759204,0,0.0,3,0.5575801052888834,13.794792429456171,15.432373434305191,9.78142640602559,30,2.2641509433962264,13,0.9811320754716981,6,0.4528301886792453,21.33336858040986,2.181007932265176,8,0.6037735849056604,0.08695652173913043,0.08695652173913043,0.07547169811320754,0.7969617011495814
bayes-fix-seed42,dense_square,3,322,1543568743,success,84,21.0,0.1675409926219663,0,0.0,6,0.5051711229337161,14.332075913747152,15.6760323792696,14.56469688294644,67,3.1904761904761907,36,1.7142857142857142,13,0.6190476190476191,57.21083637832883,3.928048543551637,22,1.0476190476190477,0.3116883116883117,0.15584415584415584,0.21428571428571427,0.5365675061078867
bayes-fix-seed42,dense_square,3,323,1543568744,success,53,13.25,0.21975700957206679,0,0.0,0,0.6733104306266605,13.716410845518112,15.038694441318512,11.52238494851776,36,2.7169811320754715,25,1.8867924528301887,3,0.22641509433962265,20.288837474542685,1.7608192718081896,4,0.3018867924528302,0.0,0.0,0.05660377358490566,0.6714420596307157
bayes-fix-seed42,dense_square,3,324,1543568745,success,72,18.0,0.12642446799754936,0,0.0,4,0.8057797622577693,14.089803418351543,15.76178800314665,13.344400445715888,43,2.388888888888889,17,0.9444444444444444,6,0.3333333333333333,28.284741236597068,2.119596256996144,4,0.2222222222222222,0.23076923076923078,0.06153846153846154,0.20833333333333334,0.5872629795687145
bayes-fix-seed42,dense_square,3,325,1543568746,success,59,14.75,0.19536436021087256,0,0.0,2,0.6092721414429388,13.913153718083592,15.424994751811028,12.363333113336093,31,2.1016949152542375,14,0.9491525423728814,3,0.2033898305084746,25.506917173514825,2.0631100804038836,6,0.4067796610169492,0.23076923076923078,0.23076923076923078,0.2033898305084746,0.6402756086404607
bayes-fix-seed42,dense_square,3,326,1543568747,success,66,16.5,0.20962082711366248,0,0.0,0,0.8104620841327099,13.856029702406941,14.961116947233677,12.081180187702422,41,2.484848484848485,23,1.393939393939394,7,0.42424242424242425,33.99876944890943,2.814192729574316,16,0.9696969696969697,0.1694915254237288,0.1016949152542373,0.18181818181818182,0.6400092740830534
bayes-fix-seed42,dense_square,3,327,1543568748,success,61,15.25,0.15701237024786308,0,0.0,3,0.47316887850286105,14.126618560708938,15.812844038009644,11.50291515831718,45,2.9508196721311477,23,1.5081967213114753,2,0.13114754098360656,23.029504798880307,2.0020581289108117,8,0.5245901639344263,0.05555555555555555,0.05555555555555555,0.11475409836065574,0.6790746945715693
bayes-fix-seed42,dense_square,3,328,1543568749,success,75,18.75,0.1551889023492833,0,0.0,4,0.5892185013749279,14.212396144866943,15.67557007074356,14.91349613750678,60,3.2,41,2.1866666666666665,14,0.7466666666666667,58.58059112655405,3.9280253661799978,20,1.0666666666666667,0.16176470588235295,0.10294117647058823,0.13333333333333333,0.527835213910863
bayes-fix-seed42,dense_square,3,329,1543568750,timeout,101,25.25,0.15851573822520548,0,0.0,4,0.37067243736472494,14.575175424613574,15.93107357621193,16.302573777922916,89,3.5247524752475248,50,1.9801980198019802,31,1.2277227722772277,104.87339454327663,6.4329348219418625,39,1.5445544554455446,0.4148936170212766,0.3617021276595745,0.37623762376237624,0.21048748413279708
bayes-fix-seed42,dense_square,3,330,1543568751,success,67,16.75,0.18618757782624806,0,0.0,1,0.6570749393356109,14.666085701380203,15.995894744992256,11.039651408606504,47,2.8059701492537314,26,1.5522388059701493,5,0.29850746268656714,34.96565926643956,3.1672792891975154,15,0.8955223880597015,0.1,0.08333333333333333,0.13432835820895522,0.7106736758534932
bayes-fix-seed42,dense_square,3,331,1543568752,success,59,14.75,0.16169596463438263,0,0.0,1,0.8496684797859021,13.779771403741028,15.264225751161575,11.028664688555985,40,2.711864406779661,17,1.152542372881356,1,0.06779661016949153,19.77933239993422,1.7934476165966367,3,0.2033898305084746,0.1346153846153846,0.11538461538461539,0.1016949152542373,0.7024199434604818
bayes-fix-seed42,dense_square,3,332,1543568753,success,57,14.25,0.10602186026190652,0,0.0,6,0.6186289263495224,14.073658734560013,16.21701791882515,11.099993299667062,44,3.087719298245614,28,1.9649122807017543,3,0.21052631578947367,26.614661538987857,2.3977187031082394,15,1.0526315789473684,0.14,0.1,0.08771929824561403,0.700405764225624
bayes-fix-seed42,dense_square,3,333,1543568754,success,44,11.0,0.22160989239063011,0,0.0,0,0.9654936120606831,13.685739345171235,15.331496857106686,9.24539609857564,28,2.5454545454545454,16,1.4545454545454546,0,0.0,12.550879215928498,1.3575274744434267,3,0.2727272727272727,0.0,0.0,0.0,0.8364933441728172
bayes-fix-seed42,dense_square,3,334,1543568755,timeout,101,25.25,0.1912169620133367,0,0.0,3,0.427482743649267,14.489739395604275,15.88764414191246,15.606265660241904,95,3.762376237623762,51,2.01980198019802,45,1.7821782178217822,134.53986721459793,8.620887926914381,50,1.9801980198019802,0.46808510638297873,0.4148936170212766,0.3465346534653465,0.18534526713996646
bayes-fix-seed42,dense_square,3,335,1543568756,timeout,101,25.25,0.16370417541447102,0,0.0,6,0.5007224935102189,14.543401206483935,16.428254544734955,18.549074509548166,84,3.3267326732673266,41,1.6237623762376239,11,0.43564356435643564,59.1857824054328,3.1907674086363085,22,0.8712871287128713,0.32978723404255317,0.2127659574468085,0.33663366336633666,0.2809384480168646
bayes-fix-seed42,dense_square,3,336,1543568757,success,73,18.25,0.08781428890205767,0,0.0,10,0.540695051330476,14.529853497874248,16.26239418983459,15.273176284250873,54,2.958904109589041,26,1.4246575342465753,4,0.2191780821917808,35.784860260286635,2.342987443756977,9,0.4931506849315068,0.13636363636363635,0.13636363636363635,0.1643835616438356,0.508206360995765
bayes-fix-seed42,dense_square,3,337,1543568758,collision,16,4.0,0.029039103581987025,0,0.0,4,1.0849952875641677,12.661694549024105,13.364640064537525,2.296379248588476,15,3.75,8,2.0,1,0.25,11.87665867532741,5.1719064621524,3,0.75,0.0,0.0,0.0625,0.7133950240619527
bayes-fix-seed42,dense_square,3,338,1543568759,timeout,101,25.25,0.15734622835752277,0,0.0,15,0.4636965457478671,14.658223616309686,16.162794083356857,15.243296334643636,76,3.00990099009901,37,1.4653465346534653,30,1.188118811881188,92.47409869623067,6.066542082899982,12,0.4752475247524752,0.32978723404255317,0.26595744680851063,0.22772277227722773,0.45101350186621875
bayes-fix-seed42,dense_square,3,339,1543568760,success,67,16.75,0.14660898732656824,0,0.0,3,0.4867883532677033,14.658568677172733,16.485711559653282,14.75481687255153,39,2.328358208955224,23,1.373134328358209,3,0.1791044776119403,24.698154846883835,1.6739045330227007,6,0.3582089552238806,0.08333333333333333,0.06666666666666667,0.13432835820895522,0.5227048931940167
bayes-fix-seed42,dense_square,3,340,1543568761,success,66,16.5,0.20904059312302914,0,0.0,0,0.48513320596455156,14.354803627639106,16.539614647626877,13.152968998386788,46,2.787878787878788,23,1.393939393939394,12,0.7272727272727273,38.582149301739726,2.933341461267933,9,0.5454545454545454,0.2033898305084746,0.11864406779661017,0.22727272727272727,0.590977087600773
bayes-fix-seed42,dense_square,3,341,1543568762,timeout,101,25.25,0.16607809427157938,0,0.0,52,0.2590271264608111,14.102527890169975,15.428662300109863,8.387121634267087,97,3.8415841584158414,52,2.0594059405940595,39,1.5445544554455446,135.97697235722183,16.212590956313733,45,1.7821782178217822,0.5425531914893617,0.5212765957446809,0.13861386138613863,0.5912980181209583
bayes-fix-seed42,dense_square,3,342,1543568763,success,93,23.25,0.13935734713059622,0,0.0,5,0.7292845615886457,15.93427516279682,16.00492298603058,18.537346320415157,68,2.924731182795699,35,1.5053763440860215,5,0.21505376344086022,44.013411715814364,2.3743102683118376,9,0.3870967741935484,0.37209302325581395,0.26744186046511625,0.26881720430107525,0.42712875238146103
bayes-fix-seed42,dense_square,3,343,1543568764,success,52,13.0,0.1915748750973909,0,0.0,2,0.6341303690921544,14.002403745857569,15.917214751243591,11.71240454145788,29,2.230769230769231,16,1.2307692307692308,2,0.15384615384615385,15.189338784156796,1.2968591317343732,3,0.23076923076923078,0.044444444444444446,0.044444444444444446,0.09615384615384616,0.6599816433828672
bayes-fix-seed42,dense_square,3,344,1543568765,success,71,17.75,0.09649516515446288,0,0.0,6,0.49186657350825835,13.900472244746249,15.4559426009655,14.750736029654464,52,2.9295774647887325,25,1.408450704225352,5,0.28169014084507044,35.7292371164033,2.4222002918752152,7,0.39436619718309857,0.171875,0.171875,0.16901408450704225,0.5286459635712047
bayes-fix-seed42,dense_square,3,345,1543568766,collision,30,7.5,-0.004768945670185931,1,0.25,14,0.24799177114043122,13.451841473579407,15.163765847682953,4.8764081133266,29,3.8666666666666667,11,1.4666666666666666,7,0.9333333333333333,25.055215832810383,5.138047359969253,12,1.6,0.43478260869565216,0.08695652173913043,0.3,0.2998523660480524
bayes-fix-seed42,dense_square,3,346,1543568767,timeout,101,25.25,0.11271377117354664,0,0.0,2,0.8953268267856689,14.171315928792009,15.398923307657242,17.37812048698295,93,3.6831683168316833,42,1.6633663366336633,34,1.3465346534653466,126.73022917549358,7.292516430094993,42,1.6633663366336633,0.6914893617021277,0.648936170212766,0.43564356435643564,0.0
bayes-fix-seed42,dense_square,3,347,1543568768,success,87,21.75,0.1397569093370199,0,0.0,5,0.3820586059017351,14.082484332651928,15.698499232530594,13.15802315625826,67,3.0804597701149423,27,1.2413793103448276,11,0.5057471264367817,56.61969233430909,4.303054620129579,23,1.0574712643678161,0.2625,0.25,0.19540229885057472,0.5885290559563867
bayes-fix-seed42,dense_square,3,348,1543568769,success,85,21.25,0.16259422013820113,0,0.0,5,0.7985840119932476,14.339701962821623,16.201133280992508,16.37677084221961,65,3.0588235294117645,31,1.4588235294117646,5,0.23529411764705882,40.906701657592194,2.497849060214849,17,0.8,0.2692307692307692,0.14102564102564102,0.25882352941176473,0.4735679568375413
bayes-fix-seed42,dense_square,3,349,1543568770,success,57,14.25,0.17055241368040852,0,0.0,3,0.46775738248373483,14.11015808320882,15.445644408464432,9.617801729476797,39,2.736842105263158,20,1.4035087719298245,2,0.14035087719298245,22.227726860533824,2.3111026288273258,7,0.49122807017543857,0.0,0.0,0.0,0.8023945028960373
bayes-fix-seed42,dense_square,3,350,1543568771,success,52,13.0,0.04803362135298428,0,0.0,8,0.7210835320698705,14.29762325894374,16.05614311993122,11.10777842809901,35,2.6923076923076925,18,1.3846153846153846,0,0.0,16.70899460925826,1.5042607050020032,5,0.38461538461538464,0.17777777777777778,0.08888888888888889,0.17307692307692307,0.6964100411047093
bayes-fix-seed42,dense_square,3,351,1543568772,timeout,101,25.25,0.17004697263449853,0,0.0,11,0.33337042616178425,14.459034962819354,16.009561717510223,14.200572255612945,89,3.5247524752475248,37,1.4653465346534653,21,0.8316831683168316,73.46555130964285,5.173421886614796,23,0.9108910891089109,0.5319148936170213,0.46808510638297873,0.43564356435643564,0.15751668660633705
bayes-fix-seed42,dense_square,3,352,1543568773,success,65,16.25,0.1479031563981561,0,0.0,8,0.7339183110706851,14.29381026671483,16.46042764186859,13.173264623391773,40,2.4615384615384617,22,1.353846153846154,3,0.18461538461538463,25.46589051386686,1.9331495450753386,4,0.24615384615384617,0.15517241379310345,0.10344827586206896,0.12307692307692308,0.5900790901953337
bayes-fix-seed42,dense_square,3,353,1543568774,timeout,101,25.25,0.18548564505928722,0,0.0,6,0.3562276140599101,14.161229723750955,15.343308448791504,13.425941024037318,92,3.6435643564356437,42,1.6633663366336633,33,1.306930693069307,111.27221710453283,8.287852367689913,33,1.306930693069307,0.40425531914893614,0.40425531914893614,0.2376237623762376,0.47375984475926797
bayes-fix-seed42,dense_square,3,354,1543568775,collision,11,2.75,-0.06465999591245175,1,0.25,3,0.23663070326749355,11.307469484480945,12.175342068076134,2.023640531665113,10,3.6363636363636362,7,2.5454545454545454,2,0.7272727272727273,14.25499356536352,7.044232086829214,3,1.0909090909090908,0.5,0.5,0.6363636363636364,0.0
bayes-fix-seed42,dense_square,3,355,1543568776,timeout,101,25.25,0.2506327098239123,0,0.0,0,0.6902682683774766,14.366111100310146,15.893030911684036,14.738443318439883,94,3.722772277227723,63,2.495049504950495,47,1.8613861386138615,142.12694515518476,9.643280642628234,58,2.297029702970297,0.40425531914893614,0.39361702127659576,0.3069306930693069,0.3263883747442192
bayes-fix-seed42,dense_square,3,356,1543568777,timeout,101,25.25,0.19105492618012798,0,0.0,2,0.6242294545523408,14.389870374804676,15.660099685192108,13.618901160970958,92,3.6435643564356437,45,1.7821782178217822,35,1.386138613861386,117.07087980256132,8.596205994802503,41,1.6237623762376239,0.648936170212766,0.6170212765957447,0.46534653465346537,0.06499894004180504
bayes-fix-seed42,dense_square,3,357,1543568778,success,72,18.0,0.17159729379150146,0,0.0,5,0.6775201325335791,14.36551929348045,15.616920962929726,14.395444769004037,54,3.0,35,1.9444444444444444,10,0.5555555555555556,49.02857188163145,3.405839324061645,24,1.3333333333333333,0.24615384615384617,0.2153846153846154,0.2361111111111111,0.5422947214895191
bayes-fix-seed42,dense_square,3,358,1543568779,success,66,16.5,0.23722991971602336,0,0.0,0,0.7981536876183833,14.258338364236282,16.072512604296207,13.173746566833694,45,2.727272727272727,24,1.4545454545454546,8,0.48484848484848486,35.44868105168722,2.6908579781649236,14,0.8484848484848485,0.1864406779661017,0.13559322033898305,0.15151515151515152,0.5919779856424046
bayes-fix-seed42,dense_square,3,359,1543568780,collision,12,3.0,0.016491738019631885,0,0.0,3,0.492627237292135,12.16981808344523,13.737781159579752,2.030774308171512,11,3.6666666666666665,3,1.0,2,0.6666666666666666,9.959244803936043,4.904161316135244,2,0.6666666666666666,1.0,1.0,0.6666666666666666,0.0
bayes-fix-seed42,dense_square,3,360,1543568781,success,73,18.25,0.17312833834024177,0,0.0,4,0.6698483465519602,14.11764839128272,15.588504821062088,13.185047361887083,58,3.1780821917808217,34,1.8630136986301369,12,0.6575342465753424,49.76773908299876,3.774558992245884,19,1.0410958904109588,0.22727272727272727,0.19696969696969696,0.2328767123287671,0.5899870180284501
bayes-fix-seed42,dense_square,3,361,1543568782,success,49,12.25,0.13411658600724186,0,0.0,5,0.5791732469857863,13.956465359245028,15.492169559001923,10.742214643465157,30,2.4489795918367347,16,1.3061224489795917,2,0.16326530612244897,16.644215630796914,1.5494212490831338,6,0.4897959183673469,0.0,0.0,0.04081632653061224,0.7251739738344495
bayes-fix-seed42,dense_square,3,362,1543568783,success,96,24.0,0.1929182879502852,0,0.0,3,0.679771240584572,14.352250572604438,15.651725232601166,17.088948211445572,69,2.875,33,1.375,19,0.7916666666666666,70.66934166281176,4.135382750793284,26,1.0833333333333333,0.29213483146067415,0.19101123595505617,0.21875,0.4611054056764337
bayes-fix-seed42,dense_square,3,363,1543568784,timeout,101,25.25,0.17164149741383639,0,0.0,2,0.5555807755766095,14.583074736713183,16.169849783182144,18.594851210908686,82,3.2475247524752477,43,1.702970297029703,30,1.188118811881188,103.98192797789085,5.591974186751748,40,1.5841584158415842,0.40425531914893614,0.3404255319148936,0.2871287128712871,0.4167000282998798
bayes-fix-seed42,dense_square,3,364,1543568785,success,67,16.75,0.13487532564442162,0,0.0,7,0.30353060563822337,14.306850064156661,15.76763391494751,12.784869323376377,54,3.2238805970149254,27,1.6119402985074627,2,0.11940298507462686,31.934906227639555,2.497867238208565,13,0.7761194029850746,0.13333333333333333,0.13333333333333333,0.22388059701492538,0.6023466577122585
bayes-fix-seed42,dense_square,3,365,1543568786,timeout,101,25.25,0.15940507095444256,0,0.0,6,0.4832041687460654,14.25437695614182,15.9989595413208,14.656239319337576,90,3.5643564356435644,42,1.6633663366336633,28,1.108910891089109,93.96118207734196,6.411002169797317,30,1.188118811881188,0.648936170212766,0.4787234042553192,0.5148514851485149,0.0
bayes-fix-seed42,dense_square,3,366,1543568787,success,82,20.5,0.14494100829727385,0,0.0,10,0.48430850604832004,14.170233478269926,15.35094641149044,13.396845754245811,67,3.268292682926829,26,1.2682926829268293,14,0.6829268292682927,54.3896633715186,4.059885764847378,20,0.975609756097561,0.22666666666666666,0.14666666666666667,0.25609756097560976,0.5811448438493324
bayes-fix-seed42,dense_square,3,367,1543568788,success,59,14.75,0.1688048140091809,0,0.0,2,0.5539019814622673,14.180447906255722,15.92698022723198,10.570849088284062,45,3.0508474576271185,21,1.423728813559322,9,0.6101694915254238,36.005321895441014,3.4060955363885212,15,1.0169491525423728,0.0,0.0,0.05084745762711865,0.7348269916632998
bayes-fix-seed42,dense_square,3,368,1543568789,success,81,20.25,0.18618844030885429,0,0.0,3,0.700011858381353,14.312097319850215,15.760432928800583,13.8842447059369,69,3.4074074074074074,38,1.876543209876543,8,0.3950617283950617,41.638089553466976,2.998945238674923,18,0.8888888888888888,0.2972972972972973,0.1891891891891892,0.25925925925925924,0.5587351493657569
bayes-fix-seed42,dense_square,3,369,1543568790,timeout,101,25.25,0.19448323340988294,0,0.0,1,0.5429957102989759,14.454949831608499,16.10933616757393,16.006146835669963,86,3.405940594059406,59,2.3366336633663365,39,1.5445544554455446,118.72100028650904,7.4172129935692785,28,1.108910891089109,0.20212765957446807,0.1276595744680851,0.25742574257425743,0.38395020240241085
bayes-fix-seed42,dense_square,3,370,1543568791,success,54,13.5,0.25705753521716035,0,0.0,0,0.8485906879024054,14.244681569161239,15.97332525998354,10.51093665897175,28,2.074074074074074,10,0.7407407407407407,6,0.4444444444444444,22.734892420141502,2.1629749239080263,6,0.4444444444444444,0.14893617021276595,0.10638297872340426,0.12962962962962962,0.7394427527314116
bayes-fix-seed42,dense_square,3,371,1543568792,success,69,17.25,0.16218407045050942,0,0.0,5,0.46217958182607466,14.74050459438476,16.286554932594296,13.000385690182496,49,2.8405797101449277,25,1.4492753623188406,6,0.34782608695652173,33.22435338972092,2.5556436694652036,9,0.5217391304347826,0.08064516129032258,0.06451612903225806,0.11594202898550725,0.59835187975507
bayes-fix-seed42,dense_square,3,372,1543568793,timeout,101,25.25,0.19004053156403233,0,0.0,1,0.5312238258220814,14.41263503367358,16.078591346740723,13.545569286724216,93,3.6831683168316833,53,2.099009900990099,42,1.6633663366336633,139.7099026080376,10.314066515090282,48,1.900990099009901,0.3617021276595745,0.3404255319148936,0.37623762376237624,0.2384660399842773
bayes-fix-seed42,dense_square,3,373,1543568794,success,68,17.0,0.18525683931497017,0,0.0,3,0.7016862574119129,14.602633686188389,16.364345140755177,12.989172630049195,49,2.8823529411764706,29,1.7058823529411764,3,0.17647058823529413,30.328942795027057,2.3349403121230354,6,0.35294117647058826,0.19672131147540983,0.13114754098360656,0.19117647058823528,0.6000499484424457
bayes-fix-seed42,dense_square,3,374,1543568795,success,53,13.25,0.17709301602766248,0,0.0,4,0.45927278587189174,14.215404413781076,15.700560808181763,12.092737274371496,35,2.641509433962264,15,1.1320754716981132,1,0.07547169811320754,13.792871935998996,1.1405913833281276,3,0.22641509433962265,0.043478260869565216,0.043478260869565216,0.11320754716981132,0.6413993344680242
bayes-fix-seed42,dense_square,3,375,1543568796,success,81,20.25,0.12998938740636345,0,0.0,3,0.7735176624186791,14.384289030675534,15.88350534439087,15.20615858818579,64,3.1604938271604937,40,1.9753086419753085,14,0.691358024691358,60.053648676074985,3.9492978011378113,25,1.2345679012345678,0.22972972972972974,0.1891891891891892,0.18518518518518517,0.511530922025787
bayes-fix-seed42,dense_square,3,376,1543568797,success,64,16.0,0.05332093553680273,0,0.0,9,0.40749485166593846,14.350581914186478,15.970409847795963,13.430137870596727,44,2.75,21,1.3125,3,0.1875,28.59339853099634,2.1290472820533957,5,0.3125,0.17543859649122806,0.0,0.1875,0.5789546349886825
bayes-fix-seed42,dense_square,3,377,1543568798,success,56,14.0,0.11948069978136466,0,0.0,3,0.5285987045810048,14.653008364673171,16.543075442314148,12.05554780965695,36,2.5714285714285716,20,1.4285714285714286,2,0.14285714285714285,19.468113541837543,1.6148675986538619,8,0.5714285714285714,0.14285714285714285,0.08163265306122448,0.14285714285714285,0.6408035124292237
bayes-fix-seed42,dense_square,3,378,1543568799,collision,16,4.0,-0.03667122639726261,1,0.25,4,0.5346247170583411,12.585211545228958,13.990471139550209,2.3824261554298554,15,3.75,6,1.5,4,1.0,15.002035263049086,6.296957086731742,6,1.5,0.6666666666666666,0.6666666666666666,0.4375,0.0842879351299227
bayes-fix-seed42,dense_square,3,379,1543568800,success,69,17.25,0.15267109610502283,0,0.0,5,0.7649460500170577,14.542504173258077,16.149694472551346,16.029250029489546,34,1.9710144927536233,18,1.0434782608695652,4,0.2318840579710145,24.526332416856715,1.5300985618001344,7,0.4057971014492754,0.11290322580645161,0.0,0.11594202898550725,0.48426683208138377
bayes-fix-seed42,dense_square,3,380,1543568801,success,70,17.5,0.22841241289991487,0,0.0,0,0.6800057317412764,14.414214449269432,16.364209726452827,12.667881779809646,49,2.8,19,1.0857142857142856,6,0.34285714285714286,30.166332943667374,2.3813241604249225,11,0.6285714285714286,0.14285714285714285,0.09523809523809523,0.15714285714285714,0.6089562567262248
bayes-fix-seed42,dense_square,3,381,1543568802,success,78,19.5,0.19516435167091062,0,0.0,1,0.8316836875024183,14.699099012292349,17.433594539761543,13.579045637098123,54,2.769230769230769,23,1.1794871794871795,3,0.15384615384615385,28.252895368653924,2.080624524264552,7,0.358974358974359,0.2535211267605634,0.15492957746478872,0.10256410256410256,0.5698236156920888
bayes-fix-seed42,dense_square,3,382,1543568803,success,68,17.0,0.1385082822981899,0,0.0,5,0.580860252537815,14.632597784785663,16.4749538525939,13.66602757171984,39,2.2941176470588234,19,1.1176470588235294,7,0.4117647058823529,30.175181319191587,2.208043351356572,8,0.47058823529411764,0.22950819672131148,0.16393442622950818,0.23529411764705882,0.5666759439251957
bayes-fix-seed42,dense_square,3,383,1543568804,success,48,12.0,0.10815085748549547,0,0.0,6,0.47091517754163875,14.311882201582193,16.680585779249668,10.397378069221151,36,3.0,19,1.5833333333333333,4,0.3333333333333333,20.527338084300098,1.9742802413876024,9,0.75,0.0975609756097561,0.0975609756097561,0.08333333333333333,0.7447241862269335
bayes-fix-seed42,dense_square,3,384,1543568805,success,78,19.5,0.16919619315302437,0,0.0,4,0.6931084330684081,15.908873329559961,16.720951721072197,12.734004626193414,60,3.076923076923077,34,1.7435897435897436,14,0.717948717948718,56.930604919981505,4.470754219994328,15,0.7692307692307693,0.29577464788732394,0.18309859154929578,0.2692307692307692,0.6186810470660928
bayes-fix-seed42,dense_square,3,385,1543568806,success,64,16.0,0.08940340615800502,0,0.0,3,0.5212115784985851,14.196199597790837,15.420199930667875,12.337058744400924,49,3.0625,23,1.4375,9,0.5625,36.07321221441304,2.9239718284380043,12,0.75,0.05263157894736842,0.05263157894736842,0.203125,0.6301230172960534
bayes-fix-seed42,dense_square,3,386,1543568807,collision,18,4.5,-0.019889967536320885,1,0.25,3,0.6174587344494918,12.238742369744513,13.390708528459072,3.365243107811171,14,3.111111111111111,8,1.7777777777777777,3,0.6666666666666666,15.356102181894313,4.563147947989488,5,1.1111111111111112,0.0,0.0,0.16666666666666666,0.50378513666843
bayes-fix-seed42,dense_square,3,387,1543568808,success,58,14.5,0.2292950320464302,0,0.0,0,0.8321534025352143,14.165049804181889,15.59478510171175,10.857905289693875,42,2.896551724137931,19,1.3103448275862069,6,0.41379310344827586,26.378671633868326,2.4294438872023023,9,0.6206896551724138,0.058823529411764705,0.0196078431372549,0.10344827586206896,0.7183798209231013
bayes-fix-seed42,dense_square,3,388,1543568809,success,91,22.75,0.04714332428841106,0,0.0,6,0.6286407148208083,14.367576893214341,15.739979222416878,18.902445254522863,62,2.7252747252747254,27,1.1868131868131868,9,0.3956043956043956,44.6530864877179,2.3622915388173698,12,0.5274725274725275,0.38095238095238093,0.2619047619047619,0.2967032967032967,0.41007468968317795
bayes-fix-seed42,dense_square,3,389,1543568810,collision,19,4.75,-0.023932640077431455,1,0.25,2,0.6452574589892361,12.274380969373803,13.67802880704403,3.215212389446684,17,3.5789473684210527,9,1.894736842105263,5,1.0526315789473684,20.22229000733924,6.289565838236695,6,1.263157894736842,0.16666666666666666,0.16666666666666666,0.3157894736842105,0.36486544241377405
bayes-fix-seed42,dense_square,3,390,1543568811,collision,23,5.75,-0.06774875448247009,1,0.25,8,0.2581769757960581,12.71195337176323,14.151228219270706,3.8639993780915622,22,3.8260869565217392,12,2.0869565217391304,5,0.8695652173913043,20.785709386492595,5.379325241185391,8,1.391304347826087,0.5,0.5,0.391304347826087,0.14687162222693087
bayes-fix-seed42,dense_square,3,391,1543568812,timeout,101,25.25,0.18479405386264747,0,0.0,1,0.7020604905545414,14.26087356734984,15.501655638217926,15.437688223057474,91,3.603960396039604,33,1.306930693069307,21,0.8316831683168316,87.99815347838046,5.700215745188316,30,1.188118811881188,0.5957446808510638,0.46808510638297873,0.4752475247524752,0.009078430435561306
bayes-fix-seed42,dense_square,3,392,1543568813,timeout,101,25.25,0.1739135229903903,0,0.0,16,0.4839954548985822,14.369019556163561,15.860438346862793,14.799353973010737,79,3.128712871287129,36,1.4257425742574257,30,1.188118811881188,106.09046470835285,7.168587554688384,30,1.188118811881188,0.2872340425531915,0.24468085106382978,0.297029702970297,0.4403904873543597
bayes-fix-seed42,dense_square,3,393,1543568814,timeout,101,25.25,0.14045296743964963,0,0.0,6,0.5554315175418179,14.533188415340858,15.673898160457611,10.962569547864147,89,3.5247524752475248,47,1.8613861386138615,34,1.3465346534653466,108.21245737818128,9.871085141645871,33,1.306930693069307,0.851063829787234,0.7127659574468085,0.6237623762376238,0.0
bayes-fix-seed42,dense_square,3,394,1543568815,success,65,16.25,0.17196584347788835,0,0.0,3,0.5281904582960505,14.056894125846716,15.553389489650726,14.384863081257594,42,2.5846153846153848,18,1.1076923076923078,1,0.06153846153846154,18.834079229079954,1.3092984703913768,5,0.3076923076923077,0.2413793103448276,0.10344827586206896,0.18461538461538463,0.5357544290468224
bayes-fix-seed42,dense_square,3,395,1543568816,success,55,13.75,0.21569861260317136,0,0.0,0,0.649116247249375,13.870963115583766,15.016051754355429,12.340557142843464,29,2.109090909090909,18,1.309090909090909,4,0.2909090909090909,22.268955145762643,1.8045340164140689,7,0.509090909090909,0.10416666666666667,0.10416666666666667,0.10909090909090909,0.6253314491580678
bayes-fix-seed42,dense_square,3,396,1543568817,success,73,18.25,0.19465887872693344,0,0.0,1,0.4591561024475657,14.091913626618581,15.583007782697678,12.090525560516477,63,3.452054794520548,33,1.8082191780821917,12,0.6575342465753424,42.96917870629841,3.553954581314567,15,0.821917808219178,0.12121212121212122,0.06060606060606061,0.0821917808219178,0.6405676966874879
bayes-fix-seed42,dense_square,3,397,1543568818,success,76,19.0,0.15666358260286373,0,0.0,4,0.4015804477149322,14.264049008488655,15.744435600936413,13.189412178658793,62,3.263157894736842,33,1.736842105263158,11,0.5789473684210527,49.66562767279775,3.7655679419253807,14,0.7368421052631579,0.18840579710144928,0.14492753623188406,0.15789473684210525,0.5921469880756746
bayes-fix-seed42,dense_square,3,398,1543568819,success,71,17.75,0.19262919116818156,0,0.0,2,0.9396587002114211,14.180268515163744,15.644052997231483,15.743543126403011,44,2.4788732394366195,21,1.1830985915492958,6,0.3380281690140845,25.568785344931555,1.6240807510509456,9,0.5070422535211268,0.3125,0.0625,0.29577464788732394,0.4945308441679192
bayes-fix-seed42,dense_square,3,399,1543568820,collision,6,1.5,0.012477651635399156,0,0.0,3,0.3111663463088019,11.484370877345404,12.507770210504532,1.3265150823936158,5,3.3333333333333335,1,0.6666666666666666,1,0.6666666666666666,3.6612740734458598,2.76006969090718,2,1.3333333333333333,0.0,0.0,0.5,0.0
bayes-fix-seed42,dense_square,3,400,1543568821,success,52,13.0,0.184841940170276,0,0.0,3,0.535428321290976,13.924113618066677,15.515915676951407,10.855661695348873,34,2.6153846153846154,21,1.6153846153846154,2,0.15384615384615385,20.11980118808572,1.8533924280917933,9,0.6923076923076923,0.0,0.0,0.057692307692307696,0.7169384215175503
bayes-fix-seed42,dense_square,3,401,1543568822,success,67,16.75,0.19289098931543514,0,0.0,2,0.3811613100807571,14.020300456392231,15.428247302770613,12.752174349818805,50,2.985074626865672,31,1.8507462686567164,11,0.6567164179104478,41.66941525023614,3.267632178415771,14,0.835820895522388,0.16666666666666666,0.16666666666666666,0.14925373134328357,0.6070745774056865
bayes-fix-seed42,dense_square,3,402,1543568823,success,65,16.25,0.16229951022638822,0,0.0,2,0.6435011167058542,14.29888422672565,15.75203686952591,12.152569108122542,50,3.076923076923077,32,1.9692307692307693,7,0.4307692307692308,36.9526266244653,3.040725487400593,7,0.4307692307692308,0.20689655172413793,0.1896551724137931,0.18461538461538463,0.6430798942214143
bayes-fix-seed42,dense_square,3,403,1543568824,success,58,14.5,0.04995382514681235,0,0.0,10,0.529004964942648,14.347338214002807,15.82374144345522,10.758204580540017,45,3.103448275862069,26,1.793103448275862,8,0.5517241379310345,35.46431685204555,3.296490282049032,15,1.0344827586206897,0.13725490196078433,0.13725490196078433,0.10344827586206896,0.720850553643333
bayes-fix-seed42,dense_square,3,404,1543568825,success,59,14.75,0.20777606552182049,0,0.0,0,0.793410445793535,14.286057676299144,16.09795391559601,11.068727733871045,37,2.5084745762711864,18,1.2203389830508475,6,0.4067796610169492,25.403917482988454,2.295107269216748,7,0.4745762711864407,0.23076923076923078,0.17307692307692307,0.23728813559322035,0.7096166392146276
bayes-fix-seed42,dense_square,3,405,1543568826,success,44,11.0,0.16285968366807213,0,0.0,3,0.5746573157291407,14.255145988003774,15.876360051333904,9.747193825056932,25,2.272727272727273,15,1.3636363636363635,2,0.18181818181818182,14.786151743136733,1.5169649858738055,3,0.2727272727272727,0.0,0.0,0.045454545454545456,0.7956974388554747
bayes-fix-seed42,dense_square,3,406,1543568827,success,62,15.5,0.1499488797060371,0,0.0,3,0.5811697860591301,13.779333762584194,15.090085193514824,11.885005882624279,47,3.032258064516129,22,1.4193548387096775,7,0.45161290322580644,39.55881630963507,3.328464175812444,15,0.967741935483871,0.0,0.0,0.08064516129032258,0.6528769166941976
bayes-fix-seed42,dense_square,3,407,1543568828,timeout,101,25.25,0.14529938713956536,0,0.0,6,0.48614798482380633,14.491911903761402,15.7984159886837,14.842628031802741,78,3.089108910891089,51,2.01980198019802,33,1.306930693069307,115.15373875769535,7.758311972176339,37,1.4653465346534653,0.4148936170212766,0.4148936170212766,0.27722772277227725,0.37380139166556325
bayes-fix-seed42,dense_square,3,408,1543568829,success,76,19.0,0.19937399230457176,0,0.0,1,0.6604646410054235,14.375074619525357,15.899435617029667,14.218393140337245,52,2.736842105263158,20,1.0526315789473684,6,0.3157894736842105,36.356405747507445,2.5569982056808644,9,0.47368421052631576,0.18840579710144928,0.08695652173913043,0.14473684210526316,0.544551470421311
bayes-fix-seed42,dense_square,3,409,1543568830,success,63,15.75,0.19463603359661186,0,0.0,1,0.5054628816979465,14.311735887849142,15.950798243284225,12.404375842635405,43,2.7301587301587302,21,1.3333333333333333,3,0.19047619047619047,27.368285749270637,2.2063412215552503,6,0.38095238095238093,0.16071428571428573,0.14285714285714285,0.20634920634920634,0.6254884929652975
bayes-fix-seed42,dense_square,3,410,1543568831,success,60,15.0,0.18520822284888627,0,0.0,3,0.4175394410921767,13.970412500202656,15.278465487062931,11.751394172127357,46,3.066666666666667,22,1.4666666666666666,4,0.26666666666666666,28.41253460895241,2.417801172591327,6,0.4,0.0,0.0,0.11666666666666667,0.6604136131968856
bayes-fix-seed42,dense_square,3,411,1543568832,success,55,13.75,0.22704896610663516,0,0.0,0,0.7159040932042976,14.038358561017297,15.41799046099186,11.55624801404867,39,2.8363636363636364,22,1.6,6,0.43636363636363634,26.454287832669905,2.289176192870733,9,0.6545454545454545,0.10416666666666667,0.10416666666666667,0.12727272727272726,0.6772262452387645
bayes-fix-seed42,dense_square,3,412,1543568833,timeout,101,25.25,0.151853964663476,0,0.0,4,0.5089706460250389,14.356079114840762,15.839654952287674,14.716164523316309,85,3.366336633663366,42,1.6633663366336633,31,1.2277227722772277,100.65569735599024,6.839805113384757,30,1.188118811881188,0.48936170212765956,0.4787234042553192,0.36633663366336633,0.41847782718835475
bayes-fix-seed42,dense_square,3,413,1543568834,timeout,101,25.25,0.1615011716822523,0,0.0,3,0.7347713842571567,14.322325697924832,15.560988336801529,16.227764950271144,95,3.762376237623762,59,2.3366336633663365,30,1.188118811881188,112.48803355958682,6.931825417998016,45,1.7821782178217822,0.5212765957446809,0.48936170212765956,0.40594059405940597,0.13097019711609667
bayes-fix-seed42,dense_square,3,414,1543568835,success,64,16.0,0.13924107109392303,0,0.0,7,0.46054563881530614,14.054061844944954,15.230659395456314,13.971930957093118,32,2.0,12,0.75,1,0.0625,17.18626218619744,1.2300563350173517,6,0.375,0.12280701754385964,0.0,0.078125,0.5567018908642289
bayes-fix-seed42,dense_square,3,415,1543568836,timeout,101,25.25,0.19634462646921003,0,0.0,1,0.4146357851968701,14.43210963417988,15.740495175123215,10.411330247931808,96,3.801980198019802,68,2.6930693069306932,38,1.504950495049505,142.3116383344515,13.668919815767197,46,1.8217821782178218,0.6276595744680851,0.6276595744680851,0.38613861386138615,0.3956788902851065
bayes-fix-seed42,dense_square,3,416,1543568837,timeout,101,25.25,0.104287885476684,0,0.0,12,0.4167711494803297,14.350722737536572,15.629734843969345,14.460333231281595,99,3.9207920792079207,37,1.4653465346534653,49,1.9405940594059405,148.52554781585093,10.27123963468215,50,1.9801980198019802,0.6595744680851063,0.6382978723404256,0.39603960396039606,0.06884358814960279
bayes-fix-seed42,dense_square,3,417,1543568838,timeout,101,25.25,0.12658656831373682,0,0.0,5,0.6159594952210508,14.695959147250298,16.13568514585495,15.763781771143993,95,3.762376237623762,42,1.6633663366336633,20,0.7920792079207921,94.04245973921088,5.965729613902548,38,1.504950495049505,0.4787234042553192,0.3723404255319149,0.39603960396039606,0.12773342995021053
bayes-fix-seed42,dense_square,3,418,1543568839,success,52,13.0,0.20188763534121057,0,0.0,0,0.6641849554644785,14.34954134030984,15.882517397403717,11.525282461228459,26,2.0,16,1.2307692307692308,4,0.3076923076923077,18.209368136767488,1.5799498361992061,4,0.3076923076923077,0.06666666666666667,0.06666666666666667,0.1346153846153846,0.674215019289383
bayes-fix-seed42,dense_square,3,419,1543568840,timeout,101,25.25,0.13442677917396872,0,0.0,5,0.38657398291850276,16.093868577834403,15.967369079589844,13.830243967555457,94,3.722772277227723,42,1.6633663366336633,44,1.7425742574257426,139.38023364092982,10.077930220746913,47,1.8613861386138615,0.5531914893617021,0.46808510638297873,0.43564356435643564,0.0585076185591354
bayes-fix-seed42,dense_square,3,420,1543568841,timeout,101,25.25,0.19780253843622564,0,0.0,1,0.42250112600207135,14.419416021002402,15.735045075416565,15.700102992834722,77,3.0495049504950495,31,1.2277227722772277,15,0.594059405940594,69.36878217940824,4.418364784681161,24,0.9504950495049505,0.5957446808510638,0.2127659574468085,0.49504950495049505,0.0
bayes-fix-seed42,dense_square,3,421,1543568842,success,72,18.0,0.15537833941354373,0,0.0,4,0.7181145998506415,14.450009343110853,15.85740614682436,13.032374472898557,51,2.8333333333333335,31,1.7222222222222223,7,0.3888888888888889,40.896699760036256,3.1380850699987857,19,1.0555555555555556,0.18461538461538463,0.18461538461538463,0.16666666666666666,0.5987634335393625
bayes-fix-seed42,dense_square,3,422,1543568843,success,75,18.75,0.16382720281429453,0,0.0,6,0.5795551125411359,14.309695462385813,15.85809737443924,15.49047088448123,52,2.7733333333333334,31,1.6533333333333333,3,0.16,33.45167300782017,2.1595000731277287,9,0.48,0.16176470588235295,0.058823529411764705,0.17333333333333334,0.5000763417503511
bayes-fix-seed42,dense_square,3,423,1543568844,timeout,101,25.25,0.19595510291632712,0,0.0,6,0.3657264452402977,14.458440096661596,15.838298946619034,13.547736757819774,80,3.1683168316831685,35,1.386138613861386,20,0.7920792079207921,75.88223819196551,5.601100726153848,15,0.594059405940594,0.5425531914893617,0.26595744680851063,0.26732673267326734,0.46423698832324445
bayes-fix-seed42,dense_square,3,424,1543568845,success,64,16.0,0.09389055982489947,0,0.0,9,0.31669344657233606,14.258171198889613,15.40039200335741,12.943265838678142,46,2.875,22,1.375,4,0.25,30.455924200636883,2.35303242475527,15,0.9375,0.15789473684210525,0.15789473684210525,0.125,0.5984947216252731
bayes-fix-seed42,dense_square,3,425,1543568846,success,75,18.75,0.16481406640789065,0,0.0,7,0.40483386732500254,14.002504597107569,15.51600806415081,12.923232473063631,66,3.52,33,1.76,11,0.5866666666666667,50.85795763778442,3.9353898294246066,14,0.7466666666666667,0.14705882352941177,0.11764705882352941,0.18666666666666668,0.6002171969544959
bayes-fix-seed42,dense_square,3,426,1543568847,success,61,15.25,0.20208836618693637,0,0.0,0,0.6006703035572852,14.033472012789524,15.78066498041153,12.63114787984475,34,2.2295081967213113,15,0.9836065573770492,1,0.06557377049180328,14.903567136141966,1.1799059972944554,3,0.19672131147540983,0.037037037037037035,0.037037037037037035,0.13114754098360656,0.6158163982635416
bayes-fix-seed42,dense_square,3,427,1543568848,timeout,101,25.25,0.19935448385151766,0,0.0,1,0.44978886455380335,14.326526903279937,15.767332166433334,13.666247068811508,96,3.801980198019802,69,2.732673267326733,70,2.772277227722772,195.33104936978074,14.292954633869927,76,3.00990099009901,0.39361702127659576,0.3723404255319149,0.3069306930693069,0.1949558489409445
bayes-fix-seed42,dense_square,3,428,1543568849,success,82,20.5,0.16675653543815538,0,0.0,2,0.5177760666797596,14.103282606456338,15.536190941929817,12.51090812841446,58,2.8292682926829267,27,1.3170731707317074,8,0.3902439024390244,39.61757855621936,3.1666429126947953,10,0.4878048780487805,0.14666666666666667,0.05333333333333334,0.14634146341463414,0.6181777744612904
bayes-fix-seed42,dense_square,3,429,1543568850,success,72,18.0,0.16884213988420727,0,0.0,1,0.5041966091594757,14.008410378462738,15.622954815626144,15.750257210128103,45,2.5,24,1.3333333333333333,1,0.05555555555555555,26.762982164556913,1.6992092133801566,9,0.5,0.13846153846153847,0.046153846153846156,0.16666666666666666,0.500508604973456
bayes-fix-seed42,dense_square,3,430,1543568851,timeout,101,25.25,0.12092433806077174,0,0.0,11,0.4867225066007885,14.277165515883134,15.703946352005005,16.957585026798387,90,3.5643564356435644,51,2.01980198019802,25,0.9900990099009901,98.30439169526797,5.797074969101774,36,1.4257425742574257,0.46808510638297873,0.40425531914893614,0.38613861386138615,0.19807182472714208
bayes-fix-seed42,dense_square,3,431,1543568852,success,55,13.75,0.13571342943305142,0,0.0,6,0.5249164949271863,13.67529495195909,14.772030338644981,11.355421197422217,36,2.618181818181818,17,1.2363636363636363,2,0.14545454545454545,18.62663406384727,1.6403296487210606,5,0.36363636363636365,0.20833333333333334,0.125,0.14545454545454545,0.6845882634017002
bayes-fix-seed42,dense_square,3,432,1543568853,timeout,101,25.25,0.10242959384683403,0,0.0,8,0.4860980320143812,14.28569108247757,15.612415969371796,14.093137884821461,76,3.00990099009901,35,1.386138613861386,10,0.39603960396039606,68.32865948403278,4.8483637953775975,24,0.9504950495049505,0.5851063829787234,0.4574468085106383,0.45544554455445546,0.4372950804158048
bayes-fix-seed42,dense_square,3,433,1543568854,success,57,14.25,0.1438887718738855,0,0.0,1,0.5869837660606263,13.76192650774069,15.31963124871254,13.117545799110832,40,2.807017543859649,24,1.6842105263157894,1,0.07017543859649122,15.446891962108626,1.1775748450716816,7,0.49122807017543857,0.1,0.0,0.15789473684210525,0.5933155618259434
bayes-fix-seed42,dense_square,3,434,1543568855,success,74,18.5,0.1375625216550561,0,0.0,11,0.46260475532270173,14.338107477571514,15.327638387680054,16.152450416199787,43,2.324324324324324,22,1.1891891891891893,1,0.05405405405405406,21.394730449478768,1.32455013934117,11,0.5945945945945946,0.1044776119402985,0.0,0.12162162162162163,0.47927061447554903
bayes-fix-seed42,dense_square,3,435,1543568856,timeout,101,25.25,0.02807781208097415,0,0.0,8,0.5883295221737314,14.053663183556925,15.340901911258698,13.770880169159124,99,3.9207920792079207,57,2.257425742574257,43,1.702970297029703,135.5718791434317,9.844823096134018,45,1.7821782178217822,0.4148936170212766,0.4148936170212766,0.32673267326732675,0.30120764841021663
bayes-fix-seed42,dense_square,3,436,1543568857,success,57,14.25,0.19385347660842356,0,0.0,2,0.5376756156601308,13.918104271094004,15.76760783791542,10.333222688999024,39,2.736842105263158,24,1.6842105263157894,2,0.14035087719298245,20.966282885530312,2.0290168436853175,6,0.42105263157894735,0.02,0.02,0.07017543859649122,0.7543147638175047
bayes-fix-seed42,dense_square,3,437,1543568858,success,53,13.25,0.16906421181872344,0,0.0,2,0.560653596597407,13.621186099524769,14.944557845592499,9.47502643348416,36,2.7169811320754715,16,1.2075471698113207,4,0.3018867924528302,20.223898890479006,2.1344424770161052,9,0.6792452830188679,0.13043478260869565,0.13043478260869565,0.11320754716981132,0.8273952390413678
bayes-fix-seed42,dense_square,3,438,1543568859,success,81,20.25,0.19816809453244066,0,0.0,2,0.4958311165005156,14.179678518830993,15.543706715106964,14.0999782524094,66,3.259259259259259,39,1.9259259259259258,15,0.7407407407407407,61.59159298136486,4.368204821226594,26,1.2839506172839505,0.0945945945945946,0.0945945945945946,0.16049382716049382,0.5511236500336548
bayes-fix-seed42,dense_square,3,439,1543568860,success,50,12.5,0.12610949841439067,0,0.0,5,0.7981540139714102,13.8800810277462,15.383683517575264,10.507115071442202,27,2.16,15,1.2,1,0.08,14.575219842366632,1.3871761890170338,3,0.24,0.0,0.0,0.06,0.739653790092333
bayes-fix-seed42,dense_square,3,440,1543568861,success,60,15.0,0.03816988154033918,0,0.0,6,0.5198082566766635,13.901545479893684,15.388387814164162,11.571581516147013,44,2.933333333333333,19,1.2666666666666666,3,0.2,24.878913893294033,2.150001178194868,12,0.8,0.16981132075471697,0.1320754716981132,0.1,0.6687166586600528
bayes-fix-seed42,dense_square,3,441,1543568862,timeout,101,25.25,0.13981969538771022,0,0.0,15,0.38745536399795366,14.419081187484288,15.751462429761887,15.770757992796247,73,2.891089108910891,34,1.3465346534653466,27,1.0693069306930694,90.8963218590518,5.7635988010577135,24,0.9504950495049505,0.425531914893617,0.40425531914893614,0.3069306930693069,0.4008301417709155
bayes-fix-seed42,dense_square,3,442,1543568863,success,58,14.5,0.05488307872514486,0,0.0,6,0.544514871765482,13.896590227196956,15.03777727484703,9.66684355657134,31,2.1379310344827585,13,0.896551724137931,3,0.20689655172413793,17.994023987878585,1.861416695385184,3,0.20689655172413793,0.17647058823529413,0.09803921568627451,0.1206896551724138,0.8043892989872579
bayes-fix-seed42,dense_square,3,443,1543568864,success,91,22.75,0.13621006846232908,0,0.0,4,0.67155502048186,14.319282802906665,15.644386410713196,16.277539264164794,78,3.4285714285714284,45,1.978021978021978,25,1.098901098901099,84.65853522247765,5.200941852977402,39,1.7142857142857142,0.20238095238095238,0.09523809523809523,0.27472527472527475,0.47687729916684507
bayes-fix-seed42,dense_square,3,444,1543568865,timeout,101,25.25,0.16564785698286588,0,0.0,6,0.3229607069784943,14.327307701996057,15.777308493852615,12.522077106525826,92,3.6435643564356437,41,1.6237623762376239,33,1.306930693069307,113.22877904896093,9.042332041698756,40,1.5841584158415842,0.5425531914893617,0.5425531914893617,0.3069306930693069,0.45165927263670563
bayes-fix-seed42,dense_square,3,445,1543568866,timeout,101,25.25,0.17361082762021063,0,0.0,3,0.45890713401634786,14.251265933017919,15.912912786006927,13.37782796454862,94,3.722772277227723,40,1.5841584158415842,40,1.5841584158415842,135.68844303387968,10.14278576413566,44,1.7425742574257426,0.6914893617021277,0.6276595744680851,0.44554455445544555,0.003827220982555099
bayes-fix-seed42,dense_square,3,446,1543568867,success,74,18.5,0.15961138657369656,0,0.0,3,0.581474266999933,13.962828982118014,15.23886937648058,14.490194992881182,57,3.081081081081081,33,1.7837837837837838,16,0.8648648648648649,60.40475161900984,4.168663820513513,23,1.2432432432432432,0.05970149253731343,0.05970149253731343,0.10810810810810811,0.5351346449078738
bayes-fix-seed42,dense_square,3,447,1543568868,success,88,22.0,0.19839008755253595,0,0.0,1,0.5662275268657031,14.106463132934136,15.294271893799305,14.463098071191283,72,3.272727272727273,41,1.8636363636363635,26,1.1818181818181819,78.23026556007184,5.408956309014936,25,1.1363636363636365,0.32098765432098764,0.2962962962962963,0.2159090909090909,0.5351502250979783
bayes-fix-seed42,dense_square,3,448,1543568869,success,45,11.25,0.2093569774383447,0,0.0,0,0.5239815129970977,13.897693239980274,15.656345337629318,9.462591869493593,25,2.2222222222222223,14,1.2444444444444445,2,0.17777777777777778,13.019374443078213,1.3758782606963442,3,0.26666666666666666,0.0,0.0,0.022222222222222223,0.8254192526838131
bayes-fix-seed42,dense_square,3,449,1543568870,timeout,101,25.25,0.18300542635517691,0,0.0,2,0.438554640863404,14.487743451453671,15.661060810089111,16.329216605977383,80,3.1683168316831685,42,1.6633663366336633,38,1.504950495049505,113.21776066269675,6.9334471698570574,33,1.306930693069307,0.43617021276595747,0.425531914893617,0.2871287128712871,0.3589908306655476
bayes-fix-seed42,dense_square,3,450,1543568871,success,62,15.5,0.00808850420299878,0,0.0,8,0.8106954965042591,13.998359922439821,15.568693727254868,12.983703541070266,34,2.193548387096774,9,0.5806451612903226,2,0.12903225806451613,15.654044994603037,1.2056687019297616,3,0.1935483870967742,0.2545454545454545,0.05454545454545454,0.24193548387096775,0.6010529119223161
bayes-fix-seed42,dense_square,3,451,1543568872,success,61,15.25,0.14978925303579482,0,0.0,8,0.6038406407894689,14.060078402523134,15.16098901629448,12.29681115137112,45,2.9508196721311477,22,1.4426229508196722,6,0.39344262295081966,31.372061036860412,2.551235491110422,10,0.6557377049180327,0.09259259259259259,0.09259259259259259,0.18032786885245902,0.6369517150384283
bayes-fix-seed42,dense_square,3,452,1543568873,success,63,15.75,0.2439033414560784,0,0.0,0,0.743778920908881,13.936756799618403,15.726232156157494,10.757528354869622,45,2.857142857142857,23,1.4603174603174602,8,0.5079365079365079,32.34748194675405,3.0069622760614227,11,0.6984126984126984,0.07142857142857142,0.07142857142857142,0.14285714285714285,0.7199780072098656
bayes-fix-seed42,dense_square,3,453,1543568874,success,55,13.75,0.1679454339295302,0,0.0,4,0.7699221370879714,13.995798338543285,15.268022939562798,10.860993529468855,35,2.5454545454545454,18,1.309090909090909,6,0.43636363636363634,27.926559773027833,2.5712711914665465,8,0.5818181818181818,0.14583333333333334,0.125,0.14545454545454545,0.714474082722182
bayes-fix-seed42,dense_square,3,454,1543568875,success,71,17.75,0.1722321090494594,0,0.0,9,0.4450475027322137,14.16462156134592,15.657885000109673,15.216614765293123,46,2.591549295774648,24,1.352112676056338,3,0.16901408450704225,25.848466497422432,1.698700196865009,5,0.28169014084507044,0.109375,0.0625,0.1267605633802817,0.5098428030053948
bayes-fix-seed42,dense_square,3,455,1543568876,success,76,19.0,0.15872250307808633,0,0.0,5,0.8478731627530268,14.313561841845512,16.03497378528118,14.652927431323574,49,2.5789473684210527,26,1.368421052631579,7,0.3684210526315789,39.672567557154984,2.70748406713234,20,1.0526315789473684,0.30434782608695654,0.10144927536231885,0.2631578947368421,0.5256134700876242
bayes-fix-seed42,dense_square,3,456,1543568877,timeout,101,25.25,0.21339819060512,0,0.0,0,0.6556284510092738,14.1748279554419,15.59065654873848,13.890270358872874,88,3.485148514851485,49,1.9405940594059405,26,1.0297029702970297,102.76583394360391,7.398404155464029,49,1.9405940594059405,0.3617021276595745,0.24468085106382978,0.37623762376237624,0.3237039384909978
bayes-fix-seed42,dense_square,3,457,1543568878,success,66,16.5,0.21468126772103668,0,0.0,0,0.7457999923407495,16.01383959253629,15.490004792809486,10.969809385358396,47,2.8484848484848486,20,1.2121212121212122,7,0.42424242424242425,40.21051465523442,3.6655618381942103,15,0.9090909090909091,0.23728813559322035,0.23728813559322035,0.16666666666666666,0.7088367139286611
bayes-fix-seed42,dense_square,3,458,1543568879,success,65,16.25,0.1381989426599125,0,0.0,2,0.4526910070486909,13.905057024497252,15.145475417375565,14.037689065174078,46,2.830769230769231,24,1.476923076923077,2,0.12307692307692308,20.354758314888198,1.4500077769485618,4,0.24615384615384617,0.1206896551724138,0.05172413793103448,0.16923076923076924,0.5526164063564748
bayes-fix-seed42,dense_square,3,459,1543568880,success,97,24.25,0.12703547249957714,0,0.0,2,0.6084707474450101,14.21176964781948,15.757051855325697,17.731410620822118,79,3.2577319587628866,43,1.7731958762886597,17,0.7010309278350515,80.23159052082691,4.524828409681653,33,1.3608247422680413,0.18888888888888888,0.14444444444444443,0.28865979381443296,0.43790365105676726
bayes-fix-seed42,dense_square,3,460,1543568881,success,50,12.5,0.21357719391946606,0,0.0,0,0.5936227266509406,13.940588980913162,15.703283995389938,10.358647376976325,31,2.48,16,1.28,3,0.24,22.091821781604793,2.132693678781579,7,0.56,0.023255813953488372,0.023255813953488372,0.1,0.7484259247850483
bayes-fix-seed42,dense_square,3,461,1543568882,success,50,12.5,0.16762837160830424,0,0.0,2,0.6489257973091965,14.352718219161034,16.35099109262228,9.735643762374039,31,2.48,13,1.04,4,0.32,24.188126974131194,2.4844917875500525,8,0.64,0.046511627906976744,0.046511627906976744,0.1,0.8001014878010427
bayes-fix-seed42,dense_square,3,462,1543568883,timeout,101,25.25,0.15640655936230952,0,0.0,8,0.4246122024934325,14.258707661439876,15.707217156887054,16.883972548247893,80,3.1683168316831685,38,1.504950495049505,13,0.5148514851485149,65.9079637586897,3.903581551696446,17,0.6732673267326733,0.40425531914893614,0.22340425531914893,0.27722772277227725,0.2956122942245724
bayes-fix-seed42,dense_square,3,463,1543568884,success,56,14.0,0.18654481628142838,0,0.0,1,0.6718307016039982,13.980920426547527,15.286589972674847,11.483714209712847,35,2.5,12,0.8571428571428571,6,0.42857142857142855,22.837850600160337,1.9887163841855484,6,0.42857142857142855,0.14285714285714285,0.14285714285714285,0.10714285714285714,0.6779248658580529
bayes-fix-seed42,dense_square,3,464,1543568885,success,67,16.75,0.179950099734556,0,0.0,2,0.4090058634859217,14.13659056398406,15.653539448976517,12.939893810444902,52,3.1044776119402986,32,1.9104477611940298,10,0.5970149253731343,41.57519168072755,3.212946898155272,11,0.6567164179104478,0.05,0.05,0.16417910447761194,0.6080962669848863
bayes-fix-seed42,dense_square,3,465,1543568886,success,64,16.0,0.17818176730912672,0,0.0,3,0.6098312243636718,13.893489900510758,15.258090756833553,11.075969746533335,55,3.4375,33,2.0625,4,0.25,29.39768365690932,2.654185983679713,14,0.875,0.19298245614035087,0.12280701754385964,0.140625,0.7014879058728064
bayes-fix-seed42,dense_square,3,466,1543568887,timeout,101,25.25,0.012096856418468915,0,0.0,19,0.36992308461011886,14.282665150885535,15.916246920824051,15.70144319790062,94,3.722772277227723,57,2.257425742574257,35,1.386138613861386,135.23037929751922,8.61260825473676,45,1.7821782178217822,0.5212765957446809,0.5,0.38613861386138615,0.1961568459723024
bayes-fix-seed42,dense_square,3,467,1543568888,success,75,18.75,0.16630202298564423,0,0.0,3,0.8253410858984987,14.215448548396429,15.561622008681297,13.76621833693109,60,3.2,35,1.8666666666666667,2,0.10666666666666667,37.8771966543308,2.7514598219553434,19,1.0133333333333334,0.2647058823529412,0.22058823529411764,0.24,0.565411820475823
bayes-fix-seed42,dense_square,3,468,1543568889,success,91,22.75,0.1709418756328952,0,0.0,2,0.6487914587393024,14.45766378726278,16.37660339474678,15.116102695816052,74,3.2527472527472527,46,2.021978021978022,20,0.8791208791208791,76.9695046676664,5.0918881815331005,25,1.098901098901099,0.27380952380952384,0.2261904761904762,0.21978021978021978,0.5141208476275199
bayes-fix-seed42,dense_square,3,469,1543568890,success,57,14.25,0.17056877502073797,0,0.0,1,0.7262573995895044,13.98414308041857,15.471363067626953,12.570606775394332,38,2.6666666666666665,21,1.4736842105263157,3,0.21052631578947367,22.459996390537192,1.7867074192870565,11,0.7719298245614035,0.18,0.16,0.22807017543859648,0.6207845515102015
bayes-fix-seed42,dense_square,3,470,1543568891,success,89,22.25,0.11240562121813769,0,0.0,6,0.5464983306257508,14.224638429920326,15.865886956453323,14.597832063930905,80,3.595505617977528,39,1.752808988764045,12,0.5393258426966292,60.12929975189212,4.119056822174491,16,0.7191011235955056,0.23170731707317074,0.2073170731707317,0.23595505617977527,0.5371547978198893
bayes-fix-seed42,dense_square,3,471,1543568892,timeout,101,25.25,0.09958403030354057,0,0.0,6,0.30662125200349516,14.042745685518378,15.48583060503006,14.262910565439066,95,3.762376237623762,68,2.6930693069306932,56,2.217821782178218,183.71790799103175,12.880814694036204,60,2.376237623762376,0.6808510638297872,0.5957446808510638,0.45544554455445546,0.1489778853665588
bayes-fix-seed42,dense_square,3,472,1543568893,success,81,20.25,0.12625897628783034,0,0.0,4,0.5587253640140815,13.943724886134818,15.460830181837082,16.18558568241829,57,2.814814814814815,31,1.5308641975308641,9,0.4444444444444444,45.805187844512496,2.829998786776602,20,0.9876543209876543,0.13513513513513514,0.06756756756756757,0.14814814814814814,0.48747991740336094
bayes-fix-seed42,dense_square,3,473,1543568894,success,75,18.75,0.1694237899925215,0,0.0,5,0.5450866631940531,14.355190048615137,15.78439213335514,14.656272934618473,52,2.7733333333333334,26,1.3866666666666667,5,0.26666666666666666,30.125739409655377,2.05548433384436,4,0.21333333333333335,0.27941176470588236,0.27941176470588236,0.24,0.5293480439872168
bayes-fix-seed42,dense_square,3,474,1543568895,success,64,16.0,0.16870089824773216,0,0.0,8,0.4767138577951007,13.744708092417568,15.301184356212616,12.082207686921683,48,3.0,28,1.75,6,0.375,31.13835028389024,2.5772070047757722,5,0.3125,0.12280701754385964,0.12280701754385964,0.203125,0.6386608705541976
bayes-fix-seed42,dense_square,3,475,1543568896,success,56,14.0,0.15715317436890996,0,0.0,7,0.44775223607800524,14.061580279043742,15.486020594835281,11.423203296244981,39,2.7857142857142856,18,1.2857142857142858,1,0.07142857142857142,17.85358264003832,1.5629226038467794,5,0.35714285714285715,0.0,0.0,0.05357142857142857,0.6801404021143818
bayes-fix-seed42,dense_square,3,476,1543568897,success,52,13.0,0.238093858325639,0,0.0,0,0.5419773479956665,14.065402703216442,15.820034220814703,9.733127670214074,37,2.8461538461538463,22,1.6923076923076923,7,0.5384615384615384,31.16651736356228,3.2021071149554534,13,1.0,0.0,0.0,0.057692307692307696,0.8057528070055634
bayes-fix-seed42,dense_square,3,477,1543568898,collision,10,2.5,-0.015094826739180056,1,0.25,4,0.32836962894099153,11.802157387137413,12.755964510142803,1.7845284507026296,8,3.2,5,2.0,1,0.4,6.487158373893884,3.635222723033454,3,1.2,0.3333333333333333,0.3333333333333333,0.4,0.09757440054105827
bayes-fix-seed42,dense_square,3,478,1543568899,success,91,22.75,0.1410675455151883,0,0.0,11,0.43576617657589817,14.184571311369048,15.620110556483269,14.515452448440325,52,2.2857142857142856,28,1.2307692307692308,8,0.3516483516483517,39.97998673444736,2.7543052396374446,10,0.43956043956043955,0.30952380952380953,0.07142857142857142,0.14285714285714285,0.5324910603430401
bayes-fix-seed42,dense_square,3,479,1543568900,success,71,17.75,0.17429559613530043,0,0.0,3,0.4848603371998686,13.876427856969162,15.484258532524109,13.936326446205696,46,2.591549295774648,27,1.5211267605633803,6,0.3380281690140845,31.98293019663808,2.2949326223156716,7,0.39436619718309857,0.125,0.078125,0.16901408450704225,0.5581978599506598
bayes-fix-seed42,dense_square,3,480,1543568901,success,64,16.0,0.24715131035763804,0,0.0,0,0.7109215778822208,13.951262168120593,15.434327349066734,11.93312094659884,45,2.8125,32,2.0,6,0.375,39.40510182748409,3.3021622762245837,13,0.8125,0.2982456140350877,0.17543859649122806,0.15625,0.652467690785065
bayes-fix-seed42,dense_square,3,481,1543568902,success,79,19.75,0.17758727978287925,0,0.0,7,0.5699220212237298,14.298297087602977,15.680544450879095,15.531523909655478,57,2.8860759493670884,23,1.1645569620253164,7,0.35443037974683544,36.74718043054994,2.3659739150068417,10,0.5063291139240507,0.2777777777777778,0.125,0.22784810126582278,0.4982098887743921
bayes-fix-seed42,dense_square,3,482,1543568903,success,67,16.75,0.047290771676680166,0,0.0,8,0.9425216345583495,13.948718447293809,15.402128919959068,13.221149887038512,51,3.044776119402985,21,1.2537313432835822,5,0.29850746268656714,33.20060485921714,2.5111737740577076,12,0.7164179104477612,0.16666666666666666,0.03333333333333333,0.14925373134328357,0.5864777822256727
bayes-fix-seed42,dense_square,3,483,1543568904,timeout,101,25.25,0.16882279221019048,0,0.0,1,0.46414590270719835,14.108308212886943,15.36916196346283,16.42952912472498,85,3.366336633663366,42,1.6633663366336633,19,0.7524752475247525,78.32669298094109,4.767433831263392,25,0.9900990099009901,0.7446808510638298,0.5638297872340425,0.44554455445544555,0.0
bayes-fix-seed42,dense_square,3,484,1543568905,timeout,101,25.25,0.033578721098671216,0,0.0,8,0.497636908705598,14.482229689855387,16.001686453819275,15.750913496053753,86,3.405940594059406,30,1.188118811881188,9,0.3564356435643564,53.00068324142943,3.3649275805310124,17,0.6732673267326733,0.5957446808510638,0.35106382978723405,0.504950495049505,0.05051980726876679
bayes-fix-seed42,dense_square,3,485,1543568906,success,61,15.25,0.1871384834035409,0,0.0,1,0.5233503957461859,14.281381349094579,16.138125211000443,11.39648750207573,42,2.7540983606557377,20,1.3114754098360655,2,0.13114754098360656,20.02204766352616,1.7568612837840947,7,0.45901639344262296,0.12962962962962962,0.07407407407407407,0.18032786885245902,0.6885428066802776
bayes-fix-seed42,dense_square,3,486,1543568907,success,63,15.75,0.15085106746624743,0,0.0,4,0.7064758722114822,14.507868223720127,16.499482467770576,13.474907109325843,43,2.7301587301587302,18,1.1428571428571428,4,0.25396825396825395,25.630365376216655,1.9020810435478361,7,0.4444444444444444,0.21428571428571427,0.21428571428571427,0.20634920634920634,0.5784733281446693
bayes-fix-seed42,dense_square,3,487,1543568908,success,56,14.0,0.19615942819254706,0,0.0,1,0.46826644489114566,14.649360573717527,16.31323527544737,10.166997005036164,40,2.857142857142857,17,1.2142857142857142,5,0.35714285714285715,22.905710763551113,2.2529475273972146,7,0.5,0.0,0.0,0.08928571428571429,0.7759457074159264
bayes-fix-seed42,dense_square,3,488,1543568909,timeout,101,25.25,0.16812781975043878,0,0.0,4,0.6533859584736976,14.979653835001558,16.906671226024628,17.73169932859033,78,3.089108910891089,34,1.3465346534653466,13,0.5148514851485149,69.21107501405058,3.9032398266789725,20,0.7920792079207921,0.43617021276595747,0.30851063829787234,0.3465346534653465,0.3980440263028483
bayes-fix-seed42,dense_square,3,489,1543568910,collision,12,3.0,-0.0064477503249119605,1,0.25,4,0.20826020620931182,12.500343844294548,13.973768800497053,1.8507956468459137,11,3.6666666666666665,6,2.0,1,0.3333333333333333,9.808495987550286,5.299610469835346,3,1.0,0.0,0.0,0.0,0.6058796412729922
bayes-fix-seed42,dense_square,3,490,1543568911,success,96,24.0,0.1840405282288643,0,0.0,2,0.5971326658645699,14.369227108545601,15.968563966453075,14.88986918579905,79,3.2916666666666665,51,2.125,31,1.2916666666666667,111.1210981354451,7.462865976111119,43,1.7916666666666667,0.24719101123595505,0.15730337078651685,0.25,0.527309480517606
bayes-fix-seed42,dense_square,3,491,1543568912,timeout,101,25.25,0.09806744350872398,0,0.0,13,0.5241544518331608,14.279510530799921,15.399184077978134,18.361895318032683,90,3.5643564356435644,53,2.099009900990099,22,0.8712871287128713,84.22583082762621,4.586990033916078,30,1.188118811881188,0.3191489361702128,0.2127659574468085,0.2871287128712871,0.36352424494329283
bayes-fix-seed42,dense_square,3,492,1543568913,success,68,17.0,0.20833723995589915,0,0.0,0,0.43627708883182464,14.168021707412075,15.912897326052189,13.907886576088417,45,2.6470588235294117,27,1.588235294117647,3,0.17647058823529413,25.515868000075326,1.8346330235353159,8,0.47058823529411764,0.06557377049180328,0.01639344262295082,0.16176470588235295,0.5581151044859093
bayes-fix-seed42,dense_square,3,493,1543568914,timeout,101,25.25,0.16353875985420463,0,0.0,3,0.4748966028217639,14.149605637729758,15.105381608009338,12.720521507217844,97,3.8415841584158414,36,1.4257425742574257,27,1.0693069306930694,105.76689306272488,8.314666423283896,35,1.386138613861386,0.723404255319149,0.6702127659574468,0.3564356435643564,0.08614117176725135
bayes-fix-seed42,dense_square,3,494,1543568915,success,80,20.0,0.21419317709321495,0,0.0,0,0.733001922873795,13.996385037899017,15.38439579308033,14.764089872983307,53,2.65,24,1.2,11,0.55,49.15688553252955,3.329489725098555,16,0.8,0.2328767123287671,0.1780821917808219,0.25,0.5220490759885975
bayes-fix-seed42,dense_square,3,495,1543568916,success,93,23.25,0.005127360078641674,0,0.0,9,0.6071237244948481,15.814069338062758,15.940990298986435,15.137686702409663,77,3.3118279569892475,46,1.978494623655914,27,1.1612903225806452,90.98895001941813,6.010756584421464,30,1.2903225806451613,0.22093023255813954,0.19767441860465115,0.24731182795698925,0.5142563796167933
bayes-fix-seed42,dense_square,3,496,1543568917,timeout,101,25.25,0.14673323838124486,0,0.0,5,0.43212959312068233,14.242837039550933,15.571597963571548,14.71302762691053,90,3.5643564356435644,62,2.4554455445544554,54,2.1386138613861387,165.26403476439796,11.23249673385548,59,2.3366336633663365,0.648936170212766,0.6170212765957447,0.42574257425742573,0.09052566106330454
bayes-fix-seed42,dense_square,3,497,1543568918,timeout,101,25.25,0.18431424733758262,0,0.0,1,0.6374152442138951,14.164076730756477,15.351131558418274,17.704558076288208,84,3.3267326732673266,37,1.4653465346534653,31,1.2277227722772277,99.22986907641899,5.604763962412481,31,1.2277227722772277,0.7659574468085106,0.5851063829787234,0.5742574257425742,0.0
bayes-fix-seed42,dense_square,3,498,1543568919,success,65,16.25,0.19136854675532533,0,0.0,2,0.43834795632671403,14.230591517228346,15.994898974895477,12.017435973694283,45,2.769230769230769,24,1.476923076923077,9,0.5538461538461539,34.23635744043818,2.8488903552621605,13,0.8,0.1724137931034483,0.1724137931034483,0.18461538461538463,0.650983418490891
bayes-fix-seed42,dense_square,3,499,1543568920,success,93,23.25,0.05490345681535813,0,0.0,11,0.6650264714833933,14.224746655071936,15.689726918935774,18.914047984681137,67,2.881720430107527,26,1.118279569892473,4,0.17204301075268819,33.34890491197888,1.7631817863097745,8,0.34408602150537637,0.36046511627906974,0.1744186046511628,0.3010752688172043,0.4111031567422833
bayes-fix-seed42,large_circle,4,0,1544568424,success,65,16.25,0.16474534254209283,0,0.0,2,0.9201329332498069,13.853327184915543,14.967288821935654,13.426123771624138,34,2.0923076923076924,20,1.2307692307692308,1,0.06153846153846154,15.275045962251538,1.1377107959137889,10,0.6153846153846154,0.0,0.0,0.015384615384615385,0.889669002868049
bayes-fix-seed42,large_circle,4,1,1544568425,success,66,16.5,0.14259786825571708,0,0.0,3,1.397248357211621,13.857074872110829,15.699096024036407,13.800817899060966,40,2.4242424242424243,18,1.0909090909090908,1,0.06060606060606061,15.31910047152725,1.110013955953262,6,0.36363636363636365,0.0,0.0,0.015151515151515152,0.8541581781967412
bayes-fix-seed42,large_circle,4,2,1544568426,success,63,15.75,0.2200463968954267,0,0.0,0,0.7476392760366399,13.754548593646003,15.06301537156105,14.206924149982612,20,1.2698412698412698,9,0.5714285714285714,0,0.0,8.820713542803668,0.6208742617109323,2,0.12698412698412698,0.0,0.0,0.031746031746031744,0.8319825852457148
bayes-fix-seed42,large_circle,4,3,1544568427,success,64,16.0,0.20750666965350884,0,0.0,0,0.6571660878136962,13.967132079415023,15.884406864643097,13.110571368572254,38,2.375,21,1.3125,2,0.125,13.855475983147965,1.0568170977171403,4,0.25,0.0,0.0,0.015625,0.8968204675368463
bayes-fix-seed42,large_circle,4,4,1544568428,success,64,16.0,0.1775053286867494,0,0.0,2,1.5774484400480584,13.833965873345733,15.157739445567131,13.26492071544424,33,2.0625,20,1.25,1,0.0625,13.409552720548357,1.0109033448602314,5,0.3125,0.0,0.0,0.015625,0.8854969143557845
bayes-fix-seed42,large_circle,4,5,1544568429,success,59,14.75,0.20393664594785488,0,0.0,0,0.9143476791256445,13.810606515508587,15.333183109760283,14.280793825018433,18,1.2203389830508475,9,0.6101694915254238,0,0.0,6.533979121774607,0.4575361287219041,1,0.06779661016949153,0.019230769230769232,0.019230769230769232,0.06779661016949153,0.8253867826651357
bayes-fix-seed42,large_circle,4,6,1544568430,success,66,16.5,0.19014579577140656,0,0.0,1,1.668338549312256,13.870147705981225,15.253499150276184,13.514399007445515,27,1.6363636363636365,10,0.6060606060606061,0,0.0,7.4569413226557355,0.5517775017999297,1,0.06060606060606061,0.0,0.0,0.0,0.8696079741256721
bayes-fix-seed42,large_circle,4,7,1544568431,success,68,17.0,0.17427652431775065,0,0.0,2,1.1887875255552236,13.931619496468235,15.481878817081451,13.0824269786577,35,2.0588235294117645,7,0.4117647058823529,0,0.0,10.64456158634238,0.8136534301859751,5,0.29411764705882354,0.0,0.0,0.029411764705882353,0.8967994080758224
bayes-fix-seed42,large_circle,4,8,1544568432,success,65,16.25,0.1856680970822958,0,0.0,2,0.7331680633363908,14.357823248092945,16.22365489602089,14.02047937687158,35,2.1538461538461537,21,1.2923076923076924,0,0.0,12.224056110913676,0.8718714804487132,8,0.49230769230769234,0.0,0.0,0.015384615384615385,0.837418608288523
bayes-fix-seed42,large_circle,4,9,1544568433,success,68,17.0,0.277218538749167,0,0.0,0,0.6347985039301063,14.05887387912063,15.80126341432333,14.378172553257683,33,1.9411764705882353,11,0.6470588235294118,1,0.058823529411764705,15.15724147100093,1.054184140220708,5,0.29411764705882354,0.0,0.0,0.058823529411764705,0.8153429836133285
bayes-fix-seed42,large_circle,4,10,1544568434,success,69,17.25,0.3197478490447404,0,0.0,0,1.9325481766737107,13.829747673825942,15.397711843252182,13.746470632576328,37,2.1449275362318843,20,1.1594202898550725,5,0.2898550724637681,22.05825722713322,1.604648772526357,7,0.4057971014492754,0.0,0.0,0.057971014492753624,0.8607928083207932
bayes-fix-seed42,large_circle,4,11,1544568435,success,65,16.25,0.205037731150987,0,0.0,0,1.1410000013939767,14.109085786801119,15.499120950698853,12.314926945691946,39,2.4,23,1.4153846153846155,0,0.0,10.67549077340895,0.8668740643356792,8,0.49230769230769234,0.0,0.0,0.0,0.9571585031390835
bayes-fix-seed42,large_circle,4,12,1544568436,success,70,17.5,0.18305918212215588,0,0.0,3,0.6830858984473306,14.075797743030957,15.60862772166729,14.505443655076308,34,1.9428571428571428,12,0.6857142857142857,2,0.11428571428571428,17.80886690208684,1.2277367949276388,6,0.34285714285714286,0.0,0.0,0.05714285714285714,0.8081627224909567
bayes-fix-seed42,large_circle,4,13,1544568437,success,67,16.75,0.2895798821902683,0,0.0,0,0.9350310612430318,13.899090463545784,15.286249667406082,13.906410166021699,34,2.029850746268657,19,1.1343283582089552,0,0.0,13.532670714532586,0.9731246635884298,7,0.417910447761194,0.0,0.0,0.04477611940298507,0.8456638254099689
bayes-fix-seed42,large_circle,4,14,1544568438,success,62,15.5,0.20962161036977156,0,0.0,0,1.5006976007589896,14.061949366042692,15.6240776181221,13.998082735409456,27,1.7419354838709677,13,0.8387096774193549,0,0.0,10.240452619442788,0.7315610868293133,3,0.1935483870967742,0.0,0.0,0.0,0.845555217507147
bayes-fix-seed42,large_circle,4,15,1544568439,success,66,16.5,0.22590189389435777,0,0.0,0,1.0332151402986274,14.133275119644223,15.764976851642132,13.212985647502785,35,2.121212121212121,14,0.8484848484848485,3,0.18181818181818182,18.800879153949175,1.422909223965023,10,0.6060606060606061,0.0,0.0,0.030303030303030304,0.8863644255784703
bayes-fix-seed42,large_circle,4,16,1544568440,success,77,19.25,0.2327824982446548,0,0.0,0,1.2481138111446008,14.13787127315224,15.877651423215866,15.245368435736392,40,2.0779220779220777,15,0.7792207792207793,1,0.05194805194805195,17.344931626990583,1.137718101081286,10,0.5194805194805194,0.02857142857142857,0.0,0.06493506493506493,0.7726323194782223
bayes-fix-seed42,large_circle,4,17,1544568441,success,64,16.0,0.38870297411906707,0,0.0,0,0.6772641345178401,14.11362737417221,16.166519932448864,13.874539107184493,36,2.25,23,1.4375,1,0.0625,10.7273057898308,0.7731648386270361,6,0.375,0.0,0.0,0.0625,0.8491445844599673
bayes-fix-seed42,large_circle,4,18,1544568442,success,58,14.5,0.4541987075148767,0,0.0,0,1.3622104485748845,13.831396298161868,15.191654302179813,13.973442393472444,21,1.4482758620689655,11,0.7586206896551724,0,0.0,7.77402843721418,0.5563431127640918,1,0.06896551724137931,0.0,0.0,0.017241379310344827,0.8519621321173426
bayes-fix-seed42,large_circle,4,19,1544568443,success,80,20.0,0.3868584619481398,0,0.0,0,2.103989821171094,14.25866219215095,15.776561014354229,14.669939788984816,40,2.0,12,0.6,3,0.15,18.742267876049624,1.2775967826481869,8,0.4,0.136986301369863,0.0273972602739726,0.1375,0.8019050505121172
bayes-fix-seed42,large_circle,4,20,1544568444,success,82,20.5,0.20156366909480572,0,0.0,0,0.6520038048191166,14.107044195620025,15.749873593449593,18.208582986930423,35,1.7073170731707317,16,0.7804878048780488,1,0.04878048780487805,14.952472191590024,0.8211771449937901,6,0.2926829268292683,0.06666666666666667,0.0,0.12195121951219512,0.6482825784921388
bayes-fix-seed42,large_circle,4,21,1544568445,success,61,15.25,0.20123493080072408,0,0.0,0,1.0181564940327732,13.967499625487406,15.60632511973381,13.548685439301329,31,2.0327868852459017,17,1.1147540983606556,1,0.06557377049180328,12.53197169115448,0.9249584948516394,6,0.39344262295081966,0.0,0.0,0.04918032786885246,0.8666957760665905
bayes-fix-seed42,large_circle,4,22,1544568446,success,74,18.5,0.16498134582257384,0,0.0,3,1.239332324368301,14.1356400138623,15.543613955378532,14.931814466520784,40,2.1621621621621623,12,0.6486486486486487,2,0.10810810810810811,18.445039962588808,1.2352845666509698,4,0.21621621621621623,0.07462686567164178,0.0,0.08108108108108109,0.7896949268151066
bayes-fix-seed42,large_circle,4,23,1544568447,success,64,16.0,0.4553441587417667,0,0.0,0,0.9879026004754318,14.073368802201003,15.74962679296732,13.233940830693726,30,1.875,14,0.875,2,0.125,11.418759858989539,0.8628389687602196,3,0.1875,0.0,0.0,0.046875,0.8879317132682701
bayes-fix-seed42,large_circle,4,24,1544568448,success,55,13.75,0.25108308419545033,0,0.0,0,1.3147027701211846,13.97336409850554,15.390022471547125,13.076803958450498,21,1.5272727272727273,14,1.018181818181818,1,0.07272727272727272,9.670299057202083,0.73950019346684,3,0.21818181818181817,0.0,0.0,0.01818181818181818,0.8993676808638129
bayes-fix-seed42,large_circle,4,25,1544568449,success,67,16.75,0.31469975571914044,0,0.0,0,1.2936465211473822,13.974638016366248,15.40093496441841,12.705405474340738,33,1.9701492537313432,16,0.9552238805970149,1,0.05970149253731343,12.835385874873772,1.0102303228964662,6,0.3582089552238806,0.0,0.0,0.014925373134328358,0.924630585985912
bayes-fix-seed42,large_circle,4,26,1544568450,success,63,15.75,0.2089199869405065,0,0.0,0,0.6869994239990569,13.883288062754131,16.08600951731205,14.857390639849434,23,1.4603174603174602,7,0.4444444444444444,1,0.06349206349206349,10.059238651767535,0.6770528483505954,3,0.19047619047619047,0.0,0.0,0.06349206349206349,0.7896898055221067
bayes-fix-seed42,large_circle,4,27,1544568451,success,73,18.25,0.19829877497190285,0,0.0,1,0.7657139399214155,14.282763361522596,15.922260284423828,13.835556946515972,46,2.5205479452054793,25,1.36986301369863,1,0.0547945205479452,17.053713558926127,1.232600438482568,5,0.273972602739726,0.0,0.0,0.0136986301369863,0.8522540228379685
bayes-fix-seed42,large_circle,4,28,1544568452,success,61,15.25,0.19733958831118592,0,0.0,1,1.4288890018154405,13.896577915207285,15.473902225494385,13.328239566075121,25,1.639344262295082,13,0.8524590163934426,0,0.0,9.842190829416886,0.738446422772036,3,0.19672131147540983,0.0,0.0,0.0,0.884888691116554
bayes-fix-seed42,large_circle,4,29,1544568453,success,65,16.25,0.19264252847381969,0,0.0,1,0.5685868476096573,14.10706822688763,15.95226675271988,13.038329481021075,45,2.769230769230769,28,1.7230769230769232,2,0.12307692307692308,16.096782497501817,1.2345739936187918,6,0.36923076923076925,0.0,0.0,0.015384615384615385,0.8982852570714643
bayes-fix-seed42,large_circle,4,30,1544568454,success,67,16.75,0.2848718436017281,0,0.0,0,1.0663731391993387,14.130492263765477,15.621252357959747,14.584323357460912,40,2.388059701492537,19,1.1343283582089552,0,0.0,9.83809383802866,0.6745663543585504,2,0.11940298507462686,0.0,0.0,0.05970149253731343,0.8070617471888724
bayes-fix-seed42,large_circle,4,31,1544568455,success,68,17.0,0.32206243511224975,0,0.0,0,1.1203193348778764,13.981447719475803,15.53117074072361,13.256036897748034,38,2.235294117647059,15,0.8823529411764706,0,0.0,11.358687201895561,0.8568690091550063,8,0.47058823529411764,0.0,0.0,0.058823529411764705,0.8879484399120751
bayes-fix-seed42,large_circle,4,32,1544568456,success,72,18.0,0.1936810673347369,0,0.0,1,1.547208735466953,13.921896047476265,15.38199633359909,14.762386622991292,33,1.8333333333333333,14,0.7777777777777778,3,0.16666666666666666,21.127478213641044,1.431169549558918,6,0.3333333333333333,0.15384615384615385,0.15384615384615385,0.09722222222222222,0.7986137909698219
bayes-fix-seed42,large_circle,4,33,1544568457,success,68,17.0,0.34438906150309734,0,0.0,0,0.670910922630724,14.078391332398443,15.520582720637321,13.795594556807456,39,2.2941176470588234,21,1.2352941176470589,5,0.29411764705882354,22.675821076179126,1.6437001669485647,4,0.23529411764705882,0.01639344262295082,0.01639344262295082,0.058823529411764705,0.8520881360616589
bayes-fix-seed42,large_circle,4,34,1544568458,success,66,16.5,0.18195784008058835,0,0.0,4,0.7024600201774368,14.06435894243645,15.434634871780872,13.090237813207809,39,2.3636363636363638,29,1.7575757575757576,0,0.0,18.577680229156883,1.4192011248575138,7,0.42424242424242425,0.0,0.0,0.015151515151515152,0.8953693079269465
bayes-fix-seed42,large_circle,4,35,1544568459,success,69,17.25,0.19686417342125384,0,0.0,1,0.9843778221090707,13.741746004940808,15.443997830152512,14.088590293791395,31,1.7971014492753623,16,0.927536231884058,2,0.11594202898550725,15.252293727072061,1.0825989974166181,4,0.2318840579710145,0.0,0.0,0.014492753623188406,0.8409754299738699
bayes-fix-seed42,large_circle,4,36,1544568460,success,60,15.0,0.2177085098844892,0,0.0,0,1.25414191345753,13.835380660990873,15.412740595638752,13.08229587815209,29,1.9333333333333333,19,1.2666666666666666,2,0.13333333333333333,12.774318391049178,0.9764584527080414,7,0.4666666666666667,0.0,0.0,0.016666666666666666,0.904599378560888
bayes-fix-seed42,large_circle,4,37,1544568461,success,71,17.75,0.19997361744362374,0,0.0,1,1.1014159224344522,14.068033178927193,15.87986946105957,13.485053333757849,39,2.1971830985915495,22,1.2394366197183098,1,0.056338028169014086,18.033363177406468,1.3372852691848534,6,0.3380281690140845,0.0,0.0,0.014084507042253521,0.8809209949990058
bayes-fix-seed42,large_circle,4,38,1544568462,success,66,16.5,0.40894946520720044,0,0.0,0,0.967043382512322,13.844607680132896,15.449625439941883,13.840042217009884,28,1.696969696969697,14,0.8484848484848485,0,0.0,9.935265303658458,0.7178638004042848,7,0.42424242424242425,0.0,0.0,0.045454545454545456,0.8497942310295448
bayes-fix-seed42,large_circle,4,39,1544568463,success,66,16.5,0.2034252764776867,0,0.0,0,1.1605900236304543,14.007292970111877,15.812019817531109,13.935047819968654,23,1.393939393939394,8,0.48484848484848486,0,0.0,10.185453046957774,0.7309234369732278,3,0.18181818181818182,0.0,0.0,0.07575757575757576,0.8442016017761269
bayes-fix-seed42,large_circle,4,40,1544568464,success,70,17.5,0.2751858662692789,0,0.0,0,0.9765998525503388,13.988072105816432,15.855021961033344,14.340751419772484,31,1.7714285714285714,12,0.6857142857142857,0,0.0,10.688911558023669,0.7453522653831237,3,0.17142857142857143,0.0,0.0,0.07142857142857142,0.821707463003998
bayes-fix-seed42,large_circle,4,41,1544568465,success,66,16.5,0.16480913639854355,0,0.0,2,0.9225291754729578,13.798957972815543,15.622041188180447,13.648138906246517,27,1.6363636363636365,12,0.7272727272727273,1,0.06060606060606061,10.424143773313123,0.7637776729061698,3,0.18181818181818182,0.0,0.0,0.045454545454545456,0.8621748918832557
bayes-fix-seed42,large_circle,4,42,1544568466,success,64,16.0,0.2764793103806257,0,0.0,0,0.8755923745355312,13.72232980793342,15.21815825253725,13.382048177625329,41,2.5625,24,1.5,1,0.0625,12.666728892401142,0.946546352566553,2,0.125,0.0,0.0,0.015625,0.8873100599385687
bayes-fix-seed42,large_circle,4,43,1544568467,success,68,17.0,0.2881148661471026,0,0.0,0,1.0318119033410271,14.013363431920023,15.790283866226673,13.179351785438529,35,2.0588235294117645,20,1.1764705882352942,3,0.17647058823529413,22.744420625818666,1.7257617063494954,13,0.7647058823529411,0.0,0.0,0.029411764705882353,0.900002483919068
bayes-fix-seed42,large_circle,4,44,1544568468,success,67,16.75,0.237332879641306,0,0.0,0,1.1676068173212868,14.088994753894521,15.926984325051308,12.958637691354852,29,1.7313432835820894,16,0.9552238805970149,3,0.1791044776119403,14.911480176424337,1.1506981313608524,6,0.3582089552238806,0.0,0.0,0.04477611940298507,0.9055140792169776
bayes-fix-seed42,large_circle,4,45,1544568469,success,68,17.0,0.18571565843352467,0,0.0,2,0.7040418985928774,13.680895900025087,15.468168631196022,12.983623859162805,45,2.6470588235294117,28,1.6470588235294117,0,0.0,21.637704891506843,1.6665381811901983,11,0.6470588235294118,0.0,0.0,0.014705882352941176,0.9084007196694138
bayes-fix-seed42,large_circle,4,46,1544568470,success,60,15.0,0.235700923475196,0,0.0,0,1.2088528952912396,13.755939652522406,15.087450295686722,13.714989637838782,13,0.8666666666666667,6,0.4,0,0.0,6.277054224939578,0.45767837896294034,1,0.06666666666666667,0.0,0.0,0.016666666666666666,0.8564753721703101
bayes-fix-seed42,large_circle,4,47,1544568471,success,71,17.75,0.30149991529071285,0,0.0,0,0.9315029075768813,13.67069361075549,15.019023790955544,14.08987617788832,39,2.1971830985915495,17,0.9577464788732394,3,0.16901408450704225,18.479055240900323,1.311512962044342,6,0.3380281690140845,0.125,0.078125,0.08450704225352113,0.8325686470678865
bayes-fix-seed42,large_circle,4,48,1544568472,success,65,16.25,0.1607946433030879,0,0.0,2,1.144649562323453,13.931876191726097,15.83767607808113,13.091763294506888,26,1.6,10,0.6153846153846154,0,0.0,12.251413757176838,0.9358108210157872,6,0.36923076923076925,0.0,0.0,0.03076923076923077,0.89790171381246
bayes-fix-seed42,large_circle,4,49,1544568473,success,68,17.0,0.17946358931498307,0,0.0,3,0.847212384843751,13.940031968933695,15.278002433478832,14.773196821979331,32,1.8823529411764706,15,0.8823529411764706,0,0.0,11.350453010499649,0.7683139368733396,6,0.35294117647058826,0.0,0.0,0.014705882352941176,0.7941075868641508
bayes-fix-seed42,large_circle,4,50,1544568474,success,67,16.75,0.18958728813111259,0,0.0,2,1.0297045888488643,13.76663315207211,15.25786817073822,13.271567407542065,41,2.4477611940298507,26,1.5522388059701493,0,0.0,13.39981622481734,1.0096634265823337,8,0.47761194029850745,0.0,0.0,0.029850746268656716,0.8952346772517982
bayes-fix-seed42,large_circle,4,51,1544568475,success,66,16.5,0.4070587886174758,0,0.0,0,1.3455367018513678,13.97474121415254,15.602737665176392,13.750933396902832,26,1.5757575757575757,7,0.42424242424242425,1,0.06060606060606061,9.927900782296085,0.7219801373288725,3,0.18181818181818182,0.0847457627118644,0.0,0.06060606060606061,0.8614078452318822
bayes-fix-seed42,large_circle,4,52,1544568476,success,60,15.0,0.19863239077786266,0,0.0,1,0.4094740266690777,13.738338835537434,15.327886492013931,13.870757723809492,29,1.9333333333333333,23,1.5333333333333334,0,0.0,10.292670529470367,0.7420409709703709,2,0.13333333333333333,0.0,0.0,0.05,0.845232280236282
bayes-fix-seed42,large_circle,4,53,1544568477,success,58,14.5,0.35150411839933937,0,0.0,0,1.0816669224434978,13.66768302074794,15.12997355312109,13.845720853164401,21,1.4482758620689655,10,0.6896551724137931,1,0.06896551724137931,10.733970155962385,0.7752554214979112,5,0.3448275862068966,0.0,0.0,0.017241379310344827,0.8600859694458141
bayes-fix-seed42,large_circle,4,54,1544568478,success,65,16.25,0.16623431076331385,0,0.0,4,0.7706089816580498,13.920960403405703,15.52182361483574,13.364561252272306,36,2.2153846153846155,15,0.9230769230769231,0,0.0,11.603559042619931,0.8682334439259679,4,0.24615384615384617,0.0,0.0,0.015384615384615385,0.8817260444085726
bayes-fix-seed42,large_circle,4,55,1544568479,success,63,15.75,0.20738507011688623,0,0.0,0,1.0542930431744146,13.721261528276262,15.269681066274643,14.496832222662496,30,1.9047619047619047,16,1.0158730158730158,1,0.06349206349206349,14.2412477259481,0.9823696313243628,2,0.12698412698412698,0.0,0.0,0.047619047619047616,0.8087573862116847
bayes-fix-seed42,large_circle,4,56,1544568480,success,59,14.75,0.201436766359829,0,0.0,0,1.2630099658336154,13.915985696396586,15.857305005192757,14.03323226408357,25,1.694915254237288,13,0.8813559322033898,0,0.0,9.405494039189866,0.670230055499198,1,0.06779661016949153,0.0,0.0,0.03389830508474576,0.8390894637247187
bayes-fix-seed42,large_circle,4,57,1544568481,success,72,18.0,0.17569320199447425,0,0.0,3,0.8750504681907072,13.781171085106003,15.36935642361641,12.708848346932395,43,2.388888888888889,24,1.3333333333333333,1,0.05555555555555555,15.96970724976827,1.2565817778149007,8,0.4444444444444444,0.0,0.0,0.013888888888888888,0.9221955898219417
bayes-fix-seed42,large_circle,4,58,1544568482,success,58,14.5,0.19621413301915824,0,0.0,1,1.079837561599297,13.66058820537452,14.947659894824028,13.662758964273694,16,1.103448275862069,9,0.6206896551724138,0,0.0,5.548708844610255,0.40611920762998116,1,0.06896551724137931,0.0,0.0,0.017241379310344827,0.8624564953198861
bayes-fix-seed42,large_circle,4,59,1544568483,success,67,16.75,0.2086321412424208,0,0.0,0,0.7022811178665807,13.956242977683225,15.519298613071442,13.370084802596311,39,2.328358208955224,24,1.4328358208955223,2,0.11940298507462686,17.140766380819315,1.2820237593026174,2,0.11940298507462686,0.0,0.0,0.04477611940298507,0.8798889298329747
bayes-fix-seed42,large_circle,4,60,1544568484,success,60,15.0,0.22424592349827588,0,0.0,0,1.0620506758079806,13.92562078932921,15.570325218141079,13.645108101843377,24,1.6,15,1.0,0,0.0,9.966787610135185,0.7304293623579815,3,0.2,0.0,0.0,0.0,0.8631373069030358
bayes-fix-seed42,large_circle,4,61,1544568485,success,77,19.25,0.19037811940482674,0,0.0,2,0.9349839741938589,14.057010315455399,15.634961426258087,14.064008157064642,46,2.3896103896103895,18,0.935064935064935,4,0.2077922077922078,23.90563602068185,1.6997740440497082,8,0.4155844155844156,0.0,0.0,0.07792207792207792,0.8357049650067929
bayes-fix-seed42,large_circle,4,62,1544568486,success,64,16.0,0.2124200276941529,0,0.0,0,0.6998897968402784,13.85974744334817,15.495490096509457,13.42437871686054,35,2.1875,17,1.0625,1,0.0625,15.864747150958433,1.1817863221508254,7,0.4375,0.0,0.0,0.015625,0.8809954818876347
bayes-fix-seed42,large_circle,4,63,1544568487,success,69,17.25,0.23431668922903914,0,0.0,0,0.7697458262871175,13.981071179327758,15.358708053827284,14.643772994922074,42,2.4347826086956523,18,1.0434782608695652,1,0.057971014492753624,18.726652351672783,1.278813346680975,9,0.5217391304347826,0.0,0.0,0.014492753623188406,0.8104574161702678
bayes-fix-seed42,large_circle,4,64,1544568488,success,71,17.75,0.17850485228167035,0,0.0,1,1.5341487072170934,13.783876167636523,15.210142359137535,13.08294435350558,40,2.2535211267605635,26,1.4647887323943662,0,0.0,17.392774452896326,1.329423559631355,6,0.3380281690140845,0.03125,0.03125,0.04225352112676056,0.906472486915258
bayes-fix-seed42,large_circle,4,65,1544568489,success,69,17.25,0.21216599448163465,0,0.0,0,1.1351592066760243,13.956786119851513,15.446394681930542,13.614648744683382,36,2.0869565217391304,20,1.1594202898550725,0,0.0,15.113139382587121,1.1100645830829026,3,0.17391304347826086,0.0,0.0,0.014492753623188406,0.8627424820586611
bayes-fix-seed42,large_circle,4,66,1544568490,success,65,16.25,0.1774746989469218,0,0.0,2,0.7720027198064583,14.153245320686928,15.876181423664093,13.593682967907688,37,2.276923076923077,18,1.1076923076923078,1,0.06153846153846154,14.280077224635978,1.0504936195988053,6,0.36923076923076925,0.0,0.0,0.015384615384615385,0.8691976902336709
bayes-fix-seed42,large_circle,4,67,1544568491,success,63,15.75,0.22031512447248114,0,0.0,0,0.689526975242604,14.114205622010761,15.670319274067879,13.886292990584618,29,1.8412698412698412,12,0.7619047619047619,0,0.0,9.455815211439857,0.6809459672103436,3,0.19047619047619047,0.0,0.0,0.047619047619047616,0.850521497186988
bayes-fix-seed42,large_circle,4,68,1544568492,success,68,17.0,0.2501715812572839,0,0.0,0,1.9934357624523225,14.086645096540451,15.509959869086742,14.53991052695138,35,2.0588235294117645,16,0.9411764705882353,2,0.11764705882352941,19.601349376134444,1.3481066021555712,8,0.47058823529411764,0.0,0.0,0.08823529411764706,0.8181011762221295
bayes-fix-seed42,large_circle,4,69,1544568493,success,67,16.75,0.27054591133009265,0,0.0,0,1.7029378982650736,14.050128411001234,15.801546350121496,12.832601589626133,29,1.7313432835820894,11,0.6567164179104478,0,0.0,10.146718520256076,0.7906984760174178,6,0.3582089552238806,0.0,0.0,0.0,0.9149986633819911
bayes-fix-seed42,large_circle,4,70,1544568494,success,64,16.0,0.19050416488274124,0,0.0,3,0.7734145340863534,14.24109673826024,15.85541982203722,13.667764135742882,35,2.1875,18,1.125,1,0.0625,12.659613967922335,0.9262388377639535,4,0.25,0.0,0.0,0.015625,0.8629995677752494
bayes-fix-seed42,large_circle,4,71,1544568495,success,89,22.25,0.19076200436719437,0,0.0,1,0.6024476153842883,14.273348316717684,15.687432140111923,20.089918711542705,41,1.8426966292134832,20,0.898876404494382,0,0.0,16.537888014366274,0.8231933763308059,4,0.1797752808988764,0.07317073170731707,0.0,0.10112359550561797,0.5859939346412376
bayes-fix-seed42,large_circle,4,72,1544568496,success,85,21.25,0.15889834733610697,0,0.0,6,1.114852042947641,14.446471237084445,16.01615399122238,19.07598253253712,46,2.164705882352941,16,0.7529411764705882,0,0.0,16.940558669394278,0.8880569396883994,6,0.2823529411764706,0.07692307692307693,0.0,0.03529411764705882,0.6145559038002532
bayes-fix-seed42,large_circle,4,73,1544568497,success,68,17.0,0.26056828641415575,0,0.0,0,1.067265839539769,14.083104591597529,15.662628039717674,13.551071076562124,37,2.176470588235294,22,1.2941176470588236,1,0.058823529411764705,16.102661631138695,1.1882943820573557,2,0.11764705882352941,0.0,0.0,0.029411764705882353,0.8666807848268513
bayes-fix-seed42,large_circle,4,74,1544568498,success,67,16.75,0.17853255171636118,0,0.0,2,0.6209493642226344,13.919948530730917,15.546922385692596,14.516384395805636,37,2.208955223880597,19,1.1343283582089552,2,0.11940298507462686,18.06218350731694,1.2442618640310894,12,0.7164179104477612,0.016666666666666666,0.016666666666666666,0.05970149253731343,0.8100056652549682
bayes-fix-seed42,large_circle,4,75,1544568499,success,65,16.25,0.17193223832282956,0,0.0,3,0.7190209252267352,13.711222318502573,15.284407138824463,14.196138672167143,27,1.6615384615384616,9,0.5538461538461539,0,0.0,8.176415743768526,0.5759605433975616,4,0.24615384615384617,0.0,0.0,0.046153846153846156,0.8267154822822063
bayes-fix-seed42,large_circle,4,76,1544568500,success,71,17.75,0.19318282886622284,0,0.0,1,1.3677417046051465,14.003219791281392,15.630332753062248,13.03153342572669,42,2.3661971830985915,23,1.295774647887324,1,0.056338028169014086,16.318638108223475,1.2522423551481228,16,0.9014084507042254,0.0,0.0,0.04225352112676056,0.9027221286112197
bayes-fix-seed42,large_circle,4,77,1544568501,success,67,16.75,0.2069040679470141,0,0.0,0,1.0710647015333954,13.767305928379741,14.788609743118286,14.914226723091488,39,2.328358208955224,19,1.1343283582089552,1,0.05970149253731343,15.021207036536756,1.0071730378940553,4,0.23880597014925373,0.016666666666666666,0.016666666666666666,0.04477611940298507,0.7902967152948871
bayes-fix-seed42,large_circle,4,78,1544568502,success,69,17.25,0.16355620043605723,0,0.0,4,0.7816851529547022,14.007682331662247,15.597250312566757,15.036699155799063,41,2.3768115942028984,20,1.1594202898550725,3,0.17391304347826086,23.1929807455548,1.5424250033365985,9,0.5217391304347826,0.0,0.0,0.057971014492753624,0.7815176336065809
bayes-fix-seed42,large_circle,4,79,1544568503,success,87,21.75,0.1790472879890852,0,0.0,2,0.6371524200985397,14.137548876219782,15.481885895133018,19.78056786177471,48,2.206896551724138,23,1.0574712643678161,6,0.27586206896551724,27.28492197342303,1.379380115074969,2,0.09195402298850575,0.1125,0.075,0.12643678160919541,0.5985700992263472
bayes-fix-seed42,large_circle,4,80,1544568504,success,71,17.75,0.20852580406934296,0,0.0,0,0.8786670740472777,14.191584635368535,15.608139336109161,14.089546631340127,31,1.7464788732394365,17,0.9577464788732394,0,0.0,14.99080761704084,1.0639666420277847,5,0.28169014084507044,0.0,0.0,0.056338028169014086,0.8471730050115283
bayes-fix-seed42,large_circle,4,81,1544568505,success,64,16.0,0.2226710585985181,0,0.0,0,0.5476018067852725,14.131410280242562,15.630362555384636,13.439213241249279,31,1.9375,15,0.9375,1,0.0625,9.906512405898741,0.7371348477076367,4,0.25,0.0,0.0,0.046875,0.8795689262736773
bayes-fix-seed42,large_circle,4,82,1544568506,success,63,15.75,0.16626276523598527,0,0.0,1,0.6895304604467765,13.909593993236149,15.6082633882761,14.396706144704332,30,1.9047619047619047,9,0.5714285714285714,2,0.12698412698412698,17.04297946554972,1.1838110255392544,6,0.38095238095238093,0.017857142857142856,0.017857142857142856,0.07936507936507936,0.8174546517187389
bayes-fix-seed42,large_circle,4,83,1544568507,success,66,16.5,0.21585156854342658,0,0.0,0,1.0632550558174119,14.109163968400521,15.60675073415041,12.717960153745386,34,2.0606060606060606,15,0.9090909090909091,0,0.0,9.993747667462522,0.7857980011456007,5,0.30303030303030304,0.0,0.0,0.015151515151515152,0.9223739588481985
bayes-fix-seed42,large_circle,4,84,1544568508,success,69,17.25,0.19115812272859967,0,0.0,1,0.6538041266331994,14.088933720536854,15.691617876291275,15.521562289424944,29,1.681159420289855,8,0.463768115942029,1,0.057971014492753624,11.970411599740103,0.7712117747255192,4,0.2318840579710145,0.03225806451612903,0.0,0.10144927536231885,0.7592905691809001
bayes-fix-seed42,large_circle,4,85,1544568509,success,68,17.0,0.20793621308988164,0,0.0,0,1.0327921070938157,14.10044642055736,15.521138720214367,14.25352395882423,35,2.0588235294117645,15,0.8823529411764706,2,0.11764705882352941,15.865649925340175,1.11310367675903,7,0.4117647058823529,0.03278688524590164,0.03278688524590164,0.10294117647058823,0.8230674408644764
bayes-fix-seed42,large_circle,4,86,1544568510,success,75,18.75,0.30572982733026055,0,0.0,0,1.1383919042973332,14.134361147880554,15.487940236926079,13.871538636732964,48,2.56,28,1.4933333333333334,2,0.10666666666666667,24.969679146793972,1.8000655731637605,14,0.7466666666666667,0.11764705882352941,0.11764705882352941,0.06666666666666667,0.8439573125763816
bayes-fix-seed42,large_circle,4,87,1544568511,success,77,19.25,0.27831075408147177,0,0.0,0,1.7366900812967176,14.214457145759038,15.89774563908577,14.439714778900413,38,1.974025974025974,16,0.8311688311688312,3,0.15584415584415584,21.69495044001306,1.5024500672072925,7,0.36363636363636365,0.11428571428571428,0.04285714285714286,0.05194805194805195,0.8134447516432196
bayes-fix-seed42,large_circle,4,88,1544568512,success,98,24.5,0.19010588204040013,0,0.0,8,0.5844398717674041,14.140017824817678,15.77916275709867,21.755723106780884,43,1.7551020408163265,16,0.6530612244897959,1,0.04081632653061224,17.236398190741983,0.7922696067670439,6,0.24489795918367346,0.06593406593406594,0.0,0.09183673469387756,0.5431679221379636
bayes-fix-seed42,large_circle,4,89,1544568513,success,64,16.0,0.19392157545337607,0,0.0,3,0.6901244873964076,13.687340426258743,15.476884320378304,13.596431645926566,29,1.8125,16,1.0,1,0.0625,12.030113953821658,0.884799355235668,3,0.1875,0.0,0.0,0.0625,0.8681057353243216
bayes-fix-seed42,large_circle,4,90,1544568514,success,71,17.75,0.21889583840393245,0,0.0,0,1.626541158632504,14.64019206837869,19.58056353032589,14.577309730704265,33,1.8591549295774648,15,0.8450704225352113,7,0.39436619718309857,28.15322281653482,1.9313044269914592,6,0.3380281690140845,0.078125,0.078125,0.07042253521126761,0.8127654759795204
bayes-fix-seed42,large_circle,4,91,1544568515,success,63,15.75,0.18921884292047364,0,0.0,1,0.9081707017191915,13.858237141181553,15.240196138620377,12.203417960106945,31,1.9682539682539681,16,1.0158730158730158,0,0.0,10.606556015065628,0.8691463366852247,8,0.5079365079365079,0.0,0.0,0.0,0.9670021529403575
bayes-fix-seed42,large_circle,4,92,1544568516,success,63,15.75,0.34517312072124295,0,0.0,0,0.7408353816076005,13.95589822814578,15.802416577935219,13.592782585395792,30,1.9047619047619047,14,0.8888888888888888,2,0.12698412698412698,12.452620426667444,0.916120032703727,4,0.25396825396825395,0.0,0.0,0.031746031746031744,0.866595691019862
bayes-fix-seed42,large_circle,4,93,1544568517,success,64,16.0,0.19630855867314223,0,0.0,2,0.5965956779327077,14.080862631089985,15.710978768765925,12.47454231929797,22,1.375,6,0.375,0,0.0,6.558949896620992,0.5257868167615555,4,0.25,0.0,0.0,0.015625,0.9399251145074553
bayes-fix-seed42,large_circle,4,94,1544568518,success,65,16.25,0.20598532862360586,0,0.0,0,0.4242700454207807,13.742066289369877,15.055512636899948,13.838704282264075,33,2.0307692307692307,20,1.2307692307692308,1,0.06153846153846154,13.741509044302571,0.9929765651480774,4,0.24615384615384617,0.0,0.0,0.015384615384615385,0.8546726019003905
bayes-fix-seed42,large_circle,4,95,1544568519,success,82,20.5,0.11008168539629226,0,0.0,8,0.65261714781626,13.883198361571242,15.296431258320808,18.759707120323895,44,2.1463414634146343,20,0.975609756097561,4,0.1951219512195122,24.6135812702623,1.3120450715137464,10,0.4878048780487805,0.06666666666666667,0.0,0.12195121951219512,0.6279621671960286
bayes-fix-seed42,large_circle,4,96,1544568520,success,65,16.25,0.22866591845743145,0,0.0,0,0.7810918637061846,13.816633877845911,15.268930047750473,13.436773086480311,28,1.7230769230769232,9,0.5538461538461539,0,0.0,10.307032762626172,0.7670764919738658,7,0.4307692307692308,0.0,0.0,0.015384615384615385,0.8761886483656659
bayes-fix-seed42,large_circle,4,97,1544568521,success,69,17.25,0.21658725602952011,0,0.0,0,1.1531111324952477,13.986168834178343,15.63883125782013,13.767512560468383,26,1.5072463768115942,11,0.6376811594202898,1,0.057971014492753624,13.021480661635989,0.9458121504842838,2,0.11594202898550725,0.04838709677419355,0.04838709677419355,0.08695652173913043,0.8534858886069335
bayes-fix-seed42,large_circle,4,98,1544568522,success,73,18.25,0.20440927171340573,0,0.0,0,1.4431290574942852,14.220182975269344,15.706853568553925,14.162690511741626,35,1.917808219178082,18,0.9863013698630136,4,0.2191780821917808,25.282603749197637,1.7851554214389567,9,0.4931506849315068,0.10606060606060606,0.10606060606060606,0.1232876712328767,0.836413750908285
bayes-fix-seed42,large_circle,4,99,1544568523,success,64,16.0,0.04798162912779269,0,0.0,2,0.5973790656331561,13.936433591879904,15.329561568796635,14.801112482861853,27,1.6875,11,0.6875,1,0.0625,14.129267039707543,0.9546084496059173,4,0.25,0.03508771929824561,0.0,0.078125,0.7935684092552535
bayes-fix-seed42,large_circle,4,100,1544568524,success,64,16.0,0.19682939717994508,0,0.0,1,0.750635819951719,13.9957798528485,15.56401289999485,13.247739748710359,39,2.4375,21,1.3125,1,0.0625,14.106558749289162,1.0648275869596855,3,0.1875,0.0,0.0,0.0,0.8933778692614261
bayes-fix-seed42,large_circle,4,101,1544568525,success,76,19.0,0.1913504286523584,0,0.0,2,0.4579414533008316,13.877817870754944,15.550299547612667,15.294489915461835,45,2.3684210526315788,25,1.3157894736842106,6,0.3157894736842105,31.60473107251058,2.0664128877263206,12,0.631578947368421,0.043478260869565216,0.043478260869565216,0.09210526315789473,0.7674915943666454
bayes-fix-seed42,large_circle,4,102,1544568526,success,68,17.0,0.1714042387712269,0,0.0,3,0.40552875450595344,14.078246210427846,16.056834906339645,14.53591968505341,42,2.4705882352941178,19,1.1176470588235294,2,0.11764705882352941,18.43152013453377,1.2679982095309745,10,0.5882352941176471,0.0,0.0,0.04411764705882353,0.8075489275264238
bayes-fix-seed42,large_circle,4,103,1544568527,success,62,15.5,0.23659259703852653,0,0.0,0,1.0064305857554008,13.841580239034467,15.422176197171211,13.982245106728646,27,1.7419354838709677,13,0.8387096774193549,0,0.0,13.111879695936935,0.9377520988833998,5,0.3225806451612903,0.0,0.0,0.016129032258064516,0.8465389949307672
bayes-fix-seed42,large_circle,4,104,1544568528,success,67,16.75,0.19474539034206595,0,0.0,2,0.5709850608530146,13.82724963017364,15.142195299267769,13.527602297983659,36,2.1492537313432836,19,1.1343283582089552,1,0.05970149253731343,11.26815572753354,0.8329750889566809,4,0.23880597014925373,0.0,0.0,0.029850746268656716,0.8696927426059603
bayes-fix-seed42,large_circle,4,105,1544568529,success,71,17.75,0.24406887521783605,0,0.0,0,0.9669791750821675,14.036123706421382,15.703205019235611,14.29822369804944,29,1.6338028169014085,12,0.676056338028169,5,0.28169014084507044,19.02453065552678,1.3305520362030776,9,0.5070422535211268,0.109375,0.046875,0.04225352112676056,0.8217297558089063
bayes-fix-seed42,large_circle,4,106,1544568530,success,67,16.75,0.3068015977791432,0,0.0,0,1.1561067845230195,13.98584274436111,15.417370572686195,12.795917886787825,33,1.9701492537313432,14,0.835820895522388,0,0.0,12.86590182398356,1.0054692393163913,7,0.417910447761194,0.0,0.0,0.014925373134328358,0.919009276231426
bayes-fix-seed42,large_circle,4,107,1544568531,success,66,16.5,0.3432543099337777,0,0.0,0,1.5539892033482878,13.740280417330338,15.179187059402466,13.42498247577414,19,1.1515151515151516,12,0.7272727272727273,0,0.0,8.45653000685655,0.6299099475263122,2,0.12121212121212122,0.0,0.0,0.015151515151515152,0.8786095242138673
bayes-fix-seed42,large_circle,4,108,1544568532,success,75,18.75,0.17004543808235262,0,0.0,6,1.1700898823535324,14.165030171473822,15.868967399001122,16.93447800448021,38,2.026666666666667,20,1.0666666666666667,3,0.16,19.86196058331479,1.172871143595928,8,0.4266666666666667,0.10294117647058823,0.0,0.08,0.6955352308771229
bayes-fix-seed42,large_circle,4,109,1544568533,success,67,16.75,0.34831366269068664,0,0.0,0,1.2466465874653991,13.747390248437426,14.991359785199165,14.109295832825543,28,1.671641791044776,14,0.835820895522388,3,0.1791044776119403,14.721636356676886,1.0433997933778325,6,0.3582089552238806,0.0,0.0,0.07462686567164178,0.8334590063816154
bayes-fix-seed42,large_circle,4,110,1544568534,success,79,19.75,0.10579871215781589,0,0.0,7,0.6349482372635215,14.139237566084802,15.573462098836899,17.318135067300855,38,1.9240506329113924,21,1.0632911392405062,0,0.0,14.782751013256583,0.8535994756830692,4,0.20253164556962025,0.0,0.0,0.05063291139240506,0.6777848913443124
bayes-fix-seed42,large_circle,4,111,1544568535,success,81,20.25,0.17772930211691385,0,0.0,7,0.6916771335820787,13.901665898752801,15.2956023812294,17.649247916963283,41,2.0246913580246915,22,1.0864197530864197,4,0.19753086419753085,24.89680747151018,1.410644101586959,10,0.49382716049382713,0.02702702702702703,0.02702702702702703,0.07407407407407407,0.6659758313443502
bayes-fix-seed42,large_circle,4,112,1544568536,success,76,19.0,0.21780480743225317,0,0.0,0,1.2814529103020464,13.989119104256755,15.653492882847786,14.71911511454425,39,2.0526315789473686,21,1.105263157894737,3,0.15789473684210525,24.249426501219258,1.6474785550972366,10,0.5263157894736842,0.07246376811594203,0.057971014492753624,0.07894736842105263,0.8102390987161547
bayes-fix-seed42,large_circle,4,113,1544568537,success,63,15.75,0.4094293281037321,0,0.0,0,1.1640631399458476,13.870258002527176,15.642661973834038,13.002349617985155,30,1.9047619047619047,14,0.8888888888888888,1,0.06349206349206349,17.334909767392826,1.33321363266642,8,0.5079365079365079,0.0,0.0,0.015873015873015872,0.9025989352938244
bayes-fix-seed42,large_circle,4,114,1544568538,success,67,16.75,0.19467299761300938,0,0.0,1,1.1963520888828159,14.142351252819175,15.50155095756054,12.908261071393177,29,1.7313432835820894,7,0.417910447761194,0,0.0,8.756339670252887,0.6783516092387046,4,0.23880597014925373,0.0,0.0,0.014925373134328358,0.9182030622732433
bayes-fix-seed42,large_circle,4,115,1544568539,success,74,18.5,0.3391769928630568,0,0.0,0,1.0539018986682984,13.791233653555045,15.15970528125763,15.132552626514236,35,1.8918918918918919,17,0.918918918918919,2,0.10810810810810811,19.993890330888156,1.3212503418528485,4,0.21621621621621623,0.13432835820895522,0.1044776119402985,0.10810810810810811,0.7753834526317914
bayes-fix-seed42,large_circle,4,116,1544568540,success,65,16.25,0.16667825784481105,0,0.0,3,0.7520260517786265,13.910059057749235,15.419808775186539,14.36121822201561,41,2.523076923076923,24,1.476923076923077,2,0.12307692307692308,21.13413603822447,1.4716116496179996,8,0.49230769230769234,0.0,0.0,0.03076923076923077,0.8179338431442338
bayes-fix-seed42,large_circle,4,117,1544568541,success,62,15.5,0.23038163512884968,0,0.0,0,0.9721270316855752,16.091501340270042,15.756809525191784,13.700202783475268,32,2.064516129032258,19,1.2258064516129032,0,0.0,13.291926250740763,0.9701992343334542,11,0.7096774193548387,0.0,0.0,0.016129032258064516,0.8663345907636946
bayes-fix-seed42,large_circle,4,118,1544568542,success,60,15.0,0.20176057799083913,0,0.0,0,0.8421862517480844,14.097613406678041,15.8870629966259,13.0222104697768,38,2.533333333333333,22,1.4666666666666666,0,0.0,10.242567600908531,0.7865460034362421,4,0.26666666666666666,0.0,0.0,0.016666666666666666,0.9040355579183919
bayes-fix-seed42,large_circle,4,119,1544568543,success,66,16.5,0.26594546395757523,0,0.0,0,1.0480788998443675,13.839817013252866,15.381948091089725,13.076378586426474,25,1.5151515151515151,10,0.6060606060606061,2,0.12121212121212122,12.269850460404388,0.9383217516461877,4,0.24242424242424243,0.0,0.0,0.045454545454545456,0.9001541084414079
bayes-fix-seed42,large_circle,4,120,1544568544,collision,23,5.75,-0.028388361415652152,1,0.25,2,0.47466411806137976,12.891759691031083,15.259236097335815,5.171384239729928,17,2.9565217391304346,9,1.565217391304348,2,0.34782608695652173,10.081455327185605,1.9494693992632235,0,0.0,0.0625,0.0625,0.21739130434782608,0.5405095201571939
bayes-fix-seed42,large_circle,4,121,1544568545,collision,2,0.5,0.02853710134202292,0,0.0,2,0.056763013522233285,10.928574949502945,11.18999645113945,0.3829979210132746,1,2.0,0,0.0,1,2.0,1.9460403825876815,5.081072966242634,1,2.0,0.0,0.0,1.0,0.0
bayes-fix-seed42,large_circle,4,122,1544568546,success,71,17.75,0.2629036944337525,0,0.0,0,1.233696230394847,14.115140734004303,15.7183688133955,14.368143942165512,38,2.140845070422535,16,0.9014084507042254,5,0.28169014084507044,27.358981601853422,1.9041416700708513,6,0.3380281690140845,0.078125,0.078125,0.1267605633802817,0.8239287941891341
bayes-fix-seed42,large_circle,4,123,1544568547,success,62,15.5,0.2548779611784572,0,0.0,0,0.7708365241661423,14.06944939686406,15.77485240995884,13.305153989472318,26,1.6774193548387097,10,0.6451612903225806,0,0.0,12.270094227544375,0.9222061042850813,4,0.25806451612903225,0.0,0.0,0.0,0.8854836884693802
bayes-fix-seed42,large_circle,4,124,1544568548,success,68,17.0,0.39221066516377623,0,0.0,0,2.423581779199923,13.917967184063267,15.588523633778095,12.787806326965997,25,1.4705882352941178,10,0.5882352941176471,2,0.11764705882352941,12.842060745352867,1.0042426681324117,4,0.23529411764705882,0.08196721311475409,0.03278688524590164,0.08823529411764706,0.9231094530268996
bayes-fix-seed42,large_circle,4,125,1544568549,success,75,18.75,0.43370102671457766,0,0.0,0,0.9455107454407075,14.10139431556066,15.691560134291649,13.553748992401204,41,2.1866666666666665,15,0.8,4,0.21333333333333335,26.61691777346821,1.9638048327728928,15,0.8,0.0,0.0,0.02666666666666667,0.8746235170391332
bayes-fix-seed42,large_circle,4,126,1544568550,success,85,21.25,0.15310328152243657,0,0.0,1,1.638785197333401,14.286562362137962,15.513013303279877,18.47719354086146,42,1.9764705882352942,27,1.2705882352941176,2,0.09411764705882353,21.841430980196765,1.1820751312636006,7,0.32941176470588235,0.23076923076923078,0.15384615384615385,0.2,0.6365681633831651
bayes-fix-seed42,large_circle,4,127,1544568551,success,69,17.25,0.17243734029917535,0,0.0,3,1.5033409127731958,13.920512158369672,15.621161460876463,13.048159288782314,36,2.0869565217391304,11,0.6376811594202898,0,0.0,14.16345266700587,1.085475150443817,5,0.2898550724637681,0.03225806451612903,0.03225806451612903,0.028985507246376812,0.8966875561015539
bayes-fix-seed42,large_circle,4,128,1544568552,success,75,18.75,0.21870238854735258,0,0.0,0,0.8387731350974245,14.004353185494741,15.720847249031067,14.144208295174186,38,2.026666666666667,16,0.8533333333333334,3,0.16,23.309525274984942,1.6479908092797133,8,0.4266666666666667,0.07352941176470588,0.04411764705882353,0.05333333333333334,0.837702418281112
bayes-fix-seed42,large_circle,4,129,1544568553,success,83,20.75,0.16631340310488762,0,0.0,2,0.9905459100318634,14.14988284190017,15.582416579127312,16.861897095201613,49,2.36144578313253,23,1.108433734939759,3,0.14457831325301204,28.2401812934754,1.6747926484210192,9,0.43373493975903615,0.14473684210526316,0.09210526315789473,0.13253012048192772,0.7009620203657558
bayes-fix-seed42,large_circle,4,130,1544568554,success,70,17.5,0.16031541409812866,0,0.0,2,0.6338138526929461,14.256724821669716,15.758388489484787,15.131898313676606,38,2.1714285714285713,24,1.3714285714285714,3,0.17142857142857143,23.675376629574078,1.5646005635773836,8,0.45714285714285713,0.12698412698412698,0.09523809523809523,0.08571428571428572,0.7786349163981261
bayes-fix-seed42,large_circle,4,131,1544568555,success,69,17.25,0.2035720596330335,0,0.0,0,0.7888216032734053,13.742335140705109,15.235290676355362,13.91469403927577,40,2.318840579710145,22,1.2753623188405796,4,0.2318840579710145,21.57024702166038,1.5501776007992674,6,0.34782608695652173,0.0,0.0,0.043478260869565216,0.8516790453216823
bayes-fix-seed42,large_circle,4,132,1544568556,success,63,15.75,0.16708556425380905,0,0.0,2,0.7429850878507613,14.101591670796985,15.806597471237183,13.377487167000993,31,1.9682539682539681,13,0.8253968253968254,0,0.0,11.526068059720625,0.8616018775299319,6,0.38095238095238093,0.0,0.0,0.015873015873015872,0.8790670421840291
bayes-fix-seed42,large_circle,4,133,1544568557,success,66,16.5,0.3508660069596754,0,0.0,0,1.1583345566987648,14.083524375702396,15.616822056472301,13.89993778924031,27,1.6363636363636365,15,0.9090909090909091,0,0.0,13.504849068546429,0.9715762238159288,3,0.18181818181818182,0.0,0.0,0.015151515151515152,0.852643756835761
bayes-fix-seed42,large_circle,4,134,1544568558,success,84,21.0,0.10086043435966607,0,0.0,8,1.8503802984127478,14.10985223594166,15.486529283225536,17.99514970533673,35,1.6666666666666667,14,0.6666666666666666,0,0.0,16.40726704077102,0.9117605193306729,4,0.19047619047619047,0.14285714285714285,0.0,0.09523809523809523,0.6586169820818666
bayes-fix-seed42,large_circle,4,135,1544568559,success,68,17.0,0.3437142327426713,0,0.0,0,0.6782018779159896,14.231907532495612,15.958908386528492,14.055392940021965,34,2.0,17,1.0,0,0.0,11.165971214450106,0.79442611544894,5,0.29411764705882354,0.0,0.0,0.014705882352941176,0.8431386225882833
bayes-fix-seed42,large_circle,4,136,1544568560,success,84,21.0,0.2154673553842238,0,0.0,0,0.5106517623425261,14.27237263747624,15.679571032524109,17.853339596347862,57,2.7142857142857144,34,1.619047619047619,13,0.6190476190476191,51.164922909138646,2.865846058269407,27,1.2857142857142858,0.15584415584415584,0.15584415584415584,0.15476190476190477,0.6585063433347715
bayes-fix-seed42,large_circle,4,137,1544568561,success,61,15.25,0.24772902143032505,0,0.0,0,0.7637891083266476,14.086826536499085,15.867218375205994,13.207539874683283,32,2.098360655737705,13,0.8524590163934426,2,0.13114754098360656,11.260007680017585,0.8525439095286169,3,0.19672131147540983,0.0,0.0,0.03278688524590164,0.8932867313691517
bayes-fix-seed42,large_circle,4,138,1544568562,success,66,16.5,0.23981088692938113,0,0.0,0,1.0333990101754287,14.094879455638655,15.654674731194973,13.527534304814228,37,2.242424242424242,16,0.9696969696969697,0,0.0,11.64653822518337,0.8609505592633062,3,0.18181818181818182,0.0,0.0,0.045454545454545456,0.8773074570035815
bayes-fix-seed42,large_circle,4,139,1544568563,success,93,23.25,0.20071364138640646,0,0.0,0,2.3688367790687463,14.13055004612092,15.511494129896164,17.965874137345246,44,1.89247311827957,21,0.9032258064516129,8,0.34408602150537637,36.14850063573681,2.0120646710195835,14,0.6021505376344086,0.2441860465116279,0.2441860465116279,0.1827956989247312,0.6537855564997523
bayes-fix-seed42,large_circle,4,140,1544568564,timeout,101,25.25,0.14405895052926498,0,0.0,11,0.908801577782159,14.206897541142926,15.543032437562943,17.710566247022264,58,2.297029702970297,34,1.3465346534653466,5,0.19801980198019803,38.063905056580786,2.1492201054260813,13,0.5148514851485149,0.6063829787234043,0.14893617021276595,0.5841584158415841,0.0
bayes-fix-seed42,large_circle,4,141,1544568565,success,64,16.0,0.24167442915008897,0,0.0,0,1.0384309498876074,13.634977280162275,15.045978315174578,14.545631126515415,23,1.4375,10,0.625,0,0.0,10.012892441974698,0.6883779985126991,3,0.1875,0.0,0.0,0.046875,0.8108278188018815
bayes-fix-seed42,large_circle,4,142,1544568566,success,84,21.0,0.18369210314593276,0,0.0,1,1.0746308663694701,13.959757806289764,15.24306982755661,16.423659731268415,49,2.3333333333333335,25,1.1904761904761905,0,0.0,22.744519263018063,1.3848630351075522,8,0.38095238095238093,0.19480519480519481,0.1038961038961039,0.15476190476190477,0.7152866921973143
bayes-fix-seed42,large_circle,4,143,1544568567,success,71,17.75,0.18606465448004117,0,0.0,2,1.1206171265185376,14.082269769319346,15.504725277423859,14.984070563007393,41,2.3098591549295775,27,1.5211267605633803,1,0.056338028169014086,14.144666749893819,0.943980254925795,2,0.11267605633802817,0.0,0.0,0.0,0.7812411597809361
bayes-fix-seed42,large_circle,4,144,1544568568,success,64,16.0,0.3054601360390039,0,0.0,0,0.8998811646974544,14.281905139796436,15.800772979855537,12.915289421837148,30,1.875,14,0.875,1,0.0625,12.449164344270445,0.9639090490083343,8,0.5,0.0,0.0,0.03125,0.9133359468195785
bayes-fix-seed42,large_circle,4,145,1544568569,success,73,18.25,0.19696004149376334,0,0.0,2,1.3251286871848715,13.810969634007101,14.867363125085827,15.253571943801324,39,2.136986301369863,20,1.095890410958904,1,0.0547945205479452,14.24838994587942,0.9341018614115243,2,0.1095890410958904,0.0,0.0,0.0136986301369863,0.7708517565607018
bayes-fix-seed42,large_circle,4,146,1544568570,success,67,16.75,0.31726056402158187,0,0.0,0,1.353150808011645,13.80522504671296,15.673351287841797,12.788702821895017,35,2.08955223880597,17,1.0149253731343284,0,0.0,10.958167458682912,0.8568630932546091,5,0.29850746268656714,0.0,0.0,0.014925373134328358,0.9234655091843035
bayes-fix-seed42,large_circle,4,147,1544568571,success,68,17.0,0.1644343419046037,0,0.0,1,0.8636323367306131,13.960665639709024,15.584899857640266,14.055014036721015,29,1.7058823529411764,9,0.5294117647058824,0,0.0,14.05049072421973,0.9996781709011838,3,0.17647058823529413,0.0,0.0,0.07352941176470588,0.8330179798859692
bayes-fix-seed42,large_circle,4,148,1544568572,success,71,17.75,0.17734841498074916,0,0.0,1,0.5574420414062287,14.189614743833811,16.104435548186302,13.406964525383492,37,2.084507042253521,17,0.9577464788732394,1,0.056338028169014086,16.690833105630475,1.2449375154256292,10,0.5633802816901409,0.0,0.0,0.0,0.8731043031109377
bayes-fix-seed42,large_circle,4,149,1544568573,success,70,17.5,0.24767296255380877,0,0.0,0,1.306268188124511,13.958741777709552,15.243358723819256,13.557413748495485,30,1.7142857142857142,8,0.45714285714285713,1,0.05714285714285714,14.545282174638608,1.0728655512378054,6,0.34285714285714286,0.031746031746031744,0.031746031746031744,0.04285714285714286,0.8736743920097826
bayes-fix-seed42,large_circle,4,150,1544568574,success,81,20.25,0.17049584720830768,0,0.0,3,1.5615463184911809,14.153228221852103,16.058512032032013,13.974845252272083,50,2.4691358024691357,20,0.9876543209876543,3,0.14814814814814814,28.315419693548332,2.0261705358737125,10,0.49382716049382713,0.05405405405405406,0.05405405405405406,0.06172839506172839,0.84155922807699
bayes-fix-seed42,large_circle,4,151,1544568575,timeout,101,25.25,0.20361254863926193,0,0.0,0,0.4217694832712487,14.282854513661697,15.498790889978409,21.58474750697408,52,2.0594059405940595,38,1.504950495049505,24,0.9504950495049505,78.33421578997329,3.629146728015388,22,0.8712871287128713,0.32978723404255317,0.24468085106382978,0.22772277227722773,0.5256684794422494
bayes-fix-seed42,large_circle,4,152,1544568576,success,63,15.75,0.18905405868729253,0,0.0,1,1.5379841492096211,14.207287795013851,15.905307605862617,13.704374876900173,30,1.9047619047619047,13,0.8253968253968254,1,0.06349206349206349,10.82956703945716,0.7902269995336502,5,0.31746031746031744,0.0,0.0,0.0,0.8580828260094918
bayes-fix-seed42,large_circle,4,153,1544568577,success,69,17.25,0.18974169251315287,0,0.0,1,1.0458931009354329,13.787880431914676,15.206441283226011,14.463038712085153,38,2.2028985507246377,23,1.3333333333333333,3,0.17391304347826086,21.799095296411938,1.5072278882996322,13,0.7536231884057971,0.016129032258064516,0.016129032258064516,0.057971014492753624,0.8219364204726712
bayes-fix-seed42,large_circle,4,154,1544568578,success,73,18.25,0.19811355589394342,0,0.0,1,1.9780573210702415,13.776362605699122,14.948833733797073,14.785767678924024,36,1.9726027397260273,18,0.9863013698630136,2,0.1095890410958904,18.905391189845005,1.2786208738280926,4,0.2191780821917808,0.15151515151515152,0.15151515151515152,0.136986301369863,0.8052732457936282
bayes-fix-seed42,large_circle,4,155,1544568579,success,71,17.75,0.18068712157558797,0,0.0,2,0.7414232951178208,13.805005909271642,15.218785032629967,16.06052648674287,42,2.3661971830985915,17,0.9577464788732394,1,0.056338028169014086,14.582740486196274,0.9079864535097009,4,0.22535211267605634,0.0625,0.0,0.11267605633802817,0.7320620476832842
bayes-fix-seed42,large_circle,4,156,1544568580,success,77,19.25,0.1421266563438791,0,0.0,2,1.1830432330055547,14.276853677901356,15.804083645343782,14.820683653799048,43,2.2337662337662336,24,1.2467532467532467,7,0.36363636363636365,30.68461018074158,2.070391008776175,6,0.3116883116883117,0.1,0.08571428571428572,0.12987012987012986,0.8019492125276759
bayes-fix-seed42,large_circle,4,157,1544568581,success,72,18.0,0.19497776183844273,0,0.0,1,1.0085231714000062,14.15040266389648,15.306026116013527,13.188901781894904,37,2.0555555555555554,21,1.1666666666666667,0,0.0,14.041287090024063,1.0646289829301234,9,0.5,0.0,0.0,0.013888888888888888,0.8916714436814344
bayes-fix-seed42,large_circle,4,158,1544568582,success,67,16.75,0.23593057574845444,0,0.0,0,0.585387535615753,13.993272307648587,15.564308688044548,14.250114153055728,42,2.5074626865671643,21,1.2537313432835822,1,0.05970149253731343,16.84288289733421,1.181947226276956,3,0.1791044776119403,0.016666666666666666,0.016666666666666666,0.05970149253731343,0.8338695152661713
bayes-fix-seed42,large_circle,4,159,1544568583,success,62,15.5,0.1899553136260349,0,0.0,1,1.0909350372299493,13.964358236520521,15.410328470170498,13.72185103164894,35,2.2580645161290325,17,1.096774193548387,1,0.06451612903225806,11.707458932557953,0.8531982241721714,6,0.3870967741935484,0.0,0.0,0.04838709677419355,0.864342151148319
bayes-fix-seed42,large_circle,4,160,1544568584,success,70,17.5,0.1886941656742882,0,0.0,2,1.3106168840769903,13.776226182069097,15.432588756084442,12.97032628757697,33,1.8857142857142857,18,1.0285714285714285,3,0.17142857142857143,15.910735264115942,1.2267027761171518,6,0.34285714285714286,0.0,0.0,0.02857142857142857,0.912919667849307
bayes-fix-seed42,large_circle,4,161,1544568585,success,66,16.5,0.18772159611809247,0,0.0,1,0.4738143849306982,13.95405281448003,15.390083193778992,14.515359849718013,33,2.0,19,1.1515151515151516,0,0.0,11.758590537949761,0.8100791616391234,4,0.24242424242424243,0.0,0.0,0.015151515151515152,0.808343567639001
bayes-fix-seed42,large_circle,4,162,1544568586,success,59,14.75,0.21428353966420177,0,0.0,0,0.8087326744161522,13.464376140954132,14.750199764966965,13.153511215369836,27,1.8305084745762712,16,1.0847457627118644,0,0.0,8.95023850739301,0.6804448151406663,5,0.3389830508474576,0.0,0.0,0.01694915254237288,0.8994291284994061
bayes-fix-seed42,large_circle,4,163,1544568587,success,67,16.75,0.30853366578012187,0,0.0,0,0.9797607205376994,13.856192689333389,15.168922394514084,13.264908018670928,31,1.8507462686567164,11,0.6567164179104478,0,0.0,10.02219957039448,0.7555423344276345,3,0.1791044776119403,0.0,0.0,0.014925373134328358,0.8857290865995455
bayes-fix-seed42,large_circle,4,164,1544568588,success,67,16.75,0.2341371646063939,0,0.0,0,1.0467821113684401,13.633057697495417,14.91478607058525,13.229544889946245,29,1.7313432835820894,18,1.0746268656716418,1,0.05970149253731343,13.572502595699255,1.0259236208506037,3,0.1791044776119403,0.0,0.0,0.05970149253731343,0.8891214304360174
bayes-fix-seed42,large_circle,4,165,1544568589,success,76,19.0,0.2272532887927492,0,0.0,0,0.9715332306343573,14.141383139710678,15.766819939017296,14.50118725372332,38,2.0,21,1.105263157894737,1,0.05263157894736842,14.773851959418522,1.0188029228865514,6,0.3157894736842105,0.2028985507246377,0.043478260869565216,0.14473684210526316,0.8155816232938129
bayes-fix-seed42,large_circle,4,166,1544568590,success,56,14.0,0.19781253064326842,0,0.0,1,0.6346985196372127,13.898647922490325,15.852868556976318,13.008159395489672,26,1.8571428571428572,15,1.0714285714285714,0,0.0,9.856388692890363,0.757708173249159,7,0.5,0.0,0.0,0.017857142857142856,0.9042630969904669
bayes-fix-seed42,large_circle,4,167,1544568591,success,56,14.0,0.2359942232486798,0,0.0,0,0.8874195600412911,13.802684510924987,15.092204324901104,13.313962061921483,15,1.0714285714285714,8,0.5714285714285714,0,0.0,6.872343351720468,0.516175674811007,1,0.07142857142857142,0.0,0.0,0.03571428571428571,0.8817881506709956
bayes-fix-seed42,large_circle,4,168,1544568592,success,70,17.5,0.19590316276950237,0,0.0,1,0.7186494732909433,13.85666775916304,14.99993409961462,13.350469707925514,35,2.0,22,1.2571428571428571,0,0.0,10.968410785062074,0.8215748977394159,5,0.2857142857142857,0.0,0.0,0.04285714285714286,0.8891366005787109
bayes-fix-seed42,large_circle,4,169,1544568593,success,63,15.75,0.19503118029300748,0,0.0,1,1.369619841594104,14.243611858950722,16.21996909379959,13.764388911539497,29,1.8412698412698412,16,1.0158730158730158,0,0.0,9.707516624477911,0.7052631749121481,4,0.25396825396825395,0.0,0.0,0.015873015873015872,0.8631908131476583
bayes-fix-seed42,large_circle,4,170,1544568594,success,57,14.25,0.12265164579849774,0,0.0,3,0.46496757626829444,13.596230366250925,15.113740414381027,13.474865840850343,25,1.7543859649122806,14,0.9824561403508771,1,0.07017543859649122,8.897683001284918,0.6603170010279985,3,0.21052631578947367,0.0,0.0,0.017543859649122806,0.8747450772774187
bayes-fix-seed42,large_circle,4,171,1544568595,success,55,13.75,0.3629468135344983,0,0.0,0,0.6777364988788784,13.55689750476317,14.890461415052414,13.35064905986766,17,1.2363636363636363,7,0.509090909090909,0,0.0,6.862474278857036,0.5140180262460634,5,0.36363636363636365,0.0,0.0,0.01818181818181818,0.8829379147466174
bayes-fix-seed42,large_circle,4,172,1544568596,success,68,17.0,0.2091373488034356,0,0.0,0,0.9809312856323191,13.999931075993706,15.589842200279236,14.30095857669169,38,2.235294117647059,13,0.7647058823529411,3,0.17647058823529413,19.127774606376754,1.3375169576081434,5,0.29411764705882354,0.06557377049180328,0.06557377049180328,0.11764705882352941,0.819759550804017
bayes-fix-seed42,large_circle,4,173,1544568597,success,60,15.0,0.21826600623510173,0,0.0,0,0.8633589218569899,13.521655648946762,14.813238382339478,13.875928331353176,32,2.1333333333333333,18,1.2,4,0.26666666666666666,19.392307171377517,1.3975502545339527,5,0.3333333333333333,0.0,0.0,0.05,0.843438502741652
bayes-fix-seed42,large_circle,4,174,1544568598,success,69,17.25,0.2081883075773867,0,0.0,0,1.201108051660148,13.963714349960934,15.145337581634521,13.550632535506942,39,2.260869565217391,23,1.3333333333333333,6,0.34782608695652173,28.020711905841427,2.0678526874976724,14,0.8115942028985508,0.016129032258064516,0.016129032258064516,0.043478260869565216,0.8670043112208603
bayes-fix-seed42,large_circle,4,175,1544568599,success,67,16.75,0.15053608167305588,0,0.0,3,0.8814573741122732,14.318619257033761,15.935296192765236,12.880360792285465,41,2.4477611940298507,25,1.492537313432836,0,0.0,16.62558464045105,1.2907701040803716,9,0.5373134328358209,0.0,0.0,0.0,0.9223153336162799
bayes-fix-seed42,large_circle,4,176,1544568600,success,77,19.25,0.17701126314678417,0,0.0,3,1.3380826858385408,13.775134144665358,14.995123445987701,14.962983661466357,43,2.2337662337662336,19,0.987012987012987,3,0.15584415584415584,23.386951004249667,1.5629871376841276,6,0.3116883116883117,0.14285714285714285,0.12857142857142856,0.1038961038961039,0.7889718381588093
bayes-fix-seed42,large_circle,4,177,1544568601,timeout,101,25.25,0.1342444607862885,0,0.0,23,0.6123597809104806,14.074771637373631,15.460807830095291,23.345111731979337,56,2.217821782178218,28,1.108910891089109,1,0.039603960396039604,25.103376105546356,1.0753161687017525,15,0.594059405940594,0.10638297872340426,0.0,0.0594059405940594,0.4722047428001621
bayes-fix-seed42,large_circle,4,178,1544568602,success,54,13.5,0.22310618736502252,0,0.0,0,0.627249417152808,13.724098257996419,15.237815864384174,13.251775982405825,19,1.4074074074074074,13,0.9629629629629629,0,0.0,6.764342350996557,0.5104479852343918,1,0.07407407407407407,0.0,0.0,0.018518518518518517,0.8883407016871042
bayes-fix-seed42,large_circle,4,179,1544568603,success,66,16.5,0.1533687968411429,0,0.0,2,0.6701741545615426,13.761239295656031,15.044995583593845,14.202895813639415,39,2.3636363636363638,26,1.5757575757575757,1,0.06060606060606061,16.90213513056147,1.1900485191428287,4,0.24242424242424243,0.0,0.0,0.030303030303030304,0.831352056767212
bayes-fix-seed42,large_circle,4,180,1544568604,success,69,17.25,0.24177691709313687,0,0.0,0,1.323433779696869,14.015594146389892,15.391875058412552,13.529037676823448,34,1.9710144927536233,20,1.1594202898550725,3,0.17391304347826086,18.676434847316354,1.3804703108566914,8,0.463768115942029,0.0,0.0,0.014492753623188406,0.8816745369767247
bayes-fix-seed42,large_circle,4,181,1544568605,success,69,17.25,0.20049782881071787,0,0.0,0,0.8785312053302664,13.801937895840492,15.208252519369125,14.153986428327048,31,1.7971014492753623,16,0.927536231884058,0,0.0,13.498896765050656,0.9537169498788461,5,0.2898550724637681,0.03225806451612903,0.03225806451612903,0.08695652173913043,0.8337141790304659
bayes-fix-seed42,large_circle,4,182,1544568606,success,56,14.0,0.23007982547534345,0,0.0,0,1.261907340133672,13.698239677718707,15.41164517402649,13.503019108320546,20,1.4285714285714286,10,0.7142857142857143,0,0.0,7.575096667845096,0.5609928125760653,1,0.07142857142857142,0.0,0.0,0.0,0.8692376161285544
bayes-fix-seed42,large_circle,4,183,1544568607,success,66,16.5,0.18001861752794568,0,0.0,2,1.7112385769652652,13.88344687945915,15.428279526531696,13.529767912935814,34,2.0606060606060606,16,0.9696969696969697,0,0.0,14.471654178959726,1.069615847964648,7,0.42424242424242425,0.0,0.0,0.015151515151515152,0.8680289672840433
bayes-fix-seed42,large_circle,4,184,1544568608,success,62,15.5,0.3294540876635337,0,0.0,0,0.6116918952866803,13.660779222846031,14.906854555010796,13.644059476650312,33,2.129032258064516,17,1.096774193548387,0,0.0,13.69481327687081,1.0037198460111785,1,0.06451612903225806,0.03636363636363636,0.0,0.0967741935483871,0.8614672776455009
bayes-fix-seed42,large_circle,4,185,1544568609,success,71,17.75,0.1690489539514909,0,0.0,2,0.5486024496604058,13.796204779769333,14.88996110856533,16.096517606349835,37,2.084507042253521,27,1.5211267605633803,1,0.056338028169014086,18.157144816100406,1.1280169574652399,10,0.5633802816901409,0.0,0.0,0.014084507042253521,0.730761773516085
bayes-fix-seed42,large_circle,4,186,1544568610,success,96,24.0,0.17929527823897817,0,0.0,4,0.4697650459523894,14.316256390884519,15.77492244541645,19.85381993164928,52,2.1666666666666665,25,1.0416666666666667,8,0.3333333333333333,37.01186795273807,1.8642189805366818,6,0.25,0.15730337078651685,0.15730337078651685,0.14583333333333334,0.5909771709110142
bayes-fix-seed42,large_circle,4,187,1544568611,success,73,18.25,0.2470042799369786,0,0.0,0,1.4730437738422821,14.03969776344626,15.404997020959852,15.290843148810197,35,1.917808219178082,16,0.8767123287671232,3,0.1643835616438356,20.55439571458231,1.34422906013405,4,0.2191780821917808,0.12121212121212122,0.07575757575757576,0.0958904109589041,0.7739251575396722
bayes-fix-seed42,large_circle,4,188,1544568612,success,61,15.25,0.3266426781730466,0,0.0,0,0.7016962443404375,13.920845066914794,15.184968709945679,13.244386457542564,27,1.7704918032786885,19,1.2459016393442623,2,0.13114754098360656,12.165762336401368,0.9185599027483128,3,0.19672131147540983,0.0,0.0,0.01639344262295082,0.8899340640740646
bayes-fix-seed42,large_circle,4,189,1544568613,success,69,17.25,0.4633503536235367,0,0.0,0,1.5451114847640532,13.748760672583096,15.652976930141449,13.138798078635942,38,2.2028985507246377,22,1.2753623188405796,4,0.2318840579710145,20.442224835615285,1.5558671891651126,6,0.34782608695652173,0.016129032258064516,0.016129032258064516,0.057971014492753624,0.8931181815095401
bayes-fix-seed42,large_circle,4,190,1544568614,success,63,15.75,0.2937493121100586,0,0.0,0,1.5825076773123579,13.903273831284235,15.133408084511757,12.529419576098386,24,1.5238095238095237,10,0.6349206349206349,0,0.0,7.0136833118201505,0.5597771923289829,6,0.38095238095238093,0.0,0.0,0.015873015873015872,0.9442357947781771
bayes-fix-seed42,large_circle,4,191,1544568615,success,73,18.25,0.19523053384687328,0,0.0,1,1.115037648374076,14.196885264899633,16.012705117464066,13.71602240017542,42,2.3013698630136985,22,1.2054794520547945,1,0.0547945205479452,18.794336938677837,1.370246882830803,8,0.4383561643835616,0.07575757575757576,0.07575757575757576,0.0684931506849315,0.86279419585625
bayes-fix-seed42,large_circle,4,192,1544568616,success,58,14.5,0.41169961237401653,0,0.0,0,1.8550940382938377,14.285753898579499,15.71851596236229,13.258362503868726,19,1.3103448275862069,8,0.5517241379310345,1,0.06896551724137931,8.135220358071896,0.613591637406058,3,0.20689655172413793,0.0,0.0,0.017241379310344827,0.8825071817699935
bayes-fix-seed42,large_circle,4,193,1544568617,success,64,16.0,0.19679793944980162,0,0.0,1,0.7445320495942815,14.060430636163801,15.721976198256016,13.763378748969147,29,1.8125,13,0.8125,3,0.1875,16.549825523108296,1.2024536870605156,7,0.4375,0.0,0.0,0.03125,0.8619582162013114
bayes-fix-seed42,large_circle,4,194,1544568618,success,62,15.5,0.26624051908232493,0,0.0,0,0.6629783400084405,14.085610787714682,15.176510438323021,12.328405094738072,28,1.8064516129032258,15,0.967741935483871,1,0.06451612903225806,11.535767693634222,0.9357064117367333,6,0.3870967741935484,0.0,0.0,0.016129032258064516,0.9549007407387159
bayes-fix-seed42,large_circle,4,195,1544568619,success,76,19.0,0.25810505502861125,0,0.0,0,1.0815046029041429,13.951328386993785,15.335439704358578,14.101908934725008,38,2.0,19,1.0,2,0.10526315789473684,18.81342853043126,1.3341050929710976,5,0.2631578947368421,0.18840579710144928,0.11594202898550725,0.14473684210526316,0.8357755229334762
bayes-fix-seed42,large_circle,4,196,1544568620,success,72,18.0,0.23323984895289518,0,0.0,0,1.0578112682551977,13.902512534211079,15.289884805679321,13.427870587279857,42,2.3333333333333335,17,0.9444444444444444,1,0.05555555555555555,20.25859639372102,1.508697619778364,12,0.6666666666666666,0.0,0.0,0.027777777777777776,0.8798044842728977
bayes-fix-seed42,large_circle,4,197,1544568621,success,69,17.25,0.22262391035733586,0,0.0,0,0.8098005385987648,13.726345276918964,15.16014114022255,13.674585057577348,34,1.9710144927536233,17,0.9855072463768116,0,0.0,9.950178469981779,0.727640248540353,2,0.11594202898550725,0.0,0.0,0.043478260869565216,0.8641018212215277
bayes-fix-seed42,large_circle,4,198,1544568622,success,70,17.5,0.19900918033252712,0,0.0,1,1.0595761400006871,13.800934223192078,14.91294912993908,13.472728624400554,35,2.0,16,0.9142857142857143,4,0.22857142857142856,21.330326621017086,1.583222464852857,9,0.5142857142857142,0.06349206349206349,0.06349206349206349,0.08571428571428572,0.8739604922931483
bayes-fix-seed42,large_circle,4,199,1544568623,success,67,16.75,0.35764239060164704,0,0.0,0,1.1913429616630518,13.780660148876816,15.193406865000723,13.639545772744773,35,2.08955223880597,12,0.7164179104477612,0,0.0,12.484483828164258,0.9153152191557128,4,0.23880597014925373,0.0,0.0,0.014925373134328358,0.8679062568009995
bayes-fix-seed42,large_circle,4,200,1544568624,success,67,16.75,0.17586054588551436,0,0.0,2,0.7981122563720726,13.966857552973192,15.622704848647118,14.446386985119034,37,2.208955223880597,20,1.1940298507462686,1,0.05970149253731343,18.93797691965419,1.3109144133520625,7,0.417910447761194,0.0,0.0,0.07462686567164178,0.8142876177836879
bayes-fix-seed42,large_circle,4,201,1544568625,success,66,16.5,0.29497780503166815,0,0.0,0,0.7739271724732406,13.80861686034636,15.1228541508317,13.934054392982484,36,2.1818181818181817,19,1.1515151515151516,0,0.0,13.737673890364956,0.9859064349055198,7,0.42424242424242425,0.0,0.0,0.030303030303030304,0.842936187941521
bayes-fix-seed42,large_circle,4,202,1544568626,success,67,16.75,0.19801317334220747,0,0.0,1,1.1200454493478034,14.010000918338548,15.600365400314331,14.241314800573882,34,2.029850746268657,15,0.8955223880597015,2,0.11940298507462686,20.0726143827278,1.4094635687653596,7,0.417910447761194,0.0,0.0,0.05970149253731343,0.833524215529091
bayes-fix-seed42,large_circle,4,203,1544568627,success,63,15.75,0.2034202050454208,0,0.0,0,1.14584846544952,14.230826840041177,16.071875765919685,12.606688707687168,35,2.2222222222222223,24,1.5238095238095237,0,0.0,11.876487690320447,0.9420782860354546,9,0.5714285714285714,0.0,0.0,0.0,0.9472440900188573
bayes-fix-seed42,large_circle,4,204,1544568628,success,72,18.0,0.2555841695762052,0,0.0,0,1.024872302395515,14.058660871038834,15.387242287397385,14.083172695202151,41,2.2777777777777777,21,1.1666666666666667,1,0.05555555555555555,15.27806633582216,1.084845486630089,7,0.3888888888888889,0.0,0.0,0.041666666666666664,0.8433782944591786
bayes-fix-seed42,large_circle,4,205,1544568629,success,72,18.0,0.19539336486467174,0,0.0,1,1.2842551966173101,14.242312301778131,15.788697451353073,14.723361160818769,40,2.2222222222222223,20,1.1111111111111112,0,0.0,22.21648022198974,1.5089272061811108,12,0.6666666666666666,0.09230769230769231,0.03076923076923077,0.05555555555555555,0.8005800700090174
bayes-fix-seed42,large_circle,4,206,1544568630,success,67,16.75,0.21805838992613846,0,0.0,0,1.3246437988667092,14.178197886516799,15.741606056690216,13.155532219349366,29,1.7313432835820894,13,0.7761194029850746,2,0.11940298507462686,13.975843151604646,1.0623548267434406,12,0.7164179104477612,0.0,0.0,0.014925373134328358,0.8955071202831233
bayes-fix-seed42,large_circle,4,207,1544568631,success,61,15.25,0.31561154496520516,0,0.0,0,2.5613666741113055,14.056826468373908,15.574604272842407,14.632298572417929,17,1.1147540983606556,7,0.45901639344262296,2,0.13114754098360656,12.713623615202227,0.86887398806689,4,0.26229508196721313,0.0,0.0,0.04918032786885246,0.8090657777765181
bayes-fix-seed42,large_circle,4,208,1544568632,success,58,14.5,0.17275622717053374,0,0.0,1,2.325611692641439,14.176952813206048,15.576029755175114,12.633470861540038,12,0.8275862068965517,6,0.41379310344827586,1,0.06896551724137931,5.04308515081228,0.39918445264039815,1,0.06896551724137931,0.0,0.0,0.0,0.931691102925397
bayes-fix-seed42,large_circle,4,209,1544568633,success,68,17.0,0.19592784329027457,0,0.0,1,1.4227177729274616,13.836806859163676,15.363298915326595,14.002655730961628,38,2.235294117647059,16,0.9411764705882353,0,0.0,13.714491929684948,0.9794207751148581,4,0.23529411764705882,0.0,0.0,0.014705882352941176,0.839613290689875
bayes-fix-seed42,large_circle,4,210,1544568634,success,70,17.5,0.20637561563382412,0,0.0,0,0.84433098338608,14.114693445818764,15.264029800891876,15.04982896213978,33,1.8857142857142857,15,0.8571428571428571,1,0.05714285714285714,10.6561516429623,0.7080579898794552,2,0.11428571428571428,0.0,0.0,0.014285714285714285,0.7793489010986593
bayes-fix-seed42,large_circle,4,211,1544568635,success,70,17.5,0.24071093092196993,0,0.0,0,1.1976249084454675,14.03423584997654,15.341519936919212,14.83499299465608,37,2.1142857142857143,19,1.0857142857142856,5,0.2857142857142857,25.297996051741944,1.70529207940003,17,0.9714285714285714,0.1111111111111111,0.06349206349206349,0.1,0.7921371929463852
bayes-fix-seed42,large_circle,4,212,1544568636,success,65,16.25,0.3302198691427426,0,0.0,0,0.7705293117910186,13.977418324122063,15.387744456529617,14.145567871598502,32,1.9692307692307693,17,1.0461538461538462,2,0.12307692307692308,15.660543400596712,1.10709895443929,5,0.3076923076923077,0.017241379310344827,0.017241379310344827,0.06153846153846154,0.8314168730685384
bayes-fix-seed42,large_circle,4,213,1544568637,success,77,19.25,0.1720532430345969,0,0.0,1,0.4614673337882712,13.971904558794838,15.240038186311722,16.70458200458395,44,2.2857142857142856,21,1.0909090909090908,1,0.05194805194805195,18.18178187339876,1.0884308190656578,14,0.7272727272727273,0.0,0.0,0.012987012987012988,0.7051738677418873
bayes-fix-seed42,large_circle,4,214,1544568638,success,73,18.25,0.22551026002425967,0,0.0,0,1.1907007297071384,13.894898536270611,15.189824253320694,14.757974874411502,42,2.3013698630136985,21,1.1506849315068493,2,0.1095890410958904,19.198687119345706,1.3009025481290017,7,0.3835616438356164,0.0,0.0,0.0410958904109589,0.7964814983731852
bayes-fix-seed42,large_circle,4,215,1544568639,success,65,16.25,0.22860077804320278,0,0.0,0,0.8505831581074488,13.825659740429659,15.23187831044197,14.42565249125457,20,1.2307692307692308,3,0.18461538461538463,1,0.06153846153846154,9.084914991356579,0.6297749787653786,1,0.06153846153846154,0.034482758620689655,0.0,0.1076923076923077,0.8259259726942288
bayes-fix-seed42,large_circle,4,216,1544568640,success,64,16.0,0.336245398309051,0,0.0,0,1.083554326868816,14.39584861509502,16.011196188628674,12.842380693578184,40,2.5,24,1.5,0,0.0,15.882788018140735,1.2367479517316367,8,0.5,0.0,0.0,0.015625,0.9175405174851119
bayes-fix-seed42,large_circle,4,217,1544568641,success,61,15.25,0.15714540361829055,0,0.0,1,1.29269126523783,13.916051412214998,15.361826866865158,13.803383894004256,24,1.5737704918032787,13,0.8524590163934426,4,0.26229508196721313,17.774939306755307,1.2877233179377245,4,0.26229508196721313,0.0,0.0,0.04918032786885246,0.8544265953699686
bayes-fix-seed42,large_circle,4,218,1544568642,success,71,17.75,0.21014009537892397,0,0.0,0,0.6521646659189653,14.088204104295919,15.114760026335716,15.47827147840896,41,2.3098591549295775,27,1.5211267605633803,2,0.11267605633802817,21.826485765307435,1.4101371587747225,8,0.4507042253521127,0.0,0.0,0.04225352112676056,0.7600996838661791
bayes-fix-seed42,large_circle,4,219,1544568643,success,65,16.25,0.13765188291112906,0,0.0,2,0.583220339207593,13.828728634577532,15.177073329687119,13.349552480823377,26,1.6,11,0.676923076923077,2,0.12307692307692308,14.796912117578739,1.1084200866534284,6,0.36923076923076925,0.0,0.0,0.06153846153846154,0.8801059037946178
bayes-fix-seed42,large_circle,4,220,1544568644,success,78,19.5,0.2141704840681522,0,0.0,0,0.9429050246445143,14.346465516166809,15.735042095184326,16.158412738756248,44,2.2564102564102564,26,1.3333333333333333,3,0.15384615384615385,23.177588995449852,1.4343976336152116,4,0.20512820512820512,0.18309859154929578,0.028169014084507043,0.16666666666666666,0.7327337048099708
bayes-fix-seed42,large_circle,4,221,1544568645,success,71,17.75,0.23029684168349907,0,0.0,0,1.2038666312401478,13.784557108727979,15.278659760951996,13.73474311307817,33,1.8591549295774648,13,0.7323943661971831,5,0.28169014084507044,20.328108120239975,1.4800501147257443,6,0.3380281690140845,0.09375,0.09375,0.08450704225352113,0.8592053733453218
bayes-fix-seed42,large_circle,4,222,1544568646,success,66,16.5,0.20779716145682936,0,0.0,0,0.6686031762734583,13.812295979622638,15.364814549684525,13.519969957825277,32,1.9393939393939394,19,1.1515151515151516,3,0.18181818181818182,16.804867949790122,1.2429663676925233,7,0.42424242424242425,0.0,0.0,0.045454545454545456,0.8787437900347226
bayes-fix-seed42,large_circle,4,223,1544568647,success,58,14.5,0.149452779311549,0,0.0,1,0.6128284356495185,14.140044820719751,15.326335094869137,13.517409779303772,26,1.793103448275862,15,1.0344827586206897,0,0.0,9.325055766810246,0.6898552251547221,2,0.13793103448275862,0.0,0.0,0.0,0.8729070901669849
bayes-fix-seed42,large_circle,4,224,1544568648,success,68,17.0,0.15740758648906306,0,0.0,2,0.8190972975066623,13.99788391940734,15.564016811549664,13.6039716678777,38,2.235294117647059,11,0.6470588235294118,3,0.17647058823529413,18.523001924935734,1.3615878051755332,7,0.4117647058823529,0.0,0.0,0.014705882352941176,0.8601765454330985
bayes-fix-seed42,large_circle,4,225,1544568649,success,71,17.75,0.2968137923585591,0,0.0,0,1.2411480017803977,13.877891686180947,15.06023108959198,14.148110652194248,36,2.028169014084507,15,0.8450704225352113,1,0.056338028169014086,13.357792715193806,0.9441396836348697,4,0.22535211267605634,0.0,0.0,0.04225352112676056,0.8349540273736417
bayes-fix-seed42,large_circle,4,226,1544568650,success,70,17.5,0.21892818425145744,0,0.0,0,1.5406610926224593,13.799121763025012,15.024922601878643,14.349847299211365,35,2.0,16,0.9142857142857143,1,0.05714285714285714,16.395072985309422,1.1425259546985185,7,0.4,0.09523809523809523,0.047619047619047616,0.08571428571428572,0.8184360204616745
bayes-fix-seed42,large_circle,4,227,1544568651,success,67,16.75,0.14072773815407935,0,0.0,5,0.6635631611958536,14.336836037795935,15.763473510742188,14.931143083127676,37,2.208955223880597,16,0.9552238805970149,3,0.1791044776119403,18.361590623472242,1.2297511664877823,6,0.3582089552238806,0.0,0.0,0.07462686567164178,0.7875794289336773
bayes-fix-seed42,large_circle,4,228,1544568652,success,73,18.25,0.2831208379776279,0,0.0,0,1.9247705280418244,14.973182129125073,16.376037895679474,13.453026051548989,35,1.917808219178082,14,0.7671232876712328,2,0.1095890410958904,17.2608986585059,1.2830495230118486,4,0.2191780821917808,0.10606060606060606,0.10606060606060606,0.0684931506849315,0.8709486086739223
bayes-fix-seed42,large_circle,4,229,1544568653,success,73,18.25,0.20905853986745315,0,0.0,0,1.6322778298808516,14.119025830128422,15.282427519559858,14.26972606566107,36,1.9726027397260273,18,0.9863013698630136,3,0.1643835616438356,20.57735157427305,1.4420284930199723,10,0.547945205479452,0.12121212121212122,0.10606060606060606,0.1095890410958904,0.8296952103584864
bayes-fix-seed42,large_circle,4,230,1544568654,success,70,17.5,0.17779036551036143,0,0.0,6,0.7522607774524277,14.376731057252202,16.385667584836483,13.84006959916219,40,2.2857142857142856,20,1.1428571428571428,3,0.17142857142857143,20.73738222992374,1.498358233052461,6,0.34285714285714286,0.0,0.0,0.05714285714285714,0.846734523424183
bayes-fix-seed42,large_circle,4,231,1544568655,success,72,18.0,0.4251019782431985,0,0.0,0,1.0689010623119364,14.165316139244371,15.43880533427,13.914438257106292,32,1.7777777777777777,16,0.8888888888888888,2,0.1111111111111111,18.764404591208457,1.3485563875800175,6,0.3333333333333333,0.03076923076923077,0.015384615384615385,0.05555555555555555,0.8478302868611319
bayes-fix-seed42,large_circle,4,232,1544568656,success,70,17.5,0.2040427837576304,0,0.0,0,1.1734098283169034,14.512451525245394,16.826233826577663,15.11964337813171,36,2.057142857142857,22,1.2571428571428571,2,0.11428571428571428,15.562627079771355,1.0292985549037719,4,0.22857142857142856,0.12698412698412698,0.12698412698412698,0.12857142857142856,0.7869187384888825
bayes-fix-seed42,large_circle,4,233,1544568657,success,67,16.75,0.26628566008922316,0,0.0,0,1.2606747102607487,14.09422217020348,15.46809896826744,13.186290936764218,36,2.1492537313432836,10,0.5970149253731343,2,0.11940298507462686,15.42682463958077,1.1699138683926502,6,0.3582089552238806,0.0,0.0,0.04477611940298507,0.8961058568115681
bayes-fix-seed42,large_circle,4,234,1544568658,success,65,16.25,0.14909192096761714,0,0.0,4,1.305629233419226,14.16483951302675,15.242942422628403,14.316714034604567,33,2.0307692307692307,12,0.7384615384615385,0,0.0,12.492689876892378,0.8725947760566156,8,0.49230769230769234,0.0,0.0,0.03076923076923077,0.8253602778896075
bayes-fix-seed42,large_circle,4,235,1544568659,success,68,17.0,0.30391227063442916,0,0.0,0,0.80652995984368,14.108411639052278,15.41789025068283,13.920517158793468,32,1.8823529411764706,12,0.7058823529411765,1,0.058823529411764705,13.901716727901064,0.9986494445085665,5,0.29411764705882354,0.0,0.0,0.04411764705882353,0.8551181886647994
bayes-fix-seed42,large_circle,4,236,1544568660,success,65,16.25,0.23853737010444176,0,0.0,0,1.2714903894538108,13.944671474970304,15.278826653957367,13.969769814380534,29,1.7846153846153847,10,0.6153846153846154,2,0.12307692307692308,18.009642902235267,1.28918680418743,4,0.24615384615384617,0.0,0.0,0.046153846153846156,0.8415528805700907
bayes-fix-seed42,large_circle,4,237,1544568661,success,77,19.25,0.2363204652736438,0,0.0,0,0.9904319737210925,13.653163640917121,14.608073979616165,13.253623525105919,47,2.4415584415584415,24,1.2467532467532467,1,0.05194805194805195,18.115996733791896,1.3668712333253874,6,0.3116883116883117,0.0,0.0,0.012987012987012988,0.8904251399110376
bayes-fix-seed42,large_circle,4,238,1544568662,success,58,14.5,0.42889366589108324,0,0.0,0,0.9415167674866158,14.064099382737588,15.547255240380764,13.885158111516231,17,1.1724137931034482,7,0.4827586206896552,0,0.0,7.321763457020848,0.5273086124203541,1,0.06896551724137931,0.0,0.0,0.06896551724137931,0.8483544754598725
bayes-fix-seed42,large_circle,4,239,1544568663,success,65,16.25,0.2969694591785791,0,0.0,0,1.0415664805691043,14.005803431455906,15.38766697049141,13.358891627537162,29,1.7846153846153847,14,0.8615384615384616,0,0.0,13.088918034562893,0.9797907191328835,8,0.49230769230769234,0.0,0.0,0.015384615384615385,0.8860985952037584
bayes-fix-seed42,large_circle,4,240,1544568664,success,63,15.75,0.21898263257205808,0,0.0,0,1.009135523103136,14.62507720977541,16.187023743987083,13.931828928866624,33,2.0952380952380953,21,1.3333333333333333,2,0.12698412698412698,17.40927410655811,1.2496043552821878,1,0.06349206349206349,0.0,0.0,0.031746031746031744,0.8440816474888277
bayes-fix-seed42,large_circle,4,241,1544568665,success,57,14.25,0.3082370632535444,0,0.0,0,1.0537562881519174,13.906254318722507,15.08433222770691,13.418683741387632,20,1.4035087719298245,9,0.631578947368421,3,0.21052631578947367,13.235023743959898,0.9863131137921325,2,0.14035087719298245,0.0,0.0,0.03508771929824561,0.8761548258662705
bayes-fix-seed42,large_circle,4,242,1544568666,success,70,17.5,0.22867196855301786,0,0.0,0,1.042869538304107,14.24879836184638,15.763602778315544,13.982784275524686,36,2.057142857142857,17,0.9714285714285714,0,0.0,15.812047458034254,1.1308225276500539,5,0.2857142857142857,0.0,0.0,0.014285714285714285,0.8411359813305738
bayes-fix-seed42,large_circle,4,243,1544568667,success,65,16.25,0.24030717913320943,0,0.0,0,0.9541189100900453,13.982818447626554,15.282732248306274,12.721756656290049,36,2.2153846153846155,22,1.353846153846154,1,0.06153846153846154,16.064174547887685,1.2627324183209427,6,0.36923076923076925,0.0,0.0,0.015384615384615385,0.9255800282535596
bayes-fix-seed42,large_circle,4,244,1544568668,success,74,18.5,0.1863478789527625,0,0.0,1,2.1675251098730732,14.010582169568217,15.295279026031494,14.219190484434547,38,2.054054054054054,16,0.8648648648648649,3,0.16216216216216217,22.17629288368782,1.55960305250596,8,0.43243243243243246,0.1044776119402985,0.1044776119402985,0.10810810810810811,0.8309892718145194
bayes-fix-seed42,large_circle,4,245,1544568669,success,84,21.0,0.45997784167790756,0,0.0,0,1.8354436682122452,14.094707644766284,15.908980555832386,15.760356264098364,34,1.619047619047619,9,0.42857142857142855,6,0.2857142857142857,21.711525479983344,1.377603723936214,5,0.23809523809523808,0.24675324675324675,0.11688311688311688,0.21428571428571427,0.7479145201025589
bayes-fix-seed42,large_circle,4,246,1544568670,success,69,17.25,0.21688255903593656,0,0.0,0,0.8995069750729315,13.910290717646696,15.40900245308876,13.863663993478255,36,2.0869565217391304,13,0.7536231884057971,3,0.17391304347826086,19.170655884076815,1.3827986521524955,6,0.34782608695652173,0.0,0.0,0.07246376811594203,0.8566629468347644
bayes-fix-seed42,large_circle,4,247,1544568671,success,68,17.0,0.21612897719184043,0,0.0,0,0.9997574360183881,14.087404836626614,15.405628085136414,13.752058377672258,38,2.235294117647059,12,0.7058823529411765,0,0.0,13.414250647149055,0.9754358423120378,4,0.23529411764705882,0.0,0.0,0.014705882352941176,0.8603102142527458
bayes-fix-seed42,large_circle,4,248,1544568672,success,63,15.75,0.20733345896414024,0,0.0,0,0.8331129468051623,14.46728225028704,16.62854067981243,13.35253871804501,35,2.2222222222222223,18,1.1428571428571428,0,0.0,16.32782577472754,1.2228255704408961,5,0.31746031746031744,0.0,0.0,0.015873015873015872,0.8805794681581013
bayes-fix-seed42,large_circle,4,249,1544568673,success,64,16.0,0.20857986299517406,0,0.0,0,1.2657831856065633,13.974107161629945,15.591424144804478,14.057591612251462,32,2.0,13,0.8125,0,0.0,14.729734611565036,1.0478135243826394,5,0.3125,0.0,0.0,0.015625,0.8376913472846956
bayes-fix-seed42,large_circle,4,250,1544568674,success,66,16.5,0.16584007779423326,0,0.0,1,1.6780635240027386,14.013985623464439,15.497507527470589,13.756127950953394,33,2.0,21,1.2727272727272727,2,0.12121212121212122,19.3331198542053,1.405418728521305,12,0.7272727272727273,0.0,0.0,0.015151515151515152,0.8565851054113558
bayes-fix-seed42,large_circle,4,251,1544568675,success,71,17.75,0.3633689121533914,0,0.0,0,1.8265274686634971,13.9306714941918,15.470126643776894,12.988611658311113,44,2.4788732394366195,28,1.5774647887323943,2,0.11267605633802817,20.20232337304258,1.5553874351240289,8,0.4507042253521127,0.03125,0.03125,0.014084507042253521,0.9125875230760515
bayes-fix-seed42,large_circle,4,252,1544568676,success,63,15.75,0.21543303846846007,0,0.0,0,0.8294205312728633,13.844058035858094,15.180611610412598,13.184638705963938,29,1.8412698412698412,15,0.9523809523809523,1,0.06349206349206349,11.968131997299572,0.9077330266081474,5,0.31746031746031744,0.0,0.0,0.015873015873015872,0.9015308739491641
bayes-fix-seed42,large_circle,4,253,1544568677,success,59,14.75,0.21554687539320594,0,0.0,0,0.7154097637929484,13.866801193710101,15.121830999851227,13.020912866956548,33,2.23728813559322,19,1.2881355932203389,1,0.06779661016949153,10.463153134361974,0.8035652523959779,4,0.2711864406779661,0.0,0.0,0.03389830508474576,0.9081338855473154
bayes-fix-seed42,large_circle,4,254,1544568678,success,65,16.25,0.2634587502616066,0,0.0,0,0.8770515706661745,13.929330328336128,15.27390107512474,12.608582512687404,43,2.646153846153846,26,1.6,0,0.0,13.57308980175242,1.0764960920939748,10,0.6153846153846154,0.0,0.0,0.015384615384615385,0.9294980621916549
bayes-fix-seed42,large_circle,4,255,1544568679,timeout,101,25.25,0.05632236299978355,0,0.0,10,2.194965434571325,14.27598190632197,15.44119045138359,23.34600455668252,50,1.9801980198019802,25,0.9900990099009901,0,0.0,20.868943174114964,0.8938978454941436,7,0.27722772277227725,0.3829787234042553,0.10638297872340426,0.31683168316831684,0.3050431194673417
bayes-fix-seed42,large_circle,4,256,1544568680,success,65,16.25,0.1975930437436375,0,0.0,2,1.080937844620909,13.840687962678762,15.116270631551743,12.866992799886372,31,1.9076923076923078,16,0.9846153846153847,0,0.0,13.484873938982254,1.0480206330030228,9,0.5538461538461539,0.017241379310344827,0.017241379310344827,0.015384615384615385,0.9106604192150306
bayes-fix-seed42,large_circle,4,257,1544568681,success,63,15.75,0.3535026024919241,0,0.0,0,1.1501116353162886,14.241351317318658,16.140485182404518,13.285894062848271,36,2.2857142857142856,22,1.3968253968253967,1,0.06349206349206349,16.897329009862112,1.2718247586447795,7,0.4444444444444444,0.0,0.0,0.015873015873015872,0.8845156727657565
bayes-fix-seed42,large_circle,4,258,1544568682,success,71,17.75,0.1838242124791477,0,0.0,3,1.0038748498224361,14.097544456451711,15.620941296219826,13.05816702049317,41,2.3098591549295775,16,0.9014084507042254,4,0.22535211267605634,22.256034843090223,1.7043766409299361,10,0.5633802816901409,0.0,0.0,0.014084507042253521,0.9035269921464597
bayes-fix-seed42,large_circle,4,259,1544568683,success,78,19.5,0.31527560710082514,0,0.0,0,1.8897448901690512,14.40175646581711,15.610613673925398,15.607011983232693,36,1.8461538461538463,14,0.717948717948718,2,0.10256410256410256,16.556831955386365,1.0608585405825346,5,0.2564102564102564,0.15492957746478872,0.09859154929577464,0.19230769230769232,0.7560794936612664
bayes-fix-seed42,large_circle,4,260,1544568684,success,67,16.75,0.26757088546135277,0,0.0,0,0.8101219621648036,14.08998178901957,15.642288327217102,13.574761418903,34,2.029850746268657,13,0.7761194029850746,2,0.11940298507462686,18.159778802135907,1.337760439520375,7,0.417910447761194,0.05,0.0,0.07462686567164178,0.8648307518004332
bayes-fix-seed42,large_circle,4,261,1544568685,success,63,15.75,0.18873794971792124,0,0.0,2,0.9127671797124356,13.799778762317839,15.097067132592201,14.019271218838542,40,2.5396825396825395,17,1.0793650793650793,0,0.0,11.645930313608673,0.830708681772226,4,0.25396825396825395,0.0,0.0,0.015873015873015872,0.8371044170142118
bayes-fix-seed42,large_circle,4,262,1544568686,success,70,17.5,0.17985113330273106,0,0.0,1,0.6742519871152901,13.950024332318987,15.293722413480282,15.26022529494871,40,2.2857142857142856,17,0.9714285714285714,1,0.05714285714285714,17.69573107398267,1.1595982845574462,4,0.22857142857142856,0.0,0.0,0.05714285714285714,0.7736735657588591
bayes-fix-seed42,large_circle,4,263,1544568687,success,64,16.0,0.17586691908270602,0,0.0,1,1.0241996582243384,13.902811740990728,15.329627133905888,13.543153998268018,32,2.0,18,1.125,3,0.1875,17.496508511453957,1.291907964252014,8,0.5,0.0,0.0,0.03125,0.8802410471665484
bayes-fix-seed42,large_circle,4,264,1544568688,success,69,17.25,0.16429407332577206,0,0.0,2,1.099017284499104,14.428038797948672,15.467358380556107,13.423282193247326,37,2.1449275362318843,12,0.6956521739130435,2,0.11594202898550725,15.159646856676929,1.1293547016617957,6,0.34782608695652173,0.0,0.0,0.043478260869565216,0.8850660459485195
bayes-fix-seed42,large_circle,4,265,1544568689,success,68,17.0,0.22461227079266255,0,0.0,0,0.5816005473879464,15.698138131376576,15.31418301165104,13.296406566096184,45,2.6470588235294117,22,1.2941176470588236,1,0.058823529411764705,17.554628039430717,1.320253555136645,10,0.5882352941176471,0.0,0.0,0.014705882352941176,0.8923690507811365
bayes-fix-seed42,large_circle,4,266,1544568690,success,77,19.25,0.24017276493465178,0,0.0,0,1.1245599366023875,13.965836786604546,15.64042717218399,15.155113987844066,42,2.1818181818181817,17,0.8831168831168831,7,0.36363636363636365,28.984858993536896,1.912546419432126,9,0.4675324675324675,0.1,0.04285714285714286,0.07792207792207792,0.7847797529812273
bayes-fix-seed42,large_circle,4,267,1544568691,success,64,16.0,0.19484513549667815,0,0.0,1,0.5483772974328306,14.102951157838106,15.616894140839577,13.614318085997192,35,2.1875,18,1.125,1,0.0625,16.073026685401622,1.1805972641357116,11,0.6875,0.0,0.0,0.03125,0.8625287313755763
bayes-fix-seed42,large_circle,4,268,1544568692,success,89,22.25,0.20105504520132333,0,0.0,0,0.5288108460542559,13.954042132650867,15.203426033258438,18.048418192326192,59,2.651685393258427,31,1.3932584269662922,6,0.2696629213483146,31.43891595534383,1.7419208498122565,6,0.2696629213483146,0.06097560975609756,0.024390243902439025,0.11235955056179775,0.6523892915804054
bayes-fix-seed42,large_circle,4,269,1544568693,success,60,15.0,0.1877625924699572,0,0.0,1,1.2642264435098993,14.128990719715754,15.371241420507431,13.926528619782141,29,1.9333333333333333,18,1.2,0,0.0,9.500954188111393,0.6822198444065684,1,0.06666666666666667,0.0,0.0,0.05,0.8530124815180472
bayes-fix-seed42,large_circle,4,270,1544568694,success,67,16.75,0.16651157044638532,0,0.0,2,1.35835106035953,13.822102391008121,15.053806826472282,14.400586167737394,36,2.1492537313432836,22,1.3134328358208955,1,0.05970149253731343,14.027817166517343,0.9741143175091587,3,0.1791044776119403,0.0,0.0,0.014925373134328358,0.8157487775778041
bayes-fix-seed42,large_circle,4,271,1544568695,success,73,18.25,0.2596140592071513,0,0.0,0,1.7297126734341064,13.960549276169033,15.2103990316391,13.943195737555858,35,1.917808219178082,16,0.8767123287671232,1,0.0547945205479452,13.481607255661881,0.9668950726517672,4,0.2191780821917808,0.06060606060606061,0.06060606060606061,0.0136986301369863,0.8481521678569991
bayes-fix-seed42,large_circle,4,272,1544568696,success,70,17.5,0.2221936513122088,0,0.0,0,1.1034834524096873,14.413092072520937,15.949681960046291,12.706865802935674,42,2.4,22,1.2571428571428571,0,0.0,15.709733275488688,1.2363185004959492,10,0.5714285714285714,0.0,0.0,0.014285714285714285,0.9253056283207521
bayes-fix-seed42,large_circle,4,273,1544568697,success,69,17.25,0.19582155204073914,0,0.0,2,0.4167877274867077,14.023726833039436,15.174867957830429,13.660348342152393,44,2.550724637681159,26,1.5072463768115942,0,0.0,17.755974837588433,1.2998185985344144,7,0.4057971014492754,0.0,0.0,0.043478260869565216,0.869627624931997
bayes-fix-seed42,large_circle,4,274,1544568698,success,66,16.5,0.24496256660602567,0,0.0,0,1.5158101891339344,13.903936596982406,15.166696161031723,13.438470326033633,31,1.878787878787879,18,1.0909090909090908,0,0.0,10.51962944407559,0.7827996184726823,4,0.24242424242424243,0.0,0.0,0.015151515151515152,0.8720485268416491
bayes-fix-seed42,large_circle,4,275,1544568699,success,69,17.25,0.21260587986961754,0,0.0,0,0.3662689145925226,13.854599895252697,15.364976972341537,15.909503132618225,26,1.5072463768115942,14,0.8115942028985508,0,0.0,9.338322534781895,0.5869650646497021,3,0.17391304347826086,0.04838709677419355,0.0,0.10144927536231885,0.739506746600812
bayes-fix-seed42,large_circle,4,276,1544568700,success,67,16.75,0.22714811398388834,0,0.0,0,0.8985874476246641,14.371404618914447,16.08455590903759,13.685191566339366,36,2.1492537313432836,19,1.1343283582089552,0,0.0,17.042715409876344,1.245339922883891,7,0.417910447761194,0.0,0.0,0.014925373134328358,0.8716784049905996
bayes-fix-seed42,large_circle,4,277,1544568701,success,68,17.0,0.3099057223515067,0,0.0,0,1.449292840178141,14.003728187697774,15.50599317997694,13.06650514421925,32,1.8823529411764706,18,1.0588235294117647,2,0.11764705882352941,12.90434502201844,0.9875896331566095,7,0.4117647058823529,0.0,0.0,0.029411764705882353,0.8989075431410276
bayes-fix-seed42,large_circle,4,278,1544568702,success,62,15.5,0.18381728227659977,0,0.0,2,0.7227689332360315,13.973530862600573,15.346276387572289,13.501441411743874,28,1.8064516129032258,15,0.967741935483871,2,0.12903225806451613,10.625461664128593,0.786987206779738,3,0.1935483870967742,0.0,0.0,0.016129032258064516,0.8794527270822787
bayes-fix-seed42,large_circle,4,279,1544568703,success,63,15.75,0.3987381360504926,0,0.0,0,1.0790483076393926,13.677500602271822,14.707604050636292,12.881840511566896,27,1.7142857142857142,12,0.7619047619047619,0,0.0,8.638798014506987,0.670618302310917,3,0.19047619047619047,0.0,0.0,0.0,0.9103922502111416
bayes-fix-seed42,large_circle,4,280,1544568704,success,72,18.0,0.32258788933089777,0,0.0,0,1.6211597302944565,13.836871832609177,14.870823360979557,14.426551752863954,33,1.8333333333333333,16,0.8888888888888888,5,0.2777777777777778,22.37662425262655,1.5510722614767836,9,0.5,0.0,0.0,0.06944444444444445,0.8209420060207648
bayes-fix-seed42,large_circle,4,281,1544568705,success,87,21.75,0.12031781665375141,0,0.0,6,1.3988902411512047,14.075211581142469,14.98648189008236,16.294250167898475,51,2.3448275862068964,26,1.1954022988505748,9,0.41379310344827586,39.243090228589054,2.4084011123078497,14,0.6436781609195402,0.225,0.2,0.19540229885057472,0.7213171618891412
bayes-fix-seed42,large_circle,4,282,1544568706,success,78,19.5,0.18853855685845855,0,0.0,1,1.0442124942746402,14.346737414598465,15.63599482178688,15.262875423199874,41,2.1025641025641026,22,1.1282051282051282,0,0.0,20.917669342368203,1.3704933547824762,7,0.358974358974359,0.09859154929577464,0.08450704225352113,0.08974358974358974,0.769175950020719
bayes-fix-seed42,large_circle,4,283,1544568707,success,77,19.25,0.2600695490324245,0,0.0,0,1.2963568354586807,14.119721465296559,15.470072627067566,14.444377188157778,48,2.4935064935064934,27,1.4025974025974026,2,0.1038961038961039,19.47354377124621,1.348174692309447,5,0.2597402597402597,0.014285714285714285,0.014285714285714285,0.07792207792207792,0.8147090422769224
bayes-fix-seed42,large_circle,4,284,1544568708,success,73,18.25,0.17306153977673433,0,0.0,2,1.302242691671801,14.570110617843392,16.035358607769012,13.970179270560923,39,2.136986301369863,18,0.9863013698630136,4,0.2191780821917808,21.038417149927803,1.5059518380169705,4,0.2191780821917808,0.06060606060606061,0.045454545454545456,0.0684931506849315,0.8440602998904354
bayes-fix-seed42,large_circle,4,285,1544568709,success,70,17.5,0.19825965680911872,0,0.0,2,1.697189700438713,15.18754017140184,16.341699846088886,14.622747589972528,33,1.8857142857142857,13,0.7428571428571429,4,0.22857142857142856,18.574276484110463,1.2702316284832595,7,0.4,0.047619047619047616,0.047619047619047616,0.014285714285714285,0.8068820217634977
bayes-fix-seed42,large_circle,4,286,1544568710,success,63,15.75,0.21200863129276548,0,0.0,0,1.329619300733804,13.786556051364022,15.091326460242271,13.875016834709102,36,2.2857142857142856,22,1.3968253968253967,0,0.0,11.962272504720286,0.8621447200551149,4,0.25396825396825395,0.0,0.0,0.0,0.8563031385845387
bayes-fix-seed42,large_circle,4,287,1544568711,success,75,18.75,0.1551729308411406,0,0.0,3,1.0118224811246082,13.991297433773676,15.559204667806625,14.96785313298123,41,2.1866666666666665,13,0.6933333333333334,5,0.26666666666666666,24.78854635425605,1.6561190261571452,6,0.32,0.0,0.0,0.05333333333333334,0.7866629516790015
bayes-fix-seed42,large_circle,4,288,1544568712,success,69,17.25,0.27283465945718377,0,0.0,0,1.1535084083268006,13.971287055291992,15.374235063791275,15.299808162805624,32,1.855072463768116,10,0.5797101449275363,1,0.057971014492753624,14.697607926140634,0.960640013897105,3,0.17391304347826086,0.0,0.0,0.07246376811594203,0.7740246447662187
bayes-fix-seed42,large_circle,4,289,1544568713,success,72,18.0,0.2024030670648177,0,0.0,0,0.7439370334165667,14.21911900656091,15.864737890660763,14.728232963506084,44,2.4444444444444446,23,1.2777777777777777,2,0.1111111111111111,19.221005192300233,1.305044891666667,4,0.2222222222222222,0.0,0.0,0.027777777777777776,0.7996017065249188
bayes-fix-seed42,large_circle,4,290,1544568714,success,58,14.5,0.21433895695515548,0,0.0,0,1.0556727632615104,14.039097482274318,15.698739141225815,13.754141771809286,21,1.4482758620689655,10,0.6896551724137931,1,0.06896551724137931,10.250619855088516,0.7452751342216316,1,0.06896551724137931,0.0,0.0,0.017241379310344827,0.850787965087191
bayes-fix-seed42,large_circle,4,291,1544568715,success,67,16.75,0.2582314635650076,0,0.0,0,1.0315798411963124,13.879626544553842,14.987635239958761,13.36037185495359,35,2.08955223880597,18,1.0746268656716418,2,0.11940298507462686,17.32097356907803,1.2964439730512425,5,0.29850746268656714,0.06666666666666667,0.06666666666666667,0.04477611940298507,0.8812005685762431
bayes-fix-seed42,large_circle,4,292,1544568716,success,69,17.25,0.4227155119719953,0,0.0,0,1.2717546075443864,13.992510196091473,16.08467549085617,12.719302965603433,39,2.260869565217391,16,0.927536231884058,0,0.0,14.449545167446532,1.1360327846991427,8,0.463768115942029,0.0,0.0,0.014492753623188406,0.9320951685192567
bayes-fix-seed42,large_circle,4,293,1544568717,success,64,16.0,0.20786115324728582,0,0.0,0,0.7844876363828222,14.139728038571775,15.478521957993506,14.397861481111352,31,1.9375,16,1.0,0,0.0,14.95740145070842,1.0388627137669808,5,0.3125,0.0,0.0,0.0625,0.8198629832099743
bayes-fix-seed42,large_circle,4,294,1544568718,success,75,18.75,0.20938868005406486,0,0.0,0,1.7996483249521569,13.883870393037796,14.858907461166382,14.487030720373236,36,1.92,20,1.0666666666666667,4,0.21333333333333335,22.216567915810202,1.533548754374273,8,0.4266666666666667,0.11764705882352941,0.07352941176470588,0.06666666666666667,0.8177049916207906
bayes-fix-seed42,large_circle,4,295,1544568719,success,61,15.25,0.3914599276759665,0,0.0,0,1.7851463856590546,13.744290490619472,14.791466295719147,13.21436048993442,23,1.5081967213114753,11,0.7213114754098361,0,0.0,7.224227719668146,0.546695220337825,3,0.19672131147540983,0.0,0.0,0.0,0.8894110436940544
bayes-fix-seed42,large_circle,4,296,1544568720,success,66,16.5,0.2077658097216526,0,0.0,0,1.0862990858009092,14.279828435092261,15.922295860946178,13.777315525100471,37,2.242424242424242,22,1.3333333333333333,3,0.18181818181818182,21.493420729094854,1.560058684141816,6,0.36363636363636365,0.0,0.0,0.045454545454545456,0.8522806029180963
bayes-fix-seed42,large_circle,4,297,1544568721,success,73,18.25,0.2117954006609425,0,0.0,0,1.195132996198002,13.808238077653597,15.30245766043663,15.09914580374043,33,1.8082191780821917,15,0.821917808219178,1,0.0547945205479452,12.885687171169689,0.853405042818885,3,0.1643835616438356,0.0,0.0,0.0136986301369863,0.7803093358843837
bayes-fix-seed42,large_circle,4,298,1544568722,success,58,14.5,0.1846987780047874,0,0.0,1,0.528812761295143,13.770362233807301,15.039285086095333,13.49205640600843,22,1.5172413793103448,10,0.6896551724137931,1,0.06896551724137931,11.389175911044715,0.8441393638091198,4,0.27586206896551724,0.0,0.0,0.017241379310344827,0.8720658616327527
bayes-fix-seed42,large_circle,4,299,1544568723,success,67,16.75,0.2431221261415446,0,0.0,0,0.8051058106015276,13.79275105115193,14.972574636340141,12.746493024692187,46,2.746268656716418,33,1.9701492537313432,1,0.05970149253731343,14.912064485933966,1.1698954729780724,9,0.5373134328358209,0.0,0.0,0.014925373134328358,0.9245564964087966
bayes-fix-seed42,large_circle,4,300,1544568724,success,72,18.0,0.16870260062244558,0,0.0,3,0.8702144594568043,14.08394927986794,15.452292375266552,14.38956474404856,37,2.0555555555555554,22,1.2222222222222223,3,0.16666666666666666,19.354345743544197,1.3450264888344898,4,0.2222222222222222,0.06153846153846154,0.06153846153846154,0.09722222222222222,0.8214265960010004
bayes-fix-seed42,large_circle,4,301,1544568725,success,77,19.25,0.18954393108003686,0,0.0,1,1.6390699454349729,13.815773094629312,14.786429703235626,15.015637848310396,48,2.4935064935064934,33,1.7142857142857142,3,0.15584415584415584,28.31699594452592,1.8858337042080588,5,0.2597402597402597,0.1,0.1,0.05194805194805195,0.7863745010441995
bayes-fix-seed42,large_circle,4,302,1544568726,success,75,18.75,0.1335695982986379,0,0.0,3,1.0198608486320722,13.847716897726059,15.160506218671799,16.5745501492561,34,1.8133333333333332,13,0.6933333333333334,2,0.10666666666666667,19.759788730791385,1.1921764725348063,2,0.10666666666666667,0.058823529411764705,0.0,0.10666666666666667,0.7135335403376009
bayes-fix-seed42,large_circle,4,303,1544568727,success,67,16.75,0.22754730873315343,0,0.0,0,1.2754415958164862,13.941842951436541,15.509738400578499,14.041037893589063,41,2.4477611940298507,20,1.1940298507462686,2,0.11940298507462686,19.4386627837352,1.3844177995282396,6,0.3582089552238806,0.0,0.0,0.029850746268656716,0.8445571826558889
bayes-fix-seed42,large_circle,4,304,1544568728,timeout,101,25.25,0.2041516189195861,0,0.0,0,1.6158248933026667,14.727917416851119,16.222786158323288,18.56956449298782,55,2.1782178217821784,27,1.0693069306930694,3,0.1188118811881188,27.13379768140143,1.461197309804848,6,0.2376237623762376,0.2872340425531915,0.13829787234042554,0.21782178217821782,0.6173433266390017
bayes-fix-seed42,large_circle,4,305,1544568729,success,76,19.0,0.3212527570711242,0,0.0,0,1.5491135444783204,14.376466015451832,15.970112755894661,14.428188778580639,47,2.473684210526316,27,1.4210526315789473,6,0.3157894736842105,35.78574717591117,2.48026607671206,13,0.6842105263157895,0.057971014492753624,0.043478260869565216,0.05263157894736842,0.8158208737658047
bayes-fix-seed42,large_circle,4,306,1544568730,success,63,15.75,0.17898819929754417,0,0.0,1,1.0864160714769524,13.983866111153649,14.90490809082985,13.903489667005624,28,1.7777777777777777,8,0.5079365079365079,0,0.0,12.690352379278075,0.9127458417431383,7,0.4444444444444444,0.0,0.0,0.015873015873015872,0.8426046470460828
bayes-fix-seed42,large_circle,4,307,1544568731,success,62,15.5,0.21017848962656838,0,0.0,0,0.7370760997756667,13.892366701076108,15.215416438877583,13.93755461457001,29,1.8709677419354838,13,0.8387096774193549,0,0.0,9.911450715436319,0.7111326907429736,3,0.1935483870967742,0.0,0.0,0.016129032258064516,0.8530678022098982
bayes-fix-seed42,large_circle,4,308,1544568732,success,57,14.25,0.2771689046726371,0,0.0,0,1.0986266870237706,14.218769248640328,15.32529965043068,13.478050090730148,23,1.6140350877192982,12,0.8421052631578947,1,0.07017543859649122,11.051425145456154,0.8199572691198882,5,0.3508771929824561,0.0,0.0,0.017543859649122806,0.871685411164827
bayes-fix-seed42,large_circle,4,309,1544568733,success,76,19.0,0.2320949400504273,0,0.0,0,1.4046252953287501,14.602424086708771,15.893310308456421,15.118492606164775,37,1.9473684210526316,17,0.8947368421052632,2,0.10526315789473684,14.837954371748445,0.9814440340234756,3,0.15789473684210525,0.15942028985507245,0.11594202898550725,0.11842105263157894,0.7813996153720705
bayes-fix-seed42,large_circle,4,310,1544568734,success,77,19.25,0.16121412349845354,0,0.0,1,0.5221375482497669,13.75162374083098,15.007109940052032,15.739771972008857,46,2.3896103896103895,20,1.0389610389610389,7,0.36363636363636365,34.09377793339221,2.1660909696800927,4,0.2077922077922078,0.07142857142857142,0.07142857142857142,0.1038961038961039,0.7436400503199078
bayes-fix-seed42,large_circle,4,311,1544568735,success,68,17.0,0.13431805618820614,0,0.0,1,1.7486344424913773,13.923707199009026,14.886287041008472,13.414376464957783,29,1.7058823529411764,10,0.5882352941176471,0,0.0,9.341671010753469,0.6963924886972276,3,0.17647058823529413,0.0,0.0,0.029411764705882353,0.8791200584809126
bayes-fix-seed42,large_circle,4,312,1544568736,success,59,14.75,0.33387772708609653,0,0.0,0,1.3414990033441978,13.889913841829461,15.171841531991959,13.346440710785616,21,1.423728813559322,6,0.4067796610169492,0,0.0,6.546959699108972,0.4905397507080819,3,0.2033898305084746,0.0,0.0,0.0,0.8830089020995728
bayes-fix-seed42,large_circle,4,313,1544568737,success,59,14.75,0.273667410712899,0,0.0,0,1.900718301312841,13.983615753004106,15.395537391304968,13.212208452939604,21,1.423728813559322,13,0.8813559322033898,0,0.0,9.922732860080785,0.7510275738855045,3,0.2033898305084746,0.0,0.0,0.01694915254237288,0.8914800914870644
bayes-fix-seed42,large_circle,4,314,1544568738,success,62,15.5,0.18976479380085032,0,0.0,1,0.8338985725250435,13.795187276217245,15.333813056349754,13.861944992672056,25,1.6129032258064515,11,0.7096774193548387,0,0.0,7.764079543346565,0.560100299593668,2,0.12903225806451613,0.0,0.0,0.04838709677419355,0.8550015672975299
bayes-fix-seed42,large_circle,4,315,1544568739,success,64,16.0,0.24597209223494998,0,0.0,0,1.8684973803147864,14.113028009887785,15.347303450107574,13.053142634880672,32,2.0,19,1.1875,0,0.0,11.449678621581054,0.877158776384253,3,0.1875,0.0,0.0,0.0,0.903497055852726
bayes-fix-seed42,large_circle,4,316,1544568740,success,71,17.75,0.1505015810311502,0,0.0,2,1.2842379644336477,13.977100941496836,15.524471178650856,14.067746883244256,43,2.4225352112676055,18,1.0140845070422535,5,0.28169014084507044,26.748017296895025,1.9013718059395797,12,0.676056338028169,0.0,0.0,0.056338028169014086,0.8375717394162272
bayes-fix-seed42,large_circle,4,317,1544568741,success,67,16.75,0.21583313440697738,0,0.0,0,1.7052867446172666,14.006731503490192,15.527945756912231,13.908845307086866,41,2.4477611940298507,20,1.1940298507462686,2,0.11940298507462686,17.146523216054977,1.232778339070206,7,0.417910447761194,0.0,0.0,0.014925373134328358,0.8461085445289869
bayes-fix-seed42,large_circle,4,318,1544568742,success,75,18.75,0.14156966666768012,0,0.0,2,1.9259824089477497,13.804539243380228,15.213440358638763,14.67443442800945,34,1.8133333333333332,8,0.4266666666666667,2,0.10666666666666667,18.096019997568398,1.2331664355682481,8,0.4266666666666667,0.11764705882352941,0.07352941176470588,0.09333333333333334,0.8096566416332586
bayes-fix-seed42,large_circle,4,319,1544568743,success,61,15.25,0.20651428896270563,0,0.0,0,0.953737342456308,13.7439777494454,15.067297965288162,13.640924177751954,19,1.2459016393442623,8,0.5245901639344263,0,0.0,8.656277636600604,0.6345814641150782,1,0.06557377049180328,0.0,0.0,0.03278688524590164,0.8577515546233738
bayes-fix-seed42,large_circle,4,320,1544568744,success,76,19.0,0.19527346892600383,0,0.0,2,0.7477643517193527,13.85460205768284,15.030724927783012,14.516414511240512,46,2.4210526315789473,25,1.3157894736842106,5,0.2631578947368421,29.12991034654724,2.0066876930244066,4,0.21052631578947367,0.10144927536231885,0.07246376811594203,0.11842105263157894,0.8082571516094366
bayes-fix-seed42,large_circle,4,321,1544568745,success,65,16.25,0.18445746588088952,0,0.0,2,0.5753891988770842,13.884579562223875,15.205838531255722,14.317921616389846,37,2.276923076923077,19,1.1692307692307693,1,0.06153846153846154,13.940874042123214,0.9736660400602402,3,0.18461538461538463,0.0,0.0,0.046153846153846156,0.8282070434193394
bayes-fix-seed42,large_circle,4,322,1544568746,success,71,17.75,0.17091045973408148,0,0.0,1,0.9326414353673208,14.151280457285088,15.539590269327164,13.850509673085426,33,1.8591549295774648,15,0.8450704225352113,1,0.056338028169014086,17.678707118171765,1.2763939764993173,5,0.28169014084507044,0.0,0.0,0.04225352112676056,0.8491040256767955
bayes-fix-seed42,large_circle,4,323,1544568747,success,63,15.75,0.19264945663707067,0,0.0,1,0.866964322984944,14.01469058224133,15.472371876239777,13.537997654159199,25,1.5873015873015872,11,0.6984126984126984,1,0.06349206349206349,10.53058419151662,0.7778538939457839,3,0.19047619047619047,0.0,0.0,0.031746031746031744,0.8664335469715817
bayes-fix-seed42,large_circle,4,324,1544568748,success,56,14.0,0.25767973907317077,0,0.0,0,1.3823429317378912,14.034053510321039,15.956356190145016,13.173167092361053,16,1.1428571428571428,8,0.5714285714285714,0,0.0,5.676259667417756,0.4308955946295818,1,0.07142857142857142,0.0,0.0,0.0,0.8904612369549022
bayes-fix-seed42,large_circle,4,325,1544568749,success,77,19.25,0.20260532611813786,0,0.0,0,1.1406001111116129,14.03683815877159,15.13490155339241,14.759866534562473,39,2.0259740259740258,17,0.8831168831168831,3,0.15584415584415584,18.74117826819555,1.269739006400243,3,0.15584415584415584,0.0,0.0,0.05194805194805195,0.7998088257758358
bayes-fix-seed42,large_circle,4,326,1544568750,success,69,17.25,0.2006337953537468,0,0.0,0,1.3382427056065123,13.916265057480853,15.526959300041199,13.280310455812062,39,2.260869565217391,16,0.927536231884058,1,0.057971014492753624,16.87389343839822,1.270594802323574,10,0.5797101449275363,0.0,0.0,0.014492753623188406,0.8858503458273438
bayes-fix-seed42,large_circle,4,327,1544568751,success,56,14.0,0.21501392321900648,0,0.0,0,0.9100553027218385,13.607341663113662,14.85435664653778,13.324312859891437,14,1.0,6,0.42857142857142855,0,0.0,5.774962874543495,0.43341543652334713,1,0.07142857142857142,0.0,0.0,0.03571428571428571,0.8819615157771974
bayes-fix-seed42,large_circle,4,328,1544568752,success,73,18.25,0.22158678037716018,0,0.0,0,0.9974674330587197,15.043003408059683,16.492357850074768,13.966579373403667,42,2.3013698630136985,19,1.0410958904109588,0,0.0,15.0782755007568,1.0795968789229895,4,0.2191780821917808,0.0,0.0,0.0547945205479452,0.8469958257620003
bayes-fix-seed42,large_circle,4,329,1544568753,success,73,18.25,0.2773208027665204,0,0.0,0,2.071743894167572,14.098153487868505,15.56902602314949,14.688355528079548,30,1.643835616438356,14,0.7671232876712328,5,0.273972602739726,23.260422497368246,1.5835960978001644,8,0.4383561643835616,0.15151515151515152,0.10606060606060606,0.0547945205479452,0.8076801859640402
bayes-fix-seed42,large_circle,4,330,1544568754,success,60,15.0,0.1750069893844597,0,0.0,2,0.7275775194328116,13.765266413489977,15.167338214814663,14.192502955420018,20,1.3333333333333333,15,1.0,0,0.0,8.973853675328,0.63229535364662,1,0.06666666666666667,0.0,0.0,0.05,0.8335949462669945
bayes-fix-seed42,large_circle,4,331,1544568755,success,68,17.0,0.20345779967762134,0,0.0,0,1.123448756562647,13.767849215689827,15.073216147720814,14.07842162335785,27,1.588235294117647,13,0.7647058823529411,3,0.17647058823529413,15.135741786290598,1.0751021805724672,2,0.11764705882352941,0.0,0.0,0.014705882352941176,0.8365568976301321
bayes-fix-seed42,large_circle,4,332,1544568756,success,70,17.5,0.1890159144551925,0,0.0,1,1.325248576783822,14.020598573344094,15.59744831174612,13.65212005146177,42,2.4,28,1.6,2,0.11428571428571428,17.77583928753137,1.3020570593083864,6,0.34285714285714286,0.0,0.0,0.02857142857142857,0.8672538626942996
bayes-fix-seed42,large_circle,4,333,1544568757,success,79,19.75,0.2014445349918026,0,0.0,0,1.2706052610986505,14.165791010932077,15.241314470767975,16.504576403313465,45,2.278481012658228,26,1.3164556962025316,2,0.10126582278481013,26.073060222985227,1.5797473128574684,10,0.5063291139240507,0.18055555555555555,0.16666666666666666,0.16455696202531644,0.710220108979097
bayes-fix-seed42,large_circle,4,334,1544568758,success,77,19.25,0.1337894081342086,0,0.0,1,1.1433577663749626,13.894778373953583,15.066704154014587,13.978397200672312,45,2.3376623376623376,20,1.0389610389610389,5,0.2597402597402597,27.495637371763824,1.9670093056478164,6,0.3116883116883117,0.1,0.08571428571428572,0.06493506493506493,0.839601569701696
bayes-fix-seed42,large_circle,4,335,1544568759,success,68,17.0,0.15892237507847284,0,0.0,2,0.7965026119869588,14.015509308699299,15.313570946455002,13.592675229301438,29,1.7058823529411764,12,0.7058823529411765,0,0.0,10.164984277454696,0.747828084315754,4,0.23529411764705882,0.0,0.0,0.029411764705882353,0.8766472874938814
bayes-fix-seed42,large_circle,4,336,1544568760,success,65,16.25,0.19126191261989567,0,0.0,1,0.7630393109664818,14.18506485911516,15.270676463842392,13.712752110091394,34,2.0923076923076924,15,0.9230769230769231,2,0.12307692307692308,14.312673543897313,1.043749163478601,5,0.3076923076923077,0.0,0.0,0.03076923076923077,0.858289633557556
bayes-fix-seed42,large_circle,4,337,1544568761,success,60,15.0,0.19959278147217774,0,0.0,1,0.5700412930111352,13.840865405897299,15.310992114245892,13.508892706539552,28,1.8666666666666667,15,1.0,0,0.0,8.267984406145045,0.6120401268819448,1,0.06666666666666667,0.0,0.0,0.016666666666666666,0.8777789038654836
bayes-fix-seed42,large_circle,4,338,1544568762,success,71,17.75,0.1838449810948265,0,0.0,3,0.8543650335031316,14.272483249365443,15.65980352461338,14.512378676035809,38,2.140845070422535,23,1.295774647887324,2,0.11267605633802817,17.174361294198924,1.1834284149819512,3,0.16901408450704225,0.078125,0.03125,0.11267605633802817,0.8066709026538268
bayes-fix-seed42,large_circle,4,339,1544568763,success,65,16.25,0.17435956133202912,0,0.0,1,1.542822663714177,13.840720859857706,15.014315396547318,13.781564179127045,35,2.1538461538461537,20,1.2307692307692308,1,0.06153846153846154,15.362727511723458,1.1147303246601843,4,0.24615384615384617,0.0,0.0,0.015384615384615385,0.8554655372373909
bayes-fix-seed42,large_circle,4,340,1544568764,success,66,16.5,0.4566794645972082,0,0.0,0,0.8231529293140195,14.057355735338096,15.429859049618244,13.735806681513123,37,2.242424242424242,20,1.2121212121212122,2,0.12121212121212122,13.983969737548282,1.0180668716289636,4,0.24242424242424243,0.0,0.0,0.015151515151515152,0.8555440244209168
bayes-fix-seed42,large_circle,4,341,1544568765,success,71,17.75,0.24031160023279863,0,0.0,0,0.9950858558554525,14.16138974083981,15.587897971272469,14.418748975817799,38,2.140845070422535,20,1.1267605633802817,3,0.16901408450704225,19.038425769897117,1.3203937319268921,4,0.22535211267605634,0.046875,0.046875,0.08450704225352113,0.8114523608767115
bayes-fix-seed42,large_circle,4,342,1544568766,success,82,20.5,0.17917939456009802,0,0.0,3,0.6191944401385534,13.95604782169912,15.495864301919937,17.038122720190234,46,2.2439024390243905,20,0.975609756097561,3,0.14634146341463414,22.73613624254502,1.3344273084500453,12,0.5853658536585366,0.0,0.0,0.036585365853658534,0.6886782051540405
bayes-fix-seed42,large_circle,4,343,1544568767,success,69,17.25,0.23125912342403676,0,0.0,0,1.690079751645408,14.324942090805026,15.533541142940521,15.27335325371563,30,1.7391304347826086,10,0.5797101449275363,0,0.0,10.25811841846318,0.6716349872918466,3,0.17391304347826086,0.12903225806451613,0.04838709677419355,0.14492753623188406,0.7690719005776965
bayes-fix-seed42,large_circle,4,344,1544568768,success,66,16.5,0.4648288298669613,0,0.0,0,1.5380852998834136,14.156966667735215,15.524588525295258,13.591475043442294,32,1.9393939393939394,16,0.9696969696969697,2,0.12121212121212122,16.69182381176961,1.2281098084216542,4,0.24242424242424243,0.0,0.0,0.045454545454545456,0.8756431449402324
bayes-fix-seed42,large_circle,4,345,1544568769,success,72,18.0,0.195269132014517,0,0.0,1,0.5557351647220855,14.085370271156231,15.436700358986855,14.825640772467194,41,2.2777777777777777,25,1.3888888888888888,7,0.3888888888888889,25.261839734211918,1.7039290322699485,10,0.5555555555555556,0.046153846153846156,0.046153846153846156,0.09722222222222222,0.7907731920772926
bayes-fix-seed42,large_circle,4,346,1544568770,success,57,14.25,0.20523751032191728,0,0.0,0,0.5271672292906802,14.003217939222068,15.009805560112,13.179536712171252,20,1.4035087719298245,5,0.3508771929824561,1,0.07017543859649122,7.713531300402844,0.5852657395217411,5,0.3508771929824561,0.0,0.0,0.017543859649122806,0.9016527430266719
bayes-fix-seed42,large_circle,4,347,1544568771,success,69,17.25,0.1457496589560382,0,0.0,10,0.4697048225990357,14.335282362889552,15.963801741600035,14.054761220366709,39,2.260869565217391,22,1.2753623188405796,2,0.11594202898550725,15.66376152373621,1.1144807996480155,4,0.2318840579710145,0.0,0.0,0.043478260869565216,0.8388213785486913
bayes-fix-seed42,large_circle,4,348,1544568772,success,65,16.25,0.1936807677534118,0,0.0,1,2.610305931264904,14.14083385696778,16.09451472759247,14.682694478974529,30,1.8461538461538463,17,1.0461538461538462,2,0.12307692307692308,14.546589720118789,0.9907302600996949,2,0.12307692307692308,0.0,0.0,0.015384615384615385,0.8115289623134199
bayes-fix-seed42,large_circle,4,349,1544568773,success,62,15.5,0.20470229156045783,0,0.0,0,0.7456316991557644,13.783885947158259,15.063980408012867,12.863722893661887,33,2.129032258064516,12,0.7741935483870968,0,0.0,10.408172895528606,0.8091104714838688,6,0.3870967741935484,0.0,0.0,0.016129032258064516,0.9204032610757912
bayes-fix-seed42,large_circle,4,350,1544568774,success,66,16.5,0.17762261864170026,0,0.0,2,0.7041354111441088,13.64024683381572,14.72196914255619,13.063576513936148,34,2.0606060606060606,17,1.0303030303030303,1,0.06060606060606061,15.983086113678372,1.2234847093081826,7,0.42424242424242425,0.0,0.0,0.015151515151515152,0.903874975517223
bayes-fix-seed42,large_circle,4,351,1544568775,success,58,14.5,0.20126033859340942,0,0.0,0,0.6258996191466978,14.035935738477214,15.593903511762619,13.488859311636523,19,1.3103448275862069,9,0.6206896551724138,0,0.0,8.072742341912925,0.5984747972683472,3,0.20689655172413793,0.0,0.0,0.0,0.8807863390243149
bayes-fix-seed42,large_circle,4,352,1544568776,success,68,17.0,0.23825643986293388,0,0.0,0,1.5193290944913007,13.997244484284344,15.359780564904213,13.23286302052138,31,1.8235294117647058,16,0.9411764705882353,0,0.0,12.425406084136325,0.9389809344256901,6,0.35294117647058826,0.0,0.0,0.014705882352941176,0.8896368593950913
bayes-fix-seed42,large_circle,4,353,1544568777,success,85,21.25,0.1464161418060549,0,0.0,2,1.3735231060083464,14.046728742473265,15.426410734653473,16.11248229007789,47,2.211764705882353,21,0.9882352941176471,3,0.1411764705882353,26.81531185764453,1.6642570260050789,8,0.3764705882352941,0.20512820512820512,0.07692307692307693,0.2,0.726440021836481
bayes-fix-seed42,large_circle,4,354,1544568778,success,60,15.0,0.20494547004180208,0,0.0,0,1.177322287316971,13.852670540412268,15.529079176485538,12.897644796179073,32,2.1333333333333333,19,1.2666666666666666,0,0.0,10.201147958506436,0.7909310668509437,4,0.26666666666666666,0.0,0.0,0.0,0.9087481292742831
bayes-fix-seed42,large_circle,4,355,1544568779,success,65,16.25,0.21901205118898215,0,0.0,0,0.6750979043945173,13.707564885799702,15.423601120710373,13.978339233676001,32,1.9692307692307693,14,0.8615384615384616,0,0.0,13.124960132605942,0.9389498933454029,3,0.18461538461538463,0.0,0.0,0.015384615384615385,0.8447932530093464
bayes-fix-seed42,large_circle,4,356,1544568780,success,69,17.25,0.23764885514595302,0,0.0,0,0.8750049411640464,14.112405748902887,15.761376917362213,14.301728290647235,32,1.855072463768116,16,0.927536231884058,8,0.463768115942029,25.778943844750223,1.8025054958993056,11,0.6376811594202898,0.0,0.0,0.014492753623188406,0.8188068685856644
bayes-fix-seed42,large_circle,4,357,1544568781,success,71,17.75,0.19599910259286413,0,0.0,1,0.871478945649266,13.852708723763344,14.821946620941162,14.896893479373299,37,2.084507042253521,22,1.2394366197183098,8,0.4507042253521127,30.159860694360937,2.024573830518505,11,0.6197183098591549,0.0,0.0,0.056338028169014086,0.8018837603375676
bayes-fix-seed42,large_circle,4,358,1544568782,success,64,16.0,0.18454640110376241,0,0.0,1,0.6047406764138039,13.73921922640875,14.980456791818142,13.047700036732227,40,2.5,24,1.5,1,0.0625,14.709130415198555,1.1273351145250907,6,0.375,0.0,0.0,0.015625,0.9001938688566998
bayes-fix-seed42,large_circle,4,359,1544568783,success,74,18.5,0.26831648801741026,0,0.0,0,1.137080164950007,14.315522099668915,15.549380704760551,14.474069293075937,33,1.7837837837837838,13,0.7027027027027027,3,0.16216216216216217,20.02460454928392,1.383481324002175,7,0.3783783783783784,0.05970149253731343,0.04477611940298507,0.08108108108108109,0.8178534682468291
bayes-fix-seed42,large_circle,4,360,1544568784,success,81,20.25,0.5578111618732228,0,0.0,0,1.4118006506331902,14.140314664001819,15.71543887257576,14.747345720390777,39,1.9259259259259258,17,0.8395061728395061,2,0.09876543209876543,20.700092276654292,1.403648674760015,4,0.19753086419753085,0.20270270270270271,0.1891891891891892,0.14814814814814814,0.8078905814566827
bayes-fix-seed42,large_circle,4,361,1544568785,success,71,17.75,0.20650213483593038,0,0.0,0,0.8953424011826543,13.902329643007736,15.331912785768509,15.215287466711393,40,2.2535211267605635,16,0.9014084507042254,1,0.056338028169014086,17.961256123714627,1.1804743198582985,12,0.676056338028169,0.09375,0.046875,0.09859154929577464,0.7718983942357044
bayes-fix-seed42,large_circle,4,362,1544568786,success,61,15.25,0.22943021514526007,0,0.0,0,1.5160943725769815,14.10063942436312,15.68577066063881,13.73344317099897,25,1.639344262295082,9,0.5901639344262295,1,0.06557377049180328,9.801441022001079,0.7136914537716853,3,0.19672131147540983,0.0,0.0,0.0,0.862426255465962
bayes-fix-seed42,large_circle,4,363,1544568787,success,74,18.5,0.19652839885808504,0,0.0,2,0.7519671755736101,14.088585620393625,15.812846273183823,13.01286622210687,52,2.810810810810811,27,1.4594594594594594,2,0.10810810810810811,19.064893310151426,1.4650802509414171,7,0.3783783783783784,0.0,0.0,0.013513513513513514,0.9028468759855647
bayes-fix-seed42,large_circle,4,364,1544568788,success,69,17.25,0.24615594479480374,0,0.0,0,0.5249373190170954,13.81464189161425,14.979332685470581,13.657319187770913,32,1.855072463768116,12,0.6956521739130435,0,0.0,11.06488370037825,0.8101797686830083,4,0.2318840579710145,0.0,0.0,0.043478260869565216,0.8661503276664485
bayes-fix-seed42,large_circle,4,365,1544568789,success,65,16.25,0.34499526239943645,0,0.0,0,1.7871820566992465,14.031093796858421,16.07229933142662,13.163905692601372,36,2.2153846153846155,16,0.9846153846153847,2,0.12307692307692308,14.847716104088073,1.1279111572816165,9,0.5538461538461539,0.0,0.0,0.046153846153846156,0.8998712693417361
bayes-fix-seed42,large_circle,4,366,1544568790,success,67,16.75,0.4749413694065935,0,0.0,0,0.9895138947676229,14.234726386728571,15.580318868160248,13.237491978065789,32,1.9104477611940298,14,0.835820895522388,0,0.0,11.21579776839967,0.8472751324030248,5,0.29850746268656714,0.0,0.0,0.029850746268656716,0.8865822198393624
bayes-fix-seed42,large_circle,4,367,1544568791,success,61,15.25,0.17804636622137437,0,0.0,2,0.8332358760272665,13.905289720316402,15.93182235956192,13.236344379782645,27,1.7704918032786885,13,0.8524590163934426,1,0.06557377049180328,12.269710239839084,0.9269712156008867,2,0.13114754098360656,0.0,0.0,0.01639344262295082,0.8948290851980357
bayes-fix-seed42,large_circle,4,368,1544568792,success,63,15.75,0.20555722706654456,0,0.0,0,1.0859791380147463,14.132339152551832,15.489718690514565,13.673594097033272,31,1.9682539682539681,17,1.0793650793650793,0,0.0,12.145947317456654,0.8882775977745261,4,0.25396825396825395,0.0,0.0,0.031746031746031744,0.8593473005124136
bayes-fix-seed42,large_circle,4,369,1544568793,success,71,17.75,0.3390210593083083,0,0.0,0,1.2716219488459608,14.223348086988421,15.77020063996315,13.26497865511202,32,1.8028169014084507,13,0.7323943661971831,2,0.11267605633802817,12.887941316052945,0.971576483546487,4,0.22535211267605634,0.078125,0.0,0.014084507042253521,0.8945101407931371
bayes-fix-seed42,large_circle,4,370,1544568794,success,67,16.75,0.30224899278089445,0,0.0,0,0.9041839639805017,13.964825601720099,15.216612815856934,13.342642059658624,33,1.9701492537313432,12,0.7164179104477612,1,0.05970149253731343,13.947446575582202,1.045328692264945,4,0.23880597014925373,0.0,0.0,0.014925373134328358,0.8855774276345647
bayes-fix-seed42,large_circle,4,371,1544568795,success,78,19.5,0.18218592888481377,0,0.0,2,1.2064510109413766,14.204717265107693,15.429291129112244,15.105363135480804,31,1.5897435897435896,13,0.6666666666666666,2,0.10256410256410256,18.993400267958258,1.2573944828472803,5,0.2564102564102564,0.1267605633802817,0.09859154929577464,0.07692307692307693,0.7879299146841147
bayes-fix-seed42,large_circle,4,372,1544568796,success,62,15.5,0.17684829940764313,0,0.0,2,0.9311570556681588,14.014605132322158,15.513321571052074,13.708968794495485,26,1.6774193548387097,7,0.45161290322580644,1,0.06451612903225806,7.479664039094715,0.5456036957424543,5,0.3225806451612903,0.0,0.0,0.04838709677419355,0.8607877924400824
bayes-fix-seed42,large_circle,4,373,1544568797,success,65,16.25,0.17760749802746967,0,0.0,1,1.5944709552143141,14.038360176178125,15.349321812391281,13.517457120521367,31,1.9076923076923078,14,0.8615384615384616,2,0.12307692307692308,15.291501054795548,1.1312409514938233,5,0.3076923076923077,0.017241379310344827,0.017241379310344827,0.046153846153846156,0.8699870019908075
bayes-fix-seed42,large_circle,4,374,1544568798,success,67,16.75,0.2170053476572139,0,0.0,0,0.6241449815772284,14.043955994186117,15.337665379047394,13.01563792196175,43,2.5671641791044775,27,1.6119402985074627,1,0.05970149253731343,16.62627017314784,1.2774072444880895,10,0.5970149253731343,0.0,0.0,0.014925373134328358,0.904064295277961
bayes-fix-seed42,large_circle,4,375,1544568799,success,85,21.25,0.08244901917645198,0,0.0,10,1.1652389718364338,14.29644516285728,16.227642446756363,18.584395234330284,47,2.211764705882353,19,0.8941176470588236,0,0.0,17.83135964181924,0.9594802207434768,5,0.23529411764705882,0.10256410256410256,0.0,0.07058823529411765,0.6407550305866118
bayes-fix-seed42,large_circle,4,376,1544568800,success,61,15.25,0.19123720305921055,0,0.0,1,0.8765577243646148,13.822288603567687,14.723405241966248,13.952018999901515,27,1.7704918032786885,9,0.5901639344262295,1,0.06557377049180328,13.609883335421468,0.9754776950574349,9,0.5901639344262295,0.018518518518518517,0.0,0.06557377049180328,0.8447024915820891
bayes-fix-seed42,large_circle,4,377,1544568801,success,75,18.75,0.14499472837976146,0,0.0,3,1.0291030539114168,13.921609272559484,15.227265283465385,16.84706963215475,34,1.8133333333333332,15,0.8,2,0.10666666666666667,19.549780352560784,1.1604261619034073,3,0.16,0.11764705882352941,0.0,0.13333333333333333,0.7029435295824376
bayes-fix-seed42,large_circle,4,378,1544568802,success,63,15.75,0.2453480538991728,0,0.0,0,1.786196161667566,13.94017046642682,15.253924205899239,13.649399802024957,34,2.1587301587301586,16,1.0158730158730158,0,0.0,11.594954059241996,0.8494845361275025,6,0.38095238095238093,0.0,0.0,0.015873015873015872,0.8684091257292311
bayes-fix-seed42,large_circle,4,379,1544568803,success,67,16.75,0.20222516922074862,0,0.0,0,1.1311510948131196,14.005895870835033,15.59767872095108,13.278800596532037,38,2.2686567164179103,22,1.3134328358208955,3,0.1791044776119403,18.502597446668055,1.3933937265011942,8,0.47761194029850745,0.0,0.0,0.029850746268656716,0.8865499297258346
bayes-fix-seed42,large_circle,4,380,1544568804,success,67,16.75,0.17601537736448247,0,0.0,1,0.959276051961825,13.94426222167798,16.232307255268097,13.590351605001354,33,1.9701492537313432,12,0.7164179104477612,0,0.0,11.63107904242393,0.8558335634336056,3,0.1791044776119403,0.0,0.0,0.014925373134328358,0.8651636644893401
bayes-fix-seed42,large_circle,4,381,1544568805,success,73,18.25,0.19744551254048892,0,0.0,1,1.6324347803555066,13.94899801848686,15.181000530719757,14.007790279986313,39,2.136986301369863,21,1.1506849315068493,3,0.1643835616438356,20.72407519051334,1.479467837273588,10,0.547945205479452,0.10606060606060606,0.09090909090909091,0.0547945205479452,0.8390471363122479
bayes-fix-seed42,large_circle,4,382,1544568806,success,70,17.5,0.27772714928578734,0,0.0,0,1.6321833733714746,14.115610452634948,15.590335614979267,13.553822946015552,39,2.2285714285714286,20,1.1428571428571428,0,0.0,12.82463127498887,0.9462002953756272,3,0.17142857142857143,0.0,0.0,0.014285714285714285,0.8686380613808037
bayes-fix-seed42,large_circle,4,383,1544568807,success,65,16.25,0.20233168772790489,0,0.0,0,1.1309387748077633,13.89566224354964,14.962473511695862,12.800248435744065,17,1.0461538461538462,6,0.36923076923076925,0,0.0,5.068851892864135,0.39599636821966794,3,0.18461538461538463,0.0,0.0,0.03076923076923077,0.919396126196414
bayes-fix-seed42,large_circle,4,384,1544568808,success,65,16.25,0.2525532607905344,0,0.0,0,0.8882565866235321,13.992070865172606,15.531652420759201,12.911837229379001,31,1.9076923076923078,15,0.9230769230769231,3,0.18461538461538463,16.569235343736622,1.2832593107691712,6,0.36923076923076925,0.0,0.0,0.03076923076923077,0.9111489151788125
bayes-fix-seed42,large_circle,4,385,1544568809,success,62,15.5,0.19512135131195596,0,0.0,1,1.3110520162618904,14.334513234996027,16.228354908525944,13.582129812782602,32,2.064516129032258,20,1.2903225806451613,0,0.0,10.645892108938913,0.7838161065814364,2,0.12903225806451613,0.0,0.0,0.016129032258064516,0.8741121722054925
bayes-fix-seed42,large_circle,4,386,1544568810,success,64,16.0,0.15119549173158275,0,0.0,3,0.9912724912654017,13.97912559332326,15.123673900961876,13.227169004541791,32,2.0,24,1.5,2,0.125,15.297995127649555,1.1565585290697282,6,0.375,0.0,0.0,0.015625,0.885408481861059
bayes-fix-seed42,large_circle,4,387,1544568811,success,69,17.25,0.2245389711450292,0,0.0,0,1.5826096682225028,14.257667181284532,15.92191830277443,14.31247577352134,31,1.7971014492753623,12,0.6956521739130435,1,0.057971014492753624,14.140790070024236,0.988004472027493,6,0.34782608695652173,0.0,0.0,0.028985507246376812,0.8282665141369326
bayes-fix-seed42,large_circle,4,388,1544568812,success,75,18.75,0.19674439323178972,0,0.0,1,1.744580598315585,14.367416054010391,15.911364927887915,13.541740121459883,32,1.7066666666666668,16,0.8533333333333334,1,0.05333333333333334,16.861953567305903,1.2451836629610407,4,0.21333333333333335,0.10294117647058823,0.10294117647058823,0.08,0.8813543812370127
bayes-fix-seed42,large_circle,4,389,1544568813,success,70,17.5,0.16782706888350318,0,0.0,2,1.1816262979247192,14.353368431329727,15.628413297235966,14.002196309637664,34,1.9428571428571428,19,1.0857142857142856,2,0.11428571428571428,18.814947775592085,1.3437140402496586,5,0.2857142857142857,0.0,0.0,0.07142857142857142,0.8490654894921571
bayes-fix-seed42,large_circle,4,390,1544568814,success,63,15.75,0.19618679363994085,0,0.0,1,1.4343858424035245,13.928788226275216,15.909811481833458,13.547589297046718,31,1.9682539682539681,19,1.2063492063492063,0,0.0,12.503938472428695,0.9229640933353706,5,0.31746031746031744,0.0,0.0,0.015873015873015872,0.869601530621391
bayes-fix-seed42,large_circle,4,391,1544568815,success,62,15.5,0.19556873473164083,0,0.0,1,0.3865825913714406,14.182897885480235,15.658438391983509,13.956399386258365,24,1.5483870967741935,10,0.6451612903225806,1,0.06451612903225806,10.950843087743058,0.7846467261839316,3,0.1935483870967742,0.0,0.0,0.016129032258064516,0.8475785356606418
bayes-fix-seed42,large_circle,4,392,1544568816,success,79,19.75,0.20507892977766373,0,0.0,0,0.6492535152278164,13.953264614072028,15.444033965468407,17.235879238618168,40,2.0253164556962027,18,0.9113924050632911,1,0.05063291139240506,16.63271839153408,0.965005507480427,7,0.35443037974683544,0.05555555555555555,0.0,0.10126582278481013,0.6852293621490363
bayes-fix-seed42,large_circle,4,393,1544568817,success,71,17.75,0.08268597665381372,0,0.0,6,0.8251408918156663,14.14453710468722,15.47374576330185,15.7725909848122,45,2.535211267605634,21,1.1830985915492958,0,0.0,19.45771235696775,1.233640837811875,10,0.5633802816901409,0.0625,0.03125,0.08450704225352113,0.7430595627902585
bayes-fix-seed42,large_circle,4,394,1544568818,success,72,18.0,0.26459123399280493,0,0.0,0,1.689067297125802,13.93094343236751,15.368646010756493,14.223198730558078,36,2.0,12,0.6666666666666666,1,0.05555555555555555,15.644290295474347,1.099913640513445,8,0.4444444444444444,0.0,0.0,0.013888888888888888,0.83342603929085
bayes-fix-seed42,large_circle,4,395,1544568819,success,68,17.0,0.2313268347984444,0,0.0,0,1.2445986337133474,14.140461571514606,15.292032808065414,12.421389507403873,38,2.235294117647059,18,1.0588235294117647,0,0.0,12.7152981785868,1.0236614970497253,6,0.35294117647058826,0.0,0.0,0.014705882352941176,0.9520562877911571
bayes-fix-seed42,large_circle,4,396,1544568820,success,79,19.75,0.18762085347624302,0,0.0,2,1.096586867406016,13.602259981481335,14.892150089144707,17.32889900059477,36,1.8227848101265822,19,0.9620253164556962,2,0.10126582278481013,15.875307042052206,0.9161174660610191,3,0.1518987341772152,0.013888888888888888,0.013888888888888888,0.0759493670886076,0.6802346288607364
bayes-fix-seed42,large_circle,4,397,1544568821,success,73,18.25,0.2555439219947422,0,0.0,0,0.9178422444845922,13.931586470914214,14.956968277692795,13.886379633631599,39,2.136986301369863,14,0.7671232876712328,4,0.2191780821917808,21.72280414779756,1.5643245194871978,9,0.4931506849315068,0.0,0.0,0.0547945205479452,0.8438805751163204
bayes-fix-seed42,large_circle,4,398,1544568822,success,56,14.0,0.40874399588963095,0,0.0,0,0.9895291783064962,13.680529647639819,14.819184318184853,13.278891117073936,15,1.0714285714285714,12,0.8571428571428571,2,0.14285714285714285,9.006434447820965,0.6782519992381392,1,0.07142857142857142,0.0,0.0,0.017857142857142856,0.8924336466054194
bayes-fix-seed42,large_circle,4,399,1544568823,success,70,17.5,0.07310522778050466,0,0.0,3,0.4758563983544214,13.839643980775561,15.263161808252335,15.307536052291933,37,2.1142857142857143,14,0.8,0,0.0,17.90511787975544,1.1696930073259297,9,0.5142857142857142,0.031746031746031744,0.0,0.08571428571428572,0.769509687980693
bayes-fix-seed42,large_circle,4,400,1544568824,success,71,17.75,0.25584192736253386,0,0.0,0,1.9595769495675888,13.900480010140111,14.927014708518982,14.201591751656162,35,1.971830985915493,12,0.676056338028169,1,0.056338028169014086,16.783153552427517,1.1817797501797853,5,0.28169014084507044,0.0,0.0,0.028169014084507043,0.8301888759480323
bayes-fix-seed42,large_circle,4,401,1544568825,success,73,18.25,0.10594487700831168,0,0.0,5,1.0925233636131346,14.056104758422668,15.517597645521164,14.652487706563617,42,2.3013698630136985,17,0.9315068493150684,3,0.1643835616438356,24.53621397705733,1.6745425396989941,11,0.6027397260273972,0.030303030303030304,0.0,0.0547945205479452,0.8012198795000351
bayes-fix-seed42,large_circle,4,402,1544568826,success,75,18.75,0.17085407948830822,0,0.0,6,1.4550914237910493,13.901689847310385,15.132592990994453,15.151978017090908,37,1.9733333333333334,14,0.7466666666666667,2,0.10666666666666667,16.762757121657906,1.1063081732794289,4,0.21333333333333335,0.0,0.0,0.02666666666666667,0.7759379849249457
bayes-fix-seed42,large_circle,4,403,1544568827,success,77,19.25,0.22682666159670128,0,0.0,0,1.4699070303734363,14.20260283660579,15.852244943380356,14.414658256116438,43,2.2337662337662336,21,1.0909090909090908,1,0.05194805194805195,17.884221848471395,1.2406969024661232,5,0.2597402597402597,0.11428571428571428,0.07142857142857142,0.06493506493506493,0.8157582068610699
bayes-fix-seed42,large_circle,4,404,1544568828,success,71,17.75,0.1866797705629013,0,0.0,1,1.367148727168487,14.046525608905604,15.900811180472374,13.563154328358417,39,2.1971830985915495,20,1.1267605633802817,1,0.056338028169014086,19.592626095781792,1.4445478995115981,8,0.4507042253521127,0.0,0.0,0.014084507042253521,0.8649880844967225
bayes-fix-seed42,large_circle,4,405,1544568829,success,70,17.5,0.18659945559661983,0,0.0,1,0.7694003688003306,14.227019942232541,15.82472212612629,14.59242442216161,35,2.0,10,0.5714285714285714,6,0.34285714285714286,24.61329728557318,1.6867174756918941,10,0.5714285714285714,0.09523809523809523,0.06349206349206349,0.1,0.8159276945341852
bayes-fix-seed42,large_circle,4,406,1544568830,success,67,16.75,0.27677075064995615,0,0.0,0,1.03817060375359,14.061736526773936,15.81854373216629,13.423471827261691,32,1.9104477611940298,15,0.8955223880597015,0,0.0,13.27282422565556,0.9887772996774067,9,0.5373134328358209,0.0,0.0,0.029850746268656716,0.8851286723591686
bayes-fix-seed42,large_circle,4,407,1544568831,success,61,15.25,0.25440314361043304,0,0.0,0,0.6779109152033018,13.997935125085174,15.308760106563568,14.198848482805932,28,1.8360655737704918,14,0.9180327868852459,0,0.0,8.758349533825367,0.6168351993072729,1,0.06557377049180328,0.0,0.0,0.04918032786885246,0.8278247292319548
bayes-fix-seed42,large_circle,4,408,1544568832,success,68,17.0,0.18125859989741844,0,0.0,2,0.5682045379895624,13.838112792548012,15.177897922694683,13.670001288103958,35,2.0588235294117645,14,0.8235294117647058,0,0.0,13.073488824366523,0.9563633937433101,5,0.29411764705882354,0.0,0.0,0.014705882352941176,0.8589568248604401
bayes-fix-seed42,large_circle,4,409,1544568833,success,76,19.0,0.18308954009898626,0,0.0,3,0.8042863030809495,14.02636676242477,15.50675742328167,14.716148298586328,42,2.210526315789474,17,0.8947368421052632,4,0.21052631578947367,22.877797347687363,1.5546049743114552,8,0.42105263157894735,0.11594202898550725,0.10144927536231885,0.05263157894736842,0.7981572286190968
bayes-fix-seed42,large_circle,4,410,1544568834,success,56,14.0,0.271332357534096,0,0.0,0,1.1648936573265878,14.306095229195696,15.976710245013237,13.107507042773996,18,1.2857142857142858,7,0.5,0,0.0,6.495474482046062,0.4955537663149253,1,0.07142857142857142,0.0,0.0,0.017857142857142856,0.8927091088248121
bayes-fix-seed42,large_circle,4,411,1544568835,success,70,17.5,0.205780689225445,0,0.0,0,1.1913375254173708,14.043175961290087,15.58503843843937,13.332869408989856,32,1.8285714285714285,16,0.9142857142857143,2,0.11428571428571428,15.367806522154126,1.152625593991957,7,0.4,0.0,0.0,0.05714285714285714,0.888616184723134
bayes-fix-seed42,large_circle,4,412,1544568836,success,63,15.75,0.18009238742350364,0,0.0,5,0.6458913781370222,13.972260530978915,15.369895473122597,13.680327440649512,28,1.7777777777777777,13,0.8253968253968254,3,0.19047619047619047,16.78754584760598,1.227130411931788,3,0.19047619047619047,0.0,0.0,0.06349206349206349,0.8600852238473897
bayes-fix-seed42,large_circle,4,413,1544568837,success,67,16.75,0.22742752425990476,0,0.0,0,0.4507686206095691,14.091248888133178,15.58561846613884,15.28970271765779,29,1.7313432835820894,10,0.5970149253731343,1,0.05970149253731343,12.47324797561376,0.8157940154852481,3,0.1791044776119403,0.08333333333333333,0.03333333333333333,0.13432835820895522,0.7710072199393122
bayes-fix-seed42,large_circle,4,414,1544568838,success,71,17.75,0.4570297792695929,0,0.0,0,1.8903501876697593,14.355971779621823,16.21735282242298,12.965463349812037,30,1.6901408450704225,12,0.676056338028169,5,0.28169014084507044,20.779165561947895,1.6026550691880315,8,0.4507042253521127,0.0625,0.0625,0.056338028169014086,0.9085628727611181
bayes-fix-seed42,large_circle,4,415,1544568839,success,66,16.5,0.2435860426792127,0,0.0,0,1.9302365720606576,14.113197046698946,15.477124601602554,14.091422211985153,28,1.696969696969697,11,0.6666666666666666,1,0.06060606060606061,13.563692562517243,0.9625495821834746,4,0.24242424242424243,0.0,0.0,0.045454545454545456,0.8319599013295511
bayes-fix-seed42,large_circle,4,416,1544568840,success,67,16.75,0.27083391374613464,0,0.0,0,2.3533791788824474,14.268712821736264,16.010010242462158,12.588323731331457,29,1.7313432835820894,11,0.6567164179104478,0,0.0,10.360561695886162,0.82302949280685,3,0.1791044776119403,0.08333333333333333,0.08333333333333333,0.014925373134328358,0.9310356043803505
bayes-fix-seed42,large_circle,4,417,1544568841,success,62,15.5,0.5398301242176461,0,0.0,0,1.1647547250435126,16.050449662631557,15.200665034353733,13.293030142981921,30,1.935483870967742,19,1.2258064516129032,1,0.06451612903225806,11.653566049797073,0.8766673906889163,4,0.25806451612903225,0.0,0.0,0.06451612903225806,0.8907571645978477
bayes-fix-seed42,large_circle,4,418,1544568842,success,63,15.75,0.20226699425372352,0,0.0,0,0.4701713350979886,14.208858152703634,15.790367498993874,12.872322811048585,32,2.0317460317460316,19,1.2063492063492063,1,0.06349206349206349,12.524033525334048,0.9729427787954794,8,0.5079365079365079,0.0,0.0,0.031746031746031744,0.9120433166896955
bayes-fix-seed42,large_circle,4,419,1544568843,success,63,15.75,0.21164711173060868,0,0.0,0,0.8410445579596996,13.852718981012465,14.938554540276527,13.944952032686947,25,1.5873015873015872,15,0.9523809523809523,5,0.31746031746031744,18.74842343193648,1.3444595139510127,11,0.6984126984126984,0.0,0.0,0.06349206349206349,0.8445372512103467
bayes-fix-seed42,large_circle,4,420,1544568844,success,63,15.75,0.2143193409017734,0,0.0,0,0.868460033105309,13.857294110551713,15.46843871474266,14.416120917028444,29,1.8412698412698412,15,0.9523809523809523,0,0.0,9.97812891319873,0.6921507505817658,1,0.06349206349206349,0.0,0.0,0.031746031746031744,0.8201995158663606
bayes-fix-seed42,large_circle,4,421,1544568845,success,69,17.25,0.1790106980513504,0,0.0,4,1.0426420152924238,14.302412830833076,16.524716466665268,12.897333220171303,42,2.4347826086956523,18,1.0434782608695652,4,0.2318840579710145,17.66149367283941,1.3693911269359937,8,0.463768115942029,0.0,0.0,0.028985507246376812,0.9113438752997814
bayes-fix-seed42,large_circle,4,422,1544568846,success,67,16.75,0.1950488895858431,0,0.0,2,1.1342528110075925,14.047432690858841,15.725992247462273,13.636029226001105,36,2.1492537313432836,18,1.0746268656716418,1,0.05970149253731343,13.761431898949677,1.0091964215439972,5,0.29850746268656714,0.0,0.0,0.014925373134328358,0.86370004846969
bayes-fix-seed42,large_circle,4,423,1544568847,success,72,18.0,0.24837825276609238,0,0.0,0,0.853798093300097,13.923797445992628,15.00916052609682,13.929017519521508,50,2.7777777777777777,38,2.111111111111111,3,0.16666666666666666,28.798789303744556,2.067539168744893,12,0.6666666666666666,0.0,0.0,0.013888888888888888,0.8496670088286694
bayes-fix-seed42,large_circle,4,424,1544568848,success,80,20.0,0.2110401931257928,0,0.0,0,0.5462397896024884,14.62680040858686,16.691252775490284,18.224907566331673,41,2.05,24,1.2,0,0.0,15.21592560795342,0.8348972719106139,5,0.25,0.0821917808219178,0.0547945205479452,0.1125,0.6514892902107668
bayes-fix-seed42,large_circle,4,425,1544568849,success,68,17.0,0.314691615627511,0,0.0,0,1.6912663449590863,13.770090142155395,14.982745237648487,14.272779675691039,32,1.8823529411764706,14,0.8235294117647058,0,0.0,10.73563102151638,0.7521752080150846,2,0.11764705882352941,0.0,0.0,0.014705882352941176,0.8234755541233305
bayes-fix-seed42,large_circle,4,426,1544568850,success,72,18.0,0.23418292629489645,0,0.0,0,1.5245221059324452,14.162333682179451,17.039570771157745,16.118650559809016,30,1.6666666666666667,14,0.7777777777777778,4,0.2222222222222222,19.725910948925506,1.223794192679566,3,0.16666666666666666,0.015384615384615385,0.015384615384615385,0.08333333333333333,0.7275633178169357
bayes-fix-seed42,large_circle,4,427,1544568851,success,75,18.75,0.19772168868972528,0,0.0,1,0.8608219424442992,13.80550796786944,14.922932162880898,13.810582341694351,45,2.4,18,0.96,3,0.16,21.018243303281256,1.5218940652362551,7,0.37333333333333335,0.07352941176470588,0.014705882352941176,0.05333333333333334,0.8556752312282878
bayes-fix-seed42,large_circle,4,428,1544568852,success,80,20.0,0.21034810901254375,0,0.0,0,2.2300043758183747,13.937155529856682,15.289530158042908,15.079209503156466,47,2.35,27,1.35,7,0.35,37.980710100282636,2.518746761382438,16,0.8,0.0958904109589041,0.0410958904109589,0.1,0.7815169900089648
bayes-fix-seed42,large_circle,4,429,1544568853,success,65,16.25,0.15268365109596627,0,0.0,4,0.6468518162878477,13.645827827545313,15.035252273082733,13.679161323556645,38,2.3384615384615386,28,1.7230769230769232,3,0.18461538461538463,21.86043733601693,1.5980831586781166,12,0.7384615384615385,0.0,0.0,0.03076923076923077,0.8558888590212899
bayes-fix-seed42,large_circle,4,430,1544568854,success,67,16.75,0.14958239925422767,0,0.0,1,1.0926239961087292,13.801936616203678,15.410389751195908,14.005595763857489,26,1.5522388059701493,10,0.5970149253731343,0,0.0,8.673271995306504,0.6192719068537267,2,0.11940298507462686,0.0,0.0,0.014925373134328358,0.8367199133669959
bayes-fix-seed42,large_circle,4,431,1544568855,success,72,18.0,0.11925445878432683,0,0.0,4,1.165670222659019,14.057633415278461,14.971397630870342,14.726778429005353,42,2.3333333333333335,15,0.8333333333333334,3,0.16666666666666666,21.676188102406805,1.4718893345821062,6,0.3333333333333333,0.0,0.0,0.05555555555555555,0.8014935393586111
bayes-fix-seed42,large_circle,4,432,1544568856,success,63,15.75,0.20232581356890256,0,0.0,0,1.290902271491789,13.856561647521126,15.033591538667679,13.446517548115386,32,2.0317460317460316,14,0.8888888888888888,0,0.0,12.188162748245512,0.9064177921631285,8,0.5079365079365079,0.0,0.0,0.015873015873015872,0.8839579430605344
bayes-fix-seed42,large_circle,4,433,1544568857,success,55,13.75,0.35118980871023886,0,0.0,0,1.4094731517192365,14.035294272682883,15.464961156249046,13.254947561898565,16,1.1636363636363636,7,0.509090909090909,1,0.07272727272727272,7.816210350622654,0.5896824800039498,3,0.21818181818181817,0.0,0.0,0.01818181818181818,0.887193954593979
bayes-fix-seed42,large_circle,4,434,1544568858,success,65,16.25,0.2180197951832833,0,0.0,0,0.737296510207183,14.012470956032093,15.293365716934204,14.270747224174569,32,1.9692307692307693,19,1.1692307692307693,0,0.0,14.866007658973269,1.0417119317894112,3,0.18461538461538463,0.0,0.0,0.06153846153846154,0.8294469172261039
bayes-fix-seed42,large_circle,4,435,1544568859,success,62,15.5,0.26509025842980216,0,0.0,0,0.7453328955733178,13.807904516016283,15.156154707074165,13.3830171610825,28,1.8064516129032258,18,1.1612903225806452,1,0.06451612903225806,11.416924024197481,0.8530904419219926,5,0.3225806451612903,0.0,0.0,0.03225806451612903,0.8800801683784907
bayes-fix-seed42,large_circle,4,436,1544568860,success,78,19.5,0.1838284006364299,0,0.0,2,1.2229670286754921,14.132383876504042,15.407815761864185,14.9184861660337,47,2.41025641025641,21,1.0769230769230769,2,0.10256410256410256,29.026745814548626,1.9456897631233192,7,0.358974358974359,0.04225352112676056,0.0,0.1282051282051282,0.78761929068469
bayes-fix-seed42,large_circle,4,437,1544568861,success,72,18.0,0.18061908430363416,0,0.0,2,1.022259295608501,13.81242870249682,15.062508918344975,14.565059184260354,42,2.3333333333333335,20,1.1111111111111112,2,0.1111111111111111,16.735942246500016,1.1490473217290882,6,0.3333333333333333,0.03076923076923077,0.0,0.041666666666666664,0.8073327904830189
bayes-fix-seed42,large_circle,4,438,1544568862,success,58,14.5,0.16410983964577974,0,0.0,2,0.5813274720258192,13.693527157964377,14.853602647781372,13.318246410278585,24,1.6551724137931034,11,0.7586206896551724,0,0.0,11.417439109256279,0.8572779596902994,5,0.3448275862068966,0.0,0.0,0.017241379310344827,0.8863929647457023
bayes-fix-seed42,large_circle,4,439,1544568863,success,59,14.75,0.29495038075068547,0,0.0,0,0.8476701693848295,13.574450008444867,14.999149739742279,13.601541805651017,22,1.4915254237288136,12,0.8135593220338984,2,0.13559322033898305,10.845851634436865,0.797398691222693,6,0.4067796610169492,0.0,0.0,0.05084745762711865,0.8629920816877542
bayes-fix-seed42,large_circle,4,440,1544568864,success,63,15.75,0.5101579236965216,0,0.0,0,1.3449857487466075,13.662152583636935,14.745374023914337,13.733433319115932,33,2.0952380952380953,19,1.2063492063492063,3,0.19047619047619047,16.206097902583373,1.180047081164014,4,0.25396825396825395,0.0,0.0,0.015873015873015872,0.8550695022853753
bayes-fix-seed42,large_circle,4,441,1544568865,success,66,16.5,0.2057450668362616,0,0.0,0,0.9560621487046741,13.765420030915376,14.895753934979439,13.047755632484447,32,1.9393939393939394,12,0.7272727272727273,0,0.0,9.976925015239548,0.7646468324713576,5,0.30303030303030304,0.0,0.0,0.015151515151515152,0.89892549303564
bayes-fix-seed42,large_circle,4,442,1544568866,success,82,20.5,0.2826443930834093,0,0.0,0,1.378909316441722,13.920253415296717,15.254549123346806,15.68761300591569,43,2.097560975609756,24,1.170731707317073,3,0.14634146341463414,23.67857324347743,1.509380250172439,2,0.0975609756097561,0.2,0.16,0.13414634146341464,0.7526646595933435
bayes-fix-seed42,large_circle,4,443,1544568867,success,72,18.0,0.14550920972493153,0,0.0,2,1.7653269052173455,13.761613621479935,15.311499498784542,15.106495334265468,34,1.8888888888888888,16,0.8888888888888888,7,0.3888888888888889,32.9435094717236,2.180751308809472,8,0.4444444444444444,0.03076923076923077,0.03076923076923077,0.09722222222222222,0.7770313756937701
bayes-fix-seed42,large_circle,4,444,1544568868,success,65,16.25,0.20866956793264624,0,0.0,0,0.8782298056505663,13.662481078734764,15.088491886854172,13.36607143642161,30,1.8461538461538463,16,0.9846153846153847,0,0.0,10.630144062702806,0.7953080389602293,6,0.36923076923076925,0.0,0.0,0.015384615384615385,0.8883657074421979
bayes-fix-seed42,large_circle,4,445,1544568869,success,61,15.25,0.4953417600579365,0,0.0,0,2.1979631637502908,13.34793584757164,14.538224786520004,14.698957741429922,16,1.0491803278688525,5,0.32786885245901637,0,0.0,7.044835824261676,0.4792745137572149,2,0.13114754098360656,0.0,0.0,0.04918032786885246,0.8001137640945784
bayes-fix-seed42,large_circle,4,446,1544568870,success,70,17.5,0.1904874882544142,0,0.0,1,0.7686436527263559,13.4637535150562,14.597055688500404,13.343803644261017,36,2.057142857142857,18,1.0285714285714285,0,0.0,18.117547261963995,1.357749839923349,6,0.34285714285714286,0.015873015873015872,0.0,0.02857142857142857,0.8804522523460521
bayes-fix-seed42,large_circle,4,447,1544568871,success,76,19.0,0.1273610100348912,0,0.0,5,0.8621993773550202,13.467586697324327,14.45716992020607,14.647541273705864,46,2.4210526315789473,28,1.4736842105263157,3,0.15789473684210525,28.976249991355314,1.9782330324182968,10,0.5263157894736842,0.028985507246376812,0.028985507246376812,0.09210526315789473,0.8137661997429263
bayes-fix-seed42,large_circle,4,448,1544568872,success,56,14.0,0.20802171267798275,0,0.0,0,1.2900548147535227,13.23247215311442,14.445836655795574,12.745262047748486,22,1.5714285714285714,10,0.7142857142857143,0,0.0,5.468739554931425,0.4290801973661659,1,0.07142857142857142,0.0,0.0,0.0,0.9218026290193095
bayes-fix-seed42,large_circle,4,449,1544568873,success,64,16.0,0.25165418508997484,0,0.0,0,1.314273737110497,13.705283519811928,14.843622036278246,13.376960951788275,32,2.0,17,1.0625,2,0.125,14.12203874668875,1.0556985848718403,7,0.4375,0.0,0.0,0.015625,0.8777745715125447
bayes-fix-seed42,large_circle,4,450,1544568874,success,78,19.5,0.21005631886667475,0,0.0,0,1.0770051722028355,13.541650886719044,15.202389471232891,15.367470114108498,48,2.4615384615384617,23,1.1794871794871795,7,0.358974358974359,34.55043956931574,2.2482841556070983,17,0.8717948717948718,0.08450704225352113,0.056338028169014086,0.0641025641025641,0.7670291348524851
bayes-fix-seed42,large_circle,4,451,1544568875,success,65,16.25,0.4669450865274639,0,0.0,0,1.6785230112965266,13.71390435558099,14.829885214567184,13.563500261958035,35,2.1538461538461537,22,1.353846153846154,0,0.0,9.944808763586021,0.7332037137551087,3,0.18461538461538463,0.0,0.0,0.046153846153846156,0.8699101538993094
bayes-fix-seed42,large_circle,4,452,1544568876,success,75,18.75,0.3580201827508538,0,0.0,0,1.0625321795486966,13.623458941777548,14.68728706240654,13.708861881108945,38,2.026666666666667,18,0.96,4,0.21333333333333335,22.23162913293511,1.621697652638159,7,0.37333333333333335,0.08823529411764706,0.07352941176470588,0.12,0.8580573000047897
bayes-fix-seed42,large_circle,4,453,1544568877,success,70,17.5,0.21171598761231702,0,0.0,0,0.9671999151733242,14.236123168042727,15.290294773876667,14.602749747808073,44,2.5142857142857142,28,1.6,0,0.0,22.67204242953652,1.55258720590892,16,0.9142857142857143,0.09523809523809523,0.015873015873015872,0.08571428571428572,0.8116533233409176
bayes-fix-seed42,large_circle,4,454,1544568878,success,66,16.5,0.21501132337450923,0,0.0,0,0.7407000130248129,13.85455894650835,15.264076180756092,13.506974584904702,30,1.8181818181818181,8,0.48484848484848486,0,0.0,9.225013888425128,0.6829815093259254,4,0.24242424242424243,0.0,0.0,0.045454545454545456,0.8678990220454122
bayes-fix-seed42,large_circle,4,455,1544568879,success,61,15.25,0.27203431687236,0,0.0,0,0.9055055135298644,13.525643126397837,14.763489365577698,14.558628538141937,27,1.7704918032786885,16,1.0491803278688525,2,0.13114754098360656,13.489602729775976,0.9265709812180979,5,0.32786885245901637,0.05555555555555555,0.05555555555555555,0.08196721311475409,0.806269808192076
bayes-fix-seed42,large_circle,4,456,1544568880,success,65,16.25,0.1668908003841133,0,0.0,2,1.623837930349446,13.450758732282198,14.927301555871964,14.508208962754654,28,1.7230769230769232,6,0.36923076923076925,1,0.06153846153846154,11.571450533718505,0.7975795333128045,6,0.36923076923076925,0.0,0.0,0.03076923076923077,0.8141190406988793
bayes-fix-seed42,large_circle,4,457,1544568881,success,68,17.0,0.18609703105858755,0,0.0,2,0.5333236741418836,13.579998822773204,14.87665344029665,13.196112187987143,40,2.3529411764705883,17,1.0,1,0.058823529411764705,11.881921117330945,0.9004107382587616,6,0.35294117647058826,0.0,0.0,0.014705882352941176,0.8895803024480878
bayes-fix-seed42,large_circle,4,458,1544568882,success,68,17.0,0.21517910771879878,0,0.0,0,0.7877813233911717,13.482773895649348,14.644420333206654,13.297426147523073,38,2.235294117647059,18,1.0588235294117647,0,0.0,17.782165251879842,1.3372636970946552,8,0.47058823529411764,0.0,0.0,0.014705882352941176,0.8877978908322445
bayes-fix-seed42,large_circle,4,459,1544568883,success,70,17.5,0.21078591058328278,0,0.0,0,0.968930213277889,13.7569217809609,15.147254429757595,13.413511399855789,44,2.5142857142857142,29,1.6571428571428573,0,0.0,21.78057484051206,1.6237787549609288,8,0.45714285714285713,0.0,0.0,0.0,0.8772318016698072
bayes-fix-seed42,large_circle,4,460,1544568884,success,68,17.0,0.2618430251165659,0,0.0,0,0.6212304313498254,13.598525184480582,14.441046305000782,13.6445354433512,42,2.4705882352941178,21,1.2352941176470589,2,0.11764705882352941,17.041253218445288,1.2489434535310078,8,0.47058823529411764,0.0,0.0,0.029411764705882353,0.866737548660616
bayes-fix-seed42,large_circle,4,461,1544568885,success,70,17.5,0.15686906863872507,0,0.0,2,0.7876141598040529,13.61433517720018,14.670422114431858,14.557023970826126,28,1.6,8,0.45714285714285713,0,0.0,13.001864725924376,0.893167776049661,2,0.11428571428571428,0.0,0.0,0.07142857142857142,0.8126622784452499
bayes-fix-seed42,large_circle,4,462,1544568886,success,68,17.0,0.19240037344629923,0,0.0,1,0.5897693942960095,13.942680157282773,15.086180716753006,14.255846978570883,29,1.7058823529411764,13,0.7647058823529411,2,0.11764705882352941,14.813475382028109,1.039115768028055,3,0.17647058823529413,0.06557377049180328,0.06557377049180328,0.058823529411764705,0.8261915019389627
bayes-fix-seed42,large_circle,4,463,1544568887,success,70,17.5,0.19257311391806042,0,0.0,1,0.9017208775027025,13.770624250173569,15.252556651830673,13.502718369711582,42,2.4,30,1.7142857142857142,5,0.2857142857142857,25.063141732567185,1.8561552604686766,14,0.8,0.0,0.0,0.014285714285714285,0.8751829956033531
bayes-fix-seed42,large_circle,4,464,1544568888,success,62,15.5,0.19656529010452872,0,0.0,2,1.3594815367337205,13.449043396019167,14.60438184440136,12.689401112619647,26,1.6774193548387097,14,0.9032258064516129,0,0.0,10.74108899104725,0.8464614599002,6,0.3870967741935484,0.0,0.0,0.016129032258064516,0.9256245912677585
bayes-fix-seed42,large_circle,4,465,1544568889,timeout,101,25.25,0.16501491446118832,0,0.0,10,1.6180958864241204,13.905172116390549,15.155632048845291,21.11824724087729,55,2.1782178217821784,28,1.108910891089109,0,0.0,25.883061668692452,1.2256254685091574,7,0.27722772277227725,0.26595744680851063,0.07446808510638298,0.2376237623762376,0.476375567721775
bayes-fix-seed42,large_circle,4,466,1544568890,success,65,16.25,0.2365210656735689,0,0.0,0,0.8303477189272828,13.537385257390829,14.688843488693237,13.233330394616871,41,2.523076923076923,23,1.4153846153846155,0,0.0,15.523216193403414,1.1730392675541477,4,0.24615384615384617,0.0,0.0,0.015384615384615385,0.8911161615374315
bayes-fix-seed42,large_circle,4,467,1544568891,success,71,17.75,0.20753935985525274,0,0.0,0,0.9635173313802449,13.45843087199708,14.363909140229225,13.072863158765546,37,2.084507042253521,21,1.1830985915492958,0,0.0,15.527500149344043,1.187765829165941,6,0.3380281690140845,0.0,0.0,0.04225352112676056,0.8980063554404502
bayes-fix-seed42,large_circle,4,468,1544568892,success,69,17.25,0.22467719773069506,0,0.0,0,2.499921260469772,13.871827581222506,15.465866029262543,14.869580934291527,32,1.855072463768116,15,0.8695652173913043,3,0.17391304347826086,21.334239294507213,1.434757266447718,5,0.2898550724637681,0.03225806451612903,0.03225806451612903,0.043478260869565216,0.7933017183627348
bayes-fix-seed42,large_circle,4,469,1544568893,success,78,19.5,0.18686033214359088,0,0.0,4,1.384886314718778,13.730778908118223,14.592258259654045,15.99102641797695,47,2.41025641025641,25,1.2820512820512822,4,0.20512820512820512,30.48912545307189,1.9066396775379173,12,0.6153846153846154,0.14084507042253522,0.11267605633802817,0.08974358974358974,0.7366180265249922
bayes-fix-seed42,large_circle,4,470,1544568894,success,64,16.0,0.319695443158754,0,0.0,0,1.2782761653033974,13.558292877860367,14.720460213720798,13.978157561946617,28,1.75,15,0.9375,1,0.0625,9.264495502171897,0.6627837367775179,2,0.125,0.0,0.0,0.046875,0.8505123308276432
bayes-fix-seed42,large_circle,4,471,1544568895,success,75,18.75,0.1510210784833217,0,0.0,1,0.9990005362303822,13.871796528498331,15.3074961155653,14.069224725788512,43,2.2933333333333334,18,0.96,5,0.26666666666666666,26.50388065228467,1.8838195543002287,19,1.0133333333333334,0.10294117647058823,0.029411764705882353,0.13333333333333333,0.8404528894964789
bayes-fix-seed42,large_circle,4,472,1544568896,success,69,17.25,0.21131248822105975,0,0.0,0,1.1225268327959181,13.649499070817146,15.334179252386091,14.773321716249258,31,1.7971014492753623,14,0.8115942028985508,0,0.0,9.464868020357741,0.6406729780985735,4,0.2318840579710145,0.0,0.0,0.028985507246376812,0.8074582147363879
bayes-fix-seed42,large_circle,4,473,1544568897,success,63,15.75,0.1975194042382663,0,0.0,1,0.5936431297128982,13.791114564925905,15.192713588476181,13.140960184327481,40,2.5396825396825395,25,1.5873015873015872,3,0.19047619047619047,20.357631537230382,1.5491738238054962,11,0.6984126984126984,0.0,0.0,0.031746031746031744,0.9005284725824422
bayes-fix-seed42,large_circle,4,474,1544568898,success,64,16.0,0.4579055636430448,0,0.0,0,1.1428594629776125,13.784048205707222,15.097397193312645,13.121238836106585,25,1.5625,6,0.375,1,0.0625,12.302749977191716,0.9376210684723931,4,0.25,0.0,0.0,0.03125,0.8969269986733296
bayes-fix-seed42,large_circle,4,475,1544568899,success,71,17.75,0.1876331597568539,0,0.0,3,0.8732947952680189,13.719063147272863,14.623768627643585,13.882002066793783,35,1.971830985915493,18,1.0140845070422535,1,0.056338028169014086,13.88478668870337,1.0002005922413921,3,0.16901408450704225,0.03125,0.0,0.08450704225352113,0.8486588166769047
bayes-fix-seed42,large_circle,4,476,1544568900,success,68,17.0,0.14093078011618432,0,0.0,2,1.3122776564831675,13.591076466528808,14.688273333013058,14.346189762001707,36,2.1176470588235294,16,0.9411764705882353,0,0.0,13.188260230556374,0.9192866154250724,4,0.23529411764705882,0.0,0.0,0.014705882352941176,0.8292151886728968
bayes-fix-seed42,large_circle,4,477,1544568901,success,69,17.25,0.1716849140311948,0,0.0,5,1.3123726599008223,13.961167817098508,15.16503393650055,15.060252617361622,36,2.0869565217391304,14,0.8115942028985508,1,0.057971014492753624,17.738612160861916,1.177842936074834,7,0.4057971014492754,0.0,0.0,0.043478260869565216,0.7865682244428469
bayes-fix-seed42,large_circle,4,478,1544568902,success,60,15.0,0.21614963621293048,0,0.0,0,0.9792158985694533,13.79181214918693,14.975656569004059,13.63372620901641,32,2.1333333333333333,15,1.0,3,0.2,16.512214489867567,1.2111299755269782,7,0.4666666666666667,0.0,0.0,0.03333333333333333,0.8683510006794833
bayes-fix-seed42,large_circle,4,479,1544568903,success,64,16.0,0.28078277179078137,0,0.0,0,1.1678379227227524,13.450509053654969,14.678195118904114,13.290576965834193,27,1.6875,12,0.75,1,0.0625,10.345437741032036,0.7784039600106779,4,0.25,0.0,0.0,0.015625,0.8846142520672833
bayes-fix-seed42,large_circle,4,480,1544568904,success,67,16.75,0.23833707515024294,0,0.0,0,1.295531298762984,13.848660986370115,15.435238927602766,13.07022159563912,42,2.5074626865671643,24,1.4328358208955223,0,0.0,13.116781799574099,1.003562311747684,4,0.23880597014925373,0.0,0.0,0.014925373134328358,0.9011125683096101
bayes-fix-seed42,large_circle,4,481,1544568905,success,64,16.0,0.13923592882210645,0,0.0,2,0.6875516909119741,13.805532595142722,15.223071537911892,13.574548814105073,36,2.25,19,1.1875,0,0.0,11.64369442896388,0.8577592219393048,7,0.4375,0.0,0.0,0.03125,0.8681178667393983
bayes-fix-seed42,large_circle,4,482,1544568906,success,68,17.0,0.18919042547651066,0,0.0,2,0.945351668829967,13.633541708045145,14.80452660471201,14.518146451848235,33,1.9411764705882353,14,0.8235294117647058,0,0.0,12.715294040776419,0.8758207587276196,4,0.23529411764705882,0.04918032786885246,0.0,0.058823529411764705,0.8222790013986968
bayes-fix-seed42,large_circle,4,483,1544568907,success,66,16.5,0.20908067120580764,0,0.0,0,0.8112329404438907,13.42434317550876,14.392395503818989,12.882010539267146,30,1.8181818181818181,21,1.2727272727272727,4,0.24242424242424243,19.12972631010433,1.4849953935212832,9,0.5454545454545454,0.0,0.0,0.045454545454545456,0.9171737569272128
bayes-fix-seed42,large_circle,4,484,1544568908,success,65,16.25,0.22135670242314798,0,0.0,0,0.5819527442184715,13.65704404620024,15.046621859073639,14.103302884070999,36,2.2153846153846155,20,1.2307692307692308,4,0.24615384615384617,22.78983318226404,1.615921700724733,12,0.7384615384615385,0.0,0.0,0.046153846153846156,0.8377947024026702
bayes-fix-seed42,large_circle,4,485,1544568909,success,60,15.0,0.17461967487426966,0,0.0,3,0.6072200098675217,13.51094221075376,15.246822871267796,13.50715288096443,32,2.1333333333333333,20,1.3333333333333333,0,0.0,12.552446444894542,0.9293184548599172,3,0.2,0.0,0.0,0.016666666666666666,0.874697512806591
bayes-fix-seed42,large_circle,4,486,1544568910,success,70,17.5,0.24439026167000544,0,0.0,0,1.1094221764476897,13.55147414973804,14.69966471195221,13.487161008380847,28,1.6,16,0.9142857142857143,2,0.11428571428571428,17.264663068511325,1.2800813349661326,8,0.45714285714285713,0.0,0.0,0.05714285714285714,0.8852674696752346
bayes-fix-seed42,large_circle,4,487,1544568911,success,69,17.25,0.2273593394638025,0,0.0,0,0.6674814344753291,13.52754775164784,14.863390475511551,14.180823102217255,39,2.260869565217391,23,1.3333333333333333,0,0.0,16.111365532706287,1.1361375441025832,8,0.463768115942029,0.0,0.0,0.028985507246376812,0.82872520386667
bayes-fix-seed42,large_circle,4,488,1544568912,success,72,18.0,0.11775294100238687,0,0.0,3,1.6373161760297803,13.525706767621967,14.69960417598486,14.482764774602282,37,2.0555555555555554,16,0.8888888888888888,1,0.05555555555555555,17.160230565921562,1.1848725594172889,6,0.3333333333333333,0.0,0.0,0.06944444444444445,0.8131751379894625
bayes-fix-seed42,large_circle,4,489,1544568913,success,69,17.25,0.27986916998027167,0,0.0,0,0.9370029146835769,13.632675605839577,14.890387654304504,13.379815940624889,34,1.9710144927536233,18,1.0434782608695652,1,0.057971014492753624,14.917598101532182,1.1149329832137789,4,0.2318840579710145,0.0,0.0,0.028985507246376812,0.8786885122244829
bayes-fix-seed42,large_circle,4,490,1544568914,success,67,16.75,0.16139918448305113,0,0.0,2,1.4074131159565206,13.674432105982481,15.119312331080435,14.220219518056789,30,1.791044776119403,14,0.835820895522388,1,0.05970149253731343,15.715857885380842,1.105176883199651,4,0.23880597014925373,0.0,0.0,0.07462686567164178,0.8264557086149618
bayes-fix-seed42,large_circle,4,491,1544568915,success,98,24.5,0.15423669297679798,0,0.0,8,1.6233436631599174,13.84031457104245,15.259476006031036,19.715203453079305,52,2.122448979591837,23,0.9387755102040817,5,0.20408163265306123,30.6449929501443,1.554383804512952,11,0.4489795918367347,0.26373626373626374,0.15384615384615385,0.17346938775510204,0.5989931534032313
bayes-fix-seed42,large_circle,4,492,1544568916,success,66,16.5,0.22219360304598434,0,0.0,0,1.1626980450133122,13.69593157009645,14.83904104679823,13.22541527364803,32,1.9393939393939394,15,0.9090909090909091,0,0.0,9.992717687299296,0.7555692944636706,5,0.30303030303030304,0.0,0.0,0.015151515151515152,0.8912037206774553
bayes-fix-seed42,large_circle,4,493,1544568917,timeout,101,25.25,0.1777744799479981,0,0.0,3,1.8095932837034037,14.145740999443696,15.60378447175026,20.706574675751153,49,1.9405940594059405,20,0.7920792079207921,11,0.43564356435643564,37.09806291562121,1.7916079069835553,16,0.6336633663366337,0.26595744680851063,0.1595744680851064,0.24752475247524752,0.567618445093989
bayes-fix-seed42,large_circle,4,494,1544568918,success,70,17.5,0.21664996232683764,0,0.0,0,0.7839856191870798,13.468210718461446,14.556628279387951,14.875068063395984,38,2.1714285714285713,16,0.9142857142857143,0,0.0,13.905361672260735,0.9348099526669417,2,0.11428571428571428,0.07936507936507936,0.0,0.08571428571428572,0.7990362672556622
bayes-fix-seed42,large_circle,4,495,1544568919,success,67,16.75,0.2609372302332025,0,0.0,0,0.6497923564893797,13.571554711505549,14.996442571282387,13.745324628020699,32,1.9104477611940298,11,0.6567164179104478,2,0.11940298507462686,15.82139900876309,1.1510385848952729,4,0.23880597014925373,0.016666666666666666,0.016666666666666666,0.04477611940298507,0.8542475884929142
bayes-fix-seed42,large_circle,4,496,1544568920,success,65,16.25,0.2391583427217583,0,0.0,0,1.2421696936253899,13.84823196209394,15.172988921403885,13.660042322018622,24,1.476923076923077,11,0.676923076923077,1,0.06153846153846154,11.061851568123139,0.809796288133935,1,0.06153846153846154,0.034482758620689655,0.034482758620689655,0.06153846153846154,0.859328629574575
bayes-fix-seed42,large_circle,4,497,1544568921,success,67,16.75,0.41777841507346836,0,0.0,0,1.2222882856227884,13.9796984062266,15.335355326533318,13.7315212431624,35,2.08955223880597,14,0.835820895522388,2,0.11940298507462686,18.852009117844563,1.372900262396776,10,0.5970149253731343,0.0,0.0,0.029850746268656716,0.8605304102551897
bayes-fix-seed42,large_circle,4,498,1544568922,success,65,16.25,0.3002416874550473,0,0.0,0,1.00254946138416,13.817236916376995,14.960284531116486,13.959053051095996,26,1.6,11,0.676923076923077,2,0.12307692307692308,14.523342174998385,1.040424599135547,3,0.18461538461538463,0.0,0.0,0.06153846153846154,0.8427909893571306
bayes-fix-seed42,large_circle,4,499,1544568923,success,70,17.5,0.3609890325364149,0,0.0,0,1.1440747624784642,13.960551310862813,15.092684514820576,14.86239720507638,27,1.542857142857143,12,0.6857142857142857,1,0.05714285714285714,11.819705423212106,0.7952758401030342,5,0.2857142857142857,0.0,0.0,0.05714285714285714,0.7914349520503472
bayes-fix-seed42,large_square,5,0,1545568427,success,56,14.0,0.15061062944648196,0,0.0,7,0.6783617226914421,13.722385812018599,15.170474536716938,10.502530733935947,36,2.5714285714285716,20,1.4285714285714286,4,0.2857142857142857,21.429967759677982,2.040457514723868,5,0.35714285714285715,0.22448979591836735,0.20408163265306123,0.10714285714285714,0.7370509895324313
bayes-fix-seed42,large_square,5,1,1545568428,success,56,14.0,0.1771092729267144,0,0.0,2,0.7270631367733037,13.394436932035855,14.950728043913841,10.196612942125293,42,3.0,21,1.5,4,0.2857142857142857,29.021440647282475,2.8461843959366275,7,0.5,0.12244897959183673,0.12244897959183673,0.08928571428571429,0.7602111278913873
bayes-fix-seed42,large_square,5,2,1545568429,success,71,17.75,0.0852378895830399,0,0.0,27,0.6528672837784838,13.633014135797259,15.021052211523056,16.804514799812523,27,1.5211267605633803,13,0.7323943661971831,2,0.11267605633802817,14.330412560512887,0.8527715754502333,5,0.28169014084507044,0.125,0.0,0.09859154929577464,0.46239059579097463
bayes-fix-seed42,large_square,5,3,1545568430,success,41,10.25,0.2878376069534564,0,0.0,0,0.8181517968733566,13.369345446912254,14.928542077541351,9.425543891480713,19,1.853658536585366,9,0.8780487804878049,1,0.0975609756097561,9.517950005055415,1.009803796432185,4,0.3902439024390244,0.0,0.0,0.0,0.8203347282644549
bayes-fix-seed42,large_square,5,4,1545568431,success,57,14.25,0.11815562044783268,0,0.0,11,0.8361959610897077,13.484047562406774,14.69041332602501,11.023640623721294,39,2.736842105263158,19,1.3333333333333333,1,0.07017543859649122,16.805564920123082,1.524502248736222,2,0.14035087719298245,0.0,0.0,0.03508771929824561,0.6999410411425981
bayes-fix-seed42,large_square,5,5,1545568432,success,55,13.75,0.15046997109452365,0,0.0,3,0.4411715112234929,13.389318910512058,15.219111740589142,9.915396547341023,35,2.5454545454545454,13,0.9454545454545454,1,0.07272727272727272,13.452057952217407,1.3566838086596544,4,0.2909090909090909,0.0,0.0,0.01818181818181818,0.7836055391235748
bayes-fix-seed42,large_square,5,6,1545568433,success,70,17.5,0.1038837458096622,0,0.0,9,0.7841662018947199,13.937743753194809,15.593603067100048,14.934273523614834,44,2.5142857142857142,19,1.0857142857142856,2,0.11428571428571428,22.602194331703792,1.51344451378663,6,0.34285714285714286,0.06349206349206349,0.031746031746031744,0.14285714285714285,0.5192863247446066
bayes-fix-seed42,large_square,5,7,1545568434,success,76,19.0,0.18610772967748312,0,0.0,1,0.46497254209179,13.942692281776353,15.285682864487171,17.062442193659233,40,2.1052631578947367,19,1.0,3,0.15789473684210525,23.854440648078764,1.3980671921012329,5,0.2631578947368421,0.21739130434782608,0.11594202898550725,0.19736842105263158,0.45162159419051606
bayes-fix-seed42,large_square,5,8,1545568435,success,92,23.0,0.034848638845983215,0,0.0,8,0.5157129728718166,13.779286902559841,15.24797324091196,16.453633598389445,70,3.0434782608695654,28,1.2173913043478262,6,0.2608695652173913,45.832217160725484,2.785537728590951,20,0.8695652173913043,0.3411764705882353,0.2235294117647059,0.2717391304347826,0.4728871038478234
bayes-fix-seed42,large_square,5,9,1545568436,success,76,19.0,0.16606425671710845,0,0.0,4,0.915906716963163,13.717591713525747,15.017314814031124,14.880164854967946,55,2.8947368421052633,28,1.4736842105263157,5,0.2631578947368421,35.127807908797976,2.360713624558405,6,0.3157894736842105,0.2898550724637681,0.2898550724637681,0.25,0.5211672345854019
bayes-fix-seed42,large_square,5,10,1545568437,success,61,15.25,0.04805929122262731,0,0.0,4,0.9245930719655243,13.548271150374022,15.165913850069046,10.791818442582398,44,2.8852459016393444,19,1.2459016393442623,11,0.7213114754098361,43.82403981425231,4.060857773638152,13,0.8524590163934426,0.0,0.0,0.09836065573770492,0.721807333563533
bayes-fix-seed42,large_square,5,11,1545568438,success,66,16.5,0.1212416544134447,0,0.0,5,0.6586900866682203,13.4384667105747,15.04208892583847,13.261598098527971,49,2.9696969696969697,26,1.5757575757575757,6,0.36363636363636365,34.97632609573362,2.6374141212751705,11,0.6666666666666666,0.22033898305084745,0.15254237288135594,0.19696969696969696,0.5852608905362395
bayes-fix-seed42,large_square,5,12,1545568439,success,44,11.0,0.21511871351366452,0,0.0,0,0.6632067703651938,13.118034821342338,14.77963998913765,8.909121222151635,29,2.6363636363636362,13,1.1818181818181819,0,0.0,13.416984024821033,1.5059828786997589,5,0.45454545454545453,0.0,0.0,0.022727272727272728,0.8846747912926823
bayes-fix-seed42,large_square,5,13,1545568440,success,62,15.5,0.18058049718013036,0,0.0,1,0.8064030222031654,13.602989215043284,14.806507341563702,12.481639662902941,43,2.774193548387097,22,1.4193548387096775,8,0.5161290322580645,38.92669549620634,3.118716494588572,14,0.9032258064516129,0.21818181818181817,0.12727272727272726,0.1935483870967742,0.6220396329583708
bayes-fix-seed42,large_square,5,14,1545568441,success,87,21.75,0.17264065440846865,0,0.0,13,0.5193677552249488,13.558976480673099,15.030379965901375,20.563612938256917,44,2.0229885057471266,21,0.9655172413793104,0,0.0,19.806836418171454,0.9631982705394371,5,0.22988505747126436,0.1875,0.0625,0.20689655172413793,0.37748725793375115
bayes-fix-seed42,large_square,5,15,1545568442,success,46,11.5,0.009643607329022363,0,0.0,7,0.47828813561332517,13.18245753645897,14.75836243480444,10.45767763883263,25,2.1739130434782608,13,1.1304347826086956,3,0.2608695652173913,19.634677568264326,1.8775370829326985,7,0.6086956521739131,0.15384615384615385,0.10256410256410256,0.13043478260869565,0.7469529504836178
bayes-fix-seed42,large_square,5,16,1545568443,success,62,15.5,0.15559894224665494,0,0.0,3,0.6622690075457046,13.498152155549295,15.063348971307278,11.319240864793725,45,2.903225806451613,23,1.4838709677419355,2,0.12903225806451613,25.00650044884678,2.209202962243218,7,0.45161290322580644,0.12727272727272726,0.12727272727272726,0.12903225806451613,0.6925017251778876
bayes-fix-seed42,large_square,5,17,1545568444,success,46,11.5,0.11462744520225976,0,0.0,5,0.7781964407321569,13.304811456929082,15.28504304587841,10.639045483359745,23,2.0,8,0.6956521739130435,0,0.0,11.417603218083313,1.0731792843579144,5,0.43478260869565216,0.15384615384615385,0.0,0.13043478260869565,0.7319527487227685
bayes-fix-seed42,large_square,5,18,1545568445,success,67,16.75,0.11317392917085889,0,0.0,8,0.7554107867386722,13.746757338296122,15.281635522842407,12.31452237884055,52,3.1044776119402986,26,1.5522388059701493,5,0.29850746268656714,37.94804764590732,3.0815687753437864,12,0.7164179104477612,0.15,0.15,0.11940298507462686,0.6353229646212014
bayes-fix-seed42,large_square,5,19,1545568446,success,83,20.75,0.18591412431921095,0,0.0,4,0.5968047070536961,15.623446194881415,15.711468830704689,15.316164205783128,66,3.180722891566265,33,1.5903614457831325,8,0.3855421686746988,47.86674213369742,3.1252434676577665,14,0.6746987951807228,0.2631578947368421,0.14473684210526316,0.21686746987951808,0.5061030991860312
bayes-fix-seed42,large_square,5,20,1545568447,success,66,16.5,0.2024708006467445,0,0.0,0,0.6807615714818817,13.832682009899255,15.320545062422752,13.51703884558348,53,3.212121212121212,35,2.121212121212121,8,0.48484848484848486,35.259575030306316,2.608528053600063,10,0.6060606060606061,0.01694915254237288,0.01694915254237288,0.10606060606060606,0.5719090555457987
bayes-fix-seed42,large_square,5,21,1545568448,success,55,13.75,0.12263047552797757,0,0.0,4,0.6333554759744593,13.71522837064483,15.355740487575531,11.886061141986426,35,2.5454545454545454,12,0.8727272727272727,1,0.07272727272727272,20.926675330088898,1.7606064010698488,7,0.509090909090909,0.1875,0.10416666666666667,0.10909090909090909,0.6569838668440918
bayes-fix-seed42,large_square,5,22,1545568449,success,53,13.25,0.18488635035394663,0,0.0,1,0.7226675822871259,13.684264261205241,15.281028300523758,9.833467808154154,43,3.2452830188679247,23,1.7358490566037736,2,0.1509433962264151,23.4597211955676,2.3857017334326573,5,0.37735849056603776,0.0,0.0,0.03773584905660377,0.7885809825655025
bayes-fix-seed42,large_square,5,23,1545568450,success,71,17.75,0.2653154846571041,0,0.0,0,0.7454165288482442,14.031001327323242,15.43300412595272,14.734375037537355,46,2.591549295774648,21,1.1830985915492958,8,0.4507042253521127,39.37851414645432,2.6725608684544446,11,0.6197183098591549,0.328125,0.296875,0.2676056338028169,0.5231053290781257
bayes-fix-seed42,large_square,5,24,1545568451,success,68,17.0,0.13123374231253426,0,0.0,5,0.40726902747628846,13.65485168336069,14.743509702384472,14.845102313926887,48,2.823529411764706,17,1.0,5,0.29411764705882354,29.211209005757457,1.9677337608076335,4,0.23529411764705882,0.09836065573770492,0.09836065573770492,0.17647058823529413,0.527565462577376
bayes-fix-seed42,large_square,5,25,1545568452,timeout,101,25.25,0.18675650890669226,0,0.0,1,0.35586238066238207,13.918029900529596,15.273302793502808,14.666461013587647,89,3.5247524752475248,50,1.9801980198019802,28,1.108910891089109,104.35436824098991,7.115170329386993,11,0.43564356435643564,0.40425531914893614,0.3829787234042553,0.297029702970297,0.3937026364232329
bayes-fix-seed42,large_square,5,26,1545568453,success,58,14.5,0.19562685966455728,0,0.0,1,0.6123045854752516,13.530780657612045,15.313968993723392,10.324844536894112,45,3.103448275862069,22,1.5172413793103448,1,0.06896551724137931,24.87410703697868,2.4091507574855195,7,0.4827586206896552,0.11764705882352941,0.11764705882352941,0.10344827586206896,0.7512488595548469
bayes-fix-seed42,large_square,5,27,1545568454,success,61,15.25,0.14694638931677217,0,0.0,2,0.6079888182649067,13.660452832452586,15.208669006824493,11.31128401911965,42,2.7540983606557377,17,1.1147540983606556,10,0.6557377049180327,42.629246956090604,3.7687363241904,16,1.0491803278688525,0.24074074074074073,0.24074074074074073,0.19672131147540983,0.6818736701497743
bayes-fix-seed42,large_square,5,28,1545568455,timeout,101,25.25,0.12962379483886477,0,0.0,7,0.5764748516602803,13.883359545823371,14.90432396531105,15.275382907735745,97,3.8415841584158414,43,1.702970297029703,37,1.4653465346534653,129.8441860563687,8.500224632052472,38,1.504950495049505,0.5531914893617021,0.48936170212765956,0.39603960396039606,0.18443764837888127
bayes-fix-seed42,large_square,5,29,1545568456,success,84,21.0,0.1510883765473805,0,0.0,12,0.5975659096836842,13.701330648646469,14.892062731087208,17.223274318448986,47,2.238095238095238,23,1.0952380952380953,2,0.09523809523809523,23.630532321153687,1.3720116096531927,5,0.23809523809523808,0.22077922077922077,0.11688311688311688,0.20238095238095238,0.4504575822804257
bayes-fix-seed42,large_square,5,30,1545568457,timeout,101,25.25,0.14304312373638173,0,0.0,14,1.2740796214096357,13.77247296052404,14.795031398534775,15.027467277723495,67,2.6534653465346536,24,0.9504950495049505,6,0.2376237623762376,45.020543602297806,2.9958836555934893,15,0.594059405940594,0.8723404255319149,0.4148936170212766,0.7524752475247525,0.0
bayes-fix-seed42,large_square,5,31,1545568458,success,56,14.0,0.16695044951311444,0,0.0,2,0.48408156624414717,13.521950891507524,14.950470998883247,9.459867732810958,39,2.7857142857142856,22,1.5714285714285714,4,0.2857142857142857,22.54939875043637,2.3836907013218798,5,0.35714285714285715,0.08163265306122448,0.08163265306122448,0.07142857142857142,0.8190389189271422
bayes-fix-seed42,large_square,5,32,1545568459,success,65,16.25,0.028512177322051913,0,0.0,10,0.8588660179304501,13.586592043821629,14.990812540054321,13.454942304563534,45,2.769230769230769,23,1.4153846153846155,4,0.24615384615384617,29.239836707813573,2.1731670077764846,9,0.5538461538461539,0.1896551724137931,0.13793103448275862,0.16923076923076924,0.5777916147863315
bayes-fix-seed42,large_square,5,33,1545568460,timeout,101,25.25,0.14276695311793164,0,0.0,4,0.4114985277976113,13.841679854558246,15.040669590234756,14.357775738440322,96,3.801980198019802,57,2.257425742574257,52,2.0594059405940595,181.23640365600716,12.62287466789022,58,2.297029702970297,0.6382978723404256,0.5425531914893617,0.43564356435643564,0.13768848993337168
bayes-fix-seed42,large_square,5,34,1545568461,success,54,13.5,0.1569638953536493,0,0.0,4,0.6627206449990061,13.573452347406635,14.711280539631844,10.333747636809568,42,3.111111111111111,20,1.4814814814814814,1,0.07407407407407407,20.435486164356348,1.9775484057268484,10,0.7407407407407407,0.0,0.0,0.09259259259259259,0.7491309518282434
bayes-fix-seed42,large_square,5,35,1545568462,success,45,11.25,0.14727290534223325,0,0.0,4,0.6719943887310664,13.304498708910412,15.158611536026001,9.666841076517366,28,2.488888888888889,11,0.9777777777777777,0,0.0,11.158208974519162,1.1542766542034728,5,0.4444444444444444,0.0,0.0,0.06666666666666667,0.8018864592257393
bayes-fix-seed42,large_square,5,36,1545568463,timeout,101,25.25,0.12545120969372714,0,0.0,8,0.4396925286374422,13.909656960185211,15.517260879278183,14.39660514845447,89,3.5247524752475248,41,1.6237623762376239,30,1.188118811881188,97.09678737476099,6.744422478321892,28,1.108910891089109,0.46808510638297873,0.39361702127659576,0.4158415841584158,0.22336004648365856
bayes-fix-seed42,large_square,5,37,1545568464,success,36,9.0,0.3006179551482614,0,0.0,0,0.6740298758911125,13.256833060748047,15.09474590420723,8.404396299698254,17,1.8888888888888888,9,1.0,1,0.1111111111111111,7.095327839583973,0.8442400365911731,4,0.4444444444444444,0.0,0.0,0.0,0.9314484122668237
bayes-fix-seed42,large_square,5,38,1545568465,success,72,18.0,0.17613669115432895,0,0.0,2,0.9985573788852835,13.640872047593197,15.02530574798584,13.61277458310263,52,2.888888888888889,27,1.5,9,0.5,43.37037984408468,3.186005878472402,13,0.7222222222222222,0.26153846153846155,0.18461538461538463,0.25,0.5714621856545283
bayes-fix-seed42,large_square,5,39,1545568466,success,59,14.75,0.17338922999597195,0,0.0,2,0.7315156162696458,13.738206698227737,15.195108577609062,12.739040555788565,36,2.440677966101695,17,1.152542372881356,5,0.3389830508474576,26.035813826901258,2.0437813752834546,7,0.4745762711864407,0.15384615384615385,0.057692307692307696,0.1864406779661017,0.6174680684406849
bayes-fix-seed42,large_square,5,40,1545568467,success,62,15.5,0.1160965219394976,0,0.0,6,1.1707063968470781,13.69657902227294,14.945012517273426,12.611854004823442,39,2.5161290322580645,20,1.2903225806451613,4,0.25806451612903225,24.79214337087941,1.9657810311947457,9,0.5806451612903226,0.18181818181818182,0.14545454545454545,0.14516129032258066,0.6148480607477734
bayes-fix-seed42,large_square,5,41,1545568468,timeout,101,25.25,0.20342158245232078,0,0.0,0,0.5858236735333877,13.792879768822452,15.073660761117935,12.743767211899607,96,3.801980198019802,44,1.7425742574257426,41,1.6237623762376239,144.48205274156163,11.337467982516992,47,1.8613861386138615,0.5425531914893617,0.5319148936170213,0.3564356435643564,0.1946142482509073
bayes-fix-seed42,large_square,5,42,1545568469,success,43,10.75,0.16429558213468676,0,0.0,2,1.0201234466949807,13.676750625288763,15.80853946506977,8.58642468328469,32,2.9767441860465116,22,2.046511627906977,0,0.0,13.36052454635455,1.5560055598418823,3,0.27906976744186046,0.0,0.0,0.0,0.9078856852423959
bayes-fix-seed42,large_square,5,43,1545568470,collision,24,6.0,-0.010568796556386428,1,0.25,5,0.5442110961924836,12.374470165620247,14.823288843035698,4.008294097136161,21,3.5,6,1.0,2,0.3333333333333333,11.976341465860234,2.9878899041906806,4,0.6666666666666666,0.17647058823529413,0.058823529411764705,0.125,0.5981706181670461
bayes-fix-seed42,large_square,5,44,1545568471,success,70,17.5,0.057606207662623476,0,0.0,5,0.867951801348692,13.86882710669722,15.226715058088303,13.462144334818705,51,2.914285714285714,28,1.6,6,0.34285714285714286,40.77177221629968,3.0286239102968846,13,0.7428571428571429,0.2857142857142857,0.19047619047619047,0.2,0.5802433368779758
bayes-fix-seed42,large_square,5,45,1545568472,collision,20,5.0,-0.1116519326763859,1,0.25,8,0.340139869843354,12.147855572402477,14.279524981975555,3.710058715227518,18,3.6,9,1.8,2,0.4,17.167648668455687,4.627325329918097,4,0.8,0.0,0.0,0.25,0.45088969252282524
bayes-fix-seed42,large_square,5,46,1545568473,success,71,17.75,0.05787571110495937,0,0.0,15,0.889515726561183,13.824115913938469,15.27176983654499,14.911794740104224,42,2.3661971830985915,20,1.1267605633802817,9,0.5070422535211268,34.23594724548342,2.2958971634318606,11,0.6197183098591549,0.28125,0.078125,0.16901408450704225,0.5318088407367948
bayes-fix-seed42,large_square,5,47,1545568474,success,69,17.25,0.2083489282008204,0,0.0,0,0.6509116254192197,13.671645705682645,15.322054922580719,13.662277443725516,44,2.550724637681159,19,1.1014492753623188,6,0.34782608695652173,28.46812355952653,2.0837026386549256,9,0.5217391304347826,0.22580645161290322,0.1935483870967742,0.2608695652173913,0.5677257871722254
bayes-fix-seed42,large_square,5,48,1545568475,success,57,14.25,0.11552124648028717,0,0.0,5,0.4515831179498616,13.61114806250522,14.853139221668243,10.383022883590016,47,3.2982456140350878,24,1.6842105263157894,2,0.14035087719298245,27.8108011173627,2.6784878959784097,15,1.0526315789473684,0.14,0.0,0.07017543859649122,0.748152601972797
bayes-fix-seed42,large_square,5,49,1545568476,collision,27,6.75,-0.010673008364491587,1,0.25,2,1.0271585891412591,12.88618947620745,14.617449045181274,6.300419122949692,16,2.3703703703703702,11,1.6296296296296295,1,0.14814814814814814,8.453059257208306,1.3416661800192753,6,0.8888888888888888,0.0,0.0,0.07407407407407407,0.8747537407069432
bayes-fix-seed42,large_square,5,50,1545568477,collision,31,7.75,0.03057920959639082,0,0.0,3,0.8162286936688762,12.807286674937894,14.918074011802673,5.694484322311595,24,3.096774193548387,18,2.3225806451612905,0,0.0,10.339198359031954,1.815651387171596,8,1.032258064516129,0.0,0.0,0.0,0.9219095349806091
bayes-fix-seed42,large_square,5,51,1545568478,success,64,16.0,0.038674286247526446,0,0.0,10,0.4894518383695331,13.698825612664223,15.107723325490952,12.333940147332173,43,2.6875,18,1.125,4,0.25,27.21798640931918,2.206755188057761,6,0.375,0.24561403508771928,0.15789473684210525,0.21875,0.6426983358349435
bayes-fix-seed42,large_square,5,52,1545568479,success,47,11.75,0.24521803454331825,0,0.0,0,0.9577716088448398,13.151054131857892,14.787108823657036,9.422763218831403,28,2.382978723404255,11,0.9361702127659575,2,0.1702127659574468,13.650741907584294,1.4486983903302666,6,0.5106382978723404,0.0,0.0,0.0425531914893617,0.8264841598064774
bayes-fix-seed42,large_square,5,53,1545568480,success,53,13.25,0.10247700813682281,0,0.0,10,0.6834395042204717,13.509120440708017,14.975609630346298,12.070425541358658,28,2.1132075471698113,17,1.2830188679245282,6,0.4528301886792453,21.402015830261337,1.773095385653844,7,0.5283018867924528,0.08695652173913043,0.0,0.16981132075471697,0.6486577027375718
bayes-fix-seed42,large_square,5,54,1545568481,success,36,9.0,0.1442847518650252,0,0.0,2,0.6461940811881389,13.289948304494223,14.941208995878696,8.507659266264529,22,2.4444444444444446,14,1.5555555555555556,0,0.0,9.995677318742173,1.174903343670343,9,1.0,0.0,0.0,0.0,0.9100448219226336
bayes-fix-seed42,large_square,5,55,1545568482,success,52,13.0,0.18544994986746333,0,0.0,1,0.7121549902202359,13.45941460189911,14.644941128790379,11.40243062952609,31,2.3846153846153846,15,1.1538461538461537,1,0.07692307692307693,19.35982143886855,1.6978679430626964,7,0.5384615384615384,0.1111111111111111,0.1111111111111111,0.09615384615384616,0.678160109804272
bayes-fix-seed42,large_square,5,56,1545568483,success,46,11.5,0.24152527654349487,0,0.0,0,0.8609676993298964,13.451164021440174,15.398029237985611,9.747400177672613,34,2.9565217391304346,24,2.0869565217391304,2,0.17391304347826086,20.09567840364644,2.0616449553058858,7,0.6086956521739131,0.0,0.0,0.06521739130434782,0.7985239128476685
bayes-fix-seed42,large_square,5,57,1545568484,collision,3,0.75,-0.028496960033392083,1,0.25,2,0.07552666775647736,11.23446598649025,11.376955360174179,0.5529847478146631,2,2.6666666666666665,0,0.0,1,1.3333333333333333,3.3863610485715308,6.1237874316679966,1,1.3333333333333333,0.0,0.0,0.3333333333333333,0.050400173886512634
bayes-fix-seed42,large_square,5,58,1545568485,success,55,13.75,0.20544791937656248,0,0.0,0,0.9512839954745421,13.637362691489132,15.32837189733982,12.042436359315984,27,1.9636363636363636,15,1.0909090909090908,1,0.07272727272727272,10.88507419570789,0.9038930222194812,1,0.07272727272727272,0.020833333333333332,0.020833333333333332,0.07272727272727272,0.6448964452154321
bayes-fix-seed42,large_square,5,59,1545568486,success,51,12.75,0.19309926063079574,0,0.0,2,0.597315221645327,13.615187622752844,15.230085700750351,9.411253069572625,37,2.9019607843137254,16,1.2549019607843137,3,0.23529411764705882,19.31103745625801,2.05190927430187,10,0.7843137254901961,0.09090909090909091,0.09090909090909091,0.0392156862745098,0.831118034298854
bayes-fix-seed42,large_square,5,60,1545568487,timeout,101,25.25,0.12361880881990239,0,0.0,2,0.5253792770263696,13.99558067026705,15.355002135038376,13.5382790941837,97,3.8415841584158414,51,2.01980198019802,50,1.9801980198019802,137.5766068565043,10.16204540469326,51,2.01980198019802,0.648936170212766,0.6276595744680851,0.43564356435643564,0.14314568340783984
bayes-fix-seed42,large_square,5,61,1545568488,success,60,15.0,0.013099999411901653,0,0.0,8,0.6505540623684236,13.8012591128548,15.254858322441578,11.733331300431026,36,2.4,22,1.4666666666666666,2,0.13333333333333333,21.754940593922697,1.8541145764053835,6,0.4,0.2641509433962264,0.2641509433962264,0.18333333333333332,0.6611498812528364
bayes-fix-seed42,large_square,5,62,1545568489,timeout,101,25.25,0.009927051478387683,0,0.0,18,1.2673811051788544,14.053805703573888,15.209674835205078,19.03894588692059,69,2.732673267326733,22,0.8712871287128713,7,0.27722772277227725,38.51663486912688,2.0230445056092687,9,0.3564356435643564,0.7553191489361702,0.09574468085106383,0.5544554455445545,0.0
bayes-fix-seed42,large_square,5,63,1545568490,timeout,101,25.25,0.1718924793811346,0,0.0,13,0.41492555559518984,13.979643140688982,15.336953103542328,11.812235408304481,86,3.405940594059406,48,1.900990099009901,28,1.108910891089109,105.86506217898003,8.962322415666774,20,0.7920792079207921,0.5212765957446809,0.4787234042553192,0.22772277227722773,0.5297786844518255
bayes-fix-seed42,large_square,5,64,1545568491,timeout,101,25.25,0.04612384353153043,0,0.0,12,0.660085970475886,15.210767341132211,15.678908675909042,21.850238935193527,74,2.9306930693069306,35,1.386138613861386,1,0.039603960396039604,35.03618222859769,1.6034690665174356,9,0.3564356435643564,0.425531914893617,0.1702127659574468,0.36633663366336633,0.3395545578768808
bayes-fix-seed42,large_square,5,65,1545568492,success,80,20.0,0.017237738471797215,0,0.0,16,0.7614856269991057,13.995644496753812,15.33128209412098,18.108548756382138,40,2.0,17,0.85,5,0.25,25.03375459959226,1.3824274344883334,8,0.4,0.1232876712328767,0.0136986301369863,0.1375,0.4264306422699072
bayes-fix-seed42,large_square,5,66,1545568493,success,46,11.5,0.19470110345232716,0,0.0,1,0.853383196205022,13.507207126721092,15.328291803598404,9.425087124586442,33,2.869565217391304,25,2.1739130434782608,2,0.17391304347826086,20.751944013899895,2.2017774201541354,7,0.6086956521739131,0.0,0.0,0.021739130434782608,0.8197023960925979
bayes-fix-seed42,large_square,5,67,1545568494,timeout,101,25.25,0.035627139357767845,0,0.0,10,0.428348510577765,14.125921569838383,15.617568045854568,17.66863221979558,85,3.366336633663366,32,1.2673267326732673,27,1.0693069306930694,89.22227634018668,5.049755704361985,28,1.108910891089109,0.6702127659574468,0.5106382978723404,0.43564356435643564,0.0449197309043888
bayes-fix-seed42,large_square,5,68,1545568495,collision,16,4.0,-0.010189455692783844,1,0.25,4,0.7385225331635366,11.623500613495708,13.005746528506279,2.3188523381751796,14,3.5,8,2.0,3,0.75,13.12415770060128,5.659764308636113,4,1.0,0.0,0.0,0.0625,0.6478733858443679
bayes-fix-seed42,large_square,5,69,1545568496,success,50,12.5,0.22816948172874219,0,0.0,0,0.5910185372383134,13.527715727686882,14.887595549225807,9.396190757710556,27,2.16,13,1.04,2,0.16,17.11039630201846,1.8209928622380929,7,0.56,0.0,0.0,0.04,0.8272626716410223
bayes-fix-seed42,large_square,5,70,1545568497,success,52,13.0,0.07053225206785829,0,0.0,9,0.46808661986715844,13.63112935079978,15.600962564349174,11.064777426565714,38,2.923076923076923,19,1.4615384615384615,2,0.15384615384615385,19.532147505271837,1.7652544422969225,8,0.6153846153846154,0.044444444444444446,0.022222222222222223,0.1346153846153846,0.7118105550260262
bayes-fix-seed42,large_square,5,71,1545568498,success,59,14.75,0.18793732596821033,0,0.0,3,0.6892329278448287,13.563827501010087,15.379736572504044,12.121615137932883,39,2.6440677966101696,18,1.2203389830508475,4,0.2711864406779661,24.908157238380085,2.0548546505517673,6,0.4067796610169492,0.09615384615384616,0.0,0.0847457627118644,0.6419805580439861
bayes-fix-seed42,large_square,5,72,1545568499,success,53,13.25,0.07437147027114954,0,0.0,11,0.7466483961520304,13.497143140378988,14.850744605064392,10.943170526722312,36,2.7169811320754715,20,1.509433962264151,3,0.22641509433962265,21.03326915763396,1.922045270725926,7,0.5283018867924528,0.0,0.0,0.07547169811320754,0.7048286721496354
bayes-fix-seed42,large_square,5,73,1545568500,success,63,15.75,0.19756954393660187,0,0.0,1,0.5704563884460784,13.70119492685984,15.045144036412239,11.60368516571054,42,2.6666666666666665,18,1.1428571428571428,6,0.38095238095238093,30.108610625568982,2.594745565360684,8,0.5079365079365079,0.08928571428571429,0.03571428571428571,0.1111111111111111,0.6727702243180498
bayes-fix-seed42,large_square,5,74,1545568501,success,58,14.5,0.19122139878283573,0,0.0,2,0.784154487208388,13.521999827232854,14.989418350160122,11.302945203326578,40,2.7586206896551726,22,1.5172413793103448,10,0.6896551724137931,32.24386536977051,2.852695893834891,10,0.6896551724137931,0.13725490196078433,0.0784313725490196,0.15517241379310345,0.6847460006589652
bayes-fix-seed42,large_square,5,75,1545568502,success,58,14.5,0.18340239077825082,0,0.0,2,0.5554586519157624,13.472943919999846,14.617755264043808,11.375099403355078,42,2.896551724137931,21,1.4482758620689655,4,0.27586206896551724,33.16068113028709,2.915199239534238,13,0.896551724137931,0.19607843137254902,0.11764705882352941,0.13793103448275862,0.6780513820900613
bayes-fix-seed42,large_square,5,76,1545568503,collision,38,9.5,-0.0891668259057522,1,0.25,4,0.35805279846435445,13.355998420401624,14.823324605822563,5.606627338896431,36,3.789473684210526,14,1.4736842105263157,7,0.7368421052631579,33.92382992605714,6.050666091307304,9,0.9473684210526315,0.1935483870967742,0.16129032258064516,0.2631578947368421,0.34793018683921156
bayes-fix-seed42,large_square,5,77,1545568504,success,57,14.25,0.10789188586512788,0,0.0,9,0.45612594102155074,13.784899915519514,14.973226189613342,13.397258688053606,30,2.1052631578947367,15,1.0526315789473684,0,0.0,14.95494346059099,1.1162689180530923,2,0.14035087719298245,0.2,0.06,0.15789473684210525,0.5831713818455452
bayes-fix-seed42,large_square,5,78,1545568505,success,60,15.0,0.1602992823232866,0,0.0,3,0.5868968225477679,13.851953546206156,15.991640836000443,11.677353369740285,45,3.0,27,1.8,5,0.3333333333333333,37.441104593129765,3.206300555239812,8,0.5333333333333333,0.09433962264150944,0.07547169811320754,0.08333333333333333,0.6670834429982467
bayes-fix-seed42,large_square,5,79,1545568506,success,67,16.75,0.19468727182009105,0,0.0,14,0.5440660565445015,13.90099870180016,14.85755518078804,15.20993394535157,38,2.2686567164179103,22,1.3134328358208955,2,0.11940298507462686,20.213066621530135,1.3289384881061639,8,0.47761194029850745,0.06666666666666667,0.05,0.11940298507462686,0.5142732233943152
bayes-fix-seed42,large_square,5,80,1545568507,success,69,17.25,0.0470997421121111,0,0.0,4,0.5421391597193458,13.714225341876348,15.257928520441055,13.038528269051291,50,2.898550724637681,29,1.681159420289855,10,0.5797101449275363,41.00017851078905,3.144540370258545,16,0.927536231884058,0.14516129032258066,0.14516129032258066,0.17391304347826086,0.6024166177292943
bayes-fix-seed42,large_square,5,81,1545568508,success,70,17.5,0.14855207866791365,0,0.0,8,0.8620045121485659,13.747722070131983,15.000454522669315,14.931246923996321,41,2.342857142857143,20,1.1428571428571428,8,0.45714285714285713,29.57461552600217,1.9807197400554795,6,0.34285714285714286,0.30158730158730157,0.20634920634920634,0.21428571428571427,0.5236950422177513
bayes-fix-seed42,large_square,5,82,1545568509,success,83,20.75,0.1944387624556101,0,0.0,1,0.924512218232049,13.946500483406595,15.217198431491852,14.46929545480401,59,2.8433734939759034,29,1.3975903614457832,13,0.6265060240963856,50.48058675889287,3.4888075177242026,19,0.9156626506024096,0.27631578947368424,0.2236842105263158,0.21686746987951808,0.5366414730145068
bayes-fix-seed42,large_square,5,83,1545568510,success,76,19.0,0.19893206555792198,0,0.0,1,0.6891382676446806,13.845795030264478,14.975883066654205,13.712602534615,50,2.6315789473684212,26,1.368421052631579,9,0.47368421052631576,37.61492656371353,2.7430917266624926,11,0.5789473684210527,0.4057971014492754,0.3333333333333333,0.23684210526315788,0.5668652104264611
bayes-fix-seed42,large_square,5,84,1545568511,success,75,18.75,0.09890544034648996,0,0.0,10,0.7334939109227108,13.918312986691793,15.15175886452198,13.803901564233051,55,2.933333333333333,29,1.5466666666666666,13,0.6933333333333334,55.602381343383634,4.028019258515548,15,0.8,0.38235294117647056,0.38235294117647056,0.21333333333333335,0.5625206203741738
bayes-fix-seed42,large_square,5,85,1545568512,success,66,16.5,0.17880351480094647,0,0.0,1,0.955492237789626,13.915111395445736,15.385568141937256,12.702342800227374,38,2.303030303030303,17,1.0303030303030303,6,0.36363636363636365,33.657560596602785,2.649712822740094,11,0.6666666666666666,0.3389830508474576,0.23728813559322035,0.2878787878787879,0.6129711492375515
bayes-fix-seed42,large_square,5,86,1545568513,success,79,19.75,0.17228911351611353,0,0.0,4,0.6517949322274987,13.936205708150622,15.619580447673798,17.073293787041916,43,2.1772151898734178,16,0.810126582278481,3,0.1518987341772152,22.309398672304173,1.3066839328469995,9,0.45569620253164556,0.125,0.0,0.1518987341772152,0.4556227161859008
bayes-fix-seed42,large_square,5,87,1545568514,success,65,16.25,0.10956699409585169,0,0.0,14,0.7195371768317547,13.483074995187613,14.527948200702667,14.216210338494422,42,2.5846153846153848,18,1.1076923076923078,4,0.24615384615384617,25.418811263477473,1.7880159802256745,6,0.36923076923076925,0.20689655172413793,0.0,0.2,0.5495637298636409
bayes-fix-seed42,large_square,5,88,1545568515,success,80,20.0,0.1763967669016151,0,0.0,5,1.2366344639363593,13.541704043745995,14.684172347187996,15.32697943890238,53,2.65,27,1.35,18,0.9,61.01243774509339,3.9807215758529595,22,1.1,0.3972602739726027,0.3972602739726027,0.2875,0.5136423294040482
bayes-fix-seed42,large_square,5,89,1545568516,success,58,14.5,0.18549273217479856,0,0.0,1,0.9276971743615876,13.235629375638633,14.907074719667435,10.91671328793846,32,2.206896551724138,14,0.9655172413793104,3,0.20689655172413793,19.434481464308043,1.7802502412315437,5,0.3448275862068966,0.09803921568627451,0.09803921568627451,0.13793103448275862,0.7102406477337361
bayes-fix-seed42,large_square,5,90,1545568517,success,63,15.75,0.13031210899389967,0,0.0,5,0.7477025904238725,13.349454140379315,14.630218222737312,12.81254462147614,42,2.6666666666666665,20,1.2698412698412698,2,0.12698412698412698,22.386383483698868,1.7472238454627695,7,0.4444444444444444,0.03571428571428571,0.0,0.12698412698412698,0.6055739205982396
bayes-fix-seed42,large_square,5,91,1545568518,success,59,14.75,0.17763117601577683,0,0.0,5,0.9569888912325001,13.165370955810708,14.516298845410347,11.131572673083117,37,2.5084745762711864,14,0.9491525423728814,3,0.2033898305084746,18.959883415179842,1.7032528980407324,7,0.4745762711864407,0.19230769230769232,0.19230769230769232,0.15254237288135594,0.6961709554924488
bayes-fix-seed42,large_square,5,92,1545568519,success,48,12.0,0.163723958259538,0,0.0,2,0.6851969691265962,13.185819999004403,14.445257931947708,10.705414684212995,31,2.5833333333333335,12,1.0,0,0.0,15.859550416225835,1.481451292084324,5,0.4166666666666667,0.0,0.0,0.0625,0.7275870339296583
bayes-fix-seed42,large_square,5,93,1545568520,success,79,19.75,0.14397490699212068,0,0.0,5,0.4949470799986208,13.39290635306624,14.372718706727028,15.001284462166906,57,2.8860759493670884,22,1.1139240506329113,10,0.5063291139240507,45.48345530613052,3.031970723629657,13,0.6582278481012658,0.19444444444444445,0.1527777777777778,0.22784810126582278,0.5172427498436327
bayes-fix-seed42,large_square,5,94,1545568521,success,36,9.0,0.15676921500819607,0,0.0,1,1.0113185654852124,12.639478780329227,14.126495458185673,8.167540555659253,21,2.3333333333333335,11,1.2222222222222223,0,0.0,6.9502978797333395,0.8509658240897878,4,0.4444444444444444,0.0,0.0,0.0,0.9583246808805508
bayes-fix-seed42,large_square,5,95,1545568522,success,46,11.5,0.1814777524217639,0,0.0,2,0.755987052105079,13.006401126799377,14.453612267971039,8.477611637764982,28,2.4347826086956523,13,1.1304347826086956,1,0.08695652173913043,13.953466310187379,1.6459195002551494,2,0.17391304347826086,0.0,0.0,0.021739130434782608,0.9144273355198576
bayes-fix-seed42,large_square,5,96,1545568523,collision,30,7.5,-0.0010766191781580448,1,0.25,5,0.5659404123037148,12.667364999651909,14.125820994377136,4.856019797886919,27,3.6,9,1.2,4,0.5333333333333333,19.662132906396025,4.0490223938032415,6,0.8,0.21739130434782608,0.17391304347826086,0.23333333333333334,0.3605914680452925
bayes-fix-seed42,large_square,5,97,1545568524,success,61,15.25,0.17614052210260167,0,0.0,5,0.541271363777091,13.26650558192222,14.535386115312576,14.011858179949918,35,2.2950819672131146,18,1.180327868852459,5,0.32786885245901637,22.025530361674395,1.5719207316265542,7,0.45901639344262296,0.07407407407407407,0.07407407407407407,0.14754098360655737,0.5566542607235249
bayes-fix-seed42,large_square,5,98,1545568525,success,44,11.0,0.038610288465758424,0,0.0,7,0.8201552258141477,13.017394749278372,14.409448392689228,8.97066433049437,30,2.727272727272727,19,1.7272727272727273,2,0.18181818181818182,17.622413168799852,1.964449066374629,7,0.6363636363636364,0.0,0.0,0.022727272727272728,0.8658049256472549
bayes-fix-seed42,large_square,5,99,1545568526,success,61,15.25,0.1367096525467324,0,0.0,2,0.6546925191008832,13.306657005040371,14.582961797714233,13.999640902961124,35,2.2950819672131146,19,1.2459016393442623,2,0.13114754098360656,18.055955277450032,1.2897441729116736,6,0.39344262295081966,0.35185185185185186,0.16666666666666666,0.26229508196721313,0.5624129122654216
bayes-fix-seed42,large_square,5,100,1545568527,collision,26,6.5,-0.03174996431367383,1,0.25,15,0.20993604496447,12.423994736029552,14.178766869008541,5.2131232391891205,17,2.6153846153846154,3,0.46153846153846156,2,0.3076923076923077,11.471194453641058,2.200445669000788,3,0.46153846153846156,0.2631578947368421,0.0,0.15384615384615385,0.46620958097822673
bayes-fix-seed42,large_square,5,101,1545568528,timeout,101,25.25,0.09469554678760594,0,0.0,16,0.7640375319474061,13.45894120559834,14.344267547130585,19.510736817790143,74,2.9306930693069306,30,1.188118811881188,13,0.5148514851485149,63.049552763173885,3.231531097569031,20,0.7920792079207921,0.3191489361702128,0.09574468085106383,0.33663366336633666,0.3363646076305294
bayes-fix-seed42,large_square,5,102,1545568529,collision,8,2.0,-0.013740057722722687,1,0.25,5,0.1826896094697804,10.403008200228214,10.837874375283718,1.721637751565614,5,2.5,2,1.0,0,0.0,3.5185136502365073,2.043701497040745,0,0.0,0.0,0.0,0.375,0.1899484000089443
bayes-fix-seed42,large_square,5,103,1545568530,success,58,14.5,0.10643178636431894,0,0.0,5,0.7986578882631895,12.953063023501429,14.156762510538101,12.606265760013871,36,2.4827586206896552,22,1.5172413793103448,3,0.20689655172413793,20.541304701374425,1.6294519798662268,5,0.3448275862068966,0.058823529411764705,0.0,0.13793103448275862,0.6248148702415791
bayes-fix-seed42,large_square,5,104,1545568531,collision,16,4.0,-0.027180012099052187,1,0.25,6,0.41541926892869113,11.62659958936274,12.745640240609646,2.614793100610845,15,3.75,6,1.5,1,0.25,7.018728036016113,2.684238395143562,1,0.25,0.0,0.0,0.125,0.6276543510291113
bayes-fix-seed42,large_square,5,105,1545568532,collision,15,3.75,-0.048121242023546285,1,0.25,2,0.5185511817609912,11.24298945069313,12.314024940133095,2.590615987596298,14,3.7333333333333334,8,2.1333333333333333,5,1.3333333333333333,14.428718789097472,5.569609258254116,3,0.8,0.0,0.0,0.13333333333333333,0.3387904617323885
bayes-fix-seed42,large_square,5,106,1545568533,success,68,17.0,0.16936056534891386,0,0.0,2,0.6990091605706322,13.272853349061574,14.350365474820137,12.065321621967458,48,2.823529411764706,20,1.1764705882352942,4,0.23529411764705882,26.84663388534589,2.225107189556053,10,0.5882352941176471,0.21311475409836064,0.19672131147540983,0.16176470588235295,0.6565651537962017
bayes-fix-seed42,large_square,5,107,1545568534,collision,20,5.0,-0.022908926964100518,1,0.25,9,0.21616176671122278,11.859217658638954,12.914450652897358,3.508283282576189,17,3.4,10,2.0,3,0.6,13.62151877887997,3.882673570441401,2,0.4,0.3076923076923077,0.3076923076923077,0.4,0.3095495675438551
bayes-fix-seed42,large_square,5,108,1545568535,success,62,15.5,0.16379847103584433,0,0.0,3,0.6172830713327406,13.253333347458993,14.37290832400322,11.491743029972142,47,3.032258064516129,17,1.096774193548387,5,0.3225806451612903,28.316924254412065,2.464110464405391,7,0.45161290322580644,0.21818181818181817,0.14545454545454545,0.1774193548387097,0.6801891176457542
bayes-fix-seed42,large_square,5,109,1545568536,success,47,11.75,0.20958471943507773,0,0.0,0,0.47158250303107124,13.13551515340805,14.747542515397072,9.977747285508233,29,2.4680851063829787,15,1.2765957446808511,1,0.0851063829787234,10.759236740088626,1.0783232359187365,5,0.425531914893617,0.0,0.0,0.0425531914893617,0.7809358915161091
bayes-fix-seed42,large_square,5,110,1545568537,success,83,20.75,0.2011843986877413,0,0.0,0,0.5336092468088807,13.329818485731101,14.32642787694931,14.880582594549939,71,3.4216867469879517,35,1.6867469879518073,10,0.4819277108433735,55.540764920003774,3.732432152242867,25,1.2048192771084338,0.15789473684210525,0.15789473684210525,0.20481927710843373,0.5218975140239557
bayes-fix-seed42,large_square,5,111,1545568538,success,64,16.0,0.0894102840974128,0,0.0,9,1.1282361732512878,13.029191584791988,14.236129634082316,13.499295528798404,43,2.6875,19,1.1875,4,0.25,24.368866747398837,1.805195441155584,8,0.5,0.15789473684210525,0.05263157894736842,0.1875,0.5777807984704197
bayes-fix-seed42,large_square,5,112,1545568539,collision,40,10.0,-0.03090020322009901,1,0.25,4,0.4440627458065931,13.144835829734802,14.674044400453568,6.720710544421673,33,3.3,18,1.8,9,0.9,29.903130955573065,4.449400217123363,6,0.6,0.3333333333333333,0.21212121212121213,0.375,0.07945256881910782
bayes-fix-seed42,large_square,5,113,1545568540,collision,27,6.75,-0.00987577142323992,1,0.25,8,0.3471059325014953,12.35339128308826,14.030393958091736,4.7064296270613015,26,3.8518518518518516,14,2.074074074074074,4,0.5925925925925926,16.840257385954228,3.578138572204531,9,1.3333333333333333,0.1,0.1,0.1111111111111111,0.5215958327048883
bayes-fix-seed42,large_square,5,114,1545568541,success,73,18.25,0.12768156348459958,0,0.0,6,0.638351728269997,13.255403568483379,14.321602880954742,12.620912808467411,51,2.7945205479452055,20,1.095890410958904,7,0.3835616438356164,34.71593049782054,2.7506671684261623,9,0.4931506849315068,0.12121212121212122,0.09090909090909091,0.2191780821917808,0.6279442913611372
bayes-fix-seed42,large_square,5,115,1545568542,success,66,16.5,0.15054634097009867,0,0.0,8,0.5172173581908127,13.347041031176394,14.438203535974026,13.632269223479073,50,3.0303030303030303,24,1.4545454545454546,5,0.30303030303030304,34.84305918942744,2.5559251081556322,11,0.6666666666666666,0.2033898305084746,0.15254237288135594,0.16666666666666666,0.5677579930305191
bayes-fix-seed42,large_square,5,116,1545568543,success,60,15.0,0.08894353247442532,0,0.0,11,0.5370651422974024,13.25965883831183,14.42770641297102,11.241988863328318,42,2.8,16,1.0666666666666667,2,0.13333333333333333,18.044672860521324,1.6051139242259482,7,0.4666666666666667,0.1320754716981132,0.07547169811320754,0.11666666666666667,0.6941454651307305
bayes-fix-seed42,large_square,5,117,1545568544,success,58,14.5,0.13969538540802962,0,0.0,2,0.7544571876591275,13.147672766755367,14.33955729007721,10.422397047782551,35,2.413793103448276,17,1.1724137931034482,7,0.4827586206896552,31.473972653971785,3.01984011064596,10,0.6896551724137931,0.09803921568627451,0.0196078431372549,0.13793103448275862,0.7407193880920979
bayes-fix-seed42,large_square,5,118,1545568545,success,53,13.25,0.1571384911401652,0,0.0,3,0.4191797308808466,15.376471685913375,14.092068374156952,10.281545814073137,43,3.2452830188679247,24,1.8113207547169812,1,0.07547169811320754,21.886208802628435,2.128688545322738,7,0.5283018867924528,0.0,0.0,0.0,0.7490986600747802
bayes-fix-seed42,large_square,5,119,1545568546,success,60,15.0,0.22688414587085293,0,0.0,0,0.6918925644165496,13.213206951816877,14.430090226233006,11.619710822994376,42,2.8,21,1.4,6,0.4,29.798836074811852,2.5645075448730275,13,0.8666666666666667,0.22641509433962265,0.16981132075471697,0.15,0.6695501641998133
bayes-fix-seed42,large_square,5,120,1545568547,success,58,14.5,0.132184935554847,0,0.0,3,0.825855210001552,13.170669112226058,14.302099123597145,13.13739757820807,33,2.2758620689655173,19,1.3103448275862069,3,0.20689655172413793,18.38725755007553,1.3996118668567796,3,0.20689655172413793,0.0784313725490196,0.0784313725490196,0.13793103448275862,0.5924035902501897
bayes-fix-seed42,large_square,5,121,1545568548,collision,29,7.25,-0.002969253119918691,1,0.25,5,0.8073464841228372,12.469501074018149,14.254287630319595,6.190612662465932,25,3.4482758620689653,14,1.9310344827586208,0,0.0,11.313405255321463,1.8275097913838707,6,0.8275862068965517,0.0,0.0,0.10344827586206896,0.7110157292543564
bayes-fix-seed42,large_square,5,122,1545568549,success,58,14.5,0.09067788611926875,0,0.0,10,0.7131813566558166,13.140828573498233,14.248596131801605,11.37210861883784,39,2.689655172413793,16,1.103448275862069,3,0.20689655172413793,21.21259162790283,1.8653173601212603,9,0.6206896551724138,0.29411764705882354,0.19607843137254902,0.15517241379310345,0.6807516476145041
bayes-fix-seed42,large_square,5,123,1545568550,collision,23,5.75,-0.05610919399514025,1,0.25,5,0.6123002204559659,11.893415418655977,14.460702985525131,3.9894346854902585,22,3.8260869565217392,12,2.0869565217391304,1,0.17391304347826086,14.71296179295332,3.687981619667814,8,1.391304347826087,0.3125,0.125,0.2608695652173913,0.42234300029426175
bayes-fix-seed42,large_square,5,124,1545568551,success,64,16.0,0.12401265750289148,0,0.0,3,0.8436408951522092,13.183711853343993,14.36068918555975,13.91532947011774,40,2.5,20,1.25,9,0.5625,30.915708458673496,2.221701507324204,7,0.4375,0.14035087719298245,0.14035087719298245,0.234375,0.566495188456975
bayes-fix-seed42,large_square,5,125,1545568552,success,57,14.25,0.1586274386087082,0,0.0,7,0.5914621501613592,13.297750434854574,14.531530439853668,10.401782777270792,36,2.526315789473684,10,0.7017543859649122,5,0.3508771929824561,24.92658475878005,2.3963762070909405,8,0.5614035087719298,0.06,0.06,0.10526315789473684,0.7459940773177296
bayes-fix-seed42,large_square,5,126,1545568553,success,57,14.25,0.10750615708643863,0,0.0,3,0.5944756400047139,13.248761887090248,14.42168653011322,11.188918284808057,44,3.087719298245614,24,1.6842105263157894,2,0.14035087719298245,24.74269845751246,2.211357508179077,11,0.7719298245614035,0.12,0.12,0.10526315789473684,0.6924974973907728
bayes-fix-seed42,large_square,5,127,1545568554,success,48,12.0,0.1586280768708449,0,0.0,4,0.5849806254416877,13.12929461710155,14.528496749699116,9.52914619195069,31,2.5833333333333335,12,1.0,2,0.16666666666666666,15.745414564937578,1.6523426388649378,5,0.4166666666666667,0.12195121951219512,0.12195121951219512,0.08333333333333333,0.8152288342825768
bayes-fix-seed42,large_square,5,128,1545568555,success,89,22.25,0.11875529526115314,0,0.0,6,0.6157385347668215,13.583166294553306,14.554677158594131,14.495057655890644,65,2.9213483146067416,29,1.303370786516854,9,0.4044943820224719,45.47340789703317,3.137166403650229,17,0.7640449438202247,0.21951219512195122,0.1951219512195122,0.1797752808988764,0.5376836362141683
bayes-fix-seed42,large_square,5,129,1545568556,success,57,14.25,0.18342372320614886,0,0.0,2,0.6624712032658605,13.305578380823135,14.38683569431305,10.070106670301461,44,3.087719298245614,22,1.543859649122807,4,0.2807017543859649,25.440574848918544,2.5263461134872913,8,0.5614035087719298,0.0,0.0,0.05263157894736842,0.77380679532721
bayes-fix-seed42,large_square,5,130,1545568557,success,53,13.25,0.10527980017085692,0,0.0,4,1.0388491608355863,13.21175364109705,14.488274604082108,11.305815475109334,34,2.5660377358490565,9,0.6792452830188679,2,0.1509433962264151,19.691800940728854,1.7417408752231933,9,0.6792452830188679,0.1956521739130435,0.13043478260869565,0.16981132075471697,0.6881453042755602
bayes-fix-seed42,large_square,5,131,1545568558,success,43,10.75,0.17818148851037563,0,0.0,1,0.5358689811187742,12.850403005993643,14.189963415265083,9.301835603048806,28,2.604651162790698,18,1.6744186046511629,1,0.09302325581395349,13.715699998881696,1.4745154165470507,9,0.8372093023255814,0.0,0.0,0.023255813953488372,0.8337109896347095
bayes-fix-seed42,large_square,5,132,1545568559,success,57,14.25,0.1425392886981911,0,0.0,4,0.5403327919859288,13.120975476085095,14.383208006620407,11.027866337286897,35,2.456140350877193,14,0.9824561403508771,1,0.07017543859649122,18.929382205656495,1.7165045011158113,7,0.49122807017543857,0.0,0.0,0.08771929824561403,0.7047576762329685
bayes-fix-seed42,large_square,5,133,1545568560,success,87,21.75,0.1521850819872429,0,0.0,3,0.7219259465975658,13.484946398556918,14.57197405397892,17.198673663860923,60,2.7586206896551726,31,1.4252873563218391,7,0.3218390804597701,43.58038527844504,2.5339387286601784,19,0.8735632183908046,0.2125,0.175,0.1839080459770115,0.4546224196642148
bayes-fix-seed42,large_square,5,134,1545568561,success,50,12.5,0.1976397081343545,0,0.0,1,0.5470517544012808,14.00079794228077,19.092346541583527,9.364855676125309,31,2.48,13,1.04,4,0.32,17.928466297041023,1.9144412810063605,7,0.56,0.0,0.0,0.04,0.8232127115893537
bayes-fix-seed42,large_square,5,135,1545568562,success,52,13.0,0.21575769995140692,0,0.0,0,0.7533503111498685,13.0977718016276,14.460137486457823,10.487081964596843,30,2.3076923076923075,16,1.2307692307692308,3,0.23076923076923078,18.213146712605038,1.7367220714103773,4,0.3076923076923077,0.044444444444444446,0.044444444444444446,0.09615384615384616,0.7459608457107528
bayes-fix-seed42,large_square,5,136,1545568563,success,42,10.5,0.13884955003476052,0,0.0,3,0.8572653099531228,12.831717286081542,14.067571423947811,9.38629484271368,28,2.6666666666666665,17,1.619047619047619,0,0.0,11.472771001646954,1.2222896461166408,5,0.47619047619047616,0.0,0.0,0.07142857142857142,0.8260749321141828
bayes-fix-seed42,large_square,5,137,1545568564,success,58,14.5,0.173816790960039,0,0.0,3,0.6096990576286112,13.193055794670665,14.300097897648811,10.15093101653686,38,2.6206896551724137,17,1.1724137931034482,4,0.27586206896551724,25.98392634566283,2.5597579476535177,7,0.4827586206896552,0.13725490196078433,0.0784313725490196,0.1206896551724138,0.767428612600746
bayes-fix-seed42,large_square,5,138,1545568565,success,63,15.75,0.17993614643536782,0,0.0,4,0.48764689197205785,13.186924691711154,14.434273540973663,10.54096924755821,45,2.857142857142857,21,1.3333333333333333,7,0.4444444444444444,32.64932014265002,3.0973736262643166,9,0.5714285714285714,0.16071428571428573,0.08928571428571429,0.12698412698412698,0.7372557076057513
bayes-fix-seed42,large_square,5,139,1545568566,success,47,11.75,0.16766263287184635,0,0.0,3,0.7610353600633422,13.000693885569877,14.465640112757683,9.727254072765941,39,3.3191489361702127,23,1.9574468085106382,1,0.0851063829787234,19.722919320393174,2.027593725099952,9,0.7659574468085106,0.0,0.0,0.0851063829787234,0.7985364573580946
bayes-fix-seed42,large_square,5,140,1545568567,success,40,10.0,0.5683888564094951,0,0.0,0,1.0622518799959693,12.564242538064718,14.172124676406384,9.076306520767062,20,2.0,10,1.0,0,0.0,5.8357084514256155,0.6429607063262144,3,0.3,0.0,0.0,0.0,0.8569974165234173
bayes-fix-seed42,large_square,5,141,1545568568,success,54,13.5,0.1678242546614649,0,0.0,2,0.5838748565471554,13.040425393868375,14.341866038739681,11.78194714501387,32,2.3703703703703702,12,0.8888888888888888,2,0.14814814814814814,13.260627630734179,1.125503914380238,5,0.37037037037037035,0.19148936170212766,0.19148936170212766,0.18518518518518517,0.6713802824679278
bayes-fix-seed42,large_square,5,142,1545568569,success,60,15.0,0.1590426277016933,0,0.0,3,0.7006545303444869,12.919563055038452,14.008923061192036,13.48775757159433,35,2.3333333333333335,20,1.3333333333333333,8,0.5333333333333333,28.982195390093082,2.148777899977277,13,0.8666666666666667,0.22641509433962265,0.1509433962264151,0.15,0.5754122259127552
bayes-fix-seed42,large_square,5,143,1545568570,success,73,18.25,0.15105454295157528,0,0.0,7,0.8351484174943707,13.388655314298525,14.527936279773712,12.466974133639907,53,2.904109589041096,28,1.5342465753424657,7,0.3835616438356164,43.510835626701024,3.4900879042730018,11,0.6027397260273972,0.16666666666666666,0.13636363636363635,0.2054794520547945,0.6200227706164656
bayes-fix-seed42,large_square,5,144,1545568571,collision,15,3.75,-0.004694712433874426,1,0.25,2,0.4577342193855995,11.316928515831629,12.748855724930763,1.9891288251308663,14,3.7333333333333334,9,2.4,8,2.1333333333333333,20.700966523692614,10.407051701304807,7,1.8666666666666667,0.25,0.25,0.4666666666666667,0.0050869918187729495
bayes-fix-seed42,large_square,5,145,1545568572,success,48,12.0,0.2172674409696056,0,0.0,0,0.7753584530658442,13.046747849633297,14.279014058411121,9.435607390685586,29,2.4166666666666665,12,1.0,3,0.25,17.14719899049708,1.817286188425351,11,0.9166666666666666,0.0,0.0,0.041666666666666664,0.824452099854526
bayes-fix-seed42,large_square,5,146,1545568573,success,38,9.5,0.18296479498768092,0,0.0,2,0.7790193171437946,12.64472050886405,14.187521487474442,8.927822707645165,19,2.0,10,1.0526315789473684,0,0.0,7.911461410857444,0.8861579883393764,5,0.5263157894736842,0.0,0.0,0.0,0.8707187440730058
bayes-fix-seed42,large_square,5,147,1545568574,success,80,20.0,0.1543322087520137,0,0.0,4,0.7093311081113847,13.249836629256606,14.249373972415924,14.764026007021869,54,2.7,21,1.05,13,0.65,58.10760906461314,3.935756347013801,12,0.6,0.410958904109589,0.3150684931506849,0.2625,0.5275730979568757
bayes-fix-seed42,large_square,5,148,1545568575,success,70,17.5,0.2470562153300756,0,0.0,0,0.9926738496284641,13.261172068970543,14.322959631681442,11.524706747890775,53,3.0285714285714285,32,1.8285714285714285,10,0.5714285714285714,47.37700516887436,4.110907653033791,15,0.8571428571428571,0.15873015873015872,0.15873015873015872,0.14285714285714285,0.6753268676845806
bayes-fix-seed42,large_square,5,149,1545568576,success,66,16.5,0.03001624480659215,0,0.0,6,0.7232184525610896,13.339552238132015,14.399714767932892,12.525181032217946,47,2.8484848484848486,20,1.2121212121212122,8,0.48484848484848486,37.12186646635896,2.963778836479257,11,0.6666666666666666,0.2033898305084746,0.13559322033898305,0.19696969696969696,0.6286654931022357
bayes-fix-seed42,large_square,5,150,1545568577,collision,28,7.0,-0.010556520574791395,1,0.25,9,0.2585940044081607,12.567776521401745,14.267059043049812,4.29205770082401,24,3.4285714285714284,13,1.8571428571428572,7,1.0,23.17492955350505,5.399491611926795,5,0.7142857142857143,0.42857142857142855,0.42857142857142855,0.32142857142857145,0.3095569750135898
bayes-fix-seed42,large_square,5,151,1545568578,success,47,11.75,0.18562920733730015,0,0.0,3,0.7909189735268887,13.01826148274097,14.22022096812725,9.900923668884902,26,2.2127659574468086,14,1.1914893617021276,3,0.2553191489361702,15.891485915027081,1.6050508464142992,4,0.3404255319148936,0.0,0.0,0.0851063829787234,0.7787275785728517
bayes-fix-seed42,large_square,5,152,1545568579,success,55,13.75,0.176775055402145,0,0.0,5,0.5727150693150984,13.06049796667966,14.288986474275589,12.365176489654067,28,2.036363636363636,14,1.018181818181818,3,0.21818181818181817,17.07731734388596,1.3810815687244364,3,0.21818181818181817,0.0,0.0,0.05454545454545454,0.6273609872022118
bayes-fix-seed42,large_square,5,153,1545568580,success,58,14.5,0.16834232722699538,0,0.0,3,0.48873892616816195,13.207846032134418,14.416540041565895,11.18663180307678,40,2.7586206896551726,19,1.3103448275862069,2,0.13793103448275862,21.074149160035525,1.8838690260851594,7,0.4827586206896552,0.17647058823529413,0.1568627450980392,0.08620689655172414,0.6924805786474209
bayes-fix-seed42,large_square,5,154,1545568581,success,61,15.25,0.15898799111850004,0,0.0,2,0.7365593232553236,13.212534736414424,14.362074434757233,12.885335051324681,34,2.2295081967213113,19,1.2459016393442623,7,0.45901639344262296,22.711299736662696,1.7625695914153086,7,0.45901639344262296,0.2037037037037037,0.18518518518518517,0.2459016393442623,0.6018677647211367
bayes-fix-seed42,large_square,5,155,1545568582,success,58,14.5,0.15136282624056074,0,0.0,2,0.8803174105051228,13.109933199553653,14.29207306355238,10.914870231844374,40,2.7586206896551726,19,1.3103448275862069,10,0.6896551724137931,39.31179660002763,3.6016732920318737,11,0.7586206896551724,0.13725490196078433,0.13725490196078433,0.1206896551724138,0.7118228341485071
bayes-fix-seed42,large_square,5,156,1545568583,success,45,11.25,0.19230852066621318,0,0.0,1,0.5650223507376497,12.700650013155407,13.964054733514786,9.11677193278047,31,2.7555555555555555,19,1.6888888888888889,3,0.26666666666666666,16.645813224819026,1.8258450850313548,8,0.7111111111111111,0.0,0.0,0.022222222222222223,0.8525547071761213
bayes-fix-seed42,large_square,5,157,1545568584,collision,27,6.75,-0.07476817321466822,1,0.25,8,0.6009580325596157,12.328560981485579,13.981073722243309,5.179178814055765,25,3.7037037037037037,11,1.6296296296296295,5,0.7407407407407407,21.36700152277846,4.125557793986681,7,1.037037037037037,0.7,0.5,0.48148148148148145,0.08778495470037355
bayes-fix-seed42,large_square,5,158,1545568585,success,51,12.75,0.13760164416217946,0,0.0,6,0.979300391153402,13.209844702014736,14.372725039720535,9.905334062586796,34,2.6666666666666665,20,1.5686274509803921,2,0.1568627450980392,21.136052448201653,2.133805110928478,15,1.1764705882352942,0.13636363636363635,0.13636363636363635,0.09803921568627451,0.7831991598425059
bayes-fix-seed42,large_square,5,159,1545568586,success,47,11.75,0.19401641491845234,0,0.0,1,0.70183464138231,12.994573075086512,14.564600959420204,9.504917329263973,29,2.4680851063829787,16,1.3617021276595744,2,0.1702127659574468,13.921407487621646,1.4646531900661646,5,0.425531914893617,0.1,0.075,0.10638297872340426,0.8274955516563708
bayes-fix-seed42,large_square,5,160,1545568587,collision,27,6.75,-0.01796294228540063,1,0.25,9,0.7072095825603912,12.150586479239994,14.029112830758095,5.23612402990824,22,3.259259259259259,12,1.7777777777777777,3,0.4444444444444444,19.757010056401587,3.773212770276532,6,0.8888888888888888,0.5,0.4,0.3333333333333333,0.045818059631421236
bayes-fix-seed42,large_square,5,161,1545568588,collision,23,5.75,-0.05839913185455059,1,0.25,2,0.9298391591433632,12.008471981338833,13.584144786000252,3.708471091406185,22,3.8260869565217392,15,2.608695652173913,2,0.34782608695652173,13.685132657840224,3.6902357657724303,6,1.0434782608695652,0.0625,0.0625,0.13043478260869565,0.5978744537234169
bayes-fix-seed42,large_square,5,162,1545568589,success,67,16.75,0.03829101923288558,0,0.0,9,0.7139812198091845,13.288218917241737,14.265881106257439,13.438266701613692,43,2.5671641791044775,19,1.1343283582089552,3,0.1791044776119403,28.038055414556254,2.0864339157065093,7,0.417910447761194,0.13333333333333333,0.13333333333333333,0.1044776119402985,0.5789703018761524
bayes-fix-seed42,large_square,5,163,1545568590,success,57,14.25,0.18972769056755745,0,0.0,1,0.4523158322745708,13.056634876288866,14.065749943256378,10.556606342136295,41,2.8771929824561404,20,1.4035087719298245,8,0.5614035087719298,35.863331760357596,3.3972406091539535,12,0.8421052631578947,0.02,0.02,0.12280701754385964,0.7427516486662705
bayes-fix-seed42,large_square,5,164,1545568591,timeout,101,25.25,0.18294361661898906,0,0.0,4,0.7535184150135554,13.38973829504287,14.562610536813736,20.193042126513344,75,2.9702970297029703,45,1.7821782178217822,17,0.6732673267326733,67.80830922485882,3.3580036529427586,23,0.9108910891089109,0.26595744680851063,0.20212765957446807,0.2871287128712871,0.3138909509410923
bayes-fix-seed42,large_square,5,165,1545568592,success,49,12.25,0.15122051478868026,0,0.0,7,0.4625835636355964,12.914330147358836,14.473699778318405,9.699746406089867,31,2.5306122448979593,12,0.9795918367346939,2,0.16326530612244897,15.10316540773183,1.5570680691455492,9,0.7346938775510204,0.0,0.0,0.02040816326530612,0.8021646186918804
bayes-fix-seed42,large_square,5,166,1545568593,success,70,17.5,0.1819236109420851,0,0.0,4,1.061643270589528,13.084062401737485,13.98866269737482,12.541004755878152,38,2.1714285714285713,15,0.8571428571428571,6,0.34285714285714286,28.964112975421678,2.3095528260481504,8,0.45714285714285713,0.3492063492063492,0.20634920634920634,0.21428571428571427,0.6255369666478975
bayes-fix-seed42,large_square,5,167,1545568594,success,87,21.75,0.14705415598629834,0,0.0,10,0.7777137090455238,13.41511283455224,14.430862665176392,18.275431912812163,60,2.7586206896551726,34,1.5632183908045978,3,0.13793103448275862,32.57422274012227,1.7824050832574747,11,0.5057471264367817,0.3375,0.225,0.3103448275862069,0.42489329457395325
bayes-fix-seed42,large_square,5,168,1545568595,success,48,12.0,0.19367396666488534,0,0.0,1,0.5768096053972319,12.928465303654471,13.966177217662334,8.373733685331723,39,3.25,19,1.5833333333333333,0,0.0,14.341048982743025,1.712623009239505,7,0.5833333333333334,0.0,0.0,0.0,0.9261119919270534
bayes-fix-seed42,large_square,5,169,1545568596,success,37,9.25,0.18184970593566796,0,0.0,5,0.5250218168263404,12.672602928973532,14.241795241832733,8.708577582764752,24,2.5945945945945947,16,1.7297297297297298,0,0.0,6.629251900664461,0.7612324558931979,1,0.10810810810810811,0.0,0.0,0.0,0.8952771897637961
bayes-fix-seed42,large_square,5,170,1545568597,collision,25,6.25,-0.006311964457579422,1,0.25,3,0.8835624878654967,11.934448629617691,13.453392684459686,3.888517861645598,24,3.84,11,1.76,3,0.48,17.624772386117968,4.532516761710146,7,1.12,0.16666666666666666,0.16666666666666666,0.2,0.5028752916299327
bayes-fix-seed42,large_square,5,171,1545568598,success,45,11.25,0.18922714248442019,0,0.0,2,0.5402318516422585,12.871916426552666,14.176905155181885,8.90522985347866,34,3.022222222222222,22,1.9555555555555555,1,0.08888888888888889,19.969467013679665,2.2424426255408747,9,0.8,0.0,0.0,0.0,0.8714232714571388
bayes-fix-seed42,large_square,5,172,1545568599,success,57,14.25,0.15626933789939645,0,0.0,2,0.5420235923921966,13.310783264929789,14.34842050075531,10.117475836862935,39,2.736842105263158,16,1.1228070175438596,4,0.2807017543859649,23.808117305155484,2.35316769607799,7,0.49122807017543857,0.08,0.0,0.10526315789473684,0.7666364459184737
bayes-fix-seed42,large_square,5,173,1545568600,timeout,101,25.25,0.1901260402214433,0,0.0,2,0.6059754030904544,13.737998202000513,14.86443355679512,18.12194409171248,74,2.9306930693069306,35,1.386138613861386,19,0.7524752475247525,67.52450724524209,3.726118285296023,17,0.6732673267326733,0.3723404255319149,0.18085106382978725,0.36633663366336633,0.21139154778270375
bayes-fix-seed42,large_square,5,174,1545568601,success,38,9.5,0.17303646149974206,0,0.0,4,0.4100714137816315,13.098535863192458,14.697729237377644,8.356785674237386,29,3.0526315789473686,14,1.4736842105263157,0,0.0,9.527887340803606,1.140137812816779,6,0.631578947368421,0.0,0.0,0.0,0.9236139013253816
bayes-fix-seed42,large_square,5,175,1545568602,success,68,17.0,0.11409398769318513,0,0.0,6,0.5505957846830655,13.527244822505642,14.902409724891186,12.978593242668294,43,2.5294117647058822,11,0.6470588235294118,3,0.17647058823529413,19.302660292695244,1.4872690692883423,4,0.23529411764705882,0.2459016393442623,0.09836065573770492,0.2647058823529412,0.599982908937423
bayes-fix-seed42,large_square,5,176,1545568603,success,44,11.0,0.22374326796254695,0,0.0,0,0.8503574120108152,13.222011991522528,14.650901779532433,9.009661924020591,28,2.5454545454545454,12,1.0909090909090908,0,0.0,8.915008069666545,0.989494183560685,9,0.8181818181818182,0.0,0.0,0.0,0.856411029527381
bayes-fix-seed42,large_square,5,177,1545568604,success,47,11.75,0.1429781359434118,0,0.0,4,0.645893720106266,13.200622606784739,14.575597643852234,10.254156424659019,32,2.723404255319149,16,1.3617021276595744,0,0.0,17.16684279099287,1.6741350609505372,7,0.5957446808510638,0.0,0.0,0.02127659574468085,0.7597869460429456
bayes-fix-seed42,large_square,5,178,1545568605,success,66,16.5,0.1683167570189804,0,0.0,2,1.4065290930736458,13.406931337985126,14.56321682780981,11.662865275264043,45,2.727272727272727,21,1.2727272727272727,2,0.12121212121212122,23.138718615231728,1.983965180864003,7,0.42424242424242425,0.23728813559322035,0.1694915254237288,0.19696969696969696,0.6686902825588824
bayes-fix-seed42,large_square,5,179,1545568606,success,65,16.25,0.10092183113769804,0,0.0,4,0.5441173908285664,13.335314507667835,14.638374000787735,11.739634282898978,52,3.2,24,1.476923076923077,8,0.49230769230769234,38.08504878256502,3.2441426934434556,19,1.1692307692307693,0.22413793103448276,0.22413793103448276,0.2,0.6611889476017937
bayes-fix-seed42,large_square,5,180,1545568607,success,65,16.25,0.1447825068071844,0,0.0,1,0.783708782172082,13.321452358594307,14.668357372283936,13.053210542537595,42,2.5846153846153848,20,1.2307692307692308,8,0.49230769230769234,32.83825094167365,2.515722153922277,10,0.6153846153846154,0.2413793103448276,0.2413793103448276,0.24615384615384617,0.5935893611499786
bayes-fix-seed42,large_square,5,181,1545568608,success,51,12.75,0.19791269388666222,0,0.0,1,0.6256296846358698,13.103783934139738,14.60975594818592,9.610004942103865,30,2.3529411764705883,11,0.8627450980392157,3,0.23529411764705882,19.3205341634715,2.010460377478408,6,0.47058823529411764,0.022727272727272728,0.022727272727272728,0.0784313725490196,0.8137360245337205
bayes-fix-seed42,large_square,5,182,1545568609,success,41,10.25,0.19088159522079984,0,0.0,3,0.5241351802585454,12.928169311546698,14.361128211021423,8.335963357909131,29,2.8292682926829267,19,1.853658536585366,0,0.0,10.330128839385717,1.2392243578643527,8,0.7804878048780488,0.0,0.0,0.0,0.9413960665102896
bayes-fix-seed42,large_square,5,183,1545568610,success,49,12.25,0.20487501450821366,0,0.0,0,0.42247421447698513,15.52989022160063,14.367985725402832,10.152286617275657,33,2.693877551020408,19,1.5510204081632653,0,0.0,15.655986331753915,1.542114296213119,10,0.8163265306122449,0.0,0.0,0.02040816326530612,0.7676131600888787
bayes-fix-seed42,large_square,5,184,1545568611,success,66,16.5,0.08639981618958414,0,0.0,10,0.5791522141497821,13.330086388371207,14.400350861251354,12.798536438465568,57,3.4545454545454546,37,2.242424242424242,3,0.18181818181818182,42.04923862359813,3.28547243083362,21,1.2727272727272727,0.1864406779661017,0.11864406779661017,0.19696969696969696,0.6058277055041213
bayes-fix-seed42,large_square,5,185,1545568612,success,59,14.75,0.19716807193304786,0,0.0,2,0.5461773848764656,13.220766022548837,14.38317447900772,11.179562086027715,38,2.5762711864406778,11,0.7457627118644068,3,0.2033898305084746,18.72817547098004,1.6752154804334087,7,0.4745762711864407,0.21153846153846154,0.21153846153846154,0.1864406779661017,0.6890225520821045
bayes-fix-seed42,large_square,5,186,1545568613,success,50,12.5,0.18121159628421102,0,0.0,3,1.2443591414688973,12.912532240152359,14.073557034134865,9.486446267529654,43,3.44,21,1.68,5,0.4,26.2382268879117,2.7658647029626136,13,1.04,0.0,0.0,0.06,0.8207721792895384
bayes-fix-seed42,large_square,5,187,1545568614,success,37,9.25,0.20598972094593193,0,0.0,0,0.7479345220451526,12.814854045171995,14.305006712675093,8.569824224374825,22,2.3783783783783785,13,1.4054054054054055,1,0.10810810810810811,10.198029501965248,1.1899928440725052,8,0.8648648648648649,0.0,0.0,0.0,0.9077854895165345
bayes-fix-seed42,large_square,5,188,1545568615,success,69,17.25,0.020420416742831904,0,0.0,6,0.978600228058488,13.141920979040256,14.205829799175262,14.435390287208698,47,2.7246376811594204,24,1.391304347826087,8,0.463768115942029,40.26606065825777,2.789398821723429,14,0.8115942028985508,0.2903225806451613,0.1935483870967742,0.2898550724637681,0.5426974699592036
bayes-fix-seed42,large_square,5,189,1545568616,collision,23,5.75,-0.0480834260556019,1,0.25,5,0.6510027083200576,12.11291179060936,14.31652083992958,3.7824701127945346,21,3.652173913043478,9,1.565217391304348,7,1.2173913043478262,25.14242625755489,6.647091849452675,7,1.2173913043478262,0.0625,0.0625,0.2608695652173913,0.3260365146731254
bayes-fix-seed42,large_square,5,190,1545568617,success,55,13.75,0.15532587585326219,0,0.0,3,0.7817589566802378,13.268524137410251,14.465978369116783,10.426356607238368,39,2.8363636363636364,20,1.4545454545454546,5,0.36363636363636365,27.389853324042946,2.6269822101641798,11,0.8,0.08333333333333333,0.020833333333333332,0.07272727272727272,0.7544312141566459
bayes-fix-seed42,large_square,5,191,1545568618,timeout,101,25.25,0.1223107613866663,0,0.0,16,0.30212907950075474,13.412544669786302,14.373552054166794,12.868614678360158,85,3.366336633663366,43,1.702970297029703,25,0.9900990099009901,93.39755519802915,7.257778520254114,13,0.5148514851485149,0.7978723404255319,0.6702127659574468,0.5841584158415841,0.0
bayes-fix-seed42,large_square,5,192,1545568619,success,59,14.75,0.17605562426003685,0,0.0,4,0.6076352679839334,13.30265005008649,14.315320178866386,9.810642968487487,45,3.0508474576271185,21,1.423728813559322,3,0.2033898305084746,21.16664177945928,2.157518304095675,8,0.5423728813559322,0.11538461538461539,0.07692307692307693,0.0847457627118644,0.7944484737565093
bayes-fix-seed42,large_square,5,193,1545568620,success,61,15.25,0.12504161447932816,0,0.0,15,0.7277360350880241,13.453343852621611,14.596786350011826,12.42448792808101,36,2.360655737704918,17,1.1147540983606556,4,0.26229508196721313,23.549757551979333,1.8954308369324195,4,0.26229508196721313,0.2962962962962963,0.12962962962962962,0.18032786885245902,0.6235931652116248
bayes-fix-seed42,large_square,5,194,1545568621,success,49,12.25,0.1531189978216828,0,0.0,3,0.604250375771816,12.928378749258664,14.177193492650986,9.903296959313943,35,2.857142857142857,19,1.5510204081632653,4,0.32653061224489793,26.465262975143194,2.6723689175303282,7,0.5714285714285714,0.0,0.0,0.061224489795918366,0.7833881955158217
bayes-fix-seed42,large_square,5,195,1545568622,success,58,14.5,0.21031484367916797,0,0.0,0,0.8062935476134129,13.221384379370459,14.3056720495224,10.27911832309586,40,2.7586206896551726,16,1.103448275862069,2,0.13793103448275862,22.286054722777912,2.16809010483944,8,0.5517241379310345,0.0,0.0,0.05172413793103448,0.7531551398778737
bayes-fix-seed42,large_square,5,196,1545568623,success,46,11.5,0.14876513663337187,0,0.0,3,0.6859222405308977,12.957918822117474,14.34335671365261,9.324938998889284,31,2.6956521739130435,18,1.565217391304348,3,0.2608695652173913,15.901460512779458,1.7052616124002011,5,0.43478260869565216,0.0,0.0,0.021739130434782608,0.8364271662530106
bayes-fix-seed42,large_square,5,197,1545568624,success,62,15.5,0.23252993481139728,0,0.0,0,0.9731567975576059,13.297838849886771,14.475896209478378,10.575137826784092,42,2.7096774193548385,20,1.2903225806451613,6,0.3870967741935484,31.091486307588287,2.940054949339912,9,0.5806451612903226,0.03636363636363636,0.03636363636363636,0.06451612903225806,0.7337633794748185
bayes-fix-seed42,large_square,5,198,1545568625,success,55,13.75,0.07469365903458036,0,0.0,9,0.7498825715317493,13.117879764600234,14.444267749786377,10.730117899459554,40,2.909090909090909,19,1.3818181818181818,3,0.21818181818181817,22.92242739723623,2.1362698538839697,5,0.36363636363636365,0.125,0.020833333333333332,0.10909090909090909,0.7401312986762829
bayes-fix-seed42,large_square,5,199,1545568626,collision,17,4.25,-0.17020054045678173,1,0.25,10,0.4224198091000232,11.361616937553181,12.642130255699158,3.289496124104047,16,3.764705882352941,9,2.1176470588235294,3,0.7058823529411765,16.050180423164054,4.879221563921316,4,0.9411764705882353,0.1,0.1,0.29411764705882354,0.2523188161680717
bayes-fix-seed42,large_square,5,200,1545568627,success,60,15.0,0.20324697882282383,0,0.0,0,0.6480433567425729,13.489841918150583,14.639080502092837,12.91013863513001,33,2.2,11,0.7333333333333333,2,0.13333333333333333,15.463376711945905,1.1977699968200366,9,0.6,0.16981132075471697,0.03773584905660377,0.18333333333333332,0.5996038565818015
bayes-fix-seed42,large_square,5,201,1545568628,success,52,13.0,0.10463227502570838,0,0.0,4,0.6289746692392504,13.131781194645624,14.270694740116596,10.943839973121406,38,2.923076923076923,16,1.2307692307692308,1,0.07692307692307693,15.293527702835094,1.3974553484331578,4,0.3076923076923077,0.13333333333333333,0.0,0.11538461538461539,0.7121058171590583
bayes-fix-seed42,large_square,5,202,1545568629,success,63,15.75,0.15928806907299464,0,0.0,3,0.5835419830893362,13.058429258683372,14.032154157757759,11.749614058704598,50,3.1746031746031744,29,1.8412698412698412,6,0.38095238095238093,35.11146010148486,2.9883075244903763,11,0.6984126984126984,0.19642857142857142,0.16071428571428573,0.20634920634920634,0.6677066063372663
bayes-fix-seed42,large_square,5,203,1545568630,success,61,15.25,0.15802063670661992,0,0.0,3,0.654384589770985,13.039839194446314,14.136921614408493,11.177790190734859,45,2.9508196721311477,20,1.3114754098360655,4,0.26229508196721313,30.23041576326507,2.7045073531906794,9,0.5901639344262295,0.018518518518518517,0.018518518518518517,0.09836065573770492,0.6908795357819757
bayes-fix-seed42,large_square,5,204,1545568631,success,57,14.25,0.16041487315589853,0,0.0,3,0.943447293482125,13.198369035595341,14.42141979932785,10.42601370424991,42,2.9473684210526314,25,1.7543859649122806,6,0.42105263157894735,26.38140493194721,2.530344355982716,7,0.49122807017543857,0.02,0.02,0.05263157894736842,0.7466377344937043
bayes-fix-seed42,large_square,5,205,1545568632,success,63,15.75,0.19298224258934094,0,0.0,2,0.761108595460764,13.218940013930911,14.498913660645485,13.349133315034928,41,2.6031746031746033,14,0.8888888888888888,2,0.12698412698412698,21.27509105117801,1.593743245279916,6,0.38095238095238093,0.16071428571428573,0.07142857142857142,0.1111111111111111,0.5844478329763129
bayes-fix-seed42,large_square,5,206,1545568633,success,51,12.75,0.20822625524245164,0,0.0,0,0.5225530649026495,13.195371803115396,14.728091657161713,11.606781395113842,30,2.3529411764705883,18,1.411764705882353,1,0.0784313725490196,10.839024454637936,0.9338527267516978,2,0.1568627450980392,0.09090909090909091,0.09090909090909091,0.1568627450980392,0.6636945815280191
bayes-fix-seed42,large_square,5,207,1545568634,success,53,13.25,0.15631931204197191,0,0.0,7,0.5364411600535618,12.96866347767272,14.35902938246727,11.337383291122055,37,2.792452830188679,14,1.0566037735849056,0,0.0,13.51621004099253,1.1921807434680844,7,0.5283018867924528,0.0,0.0,0.0,0.6874009928622608
bayes-fix-seed42,large_square,5,208,1545568635,success,60,15.0,0.03009427021364497,0,0.0,11,0.5561460671394508,13.267522926131884,14.412824995815754,11.766663481568472,47,3.1333333333333333,25,1.6666666666666667,4,0.26666666666666666,30.54494520808164,2.5958883974142566,7,0.4666666666666667,0.20754716981132076,0.1320754716981132,0.16666666666666666,0.6603627898092016
bayes-fix-seed42,large_square,5,209,1545568636,success,39,9.75,0.18317244767175234,0,0.0,4,0.6775268259191535,12.933420160642036,14.432663470506668,8.470426286113621,17,1.7435897435897436,10,1.0256410256410255,6,0.6153846153846154,15.67785298236029,1.8508930309756064,5,0.5128205128205128,0.0,0.0,0.07692307692307693,0.9175798403965479
bayes-fix-seed42,large_square,5,210,1545568637,success,44,11.0,0.17689728097725188,0,0.0,2,0.8963124458597346,12.891051020811904,14.13542702794075,9.21729517066948,32,2.909090909090909,14,1.2727272727272727,1,0.09090909090909091,17.81401843934792,1.9326731008934406,5,0.45454545454545453,0.0,0.0,0.022727272727272728,0.8405626746291835
bayes-fix-seed42,large_square,5,211,1545568638,success,74,18.5,0.09405195024046131,0,0.0,8,0.5986834386506196,13.119668322237763,14.085747301578522,15.09705569508691,55,2.972972972972973,21,1.135135135135135,8,0.43243243243243246,38.169125511991695,2.5282496324374835,10,0.5405405405405406,0.1791044776119403,0.05970149253731343,0.21621621621621623,0.5124471470931976
bayes-fix-seed42,large_square,5,212,1545568639,success,57,14.25,0.028884098863972585,0,0.0,9,0.5423103465565772,13.294703997018045,14.554167538881302,10.410177113434914,41,2.8771929824561404,19,1.3333333333333333,3,0.21052631578947367,25.290773361022715,2.4294277691379107,8,0.5614035087719298,0.2,0.18,0.10526315789473684,0.7525228383666266
bayes-fix-seed42,large_square,5,213,1545568640,success,56,14.0,0.11228258567042604,0,0.0,6,0.4593032932462225,12.990746780165605,14.25980031490326,11.800015083232328,40,2.857142857142857,23,1.6428571428571428,2,0.14285714285714285,23.29317772547105,1.9739955890878784,10,0.7142857142857143,0.20408163265306123,0.20408163265306123,0.16071428571428573,0.6628460451317323
bayes-fix-seed42,large_square,5,214,1545568641,success,70,17.5,0.03999571032702809,0,0.0,7,0.6998283501838498,13.228332623839378,14.575658738613127,13.834923344694216,47,2.6857142857142855,31,1.7714285714285714,8,0.45714285714285713,41.19879222531074,2.9778836643219093,14,0.8,0.19047619047619047,0.12698412698412698,0.18571428571428572,0.5669044904466989
bayes-fix-seed42,large_square,5,215,1545568642,success,61,15.25,0.13534152264880073,0,0.0,7,0.5506074310417468,13.122959703695578,14.189433306455612,13.106828298883503,40,2.622950819672131,19,1.2459016393442623,0,0.0,14.641939317054796,1.1171229975067316,5,0.32786885245901637,0.14814814814814814,0.037037037037037035,0.11475409836065574,0.5916468163680528
bayes-fix-seed42,large_square,5,216,1545568643,success,61,15.25,0.18988647737196263,0,0.0,5,0.42228074028882717,13.48783521622908,14.835342764854431,11.248634198587395,43,2.819672131147541,15,0.9836065573770492,5,0.32786885245901637,26.79873387241003,2.3823989116630195,7,0.45901639344262296,0.2037037037037037,0.12962962962962962,0.19672131147540983,0.6875178926790583
bayes-fix-seed42,large_square,5,217,1545568644,success,63,15.75,0.11615284301395323,0,0.0,7,0.3899752320926205,13.101996173934332,14.19638767838478,13.779856753615983,40,2.5396825396825395,14,0.8888888888888888,3,0.19047619047619047,24.14042208592882,1.7518630648750475,6,0.38095238095238093,0.125,0.03571428571428571,0.12698412698412698,0.5662005403969858
bayes-fix-seed42,large_square,5,218,1545568645,success,55,13.75,0.19194693809947283,0,0.0,2,0.8020281008017683,13.129205256700516,14.475005865097046,9.452302044930278,35,2.5454545454545454,19,1.3818181818181818,5,0.36363636363636365,25.24434491215427,2.6707086582885933,10,0.7272727272727273,0.0,0.0,0.05454545454545454,0.8194163394998255
bayes-fix-seed42,large_square,5,219,1545568646,success,47,11.75,0.05805174884014841,0,0.0,4,0.5550832221481977,12.837893943837349,14.070284739136696,10.129975737168275,32,2.723404255319149,16,1.3617021276595744,2,0.1702127659574468,16.355220959700265,1.6145370318796233,6,0.5106382978723404,0.05,0.05,0.10638297872340426,0.763898076192213
bayes-fix-seed42,large_square,5,220,1545568647,success,66,16.5,0.07386432862189196,0,0.0,10,0.6068523114964358,13.22330991652879,14.357561245560646,12.35596949691612,48,2.909090909090909,14,0.8484848484848485,3,0.18181818181818182,32.564539290787955,2.6355308904667996,10,0.6060606060606061,0.15254237288135594,0.11864406779661017,0.18181818181818182,0.6327740330227116
bayes-fix-seed42,large_square,5,221,1545568648,success,44,11.0,0.19684125789985485,0,0.0,2,0.452860226119644,12.908364476805383,14.246077835559845,9.18898444710916,30,2.727272727272727,16,1.4545454545454546,2,0.18181818181818182,13.688848664472268,1.4897020169382003,5,0.45454545454545453,0.0,0.0,0.022727272727272728,0.8441742068059676
bayes-fix-seed42,large_square,5,222,1545568649,timeout,101,25.25,0.07604570366205798,0,0.0,16,0.37561948109384163,13.495410137837476,14.526661485433578,17.181578367633108,78,3.089108910891089,37,1.4653465346534653,14,0.5544554455445545,60.86466979265728,3.542437632349015,13,0.5148514851485149,0.4148936170212766,0.2765957446808511,0.3564356435643564,0.344029624310727
bayes-fix-seed42,large_square,5,223,1545568650,success,53,13.25,0.18560058322022355,0,0.0,5,0.3979890582558849,13.179258425843042,14.407194405794144,11.511865384473655,33,2.490566037735849,13,0.9811320754716981,3,0.22641509433962265,18.55751663071628,1.6120338460303116,4,0.3018867924528302,0.0,0.0,0.05660377358490566,0.6747685817105983
bayes-fix-seed42,large_square,5,224,1545568651,success,45,11.25,0.17364212739045404,0,0.0,1,0.5706744828799671,12.787326176961264,14.376937597990036,9.57778015417464,30,2.6666666666666665,13,1.1555555555555554,1,0.08888888888888889,16.373432269660444,1.7095226666404326,5,0.4444444444444444,0.0,0.0,0.06666666666666667,0.8133011110887386
bayes-fix-seed42,large_square,5,225,1545568652,success,53,13.25,0.17730367264614444,0,0.0,3,0.6984084839063431,13.243545268504125,14.489112794399261,11.333586308384751,26,1.9622641509433962,14,1.0566037735849056,2,0.1509433962264151,13.631362062133462,1.2027403940135686,5,0.37735849056603776,0.021739130434782608,0.0,0.1509433962264151,0.6919256104941298
bayes-fix-seed42,large_square,5,226,1545568653,timeout,101,25.25,0.19975364927293482,0,0.0,1,0.5510181146902944,13.553619163461251,14.680907130241394,13.944949657253076,99,3.9207920792079207,39,1.5445544554455446,49,1.9405940594059405,154.5633676519522,11.083823997282083,45,1.7821782178217822,0.5638297872340425,0.5106382978723404,0.39603960396039606,0.18506991731745862
bayes-fix-seed42,large_square,5,227,1545568654,success,85,21.25,0.14166753247548225,0,0.0,4,0.5193671353657956,13.374985053258783,14.518189430236816,15.177861996759468,61,2.8705882352941177,32,1.5058823529411764,15,0.7058823529411765,65.53200094791907,4.317604216055622,21,0.9882352941176471,0.38461538461538464,0.2948717948717949,0.2,0.5149228021189203
bayes-fix-seed42,large_square,5,228,1545568655,success,46,11.5,0.1806125598619378,0,0.0,1,0.7419380839991115,13.225486178113067,14.690233394503593,9.524862769915057,31,2.6956521739130435,14,1.2173913043478262,3,0.2608695652173913,19.19655782382955,2.0154156849863725,12,1.0434782608695652,0.0,0.0,0.021739130434782608,0.8089239925867562
bayes-fix-seed42,large_square,5,229,1545568656,success,61,15.25,0.18830317409435127,0,0.0,3,0.5412062825066329,13.337382100156097,14.633875340223312,10.661383764438156,47,3.081967213114754,23,1.5081967213114753,3,0.19672131147540983,28.513068974518788,2.6744247842973503,10,0.6557377049180327,0.18518518518518517,0.18518518518518517,0.13114754098360656,0.7445841329054269
bayes-fix-seed42,large_square,5,230,1545568657,success,73,18.25,0.16505564352868352,0,0.0,5,0.6643514476751953,13.417454666062577,14.52411264181137,14.628854159016617,55,3.0136986301369864,34,1.8630136986301369,5,0.273972602739726,34.86406075944802,2.3832393419521014,15,0.821917808219178,0.25757575757575757,0.19696969696969696,0.1506849315068493,0.5295167437569653
bayes-fix-seed42,large_square,5,231,1545568658,collision,18,4.5,-0.0009210655798813638,1,0.25,5,0.4443544880551257,11.461647434367073,12.796472944319248,3.2035387007043417,14,3.111111111111111,6,1.3333333333333333,5,1.1111111111111112,15.650713222025418,4.8854453416106365,3,0.6666666666666666,0.5454545454545454,0.5454545454545454,0.3888888888888889,0.22870971986210462
bayes-fix-seed42,large_square,5,232,1545568659,success,57,14.25,0.05273602474519723,0,0.0,11,0.483840516261967,13.161998961055488,14.355131983757019,10.3608560483046,43,3.017543859649123,21,1.4736842105263157,10,0.7017543859649122,39.64238346242864,3.8261687333177,17,1.1929824561403508,0.04,0.04,0.10526315789473684,0.7503057151944516
bayes-fix-seed42,large_square,5,233,1545568660,success,77,19.25,0.17994309558676058,0,0.0,2,0.7193524465996406,13.329070593629565,14.488548785448074,12.927636570526609,59,3.064935064935065,27,1.4025974025974026,16,0.8311688311688312,51.7135947526515,4.000235810353148,15,0.7792207792207793,0.07142857142857142,0.07142857142857142,0.12987012987012986,0.6032203950045636
bayes-fix-seed42,large_square,5,234,1545568661,success,53,13.25,0.20799280322908176,0,0.0,0,0.7808288036470864,12.958208837036816,14.071104675531387,9.206909032801232,38,2.8679245283018866,16,1.2075471698113207,3,0.22641509433962265,22.64041985229457,2.4590684855942526,6,0.4528301886792453,0.0,0.0,0.07547169811320754,0.8392304168061386
bayes-fix-seed42,large_square,5,235,1545568662,success,59,14.75,0.22651893065367612,0,0.0,0,0.9494245839926839,13.196902760004592,14.26285170018673,10.843934237230147,39,2.6440677966101696,18,1.2203389830508475,6,0.4067796610169492,29.041670195477423,2.6781488673888805,6,0.4067796610169492,0.21153846153846154,0.19230769230769232,0.13559322033898305,0.7172899639226585
bayes-fix-seed42,large_square,5,236,1545568663,success,45,11.25,0.15010309287634205,0,0.0,5,0.6049891749218107,12.909523811605242,14.333758503198624,9.61777430831643,27,2.4,12,1.0666666666666667,0,0.0,15.099994266211402,1.5700092123345553,6,0.5333333333333333,0.0,0.0,0.1111111111111111,0.8110226884505753
bayes-fix-seed42,large_square,5,237,1545568664,collision,14,3.5,-0.00948789428863428,1,0.25,5,0.6611745675273016,10.936585654105459,12.429250590503216,2.0622016197227486,12,3.4285714285714284,4,1.1428571428571428,3,0.8571428571428571,13.427265296863023,6.511131195148728,3,0.8571428571428571,0.8571428571428571,0.8571428571428571,0.5,0.2449469234054993
bayes-fix-seed42,large_square,5,238,1545568665,success,44,11.0,0.19680893899426177,0,0.0,1,0.9090591772416828,13.008616864681244,14.364124462008476,8.885330457634508,32,2.909090909090909,17,1.5454545454545454,1,0.09090909090909091,11.971103676729143,1.3472885149075415,3,0.2727272727272727,0.0,0.0,0.0,0.8725532049474855
bayes-fix-seed42,large_square,5,239,1545568666,success,39,9.75,0.23474183539596738,0,0.0,0,0.5152618033584113,12.85458308381912,14.485169574618341,8.666751751336452,27,2.769230769230769,20,2.051282051282051,1,0.10256410256410256,14.196882992495041,1.6380858019044815,11,1.1282051282051282,0.0,0.0,0.0,0.904714132176273
bayes-fix-seed42,large_square,5,240,1545568667,success,67,16.75,0.18640343895938438,0,0.0,2,0.4958219645143617,13.161132695959575,14.298093691468239,11.878909913179859,47,2.8059701492537314,18,1.0746268656716418,5,0.29850746268656714,30.957752800356506,2.60611057972654,9,0.5373134328358209,0.3,0.05,0.16417910447761194,0.6563474801253891
bayes-fix-seed42,large_square,5,241,1545568668,collision,27,6.75,0.013161913209203235,0,0.0,8,0.7059540153414803,12.36387273227727,14.13046084344387,5.477186637401503,21,3.111111111111111,9,1.3333333333333333,2,0.2962962962962963,12.64361604362936,2.3084143157166115,4,0.5925925925925926,0.0,0.0,0.07407407407407407,0.5769240860762668
bayes-fix-seed42,large_square,5,242,1545568669,success,65,16.25,0.14622101634396456,0,0.0,8,0.6529711179400728,13.266164637528933,14.191173762083054,14.064416590979926,42,2.5846153846153848,15,0.9230769230769231,3,0.18461538461538463,24.26784141538891,1.7254780003425703,7,0.4307692307692308,0.22413793103448276,0.1206896551724138,0.2923076923076923,0.5492367638356717
bayes-fix-seed42,large_square,5,243,1545568670,success,57,14.25,0.071723261699698,0,0.0,6,0.5912154105405513,15.373592052543373,14.348189532756805,10.867996879230867,44,3.087719298245614,27,1.894736842105263,3,0.21052631578947367,28.824265504597992,2.652215106877901,13,0.9122807017543859,0.16,0.16,0.14035087719298245,0.7173547032827572
bayes-fix-seed42,large_square,5,244,1545568671,success,76,19.0,0.11178233810567284,0,0.0,7,0.8543890099293142,13.265544254528848,14.64446447789669,15.215281843699097,51,2.6842105263157894,25,1.3157894736842106,10,0.5263157894736842,37.4460124680167,2.4610791211550063,11,0.5789473684210527,0.3333333333333333,0.2608695652173913,0.17105263157894737,0.5151676187168978
bayes-fix-seed42,large_square,5,245,1545568672,success,52,13.0,0.14216096559097946,0,0.0,4,0.5130160046561344,13.221182573873262,14.704564958810806,10.971861512985585,36,2.769230769230769,18,1.3846153846153846,4,0.3076923076923077,22.949206424311527,2.0916420059759533,6,0.46153846153846156,0.022222222222222223,0.022222222222222223,0.11538461538461539,0.7025269733632183
bayes-fix-seed42,large_square,5,246,1545568673,success,98,24.5,0.1660906203522261,0,0.0,4,0.588427376865294,13.4092637394764,14.324739016592503,21.534506510552703,63,2.5714285714285716,29,1.183673469387755,4,0.16326530612244897,33.689427757047426,1.5644392751948304,11,0.4489795918367347,0.21978021978021978,0.06593406593406594,0.23469387755102042,0.3622669664885421
bayes-fix-seed42,large_square,5,247,1545568674,success,94,23.5,0.16336676241652948,0,0.0,1,0.5258954492798857,13.37259314320189,14.408996887505053,18.31078596684573,76,3.234042553191489,36,1.5319148936170213,7,0.2978723404255319,53.96482182703012,2.947160319865082,16,0.6808510638297872,0.3563218390804598,0.3333333333333333,0.2765957446808511,0.4314754383172859
bayes-fix-seed42,large_square,5,248,1545568675,success,50,12.5,0.0957044761833179,0,0.0,7,1.2400830415533057,13.203720450401306,14.513767510652542,10.740201582711727,32,2.56,14,1.12,2,0.16,18.90181184809968,1.759912204862665,6,0.48,0.11627906976744186,0.09302325581395349,0.08,0.7244900237164076
bayes-fix-seed42,large_square,5,249,1545568676,success,50,12.5,0.1732821486042344,0,0.0,1,0.8655610407914832,13.265607506036758,14.340747334063053,10.045290374925367,34,2.72,15,1.2,3,0.24,19.791408709396748,1.9702176811930927,5,0.4,0.13953488372093023,0.11627906976744186,0.1,0.7727688705412687
bayes-fix-seed42,large_square,5,250,1545568677,success,66,16.5,0.1690422444374171,0,0.0,4,0.5630721914629708,13.31949352540753,14.385386370122433,14.268479715160165,37,2.242424242424242,15,0.9090909090909091,7,0.42424242424242425,29.830573043315205,2.090662329751951,11,0.6666666666666666,0.23728813559322035,0.15254237288135594,0.24242424242424243,0.5437921674887642
bayes-fix-seed42,large_square,5,251,1545568678,success,45,11.25,0.20871363148983124,0,0.0,0,0.5868665208625493,12.946572568681505,14.402474462985992,10.229299106073771,29,2.577777777777778,15,1.3333333333333333,1,0.08888888888888889,12.897428293586406,1.2608320628662038,5,0.4444444444444444,0.05263157894736842,0.05263157894736842,0.1111111111111111,0.753367944689663
bayes-fix-seed42,large_square,5,252,1545568679,success,56,14.0,0.21486075032470697,0,0.0,0,0.78901971671262,13.211061180170093,14.521273784339428,10.428979575180328,35,2.5,16,1.1428571428571428,2,0.14285714285714285,19.07647359390294,1.8291793033426367,6,0.42857142857142855,0.04081632653061224,0.0,0.017857142857142856,0.741653307507182
bayes-fix-seed42,large_square,5,253,1545568680,success,77,19.25,0.14644861166088718,0,0.0,14,0.8062652302412986,13.437772193899402,14.513593912124636,17.365214078763636,43,2.2337662337662336,23,1.1948051948051948,0,0.0,18.830848039193445,1.0844005696550651,6,0.3116883116883117,0.2714285714285714,0.04285714285714286,0.2727272727272727,0.4541786370797622
bayes-fix-seed42,large_square,5,254,1545568681,success,53,13.25,0.04635914621813275,0,0.0,15,0.3135983388723683,13.385498228500474,14.654026925563812,10.907992320607544,39,2.943396226415094,18,1.3584905660377358,4,0.3018867924528302,21.74343908384681,1.993349320824949,6,0.4528301886792453,0.10869565217391304,0.10869565217391304,0.1320754716981132,0.7129410576310606
