run_label,scenario,scenario_index,episode,seed,outcome,steps,duration_s,min_clearance_m,geometric_contact_steps,geometric_contact_duration_s,discomfort_steps,mean_clearance_m,mean_inference_ms,p95_inference_ms,path_length_m,action_switch_count,action_switch_hz,turn_reversal_count,turn_reversal_hz,heading_flip_count,heading_flip_hz,total_abs_turn_rad,curvature_rad_per_m,lateral_sign_change_count,lateral_sign_change_hz,stalled_window_ratio,oscillatory_stall_window_ratio,backtracking_ratio,goal_progress_efficiency
bayes-fix-seed43,baseline_circle,0,0,1540568412,success,47,11.75,0.24059996260709626,0,0.0,0,1.254817833432893,25.80904596029444,16.034607216715813,9.116701654874776,32,2.723404255319149,14,1.1914893617021276,1,0.0851063829787234,15.908511493679832,1.7449854230091448,6,0.5106382978723404,0.0,0.0,0.02127659574468085,0.8492258217912577
bayes-fix-seed43,baseline_circle,0,1,1540568413,success,61,15.25,0.1946247470610183,0,0.0,2,1.4938560926494837,14.472706884634299,15.928935259580612,10.878301293275701,48,3.1475409836065573,26,1.7049180327868851,7,0.45901639344262296,30.71440099334594,2.8234556265077617,12,0.7868852459016393,0.018518518518518517,0.018518518518518517,0.06557377049180328,0.7137515629597898
bayes-fix-seed43,baseline_circle,0,2,1540568414,success,47,11.75,0.1554295712795255,0,0.0,2,0.9312888163542702,14.164604405139356,16.172758862376213,9.619646953205033,30,2.5531914893617023,14,1.1914893617021276,4,0.3404255319148936,21.297411059035518,2.213949343737583,4,0.3404255319148936,0.0,0.0,0.0851063829787234,0.8112534373280714
bayes-fix-seed43,baseline_circle,0,3,1540568415,success,59,14.75,0.33293354988645196,0,0.0,0,0.8969043664067115,14.068742424754774,15.383272618055344,11.624190370831291,38,2.5762711864406778,17,1.152542372881356,5,0.3389830508474576,25.941535438872076,2.2316853571124797,6,0.4067796610169492,0.057692307692307696,0.057692307692307696,0.13559322033898305,0.6656787146418597
bayes-fix-seed43,baseline_circle,0,4,1540568416,success,54,13.5,0.22433493412949712,0,0.0,0,1.8137297456954842,13.811214102639092,15.278304927051067,9.743717301716215,38,2.814814814814815,19,1.4074074074074074,0,0.0,21.134231507589732,2.1690111538711454,6,0.4444444444444444,0.0,0.0,0.037037037037037035,0.7938330987593224
bayes-fix-seed43,baseline_circle,0,5,1540568417,success,41,10.25,0.318359366745684,0,0.0,0,1.1866203441485432,13.964643202176909,15.617620199918747,9.446790227258424,22,2.1463414634146343,11,1.0731707317073171,2,0.1951219512195122,12.789182502456587,1.3538124796667754,3,0.2926829268292683,0.0,0.0,0.024390243902439025,0.8236724484013359
bayes-fix-seed43,baseline_circle,0,6,1540568418,success,43,10.75,0.33975282427820497,0,0.0,0,1.250037296842161,13.909977622503458,15.70795401930809,8.843761028132747,22,2.046511627906977,8,0.7441860465116279,1,0.09302325581395349,9.372594260852177,1.0597973227721968,3,0.27906976744186046,0.0,0.0,0.046511627906976744,0.8770756705900856
bayes-fix-seed43,baseline_circle,0,7,1540568419,success,45,11.25,0.15657543627194614,0,0.0,3,0.5066860847863244,14.240057600869072,15.935511887073517,9.17877109518328,31,2.7555555555555555,17,1.511111111111111,1,0.08888888888888889,18.017295590673974,1.9629311379307481,6,0.5333333333333333,0.0,0.0,0.044444444444444446,0.8394215443892286
bayes-fix-seed43,baseline_circle,0,8,1540568420,success,58,14.5,0.15696206679187397,0,0.0,2,1.0482405579320198,14.360627801767711,16.25039577484131,11.862454503526033,40,2.7586206896551726,11,0.7586206896551724,3,0.20689655172413793,21.369292076048332,1.8014224686549025,7,0.4827586206896552,0.1568627450980392,0.09803921568627451,0.1896551724137931,0.6533814219227013
bayes-fix-seed43,baseline_circle,0,9,1540568421,success,48,12.0,0.1783410066846718,0,0.0,2,0.7915370335702638,13.909585385893783,15.620715916156769,8.981431169576211,33,2.75,16,1.3333333333333333,2,0.16666666666666666,14.764870411246672,1.6439329247727623,6,0.5,0.0,0.0,0.020833333333333332,0.8673786886277681
bayes-fix-seed43,baseline_circle,0,10,1540568422,success,44,11.0,0.15543621853082612,0,0.0,2,1.0011556153737826,14.098520644686438,15.736385993659496,9.001728802239237,27,2.4545454545454546,13,1.1818181818181819,0,0.0,11.496143949899526,1.2771040099585969,4,0.36363636363636365,0.0,0.0,0.0,0.8632443103720918
bayes-fix-seed43,baseline_circle,0,11,1540568423,success,45,11.25,0.6065563242727289,0,0.0,0,2.7348206146728127,13.910332901610268,15.564832836389542,10.270400988131808,23,2.0444444444444443,10,0.8888888888888888,0,0.0,7.753884421178614,0.7549738739644917,1,0.08888888888888889,0.0,0.0,0.022222222222222223,0.7596164762489629
bayes-fix-seed43,baseline_circle,0,12,1540568424,success,47,11.75,0.16018726806745553,0,0.0,3,0.770056738129907,13.962866381761875,15.540051460266113,9.848526390530184,27,2.297872340425532,11,0.9361702127659575,1,0.0851063829787234,14.028927519162293,1.424469708752749,4,0.3404255319148936,0.0,0.0,0.0425531914893617,0.8004911430400782
bayes-fix-seed43,baseline_circle,0,13,1540568425,success,47,11.75,0.48302326002503426,0,0.0,0,0.9105082862573225,13.869556102980958,15.20860381424427,8.685336966512157,32,2.723404255319149,13,1.1063829787234043,4,0.3404255319148936,17.848153847499383,2.0549754046752677,3,0.2553191489361702,0.0,0.0,0.0,0.8946904830010104
bayes-fix-seed43,baseline_circle,0,14,1540568426,success,42,10.5,0.23995658071379955,0,0.0,0,1.4101403144002318,13.673141066517148,15.275958925485611,9.660111362711083,21,2.0,8,0.7619047619047619,2,0.19047619047619047,11.70969042464937,1.212169299605577,7,0.6666666666666666,0.0,0.0,0.07142857142857142,0.798785859902247
bayes-fix-seed43,baseline_circle,0,15,1540568427,success,58,14.5,0.24759224135467572,0,0.0,0,0.66970037648444,14.098819281006682,15.399532951414585,10.714878834512588,45,3.103448275862069,22,1.5172413793103448,7,0.4827586206896552,30.27394204912718,2.8254115157714073,13,0.896551724137931,0.0,0.0,0.08620689655172414,0.7250950894054597
bayes-fix-seed43,baseline_circle,0,16,1540568428,success,42,10.5,0.21198897880829415,0,0.0,0,0.7689722101930885,13.507949543141184,15.506678633391857,9.488547332620746,17,1.619047619047619,6,0.5714285714285714,0,0.0,5.498491190000078,0.579487143526889,4,0.38095238095238093,0.0,0.0,0.0,0.8172830964768825
bayes-fix-seed43,baseline_circle,0,17,1540568429,success,45,11.25,0.4242301740916602,0,0.0,0,0.8043032614254959,13.585896044969559,15.406999737024307,9.307742136390802,25,2.2222222222222223,12,1.0666666666666667,1,0.08888888888888889,13.91198722395643,1.4946683116160095,6,0.5333333333333333,0.0,0.0,0.044444444444444446,0.8334849461716748
bayes-fix-seed43,baseline_circle,0,18,1540568430,success,41,10.25,0.28149471711459273,0,0.0,0,1.3902006186823352,13.85684765693618,15.430968254804611,8.636993735275436,25,2.4390243902439024,15,1.4634146341463414,0,0.0,12.488454544095905,1.4459260857270548,7,0.6829268292682927,0.0,0.0,0.0,0.8986974577842956
bayes-fix-seed43,baseline_circle,0,19,1540568431,success,41,10.25,0.672110488772868,0,0.0,0,2.145270829936649,13.845872679134695,15.571467578411102,9.240943516944156,15,1.4634146341463414,5,0.4878048780487805,1,0.0975609756097561,6.3318499975518705,0.68519518444646,1,0.0975609756097561,0.0,0.0,0.024390243902439025,0.8435921257883098
bayes-fix-seed43,baseline_circle,0,20,1540568432,success,50,12.5,0.16408202882656386,0,0.0,4,0.8765950045463963,14.027291908860207,15.464957058429718,9.816560264814745,31,2.48,11,0.88,2,0.16,17.976875729160252,1.8312805345467418,8,0.64,0.0,0.0,0.06,0.7900256340492312
bayes-fix-seed43,baseline_circle,0,21,1540568433,success,53,13.25,0.19332135846783005,0,0.0,1,0.6437763102633859,13.969612009120437,15.776241570711136,10.685547345871688,33,2.490566037735849,10,0.7547169811320755,1,0.07547169811320754,16.039945033593778,1.5010878258651614,4,0.3018867924528302,0.0,0.0,0.05660377358490566,0.7410379795746208
bayes-fix-seed43,baseline_circle,0,22,1540568434,success,46,11.5,0.48134090373129046,0,0.0,0,2.1197404921298646,13.865880263240442,15.7054727897048,9.782010830399214,23,2.0,8,0.6956521739130435,0,0.0,6.880477312461329,0.7033806680196172,1,0.08695652173913043,0.0,0.0,0.043478260869565216,0.7938374853931185
bayes-fix-seed43,baseline_circle,0,23,1540568435,success,51,12.75,0.2993876487440902,0,0.0,0,1.3243752129658424,13.798930335278605,15.453316271305084,9.206875271329313,30,2.3529411764705883,14,1.0980392156862746,0,0.0,8.75169186534012,0.9505604895716729,4,0.3137254901960784,0.0,0.0,0.0,0.8400056109162378
bayes-fix-seed43,baseline_circle,0,24,1540568436,success,57,14.25,0.20087442917248866,0,0.0,0,0.8848014082681765,14.048489823675991,15.987937152385712,10.70591053935453,37,2.5964912280701755,17,1.1929824561403508,0,0.0,15.425723616260454,1.4408605003335369,3,0.21052631578947367,0.16,0.14,0.12280701754385964,0.7215760719673364
bayes-fix-seed43,baseline_circle,0,25,1540568437,success,49,12.25,0.2459311993042288,0,0.0,0,1.373628869148387,13.680528089100001,15.098386257886887,9.086176814691136,31,2.5306122448979593,19,1.5510204081632653,1,0.08163265306122448,17.875391375621312,1.967317139010457,6,0.4897959183673469,0.0,0.0,0.04081632653061224,0.8489331178833573
bayes-fix-seed43,baseline_circle,0,26,1540568438,success,45,11.25,0.22389850836377556,0,0.0,0,1.1306320952349174,13.976859301328659,15.367777645587921,9.230230494853254,30,2.6666666666666665,14,1.2444444444444445,0,0.0,13.72954779894479,1.4874544906110785,4,0.35555555555555557,0.0,0.0,0.0,0.8447626662475951
bayes-fix-seed43,baseline_circle,0,27,1540568439,success,41,10.25,0.21541371515266927,0,0.0,0,0.7806761056443581,13.788798415079349,15.127856284379959,9.181885428666988,19,1.853658536585366,9,0.8780487804878049,0,0.0,6.044379118921766,0.6582938946341524,2,0.1951219512195122,0.0,0.0,0.0,0.8405986239265024
bayes-fix-seed43,baseline_circle,0,28,1540568440,success,56,14.0,0.2769513058413936,0,0.0,0,1.073386646476953,13.78157941092338,15.183080919086933,9.819099033875677,33,2.357142857142857,16,1.1428571428571428,2,0.14285714285714285,17.930094517079308,1.8260427413167821,7,0.5,0.02040816326530612,0.0,0.125,0.788721459294463
bayes-fix-seed43,baseline_circle,0,29,1540568441,success,44,11.0,0.20933320425131063,0,0.0,0,1.3492437700151518,13.708760453896089,15.055684000253677,8.452761740928981,29,2.6363636363636362,15,1.3636363636363635,0,0.0,14.268355172472875,1.6880110441755742,10,0.9090909090909091,0.0,0.0,0.0,0.9138484283806606
bayes-fix-seed43,baseline_circle,0,30,1540568442,success,41,10.25,0.4033201354922217,0,0.0,0,1.577507939559589,13.597535560043847,16.217369586229324,9.279448985515495,17,1.6585365853658536,9,0.8780487804878049,2,0.1951219512195122,10.10890939928912,1.0893868175867283,2,0.1951219512195122,0.0,0.0,0.04878048780487805,0.8397898461714085
bayes-fix-seed43,baseline_circle,0,31,1540568443,success,48,12.0,0.5054497827989693,0,0.0,0,1.1610271962627416,14.292986442645391,15.977959334850311,9.401218739920472,32,2.6666666666666665,14,1.1666666666666667,2,0.16666666666666666,18.574431127250072,1.975747149502789,5,0.4166666666666667,0.024390243902439025,0.024390243902439025,0.10416666666666667,0.8242693847355542
bayes-fix-seed43,baseline_circle,0,32,1540568444,success,51,12.75,0.21876685110537408,0,0.0,0,2.115125171738646,13.818681970530866,15.13068936765194,9.606025211941684,26,2.0392156862745097,9,0.7058823529411765,0,0.0,9.34088476989444,0.9723985273620107,5,0.39215686274509803,0.022727272727272728,0.0,0.058823529411764705,0.8073223550876591
bayes-fix-seed43,baseline_circle,0,33,1540568445,success,48,12.0,0.15576256274056932,0,0.0,1,1.3970090684471188,13.741670253997048,15.363826043903828,9.402189020021655,33,2.75,17,1.4166666666666667,3,0.25,20.768037022346384,2.2088512556088293,10,0.8333333333333334,0.0,0.0,0.0625,0.8197405085467004
bayes-fix-seed43,baseline_circle,0,34,1540568446,success,51,12.75,0.19642637391005924,0,0.0,1,1.9602137680973974,14.351594974012936,15.65464399755001,10.410759322387127,28,2.196078431372549,11,0.8627450980392157,3,0.23529411764705882,16.649831403698276,1.5992907806344874,6,0.47058823529411764,0.0,0.0,0.11764705882352941,0.7419531922074689
bayes-fix-seed43,baseline_circle,0,35,1540568447,success,46,11.5,0.1991584229535972,0,0.0,1,2.42523624922015,14.167872864914978,15.933590941131115,8.871155797621034,26,2.260869565217391,16,1.391304347826087,1,0.08695652173913043,12.34399962232067,1.391475914066456,6,0.5217391304347826,0.0,0.0,0.021739130434782608,0.8680996735487337
bayes-fix-seed43,baseline_circle,0,36,1540568448,success,38,9.5,0.2917120461497261,0,0.0,0,2.9819799174591823,13.721546060160586,15.768783167004585,9.074833384397385,13,1.368421052631579,5,0.5263157894736842,0,0.0,3.9733194033251995,0.4378393778729468,2,0.21052631578947367,0.0,0.0,0.0,0.8619158664458247
bayes-fix-seed43,baseline_circle,0,37,1540568449,success,41,10.25,0.2833284748650402,0,0.0,0,1.279264356952592,13.534552894714402,15.146095305681229,8.718541808502652,28,2.731707317073171,16,1.5609756097560976,1,0.0975609756097561,13.730331464499688,1.5748426475525241,7,0.6829268292682927,0.0,0.0,0.024390243902439025,0.8876913493392593
bayes-fix-seed43,baseline_circle,0,38,1540568450,success,47,11.75,0.23513903923684754,0,0.0,0,0.7407435346354719,13.99834137013618,15.58178924024105,10.000971425167032,29,2.4680851063829787,15,1.2765957446808511,3,0.2553191489361702,17.947766987841284,1.794602366593756,8,0.6808510638297872,0.0,0.0,0.0425531914893617,0.7742989699034528
bayes-fix-seed43,baseline_circle,0,39,1540568451,success,48,12.0,0.3503469169845337,0,0.0,0,1.2458832530387123,13.763380624974767,15.185864269733429,9.842315568704123,25,2.0833333333333335,11,0.9166666666666666,0,0.0,11.390765531909441,1.1573257789182219,5,0.4166666666666667,0.0,0.0,0.0,0.7877853179581586
bayes-fix-seed43,baseline_circle,0,40,1540568452,success,48,12.0,0.5132782035856273,0,0.0,0,1.0892207415809019,13.968409892792502,15.151479095220566,10.734206200828808,22,1.8333333333333333,13,1.0833333333333333,2,0.16666666666666666,14.003799525569468,1.304595725437826,4,0.3333333333333333,0.0,0.0,0.0625,0.7262716439026238
bayes-fix-seed43,baseline_circle,0,41,1540568453,success,49,12.25,0.25015620257721705,0,0.0,0,0.8727420810637797,13.854391340698514,15.123766660690308,9.818990896986195,31,2.5306122448979593,10,0.8163265306122449,1,0.08163265306122448,15.733197094595997,1.6023232183080125,5,0.40816326530612246,0.07142857142857142,0.0,0.14285714285714285,0.7853264267776261
bayes-fix-seed43,baseline_circle,0,42,1540568454,success,44,11.0,0.16936986018748224,0,0.0,3,0.4840904774836876,13.816605830057101,16.05565920472145,9.36153041805559,30,2.727272727272727,19,1.7272727272727273,3,0.2727272727272727,19.216611128866774,2.052721111903208,9,0.8181818181818182,0.0,0.0,0.045454545454545456,0.8263906718135287
bayes-fix-seed43,baseline_circle,0,43,1540568455,success,45,11.25,0.19047068975939763,0,0.0,1,2.572037748161196,13.603291991684172,15.024434030056,8.943092837599997,28,2.488888888888889,11,0.9777777777777777,1,0.08888888888888889,8.584990518192502,0.9599576649923723,4,0.35555555555555557,0.0,0.0,0.022222222222222223,0.861829063516561
bayes-fix-seed43,baseline_circle,0,44,1540568456,success,40,10.0,0.8988812805619409,0,0.0,0,2.6344809147688064,13.884068839251995,15.869313478469849,8.736143716813743,11,1.1,3,0.3,0,0.0,2.9842171203755745,0.3415943254953665,1,0.1,0.0,0.0,0.0,0.8885439291411366
bayes-fix-seed43,baseline_circle,0,45,1540568457,success,54,13.5,0.2201834577536198,0,0.0,0,1.1107116697125055,14.64394887012464,16.102255880832672,9.419548291319702,29,2.1481481481481484,13,0.9629629629629629,1,0.07407407407407407,15.364475727469701,1.6311265946402511,7,0.5185185185185185,0.02127659574468085,0.0,0.018518518518518517,0.8240727043755969
bayes-fix-seed43,baseline_circle,0,46,1540568458,success,47,11.75,0.5623648131337177,0,0.0,0,0.9919557671354021,14.164747868446593,15.709730610251425,9.542340137655858,27,2.297872340425532,15,1.2765957446808511,3,0.2553191489361702,17.199998084111336,1.8024926628046853,2,0.1702127659574468,0.0,0.0,0.0851063829787234,0.8112439194818363
bayes-fix-seed43,baseline_circle,0,47,1540568459,success,43,10.75,0.26994086431002273,0,0.0,0,0.8116317238372215,13.624529679154241,15.058950707316399,9.77420208468562,16,1.4883720930232558,6,0.5581395348837209,0,0.0,5.1621659355141585,0.5281419281889337,2,0.18604651162790697,0.0,0.0,0.0,0.7943645264142833
bayes-fix-seed43,baseline_circle,0,48,1540568460,success,53,13.25,0.19865653120681181,0,0.0,1,0.8783820818375278,13.94628754483079,15.683680027723312,10.260375804493046,27,2.0377358490566038,11,0.8301886792452831,5,0.37735849056603776,22.53926700156232,2.19672918721869,5,0.37735849056603776,0.0,0.0,0.09433962264150944,0.7527173349909835
bayes-fix-seed43,baseline_circle,0,49,1540568461,success,43,10.75,0.20072362605134908,0,0.0,0,0.7542673319497536,13.686767670997353,16.083766892552376,9.357151077321078,26,2.4186046511627906,12,1.1162790697674418,1,0.09302325581395349,11.067538191465067,1.182789302001274,2,0.18604651162790697,0.0,0.0,0.023255813953488372,0.8365866242176486
bayes-fix-seed43,baseline_circle,0,50,1540568462,success,56,14.0,0.22103565583067952,0,0.0,0,1.1263352486701392,13.924924257610526,15.731049701571465,10.368822544815899,38,2.7142857142857144,20,1.4285714285714286,4,0.2857142857142857,25.51416665810737,2.4606619071577893,7,0.5,0.0,0.0,0.16071428571428573,0.7484497190878586
bayes-fix-seed43,baseline_circle,0,51,1540568463,success,47,11.75,0.4630322886903938,0,0.0,0,0.9074940401860588,13.637659239008071,15.181917324662209,9.722417674624028,27,2.297872340425532,13,1.1063829787234043,1,0.0851063829787234,16.365934423505742,1.683319414081706,3,0.2553191489361702,0.0,0.0,0.0,0.7967292302314659
bayes-fix-seed43,baseline_circle,0,52,1540568464,success,46,11.5,0.20452841627054463,0,0.0,0,0.5983732818025844,13.683606506041858,15.692118555307388,9.593647877616188,22,1.9130434782608696,9,0.782608695652174,2,0.17391304347826086,14.829741060458892,1.5457875095728193,9,0.782608695652174,0.0,0.0,0.06521739130434782,0.816192436548519
bayes-fix-seed43,baseline_circle,0,53,1540568465,success,51,12.75,0.35067272713474895,0,0.0,0,0.9466792427172382,13.96922000190791,15.833389014005661,10.171622098848193,36,2.823529411764706,23,1.803921568627451,7,0.5490196078431373,33.77288540460138,3.3203047730632593,8,0.6274509803921569,0.0,0.0,0.0784313725490196,0.7779452398422463
bayes-fix-seed43,baseline_circle,0,54,1540568466,success,48,12.0,0.22627048163293684,0,0.0,0,1.1488982563866983,14.445221129183969,15.988673083484173,9.734924014734759,28,2.3333333333333335,9,0.75,0,0.0,7.120004119220763,0.7313877446237835,1,0.08333333333333333,0.0,0.0,0.0,0.7983999445810291
bayes-fix-seed43,baseline_circle,0,55,1540568467,success,46,11.5,0.18552846471350315,0,0.0,1,0.605170223351099,13.598273872681286,15.182147733867168,9.498578034917362,32,2.782608695652174,20,1.7391304347826086,3,0.2608695652173913,18.437222060762053,1.941050754437736,6,0.5217391304347826,0.0,0.0,0.043478260869565216,0.8137357177675727
bayes-fix-seed43,baseline_circle,0,56,1540568468,success,44,11.0,0.1663566156663353,0,0.0,1,0.7282168925059612,13.764668933369897,15.307190828025341,9.539375711931582,26,2.3636363636363638,15,1.3636363636363635,2,0.18181818181818182,19.160716272273937,2.0085922654569788,9,0.8181818181818182,0.0,0.0,0.022727272727272728,0.8159459114569827
bayes-fix-seed43,baseline_circle,0,57,1540568469,success,42,10.5,0.21874435741221254,0,0.0,0,0.8095813739331477,13.843497616194544,15.537955053150654,9.042808540140639,23,2.1904761904761907,9,0.8571428571428571,2,0.19047619047619047,13.179795799897175,1.4574892016559486,5,0.47619047619047616,0.0,0.0,0.0,0.8573835329458735
bayes-fix-seed43,baseline_circle,0,58,1540568470,success,39,9.75,0.3550463884364785,0,0.0,0,1.232224007532572,13.796936243008345,15.627561137080193,9.401607240399402,16,1.641025641025641,6,0.6153846153846154,0,0.0,5.953320250948081,0.6332236710938342,3,0.3076923076923077,0.0,0.0,0.0,0.823451177473096
bayes-fix-seed43,baseline_circle,0,59,1540568471,success,52,13.0,0.2613361517462277,0,0.0,0,1.3010670745000807,13.98195276180139,15.55117480456829,10.120993180148716,31,2.3846153846153846,10,0.7692307692307693,0,0.0,12.06025056819286,1.1916074196994617,3,0.23076923076923078,0.1111111111111111,0.044444444444444446,0.057692307692307696,0.7642559520772777
bayes-fix-seed43,baseline_circle,0,60,1540568472,success,37,9.25,0.5074950008057503,0,0.0,0,1.5216406023886853,13.753502151450595,15.750039368867874,8.791953539888942,11,1.1891891891891893,5,0.5405405405405406,0,0.0,3.524934467978769,0.4009273311086327,1,0.10810810810810811,0.0,0.0,0.0,0.8819417727223007
bayes-fix-seed43,baseline_circle,0,61,1540568473,success,48,12.0,0.21651736028863955,0,0.0,0,1.2525056772930583,13.616434453676144,15.083320997655392,10.67487716658487,24,2.0,9,0.75,2,0.16666666666666666,14.654408470641457,1.372794107318963,9,0.75,0.0975609756097561,0.0,0.125,0.7225618339088679
bayes-fix-seed43,baseline_circle,0,62,1540568474,success,41,10.25,0.22014669798395947,0,0.0,0,1.1523335542377862,14.254159680226953,15.913296490907669,9.274973579334269,21,2.048780487804878,12,1.170731707317073,2,0.1951219512195122,13.477924513092596,1.453149639490402,2,0.1951219512195122,0.0,0.0,0.024390243902439025,0.8421848608005702
bayes-fix-seed43,baseline_circle,0,63,1540568475,success,50,12.5,0.2368614833233048,0,0.0,0,1.0952679483800551,13.981737047433853,15.135125070810318,10.614855555088853,21,1.68,6,0.48,2,0.16,11.001299347968494,1.036405939852321,1,0.08,0.0,0.0,0.08,0.7364991711911899
bayes-fix-seed43,baseline_circle,0,64,1540568476,success,51,12.75,0.21454072040573346,0,0.0,0,1.710799103367006,14.124542036477257,15.554726123809814,8.70446920739797,36,2.823529411764706,19,1.4901960784313726,0,0.0,16.018966343451716,1.8403151256870574,9,0.7058823529411765,0.0,0.0,0.0,0.8900476749355217
bayes-fix-seed43,baseline_circle,0,65,1540568477,success,51,12.75,0.19828873603999453,0,0.0,1,1.451565490619536,13.81753721073562,15.194086357951164,9.671193868019564,39,3.0588235294117645,14,1.0980392156862746,1,0.0784313725490196,16.12552699309783,1.6673770801370527,8,0.6274509803921569,0.0,0.0,0.09803921568627451,0.8012103998744249
bayes-fix-seed43,baseline_circle,0,66,1540568478,success,65,16.25,0.17321307676888165,0,0.0,2,1.3393552619117393,14.115370638095415,15.214211493730545,11.525509278449048,38,2.3384615384615386,17,1.0461538461538462,1,0.06153846153846154,21.77484155677309,1.8892736998172164,3,0.18461538461538463,0.1724137931034483,0.10344827586206896,0.13846153846153847,0.683139350264129
bayes-fix-seed43,baseline_circle,0,67,1540568479,success,49,12.25,0.2476489097307919,0,0.0,0,1.3002496602844338,13.855940757357345,15.616204589605331,10.036799537979206,24,1.9591836734693877,5,0.40816326530612246,1,0.08163265306122448,8.29050089520435,0.8260104093773248,3,0.24489795918367346,0.0,0.0,0.08163265306122448,0.7684506568671713
bayes-fix-seed43,baseline_circle,0,68,1540568480,success,49,12.25,0.2122848541104364,0,0.0,0,1.25304983582515,13.922170564836385,15.729562193155287,9.999240490707964,33,2.693877551020408,16,1.3061224489795917,4,0.32653061224489793,24.425687501429763,2.442754279600328,8,0.6530612244897959,0.09523809523809523,0.09523809523809523,0.10204081632653061,0.774288430094107
bayes-fix-seed43,baseline_circle,0,69,1540568481,success,47,11.75,0.16039046203265983,0,0.0,3,0.47204831978145106,14.06770611697055,15.588090196251867,9.192605491710712,36,3.0638297872340425,16,1.3617021276595744,0,0.0,22.200789738465815,2.415070434436138,13,1.1063829787234043,0.0,0.0,0.02127659574468085,0.85640829941149
bayes-fix-seed43,baseline_circle,0,70,1540568482,success,44,11.0,0.2540789235143095,0,0.0,0,2.128533370374505,13.704013418067586,15.176320634782314,10.197009574394016,20,1.8181818181818181,12,1.0909090909090908,1,0.09090909090909091,9.02520104425184,0.8850831195564692,1,0.09090909090909091,0.0,0.0,0.022727272727272728,0.7626572709761493
bayes-fix-seed43,baseline_circle,0,71,1540568483,success,55,13.75,0.2137584916108206,0,0.0,0,0.864339390115465,13.93148120154034,15.233384445309639,9.731524173948511,37,2.690909090909091,16,1.1636363636363636,2,0.14545454545454545,20.543830955667282,2.111059952012814,9,0.6545454545454545,0.020833333333333332,0.0,0.12727272727272726,0.795353529742396
bayes-fix-seed43,baseline_circle,0,72,1540568484,success,49,12.25,0.4431963086365568,0,0.0,0,2.1687809502955298,13.94600915361424,15.685606747865675,9.885591050814625,24,1.9591836734693877,10,0.8163265306122449,0,0.0,7.688611320322421,0.7777593955486191,3,0.24489795918367346,0.023809523809523808,0.0,0.061224489795918366,0.7896329533686279
bayes-fix-seed43,baseline_circle,0,73,1540568485,success,42,10.5,0.2511870933076421,0,0.0,0,0.8765709271398976,13.740138727284613,15.97176995128393,9.535026922752397,13,1.2380952380952381,3,0.2857142857142857,1,0.09523809523809523,8.006026053859731,0.8396437806332588,2,0.19047619047619047,0.0,0.0,0.047619047619047616,0.8239821756629339
bayes-fix-seed43,baseline_circle,0,74,1540568486,success,47,11.75,0.2572487867925304,0,0.0,0,1.0413556351774163,13.966606811006018,15.921691805124283,9.694810044804195,28,2.382978723404255,12,1.0212765957446808,4,0.3404255319148936,18.07116635572814,1.8640041705008075,6,0.5106382978723404,0.0,0.0,0.10638297872340426,0.8015773248047576
bayes-fix-seed43,baseline_circle,0,75,1540568487,success,51,12.75,0.3005765797811395,0,0.0,0,1.2665257781570263,14.146988371423646,15.610558912158012,11.025731963674037,27,2.1176470588235294,9,0.7058823529411765,1,0.0784313725490196,12.515588668814424,1.1351254238765234,2,0.1568627450980392,0.09090909090909091,0.0,0.11764705882352941,0.7051070862051734
bayes-fix-seed43,baseline_circle,0,76,1540568488,success,44,11.0,0.21129884011066014,0,0.0,0,0.832799823234947,13.892350464381956,15.826208889484406,8.342928274579227,27,2.4545454545454546,9,0.8181818181818182,0,0.0,7.492217377820637,0.8980320975129688,4,0.36363636363636365,0.0,0.0,0.0,0.9275175950493187
bayes-fix-seed43,baseline_circle,0,77,1540568489,success,45,11.25,0.20231031946975464,0,0.0,0,0.6787418707303711,13.711857795715332,15.454652905464172,8.920624016542055,28,2.488888888888889,18,1.6,2,0.17777777777777778,11.76200336793509,1.3185180034629969,7,0.6222222222222222,0.0,0.0,0.0,0.8675802038293691
bayes-fix-seed43,baseline_circle,0,78,1540568490,success,44,11.0,0.4406235681569345,0,0.0,0,1.277053175858373,13.884943147951907,15.598900616168976,9.259447306427033,22,2.0,12,1.0909090909090908,2,0.18181818181818182,13.146133656570207,1.419753601000073,3,0.2727272727272727,0.0,0.0,0.09090909090909091,0.8414973662535641
bayes-fix-seed43,baseline_circle,0,79,1540568491,success,52,13.0,0.20753151495784639,0,0.0,0,1.6885214978590162,14.095851721671911,15.4966089874506,9.565242777435182,34,2.6153846153846154,14,1.0769230769230769,3,0.23076923076923078,19.158872044605143,2.002967670596061,6,0.46153846153846156,0.0,0.0,0.09615384615384616,0.8156479809925041
bayes-fix-seed43,baseline_circle,0,80,1540568492,success,38,9.5,0.6718843524185815,0,0.0,0,1.7204408797884667,13.624124228954315,15.4760317876935,9.417955888797534,12,1.263157894736842,6,0.631578947368421,0,0.0,4.266297826753554,0.45299615724769193,1,0.10526315789473684,0.0,0.0,0.0,0.8279211584023208
bayes-fix-seed43,baseline_circle,0,81,1540568493,success,42,10.5,0.2218647845801449,0,0.0,0,2.0201496326438075,13.62086921220734,15.181437321007252,8.900974447593732,22,2.0952380952380953,11,1.0476190476190477,0,0.0,6.6044810354076136,0.7419952808866958,1,0.09523809523809523,0.0,0.0,0.0,0.8670996248347455
bayes-fix-seed43,baseline_circle,0,82,1540568494,success,57,14.25,0.2499486357827001,0,0.0,0,0.9330772154022945,14.187395376594443,15.824609249830244,10.047264153018071,40,2.807017543859649,15,1.0526315789473684,4,0.2807017543859649,23.03031687459481,2.292197808661853,7,0.49122807017543857,0.0,0.0,0.07017543859649122,0.7680821069319478
bayes-fix-seed43,baseline_circle,0,83,1540568495,success,53,13.25,0.2569048631852834,0,0.0,0,0.8587155384326468,13.844000843335998,14.86871987581253,9.53666610200884,40,3.018867924528302,17,1.2830188679245282,3,0.22641509433962265,23.817793217255637,2.497496815185609,3,0.22641509433962265,0.0,0.0,0.018867924528301886,0.8074543039239853
bayes-fix-seed43,baseline_circle,0,84,1540568496,success,46,11.5,0.22052345756801062,0,0.0,0,1.1899657837527458,13.902601583496384,15.338723547756672,9.713681260227855,24,2.0869565217391304,10,0.8695652173913043,2,0.17391304347826086,12.230919567976624,1.2591435976034613,4,0.34782608695652173,0.0,0.0,0.08695652173913043,0.7937644046731145
bayes-fix-seed43,baseline_circle,0,85,1540568497,success,44,11.0,0.2305392280994214,0,0.0,0,0.5529881613265603,13.66097547791221,15.58456588536501,9.484348478423842,25,2.272727272727273,14,1.2727272727272727,0,0.0,7.415651470468969,0.7818830663317572,4,0.36363636363636365,0.0,0.0,0.0,0.8168442260402166
bayes-fix-seed43,baseline_circle,0,86,1540568498,success,53,13.25,0.16517965501761733,0,0.0,1,0.42474374326073955,14.375438386539244,15.806476771831512,11.123590877496694,33,2.490566037735849,11,0.8301886792452831,2,0.1509433962264151,20.196335342338767,1.8156309023551436,10,0.7547169811320755,0.043478260869565216,0.021739130434782608,0.1320754716981132,0.6971172331384308
bayes-fix-seed43,baseline_circle,0,87,1540568499,success,43,10.75,0.14790207304711434,0,0.0,1,0.47535342575600126,13.959658613731694,15.512406080961227,8.77748742352809,32,2.9767441860465116,16,1.4883720930232558,0,0.0,13.893054913007886,1.582805447919811,10,0.9302325581395349,0.0,0.0,0.0,0.8792710924717513
bayes-fix-seed43,baseline_circle,0,88,1540568500,success,45,11.25,0.18586634442355332,0,0.0,1,0.6065865979129644,13.718461162514156,15.191911160945892,8.929871072263385,31,2.7555555555555555,14,1.2444444444444445,0,0.0,11.634650690242204,1.3028912283381107,6,0.5333333333333333,0.0,0.0,0.0,0.8739698804746439
bayes-fix-seed43,baseline_circle,0,89,1540568501,success,47,11.75,0.22240014424959964,0,0.0,0,0.8335266273776034,13.60967073668825,15.079343318939209,9.544214239976316,31,2.6382978723404253,10,0.851063829787234,0,0.0,13.883308698184935,1.4546308736484719,6,0.5106382978723404,0.0,0.0,0.0,0.8161149158990767
bayes-fix-seed43,baseline_circle,0,90,1540568502,success,52,13.0,0.26152094156470784,0,0.0,0,1.3391068472268017,13.933621633511324,15.45560248196125,9.286781397990755,34,2.6153846153846154,17,1.3076923076923077,2,0.15384615384615385,17.391766903133135,1.872744297275689,6,0.46153846153846156,0.0,0.0,0.038461538461538464,0.832081299892284
bayes-fix-seed43,baseline_circle,0,91,1540568503,success,46,11.5,0.22668176648983596,0,0.0,0,0.834821171295112,13.90038033866364,15.498529188334942,9.321979409468007,28,2.4347826086956523,16,1.391304347826087,1,0.08695652173913043,11.867716151528452,1.2730897194939983,6,0.5217391304347826,0.0,0.0,0.043478260869565216,0.8274762243234977
bayes-fix-seed43,baseline_circle,0,92,1540568504,success,42,10.5,0.6083618299960468,0,0.0,0,2.180892534721853,13.72581534087658,15.725198574364185,9.67068933305723,16,1.5238095238095237,6,0.5714285714285714,2,0.19047619047619047,8.945982299209302,0.925061491597019,1,0.09523809523809523,0.0,0.0,0.07142857142857142,0.8039348558784541
bayes-fix-seed43,baseline_circle,0,93,1540568505,success,49,12.25,0.23225298984078158,0,0.0,0,0.7706282872418863,13.84782547853431,15.510661900043486,9.337829084677548,34,2.7755102040816326,15,1.2244897959183674,2,0.16326530612244897,16.110741649170457,1.7253198257405018,3,0.24489795918367346,0.0,0.0,0.061224489795918366,0.8324719279616186
bayes-fix-seed43,baseline_circle,0,94,1540568506,success,42,10.5,0.15756312718085452,0,0.0,1,0.3474266220767726,13.862386966745058,15.420829504728317,8.684394256283044,28,2.6666666666666665,12,1.1428571428571428,2,0.19047619047619047,13.071970381379414,1.505225349703811,6,0.5714285714285714,0.0,0.0,0.07142857142857142,0.9007350100851697
bayes-fix-seed43,baseline_circle,0,95,1540568507,success,46,11.5,0.21537375898494604,0,0.0,0,1.3756977362474716,13.778762324996617,15.432525426149368,9.985163786637894,20,1.7391304347826086,14,1.2173913043478262,3,0.2608695652173913,13.812132102340811,1.3832654523728645,3,0.2608695652173913,0.15384615384615385,0.15384615384615385,0.13043478260869565,0.7725112110037055
bayes-fix-seed43,baseline_circle,0,96,1540568508,success,44,11.0,0.13610920466795717,0,0.0,2,0.4516555959488667,13.878163712268526,15.455369092524052,9.262331612672172,26,2.3636363636363638,11,1.0,0,0.0,12.339803003476067,1.3322566627385142,4,0.36363636363636365,0.0,0.0,0.0,0.8434288416773996
bayes-fix-seed43,baseline_circle,0,97,1540568509,success,50,12.5,0.2416968989329461,0,0.0,0,1.7846858662877438,13.778921216726303,15.811816975474358,9.044564676795071,29,2.32,15,1.2,2,0.16,18.375894260232705,2.031705772128347,5,0.4,0.0,0.0,0.06,0.8564766940499418
bayes-fix-seed43,baseline_circle,0,98,1540568510,success,48,12.0,0.3159636660989411,0,0.0,0,1.6643841516981415,13.961938520272573,15.255412831902504,9.340695568955535,32,2.6666666666666665,11,0.9166666666666666,0,0.0,8.254832501199346,0.8837492283374342,6,0.5,0.0,0.0,0.020833333333333332,0.8259777863614101
bayes-fix-seed43,baseline_circle,0,99,1540568511,success,52,13.0,0.23672608686767826,0,0.0,0,0.952633653220434,13.944743630977777,15.539797209203243,10.382174144440155,36,2.769230769230769,18,1.3846153846153846,7,0.5384615384615384,32.36056106749038,3.1169349133697644,11,0.8461538461538461,0.0,0.0,0.11538461538461539,0.7491546391488565
bayes-fix-seed43,baseline_circle,0,100,1540568512,success,43,10.75,0.5845095133526296,0,0.0,0,1.436989029170166,13.812528619932573,15.685934200882912,9.901795208787423,14,1.302325581395349,5,0.46511627906976744,0,0.0,5.759824197129731,0.5816949427532223,1,0.09302325581395349,0.0,0.0,0.046511627906976744,0.780195145765929
bayes-fix-seed43,baseline_circle,0,101,1540568513,success,54,13.5,0.18192273452396668,0,0.0,1,0.617603700079004,13.92734747517992,15.127902850508688,10.63335136818948,33,2.4444444444444446,11,0.8148148148148148,2,0.14814814814814814,15.81558882691776,1.487356928148858,7,0.5185185185185185,0.02127659574468085,0.0,0.09259259259259259,0.7291348766598131
bayes-fix-seed43,baseline_circle,0,102,1540568514,success,40,10.0,0.3204738153593987,0,0.0,0,1.7215015447262156,13.760503940284252,15.181052312254906,9.33928743073908,15,1.5,4,0.4,2,0.2,9.194551535518434,0.9845024691343938,1,0.1,0.0,0.0,0.05,0.8297204405416304
bayes-fix-seed43,baseline_circle,0,103,1540568515,success,49,12.25,0.24221119954391002,0,0.0,0,1.6229006701586854,14.031631225834088,15.53858071565628,9.164874197575333,32,2.6122448979591835,13,1.0612244897959184,2,0.16326530612244897,14.114096954631119,1.5400208066538608,4,0.32653061224489793,0.0,0.0,0.02040816326530612,0.8488743720578763
bayes-fix-seed43,baseline_circle,0,104,1540568516,success,49,12.25,0.2012240090613474,0,0.0,0,0.8995224581167902,13.986065983772278,15.533383935689924,9.081909865217277,28,2.2857142857142856,8,0.6530612244897959,1,0.08163265306122448,10.293391184470158,1.133394994800898,5,0.40816326530612246,0.0,0.0,0.02040816326530612,0.8529273357026124
bayes-fix-seed43,baseline_circle,0,105,1540568517,success,40,10.0,0.25246999992959207,0,0.0,0,1.4204727547687424,13.997262250632048,16.25179685652256,8.747899428362665,21,2.1,11,1.1,0,0.0,7.620482581757386,0.8711214211093993,1,0.1,0.0,0.0,0.0,0.8814017961320719
bayes-fix-seed43,baseline_circle,0,106,1540568518,success,40,10.0,0.6011524843369841,0,0.0,0,1.1152036182967937,13.59458602964878,15.299185179173946,9.239767054872132,17,1.7,6,0.6,2,0.2,8.547585137155474,0.9250866484397277,2,0.2,0.0,0.0,0.075,0.8384786021570805
bayes-fix-seed43,baseline_circle,0,107,1540568519,success,57,14.25,0.1902407728758133,0,0.0,4,2.6414469440524537,14.385509843889036,16.112808883190155,10.081460061866823,30,2.1052631578947367,12,0.8421052631578947,1,0.07017543859649122,14.097436373611359,1.3983526480390462,3,0.21052631578947367,0.14,0.1,0.17543859649122806,0.7688357896464013
bayes-fix-seed43,baseline_circle,0,108,1540568520,success,62,15.5,0.22989920541118625,0,0.0,0,0.6208111397379942,14.265842795852691,15.685812756419182,10.471111428201105,47,3.032258064516129,27,1.7419354838709677,11,0.7096774193548387,43.88663659729513,4.191210923331247,17,1.096774193548387,0.09090909090909091,0.09090909090909091,0.12903225806451613,0.7408298905628816
bayes-fix-seed43,baseline_circle,0,109,1540568521,success,41,10.25,0.43464654085101506,0,0.0,0,1.7361091069544374,13.929939397224565,15.380769968032837,9.456701612359295,17,1.6585365853658536,8,0.7804878048780488,0,0.0,6.387137006948951,0.6754085376450261,1,0.0975609756097561,0.0,0.0,0.024390243902439025,0.8183078733071779
bayes-fix-seed43,baseline_circle,0,110,1540568522,success,40,10.0,0.24741722952851852,0,0.0,0,1.501748510209498,13.371883239597082,15.087593719363213,8.58108433808999,22,2.2,14,1.4,1,0.1,10.36775921746702,1.208210851797165,3,0.3,0.0,0.0,0.025,0.9010872835834527
bayes-fix-seed43,baseline_circle,0,111,1540568523,success,48,12.0,0.2235983683131325,0,0.0,0,1.2399707202280104,13.83663946762681,15.30980933457613,8.36381124204502,26,2.1666666666666665,11,0.9166666666666666,2,0.16666666666666666,11.096141841655916,1.3266848713509247,4,0.3333333333333333,0.0,0.0,0.020833333333333332,0.926606366620491
bayes-fix-seed43,baseline_circle,0,112,1540568524,success,44,11.0,0.20659086101606605,0,0.0,0,0.5936109804734275,13.952136886390774,15.619374252855778,9.130684725214964,28,2.5454545454545454,16,1.4545454545454546,2,0.18181818181818182,17.53452451358451,1.92039535273426,4,0.36363636363636365,0.0,0.0,0.022727272727272728,0.8484921521783358
bayes-fix-seed43,baseline_circle,0,113,1540568525,success,40,10.0,0.2553079139566169,0,0.0,0,0.8845728647143947,13.588638510555029,15.141294337809086,9.374416856444435,14,1.4,7,0.7,1,0.1,7.680715647658577,0.8193272995299409,2,0.2,0.0,0.0,0.0,0.8379294571115117
bayes-fix-seed43,baseline_circle,0,114,1540568526,success,43,10.75,0.21715031045366895,0,0.0,0,0.7715552407673968,13.627678848976313,15.150116756558418,9.64287962254113,22,2.046511627906977,9,0.8372093023255814,3,0.27906976744186046,16.951237643109515,1.7579020278843278,6,0.5581395348837209,0.05555555555555555,0.05555555555555555,0.09302325581395349,0.8117173356074789
bayes-fix-seed43,baseline_circle,0,115,1540568527,success,41,10.25,0.26127644440711395,0,0.0,0,2.268647512729791,13.972672656541917,15.859507024288177,9.148992565102947,15,1.4634146341463414,5,0.4878048780487805,1,0.0975609756097561,8.024581165216041,0.8770999766492592,1,0.0975609756097561,0.0,0.0,0.04878048780487805,0.8499667574966131
bayes-fix-seed43,baseline_circle,0,116,1540568528,success,55,13.75,0.3120872344017651,0,0.0,0,1.2008774589568316,13.881592587991195,15.946322679519653,10.183340777568114,33,2.4,18,1.309090909090909,3,0.21818181818181817,17.04180578926156,1.6734985268097171,3,0.21818181818181817,0.0,0.0,0.07272727272727272,0.7702707500745993
bayes-fix-seed43,baseline_circle,0,117,1540568529,success,43,10.75,0.2155281954385848,0,0.0,0,0.7194241205691623,14.156574859868648,15.994013845920563,9.390369530663659,21,1.9534883720930232,11,1.0232558139534884,0,0.0,12.252632287847575,1.3048083196127032,6,0.5581395348837209,0.0,0.0,0.023255813953488372,0.8346209912686289
bayes-fix-seed43,baseline_circle,0,118,1540568530,success,43,10.75,0.16391933841166706,0,0.0,5,0.5687516542301417,13.715798598389293,15.337198972702026,8.982345374560431,31,2.883720930232558,12,1.1162790697674418,1,0.09302325581395349,15.287172461278049,1.701913233549668,6,0.5581395348837209,0.0,0.0,0.0,0.8736056000165606
bayes-fix-seed43,baseline_circle,0,119,1540568531,success,49,12.25,0.1782402272263105,0,0.0,1,1.2344077903400894,13.860496331234367,15.363576263189316,9.42948253970088,34,2.7755102040816326,19,1.5510204081632653,1,0.08163265306122448,17.66387317083234,1.8732600751379798,9,0.7346938775510204,0.0,0.0,0.10204081632653061,0.8204336326641606
bayes-fix-seed43,baseline_circle,0,120,1540568532,success,49,12.25,0.20605526428425158,0,0.0,0,0.8734329529662582,14.210670578236483,15.738558769226074,9.446833285189303,28,2.2857142857142856,11,0.8979591836734694,3,0.24489795918367346,14.488732440294854,1.533713150523172,5,0.40816326530612246,0.0,0.0,0.10204081632653061,0.8172663692636339
bayes-fix-seed43,baseline_circle,0,121,1540568533,success,49,12.25,0.29328494815946393,0,0.0,0,0.9878396364209049,13.865826081256477,15.060258656740189,10.886727319301276,27,2.204081632653061,6,0.4897959183673469,1,0.08163265306122448,12.541547976487795,1.1520035001016933,4,0.32653061224489793,0.07142857142857142,0.0,0.12244897959183673,0.7136538621708942
bayes-fix-seed43,baseline_circle,0,122,1540568534,success,56,14.0,0.22784957146547846,0,0.0,0,1.4872347235010643,14.284710133714336,15.623552724719048,9.930406482482747,41,2.9285714285714284,24,1.7142857142857142,9,0.6428571428571429,38.81099299049407,3.9082985232232663,9,0.6428571428571429,0.0,0.0,0.08928571428571429,0.7768969845245582
bayes-fix-seed43,baseline_circle,0,123,1540568535,success,43,10.75,0.4649544149817614,0,0.0,0,1.6810894293737366,13.958571348772493,15.550999343395233,9.717831694805819,20,1.8604651162790697,11,1.0232558139534884,1,0.09302325581395349,8.646482757477903,0.8897543226746197,1,0.09302325581395349,0.0,0.0,0.023255813953488372,0.7986266800262927
bayes-fix-seed43,baseline_circle,0,124,1540568536,success,57,14.25,0.2877426904848357,0,0.0,0,0.9765763090968864,13.921615585946201,15.28230234980583,9.83296007069882,44,3.087719298245614,20,1.4035087719298245,7,0.49122807017543857,25.568910725269458,2.6003269149299313,3,0.21052631578947367,0.0,0.0,0.10526315789473684,0.7855533795518812
bayes-fix-seed43,baseline_circle,0,125,1540568537,success,43,10.75,0.2268750418692307,0,0.0,0,1.1304149756747561,13.75995221179585,15.165544673800468,9.672549758193924,25,2.3255813953488373,14,1.302325581395349,0,0.0,12.30807331715183,1.2724745413405882,2,0.18604651162790697,0.0,0.0,0.023255813953488372,0.7990410920729563
bayes-fix-seed43,baseline_circle,0,126,1540568538,success,48,12.0,0.19019917859027802,0,0.0,1,0.7900683708835112,13.898041875412067,15.269505977630615,9.421154327110255,32,2.6666666666666665,16,1.3333333333333333,1,0.08333333333333333,19.02831840293006,2.0197438384141835,11,0.9166666666666666,0.0,0.0,0.041666666666666664,0.8178355678912784
bayes-fix-seed43,baseline_circle,0,127,1540568539,success,47,11.75,0.2226497935891265,0,0.0,0,0.7043008254267319,13.954146032003646,15.579332783818245,8.708587606521233,34,2.893617021276596,18,1.5319148936170213,3,0.2553191489361702,17.291363673168657,1.985553163663463,8,0.6808510638297872,0.0,0.0,0.0851063829787234,0.8997427033269781
bayes-fix-seed43,baseline_circle,0,128,1540568540,success,46,11.5,0.2383564795931148,0,0.0,0,0.7986225617542546,13.909618653680967,15.44859167188406,8.80963367882305,32,2.782608695652174,11,0.9565217391304348,1,0.08695652173913043,13.654045664370237,1.549899367233893,8,0.6956521739130435,0.0,0.0,0.08695652173913043,0.8769634014581162
bayes-fix-seed43,baseline_circle,0,129,1540568541,success,47,11.75,0.2103121825155827,0,0.0,0,0.9490530438371962,13.622243987753036,15.085072442889214,9.02055362876846,30,2.5531914893617023,17,1.446808510638298,0,0.0,11.772622278110859,1.3050886633571435,6,0.5106382978723404,0.0,0.0,0.0,0.8608002837648697
bayes-fix-seed43,baseline_circle,0,130,1540568542,success,48,12.0,0.36641731002161004,0,0.0,0,1.088549508944727,14.308752259239554,15.726510062813759,9.010807154077748,28,2.3333333333333335,11,0.9166666666666666,4,0.3333333333333333,15.301661822910592,1.6981455225113748,5,0.4166666666666667,0.0,0.0,0.020833333333333332,0.8547869740882543
bayes-fix-seed43,baseline_circle,0,131,1540568543,success,44,11.0,0.16319923390912994,0,0.0,2,0.44128005836371,14.099827882918445,15.393324010074139,9.004071045132259,32,2.909090909090909,12,1.0909090909090908,1,0.09090909090909091,12.008609367170479,1.3336866520686241,6,0.5454545454545454,0.0,0.0,0.0,0.863601767704889
bayes-fix-seed43,baseline_circle,0,132,1540568544,success,38,9.5,0.22172048262461652,0,0.0,0,0.6784259667260957,13.6172632245641,15.66366944462061,8.89804533871942,16,1.6842105263157894,11,1.1578947368421053,0,0.0,5.215229135811581,0.5861095260009253,3,0.3157894736842105,0.0,0.0,0.0,0.8745983304195659
bayes-fix-seed43,baseline_circle,0,133,1540568545,success,46,11.5,0.4944494072018156,0,0.0,0,1.7279942991241253,14.122887474039327,16.36634487658739,10.074621228056431,26,2.260869565217391,10,0.8695652173913043,2,0.17391304347826086,13.672067093208312,1.3570800116170612,7,0.6086956521739131,0.1282051282051282,0.1282051282051282,0.08695652173913043,0.7665107823424926
bayes-fix-seed43,baseline_circle,0,134,1540568546,success,49,12.25,0.21276199081511393,0,0.0,0,1.27229182154315,13.955021315083211,15.620389580726624,9.737058751739012,33,2.693877551020408,11,0.8979591836734694,4,0.32653061224489793,20.6194995099279,2.117631210374007,6,0.4897959183673469,0.0,0.0,0.08163265306122448,0.7914351770533905
bayes-fix-seed43,baseline_circle,0,135,1540568547,success,55,13.75,0.20761246605030692,0,0.0,0,1.5745550634698358,14.170703901485963,15.537746995687485,10.274863542796957,36,2.618181818181818,15,1.0909090909090908,4,0.2909090909090909,23.181330391501916,2.2561205114741254,5,0.36363636363636365,0.0,0.0,0.09090909090909091,0.771112151920177
bayes-fix-seed43,baseline_circle,0,136,1540568548,success,40,10.0,0.32356016542325494,0,0.0,0,2.051211070049714,13.542187958955765,15.165429748594761,9.198536849602405,14,1.4,5,0.5,2,0.2,7.955991829385065,0.8649192756920849,1,0.1,0.0,0.0,0.025,0.8438359190755104
bayes-fix-seed43,baseline_circle,0,137,1540568549,success,39,9.75,0.21684586299239927,0,0.0,0,0.3249185922733077,13.619434375029345,15.239651128649712,8.214859290931471,23,2.358974358974359,13,1.3333333333333333,0,0.0,8.865316626476513,1.0791805814937199,8,0.8205128205128205,0.0,0.0,0.0,0.9375114051552002
bayes-fix-seed43,baseline_circle,0,138,1540568550,success,41,10.25,0.17115475542679692,0,0.0,2,0.6963532275206383,13.5117715633497,14.980081468820572,9.199421669472523,16,1.5609756097560976,7,0.6829268292682927,0,0.0,7.740943045295416,0.841459748603878,4,0.3902439024390244,0.0,0.0,0.0,0.840015923087986
bayes-fix-seed43,baseline_circle,0,139,1540568551,success,39,9.75,0.42159573308345333,0,0.0,0,1.2322531002547301,13.495219059479542,15.329133719205856,9.236841389175286,12,1.2307692307692308,4,0.41025641025641024,1,0.10256410256410256,5.853091519136546,0.633668076838022,3,0.3076923076923077,0.0,0.0,0.0,0.8447343755773901
bayes-fix-seed43,baseline_circle,0,140,1540568552,success,50,12.5,0.2218509643372445,0,0.0,0,0.9309128423555467,14.007565900683403,15.310999937355518,8.931524822923771,32,2.56,10,0.8,3,0.24,15.213118473432624,1.7033058492304058,8,0.64,0.0,0.0,0.04,0.8720362707785161
bayes-fix-seed43,baseline_circle,0,141,1540568553,success,52,13.0,0.1642794691604762,0,0.0,2,1.032774946827692,13.912778777571825,15.305270999670029,10.06161854085596,41,3.1538461538461537,16,1.2307692307692308,1,0.07692307692307693,17.164258324450472,1.7059142378290042,7,0.5384615384615384,0.0,0.0,0.11538461538461539,0.7688967893733366
bayes-fix-seed43,baseline_circle,0,142,1540568554,success,41,10.25,0.28797809380151496,0,0.0,0,1.0838422748089305,13.772792841603117,15.288341790437698,9.425438064213841,22,2.1463414634146343,11,1.0731707317073171,1,0.0975609756097561,9.38678323472285,0.9958988824468802,2,0.1951219512195122,0.0,0.0,0.024390243902439025,0.8264278786216168
bayes-fix-seed43,baseline_circle,0,143,1540568555,success,43,10.75,0.2921273527076168,0,0.0,0,1.621793459242073,13.92169504664665,15.741203725337982,9.785074718248469,19,1.7674418604651163,8,0.7441860465116279,2,0.18604651162790697,10.55133526044576,1.0783091150820003,3,0.27906976744186046,0.0,0.0,0.06976744186046512,0.7947009235528035
bayes-fix-seed43,baseline_circle,0,144,1540568556,success,56,14.0,0.21825085846394243,0,0.0,0,0.7517283059124191,13.994384557008743,15.379956923425198,10.234672539859973,43,3.0714285714285716,25,1.7857142857142858,5,0.35714285714285715,25.99794932721497,2.540183794446116,5,0.35714285714285715,0.04081632653061224,0.04081632653061224,0.14285714285714285,0.7605449896149642
bayes-fix-seed43,baseline_circle,0,145,1540568557,success,46,11.5,0.24988753638500372,0,0.0,0,1.0278533634551104,13.984450341566749,15.394001267850399,9.728809396240232,25,2.1739130434782608,14,1.2173913043478262,4,0.34782608695652173,20.757351251564994,2.1335962506971122,9,0.782608695652174,0.0,0.0,0.0,0.7917652533778411
bayes-fix-seed43,baseline_circle,0,146,1540568558,success,57,14.25,0.427917431966622,0,0.0,0,1.0248507383411736,13.982035611805163,15.418324619531631,10.775049314189422,44,3.087719298245614,25,1.7543859649122806,7,0.49122807017543857,28.45029125063963,2.6403861756042337,12,0.8421052631578947,0.06,0.06,0.10526315789473684,0.7176287813739101
bayes-fix-seed43,baseline_circle,0,147,1540568559,success,52,13.0,0.22099927285508503,0,0.0,0,1.006192295387201,13.779370472408258,15.220341831445694,10.223931479058196,34,2.6153846153846154,17,1.3076923076923077,7,0.5384615384615384,30.124065972983892,2.9464268255990747,10,0.7692307692307693,0.08888888888888889,0.06666666666666667,0.1346153846153846,0.7581606882907396
bayes-fix-seed43,baseline_circle,0,148,1540568560,success,52,13.0,0.2035627192119055,0,0.0,0,1.0473497033424786,13.742323463352827,15.779144689440727,9.850930127138183,24,1.8461538461538463,8,0.6153846153846154,1,0.07692307692307693,9.864367354463926,1.0013640567085869,4,0.3076923076923077,0.06666666666666667,0.0,0.057692307692307696,0.7855546253320115
bayes-fix-seed43,baseline_circle,0,149,1540568561,success,56,14.0,0.21221267490587647,0,0.0,0,1.13931885439789,14.099743948983294,16.038132831454277,10.468399041225222,41,2.9285714285714284,18,1.2857142857142858,7,0.5,29.463741569924697,2.81454131179893,11,0.7857142857142857,0.02040816326530612,0.02040816326530612,0.125,0.7446276008580595
bayes-fix-seed43,baseline_circle,0,150,1540568562,success,44,11.0,0.23972322622542674,0,0.0,0,0.5345377955312159,13.80747759884054,15.721155889332294,8.915969556247642,26,2.3636363636363638,13,1.1818181818181819,1,0.09090909090909091,12.843899848061529,1.4405499892113796,7,0.6363636363636364,0.0,0.0,0.06818181818181818,0.8900941805354958
bayes-fix-seed43,baseline_circle,0,151,1540568563,success,47,11.75,0.24161726591802668,0,0.0,0,1.5914074457783325,13.836533227499496,15.4954232275486,8.965568561552823,35,2.978723404255319,13,1.1063829787234043,0,0.0,12.838140558866655,1.4319382502879558,6,0.5106382978723404,0.0,0.0,0.02127659574468085,0.8590813815587557
bayes-fix-seed43,baseline_circle,0,152,1540568564,success,48,12.0,0.21858388275822516,0,0.0,0,1.1347877381671603,13.84239310088257,15.550337359309196,8.480653687724798,28,2.3333333333333335,14,1.1666666666666667,1,0.08333333333333333,13.50826558164269,1.592833062054525,4,0.3333333333333333,0.024390243902439025,0.0,0.08333333333333333,0.914494189784486
bayes-fix-seed43,baseline_circle,0,153,1540568565,success,46,11.5,0.19499276815833078,0,0.0,2,0.9489933889814598,13.775892636698226,15.687910839915276,10.332677361517918,22,1.9130434782608696,8,0.6956521739130435,0,0.0,10.524618331743689,1.0185761118353136,5,0.43478260869565216,0.1282051282051282,0.0,0.06521739130434782,0.7564228162850756
bayes-fix-seed43,baseline_circle,0,154,1540568566,success,60,15.0,0.18988603092617806,0,0.0,2,1.5070717346029745,13.952895936866602,15.658576972782612,12.040972602002977,29,1.9333333333333333,4,0.26666666666666666,1,0.06666666666666667,12.214035298153902,1.0143728170365687,4,0.26666666666666666,0.09433962264150944,0.0,0.05,0.646644609089069
bayes-fix-seed43,baseline_circle,0,155,1540568567,success,42,10.5,0.42205345630804814,0,0.0,0,1.536721472625792,13.544736784838495,15.152747556567192,9.888207724197152,12,1.1428571428571428,3,0.2857142857142857,0,0.0,5.388747923607989,0.5449671036361157,1,0.09523809523809523,0.0,0.0,0.07142857142857142,0.7869121249146203
bayes-fix-seed43,baseline_circle,0,156,1540568568,success,43,10.75,0.1727683606411251,0,0.0,1,0.5631246898371158,13.735879212617874,15.298916772007942,8.870271935320009,32,2.9767441860465116,12,1.1162790697674418,0,0.0,10.662205228412159,1.2020155984121477,7,0.6511627906976745,0.0,0.0,0.0,0.8729797260711605
bayes-fix-seed43,baseline_circle,0,157,1540568569,success,38,9.5,0.513741121417067,0,0.0,0,1.575519197363496,13.868223385591255,15.605216100811958,9.06388454381646,11,1.1578947368421053,5,0.5263157894736842,0,0.0,4.406487329047758,0.48615881057906246,1,0.10526315789473684,0.0,0.0,0.0,0.8617171102879182
bayes-fix-seed43,baseline_circle,0,158,1540568570,success,42,10.5,0.1928370612729855,0,0.0,1,0.917886661989142,13.824447013792538,16.102868504822254,9.44299597458292,17,1.619047619047619,6,0.5714285714285714,1,0.09523809523809523,9.230147195056741,0.9774596134426944,4,0.38095238095238093,0.0,0.0,0.023809523809523808,0.8400637537137611
bayes-fix-seed43,baseline_circle,0,159,1540568571,success,44,11.0,0.4102327338453101,0,0.0,0,0.6723750620268312,13.922852294688875,15.712213888764381,9.954920308115653,22,2.0,12,1.0909090909090908,3,0.2727272727272727,16.565732757303827,1.664074873989576,7,0.6363636363636364,0.02702702702702703,0.02702702702702703,0.09090909090909091,0.7821586779992916
bayes-fix-seed43,baseline_circle,0,160,1540568572,success,46,11.5,0.19874887812084574,0,0.0,1,0.646341750426577,13.795725434370663,15.852103941142559,8.53846832978439,28,2.4347826086956523,11,0.9565217391304348,0,0.0,8.053075032785156,0.9431521816031037,6,0.5217391304347826,0.0,0.0,0.0,0.9285141991145526
bayes-fix-seed43,baseline_circle,0,161,1540568573,success,51,12.75,0.22578241704111868,0,0.0,0,0.6683639130105404,13.765656334512373,15.515340492129326,9.741404925834743,37,2.9019607843137254,20,1.5686274509803921,2,0.1568627450980392,19.716051789936405,2.0239433572511034,7,0.5490196078431373,0.0,0.0,0.0784313725490196,0.7958357707378231
bayes-fix-seed43,baseline_circle,0,162,1540568574,success,43,10.75,0.1763739334410087,0,0.0,1,1.2547875338906653,13.903219512728757,15.824439749121666,9.205074780383303,28,2.604651162790698,12,1.1162790697674418,0,0.0,9.7731120093796,1.0617091378993277,4,0.37209302325581395,0.0,0.0,0.0,0.8460251320015474
bayes-fix-seed43,baseline_circle,0,163,1540568575,success,47,11.75,0.15802949615294315,0,0.0,2,0.5965794501960093,14.12638506673752,15.959810093045233,9.72943808931848,28,2.382978723404255,14,1.1914893617021276,1,0.0851063829787234,14.551870015582361,1.4956536936658467,4,0.3404255319148936,0.0,0.0,0.0425531914893617,0.8051828086324687
bayes-fix-seed43,baseline_circle,0,164,1540568576,success,45,11.25,0.6303891948676136,0,0.0,0,1.2806748969355175,13.756006790532005,15.607371926307678,9.672434307867492,24,2.1333333333333333,9,0.8,1,0.08888888888888889,10.240347845458166,1.0587146440610857,3,0.26666666666666666,0.05263157894736842,0.0,0.08888888888888889,0.7969569188848425
bayes-fix-seed43,baseline_circle,0,165,1540568577,success,47,11.75,0.2090818659898771,0,0.0,0,1.6031681311934152,13.932334615829143,15.397655963897705,9.723489782637966,26,2.2127659574468086,11,0.9361702127659575,3,0.2553191489361702,15.331208442169785,1.5767187280378316,1,0.0851063829787234,0.0,0.0,0.10638297872340426,0.7964744947056648
bayes-fix-seed43,baseline_circle,0,166,1540568578,success,49,12.25,0.21887300661854492,0,0.0,0,1.441997437264355,13.964175797846853,15.665473043918608,9.73946683290405,35,2.857142857142857,14,1.1428571428571428,0,0.0,15.563035058478244,1.5979350128181258,6,0.4897959183673469,0.0,0.0,0.02040816326530612,0.7974987662505953
bayes-fix-seed43,baseline_circle,0,167,1540568579,success,44,11.0,0.24220360928329487,0,0.0,0,0.9341150881209536,13.84120544588024,15.908785164356232,8.394095455503344,23,2.090909090909091,11,1.0,1,0.09090909090909091,12.200775339337643,1.453494948206547,4,0.36363636363636365,0.0,0.0,0.0,0.9242963343501215
bayes-fix-seed43,baseline_circle,0,168,1540568580,success,48,12.0,0.1815411793145182,0,0.0,1,0.8238840033112678,13.880681867400805,15.608823671936989,10.13947855876078,29,2.4166666666666665,15,1.25,1,0.08333333333333333,14.212863584881392,1.4017351585206617,3,0.25,0.0,0.0,0.0625,0.7755871660984174
bayes-fix-seed43,baseline_circle,0,169,1540568581,success,45,11.25,0.3034278818909649,0,0.0,0,1.1288678831353898,14.039496332406998,15.966788679361343,8.969318389689445,25,2.2222222222222223,6,0.5333333333333333,0,0.0,7.082628100946856,0.7896506504985477,3,0.26666666666666666,0.0,0.0,0.0,0.8634427764421849
bayes-fix-seed43,baseline_circle,0,170,1540568582,success,48,12.0,0.0688538131637707,0,0.0,4,0.8320583296901942,13.978342603271207,15.918022766709328,9.70064501918753,30,2.5,10,0.8333333333333334,1,0.08333333333333333,15.591250344947827,1.6072385201302481,3,0.25,0.0,0.0,0.08333333333333333,0.8082025420881667
bayes-fix-seed43,baseline_circle,0,171,1540568583,success,50,12.5,0.18301920991925036,0,0.0,1,1.3557647150650114,13.943533822894096,15.757379867136478,9.95753939391627,27,2.16,14,1.12,2,0.16,17.69558231681098,1.777103922644022,9,0.72,0.0,0.0,0.14,0.7794480023875976
bayes-fix-seed43,baseline_circle,0,172,1540568584,success,38,9.5,0.38743952625555844,0,0.0,0,2.356516405206763,13.970795528669106,15.981152467429638,9.105393565072998,10,1.0526315789473684,5,0.5263157894736842,0,0.0,3.79621582996416,0.4169194667791085,2,0.21052631578947367,0.0,0.0,0.0,0.8521111710109861
bayes-fix-seed43,baseline_circle,0,173,1540568585,success,39,9.75,0.23280444417566437,0,0.0,0,1.2386728285358168,13.764474731989395,15.601487830281258,9.031424225558634,15,1.5384615384615385,6,0.6153846153846154,0,0.0,3.690294753809838,0.4086060693911847,3,0.3076923076923077,0.0,0.0,0.02564102564102564,0.8619869874687843
bayes-fix-seed43,baseline_circle,0,174,1540568586,success,46,11.5,0.20077246872166854,0,0.0,0,0.6608745968225096,13.895142580504002,15.715607441961765,8.92041411940588,25,2.1739130434782608,8,0.6956521739130435,2,0.17391304347826086,14.323821817837203,1.6057350730698141,6,0.5217391304347826,0.0,0.0,0.06521739130434782,0.8706951044999213
bayes-fix-seed43,baseline_circle,0,175,1540568587,success,41,10.25,0.22742283440232425,0,0.0,0,0.6106021307051146,13.654776190112276,15.057910233736038,9.364085509526847,24,2.341463414634146,11,1.0731707317073171,0,0.0,11.290522167474789,1.205726085690698,5,0.4878048780487805,0.0,0.0,0.0,0.8317977790780787
bayes-fix-seed43,baseline_circle,0,176,1540568588,success,46,11.5,0.1618085662755946,0,0.0,4,0.4525463245056412,14.007245068964751,15.656273812055588,8.727622150060089,31,2.6956521739130435,16,1.391304347826087,0,0.0,9.945656625265183,1.1395608625422342,4,0.34782608695652173,0.0,0.0,0.0,0.8862757370035667
bayes-fix-seed43,baseline_circle,0,177,1540568589,success,57,14.25,0.205403308008286,0,0.0,0,0.9052293116469757,14.001843699237757,15.6575009226799,10.243126247336232,36,2.526315789473684,19,1.3333333333333333,3,0.21052631578947367,23.952847168801593,2.338431313880431,11,0.7719298245614035,0.02,0.02,0.08771929824561403,0.755115171137736
bayes-fix-seed43,baseline_circle,0,178,1540568590,success,50,12.5,0.14355964961714163,0,0.0,4,0.6304419434782388,13.744546696543694,15.761133469641209,9.618213439941394,34,2.72,19,1.52,2,0.16,23.401201389760494,2.43300915870537,4,0.32,0.0,0.0,0.02,0.8042379832527419
bayes-fix-seed43,baseline_circle,0,179,1540568591,success,56,14.0,0.19904880261553992,0,0.0,1,0.8866060776024038,14.028751690472875,15.7538503408432,10.433973408955424,30,2.142857142857143,12,0.8571428571428571,2,0.14285714285714285,13.562654055868093,1.2998551485886805,7,0.5,0.12244897959183673,0.10204081632653061,0.125,0.7576097025453024
bayes-fix-seed43,baseline_circle,0,180,1540568592,success,48,12.0,0.22413727807505324,0,0.0,0,0.7763629019577082,13.991596565271417,15.367908589541912,10.669523775953884,25,2.0833333333333335,9,0.75,1,0.08333333333333333,12.609955697986702,1.1818667789471549,6,0.5,0.04878048780487805,0.0,0.10416666666666667,0.7228112347052371
bayes-fix-seed43,baseline_circle,0,181,1540568593,success,46,11.5,0.2392193950723973,0,0.0,0,0.8267410315994397,13.866944157558938,15.25240670889616,8.766080992984351,29,2.5217391304347827,11,0.9565217391304348,1,0.08695652173913043,13.381583109277676,1.5265183061834806,3,0.2608695652173913,0.0,0.0,0.021739130434782608,0.8792166063055078
bayes-fix-seed43,baseline_circle,0,182,1540568594,success,46,11.5,0.2318390780913745,0,0.0,0,2.9918335724604614,14.009643831978673,15.825347043573856,9.545520112860778,26,2.260869565217391,11,0.9565217391304348,1,0.08695652173913043,12.625177065054732,1.3226285122006816,7,0.6086956521739131,0.0,0.0,0.043478260869565216,0.8117165103254119
bayes-fix-seed43,baseline_circle,0,183,1540568595,success,56,14.0,0.20509985979013634,0,0.0,0,0.7903255375569981,14.064142547015633,15.666949562728405,11.158981915138288,37,2.642857142857143,15,1.0714285714285714,3,0.21428571428571427,20.898891904939447,1.8728314163309097,7,0.5,0.02040816326530612,0.0,0.14285714285714285,0.6935128472187301
bayes-fix-seed43,baseline_circle,0,184,1540568596,success,40,10.0,0.411996852159933,0,0.0,0,1.0620231212772235,13.524100743234158,15.724576078355312,8.898697760153599,13,1.3,4,0.4,2,0.2,9.69393865192794,1.0893659851372022,2,0.2,0.0,0.0,0.025,0.881369517551013
bayes-fix-seed43,baseline_circle,0,185,1540568597,success,53,13.25,0.2034493531626752,0,0.0,0,0.48162527828802976,13.917876020917353,15.822462737560272,10.6386270644568,33,2.490566037735849,12,0.9056603773584906,2,0.1509433962264151,14.047264319763546,1.32040198746085,7,0.5283018867924528,0.021739130434782608,0.0,0.1509433962264151,0.729367281397668
bayes-fix-seed43,baseline_circle,0,186,1540568598,success,46,11.5,0.28288986734023125,0,0.0,0,1.8520987911329525,13.80362483146398,15.42595960199833,9.126796284044362,22,1.9130434782608696,10,0.8695652173913043,0,0.0,6.287725487238401,0.6889301888145265,1,0.08695652173913043,0.0,0.0,0.043478260869565216,0.8553561234460748
bayes-fix-seed43,baseline_circle,0,187,1540568599,success,45,11.25,0.2277481147010293,0,0.0,0,0.905848595932578,14.219931264718374,16.013560444116592,9.93222031766568,25,2.2222222222222223,12,1.0666666666666667,2,0.17777777777777778,13.171812419533286,1.3261699799495579,5,0.4444444444444444,0.02631578947368421,0.0,0.08888888888888889,0.7791119802760462
bayes-fix-seed43,baseline_circle,0,188,1540568600,success,48,12.0,0.17040154073234481,0,0.0,1,1.7163903525218125,13.863616079712907,15.489000640809536,9.698694996376233,34,2.8333333333333335,13,1.0833333333333333,0,0.0,18.14249381596537,1.8706118527022482,8,0.6666666666666666,0.0,0.0,0.020833333333333332,0.7995872608227953
bayes-fix-seed43,baseline_circle,0,189,1540568601,success,52,13.0,0.21661322791524318,0,0.0,0,0.8673110152451079,14.161468340227238,15.918338298797607,10.646252521114025,35,2.6923076923076925,17,1.3076923076923077,0,0.0,11.315274042204265,1.062841034416891,2,0.15384615384615385,0.022222222222222223,0.0,0.07692307692307693,0.7355578176051065
bayes-fix-seed43,baseline_circle,0,190,1540568602,success,45,11.25,0.151088510375877,0,0.0,2,0.7810476148395232,13.726321028338539,15.04417359828949,10.37323262273612,22,1.9555555555555555,7,0.6222222222222222,1,0.08888888888888889,7.591654668007701,0.7318504215714069,3,0.26666666666666666,0.02631578947368421,0.02631578947368421,0.044444444444444446,0.7485007480917384
bayes-fix-seed43,baseline_circle,0,191,1540568603,success,50,12.5,0.24216141119661505,0,0.0,0,1.1309901093428556,13.847386837005615,15.214320458471775,11.090784679604747,30,2.4,12,0.96,2,0.16,18.86768457959891,1.701203758314359,8,0.64,0.06976744186046512,0.0,0.14,0.7126030758641576
bayes-fix-seed43,baseline_circle,0,192,1540568604,success,40,10.0,0.2238111138955643,0,0.0,0,1.8616070678643517,13.66210225969553,15.35324715077877,9.317400071572033,16,1.6,6,0.6,2,0.2,9.238035814932468,0.9914821456597415,1,0.1,0.0,0.0,0.05,0.8346482667140099
bayes-fix-seed43,baseline_circle,0,193,1540568605,success,75,18.75,0.11387427724037125,0,0.0,5,1.8862758017474732,14.535264919201532,16.261039674282074,14.782600996610299,58,3.0933333333333333,28,1.4933333333333334,10,0.5333333333333333,39.15682792573382,2.648845621600192,11,0.5866666666666667,0.25,0.25,0.24,0.5220340038898746
bayes-fix-seed43,baseline_circle,0,194,1540568606,success,37,9.25,0.22534327459527248,0,0.0,0,1.990132832748106,13.604271452169161,15.156632661819456,9.027057430731576,15,1.6216216216216217,7,0.7567567567567568,0,0.0,4.762484272907177,0.5275788161814334,1,0.10810810810810811,0.0,0.0,0.0,0.8604129557725244
bayes-fix-seed43,baseline_circle,0,195,1540568607,success,53,13.25,0.21005365013284094,0,0.0,0,1.391818409615132,13.837309308209509,15.294171869754791,10.618331129992988,32,2.4150943396226414,13,0.9811320754716981,4,0.3018867924528302,19.672119233744024,1.8526564102128367,8,0.6037735849056604,0.10869565217391304,0.10869565217391304,0.1320754716981132,0.7264705940700483
bayes-fix-seed43,baseline_circle,0,196,1540568608,success,44,11.0,0.2993451481047772,0,0.0,0,1.0545503400269423,13.788229870525273,15.386580489575863,8.848134998082717,29,2.6363636363636362,17,1.5454545454545454,1,0.09090909090909091,17.775061966428197,2.00890492406364,7,0.6363636363636364,0.0,0.0,0.0,0.8806144053820972
bayes-fix-seed43,baseline_circle,0,197,1540568609,success,38,9.5,0.2827334836987375,0,0.0,0,1.6523878550491458,13.598203855125528,15.362980589270592,9.161632351988581,13,1.368421052631579,6,0.631578947368421,1,0.10526315789473684,6.542137628183212,0.7140799124910536,3,0.3157894736842105,0.0,0.0,0.02631578947368421,0.8445441099881027
bayes-fix-seed43,baseline_circle,0,198,1540568610,success,54,13.5,0.16111530888193915,0,0.0,2,0.8620004636428064,14.09346699990608,15.492683090269566,9.924738860053573,43,3.185185185185185,16,1.1851851851851851,0,0.0,16.620338830993727,1.674637395034091,5,0.37037037037037035,0.0,0.0,0.07407407407407407,0.778436185148115
bayes-fix-seed43,baseline_circle,0,199,1540568611,success,44,11.0,0.28198935701044847,0,0.0,0,1.2076466936018704,13.8653042641553,15.458114445209503,10.112081509955964,16,1.4545454545454546,6,0.5454545454545454,1,0.09090909090909091,9.148236741472573,0.9046838410534541,2,0.18181818181818182,0.0,0.0,0.06818181818181818,0.7707078864583435
bayes-fix-seed43,baseline_circle,0,200,1540568612,success,40,10.0,0.2241122659205239,0,0.0,0,0.8213842976750383,13.753557298332453,15.604836866259575,9.136693588274694,19,1.9,12,1.2,1,0.1,8.003124689073596,0.8759322627765661,4,0.4,0.0,0.0,0.0,0.850200719769374
bayes-fix-seed43,baseline_circle,0,201,1540568613,success,42,10.5,0.5646614726791489,0,0.0,0,1.6571644702873065,13.688832255346435,15.273642726242542,9.734543427890866,15,1.4285714285714286,6,0.5714285714285714,0,0.0,6.116639110958591,0.6283437077730365,2,0.19047619047619047,0.0,0.0,0.0,0.7974756010864268
bayes-fix-seed43,baseline_circle,0,202,1540568614,success,40,10.0,0.21286055092321454,0,0.0,0,2.057178371876401,13.543254416435957,15.310959331691265,9.699828171495149,12,1.2,5,0.5,0,0.0,4.252408426199129,0.4384003872043494,1,0.1,0.0,0.0,0.0,0.7980532821852223
bayes-fix-seed43,baseline_circle,0,203,1540568615,success,47,11.75,0.25035168196295554,0,0.0,0,0.6625453108960994,14.279710961149094,15.760909020900726,9.61974381596601,34,2.893617021276596,16,1.3617021276595744,1,0.0851063829787234,11.284704495342567,1.1730774448081664,6,0.5106382978723404,0.0,0.0,0.0,0.8010885990437637
bayes-fix-seed43,baseline_circle,0,204,1540568616,success,37,9.25,0.4836739238281237,0,0.0,0,2.092846758843705,13.73784475632616,15.269265323877333,8.75156309821401,10,1.0810810810810811,3,0.32432432432432434,0,0.0,3.5083109558818495,0.40087821072761437,1,0.10810810810810811,0.0,0.0,0.0,0.8925470151309814
bayes-fix-seed43,baseline_circle,0,205,1540568617,success,57,14.25,0.23621125288946399,0,0.0,0,0.8039828877100483,14.132562894047352,15.934786945581436,10.225713913561593,39,2.736842105263158,16,1.1228070175438596,2,0.14035087719298245,20.2388864773146,1.9792150111370994,3,0.21052631578947367,0.0,0.0,0.10526315789473684,0.7600018152858714
bayes-fix-seed43,baseline_circle,0,206,1540568618,success,46,11.5,0.2682336240745541,0,0.0,0,1.6803362059904257,14.122331595939139,15.522570349276066,9.25185521965795,26,2.260869565217391,7,0.6086956521739131,0,0.0,10.070467534679535,1.0884808825458308,6,0.5217391304347826,0.0,0.0,0.021739130434782608,0.8398390549186472
bayes-fix-seed43,baseline_circle,0,207,1540568619,success,55,13.75,0.2585325448948419,0,0.0,0,1.6753144420285915,13.977044956250625,15.360445156693459,10.405471256399784,35,2.5454545454545454,17,1.2363636363636363,2,0.14545454545454545,23.12341165650163,2.2222358879017423,6,0.43636363636363634,0.0,0.0,0.07272727272727272,0.7449821467275574
bayes-fix-seed43,baseline_circle,0,208,1540568620,success,46,11.5,0.26347511644050337,0,0.0,0,0.7015959022290591,13.913227569149887,15.191185288131237,9.222170129930507,32,2.782608695652174,16,1.391304347826087,0,0.0,13.472873782178844,1.4609222766833045,4,0.34782608695652173,0.0,0.0,0.0,0.851042622879423
bayes-fix-seed43,baseline_circle,0,209,1540568621,timeout,101,25.25,0.18194254808685906,0,0.0,1,0.620791629871405,14.270261630858526,15.867017209529877,14.21103858839162,79,3.128712871287129,36,1.4257425742574257,31,1.2277227722772277,105.06238664685871,7.3930125510094395,7,0.27722772277227725,0.5106382978723404,0.32978723404255317,0.297029702970297,0.5278276321414729
bayes-fix-seed43,baseline_circle,0,210,1540568622,success,47,11.75,0.34660207633902396,0,0.0,0,0.9770665316104724,13.68695616405061,15.443249791860579,9.77290847669556,28,2.382978723404255,11,0.9361702127659575,1,0.0851063829787234,13.328596208186267,1.3638310683016817,9,0.7659574468085106,0.05,0.025,0.0851063829787234,0.7921932348016918
bayes-fix-seed43,baseline_circle,0,211,1540568623,success,45,11.25,0.22909219503897027,0,0.0,0,1.2617469105533632,13.754585964812172,15.207403898239136,8.757702703204673,29,2.577777777777778,11,0.9777777777777777,0,0.0,11.82513046659584,1.3502548404924404,7,0.6222222222222222,0.0,0.0,0.022222222222222223,0.8860139795334103
bayes-fix-seed43,baseline_circle,0,212,1540568624,success,43,10.75,0.1600443160903008,0,0.0,4,0.5058148562453707,13.939643235400666,15.53824096918106,8.738988415737632,27,2.511627906976744,12,1.1162790697674418,0,0.0,9.825424613263856,1.1243205901920768,6,0.5581395348837209,0.0,0.0,0.0,0.8928946789772936
bayes-fix-seed43,baseline_circle,0,213,1540568625,success,43,10.75,0.1392809608808242,0,0.0,2,0.4980790825878934,13.766943022262218,15.385129675269127,8.976331584836672,28,2.604651162790698,9,0.8372093023255814,1,0.09302325581395349,9.101125934521345,1.0139026002443452,5,0.46511627906976744,0.0,0.0,0.0,0.8700335984157707
bayes-fix-seed43,baseline_circle,0,214,1540568626,success,42,10.5,0.36298304591358843,0,0.0,0,0.9145234968154072,13.777209978018488,15.043684467673302,9.552015808620101,22,2.0952380952380953,11,1.0476190476190477,1,0.09523809523809523,9.02723694338648,0.9450609299913385,5,0.47619047619047616,0.0,0.0,0.0,0.8158698553197478
bayes-fix-seed43,baseline_circle,0,215,1540568627,success,52,13.0,0.20053186296227732,0,0.0,0,0.6642594737308403,13.966752574420893,15.526721253991127,9.598945540270735,36,2.769230769230769,15,1.1538461538461537,0,0.0,17.441515978510186,1.8170241622204528,8,0.6153846153846154,0.0,0.0,0.038461538461538464,0.8052234099611681
bayes-fix-seed43,baseline_circle,0,216,1540568628,success,44,11.0,0.18698552797919266,0,0.0,1,0.8144493139427001,14.123043384064328,15.203837677836418,9.664397766933948,22,2.0,9,0.8181818181818182,2,0.18181818181818182,13.255703329760985,1.3716015885764175,5,0.45454545454545453,0.0,0.0,0.022727272727272728,0.7969124079494969
bayes-fix-seed43,baseline_circle,0,217,1540568629,success,59,14.75,0.39804050418365444,0,0.0,0,1.1098832528153435,14.25184997714172,16.11337549984455,10.715748925031324,40,2.711864406779661,21,1.423728813559322,1,0.06779661016949153,25.066155119650286,2.339188356783659,3,0.2033898305084746,0.0,0.0,0.1016949152542373,0.723268340622019
bayes-fix-seed43,baseline_circle,0,218,1540568630,success,37,9.25,0.39865765801824615,0,0.0,0,1.7528695539775137,13.846303663543752,15.665120631456372,9.06233785476215,12,1.2972972972972974,8,0.8648648648648649,0,0.0,4.344676299118591,0.4794211348935215,1,0.10810810810810811,0.0,0.0,0.0,0.8540636628963875
bayes-fix-seed43,baseline_circle,0,219,1540568631,success,49,12.25,0.17711073044731485,0,0.0,1,1.337767790261513,14.033510596776495,15.639252960681914,8.646009305767175,29,2.36734693877551,12,0.9795918367346939,1,0.08163265306122448,12.144801133600645,1.4046713002609956,3,0.24489795918367346,0.0,0.0,0.04081632653061224,0.8987734166594815
bayes-fix-seed43,baseline_circle,0,220,1540568632,success,45,11.25,0.19533530783270814,0,0.0,1,1.9703485464558883,13.809666948186027,15.850737690925596,10.057575651668884,17,1.511111111111111,6,0.5333333333333333,0,0.0,9.36615633029892,0.9312538781395858,1,0.08888888888888889,0.0,0.0,0.044444444444444446,0.7783987891054241
bayes-fix-seed43,baseline_circle,0,221,1540568633,success,52,13.0,0.2754786021733501,0,0.0,0,1.2230100350923172,14.46819119155407,15.80965295433998,9.531973648958637,39,3.0,18,1.3846153846153846,0,0.0,17.132675659799556,1.7973901618655117,10,0.7692307692307693,0.0,0.0,0.07692307692307693,0.8107539884123155
bayes-fix-seed43,baseline_circle,0,222,1540568634,success,48,12.0,0.24591319440062298,0,0.0,0,1.0815531590415464,14.16120088348786,15.880679897964,9.535765182357697,24,2.0,12,1.0,0,0.0,10.28469693154176,1.078539239889178,4,0.3333333333333333,0.0,0.0,0.0,0.8121790942587518
bayes-fix-seed43,baseline_circle,0,223,1540568635,success,49,12.25,0.21482771532656475,0,0.0,0,0.9370320630774059,13.645266087687745,15.734415501356123,8.964139892523628,33,2.693877551020408,18,1.469387755102041,3,0.24489795918367346,16.32950102913233,1.8216472773647412,7,0.5714285714285714,0.0,0.0,0.0,0.8813368338936604
bayes-fix-seed43,baseline_circle,0,224,1540568636,success,56,14.0,0.28316078473365636,0,0.0,0,0.8460688728833262,14.200677097375904,15.933940187096596,10.485610905417902,34,2.4285714285714284,18,1.2857142857142858,2,0.14285714285714285,20.121885040180672,1.9189997818614193,3,0.21428571428571427,0.0,0.0,0.07142857142857142,0.7414798582310514
bayes-fix-seed43,baseline_circle,0,225,1540568637,success,51,12.75,0.3065040898303941,0,0.0,0,0.8495814250604544,13.775604393552332,15.328679233789444,10.086099750342292,40,3.1372549019607843,22,1.7254901960784315,2,0.1568627450980392,23.37694896691662,2.317739219872704,8,0.6274509803921569,0.0,0.0,0.0784313725490196,0.764636561175781
bayes-fix-seed43,baseline_circle,0,226,1540568638,success,41,10.25,0.26299089910999085,0,0.0,0,1.4540309251371946,13.925177476755003,15.94693586230278,9.944866619989241,14,1.3658536585365855,5,0.4878048780487805,1,0.0975609756097561,6.186217052890616,0.6220512842732635,1,0.0975609756097561,0.0,0.0,0.04878048780487805,0.7783215077958225
bayes-fix-seed43,baseline_circle,0,227,1540568639,success,46,11.5,0.2628704311147545,0,0.0,0,1.0716632618113473,14.02848570243172,15.586220659315586,8.516651149135297,30,2.608695652173913,13,1.1304347826086956,1,0.08695652173913043,12.906575104894163,1.515451892872773,10,0.8695652173913043,0.0,0.0,0.0,0.9048895170889111
bayes-fix-seed43,baseline_circle,0,228,1540568640,success,53,13.25,0.236211341679344,0,0.0,0,0.7773637464144696,13.939048532607421,15.425115823745728,10.850461193323511,30,2.2641509433962264,9,0.6792452830188679,1,0.07547169811320754,12.93335540041592,1.191963656657659,5,0.37735849056603776,0.0,0.0,0.1320754716981132,0.7126157864461428
bayes-fix-seed43,baseline_circle,0,229,1540568641,success,39,9.75,0.601686656098659,0,0.0,0,2.4105358875045617,13.778400344726366,15.656504407525063,8.86435490935636,12,1.2307692307692308,4,0.41025641025641024,2,0.20512820512820512,8.384049319370277,0.9458160695394633,1,0.10256410256410256,0.0,0.0,0.02564102564102564,0.8848186240733866
bayes-fix-seed43,baseline_circle,0,230,1540568642,success,54,13.5,0.2140297507271598,0,0.0,0,0.9572627432138887,14.217117732321775,15.81763755530119,10.204421969272751,34,2.5185185185185186,15,1.1111111111111112,8,0.5925925925925926,29.621097583598136,2.902770747112604,10,0.7407407407407407,0.0,0.0,0.16666666666666666,0.7571653560242106
bayes-fix-seed43,baseline_circle,0,231,1540568643,success,43,10.75,0.27547830195930656,0,0.0,0,0.9782203525364925,13.888197929360146,15.617596358060837,8.505858743653812,30,2.7906976744186047,13,1.2093023255813953,1,0.09302325581395349,13.041545564517447,1.5332426692657803,4,0.37209302325581395,0.0,0.0,0.046511627906976744,0.9091991652503515
bayes-fix-seed43,baseline_circle,0,232,1540568644,success,41,10.25,0.2155391444983895,0,0.0,0,0.9238347838179128,13.571073460142786,15.060663223266602,9.379786076430523,17,1.6585365853658536,9,0.8780487804878049,0,0.0,5.70425526773979,0.6081434289928437,2,0.1951219512195122,0.0,0.0,0.0,0.8233786694102798
bayes-fix-seed43,baseline_circle,0,233,1540568645,success,46,11.5,0.29653912455764153,0,0.0,0,0.8640188976370841,13.94491845174976,15.733062289655209,9.233645034789733,28,2.4347826086956523,12,1.0434782608695652,0,0.0,7.653210196392128,0.8288395500971741,1,0.08695652173913043,0.0,0.0,0.0,0.8525464791494548
bayes-fix-seed43,baseline_circle,0,234,1540568646,success,52,13.0,0.1841301008459595,0,0.0,2,0.5180926757632586,13.931258295017939,15.146832540631292,10.08952596811081,36,2.769230769230769,20,1.5384615384615385,6,0.46153846153846156,25.626614713921075,2.539922568703143,5,0.38461538461538464,0.0,0.0,0.09615384615384616,0.7758905802787204
bayes-fix-seed43,baseline_circle,0,235,1540568647,success,41,10.25,0.2972907409167339,0,0.0,0,0.8680665170967653,13.763796174671592,15.4251828789711,8.409892982171614,23,2.2439024390243905,10,0.975609756097561,0,0.0,5.777440985424996,0.6869815106652091,1,0.0975609756097561,0.0,0.0,0.0,0.9199049905829375
bayes-fix-seed43,baseline_circle,0,236,1540568648,success,45,11.25,0.17059518473349145,0,0.0,3,0.6427184932889138,13.736550013224283,15.122193843126297,9.424906904569792,27,2.4,10,0.8888888888888888,2,0.17777777777777778,13.517927943158123,1.4342770788116512,6,0.5333333333333333,0.0,0.0,0.08888888888888889,0.8351161315428047
bayes-fix-seed43,baseline_circle,0,237,1540568649,success,43,10.75,0.18097108335305678,0,0.0,1,1.3416080718218835,13.800439186567484,15.323617681860924,9.670074496728692,19,1.7674418604651163,11,1.0232558139534884,2,0.18604651162790697,10.516576197569274,1.0875382812331948,1,0.09302325581395349,0.0,0.0,0.023255813953488372,0.8025489753359866
bayes-fix-seed43,baseline_circle,0,238,1540568650,success,48,12.0,0.22000017142698425,0,0.0,0,1.2542134885300984,14.20539904696246,15.720770321786404,10.478448663219245,21,1.75,8,0.6666666666666666,2,0.16666666666666666,12.125167596921004,1.1571529323307144,1,0.08333333333333333,0.04878048780487805,0.0,0.10416666666666667,0.7413072577848064
bayes-fix-seed43,baseline_circle,0,239,1540568651,success,43,10.75,0.5605179462555802,0,0.0,0,1.9163015292505403,13.840817174939222,15.444178134202957,9.382398737362207,20,1.8604651162790697,9,0.8372093023255814,1,0.09302325581395349,7.640943076079203,0.8143912116686909,1,0.09302325581395349,0.0,0.0,0.06976744186046512,0.8311839716805479
bayes-fix-seed43,baseline_circle,0,240,1540568652,success,45,11.25,0.2475328779233259,0,0.0,0,1.0075024642733608,13.868939710987938,16.135475784540173,9.295429896915202,26,2.311111111111111,12,1.0666666666666667,0,0.0,10.59277308110466,1.1395678520065002,3,0.26666666666666666,0.0,0.0,0.0,0.8345988994101755
bayes-fix-seed43,baseline_circle,0,241,1540568653,success,42,10.5,0.5644537476945911,0,0.0,0,1.315416044728127,13.913731578560103,15.623838640749454,9.4639069593685,18,1.7142857142857142,10,0.9523809523809523,0,0.0,6.755202632726611,0.7137858245784536,2,0.19047619047619047,0.0,0.0,0.0,0.8203498886105776
bayes-fix-seed43,baseline_circle,0,242,1540568654,success,43,10.75,0.378418054568584,0,0.0,0,0.9825622339201454,13.896997498218404,15.48117846250534,9.289829465828815,17,1.5813953488372092,6,0.5581395348837209,1,0.09302325581395349,7.426870866113912,0.799462562088195,3,0.27906976744186046,0.0,0.0,0.0,0.8436845805923148
bayes-fix-seed43,baseline_circle,0,243,1540568655,success,48,12.0,0.26372162342915717,0,0.0,0,1.551297669670985,13.906460953876376,15.85252396762371,8.968043117134254,28,2.3333333333333335,7,0.5833333333333334,0,0.0,9.256869917308693,1.0322062234092753,6,0.5,0.0,0.0,0.020833333333333332,0.8630548648501669
bayes-fix-seed43,baseline_circle,0,244,1540568656,success,44,11.0,0.11201235165567713,0,0.0,2,0.4980270045402247,14.098156920888208,15.771671757102013,8.859314416749386,26,2.3636363636363638,10,0.9090909090909091,2,0.18181818181818182,10.40504039725056,1.1744746723943817,4,0.36363636363636365,0.0,0.0,0.045454545454545456,0.8753796410362555
bayes-fix-seed43,baseline_circle,0,245,1540568657,success,40,10.0,0.28584125270593663,0,0.0,0,1.1498222559584246,13.718085084110498,15.250259824097157,9.241135499640603,19,1.9,6,0.6,2,0.2,10.559941211721268,1.1427103533036558,3,0.3,0.0,0.0,0.05,0.8387945346810999
bayes-fix-seed43,baseline_circle,0,246,1540568658,success,54,13.5,0.3708130011858912,0,0.0,0,1.1207583082270256,14.28465510684031,15.790599770843983,9.91917459792979,29,2.1481481481481484,12,0.8888888888888888,2,0.14814814814814814,16.593135823641656,1.6728343331213038,2,0.14814814814814814,0.0,0.0,0.037037037037037035,0.7946217783441889
bayes-fix-seed43,baseline_circle,0,247,1540568659,success,51,12.75,0.32417676644679017,0,0.0,0,0.8819051209416872,14.058484896725298,15.530992299318314,9.686376134931807,34,2.6666666666666665,12,0.9411764705882353,2,0.1568627450980392,19.4775629486279,2.010820422137677,6,0.47058823529411764,0.0,0.0,0.0784313725490196,0.8016939668836708
bayes-fix-seed43,baseline_circle,0,248,1540568660,success,39,9.75,0.3746365205759724,0,0.0,0,1.1252623666522172,13.819171163516167,15.376424789428711,8.877593988229176,13,1.3333333333333333,3,0.3076923076923077,2,0.20512820512820512,9.900980048716272,1.1152774120830493,4,0.41025641025641024,0.0,0.0,0.05128205128205128,0.8766523110989916
bayes-fix-seed43,baseline_circle,0,249,1540568661,success,46,11.5,0.3036387665490029,0,0.0,0,0.9411109330732651,13.840891987733219,15.160506591200829,9.174275461807495,21,1.826086956521739,11,0.9565217391304348,0,0.0,6.6614261446053735,0.7260983357581628,1,0.08695652173913043,0.0,0.0,0.0,0.8401365028138434
bayes-fix-seed43,baseline_circle,0,250,1540568662,success,44,11.0,0.20336210572474733,0,0.0,0,0.7136668702798719,13.868055475706404,15.345854312181473,9.014578636838715,31,2.8181818181818183,19,1.7272727272727273,1,0.09090909090909091,15.271339269539496,1.694071335417951,6,0.5454545454545454,0.0,0.0,0.045454545454545456,0.8779045821215421
bayes-fix-seed43,baseline_circle,0,251,1540568663,success,42,10.5,0.17470896929111956,0,0.0,1,1.1598208975966973,13.835331779860315,15.901343524456022,9.138421028110969,23,2.1904761904761907,11,1.0476190476190477,3,0.2857142857142857,16.669430763476768,1.8241040451298356,8,0.7619047619047619,0.0,0.0,0.047619047619047616,0.8458832016891632
bayes-fix-seed43,baseline_circle,0,252,1540568664,success,46,11.5,0.2078335480110547,0,0.0,0,2.118571572135096,13.913165615952533,15.505914576351643,9.879262496426321,20,1.7391304347826086,11,0.9565217391304348,1,0.08695652173913043,10.754449242088231,1.0885882671888207,1,0.08695652173913043,0.0,0.0,0.08695652173913043,0.7977790372856246
bayes-fix-seed43,baseline_circle,0,253,1540568665,success,56,14.0,0.20114448290858178,0,0.0,0,0.883693201537047,14.069411304912396,16.001212410628796,10.26703743361588,38,2.7142857142857144,19,1.3571428571428572,2,0.14285714285714285,23.158723964486555,2.2556384073034823,12,0.8571428571428571,0.16326530612244897,0.10204081632653061,0.08928571428571429,0.7664020440659923
bayes-fix-seed43,baseline_circle,0,254,1540568666,success,47,11.75,0.2695693592701994,0,0.0,0,0.8262192489139367,13.847217756382962,15.695980936288832,8.70744465769813,27,2.297872340425532,10,0.851063829787234,0,0.0,10.518587531635225,1.2079993551651103,6,0.5106382978723404,0.0,0.0,0.0,0.8843249145564932
bayes-fix-seed43,baseline_circle,0,255,1540568667,success,51,12.75,0.21940552200469976,0,0.0,0,0.9788539261045129,14.120370587881874,15.940157696604729,10.745491781327027,31,2.4313725490196076,10,0.7843137254901961,5,0.39215686274509803,23.61743067898366,2.1978920238927397,8,0.6274509803921569,0.11363636363636363,0.06818181818181818,0.09803921568627451,0.7172181119973936
bayes-fix-seed43,baseline_circle,0,256,1540568668,success,45,11.25,0.21522334697198897,0,0.0,0,1.4001185324999228,13.719098766644796,15.757613629102705,8.6434751287344,23,2.0444444444444443,9,0.8,2,0.17777777777777778,14.152087858146942,1.6373145809258698,5,0.4444444444444444,0.0,0.0,0.06666666666666667,0.8909078832276145
bayes-fix-seed43,baseline_circle,0,257,1540568669,success,49,12.25,0.23381135710301681,0,0.0,0,1.0264868310982345,13.78911026582426,15.051016956567764,9.270067917151342,35,2.857142857142857,15,1.2244897959183674,1,0.08163265306122448,18.310470460107556,1.9752250602425248,9,0.7346938775510204,0.0,0.0,0.02040816326530612,0.83441718381586
bayes-fix-seed43,baseline_circle,0,258,1540568670,success,46,11.5,0.14092223598224296,0,0.0,5,0.5773488180188964,13.725433093698129,15.36948885768652,9.06705432048005,28,2.4347826086956523,16,1.391304347826087,2,0.17391304347826086,15.372061360040991,1.6953754567588304,7,0.6086956521739131,0.0,0.0,0.043478260869565216,0.8566578289722052
bayes-fix-seed43,baseline_circle,0,259,1540568671,success,46,11.5,0.8644628738179164,0,0.0,0,2.474224114921092,14.011843129992485,15.336901880800724,10.716467193627603,15,1.3043478260869565,4,0.34782608695652173,1,0.08695652173913043,8.547030893420526,0.79756049628957,1,0.08695652173913043,0.02564102564102564,0.0,0.13043478260869565,0.7250326471625361
bayes-fix-seed43,baseline_circle,0,260,1540568672,success,56,14.0,0.23678934103704163,0,0.0,0,1.0067678568071865,14.128875253455979,15.544798225164413,11.569565394622881,35,2.5,11,0.7857142857142857,3,0.21428571428571427,18.041408421336403,1.5593851459382737,5,0.35714285714285715,0.061224489795918366,0.0,0.14285714285714285,0.6704527821400392
bayes-fix-seed43,baseline_circle,0,261,1540568673,success,51,12.75,0.19053155284099021,0,0.0,1,0.9597180016047888,13.88395701845487,15.625037252902985,10.8746259498804,31,2.4313725490196076,13,1.0196078431372548,2,0.1568627450980392,18.390775935106145,1.6911640013979892,8,0.6274509803921569,0.045454545454545456,0.0,0.1568627450980392,0.7116028991600706
bayes-fix-seed43,baseline_circle,0,262,1540568674,success,52,13.0,0.2696465614653081,0,0.0,0,1.409100572018983,14.265860789097273,16.284468211233616,10.79417538458656,25,1.9230769230769231,15,1.1538461538461537,1,0.07692307692307693,8.878157237170601,0.8224951810444068,1,0.07692307692307693,0.0,0.0,0.038461538461538464,0.73096362306642
bayes-fix-seed43,baseline_circle,0,263,1540568675,success,43,10.75,0.5910036247913842,0,0.0,0,1.7932603076318279,13.829391709593839,16.383281722664833,9.951436145330748,13,1.2093023255813953,4,0.37209302325581395,1,0.09302325581395349,8.684951392918402,0.8727334694292758,3,0.27906976744186046,0.0,0.0,0.0,0.7739640938927006
bayes-fix-seed43,baseline_circle,0,264,1540568676,success,52,13.0,0.2886116299961101,0,0.0,0,0.9421537619318402,13.833151700404974,15.490990318357944,10.477101759667306,30,2.3076923076923075,10,0.7692307692307693,2,0.15384615384615385,17.112561061982028,1.6333296606756855,6,0.46153846153846156,0.0,0.0,0.057692307692307696,0.7370968880290105
bayes-fix-seed43,baseline_circle,0,265,1540568677,success,46,11.5,0.41498095319154127,0,0.0,0,0.745871753180146,13.707047652291214,15.423051081597805,9.733062903254313,27,2.347826086956522,9,0.782608695652174,1,0.08695652173913043,10.926989869443238,1.1226671375759556,3,0.2608695652173913,0.07692307692307693,0.0,0.08695652173913043,0.7926569965829612
bayes-fix-seed43,baseline_circle,0,266,1540568678,success,46,11.5,0.34979180172445645,0,0.0,0,0.7281182874355762,13.832875648918359,15.75407199561596,8.543523238513677,29,2.5217391304347827,15,1.3043478260869565,2,0.17391304347826086,13.305463691812074,1.5573743197457302,6,0.5217391304347826,0.0,0.0,0.021739130434782608,0.9062802193336705
bayes-fix-seed43,baseline_circle,0,267,1540568679,success,47,11.75,0.18269240113203866,0,0.0,2,1.600137566429644,13.758244032555439,14.915551990270615,9.45044891973051,27,2.297872340425532,9,0.7659574468085106,1,0.0851063829787234,16.908729827610568,1.7891985842396088,5,0.425531914893617,0.0,0.0,0.0425531914893617,0.824239591743741
bayes-fix-seed43,baseline_circle,0,268,1540568680,success,51,12.75,0.1970246935491794,0,0.0,1,1.5596960301839904,14.30921585244291,15.96594788134098,10.5655543940077,21,1.6470588235294117,9,0.7058823529411765,0,0.0,12.4366553693004,1.1770944434637431,3,0.23529411764705882,0.18181818181818182,0.045454545454545456,0.17647058823529413,0.7463432928323667
bayes-fix-seed43,baseline_circle,0,269,1540568681,success,40,10.0,0.46581738689387764,0,0.0,0,1.1108747862786168,13.797562569379807,15.3085270896554,9.432486923849645,15,1.5,6,0.6,0,0.0,5.669219502264654,0.6010312601579412,2,0.2,0.0,0.0,0.0,0.8238276427741669
bayes-fix-seed43,baseline_circle,0,270,1540568682,success,48,12.0,0.3686431068710889,0,0.0,0,1.351637264347057,13.822639205803474,15.808777324855328,8.978267023644406,32,2.6666666666666665,14,1.1666666666666667,1,0.08333333333333333,13.705818908522428,1.5265550548260527,1,0.08333333333333333,0.0,0.0,0.041666666666666664,0.8688344165951939
bayes-fix-seed43,baseline_circle,0,271,1540568683,success,38,9.5,0.7609234267345165,0,0.0,0,2.8416462128293545,13.709794827982,14.968214929103851,8.732455465871467,11,1.1578947368421053,3,0.3157894736842105,0,0.0,4.0025074780343814,0.458348455789685,1,0.10526315789473684,0.0,0.0,0.0,0.8890370104348563
bayes-fix-seed43,baseline_circle,0,272,1540568684,success,41,10.25,0.29445519417178123,0,0.0,0,1.814114885269921,14.120416216007094,15.828706324100494,9.988030800462196,14,1.3658536585365855,7,0.6829268292682927,0,0.0,4.992091556250891,0.499807385057311,1,0.0975609756097561,0.0,0.0,0.04878048780487805,0.7752488431602002
bayes-fix-seed43,baseline_circle,0,273,1540568685,success,50,12.5,0.20408348050812453,0,0.0,0,0.8538679369572748,13.821000307798386,15.360554866492748,9.835019364653162,30,2.4,9,0.72,3,0.24,15.021399581033354,1.5273380787657547,5,0.4,0.0,0.0,0.12,0.7877628572739227
bayes-fix-seed43,baseline_circle,0,274,1540568686,success,65,16.25,0.1950709330904482,0,0.0,2,1.4809460130946968,14.260906955370537,16.059774160385132,13.331849795916652,40,2.4615384615384617,19,1.1692307692307693,12,0.7384615384615385,35.404943989130366,2.6556662827070237,11,0.676923076923077,0.1896551724137931,0.1896551724137931,0.18461538461538463,0.5801069899790344
bayes-fix-seed43,baseline_circle,0,275,1540568687,success,45,11.25,0.17965694060530835,0,0.0,1,0.5830283494093722,13.951047344340218,15.663576126098633,9.313719504627544,38,3.3777777777777778,21,1.8666666666666667,4,0.35555555555555557,28.589540948984247,3.069615843034511,13,1.1555555555555554,0.0,0.0,0.044444444444444446,0.8404568526301393
bayes-fix-seed43,baseline_circle,0,276,1540568688,success,45,11.25,0.2097076892524219,0,0.0,0,0.8334849012799108,13.964405573076672,15.44542908668518,9.406184232477408,32,2.8444444444444446,15,1.3333333333333333,4,0.35555555555555557,17.613796881601363,1.8725762164837194,8,0.7111111111111111,0.0,0.0,0.0,0.8259702590486234
bayes-fix-seed43,baseline_circle,0,277,1540568689,success,52,13.0,0.27896711127214746,0,0.0,0,1.2419192950714573,14.115514950110363,15.853870660066605,10.046768333372915,31,2.3846153846153846,11,0.8461538461538461,3,0.23076923076923078,19.639150607690084,1.9547729136396639,9,0.6923076923076923,0.0,0.0,0.1346153846153846,0.7687278306955212
bayes-fix-seed43,baseline_circle,0,278,1540568690,success,42,10.5,0.8329746589179107,0,0.0,0,2.122969996706528,13.659831934741565,15.494117140769958,9.99194550022139,16,1.5238095238095237,10,0.9523809523809523,0,0.0,5.677222354936806,0.5681798759621953,1,0.09523809523809523,0.0,0.0,0.047619047619047616,0.7781766891354491
bayes-fix-seed43,baseline_circle,0,279,1540568691,success,51,12.75,0.20765821198326995,0,0.0,0,0.5071623782872361,13.889232321697122,15.372738242149353,9.891227678386647,40,3.1372549019607843,25,1.9607843137254901,6,0.47058823529411764,29.00825166861523,2.9327250986246383,15,1.1764705882352942,0.0,0.0,0.0,0.7816876781020379
bayes-fix-seed43,baseline_circle,0,280,1540568692,success,49,12.25,0.2451795411652461,0,0.0,0,1.1466784789691822,13.82537900793309,15.292942523956299,9.32320199995935,34,2.7755102040816326,18,1.469387755102041,4,0.32653061224489793,24.348630482175952,2.611616747366636,10,0.8163265306122449,0.0,0.0,0.04081632653061224,0.8266695981344124
bayes-fix-seed43,baseline_circle,0,281,1540568693,success,50,12.5,0.16671877963134663,0,0.0,1,2.1534010184737964,13.914257287979126,15.200349129736423,9.011546968151707,34,2.72,12,0.96,4,0.32,21.914780747218636,2.431855576480829,8,0.64,0.0,0.0,0.08,0.8665903305965023
bayes-fix-seed43,baseline_circle,0,282,1540568694,success,48,12.0,0.19278597519886975,0,0.0,3,2.0453526064880823,14.078498352319002,15.742943622171879,9.29272131839559,30,2.5,11,0.9166666666666666,0,0.0,13.096567517633854,1.409336088849268,8,0.6666666666666666,0.0,0.0,0.0625,0.832612380001438
bayes-fix-seed43,baseline_circle,0,283,1540568695,success,50,12.5,0.19455398091645482,0,0.0,1,0.9777107842290023,14.069957658648491,15.601273998618126,9.793029986105614,37,2.96,20,1.6,4,0.32,23.68415768526823,2.418470863345808,12,0.96,0.0,0.0,0.06,0.7888090047854156
bayes-fix-seed43,baseline_circle,0,284,1540568696,success,48,12.0,0.25917717946800245,0,0.0,0,0.8730362965510178,14.14749639419218,16.229883208870888,9.324109033086758,28,2.3333333333333335,13,1.0833333333333333,0,0.0,13.305186160191523,1.4269659559940628,8,0.6666666666666666,0.0,0.0,0.041666666666666664,0.8273176088331348
bayes-fix-seed43,baseline_circle,0,285,1540568697,success,46,11.5,0.3074170348345273,0,0.0,0,1.133432963787843,13.499614175247109,15.390021726489067,10.502171158697836,14,1.2173913043478262,2,0.17391304347826086,2,0.17391304347826086,10.667196823450247,1.0157134807897068,4,0.34782608695652173,0.05128205128205128,0.05128205128205128,0.043478260869565216,0.7426065594731136
bayes-fix-seed43,baseline_circle,0,286,1540568698,success,43,10.75,0.2656278869468439,0,0.0,0,1.871646356628909,13.656920645126077,15.32324105501175,9.677843638412602,24,2.2325581395348837,11,1.0232558139534884,2,0.18604651162790697,10.09800768382884,1.0434150479295359,1,0.09302325581395349,0.0,0.0,0.046511627906976744,0.8045295537336754
bayes-fix-seed43,baseline_circle,0,287,1540568699,success,42,10.5,0.21797332892596533,0,0.0,0,1.2260310336152516,13.719651049801282,15.242984890937805,9.370672747238041,21,2.0,10,0.9523809523809523,2,0.19047619047619047,11.72079057365595,1.2507949951737025,1,0.09523809523809523,0.0,0.0,0.0,0.8273410660728284
bayes-fix-seed43,baseline_circle,0,288,1540568700,success,59,14.75,0.705883556669746,0,0.0,0,1.3600757241788128,14.076219903210463,16.17663241922855,11.765359744550425,36,2.440677966101695,16,1.0847457627118644,5,0.3389830508474576,28.81275155832959,2.4489477741363,15,1.0169491525423728,0.11538461538461539,0.0,0.15254237288135594,0.6588282852472589
bayes-fix-seed43,baseline_circle,0,289,1540568701,success,46,11.5,0.2503429757646338,0,0.0,0,0.8522467898320748,13.771851830508398,15.50436019897461,9.905568653559142,26,2.260869565217391,18,1.565217391304348,1,0.08695652173913043,13.883128428219859,1.4015478478594514,6,0.5217391304347826,0.0,0.0,0.021739130434782608,0.7876253382412008
bayes-fix-seed43,baseline_circle,0,290,1540568702,success,46,11.5,0.25759393534371433,0,0.0,0,1.038474562081887,13.844188626693642,15.700115822255611,9.848595693179549,29,2.5217391304347827,17,1.4782608695652173,2,0.17391304347826086,15.189395893711616,1.5422905322665172,2,0.17391304347826086,0.02564102564102564,0.02564102564102564,0.08695652173913043,0.7901631944744688
bayes-fix-seed43,baseline_circle,0,291,1540568703,success,50,12.5,0.21172705335995934,0,0.0,0,0.7601388662821266,13.73077891767025,15.230913832783699,9.234001968451853,27,2.16,10,0.8,0,0.0,8.737746274574715,0.9462577877314077,4,0.32,0.0,0.0,0.0,0.8510972107595245
bayes-fix-seed43,baseline_circle,0,292,1540568704,success,50,12.5,0.2556714676323095,0,0.0,0,1.1933832440386856,14.05852198600769,15.805480070412159,9.865669638823558,29,2.32,13,1.04,2,0.16,15.533587193891794,1.5745091577731072,5,0.4,0.0,0.0,0.02,0.7911774960163839
bayes-fix-seed43,baseline_circle,0,293,1540568705,success,42,10.5,0.5149661091511347,0,0.0,0,1.4342204558042981,13.66372841099898,15.338203683495522,9.237137015461222,12,1.1428571428571428,3,0.2857142857142857,1,0.09523809523809523,5.481884264663545,0.5934613999432841,1,0.09523809523809523,0.0,0.0,0.07142857142857142,0.8409352046387472
bayes-fix-seed43,baseline_circle,0,294,1540568706,success,45,11.25,0.21118708103467887,0,0.0,0,1.1612928179493431,13.903737482097414,15.30424878001213,9.55824060866908,31,2.7555555555555555,17,1.511111111111111,9,0.8,30.15527084361962,3.154897650961994,13,1.1555555555555554,0.0,0.0,0.08888888888888889,0.8137434705868827
bayes-fix-seed43,baseline_circle,0,295,1540568707,success,49,12.25,0.214602144467275,0,0.0,0,1.8181442093250455,13.886464949773282,15.607745945453642,9.411850658258468,31,2.5306122448979593,13,1.0612244897959184,0,0.0,12.146345864856354,1.2905374623850934,4,0.32653061224489793,0.0,0.0,0.061224489795918366,0.8244398617649398
bayes-fix-seed43,baseline_circle,0,296,1540568708,success,48,12.0,0.3346850380584493,0,0.0,0,0.9770802108616383,13.73128949974974,15.051049180328846,9.660576288858058,27,2.25,13,1.0833333333333333,1,0.08333333333333333,12.296476820415602,1.272851272299111,4,0.3333333333333333,0.0975609756097561,0.0,0.125,0.803629990709222
bayes-fix-seed43,baseline_circle,0,297,1540568709,success,48,12.0,0.22607414183430075,0,0.0,0,1.6816576790517264,14.056827950601777,16.117211245000362,9.584332735701704,29,2.4166666666666665,14,1.1666666666666667,0,0.0,8.528153069015563,0.8898014399320816,3,0.25,0.0,0.0,0.041666666666666664,0.8082789686417771
bayes-fix-seed43,baseline_circle,0,298,1540568710,success,46,11.5,0.23038212007405734,0,0.0,0,1.5801498647437155,14.109775181049885,15.659426338970661,10.732395908838964,21,1.826086956521739,9,0.782608695652174,1,0.08695652173913043,10.36705224607634,0.9659587974702151,3,0.2608695652173913,0.0,0.0,0.043478260869565216,0.7265146048281107
bayes-fix-seed43,baseline_circle,0,299,1540568711,success,47,11.75,0.18128765674701852,0,0.0,1,1.6906348195970582,13.951173646652952,15.710240602493284,10.049715673568395,22,1.872340425531915,9,0.7659574468085106,0,0.0,8.134317722941407,0.8094077471599872,3,0.2553191489361702,0.0,0.0,0.0425531914893617,0.7686739789369608
bayes-fix-seed43,baseline_circle,0,300,1540568712,success,43,10.75,0.21670870829380506,0,0.0,0,0.9111810565805093,13.702229271794474,15.58448150753975,9.655005765257835,23,2.13953488372093,12,1.1162790697674418,1,0.09302325581395349,13.209366680033703,1.368136591649249,10,0.9302325581395349,0.0,0.0,0.0,0.8122037623982149
bayes-fix-seed43,baseline_circle,0,301,1540568713,success,45,11.25,0.2048563151834618,0,0.0,0,0.838093397420271,14.136453800731235,16.10601097345352,9.278025720352277,27,2.4,12,1.0666666666666667,2,0.17777777777777778,14.890626391881344,1.6049348040949345,6,0.5333333333333333,0.0,0.0,0.06666666666666667,0.8389954122299361
bayes-fix-seed43,baseline_circle,0,302,1540568714,success,51,12.75,0.1398500831853552,0,0.0,3,0.5399673992545164,13.892736066790189,14.994677156209946,10.504858758160868,31,2.4313725490196076,14,1.0980392156862746,5,0.39215686274509803,21.110567559303913,2.0096003235554054,7,0.5490196078431373,0.11363636363636363,0.09090909090909091,0.13725490196078433,0.7371193552359352
bayes-fix-seed43,baseline_circle,0,303,1540568715,success,52,13.0,0.2746460218994238,0,0.0,0,0.6687354865792402,13.916709531958286,15.377262607216835,10.169839221833076,32,2.4615384615384617,17,1.3076923076923077,2,0.15384615384615385,17.67158700311105,1.7376466449118368,7,0.5384615384615384,0.0,0.0,0.07692307692307693,0.765971688741439
bayes-fix-seed43,baseline_circle,0,304,1540568716,success,44,11.0,0.3005611058223927,0,0.0,0,0.8636893628818179,14.131833375854926,15.83779975771904,9.660153912006747,21,1.9090909090909092,9,0.8181818181818182,0,0.0,10.705865448132842,1.1082499870759166,2,0.18181818181818182,0.0,0.0,0.022727272727272728,0.8018579115635999
bayes-fix-seed43,baseline_circle,0,305,1540568717,success,37,9.25,0.5422032595521945,0,0.0,0,2.291238348062818,13.942064566386712,16.03606641292572,8.89317981149095,9,0.972972972972973,3,0.32432432432432434,0,0.0,3.863628920454862,0.4344485327354604,2,0.21621621621621623,0.0,0.0,0.0,0.8744727386603319
bayes-fix-seed43,baseline_circle,0,306,1540568718,success,48,12.0,0.19396393672618117,0,0.0,1,0.9208370958997651,13.89319309964776,15.803313069045544,9.249145055776395,28,2.3333333333333335,12,1.0,1,0.08333333333333333,13.868652914929207,1.499452417633755,6,0.5,0.0,0.0,0.0,0.839727366689203
bayes-fix-seed43,baseline_circle,0,307,1540568719,success,43,10.75,0.22142736013784226,0,0.0,0,1.565860883479059,13.850158037141313,15.6901516020298,9.8294051500413,15,1.3953488372093024,4,0.37209302325581395,0,0.0,6.139669507391428,0.624622692184545,1,0.09302325581395349,0.0,0.0,0.023255813953488372,0.8027222269638883
bayes-fix-seed43,baseline_circle,0,308,1540568720,success,39,9.75,0.2264920859355195,0,0.0,0,0.8811743247917635,13.882144330403744,15.534782782196999,8.793493431679074,15,1.5384615384615385,9,0.9230769230769231,1,0.10256410256410256,8.431470713537804,0.95883061482288,2,0.20512820512820512,0.0,0.0,0.02564102564102564,0.8823186447455676
bayes-fix-seed43,baseline_circle,0,309,1540568721,success,45,11.25,0.5902935247874536,0,0.0,0,1.008496741874014,14.003958139154646,15.2518630027771,9.619809848722106,21,1.8666666666666667,7,0.6222222222222222,2,0.17777777777777778,12.744118313665776,1.3247786093566811,5,0.4444444444444444,0.0,0.0,0.022222222222222223,0.8161650493579935
bayes-fix-seed43,baseline_circle,0,310,1540568722,success,48,12.0,0.20216499935603238,0,0.0,0,0.9582815702729656,13.915554775545994,15.222711488604546,10.628787266979478,22,1.8333333333333333,9,0.75,3,0.25,14.638324877464347,1.3772337812180442,5,0.4166666666666667,0.14634146341463414,0.07317073170731707,0.14583333333333334,0.7386595602198396
bayes-fix-seed43,baseline_circle,0,311,1540568723,success,44,11.0,0.20421256095156992,0,0.0,0,0.6776336018763455,14.092838730324399,15.442485176026821,8.918482349771983,27,2.4545454545454546,14,1.2727272727272727,2,0.18181818181818182,12.317985840644536,1.3811751100185188,2,0.18181818181818182,0.0,0.0,0.09090909090909091,0.8724175936637982
bayes-fix-seed43,baseline_circle,0,312,1540568724,timeout,101,25.25,0.18388563301357985,0,0.0,1,0.5095464802699118,14.264984369868099,15.799995511770248,12.791029610749877,89,3.5247524752475248,53,2.099009900990099,46,1.8217821782178218,161.2364390424538,12.605430833100955,57,2.257425742574257,0.4574468085106383,0.4574468085106383,0.24752475247524752,0.5841983612831093
bayes-fix-seed43,baseline_circle,0,313,1540568725,success,52,13.0,0.19781913201390644,0,0.0,1,1.3172474711573527,14.153830993634005,15.522833354771137,9.163408184300922,32,2.4615384615384617,15,1.1538461538461537,1,0.07692307692307693,11.645402552179972,1.2708593045250665,1,0.07692307692307693,0.0,0.0,0.07692307692307693,0.8466368959631815
bayes-fix-seed43,baseline_circle,0,314,1540568726,success,39,9.75,0.765749945016358,0,0.0,0,2.090249620854925,13.60704358189534,15.616080537438393,9.101271740250494,14,1.435897435897436,5,0.5128205128205128,0,0.0,4.279256991555056,0.47018231228389606,1,0.10256410256410256,0.0,0.0,0.0,0.8561917358822122
bayes-fix-seed43,baseline_circle,0,315,1540568727,success,47,11.75,0.22512689043972778,0,0.0,0,1.7566982204792896,13.96173246680422,15.418259426951407,10.767476337308192,19,1.6170212765957446,6,0.5106382978723404,0,0.0,7.416390568515483,0.6887770482316694,1,0.0851063829787234,0.0,0.0,0.0425531914893617,0.7188340343085962
bayes-fix-seed43,baseline_circle,0,316,1540568728,success,46,11.5,0.35195529617377386,0,0.0,0,1.7200943823550765,13.683409875501757,15.281780622899532,9.183572170529468,26,2.260869565217391,14,1.2173913043478262,1,0.08695652173913043,11.184696506647438,1.2179026090239347,3,0.2608695652173913,0.0,0.0,0.021739130434782608,0.8448035593033213
bayes-fix-seed43,baseline_circle,0,317,1540568729,success,53,13.25,0.35845813300974694,0,0.0,0,1.2469393194651959,13.943945461848998,15.960103273391724,8.891223215780181,28,2.1132075471698113,10,0.7547169811320755,0,0.0,7.313597920491464,0.8225637511283328,3,0.22641509433962265,0.0,0.0,0.0,0.871190423729907
bayes-fix-seed43,baseline_circle,0,318,1540568730,success,45,11.25,0.2672992916437902,0,0.0,0,0.5556740412623417,14.021089259121153,15.329799056053162,9.167599998982416,32,2.8444444444444446,12,1.0666666666666667,2,0.17777777777777778,18.635941243818667,2.032804795790307,6,0.5333333333333333,0.0,0.0,0.044444444444444446,0.853701873311265
bayes-fix-seed43,baseline_circle,0,319,1540568731,success,52,13.0,0.28959778737595687,0,0.0,0,1.4500143367721063,14.20285151554988,15.738852694630623,9.249458986633899,38,2.923076923076923,17,1.3076923076923077,3,0.23076923076923078,24.402867935666535,2.6383021937748303,6,0.46153846153846156,0.0,0.0,0.057692307692307696,0.8360942745082961
bayes-fix-seed43,baseline_circle,0,320,1540568732,success,46,11.5,0.1904078364038565,0,0.0,1,1.1045293497470348,13.667933075972226,15.661322511732578,9.759463773844995,29,2.5217391304347827,11,0.9565217391304348,2,0.17391304347826086,15.079413033590006,1.545106717236072,4,0.34782608695652173,0.0,0.0,0.021739130434782608,0.7905256542138466
bayes-fix-seed43,baseline_circle,0,321,1540568733,success,52,13.0,0.23612823719201892,0,0.0,0,1.41074419314174,14.025121927261353,15.69250002503395,9.82007470759742,36,2.769230769230769,15,1.1538461538461537,3,0.23076923076923078,24.27888183764087,2.4723724167655483,9,0.6923076923076923,0.0,0.0,0.09615384615384616,0.7869679667045506
bayes-fix-seed43,baseline_circle,0,322,1540568734,success,45,11.25,0.1809310903991772,0,0.0,1,0.7477495356554357,13.711381951967875,16.06198251247406,8.94026281431592,25,2.2222222222222223,11,0.9777777777777777,3,0.26666666666666666,16.696640182550567,1.8675782277691508,8,0.7111111111111111,0.0,0.0,0.022222222222222223,0.8668499110914859
bayes-fix-seed43,baseline_circle,0,323,1540568735,success,41,10.25,0.5195987417191325,0,0.0,0,1.2099244660537833,13.73746246099472,15.529762953519821,9.34695899127294,17,1.6585365853658536,6,0.5853658536585366,1,0.0975609756097561,9.768190447080666,1.045066149985361,3,0.2926829268292683,0.0,0.0,0.0,0.8321227242937816
bayes-fix-seed43,baseline_circle,0,324,1540568736,success,43,10.75,0.4882741682245856,0,0.0,0,1.43047107855388,13.735684284637141,15.337792411446571,9.261548127584177,23,2.13953488372093,13,1.2093023255813953,0,0.0,10.396023986226803,1.1224931127079882,1,0.09302325581395349,0.0,0.0,0.0,0.8358784495432234
bayes-fix-seed43,baseline_circle,0,325,1540568737,success,41,10.25,0.2829104626643716,0,0.0,0,1.1415548518518381,13.637004011287921,15.55563509464264,8.992295479670474,23,2.2439024390243905,14,1.3658536585365855,0,0.0,10.456317821891115,1.1628085226436855,1,0.0975609756097561,0.0,0.0,0.0,0.8597062486721464
bayes-fix-seed43,baseline_circle,0,326,1540568738,success,42,10.5,0.20694194508587138,0,0.0,0,0.4556922532014471,13.64599106212457,15.34828431904316,8.56854918870329,23,2.1904761904761907,14,1.3333333333333333,0,0.0,7.708605076631561,0.8996394730153999,3,0.2857142857142857,0.0,0.0,0.0,0.9057978125687888
bayes-fix-seed43,baseline_circle,0,327,1540568739,success,55,13.75,0.21970535020891002,0,0.0,0,1.2992485920140566,14.205304397778077,16.020144522190094,9.389448196580137,40,2.909090909090909,15,1.0909090909090908,5,0.36363636363636365,24.316546602040884,2.5897737644367167,6,0.43636363636363634,0.0,0.0,0.05454545454545454,0.8233351966232207
bayes-fix-seed43,baseline_circle,0,328,1540568740,success,43,10.75,0.2816018992696707,0,0.0,0,0.7794997941966872,13.815399952406107,15.945678949356079,9.448248699716352,22,2.046511627906977,9,0.8372093023255814,1,0.09302325581395349,10.14466150629376,1.0737081366833956,2,0.18604651162790697,0.0,0.0,0.023255813953488372,0.8182773702347347
bayes-fix-seed43,baseline_circle,0,329,1540568741,success,49,12.25,0.23027192491592485,0,0.0,0,1.1221874898566149,13.868013130767006,15.637535601854324,9.501615448519722,36,2.938775510204082,20,1.6326530612244898,8,0.6530612244897959,28.37639371198189,2.986480969023295,10,0.8163265306122449,0.0,0.0,0.061224489795918366,0.8220915855993886
bayes-fix-seed43,baseline_circle,0,330,1540568742,success,38,9.5,0.1921379708776697,0,0.0,1,1.962259120783293,13.760759544215704,15.25702215731144,9.1765153919946,16,1.6842105263157894,9,0.9473684210526315,0,0.0,5.029631042321027,0.5480981426466927,1,0.10526315789473684,0.0,0.0,0.0,0.8494276413100864
bayes-fix-seed43,baseline_circle,0,331,1540568743,success,41,10.25,0.2654500751107458,0,0.0,0,1.7811400195920477,13.653662328313036,15.018343925476074,8.707622059692843,20,1.951219512195122,11,1.0731707317073171,1,0.0975609756097561,9.947691006362701,1.1424118936454621,5,0.4878048780487805,0.0,0.0,0.04878048780487805,0.8856285701442735
bayes-fix-seed43,baseline_circle,0,332,1540568744,success,54,13.5,0.2643594776262942,0,0.0,0,1.1143017068918113,14.045705811844932,15.207660757005215,9.689284095946748,25,1.8518518518518519,9,0.6666666666666666,1,0.07407407407407407,9.581927437858111,0.9889200629246131,6,0.4444444444444444,0.0,0.0,0.018518518518518517,0.8093026547451847
bayes-fix-seed43,baseline_circle,0,333,1540568745,success,56,14.0,0.17862653944265228,0,0.0,1,0.6991400056905379,14.052958892924446,15.630488283932209,10.578934649764147,38,2.7142857142857144,21,1.5,2,0.14285714285714285,22.17739026654445,2.0963727445881224,9,0.6428571428571429,0.0,0.0,0.07142857142857142,0.7361399067009481
bayes-fix-seed43,baseline_circle,0,334,1540568746,success,37,9.25,0.2577823029300812,0,0.0,0,0.7473385716517902,13.620246101070094,15.076387673616408,8.72461409672575,13,1.4054054054054055,5,0.5405405405405406,0,0.0,4.324344118383831,0.49564875539958936,2,0.21621621621621623,0.0,0.0,0.0,0.8895136260245414
bayes-fix-seed43,baseline_circle,0,335,1540568747,success,40,10.0,0.4181696593626948,0,0.0,0,2.3741907819029446,13.88443298637867,15.649186819791792,9.035811675178234,16,1.6,6,0.6,0,0.0,5.080462189022185,0.5622585299092094,1,0.1,0.0,0.0,0.0,0.8597718372344638
bayes-fix-seed43,baseline_circle,0,336,1540568748,success,40,10.0,0.20268517134044695,0,0.0,0,2.5318176411084456,13.899184670299292,15.493722632527351,9.469069612821304,15,1.5,3,0.3,0,0.0,4.7702900827216235,0.5037760073347183,1,0.1,0.0,0.0,0.025,0.8216265373797305
bayes-fix-seed43,baseline_circle,0,337,1540568749,success,57,14.25,0.16921706952303173,0,0.0,1,0.9125295681217086,14.115896337387854,15.274350345134735,10.506393514391014,44,3.087719298245614,23,1.6140350877192982,5,0.3508771929824561,25.986834259464835,2.4734305091342392,7,0.49122807017543857,0.1,0.08,0.10526315789473684,0.7416067182677062
bayes-fix-seed43,baseline_circle,0,338,1540568750,success,60,15.0,0.19513395037662074,0,0.0,1,1.8835817513534423,14.34994830439488,15.861417725682259,11.223054092867253,41,2.7333333333333334,19,1.2666666666666666,2,0.13333333333333333,23.779476716951894,2.1188062108748813,8,0.5333333333333333,0.018867924528301886,0.018867924528301886,0.11666666666666667,0.6920611243785417
bayes-fix-seed43,baseline_circle,0,339,1540568751,success,46,11.5,0.3545336537856204,0,0.0,0,1.195846525135047,14.13013858963614,15.544203110039234,9.553347330995393,24,2.0869565217391304,15,1.3043478260869565,1,0.08695652173913043,13.01231483005377,1.3620686424574888,3,0.2608695652173913,0.0,0.0,0.0,0.8226977552018881
bayes-fix-seed43,baseline_circle,0,340,1540568752,success,56,14.0,0.26575865150935585,0,0.0,0,1.087692467253661,14.313661493360996,16.1684462800622,9.822616434343269,30,2.142857142857143,9,0.6428571428571429,2,0.14285714285714285,13.79015570371522,1.403918782321588,5,0.35714285714285715,0.04081632653061224,0.04081632653061224,0.07142857142857142,0.7897607886156224
bayes-fix-seed43,baseline_circle,0,341,1540568753,success,53,13.25,0.1850869999590864,0,0.0,2,1.8523377148560587,14.090413403398586,15.677399933338165,10.209761939952122,37,2.792452830188679,19,1.4339622641509433,1,0.07547169811320754,17.65934057696348,1.729652530668731,8,0.6037735849056604,0.0,0.0,0.11320754716981132,0.7601805924363897
bayes-fix-seed43,baseline_circle,0,342,1540568754,success,41,10.25,0.26542885194813426,0,0.0,0,0.8350624598825226,13.4224447353584,15.24427905678749,9.15603565754259,14,1.3658536585365855,5,0.4878048780487805,0,0.0,4.664207125754553,0.5094133859026921,2,0.1951219512195122,0.0,0.0,0.0,0.8470023576793628
bayes-fix-seed43,baseline_circle,0,343,1540568755,success,41,10.25,0.21220912495428212,0,0.0,0,0.8656898218849334,13.692415705541285,15.159722417593002,9.213400518726786,14,1.3658536585365855,8,0.7804878048780488,1,0.0975609756097561,6.811661124484054,0.7393210694182833,2,0.1951219512195122,0.0,0.0,0.0,0.8454781253811937
bayes-fix-seed43,baseline_circle,0,344,1540568756,success,41,10.25,0.26997516379458764,0,0.0,0,1.4143013458613507,13.515792332771348,15.416383743286133,9.554181030212195,20,1.951219512195122,8,0.7804878048780488,1,0.0975609756097561,8.977206806991505,0.9396102898410461,5,0.4878048780487805,0.0,0.0,0.0,0.809927174549139
bayes-fix-seed43,baseline_circle,0,345,1540568757,success,44,11.0,0.616181665240685,0,0.0,0,2.5562700594392247,14.018587429415096,15.623561665415764,10.10074728852458,17,1.5454545454545454,8,0.7272727272727273,1,0.09090909090909091,7.6600397455026386,0.7583636662413266,1,0.09090909090909091,0.0,0.0,0.022727272727272728,0.7660999469723236
bayes-fix-seed43,baseline_circle,0,346,1540568758,success,57,14.25,0.4281625118658706,0,0.0,0,1.2226652546871082,14.096327844941825,15.651824325323103,11.311346143019367,33,2.3157894736842106,12,0.8421052631578947,4,0.2807017543859649,22.721847703109894,2.0087660138605474,5,0.3508771929824561,0.06,0.06,0.08771929824561403,0.6903446163471363
bayes-fix-seed43,baseline_circle,0,347,1540568759,success,47,11.75,0.15067903052664278,0,0.0,2,0.6631964758407629,13.948926821034005,15.62959998846054,9.240265694844195,32,2.723404255319149,11,0.9361702127659575,1,0.0851063829787234,14.854194125872873,1.607550541989403,3,0.2553191489361702,0.0,0.0,0.02127659574468085,0.8415316586965306
bayes-fix-seed43,baseline_circle,0,348,1540568760,success,42,10.5,0.20953609314228439,0,0.0,0,0.6450677599056917,13.499809517746879,15.126841142773628,9.022645731544984,26,2.4761904761904763,16,1.5238095238095237,1,0.09523809523809523,13.891567843769224,1.5396335240340324,8,0.7619047619047619,0.0,0.0,0.0,0.8592227011892144
bayes-fix-seed43,baseline_circle,0,349,1540568761,success,42,10.5,0.2404815100169272,0,0.0,0,0.6858731250765236,14.08991643360683,16.002981178462505,8.883816183179889,24,2.2857142857142856,16,1.5238095238095237,1,0.09523809523809523,15.885229987604658,1.7881088104547738,9,0.8571428571428571,0.0,0.0,0.0,0.8670201789781797
bayes-fix-seed43,baseline_circle,0,350,1540568762,success,45,11.25,0.32633444930114586,0,0.0,0,1.2483419777276699,13.910682913329866,15.466681122779846,9.365247898165968,24,2.1333333333333333,9,0.8,1,0.08888888888888889,10.939655551734484,1.1681116902283855,5,0.4444444444444444,0.0,0.0,0.0,0.8229419266894689
bayes-fix-seed43,baseline_circle,0,351,1540568763,success,42,10.5,0.24278031565260738,0,0.0,0,1.3423416455431363,13.783149421215057,15.199455432593822,9.03135071288817,25,2.380952380952381,11,1.0476190476190477,0,0.0,9.149547807432533,1.0130874216163137,3,0.2857142857142857,0.0,0.0,0.0,0.8563523150547939
bayes-fix-seed43,baseline_circle,0,352,1540568764,success,45,11.25,0.16711308856885754,0,0.0,2,0.48478204737466346,13.755478213230768,15.146399289369583,8.60352547300337,36,3.2,16,1.4222222222222223,1,0.08888888888888889,12.473499483108872,1.449812582324412,6,0.5333333333333333,0.0,0.0,0.022222222222222223,0.90487608381375
bayes-fix-seed43,baseline_circle,0,353,1540568765,success,48,12.0,0.18567376405872404,0,0.0,1,0.783372129827549,14.00367597428461,15.728835575282574,9.569772272765078,34,2.8333333333333335,18,1.5,3,0.25,19.150213618599082,2.0011148722001764,8,0.6666666666666666,0.0,0.0,0.08333333333333333,0.807369612231264
bayes-fix-seed43,baseline_circle,0,354,1540568766,success,48,12.0,0.7291530499993041,0,0.0,0,1.058013543974851,13.798837239543596,15.372226759791374,9.791794625408436,30,2.5,13,1.0833333333333333,2,0.16666666666666666,18.70797348281721,1.9105765795242935,2,0.16666666666666666,0.0,0.0,0.041666666666666664,0.7884588515822613
bayes-fix-seed43,baseline_circle,0,355,1540568767,success,43,10.75,0.24031818482611123,0,0.0,0,1.6304713106554531,13.999927269164907,15.715917199850082,8.690135579425245,24,2.2325581395348837,9,0.8372093023255814,0,0.0,8.148244058016742,0.9376429151817279,4,0.37209302325581395,0.0,0.0,0.023255813953488372,0.8870833359897901
bayes-fix-seed43,baseline_circle,0,356,1540568768,success,57,14.25,0.24456053416882906,0,0.0,0,1.3846733818466186,13.998966010516149,15.89050143957138,10.423765566061864,37,2.5964912280701755,19,1.3333333333333333,1,0.07017543859649122,15.540492038661217,1.4908712154136128,3,0.21052631578947367,0.0,0.0,0.0,0.7511336054910933
bayes-fix-seed43,baseline_circle,0,357,1540568769,success,47,11.75,0.15309250626953375,0,0.0,1,2.076151185688486,14.0305628326345,15.379935875535011,9.35675807174912,28,2.382978723404255,10,0.851063829787234,0,0.0,9.2247471984963,0.9858913875681576,4,0.3404255319148936,0.0,0.0,0.0851063829787234,0.832992645714721
bayes-fix-seed43,baseline_circle,0,358,1540568770,success,42,10.5,0.37124259130341364,0,0.0,0,1.2807690926920323,13.652900056470008,15.627611614763737,9.917191124487779,19,1.8095238095238095,4,0.38095238095238093,1,0.09523809523809523,9.718459013698789,0.9799608469480561,4,0.38095238095238093,0.05714285714285714,0.0,0.07142857142857142,0.781838348621302
bayes-fix-seed43,baseline_circle,0,359,1540568771,success,59,14.75,0.19833156883714242,0,0.0,1,0.9752803425127808,14.120809733867645,15.542279556393623,11.82481032573794,37,2.5084745762711864,13,0.8813559322033898,6,0.4067796610169492,28.20178120363205,2.38496689813687,11,0.7457627118644068,0.09615384615384616,0.038461538461538464,0.11864406779661017,0.6557999631297318
bayes-fix-seed43,baseline_circle,0,360,1540568772,success,62,15.5,0.25888931090647194,0,0.0,0,1.7704865555195681,13.983876294186038,15.409986302256582,11.407985266717118,37,2.3870967741935485,16,1.032258064516129,3,0.1935483870967742,19.974394098214574,1.7509133848980345,7,0.45161290322580644,0.10909090909090909,0.09090909090909091,0.11290322580645161,0.6868705011797221
bayes-fix-seed43,baseline_circle,0,361,1540568773,success,50,12.5,0.20211692998830633,0,0.0,0,1.1782568768475754,13.839177638292313,15.18962923437357,9.65434372675454,34,2.72,18,1.44,1,0.08,12.916488456120252,1.3378939906941074,4,0.32,0.0,0.0,0.06,0.8013298689225883
bayes-fix-seed43,baseline_circle,0,362,1540568774,success,53,13.25,0.3542891519831728,0,0.0,0,1.1700931897396318,14.110535594089976,15.44685885310173,11.182613898965338,37,2.792452830188679,9,0.6792452830188679,1,0.07547169811320754,16.726610186856817,1.4957692662897386,8,0.6037735849056604,0.06521739130434782,0.021739130434782608,0.1320754716981132,0.6978609249510602
bayes-fix-seed43,baseline_circle,0,363,1540568775,success,57,14.25,0.28566645017694936,0,0.0,0,1.069368641682071,14.09133314563517,15.53606241941452,9.464458256790373,38,2.6666666666666665,21,1.4736842105263157,3,0.21052631578947367,20.76305119320988,2.193791829375254,5,0.3508771929824561,0.0,0.0,0.05263157894736842,0.8183727067970141
bayes-fix-seed43,baseline_circle,0,364,1540568776,success,47,11.75,0.25954305259387045,0,0.0,0,1.145536982782052,14.136517697826346,15.642042458057404,9.008635092608156,29,2.4680851063829787,9,0.7659574468085106,3,0.2553191489361702,18.103091362064102,2.009526546026735,8,0.6808510638297872,0.0,0.0,0.02127659574468085,0.8674433628430164
bayes-fix-seed43,baseline_circle,0,365,1540568777,success,57,14.25,0.19719269050770805,0,0.0,1,1.8454225404559539,14.091468105713526,15.474951267242432,11.327594437163873,27,1.894736842105263,12,0.8421052631578947,1,0.07017543859649122,13.965193422264552,1.2328472298096385,3,0.21052631578947367,0.16,0.16,0.17543859649122806,0.6900389024352316
bayes-fix-seed43,baseline_circle,0,366,1540568778,success,44,11.0,0.2378314559966016,0,0.0,0,1.2183165542795609,13.798712414096702,15.336677059531212,9.083709611636728,27,2.4545454545454546,13,1.1818181818181819,0,0.0,12.348771407756898,1.359441454616454,5,0.45454545454545453,0.0,0.0,0.022727272727272728,0.852338834924621
bayes-fix-seed43,baseline_circle,0,367,1540568779,success,46,11.5,0.17036237617068473,0,0.0,4,0.5392570042216154,13.972126433382863,15.820583328604698,9.878373008128001,33,2.869565217391304,14,1.2173913043478262,2,0.17391304347826086,17.141256698184097,1.7352307595674044,8,0.6956521739130435,0.0,0.0,0.043478260869565216,0.780081728830015
bayes-fix-seed43,baseline_circle,0,368,1540568780,success,45,11.25,0.2194171146674717,0,0.0,0,1.3038793402758664,13.739382061693403,15.457750856876373,9.159763906502072,28,2.488888888888889,13,1.1555555555555554,2,0.17777777777777778,13.256811642130174,1.447287482237376,2,0.17777777777777778,0.0,0.0,0.022222222222222223,0.8510379156243854
bayes-fix-seed43,baseline_circle,0,369,1540568781,success,41,10.25,0.27191082865193716,0,0.0,0,1.0344588275067577,13.828915157696096,15.920747071504593,9.380186926587568,18,1.7560975609756098,6,0.5853658536585366,0,0.0,8.471095370957691,0.903083855071895,2,0.1951219512195122,0.0,0.0,0.07317073170731707,0.8285539958204493
bayes-fix-seed43,baseline_circle,0,370,1540568782,success,48,12.0,0.2075386960063269,0,0.0,0,0.8081148380171924,14.199626632034779,16.587715037167072,9.259493331844478,25,2.0833333333333335,12,1.0,0,0.0,9.372396228791157,1.012193204627989,2,0.16666666666666666,0.0,0.0,0.0,0.847298754315951
bayes-fix-seed43,baseline_circle,0,371,1540568783,success,47,11.75,0.3947534118747462,0,0.0,0,1.2706874701424096,13.970747590065002,15.939552336931229,9.263661074080186,31,2.6382978723404253,15,1.2765957446808511,4,0.3404255319148936,21.301680019735063,2.299488274602076,7,0.5957446808510638,0.0,0.0,0.0425531914893617,0.8313514363890867
bayes-fix-seed43,baseline_circle,0,372,1540568784,success,41,10.25,0.8860411453313638,0,0.0,0,2.8972771719947064,14.202714420673324,15.842512249946594,9.143110433766848,13,1.2682926829268293,1,0.0975609756097561,0,0.0,3.3034186709524005,0.361301407752048,1,0.0975609756097561,0.0,0.0,0.0,0.8476666571324444
bayes-fix-seed43,baseline_circle,0,373,1540568785,success,54,13.5,0.2480809073856558,0,0.0,0,0.9411348535182862,14.073738345393428,15.365645661950111,9.63427850611299,33,2.4444444444444446,7,0.5185185185185185,1,0.07407407407407407,12.559811688474568,1.3036587722168624,3,0.2222222222222222,0.06382978723404255,0.0,0.018518518518518517,0.8030171066495093
bayes-fix-seed43,baseline_circle,0,374,1540568786,success,39,9.75,0.21041800906652297,0,0.0,0,1.1798071163343449,13.644584765036901,15.5596774071455,9.121549114111993,17,1.7435897435897436,10,1.0256410256410255,0,0.0,7.383865203314849,0.8094968421417843,2,0.20512820512820512,0.0,0.0,0.0,0.8539152777696426
bayes-fix-seed43,baseline_circle,0,375,1540568787,success,45,11.25,0.3447967216047939,0,0.0,0,1.1983898084515903,14.217461976740095,15.60751274228096,9.457330715279051,24,2.1333333333333333,8,0.7111111111111111,1,0.08888888888888889,12.43761691799369,1.3151297435226366,2,0.17777777777777778,0.0,0.0,0.06666666666666667,0.8153705104147005
bayes-fix-seed43,baseline_circle,0,376,1540568788,success,47,11.75,0.2797932650439734,0,0.0,0,0.9517165788840712,13.930394769983089,15.785914286971092,10.302659232191921,24,2.0425531914893615,10,0.851063829787234,1,0.0851063829787234,10.588983813642656,1.0277913279472624,2,0.1702127659574468,0.0,0.0,0.0851063829787234,0.7510621199610297
bayes-fix-seed43,baseline_circle,0,377,1540568789,success,41,10.25,0.22370786083755556,0,0.0,0,0.9838388040264949,13.80442028365484,15.355739742517471,9.666317925922247,17,1.6585365853658536,7,0.6829268292682927,0,0.0,8.12565018391087,0.8406148283329525,3,0.2926829268292683,0.0,0.0,0.024390243902439025,0.8076649834224208
bayes-fix-seed43,baseline_circle,0,378,1540568790,success,49,12.25,0.1986252804710913,0,0.0,1,0.486883500391198,13.681175225243276,15.417801588773726,9.2201105800267,38,3.1020408163265305,16,1.3061224489795917,2,0.16326530612244897,22.60598050665697,2.451812297742692,12,0.9795918367346939,0.0,0.0,0.02040816326530612,0.8475101542005198
bayes-fix-seed43,baseline_circle,0,379,1540568791,success,52,13.0,0.17430735085835636,0,0.0,2,1.1380497438081438,14.117298719401543,15.687729232013224,9.305407282739504,28,2.1538461538461537,16,1.2307692307692308,2,0.15384615384615385,16.58099239984974,1.7818663811314996,3,0.23076923076923078,0.0,0.0,0.019230769230769232,0.8344046627057219
bayes-fix-seed43,baseline_circle,0,380,1540568792,success,51,12.75,0.17611750367398138,0,0.0,1,0.7328030776050186,14.232225350889506,15.85770957171917,9.638929025156912,40,3.1372549019607843,18,1.411764705882353,2,0.1568627450980392,19.82426736417964,2.0566877619328587,13,1.0196078431372548,0.0,0.0,0.0784313725490196,0.8032179188857876
bayes-fix-seed43,baseline_circle,0,381,1540568793,success,40,10.0,0.3220869580908774,0,0.0,0,0.9186737694775171,13.961585983633995,15.784529410302637,9.190048549572417,15,1.5,6,0.6,0,0.0,4.6801658635760255,0.5092645417845784,2,0.2,0.0,0.0,0.0,0.846178691650856
bayes-fix-seed43,baseline_circle,0,382,1540568794,success,47,11.75,0.2085427715882361,0,0.0,0,0.5564657107106326,14.294778967791416,16.18039384484291,8.893570999497285,33,2.8085106382978724,14,1.1914893617021276,4,0.3404255319148936,19.429968582313084,2.184720691318636,6,0.5106382978723404,0.0,0.0,0.06382978723404255,0.8883430249888266
bayes-fix-seed43,baseline_circle,0,383,1540568795,success,55,13.75,0.1679089682756023,0,0.0,2,0.5324721830917366,14.430043439973485,16.05733409523964,9.89198129899678,47,3.418181818181818,27,1.9636363636363636,8,0.5818181818181818,35.2827280354322,3.5668009237957703,13,0.9454545454545454,0.0,0.0,0.10909090909090909,0.7821053312756637
bayes-fix-seed43,baseline_circle,0,384,1540568796,success,45,11.25,0.20275661764893627,0,0.0,0,1.2136436596787417,13.775977740685144,15.19743874669075,9.003961934137024,26,2.311111111111111,12,1.0666666666666667,0,0.0,11.259784805612245,1.2505366957319803,5,0.4444444444444444,0.0,0.0,0.0,0.8612746295611164
bayes-fix-seed43,baseline_circle,0,385,1540568797,success,49,12.25,0.20859409095255754,0,0.0,0,1.038118442442528,14.293686847905724,15.808853507041928,10.073051306112113,32,2.6122448979591835,9,0.7346938775510204,1,0.08163265306122448,12.318889054712997,1.222955059033419,6,0.4897959183673469,0.0,0.0,0.061224489795918366,0.7670209219642321
bayes-fix-seed43,baseline_circle,0,386,1540568798,success,60,15.0,0.2103804761317717,0,0.0,0,0.7981298094062704,14.533684775233269,16.212739795446396,10.887545584450752,52,3.466666666666667,31,2.066666666666667,6,0.4,31.70271610380744,2.9118331453035893,9,0.6,0.0,0.0,0.08333333333333333,0.7085635706750076
bayes-fix-seed43,baseline_circle,0,387,1540568799,success,50,12.5,0.2132512277173919,0,0.0,0,0.8355506271657902,14.07754436135292,15.514805354177952,9.19859329618907,33,2.64,15,1.2,5,0.4,25.114551059444633,2.7302599702771357,12,0.96,0.0,0.0,0.06,0.8447734418909256
bayes-fix-seed43,baseline_circle,0,388,1540568800,success,47,11.75,0.21166400080179792,0,0.0,0,0.64824125677353,14.23217237312743,16.13539792597294,9.812913169981321,31,2.6382978723404253,13,1.1063829787234043,2,0.1702127659574468,15.613067333075051,1.5910736253977034,5,0.425531914893617,0.0,0.0,0.06382978723404255,0.7926025882803868
bayes-fix-seed43,baseline_circle,0,389,1540568801,success,44,11.0,0.2962168129840618,0,0.0,0,1.410390762903531,14.227682555263693,16.04103483259678,8.83312016421368,21,1.9090909090909092,11,1.0,0,0.0,11.026006001129394,1.2482572178515046,3,0.2727272727272727,0.0,0.0,0.0,0.8783728388999525
bayes-fix-seed43,baseline_circle,0,390,1540568802,success,55,13.75,0.37691362115203886,0,0.0,0,1.4014517261733952,14.533047445795752,16.17986522614956,9.875554884332832,37,2.690909090909091,17,1.2363636363636363,1,0.07272727272727272,15.390544632716077,1.5584485948361801,7,0.509090909090909,0.041666666666666664,0.041666666666666664,0.0,0.7836943771949019
bayes-fix-seed43,baseline_circle,0,391,1540568803,success,39,9.75,0.24442573243677668,0,0.0,0,1.4841103968674907,13.92379899819692,15.825946629047394,9.10618907857035,14,1.435897435897436,6,0.6153846153846154,1,0.10256410256410256,9.33847019099067,1.0255080484729828,3,0.3076923076923077,0.0,0.0,0.07692307692307693,0.8499840778941965
bayes-fix-seed43,baseline_circle,0,392,1540568804,success,46,11.5,0.13590159844973726,0,0.0,3,0.8467914920572742,13.963811909374984,15.83853643387556,8.771786377729596,35,3.0434782608695654,14,1.2173913043478262,2,0.17391304347826086,18.35952712816927,2.0930203196445456,6,0.5217391304347826,0.0,0.0,0.021739130434782608,0.8830684416250448
bayes-fix-seed43,baseline_circle,0,393,1540568805,success,45,11.25,0.23101742164904637,0,0.0,0,2.467811938820333,13.871330850654179,15.532910078763962,8.699627705069544,27,2.4,7,0.6222222222222222,1,0.08888888888888889,8.161588634325216,0.9381537820945148,6,0.5333333333333333,0.0,0.0,0.022222222222222223,0.88770266648039
bayes-fix-seed43,baseline_circle,0,394,1540568806,success,44,11.0,0.15266028447414715,0,0.0,2,0.9792091847201955,13.74866474758495,15.51596149802208,8.962587571814126,24,2.1818181818181817,5,0.45454545454545453,2,0.18181818181818182,13.432232517989625,1.498700281627574,6,0.5454545454545454,0.0,0.0,0.045454545454545456,0.880292080529228
bayes-fix-seed43,baseline_circle,0,395,1540568807,success,43,10.75,0.7469943935208475,0,0.0,0,2.918311131260561,13.911112709793933,16.173408180475235,10.143694088588374,19,1.7674418604651163,8,0.7441860465116279,0,0.0,6.183433314549577,0.6095839701540212,1,0.09302325581395349,0.0,0.0,0.06976744186046512,0.7641380616713491
bayes-fix-seed43,baseline_circle,0,396,1540568808,success,44,11.0,0.24428028582087236,0,0.0,0,1.2802703844048546,14.178026298230344,15.482640825212002,9.064205614408923,26,2.3636363636363638,9,0.8181818181818182,1,0.09090909090909091,12.36789771981196,1.3644767391586219,4,0.36363636363636365,0.0,0.0,0.022727272727272728,0.8533926306800941
bayes-fix-seed43,baseline_circle,0,397,1540568809,success,40,10.0,0.26674961611250425,0,0.0,0,1.3159624158070162,13.498934358358383,15.274446457624435,8.85429523731275,16,1.6,8,0.8,1,0.1,5.756730208620133,0.6501624414285153,1,0.1,0.0,0.0,0.025,0.8843990904054644
bayes-fix-seed43,baseline_circle,0,398,1540568810,success,65,16.25,0.2685733623591725,0,0.0,0,0.9120334796522339,14.34381386408439,15.846747159957886,11.756276131274092,39,2.4,20,1.2307692307692308,12,0.7384615384615385,43.072504582017,3.663788099314489,11,0.676923076923077,0.20689655172413793,0.20689655172413793,0.23076923076923078,0.6560452015228981
bayes-fix-seed43,baseline_circle,0,399,1540568811,success,49,12.25,0.1784364314813306,0,0.0,1,1.2641616646303482,13.96567093170419,15.320047736167908,9.325787016757756,31,2.5306122448979593,13,1.0612244897959184,0,0.0,8.696680926047005,0.9325412332942739,2,0.16326530612244897,0.0,0.0,0.0,0.8361890381265725
bayes-fix-seed43,baseline_circle,0,400,1540568812,success,46,11.5,0.3328300842623382,0,0.0,0,1.158410822081572,13.877882257751796,15.757234767079353,9.380799013888478,25,2.1739130434782608,9,0.782608695652174,2,0.17391304347826086,13.260523552093527,1.4135814585155309,6,0.5217391304347826,0.0,0.0,0.06521739130434782,0.8228042588942881
bayes-fix-seed43,baseline_circle,0,401,1540568813,success,45,11.25,0.2041118270532981,0,0.0,0,0.6249652130371746,14.243018875519434,15.890805423259735,8.586105399683015,27,2.4,15,1.3333333333333333,0,0.0,11.410950739329468,1.32900194071118,6,0.5333333333333333,0.0,0.0,0.0,0.8992301006271008
bayes-fix-seed43,baseline_circle,0,402,1540568814,success,43,10.75,0.5388425701245884,0,0.0,0,1.9981147582888517,13.790892826956371,15.618689358234406,9.378090518040281,18,1.6744186046511629,8,0.7441860465116279,0,0.0,5.3371812504552665,0.5691117227103247,1,0.09302325581395349,0.0,0.0,0.0,0.8346092745278622
bayes-fix-seed43,baseline_circle,0,403,1540568815,success,44,11.0,0.5345932153275245,0,0.0,0,2.5276590846504177,14.112964949824594,16.08471404761076,9.286022831538618,17,1.5454545454545454,7,0.6363636363636364,1,0.09090909090909091,9.972701203742396,1.0739475214159042,3,0.2727272727272727,0.08108108108108109,0.08108108108108109,0.11363636363636363,0.8343480092639365
bayes-fix-seed43,baseline_circle,0,404,1540568816,success,52,13.0,0.2218934225219572,0,0.0,0,0.992883828466394,14.29294436596907,16.02428425103426,11.44168572026911,28,2.1538461538461537,15,1.1538461538461537,1,0.07692307692307693,13.731668973598413,1.200143869471311,2,0.15384615384615385,0.15555555555555556,0.06666666666666667,0.09615384615384616,0.6768567269291615
bayes-fix-seed43,baseline_circle,0,405,1540568817,success,47,11.75,0.3836425532420116,0,0.0,0,0.8997442050851447,14.133889465890032,15.631547570228577,9.512921480083126,32,2.723404255319149,13,1.1063829787234043,1,0.0851063829787234,13.10320242553233,1.3774109723249637,3,0.2553191489361702,0.0,0.0,0.02127659574468085,0.8103613736805501
bayes-fix-seed43,baseline_circle,0,406,1540568818,success,42,10.5,0.1922800941703503,0,0.0,1,1.828365750492651,13.704854374130568,15.363716706633568,9.05389700928975,22,2.0952380952380953,9,0.8571428571428571,0,0.0,9.59747612748679,1.0600381380127584,3,0.2857142857142857,0.0,0.0,0.023809523809523808,0.8520635376447852
bayes-fix-seed43,baseline_circle,0,407,1540568819,success,48,12.0,0.3200666460213297,0,0.0,0,1.3077203097357322,13.975906961907944,15.581036731600761,8.628323676459543,29,2.4166666666666665,15,1.25,1,0.08333333333333333,12.011917941223166,1.3921496679586796,6,0.5,0.0,0.0,0.0,0.8952577428084899
bayes-fix-seed43,baseline_circle,0,408,1540568820,success,51,12.75,0.17420377043967683,0,0.0,2,1.3485510309430055,13.88533172361991,15.549125149846077,9.381798991932822,38,2.980392156862745,19,1.4901960784313726,4,0.3137254901960784,25.843263087747285,2.754617010017937,12,0.9411764705882353,0.0,0.0,0.058823529411764705,0.8242779223233303
bayes-fix-seed43,baseline_circle,0,409,1540568821,success,45,11.25,0.20152989166783808,0,0.0,0,1.6042490542457555,14.516104095511967,16.65816605091095,8.849354636533509,24,2.1333333333333333,7,0.6222222222222222,3,0.26666666666666666,15.74002559389339,1.7786636698808032,5,0.4444444444444444,0.0,0.0,0.044444444444444446,0.8746984156244314
bayes-fix-seed43,baseline_circle,0,410,1540568822,success,51,12.75,0.2040146424453294,0,0.0,0,1.397129281689878,14.429096132516861,15.758804976940155,11.308209841221384,21,1.6470588235294117,11,0.8627450980392157,1,0.0784313725490196,11.904119939489355,1.0526971206437754,3,0.23529411764705882,0.11363636363636363,0.09090909090909091,0.058823529411764705,0.688111773849424
bayes-fix-seed43,baseline_circle,0,411,1540568823,success,56,14.0,0.10717449598736528,0,0.0,4,0.7844157957725406,14.141157535570008,15.369204804301262,9.814992666029674,40,2.857142857142857,15,1.0714285714285714,3,0.21428571428571427,21.643575953429853,2.2051545721821753,4,0.2857142857142857,0.0,0.0,0.07142857142857142,0.8034579641773134
bayes-fix-seed43,baseline_circle,0,412,1540568824,success,57,14.25,0.35104259571793583,0,0.0,0,1.4573938937533704,14.187287604599668,15.689249336719511,10.81068211931001,39,2.736842105263158,21,1.4736842105263157,1,0.07017543859649122,16.102550670737138,1.4895036680409652,5,0.3508771929824561,0.08,0.08,0.03508771929824561,0.7269332489250887
bayes-fix-seed43,baseline_circle,0,413,1540568825,success,42,10.5,0.5843149440840573,0,0.0,0,1.2897244656907152,14.551610641536259,16.167638078331947,9.887950058022211,15,1.4285714285714286,3,0.2857142857142857,1,0.09523809523809523,8.64855814016842,0.8746563331548932,2,0.19047619047619047,0.05714285714285714,0.0,0.09523809523809523,0.8026088580297616
bayes-fix-seed43,baseline_circle,0,414,1540568826,success,49,12.25,0.2453737967038122,0,0.0,0,1.0033594204311131,13.953514397144318,15.54679125547409,9.213036387507099,35,2.857142857142857,19,1.5510204081632653,5,0.40816326530612246,22.940122948011407,2.489963350097941,9,0.7346938775510204,0.0,0.0,0.061224489795918366,0.8398730136944248
bayes-fix-seed43,baseline_circle,0,415,1540568827,success,46,11.5,0.2512140817419065,0,0.0,0,0.7828515204070597,14.319525383736776,15.954967588186264,9.655801455550584,27,2.347826086956522,14,1.2173913043478262,0,0.0,13.79772423677757,1.4289569126181674,7,0.6086956521739131,0.0,0.0,0.0,0.8063955723014992
bayes-fix-seed43,baseline_circle,0,416,1540568828,success,53,13.25,0.19766222409181344,0,0.0,1,0.8302895565828354,14.15957749452231,15.33147543668747,10.812834638446509,32,2.4150943396226414,7,0.5283018867924528,4,0.3018867924528302,17.11396727099399,1.582745676156273,5,0.37735849056603776,0.0,0.0,0.1320754716981132,0.7168516585035754
bayes-fix-seed43,baseline_circle,0,417,1540568829,success,44,11.0,0.9518052077059639,0,0.0,0,3.128535962845723,14.967388219454072,16.631795465946198,9.768204557812384,15,1.3636363636363635,4,0.36363636363636365,0,0.0,5.289097361037568,0.54146054474335,1,0.09090909090909091,0.0,0.0,0.045454545454545456,0.7904420085527172
bayes-fix-seed43,baseline_circle,0,418,1540568830,success,43,10.75,0.17567050062381107,0,0.0,4,0.499290290891358,14.264421061027882,15.516230463981628,8.451839864747937,26,2.4186046511627906,9,0.8372093023255814,1,0.09302325581395349,11.994247531299392,1.4191285830351095,6,0.5581395348837209,0.0,0.0,0.0,0.9125397205932216
bayes-fix-seed43,baseline_circle,0,419,1540568831,success,50,12.5,0.22190779293207896,0,0.0,0,0.786332031769756,13.948190808296204,15.42654000222683,10.494907481796869,24,1.92,9,0.72,1,0.08,11.811322916565514,1.1254337341279026,3,0.24,0.0,0.0,0.08,0.7369868056877017
bayes-fix-seed43,baseline_circle,0,420,1540568832,success,45,11.25,0.19780253999922148,0,0.0,1,0.48483226928252576,14.442819605271021,16.147302836179733,9.216081876771707,28,2.488888888888889,8,0.7111111111111111,1,0.08888888888888889,11.65970820754285,1.2651480708879206,5,0.4444444444444444,0.0,0.0,0.06666666666666667,0.8468368340383199
bayes-fix-seed43,baseline_circle,0,421,1540568833,success,47,11.75,0.2218560605075245,0,0.0,0,0.48227770574605927,13.747215270996094,15.307197719812393,8.969115356109976,31,2.6382978723404253,17,1.446808510638298,1,0.0851063829787234,17.58566196059241,1.960690799746782,8,0.6808510638297872,0.0,0.0,0.0,0.8610313893037724
bayes-fix-seed43,baseline_circle,0,422,1540568834,success,53,13.25,0.39912407846995535,0,0.0,0,0.7967559288125973,14.037603196108117,15.419722348451614,9.341143464810793,34,2.5660377358490565,18,1.3584905660377358,1,0.07547169811320754,13.867448123184094,1.4845557372525573,2,0.1509433962264151,0.0,0.0,0.0,0.8305787797363842
bayes-fix-seed43,baseline_circle,0,423,1540568835,success,47,11.75,0.40855871362349505,0,0.0,0,1.3587611011486602,14.110201058235575,15.415932238101957,8.964893650502209,33,2.8085106382978724,17,1.446808510638298,0,0.0,12.881968521574773,1.4369348955805106,5,0.425531914893617,0.0,0.0,0.02127659574468085,0.8743446112450166
bayes-fix-seed43,baseline_circle,0,424,1540568836,success,45,11.25,0.23937614911533212,0,0.0,0,1.0588009674507324,14.079192197985119,16.042133420705795,9.898497442658794,29,2.577777777777778,9,0.8,1,0.08888888888888889,13.737991978681741,1.3878866018064693,5,0.4444444444444444,0.07894736842105263,0.0,0.08888888888888889,0.7815787832864293
bayes-fix-seed43,baseline_circle,0,425,1540568837,success,42,10.5,0.22253253591660116,0,0.0,0,0.9846107628765133,13.642757598842893,15.270706452429295,8.6712508357546,24,2.2857142857142856,9,0.8571428571428571,1,0.09523809523809523,8.327026617246904,0.9603028184713168,5,0.47619047619047616,0.0,0.0,0.0,0.8920774724127181
bayes-fix-seed43,baseline_circle,0,426,1540568838,success,45,11.25,0.22273745449049198,0,0.0,0,1.5017893403826472,14.011324610975054,15.904442220926285,8.801444581430324,28,2.488888888888889,10,0.8888888888888888,0,0.0,7.932915972138395,0.9013197661751584,3,0.26666666666666666,0.0,0.0,0.022222222222222223,0.8754448139272124
bayes-fix-seed43,baseline_circle,0,427,1540568839,success,44,11.0,0.11720763296307879,0,0.0,2,0.8870877313694457,14.268605800514871,16.179660335183144,9.146415234210698,24,2.1818181818181817,8,0.7272727272727273,1,0.09090909090909091,11.71832743408481,1.281193465856906,4,0.36363636363636365,0.0,0.0,0.022727272727272728,0.8492349829354332
bayes-fix-seed43,baseline_circle,0,428,1540568840,success,47,11.75,0.21843075796437172,0,0.0,0,1.748405242881328,14.541250039288338,15.644028410315514,8.913480158509703,29,2.4680851063829787,13,1.1063829787234043,0,0.0,8.932772714989337,1.0021644246844725,4,0.3404255319148936,0.0,0.0,0.0,0.8694747265134722
bayes-fix-seed43,baseline_circle,0,429,1540568841,success,49,12.25,0.20973504077009064,0,0.0,0,0.5548891841113874,14.165021631182457,15.440995246171951,9.002291208859061,38,3.1020408163265305,19,1.5510204081632653,2,0.16326530612244897,21.89681357522557,2.4323600589233485,10,0.8163265306122449,0.0,0.0,0.02040816326530612,0.8631137510057049
bayes-fix-seed43,baseline_circle,0,430,1540568842,success,49,12.25,0.22099920031404874,0,0.0,0,0.7353663457523385,13.870310722565165,15.744694322347641,9.632161934019647,34,2.7755102040816326,13,1.0612244897959184,2,0.16326530612244897,17.155869026459342,1.781102637598612,7,0.5714285714285714,0.0,0.0,0.061224489795918366,0.7995407944324892
bayes-fix-seed43,baseline_circle,0,431,1540568843,success,42,10.5,0.5398035723887015,0,0.0,0,2.238819444040931,14.865410203735033,16.489508748054504,10.076479822789857,14,1.3333333333333333,3,0.2857142857142857,1,0.09523809523809523,6.6636534441601984,0.6613076750363843,1,0.09523809523809523,0.0,0.0,0.07142857142857142,0.7666885746148077
bayes-fix-seed43,baseline_circle,0,432,1540568844,success,47,11.75,0.4369523925869606,0,0.0,0,1.247442746887779,14.170061162811644,15.806440636515617,9.711813251863429,24,2.0425531914893615,8,0.6808510638297872,1,0.0851063829787234,8.869553999695027,0.9132747685395624,1,0.0851063829787234,0.0,0.0,0.06382978723404255,0.8126809819226639
bayes-fix-seed43,baseline_circle,0,433,1540568845,success,45,11.25,0.8055736560701817,0,0.0,0,1.4637601981381965,14.011412527826097,15.584514290094376,10.743182483978392,15,1.3333333333333333,3,0.26666666666666666,1,0.08888888888888889,7.75942880868036,0.7222653827440996,2,0.17777777777777778,0.10526315789473684,0.0,0.1111111111111111,0.7231868477529729
bayes-fix-seed43,baseline_circle,0,434,1540568846,success,37,9.25,0.2491973645592045,0,0.0,0,1.4211364755749967,14.154271700897732,15.487350523471832,8.702098374344393,13,1.4054054054054055,8,0.8648648648648649,0,0.0,4.198341801533841,0.48245165946542634,1,0.10810810810810811,0.0,0.0,0.0,0.8909306816063005
bayes-fix-seed43,baseline_circle,0,435,1540568847,success,47,11.75,0.136232619247861,0,0.0,1,0.46295856825527204,14.81469601709792,16.4212454110384,8.80435241513349,31,2.6382978723404253,18,1.5319148936170213,0,0.0,13.574091769762756,1.5417478912396476,5,0.425531914893617,0.0,0.0,0.0,0.891752560589647
bayes-fix-seed43,baseline_circle,0,436,1540568848,success,54,13.5,0.48094321208050805,0,0.0,0,1.02292407944955,14.453462428516811,15.987826697528362,10.457152540378084,37,2.740740740740741,17,1.2592592592592593,1,0.07407407407407407,15.512526661681171,1.483436968312629,5,0.37037037037037035,0.0,0.0,0.1111111111111111,0.7422101350111945
bayes-fix-seed43,baseline_circle,0,437,1540568849,success,50,12.5,0.21203717492329655,0,0.0,0,1.247467549777561,14.759230390191078,16.16988070309162,9.009529378188654,33,2.64,17,1.36,4,0.32,17.326829562614602,1.9231669974417822,8,0.64,0.0,0.0,0.02,0.8643581139969475
bayes-fix-seed43,baseline_circle,0,438,1540568850,success,54,13.5,0.22024294159121627,0,0.0,0,2.1575077505831786,14.382909776435959,15.869799256324768,10.657880814186992,35,2.5925925925925926,14,1.037037037037037,1,0.07407407407407407,16.78860028679148,1.5752287513333534,6,0.4444444444444444,0.0,0.0,0.09259259259259259,0.7255890548133265
bayes-fix-seed43,baseline_circle,0,439,1540568851,success,46,11.5,0.1924399524994037,0,0.0,1,2.0330551696606927,13.898237810834594,15.528623946011066,8.90738216045111,27,2.347826086956522,10,0.8695652173913043,1,0.08695652173913043,11.214400494876031,1.2590007134383558,4,0.34782608695652173,0.0,0.0,0.043478260869565216,0.8725449196111339
bayes-fix-seed43,baseline_circle,0,440,1540568852,success,47,11.75,0.21020586885141468,0,0.0,0,1.114927288980608,13.894946413471343,15.359339490532875,8.922176285646028,32,2.723404255319149,16,1.3617021276595744,2,0.1702127659574468,14.561424242147721,1.632048479648861,2,0.1702127659574468,0.0,0.0,0.06382978723404255,0.8774619380058103
bayes-fix-seed43,baseline_circle,0,441,1540568853,success,55,13.75,0.20221765762962363,0,0.0,0,1.2938320569417134,14.300928197123788,15.358281508088112,12.621974388179577,24,1.7454545454545454,9,0.6545454545454545,1,0.07272727272727272,13.020134387448419,1.0315449855168235,4,0.2909090909090909,0.16666666666666666,0.0,0.18181818181818182,0.6162944506651716
bayes-fix-seed43,baseline_circle,0,442,1540568854,success,43,10.75,0.21994658815927381,0,0.0,0,0.7499956193980806,13.79161657289017,15.474888682365417,9.990458469514662,20,1.8604651162790697,9,0.8372093023255814,1,0.09302325581395349,9.962436464649034,0.997195123231718,2,0.18604651162790697,0.0,0.0,0.046511627906976744,0.7925829617739774
bayes-fix-seed43,baseline_circle,0,443,1540568855,success,49,12.25,0.1937181076366986,0,0.0,2,0.7439183507871937,14.28347263409167,15.791689604520798,8.851437021238693,35,2.857142857142857,20,1.6326530612244898,3,0.24489795918367346,17.781880537100722,2.008925838192574,7,0.5714285714285714,0.0,0.0,0.04081632653061224,0.8814048947939122
bayes-fix-seed43,baseline_circle,0,444,1540568856,success,47,11.75,0.18356520644405716,0,0.0,2,1.4823975858209388,14.851692746928398,15.674393251538277,9.027476410168353,27,2.297872340425532,17,1.446808510638298,2,0.1702127659574468,16.30916592724097,1.8066140731058216,8,0.6808510638297872,0.0,0.0,0.02127659574468085,0.8535827822286998
bayes-fix-seed43,baseline_circle,0,445,1540568857,success,40,10.0,0.21945594964701443,0,0.0,0,1.1580069458388542,13.863966427743435,15.188344568014143,9.360790757440558,18,1.8,8,0.8,0,0.0,7.67037050769031,0.8194148022797547,2,0.2,0.0,0.0,0.0,0.8300180603728847
bayes-fix-seed43,baseline_circle,0,446,1540568858,success,40,10.0,0.5289296021963085,0,0.0,0,1.604583909506618,13.821112550795078,15.840874426066875,9.848507853211846,12,1.2,7,0.7,0,0.0,5.378244206426089,0.5460973668891485,1,0.1,0.0,0.0,0.05,0.7884879060837292
bayes-fix-seed43,baseline_circle,0,447,1540568859,success,39,9.75,0.3814549927575088,0,0.0,0,1.1599494017723604,13.45627296429414,14.74505104124546,8.821318042872912,18,1.8461538461538463,8,0.8205128205128205,0,0.0,4.852930962165667,0.5501367186377029,2,0.20512820512820512,0.0,0.0,0.0,0.8843383098363446
bayes-fix-seed43,baseline_circle,0,448,1540568860,success,47,11.75,0.5039688345089971,0,0.0,0,0.7763390879566245,13.805967458385103,15.38393460214138,9.951057012241451,35,2.978723404255319,18,1.5319148936170213,2,0.1702127659574468,24.489510513646916,2.460995900588325,18,1.5319148936170213,0.05,0.05,0.10638297872340426,0.7852693291046675
bayes-fix-seed43,baseline_circle,0,449,1540568861,success,54,13.5,0.2002817051180742,0,0.0,0,1.1574608028748943,14.164881159861883,15.911650285124779,11.016451188129293,36,2.6666666666666665,16,1.1851851851851851,2,0.14814814814814814,21.194965397710632,1.9239376670183164,10,0.7407407407407407,0.0851063829787234,0.0425531914893617,0.14814814814814814,0.7026986021247676
bayes-fix-seed43,baseline_circle,0,450,1540568862,success,43,10.75,0.1853784805983627,0,0.0,3,0.5948317903739908,14.000008532474208,15.519367903470993,9.198440280666036,30,2.7906976744186047,15,1.3953488372093024,4,0.37209302325581395,20.394467055442817,2.217165783889408,6,0.5581395348837209,0.0,0.0,0.046511627906976744,0.8569324894443795
bayes-fix-seed43,baseline_circle,0,451,1540568863,success,48,12.0,0.26724190929406477,0,0.0,0,0.9409165304723727,13.945696487401923,15.25725219398737,10.372765511002122,24,2.0,14,1.1666666666666667,2,0.16666666666666666,13.300859700851987,1.282286742792374,6,0.5,0.0,0.0,0.0,0.74237361164407
bayes-fix-seed43,baseline_circle,0,452,1540568864,success,47,11.75,0.20044805678279753,0,0.0,0,1.1055484521578949,14.062883134217973,15.578332543373106,9.111672572670422,32,2.723404255319149,14,1.1914893617021276,3,0.2553191489361702,18.018808655480427,1.9775522563800303,8,0.6808510638297872,0.0,0.0,0.02127659574468085,0.8481633666734815
bayes-fix-seed43,baseline_circle,0,453,1540568865,success,46,11.5,0.6099504365151794,0,0.0,0,1.2580268667951646,13.794238800587861,15.614772215485573,9.743200829871336,23,2.0,13,1.1304347826086956,2,0.17391304347826086,15.677198070849222,1.609039816030996,5,0.43478260869565216,0.02564102564102564,0.02564102564102564,0.06521739130434782,0.8104158763623363
bayes-fix-seed43,baseline_circle,0,454,1540568866,success,44,11.0,0.41802661218173387,0,0.0,0,1.0018806941379632,14.097043313086033,16.00747164338827,9.505039358359484,25,2.272727272727273,13,1.1818181818181819,0,0.0,13.641352761107019,1.4351705707677826,5,0.45454545454545453,0.0,0.0,0.0,0.8138775669834495
bayes-fix-seed43,baseline_circle,0,455,1540568867,success,49,12.25,0.2139754120537377,0,0.0,0,1.8533460152929273,14.377309275524956,15.71841835975647,9.280484910318194,35,2.857142857142857,20,1.6326530612244898,1,0.08163265306122448,15.646421941465807,1.6859487508104087,8,0.6530612244897959,0.0,0.0,0.061224489795918366,0.8335557073257615
bayes-fix-seed43,baseline_circle,0,456,1540568868,success,48,12.0,0.1897310999551478,0,0.0,1,0.8644377951978032,13.93173891119659,15.531455166637897,9.10650819587353,35,2.9166666666666665,15,1.25,4,0.3333333333333333,21.363751442679842,2.345987175672942,6,0.5,0.0,0.0,0.08333333333333333,0.8485765896384582
bayes-fix-seed43,baseline_circle,0,457,1540568869,success,49,12.25,0.2447432916506579,0,0.0,0,0.935471141381868,13.836155132371552,15.280409902334213,9.236716211030565,27,2.204081632653061,10,0.8163265306122449,0,0.0,9.773628229449443,1.058128019325493,5,0.40816326530612246,0.0,0.0,0.04081632653061224,0.8421276381446156
bayes-fix-seed43,baseline_circle,0,458,1540568870,success,51,12.75,0.2429774153202261,0,0.0,0,1.3865864687558078,14.177161688898124,15.525395050644875,9.882001668858285,26,2.0392156862745097,9,0.7058823529411765,3,0.23529411764705882,15.319849302152878,1.5502779513214608,5,0.39215686274509803,0.0,0.0,0.09803921568627451,0.7857404850730131
bayes-fix-seed43,baseline_circle,0,459,1540568871,success,48,12.0,0.21298485076549745,0,0.0,0,0.7177948603464883,14.18748350503544,15.446488931775093,10.064806528195087,26,2.1666666666666665,7,0.5833333333333334,4,0.3333333333333333,16.90337800238704,1.6794538429561157,5,0.4166666666666667,0.17073170731707318,0.07317073170731707,0.08333333333333333,0.7673667593332268
bayes-fix-seed43,baseline_circle,0,460,1540568872,success,46,11.5,0.24193243352469873,0,0.0,0,1.3502927493654027,13.967214152216911,15.84319956600666,9.887498370975955,22,1.9130434782608696,7,0.6086956521739131,1,0.08695652173913043,10.484876139547886,1.0604174833874553,5,0.43478260869565216,0.0,0.0,0.043478260869565216,0.7873468681829168
bayes-fix-seed43,baseline_circle,0,461,1540568873,success,47,11.75,0.2239291046743267,0,0.0,0,1.535273848957161,14.148591680729643,16.443685069680214,9.419845254826688,29,2.4680851063829787,8,0.6808510638297872,1,0.0851063829787234,13.184740079139546,1.3996769291282936,5,0.425531914893617,0.0,0.0,0.0851063829787234,0.8319970923496687
bayes-fix-seed43,baseline_circle,0,462,1540568874,success,48,12.0,0.3740417443441256,0,0.0,0,1.5782306507689299,13.984390068799257,15.111123770475388,10.505061161000352,25,2.0833333333333335,12,1.0,2,0.16666666666666666,18.0880051344265,1.721837203725909,4,0.3333333333333333,0.0,0.0,0.0625,0.7357873441662549
bayes-fix-seed43,baseline_circle,0,463,1540568875,success,40,10.0,0.3882931537248355,0,0.0,0,1.217025151714364,13.888671901077032,15.845353715121746,9.20630327015376,14,1.4,4,0.4,0,0.0,7.3921934225798225,0.8029491540371948,1,0.1,0.0,0.0,0.025,0.8504160474635933
bayes-fix-seed43,baseline_circle,0,464,1540568876,success,68,17.0,0.23290367532045053,0,0.0,0,1.9685316885258766,14.454111456871033,15.761362574994564,14.88285973383042,32,1.8823529411764706,17,1.0,6,0.35294117647058826,27.35587909025258,1.8380794806571734,8,0.47058823529411764,0.19672131147540983,0.03278688524590164,0.23529411764705882,0.5205607324261193
bayes-fix-seed43,baseline_circle,0,465,1540568877,success,41,10.25,0.538636649343666,0,0.0,0,2.4414529523621686,14.318549687542566,15.501908957958221,9.03530577575063,13,1.2682926829268293,5,0.4878048780487805,1,0.0975609756097561,4.83126096711637,0.5347091827354346,2,0.1951219512195122,0.0,0.0,0.0,0.8687925951186128
bayes-fix-seed43,baseline_circle,0,466,1540568878,success,44,11.0,0.21051112461646992,0,0.0,0,0.9956555308605245,14.076635580171239,15.527958795428276,8.289800656375867,24,2.1818181818181817,9,0.8181818181818182,1,0.09090909090909091,9.11749070963665,1.0998443855974014,3,0.2727272727272727,0.0,0.0,0.022727272727272728,0.9299290807730157
bayes-fix-seed43,baseline_circle,0,467,1540568879,success,44,11.0,0.45532279711627066,0,0.0,0,1.1670068686326514,13.877422718161887,15.466544032096863,10.017943598780954,18,1.6363636363636365,5,0.45454545454545453,0,0.0,8.246069268020461,0.823129935471377,2,0.18181818181818182,0.10810810810810811,0.0,0.09090909090909091,0.772204296004544
bayes-fix-seed43,baseline_circle,0,468,1540568880,success,51,12.75,0.16973339855884573,0,0.0,3,0.8435217452968641,14.088761718834148,15.31205140054226,9.300144788123346,37,2.9019607843137254,20,1.5686274509803921,3,0.23529411764705882,24.859583176206783,2.6730318444024075,13,1.0196078431372548,0.0,0.0,0.0196078431372549,0.8287124295374593
bayes-fix-seed43,baseline_circle,0,469,1540568881,success,55,13.75,0.28909216176730923,0,0.0,0,0.9667235367581991,14.245315234769475,15.596230328083038,10.299078102038523,35,2.5454545454545454,13,0.9454545454545454,4,0.2909090909090909,21.995760981210907,2.135701930142391,5,0.36363636363636365,0.0,0.0,0.10909090909090909,0.7515673442304797
bayes-fix-seed43,baseline_circle,0,470,1540568882,success,44,11.0,0.21820656803990823,0,0.0,0,0.4337095576215492,14.412993988530202,16.167299821972847,8.600720564201785,29,2.6363636363636362,13,1.1818181818181819,2,0.18181818181818182,12.767276968401394,1.4844427130375324,6,0.5454545454545454,0.0,0.0,0.022727272727272728,0.8986287523585197
bayes-fix-seed43,baseline_circle,0,471,1540568883,success,41,10.25,0.2701382184818104,0,0.0,0,0.7822095943319494,13.909724790875504,15.57161659002304,9.29552033754759,22,2.1463414634146343,9,0.8780487804878049,1,0.0975609756097561,7.706583793611561,0.8290642711502868,3,0.2926829268292683,0.0,0.0,0.0,0.8387107354579378
bayes-fix-seed43,baseline_circle,0,472,1540568884,success,49,12.25,0.1653804889360706,0,0.0,1,1.160088389628255,14.191878541391723,15.607638657093048,10.541576433348208,25,2.0408163265306123,7,0.5714285714285714,1,0.08163265306122448,10.730107684386972,1.0178845405363042,4,0.32653061224489793,0.07142857142857142,0.023809523809523808,0.10204081632653061,0.744941760757398
bayes-fix-seed43,baseline_circle,0,473,1540568885,success,45,11.25,0.1830020313173547,0,0.0,2,0.5887742944999024,13.738743795288933,15.76199159026146,9.320546208861561,25,2.2222222222222223,10,0.8888888888888888,1,0.08888888888888889,11.687929442421256,1.2539961908357786,6,0.5333333333333333,0.0,0.0,0.044444444444444446,0.8411180264180629
bayes-fix-seed43,baseline_circle,0,474,1540568886,success,51,12.75,0.17014198866023433,0,0.0,2,0.5773719805586622,14.281331835424199,15.434885397553444,9.5611720540965,38,2.980392156862745,19,1.4901960784313726,3,0.23529411764705882,22.972038333661988,2.40263831711088,8,0.6274509803921569,0.0,0.0,0.0196078431372549,0.8218092795549519
bayes-fix-seed43,baseline_circle,0,475,1540568887,success,45,11.25,0.21800598711081287,0,0.0,0,0.9983766948665314,13.460519909858704,15.360990166664124,9.330072001213955,29,2.577777777777778,15,1.3333333333333333,2,0.17777777777777778,20.0831044214225,2.1525133373900487,8,0.7111111111111111,0.0,0.0,0.06666666666666667,0.8303918994884333
bayes-fix-seed43,baseline_circle,0,476,1540568888,success,46,11.5,0.1837950911221795,0,0.0,1,0.8962772688724177,14.078110861389533,15.850173309445381,9.173590251044573,28,2.4347826086956523,10,0.8695652173913043,1,0.08695652173913043,13.305266398794348,1.4503881288222256,7,0.6086956521739131,0.0,0.0,0.021739130434782608,0.8476051764491915
bayes-fix-seed43,baseline_circle,0,477,1540568889,success,48,12.0,0.2447974823628556,0,0.0,0,1.051824205086432,13.755503110587597,15.814128518104553,9.864657286063514,26,2.1666666666666665,10,0.8333333333333334,3,0.25,16.2559336954321,1.6478964472894548,5,0.4166666666666667,0.0,0.0,0.020833333333333332,0.7881921478110622
bayes-fix-seed43,baseline_circle,0,478,1540568890,success,43,10.75,0.20749700248492353,0,0.0,0,0.7629592338801439,13.921274868554848,15.50002358853817,8.691900388233723,24,2.2325581395348837,10,0.9302325581395349,1,0.09302325581395349,7.579757325677905,0.8720483423784593,6,0.5581395348837209,0.0,0.0,0.023255813953488372,0.898556810875829
bayes-fix-seed43,baseline_circle,0,479,1540568891,success,46,11.5,0.23354619816001287,0,0.0,0,0.904367494716467,13.951005981020305,15.676403418183327,10.056920988508942,19,1.6521739130434783,5,0.43478260869565216,1,0.08695652173913043,9.483654103112508,0.942997773766797,4,0.34782608695652173,0.10256410256410256,0.0,0.13043478260869565,0.7780460717429468
bayes-fix-seed43,baseline_circle,0,480,1540568892,success,44,11.0,0.19568356661736186,0,0.0,1,2.468552181678442,13.982824557884173,15.89316688477993,8.743839557277132,29,2.6363636363636362,11,1.0,1,0.09090909090909091,9.041075929655086,1.0339938044872492,4,0.36363636363636365,0.0,0.0,0.022727272727272728,0.8815121258331294
bayes-fix-seed43,baseline_circle,0,481,1540568893,success,42,10.5,0.2534619493503385,0,0.0,0,0.7249903401313943,14.166250204046568,15.882849320769308,9.351133016311312,24,2.2857142857142856,12,1.1428571428571428,3,0.2857142857142857,11.679066367388572,1.248946662080051,5,0.47619047619047616,0.0,0.0,0.09523809523809523,0.830290608305429
bayes-fix-seed43,baseline_circle,0,482,1540568894,success,51,12.75,0.24410681031664772,0,0.0,0,0.8783906755971079,13.79393895759302,15.444260090589523,9.705330574745267,35,2.7450980392156863,12,0.9411764705882353,3,0.23529411764705882,18.283085867348063,1.8838189721145007,7,0.5490196078431373,0.0,0.0,0.0784313725490196,0.7974765920281434
bayes-fix-seed43,baseline_circle,0,483,1540568895,success,47,11.75,0.49125564938635924,0,0.0,0,1.161954225695892,13.847345050345076,15.401944145560265,10.564755123850656,26,2.2127659574468086,9,0.7659574468085106,2,0.1702127659574468,11.654885597739078,1.1031855884124921,2,0.1702127659574468,0.075,0.025,0.0851063829787234,0.741614773797383
bayes-fix-seed43,baseline_circle,0,484,1540568896,success,46,11.5,0.13308468746880364,0,0.0,5,0.37404800178708064,13.810219081199687,15.065626241266727,9.239760552138366,31,2.6956521739130435,17,1.4782608695652173,2,0.17391304347826086,18.78526529227441,2.0330900553398994,12,1.0434782608695652,0.0,0.0,0.06521739130434782,0.8429254296152551
bayes-fix-seed43,baseline_circle,0,485,1540568897,success,42,10.5,0.2519085230854088,0,0.0,0,1.13648880620494,13.702783999698502,15.243840776383877,9.445862157574432,17,1.619047619047619,8,0.7619047619047619,0,0.0,7.816591494147454,0.8275148804579473,2,0.19047619047619047,0.0,0.0,0.0,0.8205808304192951
bayes-fix-seed43,baseline_circle,0,486,1540568898,success,43,10.75,0.443328483210372,0,0.0,0,0.9620726323901073,13.627266987811687,15.201204642653465,9.192690551936465,24,2.2325581395348837,10,0.9302325581395349,1,0.09302325581395349,13.097831135360963,1.424809315766848,3,0.27906976744186046,0.0,0.0,0.06976744186046512,0.8379117070976868
bayes-fix-seed43,baseline_circle,0,487,1540568899,success,48,12.0,0.1598866735605946,0,0.0,4,0.6734278834125886,13.759808925290903,15.25959949940443,9.390388275069888,32,2.6666666666666665,16,1.3333333333333333,1,0.08333333333333333,14.666918168248916,1.5619075312559167,5,0.4166666666666667,0.0,0.0,0.020833333333333332,0.8356380951027246
bayes-fix-seed43,baseline_circle,0,488,1540568900,success,41,10.25,0.5797968280001423,0,0.0,0,1.4995493706989786,13.719264508747473,15.775922685861588,8.977916386961589,15,1.4634146341463414,8,0.7804878048780488,0,0.0,4.977200303547631,0.5543825637289181,3,0.2926829268292683,0.0,0.0,0.0,0.876096365088114
bayes-fix-seed43,baseline_circle,0,489,1540568901,success,48,12.0,0.5067526112545347,0,0.0,0,3.0937082274514167,13.886847145234546,15.76208882033825,10.251430375394497,20,1.6666666666666667,9,0.75,0,0.0,7.302889648969546,0.7123776274672806,1,0.08333333333333333,0.024390243902439025,0.0,0.041666666666666664,0.7574690885399067
bayes-fix-seed43,baseline_circle,0,490,1540568902,success,52,13.0,0.2623955677548896,0,0.0,0,0.8635703571837576,14.411088007573898,17.069203034043312,10.61316109499485,29,2.230769230769231,13,1.0,5,0.38461538461538464,18.949936111245385,1.7855129062520447,3,0.23076923076923078,0.022222222222222223,0.022222222222222223,0.09615384615384616,0.7281919950499469
bayes-fix-seed43,baseline_circle,0,491,1540568903,success,46,11.5,0.22125192008448724,0,0.0,0,1.0253180795360315,14.289899364761684,15.794949606060982,9.179196126244042,29,2.5217391304347827,15,1.3043478260869565,3,0.2608695652173913,18.89316542875983,2.058259260279099,3,0.2608695652173913,0.0,0.0,0.043478260869565216,0.8445630144742011
bayes-fix-seed43,baseline_circle,0,492,1540568904,success,50,12.5,0.25882356858933087,0,0.0,0,1.2900448416648496,14.300511702895164,17.24673006683588,10.737263651372146,27,2.16,10,0.8,0,0.0,11.249081138407645,1.0476674042524878,1,0.08,0.023255813953488372,0.023255813953488372,0.06,0.7292281076844817
bayes-fix-seed43,baseline_circle,0,493,1540568905,success,40,10.0,0.2882807828279207,0,0.0,0,1.015596742028982,13.568360358476639,15.423254109919071,8.976544008519653,16,1.6,9,0.9,1,0.1,7.902044536392802,0.8802992029998359,4,0.4,0.0,0.0,0.0,0.8589872611764645
bayes-fix-seed43,baseline_circle,0,494,1540568906,success,49,12.25,0.25208607477211664,0,0.0,0,0.8227421469896945,13.854029987539564,16.1012202501297,8.864343867387301,37,3.020408163265306,13,1.0612244897959184,1,0.08163265306122448,17.117463239523786,1.9310468429028838,5,0.40816326530612246,0.0,0.0,0.02040816326530612,0.8697050135770564
bayes-fix-seed43,baseline_circle,0,495,1540568907,success,42,10.5,0.21235899687004667,0,0.0,0,0.9840060048160643,13.924844119520415,14.8700887337327,9.57750813384352,19,1.8095238095238095,7,0.6666666666666666,0,0.0,8.573107696799134,0.8951292525145251,5,0.47619047619047616,0.0,0.0,0.0,0.8247609178971467
bayes-fix-seed43,baseline_circle,0,496,1540568908,success,54,13.5,0.22030036418375398,0,0.0,0,0.8594259116296828,14.165625666026715,15.321806631982327,11.042205960215213,30,2.2222222222222223,13,0.9629629629629629,5,0.37037037037037035,23.696471546801146,2.145990722522196,5,0.37037037037037035,0.0851063829787234,0.0,0.14814814814814814,0.6984467282964638
bayes-fix-seed43,baseline_circle,0,497,1540568909,success,43,10.75,0.23328520702499023,0,0.0,0,0.4787637030463211,13.614485516797664,15.531358495354652,8.52774659779639,32,2.9767441860465116,17,1.5813953488372092,2,0.18604651162790697,14.16885857628786,1.6615008916832916,6,0.5581395348837209,0.0,0.0,0.023255813953488372,0.9130853805417054
bayes-fix-seed43,baseline_circle,0,498,1540568910,success,44,11.0,0.1856372389960219,0,0.0,2,0.4374698634952967,13.788292269137772,15.45699704438448,8.891043047373625,32,2.909090909090909,11,1.0,0,0.0,10.423598934019264,1.172370764428854,6,0.5454545454545454,0.0,0.0,0.0,0.8773827673584513
bayes-fix-seed43,baseline_circle,0,499,1540568911,success,48,12.0,0.26080040033342733,0,0.0,0,1.392888572054068,13.687901586915055,15.438027307391167,10.037176556398613,25,2.0833333333333335,10,0.8333333333333334,1,0.08333333333333333,14.537851880910788,1.4484005336782717,11,0.9166666666666666,0.0,0.0,0.0625,0.7708731881525398
bayes-fix-seed43,baseline_square,1,0,1541568415,success,48,12.0,0.2012520468232274,0,0.0,0,0.6929001523822773,14.208516106009483,15.900243073701859,10.098215929177126,26,2.1666666666666665,9,0.75,3,0.25,16.52370239654994,1.6362991752639624,4,0.3333333333333333,0.0,0.0,0.020833333333333332,0.766823216864613
bayes-fix-seed43,baseline_square,1,1,1541568416,success,64,16.0,0.19795269435894003,0,0.0,1,1.1976209349356541,14.341151982080191,16.083240695297718,12.55581192301845,39,2.4375,14,0.875,2,0.125,19.051751611297654,1.517365163488174,6,0.375,0.12280701754385964,0.017543859649122806,0.171875,0.616858801498574
bayes-fix-seed43,baseline_square,1,2,1541568417,success,66,16.5,0.26041845942563213,0,0.0,0,0.926108034996877,14.474873515692623,16.413585282862186,12.358999250776355,45,2.727272727272727,27,1.6363636363636365,4,0.24242424242424243,25.82498078488342,2.0895689255148366,8,0.48484848484848486,0.13559322033898305,0.11864406779661017,0.18181818181818182,0.6276626817025868
bayes-fix-seed43,baseline_square,1,3,1541568418,success,58,14.5,0.19792586783784138,0,0.0,1,0.7131181000489613,14.141092333814193,15.715908631682396,11.558622694445052,40,2.7586206896551726,16,1.103448275862069,2,0.13793103448275862,22.051896830587438,1.907830838806196,7,0.4827586206896552,0.13725490196078433,0.058823529411764705,0.15517241379310345,0.6662266095322533
bayes-fix-seed43,baseline_square,1,4,1541568419,timeout,101,25.25,0.1931995867289482,0,0.0,1,0.8461801863365909,14.712750948596709,16.230624169111252,8.636563248722004,87,3.4455445544554455,62,2.4554455445544554,47,1.8613861386138615,156.90224738910885,18.167208746178808,49,1.9405940594059405,0.5531914893617021,0.5425531914893617,0.2871287128712871,0.48900260484118085
bayes-fix-seed43,baseline_square,1,5,1541568420,success,61,15.25,0.20841864329292104,0,0.0,0,0.5734559047693003,14.711288338313338,16.182463616132736,12.092943458389415,44,2.8852459016393444,21,1.3770491803278688,1,0.06557377049180328,20.698365376767857,1.7116068927295345,3,0.19672131147540983,0.05555555555555555,0.0,0.09836065573770492,0.6445618887947051
bayes-fix-seed43,baseline_square,1,6,1541568421,success,56,14.0,0.2024471159487029,0,0.0,0,0.8281024464610941,14.069778445575919,15.431716106832027,11.591960040345613,40,2.857142857142857,20,1.4285714285714286,2,0.14285714285714285,21.800576922817935,1.8806635674158132,11,0.7857142857142857,0.061224489795918366,0.061224489795918366,0.10714285714285714,0.6702262570489136
bayes-fix-seed43,baseline_square,1,7,1541568422,success,69,17.25,0.17507255903378127,0,0.0,1,1.4973269011800845,14.437890301148096,15.76625034213066,14.129339721210284,43,2.4927536231884058,20,1.1594202898550725,8,0.463768115942029,33.39145636046961,2.363270826473509,12,0.6956521739130435,0.25806451612903225,0.11290322580645161,0.2463768115942029,0.5501083072368259
bayes-fix-seed43,baseline_square,1,8,1541568423,success,46,11.5,0.22536807914330248,0,0.0,0,0.8489128474265241,14.029786071699599,15.945984981954098,10.2908214262373,21,1.826086956521739,9,0.782608695652174,4,0.34782608695652173,15.49986273776561,1.5061832380306812,6,0.5217391304347826,0.10256410256410256,0.10256410256410256,0.043478260869565216,0.7576278276679635
bayes-fix-seed43,baseline_square,1,9,1541568424,success,76,19.0,0.12850459359565491,0,0.0,1,0.6956756453752696,14.731137523133503,16.053146682679653,12.746534071851382,52,2.736842105263158,26,1.368421052631579,13,0.6842105263157895,44.30995813668229,3.47623580550681,12,0.631578947368421,0.14492753623188406,0.07246376811594203,0.18421052631578946,0.6060423680511812
bayes-fix-seed43,baseline_square,1,10,1541568425,success,52,13.0,0.1588670288855314,0,0.0,2,0.8287621681938764,13.957255018445162,15.42865838855505,10.29478799883758,34,2.6153846153846154,15,1.1538461538461537,3,0.23076923076923078,21.30360452691614,2.06935825481026,11,0.8461538461538461,0.15555555555555556,0.15555555555555556,0.11538461538461539,0.7500922578336083
bayes-fix-seed43,baseline_square,1,11,1541568426,success,59,14.75,0.18497264754921594,0,0.0,3,1.2191425769147286,14.140641411482278,15.72745107114315,11.58538781148753,41,2.7796610169491527,22,1.4915254237288136,4,0.2711864406779661,22.287646070593578,1.923772119953912,5,0.3389830508474576,0.15384615384615385,0.11538461538461539,0.1864406779661017,0.6684394358893893
bayes-fix-seed43,baseline_square,1,12,1541568427,success,64,16.0,0.24719604592456768,0,0.0,0,0.9993232828938972,14.2967703868635,16.384777799248695,12.29602120701104,40,2.5,20,1.25,5,0.3125,28.625953231149417,2.3280663516444857,4,0.25,0.10526315789473684,0.05263157894736842,0.171875,0.6315704600318971
bayes-fix-seed43,baseline_square,1,13,1541568428,timeout,101,25.25,0.03581112389731289,0,0.0,5,1.3765717966378765,14.3483964228394,15.71505144238472,20.64525225477125,57,2.257425742574257,21,0.8316831683168316,5,0.19801980198019803,35.613049276713255,1.7249994738370344,8,0.31683168316831684,0.44680851063829785,0.1595744680851064,0.36633663366336633,0.1405101282949191
bayes-fix-seed43,baseline_square,1,14,1541568429,success,61,15.25,0.15581816867927278,0,0.0,2,0.7780634870824374,14.52741448263653,16.13135263323784,12.516334096324114,38,2.4918032786885247,15,0.9836065573770492,1,0.06557377049180328,18.946562809835537,1.5137469696817936,6,0.39344262295081966,0.18518518518518517,0.16666666666666666,0.13114754098360656,0.6281188535647276
bayes-fix-seed43,baseline_square,1,15,1541568430,success,56,14.0,0.31742236289128034,0,0.0,0,1.6311382116618145,14.338490819292408,15.899558551609516,13.123419162612088,30,2.142857142857143,15,1.0714285714285714,1,0.07142857142857142,15.951539824112075,1.2155018159868847,3,0.21428571428571427,0.1836734693877551,0.12244897959183673,0.14285714285714285,0.5886532077810351
bayes-fix-seed43,baseline_square,1,16,1541568431,success,69,17.25,0.24548384594768935,0,0.0,0,1.424078026421944,14.234096081792444,15.863183885812758,12.412946141140571,39,2.260869565217391,16,0.927536231884058,3,0.17391304347826086,26.13186782398369,2.1052107635732114,10,0.5797101449275363,0.1935483870967742,0.06451612903225806,0.17391304347826086,0.6249562756117485
bayes-fix-seed43,baseline_square,1,17,1541568432,success,70,17.5,0.1976794158727858,0,0.0,1,0.5589816831508262,14.559829288295337,16.438529826700687,11.42422086330688,56,3.2,19,1.0857142857142856,8,0.45714285714285713,38.760407176980976,3.3928271906467065,8,0.45714285714285713,0.1746031746031746,0.047619047619047616,0.15714285714285714,0.6797117031256005
bayes-fix-seed43,baseline_square,1,18,1541568433,success,40,10.0,0.16783980399447473,0,0.0,1,0.8937958347118586,13.677847292274237,15.698113851249218,9.079998904478249,21,2.1,9,0.9,0,0.0,8.582222375209408,0.9451787897217325,3,0.3,0.0,0.0,0.025,0.8513470255021831
bayes-fix-seed43,baseline_square,1,19,1541568434,success,47,11.75,0.21097045855032737,0,0.0,0,0.8411834252193968,14.262414993123805,15.727190300822258,9.742454444742108,33,2.8085106382978724,14,1.1914893617021276,5,0.425531914893617,24.35646333696177,2.5000335875428883,7,0.5957446808510638,0.1,0.075,0.1276595744680851,0.798078947823595
bayes-fix-seed43,baseline_square,1,20,1541568435,timeout,101,25.25,0.1924507503405518,0,0.0,2,0.7999969427218293,14.368058173078122,15.563074499368668,11.14702785907602,89,3.5247524752475248,47,1.8613861386138615,29,1.1485148514851484,95.11136668164606,8.532441820732101,31,1.2277227722772277,0.3617021276595745,0.3191489361702128,0.25742574257425743,0.379210035367822
bayes-fix-seed43,baseline_square,1,21,1541568436,success,61,15.25,0.35588089692035674,0,0.0,0,1.0658039969749011,13.895559139916154,15.107903629541397,12.034279016679674,46,3.0163934426229506,21,1.3770491803278688,4,0.26229508196721313,27.724502595009582,2.303794232839628,15,0.9836065573770492,0.1111111111111111,0.037037037037037035,0.13114754098360656,0.6481712155915633
bayes-fix-seed43,baseline_square,1,22,1541568437,success,62,15.5,0.5500208486104278,0,0.0,0,1.321071240688998,14.149383791992742,15.55705163627863,13.381025896776528,32,2.064516129032258,13,0.8387096774193549,1,0.06451612903225806,20.262268104978034,1.5142537097891118,6,0.3870967741935484,0.10909090909090909,0.07272727272727272,0.14516129032258066,0.5812370111474341
bayes-fix-seed43,baseline_square,1,23,1541568438,success,46,11.5,0.1897901758274121,0,0.0,1,0.787883678646078,13.817696548674418,15.74760116636753,9.666036207821259,28,2.4347826086956523,14,1.2173913043478262,3,0.2608695652173913,14.312324012385798,1.4806818125515608,4,0.34782608695652173,0.10256410256410256,0.10256410256410256,0.08695652173913043,0.7987861604543465
bayes-fix-seed43,baseline_square,1,24,1541568439,success,42,10.5,0.21363592758257943,0,0.0,0,1.38702671163672,13.614281302406674,15.103692561388016,8.811837915703117,27,2.5714285714285716,12,1.1428571428571428,0,0.0,10.309202197637205,1.1699264439789243,9,0.8571428571428571,0.0,0.0,0.023809523809523808,0.8769618307604663
bayes-fix-seed43,baseline_square,1,25,1541568440,success,51,12.75,0.25726874014931556,0,0.0,0,1.204428900663826,14.150269986952052,15.814607962965965,9.504652842261441,32,2.5098039215686274,17,1.3333333333333333,3,0.23529411764705882,16.77980457528799,1.7654305584606258,6,0.47058823529411764,0.0,0.0,0.058823529411764705,0.8152088631733154
bayes-fix-seed43,baseline_square,1,26,1541568441,timeout,101,25.25,0.23951057499869344,0,0.0,0,0.7998021221697096,14.679495503406713,16.362611204385757,13.931601952013436,94,3.722772277227723,50,1.9801980198019802,72,2.8514851485148514,222.4559306582509,15.967720828120626,67,2.6534653465346536,0.7978723404255319,0.7978723404255319,0.16831683168316833,0.02614828236995571
bayes-fix-seed43,baseline_square,1,27,1541568442,success,86,21.5,0.10169666971693381,0,0.0,4,0.6946150633083169,14.454566202191419,15.783253125846386,15.429641714288234,69,3.2093023255813953,39,1.813953488372093,22,1.0232558139534884,73.12444276203139,4.739218454717347,23,1.069767441860465,0.1518987341772152,0.0759493670886076,0.23255813953488372,0.5041644976794786
bayes-fix-seed43,baseline_square,1,28,1541568443,success,53,13.25,0.02582608489488447,0,0.0,4,1.2328360994268763,13.850834290936309,15.676246583461761,11.706625611189255,22,1.6603773584905661,8,0.6037735849056604,2,0.1509433962264151,12.675090279562273,1.082727909863911,3,0.22641509433962265,0.2608695652173913,0.08695652173913043,0.16981132075471697,0.6635710396615365
bayes-fix-seed43,baseline_square,1,29,1541568444,success,47,11.75,0.16924898926292875,0,0.0,4,0.6804536497633458,13.63588845793237,16.116656363010406,10.293009332199206,26,2.2127659574468086,10,0.851063829787234,1,0.0851063829787234,13.851761326949998,1.3457445611768843,5,0.425531914893617,0.0,0.0,0.10638297872340426,0.7524913290738932
bayes-fix-seed43,baseline_square,1,30,1541568445,success,50,12.5,0.20099258738118886,0,0.0,0,0.8061924384952306,14.22772467136383,15.976015850901604,9.652948980617827,30,2.4,11,0.88,6,0.48,27.108322306553774,2.8082943731480006,7,0.56,0.09302325581395349,0.0,0.18,0.7994450552510717
bayes-fix-seed43,baseline_square,1,31,1541568446,success,52,13.0,0.2707423723883804,0,0.0,0,0.5668727422584737,14.07729691037765,15.92130847275257,9.832683760249466,42,3.230769230769231,17,1.3076923076923077,4,0.3076923076923077,23.371116111943216,2.376880685050148,11,0.8461538461538461,0.022222222222222223,0.022222222222222223,0.09615384615384616,0.784291322289344
bayes-fix-seed43,baseline_square,1,32,1541568447,success,56,14.0,0.18478976189890894,0,0.0,1,0.6156118858974782,14.178352230893713,15.765142627060413,10.319787745499063,35,2.5,11,0.7857142857142857,9,0.6428571428571429,33.54176107536559,3.250237495436348,8,0.5714285714285714,0.20408163265306123,0.12244897959183673,0.19642857142857142,0.7556265698964661
bayes-fix-seed43,baseline_square,1,33,1541568448,timeout,101,25.25,0.21557072663164378,0,0.0,0,0.8798367919212166,14.337773407154744,15.771809965372086,14.384593705460015,96,3.801980198019802,64,2.5346534653465347,65,2.5742574257425743,206.1793145830414,14.333342936532238,67,2.6534653465346536,0.776595744680851,0.7340425531914894,0.46534653465346537,0.0
bayes-fix-seed43,baseline_square,1,34,1541568449,success,52,13.0,0.4956452570151323,0,0.0,0,1.2950564766775512,14.129185690902746,16.11135359853506,10.483903991881215,27,2.076923076923077,9,0.6923076923076923,1,0.07692307692307693,10.078060028827174,0.9612888516178393,3,0.23076923076923078,0.0,0.0,0.0,0.7479911544097542
bayes-fix-seed43,baseline_square,1,35,1541568450,collision,19,4.75,-0.13107366860791436,1,0.25,7,0.22114898506753175,12.42825232054058,13.883798196911812,3.090234992154233,16,3.3684210526315788,7,1.4736842105263157,4,0.8421052631578947,15.974659953110155,5.169399736158597,4,0.8421052631578947,0.25,0.25,0.3157894736842105,0.37696965612886957
bayes-fix-seed43,baseline_square,1,36,1541568451,timeout,101,25.25,0.21253590138162848,0,0.0,0,0.38569438085174834,14.146753393187382,15.515703707933426,14.90932318140622,90,3.5643564356435644,75,2.9702970297029703,75,2.9702970297029703,222.82931325555887,14.945635730363316,74,2.9306930693069306,0.6595744680851063,0.5957446808510638,0.37623762376237624,0.14355087538606062
bayes-fix-seed43,baseline_square,1,37,1541568452,success,65,16.25,0.18754570738024057,0,0.0,1,0.7395511847957806,14.475068793847012,15.832701325416565,11.627511131019805,51,3.1384615384615384,28,1.7230769230769232,6,0.36923076923076925,31.633138187788216,2.720542498849777,3,0.18461538461538463,0.13793103448275862,0.13793103448275862,0.12307692307692308,0.6703625567910974
bayes-fix-seed43,baseline_square,1,38,1541568453,success,51,12.75,0.19180569984597673,0,0.0,1,0.6975081604736237,14.256455515529595,16.09187200665474,9.160729601339089,39,3.0588235294117645,18,1.411764705882353,5,0.39215686274509803,23.195649122521935,2.5320744233222716,11,0.8627450980392157,0.0,0.0,0.058823529411764705,0.8479495023229981
bayes-fix-seed43,baseline_square,1,39,1541568454,success,67,16.75,0.4366605041945809,0,0.0,0,0.9857579878843207,14.156265768097407,16.20470881462097,10.163656167126378,49,2.925373134328358,25,1.492537313432836,16,0.9552238805970149,50.324164510230354,4.951383998309612,5,0.29850746268656714,0.03333333333333333,0.03333333333333333,0.13432835820895522,0.7613132360192516
bayes-fix-seed43,baseline_square,1,40,1541568455,timeout,101,25.25,0.23434850958486775,0,0.0,0,1.2714749268314607,14.424860145490948,15.79994335770607,10.938347388262807,94,3.722772277227723,48,1.900990099009901,41,1.6237623762376239,136.57869410751107,12.486227513130943,21,0.8316831683168316,0.7659574468085106,0.6808510638297872,0.44554455445544555,0.0
bayes-fix-seed43,baseline_square,1,41,1541568456,success,41,10.25,0.23445580500523622,0,0.0,0,0.7494821506052914,13.85859381861803,15.549596399068832,8.552834079009205,25,2.4390243902439024,8,0.7804878048780488,1,0.0975609756097561,9.337065195801465,1.0916925441961933,3,0.2926829268292683,0.0,0.0,0.024390243902439025,0.9223498085790779
bayes-fix-seed43,baseline_square,1,42,1541568457,success,65,16.25,0.13952684468711074,0,0.0,4,1.1288907061871736,16.370018514303062,16.43102541565895,13.166356606812743,44,2.707692307692308,19,1.1692307692307693,4,0.24615384615384617,23.260942421382154,1.7666954584342727,8,0.49230769230769234,0.1896551724137931,0.034482758620689655,0.16923076923076924,0.5868380445190846
bayes-fix-seed43,baseline_square,1,43,1541568458,success,60,15.0,0.23084218400275724,0,0.0,0,1.4782690680989774,14.218807655076185,15.63592329621315,10.694925322399383,51,3.4,30,2.0,12,0.8,47.21241395337013,4.4144687812348495,15,1.0,0.0,0.0,0.11666666666666667,0.7201784032076411
bayes-fix-seed43,baseline_square,1,44,1541568459,success,36,9.0,0.3822174718570962,0,0.0,0,1.1330652739637017,14.180846512317657,16.04793220758438,8.75281303826253,12,1.3333333333333333,6,0.6666666666666666,0,0.0,4.576485259421003,0.522858792872086,1,0.1111111111111111,0.0,0.0,0.0,0.8899399367026278
bayes-fix-seed43,baseline_square,1,45,1541568460,success,44,11.0,0.20432041609771767,0,0.0,0,0.9172652143231758,13.962848873978311,15.338452719151974,9.96728827386774,22,2.0,6,0.5454545454545454,0,0.0,9.926148844680881,0.9958725554978961,2,0.18181818181818182,0.0,0.0,0.06818181818181818,0.7778682128005413
bayes-fix-seed43,baseline_square,1,46,1541568461,success,54,13.5,0.42089492507492554,0,0.0,0,1.1127453372142062,14.387049746734125,16.233867965638638,12.093628170232847,25,1.8518518518518519,7,0.5185185185185185,1,0.07407407407407407,11.098311236206431,0.9176990626786194,4,0.2962962962962963,0.2127659574468085,0.0851063829787234,0.18518518518518517,0.6407560551120466
bayes-fix-seed43,baseline_square,1,47,1541568462,success,53,13.25,0.3785028049175253,0,0.0,0,1.5228317436193108,14.380650137955287,16.421455144882202,10.871472271327416,31,2.339622641509434,17,1.2830188679245282,2,0.1509433962264151,21.421618248102725,1.9704431666169466,8,0.6037735849056604,0.10869565217391304,0.08695652173913043,0.11320754716981132,0.7138785162733381
bayes-fix-seed43,baseline_square,1,48,1541568463,success,51,12.75,0.13002019391940622,0,0.0,4,0.753442279122388,14.236138074421415,15.814581885933876,11.438072235255222,22,1.7254901960784315,11,0.8627450980392157,0,0.0,14.304307955260168,1.2505873071137315,4,0.3137254901960784,0.09090909090909091,0.045454545454545456,0.11764705882352941,0.6823935750543666
bayes-fix-seed43,baseline_square,1,49,1541568464,timeout,101,25.25,0.16819256230295176,0,0.0,2,0.9969049460017902,14.800115055081868,16.481801867485046,15.250203204724903,85,3.366336633663366,43,1.702970297029703,57,2.257425742574257,192.54487236297967,12.62572503318017,60,2.376237623762376,0.5638297872340425,0.5531914893617021,0.33663366336633666,0.4515693726891078
bayes-fix-seed43,baseline_square,1,50,1541568465,timeout,101,25.25,0.17963806531655535,0,0.0,2,0.621745602524955,14.754289558323302,16.20270684361458,14.121926010984083,89,3.5247524752475248,45,1.7821782178217822,64,2.5346534653465347,206.46805722221626,14.620389390344114,4,0.15841584158415842,0.6170212765957447,0.3829787234042553,0.3465346534653465,0.4341144767712054
bayes-fix-seed43,baseline_square,1,51,1541568466,success,58,14.5,0.19004635746612608,0,0.0,2,0.6120232790463352,14.419913099243724,16.851413622498512,10.81925409764768,46,3.1724137931034484,16,1.103448275862069,2,0.13793103448275862,25.97040636865349,2.4003878764895603,9,0.6206896551724138,0.0784313725490196,0.0392156862745098,0.08620689655172414,0.7196952538743712
bayes-fix-seed43,baseline_square,1,52,1541568467,success,50,12.5,0.17899757876621814,0,0.0,2,0.6719876803448861,13.967313691973686,15.403778105974197,10.302640546704028,26,2.08,12,0.96,2,0.16,11.832280784686183,1.1484706984629791,3,0.24,0.0,0.0,0.06,0.7504726500208453
bayes-fix-seed43,baseline_square,1,53,1541568468,success,55,13.75,0.22113960471549465,0,0.0,0,1.042773306374916,14.543193578720093,16.25402309000492,10.536234246324234,36,2.618181818181818,16,1.1636363636363636,5,0.36363636363636365,22.426747480136292,2.128535390902142,8,0.5818181818181818,0.041666666666666664,0.041666666666666664,0.14545454545454545,0.733757694991353
bayes-fix-seed43,baseline_square,1,54,1541568469,success,63,15.75,0.2099557220175544,0,0.0,0,0.7184822575338531,14.743591998777692,16.445844247937202,13.067892106535691,44,2.7936507936507935,25,1.5873015873015872,4,0.25396825396825395,31.642193916265107,2.421369388291765,5,0.31746031746031744,0.125,0.07142857142857142,0.15873015873015872,0.5931406982615848
bayes-fix-seed43,baseline_square,1,55,1541568470,success,80,20.0,0.13645862463477731,0,0.0,5,0.7747659072825634,15.334189357236028,19.068058021366596,14.263609288447302,63,3.15,23,1.15,10,0.5,48.3465172983446,3.3895009545376764,15,0.75,0.1780821917808219,0.1232876712328767,0.2125,0.540243991874171
bayes-fix-seed43,baseline_square,1,56,1541568471,success,88,22.0,0.19866076687056644,0,0.0,1,1.2107494732752964,14.712264041670345,16.290580108761787,16.3344133266649,75,3.409090909090909,41,1.8636363636363635,25,1.1363636363636365,85.06807051994197,5.207904858209612,35,1.5909090909090908,0.19753086419753085,0.16049382716049382,0.22727272727272727,0.47356963091781307
bayes-fix-seed43,baseline_square,1,57,1541568472,success,41,10.25,0.18543744360453007,0,0.0,1,0.7141446684977117,14.426036487992217,17.153948545455933,9.120727794146237,18,1.7560975609756098,10,0.975609756097561,1,0.0975609756097561,9.712566406391801,1.0648894063723084,4,0.3902439024390244,0.0,0.0,0.0,0.8598605130766588
bayes-fix-seed43,baseline_square,1,58,1541568473,success,53,13.25,0.16948949977166017,0,0.0,1,0.7621642194125705,14.06754159702445,15.94180092215538,11.047730951069909,36,2.7169811320754715,19,1.4339622641509433,1,0.07547169811320754,17.745541599974622,1.6062612022839016,7,0.5283018867924528,0.08695652173913043,0.08695652173913043,0.1509433962264151,0.7007997729816948
bayes-fix-seed43,baseline_square,1,59,1541568474,success,70,17.5,0.38171705699263636,0,0.0,0,1.0208894812363385,14.347341337374278,15.969658456742764,12.339824122974019,50,2.857142857142857,16,0.9142857142857143,8,0.45714285714285713,30.278424356467273,2.4537160379859513,9,0.5142857142857142,0.25396825396825395,0.12698412698412698,0.17142857142857143,0.6268614189961182
bayes-fix-seed43,baseline_square,1,60,1541568475,timeout,101,25.25,0.17055940785054857,0,0.0,2,0.3497780673523368,14.686324956393477,16.2334181368351,12.266812339746055,94,3.722772277227723,54,2.1386138613861387,43,1.702970297029703,144.7079944661028,11.796707282888011,44,1.7425742574257426,0.5957446808510638,0.5957446808510638,0.33663366336633666,0.492696020378237
bayes-fix-seed43,baseline_square,1,61,1541568476,success,51,12.75,0.2243432412642109,0,0.0,0,1.1019376277947377,14.14667062607466,15.284523367881775,10.110387984594123,30,2.3529411764705883,8,0.6274509803921569,4,0.3137254901960784,19.669762237871534,1.9455002387488662,7,0.5490196078431373,0.22727272727272727,0.045454545454545456,0.17647058823529413,0.7616140750800582
bayes-fix-seed43,baseline_square,1,62,1541568477,success,62,15.5,0.1773689890907162,0,0.0,2,0.7612245855203293,14.567077400222901,16.430002078413963,12.79051317341944,42,2.7096774193548385,17,1.096774193548387,5,0.3225806451612903,24.914437369232704,1.9478841099986945,5,0.3225806451612903,0.2,0.03636363636363636,0.14516129032258066,0.6053001703039917
bayes-fix-seed43,baseline_square,1,63,1541568478,timeout,101,25.25,0.1630792788489327,0,0.0,5,0.5468382004670309,14.623822957867443,16.086753457784653,10.696256348225445,93,3.6831683168316833,27,1.0693069306930694,35,1.386138613861386,115.85412590714863,10.831277985065245,29,1.1485148514851484,0.6595744680851063,0.5957446808510638,0.45544554455445546,0.19638039688349948
bayes-fix-seed43,baseline_square,1,64,1541568479,success,62,15.5,0.15547575320647367,0,0.0,2,1.1424956986181736,14.188403924626689,15.653096325695515,13.114258326438788,36,2.3225806451612905,16,1.032258064516129,3,0.1935483870967742,18.5571852965154,1.4150388710205202,5,0.3225806451612903,0.10909090909090909,0.03636363636363636,0.12903225806451613,0.5940905208677502
bayes-fix-seed43,baseline_square,1,65,1541568480,success,42,10.5,0.2266756195186711,0,0.0,0,1.3608418399534312,14.101520269399597,16.234241239726543,9.597235263794662,19,1.8095238095238095,9,0.8571428571428571,1,0.09523809523809523,9.626521109664981,1.0030514877530199,3,0.2857142857142857,0.0,0.0,0.023809523809523808,0.814419014240722
bayes-fix-seed43,baseline_square,1,66,1541568481,success,74,18.5,0.05649493664256422,0,0.0,7,0.5685044224162751,14.476124801345774,16.172729432582855,13.63618560536189,61,3.2972972972972974,22,1.1891891891891893,8,0.43243243243243246,37.60942829805699,2.758060750014181,10,0.5405405405405406,0.26865671641791045,0.16417910447761194,0.20270270270270271,0.568457186740329
bayes-fix-seed43,baseline_square,1,67,1541568482,success,87,21.75,0.15504252083050774,0,0.0,3,1.3466183091634412,14.26461047824772,15.90513251721859,16.70807838232733,61,2.8045977011494254,29,1.3333333333333333,9,0.41379310344827586,44.29588928815501,2.6511659973422312,19,0.8735632183908046,0.325,0.225,0.25287356321839083,0.46443030435520277
bayes-fix-seed43,baseline_square,1,68,1541568483,timeout,101,25.25,0.19328862583637918,0,0.0,1,0.6999593744444826,14.773576050111563,16.251210123300552,13.529576475657478,87,3.4455445544554455,52,2.0594059405940595,40,1.5841584158415842,119.11786436011148,8.804256701932193,31,1.2277227722772277,0.5106382978723404,0.48936170212765956,0.38613861386138615,0.24073719047264594
bayes-fix-seed43,baseline_square,1,69,1541568484,timeout,101,25.25,0.1606460741218666,0,0.0,2,1.1929558050319327,14.865442077712258,16.382746398448944,14.403143453778354,96,3.801980198019802,50,1.9801980198019802,70,2.772277227722772,203.7603743472964,14.146937784879471,71,2.8118811881188117,0.8936170212765957,0.8085106382978723,0.49504950495049505,0.0
bayes-fix-seed43,baseline_square,1,70,1541568485,success,56,14.0,0.14162745799304466,0,0.0,4,0.7268153652235195,14.210368440087352,15.913030132651329,9.99252675062149,31,2.2142857142857144,10,0.7142857142857143,2,0.14285714285714285,18.10536199796932,1.8118902705807867,4,0.2857142857142857,0.08163265306122448,0.08163265306122448,0.10714285714285714,0.775915426875732
bayes-fix-seed43,baseline_square,1,71,1541568486,success,59,14.75,0.17008284701158483,0,0.0,1,0.8255029262152259,14.087586711018773,15.488479658961296,10.121853368502537,42,2.847457627118644,19,1.2881355932203389,2,0.13559322033898305,24.01659073575165,2.3727463599193346,11,0.7457627118644068,0.0,0.0,0.05084745762711865,0.7623769849605115
bayes-fix-seed43,baseline_square,1,72,1541568487,success,54,13.5,0.22221740786038313,0,0.0,0,1.139951183321597,14.153522059873298,15.75927436351776,9.63654819726854,28,2.074074074074074,11,0.8148148148148148,10,0.7407407407407407,31.20111637414709,3.2377896872856384,9,0.6666666666666666,0.1276595744680851,0.1276595744680851,0.2222222222222222,0.7993670478228102
bayes-fix-seed43,baseline_square,1,73,1541568488,success,75,18.75,0.2085366819780181,0,0.0,0,0.8641815227650589,14.525539577007294,15.816647559404373,13.998562471959875,55,2.933333333333333,31,1.6533333333333333,15,0.8,57.15725172522704,4.0830800905248035,16,0.8533333333333334,0.16176470588235295,0.16176470588235295,0.24,0.5511988721700706
bayes-fix-seed43,baseline_square,1,74,1541568489,timeout,101,25.25,0.25555943619508525,0,0.0,0,2.5559546969098,14.132247481605795,15.401970595121384,20.340127538142795,79,3.128712871287129,47,1.8613861386138615,25,0.9900990099009901,91.42298770330652,4.494710641900632,37,1.4653465346534653,0.5319148936170213,0.2978723404255319,0.49504950495049505,0.0
bayes-fix-seed43,baseline_square,1,75,1541568490,success,58,14.5,0.11565328195209112,0,0.0,2,0.4592553248041333,14.299291025461821,16.561714373528957,11.276287967165246,39,2.689655172413793,11,0.7586206896551724,3,0.20689655172413793,20.139604205359184,1.786013647753809,10,0.6896551724137931,0.1568627450980392,0.0,0.1206896551724138,0.7004786812631812
bayes-fix-seed43,baseline_square,1,76,1541568491,success,56,14.0,0.1683697871884603,0,0.0,3,0.4960225042614087,14.089067932218313,15.537314116954803,9.837835753433332,39,2.7857142857142856,16,1.1428571428571428,2,0.14285714285714285,17.27916463972634,1.7563989756279514,5,0.35714285714285715,0.02040816326530612,0.0,0.08928571428571429,0.78684391353399
bayes-fix-seed43,baseline_square,1,77,1541568492,success,65,16.25,0.26160823042473447,0,0.0,0,1.8101339772439713,14.18961464212491,15.932993590831757,12.853884870192111,32,1.9692307692307693,11,0.676923076923077,4,0.24615384615384617,22.02956254551404,1.7138447067158764,7,0.4307692307692308,0.3448275862068966,0.15517241379310345,0.18461538461538463,0.6051102313779506
bayes-fix-seed43,baseline_square,1,78,1541568493,timeout,101,25.25,0.15961547380454422,0,0.0,3,2.206333634236897,14.451130782023515,16.457732766866684,15.87912703355648,95,3.762376237623762,62,2.4554455445544554,55,2.1782178217821784,176.27203028847123,11.100864040949185,61,2.4158415841584158,0.9148936170212766,0.8191489361702128,0.5544554455445545,0.0
bayes-fix-seed43,baseline_square,1,79,1541568494,success,58,14.5,0.11314389684347537,0,0.0,2,1.4942867614017332,14.08429816365242,16.31305143237114,10.983183651316633,38,2.6206896551724137,12,0.8275862068965517,5,0.3448275862068966,25.621246002890764,2.3327704257972015,9,0.6206896551724138,0.0,0.0,0.10344827586206896,0.7053618747965974
bayes-fix-seed43,baseline_square,1,80,1541568495,success,49,12.25,0.18496046879347927,0,0.0,2,0.5754645641770999,14.03229683637619,15.82982987165451,9.539636164523575,29,2.36734693877551,12,0.9795918367346939,4,0.32653061224489793,18.41905637205528,1.9307923336272392,5,0.40816326530612246,0.023809523809523808,0.0,0.14285714285714285,0.8178679544014477
bayes-fix-seed43,baseline_square,1,81,1541568496,success,43,10.75,0.1718187590442034,0,0.0,3,0.8989580759538257,13.53369523272958,15.353961661458015,9.014964575099636,18,1.6744186046511629,10,0.9302325581395349,2,0.18604651162790697,8.514877889355095,0.9445270492658575,1,0.09302325581395349,0.0,0.0,0.046511627906976744,0.864631057426408
bayes-fix-seed43,baseline_square,1,82,1541568497,success,60,15.0,0.19597024098396187,0,0.0,1,0.7124667446405442,14.087708232303461,15.653151087462902,10.866768235107386,45,3.0,25,1.6666666666666667,4,0.26666666666666666,28.10390651911913,2.5862248932781626,10,0.6666666666666666,0.16981132075471697,0.1509433962264151,0.11666666666666667,0.7092654717545902
bayes-fix-seed43,baseline_square,1,83,1541568498,success,65,16.25,0.2110423329428388,0,0.0,0,1.0548537574465875,14.337252080440521,16.03560596704483,12.308781700216436,45,2.769230769230769,15,0.9230769230769231,2,0.12307692307692308,23.582293977409698,1.915891804060107,10,0.6153846153846154,0.13793103448275862,0.13793103448275862,0.13846153846153847,0.6305998389798424
bayes-fix-seed43,baseline_square,1,84,1541568499,success,44,11.0,0.13567529745919937,0,0.0,3,1.466189740654014,13.742522336542606,15.194839425384998,10.111425397138728,21,1.9090909090909092,9,0.8181818181818182,1,0.09090909090909091,9.214125528769301,0.9112588153374163,2,0.18181818181818182,0.10810810810810811,0.05405405405405406,0.09090909090909091,0.7735005751623251
bayes-fix-seed43,baseline_square,1,85,1541568500,success,60,15.0,0.17782844299801148,0,0.0,2,0.9132454545527551,14.003321466346582,15.67603386938572,11.100171444642937,48,3.2,23,1.5333333333333334,5,0.3333333333333333,28.212064658252597,2.54158819068223,12,0.8,0.18867924528301888,0.07547169811320754,0.15,0.694967418224636
bayes-fix-seed43,baseline_square,1,86,1541568501,success,56,14.0,0.23902903752666427,0,0.0,0,0.7560923867934005,14.138246753386088,15.792467631399632,10.590324577044022,38,2.7142857142857144,21,1.5,3,0.21428571428571427,23.1821856128894,2.188996705836567,4,0.2857142857142857,0.0,0.0,0.08928571428571429,0.7322289955917266
bayes-fix-seed43,baseline_square,1,87,1541568502,success,61,15.25,0.19754239476738644,0,0.0,1,0.6399465626315912,14.150088744573905,15.819065272808075,11.326747719274396,43,2.819672131147541,21,1.3770491803278688,8,0.5245901639344263,29.939598361784604,2.643265225271793,13,0.8524590163934426,0.07407407407407407,0.07407407407407407,0.14754098360655737,0.6950647466170453
bayes-fix-seed43,baseline_square,1,88,1541568503,success,55,13.75,0.15100304069783543,0,0.0,5,0.4582129331050309,14.311820471828634,16.191164404153824,11.636238382801556,35,2.5454545454545454,10,0.7272727272727273,2,0.14545454545454545,17.87430463313752,1.5360895888447825,7,0.509090909090909,0.125,0.08333333333333333,0.12727272727272726,0.6647583963344634
bayes-fix-seed43,baseline_square,1,89,1541568504,success,39,9.75,0.2540144851449072,0,0.0,0,1.7052265947145968,13.525226941475502,15.583128109574318,8.811656065665264,14,1.435897435897436,5,0.5128205128205128,0,0.0,5.539157174032956,0.6286170423305962,1,0.10256410256410256,0.0,0.0,0.02564102564102564,0.8825081291987253
bayes-fix-seed43,baseline_square,1,90,1541568505,timeout,101,25.25,0.28052327430716284,0,0.0,0,0.9461026332370688,14.468943644868265,16.020916402339935,9.496219713866896,96,3.801980198019802,48,1.900990099009901,37,1.4653465346534653,129.10585414124222,13.595499896944764,37,1.4653465346534653,0.776595744680851,0.7446808510638298,0.40594059405940597,0.08541890991399188
bayes-fix-seed43,baseline_square,1,91,1541568506,success,39,9.75,0.21756963156216813,0,0.0,0,1.4769430287779657,13.805787150676434,16.054175421595573,8.706469130479228,18,1.8461538461538463,12,1.2307692307692308,0,0.0,7.079433782385268,0.8131234001165748,3,0.3076923076923077,0.0,0.0,0.0,0.8925669929315083
bayes-fix-seed43,baseline_square,1,92,1541568507,success,46,11.5,0.24506967510300381,0,0.0,0,0.9221418273444959,13.804233916427778,15.59277344495058,9.948770615232188,21,1.826086956521739,9,0.782608695652174,3,0.2608695652173913,14.09328004718153,1.4165850829452071,3,0.2608695652173913,0.0,0.0,0.10869565217391304,0.7781679417467035
bayes-fix-seed43,baseline_square,1,93,1541568508,timeout,101,25.25,0.4096186953176203,0,0.0,0,0.6540528167096799,14.745617930841918,16.167644411325455,9.435077699618645,85,3.366336633663366,43,1.702970297029703,42,1.6633663366336633,139.66583561531255,14.802828345648672,43,1.702970297029703,0.7978723404255319,0.7021276595744681,0.46534653465346537,0.06489788693768439
bayes-fix-seed43,baseline_square,1,94,1541568509,success,61,15.25,0.16583220632111573,0,0.0,4,0.8452199946976036,14.324860555715249,16.827840358018875,11.077124091975964,42,2.7540983606557377,19,1.2459016393442623,6,0.39344262295081966,26.44757079972315,2.387584591462798,7,0.45901639344262296,0.14814814814814814,0.1111111111111111,0.19672131147540983,0.7023179052982282
bayes-fix-seed43,baseline_square,1,95,1541568510,timeout,101,25.25,0.385463828121417,0,0.0,0,1.3337282329070408,14.535172224634945,15.820913016796112,16.687514524604143,80,3.1683168316831685,56,2.217821782178218,49,1.9405940594059405,151.0939169111824,9.05430923750861,29,1.1485148514851484,0.40425531914893614,0.3829787234042553,0.3564356435643564,0.4051798869322684
bayes-fix-seed43,baseline_square,1,96,1541568511,success,44,11.0,0.20538751432217917,0,0.0,0,0.49768796072689375,13.708833689716728,15.11357668787241,8.602194340891279,34,3.090909090909091,18,1.6363636363636365,1,0.09090909090909091,16.643794580819048,1.9348312676105588,7,0.6363636363636364,0.0,0.0,0.045454545454545456,0.9004995360192756
bayes-fix-seed43,baseline_square,1,97,1541568512,success,66,16.5,0.6004262741062839,0,0.0,0,1.6162863995004155,14.277660654801311,15.878940932452679,13.555154802171034,32,1.9393939393939394,9,0.5454545454545454,6,0.36363636363636365,23.63437688599535,1.7435711528879037,5,0.30303030303030304,0.15254237288135594,0.15254237288135594,0.13636363636363635,0.5705339894101592
bayes-fix-seed43,baseline_square,1,98,1541568513,success,45,11.25,0.15748897772009118,0,0.0,2,0.7556743732369071,13.768229136864344,15.178513526916504,9.01596819748025,33,2.933333333333333,15,1.3333333333333333,2,0.17777777777777778,16.30731370346634,1.808714643428295,7,0.6222222222222222,0.0,0.0,0.022222222222222223,0.8552628309174605
bayes-fix-seed43,baseline_square,1,99,1541568514,success,46,11.5,0.14335671416828777,0,0.0,3,0.46586506377553144,14.24151667110298,16.177432611584663,9.189430207327636,37,3.217391304347826,18,1.565217391304348,1,0.08695652173913043,16.05249303044222,1.7468431304524181,7,0.6086956521739131,0.0,0.0,0.043478260869565216,0.8434308071135432
bayes-fix-seed43,baseline_square,1,100,1541568515,success,46,11.5,0.19714059907087,0,0.0,1,0.882952552471092,13.852109646667605,15.317982994019985,10.362867833798205,18,1.565217391304348,11,0.9565217391304348,4,0.34782608695652173,16.676180869371148,1.6092245058826522,5,0.43478260869565216,0.0,0.0,0.06521739130434782,0.7436246954799676
bayes-fix-seed43,baseline_square,1,101,1541568516,timeout,101,25.25,0.1333208353628652,0,0.0,6,0.40486186155577647,14.571623009915399,15.968549996614456,9.841233786755947,87,3.4455445544554455,56,2.217821782178218,57,2.257425742574257,171.75657479137033,17.452748152626498,56,2.217821782178218,0.5638297872340425,0.5638297872340425,0.1782178217821782,0.5802192102854153
bayes-fix-seed43,baseline_square,1,102,1541568517,success,60,15.0,0.4622392727066703,0,0.0,0,1.2032378415693985,14.074533618986607,15.539003536105156,12.187404205217753,38,2.533333333333333,16,1.0666666666666667,2,0.13333333333333333,23.07465519020858,1.8933199229028366,8,0.5333333333333333,0.09433962264150944,0.018867924528301886,0.11666666666666667,0.6355173061265272
bayes-fix-seed43,baseline_square,1,103,1541568518,success,58,14.5,0.2163714638098877,0,0.0,0,1.272624471910392,14.22991333850499,15.947496332228184,11.651587379388683,37,2.5517241379310347,17,1.1724137931034482,3,0.20689655172413793,23.10158631555466,1.9826986283792274,4,0.27586206896551724,0.0,0.0,0.13793103448275862,0.6638142614956687
bayes-fix-seed43,baseline_square,1,104,1541568519,success,56,14.0,0.14725565032952415,0,0.0,4,0.7375828754569783,14.156887640378304,16.101593151688576,11.074173897217399,37,2.642857142857143,20,1.4285714285714286,6,0.42857142857142855,25.515048799001498,2.304013738253889,7,0.5,0.061224489795918366,0.061224489795918366,0.07142857142857142,0.7002291905458763
bayes-fix-seed43,baseline_square,1,105,1541568520,success,48,12.0,0.23792896197455404,0,0.0,0,0.8562418986330207,13.930774681891004,15.933622606098652,10.291944469692254,28,2.3333333333333335,17,1.4166666666666667,0,0.0,17.43020401989155,1.6935773479171077,8,0.6666666666666666,0.0,0.0,0.041666666666666664,0.757603890826305
bayes-fix-seed43,baseline_square,1,106,1541568521,success,51,12.75,0.14545414184630379,0,0.0,2,1.1608738907224767,13.970658621367287,15.777315944433212,10.419443906067086,29,2.2745098039215685,14,1.0980392156862746,2,0.1568627450980392,20.367547672415064,1.9547634073403233,4,0.3137254901960784,0.045454545454545456,0.022727272727272728,0.13725490196078433,0.7418395394091195
bayes-fix-seed43,baseline_square,1,107,1541568522,success,71,17.75,0.17392301727165993,0,0.0,2,1.0190324786187648,14.535614932087105,16.45195111632347,12.103372969536728,60,3.380281690140845,32,1.8028169014084507,18,1.0140845070422535,61.15415150214734,5.052653640936928,12,0.676056338028169,0.09375,0.0625,0.19718309859154928,0.6396377886076297
bayes-fix-seed43,baseline_square,1,108,1541568523,success,58,14.5,0.20550533551357808,0,0.0,0,0.786646885760806,14.233443307979353,15.312156826257706,10.683856306718324,39,2.689655172413793,18,1.2413793103448276,5,0.3448275862068966,24.537468603669677,2.296686505249962,9,0.6206896551724138,0.09803921568627451,0.09803921568627451,0.1724137931034483,0.7247575391251012
bayes-fix-seed43,baseline_square,1,109,1541568524,success,54,13.5,0.0766167993591994,0,0.0,5,0.7789455001168215,14.26950814547362,16.521572321653366,9.872646163998256,36,2.6666666666666665,13,0.9629629629629629,3,0.2222222222222222,20.221939528741395,2.0482795790335353,7,0.5185185185185185,0.02127659574468085,0.02127659574468085,0.1111111111111111,0.7835724702175846
bayes-fix-seed43,baseline_square,1,110,1541568525,success,59,14.75,0.21413527700507162,0,0.0,0,1.073871318222657,14.171566624762649,16.13029614090919,11.290534505954268,34,2.305084745762712,14,0.9491525423728814,4,0.2711864406779661,20.076778182949486,1.7781955471073254,9,0.6101694915254238,0.19230769230769232,0.09615384615384616,0.22033898305084745,0.6850642035982449
bayes-fix-seed43,baseline_square,1,111,1541568526,success,71,17.75,0.2512742237326441,0,0.0,0,0.7060179940592861,14.493937118792198,16.106147319078445,13.44302729208245,56,3.1549295774647885,36,2.028169014084507,10,0.5633802816901409,49.30579548236663,3.6677598290235043,10,0.5633802816901409,0.09375,0.015625,0.15492957746478872,0.5735878441314147
bayes-fix-seed43,baseline_square,1,112,1541568527,timeout,101,25.25,0.1865690098320778,0,0.0,2,0.6319882027557878,14.712397636163352,16.178876161575317,17.620433809020756,75,2.9702970297029703,33,1.306930693069307,23,0.9108910891089109,85.43141783693508,4.8484287482864685,18,0.7128712871287128,0.3829787234042553,0.32978723404255317,0.31683168316831684,0.3628214965506673
bayes-fix-seed43,baseline_square,1,113,1541568528,success,59,14.75,0.19540663541954528,0,0.0,2,0.7988520622484606,14.141674642845736,15.796031057834625,10.831029173253198,46,3.1186440677966103,18,1.2203389830508475,2,0.13559322033898305,18.964446409334773,1.7509366936400403,7,0.4745762711864407,0.15384615384615385,0.15384615384615385,0.13559322033898305,0.7127355961910588
bayes-fix-seed43,baseline_square,1,114,1541568529,success,96,24.0,0.1920497347116782,0,0.0,1,0.6849987445329345,14.46330372709781,15.987909398972988,11.172570561106497,70,2.9166666666666665,37,1.5416666666666667,14,0.5833333333333334,62.48034419923033,5.592298017497817,8,0.3333333333333333,0.4044943820224719,0.38202247191011235,0.2916666666666667,0.6991829111174541
bayes-fix-seed43,baseline_square,1,115,1541568530,success,62,15.5,0.3180623896092952,0,0.0,0,1.452180034409727,14.21541912901786,15.783209912478924,14.232393917559584,30,1.935483870967742,12,0.7741935483870968,2,0.12903225806451613,15.112832130707343,1.0618615686333341,4,0.25806451612903225,0.16363636363636364,0.09090909090909091,0.1774193548387097,0.5447116770737995
bayes-fix-seed43,baseline_square,1,116,1541568531,success,46,11.5,0.2511730305450217,0,0.0,0,0.8349816939699768,13.748849701622259,15.939565375447273,9.953261026760792,25,2.1739130434782608,11,0.9565217391304348,2,0.17391304347826086,14.915137126248906,1.4985176301663734,4,0.34782608695652173,0.0,0.0,0.043478260869565216,0.7759713512201172
bayes-fix-seed43,baseline_square,1,117,1541568532,timeout,101,25.25,0.19049134962965963,0,0.0,1,1.4331472762596342,14.293064206543535,15.88212326169014,19.901745970822162,68,2.6930693069306932,45,1.7821782178217822,25,0.9900990099009901,77.28197772273427,3.883175769404199,36,1.4257425742574257,0.4148936170212766,0.26595744680851063,0.39603960396039606,0.0202155822374858
bayes-fix-seed43,baseline_square,1,118,1541568533,success,45,11.25,0.22343171218598556,0,0.0,0,0.9004452237367635,14.048647301064598,15.744111686944962,10.41513430298166,25,2.2222222222222223,12,1.0666666666666667,2,0.17777777777777778,13.97777464395572,1.3420637926823604,5,0.4444444444444444,0.0,0.0,0.06666666666666667,0.7489701567871968
bayes-fix-seed43,baseline_square,1,119,1541568534,success,68,17.0,0.20050863297943033,0,0.0,0,0.6504174736130903,14.165579505703029,16.099059395492077,11.52667165218695,46,2.7058823529411766,23,1.3529411764705883,17,1.0,51.926472379516895,4.5048973325847195,19,1.1176470588235294,0.06557377049180328,0.06557377049180328,0.17647058823529413,0.6759840989281951
bayes-fix-seed43,baseline_square,1,120,1541568535,timeout,101,25.25,0.13435737975664175,0,0.0,5,2.297114228705848,14.687816031498484,16.217902302742004,16.916103807787145,82,3.2475247524752477,40,1.5841584158415842,50,1.9801980198019802,138.9818452684151,8.215948947087703,49,1.9405940594059405,0.7553191489361702,0.5106382978723404,0.504950495049505,0.0
bayes-fix-seed43,baseline_square,1,121,1541568536,success,94,23.5,0.1546198943888042,0,0.0,5,0.7282850909732654,14.580024485575391,16.582823917269707,16.049237958437036,72,3.0638297872340425,40,1.702127659574468,33,1.4042553191489362,91.33696028681577,5.691046548337842,39,1.6595744680851063,0.26436781609195403,0.25287356321839083,0.23404255319148937,0.49087235194272805
bayes-fix-seed43,baseline_square,1,122,1541568537,timeout,101,25.25,0.24461891698643512,0,0.0,0,0.6448800740657387,14.609759544382001,15.993762761354446,7.912606922295601,69,2.732673267326733,24,0.9504950495049505,19,0.7524752475247525,66.4455330714869,8.397426249528616,26,1.0297029702970297,0.5319148936170213,0.24468085106382978,0.37623762376237624,0.4101928007041807
bayes-fix-seed43,baseline_square,1,123,1541568538,success,75,18.75,0.15960647959413576,0,0.0,1,0.8447434206278924,14.545664340257645,16.16377979516983,12.916095413280194,57,3.04,20,1.0666666666666667,7,0.37333333333333335,34.78953960968288,2.69350283475861,11,0.5866666666666667,0.1323529411764706,0.04411764705882353,0.2,0.599994004933967
bayes-fix-seed43,baseline_square,1,124,1541568539,success,48,12.0,0.16538541032115484,0,0.0,2,0.6785495693342023,14.117701910436153,15.868099220097065,8.931290309751471,32,2.6666666666666665,14,1.1666666666666667,2,0.16666666666666666,20.900913010869512,2.3401896350910483,11,0.9166666666666666,0.0,0.0,0.041666666666666664,0.8645730782967198
bayes-fix-seed43,baseline_square,1,125,1541568540,timeout,101,25.25,0.2647175028222144,0,0.0,0,0.882264156498452,14.637948262809527,16.30770042538643,13.911483065512934,82,3.2475247524752477,47,1.8613861386138615,43,1.702970297029703,129.04385319824647,9.276067302856502,31,1.2277227722772277,0.6702127659574468,0.5957446808510638,0.45544554455445546,0.29819402620025126
bayes-fix-seed43,baseline_square,1,126,1541568541,success,60,15.0,0.20029585244868386,0,0.0,0,0.6686035308751549,14.185474999248981,15.634963661432264,10.344930894910537,36,2.4,18,1.2,2,0.13333333333333333,20.78148585124,2.008856904154285,7,0.4666666666666667,0.1509433962264151,0.1509433962264151,0.08333333333333333,0.7502721539736997
bayes-fix-seed43,baseline_square,1,127,1541568542,success,70,17.5,0.22587082023864813,0,0.0,0,1.0261563418937365,14.292004012635775,15.40270820260048,11.607260268470004,49,2.8,20,1.1428571428571428,6,0.34285714285714286,33.84787834857511,2.9160954062966593,7,0.4,0.015873015873015872,0.015873015873015872,0.12857142857142856,0.667795626850024
bayes-fix-seed43,baseline_square,1,128,1541568543,timeout,101,25.25,0.19478370789454635,0,0.0,1,0.7705462678546596,14.5891635946118,15.873383730649948,12.064474767651191,85,3.366336633663366,65,2.5742574257425743,54,2.1386138613861387,176.8090809828629,14.655348399993835,55,2.1782178217821784,0.5212765957446809,0.5106382978723404,0.27722772277227725,0.5332995735987456
bayes-fix-seed43,baseline_square,1,129,1541568544,success,45,11.25,0.2667578737665782,0,0.0,0,0.8958768554175479,14.022969206174215,15.616977214813232,9.947976793537846,23,2.0444444444444443,8,0.7111111111111111,0,0.0,10.688357548937756,1.0744252596046322,1,0.08888888888888889,0.05263157894736842,0.05263157894736842,0.06666666666666667,0.7805028796737484
bayes-fix-seed43,baseline_square,1,130,1541568545,success,58,14.5,0.2380629778602793,0,0.0,0,0.6218823291317911,14.177931023055109,16.01952277123928,12.309539603432597,31,2.1379310344827585,17,1.1724137931034482,6,0.41379310344827586,22.37973291400546,1.8180804185206667,3,0.20689655172413793,0.19607843137254902,0.09803921568627451,0.1896551724137931,0.6302572484025332
bayes-fix-seed43,baseline_square,1,131,1541568546,success,52,13.0,0.3609156060287474,0,0.0,0,1.0032804250847038,14.338782845208279,15.727467834949493,10.70218637952141,32,2.4615384615384617,18,1.3846153846153846,1,0.07692307692307693,14.354071689282705,1.3412279678430161,2,0.15384615384615385,0.022222222222222223,0.022222222222222223,0.07692307692307693,0.7243252852693786
bayes-fix-seed43,baseline_square,1,132,1541568547,success,55,13.75,0.1992428340106971,0,0.0,2,0.6534292933320582,14.110333878885616,15.825981646776198,10.376266023916987,36,2.618181818181818,14,1.018181818181818,2,0.14545454545454545,19.366449802494504,1.8664180118219222,8,0.5818181818181818,0.08333333333333333,0.0,0.12727272727272726,0.7432026324870884
bayes-fix-seed43,baseline_square,1,133,1541568548,timeout,101,25.25,0.22477875863094832,0,0.0,0,0.3734127342795646,14.497221327654206,15.94565436244011,12.725901856277964,94,3.722772277227723,37,1.4653465346534653,46,1.8217821782178218,147.73816175227853,11.609248870593488,45,1.7821782178217822,0.574468085106383,0.5319148936170213,0.4752475247524752,0.2561551225251375
bayes-fix-seed43,baseline_square,1,134,1541568549,success,62,15.5,0.43558468591573696,0,0.0,0,0.9527470284507004,14.138880335996229,15.543857030570507,13.670011158261019,28,1.8064516129032258,14,0.9032258064516129,1,0.06451612903225806,14.704441681270207,1.0756715200180407,4,0.25806451612903225,0.2,0.10909090909090909,0.1935483870967742,0.5666296107091565
bayes-fix-seed43,baseline_square,1,135,1541568550,success,51,12.75,0.1794581464495647,0,0.0,2,0.7959669029780027,13.963057276080637,15.467638149857521,10.992752357637446,32,2.5098039215686274,14,1.0980392156862746,1,0.0784313725490196,16.334306808858614,1.4859160178851851,9,0.7058823529411765,0.045454545454545456,0.022727272727272728,0.13725490196078433,0.7051446886912479
bayes-fix-seed43,baseline_square,1,136,1541568551,success,50,12.5,0.22719962957805462,0,0.0,0,0.8463972444706546,14.106456115841866,15.716501511633396,10.557031434568998,27,2.16,15,1.2,2,0.16,14.951775800428065,1.4162859979244238,7,0.56,0.20930232558139536,0.20930232558139536,0.1,0.7334257368264248
bayes-fix-seed43,baseline_square,1,137,1541568552,success,52,13.0,0.20310501569231976,0,0.0,0,0.702633247507902,14.13325213182431,15.623554773628712,9.138850698056348,32,2.4615384615384617,13,1.0,3,0.23076923076923078,17.489966290595788,1.9138037011935818,8,0.6153846153846154,0.022222222222222223,0.0,0.09615384615384616,0.8426369695462885
bayes-fix-seed43,baseline_square,1,138,1541568553,success,58,14.5,0.162320334681324,0,0.0,5,0.4856038802761732,14.542588578729793,17.0590715482831,9.86187110797154,49,3.3793103448275863,23,1.5862068965517242,6,0.41379310344827586,35.67282516553928,3.617247150665379,12,0.8275862068965517,0.1568627450980392,0.1568627450980392,0.15517241379310345,0.7936405049500164
bayes-fix-seed43,baseline_square,1,139,1541568554,success,58,14.5,0.1750968404207941,0,0.0,3,0.80941931727239,14.093740425747017,15.7977981492877,10.679108829782365,39,2.689655172413793,17,1.1724137931034482,4,0.27586206896551724,20.717330002441244,1.939986784727191,11,0.7586206896551724,0.058823529411764705,0.0196078431372549,0.1206896551724138,0.7308345881639737
bayes-fix-seed43,baseline_square,1,140,1541568555,success,61,15.25,0.16705131132243756,0,0.0,2,1.015092412575441,14.463751714249126,16.038469970226288,11.088735702698358,42,2.7540983606557377,21,1.3770491803278688,6,0.39344262295081966,30.423640987111078,2.7436528205562443,9,0.5901639344262295,0.07407407407407407,0.05555555555555555,0.19672131147540983,0.6978034997323711
bayes-fix-seed43,baseline_square,1,141,1541568556,success,50,12.5,0.20580509049235085,0,0.0,0,0.7882560378107272,14.16052795946598,16.20012354105711,10.218592539162776,33,2.64,14,1.12,3,0.24,19.738636438696744,1.9316394467289288,11,0.88,0.0,0.0,0.08,0.7601542161193804
bayes-fix-seed43,baseline_square,1,142,1541568557,timeout,101,25.25,0.23685024528421394,0,0.0,0,2.1182880974658107,14.449818188896273,15.734508633613586,18.078417353594283,81,3.207920792079208,32,1.2673267326732673,25,0.9900990099009901,89.21412017379579,4.934841276692762,24,0.9504950495049505,0.7127659574468085,0.5,0.5247524752475248,0.0
bayes-fix-seed43,baseline_square,1,143,1541568558,timeout,101,25.25,0.19888936409572877,0,0.0,1,0.42489333308142524,14.8577913273089,16.282137483358383,14.87534565005584,94,3.722772277227723,74,2.9306930693069306,68,2.6930693069306932,212.81804247554606,14.306762846532388,69,2.732673267326733,0.6595744680851063,0.6170212765957447,0.36633663366336633,0.1708888669034504
bayes-fix-seed43,baseline_square,1,144,1541568559,success,52,13.0,0.22624979187189764,0,0.0,0,0.9415684260736618,14.610494988468977,16.18263889104128,11.152264234883342,32,2.4615384615384617,12,0.9230769230769231,0,0.0,13.189563107164709,1.1826802906901064,5,0.38461538461538464,0.1111111111111111,0.1111111111111111,0.07692307692307693,0.6972551674515657
bayes-fix-seed43,baseline_square,1,145,1541568560,success,43,10.75,0.22567922019293074,0,0.0,0,1.0665252573143007,14.017587137776752,15.833291783928871,9.790237044894166,25,2.3255813953488373,14,1.302325581395349,0,0.0,8.252725335623676,0.8429545983187059,3,0.27906976744186046,0.0,0.0,0.0,0.7934616871469473
bayes-fix-seed43,baseline_square,1,146,1541568561,success,44,11.0,0.47550506916885726,0,0.0,0,1.1728198943910295,13.834605586122382,15.521868504583836,9.108812429978085,20,1.8181818181818181,8,0.7272727272727273,0,0.0,6.9138550839645365,0.7590292518495927,3,0.2727272727272727,0.0,0.0,0.0,0.865679773876894
bayes-fix-seed43,baseline_square,1,147,1541568562,timeout,101,25.25,0.2027720780590464,0,0.0,0,0.7827411739861678,14.652396672137893,15.963640064001083,14.196934556889126,91,3.603960396039604,69,2.732673267326733,64,2.5346534653465347,194.71421841840876,13.715229695407931,12,0.4752475247524752,0.40425531914893614,0.3617021276595745,0.3465346534653465,0.33662054358467913
bayes-fix-seed43,baseline_square,1,148,1541568563,success,45,11.25,0.3282337088875473,0,0.0,0,1.1966134968629543,14.0907255311807,16.28236323595047,10.077733789732328,22,1.9555555555555555,6,0.5333333333333333,0,0.0,8.80809998611699,0.8740159414700057,1,0.08888888888888889,0.15789473684210525,0.10526315789473684,0.1111111111111111,0.7717214683211767
bayes-fix-seed43,baseline_square,1,149,1541568564,success,58,14.5,0.14210122423865246,0,0.0,3,0.8104684888284268,14.868452245819158,16.907976381480694,10.914429967855249,47,3.2413793103448274,20,1.3793103448275863,5,0.3448275862068966,35.27067285430016,3.2315634401593085,13,0.896551724137931,0.0392156862745098,0.0392156862745098,0.13793103448275862,0.7084440910992245
bayes-fix-seed43,baseline_square,1,150,1541568565,success,67,16.75,0.1476764737696673,0,0.0,3,0.7988579858188755,14.112707394272533,15.559448674321175,10.500451043399233,51,3.044776119402985,31,1.8507462686567164,10,0.5970149253731343,39.19497480551769,3.7326943998425985,11,0.6567164179104478,0.05,0.05,0.13432835820895522,0.7423249415371279
bayes-fix-seed43,baseline_square,1,151,1541568566,success,74,18.5,0.13273135596543917,0,0.0,6,0.5573028538521166,14.068556496420422,15.860003232955933,13.067988974694941,60,3.2432432432432434,24,1.2972972972972974,12,0.6486486486486487,47.347349596469705,3.623155000218768,12,0.6486486486486487,0.22388059701492538,0.22388059701492538,0.10810810810810811,0.5917326923448962
bayes-fix-seed43,baseline_square,1,152,1541568567,collision,12,3.0,-0.12527228101201432,1,0.25,4,0.37133852705875786,11.644807954629263,12.585511803627014,1.524131856112319,11,3.6666666666666665,2,0.6666666666666666,4,1.3333333333333333,14.531653113700518,9.534380542879767,5,1.6666666666666667,0.2,0.2,0.25,0.5087321569108844
bayes-fix-seed43,baseline_square,1,153,1541568568,success,47,11.75,0.21172530609859352,0,0.0,0,0.7531064709453323,13.977787913160121,15.678215026855469,9.074848625584167,28,2.382978723404255,10,0.851063829787234,0,0.0,10.030440279717936,1.105301112289601,7,0.5957446808510638,0.0,0.0,0.0,0.8486165865405559
bayes-fix-seed43,baseline_square,1,154,1541568569,success,51,12.75,0.19246829619167605,0,0.0,2,1.4045104287591745,14.193431419484755,16.22673124074936,10.073470766986803,28,2.196078431372549,12,0.9411764705882353,4,0.3137254901960784,20.393912347432163,2.0245169534087437,5,0.39215686274509803,0.0,0.0,0.11764705882352941,0.7649827238860215
bayes-fix-seed43,baseline_square,1,155,1541568570,success,41,10.25,0.17296229160968601,0,0.0,2,1.1019114243843906,13.913305794320456,15.837423503398895,9.41921396285028,17,1.6585365853658536,9,0.8780487804878049,0,0.0,6.010532060758657,0.638113974739762,2,0.1951219512195122,0.0,0.0,0.024390243902439025,0.8237753244999434
bayes-fix-seed43,baseline_square,1,156,1541568571,timeout,101,25.25,0.17122298979801787,0,0.0,4,0.576055615462754,14.562382630192408,15.860885381698608,15.871380456791218,85,3.366336633663366,48,1.900990099009901,35,1.386138613861386,103.73116094802194,6.535736524647188,22,0.8712871287128713,0.14893617021276595,0.14893617021276595,0.2376237623762376,0.42024633140864276
bayes-fix-seed43,baseline_square,1,157,1541568572,collision,7,1.75,-0.02000991926196294,1,0.25,4,0.20450984451826848,11.150427694831576,11.917716637253761,1.014682655190331,6,3.4285714285714284,2,1.1428571428571428,2,1.1428571428571428,7.53727301477681,7.428207209635403,4,2.2857142857142856,0.0,0.0,0.14285714285714285,0.694068652459845
bayes-fix-seed43,baseline_square,1,158,1541568573,success,61,15.25,0.14537348864516808,0,0.0,5,0.628711840352053,14.459447293985086,15.701543539762497,11.835745330344926,46,3.0163934426229506,21,1.3770491803278688,3,0.19672131147540983,28.50266552312365,2.408185097566053,12,0.7868852459016393,0.07407407407407407,0.0,0.16393442622950818,0.6543591063662285
bayes-fix-seed43,baseline_square,1,159,1541568574,success,54,13.5,0.1510520373006783,0,0.0,3,0.6762681799809046,14.518350983659426,16.819782741367817,10.240696320020476,43,3.185185185185185,23,1.7037037037037037,0,0.0,17.40286318607163,1.699382799981011,7,0.5185185185185185,0.0425531914893617,0.0425531914893617,0.07407407407407407,0.7655581650940804
bayes-fix-seed43,baseline_square,1,160,1541568575,success,48,12.0,0.19444733067275077,0,0.0,1,0.8491613108710482,14.072973902026812,15.992100164294243,8.386119373305254,31,2.5833333333333335,14,1.1666666666666667,2,0.16666666666666666,17.337328911255202,2.0673839876932223,6,0.5,0.0,0.0,0.041666666666666664,0.9430360339274243
bayes-fix-seed43,baseline_square,1,161,1541568576,success,50,12.5,0.279836279884626,0,0.0,0,0.8693579622449082,13.955053612589836,15.452864952385426,10.989478687565578,27,2.16,10,0.8,1,0.08,10.94251301513183,0.9957263056993878,1,0.08,0.11627906976744186,0.0,0.12,0.7075451142372592
bayes-fix-seed43,baseline_square,1,162,1541568577,timeout,101,25.25,0.19474971670526786,0,0.0,1,0.5981312681910961,14.457160920494854,15.86012914776802,16.521166326652818,91,3.603960396039604,58,2.297029702970297,57,2.257425742574257,184.39265660459597,11.160995111290902,53,2.099009900990099,0.7340425531914894,0.5531914893617021,0.5247524752475248,0.0
bayes-fix-seed43,baseline_square,1,163,1541568578,success,59,14.75,0.1937751846850686,0,0.0,1,1.224463164829026,14.343631343316224,15.718502551317215,11.86730508117124,30,2.0338983050847457,15,1.0169491525423728,2,0.13559322033898305,18.276614666693153,1.54008130250995,3,0.2033898305084746,0.21153846153846154,0.17307692307692307,0.23728813559322035,0.6568976055070881
bayes-fix-seed43,baseline_square,1,164,1541568579,success,49,12.25,0.2076484146392551,0,0.0,0,1.1354589881295727,14.100455583966507,15.882979333400726,9.840155064239461,24,1.9591836734693877,11,0.8979591836734694,6,0.4897959183673469,23.099466815267107,2.3474697974236087,8,0.6530612244897959,0.047619047619047616,0.047619047619047616,0.10204081632653061,0.7921022450809386
bayes-fix-seed43,baseline_square,1,165,1541568580,success,64,16.0,0.34632989676374015,0,0.0,0,0.9189906956846965,14.40692925825715,16.19278695434332,13.229028053504276,34,2.125,11,0.6875,3,0.1875,22.57238030253155,1.7062765466395913,6,0.375,0.05263157894736842,0.0,0.109375,0.5837602077871399
bayes-fix-seed43,baseline_square,1,166,1541568581,success,63,15.75,0.19568414250187294,0,0.0,1,0.6990956231524451,14.457322420581939,15.988077223300934,12.278913544916925,41,2.6031746031746033,16,1.0158730158730158,4,0.25396825396825395,22.152225288537146,1.8040867547037542,3,0.19047619047619047,0.125,0.05357142857142857,0.19047619047619047,0.6310670769179402
bayes-fix-seed43,baseline_square,1,167,1541568582,success,56,14.0,0.16126863170479677,0,0.0,4,0.7859097912981724,14.943289304418224,20.854315720498562,11.743244274408859,38,2.7142857142857144,17,1.2142857142857142,5,0.35714285714285715,24.321520563862137,2.0711074380751953,11,0.7857142857142857,0.20408163265306123,0.20408163265306123,0.21428571428571427,0.6626028340532435
bayes-fix-seed43,baseline_square,1,168,1541568583,success,59,14.75,0.17869236286090595,0,0.0,2,1.0031863779520924,14.319363223799204,16.192174702882763,12.235581437050351,41,2.7796610169491527,16,1.0847457627118644,5,0.3389830508474576,24.983839877973466,2.041900501950838,11,0.7457627118644068,0.038461538461538464,0.0,0.11864406779661017,0.6329749995132267
bayes-fix-seed43,baseline_square,1,169,1541568584,collision,5,1.25,-0.01100974047005654,1,0.25,3,0.1452689465890466,11.10667884349823,11.58139631152153,0.900495623022167,4,3.2,1,0.8,1,0.8,2.7181610322303014,3.018516650983644,0,0.0,0.0,0.0,0.6,0.0
bayes-fix-seed43,baseline_square,1,170,1541568585,success,46,11.5,0.22877267466752793,0,0.0,0,1.1938331726911475,14.672618278342744,16.852418892085552,9.98338080977753,23,2.0,10,0.8695652173913043,2,0.17391304347826086,15.956306284910244,1.5982868518130597,6,0.5217391304347826,0.10256410256410256,0.10256410256410256,0.13043478260869565,0.7794092316124991
bayes-fix-seed43,baseline_square,1,171,1541568586,success,75,18.75,0.25229426564327273,0,0.0,0,1.085303241900152,14.500610927740732,15.641596913337708,12.262872035607131,58,3.0933333333333333,31,1.6533333333333333,12,0.64,49.410760381517086,4.029297560803485,14,0.7466666666666667,0.08823529411764706,0.08823529411764706,0.08,0.6311334612367657
bayes-fix-seed43,baseline_square,1,172,1541568587,success,48,12.0,0.2097590461853982,0,0.0,0,0.6080213143839125,13.758063859616717,15.296403132379055,9.786868979284296,26,2.1666666666666665,12,1.0,2,0.16666666666666666,14.368021288850676,1.4680917175108024,7,0.5833333333333334,0.12195121951219512,0.024390243902439025,0.08333333333333333,0.7870505467782075
bayes-fix-seed43,baseline_square,1,173,1541568588,timeout,101,25.25,0.08400446302465814,0,0.0,6,0.5388006298780247,14.752539557100523,16.285620629787445,10.112159819829333,74,2.9306930693069306,28,1.108910891089109,19,0.7524752475247525,77.66759394602127,7.680613768951695,15,0.594059405940594,0.7021276595744681,0.2978723404255319,0.49504950495049505,0.3822701540644951
bayes-fix-seed43,baseline_square,1,174,1541568589,success,73,18.25,0.2924088519933751,0,0.0,0,1.2893232710971356,14.77951051233566,16.61294996738434,14.164922034812863,42,2.3013698630136985,20,1.095890410958904,9,0.4931506849315068,32.310364379133645,2.2810125110272454,11,0.6027397260273972,0.21212121212121213,0.09090909090909091,0.2465753424657534,0.547831458015516
bayes-fix-seed43,baseline_square,1,175,1541568590,timeout,101,25.25,0.2029699504711695,0,0.0,0,0.3723346597487338,14.59076753494763,16.225341707468033,14.994581382803728,92,3.6435643564356437,67,2.6534653465346536,64,2.5346534653465347,206.36349382745135,13.762537850114022,68,2.6930693069306932,0.7127659574468085,0.5957446808510638,0.44554455445544555,0.12204003147799578
bayes-fix-seed43,baseline_square,1,176,1541568591,timeout,101,25.25,0.2016936886483609,0,0.0,0,0.5005543975121988,15.135821323878694,16.762636601924896,11.573399766644062,88,3.485148514851485,71,2.8118811881188117,58,2.297029702970297,189.3714115036636,16.36264324416192,60,2.376237623762376,0.7021276595744681,0.6595744680851063,0.2871287128712871,0.4836558221812946
bayes-fix-seed43,baseline_square,1,177,1541568592,timeout,101,25.25,0.3465425479459876,0,0.0,0,1.0958327200657856,14.981539938414452,18.27884092926979,18.20082371529954,81,3.207920792079208,53,2.099009900990099,48,1.900990099009901,130.7321677667139,7.182761055853805,51,2.01980198019802,0.574468085106383,0.3829787234042553,0.6039603960396039,0.0
bayes-fix-seed43,baseline_square,1,178,1541568593,success,44,11.0,0.2073422418801758,0,0.0,0,0.5750010432161763,13.54897894303907,15.270202793180943,8.857066984144634,28,2.5454545454545454,12,1.0909090909090908,1,0.09090909090909091,10.787917022990307,1.2180010653980782,3,0.2727272727272727,0.0,0.0,0.022727272727272728,0.8749461466472819
bayes-fix-seed43,baseline_square,1,179,1541568594,success,40,10.0,0.22990904862896167,0,0.0,0,1.1463376099309919,14.132333267480135,15.661117248237133,8.899061504546928,21,2.1,11,1.1,0,0.0,9.725146671190625,1.092828346699437,5,0.5,0.0,0.0,0.0,0.8894858414765313
bayes-fix-seed43,baseline_square,1,180,1541568595,success,43,10.75,0.1969905004939816,0,0.0,1,0.6830272426242008,13.998409949762877,15.76797217130661,9.244719609411534,24,2.2325581395348837,9,0.8372093023255814,1,0.09302325581395349,10.915033566348693,1.1806776222003212,4,0.37209302325581395,0.0,0.0,0.023255813953488372,0.8373767110136706
bayes-fix-seed43,baseline_square,1,181,1541568596,success,60,15.0,0.185613459099925,0,0.0,1,0.8874564740763256,14.095923552910486,15.418065153062344,11.962451495370171,33,2.2,15,1.0,7,0.4666666666666667,25.020133327964054,2.091555676330023,7,0.4666666666666667,0.20754716981132076,0.1320754716981132,0.21666666666666667,0.648698344493291
bayes-fix-seed43,baseline_square,1,182,1541568597,success,60,15.0,0.1516978038616228,0,0.0,2,0.5740710680342319,14.241862297058105,15.80655463039875,12.167635210121786,35,2.3333333333333335,9,0.6,1,0.06666666666666667,16.234764557310776,1.3342579948325293,7,0.4666666666666667,0.16981132075471697,0.1509433962264151,0.11666666666666667,0.639889357937922
bayes-fix-seed43,baseline_square,1,183,1541568598,success,72,18.0,0.18218320588395542,0,0.0,2,0.5830989371890214,14.237821102142334,16.074788011610508,11.87833236194997,60,3.3333333333333335,31,1.7222222222222223,10,0.5555555555555556,42.82565934055303,3.605359577051158,10,0.5555555555555556,0.09230769230769231,0.07692307692307693,0.125,0.6504974793234584
bayes-fix-seed43,baseline_square,1,184,1541568599,collision,7,1.75,-0.007477799938322982,1,0.25,3,0.37727972734295684,12.033520000321525,12.905656173825264,0.9085485181203234,6,3.4285714285714284,0,0.0,2,1.1428571428571428,7.540017115261627,8.29897024196463,2,1.1428571428571428,0.0,0.0,0.2857142857142857,0.6304260806953175
bayes-fix-seed43,baseline_square,1,185,1541568600,timeout,101,25.25,0.22250278977253524,0,0.0,0,2.259394918352102,14.652133319932636,15.969209372997284,17.121498675463787,91,3.603960396039604,41,1.6237623762376239,52,2.0594059405940595,148.91814765208233,8.697728538535685,53,2.099009900990099,0.7659574468085106,0.6382978723404256,0.5346534653465347,0.0
bayes-fix-seed43,baseline_square,1,186,1541568601,success,57,14.25,0.1867799963277248,0,0.0,4,0.7689593098668432,14.260410805020417,15.8669613301754,10.829050666193607,37,2.5964912280701755,15,1.0526315789473684,8,0.5614035087719298,32.13885306467924,2.9678366142482915,11,0.7719298245614035,0.16,0.14,0.15789473684210525,0.7241825189896065
bayes-fix-seed43,baseline_square,1,187,1541568602,timeout,101,25.25,0.15033922053261772,0,0.0,3,0.38397422663225717,14.5841613780744,16.227681189775467,17.45735050032698,88,3.485148514851485,33,1.306930693069307,23,0.9108910891089109,90.53844553454422,5.186264979490926,23,0.9108910891089109,0.3723404255319149,0.3723404255319149,0.33663366336633666,0.2881813804308087
bayes-fix-seed43,baseline_square,1,188,1541568603,timeout,101,25.25,0.1497575532138069,0,0.0,5,2.5051648751520945,14.556092127124861,16.110654920339584,18.090399314325754,80,3.1683168316831685,27,1.0693069306930694,24,0.9504950495049505,85.78816190495368,4.742192829155418,28,1.108910891089109,0.7340425531914894,0.43617021276595747,0.504950495049505,0.0
bayes-fix-seed43,baseline_square,1,189,1541568604,success,51,12.75,0.1714775319080506,0,0.0,2,1.3192509675439186,14.759685040688982,16.59988798201084,9.465924891165821,24,1.8823529411764706,10,0.7843137254901961,1,0.0784313725490196,14.248348199703893,1.5052251484692554,3,0.23529411764705882,0.11363636363636363,0.11363636363636363,0.0784313725490196,0.8136735794156768
bayes-fix-seed43,baseline_square,1,190,1541568605,success,50,12.5,0.22954930581552246,0,0.0,0,1.373114074085346,14.195767939090729,16.661899909377098,10.387215559464181,25,2.0,11,0.88,0,0.0,11.218991008322451,1.0800768448576585,2,0.16,0.0,0.0,0.08,0.7418560239084651
bayes-fix-seed43,baseline_square,1,191,1541568606,timeout,101,25.25,0.6802419722211953,0,0.0,0,1.2508396112906577,14.541268127389474,16.030579805374146,12.276438814871662,96,3.801980198019802,49,1.9405940594059405,41,1.6237623762376239,137.57704317557733,11.206592176300889,37,1.4653465346534653,0.5425531914893617,0.5106382978723404,0.39603960396039606,0.14648475854999632
bayes-fix-seed43,baseline_square,1,192,1541568607,timeout,101,25.25,0.2131743828835676,0,0.0,0,0.8878555850915687,14.419743625244292,15.86354523897171,7.894330899301691,82,3.2475247524752477,39,1.5445544554455446,29,1.1485148514851484,99.0942177103713,12.552579689703263,29,1.1485148514851484,0.6382978723404256,0.5851063829787234,0.297029702970297,0.45485947515474073
bayes-fix-seed43,baseline_square,1,193,1541568608,success,53,13.25,0.19856474176793426,0,0.0,2,0.7048771740116596,14.332567534919056,15.923259407281876,11.80457796808485,31,2.339622641509434,9,0.6792452830188679,0,0.0,13.068508225408365,1.1070711939673497,4,0.3018867924528302,0.15217391304347827,0.0,0.11320754716981132,0.6554436485809972
bayes-fix-seed43,baseline_square,1,194,1541568609,timeout,101,25.25,0.25739652250898526,0,0.0,0,0.9508727209909252,14.557306608646224,15.738286077976227,11.378565122372205,78,3.089108910891089,30,1.188118811881188,13,0.5148514851485149,65.26653379855631,5.735919520312025,17,0.6732673267326733,0.48936170212765956,0.35106382978723405,0.25742574257425743,0.3709402627876477
bayes-fix-seed43,baseline_square,1,195,1541568610,success,54,13.5,0.23101001286890688,0,0.0,0,1.2490410057022652,14.591895043849945,15.921265259385109,11.102081757472936,30,2.2222222222222223,10,0.7407407407407407,1,0.07407407407407407,11.849676751786442,1.0673382713841295,4,0.2962962962962963,0.10638297872340426,0.0,0.12962962962962962,0.7006832851241788
bayes-fix-seed43,baseline_square,1,196,1541568611,success,45,11.25,0.1916596242255033,0,0.0,1,0.7846494892164478,14.227688809235891,16.108515858650208,10.095857226667931,24,2.1333333333333333,11,0.9777777777777777,1,0.08888888888888889,9.162073460981377,0.9075082239455615,1,0.08888888888888889,0.15789473684210525,0.0,0.1111111111111111,0.774898240485621
bayes-fix-seed43,baseline_square,1,197,1541568612,success,60,15.0,0.14645078678649204,0,0.0,5,1.0813911051727856,15.002599358558655,18.671461194753647,10.379064544770106,42,2.8,20,1.3333333333333333,3,0.2,28.604098447117572,2.7559418600523933,10,0.6666666666666666,0.0,0.0,0.11666666666666667,0.7440180163394865
bayes-fix-seed43,baseline_square,1,198,1541568613,success,69,17.25,0.19541810156001838,0,0.0,1,0.5231525297928492,14.477592609498812,16.09625741839409,11.092544534066398,60,3.4782608695652173,30,1.7391304347826086,3,0.17391304347826086,26.104355225974437,2.3533243563553117,5,0.2898550724637681,0.016129032258064516,0.0,0.057971014492753624,0.6997053304538552
bayes-fix-seed43,baseline_square,1,199,1541568614,success,57,14.25,0.12328455664518134,0,0.0,7,0.6977925914462301,14.167453832270807,15.858639776706696,12.097088788091613,47,3.2982456140350878,24,1.6842105263157894,4,0.2807017543859649,23.850019941236134,1.9715503753856978,6,0.42105263157894735,0.18,0.12,0.15789473684210525,0.6436671642098345
bayes-fix-seed43,baseline_square,1,200,1541568615,success,66,16.5,0.1616625893773882,0,0.0,2,0.8811424661052887,14.281143801230373,15.477671287953854,13.023099549158035,48,2.909090909090909,24,1.4545454545454546,13,0.7878787878787878,48.87571953800255,3.7530020678650535,10,0.6060606060606061,0.2542372881355932,0.2033898305084746,0.19696969696969696,0.5959455591158045
bayes-fix-seed43,baseline_square,1,201,1541568616,success,57,14.25,0.2485887505846126,0,0.0,0,1.6330077049057048,14.503916954262214,16.361134499311444,12.770851650670188,30,2.1052631578947367,17,1.1929824561403508,3,0.21052631578947367,19.81956445111271,1.5519375679281828,4,0.2807017543859649,0.2,0.2,0.14035087719298245,0.6063610180458288
bayes-fix-seed43,baseline_square,1,202,1541568617,success,48,12.0,0.2345529024582509,0,0.0,0,0.7766372965380671,14.53258617160221,16.31355620920658,10.761710883234823,26,2.1666666666666665,14,1.1666666666666667,3,0.25,20.30670615081757,1.8869403174965849,7,0.5833333333333334,0.17073170731707318,0.0975609756097561,0.14583333333333334,0.7186795311939798
bayes-fix-seed43,baseline_square,1,203,1541568618,success,47,11.75,0.19786575215109514,0,0.0,1,0.8589392581653038,13.868083107344647,15.176066011190414,10.822501898422079,24,2.0425531914893615,9,0.7659574468085106,3,0.2553191489361702,15.569652701523431,1.4386370959004855,3,0.2553191489361702,0.175,0.1,0.10638297872340426,0.7171923587948613
bayes-fix-seed43,baseline_square,1,204,1541568619,success,60,15.0,0.2168444530641478,0,0.0,0,0.6764755597743038,14.374533916513125,16.188566386699677,10.036362720398216,48,3.2,26,1.7333333333333334,10,0.6666666666666666,39.478984319813506,3.9335948111535655,5,0.3333333333333333,0.0,0.0,0.08333333333333333,0.7709798365422539
bayes-fix-seed43,baseline_square,1,205,1541568620,success,53,13.25,0.19436517622761806,0,0.0,1,1.057859468071923,14.34044764851624,16.017135232686996,9.653507847229381,37,2.792452830188679,19,1.4339622641509433,2,0.1509433962264151,17.834612832150896,1.8474748365455096,2,0.1509433962264151,0.0,0.0,0.07547169811320754,0.8029261242268767
bayes-fix-seed43,baseline_square,1,206,1541568621,success,49,12.25,0.18830515918269997,0,0.0,2,1.1845236337687923,13.843796767142354,15.223521739244461,10.641307700720615,28,2.2857142857142856,14,1.1428571428571428,0,0.0,12.184881592582402,1.1450549063398718,5,0.40816326530612246,0.09523809523809523,0.09523809523809523,0.04081632653061224,0.7310316797296682
bayes-fix-seed43,baseline_square,1,207,1541568622,timeout,101,25.25,0.21597464790455823,0,0.0,0,2.117822546908812,14.589036787205403,16.15917682647705,15.813074109068522,83,3.287128712871287,54,2.1386138613861387,47,1.8613861386138615,149.04750134150004,9.425586721055327,47,1.8613861386138615,0.7872340425531915,0.6063829787234043,0.5544554455445545,0.0
bayes-fix-seed43,baseline_square,1,208,1541568623,success,64,16.0,0.21461619025376533,0,0.0,0,1.1846847440604935,14.36606131028384,15.924270637333393,11.668677579220665,41,2.5625,21,1.3125,5,0.3125,23.889662935174364,2.0473325081598426,8,0.5,0.22807017543859648,0.12280701754385964,0.171875,0.6692129753432099
bayes-fix-seed43,baseline_square,1,209,1541568624,timeout,101,25.25,0.17374447509537716,0,0.0,3,0.5720299307496726,14.729659377348305,16.23762398958206,16.215887929190547,87,3.4455445544554455,70,2.772277227722772,59,2.3366336633663365,191.79454407108545,11.827569659372905,58,2.297029702970297,0.574468085106383,0.574468085106383,0.33663366336633666,0.31255657816340987
bayes-fix-seed43,baseline_square,1,210,1541568625,timeout,101,25.25,0.2138511599198598,0,0.0,0,0.5437200321391872,14.509527658176895,15.808984637260437,15.527702535781406,91,3.603960396039604,79,3.128712871287129,63,2.495049504950495,201.30553506935559,12.964283325590202,58,2.297029702970297,0.5425531914893617,0.5425531914893617,0.32673267326732675,0.37040161934983584
bayes-fix-seed43,baseline_square,1,211,1541568626,timeout,101,25.25,0.19905130527243686,0,0.0,1,0.43976894097565217,14.69965083616795,16.01583883166313,12.141422559407234,86,3.405940594059406,43,1.702970297029703,28,1.108910891089109,95.18634386005785,7.839801587854876,29,1.1485148514851484,0.574468085106383,0.4787234042553192,0.2871287128712871,0.5090088065475531
bayes-fix-seed43,baseline_square,1,212,1541568627,success,63,15.75,0.17688210657101455,0,0.0,1,0.7849188285985392,14.264582818935788,15.634307637810707,11.541226617150455,49,3.111111111111111,19,1.2063492063492063,6,0.38095238095238093,36.38970208129816,3.1530185905216053,15,0.9523809523809523,0.03571428571428571,0.03571428571428571,0.06349206349206349,0.6751342152586611
bayes-fix-seed43,baseline_square,1,213,1541568628,success,56,14.0,0.2017187581565809,0,0.0,0,0.8186666007211546,14.073712551700217,15.430621802806854,10.957666690999167,36,2.5714285714285716,19,1.3571428571428572,3,0.21428571428571427,21.478738191837138,1.9601561899560402,4,0.2857142857142857,0.02040816326530612,0.02040816326530612,0.10714285714285714,0.7047905690473376
bayes-fix-seed43,baseline_square,1,214,1541568629,success,54,13.5,0.18647739874864577,0,0.0,2,0.8084219183547204,14.118595462706354,15.678098052740095,10.432475325109133,33,2.4444444444444446,14,1.037037037037037,3,0.2222222222222222,18.134557070038635,1.738279411636081,5,0.37037037037037035,0.06382978723404255,0.02127659574468085,0.12962962962962962,0.7408216003830642
bayes-fix-seed43,baseline_square,1,215,1541568630,success,50,12.5,0.2470147745815845,0,0.0,0,1.5268511008233794,14.122409373521805,16.045109182596207,9.562159045536056,33,2.64,20,1.6,12,0.96,37.267458073630024,3.897389480362989,11,0.88,0.06976744186046512,0.06976744186046512,0.16,0.8103991907050158
bayes-fix-seed43,baseline_square,1,216,1541568631,success,47,11.75,0.26577707216703894,0,0.0,0,0.9410147403430981,14.02058888306009,16.217492893338203,10.098895445161059,26,2.2127659574468086,11,0.9361702127659575,1,0.0851063829787234,12.753581175781608,1.2628689191838853,3,0.2553191489361702,0.0,0.0,0.06382978723404255,0.7633021267122158
bayes-fix-seed43,baseline_square,1,217,1541568632,success,79,19.75,0.2511538739029391,0,0.0,0,0.96022018146626,14.545087667205665,16.160935908555984,15.490639845056538,51,2.5822784810126582,22,1.1139240506329113,9,0.45569620253164556,39.150791359509306,2.527383745998286,4,0.20253164556962025,0.2777777777777778,0.1111111111111111,0.27848101265822783,0.5016002808904918
bayes-fix-seed43,baseline_square,1,218,1541568633,success,61,15.25,0.1870434375285418,0,0.0,2,0.553360831774089,14.211767948553211,15.5390165746212,11.883482504098334,43,2.819672131147541,20,1.3114754098360655,3,0.19672131147540983,23.24596644856657,1.9561577543072566,6,0.39344262295081966,0.16666666666666666,0.09259259259259259,0.09836065573770492,0.6571645371128338
bayes-fix-seed43,baseline_square,1,219,1541568634,timeout,101,25.25,0.19459288452153078,0,0.0,2,0.8600297749613954,14.525019960238202,16.084391623735428,13.652884537163876,83,3.287128712871287,26,1.0297029702970297,16,0.6336633663366337,65.04592486373757,4.764262430161121,15,0.594059405940594,0.5,0.3404255319148936,0.37623762376237624,0.3162372973450694
bayes-fix-seed43,baseline_square,1,220,1541568635,success,69,17.25,0.18417178976204718,0,0.0,5,0.9621410990816536,14.247767303300941,15.573387593030928,11.606786928629548,52,3.0144927536231885,16,0.927536231884058,5,0.2898550724637681,27.240578842225613,2.346952607102093,10,0.5797101449275363,0.06451612903225806,0.016129032258064516,0.10144927536231885,0.6681366438128657
bayes-fix-seed43,baseline_square,1,221,1541568636,success,60,15.0,0.2661764072473558,0,0.0,0,1.030354555485872,14.113207720220089,15.375774167478085,12.174637488229385,34,2.2666666666666666,19,1.2666666666666666,1,0.06666666666666667,16.093952921075115,1.3219246106206433,6,0.4,0.16981132075471697,0.11320754716981132,0.23333333333333334,0.6387874054995422
bayes-fix-seed43,baseline_square,1,222,1541568637,success,58,14.5,0.17281625810306533,0,0.0,1,1.3024681538090876,14.303723029021558,16.072497703135014,12.235155598836712,27,1.8620689655172413,12,0.8275862068965517,2,0.13793103448275862,21.71108585469645,1.7744838371128426,5,0.3448275862068966,0.29411764705882354,0.29411764705882354,0.1896551724137931,0.630595994673691
bayes-fix-seed43,baseline_square,1,223,1541568638,timeout,101,25.25,0.19867279371989433,0,0.0,2,0.5690966064199566,14.488676249390782,15.804637223482132,10.916244810765374,77,3.0495049504950495,38,1.504950495049505,28,1.108910891089109,99.67692413395945,9.13106346201215,31,1.2277227722772277,0.6276595744680851,0.4787234042553192,0.2079207920792079,0.4950539179357547
bayes-fix-seed43,baseline_square,1,224,1541568639,timeout,101,25.25,0.19442990054666365,0,0.0,1,0.45444574352900446,14.968626053616552,16.648296266794205,11.963554613845465,88,3.485148514851485,54,2.1386138613861387,50,1.9801980198019802,160.36583998815172,13.404531108384774,52,2.0594059405940595,0.648936170212766,0.6170212765957447,0.32673267326732675,0.4754646794302527
bayes-fix-seed43,baseline_square,1,225,1541568640,success,49,12.25,0.18851877599507305,0,0.0,1,1.1709189363480095,14.563710409767774,15.991251170635223,9.562398091272383,33,2.693877551020408,18,1.469387755102041,1,0.08163265306122448,15.114624626719623,1.5806311850282375,6,0.4897959183673469,0.11904761904761904,0.047619047619047616,0.12244897959183673,0.8058414544933987
bayes-fix-seed43,baseline_square,1,226,1541568641,success,61,15.25,0.030018038493865973,0,0.0,14,0.5100513387878071,14.19270826412029,15.96231758594513,13.278808119707302,36,2.360655737704918,17,1.1147540983606556,5,0.32786885245901637,27.075763604786484,2.03902062298821,12,0.7868852459016393,0.14814814814814814,0.1111111111111111,0.14754098360655737,0.5905175950782937
bayes-fix-seed43,baseline_square,1,227,1541568642,success,57,14.25,0.2051591383316529,0,0.0,0,1.4264774329411003,15.038656822422094,16.603218019008633,9.823761596040299,40,2.807017543859649,20,1.4035087719298245,0,0.0,16.675539312334912,1.6974698692867696,6,0.42105263157894735,0.0,0.0,0.03508771929824561,0.7923211420834222
bayes-fix-seed43,baseline_square,1,228,1541568643,success,56,14.0,0.17873837560630457,0,0.0,2,0.752437729193581,14.731325807848147,16.803870908915997,10.82079618960353,37,2.642857142857143,14,1.0,4,0.2857142857142857,23.840648723355777,2.203225003559492,8,0.5714285714285714,0.12244897959183673,0.08163265306122448,0.16071428571428573,0.717485555007022
bayes-fix-seed43,baseline_square,1,229,1541568644,timeout,101,25.25,0.18808129016298625,0,0.0,1,1.2118959641216656,14.81430627184339,16.91533252596855,20.58525610905795,69,2.732673267326733,40,1.5841584158415842,9,0.3564356435643564,55.94493754876237,2.7177188008919355,10,0.39603960396039606,0.3617021276595745,0.19148936170212766,0.27722772277227725,0.36395363576099016
bayes-fix-seed43,baseline_square,1,230,1541568645,success,53,13.25,0.17879461167399757,0,0.0,1,1.3557746086932758,14.0623207081039,15.652328729629517,9.208565221084775,31,2.339622641509434,10,0.7547169811320755,4,0.3018867924528302,19.781251879488263,2.1481361541747344,5,0.37735849056603776,0.0,0.0,0.11320754716981132,0.8413405214305036
bayes-fix-seed43,baseline_square,1,231,1541568646,success,58,14.5,0.15585790594867943,0,0.0,3,0.7132675124942679,14.662613578397652,17.352714017033577,9.418278958057051,39,2.689655172413793,14,0.9655172413793104,3,0.20689655172413793,21.874720286342264,2.3225814805187,11,0.7586206896551724,0.0,0.0,0.06896551724137931,0.8207926041785264
bayes-fix-seed43,baseline_square,1,232,1541568647,success,53,13.25,0.18383110165663819,0,0.0,2,0.8002592516232564,14.125576207660279,15.736842900514603,11.406049347700995,29,2.188679245283019,13,0.9811320754716981,0,0.0,11.222418438161068,0.9839005685542699,4,0.3018867924528302,0.06521739130434782,0.0,0.07547169811320754,0.6782650540123576
bayes-fix-seed43,baseline_square,1,233,1541568648,success,56,14.0,0.1929077765665438,0,0.0,1,0.8268398925780799,14.138278617922749,15.59328194707632,10.017919798771985,40,2.857142857142857,22,1.5714285714285714,5,0.35714285714285715,30.600631495291488,3.0545893868148726,11,0.7857142857142857,0.0,0.0,0.07142857142857142,0.7717026488443848
bayes-fix-seed43,baseline_square,1,234,1541568649,timeout,101,25.25,0.2903579360240319,0,0.0,0,0.9309220023163809,14.586556665968187,15.917230397462845,10.768979458871355,79,3.128712871287129,39,1.5445544554455446,22,0.8712871287128713,77.67985861142529,7.213298057452747,20,0.7920792079207921,0.648936170212766,0.5531914893617021,0.5247524752475248,0.4021446283830855
bayes-fix-seed43,baseline_square,1,235,1541568650,success,58,14.5,0.20753769998316962,0,0.0,0,1.2460062720830654,14.6487840162269,16.5379635989666,10.86253551330736,39,2.689655172413793,25,1.7241379310344827,2,0.13793103448275862,24.14693063872558,2.222955276799225,7,0.4827586206896552,0.11764705882352941,0.11764705882352941,0.13793103448275862,0.710936866882972
bayes-fix-seed43,baseline_square,1,236,1541568651,success,58,14.5,0.305652694529432,0,0.0,0,0.8868618524579941,14.81686969255579,17.97589808702469,11.422138686172858,34,2.3448275862068964,12,0.8275862068965517,0,0.0,10.81444583085263,0.946796929015065,1,0.06896551724137931,0.0,0.0,0.034482758620689655,0.6767379555007149
bayes-fix-seed43,baseline_square,1,237,1541568652,success,55,13.75,0.2388033033469601,0,0.0,0,1.368493179169773,14.012995497746902,15.620994195342064,11.737087189620334,32,2.327272727272727,18,1.309090909090909,3,0.21818181818181817,19.307015902692108,1.644958036928125,8,0.5818181818181818,0.125,0.041666666666666664,0.14545454545454545,0.6654741767701527
bayes-fix-seed43,baseline_square,1,238,1541568653,timeout,101,25.25,0.21540501806866375,0,0.0,0,0.9133638098738592,14.911230727292523,16.714196652173996,12.180094613636442,93,3.6831683168316833,48,1.900990099009901,64,2.5346534653465347,164.21067071193482,13.481887942651106,40,1.5841584158415842,0.7021276595744681,0.6808510638297872,0.36633663366336633,0.12231271425040016
bayes-fix-seed43,baseline_square,1,239,1541568654,success,50,12.5,0.5060157319132389,0,0.0,0,1.3748217407437608,14.419604167342186,17.61699430644512,9.082103770228553,32,2.56,15,1.2,4,0.32,18.46665620567354,2.0333016086215476,6,0.48,0.06976744186046512,0.06976744186046512,0.08,0.8516700098362614
bayes-fix-seed43,baseline_square,1,240,1541568655,timeout,101,25.25,0.1497788855420067,0,0.0,2,0.8226552984472543,14.637531067180161,16.166362911462784,10.178776500070848,89,3.5247524752475248,38,1.504950495049505,31,1.2277227722772277,100.19836037725916,9.84385111280926,28,1.108910891089109,0.6702127659574468,0.6170212765957447,0.40594059405940597,0.2272136088287369
bayes-fix-seed43,baseline_square,1,241,1541568656,success,46,11.5,0.28909081641931145,0,0.0,0,0.6586064032453456,14.545440673828125,16.50270912796259,10.570813043314622,27,2.347826086956522,9,0.782608695652174,1,0.08695652173913043,12.008422819389875,1.1359980325245134,7,0.6086956521739131,0.07692307692307693,0.07692307692307693,0.08695652173913043,0.7287553027874996
bayes-fix-seed43,baseline_square,1,242,1541568657,success,45,11.25,0.21278661072263416,0,0.0,0,0.9763863525431614,14.422673897610771,16.922087967395782,8.973134792893187,17,1.511111111111111,6,0.5333333333333333,0,0.0,6.134279508759346,0.6836272551726021,2,0.17777777777777778,0.05263157894736842,0.05263157894736842,0.044444444444444446,0.8667944258390979
bayes-fix-seed43,baseline_square,1,243,1541568658,success,51,12.75,0.21928457602510643,0,0.0,0,0.9472526743578467,14.1212851831726,15.698214992880821,11.778623603290855,23,1.803921568627451,9,0.7058823529411765,1,0.0784313725490196,11.157549551072464,0.9472710841999511,4,0.3137254901960784,0.13636363636363635,0.11363636363636363,0.11764705882352941,0.658023523238184
bayes-fix-seed43,baseline_square,1,244,1541568659,timeout,101,25.25,0.19242331901534449,0,0.0,1,0.998746985663921,14.957435797936846,16.682535409927368,10.349413724967198,97,3.8415841584158414,49,1.9405940594059405,38,1.504950495049505,114.84188669847313,11.09646302199955,33,1.306930693069307,0.6382978723404256,0.5212765957446809,0.25742574257425743,0.1814484763950297
bayes-fix-seed43,baseline_square,1,245,1541568660,timeout,101,25.25,0.33546985689035047,0,0.0,0,1.0293669016222387,15.04165760361322,17.021536827087402,7.901993570028691,79,3.128712871287129,31,1.2277227722772277,17,0.6732673267326733,71.73178309808982,9.077681785285149,28,1.108910891089109,0.7127659574468085,0.6170212765957447,0.4158415841584158,0.34920967837099137
bayes-fix-seed43,baseline_square,1,246,1541568661,success,35,8.75,0.480202944594618,0,0.0,0,1.546569647200732,14.422781765460968,16.360311210155487,8.254302994578786,16,1.8285714285714285,13,1.4857142857142858,2,0.22857142857142856,8.02764974889786,0.9725412011371781,3,0.34285714285714286,0.0,0.0,0.0,0.9411175661648318
bayes-fix-seed43,baseline_square,1,247,1541568662,success,59,14.75,0.5595893742189867,0,0.0,0,0.9455572190866229,14.441231107812817,16.256022080779076,12.344634962037627,34,2.305084745762712,15,1.0169491525423728,3,0.2033898305084746,24.477983565668517,1.9828843575321191,7,0.4745762711864407,0.15384615384615385,0.09615384615384616,0.1864406779661017,0.6346324353263983
bayes-fix-seed43,baseline_square,1,248,1541568663,success,54,13.5,0.1930443069224811,0,0.0,1,0.9804258813249352,14.19295025644479,15.596960112452507,11.746502165453109,34,2.5185185185185186,16,1.1851851851851851,1,0.07407407407407407,16.037275099803992,1.3652809043844731,4,0.2962962962962963,0.10638297872340426,0.10638297872340426,0.12962962962962962,0.6609331092556693
bayes-fix-seed43,baseline_square,1,249,1541568664,success,63,15.75,0.22374947464541128,0,0.0,0,0.8410567464366042,14.79178513326342,16.699925810098648,11.690813339570399,35,2.2222222222222223,17,1.0793650793650793,6,0.38095238095238093,22.908499194082175,1.9595299769728418,8,0.5079365079365079,0.16071428571428573,0.16071428571428573,0.12698412698412698,0.6602785895615496
bayes-fix-seed43,baseline_square,1,250,1541568665,success,51,12.75,0.22780336369633292,0,0.0,0,0.9904946021334734,14.536591867605845,16.364535316824913,11.10408448393071,24,1.8823529411764706,7,0.5490196078431373,1,0.0784313725490196,11.71250836188437,1.0547927997876945,1,0.0784313725490196,0.11363636363636363,0.045454545454545456,0.13725490196078433,0.700786330365321
bayes-fix-seed43,baseline_square,1,251,1541568666,success,50,12.5,0.15074173562232074,0,0.0,3,0.6321643520496031,14.092350900173187,15.995891392230988,10.665010483993285,34,2.72,13,1.04,5,0.4,22.612670629231534,2.1202670792654206,6,0.48,0.0,0.0,0.1,0.7283551817593215
bayes-fix-seed43,baseline_square,1,252,1541568667,timeout,101,25.25,0.2743565274361567,0,0.0,0,1.1280663302658411,14.537779522119182,16.22011512517929,13.699514666908861,97,3.8415841584158414,41,1.6237623762376239,56,2.217821782178218,165.17817809881961,12.05722845772099,54,2.1386138613861387,0.6170212765957447,0.6063829787234043,0.3564356435643564,0.15552431284237428
bayes-fix-seed43,baseline_square,1,253,1541568668,success,47,11.75,0.1702327852826543,0,0.0,2,0.7887560391786808,14.386597386700041,16.19972661137581,8.68009184602421,34,2.893617021276596,20,1.702127659574468,2,0.1702127659574468,13.298900141005591,1.5321151408204234,4,0.3404255319148936,0.0,0.0,0.0425531914893617,0.8972693930182439
bayes-fix-seed43,baseline_square,1,254,1541568669,success,50,12.5,0.2019809635239025,0,0.0,0,1.2091357395306148,13.753024488687515,15.774403885006903,10.2596496137426,26,2.08,8,0.64,1,0.08,9.092616637082577,0.8862502112063549,2,0.16,0.0,0.0,0.08,0.757354494116809
bayes-fix-seed43,baseline_square,1,255,1541568670,success,38,9.5,0.44799297066812993,0,0.0,0,1.3914579224207408,13.672577511323126,15.176206827163696,8.985725232197408,13,1.368421052631579,5,0.5263157894736842,1,0.10526315789473684,6.1552446549957365,0.6850025452526002,1,0.10526315789473684,0.0,0.0,0.02631578947368421,0.8698432097441215
bayes-fix-seed43,baseline_square,1,256,1541568671,success,80,20.0,0.19032708366454487,0,0.0,1,0.8725225071628874,14.454670250415802,16.353992372751236,13.339612214416839,51,2.55,21,1.05,9,0.45,40.65788297471934,3.0479059151943093,10,0.5,0.2876712328767123,0.2328767123287671,0.1875,0.5788220027739919
bayes-fix-seed43,baseline_square,1,257,1541568672,success,43,10.75,0.21618249322023675,0,0.0,0,1.1746890381435848,13.733214590438577,15.857836231589317,8.530002417501201,22,2.046511627906977,7,0.6511627906976745,0,0.0,6.853305481763797,0.8034353504639944,3,0.27906976744186046,0.0,0.0,0.0,0.9137754571380319
bayes-fix-seed43,baseline_square,1,258,1541568673,success,49,12.25,0.21913282848333915,0,0.0,0,0.988968880259615,13.85137963355804,15.62860831618309,10.633608314874008,27,2.204081632653061,10,0.8163265306122449,5,0.40816326530612246,18.56665246934045,1.746035016483531,2,0.16326530612244897,0.0,0.0,0.061224489795918366,0.7331022608782031
bayes-fix-seed43,baseline_square,1,259,1541568674,success,56,14.0,0.21217545494965484,0,0.0,0,1.0239243837973357,14.1411174886993,16.151675023138523,10.697793254511119,43,3.0714285714285716,25,1.7857142857142858,6,0.42857142857142855,27.840465893299264,2.602449424002404,10,0.7142857142857143,0.10204081632653061,0.10204081632653061,0.17857142857142858,0.7262238764626343
bayes-fix-seed43,baseline_square,1,260,1541568675,success,53,13.25,0.24820659992312266,0,0.0,0,1.1940160762948469,14.140682330109039,15.73987528681755,11.53784073671992,26,1.9622641509433962,7,0.5283018867924528,1,0.07547169811320754,12.972997704781534,1.1243869629344194,7,0.5283018867924528,0.13043478260869565,0.043478260869565216,0.16981132075471697,0.6766397287001925
bayes-fix-seed43,baseline_square,1,261,1541568676,success,66,16.5,0.2268965275178879,0,0.0,0,0.9562032011273672,14.174151714100983,15.478957444429398,13.618563511164632,44,2.6666666666666665,23,1.393939393939394,8,0.48484848484848486,37.58748764432059,2.7600185301119313,16,0.9696969696969697,0.1694915254237288,0.0847457627118644,0.19696969696969696,0.5706851372154679
bayes-fix-seed43,baseline_square,1,262,1541568677,success,59,14.75,0.19462731058066163,0,0.0,1,0.8258431421106587,14.329477134397475,16.1081425845623,10.710893772221617,33,2.23728813559322,18,1.2203389830508475,8,0.5423728813559322,29.35759131175671,2.7409095763693174,9,0.6101694915254238,0.1346153846153846,0.038461538461538464,0.13559322033898305,0.723600896897754
bayes-fix-seed43,baseline_square,1,263,1541568678,success,50,12.5,0.18022820135253115,0,0.0,2,0.7968849034423009,14.255942031741142,16.329699382185936,9.60282450508374,29,2.32,11,0.88,1,0.08,12.16200961773891,1.2665033721380972,3,0.24,0.023255813953488372,0.0,0.06,0.8077089732558782
bayes-fix-seed43,baseline_square,1,264,1541568679,success,42,10.5,0.23064479270389238,0,0.0,0,0.8881512194340612,13.63266303780533,14.76686131209135,9.292824109481051,19,1.8095238095238095,7,0.6666666666666666,1,0.09523809523809523,7.449055649430725,0.8015922352205922,3,0.2857142857142857,0.0,0.0,0.0,0.834137642569704
bayes-fix-seed43,baseline_square,1,265,1541568680,success,66,16.5,0.22051289629313253,0,0.0,0,1.1045646157072488,14.072840638232954,15.369603410363197,11.126588744300927,39,2.3636363636363638,13,0.7878787878787878,5,0.30303030303030304,28.71751363659946,2.5809809544105473,5,0.30303030303030304,0.23728813559322035,0.2033898305084746,0.22727272727272727,0.6925083247973973
bayes-fix-seed43,baseline_square,1,266,1541568681,success,55,13.75,0.18526037598728462,0,0.0,1,0.8957353449633151,13.975393568927592,15.543263778090477,10.497016630716885,30,2.1818181818181817,11,0.8,2,0.14545454545454545,18.11210766293705,1.7254528881983964,6,0.43636363636363634,0.0,0.0,0.05454545454545454,0.750710325322227
bayes-fix-seed43,baseline_square,1,267,1541568682,success,76,19.0,0.17748806928693583,0,0.0,2,1.0592348338972277,14.600893188464013,16.31417963653803,13.581933390801021,53,2.789473684210526,28,1.4736842105263157,9,0.47368421052631576,43.130481074204795,3.1755774257748066,14,0.7368421052631579,0.2318840579710145,0.15942028985507245,0.19736842105263158,0.5705976859377988
bayes-fix-seed43,baseline_square,1,268,1541568683,timeout,101,25.25,0.14720988105475297,0,0.0,2,0.9888913969817433,14.526001740210127,16.071874648332596,11.430742023187099,94,3.722772277227723,61,2.4158415841584158,53,2.099009900990099,159.1633550552567,13.924148995086764,42,1.6633663366336633,0.7340425531914894,0.7340425531914894,0.33663366336633666,0.19144483739725965
bayes-fix-seed43,baseline_square,1,269,1541568684,success,61,15.25,0.19800841458041285,0,0.0,1,1.1678296005620985,14.460185206815845,16.37355238199234,11.683825362168845,41,2.6885245901639343,15,0.9836065573770492,5,0.32786885245901637,30.624115632216498,2.6210692716594837,19,1.2459016393442623,0.16666666666666666,0.14814814814814814,0.19672131147540983,0.660144621692634
bayes-fix-seed43,baseline_square,1,270,1541568685,success,43,10.75,0.1689035260100218,0,0.0,2,0.8964912934165051,13.763232979663583,15.61548225581646,9.943893866693807,20,1.8604651162790697,8,0.7441860465116279,1,0.09302325581395349,9.509268875324102,0.9562922737112628,4,0.37209302325581395,0.0,0.0,0.023255813953488372,0.7791278353949388
bayes-fix-seed43,baseline_square,1,271,1541568686,success,48,12.0,0.2077195927507346,0,0.0,0,0.9303207601510012,13.889363423610726,15.79415649175644,9.069290598549564,37,3.0833333333333335,18,1.5,0,0.0,13.298829472753031,1.4663582921116112,8,0.6666666666666666,0.0,0.0,0.0,0.8578508627575814
bayes-fix-seed43,baseline_square,1,272,1541568687,success,55,13.75,0.17354271966497792,0,0.0,3,0.9255354228051828,14.091036536476828,15.688694268465042,10.991967760649056,33,2.4,14,1.018181818181818,2,0.14545454545454545,19.892543811410007,1.8097345484058616,7,0.509090909090909,0.0625,0.020833333333333332,0.14545454545454545,0.7071691233952685
bayes-fix-seed43,baseline_square,1,273,1541568688,success,77,19.25,0.1354845981511693,0,0.0,2,0.7111591785060644,14.3588510426608,15.553027391433716,13.752701237133676,53,2.7532467532467533,23,1.1948051948051948,8,0.4155844155844156,40.52464497814037,2.9466680239311644,20,1.0389610389610389,0.12857142857142856,0.02857142857142857,0.22077922077922077,0.5630373733773356
bayes-fix-seed43,baseline_square,1,274,1541568689,success,48,12.0,0.20816749320462313,0,0.0,0,0.8418286932623111,13.936502936606606,15.339518897235394,8.94596995010384,32,2.6666666666666665,22,1.8333333333333333,2,0.16666666666666666,16.79575505031923,1.877466070643829,3,0.25,0.0,0.0,0.020833333333333332,0.8699198090634883
bayes-fix-seed43,baseline_square,1,275,1541568690,success,69,17.25,0.13857924449757408,0,0.0,5,0.8004931919325399,14.415930794632953,16.06474071741104,13.77576308618308,44,2.550724637681159,20,1.1594202898550725,2,0.11594202898550725,30.513056132732977,2.214981191374959,10,0.5797101449275363,0.1935483870967742,0.1935483870967742,0.15942028985507245,0.562683650911065
bayes-fix-seed43,baseline_square,1,276,1541568691,collision,7,1.75,-0.005712503291736115,1,0.25,5,0.16504675912694408,12.365992047957011,13.491331785917282,1.1359239707997046,6,3.4285714285714284,2,1.1428571428571428,1,0.5714285714285714,4.086763042254821,3.5977434646243878,1,0.5714285714285714,0.0,0.0,0.0,0.7185490305619191
bayes-fix-seed43,baseline_square,1,277,1541568692,success,56,14.0,0.19746097565822973,0,0.0,1,1.337939342882613,14.307061077228614,16.041851602494717,10.070706814631283,26,1.8571428571428572,9,0.6428571428571429,2,0.14285714285714285,17.07482230612615,1.6954939330890757,3,0.21428571428571427,0.061224489795918366,0.061224489795918366,0.17857142857142858,0.784557588819793
bayes-fix-seed43,baseline_square,1,278,1541568693,success,78,19.5,0.1446886228732278,0,0.0,3,0.6017936999277336,14.237133212960684,15.818305686116219,13.628548056954537,56,2.871794871794872,26,1.3333333333333333,12,0.6153846153846154,44.97342834208786,3.299942749157221,11,0.5641025641025641,0.352112676056338,0.29577464788732394,0.16666666666666666,0.5697109729667287
bayes-fix-seed43,baseline_square,1,279,1541568694,success,52,13.0,0.13433371073912725,0,0.0,2,0.803072567685338,13.832367526797148,15.397730655968187,10.186532085666972,39,3.0,17,1.3076923076923077,1,0.07692307692307693,22.8351164791996,2.2416968097837637,10,0.7692307692307693,0.0,0.0,0.038461538461538464,0.7645461762243312
bayes-fix-seed43,baseline_square,1,280,1541568695,success,47,11.75,0.19637130155982485,0,0.0,1,1.032449241046284,13.859310920568223,15.46936146914959,10.854644041179483,21,1.7872340425531914,10,0.851063829787234,2,0.1702127659574468,11.359269505140631,1.046489360871415,1,0.0851063829787234,0.15,0.075,0.1276595744680851,0.7172277356884712
bayes-fix-seed43,baseline_square,1,281,1541568696,success,47,11.75,0.20795294399511688,0,0.0,0,0.660287406892764,13.935855728514651,15.818268060684204,9.512212870633244,31,2.6382978723404253,16,1.3617021276595744,7,0.5957446808510638,27.254558632564795,2.865217484430667,9,0.7659574468085106,0.175,0.175,0.14893617021276595,0.8193275718319922
bayes-fix-seed43,baseline_square,1,282,1541568697,success,52,13.0,0.25868713321083026,0,0.0,0,1.1426190337731517,14.028620189772202,16.397638618946075,9.777624925963266,28,2.1538461538461537,10,0.7692307692307693,4,0.3076923076923077,23.9311875865566,2.447546082792592,5,0.38461538461538464,0.08888888888888889,0.08888888888888889,0.07692307692307693,0.796324280876685
bayes-fix-seed43,baseline_square,1,283,1541568698,success,68,17.0,0.16137585351187256,0,0.0,1,0.8513967324130692,14.138559810817242,15.890020877122879,13.049329265930677,49,2.8823529411764706,21,1.2352941176470589,6,0.35294117647058826,36.59833200170592,2.804614034627605,10,0.5882352941176471,0.19672131147540983,0.16393442622950818,0.20588235294117646,0.5979420921113786
bayes-fix-seed43,baseline_square,1,284,1541568699,success,50,12.5,0.2560362861727852,0,0.0,0,0.9877430336533479,13.867314830422401,15.3145220130682,11.484060952361082,21,1.68,9,0.72,1,0.08,11.816899683090305,1.0289826684227754,1,0.08,0.13953488372093023,0.0,0.12,0.6727305572142421
bayes-fix-seed43,baseline_square,1,285,1541568700,timeout,101,25.25,0.1988917800387623,0,0.0,1,0.6722020861933153,15.841448845544663,16.091637313365936,14.623020187983785,70,2.772277227722772,45,1.7821782178217822,51,2.01980198019802,161.06272058458998,11.014326624327612,12,0.4752475247524752,0.6063829787234043,0.6063829787234043,0.26732673267326734,0.44642854375749014
bayes-fix-seed43,baseline_square,1,286,1541568701,success,62,15.5,0.1945084017847225,0,0.0,1,1.0378357678098284,14.446025113424946,16.264627315104008,13.645162230166852,40,2.5806451612903225,18,1.1612903225806452,1,0.06451612903225806,22.8976099257521,1.6780753163293178,8,0.5161290322580645,0.14545454545454545,0.14545454545454545,0.1935483870967742,0.5672483130908839
bayes-fix-seed43,baseline_square,1,287,1541568702,success,50,12.5,0.20314750404343773,0,0.0,0,0.7824334716432001,14.024420976638794,15.770772844552994,9.661343317816991,36,2.88,20,1.6,1,0.08,20.519873196814387,2.1239151246154986,4,0.32,0.0,0.0,0.08,0.8063300160905339
bayes-fix-seed43,baseline_square,1,288,1541568703,success,63,15.75,0.18541734786723607,0,0.0,3,0.6542342481900713,14.380861546785113,16.11987315118313,11.74816036441385,47,2.984126984126984,16,1.0158730158730158,8,0.5079365079365079,33.462354610100746,2.848305911065105,15,0.9523809523809523,0.14285714285714285,0.07142857142857142,0.14285714285714285,0.6567689073663284
bayes-fix-seed43,baseline_square,1,289,1541568704,success,55,13.75,0.22656321471040475,0,0.0,0,1.076770958713923,14.390140568668192,15.890761092305183,11.532476641036899,24,1.7454545454545454,14,1.018181818181818,2,0.14545454545454545,17.135895312219972,1.4858816406567863,8,0.5818181818181818,0.1875,0.1875,0.2,0.6710352083763743
bayes-fix-seed43,baseline_square,1,290,1541568705,success,58,14.5,0.23533048865653794,0,0.0,0,0.7553112274867937,14.123771596571494,15.447231195867062,11.944859129337022,38,2.6206896551724137,16,1.103448275862069,3,0.20689655172413793,22.47602252884756,1.88164818734828,7,0.4827586206896552,0.0784313725490196,0.058823529411764705,0.034482758620689655,0.6572217014408378
bayes-fix-seed43,baseline_square,1,291,1541568706,success,52,13.0,0.6224274367902339,0,0.0,0,1.3012692699539712,14.289658373365036,15.552815049886703,10.010299290279123,35,2.6923076923076925,13,1.0,5,0.38461538461538464,21.39142412575902,2.136941514479189,11,0.8461538461538461,0.2,0.1111111111111111,0.11538461538461539,0.7708408499436765
bayes-fix-seed43,baseline_square,1,292,1541568707,success,75,18.75,0.18091939287084213,0,0.0,1,0.6785681794296805,14.252120206753412,15.661711990833282,10.60617406381247,57,3.04,24,1.28,10,0.5333333333333333,46.02955696209865,4.3398832307635145,17,0.9066666666666666,0.25,0.20588235294117646,0.10666666666666667,0.7295680999881192
bayes-fix-seed43,baseline_square,1,293,1541568708,success,67,16.75,0.19369584041197851,0,0.0,1,0.7895873860587238,14.28531616258977,16.409394145011902,11.940789577845184,54,3.2238805970149254,22,1.3134328358208955,7,0.417910447761194,32.92712145758025,2.757533012613578,9,0.5373134328358209,0.08333333333333333,0.05,0.14925373134328357,0.6491691793891345
bayes-fix-seed43,baseline_square,1,294,1541568709,timeout,101,25.25,0.5345070002565594,0,0.0,0,1.3438168879443655,14.361864195601775,16.31244271993637,16.028687221487445,71,2.8118811881188117,33,1.306930693069307,23,0.9108910891089109,85.30929021142788,5.322288034734717,27,1.0693069306930694,0.6170212765957447,0.43617021276595747,0.49504950495049505,0.0
bayes-fix-seed43,baseline_square,1,295,1541568710,success,53,13.25,0.21096103485011275,0,0.0,0,0.6404922843855431,14.21493910393625,16.12314209342003,9.167850778961581,34,2.5660377358490565,16,1.2075471698113207,5,0.37735849056603776,23.882185017444442,2.604992772379037,9,0.6792452830188679,0.1956521739130435,0.1956521739130435,0.1509433962264151,0.8527613566026369
bayes-fix-seed43,baseline_square,1,296,1541568711,timeout,101,25.25,0.278995177271502,0,0.0,0,0.9440243079550577,14.451387605749735,15.624750405550003,16.73520335293729,84,3.3267326732673266,47,1.8613861386138615,61,2.4158415841584158,194.69856384902647,11.63407218561547,60,2.376237623762376,0.5957446808510638,0.5851063829787234,0.3564356435643564,0.38050526502404486
bayes-fix-seed43,baseline_square,1,297,1541568712,success,47,11.75,0.16674306808371064,0,0.0,3,0.5160802371603245,13.802623415881015,15.209701657295227,9.436772493306833,31,2.6382978723404253,13,1.1063829787234043,1,0.0851063829787234,16.719559538742264,1.7717455359447154,7,0.5957446808510638,0.0,0.0,0.0425531914893617,0.8259832990154268
bayes-fix-seed43,baseline_square,1,298,1541568713,success,47,11.75,0.19297440729350235,0,0.0,2,0.716545887095009,13.902463573724665,15.530551224946976,10.02460520669112,31,2.6382978723404253,10,0.851063829787234,0,0.0,10.529735456244065,1.050389041676752,2,0.1702127659574468,0.05,0.0,0.0851063829787234,0.7786486173557952
bayes-fix-seed43,baseline_square,1,299,1541568714,success,89,22.25,0.17640194959715516,0,0.0,3,0.9286915433784992,14.182538840543017,15.711650252342222,14.967797462852332,60,2.696629213483146,31,1.3932584269662922,4,0.1797752808988764,36.20612740055604,2.4189348827316666,6,0.2696629213483146,0.32926829268292684,0.18292682926829268,0.20224719101123595,0.5168133190727348
bayes-fix-seed43,baseline_square,1,300,1541568715,success,52,13.0,0.13220863328657095,0,0.0,2,0.8293703850423128,13.934944326487871,15.167923085391521,9.697865620965121,40,3.076923076923077,19,1.4615384615384615,5,0.38461538461538464,23.16257479160994,2.388419854110623,8,0.6153846153846154,0.0,0.0,0.11538461538461539,0.7973318206536502
bayes-fix-seed43,baseline_square,1,301,1541568716,success,53,13.25,0.22628779206160665,0,0.0,0,0.8384639891288402,14.142816570007577,16.01518914103508,10.81240685431005,36,2.7169811320754715,19,1.4339622641509433,2,0.1509433962264151,17.363996125282533,1.6059325513043272,9,0.6792452830188679,0.21739130434782608,0.15217391304347827,0.16981132075471697,0.7175104926080761
bayes-fix-seed43,baseline_square,1,302,1541568717,success,54,13.5,0.17166767484770307,0,0.0,1,0.7861019682748986,14.252973237523326,16.03694092482328,11.79780723891798,26,1.9259259259259258,11,0.8148148148148148,3,0.2222222222222222,19.43706651200675,1.6475151795910676,6,0.4444444444444444,0.19148936170212766,0.19148936170212766,0.12962962962962962,0.6587805100267066
bayes-fix-seed43,baseline_square,1,303,1541568718,success,99,24.75,0.07744867599030392,0,0.0,7,0.700868041905587,14.567329313116844,16.01310335099697,18.782584695392423,74,2.98989898989899,39,1.5757575757575757,20,0.8080808080808081,71.97278368915681,3.831889213139688,24,0.9696969696969697,0.2391304347826087,0.07608695652173914,0.25252525252525254,0.4125740581495686
bayes-fix-seed43,baseline_square,1,304,1541568719,success,84,21.0,0.12250872767336574,0,0.0,3,1.3736790590684915,15.043193075273718,16.1302974447608,17.35905331977018,43,2.0476190476190474,28,1.3333333333333333,3,0.14285714285714285,21.157303748609717,1.2188051594100306,5,0.23809523809523808,0.3246753246753247,0.15584415584415584,0.2857142857142857,0.4491683730513894
bayes-fix-seed43,baseline_square,1,305,1541568720,success,43,10.75,0.1951395372383371,0,0.0,1,0.822692182801726,14.124435914117237,16.674120724201202,8.519540164003116,24,2.2325581395348837,14,1.302325581395349,1,0.09302325581395349,13.700649640099378,1.6081442632300227,6,0.5581395348837209,0.0,0.0,0.023255813953488372,0.9057489106117275
bayes-fix-seed43,baseline_square,1,306,1541568721,success,49,12.25,0.1728521337706388,0,0.0,2,0.7070822531768779,14.280398889463775,16.163453459739685,10.15956435174212,28,2.2857142857142856,11,0.8979591836734694,3,0.24489795918367346,18.635235818313582,1.8342554043784456,6,0.4897959183673469,0.11904761904761904,0.11904761904761904,0.16326530612244897,0.7797393769184315
bayes-fix-seed43,baseline_square,1,307,1541568722,success,53,13.25,0.06684486117036581,0,0.0,3,1.108182698075646,14.139855596816764,16.166481375694275,10.402661104979078,41,3.0943396226415096,19,1.4339622641509433,3,0.22641509433962265,22.19161896320625,2.133263665831098,6,0.4528301886792453,0.0,0.0,0.11320754716981132,0.7500568918844016
bayes-fix-seed43,baseline_square,1,308,1541568723,success,49,12.25,0.32296615600914225,0,0.0,0,1.0362026743046133,14.033520708278735,15.690718591213226,10.904185358097157,24,1.9591836734693877,14,1.1428571428571428,1,0.08163265306122448,9.66778449780606,0.8866122667868097,2,0.16326530612244897,0.07142857142857142,0.047619047619047616,0.10204081632653061,0.7238882885051283
bayes-fix-seed43,baseline_square,1,309,1541568724,success,56,14.0,0.18862135497635568,0,0.0,2,0.738231567415365,14.582761563360691,16.487084329128265,11.648993078420833,34,2.4285714285714284,8,0.5714285714285714,4,0.2857142857142857,19.091238525611132,1.6388745702816736,7,0.5,0.10204081632653061,0.10204081632653061,0.08928571428571429,0.6623861863547627
bayes-fix-seed43,baseline_square,1,310,1541568725,timeout,101,25.25,0.12908976760697377,0,0.0,3,0.560382248646247,14.782178667512271,16.345620155334473,9.473962182179067,82,3.2475247524752477,37,1.4653465346534653,12,0.4752475247524752,63.20367326239641,6.671303098642852,13,0.5148514851485149,0.43617021276595747,0.3829787234042553,0.45544554455445546,0.406109116621472
bayes-fix-seed43,baseline_square,1,311,1541568726,success,48,12.0,0.11213472831350724,0,0.0,3,0.685247343148648,14.325075782835484,16.29689447581768,9.751973840522858,32,2.6666666666666665,15,1.25,1,0.08333333333333333,11.492986642816529,1.1785292732286827,6,0.5,0.12195121951219512,0.12195121951219512,0.08333333333333333,0.791887706184393
bayes-fix-seed43,baseline_square,1,312,1541568727,success,60,15.0,0.16460631669313663,0,0.0,2,0.8252165011620574,14.615587952236334,17.059669643640518,11.632569809937937,39,2.6,24,1.6,8,0.5333333333333333,29.58738858383492,2.5434954672318253,9,0.6,0.2830188679245283,0.2641509433962264,0.23333333333333334,0.6689043481560195
bayes-fix-seed43,baseline_square,1,313,1541568728,timeout,101,25.25,0.22641953495694722,0,0.0,0,0.7842069963725766,14.562252576988522,16.042478382587433,9.63183922508318,90,3.5643564356435644,38,1.504950495049505,22,0.8712871287128713,96.17518971555333,9.985132378984739,32,1.2673267326732673,0.6382978723404256,0.5957446808510638,0.44554455445544555,0.17121704934952775
bayes-fix-seed43,baseline_square,1,314,1541568729,success,41,10.25,0.3395790105212416,0,0.0,0,1.1077911251753247,14.106290460359759,15.748083591461182,9.46488501586991,19,1.853658536585366,10,0.975609756097561,2,0.1951219512195122,10.455501881578531,1.1046623243755882,3,0.2926829268292683,0.0,0.0,0.024390243902439025,0.8259584450927101
bayes-fix-seed43,baseline_square,1,315,1541568730,success,38,9.5,0.2177667385587363,0,0.0,0,0.6929749809561706,14.11099457427075,15.45539554208517,8.387212386846542,20,2.1052631578947367,12,1.263157894736842,0,0.0,6.583010749257991,0.7848866161517459,4,0.42105263157894735,0.0,0.0,0.0,0.9223242231117377
bayes-fix-seed43,baseline_square,1,316,1541568731,success,45,11.25,0.16925143919616803,0,0.0,1,0.6413126936599104,14.528754933012856,15.892059355974197,9.595789000373431,26,2.311111111111111,13,1.1555555555555554,2,0.17777777777777778,14.674204204516837,1.529233729914838,6,0.5333333333333333,0.0,0.0,0.08888888888888889,0.8131350239829589
bayes-fix-seed43,baseline_square,1,317,1541568732,success,48,12.0,0.17470338533357932,0,0.0,1,0.6737073605090523,13.956505882864198,15.879425592720509,10.029250600833144,30,2.5,14,1.1666666666666667,1,0.08333333333333333,13.455607403869752,1.3416363733848644,7,0.5833333333333334,0.024390243902439025,0.024390243902439025,0.08333333333333333,0.7737877349468023
bayes-fix-seed43,baseline_square,1,318,1541568733,success,59,14.75,0.14968679129795537,0,0.0,3,0.5829515827612356,14.160483507281644,15.737051516771315,12.307795615295314,39,2.6440677966101696,17,1.152542372881356,2,0.13559322033898305,17.282311101917664,1.4041759907387763,7,0.4745762711864407,0.15384615384615385,0.1346153846153846,0.2033898305084746,0.6284984221123975
bayes-fix-seed43,baseline_square,1,319,1541568734,success,68,17.0,0.1737102441767011,0,0.0,2,0.9081197763069069,14.373486149398719,15.97844548523426,12.48015596623439,44,2.588235294117647,20,1.1764705882352942,2,0.11764705882352941,20.660025776171278,1.6554300949497653,7,0.4117647058823529,0.22950819672131148,0.08196721311475409,0.16176470588235295,0.6258882722187686
bayes-fix-seed43,baseline_square,1,320,1541568735,success,44,11.0,0.34971172354546953,0,0.0,0,0.744842536232376,14.05799998478456,15.514763072133064,10.271560831457885,21,1.9090909090909092,8,0.7272727272727273,1,0.09090909090909091,10.296403206782584,1.0024185589446752,2,0.18181818181818182,0.0,0.0,0.022727272727272728,0.7598657616429672
bayes-fix-seed43,baseline_square,1,321,1541568736,success,57,14.25,0.13986432457552667,0,0.0,1,1.5631199053171447,14.017369140658463,15.686909854412079,11.960945898110332,32,2.245614035087719,12,0.8421052631578947,2,0.14035087719298245,20.510043232903598,1.714750940905427,2,0.14035087719298245,0.16,0.06,0.15789473684210525,0.6494259619518004
bayes-fix-seed43,baseline_square,1,322,1541568737,success,82,20.5,0.2205431161383652,0,0.0,0,1.3734671528125844,14.177538318241515,15.506937727332115,15.834874581750597,57,2.7804878048780486,26,1.2682926829268293,8,0.3902439024390244,44.604230535465916,2.8168351005995005,16,0.7804878048780488,0.16,0.14666666666666667,0.24390243902439024,0.48985431697505666
bayes-fix-seed43,baseline_square,1,323,1541568738,success,60,15.0,0.2652769679335166,0,0.0,0,0.7557183513048181,14.167135146756968,15.844417922198772,11.091537383220283,42,2.8,22,1.4666666666666666,5,0.3333333333333333,25.11492192045183,2.264331900323095,7,0.4666666666666667,0.018867924528301886,0.018867924528301886,0.11666666666666667,0.6965856290191415
bayes-fix-seed43,baseline_square,1,324,1541568739,success,53,13.25,0.20727803962756375,0,0.0,0,0.9792960428059031,14.04543474035443,16.166144609451294,9.36489185839589,43,3.2452830188679247,18,1.3584905660377358,0,0.0,18.49151209194869,1.9745569272506363,9,0.6792452830188679,0.0,0.0,0.03773584905660377,0.8280093640026231
bayes-fix-seed43,baseline_square,1,325,1541568740,success,52,13.0,0.3318289055184238,0,0.0,0,1.116133803762855,13.878641220239492,15.591634251177311,11.434353819956959,28,2.1538461538461537,15,1.1538461538461537,2,0.15384615384615385,13.497717958972814,1.1804530602695327,5,0.38461538461538464,0.13333333333333333,0.13333333333333333,0.1346153846153846,0.6869008249434622
bayes-fix-seed43,baseline_square,1,326,1541568741,success,52,13.0,0.20433889216031387,0,0.0,0,0.5889996545025016,13.752045682989634,15.537851676344872,10.214893037377234,33,2.5384615384615383,11,0.8461538461538461,3,0.23076923076923078,19.212452773977788,1.8808276017847327,4,0.3076923076923077,0.0,0.0,0.21153846153846154,0.7624156043243656
bayes-fix-seed43,baseline_square,1,327,1541568742,success,46,11.5,0.305284917758575,0,0.0,0,1.043755581132342,14.013573608320693,15.695463865995407,10.129114715655204,21,1.826086956521739,12,1.0434782608695652,4,0.34782608695652173,16.45688838560681,1.6247114232176303,2,0.17391304347826086,0.15384615384615385,0.15384615384615385,0.10869565217391304,0.7653916864739826
bayes-fix-seed43,baseline_square,1,328,1541568743,timeout,101,25.25,0.21903331807215987,0,0.0,0,1.6176637156089069,14.305772056969085,15.698976814746857,17.242187959070037,89,3.5247524752475248,44,1.7425742574257426,45,1.7821782178217822,125.3532684177269,7.270148586437743,46,1.8217821782178218,0.8191489361702128,0.723404255319149,0.49504950495049505,0.0
bayes-fix-seed43,baseline_square,1,329,1541568744,success,49,12.25,0.14476982039298147,0,0.0,3,0.5276656516803188,13.83404160032467,15.279786288738249,9.528289778813722,41,3.3469387755102042,23,1.8775510204081634,3,0.24489795918367346,21.484383704988126,2.254799570932334,10,0.8163265306122449,0.0,0.0,0.0,0.8106847135592077
bayes-fix-seed43,baseline_square,1,330,1541568745,success,58,14.5,0.1056134634672401,0,0.0,7,0.8801103081382834,13.928168613849016,15.780941769480705,10.37385254572046,35,2.413793103448276,17,1.1724137931034482,8,0.5517241379310345,34.34568738659833,3.3107938671026322,11,0.7586206896551724,0.1568627450980392,0.0784313725490196,0.13793103448275862,0.7426283598127456
bayes-fix-seed43,baseline_square,1,331,1541568746,success,52,13.0,0.19841415917707073,0,0.0,1,1.0104725424342773,14.11093076547751,15.763894282281399,10.329659652867864,32,2.4615384615384617,14,1.0769230769230769,8,0.6153846153846154,28.745071779700865,2.782770463470232,9,0.6923076923076923,0.13333333333333333,0.1111111111111111,0.1346153846153846,0.7511264163965368
bayes-fix-seed43,baseline_square,1,332,1541568747,success,53,13.25,0.2081866817940542,0,0.0,0,0.9133861597220337,13.924258848968542,15.982261300086975,11.116729367488979,28,2.1132075471698113,10,0.7547169811320755,4,0.3018867924528302,20.63793841076782,1.8564757428676586,7,0.5283018867924528,0.13043478260869565,0.021739130434782608,0.1320754716981132,0.6972719726790192
bayes-fix-seed43,baseline_square,1,333,1541568748,success,46,11.5,0.2111887378109536,0,0.0,0,0.7313335746180971,13.91534847409829,15.708656050264835,10.583378577984679,21,1.826086956521739,7,0.6086956521739131,1,0.08695652173913043,10.60571243548804,1.0021102767267365,2,0.17391304347826086,0.05128205128205128,0.0,0.10869565217391304,0.7369269732063984
bayes-fix-seed43,baseline_square,1,334,1541568749,success,57,14.25,0.18231408140527805,0,0.0,3,0.9339318437249791,14.294012596732692,16.237281262874603,11.727846667379518,40,2.807017543859649,18,1.263157894736842,9,0.631578947368421,35.83750789348407,3.055761974887044,11,0.7719298245614035,0.1,0.06,0.17543859649122806,0.664010258884676
bayes-fix-seed43,baseline_square,1,335,1541568750,success,57,14.25,0.15653343034930234,0,0.0,2,0.4591983258431571,14.411252384123049,15.920581668615341,10.43559098898524,38,2.6666666666666665,16,1.1228070175438596,9,0.631578947368421,32.70283477440358,3.133778892725999,9,0.631578947368421,0.12,0.12,0.10526315789473684,0.7498225486947002
bayes-fix-seed43,baseline_square,1,336,1541568751,success,49,12.25,0.18452903718046043,0,0.0,2,0.6817851590942804,14.081424976489982,15.712434798479078,9.780393073825024,26,2.122448979591837,17,1.3877551020408163,1,0.08163265306122448,13.115888008686316,1.34103894492625,2,0.16326530612244897,0.11904761904761904,0.11904761904761904,0.10204081632653061,0.794576276857139
bayes-fix-seed43,baseline_square,1,337,1541568752,success,79,19.75,0.3707386564386147,0,0.0,0,1.2040989938004718,14.33008979958824,16.1770049482584,14.389547757076782,55,2.7848101265822787,40,2.0253164556962027,8,0.4050632911392405,42.26170706418063,2.9369725704823706,14,0.7088607594936709,0.2222222222222222,0.125,0.189873417721519,0.5417584974109066
bayes-fix-seed43,baseline_square,1,338,1541568753,success,67,16.75,0.21684571537490505,0,0.0,0,1.158120076882327,14.13671272014504,15.563289076089857,13.802967207055351,49,2.925373134328358,31,1.8507462686567164,0,0.0,23.40932406139899,1.695963173007712,6,0.3582089552238806,0.2833333333333333,0.16666666666666666,0.1791044776119403,0.55860686963429
bayes-fix-seed43,baseline_square,1,339,1541568754,success,53,13.25,0.4040424279487681,0,0.0,0,0.8931657416064197,14.009455394632411,15.695003420114517,10.745332638516127,29,2.188679245283019,17,1.2830188679245282,4,0.3018867924528302,17.228162783896032,1.6033159105882413,3,0.22641509433962265,0.0,0.0,0.05660377358490566,0.7182586079526316
bayes-fix-seed43,baseline_square,1,340,1541568755,timeout,101,25.25,0.1820041046483427,0,0.0,1,0.919942567324148,14.552535433875452,16.13035425543785,15.53511611476029,98,3.881188118811881,61,2.4158415841584158,66,2.613861386138614,185.50439024077133,11.940972238020102,60,2.376237623762376,0.7872340425531915,0.7127659574468085,0.42574257425742573,0.0
bayes-fix-seed43,baseline_square,1,341,1541568756,timeout,101,25.25,0.22566371797629237,0,0.0,0,0.971311316815524,14.38253723306231,15.789881348609924,8.587639597804499,83,3.287128712871287,44,1.7425742574257426,40,1.5841584158415842,128.20585757410413,14.929114818335066,39,1.5445544554455446,0.7659574468085106,0.6595744680851063,0.2871287128712871,0.26493939546016076
bayes-fix-seed43,baseline_square,1,342,1541568757,success,57,14.25,0.4729650346653399,0,0.0,0,1.3071614144885624,14.256202141966735,15.81842452287674,12.178773827998885,25,1.7543859649122806,11,0.7719298245614035,4,0.2807017543859649,18.54748150529585,1.5229350480797472,6,0.42105263157894735,0.24,0.22,0.21052631578947367,0.642081383521792
bayes-fix-seed43,baseline_square,1,343,1541568758,success,53,13.25,0.18826423152816096,0,0.0,1,1.2454091009363204,14.043205400120538,15.579307079315186,10.926406715579853,25,1.8867924528301887,10,0.7547169811320755,5,0.37735849056603776,18.602138982278603,1.7024937352692537,5,0.37735849056603776,0.10869565217391304,0.10869565217391304,0.09433962264150944,0.71322977306068
bayes-fix-seed43,baseline_square,1,344,1541568759,success,43,10.75,0.2037063591090691,0,0.0,0,1.3224724809954924,13.99138024033502,16.036327183246613,8.863326835994801,25,2.3255813953488373,14,1.302325581395349,0,0.0,8.478065582935347,0.9565331099497683,1,0.09302325581395349,0.0,0.0,0.0,0.8755744174855836
bayes-fix-seed43,baseline_square,1,345,1541568760,success,56,14.0,0.1971193018590356,0,0.0,1,0.834751484020918,14.173168023782116,16.24310202896595,10.069105519563363,34,2.4285714285714284,10,0.7142857142857143,3,0.21428571428571427,19.507802552219857,1.937391808469775,5,0.35714285714285715,0.12244897959183673,0.061224489795918366,0.10714285714285714,0.7776861691844766
bayes-fix-seed43,baseline_square,1,346,1541568761,success,72,18.0,0.16150134825676477,0,0.0,3,0.986769172124438,14.23089573573735,15.609972551465034,14.305895362538973,46,2.5555555555555554,18,1.0,4,0.2222222222222222,31.6948852024814,2.215512164689584,7,0.3888888888888889,0.3076923076923077,0.18461538461538463,0.25,0.5447325970707447
bayes-fix-seed43,baseline_square,1,347,1541568762,success,72,18.0,0.07149484542252993,0,0.0,6,0.53630451913723,14.484506100416183,16.134734451770782,12.001606618170133,55,3.0555555555555554,27,1.5,6,0.3333333333333333,37.08498887481048,3.0900020351162594,12,0.6666666666666666,0.18461538461538463,0.12307692307692308,0.1388888888888889,0.6472458829385678
bayes-fix-seed43,baseline_square,1,348,1541568763,success,55,13.75,0.19959784892922028,0,0.0,1,0.7620445378779268,14.03590129180388,16.050558164715767,10.978876995436574,35,2.5454545454545454,15,1.0909090909090908,4,0.2909090909090909,21.88505587249842,1.9933783647995196,8,0.5818181818181818,0.16666666666666666,0.16666666666666666,0.14545454545454545,0.7048714752278757
bayes-fix-seed43,baseline_square,1,349,1541568764,success,58,14.5,0.4144986198006769,0,0.0,0,1.1219530380983664,14.083122834563255,15.76016154140234,10.38941341999273,34,2.3448275862068964,14,0.9655172413793104,3,0.20689655172413793,18.610935215354335,1.7913364752181897,3,0.20689655172413793,0.19607843137254902,0.11764705882352941,0.15517241379310345,0.7473793842078982
bayes-fix-seed43,baseline_square,1,350,1541568765,timeout,101,25.25,0.26316427021775657,0,0.0,0,0.7415121502513543,14.614619683511187,16.05416089296341,14.463419107940691,96,3.801980198019802,59,2.3366336633663365,79,3.128712871287129,234.3474173798603,16.20276752204457,77,3.0495049504950495,0.8085106382978723,0.7553191489361702,0.2376237623762376,0.0
bayes-fix-seed43,baseline_square,1,351,1541568766,success,95,23.75,0.2103784756906314,0,0.0,0,1.083326616336093,14.185759150668195,15.387652814388275,18.507120155538164,55,2.3157894736842106,24,1.0105263157894737,0,0.0,28.76103909288767,1.5540526484495252,10,0.42105263157894735,0.3181818181818182,0.18181818181818182,0.2736842105263158,0.4173782824923908
bayes-fix-seed43,baseline_square,1,352,1541568767,timeout,101,25.25,0.20140521352329643,0,0.0,0,0.5255106391809714,14.289885279860828,15.630941838026047,13.617614694236245,94,3.722772277227723,68,2.6930693069306932,69,2.732673267326733,200.57138978174075,14.728819568278286,64,2.5346534653465347,0.5531914893617021,0.46808510638297873,0.4158415841584158,0.19242391152463278
bayes-fix-seed43,baseline_square,1,353,1541568768,success,81,20.25,0.18852071297109652,0,0.0,1,0.843010566398006,14.249525366374003,15.550650656223297,14.391631619852648,59,2.9135802469135803,37,1.8271604938271604,17,0.8395061728395061,55.135960889177966,3.8311125760834677,14,0.691358024691358,0.20270270270270271,0.08108108108108109,0.18518518518518517,0.5367674517047328
bayes-fix-seed43,baseline_square,1,354,1541568769,success,62,15.5,0.14824602952237909,0,0.0,2,0.9295464572452986,14.460870154923008,16.343732178211212,11.605884503513693,45,2.903225806451613,21,1.3548387096774193,5,0.3225806451612903,28.39922274601563,2.446967548007025,10,0.6451612903225806,0.2,0.2,0.14516129032258066,0.66989200838596
bayes-fix-seed43,baseline_square,1,355,1541568770,success,71,17.75,0.16181802244649923,0,0.0,2,0.9423354647531346,14.149131751816038,15.511645004153252,11.68207443463426,53,2.9859154929577465,25,1.408450704225352,13,0.7323943661971831,52.927547030485684,4.530663396012057,12,0.676056338028169,0.03125,0.0,0.2112676056338028,0.6684066051286252
bayes-fix-seed43,baseline_square,1,356,1541568771,success,57,14.25,0.37419708420398357,0,0.0,0,0.8903135062145371,14.118361172446033,15.702933818101883,12.512182652066809,34,2.3859649122807016,11,0.7719298245614035,1,0.07017543859649122,15.51128666833023,1.2396947119188688,5,0.3508771929824561,0.18,0.0,0.15789473684210525,0.617969059475454
bayes-fix-seed43,baseline_square,1,357,1541568772,timeout,101,25.25,0.20231450474044055,0,0.0,0,0.7653815071733937,14.415923100296814,15.792854130268097,14.542737108422742,90,3.5643564356435644,59,2.3366336633663365,40,1.5841584158415842,118.79607642493791,8.168756372288033,22,0.8712871287128713,0.3617021276595745,0.2872340425531915,0.25742574257425743,0.5091731871143743
bayes-fix-seed43,baseline_square,1,358,1541568773,success,60,15.0,0.31996540965751896,0,0.0,0,0.9567130343231555,14.137118930617968,15.47278705984354,10.052350724693193,42,2.8,21,1.4,11,0.7333333333333333,37.36734999528212,3.717274796579743,3,0.2,0.09433962264150944,0.09433962264150944,0.16666666666666666,0.7697637455844082
bayes-fix-seed43,baseline_square,1,359,1541568774,success,51,12.75,0.16771166412111782,0,0.0,1,0.6532725989890387,14.207975391079398,15.702223405241966,10.56574297894488,29,2.2745098039215685,9,0.7058823529411765,3,0.23529411764705882,18.24624262658532,1.726924709691115,8,0.6274509803921569,0.022727272727272728,0.0,0.09803921568627451,0.7329457000227559
bayes-fix-seed43,baseline_square,1,360,1541568775,success,53,13.25,0.026892991245260234,0,0.0,10,0.9565720341213763,14.503142603163448,16.20548516511917,10.978653000863302,32,2.4150943396226414,10,0.7547169811320755,0,0.0,14.247239115803698,1.2977219623102554,4,0.3018867924528302,0.15217391304347827,0.021739130434782608,0.09433962264150944,0.7089583122140423
bayes-fix-seed43,baseline_square,1,361,1541568776,success,48,12.0,0.238564275771595,0,0.0,0,1.1056721068596962,13.924689187357822,15.428207069635391,10.671365064648658,28,2.3333333333333335,15,1.25,3,0.25,20.848437648156917,1.953680482473807,8,0.6666666666666666,0.12195121951219512,0.12195121951219512,0.125,0.7312238624105333
bayes-fix-seed43,baseline_square,1,362,1541568777,success,45,11.25,0.18236240659570502,0,0.0,1,1.1719049213018895,14.095021618737114,15.798101574182509,10.208420992454238,19,1.6888888888888889,11,0.9777777777777777,5,0.4444444444444444,16.31013698369907,1.5977139849301905,2,0.17777777777777778,0.0,0.0,0.08888888888888889,0.7658341127866959
bayes-fix-seed43,baseline_square,1,363,1541568778,timeout,101,25.25,0.22299749863543494,0,0.0,0,0.4323704221365895,14.48128896184487,15.655506402254105,8.620004807153139,62,2.4554455445544554,32,1.2673267326732673,24,0.9504950495049505,87.63595713946523,10.166578685285916,29,1.1485148514851484,0.6170212765957447,0.574468085106383,0.27722772277227725,0.4497744316733514
bayes-fix-seed43,baseline_square,1,364,1541568779,success,69,17.25,0.18797794312575689,0,0.0,4,0.819616945469346,14.321635382762853,15.764366090297699,11.230003464074256,53,3.072463768115942,20,1.1594202898550725,3,0.17391304347826086,24.705385625143556,2.1999446130340212,10,0.5797101449275363,0.0967741935483871,0.06451612903225806,0.07246376811594203,0.6891301113643213
bayes-fix-seed43,baseline_square,1,365,1541568780,success,59,14.75,0.17637646191812417,0,0.0,3,0.8454182426476105,14.14705977096396,15.912983566522598,11.528767889630931,33,2.23728813559322,13,0.8813559322033898,2,0.13559322033898305,17.083005592687748,1.4817720120857272,6,0.4067796610169492,0.23076923076923078,0.1346153846153846,0.1864406779661017,0.6856391925685991
bayes-fix-seed43,baseline_square,1,366,1541568781,success,63,15.75,0.16769936173349353,0,0.0,2,0.8298781563192145,14.068430910507837,16.033043712377548,11.90569405030876,46,2.9206349206349205,17,1.0793650793650793,3,0.19047619047619047,18.67230329560607,1.5683506746187406,7,0.4444444444444444,0.07142857142857142,0.0,0.12698412698412698,0.6565361100470927
bayes-fix-seed43,baseline_square,1,367,1541568782,success,45,11.25,0.22458174267382858,0,0.0,0,0.874629719368566,13.919216063287523,15.395240485668182,8.458264175215769,30,2.6666666666666665,12,1.0666666666666667,0,0.0,11.891171608145743,1.4058642957722944,10,0.8888888888888888,0.0,0.0,0.0,0.9143089783923779
bayes-fix-seed43,baseline_square,1,368,1541568783,success,59,14.75,0.20483239293253763,0,0.0,0,0.7688872232023346,13.955219064728688,15.321559831500053,10.00354165032768,40,2.711864406779661,14,0.9491525423728814,5,0.3389830508474576,29.220218612617273,2.9209873496813126,9,0.6101694915254238,0.09615384615384616,0.038461538461538464,0.1864406779661017,0.7749066669419047
bayes-fix-seed43,baseline_square,1,369,1541568784,success,52,13.0,0.15923123454458787,0,0.0,5,0.6778960843860549,13.855139151788675,15.571934171020985,10.231464547084514,32,2.4615384615384617,11,0.8461538461538461,2,0.15384615384615385,17.013923634016106,1.6629020758190747,6,0.46153846153846156,0.08888888888888889,0.022222222222222223,0.1346153846153846,0.7533306562814036
bayes-fix-seed43,baseline_square,1,370,1541568785,success,68,17.0,0.16321944924589382,0,0.0,2,0.6376062295105135,14.582930077963015,15.963830426335335,12.05583422188393,53,3.1176470588235294,32,1.8823529411764706,11,0.6470588235294118,46.96875040027366,3.89593532358095,17,1.0,0.13114754098360656,0.13114754098360656,0.14705882352941177,0.6404625139406073
bayes-fix-seed43,baseline_square,1,371,1541568786,success,61,15.25,0.18965384479047376,0,0.0,2,0.8652660137649585,14.58811503453333,16.017921268939972,13.562634492716914,28,1.8360655737704918,10,0.6557377049180327,4,0.26229508196721313,21.79521988711981,1.6070048852841803,6,0.39344262295081966,0.25925925925925924,0.2037037037037037,0.18032786885245902,0.5720190587575186
bayes-fix-seed43,baseline_square,1,372,1541568787,success,67,16.75,0.20495366557201256,0,0.0,0,0.9612578519673823,14.217306818090268,16.0925954580307,13.990944877162738,35,2.08955223880597,13,0.7761194029850746,4,0.23880597014925373,28.967033359350072,2.070412943062383,8,0.47761194029850745,0.23333333333333334,0.16666666666666666,0.19402985074626866,0.5524801649500222
bayes-fix-seed43,baseline_square,1,373,1541568788,success,73,18.25,0.18879969513790218,0,0.0,2,0.6068587277000155,14.722106187310937,16.647879779338833,10.949923559707122,65,3.5616438356164384,27,1.4794520547945205,8,0.4383561643835616,43.150097760150466,3.9406757065347593,12,0.6575342465753424,0.030303030303030304,0.015151515151515152,0.0821917808219178,0.7119586361681626
bayes-fix-seed43,baseline_square,1,374,1541568789,timeout,101,25.25,0.2818740560456422,0,0.0,0,1.5678003026759115,14.526536817302798,16.098711639642715,19.15966250639185,76,3.00990099009901,40,1.5841584158415842,29,1.1485148514851484,86.82186882654707,4.531492597929763,39,1.5445544554455446,0.6276595744680851,0.46808510638297873,0.5445544554455446,0.0
bayes-fix-seed43,baseline_square,1,375,1541568790,success,43,10.75,0.20026659673946257,0,0.0,0,0.436780344905423,14.199141066434771,16.275031492114067,9.133115564033082,20,1.8604651162790697,7,0.6511627906976745,2,0.18604651162790697,9.565138033322155,1.0473028580729244,3,0.27906976744186046,0.0,0.0,0.06976744186046512,0.847715953743198
bayes-fix-seed43,baseline_square,1,376,1541568791,success,47,11.75,0.2619413958540002,0,0.0,0,0.8426611771700069,14.014330553881665,15.766650065779684,9.25087993945993,27,2.297872340425532,10,0.851063829787234,3,0.2553191489361702,15.548912118821619,1.6808035798299823,5,0.425531914893617,0.0,0.0,0.0425531914893617,0.8546816824756049
bayes-fix-seed43,baseline_square,1,377,1541568792,success,48,12.0,0.1757330253170094,0,0.0,2,0.7358316402993151,14.193138107657433,15.577535517513752,9.730194235373979,29,2.4166666666666665,13,1.0833333333333333,8,0.6666666666666666,27.28807651047708,2.8044739755833112,12,1.0,0.14634146341463414,0.12195121951219512,0.14583333333333334,0.8105993198928624
bayes-fix-seed43,baseline_square,1,378,1541568793,timeout,101,25.25,0.2868490759149339,0,0.0,0,0.6048800675264254,14.461815062135752,15.911836177110672,13.616465404661161,93,3.6831683168316833,66,2.613861386138614,54,2.1386138613861387,172.54630868176378,12.67188683361969,59,2.3366336633663365,0.5638297872340425,0.5638297872340425,0.4158415841584158,0.23514311799379026
bayes-fix-seed43,baseline_square,1,379,1541568794,success,52,13.0,0.11437331547634078,0,0.0,2,1.0024678732180108,14.36744974209712,16.47545825690031,10.008843795042768,38,2.923076923076923,17,1.3076923076923077,2,0.15384615384615385,24.992287130741882,2.4970203994111877,10,0.7692307692307693,0.0,0.0,0.057692307692307696,0.7750402714043092
bayes-fix-seed43,baseline_square,1,380,1541568795,success,53,13.25,0.18557450292640576,0,0.0,1,0.7392981673359089,14.110713845716333,16.127701103687286,10.149989049368804,32,2.4150943396226414,8,0.6037735849056604,2,0.1509433962264151,18.12638703395896,1.7858528660271,5,0.37735849056603776,0.13043478260869565,0.043478260869565216,0.07547169811320754,0.7720734315767422
bayes-fix-seed43,baseline_square,1,381,1541568796,success,51,12.75,0.2123010868913533,0,0.0,0,0.7267985014652045,13.847878385408253,15.6002938747406,9.667108790042857,36,2.823529411764706,9,0.7058823529411765,4,0.3137254901960784,19.821066078984753,2.050361334445775,4,0.3137254901960784,0.1590909090909091,0.045454545454545456,0.13725490196078433,0.7993122382852678
bayes-fix-seed43,baseline_square,1,382,1541568797,success,48,12.0,0.1231753763685236,0,0.0,2,0.5602309005022337,13.896498053024212,15.53227175027132,10.390294514127847,33,2.75,16,1.3333333333333333,3,0.25,17.76693233154311,1.7099546415537243,6,0.5,0.0975609756097561,0.0975609756097561,0.10416666666666667,0.7410772253594765
bayes-fix-seed43,baseline_square,1,383,1541568798,success,62,15.5,0.20089842096087962,0,0.0,0,0.6182005411855831,14.184974254139009,15.713985078036785,12.80411232048481,49,3.161290322580645,19,1.2258064516129032,3,0.1935483870967742,24.918418956683126,1.946126239209656,9,0.5806451612903226,0.14545454545454545,0.07272727272727272,0.1935483870967742,0.6027996301046085
bayes-fix-seed43,baseline_square,1,384,1541568799,timeout,101,25.25,0.1320302800284623,0,0.0,5,0.700112886647482,14.704970403177903,16.116909682750702,10.646781662338558,79,3.128712871287129,49,1.9405940594059405,24,0.9504950495049505,95.26382814005802,8.947664295309066,43,1.702970297029703,0.5212765957446809,0.46808510638297873,0.19801980198019803,0.3185675058291444
bayes-fix-seed43,baseline_square,1,385,1541568800,timeout,101,25.25,0.20017893578563506,0,0.0,0,2.0577661409334755,14.416153736338757,15.939008444547653,15.44978937861468,85,3.366336633663366,56,2.217821782178218,48,1.900990099009901,165.10580232840258,10.68660538226748,7,0.27722772277227725,0.7446808510638298,0.46808510638297873,0.5445544554455446,0.0
bayes-fix-seed43,baseline_square,1,386,1541568801,success,45,11.25,0.24963489345370504,0,0.0,0,0.7446270409788509,14.004412541786829,15.53972139954567,10.244321120480944,27,2.4,8,0.7111111111111111,3,0.26666666666666666,12.780863301229669,1.2476047120074698,5,0.4444444444444444,0.02631578947368421,0.0,0.1111111111111111,0.7588430162753251
bayes-fix-seed43,baseline_square,1,387,1541568802,success,76,19.0,0.15876894612190173,0,0.0,3,1.1232927956105039,14.625143161729762,16.20972715318203,12.79481199167824,57,3.0,42,2.210526315789474,26,1.368421052631579,83.14849294061811,6.498609983069543,30,1.5789473684210527,0.2898550724637681,0.2753623188405797,0.23684210526315788,0.6026434045878433
bayes-fix-seed43,baseline_square,1,388,1541568803,success,64,16.0,0.08389904796642322,0,0.0,3,0.8380390565817653,14.47021058993414,16.298176161944866,11.552843521260112,43,2.6875,23,1.4375,6,0.375,34.85084117850337,3.016646171513458,10,0.625,0.22807017543859648,0.19298245614035087,0.171875,0.6707323599917723
bayes-fix-seed43,baseline_square,1,389,1541568804,success,74,18.5,0.1190304180295052,0,0.0,7,0.3969494796379694,14.411805398963594,15.816408768296242,12.843128345365475,56,3.027027027027027,29,1.5675675675675675,10,0.5405405405405406,44.38729401140705,3.456112312964971,12,0.6486486486486487,0.13432835820895522,0.13432835820895522,0.08108108108108109,0.6050316576644762
bayes-fix-seed43,baseline_square,1,390,1541568805,success,45,11.25,0.2318240802121394,0,0.0,0,1.2897740796399217,14.154253403345743,15.750467777252197,10.447942773764956,22,1.9555555555555555,13,1.1555555555555554,2,0.17777777777777778,12.720951934285843,1.217555667152817,1,0.08888888888888889,0.10526315789473684,0.10526315789473684,0.1111111111111111,0.7390093741456131
bayes-fix-seed43,baseline_square,1,391,1541568806,success,44,11.0,0.26895372658388905,0,0.0,0,1.2241213578975136,14.457082799212499,16.21231846511364,9.82678788232479,22,2.0,11,1.0,1,0.09090909090909091,11.56229585876125,1.1766098950358006,3,0.2727272727272727,0.0,0.0,0.045454545454545456,0.7847421365721361
bayes-fix-seed43,baseline_square,1,392,1541568807,success,54,13.5,0.1919178338962091,0,0.0,2,1.1347312580393576,14.718684609289523,16.321630217134953,11.348129825865389,28,2.074074074074074,8,0.5925925925925926,3,0.2222222222222222,18.94672067221576,1.6695897000606368,3,0.2222222222222222,0.14893617021276595,0.0425531914893617,0.14814814814814814,0.6832758961711272
bayes-fix-seed43,baseline_square,1,393,1541568808,success,42,10.5,0.32036633271403847,0,0.0,0,1.158070778547498,14.202818895379702,16.795930825173855,8.86331845406971,20,1.9047619047619047,5,0.47619047619047616,0,0.0,6.260862686216557,0.7063790744584834,4,0.38095238095238093,0.0,0.0,0.0,0.8687739452823291
bayes-fix-seed43,baseline_square,1,394,1541568809,success,59,14.75,0.2186343337225738,0,0.0,0,0.8850315467230536,14.241794976642577,16.333168372511864,12.247763648392478,35,2.3728813559322033,14,0.9491525423728814,3,0.2033898305084746,21.706653191962378,1.7722952381442616,11,0.7457627118644068,0.23076923076923078,0.019230769230769232,0.2033898305084746,0.6314684419050595
bayes-fix-seed43,baseline_square,1,395,1541568810,success,51,12.75,0.18858295355777355,0,0.0,1,0.970211195570134,14.687852751390606,16.96292869746685,11.272607213767895,23,1.803921568627451,10,0.7843137254901961,5,0.39215686274509803,17.427783124064966,1.5460294848896532,3,0.23529411764705882,0.18181818181818182,0.11363636363636363,0.1568627450980392,0.6908179982692978
bayes-fix-seed43,baseline_square,1,396,1541568811,success,65,16.25,0.09288781485550257,0,0.0,5,0.7796514872583682,14.289073474132097,15.915421396493912,13.354365667855854,37,2.276923076923077,18,1.1076923076923078,3,0.18461538461538463,24.41363789010911,1.8281390892922067,9,0.5538461538461539,0.2413793103448276,0.13793103448275862,0.2153846153846154,0.577204074980223
bayes-fix-seed43,baseline_square,1,397,1541568812,success,38,9.5,0.4833737686925542,0,0.0,0,1.239934257244601,13.682384632135692,15.143698453903198,9.056701773181382,14,1.4736842105263157,8,0.8421052631578947,2,0.21052631578947367,10.308297445608957,1.1381955267792727,4,0.42105263157894735,0.0,0.0,0.02631578947368421,0.8534753678796183
bayes-fix-seed43,baseline_square,1,398,1541568813,success,68,17.0,0.2059724323061668,0,0.0,0,0.7821172141220982,14.573784818982377,15.547859854996204,13.036704285978045,37,2.176470588235294,10,0.5882352941176471,1,0.058823529411764705,17.006606626891863,1.3045173269124273,4,0.23529411764705882,0.26229508196721313,0.03278688524590164,0.16176470588235295,0.5922189434549173
bayes-fix-seed43,baseline_square,1,399,1541568814,timeout,101,25.25,0.1966068174217246,0,0.0,1,1.4231435148169767,14.476117558113419,15.722103416919708,15.876883247322551,85,3.366336633663366,47,1.8613861386138615,28,1.108910891089109,99.9558731735987,6.295686100132725,37,1.4653465346534653,0.7446808510638298,0.6914893617021277,0.5544554455445545,0.0
bayes-fix-seed43,baseline_square,1,400,1541568815,success,63,15.75,0.06667941340442718,0,0.0,7,0.5604914135624511,14.65071276539848,16.352269425988197,10.893321342837591,49,3.111111111111111,25,1.5873015873015872,8,0.5079365079365079,35.94106101829824,3.299366638250294,13,0.8253968253968254,0.17857142857142858,0.16071428571428573,0.15873015873015872,0.7173295873347937
bayes-fix-seed43,baseline_square,1,401,1541568816,success,54,13.5,0.19616893723218354,0,0.0,1,0.8046783015048385,14.021480731942036,15.54290074855089,9.51251749476644,42,3.111111111111111,25,1.8518518518518519,2,0.14814814814814814,20.842414389680535,2.191051359553087,8,0.5925925925925926,0.0,0.0,0.018518518518518517,0.8215104324002376
bayes-fix-seed43,baseline_square,1,402,1541568817,success,79,19.75,0.21198718410276518,0,0.0,0,0.6342880495692078,14.30460824807988,15.664361417293549,11.356501256397598,58,2.9367088607594938,29,1.4683544303797469,8,0.4050632911392405,43.37966965618129,3.819809347684762,17,0.8607594936708861,0.2361111111111111,0.09722222222222222,0.21518987341772153,0.6812378531355113
bayes-fix-seed43,baseline_square,1,403,1541568818,success,84,21.0,0.1788280258671483,0,0.0,2,0.7018794884227331,14.43085925919669,15.821356140077114,13.827021177828778,63,3.0,33,1.5714285714285714,18,0.8571428571428571,59.24586734354261,4.284788934766486,19,0.9047619047619048,0.2857142857142857,0.19480519480519481,0.23809523809523808,0.5636620910276015
bayes-fix-seed43,baseline_square,1,404,1541568819,success,74,18.5,0.19494855959502955,0,0.0,1,1.1143115281799465,14.388422607570082,15.949381887912748,13.803682049775459,49,2.6486486486486487,23,1.2432432432432432,8,0.43243243243243246,39.57113732085901,2.866708837407821,12,0.6486486486486487,0.16417910447761194,0.11940298507462686,0.1891891891891892,0.5607934544539003
bayes-fix-seed43,baseline_square,1,405,1541568820,success,51,12.75,0.10350861372090192,0,0.0,2,0.8185849261711811,14.28800127377697,15.628054738044739,10.586397342796408,30,2.3529411764705883,9,0.7058823529411765,3,0.23529411764705882,15.556945308897657,1.4695221429113932,4,0.3137254901960784,0.0,0.0,0.058823529411764705,0.7342141444225414
bayes-fix-seed43,baseline_square,1,406,1541568821,success,85,21.25,0.15824430225776787,0,0.0,3,0.5076943444584655,14.282288840588402,16.0183347761631,13.175539907428735,72,3.388235294117647,31,1.4588235294117646,12,0.5647058823529412,58.38544653116401,4.431351348132965,21,0.9882352941176471,0.28205128205128205,0.20512820512820512,0.17647058823529413,0.5894279381274736
bayes-fix-seed43,baseline_square,1,407,1541568822,timeout,101,25.25,0.1926949517121238,0,0.0,4,0.6172877852492569,14.25435818215408,15.614088624715805,12.74121697823203,85,3.366336633663366,58,2.297029702970297,43,1.702970297029703,143.5071295233437,11.26321997094321,39,1.5445544554455446,0.48936170212765956,0.46808510638297873,0.26732673267326734,0.4867703227594911
bayes-fix-seed43,baseline_square,1,408,1541568823,success,52,13.0,0.2544345409387253,0,0.0,0,0.8470160446006479,13.96206938303434,15.379155799746513,11.393400255296259,26,2.0,14,1.0769230769230769,0,0.0,12.272991133833678,1.0772017886520346,6,0.46153846153846156,0.0,0.0,0.0,0.6897584687529135
bayes-fix-seed43,baseline_square,1,409,1541568824,success,59,14.75,0.2025483870418251,0,0.0,0,0.8820453962256753,13.871054654404269,15.547233074903486,11.277494494543493,43,2.9152542372881354,19,1.2881355932203389,4,0.2711864406779661,27.9820919095413,2.481233036565007,10,0.6779661016949152,0.09615384615384616,0.09615384615384616,0.0847457627118644,0.6861284169887658
bayes-fix-seed43,baseline_square,1,410,1541568825,success,53,13.25,0.18832493882520063,0,0.0,2,1.0286038899665795,13.999727185604707,15.546204149723053,10.947444000798432,33,2.490566037735849,12,0.9056603773584906,4,0.3018867924528302,21.950199346004123,2.0050524436940007,10,0.7547169811320755,0.13043478260869565,0.06521739130434782,0.11320754716981132,0.7071622348916479
bayes-fix-seed43,baseline_square,1,411,1541568826,timeout,101,25.25,0.2005377917461162,0,0.0,0,0.756840230245753,14.514579225589733,16.400109976530075,17.601985873962725,76,3.00990099009901,47,1.8613861386138615,29,1.1485148514851484,100.07817906728613,5.685618644616921,20,0.7920792079207921,0.2553191489361702,0.2127659574468085,0.25742574257425743,0.4371119870692906
bayes-fix-seed43,baseline_square,1,412,1541568827,success,46,11.5,0.4320166817033252,0,0.0,0,1.22194778381308,13.883591103165045,15.863236039876938,10.397047129880178,21,1.826086956521739,9,0.782608695652174,0,0.0,7.171721549831752,0.6897844609380359,1,0.08695652173913043,0.0,0.0,0.0,0.7454503103993871
bayes-fix-seed43,baseline_square,1,413,1541568828,success,47,11.75,0.15146236101704158,0,0.0,4,0.5228942955219108,13.720344117981321,15.639280527830124,9.961772163295556,30,2.5531914893617023,14,1.1914893617021276,0,0.0,14.415434729849524,1.4470753289222593,7,0.5957446808510638,0.0,0.0,0.0425531914893617,0.7754591005023519
bayes-fix-seed43,baseline_square,1,414,1541568829,timeout,101,25.25,0.2472716790843057,0,0.0,0,0.5021441785120426,14.641541766353173,16.170963644981384,11.929273699362632,97,3.8415841584158414,56,2.217821782178218,62,2.4554455445544554,186.15083727276723,15.604540725954932,53,2.099009900990099,0.7021276595744681,0.7021276595744681,0.48514851485148514,0.06028182347640992
bayes-fix-seed43,baseline_square,1,415,1541568830,success,57,14.25,0.18899313594203726,0,0.0,1,0.9202491700790261,14.343965341124619,15.916789323091505,11.371713111504297,40,2.807017543859649,24,1.6842105263157894,10,0.7017543859649122,36.61717795546663,3.220023016446179,11,0.7719298245614035,0.16,0.1,0.17543859649122806,0.6896585905408128
bayes-fix-seed43,baseline_square,1,416,1541568831,success,51,12.75,0.2377103001961619,0,0.0,0,1.176033087419785,14.032044466219697,15.532800927758217,9.710204173885069,35,2.7450980392156863,19,1.4901960784313726,5,0.39215686274509803,25.61740201059208,2.63819396089408,4,0.3137254901960784,0.20454545454545456,0.1590909090909091,0.1568627450980392,0.7969569413158074
bayes-fix-seed43,baseline_square,1,417,1541568832,success,58,14.5,0.26640221018756316,0,0.0,0,0.8200773325396478,14.179509454246226,16.155298799276352,12.200581284845919,30,2.0689655172413794,5,0.3448275862068966,3,0.20689655172413793,16.532296631528848,1.3550417185501857,5,0.3448275862068966,0.11764705882352941,0.09803921568627451,0.06896551724137931,0.6322442987551146
bayes-fix-seed43,baseline_square,1,418,1541568833,success,49,12.25,0.2456235844795014,0,0.0,0,0.6421275868522608,13.707693666219711,15.462662279605865,10.536358509346746,30,2.4489795918367347,13,1.0612244897959184,1,0.08163265306122448,12.92745463937293,1.2269376206120033,5,0.40816326530612246,0.0,0.0,0.04081632653061224,0.7359136456834925
bayes-fix-seed43,baseline_square,1,419,1541568834,success,90,22.5,0.2164365877667045,0,0.0,0,0.698705695865617,14.353990472025341,15.922312438488007,13.005330973239039,80,3.5555555555555554,43,1.9111111111111112,19,0.8444444444444444,77.79536275169656,5.981805685051417,30,1.3333333333333333,0.26506024096385544,0.20481927710843373,0.13333333333333333,0.593152654273116
bayes-fix-seed43,baseline_square,1,420,1541568835,success,61,15.25,0.2002830632779382,0,0.0,0,1.1011678020006075,14.061366864403741,15.59581607580185,10.414084418399224,48,3.1475409836065573,27,1.7704918032786885,7,0.45901639344262296,32.42238008700235,3.1133202674754274,8,0.5245901639344263,0.1111111111111111,0.1111111111111111,0.11475409836065574,0.7401263741150909
bayes-fix-seed43,baseline_square,1,421,1541568836,success,55,13.75,0.1752975878963411,0,0.0,1,0.6975421814412316,14.47993591427803,16.025956720113754,9.829790350154509,42,3.0545454545454547,22,1.6,3,0.21818181818181817,17.706553837140717,1.8013155119694284,3,0.21818181818181817,0.020833333333333332,0.0,0.09090909090909091,0.7937952753196164
bayes-fix-seed43,baseline_square,1,422,1541568837,success,59,14.75,0.18654459647618338,0,0.0,1,1.5413782171924741,14.340594284615275,15.474158152937889,11.809879911594521,39,2.6440677966101696,16,1.0847457627118644,4,0.2711864406779661,28.26896614405304,2.3936709226229786,8,0.5423728813559322,0.1346153846153846,0.057692307692307696,0.15254237288135594,0.655971111579919
bayes-fix-seed43,baseline_square,1,423,1541568838,success,67,16.75,0.20879600785289787,0,0.0,0,1.0259726333357868,14.265189308728745,15.898503735661507,13.410337332729448,48,2.8656716417910446,24,1.4328358208955223,7,0.417910447761194,33.8257243662349,2.5223619307233522,11,0.6567164179104478,0.16666666666666666,0.16666666666666666,0.16417910447761194,0.5792708663861784
bayes-fix-seed43,baseline_square,1,424,1541568839,success,62,15.5,0.20234070972103502,0,0.0,0,0.7455560647246966,14.262547055559773,15.94182401895523,10.4228841669629,47,3.032258064516129,17,1.096774193548387,4,0.25806451612903225,27.552670556228428,2.643478533855465,6,0.3870967741935484,0.0,0.0,0.0967741935483871,0.7392852979624809
bayes-fix-seed43,baseline_square,1,425,1541568840,success,54,13.5,0.1896681901588273,0,0.0,2,0.42013458762924566,14.032247510773164,15.306960232555866,10.720965817912422,32,2.3703703703703702,9,0.6666666666666666,1,0.07407407407407407,13.612545799481918,1.2697126388313158,6,0.4444444444444444,0.0,0.0,0.018518518518518517,0.7235205174177778
bayes-fix-seed43,baseline_square,1,426,1541568841,success,45,11.25,0.1919196631936535,0,0.0,1,0.9657216798243131,13.776555326249865,15.761710703372955,10.454224259061641,21,1.8666666666666667,7,0.6222222222222222,0,0.0,9.774132068984434,0.9349457048917131,2,0.17777777777777778,0.05263157894736842,0.05263157894736842,0.06666666666666667,0.74135840192661
bayes-fix-seed43,baseline_square,1,427,1541568842,success,47,11.75,0.17747903855694724,0,0.0,1,0.7630761172681823,14.254976063966751,15.807709842920303,9.916759517253666,23,1.9574468085106382,12,1.0212765957446808,2,0.1702127659574468,11.833644023892738,1.1932974681199016,4,0.3404255319148936,0.1,0.1,0.10638297872340426,0.7841551458853441
bayes-fix-seed43,baseline_square,1,428,1541568843,success,56,14.0,0.16249646268399198,0,0.0,2,0.8898001451914238,13.834925235382148,15.58570470660925,10.551428214781806,30,2.142857142857143,10,0.7142857142857143,2,0.14285714285714285,16.20865280397248,1.536157236161196,4,0.2857142857142857,0.1836734693877551,0.061224489795918366,0.08928571428571429,0.7365881755465296
bayes-fix-seed43,baseline_square,1,429,1541568844,success,48,12.0,0.14789848676735962,0,0.0,6,0.33834763839140214,13.97373853251338,15.803886763751507,8.495422019125632,34,2.8333333333333335,17,1.4166666666666667,2,0.16666666666666666,20.08106840307716,2.363751719204639,10,0.8333333333333334,0.0,0.0,0.041666666666666664,0.9082432700078653
bayes-fix-seed43,baseline_square,1,430,1541568845,success,53,13.25,0.15798844649533517,0,0.0,7,0.42434633686610307,14.017310063793975,15.436680614948273,10.862208254464573,40,3.018867924528302,16,1.2075471698113207,1,0.07547169811320754,14.591463990571203,1.3433239032748092,5,0.37735849056603776,0.021739130434782608,0.021739130434782608,0.09433962264150944,0.7155676065355068
bayes-fix-seed43,baseline_square,1,431,1541568846,success,51,12.75,0.06627946773894144,0,0.0,7,0.4653959214404789,13.790802628386254,15.640314668416977,10.546640081613884,29,2.2745098039215685,12,0.9411764705882353,1,0.0784313725490196,15.457062350474668,1.4655911485422923,5,0.39215686274509803,0.045454545454545456,0.0,0.09803921568627451,0.7309367399943169
bayes-fix-seed43,baseline_square,1,432,1541568847,success,53,13.25,0.21238543118433928,0,0.0,0,0.6412554794597681,14.314393460188272,15.791068971157074,10.62084635253196,39,2.943396226415094,19,1.4339622641509433,2,0.1509433962264151,15.870545469649098,1.4942825593052322,10,0.7547169811320755,0.10869565217391304,0.08695652173913043,0.09433962264150944,0.7325753095894564
bayes-fix-seed43,baseline_square,1,433,1541568848,success,50,12.5,0.16621347740974823,0,0.0,1,1.4760559894489484,13.842458054423332,15.355745889246464,11.615626487071541,24,1.92,12,0.96,3,0.24,15.571057758540764,1.340526727152574,2,0.16,0.13953488372093023,0.13953488372093023,0.14,0.6641985928410062
bayes-fix-seed43,baseline_square,1,434,1541568849,success,62,15.5,0.18116913965330816,0,0.0,1,1.062369815199788,14.285251317966368,15.934394299983978,11.073543034955778,45,2.903225806451613,21,1.3548387096774193,7,0.45161290322580644,33.69363809987407,3.0427152351793456,10,0.6451612903225806,0.10909090909090909,0.10909090909090909,0.12903225806451613,0.7022639513838889
bayes-fix-seed43,baseline_square,1,435,1541568850,success,56,14.0,0.18056873173885668,0,0.0,1,0.8063172933203783,14.081512777400869,15.459232032299042,10.671880781623148,34,2.4285714285714284,12,0.8571428571428571,5,0.35714285714285715,19.843018947090048,1.8593741209384096,2,0.14285714285714285,0.0,0.0,0.07142857142857142,0.7262983318966404
bayes-fix-seed43,baseline_square,1,436,1541568851,success,57,14.25,0.1672073093197144,0,0.0,2,0.7389046481558618,14.150694796913548,15.472161024808882,12.13051897859951,28,1.9649122807017543,11,0.7719298245614035,3,0.21052631578947367,16.517823377784794,1.361674913243638,4,0.2807017543859649,0.2,0.08,0.17543859649122806,0.641920600646832
bayes-fix-seed43,baseline_square,1,437,1541568852,success,46,11.5,0.18671935468258716,0,0.0,2,0.9851018461967945,14.005187089028565,16.16714708507061,9.99937380310793,20,1.7391304347826086,9,0.782608695652174,2,0.17391304347826086,12.60655030128644,1.26073397689845,1,0.08695652173913043,0.0,0.0,0.043478260869565216,0.7740675166669038
bayes-fix-seed43,baseline_square,1,438,1541568853,success,64,16.0,0.16141325316436672,0,0.0,2,0.6497965317836668,14.119030034635216,15.49949161708355,11.226388968119458,47,2.9375,22,1.375,4,0.25,32.55571862532333,2.899927903600579,13,0.8125,0.14035087719298245,0.14035087719298245,0.15625,0.6869202170809785
bayes-fix-seed43,baseline_square,1,439,1541568854,success,61,15.25,0.10053928184110572,0,0.0,7,0.7125415182202874,14.15756192119395,15.798315405845642,11.965644520984005,45,2.9508196721311477,18,1.180327868852459,1,0.06557377049180328,17.463805643839475,1.459495609552282,5,0.32786885245901637,0.2037037037037037,0.1111111111111111,0.11475409836065574,0.6488145222191507
bayes-fix-seed43,baseline_square,1,440,1541568855,success,48,12.0,0.07228546174149275,0,0.0,5,0.570345926015068,14.100018423050642,16.22622273862362,11.266338765742002,19,1.5833333333333333,7,0.5833333333333334,1,0.08333333333333333,9.525129772276822,0.8454503251083002,4,0.3333333333333333,0.12195121951219512,0.024390243902439025,0.125,0.69208995557725
bayes-fix-seed43,baseline_square,1,441,1541568856,timeout,101,25.25,0.08277139370025943,0,0.0,8,0.3675883714169435,14.683033164479944,16.40847697854042,13.802070630897507,92,3.6435643564356437,20,0.7920792079207921,37,1.4653465346534653,127.18705625558287,9.215070669966009,38,1.504950495049505,0.5957446808510638,0.5851063829787234,0.43564356435643564,0.3303469955127245
bayes-fix-seed43,baseline_square,1,442,1541568857,success,56,14.0,0.19146244000789547,0,0.0,1,0.9094082211956493,14.654553894485746,16.30407851189375,10.268770674625614,39,2.7857142857142856,18,1.2857142857142858,1,0.07142857142857142,18.346468575896846,1.7866275484397975,5,0.35714285714285715,0.0,0.0,0.0,0.7518125583026267
bayes-fix-seed43,baseline_square,1,443,1541568858,success,84,21.0,0.1853007104434513,0,0.0,1,0.8827201503850168,14.622097657549949,16.13274309784174,16.84938359944487,55,2.619047619047619,28,1.3333333333333333,9,0.42857142857142855,42.29977744023556,2.5104643852745565,14,0.6666666666666666,0.3116883116883117,0.2727272727272727,0.2261904761904762,0.4600600713654559
bayes-fix-seed43,baseline_square,1,444,1541568859,success,46,11.5,0.19349392489951778,0,0.0,1,0.5885083353831706,14.236187724315602,15.995997935533524,8.55580796145259,34,2.9565217391304346,12,1.0434782608695652,0,0.0,9.956864131175312,1.1637549809480359,8,0.6956521739130435,0.0,0.0,0.0,0.9094117184014275
bayes-fix-seed43,baseline_square,1,445,1541568860,success,69,17.25,0.16278042559842143,0,0.0,3,1.230302221748718,14.307724878839824,15.840948373079298,14.022046295363232,43,2.4927536231884058,17,0.9855072463768116,2,0.11594202898550725,24.375308609827915,1.73835602139527,9,0.5217391304347826,0.22580645161290322,0.11290322580645161,0.18840579710144928,0.5537225885388461
bayes-fix-seed43,baseline_square,1,446,1541568861,success,82,20.5,0.06305598077172614,0,0.0,7,0.5233076687651561,14.310524867075246,15.705879591405392,11.91254744998175,68,3.317073170731707,39,1.9024390243902438,24,1.170731707317073,92.77135481067671,7.787700758398141,36,1.7560975609756098,0.26666666666666666,0.26666666666666666,0.1951219512195122,0.6523170962834557
bayes-fix-seed43,baseline_square,1,447,1541568862,success,55,13.75,0.16912099074897058,0,0.0,1,0.674413762277899,14.355153048580343,16.13711155951023,10.656208537215273,41,2.981818181818182,15,1.0909090909090908,2,0.14545454545454545,18.10304281731861,1.6988258773367977,8,0.5818181818181818,0.0,0.0,0.07272727272727272,0.7278895636340601
bayes-fix-seed43,baseline_square,1,448,1541568863,collision,10,2.5,-0.001598331710688572,1,0.25,4,0.18876554724297256,11.841293424367905,13.104717805981636,1.8233317755545466,9,3.6,5,2.0,1,0.4,6.150018389168425,3.3729562944176537,1,0.4,0.0,0.0,0.2,0.213221147732418
bayes-fix-seed43,baseline_square,1,449,1541568864,success,40,10.0,0.27590576786956733,0,0.0,0,1.160375159166442,14.273229241371155,16.40618145465851,9.531727374449718,11,1.1,3,0.3,2,0.2,8.029909260589347,0.8424400893078341,2,0.2,0.0,0.0,0.025,0.8188570615456647
bayes-fix-seed43,baseline_square,1,450,1541568865,success,47,11.75,0.2055686231324232,0,0.0,0,0.47581082372939243,14.512063578722325,16.53049848973751,9.94873577567217,36,3.0638297872340425,15,1.2765957446808511,0,0.0,16.22389082461451,1.6307489906694574,13,1.1063829787234043,0.0,0.0,0.06382978723404255,0.7839656758386723
bayes-fix-seed43,baseline_square,1,451,1541568866,success,43,10.75,0.19551685065298652,0,0.0,1,0.7324374478383803,13.867030050172362,15.7865010201931,8.943807946833548,23,2.13953488372093,13,1.2093023255813953,1,0.09302325581395349,8.240871106604848,0.9214051951464849,3,0.27906976744186046,0.0,0.0,0.023255813953488372,0.8693869858151748
bayes-fix-seed43,baseline_square,1,452,1541568867,success,55,13.75,0.21750959067214515,0,0.0,0,0.5517326472340788,14.157122034918178,15.601751580834389,10.053762188501436,43,3.1272727272727274,17,1.2363636363636363,2,0.14545454545454545,22.116829448167397,2.199856037321291,5,0.36363636363636365,0.041666666666666664,0.041666666666666664,0.10909090909090909,0.7788142721966581
bayes-fix-seed43,baseline_square,1,453,1541568868,success,55,13.75,0.20833741653706606,0,0.0,0,1.253205174773935,14.433708651499314,16.26923941075802,10.858724256063834,37,2.690909090909091,13,0.9454545454545454,1,0.07272727272727272,16.75017886568838,1.5425549512719767,2,0.14545454545454545,0.14583333333333334,0.0,0.10909090909090909,0.7112660222551342
bayes-fix-seed43,baseline_square,1,454,1541568869,success,55,13.75,0.07235003252371008,0,0.0,5,0.6575197057249935,14.85517600720579,17.06773452460766,10.778863528016139,33,2.4,11,0.8,7,0.509090909090909,27.4672439728405,2.5482504627179257,8,0.5818181818181818,0.22916666666666666,0.16666666666666666,0.18181818181818182,0.7212362542017036
bayes-fix-seed43,baseline_square,1,455,1541568870,success,84,21.0,0.2550629183944336,0,0.0,0,0.9051576004418174,14.356794811430431,15.694598481059074,13.473841290843046,62,2.9523809523809526,34,1.619047619047619,13,0.6190476190476191,51.74936655775517,3.840728522824782,19,0.9047619047619048,0.16883116883116883,0.12987012987012986,0.14285714285714285,0.5719526526469128
bayes-fix-seed43,baseline_square,1,456,1541568871,success,70,17.5,0.23358044359420016,0,0.0,0,1.1417891715238246,14.538769211087908,15.822933427989483,13.823556349439835,49,2.8,28,1.6,12,0.6857142857142857,42.88951288595656,3.1026395669660327,7,0.4,0.1746031746031746,0.1746031746031746,0.21428571428571427,0.5673028066373926
bayes-fix-seed43,baseline_square,1,457,1541568872,success,58,14.5,0.26045040027409416,0,0.0,0,1.003960399023613,14.593847802486913,16.289009898900986,10.108933904135327,32,2.206896551724138,19,1.3103448275862069,4,0.27586206896551724,19.319364837337346,1.911117929995986,7,0.4827586206896552,0.21568627450980393,0.1568627450980392,0.1896551724137931,0.7740747881036932
bayes-fix-seed43,baseline_square,1,458,1541568873,success,47,11.75,0.15053627827503968,0,0.0,2,1.0371606738305945,14.07537450815769,15.661675482988358,9.380102265990184,27,2.297872340425532,12,1.0212765957446808,1,0.0851063829787234,10.985619790410086,1.1711620490792614,2,0.1702127659574468,0.0,0.0,0.0425531914893617,0.8311917887336439
bayes-fix-seed43,baseline_square,1,459,1541568874,success,53,13.25,0.18920574922264666,0,0.0,1,0.9204481696759975,14.389368090427146,16.18936136364937,10.577627972617162,32,2.4150943396226414,18,1.3584905660377358,4,0.3018867924528302,22.475125238411515,2.1247793263852732,3,0.22641509433962265,0.08695652173913043,0.08695652173913043,0.16981132075471697,0.7404416824862448
bayes-fix-seed43,baseline_square,1,460,1541568875,success,52,13.0,0.20370622640095526,0,0.0,0,1.4736911609534162,13.952614882817635,15.662963688373564,11.350221071628516,23,1.7692307692307692,12,0.9230769230769231,8,0.6153846153846154,25.730430169506725,2.26695409782137,7,0.5384615384615384,0.2,0.2,0.15384615384615385,0.6787971976729584
bayes-fix-seed43,baseline_square,1,461,1541568876,collision,10,2.5,-0.05282900596014373,1,0.25,3,0.4810536749260721,11.74764558672905,12.847936525940895,1.7746931867587024,9,3.6,6,2.4,5,2.0,11.723261809308434,6.605796369072553,1,0.4,1.0,1.0,0.6,0.0
bayes-fix-seed43,baseline_square,1,462,1541568877,timeout,101,25.25,0.23665605659258615,0,0.0,0,1.143482914749015,14.894395845361275,16.456350684165955,7.472155303702322,93,3.6831683168316833,42,1.6633663366336633,23,0.9108910891089109,98.65450512007914,13.20295163982975,27,1.0693069306930694,0.6595744680851063,0.6382978723404256,0.3564356435643564,0.4069577873469309
bayes-fix-seed43,baseline_square,1,463,1541568878,success,46,11.5,0.23785464046103877,0,0.0,0,1.021834615046725,14.245255566809488,16.155329532921314,10.028521351196536,31,2.6956521739130435,14,1.2173913043478262,0,0.0,11.892615892284521,1.1858793012257558,2,0.17391304347826086,0.0,0.0,0.021739130434782608,0.7696162360581711
bayes-fix-seed43,baseline_square,1,464,1541568879,success,47,11.75,0.035450243191734954,0,0.0,5,0.9521058470160183,14.160956553322203,16.263991221785545,10.022800075923973,29,2.4680851063829787,10,0.851063829787234,2,0.1702127659574468,18.568651591869852,1.8526411233597375,9,0.7659574468085106,0.15,0.15,0.14893617021276595,0.7804827437070893
bayes-fix-seed43,baseline_square,1,465,1541568880,success,74,18.5,0.18544151350908844,0,0.0,4,0.8863941542362316,14.703259727842099,16.32959172129631,12.955327152674968,65,3.5135135135135136,36,1.945945945945946,15,0.8108108108108109,70.04964656407486,5.4070148702969085,19,1.027027027027027,0.208955223880597,0.208955223880597,0.22972972972972974,0.596317424171577
bayes-fix-seed43,baseline_square,1,466,1541568881,success,58,14.5,0.18518646332028732,0,0.0,2,0.5236617005784661,14.2201184584149,15.708723478019238,9.498942164613279,44,3.0344827586206895,20,1.3793103448275863,9,0.6206896551724138,33.40957080987663,3.5171885701482,10,0.6896551724137931,0.0392156862745098,0.0392156862745098,0.06896551724137931,0.8106358506394921
bayes-fix-seed43,baseline_square,1,467,1541568882,timeout,101,25.25,0.23474033130894656,0,0.0,0,0.9281362721269156,14.741250341481502,16.08338952064514,12.320766247136492,79,3.128712871287129,33,1.306930693069307,18,0.7128712871287128,66.04868015763269,5.3607607540629445,19,0.7524752475247525,0.5531914893617021,0.4574468085106383,0.36633663366336633,0.3704751864525858
bayes-fix-seed43,baseline_square,1,468,1541568883,success,55,13.75,0.1800055484381865,0,0.0,2,0.4630610672649547,14.376160841096532,16.258825361728668,10.338973157441782,44,3.2,16,1.1636363636363636,4,0.2909090909090909,26.292299901031292,2.543028161564249,11,0.8,0.0,0.0,0.07272727272727272,0.753795775289201
bayes-fix-seed43,baseline_square,1,469,1541568884,success,63,15.75,0.24139838979642414,0,0.0,0,0.8557966266199596,14.125119185163861,15.756207704544067,11.30711921384863,44,2.7936507936507935,23,1.4603174603174602,5,0.31746031746031744,26.561465430098888,2.3490921894205536,4,0.25396825396825395,0.125,0.05357142857142857,0.19047619047619047,0.6874006190762674
bayes-fix-seed43,baseline_square,1,470,1541568885,success,59,14.75,0.1997422249003934,0,0.0,1,0.7108334928128018,14.258762537422827,16.335346549749374,10.986265251513045,47,3.1864406779661016,26,1.7627118644067796,1,0.06779661016949153,24.874669755484014,2.264160675718096,12,0.8135593220338984,0.057692307692307696,0.0,0.1694915254237288,0.7046381380633817
bayes-fix-seed43,baseline_square,1,471,1541568886,success,53,13.25,0.21438853775793498,0,0.0,0,1.010165142212994,14.325059036601264,15.8802330493927,10.590132343822894,39,2.943396226415094,20,1.509433962264151,5,0.37735849056603776,26.461800765619866,2.49872238669942,13,0.9811320754716981,0.15217391304347827,0.13043478260869565,0.1320754716981132,0.7336240897022007
bayes-fix-seed43,baseline_square,1,472,1541568887,success,61,15.25,0.1833380486899554,0,0.0,2,0.9069521982488523,14.692319954027894,16.405761241912842,11.231065753689654,43,2.819672131147541,14,0.9180327868852459,4,0.26229508196721313,22.898113594487114,2.03881929788939,7,0.45901639344262296,0.1111111111111111,0.1111111111111111,0.09836065573770492,0.6860703204140127
bayes-fix-seed43,baseline_square,1,473,1541568888,success,58,14.5,0.2496561616151186,0,0.0,0,1.243651310603086,14.401526993204808,15.850318782031536,11.523367361433474,39,2.689655172413793,19,1.3103448275862069,1,0.06896551724137931,17.57922128927173,1.5255281497061397,4,0.27586206896551724,0.13725490196078433,0.11764705882352941,0.08620689655172414,0.6759427055934613
bayes-fix-seed43,baseline_square,1,474,1541568889,success,53,13.25,0.20897413514663454,0,0.0,0,1.0554666300067266,14.016380849874244,15.879245102405548,11.40458648281279,26,1.9622641509433962,11,0.8301886792452831,1,0.07547169811320754,10.647791407946501,0.9336411648062108,1,0.07547169811320754,0.06521739130434782,0.06521739130434782,0.05660377358490566,0.676602598390223
bayes-fix-seed43,baseline_square,1,475,1541568890,success,61,15.25,0.27935296080555294,0,0.0,0,0.9499766087741867,14.154124088951798,15.884704887866974,12.000786048399373,37,2.4262295081967213,17,1.1147540983606556,6,0.39344262295081966,30.19753695309856,2.5162965851829524,11,0.7213114754098361,0.16666666666666666,0.12962962962962962,0.19672131147540983,0.6424753180366154
bayes-fix-seed43,baseline_square,1,476,1541568891,success,53,13.25,0.16106026199404,0,0.0,2,0.889644660915629,14.31040697783794,16.38602688908577,11.37282313620017,28,2.1132075471698113,14,1.0566037735849056,2,0.1509433962264151,17.56073380842644,1.544096272149867,5,0.37735849056603776,0.15217391304347827,0.10869565217391304,0.11320754716981132,0.6833662522506547
bayes-fix-seed43,baseline_square,1,477,1541568892,success,46,11.5,0.22465109064549116,0,0.0,0,0.6572111401196351,14.080888065307036,15.756594017148018,9.270067459487983,25,2.1739130434782608,11,0.9565217391304348,0,0.0,10.58282226603,1.1416122172011167,2,0.17391304347826086,0.02564102564102564,0.0,0.06521739130434782,0.8342922169651218
bayes-fix-seed43,baseline_square,1,478,1541568893,success,59,14.75,0.15018824325519864,0,0.0,1,0.9356882262130544,14.07761429831133,15.692928805947302,10.405690133156405,38,2.5762711864406778,22,1.4915254237288136,3,0.2033898305084746,24.83072541774478,2.386264159320374,8,0.5423728813559322,0.11538461538461539,0.07692307692307693,0.15254237288135594,0.7428566457254846
bayes-fix-seed43,baseline_square,1,479,1541568894,timeout,101,25.25,0.052524305949936956,0,0.0,25,0.3710790746915219,14.479545821057688,15.618246048688889,12.465264777297953,74,2.9306930693069306,30,1.188118811881188,26,1.0297029702970297,92.48743139935947,7.419612262693357,29,1.1485148514851484,0.6063829787234043,0.48936170212765956,0.26732673267326734,0.4271954059009926
bayes-fix-seed43,baseline_square,1,480,1541568895,success,78,19.5,0.12658863116595998,0,0.0,3,0.9901736473763958,14.375757426023483,15.80458153039217,13.533210913613923,51,2.6153846153846154,25,1.2820512820512822,19,0.9743589743589743,60.87659212749874,4.498311045035076,17,0.8717948717948718,0.22535211267605634,0.1267605633802817,0.2564102564102564,0.5690672603110768
bayes-fix-seed43,baseline_square,1,481,1541568896,success,60,15.0,0.09706902256329752,0,0.0,6,0.7529677141946338,14.565093318621317,16.189002245664597,12.312080538630061,38,2.533333333333333,17,1.1333333333333333,2,0.13333333333333333,19.08622243864254,1.550202857978236,5,0.3333333333333333,0.1509433962264151,0.1509433962264151,0.21666666666666667,0.6280952632967083
bayes-fix-seed43,baseline_square,1,482,1541568897,success,68,17.0,0.21733327470809083,0,0.0,0,1.3316242386459687,14.536458560649086,15.930107422173023,11.649546834361095,47,2.764705882352941,25,1.4705882352941178,3,0.17647058823529413,26.27779399559229,2.255692377499546,7,0.4117647058823529,0.21311475409836064,0.18032786885245902,0.23529411764705882,0.6679258485935701
bayes-fix-seed43,baseline_square,1,483,1541568898,success,82,20.5,0.2695933450492851,0,0.0,0,1.0645343159262945,14.538005675847938,15.847828797996044,15.348633132513527,63,3.073170731707317,35,1.7073170731707317,7,0.34146341463414637,42.99279603357666,2.8010830451412363,8,0.3902439024390244,0.30666666666666664,0.26666666666666666,0.24390243902439024,0.5029667540854856
bayes-fix-seed43,baseline_square,1,484,1541568899,success,41,10.25,0.2197370173939276,0,0.0,0,1.052807413991128,14.283581205257555,16.204621642827988,9.542140057086469,14,1.3658536585365855,6,0.5853658536585366,1,0.0975609756097561,7.178249806411978,0.7522683343010724,2,0.1951219512195122,0.0,0.0,0.024390243902439025,0.8075450481723865
bayes-fix-seed43,baseline_square,1,485,1541568900,success,51,12.75,0.05254446649938349,0,0.0,6,0.8795956091476396,14.532326044989567,16.744408756494522,10.452070467333865,30,2.3529411764705883,12,0.9411764705882353,3,0.23529411764705882,14.772608994990106,1.4133667622275736,5,0.39215686274509803,0.0,0.0,0.058823529411764705,0.7411241024778885
bayes-fix-seed43,baseline_square,1,486,1541568901,success,57,14.25,0.21649680563150542,0,0.0,0,1.183902795449387,14.577886318428474,16.194576025009155,10.62633791944582,40,2.807017543859649,22,1.543859649122807,8,0.5614035087719298,32.34960560932452,3.044285421238665,5,0.3508771929824561,0.14,0.14,0.12280701754385964,0.7401275303973761
bayes-fix-seed43,baseline_square,1,487,1541568902,timeout,101,25.25,0.2269047524964204,0,0.0,0,1.0016540675689674,14.531867191343025,15.851426869630814,8.386456781638385,93,3.6831683168316833,44,1.7425742574257426,39,1.5445544554455446,132.13743050864593,15.756049777535663,32,1.2673267326732673,0.6595744680851063,0.5957446808510638,0.36633663366336633,0.2926922881050404
bayes-fix-seed43,baseline_square,1,488,1541568903,success,48,12.0,0.15389866226242566,0,0.0,4,1.0875333830408875,14.146087303136786,16.110256873071194,10.256873558374028,24,2.0,11,0.9166666666666666,2,0.16666666666666666,16.138595279351904,1.573441964308496,9,0.75,0.024390243902439025,0.0,0.10416666666666667,0.756880731636523
bayes-fix-seed43,baseline_square,1,489,1541568904,success,48,12.0,0.24246233453049515,0,0.0,0,0.8126954876129626,14.31885058991611,16.453752666711807,9.641586467060229,32,2.6666666666666665,11,0.9166666666666666,3,0.25,16.587157369761805,1.7203763536665473,6,0.5,0.0,0.0,0.041666666666666664,0.802559919199716
bayes-fix-seed43,baseline_square,1,490,1541568905,success,61,15.25,0.2071648913414219,0,0.0,0,1.1059598435637195,14.492601522656738,15.786956995725632,12.81274571608792,36,2.360655737704918,14,0.9180327868852459,3,0.19672131147540983,21.71054975568144,1.6944494362688611,5,0.32786885245901637,0.24074074074074073,0.05555555555555555,0.16393442622950818,0.6094362620720843
bayes-fix-seed43,baseline_square,1,491,1541568906,success,68,17.0,0.15590634488632782,0,0.0,4,0.7164549014422675,14.254917993265039,15.768157318234444,11.37116003801376,52,3.0588235294117645,21,1.2352941176470589,7,0.4117647058823529,37.74272980093775,3.3191626601651807,18,1.0588235294117647,0.04918032786885246,0.03278688524590164,0.08823529411764706,0.6800212469766082
bayes-fix-seed43,baseline_square,1,492,1541568907,success,66,16.5,0.21177410552278841,0,0.0,0,0.8737988962986928,14.618391340429133,16.26579649746418,12.696357806148228,46,2.787878787878788,24,1.4545454545454546,5,0.30303030303030304,30.40274035916078,2.3946033046137227,13,0.7878787878787878,0.2033898305084746,0.06779661016949153,0.18181818181818182,0.6093023982410531
bayes-fix-seed43,baseline_square,1,493,1541568908,success,54,13.5,0.16310573479485213,0,0.0,2,0.7642685930088747,14.153984685738882,16.140684485435486,10.28122250500261,39,2.888888888888889,14,1.037037037037037,7,0.5185185185185185,26.51927384011352,2.579389156027879,5,0.37037037037037035,0.1276595744680851,0.0851063829787234,0.12962962962962962,0.7526452351767005
bayes-fix-seed43,baseline_square,1,494,1541568909,success,56,14.0,0.17530169084714775,0,0.0,2,0.710020705497013,14.592742613915886,16.27477817237377,10.311447214757195,42,3.0,16,1.1428571428571428,4,0.2857142857142857,23.893256199691255,2.3171583679831573,9,0.6428571428571429,0.10204081632653061,0.10204081632653061,0.10714285714285714,0.7518804688702416
bayes-fix-seed43,baseline_square,1,495,1541568910,timeout,101,25.25,0.20426916678715656,0,0.0,0,0.6378801279245764,14.815185993614763,16.421519219875336,14.197890447411755,94,3.722772277227723,73,2.891089108910891,59,2.3366336633663365,191.94813325953925,13.519482628106275,59,2.3366336633663365,0.5425531914893617,0.5425531914893617,0.33663366336633666,0.32144735189883655
bayes-fix-seed43,baseline_square,1,496,1541568911,timeout,101,25.25,0.17694811604909022,0,0.0,2,1.050155709453169,14.800897845537355,16.179431229829788,18.194460164605527,81,3.207920792079208,56,2.217821782178218,38,1.504950495049505,132.70518345245242,7.293713704713788,46,1.8217821782178218,0.30851063829787234,0.30851063829787234,0.21782178217821782,0.2700499401579675
bayes-fix-seed43,baseline_square,1,497,1541568912,success,62,15.5,0.186825625212232,0,0.0,1,1.1227649472150492,14.48506146909729,16.09297562390566,12.561833488399984,29,1.8709677419354838,12,0.7741935483870968,4,0.25806451612903225,18.31683091083506,1.4581335541304088,5,0.3225806451612903,0.23636363636363636,0.05454545454545454,0.20967741935483872,0.6150921516942339
bayes-fix-seed43,baseline_square,1,498,1541568913,success,55,13.75,0.15966488398151646,0,0.0,2,0.6357268385693655,14.654752205718648,16.13374836742878,10.918721494706267,38,2.7636363636363637,17,1.2363636363636363,4,0.2909090909090909,22.38512935215395,2.0501603015524257,8,0.5818181818181818,0.0625,0.041666666666666664,0.10909090909090909,0.7099312337830278
bayes-fix-seed43,baseline_square,1,499,1541568914,success,53,13.25,0.2203083056618167,0,0.0,0,0.8523966658015572,14.33592676272932,16.612981259822845,9.779407228822338,26,1.9622641509433962,9,0.6792452830188679,3,0.22641509433962265,16.517790796141007,1.6890380377513048,4,0.3018867924528302,0.15217391304347827,0.08695652173913043,0.1320754716981132,0.7915656290783213
bayes-fix-seed43,dense_circle,2,0,1542568418,success,75,18.75,0.2972009998657078,0,0.0,0,1.289055794488704,14.579900453488031,16.202055290341377,15.115772426958081,45,2.4,21,1.12,4,0.21333333333333335,27.60944339826432,1.8265320896882862,8,0.4266666666666667,0.27941176470588236,0.17647058823529413,0.22666666666666666,0.5103273452522469
bayes-fix-seed43,dense_circle,2,1,1542568419,success,61,15.25,0.1819150469292532,0,0.0,2,0.5647297647093231,14.542025498679427,16.642320901155472,11.33893167282904,43,2.819672131147541,19,1.2459016393442623,3,0.19672131147540983,24.624553504997472,2.171681972826784,7,0.45901639344262296,0.12962962962962962,0.12962962962962962,0.16393442622950818,0.6820509628551523
bayes-fix-seed43,dense_circle,2,2,1542568420,success,69,17.25,0.20294369430073866,0,0.0,0,0.5935060222696209,14.187090368806452,15.677514672279358,11.607358460390952,46,2.6666666666666665,18,1.0434782608695652,3,0.17391304347826086,22.532862923167148,1.9412567467489248,5,0.2898550724637681,0.1935483870967742,0.04838709677419355,0.17391304347826086,0.664648880197883
bayes-fix-seed43,dense_circle,2,3,1542568421,success,61,15.25,0.17535359821934937,0,0.0,3,0.4875638382925225,14.180444058824758,15.683457255363464,11.041005757905832,46,3.0163934426229506,17,1.1147540983606556,5,0.32786885245901637,29.457126709205518,2.667974943144374,5,0.32786885245901637,0.0,0.0,0.13114754098360656,0.7021103336166827
bayes-fix-seed43,dense_circle,2,4,1542568422,success,58,14.5,0.23150216250171307,0,0.0,0,0.8960138246940583,14.114281098390448,15.758429653942585,10.677783464676269,38,2.6206896551724137,14,0.9655172413793104,3,0.20689655172413793,22.191538327401947,2.0782907239891997,6,0.41379310344827586,0.058823529411764705,0.0392156862745098,0.08620689655172414,0.7312943376899226
bayes-fix-seed43,dense_circle,2,5,1542568423,success,87,21.75,0.20110845176580727,0,0.0,0,1.610625720759582,14.374884937343927,16.181625425815582,15.42552540109113,65,2.9885057471264367,33,1.5172413793103448,5,0.22988505747126436,41.77677292812671,2.708288492084141,14,0.6436781609195402,0.25,0.225,0.20689655172413793,0.5026912322925261
bayes-fix-seed43,dense_circle,2,6,1542568424,success,60,15.0,0.20295898361789977,0,0.0,0,0.9012291687395982,14.104424975812435,15.6677370890975,10.587415171040044,37,2.466666666666667,16,1.0666666666666667,3,0.2,23.519345808464927,2.2214436128657575,7,0.4666666666666667,0.1320754716981132,0.1320754716981132,0.11666666666666667,0.7327378755809039
bayes-fix-seed43,dense_circle,2,7,1542568425,success,51,12.75,0.2065616304561525,0,0.0,0,0.8518948003584284,14.394028733174006,16.063716262578964,11.210516172430184,32,2.5098039215686274,18,1.411764705882353,1,0.0784313725490196,16.482816549712357,1.4702995202172977,9,0.7058823529411765,0.11363636363636363,0.09090909090909091,0.1568627450980392,0.6959328057645452
bayes-fix-seed43,dense_circle,2,8,1542568426,success,53,13.25,0.1718881957063667,0,0.0,2,0.7598414075019164,14.005679848059168,15.369710326194763,10.07150985132683,34,2.5660377358490565,15,1.1320754716981132,2,0.1509433962264151,18.72414763524458,1.8591202224538204,11,0.8301886792452831,0.10869565217391304,0.08695652173913043,0.09433962264150944,0.7775562008381222
bayes-fix-seed43,dense_circle,2,9,1542568427,success,67,16.75,0.18446311763624956,0,0.0,3,0.6402255045774412,14.516430225834918,16.06779545545578,13.068649630331377,43,2.5671641791044775,19,1.1343283582089552,6,0.3582089552238806,33.03706472070201,2.5279631526753468,13,0.7761194029850746,0.13333333333333333,0.08333333333333333,0.16417910447761194,0.5904864268539162
bayes-fix-seed43,dense_circle,2,10,1542568428,success,50,12.5,0.23159545193621367,0,0.0,0,0.7449617299301012,13.84450376033783,15.406751073896885,10.064212709111207,31,2.48,18,1.44,2,0.16,15.079071345398516,1.4982862327370448,4,0.32,0.0,0.0,0.08,0.7846981071244676
bayes-fix-seed43,dense_circle,2,11,1542568429,success,57,14.25,0.23164970523178496,0,0.0,0,0.7076395831601215,14.129713243036939,15.71996957063675,11.14137719340139,37,2.5964912280701755,13,0.9122807017543859,4,0.2807017543859649,25.162173933071998,2.2584437719220736,3,0.21052631578947367,0.02,0.02,0.15789473684210525,0.7099151720062394
bayes-fix-seed43,dense_circle,2,12,1542568430,success,47,11.75,0.23730120997791526,0,0.0,0,1.023232289470511,14.089730033215057,15.626513585448265,9.312348086585997,28,2.382978723404255,12,1.0212765957446808,2,0.1702127659574468,14.04533697495384,1.5082487085277119,5,0.425531914893617,0.0,0.0,0.02127659574468085,0.8348770559904436
bayes-fix-seed43,dense_circle,2,13,1542568431,success,73,18.25,0.2196808934626392,0,0.0,0,1.0383571375394838,14.250930041483004,15.369433164596556,13.992306084329599,45,2.4657534246575343,21,1.1506849315068493,3,0.1643835616438356,27.179658395836658,1.9424716863702667,6,0.3287671232876712,0.22727272727272727,0.13636363636363635,0.2191780821917808,0.5534577014669272
bayes-fix-seed43,dense_circle,2,14,1542568432,success,72,18.0,0.21259242419800362,0,0.0,0,0.800024070706961,14.643939108484322,16.22457168996334,13.283224649631395,50,2.7777777777777777,20,1.1111111111111112,10,0.5555555555555556,38.14590734615827,2.871735467277278,10,0.5555555555555556,0.15384615384615385,0.13846153846153847,0.19444444444444445,0.5814446737748843
bayes-fix-seed43,dense_circle,2,15,1542568433,timeout,101,25.25,0.19386754544708917,0,0.0,13,0.6158433248896111,14.619628059687,16.15789532661438,17.673986000376793,85,3.366336633663366,57,2.257425742574257,40,1.5841584158415842,143.12230544161633,8.097907593599151,12,0.4752475247524752,0.35106382978723405,0.3404255319148936,0.2871287128712871,0.4142260879605601
bayes-fix-seed43,dense_circle,2,16,1542568434,success,53,13.25,0.2322528588368329,0,0.0,0,1.478325967231892,13.869079849067724,15.365462005138397,10.278984178659401,35,2.641509433962264,15,1.1320754716981132,6,0.4528301886792453,27.921768487006904,2.716393760482322,4,0.3018867924528302,0.0,0.0,0.018867924528301886,0.7526179735449267
bayes-fix-seed43,dense_circle,2,17,1542568435,success,59,14.75,0.2408104874060546,0,0.0,0,1.22714632824192,14.331056594343508,16.036543622612953,10.359768147103892,39,2.6440677966101696,20,1.3559322033898304,5,0.3389830508474576,25.580689993803727,2.4692338313531557,6,0.4067796610169492,0.17307692307692307,0.17307692307692307,0.15254237288135594,0.7508014547324822
bayes-fix-seed43,dense_circle,2,18,1542568436,success,54,13.5,0.18891332130160354,0,0.0,2,0.9146268033447015,14.381878905826145,16.31649173796177,9.422268428289414,32,2.3703703703703702,15,1.1111111111111112,11,0.8148148148148148,33.99389807577006,3.6078252635752555,5,0.37037037037037035,0.0851063829787234,0.0851063829787234,0.1111111111111111,0.8190230410477617
bayes-fix-seed43,dense_circle,2,19,1542568437,success,70,17.5,0.22328548723472952,0,0.0,0,1.0446707776115316,14.259803774101394,15.605313144624233,12.116618003261111,56,3.2,27,1.542857142857143,12,0.6857142857142857,55.64588896308964,4.5925264746411,12,0.6857142857142857,0.09523809523809523,0.031746031746031744,0.17142857142857143,0.6380668834314985
bayes-fix-seed43,dense_circle,2,20,1542568438,success,61,15.25,0.24531963452206584,0,0.0,0,1.0990738541863239,14.39484642421613,16.096513718366623,10.637590335923194,47,3.081967213114754,18,1.180327868852459,3,0.19672131147540983,22.891249324246782,2.151920557322359,2,0.13114754098360656,0.1111111111111111,0.037037037037037035,0.09836065573770492,0.7254828319421721
bayes-fix-seed43,dense_circle,2,21,1542568439,success,54,13.5,0.21824730236576562,0,0.0,0,0.5008178018487008,14.061262762105024,15.480806306004522,10.391302881679545,34,2.5185185185185186,17,1.2592592592592593,4,0.2962962962962963,25.664439874807055,2.469800001697084,13,0.9629629629629629,0.0425531914893617,0.02127659574468085,0.07407407407407407,0.7429599334942366
bayes-fix-seed43,dense_circle,2,22,1542568440,success,54,13.5,0.16773417848162964,0,0.0,3,0.6459042288491503,14.054410918443292,15.767499804496765,11.599587398692213,32,2.3703703703703702,14,1.037037037037037,4,0.2962962962962963,20.34403027555087,1.7538580965254458,4,0.2962962962962963,0.0851063829787234,0.0851063829787234,0.12962962962962962,0.6839550241505115
bayes-fix-seed43,dense_circle,2,23,1542568441,success,61,15.25,0.10327279345809248,0,0.0,5,0.5135689876024186,14.317316659649865,15.879563987255096,9.175577508746699,51,3.3442622950819674,27,1.7704918032786885,4,0.26229508196721313,35.249200765051505,3.841632936068591,12,0.7868852459016393,0.0,0.0,0.06557377049180328,0.8464624551497532
bayes-fix-seed43,dense_circle,2,24,1542568442,success,54,13.5,0.27394847007660117,0,0.0,0,0.8214155262026922,14.093543161396626,15.616524778306484,10.94023751875863,29,2.1481481481481484,11,0.8148148148148148,5,0.37037037037037035,23.238087907961216,2.1240935462430435,6,0.4444444444444444,0.02127659574468085,0.02127659574468085,0.05555555555555555,0.7085848954138615
bayes-fix-seed43,dense_circle,2,25,1542568443,success,43,10.75,0.2618916576562105,0,0.0,0,1.0400075434166962,13.845777702192928,15.287509188055992,9.98554277846474,18,1.6744186046511629,10,0.9302325581395349,1,0.09302325581395349,11.617686493571922,1.1634506757736929,2,0.18604651162790697,0.0,0.0,0.023255813953488372,0.7764307646215582
bayes-fix-seed43,dense_circle,2,26,1542568444,success,69,17.25,0.21099278358854245,0,0.0,0,0.7665124389589841,14.193808470947156,15.906323492527008,10.99786772039036,52,3.0144927536231885,31,1.7971014492753623,10,0.5797101449275363,45.60295740222092,4.14652717796121,10,0.5797101449275363,0.0967741935483871,0.0967741935483871,0.2028985507246377,0.7071291086475282
bayes-fix-seed43,dense_circle,2,27,1542568445,success,56,14.0,0.2062573262468168,0,0.0,0,0.44289642148514324,14.038060326129198,15.614786185324192,9.543267757966879,42,3.0,20,1.4285714285714286,4,0.2857142857142857,25.08993551542555,2.6290717343103003,9,0.6428571428571429,0.0,0.0,0.08928571428571429,0.8225885753913119
bayes-fix-seed43,dense_circle,2,28,1542568446,success,66,16.5,0.2180704272922248,0,0.0,0,1.1072034733692815,14.254817456910104,15.783228911459446,12.673299355922607,42,2.5454545454545454,15,0.9090909090909091,3,0.18181818181818182,25.532669021524914,2.014682073267112,9,0.5454545454545454,0.2033898305084746,0.0847457627118644,0.18181818181818182,0.6086892302308358
bayes-fix-seed43,dense_circle,2,29,1542568447,success,59,14.75,0.1874872661204524,0,0.0,1,0.5891563493098123,14.227462080070527,16.04796051979065,10.269815830161109,46,3.1186440677966103,19,1.2881355932203389,7,0.4745762711864407,36.60704900724217,3.5645282848921243,10,0.6779661016949152,0.15384615384615385,0.1346153846153846,0.1016949152542373,0.7541102655123472
bayes-fix-seed43,dense_circle,2,30,1542568448,success,47,11.75,0.21825842613004076,0,0.0,0,1.0305197194686213,14.208714774948485,15.892193466424942,9.635372546456036,23,1.9574468085106382,8,0.6808510638297872,1,0.0851063829787234,11.70414524738347,1.21470604182174,6,0.5106382978723404,0.0,0.0,0.0,0.8093947449490453
bayes-fix-seed43,dense_circle,2,31,1542568449,success,55,13.75,0.19039353744621001,0,0.0,1,0.9982064750539408,13.911226188594645,15.423968061804771,11.271635556854573,30,2.1818181818181817,14,1.018181818181818,0,0.0,15.163306784267121,1.3452623364003213,5,0.36363636363636365,0.125,0.0,0.12727272727272726,0.6872506824192459
bayes-fix-seed43,dense_circle,2,32,1542568450,success,50,12.5,0.22803676781399917,0,0.0,0,0.6866731515955854,14.057632312178612,15.606269985437393,10.255664403325127,27,2.16,10,0.8,1,0.08,17.892952331675506,1.7446897273543964,9,0.72,0.0,0.0,0.04,0.7698942993243614
bayes-fix-seed43,dense_circle,2,33,1542568451,success,52,13.0,0.2081642184702942,0,0.0,0,1.2731246643379355,13.931914161031063,15.504749491810799,9.819065563845257,34,2.6153846153846154,15,1.1538461538461537,4,0.3076923076923077,24.0971447975442,2.45411792403874,5,0.38461538461538464,0.0,0.0,0.09615384615384616,0.7895647436573463
bayes-fix-seed43,dense_circle,2,34,1542568452,success,57,14.25,0.25719590511577517,0,0.0,0,0.7248783523585053,14.309602152360114,16.030854731798172,9.889485787574952,37,2.5964912280701755,16,1.1228070175438596,3,0.21052631578947367,19.191119751833458,1.9405578979591622,2,0.14035087719298245,0.0,0.0,0.03508771929824561,0.7889715508326335
bayes-fix-seed43,dense_circle,2,35,1542568453,success,58,14.5,0.1815175278093828,0,0.0,2,1.1182336795239487,14.242022651536711,15.907239355146885,12.355720427543732,37,2.5517241379310347,17,1.1724137931034482,3,0.20689655172413793,19.41929943777134,1.571684917253491,9,0.6206896551724138,0.1568627450980392,0.0196078431372549,0.13793103448275862,0.6330023120720003
bayes-fix-seed43,dense_circle,2,36,1542568454,success,79,19.75,0.27119122323638734,0,0.0,0,0.8109753473422028,14.768899147269092,16.278495267033577,13.470143314455681,68,3.4430379746835444,43,2.1772151898734178,18,0.9113924050632911,70.35588415192264,5.223098411760712,18,0.9113924050632911,0.125,0.125,0.17721518987341772,0.5757316735729681
bayes-fix-seed43,dense_circle,2,37,1542568455,success,63,15.75,0.17434339885509686,0,0.0,2,0.68523681166131,14.144033666640993,15.459902957081795,13.165699875546423,43,2.7301587301587302,19,1.2063492063492063,1,0.06349206349206349,17.184524195604883,1.3052495771624648,8,0.5079365079365079,0.16071428571428573,0.08928571428571429,0.1746031746031746,0.5880916395502981
bayes-fix-seed43,dense_circle,2,38,1542568456,success,59,14.75,0.1595671575354023,0,0.0,2,0.7413507051412341,14.272515362097046,15.847645327448845,11.104345510338698,37,2.5084745762711864,14,0.9491525423728814,2,0.13559322033898305,22.41203349188583,2.0183119726434224,6,0.4067796610169492,0.11538461538461539,0.11538461538461539,0.1016949152542373,0.7000268986788667
bayes-fix-seed43,dense_circle,2,39,1542568457,success,55,13.75,0.10508183218720113,0,0.0,3,0.43327292363146447,14.252832938324321,15.73573723435402,10.112833638480016,37,2.690909090909091,12,0.8727272727272727,4,0.2909090909090909,20.196917108320743,1.9971570610506346,9,0.6545454545454545,0.041666666666666664,0.020833333333333332,0.12727272727272726,0.7644076523858803
bayes-fix-seed43,dense_circle,2,40,1542568458,success,54,13.5,0.4268284239960861,0,0.0,0,0.9348353101040769,13.76217382925528,15.127926133573055,10.169252902831971,31,2.2962962962962963,13,0.9629629629629629,3,0.2222222222222222,17.94592401454355,1.7647239365583978,3,0.2222222222222222,0.02127659574468085,0.0,0.05555555555555555,0.7665379357686687
bayes-fix-seed43,dense_circle,2,41,1542568459,success,50,12.5,0.24416857037832662,0,0.0,0,0.7344291495286988,13.896016851067543,15.50579909235239,10.495482244702274,29,2.32,13,1.04,2,0.16,17.332483838009484,1.6514232918414276,3,0.24,0.023255813953488372,0.023255813953488372,0.06,0.7349852071112702
bayes-fix-seed43,dense_circle,2,42,1542568460,success,50,12.5,0.1754415976558138,0,0.0,2,0.7946751974221294,13.91883485019207,15.360471047461033,9.04650725744994,38,3.04,19,1.52,1,0.08,23.16522456360013,2.560681587307986,10,0.8,0.0,0.0,0.04,0.8651308562520877
bayes-fix-seed43,dense_circle,2,43,1542568461,success,57,14.25,0.184935174350228,0,0.0,3,0.5113495657966074,13.942279248384008,15.406828373670578,11.304303298330659,45,3.1578947368421053,17,1.1929824561403508,6,0.42105263157894735,28.517370060842566,2.522700365360315,10,0.7017543859649122,0.06,0.0,0.15789473684210525,0.6910266725116021
bayes-fix-seed43,dense_circle,2,44,1542568462,success,65,16.25,0.2266381498384764,0,0.0,0,0.7409550966521307,14.398318815689821,16.111930459737778,12.031357950242853,40,2.4615384615384617,19,1.1692307692307693,2,0.12307692307692308,21.981349419784983,1.8270048576969893,12,0.7384615384615385,0.22413793103448276,0.13793103448275862,0.18461538461538463,0.6408326866445007
bayes-fix-seed43,dense_circle,2,45,1542568463,success,50,12.5,0.2742131868284321,0,0.0,0,0.9034225446988402,13.97007130086422,15.452320128679276,10.18011153341531,29,2.32,15,1.2,2,0.16,16.42199689410387,1.6131450859059968,2,0.16,0.0,0.0,0.04,0.7691980477036677
bayes-fix-seed43,dense_circle,2,46,1542568464,timeout,101,25.25,0.19456780065092094,0,0.0,1,0.7921843495002653,14.511753500688194,15.658210963010788,17.323947943998522,70,2.772277227722772,34,1.3465346534653466,39,1.5445544554455446,115.07425824282265,6.642496191677108,11,0.43564356435643564,0.46808510638297873,0.39361702127659576,0.37623762376237624,0.4207518814099654
bayes-fix-seed43,dense_circle,2,47,1542568465,success,55,13.75,0.39817918203983016,0,0.0,0,0.9174266281318362,14.113206348635934,15.368308871984482,9.140513265618901,41,2.981818181818182,25,1.8181818181818181,6,0.43636363636363634,29.008140751616303,3.1735789784067636,7,0.509090909090909,0.0625,0.0625,0.10909090909090909,0.8498323631262223
bayes-fix-seed43,dense_circle,2,48,1542568466,success,67,16.75,0.22924975137555925,0,0.0,0,1.0516828325633176,14.32782517217878,15.652207657694817,11.897659827809157,53,3.1641791044776117,25,1.492537313432836,4,0.23880597014925373,41.11075392445261,3.4553647120051147,7,0.417910447761194,0.08333333333333333,0.05,0.22388059701492538,0.6519083208591518
bayes-fix-seed43,dense_circle,2,49,1542568467,success,52,13.0,0.18541096317227745,0,0.0,2,0.5876486850459,13.98226862343458,15.027136914432049,10.470045613889521,35,2.6923076923076925,21,1.6153846153846154,4,0.3076923076923077,23.498271490118746,2.244333249030552,6,0.46153846153846156,0.08888888888888889,0.06666666666666667,0.1346153846153846,0.7396849383243442
bayes-fix-seed43,dense_circle,2,50,1542568468,success,66,16.5,0.2116929949286478,0,0.0,0,0.7884534340313036,14.187170813481012,15.748358331620693,11.508995077699408,49,2.9696969696969697,24,1.4545454545454546,9,0.5454545454545454,36.80912692103125,3.198292003126759,10,0.6060606060606061,0.15254237288135594,0.13559322033898305,0.16666666666666666,0.6710901927695212
bayes-fix-seed43,dense_circle,2,51,1542568469,success,49,12.25,0.15695649155252467,0,0.0,5,0.5917737440286208,13.884140748758705,15.828985720872877,10.031176612532228,33,2.693877551020408,15,1.2244897959183674,6,0.4897959183673469,25.01271292762721,2.493497412494775,8,0.6530612244897959,0.0,0.0,0.08163265306122448,0.7796462221423069
bayes-fix-seed43,dense_circle,2,52,1542568470,success,47,11.75,0.320945980631555,0,0.0,0,1.0574576889385339,14.25057015520461,15.875464305281637,9.511281702737843,28,2.382978723404255,10,0.851063829787234,2,0.1702127659574468,13.849812989841688,1.4561458090190924,3,0.2553191489361702,0.0,0.0,0.02127659574468085,0.814534184633735
bayes-fix-seed43,dense_circle,2,53,1542568471,success,57,14.25,0.19603247578412308,0,0.0,1,0.81801283535889,14.337603460278427,16.15971252322197,9.180965595323165,38,2.6666666666666665,17,1.1929824561403508,2,0.14035087719298245,23.448956028438207,2.5540838580620795,10,0.7017543859649122,0.0,0.0,0.08771929824561403,0.8455937666514004
bayes-fix-seed43,dense_circle,2,54,1542568472,success,50,12.5,0.220293721080837,0,0.0,0,0.6580190033920492,13.77519078552723,15.45416284352541,10.140188437316471,21,1.68,10,0.8,1,0.08,11.728621576798382,1.156647299929495,2,0.16,0.09302325581395349,0.023255813953488372,0.1,0.7597050345397214
bayes-fix-seed43,dense_circle,2,55,1542568473,success,70,17.5,0.23004368253570295,0,0.0,0,0.9704139266777974,14.50701222888061,16.089888848364353,13.058606043553185,56,3.2,16,0.9142857142857143,2,0.11428571428571428,23.952020027702414,1.8341942430775087,8,0.45714285714285713,0.07936507936507936,0.0,0.17142857142857143,0.5963512854763426
bayes-fix-seed43,dense_circle,2,56,1542568474,success,56,14.0,0.20549695573570714,0,0.0,0,0.7876010302039813,14.045359500284706,15.419348143041134,9.552017656310234,44,3.142857142857143,21,1.5,5,0.35714285714285715,32.87225764308904,3.441394145808874,13,0.9285714285714286,0.0,0.0,0.08928571428571429,0.8062614069148077
bayes-fix-seed43,dense_circle,2,57,1542568475,success,48,12.0,0.277298605084626,0,0.0,0,0.9464523759638709,13.947850481296578,15.495353192090988,10.199878284334506,30,2.5,11,0.9166666666666666,3,0.25,19.6903744117295,1.9304518998007048,3,0.25,0.0,0.0,0.08333333333333333,0.7615270357506579
bayes-fix-seed43,dense_circle,2,58,1542568476,success,62,15.5,0.150489476118418,0,0.0,4,0.7271745224267316,14.25402803767112,15.855645947158337,11.147416949186608,45,2.903225806451613,28,1.8064516129032258,7,0.45161290322580644,27.475503420261486,2.464741701642934,9,0.5806451612903226,0.01818181818181818,0.01818181818181818,0.14516129032258066,0.7072048664645992
bayes-fix-seed43,dense_circle,2,59,1542568477,success,55,13.75,0.2306202251168472,0,0.0,0,0.7901612932596233,13.993275639685718,15.525520220398903,10.421135216038989,32,2.327272727272727,14,1.018181818181818,3,0.21818181818181817,14.896147632361114,1.4294169803530339,6,0.43636363636363634,0.0,0.0,0.0,0.7513366173115988
bayes-fix-seed43,dense_circle,2,60,1542568478,success,55,13.75,0.24894157035604758,0,0.0,0,0.996425936609547,14.268241009928964,15.974900126457214,9.584412048274391,35,2.5454545454545454,14,1.018181818181818,2,0.14545454545454545,15.788606451125979,1.6473213350597349,4,0.2909090909090909,0.0,0.0,0.05454545454545454,0.8092330875553182
bayes-fix-seed43,dense_circle,2,61,1542568479,success,55,13.75,0.20218094240142392,0,0.0,0,0.5909409336464312,14.307597550478848,16.353702545166016,10.875613376784319,32,2.327272727272727,12,0.8727272727272727,0,0.0,14.880934204454315,1.3682845913059003,4,0.2909090909090909,0.08333333333333333,0.0,0.07272727272727272,0.7217248912757736
bayes-fix-seed43,dense_circle,2,62,1542568480,success,49,12.25,0.19361982125766108,0,0.0,1,0.9764178417681596,14.220857726676124,16.084211319684982,9.801790886851258,33,2.693877551020408,15,1.2244897959183674,6,0.4897959183673469,26.83144951457981,2.737402768974924,8,0.6530612244897959,0.0,0.0,0.061224489795918366,0.793341594531829
bayes-fix-seed43,dense_circle,2,63,1542568481,success,57,14.25,0.19921714131261403,0,0.0,1,0.6524975784035523,14.765052026823946,16.261931508779526,10.87401087791294,37,2.5964912280701755,16,1.1228070175438596,3,0.21052631578947367,24.310988262452387,2.2356965185525377,7,0.49122807017543857,0.08,0.08,0.14035087719298245,0.7198666729937488
bayes-fix-seed43,dense_circle,2,64,1542568482,success,57,14.25,0.2031086165575523,0,0.0,0,0.5121791182242366,13.788837678076929,15.115774422883987,11.851501027117843,29,2.0350877192982457,13,0.9122807017543859,3,0.21052631578947367,20.008666525118613,1.6882812125937523,4,0.2807017543859649,0.02,0.0,0.14035087719298245,0.6606059506640654
bayes-fix-seed43,dense_circle,2,65,1542568483,success,54,13.5,0.2520129866888623,0,0.0,0,0.7542933742704137,14.403266694258761,16.011144407093525,10.442021866930151,36,2.6666666666666665,13,0.9629629629629629,1,0.07407407407407407,21.06560659485867,2.017387711241381,8,0.5925925925925926,0.02127659574468085,0.02127659574468085,0.07407407407407407,0.7391730878878235
bayes-fix-seed43,dense_circle,2,66,1542568484,success,53,13.25,0.17901017158902988,0,0.0,4,0.9750916852951617,14.17817864215599,16.042114794254303,9.674557939571464,41,3.0943396226415096,21,1.5849056603773586,4,0.3018867924528302,25.16930378880969,2.601597297367012,12,0.9056603773584906,0.0,0.0,0.03773584905660377,0.7975319569899537
bayes-fix-seed43,dense_circle,2,67,1542568485,success,53,13.25,0.23376512021599916,0,0.0,0,0.8274700439415144,14.352671239735946,15.862422436475754,10.422561655036436,29,2.188679245283019,15,1.1320754716981132,5,0.37735849056603776,23.727993137916922,2.2765989708922447,6,0.4528301886792453,0.08695652173913043,0.08695652173913043,0.09433962264150944,0.7490432905162987
bayes-fix-seed43,dense_circle,2,68,1542568486,success,61,15.25,0.20680759661061687,0,0.0,0,0.7307286616876384,14.099240425180216,15.711192041635513,12.491675909363877,36,2.360655737704918,16,1.0491803278688525,3,0.19672131147540983,22.991422917542508,1.8405394988119985,7,0.45901639344262296,0.18518518518518517,0.12962962962962962,0.22950819672131148,0.624181919945175
bayes-fix-seed43,dense_circle,2,69,1542568487,success,79,19.75,0.13445855890398462,0,0.0,5,0.719981908808315,16.10032355860819,15.806875750422478,13.834137052076954,54,2.7341772151898733,25,1.2658227848101267,7,0.35443037974683544,38.78423962717669,2.8035170882851643,9,0.45569620253164556,0.2222222222222222,0.1111111111111111,0.189873417721519,0.5587914037747783
bayes-fix-seed43,dense_circle,2,70,1542568488,success,53,13.25,0.18270990274130072,0,0.0,3,0.8650208682874332,14.094853738568863,15.724624693393707,10.333924731310029,39,2.943396226415094,20,1.509433962264151,3,0.22641509433962265,23.736248168247947,2.296924816602463,11,0.8301886792452831,0.0,0.0,0.11320754716981132,0.7476584509780602
bayes-fix-seed43,dense_circle,2,71,1542568489,success,66,16.5,0.1472745244502066,0,0.0,2,0.6116475921851396,14.028826615575587,15.599019825458527,10.832694875043702,58,3.515151515151515,29,1.7575757575757576,8,0.48484848484848486,42.253824594443046,3.900582918825412,13,0.7878787878787878,0.0,0.0,0.10606060606060606,0.7138450462653774
bayes-fix-seed43,dense_circle,2,72,1542568490,success,49,12.25,0.20650418681843508,0,0.0,0,0.5694927865848395,13.916736430659586,15.824539214372635,9.336329913445601,33,2.693877551020408,16,1.3061224489795917,3,0.24489795918367346,20.83382108511686,2.231478672911214,9,0.7346938775510204,0.0,0.0,0.061224489795918366,0.8441788258186081
bayes-fix-seed43,dense_circle,2,73,1542568491,success,54,13.5,0.45627500213129457,0,0.0,0,0.8566760868879937,13.969564672421527,15.670192427933214,10.100457982630713,30,2.2222222222222223,10,0.7407407407407407,3,0.2222222222222222,20.456087686182556,2.0252633812605265,4,0.2962962962962963,0.0,0.0,0.07407407407407407,0.7642090741349975
bayes-fix-seed43,dense_circle,2,74,1542568492,success,61,15.25,0.1983479331410014,0,0.0,1,1.406027171267523,14.037382651547917,15.63052088022232,12.880409345114229,39,2.557377049180328,19,1.2459016393442623,1,0.06557377049180328,18.61703772971386,1.445376247826754,5,0.32786885245901637,0.2037037037037037,0.16666666666666666,0.21311475409836064,0.6081422514335879
bayes-fix-seed43,dense_circle,2,75,1542568493,success,49,12.25,0.20224191275844272,0,0.0,0,0.9399617440358344,14.144622093560745,15.878845006227492,8.998230367148741,33,2.693877551020408,12,0.9795918367346939,1,0.08163265306122448,14.1370412575748,1.5710912791460783,7,0.5714285714285714,0.023809523809523808,0.023809523809523808,0.061224489795918366,0.8589789785494694
bayes-fix-seed43,dense_circle,2,76,1542568494,success,59,14.75,0.1954333197985213,0,0.0,1,0.9156830907788214,13.903453882973073,15.79611748456955,12.833791863206914,38,2.5762711864406778,14,0.9491525423728814,3,0.2033898305084746,19.685680217501535,1.533894302426568,5,0.3389830508474576,0.17307692307692307,0.057692307692307696,0.13559322033898305,0.6060451135070991
bayes-fix-seed43,dense_circle,2,77,1542568495,success,52,13.0,0.20725919504469914,0,0.0,0,0.8362914354424665,14.239261786525066,15.788082778453827,9.424790521712408,35,2.6923076923076925,19,1.4615384615384615,4,0.3076923076923077,28.861054673027922,3.062248928136824,9,0.6923076923076923,0.0,0.0,0.057692307692307696,0.8199676053792722
bayes-fix-seed43,dense_circle,2,78,1542568496,timeout,101,25.25,0.3362932297873996,0,0.0,0,1.9803195025050915,14.268237212211778,15.705298632383347,15.915062211940333,87,3.4455445544554455,39,1.5445544554455446,37,1.4653465346534653,113.35827787246215,7.122704037400162,34,1.3465346534653466,0.776595744680851,0.7021276595744681,0.5841584158415841,0.0
bayes-fix-seed43,dense_circle,2,79,1542568497,success,58,14.5,0.22148814052929444,0,0.0,0,0.703631787064054,13.99584821072118,15.485518611967564,10.724496167510337,42,2.896551724137931,21,1.4482758620689655,6,0.41379310344827586,28.374348668198476,2.6457512059315236,3,0.20689655172413793,0.11764705882352941,0.058823529411764705,0.1724137931034483,0.7225575569834011
bayes-fix-seed43,dense_circle,2,80,1542568498,success,52,13.0,0.13839598768956696,0,0.0,6,0.5154998989058822,13.82729267844787,15.228547155857086,10.425473841946982,30,2.3076923076923075,9,0.6923076923076923,2,0.15384615384615385,14.760761661915954,1.4158360459863133,7,0.5384615384615384,0.0,0.0,0.07692307692307693,0.7462893366687
bayes-fix-seed43,dense_circle,2,81,1542568499,success,67,16.75,0.1848546855952885,0,0.0,1,0.9408504523290665,14.239458784238616,16.202573850750923,11.440737964813044,44,2.626865671641791,21,1.2537313432835822,6,0.3582089552238806,29.041840892470123,2.538458706229507,12,0.7164179104477612,0.11666666666666667,0.06666666666666667,0.1044776119402985,0.6826527137486891
bayes-fix-seed43,dense_circle,2,82,1542568500,success,60,15.0,0.17425081334562997,0,0.0,2,0.829849643946948,14.23169250289599,16.067010909318924,10.722565992164455,39,2.6,14,0.9333333333333333,5,0.3333333333333333,23.970088177459328,2.2354805925163377,8,0.5333333333333333,0.1509433962264151,0.0,0.03333333333333333,0.7319042876305782
bayes-fix-seed43,dense_circle,2,83,1542568501,success,66,16.5,0.18763984112325738,0,0.0,2,1.0545528559112656,14.259261107354453,16.245714388787746,12.269449987921043,42,2.5454545454545454,23,1.393939393939394,3,0.18181818181818182,25.008699693872465,2.0382902019644633,7,0.42424242424242425,0.11864406779661017,0.1016949152542373,0.15151515151515152,0.6303448521557314
bayes-fix-seed43,dense_circle,2,84,1542568502,success,59,14.75,0.19982259207901465,0,0.0,1,0.7852237434937894,14.323878654484021,16.9661033898592,10.781047749150535,40,2.711864406779661,18,1.2203389830508475,6,0.4067796610169492,28.834332749351283,2.674539007734495,11,0.7457627118644068,0.019230769230769232,0.0,0.13559322033898305,0.721216195306757
bayes-fix-seed43,dense_circle,2,85,1542568503,success,55,13.75,0.17958170794237438,0,0.0,3,0.530065048380336,13.891641118309714,15.318600460886955,9.409591587493324,45,3.272727272727273,26,1.8909090909090909,4,0.2909090909090909,33.0281056561585,3.510046674082807,16,1.1636363636363636,0.0625,0.0625,0.09090909090909091,0.8249840278169199
bayes-fix-seed43,dense_circle,2,86,1542568504,success,63,15.75,0.23747525356942145,0,0.0,0,0.7841086385628019,13.989592591921488,15.326325967907906,11.767275131283107,42,2.6666666666666665,15,0.9523809523809523,3,0.19047619047619047,20.143551458808616,1.7118280344493109,8,0.5079365079365079,0.14285714285714285,0.07142857142857142,0.20634920634920634,0.6624700196963137
bayes-fix-seed43,dense_circle,2,87,1542568505,success,57,14.25,0.3660738063274389,0,0.0,0,0.9590551333254609,13.973918792448545,15.457282215356825,10.69951348511502,39,2.736842105263158,16,1.1228070175438596,6,0.42105263157894735,27.435030694103514,2.5641381481756773,9,0.631578947368421,0.1,0.02,0.15789473684210525,0.7281882059635751
bayes-fix-seed43,dense_circle,2,88,1542568506,success,63,15.75,0.18577241507342057,0,0.0,3,0.7132964026968875,14.146999234244937,15.730621665716171,10.331425070632305,49,3.111111111111111,23,1.4603174603174602,8,0.5079365079365079,40.587038439700706,3.9285033925350525,11,0.6984126984126984,0.10714285714285714,0.10714285714285714,0.15873015873015872,0.7506602230740367
bayes-fix-seed43,dense_circle,2,89,1542568507,success,75,18.75,0.14712251449190028,0,0.0,2,1.7363737954445575,14.62724765141805,16.47210121154785,11.246176055153672,59,3.1466666666666665,29,1.5466666666666666,8,0.4266666666666667,45.90222217852649,4.081584883022647,12,0.64,0.11764705882352941,0.11764705882352941,0.10666666666666667,0.6870106029541926
bayes-fix-seed43,dense_circle,2,90,1542568508,success,52,13.0,0.19317622571475346,0,0.0,1,0.6915206131611092,14.290842729119154,15.862404741346834,10.691199317891673,28,2.1538461538461537,11,0.8461538461538461,4,0.3076923076923077,18.00421199172289,1.684021731929824,3,0.23076923076923078,0.044444444444444446,0.044444444444444446,0.11538461538461539,0.7360218725337323
bayes-fix-seed43,dense_circle,2,91,1542568509,success,66,16.5,0.16462168115804465,0,0.0,2,0.971898611180121,13.99190215901895,15.507866628468037,11.117047591268479,45,2.727272727272727,18,1.0909090909090908,6,0.36363636363636365,31.11118972020482,2.798511876897971,11,0.6666666666666666,0.2711864406779661,0.13559322033898305,0.18181818181818182,0.6931800738234246
bayes-fix-seed43,dense_circle,2,92,1542568510,success,51,12.75,0.28985596792962354,0,0.0,0,0.8976476285623414,14.141320159622268,15.457430854439735,10.087379850686213,31,2.4313725490196076,13,1.0196078431372548,2,0.1568627450980392,15.120719706327453,1.498973958564556,3,0.23529411764705882,0.09090909090909091,0.022727272727272728,0.058823529411764705,0.7647014501015077
bayes-fix-seed43,dense_circle,2,93,1542568511,success,72,18.0,0.19940674070110853,0,0.0,1,1.0927211179482845,14.44372312269277,15.763223171234133,12.183065439316659,51,2.8333333333333335,28,1.5555555555555556,8,0.4444444444444444,36.44748390031894,2.991651327973435,9,0.5,0.26153846153846155,0.26153846153846155,0.2361111111111111,0.6329678404571059
bayes-fix-seed43,dense_circle,2,94,1542568512,success,48,12.0,0.2755142123834079,0,0.0,0,0.8930222111148085,14.17644671164453,15.598228387534618,10.856717101628728,23,1.9166666666666667,10,0.8333333333333334,2,0.16666666666666666,13.543458556842946,1.2474727332455915,2,0.16666666666666666,0.0,0.0,0.0625,0.7179492656348594
bayes-fix-seed43,dense_circle,2,95,1542568513,success,49,12.25,0.261589998174515,0,0.0,0,0.6568733246450953,13.722541532954391,15.131109207868574,10.015695063627303,25,2.0408163265306123,13,1.0612244897959184,2,0.16326530612244897,12.767625964992089,1.2747618496651933,4,0.32653061224489793,0.0,0.0,0.02040816326530612,0.7780449900358352
bayes-fix-seed43,dense_circle,2,96,1542568514,success,49,12.25,0.22372605901584441,0,0.0,0,1.0655852095063665,13.795579498519702,15.22509977221489,10.340558293248199,33,2.693877551020408,16,1.3061224489795917,2,0.16326530612244897,18.67933169086028,1.8064142342349958,3,0.24489795918367346,0.09523809523809523,0.0,0.14285714285714285,0.7551243789532395
bayes-fix-seed43,dense_circle,2,97,1542568515,success,58,14.5,0.20674653869214277,0,0.0,0,1.4760236777879014,14.137129010311488,15.872523747384548,9.460487495331192,44,3.0344827586206895,24,1.6551724137931034,5,0.3448275862068966,28.95711158487183,3.0608477204966804,11,0.7586206896551724,0.0,0.0,0.034482758620689655,0.8238728864504093
bayes-fix-seed43,dense_circle,2,98,1542568516,success,60,15.0,0.20123474570989908,0,0.0,0,0.5557572430069732,14.044631769259771,15.65670259296894,10.106015875536746,43,2.8666666666666667,27,1.8,2,0.13333333333333333,30.175873757180682,2.985931758748399,6,0.4,0.07547169811320754,0.07547169811320754,0.03333333333333333,0.7639523905024069
bayes-fix-seed43,dense_circle,2,99,1542568517,success,52,13.0,0.20740464077117682,0,0.0,0,0.8482819345048919,14.078622325681723,15.423638746142387,10.749181072838848,36,2.769230769230769,16,1.2307692307692308,1,0.07692307692307693,17.296995840528258,1.6091454524135334,6,0.46153846153846156,0.13333333333333333,0.0,0.09615384615384616,0.7165211221079331
bayes-fix-seed43,dense_circle,2,100,1542568518,success,57,14.25,0.20367436727462862,0,0.0,0,0.680571136062576,14.112228429631182,15.57081788778305,10.878009829618396,39,2.736842105263158,16,1.1228070175438596,4,0.2807017543859649,22.52270363485578,2.070480169408514,8,0.5614035087719298,0.1,0.1,0.08771929824561403,0.7184598806348879
bayes-fix-seed43,dense_circle,2,101,1542568519,success,59,14.75,0.25267984300109936,0,0.0,0,1.3198864539865989,14.385510867429993,16.05542302131653,11.504978389676424,41,2.7796610169491527,23,1.5593220338983051,4,0.2711864406779661,22.902130949802494,1.990627898123902,5,0.3389830508474576,0.15384615384615385,0.11538461538461539,0.15254237288135594,0.6774696608242021
bayes-fix-seed43,dense_circle,2,102,1542568520,success,55,13.75,0.1920586182412105,0,0.0,1,0.5926971253210016,14.31024121967229,15.976976603269577,9.540879326902349,38,2.7636363636363637,17,1.2363636363636363,5,0.36363636363636365,35.76561468312021,3.748670689322332,10,0.7272727272727273,0.020833333333333332,0.020833333333333332,0.10909090909090909,0.809808745849453
bayes-fix-seed43,dense_circle,2,103,1542568521,success,68,17.0,0.1879785888000748,0,0.0,2,0.9120919681182135,14.355990871348801,16.020362824201584,12.569411793078386,41,2.411764705882353,19,1.1176470588235294,3,0.17647058823529413,21.62188735052106,1.7201988212708261,9,0.5294117647058824,0.16393442622950818,0.14754098360655737,0.19117647058823528,0.6126513873494681
bayes-fix-seed43,dense_circle,2,104,1542568522,success,67,16.75,0.20943138177827947,0,0.0,0,0.9080749271661884,14.141000640481266,15.90745896100998,12.243771343189207,42,2.5074626865671643,22,1.3134328358208955,8,0.47761194029850745,37.489819367077935,3.061950302423137,8,0.47761194029850745,0.11666666666666667,0.11666666666666667,0.19402985074626866,0.6311697377149802
bayes-fix-seed43,dense_circle,2,105,1542568523,success,79,19.75,0.21170858749646193,0,0.0,0,1.6021155988432323,14.129947588036332,15.558237582445143,14.29332237986605,48,2.430379746835443,22,1.1139240506329113,8,0.4050632911392405,39.064021402692006,2.733025979860261,12,0.6075949367088608,0.2916666666666667,0.2777777777777778,0.27848101265822783,0.5450744300289329
bayes-fix-seed43,dense_circle,2,106,1542568524,success,55,13.75,0.17979905326213896,0,0.0,1,0.7828955178956197,14.23742026090622,15.8921267837286,9.972692596031532,41,2.981818181818182,20,1.4545454545454546,7,0.509090909090909,32.247698134882505,3.2335999354592504,10,0.7272727272727273,0.08333333333333333,0.08333333333333333,0.14545454545454545,0.7794093748244876
bayes-fix-seed43,dense_circle,2,107,1542568525,success,51,12.75,0.22440101927565792,0,0.0,0,0.7171777658559614,14.15589846232358,16.195597127079964,10.708269038750899,32,2.5098039215686274,16,1.2549019607843137,3,0.23529411764705882,21.717940339208305,2.028146683709178,6,0.47058823529411764,0.09090909090909091,0.09090909090909091,0.09803921568627451,0.7296238857079367
bayes-fix-seed43,dense_circle,2,108,1542568526,success,49,12.25,0.23051628831019244,0,0.0,0,0.5000552925380571,13.86877012496092,15.421102941036224,8.944983404288381,37,3.020408163265306,18,1.469387755102041,1,0.08163265306122448,16.389694518412654,1.8322778005999596,4,0.32653061224489793,0.0,0.0,0.02040816326530612,0.8623910567477039
bayes-fix-seed43,dense_circle,2,109,1542568527,success,53,13.25,0.22701714859007227,0,0.0,0,0.8987665962385268,14.116194872361309,15.547320991754532,10.378562950369014,35,2.641509433962264,15,1.1320754716981132,5,0.37735849056603776,24.507275487935686,2.3613361122470544,5,0.37735849056603776,0.0,0.0,0.09433962264150944,0.7505939179926417
bayes-fix-seed43,dense_circle,2,110,1542568528,success,57,14.25,0.13109478842336197,0,0.0,3,0.3690916382909782,14.130419675718274,15.714436024427414,10.394148986312455,40,2.807017543859649,14,0.9824561403508771,2,0.14035087719298245,24.486558282918175,2.355802126288869,12,0.8421052631578947,0.0,0.0,0.07017543859649122,0.7465914854780779
bayes-fix-seed43,dense_circle,2,111,1542568529,success,56,14.0,0.29461207985525906,0,0.0,0,0.590846124867966,14.03689943253994,16.10589772462845,8.822379050280155,37,2.642857142857143,15,1.0714285714285714,1,0.07142857142857142,17.201790180020467,1.949790422966946,9,0.6428571428571429,0.0,0.0,0.03571428571428571,0.8844898329223312
bayes-fix-seed43,dense_circle,2,112,1542568530,success,61,15.25,0.21009691215483284,0,0.0,0,0.8337585905144973,13.960912274044068,15.359662473201752,11.699776173236527,44,2.8852459016393444,14,0.9180327868852459,3,0.19672131147540983,24.048952552276223,2.055505352939032,9,0.5901639344262295,0.2037037037037037,0.1111111111111111,0.19672131147540983,0.6626437395599452
bayes-fix-seed43,dense_circle,2,113,1542568531,success,60,15.0,0.18730794113232285,0,0.0,1,0.8633062833998363,14.029975359638533,15.53561445325613,11.047082410060495,35,2.3333333333333335,12,0.8,6,0.4,26.14044364920499,2.366275789288861,5,0.3333333333333333,0.018867924528301886,0.018867924528301886,0.15,0.7050776592434161
bayes-fix-seed43,dense_circle,2,114,1542568532,success,66,16.5,0.34316298455398964,0,0.0,0,0.9933643441497746,14.159580692648888,15.670187771320343,13.394625218434465,39,2.3636363636363638,12,0.7272727272727273,2,0.12121212121212122,22.077898756337333,1.6482655092098015,6,0.36363636363636365,0.13559322033898305,0.0,0.18181818181818182,0.5793506227861871
bayes-fix-seed43,dense_circle,2,115,1542568533,success,51,12.75,0.18974830164702483,0,0.0,1,0.9074402470845568,13.936003195304497,15.354510396718979,11.527207614908873,34,2.6666666666666665,23,1.803921568627451,2,0.1568627450980392,20.97457126366299,1.8195708765178515,9,0.7058823529411765,0.11363636363636363,0.11363636363636363,0.1568627450980392,0.6845992532928393
bayes-fix-seed43,dense_circle,2,116,1542568534,success,67,16.75,0.16511829219527396,0,0.0,1,0.5029249348955249,14.397083712157919,15.67305102944374,11.590649251303372,53,3.1641791044776117,19,1.1343283582089552,6,0.3582089552238806,37.83413312607102,3.2641944645004735,9,0.5373134328358209,0.0,0.0,0.11940298507462686,0.6687562186714385
bayes-fix-seed43,dense_circle,2,117,1542568535,success,68,17.0,0.10929898285165063,0,0.0,3,0.7265249819651224,14.082068303490386,15.197345055639744,13.37997382442418,45,2.6470588235294117,17,1.0,4,0.23529411764705882,26.89095104233182,2.009791005214399,11,0.6470588235294118,0.14754098360655737,0.06557377049180328,0.17647058823529413,0.5810529311342687
bayes-fix-seed43,dense_circle,2,118,1542568536,success,44,11.0,0.21456535453096182,0,0.0,0,1.3069097448498255,13.810160315849565,15.280424803495407,9.867535794825331,21,1.9090909090909092,9,0.8181818181818182,2,0.18181818181818182,12.630709163436908,1.2800266881282176,3,0.2727272727272727,0.0,0.0,0.045454545454545456,0.7805834887771611
bayes-fix-seed43,dense_circle,2,119,1542568537,success,63,15.75,0.20340335405975685,0,0.0,0,0.6549171996601094,14.306295958776323,15.925974771380424,11.249076604458606,47,2.984126984126984,24,1.5238095238095237,4,0.25396825396825395,28.03749935400785,2.4924267421998976,7,0.4444444444444444,0.0,0.0,0.07936507936507936,0.6931150486609566
bayes-fix-seed43,dense_circle,2,120,1542568538,success,55,13.75,0.22927185113273163,0,0.0,0,0.8122335129186502,13.750180195678364,15.073565393686295,10.052038717809117,35,2.5454545454545454,16,1.1636363636363636,6,0.43636363636363634,28.607696736711837,2.8459596644835647,8,0.5818181818181818,0.0,0.0,0.12727272727272726,0.7769702369350479
bayes-fix-seed43,dense_circle,2,121,1542568539,success,66,16.5,0.19196430368202555,0,0.0,1,0.7608465882104716,14.363857889265725,15.719510614871979,10.804500566157325,47,2.8484848484848486,17,1.0303030303030303,4,0.24242424242424243,29.249081709601352,2.7071201977829076,5,0.30303030303030304,0.15254237288135594,0.01694915254237288,0.12121212121212122,0.719381603613613
bayes-fix-seed43,dense_circle,2,122,1542568540,success,54,13.5,0.2248710522020092,0,0.0,0,0.6179736728750951,14.00629996701523,15.733764506876469,11.5940205511072,30,2.2222222222222223,17,1.2592592592592593,5,0.37037037037037035,20.537345924012538,1.771373945171356,5,0.37037037037037035,0.10638297872340426,0.06382978723404255,0.14814814814814814,0.6775733342105534
bayes-fix-seed43,dense_circle,2,123,1542568541,success,60,15.0,0.20092986009643576,0,0.0,0,0.9447600615044286,13.78436554223299,15.347135066986084,11.31512403912005,38,2.533333333333333,15,1.0,4,0.26666666666666666,25.69834708496284,2.271150276047821,5,0.3333333333333333,0.07547169811320754,0.0,0.1,0.6853898710974176
bayes-fix-seed43,dense_circle,2,124,1542568542,success,57,14.25,0.18089396581137318,0,0.0,2,0.7816207627734582,13.995900684804248,15.582289546728134,9.881077197701766,46,3.2280701754385963,26,1.8245614035087718,7,0.49122807017543857,39.683300728396596,4.016090547053565,14,0.9824561403508771,0.0,0.0,0.05263157894736842,0.7864380648293546
bayes-fix-seed43,dense_circle,2,125,1542568543,success,51,12.75,0.1458053800496294,0,0.0,1,0.846346538405133,13.85162653876286,15.520144253969193,9.8596444854362,33,2.588235294117647,19,1.4901960784313726,0,0.0,15.29781526672393,1.5515585059198145,7,0.5490196078431373,0.022727272727272728,0.022727272727272728,0.09803921568627451,0.7814575033957447
bayes-fix-seed43,dense_circle,2,126,1542568544,success,61,15.25,0.14995013266873525,0,0.0,2,0.5315175647342922,14.061897199173442,15.44293388724327,11.683664073694654,50,3.278688524590164,21,1.3770491803278688,5,0.32786885245901637,33.819681139595005,2.8946125912451377,10,0.6557377049180327,0.14814814814814814,0.14814814814814814,0.14754098360655737,0.6668684662916564
bayes-fix-seed43,dense_circle,2,127,1542568545,success,55,13.75,0.3767120351052696,0,0.0,0,1.2546412934485303,13.8518480414694,15.214237198233604,10.470262851899994,33,2.4,16,1.1636363636363636,5,0.36363636363636365,22.939891659912497,2.190956615358486,6,0.43636363636363634,0.10416666666666667,0.08333333333333333,0.09090909090909091,0.7419303242044881
bayes-fix-seed43,dense_circle,2,128,1542568546,success,45,11.25,0.39653774606697734,0,0.0,0,1.5576377417932024,13.577132589287228,15.506759285926819,10.02160930292577,19,1.6888888888888889,6,0.5333333333333333,0,0.0,4.802853661976711,0.4792497409148186,1,0.08888888888888889,0.0,0.0,0.0,0.7732731402080916
bayes-fix-seed43,dense_circle,2,129,1542568547,success,54,13.5,0.20840096710127765,0,0.0,0,0.5752389693153394,13.73219448659155,15.125735104084015,10.815336981303064,31,2.2962962962962963,11,0.8148148148148148,2,0.14814814814814814,17.05604585208149,1.5770239874695542,5,0.37037037037037035,0.0851063829787234,0.0,0.16666666666666666,0.7279919551393345
bayes-fix-seed43,dense_circle,2,130,1542568548,success,45,11.25,0.24004709661345625,0,0.0,0,1.5278694894897298,13.602865073415968,15.66508114337921,9.733501308446817,25,2.2222222222222223,14,1.2444444444444445,3,0.26666666666666666,18.116022693140515,1.861203088082936,5,0.4444444444444444,0.02631578947368421,0.02631578947368421,0.06666666666666667,0.803851943537197
bayes-fix-seed43,dense_circle,2,131,1542568549,success,61,15.25,0.2229091271933038,0,0.0,0,0.7680314108880125,14.519480591426131,17.540711909532547,12.24695952076998,44,2.8852459016393444,22,1.4426229508196722,3,0.19672131147540983,25.85657723516826,2.1112650198049017,9,0.5901639344262295,0.14814814814814814,0.09259259259259259,0.16393442622950818,0.6337240981656131
bayes-fix-seed43,dense_circle,2,132,1542568550,success,59,14.75,0.2127724784527194,0,0.0,0,0.7399410470551318,14.118912677138539,15.771478042006493,9.845462233161859,47,3.1864406779661016,25,1.694915254237288,4,0.2711864406779661,29.13348581190377,2.959077504129289,5,0.3389830508474576,0.0,0.0,0.1016949152542373,0.7859099511212211
bayes-fix-seed43,dense_circle,2,133,1542568551,success,57,14.25,0.32385547974827456,0,0.0,0,0.9069667464064949,14.025361195468067,15.454688668251038,10.71616157601606,38,2.6666666666666665,25,1.7543859649122806,2,0.14035087719298245,25.05550350313027,2.3381043039895206,8,0.5614035087719298,0.0,0.0,0.05263157894736842,0.7213495120974441
bayes-fix-seed43,dense_circle,2,134,1542568552,success,79,19.75,0.1965178355870828,0,0.0,1,0.6868407249758349,14.224989127509202,15.550906956195831,13.676207724313095,63,3.189873417721519,38,1.9240506329113924,15,0.759493670886076,60.092202434439784,4.393922909463412,16,0.810126582278481,0.05555555555555555,0.05555555555555555,0.189873417721519,0.568124778415657
bayes-fix-seed43,dense_circle,2,135,1542568553,success,76,19.0,0.2841901687420374,0,0.0,0,1.072245240354875,14.264202774747423,15.580810606479645,12.835641878866396,57,3.0,22,1.1578947368421053,5,0.2631578947368421,36.14711564821094,2.8161517740477304,11,0.5789473684210527,0.11594202898550725,0.10144927536231885,0.17105263157894737,0.6021252953133703
bayes-fix-seed43,dense_circle,2,136,1542568554,success,52,13.0,0.20592934261899176,0,0.0,0,0.6327190662873287,14.052272272797731,15.80025590956211,10.5455591893088,30,2.3076923076923075,13,1.0,5,0.38461538461538464,19.954546560075915,1.89222270738436,8,0.6153846153846154,0.0,0.0,0.057692307692307696,0.734202839402349
bayes-fix-seed43,dense_circle,2,137,1542568555,success,50,12.5,0.1479017645816233,0,0.0,5,0.7761715293773893,14.018658101558685,15.626505017280579,10.775411801312304,30,2.4,13,1.04,4,0.32,18.534326896608476,1.7200574083257996,7,0.56,0.06976744186046512,0.06976744186046512,0.16,0.7217013169166735
bayes-fix-seed43,dense_circle,2,138,1542568556,success,57,14.25,0.3165371801005107,0,0.0,0,0.6326099038664016,13.895475093209953,15.396872162818909,10.575769056687,35,2.456140350877193,17,1.1929824561403508,6,0.42105263157894735,30.628740556581327,2.8961241865635245,9,0.631578947368421,0.0,0.0,0.08771929824561403,0.742978715558258
bayes-fix-seed43,dense_circle,2,139,1542568557,success,52,13.0,0.2572156469922514,0,0.0,0,0.8529828539642802,14.065499202563213,15.941952541470528,11.573265902967142,31,2.3846153846153846,15,1.1538461538461537,3,0.23076923076923078,17.31366303637734,1.4960049463599103,4,0.3076923076923077,0.15555555555555556,0.15555555555555556,0.15384615384615385,0.6699940249814917
bayes-fix-seed43,dense_circle,2,140,1542568558,success,49,12.25,0.23067599193797672,0,0.0,0,0.7216059418338803,14.019032978281682,15.768386423587796,10.323870557963506,29,2.36734693877551,13,1.0612244897959184,4,0.32653061224489793,19.265782060967375,1.8661394438064087,8,0.6530612244897959,0.11904761904761904,0.11904761904761904,0.12244897959183673,0.7502885274766348
bayes-fix-seed43,dense_circle,2,141,1542568559,success,56,14.0,0.38538868915718416,0,0.0,0,1.0518912674291188,14.219993060188633,15.87653812021017,10.692077224719682,41,2.9285714285714284,16,1.1428571428571428,4,0.2857142857142857,24.9027556557011,2.329084903925578,9,0.6428571428571429,0.10204081632653061,0.08163265306122448,0.10714285714285714,0.7211947851551492
bayes-fix-seed43,dense_circle,2,142,1542568560,success,50,12.5,0.27014393878049614,0,0.0,0,0.6989642239388306,14.115073904395103,15.829671174287796,10.703221794710107,32,2.56,20,1.6,4,0.32,20.636537877004585,1.9280678540366096,10,0.8,0.0,0.0,0.1,0.7344409019311238
bayes-fix-seed43,dense_circle,2,143,1542568561,success,57,14.25,0.21503585570298556,0,0.0,0,0.7673180182672691,14.374723233151855,16.03579893708229,9.875685391666197,35,2.456140350877193,19,1.3333333333333333,6,0.42105263157894735,28.303184512705343,2.8659463510846117,11,0.7719298245614035,0.1,0.06,0.12280701754385964,0.7884595707989362
bayes-fix-seed43,dense_circle,2,144,1542568562,success,55,13.75,0.355839651798434,0,0.0,0,0.8345228193112885,14.196689426898956,15.81067256629467,10.257764485276779,35,2.5454545454545454,21,1.5272727272727273,3,0.21818181818181817,17.46729879784832,1.702836794792819,5,0.36363636363636365,0.08333333333333333,0.08333333333333333,0.07272727272727272,0.7566508599741945
bayes-fix-seed43,dense_circle,2,145,1542568563,success,60,15.0,0.1946905752124154,0,0.0,1,1.5519964662106611,14.227618090808392,15.66834393888712,9.758288531115587,42,2.8,16,1.0666666666666667,3,0.2,21.13467967974453,2.165818279747911,10,0.6666666666666666,0.0,0.0,0.06666666666666667,0.7914229649170601
bayes-fix-seed43,dense_circle,2,146,1542568564,success,46,11.5,0.19067284197173873,0,0.0,1,1.0730886513826998,13.908774470505508,15.505296178162098,10.008674781684842,18,1.565217391304348,8,0.6956521739130435,0,0.0,7.157424449376537,0.7151220921349258,1,0.08695652173913043,0.0,0.0,0.0,0.7715343248857991
bayes-fix-seed43,dense_circle,2,147,1542568565,success,53,13.25,0.13529238802301846,0,0.0,3,0.4255206679606359,14.145741555488334,15.967978537082672,10.412450469487384,36,2.7169811320754715,20,1.509433962264151,3,0.22641509433962265,22.945085532377874,2.203620137220925,8,0.6037735849056604,0.0,0.0,0.09433962264150944,0.760691782032941
bayes-fix-seed43,dense_circle,2,148,1542568566,success,60,15.0,0.1986004206494868,0,0.0,1,0.6056190874990744,14.124084015687307,15.855224803090096,11.535009165588678,37,2.466666666666667,18,1.2,4,0.26666666666666666,23.601035485209664,2.0460352606928516,6,0.4,0.1320754716981132,0.09433962264150944,0.11666666666666667,0.6759118657265332
bayes-fix-seed43,dense_circle,2,149,1542568567,success,52,13.0,0.3699957380260276,0,0.0,0,1.1617349852697143,13.887699693441391,15.235503017902374,10.710736428880635,27,2.076923076923077,12,0.9230769230769231,1,0.07692307692307693,12.856540228679247,1.200341387732465,3,0.23076923076923078,0.0,0.0,0.019230769230769232,0.7258226354571515
bayes-fix-seed43,dense_circle,2,150,1542568568,success,52,13.0,0.19741638890464908,0,0.0,2,0.535580738295275,13.95027210506109,15.687713399529457,9.378447762454918,42,3.230769230769231,18,1.3846153846153846,1,0.07692307692307693,17.648831478531925,1.8818499527380357,9,0.6923076923076923,0.06666666666666667,0.06666666666666667,0.07692307692307693,0.8277529725944968
bayes-fix-seed43,dense_circle,2,151,1542568569,success,41,10.25,0.5530941122359313,0,0.0,0,1.5091314045278654,13.56661237958001,15.096355229616165,9.400099094341082,16,1.5609756097560976,7,0.6829268292682927,0,0.0,7.182347720340546,0.7640714899127355,3,0.2926829268292683,0.0,0.0,0.0,0.8229860337448194
bayes-fix-seed43,dense_circle,2,152,1542568570,success,58,14.5,0.20278741302644432,0,0.0,0,0.841124831966457,13.838589191436768,15.428678132593632,11.955293183034138,38,2.6206896551724137,17,1.1724137931034482,7,0.4827586206896552,29.1448438793522,2.437819251535538,5,0.3448275862068966,0.13725490196078433,0.11764705882352941,0.1724137931034483,0.6467018903444985
bayes-fix-seed43,dense_circle,2,153,1542568571,success,51,12.75,0.27138676677435614,0,0.0,0,0.9121452360788614,13.904492133388333,15.525633469223976,11.818030047853142,26,2.0392156862745097,10,0.7843137254901961,0,0.0,10.617587382478312,0.8984227776952639,5,0.39215686274509803,0.11363636363636363,0.022727272727272728,0.1568627450980392,0.6633344174566873
bayes-fix-seed43,dense_circle,2,154,1542568572,success,56,14.0,0.2095551993863447,0,0.0,0,0.6720693607645689,14.339753093996219,15.996252186596394,9.168551155521504,40,2.857142857142857,21,1.5,8,0.5714285714285714,31.150335001987198,3.3975198996656935,5,0.35714285714285715,0.0,0.0,0.08928571428571429,0.8456931118164972
bayes-fix-seed43,dense_circle,2,155,1542568573,success,56,14.0,0.2379639799315142,0,0.0,0,0.8980656732678582,14.177707955241203,15.507599338889122,10.032993820610304,39,2.7857142857142856,19,1.3571428571428572,5,0.35714285714285715,24.460461873275257,2.4380022863192927,8,0.5714285714285714,0.061224489795918366,0.0,0.17857142857142858,0.7707947053093356
bayes-fix-seed43,dense_circle,2,156,1542568574,success,50,12.5,0.21438459967514845,0,0.0,0,0.8809310935542092,13.953952342271805,15.562466531991959,10.056303902811036,33,2.64,13,1.04,3,0.24,19.398881551752144,1.929026980412712,6,0.48,0.0,0.0,0.04,0.768325265993932
bayes-fix-seed43,dense_circle,2,157,1542568575,success,61,15.25,0.16268895696490493,0,0.0,3,0.887401029449586,14.240619283719141,15.664618462324142,11.659061441455815,44,2.8852459016393444,24,1.5737704918032787,3,0.19672131147540983,27.434419160678956,2.3530555438305796,11,0.7213114754098361,0.2037037037037037,0.12962962962962962,0.09836065573770492,0.6643477047308401
bayes-fix-seed43,dense_circle,2,158,1542568576,success,56,14.0,0.2052477727986839,0,0.0,0,1.0259877793167431,13.899654416101319,15.413859859108925,10.530818776172577,30,2.142857142857143,9,0.6428571428571429,5,0.35714285714285715,24.562995385660848,2.332486761735754,7,0.5,0.12244897959183673,0.061224489795918366,0.14285714285714285,0.7376555990407351
bayes-fix-seed43,dense_circle,2,159,1542568577,success,49,12.25,0.44960952954217215,0,0.0,0,1.3462621370060137,14.191502211045245,15.940754115581512,10.971989218146584,19,1.5510204081632653,5,0.40816326530612246,3,0.24489795918367346,14.185128702779542,1.2928493111639905,3,0.24489795918367346,0.0,0.0,0.08163265306122448,0.710855062483625
bayes-fix-seed43,dense_circle,2,160,1542568578,success,47,11.75,0.28212162931759066,0,0.0,0,1.1590338840229863,13.919770004267388,15.780908241868017,9.188832454137493,28,2.382978723404255,18,1.5319148936170213,2,0.1702127659574468,18.62420206212637,2.0268300847884513,3,0.2553191489361702,0.0,0.0,0.02127659574468085,0.8472612502177783
bayes-fix-seed43,dense_circle,2,161,1542568579,success,61,15.25,0.2542123250533439,0,0.0,0,1.050771377397759,14.226255113961267,16.115698963403702,11.104854547835636,43,2.819672131147541,24,1.5737704918032787,4,0.26229508196721313,31.420210809768776,2.829412188554298,10,0.6557377049180327,0.0,0.0,0.06557377049180328,0.6957961848166083
bayes-fix-seed43,dense_circle,2,162,1542568580,success,56,14.0,0.15852479401005648,0,0.0,5,0.6706172635099948,14.195872005075216,16.074374318122864,10.908791944242875,35,2.5,14,1.0,7,0.5,28.675531181480714,2.628662397087356,7,0.5,0.0,0.0,0.14285714285714285,0.710962275900581
bayes-fix-seed43,dense_circle,2,163,1542568581,success,51,12.75,0.2361847986479204,0,0.0,0,0.8077126098716801,14.110225161501006,15.849923714995384,10.242964988054329,31,2.4313725490196076,12,0.9411764705882353,2,0.1568627450980392,16.804093065478185,1.640549692894162,6,0.47058823529411764,0.0,0.0,0.058823529411764705,0.7593049793589756
bayes-fix-seed43,dense_circle,2,164,1542568582,success,61,15.25,0.15762137806433218,0,0.0,4,0.5706376554538691,14.174025750062505,16.115698963403702,11.020704605508074,46,3.0163934426229506,23,1.5081967213114753,6,0.39344262295081966,36.41920110036217,3.3046163928720222,11,0.7213114754098361,0.0,0.0,0.11475409836065574,0.7068685487800294
bayes-fix-seed43,dense_circle,2,165,1542568583,success,50,12.5,0.17896843724961742,0,0.0,1,0.5937171880758726,14.057190641760826,15.846250392496586,10.019071489422306,29,2.32,13,1.04,3,0.24,19.36460498739614,1.932774410067883,1,0.08,0.0,0.0,0.06,0.769610603375782
bayes-fix-seed43,dense_circle,2,166,1542568584,success,59,14.75,0.20813896556360723,0,0.0,0,1.1799295486185448,14.03721080998243,15.33183567225933,11.165716906895984,36,2.440677966101695,14,0.9491525423728814,1,0.06779661016949153,16.339336770548453,1.4633486507666358,4,0.2711864406779661,0.038461538461538464,0.0,0.11864406779661017,0.6905219673920258
bayes-fix-seed43,dense_circle,2,167,1542568585,success,53,13.25,0.17704961794060892,0,0.0,2,0.9976233560971848,13.84771355199364,15.604041516780853,11.298674097622325,29,2.188679245283019,13,0.9811320754716981,3,0.22641509433962265,20.042907935609907,1.7739168120467963,6,0.4528301886792453,0.0,0.0,0.03773584905660377,0.6937986223430495
bayes-fix-seed43,dense_circle,2,168,1542568586,success,55,13.75,0.2592860445246513,0,0.0,0,0.7293417135352035,14.10430988127535,15.77543132007122,10.190542722094225,37,2.690909090909091,15,1.0909090909090908,5,0.36363636363636365,32.569245157739104,3.1960265557913194,13,0.9454545454545454,0.0,0.0,0.09090909090909091,0.7595215468375596
bayes-fix-seed43,dense_circle,2,169,1542568587,success,57,14.25,0.16067522707424375,0,0.0,2,0.5467434842044839,13.782982109931478,14.928849786520004,10.61212308671224,37,2.5964912280701755,16,1.1228070175438596,4,0.2807017543859649,22.255838946242154,2.097208896314948,10,0.7017543859649122,0.08,0.04,0.14035087719298245,0.7316152346451672
bayes-fix-seed43,dense_circle,2,170,1542568588,success,57,14.25,0.15669378259593436,0,0.0,4,0.5407756410632621,13.96238999931436,15.527847409248352,9.32765625149743,44,3.087719298245614,19,1.3333333333333333,1,0.07017543859649122,20.659957985376618,2.214914167967965,5,0.3508771929824561,0.0,0.0,0.03508771929824561,0.8276298562764999
bayes-fix-seed43,dense_circle,2,171,1542568589,success,58,14.5,0.2091043734345256,0,0.0,0,0.5422209484120608,13.84121943907491,15.156294777989388,10.965094202425318,40,2.7586206896551726,15,1.0344827586206897,5,0.3448275862068966,26.690477488299084,2.434131161627006,10,0.6896551724137931,0.0,0.0,0.06896551724137931,0.7175429963544562
bayes-fix-seed43,dense_circle,2,172,1542568590,success,67,16.75,0.23800317916771763,0,0.0,0,0.7113127522610996,13.992206485413794,15.697911009192467,11.442920686460115,46,2.746268656716418,17,1.0149253731343284,5,0.29850746268656714,30.795164268825783,2.6911979128951136,10,0.5970149253731343,0.15,0.08333333333333333,0.1791044776119403,0.6760140918091951
bayes-fix-seed43,dense_circle,2,173,1542568591,success,51,12.75,0.19539473995011225,0,0.0,1,0.44505340199973803,13.72191412191765,15.05785807967186,9.701139175761949,35,2.7450980392156863,18,1.411764705882353,6,0.47058823529411764,30.543902360361646,3.1484861527061496,15,1.1764705882352942,0.0,0.0,0.058823529411764705,0.8066009192839179
bayes-fix-seed43,dense_circle,2,174,1542568592,success,59,14.75,0.21369026453109397,0,0.0,0,0.8356326522139399,13.975792264534256,15.568747371435162,12.513454680807186,39,2.6440677966101696,18,1.2203389830508475,3,0.2033898305084746,23.244532554596677,1.8575631708043456,10,0.6779661016949152,0.07692307692307693,0.07692307692307693,0.15254237288135594,0.6194548935903977
bayes-fix-seed43,dense_circle,2,175,1542568593,success,58,14.5,0.3256685682826663,0,0.0,0,0.8213459447309508,14.309753567494194,15.950763784348965,10.548535049441707,36,2.4827586206896552,18,1.2413793103448276,3,0.20689655172413793,19.38003624410339,1.8372253733118231,6,0.41379310344827586,0.0,0.0,0.05172413793103448,0.7348004453608415
bayes-fix-seed43,dense_circle,2,176,1542568594,success,56,14.0,0.23637048479724487,0,0.0,0,0.9206042484967993,14.152062857257468,15.518593601882458,10.606136643846442,42,3.0,26,1.8571428571428572,8,0.5714285714285714,32.00590813355503,3.0176782751638873,16,1.1428571428571428,0.0,0.0,0.07142857142857142,0.7328700584674311
bayes-fix-seed43,dense_circle,2,177,1542568595,success,68,17.0,0.2149249849867949,0,0.0,0,0.8826015356175612,14.079542118398582,15.193934179842472,12.007394113084345,50,2.9411764705882355,23,1.3529411764705883,4,0.23529411764705882,31.43605014732957,2.6180576610768527,11,0.6470588235294118,0.13114754098360656,0.08196721311475409,0.1323529411764706,0.6479464102468778
bayes-fix-seed43,dense_circle,2,178,1542568596,success,54,13.5,0.4507489609226566,0,0.0,0,0.9231504586600039,14.007778079421431,15.92950876802206,10.473424185870284,29,2.1481481481481484,14,1.037037037037037,3,0.2222222222222222,19.65156218387589,1.8763263890703337,3,0.2222222222222222,0.0851063829787234,0.0851063829787234,0.09259259259259259,0.7402933515393085
bayes-fix-seed43,dense_circle,2,179,1542568597,success,52,13.0,0.415196295219611,0,0.0,0,1.0207007402242112,14.004750105624016,15.477363765239716,11.049998268016749,33,2.5384615384615383,17,1.3076923076923077,4,0.3076923076923077,24.314788811941696,2.2004337215435337,8,0.6153846153846154,0.15555555555555556,0.15555555555555556,0.11538461538461539,0.6980304347852134
bayes-fix-seed43,dense_circle,2,180,1542568598,success,68,17.0,0.2525279125458514,0,0.0,0,1.2257313068798523,14.31076683323173,15.601929277181625,11.94273371978187,47,2.764705882352941,24,1.411764705882353,3,0.17647058823529413,31.53367087336672,2.640406427310235,3,0.17647058823529413,0.22950819672131148,0.16393442622950818,0.16176470588235295,0.6499574987907822
bayes-fix-seed43,dense_circle,2,181,1542568599,success,59,14.75,0.2298956235050842,0,0.0,0,0.8961598111925331,14.13871467871181,16.229792684316635,11.003713658371987,39,2.6440677966101696,16,1.0847457627118644,4,0.2711864406779661,22.351397165189358,2.0312594328718903,7,0.4745762711864407,0.23076923076923078,0.11538461538461539,0.1016949152542373,0.7041942044288179
bayes-fix-seed43,dense_circle,2,182,1542568600,success,65,16.25,0.21046025545647506,0,0.0,0,0.7623518424574902,14.050609389176735,15.372046083211899,11.566172104996028,47,2.8923076923076922,14,0.8615384615384616,4,0.24615384615384617,23.909059874395005,2.067154081519109,6,0.36923076923076925,0.1206896551724138,0.017241379310344827,0.18461538461538463,0.6721141741687591
bayes-fix-seed43,dense_circle,2,183,1542568601,success,54,13.5,0.17929590909289617,0,0.0,4,0.3113233496307352,14.084039118002963,15.503555163741112,10.33790475757091,41,3.037037037037037,19,1.4074074074074074,6,0.4444444444444444,28.510890791175168,2.757898380742516,5,0.37037037037037035,0.0,0.0,0.12962962962962962,0.7520840308907906
bayes-fix-seed43,dense_circle,2,184,1542568602,success,53,13.25,0.2539101725253542,0,0.0,0,0.5470555086222331,13.776368197967422,15.155775099992752,9.854860660379117,34,2.5660377358490565,19,1.4339622641509433,2,0.1509433962264151,18.907656872567355,1.9186122994700947,2,0.1509433962264151,0.08695652173913043,0.08695652173913043,0.07547169811320754,0.7891853898013753
bayes-fix-seed43,dense_circle,2,185,1542568603,success,56,14.0,0.3059678105398399,0,0.0,0,0.8632099351518467,13.864066651357073,15.228098258376122,11.323742783680004,41,2.9285714285714284,17,1.2142857142857142,6,0.42857142857142855,26.47433186617403,2.3379488895075706,12,0.8571428571428571,0.10204081632653061,0.061224489795918366,0.125,0.6856341115596855
bayes-fix-seed43,dense_circle,2,186,1542568604,success,68,17.0,0.2584588396699131,0,0.0,0,1.192868087529331,14.027512577526709,15.358122438192368,12.638980572667558,43,2.5294117647058822,16,0.9411764705882353,6,0.35294117647058826,25.63309712496098,2.02809846708633,7,0.4117647058823529,0.16393442622950818,0.13114754098360656,0.22058823529411764,0.621816996056539
bayes-fix-seed43,dense_circle,2,187,1542568605,success,53,13.25,0.19106438037078888,0,0.0,3,0.6827281690744567,13.991721817907298,15.731394290924072,9.721017619162119,37,2.792452830188679,19,1.4339622641509433,2,0.1509433962264151,22.862550796873855,2.3518680546167388,5,0.37735849056603776,0.0,0.0,0.05660377358490566,0.7974663151230735
bayes-fix-seed43,dense_circle,2,188,1542568606,success,43,10.75,0.21892516256469563,0,0.0,0,1.0128225915811633,13.79316958577134,15.281493216753006,9.801076270867824,27,2.511627906976744,16,1.4883720930232558,1,0.09302325581395349,11.81335999301049,1.205312525535983,5,0.46511627906976744,0.0,0.0,0.023255813953488372,0.7930571600683781
bayes-fix-seed43,dense_circle,2,189,1542568607,success,70,17.5,0.19385326288832605,0,0.0,1,1.4837269060722156,14.230822665350777,15.509463660418987,10.990273268982504,50,2.857142857142857,22,1.2571428571428571,3,0.17142857142857143,25.60188920044278,2.329504332953956,8,0.45714285714285713,0.12698412698412698,0.1111111111111111,0.17142857142857143,0.7030731051201798
bayes-fix-seed43,dense_circle,2,190,1542568608,success,54,13.5,0.2799154117427788,0,0.0,0,0.7204600237959139,13.699923883433696,15.109349600970745,10.59035496945695,35,2.5925925925925926,18,1.3333333333333333,4,0.2962962962962963,25.700845910111923,2.4268162855951756,5,0.37037037037037035,0.14893617021276595,0.02127659574468085,0.14814814814814814,0.7277594576202145
bayes-fix-seed43,dense_circle,2,191,1542568609,success,57,14.25,0.21311846014629654,0,0.0,0,1.0440442815467064,13.9962589662326,15.36918729543686,11.226966470962347,38,2.6666666666666665,19,1.3333333333333333,2,0.14035087719298245,24.30315692687081,2.164712702200455,8,0.5614035087719298,0.14,0.0,0.10526315789473684,0.6879117584640825
bayes-fix-seed43,dense_circle,2,192,1542568610,success,71,17.75,0.19584344490361616,0,0.0,1,0.8601101479525473,13.949002388497474,15.190394595265388,14.167044979842531,48,2.704225352112676,30,1.6901408450704225,6,0.3380281690140845,27.998592050941056,1.9763184270804979,7,0.39436619718309857,0.1875,0.15625,0.18309859154929578,0.5483279429137643
bayes-fix-seed43,dense_circle,2,193,1542568611,success,59,14.75,0.29531758369825534,0,0.0,0,0.9105410421025115,13.80512857083547,15.122085437178612,10.350292234585485,40,2.711864406779661,17,1.152542372881356,4,0.2711864406779661,25.655269765753534,2.478700039021748,12,0.8135593220338984,0.0,0.0,0.0847457627118644,0.7533754260242775
bayes-fix-seed43,dense_circle,2,194,1542568612,success,53,13.25,0.21690035705270982,0,0.0,0,0.7855102636814691,13.794988604649058,15.124959498643875,10.81426362986888,32,2.4150943396226414,16,1.2075471698113207,3,0.22641509433962265,20.821920072653235,1.9254126573300208,10,0.7547169811320755,0.13043478260869565,0.13043478260869565,0.07547169811320754,0.7187817078571408
bayes-fix-seed43,dense_circle,2,195,1542568613,success,53,13.25,0.28748055087065605,0,0.0,0,0.8437637646617843,13.926223904456732,15.400999784469604,10.695126126731546,27,2.0377358490566038,11,0.8301886792452831,2,0.1509433962264151,16.665683622856914,1.5582503119063247,4,0.3018867924528302,0.043478260869565216,0.043478260869565216,0.05660377358490566,0.7334481461121483
bayes-fix-seed43,dense_circle,2,196,1542568614,success,57,14.25,0.25062164623074246,0,0.0,0,1.0045978819773633,13.95417965556446,15.444550663232803,10.715030224930025,40,2.807017543859649,17,1.1929824561403508,3,0.21052631578947367,21.055505974136477,1.965044011275664,8,0.5614035087719298,0.0,0.0,0.12280701754385964,0.721045573907902
bayes-fix-seed43,dense_circle,2,197,1542568615,success,56,14.0,0.2061434385061517,0,0.0,0,0.7728403444100133,13.840743274028812,15.389659442007542,11.01673992792997,43,3.0714285714285716,21,1.5,4,0.2857142857142857,24.88156463333887,2.258523374075336,12,0.8571428571428571,0.0,0.0,0.10714285714285714,0.7057563212542329
bayes-fix-seed43,dense_circle,2,198,1542568616,success,47,11.75,0.7170272802143832,0,0.0,0,1.600708830003878,13.542097141133977,14.722787961363792,9.951662967231298,22,1.872340425531915,11,0.9361702127659575,0,0.0,8.926078250665446,0.8969433832372656,1,0.0851063829787234,0.0,0.0,0.0,0.7776987615450826
bayes-fix-seed43,dense_circle,2,199,1542568617,success,53,13.25,0.2788303624421584,0,0.0,0,0.9611170297170011,13.827424566700774,15.414007753133774,10.477817611165683,39,2.943396226415094,18,1.3584905660377358,2,0.1509433962264151,15.540673187145531,1.4831975287090908,4,0.3018867924528302,0.15217391304347827,0.15217391304347827,0.09433962264150944,0.7399655155468624
bayes-fix-seed43,dense_circle,2,200,1542568618,success,71,17.75,0.2619188405114681,0,0.0,0,1.0698217406414157,14.074518279710286,15.363147482275963,11.236107911928622,47,2.647887323943662,21,1.1830985915492958,5,0.28169014084507044,29.281592455327054,2.6060262757213954,7,0.39436619718309857,0.09375,0.078125,0.15492957746478872,0.6908487968365145
bayes-fix-seed43,dense_circle,2,201,1542568619,success,64,16.0,0.19655533240720902,0,0.0,1,0.6776442509912006,13.989302620757371,15.580440312623976,11.785272849145294,45,2.8125,20,1.25,4,0.25,29.050381887164363,2.4649732135197184,6,0.375,0.2982456140350877,0.12280701754385964,0.171875,0.6601209909786094
bayes-fix-seed43,dense_circle,2,202,1542568620,success,66,16.5,0.32271018494773673,0,0.0,0,1.0446526530745448,14.162563126195561,15.521462075412273,10.864433471033294,49,2.9696969696969697,16,0.9696969696969697,5,0.30303030303030304,27.224039386525924,2.5057946610019326,7,0.42424242424242425,0.13559322033898305,0.13559322033898305,0.19696969696969696,0.7095452281525697
bayes-fix-seed43,dense_circle,2,203,1542568621,success,64,16.0,0.16191108185975145,0,0.0,1,0.8646255861193317,14.201663841959089,15.67645464092493,11.395022150726032,39,2.4375,17,1.0625,5,0.3125,28.259707392881595,2.4800046036839896,6,0.375,0.12280701754385964,0.05263157894736842,0.125,0.6866236752985725
bayes-fix-seed43,dense_circle,2,204,1542568622,success,58,14.5,0.2199053898012604,0,0.0,0,0.7562651238862528,14.045310431513293,15.69518931210041,11.569485021791676,34,2.3448275862068964,13,0.896551724137931,3,0.20689655172413793,19.78467709408429,1.7100741352634892,4,0.27586206896551724,0.19607843137254902,0.17647058823529413,0.1724137931034483,0.672608189845873
bayes-fix-seed43,dense_circle,2,205,1542568623,success,66,16.5,0.14189816626559293,0,0.0,3,0.6745451133368698,13.93717211304289,15.202291309833527,12.006687834292356,53,3.212121212121212,17,1.0303030303030303,4,0.24242424242424243,28.0437860175077,2.3356804478094046,11,0.6666666666666666,0.11864406779661017,0.05084745762711865,0.15151515151515152,0.653291886532139
bayes-fix-seed43,dense_circle,2,206,1542568624,success,56,14.0,0.16512284300463742,0,0.0,3,0.7117860631541778,13.802323822996446,14.896271750330925,11.297296237088553,28,2.0,10,0.7142857142857143,1,0.07142857142857142,11.539325545073021,1.0214236488895367,6,0.42857142857142855,0.16326530612244897,0.14285714285714285,0.14285714285714285,0.6881074553132107
bayes-fix-seed43,dense_circle,2,207,1542568625,success,54,13.5,0.24680932157223423,0,0.0,0,0.5151605236807587,13.875276195230308,15.245231427252293,9.050121791497451,35,2.5925925925925926,15,1.1111111111111112,6,0.4444444444444444,22.245567868859375,2.458040718276188,5,0.37037037037037035,0.0,0.0,0.09259259259259259,0.8718235493069403
bayes-fix-seed43,dense_circle,2,208,1542568626,success,63,15.75,0.2150682780371156,0,0.0,0,0.8942100266488671,13.95506967627813,15.55488221347332,12.150628205151863,44,2.7936507936507935,21,1.3333333333333333,4,0.25396825396825395,23.71459792726288,1.9517178475766295,5,0.31746031746031744,0.0,0.0,0.09523809523809523,0.6430667900810529
bayes-fix-seed43,dense_circle,2,209,1542568627,success,70,17.5,0.26982360244918746,0,0.0,0,0.9096695346549079,14.15983151112284,15.615861117839813,11.672821629148602,53,3.0285714285714285,25,1.4285714285714286,12,0.6857142857142857,48.32276187966173,4.139767008774752,8,0.45714285714285713,0.07936507936507936,0.07936507936507936,0.18571428571428572,0.6633756369195636
bayes-fix-seed43,dense_circle,2,210,1542568628,success,61,15.25,0.21458706702185093,0,0.0,0,0.5066588142805446,13.901791672726146,15.105996280908585,9.6405720870672,53,3.4754098360655736,21,1.3770491803278688,4,0.26229508196721313,32.703851698806325,3.392314419045572,11,0.7213114754098361,0.0,0.0,0.09836065573770492,0.8134088966929728
bayes-fix-seed43,dense_circle,2,211,1542568629,success,75,18.75,0.23458774038288832,0,0.0,0,0.8816359895424307,14.213338295618692,15.400374308228493,12.412923401770195,53,2.8266666666666667,25,1.3333333333333333,8,0.4266666666666667,35.940611882270574,2.89541880820316,9,0.48,0.17647058823529413,0.1323529411764706,0.21333333333333335,0.630833246273227
bayes-fix-seed43,dense_circle,2,212,1542568630,success,52,13.0,0.19738338602066574,0,0.0,1,0.7724508911597722,13.8067643229778,14.968662150204182,9.015307055698907,36,2.769230769230769,22,1.6923076923076923,5,0.38461538461538464,31.662711623837193,3.51210573619032,14,1.0769230769230769,0.0,0.0,0.07692307692307693,0.8629250638971906
bayes-fix-seed43,dense_circle,2,213,1542568631,success,49,12.25,0.650496575425287,0,0.0,0,1.3611874247253912,13.780748737709862,15.249259769916534,10.528001101610899,26,2.122448979591837,15,1.2244897959183674,1,0.08163265306122448,11.976266955621757,1.137563231617563,1,0.08163265306122448,0.0,0.0,0.04081632653061224,0.7355776805798079
bayes-fix-seed43,dense_circle,2,214,1542568632,success,60,15.0,0.198375671219006,0,0.0,1,1.7037061134053908,13.908333952228228,15.075452625751495,11.576822296501412,42,2.8,21,1.4,3,0.2,19.675315240802785,1.6995436862452997,7,0.4666666666666667,0.11320754716981132,0.11320754716981132,0.15,0.6682043423800795
bayes-fix-seed43,dense_circle,2,215,1542568633,success,63,15.75,0.11876924930382471,0,0.0,5,0.8404650982854223,13.999010007532815,15.439873561263084,11.987218359671745,48,3.0476190476190474,16,1.0158730158730158,4,0.25396825396825395,33.0307903849625,2.7555008504797947,13,0.8253968253968254,0.05357142857142857,0.0,0.14285714285714285,0.6460414723696113
bayes-fix-seed43,dense_circle,2,216,1542568634,success,52,13.0,0.23095402146898447,0,0.0,0,0.8659981254573869,13.796727101390179,15.160921029746532,10.577518626041375,34,2.6153846153846154,15,1.1538461538461537,4,0.3076923076923077,20.790769637331096,1.9655620918638854,6,0.46153846153846156,0.0,0.0,0.057692307692307696,0.7340573902913841
bayes-fix-seed43,dense_circle,2,217,1542568635,success,51,12.75,0.285554044467633,0,0.0,0,0.9187696064430613,14.359823482878069,15.5181884765625,9.746005185318111,34,2.6666666666666665,17,1.3333333333333333,5,0.39215686274509803,22.251409055799048,2.2831312555958543,9,0.7058823529411765,0.0,0.0,0.0784313725490196,0.7963853963887025
bayes-fix-seed43,dense_circle,2,218,1542568636,success,69,17.25,0.20041408054407694,0,0.0,0,0.8621589196635719,14.249024129864098,15.656900405883789,11.502941917454656,55,3.1884057971014492,28,1.6231884057971016,5,0.2898550724637681,40.27740522618316,3.5014873164808304,11,0.6376811594202898,0.0967741935483871,0.0967741935483871,0.15942028985507245,0.6734905407855836
bayes-fix-seed43,dense_circle,2,219,1542568637,success,66,16.5,0.18031493735084714,0,0.0,1,0.9150424908016449,13.881641524759205,15.118538402020931,11.25080542673659,51,3.090909090909091,24,1.4545454545454546,3,0.18181818181818182,30.788326513161298,2.7365442157585833,10,0.6060606060606061,0.05084745762711865,0.03389830508474576,0.15151515151515152,0.6889741500807942
bayes-fix-seed43,dense_circle,2,220,1542568638,success,53,13.25,0.4096572415788148,0,0.0,0,0.7734887975179666,14.004680697085723,15.620280802249908,10.751575133434999,34,2.5660377358490565,21,1.5849056603773586,2,0.1509433962264151,18.711116516375483,1.7403139804313963,2,0.1509433962264151,0.08695652173913043,0.08695652173913043,0.09433962264150944,0.7213851709465705
bayes-fix-seed43,dense_circle,2,221,1542568639,success,76,19.0,0.3046459111458154,0,0.0,0,1.093486438113111,14.126831567601153,15.136105939745903,13.37260410407796,52,2.736842105263158,23,1.2105263157894737,8,0.42105263157894735,33.52165371912333,2.5067409053784027,8,0.42105263157894735,0.18840579710144928,0.014492753623188406,0.2236842105263158,0.5777689215200316
bayes-fix-seed43,dense_circle,2,222,1542568640,success,63,15.75,0.22685613735040677,0,0.0,0,0.8003953919033291,13.850228476618964,15.07774107158184,11.187917415232056,43,2.7301587301587302,15,0.9523809523809523,4,0.25396825396825395,25.440843852764115,2.2739570653361345,9,0.5714285714285714,0.03571428571428571,0.03571428571428571,0.15873015873015872,0.7067588065827327
bayes-fix-seed43,dense_circle,2,223,1542568641,success,46,11.5,0.226570746742068,0,0.0,0,0.7931122778006631,13.96760393096053,15.593798831105232,10.418663041334424,23,2.0,7,0.6086956521739131,0,0.0,9.332165612272426,0.8957162329992353,1,0.08695652173913043,0.0,0.0,0.06521739130434782,0.7466751320049486
bayes-fix-seed43,dense_circle,2,224,1542568642,success,60,15.0,0.21647356694725062,0,0.0,0,0.9497395009951606,13.963006561001142,15.287669375538826,11.566651846282321,41,2.7333333333333334,24,1.6,7,0.4666666666666667,28.952213768896716,2.5030764436989905,10,0.6666666666666666,0.11320754716981132,0.07547169811320754,0.11666666666666667,0.6756523831673025
bayes-fix-seed43,dense_circle,2,225,1542568643,success,58,14.5,0.265760781573097,0,0.0,0,0.7734564887652922,14.124894065075907,15.794694982469082,11.577226045577131,38,2.6206896551724137,18,1.2413793103448276,5,0.3448275862068966,28.073377893522814,2.4248794817518258,10,0.6896551724137931,0.0784313725490196,0.0784313725490196,0.08620689655172414,0.6702541294282415
bayes-fix-seed43,dense_circle,2,226,1542568644,success,60,15.0,0.22431880173300855,0,0.0,0,0.7277788083150238,13.910085956255594,15.177327021956444,12.14717389342322,37,2.466666666666667,17,1.1333333333333333,4,0.26666666666666666,22.580030764931898,1.858871122044057,9,0.6,0.05660377358490566,0.0,0.18333333333333332,0.6392299884476994
bayes-fix-seed43,dense_circle,2,227,1542568645,success,61,15.25,0.23251828672333186,0,0.0,0,0.6826142683428603,13.915621171720693,15.163425356149673,11.582087264680407,43,2.819672131147541,15,0.9836065573770492,8,0.5245901639344263,32.625057663141995,2.8168547618037865,3,0.19672131147540983,0.07407407407407407,0.07407407407407407,0.11475409836065574,0.6744866909548082
bayes-fix-seed43,dense_circle,2,228,1542568646,success,58,14.5,0.17464767566838535,0,0.0,1,0.7331136605808234,13.597723674671403,14.972837455570698,12.426907550111883,33,2.2758620689655173,14,0.9655172413793104,0,0.0,15.993311257101388,1.2869904433269397,6,0.41379310344827586,0.19607843137254902,0.0,0.1896551724137931,0.6359420429511525
bayes-fix-seed43,dense_circle,2,229,1542568647,success,62,15.5,0.24762410389511225,0,0.0,0,0.7641316202363089,13.988146378147986,15.256675146520138,10.781667670697022,39,2.5161290322580645,18,1.1612903225806452,1,0.06451612903225806,14.980839690166345,1.3894733308170917,5,0.3225806451612903,0.16363636363636364,0.16363636363636364,0.11290322580645161,0.7192516816408692
bayes-fix-seed43,dense_circle,2,230,1542568648,success,56,14.0,0.20357484272634319,0,0.0,0,0.9162553911066624,14.563294859336954,18.57396587729454,10.787871819266392,35,2.5,15,1.0714285714285714,2,0.14285714285714285,22.11929113185162,2.05038505299517,4,0.2857142857142857,0.04081632653061224,0.04081632653061224,0.08928571428571429,0.7184787390731957
bayes-fix-seed43,dense_circle,2,231,1542568649,success,70,17.5,0.11254774951268054,0,0.0,3,0.8089113927917845,13.795140971030508,15.057053603231907,12.362751282183151,57,3.257142857142857,23,1.3142857142857143,8,0.45714285714285713,43.28573572418087,3.5013028035727816,19,1.0857142857142856,0.015873015873015872,0.0,0.15714285714285714,0.6320689790215899
bayes-fix-seed43,dense_circle,2,232,1542568650,success,71,17.75,0.2378283908361838,0,0.0,0,1.0354068939945875,13.840025579425651,15.23059792816639,11.461291167058713,50,2.816901408450704,21,1.1830985915492958,5,0.28169014084507044,29.96744812538796,2.6146659820944453,9,0.5070422535211268,0.09375,0.09375,0.14084507042253522,0.677715099084314
bayes-fix-seed43,dense_circle,2,233,1542568651,success,47,11.75,0.3034075881973277,0,0.0,0,1.2483788773835462,13.36561714081054,14.452046155929565,10.000236374268187,24,2.0425531914893615,10,0.851063829787234,1,0.0851063829787234,12.384007901639134,1.2383715182477764,3,0.2553191489361702,0.0,0.0,0.06382978723404255,0.7806952511865383
bayes-fix-seed43,dense_circle,2,234,1542568652,success,54,13.5,0.48394282446908454,0,0.0,0,0.8422743818027233,13.660575642629906,14.941877126693726,10.415336537707663,38,2.814814814814815,19,1.4074074074074074,6,0.4444444444444444,24.502224843671705,2.3525139831021207,4,0.2962962962962963,0.0,0.0,0.1111111111111111,0.7465757009642578
bayes-fix-seed43,dense_circle,2,235,1542568653,success,76,19.0,0.23615007954321365,0,0.0,0,1.1167007405206586,13.959798863843867,15.160873532295227,12.221350534154231,49,2.5789473684210527,17,0.8947368421052632,2,0.10526315789473684,19.76641126574738,1.6173671813526211,8,0.42105263157894735,0.21739130434782608,0.0,0.25,0.6356254931110872
bayes-fix-seed43,dense_circle,2,236,1542568654,success,51,12.75,0.2194307017943794,0,0.0,0,0.6818346141666914,13.857932797833985,15.63548669219017,11.32426434842435,23,1.803921568627451,6,0.47058823529411764,1,0.0784313725490196,11.85154425507445,1.0465619567352704,4,0.3137254901960784,0.06818181818181818,0.06818181818181818,0.1568627450980392,0.6883225297326796
bayes-fix-seed43,dense_circle,2,237,1542568655,success,53,13.25,0.2870693875217295,0,0.0,0,1.1927090625991401,13.61765831990062,15.16190990805626,10.01011429237098,33,2.490566037735849,12,0.9056603773584906,3,0.22641509433962265,21.540184499935535,2.15184201406691,7,0.5283018867924528,0.10869565217391304,0.043478260869565216,0.11320754716981132,0.785058617964475
bayes-fix-seed43,dense_circle,2,238,1542568656,success,50,12.5,0.19735065175117417,0,0.0,1,0.5783870413697101,13.702151253819466,15.175711177289486,9.242751012625941,35,2.8,19,1.52,4,0.32,21.181489199672875,2.291686660252794,8,0.64,0.0,0.0,0.02,0.8575009480822551
bayes-fix-seed43,dense_circle,2,239,1542568657,success,55,13.75,0.24061166685929325,0,0.0,0,1.1606852974214554,13.91227434981953,15.495884418487549,10.298512701072646,36,2.618181818181818,14,1.018181818181818,4,0.2909090909090909,23.78478649363406,2.3095360644801404,7,0.509090909090909,0.020833333333333332,0.020833333333333332,0.14545454545454545,0.7530068357011622
bayes-fix-seed43,dense_circle,2,240,1542568658,success,68,17.0,0.12072445290985812,0,0.0,3,0.7843355178749832,14.035080723902759,15.562601387500763,12.531008723661449,54,3.176470588235294,20,1.1764705882352942,8,0.47058823529411764,39.47284317481513,3.150013222820702,15,0.8823529411764706,0.06557377049180328,0.03278688524590164,0.1323529411764706,0.6199357924966381
bayes-fix-seed43,dense_circle,2,241,1542568659,success,54,13.5,0.5299634097824925,0,0.0,0,0.9191190903991708,13.979243459524932,15.384693630039692,10.117189083170517,34,2.5185185185185186,20,1.4814814814814814,2,0.14814814814814814,19.77906760359633,1.9549963375200636,8,0.5925925925925926,0.0,0.0,0.037037037037037035,0.7611019728124453
bayes-fix-seed43,dense_circle,2,242,1542568660,success,61,15.25,0.22241641489786146,0,0.0,0,0.9534493225259227,13.960645213478902,15.418611466884613,11.973452496869255,39,2.557377049180328,17,1.1147540983606556,5,0.32786885245901637,26.771523372163877,2.2359067594884543,8,0.5245901639344263,0.24074074074074073,0.14814814814814814,0.18032786885245902,0.6476195147485491
bayes-fix-seed43,dense_circle,2,243,1542568661,success,64,16.0,0.18290262705122218,0,0.0,1,0.8018852767888986,13.890379341319203,15.063534863293171,10.3018060646221,45,2.8125,15,0.9375,6,0.375,31.398458424302007,3.047859591545688,10,0.625,0.0,0.0,0.15625,0.7514831276486844
bayes-fix-seed43,dense_circle,2,244,1542568662,success,54,13.5,0.222347727449284,0,0.0,0,0.48445143364764803,13.656115918247789,14.738923497498035,10.904785171539167,39,2.888888888888889,18,1.3333333333333333,3,0.2222222222222222,24.99912197583378,2.2924910103758838,9,0.6666666666666666,0.02127659574468085,0.0,0.1111111111111111,0.7107235508271548
bayes-fix-seed43,dense_circle,2,245,1542568663,success,60,15.0,0.21979744885664654,0,0.0,0,1.0275565844463246,13.882455540200075,15.6637042760849,11.423144962024478,34,2.2666666666666666,16,1.0666666666666667,5,0.3333333333333333,23.67107664389056,2.072203121170532,4,0.26666666666666666,0.09433962264150944,0.09433962264150944,0.08333333333333333,0.6814266985435673
bayes-fix-seed43,dense_circle,2,246,1542568664,success,68,17.0,0.198502847353353,0,0.0,1,0.9155793951284315,14.071558930856341,15.404146164655685,11.151706856474304,44,2.588235294117647,19,1.1176470588235294,5,0.29411764705882354,24.858623038957226,2.2291316799208323,6,0.35294117647058826,0.2459016393442623,0.16393442622950818,0.17647058823529413,0.6920215275151103
bayes-fix-seed43,dense_circle,2,247,1542568665,success,48,12.0,0.22555538691428423,0,0.0,0,0.7056824434571162,13.700288720428944,15.225332602858543,10.234818124464192,27,2.25,9,0.75,2,0.16666666666666666,14.942671968571629,1.459984123494515,5,0.4166666666666667,0.024390243902439025,0.024390243902439025,0.08333333333333333,0.7565625590628935
bayes-fix-seed43,dense_circle,2,248,1542568666,success,62,15.5,0.2961470254734072,0,0.0,0,0.7566245443536678,14.277059464685378,15.820292569696903,11.136768265469971,38,2.4516129032258065,13,0.8387096774193549,5,0.3225806451612903,27.59399064119767,2.4777377048199902,10,0.6451612903225806,0.18181818181818182,0.18181818181818182,0.16129032258064516,0.6932349628215284
bayes-fix-seed43,dense_circle,2,249,1542568667,success,55,13.75,0.45730629148528934,0,0.0,0,0.8303647201208275,13.786356083371423,15.27520939707756,9.650673462707466,38,2.7636363636363637,19,1.3818181818181818,2,0.14545454545454545,18.758774900242692,1.9437788432829202,7,0.509090909090909,0.10416666666666667,0.0,0.12727272727272726,0.8110366359859011
bayes-fix-seed43,dense_circle,2,250,1542568668,success,48,12.0,0.5072609985868685,0,0.0,0,1.406090543116635,13.792790317287048,15.187870152294636,11.08166173666185,26,2.1666666666666665,12,1.0,0,0.0,10.159670236251603,0.916800248706384,1,0.08333333333333333,0.0,0.0,0.041666666666666664,0.6951917373003585
bayes-fix-seed43,dense_circle,2,251,1542568669,success,63,15.75,0.46708589586183613,0,0.0,0,0.8260395246133468,13.926634771956337,15.421561151742935,11.249792740487711,37,2.3492063492063493,12,0.7619047619047619,4,0.25396825396825395,20.076301882747575,1.784593045033931,8,0.5079365079365079,0.19642857142857142,0.125,0.19047619047619047,0.6906909160510841
bayes-fix-seed43,dense_circle,2,252,1542568670,success,64,16.0,0.17977539194428582,0,0.0,2,0.7911286461096134,13.966543425340205,15.26420246809721,11.660610691166422,42,2.625,20,1.25,5,0.3125,27.89417702515779,2.3921711961697874,10,0.625,0.21052631578947367,0.14035087719298245,0.265625,0.6616146249631157
bayes-fix-seed43,dense_circle,2,253,1542568671,success,48,12.0,0.3812252353470936,0,0.0,0,1.1828353535681586,13.80040900160869,15.142848715186119,10.68935056805084,20,1.6666666666666667,10,0.8333333333333334,5,0.4166666666666667,16.912329240612387,1.58216620672553,3,0.25,0.04878048780487805,0.04878048780487805,0.0625,0.727897250205062
bayes-fix-seed43,dense_circle,2,254,1542568672,success,67,16.75,0.216936452637693,0,0.0,0,0.7679679385437166,14.065885221335426,15.326938405632973,12.660458257462333,51,3.044776119402985,22,1.3134328358208955,5,0.29850746268656714,29.7862403311633,2.3526984351934246,7,0.417910447761194,0.06666666666666667,0.05,0.1044776119402985,0.616038987082903
bayes-fix-seed43,dense_circle,2,255,1542568673,success,61,15.25,0.21444579568733468,0,0.0,0,0.8168502022117278,14.142683722445222,16.009703278541565,11.098876098416289,44,2.8852459016393444,23,1.5081967213114753,5,0.32786885245901637,29.19701172846194,2.630627774340872,10,0.6557377049180327,0.1111111111111111,0.09259259259259259,0.08196721311475409,0.7011421212441674
bayes-fix-seed43,dense_circle,2,256,1542568674,success,51,12.75,0.26042778759035945,0,0.0,0,1.0160619922869476,14.015653042816648,15.41980542242527,11.28442575172299,26,2.0392156862745097,14,1.0980392156862746,1,0.0784313725490196,14.05878200198775,1.24585710529764,5,0.39215686274509803,0.022727272727272728,0.0,0.09803921568627451,0.6862935295144429
bayes-fix-seed43,dense_circle,2,257,1542568675,success,46,11.5,0.20612848728693145,0,0.0,0,0.9893441002030307,13.654054749919021,15.354299917817116,9.748851894222003,27,2.347826086956522,17,1.4782608695652173,2,0.17391304347826086,14.693658396880632,1.5072193686304067,7,0.6086956521739131,0.02564102564102564,0.02564102564102564,0.08695652173913043,0.7949714473390385
bayes-fix-seed43,dense_circle,2,258,1542568676,success,53,13.25,0.17103898593332012,0,0.0,4,0.29427373318781497,13.711588914101979,15.01782014966011,9.558726328123178,43,3.2452830188679247,19,1.4339622641509433,2,0.1509433962264151,25.261511661196327,2.642769632066277,12,0.9056603773584906,0.0,0.0,0.018867924528301886,0.8107877390285908
bayes-fix-seed43,dense_circle,2,259,1542568677,success,65,16.25,0.24163631924034235,0,0.0,0,0.6692576287858153,14.157867317016308,16.179952770471573,12.760802191458298,45,2.769230769230769,22,1.353846153846154,7,0.4307692307692308,33.64286338700846,2.6364222940096975,5,0.3076923076923077,0.08620689655172414,0.06896551724137931,0.16923076923076924,0.6075269638585608
bayes-fix-seed43,dense_circle,2,260,1542568678,success,58,14.5,0.21431856103565927,0,0.0,0,0.788007439316429,13.78488225926613,15.300667472183704,10.339950281959736,42,2.896551724137931,11,0.7586206896551724,3,0.20689655172413793,21.76610251694281,2.105049049889384,7,0.4827586206896552,0.058823529411764705,0.0,0.10344827586206896,0.7458349589741248
bayes-fix-seed43,dense_circle,2,261,1542568679,success,48,12.0,0.47464702570597816,0,0.0,0,1.4351498446211333,13.925276386241118,15.529636852443218,10.017443643809962,27,2.25,16,1.3333333333333333,2,0.16666666666666666,13.026388896735597,1.3003705695699062,3,0.25,0.0,0.0,0.0625,0.7730465352619714
bayes-fix-seed43,dense_circle,2,262,1542568680,success,51,12.75,0.25155410739470774,0,0.0,0,1.3158115443707121,13.7391918722321,15.236802399158478,10.467987049794049,31,2.4313725490196076,20,1.5686274509803921,4,0.3137254901960784,20.12764246857449,1.9227806046025333,7,0.5490196078431373,0.0,0.0,0.0784313725490196,0.7412988729382824
bayes-fix-seed43,dense_circle,2,263,1542568681,success,55,13.75,0.26324097225480303,0,0.0,0,0.9609506570414965,13.917231966148723,15.573783963918686,10.677481529276431,42,3.0545454545454547,24,1.7454545454545454,5,0.36363636363636365,26.11654788549393,2.445946435391656,6,0.43636363636363634,0.0,0.0,0.10909090909090909,0.7254401804289278
bayes-fix-seed43,dense_circle,2,264,1542568682,success,58,14.5,0.359671317968717,0,0.0,0,1.3152879818251066,14.253972933210175,15.78572429716587,10.06749256225694,39,2.689655172413793,17,1.1724137931034482,2,0.13793103448275862,21.418462584332033,2.1274873015183458,5,0.3448275862068966,0.13725490196078433,0.13725490196078433,0.1206896551724138,0.767271326847413
bayes-fix-seed43,dense_circle,2,265,1542568683,success,61,15.25,0.2273497654326887,0,0.0,0,1.2838082511953868,13.808988828639515,15.094555914402008,10.558687058655536,42,2.7540983606557377,22,1.4426229508196722,6,0.39344262295081966,32.46259628320541,3.0744917528921394,11,0.7213114754098361,0.05555555555555555,0.05555555555555555,0.09836065573770492,0.7298277685925788
bayes-fix-seed43,dense_circle,2,266,1542568684,success,54,13.5,0.19750372658983895,0,0.0,1,0.7210733564090182,13.92835923643024,15.279602073132992,11.176916502264179,32,2.3703703703703702,16,1.1851851851851851,5,0.37037037037037035,20.90362564257863,1.870249781175698,8,0.5925925925925926,0.1276595744680851,0.10638297872340426,0.16666666666666666,0.6957683765454911
bayes-fix-seed43,dense_circle,2,267,1542568685,success,59,14.75,0.1709303755314372,0,0.0,1,0.7456585003194063,13.852591799982523,15.149278938770294,10.779474387872527,43,2.9152542372881354,26,1.7627118644067796,4,0.2711864406779661,30.31682523913093,2.8124585808412834,15,1.0169491525423728,0.0,0.0,0.13559322033898305,0.7194618472889529
bayes-fix-seed43,dense_circle,2,268,1542568686,success,68,17.0,0.15756095662867375,0,0.0,8,0.5744239740739516,14.04037293704117,15.34123308956623,12.262008841157675,52,3.0588235294117645,21,1.2352941176470589,10,0.5882352941176471,42.527919302003966,3.4682668927181135,19,1.1176470588235294,0.18032786885245902,0.09836065573770492,0.11764705882352941,0.638127044952505
bayes-fix-seed43,dense_circle,2,269,1542568687,success,58,14.5,0.38354539999610415,0,0.0,0,0.7834178798832971,13.797577791686717,15.168349258601665,9.978789153206689,39,2.689655172413793,24,1.6551724137931034,1,0.06896551724137931,22.20936256853465,2.2256570639532613,12,0.8275862068965517,0.09803921568627451,0.0784313725490196,0.1206896551724138,0.7855174609852535
bayes-fix-seed43,dense_circle,2,270,1542568688,success,53,13.25,0.23757844371905024,0,0.0,0,0.9239457588032068,13.88015035750731,15.595205128192902,9.841546624677939,40,3.018867924528302,17,1.2830188679245282,3,0.22641509433962265,20.192998080726003,2.0518114530994067,6,0.4528301886792453,0.06521739130434782,0.021739130434782608,0.1320754716981132,0.786721441665693
bayes-fix-seed43,dense_circle,2,271,1542568689,success,65,16.25,0.2117945732107569,0,0.0,0,1.0386338048044805,14.088192754066908,15.90941920876503,9.901406093724324,49,3.0153846153846153,23,1.4153846153846155,5,0.3076923076923077,30.432805712194167,3.0735842388570433,10,0.6153846153846154,0.0,0.0,0.09230769230769231,0.7844981287741576
bayes-fix-seed43,dense_circle,2,272,1542568690,success,48,12.0,0.18985755921598002,0,0.0,1,1.0748391052947743,14.320957008749247,16.905975341796875,10.427146128190921,28,2.3333333333333335,12,1.0,3,0.25,16.46932942591088,1.5794666367419805,4,0.3333333333333333,0.0,0.0,0.041666666666666664,0.7438034869141747
bayes-fix-seed43,dense_circle,2,273,1542568691,success,56,14.0,0.20479923016526624,0,0.0,0,0.7180970002487177,13.903522797461067,15.088418498635292,10.521950564238534,37,2.642857142857143,15,1.0714285714285714,3,0.21428571428571427,22.733082847607314,2.160538838195206,4,0.2857142857142857,0.0,0.0,0.10714285714285714,0.735508312856024
bayes-fix-seed43,dense_circle,2,274,1542568692,success,72,18.0,0.20173196269305715,0,0.0,0,1.0184135448318612,13.902159614695442,15.39526041597128,13.06107064720501,48,2.6666666666666665,22,1.2222222222222223,2,0.1111111111111111,27.178632408312765,2.0808885536599426,7,0.3888888888888889,0.2153846153846154,0.15384615384615385,0.20833333333333334,0.6021472106898758
bayes-fix-seed43,dense_circle,2,275,1542568693,success,79,19.75,0.19238295074091039,0,0.0,1,1.0660544248443447,14.245998255814179,15.619537979364395,14.132933129412685,53,2.6835443037974684,24,1.2151898734177216,6,0.3037974683544304,34.6461157922884,2.4514455332831657,7,0.35443037974683544,0.19444444444444445,0.09722222222222222,0.24050632911392406,0.5496566188722836
bayes-fix-seed43,dense_circle,2,276,1542568694,success,53,13.25,0.2421635822413596,0,0.0,0,0.774304482518406,13.709115532209289,15.060124546289444,9.72941850718523,33,2.490566037735849,16,1.2075471698113207,3,0.22641509433962265,22.76309863948103,2.3396155302262263,8,0.6037735849056604,0.043478260869565216,0.043478260869565216,0.07547169811320754,0.8036578343102573
bayes-fix-seed43,dense_circle,2,277,1542568695,success,52,13.0,0.24268688485706136,0,0.0,0,1.0343046174452213,14.074030332267284,15.704246610403061,10.191855885977272,31,2.3846153846153846,13,1.0,4,0.3076923076923077,18.002342325607763,1.7663458478035143,5,0.38461538461538464,0.044444444444444446,0.044444444444444446,0.11538461538461539,0.7706857071636165
bayes-fix-seed43,dense_circle,2,278,1542568696,success,61,15.25,0.21031342643670747,0,0.0,0,1.0501363447087246,13.909038644833643,15.31611755490303,11.950417470979199,26,1.7049180327868851,11,0.7213114754098361,3,0.19672131147540983,18.08066307811854,1.512973343569481,5,0.32786885245901637,0.2037037037037037,0.0,0.18032786885245902,0.6487795942010183
bayes-fix-seed43,dense_circle,2,279,1542568697,success,55,13.75,0.139613632143348,0,0.0,4,0.6838414963442342,13.87177360328761,15.436716377735138,11.518729392175784,30,2.1818181818181817,10,0.7272727272727273,2,0.14545454545454545,14.017466789019268,1.2169282141952895,5,0.36363636363636365,0.125,0.0625,0.12727272727272726,0.6750427678032991
bayes-fix-seed43,dense_circle,2,280,1542568698,success,54,13.5,0.24939712912619005,0,0.0,0,1.124983004985112,13.927432260027638,15.699120424687862,8.49348622704487,36,2.6666666666666665,18,1.3333333333333333,2,0.14814814814814814,13.993932566737717,1.6476076127819437,4,0.2962962962962963,0.0,0.0,0.018518518518518517,0.9126612968736382
bayes-fix-seed43,dense_circle,2,281,1542568699,success,62,15.5,0.29093978202893545,0,0.0,0,0.9315488376652973,14.308454348675665,15.702247247099876,11.072952322075533,48,3.096774193548387,22,1.4193548387096775,8,0.5161290322580645,36.06335624747599,3.2568871605794296,18,1.1612903225806452,0.0,0.0,0.06451612903225806,0.7022897941738785
bayes-fix-seed43,dense_circle,2,282,1542568700,success,54,13.5,0.22781503064877318,0,0.0,0,0.6716465049270375,13.776289506091011,15.269659273326397,9.504371751513062,41,3.037037037037037,18,1.3333333333333333,7,0.5185185185185185,27.939362743786678,2.939632778919746,6,0.4444444444444444,0.0,0.0,0.16666666666666666,0.8147753764091352
bayes-fix-seed43,dense_circle,2,283,1542568701,success,69,17.25,0.2122715691551651,0,0.0,0,0.8410438792117363,13.977396477391755,15.146366506814957,13.036543688716206,41,2.3768115942028984,18,1.0434782608695652,3,0.17391304347826086,22.5342118163322,1.728541886131729,5,0.2898550724637681,0.22580645161290322,0.12903225806451613,0.2318840579710145,0.5909405056579012
bayes-fix-seed43,dense_circle,2,284,1542568702,success,50,12.5,0.25077482198252676,0,0.0,0,0.5747465458822814,13.649896159768105,15.070418827235699,10.4929484449268,33,2.64,16,1.28,3,0.24,19.040655187768618,1.8146143848609606,4,0.32,0.06976744186046512,0.06976744186046512,0.1,0.7416227650087283
bayes-fix-seed43,dense_circle,2,285,1542568703,success,52,13.0,0.3491100902157681,0,0.0,0,0.8209989029577451,13.775656357980692,15.215290151536463,10.79234928277871,27,2.076923076923077,11,0.8461538461538461,4,0.3076923076923077,17.73458631412729,1.6432554070897492,4,0.3076923076923077,0.0,0.0,0.057692307692307696,0.7223302062366221
bayes-fix-seed43,dense_circle,2,286,1542568704,success,52,13.0,0.20304883014919306,0,0.0,0,0.9661640359700129,13.816851406143261,15.481149032711983,9.874206044539429,29,2.230769230769231,13,1.0,1,0.07692307692307693,15.636372374144182,1.5835574327306357,5,0.38461538461538464,0.08888888888888889,0.06666666666666667,0.038461538461538464,0.794460211312576
bayes-fix-seed43,dense_circle,2,287,1542568705,success,64,16.0,0.27768515543992445,0,0.0,0,0.8704199134069491,13.819846615660936,15.395254269242287,10.790272711211376,48,3.0,19,1.1875,3,0.1875,25.5051133063256,2.3637135027945235,8,0.5,0.10526315789473684,0.03508771929824561,0.140625,0.7178657957284167
bayes-fix-seed43,dense_circle,2,288,1542568706,success,55,13.75,0.2082116095460781,0,0.0,0,0.6743267648970175,13.911831175739115,15.759183466434479,10.518715010180069,43,3.1272727272727274,22,1.6,4,0.2909090909090909,28.074409773793054,2.6689961413178787,9,0.6545454545454545,0.10416666666666667,0.08333333333333333,0.12727272727272726,0.7418046840436109
bayes-fix-seed43,dense_circle,2,289,1542568707,success,60,15.0,0.1546145120506266,0,0.0,4,0.8863391262899114,14.054684899747372,15.633149445056915,11.74079811641432,48,3.2,28,1.8666666666666667,0,0.0,23.00436327345149,1.9593525964210259,6,0.4,0.1320754716981132,0.09433962264150944,0.11666666666666667,0.6585785432262133
bayes-fix-seed43,dense_circle,2,290,1542568708,success,53,13.25,0.24077778924643,0,0.0,0,0.8840095072944347,14.35313120765506,16.25753939151764,10.811393433571787,32,2.4150943396226414,11,0.8301886792452831,1,0.07547169811320754,14.078340532954169,1.3021763216236106,4,0.3018867924528302,0.06521739130434782,0.021739130434782608,0.07547169811320754,0.7166980830496784
bayes-fix-seed43,dense_circle,2,291,1542568709,success,61,15.25,0.27020133660439916,0,0.0,0,1.1038202896915643,13.820084147765987,15.1173435151577,9.520729649850992,45,2.9508196721311477,19,1.2459016393442623,3,0.19672131147540983,22.36126809578243,2.348692686188438,3,0.19672131147540983,0.09259259259259259,0.037037037037037035,0.11475409836065574,0.8147411036068708
bayes-fix-seed43,dense_circle,2,292,1542568710,success,56,14.0,0.2339130907728587,0,0.0,0,1.1325423953995546,13.762134925595351,15.01820981502533,10.880913343040488,32,2.2857142857142856,15,1.0714285714285714,5,0.35714285714285715,24.210588838617678,2.2250511584216364,5,0.35714285714285715,0.0,0.0,0.07142857142857142,0.7292534305723741
bayes-fix-seed43,dense_circle,2,293,1542568711,timeout,101,25.25,0.1773835052087679,0,0.0,5,0.32147882255441673,14.253566060030815,15.537615865468979,8.953120627525392,90,3.5643564356435644,43,1.702970297029703,53,2.099009900990099,176.23434247368834,19.68412465390839,38,1.504950495049505,0.8297872340425532,0.7872340425531915,0.42574257425742573,0.038016353906585094
bayes-fix-seed43,dense_circle,2,294,1542568712,success,56,14.0,0.2049652388222365,0,0.0,0,0.79280120764518,13.799476902931929,15.23823942989111,10.513238889500688,34,2.4285714285714284,13,0.9285714285714286,2,0.14285714285714285,17.895386283031375,1.7021763198877804,4,0.2857142857142857,0.061224489795918366,0.061224489795918366,0.08928571428571429,0.7354516530559774
bayes-fix-seed43,dense_circle,2,295,1542568713,success,61,15.25,0.19047603871420538,0,0.0,1,0.799513083441391,14.206145019804845,15.507936477661133,10.610130680238093,47,3.081967213114754,21,1.3770491803278688,5,0.32786885245901637,25.732428095858065,2.425269666450576,9,0.5901639344262295,0.07407407407407407,0.07407407407407407,0.16393442622950818,0.7327965342346452
bayes-fix-seed43,dense_circle,2,296,1542568714,success,65,16.25,0.1398500831853552,0,0.0,6,0.6033411717678273,14.030682639433788,14.975112676620483,11.444459928445887,46,2.830769230769231,22,1.353846153846154,3,0.18461538461538463,31.00643372641104,2.7092963687471787,9,0.5538461538461539,0.05172413793103448,0.05172413793103448,0.07692307692307693,0.6813489944566429
bayes-fix-seed43,dense_circle,2,297,1542568715,success,56,14.0,0.20495134055499487,0,0.0,0,0.6877742814404405,13.794206881097384,14.878552407026291,10.4677764894129,37,2.642857142857143,14,1.0,0,0.0,18.034730379734874,1.7228807281064116,4,0.2857142857142857,0.061224489795918366,0.0,0.08928571428571429,0.7431456834321463
bayes-fix-seed43,dense_circle,2,298,1542568716,success,64,16.0,0.19533345693412196,0,0.0,1,0.7567909332429891,14.012581435963511,15.218650922179222,11.885690132851748,47,2.9375,21,1.3125,4,0.25,30.808916259812516,2.59210158732453,13,0.8125,0.12280701754385964,0.07017543859649122,0.109375,0.6502440806280523
bayes-fix-seed43,dense_circle,2,299,1542568717,success,58,14.5,0.18630111430104535,0,0.0,1,0.726324462529056,13.978546742221404,15.908489376306534,11.222769573141424,37,2.5517241379310347,20,1.3793103448275863,9,0.6206896551724138,33.32340842413234,2.969267809247607,10,0.6896551724137931,0.17647058823529413,0.17647058823529413,0.10344827586206896,0.690417942673398
bayes-fix-seed43,dense_circle,2,300,1542568718,success,73,18.25,0.19044189978958248,0,0.0,1,0.7930147716865878,14.001724552618315,15.249145776033401,14.719503571890456,45,2.4657534246575343,22,1.2054794520547945,6,0.3287671232876712,35.699886138915296,2.425345798148428,10,0.547945205479452,0.16666666666666666,0.045454545454545456,0.2328767123287671,0.526828858840492
bayes-fix-seed43,dense_circle,2,301,1542568719,success,46,11.5,0.3375531817595525,0,0.0,0,1.2330506496588414,13.729796623406203,15.043203718960285,10.10686298802203,26,2.260869565217391,14,1.2173913043478262,1,0.08695652173913043,13.51457172632972,1.3371677979949146,5,0.43478260869565216,0.0,0.0,0.0,0.7662010679383917
bayes-fix-seed43,dense_circle,2,302,1542568720,success,61,15.25,0.20435359547503307,0,0.0,0,0.7385457457231922,14.013795456925376,15.406884253025055,9.781616368563679,44,2.8852459016393444,19,1.2459016393442623,4,0.26229508196721313,26.011718201808698,2.659245386621948,6,0.39344262295081966,0.0,0.0,0.09836065573770492,0.7949722396221289
bayes-fix-seed43,dense_circle,2,303,1542568721,success,49,12.25,0.2935710873117766,0,0.0,0,0.7017828818552692,13.68654686577466,15.195965766906737,10.613186817974844,27,2.204081632653061,11,0.8979591836734694,1,0.08163265306122448,14.965218406620181,1.4100588883703236,3,0.24489795918367346,0.0,0.0,0.02040816326530612,0.7315006238791637
bayes-fix-seed43,dense_circle,2,304,1542568722,success,68,17.0,0.20504453999425754,0,0.0,0,1.0990455627965774,14.112827587215339,15.609115548431873,14.845184782473236,39,2.2941176470588234,24,1.411764705882353,13,0.7647058823529411,39.780349109852864,2.6796802931559993,8,0.47058823529411764,0.2459016393442623,0.21311475409836064,0.27941176470588236,0.5251069946379603
bayes-fix-seed43,dense_circle,2,305,1542568723,success,58,14.5,0.1531568074612878,0,0.0,2,0.6365687030530516,14.10788040736626,15.3683515265584,11.315306734347102,35,2.413793103448276,14,0.9655172413793104,3,0.20689655172413793,21.27787826315147,1.880450858531606,5,0.3448275862068966,0.0,0.0,0.08620689655172414,0.696650085045105
bayes-fix-seed43,dense_circle,2,306,1542568724,success,54,13.5,0.1635925924061813,0,0.0,3,0.7987622029962138,13.69131549640938,14.666673168540001,10.13916264722411,34,2.5185185185185186,14,1.037037037037037,5,0.37037037037037035,25.721970036674048,2.5368929300799987,11,0.8148148148148148,0.0425531914893617,0.02127659574468085,0.18518518518518517,0.7668707887357435
bayes-fix-seed43,dense_circle,2,307,1542568725,success,60,15.0,0.285673669141427,0,0.0,0,1.135603346718106,14.106520637869835,15.600020997226238,10.486452798763755,41,2.7333333333333334,25,1.6666666666666667,2,0.13333333333333333,27.912672700200297,2.661784040404102,4,0.26666666666666666,0.03773584905660377,0.03773584905660377,0.11666666666666667,0.7424295996143637
bayes-fix-seed43,dense_circle,2,308,1542568726,success,49,12.25,0.3255894346247049,0,0.0,0,1.497648974165278,13.980685144054647,15.368607640266418,10.460531073042795,25,2.0408163265306123,12,0.9795918367346939,1,0.08163265306122448,12.82368189315977,1.2259111706294636,2,0.16326530612244897,0.0,0.0,0.02040816326530612,0.741260152749919
bayes-fix-seed43,dense_circle,2,309,1542568727,success,62,15.5,0.3249959084671744,0,0.0,0,0.856021313823636,13.935867276403211,15.279568731784819,10.352993170275246,45,2.903225806451613,23,1.4838709677419355,3,0.1935483870967742,30.902623096963147,2.9848974676896813,8,0.5161290322580645,0.14545454545454545,0.12727272727272726,0.16129032258064516,0.7484104811747173
bayes-fix-seed43,dense_circle,2,310,1542568728,success,53,13.25,0.22609417623592132,0,0.0,0,0.666006988702059,13.931119357639888,15.36559909582138,10.437732615275632,32,2.4150943396226414,13,0.9811320754716981,0,0.0,14.615397689040675,1.4002464163194817,4,0.3018867924528302,0.0,0.0,0.05660377358490566,0.7442810906902939
bayes-fix-seed43,dense_circle,2,311,1542568729,success,89,22.25,0.02274451618483231,0,0.0,9,1.328458000441237,14.146133378315508,15.407010167837143,16.771782821064352,65,2.9213483146067416,31,1.3932584269662922,10,0.449438202247191,51.65992407105215,3.0801689135975687,11,0.4943820224719101,0.2073170731707317,0.10975609756097561,0.24719101123595505,0.46184570549572934
bayes-fix-seed43,dense_circle,2,312,1542568730,success,53,13.25,0.23671958838296336,0,0.0,0,0.694393491836484,14.15079192451711,15.80432802438736,10.58389676468289,36,2.7169811320754715,14,1.0566037735849056,2,0.1509433962264151,18.95850426854346,1.7912593716716478,4,0.3018867924528302,0.0,0.0,0.07547169811320754,0.7386494993306125
bayes-fix-seed43,dense_circle,2,313,1542568731,success,46,11.5,0.29481772354508995,0,0.0,0,1.1622875483167976,13.867864952139232,15.652758069336414,10.43553127718833,29,2.5217391304347827,12,1.0434782608695652,0,0.0,10.433933209167463,0.9998468628018623,3,0.2608695652173913,0.0,0.0,0.043478260869565216,0.7388400866704551
bayes-fix-seed43,dense_circle,2,314,1542568732,success,55,13.75,0.42754008884448125,0,0.0,0,0.8921880650017209,14.084858853708614,15.566011145710945,10.77907656315033,40,2.909090909090909,20,1.4545454545454546,4,0.2909090909090909,27.147634249400447,2.5185491623844802,3,0.21818181818181817,0.08333333333333333,0.08333333333333333,0.09090909090909091,0.7255618342132871
bayes-fix-seed43,dense_circle,2,315,1542568733,success,64,16.0,0.20465823661946736,0,0.0,0,0.9919322299021731,14.227628067601472,15.9337492659688,10.944351750291144,46,2.875,29,1.8125,1,0.0625,20.710258878192903,1.8923239448733877,14,0.875,0.22807017543859648,0.21052631578947367,0.15625,0.7115480800992922
bayes-fix-seed43,dense_circle,2,316,1542568734,success,63,15.75,0.21717624550801007,0,0.0,0,0.9644565327395037,13.88144280229296,15.338372811675072,11.349907843055835,42,2.6666666666666665,16,1.0158730158730158,7,0.4444444444444444,31.610854533700063,2.785119929677702,10,0.6349206349206349,0.19642857142857142,0.16071428571428573,0.14285714285714285,0.6800210223810979
bayes-fix-seed43,dense_circle,2,317,1542568735,success,70,17.5,0.20403051709913145,0,0.0,0,1.440768616837903,13.956558917249952,15.109746903181076,12.89034614230963,48,2.742857142857143,21,1.2,4,0.22857142857142856,30.97347692279638,2.4028429167726526,11,0.6285714285714286,0.20634920634920634,0.19047619047619047,0.22857142857142856,0.6012201299517382
bayes-fix-seed43,dense_circle,2,318,1542568736,success,40,10.0,0.28029849907589566,0,0.0,0,1.1615139469084135,13.66793243214488,15.134947374463081,9.563405906724133,16,1.6,7,0.7,0,0.0,5.961533688050553,0.623369304429391,1,0.1,0.0,0.0,0.0,0.8097463238651176
bayes-fix-seed43,dense_circle,2,319,1542568737,success,49,12.25,0.15183383227434177,0,0.0,2,0.9793852803033378,13.683387287417236,15.109851211309433,10.70244501337382,30,2.4489795918367347,14,1.1428571428571428,1,0.08163265306122448,17.329861827091207,1.6192432481956915,5,0.40816326530612246,0.07142857142857142,0.07142857142857142,0.10204081632653061,0.7313969588278897
bayes-fix-seed43,dense_circle,2,320,1542568738,success,56,14.0,0.20858867582375096,0,0.0,0,0.7030244759621677,13.869567774236202,15.23363497108221,10.045419749528746,40,2.857142857142857,13,0.9285714285714286,2,0.14285714285714285,18.07103321228404,1.7989326143521074,2,0.14285714285714285,0.0,0.0,0.03571428571428571,0.7711323311860372
bayes-fix-seed43,dense_circle,2,321,1542568739,success,61,15.25,0.2139943348115908,0,0.0,0,1.2183373184141846,13.9619987152639,15.166305005550385,9.982962589147492,48,3.1475409836065573,22,1.4426229508196722,8,0.5245901639344263,29.61944378426207,2.9669993771649965,10,0.6557377049180327,0.0,0.0,0.13114754098360656,0.7746250973760305
bayes-fix-seed43,dense_circle,2,322,1542568740,success,70,17.5,0.0664067205470904,0,0.0,8,0.4109268829930865,14.157160105449814,15.569194033741951,13.374141185982756,56,3.2,32,1.8285714285714285,8,0.45714285714285713,41.54523693932893,3.106385401619051,11,0.6285714285714286,0.19047619047619047,0.09523809523809523,0.15714285714285714,0.5797195621963224
bayes-fix-seed43,dense_circle,2,323,1542568741,success,65,16.25,0.3015226957283049,0,0.0,0,1.198405270284535,13.982244294423323,15.412219613790512,11.852465086539288,50,3.076923076923077,21,1.2923076923076924,6,0.36923076923076925,31.049690918195815,2.619682124477093,13,0.8,0.1206896551724138,0.06896551724137931,0.2,0.6541258785524615
bayes-fix-seed43,dense_circle,2,324,1542568742,success,56,14.0,0.3998254303598896,0,0.0,0,1.8187255311332369,14.170724765530654,15.586432069540024,11.095438156144276,34,2.4285714285714284,21,1.5,4,0.2857142857142857,20.738455409892005,1.8690974721361278,5,0.35714285714285715,0.0,0.0,0.08928571428571429,0.7006098477444277
bayes-fix-seed43,dense_circle,2,325,1542568743,success,50,12.5,0.15514364924283752,0,0.0,2,0.5401618605537672,14.213514253497124,16.154164262115955,10.527671848870746,29,2.32,8,0.64,0,0.0,9.646919825503867,0.9163393354190316,3,0.24,0.0,0.0,0.06,0.7371592354354622
bayes-fix-seed43,dense_circle,2,326,1542568744,success,62,15.5,0.16839454620937067,0,0.0,2,0.43438001911232255,13.843292550694558,15.284806862473488,10.419957383000417,49,3.161290322580645,16,1.032258064516129,3,0.1935483870967742,32.44480422993877,3.1137175553971717,10,0.6451612903225806,0.07272727272727272,0.03636363636363636,0.08064516129032258,0.7469451105836974
bayes-fix-seed43,dense_circle,2,327,1542568745,success,51,12.75,0.35635036618415916,0,0.0,0,0.7795484312184645,14.141286558964673,16.6315957903862,9.40884214964722,31,2.4313725490196076,16,1.2549019607843137,3,0.23529411764705882,19.275009601947886,2.0486059065908115,4,0.3137254901960784,0.0,0.0,0.0196078431372549,0.8224746555370948
bayes-fix-seed43,dense_circle,2,328,1542568746,success,52,13.0,0.16495001365805328,0,0.0,3,0.6467196654715832,14.116760844794603,17.41383261978626,9.273485518268114,43,3.3076923076923075,22,1.6923076923076923,2,0.15384615384615385,20.304619996739113,2.189534879494926,8,0.6153846153846154,0.0,0.0,0.07692307692307693,0.847005412155708
bayes-fix-seed43,dense_circle,2,329,1542568747,success,68,17.0,0.22277770206398906,0,0.0,0,0.8715576868005587,14.173283406040248,15.622060932219028,12.247090584939713,42,2.4705882352941178,22,1.2941176470588236,5,0.29411764705882354,29.579653797366113,2.415239243330192,4,0.23529411764705882,0.18032786885245902,0.18032786885245902,0.20588235294117646,0.6361060373993578
bayes-fix-seed43,dense_circle,2,330,1542568748,success,51,12.75,0.21494899808257906,0,0.0,0,1.0024741177199534,13.8008786621047,15.19383117556572,10.306749498064057,31,2.4313725490196076,13,1.0196078431372548,5,0.39215686274509803,21.991093350714152,2.133659438879813,5,0.39215686274509803,0.022727272727272728,0.022727272727272728,0.1568627450980392,0.7600383113693576
bayes-fix-seed43,dense_circle,2,331,1542568749,success,71,17.75,0.1980269546833161,0,0.0,1,1.014257786045354,14.117922476479706,15.596233308315277,13.442460433849952,49,2.76056338028169,19,1.0704225352112675,15,0.8450704225352113,53.49298913079284,3.9794046182267486,19,1.0704225352112675,0.25,0.25,0.2112676056338028,0.5731697199801731
bayes-fix-seed43,dense_circle,2,332,1542568750,success,64,16.0,0.21906571660222618,0,0.0,0,1.2402006831059953,14.13907908136025,15.911594964563845,10.09489404889735,50,3.125,22,1.375,2,0.125,29.807425306815496,2.9527229471092187,5,0.3125,0.0,0.0,0.046875,0.7723735551430466
bayes-fix-seed43,dense_circle,2,333,1542568751,success,51,12.75,0.26237459252803397,0,0.0,0,0.8028679764507453,13.794925940387389,15.065886080265045,10.383573722006078,34,2.6666666666666665,17,1.3333333333333333,1,0.0784313725490196,19.170175425019956,1.8462020820820377,9,0.7058823529411765,0.0,0.0,0.0784313725490196,0.7470572151895415
bayes-fix-seed43,dense_circle,2,334,1542568752,success,58,14.5,0.16209439927490632,0,0.0,2,0.6203856327987832,13.920813541987847,15.424562990665436,11.35851797979454,37,2.5517241379310347,13,0.896551724137931,2,0.13793103448275862,27.573202254419712,2.427535203401463,11,0.7586206896551724,0.09803921568627451,0.09803921568627451,0.15517241379310345,0.6865643792315813
bayes-fix-seed43,dense_circle,2,335,1542568753,success,57,14.25,0.2492566800498115,0,0.0,0,1.0906672797982981,13.760046347191459,15.077266842126846,10.981885414744287,35,2.456140350877193,20,1.4035087719298245,4,0.2807017543859649,20.545316617727693,1.870836913863947,3,0.21052631578947367,0.08,0.04,0.07017543859649122,0.7014331511062892
bayes-fix-seed43,dense_circle,2,336,1542568754,success,47,11.75,0.1733112563598097,0,0.0,1,0.6679174686961845,13.581067482207684,15.262505412101746,9.627655565874699,23,1.9574468085106382,11,0.9361702127659575,0,0.0,8.504163821661901,0.8833057812958096,3,0.2553191489361702,0.0,0.0,0.0,0.805478502789642
bayes-fix-seed43,dense_circle,2,337,1542568755,success,46,11.5,0.20464239247148297,0,0.0,0,0.7208963424604026,13.668770699397378,15.25498740375042,9.549126284589619,24,2.0869565217391304,7,0.6086956521739131,3,0.2608695652173913,14.509401826586963,1.5194481038545105,4,0.34782608695652173,0.0,0.0,0.043478260869565216,0.8103955038472705
bayes-fix-seed43,dense_circle,2,338,1542568756,success,49,12.25,0.22286577770968463,0,0.0,0,1.065607498536697,14.134631093059268,16.33192077279091,10.269847530018616,30,2.4489795918367347,15,1.2244897959183674,5,0.40816326530612246,23.062822685490215,2.245683065700627,4,0.32653061224489793,0.0,0.0,0.061224489795918366,0.7578858406958474
bayes-fix-seed43,dense_circle,2,339,1542568757,success,49,12.25,0.224734881808888,0,0.0,0,1.2018040655961955,13.749202143172829,15.242604911327362,9.439065071186922,31,2.5306122448979593,13,1.0612244897959184,1,0.08163265306122448,15.049211603406686,1.594354047769512,3,0.24489795918367346,0.0,0.0,0.0,0.8219267508524848
bayes-fix-seed43,dense_circle,2,340,1542568758,success,50,12.5,0.33014108426349864,0,0.0,0,1.075829302141077,14.109554588794708,16.016294062137604,9.560274549088389,31,2.48,15,1.2,1,0.08,15.870121316898304,1.6600068581096958,3,0.24,0.0,0.0,0.02,0.8138655675754096
bayes-fix-seed43,dense_circle,2,341,1542568759,success,54,13.5,0.24946017872109105,0,0.0,0,0.6999479784674945,13.75488660953663,15.152827836573124,9.343677168866176,39,2.888888888888889,16,1.1851851851851851,7,0.5185185185185185,32.95048237360425,3.5265005177402426,10,0.7407407407407407,0.0,0.0,0.09259259259259259,0.83244823093357
bayes-fix-seed43,dense_circle,2,342,1542568760,success,50,12.5,0.29493385121732574,0,0.0,0,0.6429742017131717,13.746306076645851,15.038440749049187,10.322042480525166,30,2.4,14,1.12,2,0.16,14.90673387980414,1.444165135720863,3,0.24,0.13953488372093023,0.0,0.08,0.7471429263838336
bayes-fix-seed43,dense_circle,2,343,1542568761,success,44,11.0,0.3093019596902872,0,0.0,0,0.7414006224773408,13.815247961743312,15.369603596627712,9.727095511383416,28,2.5454545454545454,16,1.4545454545454546,0,0.0,13.265075050202059,1.3637241491746657,5,0.45454545454545453,0.0,0.0,0.0,0.8004586446733515
bayes-fix-seed43,dense_circle,2,344,1542568762,success,68,17.0,0.2545288055404781,0,0.0,0,1.2576183012937727,14.146098702707711,15.55484589189291,10.42017678278809,41,2.411764705882353,14,0.8235294117647058,5,0.29411764705882354,30.161553852838768,2.894533795497522,4,0.23529411764705882,0.06557377049180328,0.03278688524590164,0.11764705882352941,0.7481670897158289
bayes-fix-seed43,dense_circle,2,345,1542568763,success,50,12.5,0.1968496071478706,0,0.0,1,0.9224532575574154,14.287095740437508,15.786870568990707,9.506769240844802,37,2.96,16,1.28,4,0.32,23.987359222869706,2.523187280049948,8,0.64,0.0,0.0,0.08,0.8212158038734387
bayes-fix-seed43,dense_circle,2,346,1542568764,success,56,14.0,0.14929019931732523,0,0.0,5,0.6590234796509584,14.241570673350777,15.927623957395554,10.198001421920551,40,2.857142857142857,13,0.9285714285714286,2,0.14285714285714285,22.481542859751556,2.204504777909483,8,0.5714285714285714,0.12244897959183673,0.12244897959183673,0.125,0.7633884569779907
bayes-fix-seed43,dense_circle,2,347,1542568765,success,83,20.75,0.2079954297072577,0,0.0,0,1.0212072830520629,14.70471447311252,16.14331379532814,12.940791543492747,61,2.9397590361445785,27,1.3012048192771084,8,0.3855421686746988,42.52999192843169,3.286506222242473,11,0.5301204819277109,0.2236842105263158,0.15789473684210525,0.21686746987951808,0.6045301864013751
bayes-fix-seed43,dense_circle,2,348,1542568766,success,56,14.0,0.39109211857323534,0,0.0,0,0.9114221182441636,13.718232046812773,15.041372738778591,10.916808789223438,31,2.2142857142857144,17,1.2142857142857142,6,0.42857142857142855,23.894605224268794,2.1887903036147733,7,0.5,0.10204081632653061,0.10204081632653061,0.10714285714285714,0.7141430112907357
bayes-fix-seed43,dense_circle,2,349,1542568767,success,65,16.25,0.17809567183038455,0,0.0,2,1.181329100079169,14.085078640626026,15.571851283311844,11.156505685347202,51,3.1384615384615384,20,1.2307692307692308,7,0.4307692307692308,40.37575245426599,3.6190321228711366,15,0.9230769230769231,0.034482758620689655,0.0,0.15384615384615385,0.6946148418573875
bayes-fix-seed43,dense_circle,2,350,1542568768,success,62,15.5,0.16376045273641204,0,0.0,4,0.9421653610613073,14.40653523370143,15.356583893299103,11.922495595457185,49,3.161290322580645,22,1.4193548387096775,3,0.1935483870967742,33.85176669498428,2.8393188677614423,12,0.7741935483870968,0.07272727272727272,0.07272727272727272,0.12903225806451613,0.6483758321215831
bayes-fix-seed43,dense_circle,2,351,1542568769,success,59,14.75,0.20266881486461863,0,0.0,0,0.8220361688971172,14.13336711919914,15.605388209223747,10.927819218617575,37,2.5084745762711864,18,1.2203389830508475,2,0.13559322033898305,19.788342696712466,1.8108226628602475,6,0.4067796610169492,0.17307692307692307,0.1346153846153846,0.13559322033898305,0.7104793748237687
bayes-fix-seed43,dense_circle,2,352,1542568770,success,51,12.75,0.20998172567942386,0,0.0,0,0.8627832917455697,14.41749594375199,17.541099339723587,10.499856058643624,32,2.5098039215686274,15,1.1764705882352942,2,0.1568627450980392,20.575873650454962,1.9596338783631821,2,0.1568627450980392,0.0,0.0,0.058823529411764705,0.7541592027576305
bayes-fix-seed43,dense_circle,2,353,1542568771,success,72,18.0,0.1762810750555619,0,0.0,3,1.0719447999474379,14.167161968847116,15.53574986755848,14.025634079500637,52,2.888888888888889,24,1.3333333333333333,5,0.2777777777777778,27.959282324195282,1.9934415917109634,7,0.3888888888888889,0.26153846153846155,0.18461538461538463,0.19444444444444445,0.5629445552388526
bayes-fix-seed43,dense_circle,2,354,1542568772,success,54,13.5,0.4429751408140382,0,0.0,0,1.3329847570627673,14.026422881417805,15.73814507573843,10.572756256614557,35,2.5925925925925926,22,1.6296296296296295,4,0.2962962962962963,20.086144293170143,1.899802076738863,3,0.2222222222222222,0.0,0.0,0.1111111111111111,0.7327747888767908
bayes-fix-seed43,dense_circle,2,355,1542568773,success,53,13.25,0.20255703460171492,0,0.0,0,0.6309788402409696,14.789234214233902,19.24929916858673,10.52660727168281,35,2.641509433962264,14,1.0566037735849056,1,0.07547169811320754,15.264027706916748,1.4500424793064977,9,0.6792452830188679,0.15217391304347827,0.08695652173913043,0.09433962264150944,0.7351368579209278
bayes-fix-seed43,dense_circle,2,356,1542568774,success,55,13.75,0.17884360591567428,0,0.0,2,0.6403994033786914,13.827573237094013,15.294253826141357,8.940567761416721,44,3.2,20,1.4545454545454546,5,0.36363636363636365,30.7809813265034,3.4428441400936096,13,0.9454545454545454,0.0,0.0,0.05454545454545454,0.8854388637343931
bayes-fix-seed43,dense_circle,2,357,1542568775,timeout,101,25.25,0.1883318475949748,0,0.0,1,0.7466109293744287,14.319644816736183,15.58583602309227,15.729922134406008,94,3.722772277227723,32,1.2673267326732673,22,0.8712871287128713,94.32302366526113,5.996407538404064,27,1.0693069306930694,0.6808510638297872,0.5957446808510638,0.43564356435643564,0.0
bayes-fix-seed43,dense_circle,2,358,1542568776,success,61,15.25,0.2386579077959916,0,0.0,0,1.117198890513458,13.99020307132455,15.15226811170578,12.161786216737145,43,2.819672131147541,16,1.0491803278688525,3,0.19672131147540983,25.83362850240731,2.1241640037098226,7,0.45901639344262296,0.12962962962962962,0.037037037037037035,0.16393442622950818,0.6361843889814351
bayes-fix-seed43,dense_circle,2,359,1542568777,success,50,12.5,0.2281990243188361,0,0.0,0,1.3620259910094275,13.711584359407425,14.974953420460224,11.062869523407862,27,2.16,11,0.88,1,0.08,14.178426892192556,1.2816228974040147,5,0.4,0.11627906976744186,0.11627906976744186,0.1,0.7057189553327216
bayes-fix-seed43,dense_circle,2,360,1542568778,success,47,11.75,0.19488477126782466,0,0.0,1,0.7402962942140635,13.550147097161476,15.045515075325966,9.474128863251078,27,2.297872340425532,15,1.2765957446808511,2,0.1702127659574468,13.814002485872582,1.4580762712079327,2,0.1702127659574468,0.0,0.0,0.06382978723404255,0.8135625343299207
bayes-fix-seed43,dense_circle,2,361,1542568779,success,51,12.75,0.1639787152527563,0,0.0,4,0.657779517341253,13.790796930883445,15.323352068662643,10.321403984993678,32,2.5098039215686274,13,1.0196078431372548,5,0.39215686274509803,23.113953894964688,2.239419552666492,5,0.39215686274509803,0.0,0.0,0.0784313725490196,0.751608616955086
bayes-fix-seed43,dense_circle,2,362,1542568780,success,65,16.25,0.1996422998172267,0,0.0,1,0.963217500259625,14.156347398574535,15.306777507066727,10.568709104001272,43,2.646153846153846,19,1.1692307692307693,3,0.18461538461538463,25.89689887803899,2.4503369922665885,7,0.4307692307692308,0.1724137931034483,0.06896551724137931,0.1076923076923077,0.7358620215439945
bayes-fix-seed43,dense_circle,2,363,1542568781,success,47,11.75,0.2719944577286981,0,0.0,0,0.6232044444892334,13.876681315137985,15.109792724251747,10.188053397186568,23,1.9574468085106382,7,0.5957446808510638,1,0.0851063829787234,11.884567709576185,1.1665199666953168,2,0.1702127659574468,0.075,0.0,0.06382978723404255,0.7627684412157165
bayes-fix-seed43,dense_circle,2,364,1542568782,success,55,13.75,0.20126983898178574,0,0.0,0,0.8083815429394692,13.656412065029144,14.861511066555977,10.392733764475983,33,2.4,15,1.0909090909090908,1,0.07272727272727272,15.110485205229637,1.4539471083998783,4,0.2909090909090909,0.125,0.020833333333333332,0.10909090909090909,0.7438037179256791
bayes-fix-seed43,dense_circle,2,365,1542568783,success,65,16.25,0.2785893386740246,0,0.0,0,1.628359610205127,13.999116535370167,15.371697396039963,9.895887219719235,46,2.830769230769231,23,1.4153846153846155,11,0.676923076923077,37.89798564577055,3.8296703271084556,12,0.7384615384615385,0.0,0.0,0.07692307692307693,0.7812225112370931
bayes-fix-seed43,dense_circle,2,366,1542568784,success,59,14.75,0.16280675643618836,0,0.0,2,0.8552584497201159,13.906582495418645,15.130211040377617,10.563535946277922,37,2.5084745762711864,16,1.0847457627118644,3,0.2033898305084746,22.777212484002604,2.1562110073595377,7,0.4745762711864407,0.15384615384615385,0.1346153846153846,0.1016949152542373,0.7376912194027303
bayes-fix-seed43,dense_circle,2,367,1542568785,success,65,16.25,0.30887249551605367,0,0.0,0,0.9620736455255356,13.805757692226997,15.049563348293304,11.881879519447361,44,2.707692307692308,14,0.8615384615384616,4,0.24615384615384617,25.291615834846056,2.128587130802888,5,0.3076923076923077,0.017241379310344827,0.017241379310344827,0.09230769230769231,0.6542532225987634
bayes-fix-seed43,dense_circle,2,368,1542568786,success,48,12.0,0.2180714564907813,0,0.0,0,0.9888491277994835,13.624338821197549,14.804896526038647,9.580894451232027,31,2.5833333333333335,12,1.0,1,0.08333333333333333,15.940869761076504,1.663818534085472,7,0.5833333333333334,0.07317073170731707,0.04878048780487805,0.08333333333333333,0.8188962499956053
bayes-fix-seed43,dense_circle,2,369,1542568787,success,55,13.75,0.21782631763442561,0,0.0,0,1.0226108755236896,13.87489383870905,15.577564388513565,9.947785106271148,31,2.2545454545454544,13,0.9454545454545454,5,0.36363636363636365,20.930664218569536,2.1040527107259996,9,0.6545454545454545,0.125,0.0,0.12727272727272726,0.7791981451878749
bayes-fix-seed43,dense_circle,2,370,1542568788,success,63,15.75,0.16620318302224468,0,0.0,2,0.618252170273067,13.824428830827985,15.152953937649727,12.34160258955185,40,2.5396825396825395,19,1.2063492063492063,3,0.19047619047619047,23.84300254637228,1.931921107762559,4,0.25396825396825395,0.14285714285714285,0.0,0.1746031746031746,0.6314188094402542
bayes-fix-seed43,dense_circle,2,371,1542568789,success,77,19.25,0.19005906795204797,0,0.0,1,1.0916939249316484,14.137575910850005,15.710553526878357,14.195752043189543,51,2.6493506493506493,19,0.987012987012987,9,0.4675324675324675,44.47559957260492,3.1330217263087676,15,0.7792207792207793,0.2,0.12857142857142856,0.2597402597402597,0.5463087820523136
bayes-fix-seed43,dense_circle,2,372,1542568790,success,55,13.75,0.22168599115540977,0,0.0,0,0.6396634113946444,13.727869703011079,15.092659369111061,11.036702883055206,38,2.7636363636363637,13,0.9454545454545454,3,0.21818181818181817,23.23267093542109,2.105037272598007,7,0.509090909090909,0.125,0.0625,0.12727272727272726,0.7103573851947819
bayes-fix-seed43,dense_circle,2,373,1542568791,success,53,13.25,0.26306290880933325,0,0.0,0,0.7459029751315233,13.761259193690318,15.289607644081116,8.798203347379474,43,3.2452830188679247,24,1.8113207547169812,8,0.6037735849056604,34.69184628400666,3.9430602947293267,16,1.2075471698113207,0.0,0.0,0.03773584905660377,0.8839001171034855
bayes-fix-seed43,dense_circle,2,374,1542568792,success,52,13.0,0.21821916098453553,0,0.0,0,0.6782120403370535,13.904633716895031,15.799075923860073,10.480893474227678,33,2.5384615384615383,23,1.7692307692307692,4,0.3076923076923077,20.619478636644,1.967339777600728,8,0.6153846153846154,0.0,0.0,0.0,0.7436772854538405
bayes-fix-seed43,dense_circle,2,375,1542568793,success,54,13.5,0.327658777548991,0,0.0,0,0.9581922152832338,13.787416741251945,15.178891643881798,9.34502326077064,36,2.6666666666666665,10,0.7407407407407407,2,0.14814814814814814,18.29181553697898,1.9573857685048224,5,0.37037037037037035,0.0,0.0,0.1111111111111111,0.8325234267648155
bayes-fix-seed43,dense_circle,2,376,1542568794,success,59,14.75,0.15179921008202957,0,0.0,2,0.6415605724593105,13.806616035053285,15.300977602601051,12.15358205631572,42,2.847457627118644,12,0.8135593220338984,3,0.2033898305084746,22.76273793810025,1.8729241990242198,4,0.2711864406779661,0.15384615384615385,0.0,0.1694915254237288,0.6342376692550734
bayes-fix-seed43,dense_circle,2,377,1542568795,success,59,14.75,0.26565416715202705,0,0.0,0,0.9952570908903386,13.769627943382424,15.171262621879578,12.317702657571358,31,2.1016949152542375,10,0.6779661016949152,2,0.13559322033898305,15.125284194261065,1.2279306145585487,4,0.2711864406779661,0.11538461538461539,0.09615384615384616,0.13559322033898305,0.6306438460083259
bayes-fix-seed43,dense_circle,2,378,1542568796,success,65,16.25,0.20601633945184883,0,0.0,0,0.7975547894829601,13.925154851033138,15.062948316335678,11.970115571921205,47,2.8923076923076922,20,1.2307692307692308,4,0.24615384615384617,30.45638778608906,2.544368732540216,11,0.676923076923077,0.05172413793103448,0.034482758620689655,0.13846153846153847,0.6466477082744829
bayes-fix-seed43,dense_circle,2,379,1542568797,success,48,12.0,0.40035399260564286,0,0.0,0,1.3197441001593067,13.475887399787704,15.033259242773056,10.525804957377371,22,1.8333333333333333,11,0.9166666666666666,0,0.0,12.548046173685671,1.1921222390588706,5,0.4166666666666667,0.0,0.0,0.0625,0.7339656010366281
bayes-fix-seed43,dense_circle,2,380,1542568798,success,55,13.75,0.2213618585932856,0,0.0,0,0.6368783409256996,13.83066475391388,15.330372378230095,9.786745906026178,45,3.272727272727273,18,1.309090909090909,0,0.0,20.166628277661474,2.060606096378153,5,0.36363636363636365,0.0,0.0,0.05454545454545454,0.8022502205825625
bayes-fix-seed43,dense_circle,2,381,1542568799,success,61,15.25,0.11661530413372712,0,0.0,3,0.7200846258261056,13.839570286332584,15.060950070619583,12.505157613757664,42,2.7540983606557377,20,1.3114754098360655,0,0.0,18.639771321528634,1.4905666843432601,5,0.32786885245901637,0.12962962962962962,0.1111111111111111,0.11475409836065574,0.6223428789916248
bayes-fix-seed43,dense_circle,2,382,1542568800,success,84,21.0,0.22476454901226872,0,0.0,0,0.8923196738386511,14.067160364772592,15.247638709843159,14.220153385509773,60,2.857142857142857,27,1.2857142857142858,6,0.2857142857142857,35.60702345010486,2.5039830784376873,15,0.7142857142857143,0.16883116883116883,0.1038961038961039,0.2261904761904762,0.5505957839167044
bayes-fix-seed43,dense_circle,2,383,1542568801,success,52,13.0,0.14902310072599634,0,0.0,2,0.5071695740790096,13.866287512848011,15.348293259739876,9.0451620247056,42,3.230769230769231,23,1.7692307692307692,4,0.3076923076923077,28.57136180285991,3.158745163969558,10,0.7692307692307693,0.0,0.0,0.057692307692307696,0.8591244916164508
bayes-fix-seed43,dense_circle,2,384,1542568802,success,64,16.0,0.17915743540165785,0,0.0,2,1.0081112933318563,14.11676884163171,15.452794916927814,10.943643892056025,48,3.0,23,1.4375,7,0.4375,37.18738262411383,3.3980804740099497,14,0.875,0.0,0.0,0.109375,0.7050641686302446
bayes-fix-seed43,dense_circle,2,385,1542568803,success,44,11.0,0.2656637375407881,0,0.0,0,0.749002635028904,13.722278516400944,15.446391142904758,9.884057065428259,26,2.3636363636363638,16,1.4545454545454546,3,0.2727272727272727,18.772316420985653,1.8992521286270299,4,0.36363636363636365,0.0,0.0,0.06818181818181818,0.7862198652126058
bayes-fix-seed43,dense_circle,2,386,1542568804,success,59,14.75,0.21544005583851844,0,0.0,0,0.6592588939513719,13.924586128885464,15.139733627438545,10.607098211256476,43,2.9152542372881354,23,1.5593220338983051,1,0.06779661016949153,22.193525154130764,2.092327676440153,4,0.2711864406779661,0.0,0.0,0.03389830508474576,0.7280305905369214
bayes-fix-seed43,dense_circle,2,387,1542568805,success,59,14.75,0.2743539243854568,0,0.0,0,1.9691426137980892,13.900712258734945,15.382841229438782,11.840484544420894,38,2.5762711864406778,21,1.423728813559322,1,0.06779661016949153,14.220215808850757,1.200982591168633,2,0.13559322033898305,0.21153846153846154,0.1346153846153846,0.2033898305084746,0.6523945590430572
bayes-fix-seed43,dense_circle,2,388,1542568806,success,54,13.5,0.2465294092030852,0,0.0,0,0.965733742240122,13.96122478224613,15.609919093549248,10.424519004247044,32,2.3703703703703702,12,0.8888888888888888,1,0.07407407407407407,16.17086133532137,1.551233330644149,3,0.2222222222222222,0.06382978723404255,0.0,0.1111111111111111,0.7549439111131664
bayes-fix-seed43,dense_circle,2,389,1542568807,success,57,14.25,0.20061614372681735,0,0.0,0,0.5952006020261034,13.810005692536372,15.003088861703873,11.390167606338368,32,2.245614035087719,11,0.7719298245614035,4,0.2807017543859649,18.832668010559438,1.653414476541986,3,0.21052631578947367,0.04,0.0,0.17543859649122806,0.679531081831492
bayes-fix-seed43,dense_circle,2,390,1542568808,success,56,14.0,0.26564077017800447,0,0.0,0,0.8732835647122139,13.786043905253921,15.5213363468647,10.422701996448254,36,2.5714285714285716,17,1.2142857142857142,4,0.2857142857142857,25.182538601707904,2.416123823773275,6,0.42857142857142855,0.12244897959183673,0.04081632653061224,0.14285714285714285,0.7503393160325846
bayes-fix-seed43,dense_circle,2,391,1542568809,success,50,12.5,0.24230433698285947,0,0.0,0,0.9250474717995099,13.71838204562664,15.229925327003002,9.5827897587388,34,2.72,19,1.52,2,0.16,18.67316252304057,1.948614442470891,7,0.56,0.0,0.0,0.02,0.8102454301144335
bayes-fix-seed43,dense_circle,2,392,1542568810,success,52,13.0,0.23658529943662687,0,0.0,0,0.8024327038253903,13.742416380689694,15.371985733509064,9.776829710767489,36,2.769230769230769,23,1.7692307692307692,4,0.3076923076923077,29.760464628635205,3.0439790309387504,11,0.8461538461538461,0.0,0.0,0.07692307692307693,0.795610277106022
bayes-fix-seed43,dense_circle,2,393,1542568811,success,64,16.0,0.20042799503105735,0,0.0,0,1.0336299968057108,13.904751220252365,15.242426097393036,11.939688225637774,51,3.1875,22,1.375,8,0.5,34.304714961647065,2.8731667287580813,14,0.875,0.05263157894736842,0.03508771929824561,0.15625,0.6469836595500211
bayes-fix-seed43,dense_circle,2,394,1542568812,success,64,16.0,0.328141896164008,0,0.0,0,0.9563365630006286,14.015567430760711,15.617469511926174,10.907175442536941,39,2.4375,13,0.8125,7,0.4375,27.342148062259874,2.5068037280878523,7,0.4375,0.017543859649122806,0.017543859649122806,0.109375,0.7096753287293943
bayes-fix-seed43,dense_circle,2,395,1542568813,success,54,13.5,0.17633744111818517,0,0.0,2,0.7402678510579898,14.11526001713894,15.99310226738453,10.209588046575314,34,2.5185185185185186,15,1.1111111111111112,3,0.2222222222222222,19.024948916070713,1.863439428631247,4,0.2962962962962963,0.10638297872340426,0.06382978723404255,0.14814814814814814,0.7570032506515371
bayes-fix-seed43,dense_circle,2,396,1542568814,success,63,15.75,0.18736892434493524,0,0.0,1,1.3747144963157236,13.767783308313007,15.051646530628204,9.523711232359457,46,2.9206349206349205,19,1.2063492063492063,5,0.31746031746031744,25.57993976451833,2.6859213956008423,9,0.5714285714285714,0.10714285714285714,0.017857142857142856,0.15873015873015872,0.8112953252489722
bayes-fix-seed43,dense_circle,2,397,1542568815,success,52,13.0,0.2822159269236514,0,0.0,0,1.20082730252331,13.640769399129427,15.09265899658203,10.000147215523365,34,2.6153846153846154,18,1.3846153846153846,3,0.23076923076923078,23.324655172846956,2.332431180277004,9,0.6923076923076923,0.06666666666666667,0.06666666666666667,0.07692307692307693,0.7815968772148412
bayes-fix-seed43,dense_circle,2,398,1542568816,success,71,17.75,0.20878657325124172,0,0.0,0,0.9140384638867791,14.076447455396115,15.615047886967659,13.125155473903137,48,2.704225352112676,28,1.5774647887323943,6,0.3380281690140845,36.26363101675291,2.762910587143612,6,0.3380281690140845,0.21875,0.140625,0.2676056338028169,0.5926064398842241
bayes-fix-seed43,dense_circle,2,399,1542568817,success,57,14.25,0.2937761496784468,0,0.0,0,1.1133759856993637,13.783961730568032,15.18748328089714,10.428208138624788,37,2.5964912280701755,16,1.1228070175438596,2,0.14035087719298245,18.538743793318233,1.7777496907309538,6,0.42105263157894735,0.12,0.1,0.15789473684210525,0.7424356605844794
bayes-fix-seed43,dense_circle,2,400,1542568818,success,49,12.25,0.2586215659279446,0,0.0,0,0.9555787874738545,13.655985344429405,15.167704224586487,10.07514189691069,26,2.122448979591837,8,0.6530612244897959,0,0.0,12.799882087858526,1.270441867601221,2,0.16326530612244897,0.0,0.0,0.061224489795918366,0.7727649712017959
bayes-fix-seed43,dense_circle,2,401,1542568819,success,67,16.75,0.24446789512732658,0,0.0,0,1.2464940932311641,13.98800085507222,15.42246825993061,11.355267231199676,57,3.4029850746268657,31,1.8507462686567164,7,0.417910447761194,36.81562654858877,3.2421629362833784,12,0.7164179104477612,0.1,0.1,0.1791044776119403,0.6860885250455624
bayes-fix-seed43,dense_circle,2,402,1542568820,success,67,16.75,0.19842172272452208,0,0.0,1,0.7955609235516033,14.018162584571696,15.46194776892662,11.64056966060354,53,3.1641791044776117,26,1.5522388059701493,8,0.47761194029850745,40.94898111161795,3.517781543819637,12,0.7164179104477612,0.016666666666666666,0.016666666666666666,0.13432835820895522,0.6662818458189929
bayes-fix-seed43,dense_circle,2,403,1542568821,success,49,12.25,0.1857633239112063,0,0.0,1,1.619692936443769,13.619210571050644,15.133959054946898,8.938053417867025,26,2.122448979591837,12,0.9795918367346939,1,0.08163265306122448,14.289030596273715,1.598673662848129,3,0.24489795918367346,0.0,0.0,0.061224489795918366,0.8633267584720483
bayes-fix-seed43,dense_circle,2,404,1542568822,success,63,15.75,0.20771371088595658,0,0.0,0,1.6865768688384908,14.03521527610128,15.715524554252625,11.166846080527925,41,2.6031746031746033,20,1.2698412698412698,5,0.31746031746031744,24.656544586069124,2.2080132929443455,6,0.38095238095238093,0.14285714285714285,0.05357142857142857,0.20634920634920634,0.6953041484095345
bayes-fix-seed43,dense_circle,2,405,1542568823,success,57,14.25,0.24394742786923673,0,0.0,0,0.6444842201411504,13.943873411207868,15.361146628856655,9.44789107232579,38,2.6666666666666665,18,1.263157894736842,6,0.42105263157894735,23.607914095565032,2.498749606112199,7,0.49122807017543857,0.06,0.06,0.14035087719298245,0.8192147509459388
bayes-fix-seed43,dense_circle,2,406,1542568824,success,65,16.25,0.36029129696866,0,0.0,0,1.4665136136394559,13.958661315532831,15.310990065336227,10.142672796959467,45,2.769230769230769,19,1.1692307692307693,7,0.4307692307692308,35.64643415105032,3.514501045694413,8,0.49230769230769234,0.15517241379310345,0.1206896551724138,0.15384615384615385,0.759841604434184
bayes-fix-seed43,dense_circle,2,407,1542568825,success,65,16.25,0.28992132840409957,0,0.0,0,0.8316191545120034,13.871151266189722,15.239305794239044,11.644469746590847,47,2.8923076923076922,24,1.476923076923077,7,0.4307692307692308,34.0069318802991,2.920436277508928,11,0.676923076923077,0.1206896551724138,0.06896551724137931,0.15384615384615385,0.6716058164304269
bayes-fix-seed43,dense_circle,2,408,1542568826,success,65,16.25,0.2358863677922497,0,0.0,0,1.2443999153255432,13.840044748324614,15.187864005565643,11.16092197729501,46,2.830769230769231,23,1.4153846153846155,4,0.24615384615384617,33.06880997892587,2.962910236824406,7,0.4307692307692308,0.13793103448275862,0.06896551724137931,0.2,0.6923862618666934
bayes-fix-seed43,dense_circle,2,409,1542568827,success,54,13.5,0.19557238333093463,0,0.0,1,0.5643806094230702,14.256014178196589,16.644352488219738,10.952406733085919,33,2.4444444444444446,15,1.1111111111111112,1,0.07407407407407407,16.422191580068407,1.49941396263699,7,0.5185185185185185,0.10638297872340426,0.0,0.1111111111111111,0.7103978877287154
bayes-fix-seed43,dense_circle,2,410,1542568828,success,53,13.25,0.20931179293600644,0,0.0,0,0.9822888221159155,13.68882767153236,15.285652875900269,11.50569382951117,31,2.339622641509434,12,0.9056603773584906,4,0.3018867924528302,21.3676178491086,1.8571342298629916,6,0.4528301886792453,0.021739130434782608,0.021739130434782608,0.07547169811320754,0.6742433759022668
bayes-fix-seed43,dense_circle,2,411,1542568829,success,46,11.5,0.49048652437208073,0,0.0,0,1.4855761064094184,13.380154562385187,15.19802212715149,9.712529782237699,24,2.0869565217391304,11,0.9565217391304348,1,0.08695652173913043,13.013919711946816,1.3399104047790626,3,0.2608695652173913,0.02564102564102564,0.02564102564102564,0.06521739130434782,0.7992188166046216
bayes-fix-seed43,dense_circle,2,412,1542568830,success,55,13.75,0.3278152786064391,0,0.0,0,0.8219568942889702,13.738626851276917,15.040108934044838,11.251188785012031,31,2.2545454545454544,14,1.018181818181818,4,0.2909090909090909,18.45916844880472,1.6406416069913081,6,0.43636363636363634,0.16666666666666666,0.041666666666666664,0.16363636363636364,0.6887040829312971
bayes-fix-seed43,dense_circle,2,413,1542568831,success,45,11.25,0.304205169917099,0,0.0,0,0.6706792784970285,13.553683625327217,15.984809398651121,9.872599242782284,25,2.2222222222222223,15,1.3333333333333333,1,0.08888888888888889,15.3736788484925,1.55720681762019,4,0.35555555555555557,0.0,0.0,0.0,0.7898310951543364
bayes-fix-seed43,dense_circle,2,414,1542568832,success,56,14.0,0.23555441907886765,0,0.0,0,0.6676701776994408,13.739750787083592,15.115905553102493,10.524322376303294,33,2.357142857142857,17,1.2142857142857142,1,0.07142857142857142,18.042124472581637,1.714326474187595,10,0.7142857142857143,0.02040816326530612,0.02040816326530612,0.07142857142857142,0.7369940186550689
bayes-fix-seed43,dense_circle,2,415,1542568833,success,50,12.5,0.2514909613951535,0,0.0,0,0.7704226109350435,13.773853182792664,15.26451501995325,10.876979673676356,27,2.16,9,0.72,0,0.0,10.427430889960604,0.9586697045316986,1,0.08,0.0,0.0,0.08,0.7192029378921234
bayes-fix-seed43,dense_circle,2,416,1542568834,success,55,13.75,0.18996584780837167,0,0.0,1,0.7837355224159139,13.946938853372227,15.532207116484642,11.022876674979488,32,2.327272727272727,7,0.509090909090909,2,0.14545454545454545,15.441171179957372,1.4008295325490527,4,0.2909090909090909,0.16666666666666666,0.14583333333333334,0.14545454545454545,0.7053262013948248
bayes-fix-seed43,dense_circle,2,417,1542568835,success,54,13.5,0.2541439409690692,0,0.0,0,1.1926363983924744,13.846414163708687,15.72544854134321,10.382272594931768,33,2.4444444444444446,15,1.1111111111111112,5,0.37037037037037035,25.403795303372597,2.4468434122769773,3,0.2222222222222222,0.14893617021276595,0.14893617021276595,0.12962962962962962,0.7489954634910082
bayes-fix-seed43,dense_circle,2,418,1542568836,success,60,15.0,0.2147217559816076,0,0.0,0,0.6119124833832191,13.97594902664423,15.219060331583023,11.54626928608729,41,2.7333333333333334,22,1.4666666666666666,12,0.8,46.878233796750656,4.060032953954808,10,0.6666666666666666,0.07547169811320754,0.07547169811320754,0.18333333333333332,0.6785723755807306
bayes-fix-seed43,dense_circle,2,419,1542568837,success,64,16.0,0.19653596226927983,0,0.0,1,0.7646111424454538,13.871843460947275,15.481182932853699,12.527809491604122,45,2.8125,22,1.375,6,0.375,30.112760537255944,2.4036732484986216,10,0.625,0.21052631578947367,0.15789473684210525,0.15625,0.6191105565892773
bayes-fix-seed43,dense_circle,2,420,1542568838,success,54,13.5,0.20015873207103996,0,0.0,0,1.1931787916135645,13.757593998754466,15.127920731902122,8.849881670660007,39,2.888888888888889,24,1.7777777777777777,4,0.2962962962962963,22.757045273521932,2.5714519267492935,9,0.6666666666666666,0.0,0.0,0.09259259259259259,0.8704537421553359
bayes-fix-seed43,dense_circle,2,421,1542568839,success,59,14.75,0.237222931767483,0,0.0,0,1.1215010571561619,14.135082204968242,16.180263832211494,9.80175127982771,43,2.9152542372881354,15,1.0169491525423728,7,0.4745762711864407,31.943480017279125,3.258956395171926,9,0.6101694915254238,0.09615384615384616,0.019230769230769232,0.1016949152542373,0.7910576044143167
bayes-fix-seed43,dense_circle,2,422,1542568840,success,52,13.0,0.20107889744363805,0,0.0,0,1.3678152308492066,13.844540127767967,15.556074865162373,9.466060588215043,32,2.4615384615384617,11,0.8461538461538461,1,0.07692307692307693,14.206022382997599,1.5007322476557632,4,0.3076923076923077,0.08888888888888889,0.08888888888888889,0.07692307692307693,0.8185769276773147
bayes-fix-seed43,dense_circle,2,423,1542568841,success,57,14.25,0.1352198846084567,0,0.0,2,0.9773573867663173,13.914477080106735,15.306030213832855,12.053930559437436,35,2.456140350877193,15,1.0526315789473684,0,0.0,16.098194826594778,1.335514150111886,7,0.49122807017543857,0.16,0.06,0.14035087719298245,0.6412980731097249
bayes-fix-seed43,dense_circle,2,424,1542568842,success,57,14.25,0.37658447116425,0,0.0,0,0.9343426638932604,13.666264059250814,14.901753515005112,11.218842693485232,36,2.526315789473684,17,1.1929824561403508,1,0.07017543859649122,14.203537684119164,1.2660430377874128,2,0.14035087719298245,0.1,0.04,0.07017543859649122,0.6923216995968383
bayes-fix-seed43,dense_circle,2,425,1542568843,success,44,11.0,0.3695763033384689,0,0.0,0,1.3772532056935223,13.569628057832068,15.108274668455124,9.923336185147011,18,1.6363636363636365,9,0.8181818181818182,3,0.2727272727272727,10.650690838551283,1.0732973911024961,1,0.09090909090909091,0.0,0.0,0.06818181818181818,0.7835207320677401
bayes-fix-seed43,dense_circle,2,426,1542568844,success,53,13.25,0.30608502095101364,0,0.0,0,0.6708087951960018,13.984758336589021,15.596874058246613,9.563303268829769,39,2.943396226415094,19,1.4339622641509433,4,0.3018867924528302,23.183332361052763,2.4241971324506197,11,0.8301886792452831,0.0,0.0,0.018867924528301886,0.8059257329969329
bayes-fix-seed43,dense_circle,2,427,1542568845,success,58,14.5,0.41380794828237055,0,0.0,0,0.8099975236577954,14.025321487208892,15.428641997277737,11.229662506132925,35,2.413793103448276,15,1.0344827586206897,4,0.27586206896551724,22.373759613187968,1.9923804122313424,5,0.3448275862068966,0.0,0.0,0.034482758620689655,0.6914389408995861
bayes-fix-seed43,dense_circle,2,428,1542568846,success,55,13.75,0.2808643857614306,0,0.0,0,0.6262443532614997,14.35306268659505,16.47953651845455,10.136259312823753,42,3.0545454545454547,15,1.0909090909090908,4,0.2909090909090909,28.879214249213476,2.8490997870069603,7,0.509090909090909,0.0,0.0,0.12727272727272726,0.769945054378076
bayes-fix-seed43,dense_circle,2,429,1542568847,success,62,15.5,0.17996500506222846,0,0.0,2,0.8936292164446423,14.538247378603105,16.09254814684391,12.444484058661825,42,2.7096774193548385,16,1.032258064516129,4,0.25806451612903225,24.2838082428125,1.9513712363117268,5,0.3225806451612903,0.12727272727272726,0.01818181818181818,0.16129032258064516,0.6232314446402266
bayes-fix-seed43,dense_circle,2,430,1542568848,success,62,15.5,0.26055021055575234,0,0.0,0,0.9891508220919953,13.99552293362156,15.49370363354683,10.918267296947514,42,2.7096774193548385,15,0.967741935483871,5,0.3225806451612903,24.212184008813686,2.2175848374387055,7,0.45161290322580644,0.05454545454545454,0.03636363636363636,0.11290322580645161,0.708345892675344
bayes-fix-seed43,dense_circle,2,431,1542568849,success,55,13.75,0.23845637567282663,0,0.0,0,1.2200812580678742,13.756189156662334,14.805013313889503,10.405638141292386,32,2.327272727272727,17,1.2363636363636363,6,0.43636363636363634,23.736141143301268,2.2810846217215492,7,0.509090909090909,0.0,0.0,0.03636363636363636,0.7451937309702057
bayes-fix-seed43,dense_circle,2,432,1542568850,success,57,14.25,0.22463546972768378,0,0.0,0,1.4561100932758375,13.909599367986646,15.308067202568054,10.658716100078967,33,2.3157894736842106,10,0.7017543859649122,5,0.3508771929824561,23.87614123062837,2.240057902513369,9,0.631578947368421,0.12,0.12,0.14035087719298245,0.7327622293677115
bayes-fix-seed43,dense_circle,2,433,1542568851,success,53,13.25,0.2573368885827676,0,0.0,0,0.7721889082959638,13.820838394030085,15.478592365980148,9.713058069229245,29,2.188679245283019,11,0.8301886792452831,6,0.4528301886792453,24.798341700490504,2.5530931168888102,8,0.6037735849056604,0.13043478260869565,0.08695652173913043,0.1509433962264151,0.8001863350801818
bayes-fix-seed43,dense_circle,2,434,1542568852,success,80,20.0,0.2793704038926821,0,0.0,0,1.6616517485764326,14.160515274852514,15.787217952311037,14.077076974419313,56,2.8,21,1.05,7,0.35,38.17109258864553,2.711578025609262,13,0.65,0.3150684931506849,0.2054794520547945,0.275,0.5534846588290409
bayes-fix-seed43,dense_circle,2,435,1542568853,success,83,20.75,0.10015259499732976,0,0.0,8,0.9044929974912502,13.941920126777097,15.290133282542227,16.472816006955576,58,2.7951807228915664,29,1.3975903614457832,12,0.5783132530120482,52.97463370756458,3.2158820741515153,19,0.9156626506024096,0.19736842105263158,0.06578947368421052,0.30120481927710846,0.47130346479988744
bayes-fix-seed43,dense_circle,2,436,1542568854,timeout,101,25.25,0.15862849164558024,0,0.0,4,1.5020200924048597,14.11614847360271,15.307091176509857,16.289494366155136,91,3.603960396039604,49,1.9405940594059405,32,1.2673267326732673,114.19258899901659,7.01019850169664,32,1.2673267326732673,0.5851063829787234,0.4148936170212766,0.504950495049505,0.0
bayes-fix-seed43,dense_circle,2,437,1542568855,success,62,15.5,0.1293609127708948,0,0.0,8,0.4849051088053241,16.421421461047665,16.93338192999363,10.072473032279362,51,3.2903225806451615,24,1.5483870967741935,6,0.3870967741935484,33.30839355084375,3.3068734405244857,13,0.8387096774193549,0.0,0.0,0.03225806451612903,0.7748174835704564
bayes-fix-seed43,dense_circle,2,438,1542568856,success,65,16.25,0.17548825148480907,0,0.0,1,1.0213808229958063,14.305978554945726,15.60189202427864,12.26561079251445,51,3.1384615384615384,34,2.0923076923076924,8,0.49230769230769234,42.40532055107721,3.457253068632885,14,0.8615384615384616,0.15517241379310345,0.15517241379310345,0.1076923076923077,0.6299607333686644
bayes-fix-seed43,dense_circle,2,439,1542568857,success,43,10.75,0.2695007954197298,0,0.0,0,1.0295551158034566,14.171458780765533,16.136765107512474,9.758172297774998,19,1.7674418604651163,8,0.7441860465116279,1,0.09302325581395349,9.255657985712727,0.94850323434268,3,0.27906976744186046,0.0,0.0,0.023255813953488372,0.7927573590924754
bayes-fix-seed43,dense_circle,2,440,1542568858,success,76,19.0,0.2829568041866769,0,0.0,0,0.7405374175209084,13.987371354903045,15.057732351124287,14.16149527881665,54,2.8421052631578947,18,0.9473684210526315,7,0.3684210526315789,42.41395309910625,2.995019400426648,12,0.631578947368421,0.2318840579710145,0.15942028985507245,0.18421052631578946,0.5485735965735542
bayes-fix-seed43,dense_circle,2,441,1542568859,success,59,14.75,0.2210373480514901,0,0.0,0,0.9037128286434996,14.212796243570619,16.677901893854138,10.870650437544946,39,2.6440677966101696,18,1.2203389830508475,3,0.2033898305084746,20.429121988442354,1.8792915939863593,7,0.4745762711864407,0.038461538461538464,0.0,0.0847457627118644,0.71507243901834
bayes-fix-seed43,dense_circle,2,442,1542568860,success,54,13.5,0.2343408501018296,0,0.0,0,0.8385260496674256,14.00459523278254,15.740931779146194,11.28807934785205,29,2.1481481481481484,8,0.5925925925925926,3,0.2222222222222222,16.106587169411274,1.4268669339639355,5,0.37037037037037035,0.1276595744680851,0.06382978723404255,0.16666666666666666,0.6865990923095908
bayes-fix-seed43,dense_circle,2,443,1542568861,success,70,17.5,0.3471432973930898,0,0.0,0,1.242200899202176,14.297584550721306,16.19715839624405,11.88659982671602,50,2.857142857142857,23,1.3142857142857143,13,0.7428571428571429,43.587049006515805,3.666906402329677,6,0.34285714285714286,0.06349206349206349,0.031746031746031744,0.2,0.6543249013744886
bayes-fix-seed43,dense_circle,2,444,1542568862,success,48,12.0,0.19695926625288407,0,0.0,1,0.44417903570592726,13.922480245431265,16.716831736266613,9.822548276349387,23,1.9166666666666667,10,0.8333333333333334,4,0.3333333333333333,20.088639179997966,2.0451555558517485,5,0.4166666666666667,0.0,0.0,0.08333333333333333,0.7855196479286132
bayes-fix-seed43,dense_circle,2,445,1542568863,success,62,15.5,0.15864130803977017,0,0.0,4,0.5458932124544501,13.761685139709904,15.299472399055958,11.618237342537432,37,2.3870967741935485,13,0.8387096774193549,5,0.3225806451612903,26.53017504238507,2.2834939810750035,4,0.25806451612903225,0.16363636363636364,0.05454545454545454,0.20967741935483872,0.6652416119438529
bayes-fix-seed43,dense_circle,2,446,1542568864,success,62,15.5,0.22314368597937329,0,0.0,0,1.2596979506623032,13.805341516290941,15.337445586919785,11.532139307923936,41,2.6451612903225805,26,1.6774193548387097,5,0.3225806451612903,25.19291455771707,2.1845829195287796,3,0.1935483870967742,0.16363636363636364,0.16363636363636364,0.12903225806451613,0.6746401621054374
bayes-fix-seed43,dense_circle,2,447,1542568865,success,48,12.0,0.5718586790415304,0,0.0,0,0.9235610650999083,13.48645550509294,15.362739935517311,9.8397745060391,27,2.25,11,0.9166666666666666,4,0.3333333333333333,17.11890737256801,1.739766227575783,8,0.6666666666666666,0.024390243902439025,0.0,0.08333333333333333,0.7926289429283706
bayes-fix-seed43,dense_circle,2,448,1542568866,success,57,14.25,0.22548555468032327,0,0.0,0,0.9215467880811103,13.736485781376821,15.5448779463768,10.20555157050233,33,2.3157894736842106,16,1.1228070175438596,4,0.2807017543859649,21.07062112415027,2.0646234530872247,4,0.2807017543859649,0.06,0.06,0.08771929824561403,0.7756279756803364
bayes-fix-seed43,dense_circle,2,449,1542568867,success,47,11.75,0.1649105275433379,0,0.0,2,1.4998396835817684,13.648518301705097,15.240024775266647,10.89970811988312,18,1.5319148936170213,6,0.5106382978723404,0,0.0,5.732740111494753,0.5259535437501446,1,0.0851063829787234,0.0,0.0,0.02127659574468085,0.7067957186888111
bayes-fix-seed43,dense_circle,2,450,1542568868,success,51,12.75,0.2583800420822413,0,0.0,0,0.572882699902563,13.714641624805974,15.795279294252396,11.25307427407684,34,2.6666666666666665,14,1.0980392156862746,2,0.1568627450980392,15.26296244822314,1.3563371285466128,6,0.47058823529411764,0.13636363636363635,0.0,0.11764705882352941,0.691954877955154
bayes-fix-seed43,dense_circle,2,451,1542568869,success,50,12.5,0.593062234080736,0,0.0,0,1.0847266016055443,13.66508960723877,15.290208533406258,10.827970967046802,20,1.6,9,0.72,2,0.16,13.226174382245643,1.2214822539234165,2,0.16,0.046511627906976744,0.023255813953488372,0.02,0.7236648281023048
bayes-fix-seed43,dense_circle,2,452,1542568870,success,65,16.25,0.4610091972722884,0,0.0,0,1.166901572907609,13.821338289059126,15.159665048122406,11.671701275204445,46,2.830769230769231,21,1.2923076923076924,4,0.24615384615384617,28.1749963268773,2.413957970868628,7,0.4307692307692308,0.13793103448275862,0.017241379310344827,0.16923076923076924,0.6670183762017435
bayes-fix-seed43,dense_circle,2,453,1542568871,success,63,15.75,0.23765214707098614,0,0.0,0,0.7335244224497137,13.78727899420829,15.415606275200844,11.141570298821813,50,3.1746031746031744,26,1.6507936507936507,4,0.25396825396825395,31.299986238690728,2.809297558531817,16,1.0158730158730158,0.03571428571428571,0.03571428571428571,0.14285714285714285,0.6937426497853686
bayes-fix-seed43,dense_circle,2,454,1542568872,success,51,12.75,0.24447811004499542,0,0.0,0,0.7831196330839232,13.843819572060715,16.13033004105091,10.302862874293481,31,2.4313725490196076,12,0.9411764705882353,3,0.23529411764705882,21.914000917345398,2.1269817122406525,7,0.5490196078431373,0.0,0.0,0.0196078431372549,0.752627194783926
bayes-fix-seed43,dense_circle,2,455,1542568873,success,44,11.0,0.2601410494150753,0,0.0,0,1.1401008033950915,13.554761609570546,15.29835369437933,9.97894496395267,17,1.5454545454545454,8,0.7272727272727273,2,0.18181818181818182,11.791966856165057,1.1816847270690074,3,0.2727272727272727,0.0,0.0,0.045454545454545456,0.7733596213285857
bayes-fix-seed43,dense_circle,2,456,1542568874,success,61,15.25,0.2309208808739298,0,0.0,0,0.7158019410614271,13.893729533816947,15.719994902610779,11.962998275217956,39,2.557377049180328,14,0.9180327868852459,4,0.26229508196721313,23.3277100216708,1.9499885802036354,6,0.39344262295081966,0.1111111111111111,0.0,0.11475409836065574,0.6588240121104905
bayes-fix-seed43,dense_circle,2,457,1542568875,success,59,14.75,0.36388169097217904,0,0.0,0,1.0442468381249277,13.868583650407144,15.594381839036942,11.418253311007184,43,2.9152542372881354,21,1.423728813559322,4,0.2711864406779661,28.16900454005519,2.4670152056357253,10,0.6779661016949152,0.15384615384615385,0.09615384615384616,0.13559322033898305,0.6762145417020854
bayes-fix-seed43,dense_circle,2,458,1542568876,success,59,14.75,0.19622366774779787,0,0.0,1,0.768132358404678,14.303977080320907,16.713391989469528,11.53735348602378,41,2.7796610169491527,16,1.0847457627118644,2,0.13559322033898305,23.193994699416997,2.010339262597262,7,0.4745762711864407,0.17307692307692307,0.0,0.1694915254237288,0.6827888798452998
bayes-fix-seed43,dense_circle,2,459,1542568877,success,56,14.0,0.26618503435747043,0,0.0,0,0.7481816916210118,13.628007245383092,15.405352227389812,10.459995003778717,35,2.5,17,1.2142857142857142,2,0.14285714285714285,19.615448071414974,1.875282738120698,5,0.35714285714285715,0.0,0.0,0.03571428571428571,0.751651140456264
bayes-fix-seed43,dense_circle,2,460,1542568878,success,66,16.5,0.21621250725387853,0,0.0,0,1.16675914400997,13.8381054116921,15.276964753866196,12.006818102285433,44,2.6666666666666665,22,1.3333333333333333,5,0.30303030303030304,31.500293935613104,2.6235338677794404,3,0.18181818181818182,0.0847457627118644,0.05084745762711865,0.12121212121212122,0.6458786073103431
bayes-fix-seed43,dense_circle,2,461,1542568879,success,59,14.75,0.1793327304048845,0,0.0,2,0.9595190706876341,13.77926962607998,15.234391763806341,12.28062866055869,42,2.847457627118644,17,1.152542372881356,4,0.2711864406779661,29.714098515638348,2.4195909946426593,11,0.7457627118644068,0.17307692307692307,0.07692307692307693,0.15254237288135594,0.636242396315639
bayes-fix-seed43,dense_circle,2,462,1542568880,success,66,16.5,0.3582562132079038,0,0.0,0,1.070578121313166,14.162758478161061,16.44970942288637,10.8392898236947,51,3.090909090909091,25,1.5151515151515151,8,0.48484848484848486,37.34941927800081,3.445744129505139,5,0.30303030303030304,0.11864406779661017,0.0847457627118644,0.13636363636363635,0.7167778785368297
bayes-fix-seed43,dense_circle,2,463,1542568881,success,61,15.25,0.2601139272244941,0,0.0,0,0.7418092913233235,13.726436762047596,15.234626829624176,11.951889859548114,44,2.8852459016393444,21,1.3770491803278688,3,0.19672131147540983,23.765806862411075,1.9884559799072337,7,0.45901639344262296,0.14814814814814814,0.037037037037037035,0.09836065573770492,0.6460544249410162
bayes-fix-seed43,dense_circle,2,464,1542568882,success,52,13.0,0.18874874196581148,0,0.0,2,0.9732899043815901,13.52064970594186,15.359628200531006,11.980743572164286,27,2.076923076923077,11,0.8461538461538461,1,0.07692307692307693,13.410996722694403,1.119379330833282,4,0.3076923076923077,0.08888888888888889,0.0,0.19230769230769232,0.6434436694467205
bayes-fix-seed43,dense_circle,2,465,1542568883,success,48,12.0,0.20578035043891496,0,0.0,0,0.6400020919009537,13.414737768471241,15.004169940948486,9.430378541079293,31,2.5833333333333335,16,1.3333333333333333,2,0.16666666666666666,17.28755258110022,1.8331769510412128,2,0.16666666666666666,0.024390243902439025,0.024390243902439025,0.08333333333333333,0.8228774946976981
bayes-fix-seed43,dense_circle,2,466,1542568884,success,54,13.5,0.15795848951943203,0,0.0,4,0.4217304752412003,13.602484914439696,15.387742966413498,11.225739768342898,36,2.6666666666666665,13,0.9629629629629629,2,0.14814814814814814,17.776511098822656,1.5835491883531128,5,0.37037037037037035,0.02127659574468085,0.0,0.14814814814814814,0.6909724293315633
bayes-fix-seed43,dense_circle,2,467,1542568885,success,51,12.75,0.20296863084333971,0,0.0,0,0.8131798799017728,13.483001028790193,15.029789879918098,8.60558988829021,34,2.6666666666666665,22,1.7254901960784315,3,0.23529411764705882,19.849234611387715,2.306551307818764,4,0.3137254901960784,0.0,0.0,0.0196078431372549,0.9035621961555262
bayes-fix-seed43,dense_circle,2,468,1542568886,success,52,13.0,0.2215669627529402,0,0.0,0,0.6173941242271409,13.613437517331196,14.998588524758816,11.266305645406481,29,2.230769230769231,9,0.6923076923076923,0,0.0,12.007477186500104,1.0657865643291697,4,0.3076923076923077,0.08888888888888889,0.022222222222222223,0.11538461538461539,0.6838273633409403
bayes-fix-seed43,dense_circle,2,469,1542568887,success,46,11.5,0.19154313223574537,0,0.0,1,0.5449149391404259,13.788152567070464,15.465371310710907,9.711944792856817,29,2.5217391304347827,13,1.1304347826086956,3,0.2608695652173913,18.392966082037702,1.8938499419360186,10,0.8695652173913043,0.0,0.0,0.10869565217391304,0.7936053649890482
bayes-fix-seed43,dense_circle,2,470,1542568888,success,47,11.75,0.2302670488250913,0,0.0,0,0.8609933083039748,13.687982838204567,15.517094731330872,10.351183781505227,24,2.0425531914893615,6,0.5106382978723404,1,0.0851063829787234,9.638698590408723,0.9311687236807134,3,0.2553191489361702,0.15,0.0,0.14893617021276595,0.7461763396982157
bayes-fix-seed43,dense_circle,2,471,1542568889,success,49,12.25,0.1530990611185502,0,0.0,2,0.6701128776464568,13.613074561771082,15.591551363468168,10.647991952076111,29,2.36734693877551,8,0.6530612244897959,3,0.24489795918367346,19.943771887989936,1.8730077913048537,5,0.40816326530612246,0.0,0.0,0.08163265306122448,0.7306833532467226
bayes-fix-seed43,dense_circle,2,472,1542568890,success,74,18.5,0.15215503172742406,0,0.0,3,0.8452463389037965,13.924898176982596,15.176818147301674,11.536617828094007,50,2.7027027027027026,22,1.1891891891891893,8,0.43243243243243246,35.554902888379786,3.0819173711203622,9,0.4864864864864865,0.23880597014925373,0.1791044776119403,0.22972972972972974,0.6752167065822323
bayes-fix-seed43,dense_circle,2,473,1542568891,success,73,18.25,0.20874839605065465,0,0.0,0,0.7584944232461184,13.991778333709664,15.513607859611511,11.810341032489333,54,2.958904109589041,19,1.0410958904109588,7,0.3835616438356164,37.33316197966383,3.1610570665964,11,0.6027397260273972,0.12121212121212122,0.09090909090909091,0.136986301369863,0.6647715304114069
bayes-fix-seed43,dense_circle,2,474,1542568892,success,59,14.75,0.21909041911788107,0,0.0,0,1.7449297732381717,13.63189310087996,14.900859817862509,11.41835970798994,38,2.5762711864406778,17,1.152542372881356,1,0.06779661016949153,18.06841914933352,1.5824005909264036,6,0.4067796610169492,0.17307692307692307,0.17307692307692307,0.1016949152542373,0.6762089103236978
bayes-fix-seed43,dense_circle,2,475,1542568893,success,47,11.75,0.20951031436709244,0,0.0,0,0.6776484713030644,13.585414182632528,15.55815190076828,10.439410250907342,29,2.4680851063829787,17,1.446808510638298,1,0.0851063829787234,15.092543423451817,1.4457275900369992,2,0.1702127659574468,0.0,0.0,0.0425531914893617,0.7522287645972585
bayes-fix-seed43,dense_circle,2,476,1542568894,success,58,14.5,0.02566423148425212,0,0.0,3,0.9182827004195958,13.799349616827636,15.458430722355843,11.786422266377787,33,2.2758620689655173,6,0.41379310344827586,3,0.20689655172413793,22.47221700102126,1.9066190310460887,8,0.5517241379310345,0.1568627450980392,0.11764705882352941,0.15517241379310345,0.662867778116664
bayes-fix-seed43,dense_circle,2,477,1542568895,success,49,12.25,0.26732670515613943,0,0.0,0,0.657134152503022,13.551698503445605,15.494595468044281,10.449941451822063,29,2.36734693877551,12,0.9795918367346939,0,0.0,9.846545949115379,0.9422584800605294,2,0.16326530612244897,0.0,0.0,0.02040816326530612,0.7430311993112284
bayes-fix-seed43,dense_circle,2,478,1542568896,success,54,13.5,0.2970882708820147,0,0.0,0,0.6562557145846147,13.727261512367814,15.379046648740768,10.154311469431919,41,3.037037037037037,21,1.5555555555555556,2,0.14814814814814814,24.11308677789968,2.3746648751605295,10,0.7407407407407407,0.0,0.0,0.05555555555555555,0.7670653192569328
bayes-fix-seed43,dense_circle,2,479,1542568897,success,50,12.5,0.23243380137462344,0,0.0,0,0.8547820432341333,13.602963984012604,15.777287818491459,10.220981654973956,31,2.48,13,1.04,3,0.24,20.925093693605707,2.0472684914195773,6,0.48,0.046511627906976744,0.023255813953488372,0.12,0.7587515162888143
bayes-fix-seed43,dense_circle,2,480,1542568898,success,67,16.75,0.2890424215268802,0,0.0,0,0.69714536387888,14.00481531424309,15.694041922688484,10.99213941693273,52,3.1044776119402986,27,1.6119402985074627,11,0.6567164179104478,50.654403288111666,4.608238793813114,20,1.1940298507462686,0.03333333333333333,0.03333333333333333,0.13432835820895522,0.711461248679206
bayes-fix-seed43,dense_circle,2,481,1542568899,success,46,11.5,0.13527042838569736,0,0.0,2,0.7791584850687058,13.641265261432398,15.660167671740055,9.652715468229626,30,2.608695652173913,19,1.6521739130434783,2,0.17391304347826086,16.8809711953425,1.7488313263665054,4,0.34782608695652173,0.0,0.0,0.021739130434782608,0.8094236722629388
bayes-fix-seed43,dense_circle,2,482,1542568900,success,57,14.25,0.21542980735423767,0,0.0,0,0.9559944746879093,13.554463195696211,15.438757091760635,10.09625013932758,36,2.526315789473684,18,1.263157894736842,3,0.21052631578947367,19.301958733113036,1.911794821517622,5,0.3508771929824561,0.02,0.02,0.05263157894736842,0.7715286335667411
bayes-fix-seed43,dense_circle,2,483,1542568901,success,71,17.75,0.1909804164877793,0,0.0,1,1.1893496637139704,14.213334769010544,15.97842387855053,11.95293763306291,42,2.3661971830985915,20,1.1267605633802817,4,0.22535211267605634,24.109220160040675,2.017012127073464,8,0.4507042253521127,0.21875,0.1875,0.22535211267605634,0.6475564084178327
bayes-fix-seed43,dense_circle,2,484,1542568902,success,51,12.75,0.2154705626424136,0,0.0,0,0.8714596422539167,14.120108502752641,17.229977995157242,10.426212006111564,28,2.196078431372549,17,1.3333333333333333,6,0.47058823529411764,25.066029632478095,2.4041358086508375,4,0.3137254901960784,0.09090909090909091,0.09090909090909091,0.13725490196078433,0.7480432000543693
bayes-fix-seed43,dense_circle,2,485,1542568903,success,52,13.0,0.18320196426062185,0,0.0,1,0.6142252542886464,13.758122849349792,15.318292193114758,9.504100989809379,41,3.1538461538461537,18,1.3846153846153846,7,0.5384615384615384,29.594762529239063,3.1138939454632877,9,0.6923076923076923,0.0,0.0,0.07692307692307693,0.8110390369595155
bayes-fix-seed43,dense_circle,2,486,1542568904,success,54,13.5,0.22450736087557566,0,0.0,0,0.9796827621108877,13.808037809751651,15.339374728500843,10.935801284550601,33,2.4444444444444446,14,1.037037037037037,0,0.0,13.42080436988904,1.22723557430118,4,0.2962962962962963,0.0,0.0,0.05555555555555555,0.7191737347895025
bayes-fix-seed43,dense_circle,2,487,1542568905,success,48,12.0,0.44305978468779605,0,0.0,0,0.8131396413552773,13.736497145146132,15.793638490140438,10.781543290310582,25,2.0833333333333335,12,1.0,1,0.08333333333333333,11.218294013398223,1.0405091099972812,4,0.3333333333333333,0.0,0.0,0.10416666666666667,0.7214216292865272
bayes-fix-seed43,dense_circle,2,488,1542568906,success,53,13.25,0.23044975998365957,0,0.0,0,0.5389898325180811,14.124526659835059,15.369043499231339,10.035587339607929,32,2.4150943396226414,13,0.9811320754716981,2,0.1509433962264151,17.127650671099108,1.706691406441215,8,0.6037735849056604,0.0,0.0,0.03773584905660377,0.7778503211889156
bayes-fix-seed43,dense_circle,2,489,1542568907,success,50,12.5,0.20577752166599517,0,0.0,0,0.9233123489130713,13.795472607016563,15.865595825016499,9.657209613314906,33,2.64,17,1.36,4,0.32,22.293335283941254,2.3084655067654585,7,0.56,0.0,0.0,0.02,0.8110076747779044
bayes-fix-seed43,dense_circle,2,490,1542568908,timeout,101,25.25,0.20047347825384487,0,0.0,0,0.6428978052607781,14.75037785597367,16.858499497175217,15.994027540490102,92,3.6435643564356437,66,2.613861386138614,45,1.7821782178217822,153.33051056751384,9.586735434795642,12,0.4752475247524752,0.32978723404255317,0.32978723404255317,0.24752475247524752,0.4662867258833188
bayes-fix-seed43,dense_circle,2,491,1542568909,success,56,14.0,0.1496673432560025,0,0.0,3,0.6359467692322023,14.09988444564598,15.86410216987133,9.602806727200988,45,3.2142857142857144,20,1.4285714285714286,5,0.35714285714285715,33.70326457845455,3.5097305960544234,8,0.5714285714285714,0.0,0.0,0.07142857142857142,0.8117099415623568
bayes-fix-seed43,dense_circle,2,492,1542568910,success,62,15.5,0.23212117508571295,0,0.0,0,0.7786970596076709,14.063202926228124,15.693213045597076,10.417737515034808,44,2.838709677419355,23,1.4838709677419355,2,0.12903225806451613,23.677407730445335,2.2727974952598164,6,0.3870967741935484,0.2,0.14545454545454545,0.20967741935483872,0.7476539758562752
bayes-fix-seed43,dense_circle,2,493,1542568911,success,65,16.25,0.19233645980879144,0,0.0,1,0.963385148184091,14.339794906286093,16.219906508922577,11.692154639100744,43,2.646153846153846,19,1.1692307692307693,4,0.24615384615384617,27.30959661640897,2.335719759049422,7,0.4307692307692308,0.1206896551724138,0.1206896551724138,0.1076923076923077,0.6642228055538442
bayes-fix-seed43,dense_circle,2,494,1542568912,success,59,14.75,0.21047977681831787,0,0.0,0,1.5881109358368053,14.17133130006871,15.817954391241072,10.337830698563447,42,2.847457627118644,22,1.4915254237288136,1,0.06779661016949153,22.870433243013785,2.212304874192985,6,0.4067796610169492,0.1346153846153846,0.1346153846153846,0.1016949152542373,0.7503702131510493
bayes-fix-seed43,dense_circle,2,495,1542568913,success,59,14.75,0.21488055213259583,0,0.0,0,0.6734604827680359,14.93282218353223,16.757420822978016,11.568527290088397,37,2.5084745762711864,12,0.8135593220338984,5,0.3389830508474576,22.598400999830822,1.9534380161935152,5,0.3389830508474576,0.15384615384615385,0.07692307692307693,0.15254237288135594,0.6720613798746187
bayes-fix-seed43,dense_circle,2,496,1542568914,success,64,16.0,0.21844976255608695,0,0.0,0,0.9967992041011445,14.107408409472555,15.934826247394085,11.452635698364976,44,2.75,16,1.0,4,0.25,30.759485843316103,2.685799727979425,9,0.5625,0.07017543859649122,0.017543859649122806,0.203125,0.6752385160407697
bayes-fix-seed43,dense_circle,2,497,1542568915,success,68,17.0,0.2299935086321513,0,0.0,0,0.8662073788872173,14.01258643497439,15.275545977056026,13.61107796738428,46,2.7058823529411766,30,1.7647058823529411,11,0.6470588235294118,43.65867020628707,3.2075835808820377,6,0.35294117647058826,0.21311475409836064,0.13114754098360656,0.23529411764705882,0.5689053595946002
bayes-fix-seed43,dense_circle,2,498,1542568916,success,65,16.25,0.2616153125626429,0,0.0,0,0.9130671581954394,13.842597947670864,15.28622955083847,10.415603264869013,43,2.646153846153846,16,0.9846153846153847,4,0.24615384615384617,31.497190435336872,3.0240389955687297,11,0.676923076923077,0.0,0.0,0.12307692307692308,0.7452420457054477
bayes-fix-seed43,dense_circle,2,499,1542568917,success,49,12.25,0.456843460583079,0,0.0,0,0.8235591961466311,13.737299992721908,15.63868448138237,10.556385564120088,23,1.8775510204081634,9,0.7346938775510204,3,0.24489795918367346,16.55453155381285,1.5682007305682122,6,0.4897959183673469,0.07142857142857142,0.0,0.12244897959183673,0.7361286147849093
bayes-fix-seed43,dense_square,3,0,1543568421,collision,22,5.5,0.011098200587812412,0,0.0,5,0.6188251300498183,12.918236072767865,14.54226840287447,3.076970684510329,19,3.4545454545454546,6,1.0909090909090908,2,0.36363636363636365,15.414968229725373,5.009787160899949,5,0.9090909090909091,0.13333333333333333,0.06666666666666667,0.18181818181818182,0.40648101011406124
bayes-fix-seed43,dense_square,3,1,1543568422,success,94,23.5,0.16225934617337023,0,0.0,3,0.9926373021101259,14.155289633794034,15.561670623719692,16.634020225172552,74,3.148936170212766,32,1.3617021276595744,20,0.851063829787234,82.54380827057777,4.9623486777816215,26,1.1063829787234043,0.26436781609195403,0.2413793103448276,0.22340425531914893,0.46638866852049005
bayes-fix-seed43,dense_square,3,2,1543568423,success,84,21.0,0.1636035206886145,0,0.0,1,0.6930434983034962,14.092758076176757,15.840350463986397,13.376224797923498,73,3.4761904761904763,32,1.5238095238095237,17,0.8095238095238095,64.41669944327613,4.815760830610149,23,1.0952380952380953,0.16883116883116883,0.1038961038961039,0.21428571428571427,0.5834044585749816
bayes-fix-seed43,dense_square,3,3,1543568424,timeout,101,25.25,0.2606183637147893,0,0.0,0,1.4361725480804026,14.436215236045346,15.739090740680695,17.952655504647854,82,3.2475247524752477,49,1.9405940594059405,26,1.0297029702970297,99.91829176730472,5.565655272638433,27,1.0693069306930694,0.5319148936170213,0.2978723404255319,0.44554455445544555,0.0
bayes-fix-seed43,dense_square,3,4,1543568425,success,58,14.5,0.15332489810392047,0,0.0,2,0.5415348338264447,13.719919426687833,15.225382149219513,10.935107747797671,42,2.896551724137931,16,1.103448275862069,4,0.27586206896551724,25.672985492796794,2.3477578899912834,10,0.6896551724137931,0.21568627450980393,0.21568627450980393,0.10344827586206896,0.7150886360846213
bayes-fix-seed43,dense_square,3,5,1543568426,success,57,14.25,0.15668655384594765,0,0.0,2,0.9695324725483182,13.738144450543219,15.803602337837217,11.502948694784061,33,2.3157894736842106,13,0.9122807017543859,2,0.14035087719298245,18.184265277794893,1.5808351197845847,4,0.2807017543859649,0.16,0.08,0.14035087719298245,0.6841679253417667
bayes-fix-seed43,dense_square,3,6,1543568427,success,68,17.0,0.23099474381448049,0,0.0,0,0.5923128951859596,13.91097333501367,15.307272039353848,12.465302557507671,46,2.7058823529411766,21,1.2352941176470589,9,0.5294117647058824,37.05553859245575,2.9726946796119065,14,0.8235294117647058,0.16393442622950818,0.06557377049180328,0.19117647058823528,0.6217838253751942
bayes-fix-seed43,dense_square,3,7,1543568428,timeout,101,25.25,0.18786721286263897,0,0.0,1,0.6562048609069804,14.09405779720533,15.696510672569275,18.29618415707058,86,3.405940594059406,52,2.0594059405940595,35,1.386138613861386,112.21969210437337,6.13350254572104,37,1.4653465346534653,0.2765957446808511,0.24468085106382978,0.33663366336633666,0.3485764360353537
bayes-fix-seed43,dense_square,3,8,1543568429,success,64,16.0,0.19799758006992207,0,0.0,1,0.780410878564689,13.894775824155658,15.253043361008167,12.437938355502329,46,2.875,21,1.3125,1,0.0625,22.622319406694647,1.8188158487444925,4,0.25,0.17543859649122806,0.14035087719298245,0.125,0.6241327422687735
bayes-fix-seed43,dense_square,3,9,1543568430,success,62,15.5,0.26368019469269843,0,0.0,0,1.128625970362968,14.035649116962187,15.61818178743124,13.44756055017799,29,1.8709677419354838,14,0.9032258064516129,1,0.06451612903225806,11.515232154973788,0.856306399365599,4,0.25806451612903225,0.16363636363636364,0.0,0.1774193548387097,0.5749752454321918
bayes-fix-seed43,dense_square,3,10,1543568431,success,79,19.75,0.15560712419502987,0,0.0,5,0.6773990537477841,13.887039798347256,15.487809106707573,15.15852311948158,63,3.189873417721519,37,1.8734177215189873,13,0.6582278481012658,58.46944117812749,3.857199063342995,15,0.759493670886076,0.25,0.2222222222222222,0.24050632911392406,0.5080593598098685
bayes-fix-seed43,dense_square,3,11,1543568432,success,99,24.75,0.18369767397696146,0,0.0,2,0.6306375926790273,14.063966357045704,15.401843562722206,14.140656381754935,89,3.595959595959596,51,2.0606060606060606,26,1.0505050505050506,97.29872581477619,6.880778599522187,30,1.2121212121212122,0.11956521739130435,0.11956521739130435,0.1919191919191919,0.550205304876971
bayes-fix-seed43,dense_square,3,12,1543568433,success,57,14.25,0.1997398755772063,0,0.0,1,0.6021837749745305,14.217867859100041,15.656723827123642,10.981772091946867,44,3.087719298245614,25,1.7543859649122806,2,0.14035087719298245,26.222764420293373,2.3878445300757063,5,0.3508771929824561,0.0,0.0,0.08771929824561403,0.705513411318935
bayes-fix-seed43,dense_square,3,13,1543568434,success,71,17.75,0.4043346512926488,0,0.0,0,0.9803954962605633,13.990745158262655,15.682229772210121,13.343400271809978,54,3.0422535211267605,30,1.6901408450704225,9,0.5070422535211268,48.58657375452633,3.641243818277195,22,1.2394366197183098,0.3125,0.203125,0.18309859154929578,0.5795182282087852
bayes-fix-seed43,dense_square,3,14,1543568435,timeout,101,25.25,0.1807711492072781,0,0.0,3,0.4620435653081187,14.132075454338942,15.062328428030014,15.479725255946796,87,3.4455445544554455,55,2.1782178217821784,53,2.099009900990099,144.09486283645563,9.308618883988213,51,2.01980198019802,0.5,0.48936170212765956,0.39603960396039606,0.15585341575092967
bayes-fix-seed43,dense_square,3,15,1543568436,success,60,15.0,0.2685767851190498,0,0.0,0,0.9454639727102897,13.752681016921997,15.393900871276855,12.623360370950262,39,2.6,19,1.2666666666666666,2,0.13333333333333333,22.903181961835944,1.8143490551487629,13,0.8666666666666667,0.11320754716981132,0.07547169811320754,0.16666666666666666,0.6113079000774949
bayes-fix-seed43,dense_square,3,16,1543568437,timeout,101,25.25,0.20683001781973487,0,0.0,0,1.6180601206355751,14.119748948234143,15.580154955387115,18.999683009830857,87,3.4455445544554455,45,1.7821782178217822,27,1.0693069306930694,106.44212348105627,5.602310492547732,36,1.4257425742574257,0.6702127659574468,0.5638297872340425,0.48514851485148514,0.0
bayes-fix-seed43,dense_square,3,17,1543568438,timeout,101,25.25,0.2666267029663528,0,0.0,0,0.5968764095259329,14.225276500576793,15.865013003349304,14.919465308976582,94,3.722772277227723,68,2.6930693069306932,63,2.495049504950495,193.29753286799593,12.956063026715492,5,0.19801980198019803,0.5319148936170213,0.46808510638297873,0.3564356435643564,0.33131307287896766
bayes-fix-seed43,dense_square,3,18,1543568439,timeout,101,25.25,0.17331601274385888,0,0.0,2,0.46495768800942544,14.217111549460062,15.633054077625275,11.820992595030445,96,3.801980198019802,65,2.5742574257425743,59,2.3366336633663365,175.9582910475828,14.885238243153609,66,2.613861386138614,0.6170212765957447,0.6170212765957447,0.3465346534653465,0.16049958518702154
bayes-fix-seed43,dense_square,3,19,1543568440,success,56,14.0,0.20165680171350786,0,0.0,0,0.7379436642863808,14.150568350617375,15.92418272048235,10.694330422386926,38,2.7142857142857144,14,1.0,3,0.21428571428571427,22.939053947515863,2.1449733682715193,9,0.6428571428571429,0.16326530612244897,0.16326530612244897,0.14285714285714285,0.726801618747975
bayes-fix-seed43,dense_square,3,20,1543568441,success,54,13.5,0.19553850830865582,0,0.0,1,0.5612256680184387,13.847609223039061,15.549999475479122,11.20093969466697,38,2.814814814814815,18,1.3333333333333333,4,0.2962962962962963,22.601413298578436,2.0178140329904197,9,0.6666666666666666,0.02127659574468085,0.02127659574468085,0.12962962962962962,0.6939000228382851
bayes-fix-seed43,dense_square,3,21,1543568442,timeout,101,25.25,0.10862494086316365,0,0.0,10,1.2908547214972403,14.24287152614924,15.643462538719177,16.96373694585648,83,3.287128712871287,37,1.4653465346534653,21,0.8316831683168316,81.68437300124376,4.81523459494553,30,1.188118811881188,0.648936170212766,0.2872340425531915,0.49504950495049505,0.0
bayes-fix-seed43,dense_square,3,22,1543568443,timeout,101,25.25,0.18820083688825096,0,0.0,3,0.7051888403281719,14.276689047565554,15.6126469373703,15.187533001664086,92,3.6435643564356437,62,2.4554455445544554,57,2.257425742574257,157.52666938705858,10.37210384134135,57,2.257425742574257,0.6808510638297872,0.48936170212765956,0.44554455445544555,0.0
bayes-fix-seed43,dense_square,3,23,1543568444,timeout,101,25.25,0.20277953643421465,0,0.0,0,0.8328317919375925,14.523761291610132,15.971459448337555,16.757391528190574,90,3.5643564356435644,61,2.4158415841584158,67,2.6534653465346536,187.33046929316913,11.178975497351566,69,2.732673267326733,0.6914893617021277,0.5425531914893617,0.4158415841584158,0.0
bayes-fix-seed43,dense_square,3,24,1543568445,timeout,101,25.25,0.19763378891241012,0,0.0,2,0.5769420835379947,14.508728564965843,15.904117375612259,13.212655593243376,88,3.485148514851485,51,2.01980198019802,35,1.386138613861386,110.43899177366355,8.358576441676062,34,1.3465346534653466,0.44680851063829785,0.30851063829787234,0.25742574257425743,0.33183917370578886
bayes-fix-seed43,dense_square,3,25,1543568446,timeout,101,25.25,0.205752609359392,0,0.0,0,0.5062211535352202,14.276274802661177,15.87008312344551,9.647013905144822,84,3.3267326732673266,27,1.0693069306930694,15,0.594059405940594,64.92815093893718,6.730388447383757,26,1.0297029702970297,0.6914893617021277,0.46808510638297873,0.42574257425742573,0.35236966841746087
bayes-fix-seed43,dense_square,3,26,1543568447,timeout,101,25.25,0.1012968193566175,0,0.0,1,0.7210473901993525,14.280696095216392,16.275040805339813,10.425654689482084,92,3.6435643564356437,27,1.0693069306930694,21,0.8316831683168316,78.18302083292002,7.499099400615572,34,1.3465346534653466,0.6063829787234043,0.5212765957446809,0.18811881188118812,0.3154738126940376
bayes-fix-seed43,dense_square,3,27,1543568448,timeout,101,25.25,0.202867209695332,0,0.0,0,0.4742904368543483,15.63395851171843,16.40022173523903,13.450998607577914,92,3.6435643564356437,50,1.9801980198019802,29,1.1485148514851484,107.94578456513791,8.025113057726754,32,1.2673267326732673,0.22340425531914893,0.2127659574468085,0.2376237623762376,0.3916815245034693
bayes-fix-seed43,dense_square,3,28,1543568449,success,68,17.0,0.2650757159688014,0,0.0,0,0.889581805187069,14.169673271038953,16.20379611849785,11.466163116935903,55,3.235294117647059,32,1.8823529411764706,11,0.6470588235294118,54.076055854244174,4.716142209277666,20,1.1764705882352942,0.14754098360655737,0.14754098360655737,0.14705882352941177,0.6847061416255807
bayes-fix-seed43,dense_square,3,29,1543568450,timeout,101,25.25,0.20533213612362888,0,0.0,0,1.3245170988457144,14.352617250515683,16.015950590372086,16.054432576751573,86,3.405940594059406,40,1.5841584158415842,31,1.2277227722772277,109.80506046498488,6.839547890592758,28,1.108910891089109,0.7127659574468085,0.5425531914893617,0.48514851485148514,0.0
bayes-fix-seed43,dense_square,3,30,1543568451,timeout,101,25.25,0.20008879890650433,0,0.0,0,0.47204267242932163,14.679035448496885,16.89128950238228,14.920466026960511,93,3.6831683168316833,70,2.772277227722772,58,2.297029702970297,184.14280004355675,12.341625235486628,55,2.1782178217821784,0.5638297872340425,0.5,0.36633663366336633,0.13860333711134273
bayes-fix-seed43,dense_square,3,31,1543568452,success,68,17.0,0.1699731963490898,0,0.0,5,0.47276076123968525,13.777063063838902,14.97416254132986,13.261528020025096,50,2.9411764705882355,27,1.588235294117647,12,0.7058823529411765,46.34960804846136,3.495042801890762,16,0.9411764705882353,0.2786885245901639,0.2786885245901639,0.19117647058823528,0.5888049025498892
bayes-fix-seed43,dense_square,3,32,1543568453,timeout,101,25.25,0.1815858439001119,0,0.0,1,1.5604505460186813,14.139917079765018,15.727214515209198,17.853268599711292,81,3.207920792079208,43,1.702970297029703,26,1.0297029702970297,99.55168884013078,5.576104357817181,37,1.4653465346534653,0.574468085106383,0.4574468085106383,0.5346534653465347,0.0
bayes-fix-seed43,dense_square,3,33,1543568454,timeout,101,25.25,0.2663523135230699,0,0.0,0,0.6139252767938694,14.060362730876054,15.51416888833046,13.014240852926132,95,3.762376237623762,54,2.1386138613861387,50,1.9801980198019802,157.39661509784887,12.09418335472558,24,0.9504950495049505,0.46808510638297873,0.4574468085106383,0.33663366336633666,0.32814952462554803
bayes-fix-seed43,dense_square,3,34,1543568455,timeout,101,25.25,0.2310659739233869,0,0.0,0,1.346195191154052,14.058826067069969,15.541035681962967,17.86718272864667,90,3.5643564356435644,52,2.0594059405940595,41,1.6237623762376239,122.7744217661827,6.87150423381169,42,1.6633663366336633,0.7446808510638298,0.6276595744680851,0.5544554455445545,0.0
bayes-fix-seed43,dense_square,3,35,1543568456,timeout,101,25.25,0.21072417854755165,0,0.0,0,0.4684517989873742,14.045148387108698,15.397630631923676,14.311582801084944,98,3.881188118811881,58,2.297029702970297,41,1.6237623762376239,151.04099621505648,10.553759029616643,58,2.297029702970297,0.5212765957446809,0.48936170212765956,0.3564356435643564,0.31189364708670086
bayes-fix-seed43,dense_square,3,36,1543568457,timeout,101,25.25,0.18845391211052742,0,0.0,1,0.5506778053149508,14.143027365207672,15.824917703866959,14.501666448869893,97,3.8415841584158414,70,2.772277227722772,78,3.089108910891089,210.14309433812312,14.490961785602197,72,2.8514851485148514,0.6914893617021277,0.6382978723404256,0.33663366336633666,0.013546703302856733
bayes-fix-seed43,dense_square,3,37,1543568458,timeout,101,25.25,0.261781555190177,0,0.0,0,0.6624167555546417,14.18578517761561,15.766121447086334,13.117485367159086,98,3.881188118811881,45,1.7821782178217822,46,1.8217821782178218,139.78624905663003,10.656482179625574,49,1.9405940594059405,0.5106382978723404,0.5106382978723404,0.2871287128712871,0.2566117268946718
bayes-fix-seed43,dense_square,3,38,1543568459,timeout,101,25.25,0.16469623169439906,0,0.0,4,0.6370731970302727,14.233063500706512,15.615757554769516,15.963321194787657,97,3.8415841584158414,53,2.099009900990099,43,1.702970297029703,135.0291887005354,8.45871526688476,43,1.702970297029703,0.5425531914893617,0.46808510638297873,0.39603960396039606,0.09206315174983479
bayes-fix-seed43,dense_square,3,39,1543568460,timeout,101,25.25,0.16791592788490206,0,0.0,5,0.9386683486359297,14.231966679344083,15.588473528623581,16.53726496117649,92,3.6435643564356437,49,1.9405940594059405,42,1.6633663366336633,123.18152975573032,7.448724444151796,30,1.188118811881188,0.8297872340425532,0.7021276595744681,0.48514851485148514,0.0
bayes-fix-seed43,dense_square,3,40,1543568461,success,62,15.5,0.1783617145969717,0,0.0,1,1.1178198974911107,13.969592089133878,15.268898196518421,13.215168864019716,42,2.7096774193548385,26,1.6774193548387097,6,0.3870967741935484,30.380231769032363,2.2988909246363933,11,0.7096774193548387,0.14545454545454545,0.09090909090909091,0.1935483870967742,0.5880027625333081
bayes-fix-seed43,dense_square,3,41,1543568462,timeout,101,25.25,0.1464064955798824,0,0.0,6,0.4572599259044362,14.094859177228248,15.326611697673798,14.611310486350384,92,3.6435643564356437,58,2.297029702970297,49,1.9405940594059405,142.9552578960037,9.783876540680582,37,1.4653465346534653,0.30851063829787234,0.2553191489361702,0.37623762376237624,0.2904603670102301
bayes-fix-seed43,dense_square,3,42,1543568463,success,58,14.5,0.020921427204245058,0,0.0,6,0.36642869770236824,14.037110296816662,16.348357498645782,10.934461965551394,47,3.2413793103448274,26,1.793103448275862,5,0.3448275862068966,33.922420837717,3.102340192374192,9,0.6206896551724138,0.0,0.0,0.05172413793103448,0.7071317990543043
bayes-fix-seed43,dense_square,3,43,1543568464,timeout,101,25.25,0.26746765162201314,0,0.0,0,1.968680187629828,14.070740836386634,15.349842607975006,19.526371615264054,79,3.128712871287129,43,1.702970297029703,23,0.9108910891089109,85.90659354446429,4.399516471217306,27,1.0693069306930694,0.5212765957446809,0.22340425531914893,0.4752475247524752,0.0
bayes-fix-seed43,dense_square,3,44,1543568465,success,72,18.0,0.19568203937089634,0,0.0,2,0.6002341644130768,13.96858785301447,15.674924664199352,13.292763786631342,55,3.0555555555555554,28,1.5555555555555556,5,0.2777777777777778,38.44844088838759,2.8924339216089545,12,0.6666666666666666,0.06153846153846154,0.06153846153846154,0.16666666666666666,0.5833162160082834
bayes-fix-seed43,dense_square,3,45,1543568466,timeout,101,25.25,0.21043410463216516,0,0.0,0,1.578703106194495,14.207538512378637,15.60380682349205,17.43835450421918,80,3.1683168316831685,39,1.5445544554455446,20,0.7920792079207921,85.26680334459813,4.88961291181275,26,1.0297029702970297,0.6276595744680851,0.40425531914893614,0.5148514851485149,0.0
bayes-fix-seed43,dense_square,3,46,1543568467,success,85,21.25,0.17568893801555718,0,0.0,7,0.5407827702533234,14.26446358947193,15.882846713066101,13.905966380678308,72,3.388235294117647,33,1.5529411764705883,13,0.611764705882353,55.28157914636201,3.9753856462053,14,0.6588235294117647,0.038461538461538464,0.01282051282051282,0.1411764705882353,0.5584002122255632
bayes-fix-seed43,dense_square,3,47,1543568468,timeout,101,25.25,0.36044184860334905,0,0.0,0,1.6584454173033016,14.09145887240325,15.651009976863861,16.62731636242143,85,3.366336633663366,49,1.9405940594059405,31,1.2277227722772277,88.59915703685732,5.32853017923541,34,1.3465346534653466,0.723404255319149,0.6063829787234043,0.6138613861386139,0.0
bayes-fix-seed43,dense_square,3,48,1543568469,timeout,101,25.25,0.22064407770198236,0,0.0,0,0.6200832193521809,14.338419984767933,16.26032218337059,10.522744319812412,84,3.3267326732673266,47,1.8613861386138615,25,0.9900990099009901,100.95368453740537,9.593855126492805,33,1.306930693069307,0.574468085106383,0.43617021276595747,0.297029702970297,0.2691138464679845
bayes-fix-seed43,dense_square,3,49,1543568470,success,97,24.25,0.17786805113073356,0,0.0,4,0.8214852253657872,14.178225021694125,15.65425172448158,14.708410268272514,77,3.1752577319587627,44,1.8144329896907216,15,0.6185567010309279,68.66788960990604,4.668613966937639,27,1.1134020618556701,0.24444444444444444,0.18888888888888888,0.17525773195876287,0.5334372023368438
bayes-fix-seed43,dense_square,3,50,1543568471,timeout,101,25.25,0.15575568551207386,0,0.0,3,0.6558951097452262,14.150156611853307,15.647422522306442,15.246979825594368,96,3.801980198019802,60,2.376237623762376,44,1.7425742574257426,132.3579767756782,8.680930800045742,58,2.297029702970297,0.5531914893617021,0.5531914893617021,0.4158415841584158,0.018888141348551712
bayes-fix-seed43,dense_square,3,51,1543568472,success,62,15.5,0.1258720574896286,0,0.0,6,0.5277444011134683,14.146228290853962,15.969502739608288,12.341997771439885,44,2.838709677419355,20,1.2903225806451613,7,0.45161290322580644,33.75497360340419,2.7349683761501886,6,0.3870967741935484,0.05454545454545454,0.05454545454545454,0.14516129032258066,0.6331757378989391
bayes-fix-seed43,dense_square,3,52,1543568473,success,83,20.75,0.20930915540866168,0,0.0,0,0.7823219670531071,13.959351837275976,15.53153246641159,12.959917122024063,65,3.1325301204819276,23,1.108433734939759,8,0.3855421686746988,51.33146290916687,3.9607863557965404,15,0.7228915662650602,0.27631578947368424,0.18421052631578946,0.26506024096385544,0.6078493982831569
bayes-fix-seed43,dense_square,3,53,1543568474,timeout,101,25.25,0.2163911208204471,0,0.0,0,0.4137166649301922,14.175225528750088,15.934005379676819,13.511744311559612,99,3.9207920792079207,56,2.217821782178218,72,2.8514851485148514,221.70374574284335,16.40822536533426,75,2.9702970297029703,0.7127659574468085,0.6914893617021277,0.19801980198019803,0.10709563925590694
bayes-fix-seed43,dense_square,3,54,1543568475,success,84,21.0,0.20726176697160958,0,0.0,0,0.7638365334489977,13.944173763905253,15.294118411839008,13.233464418116665,75,3.5714285714285716,37,1.7619047619047619,23,1.0952380952380953,73.61917314331592,5.563106592294228,9,0.42857142857142855,0.15584415584415584,0.11688311688311688,0.21428571428571427,0.5830532927403497
bayes-fix-seed43,dense_square,3,55,1543568476,success,66,16.5,0.19063229421038064,0,0.0,1,0.8102729562916832,13.899983894644361,15.268174931406975,12.462582417324302,52,3.1515151515151514,29,1.7575757575757576,6,0.36363636363636365,33.11164176887331,2.6568844770763276,18,1.0909090909090908,0.22033898305084745,0.22033898305084745,0.16666666666666666,0.6216653998114603
bayes-fix-seed43,dense_square,3,56,1543568477,timeout,101,25.25,0.16836161823463525,0,0.0,2,0.7013896293201289,14.410815026500437,15.935733914375305,13.735638039098536,86,3.405940594059406,49,1.9405940594059405,33,1.306930693069307,106.95916951633596,7.786982243698936,42,1.6633663366336633,0.4574468085106383,0.35106382978723405,0.37623762376237624,0.27164468378505074
bayes-fix-seed43,dense_square,3,57,1543568478,success,92,23.0,0.1952687150701733,0,0.0,1,0.7043414907524448,14.20818552698778,15.736869163811207,17.27436270505562,65,2.8260869565217392,32,1.391304347826087,14,0.6086956521739131,54.12347842666482,3.133167882993722,14,0.6086956521739131,0.4117647058823529,0.24705882352941178,0.32608695652173914,0.4480482656914647
bayes-fix-seed43,dense_square,3,58,1543568479,success,78,19.5,0.1448456528622324,0,0.0,3,0.8813729270564585,14.251961348912655,15.686155296862125,13.519527382141264,62,3.1794871794871793,37,1.8974358974358974,14,0.717948717948718,49.795994706382,3.6832644587976087,14,0.717948717948718,0.1267605633802817,0.11267605633802817,0.15384615384615385,0.5744939195677853
bayes-fix-seed43,dense_square,3,59,1543568480,success,61,15.25,0.19210282523002997,0,0.0,1,0.7673628595847047,13.949387447267283,15.580937266349792,11.199692838650632,46,3.0163934426229506,29,1.901639344262295,5,0.32786885245901637,34.56406105777733,3.0861615185101536,8,0.5245901639344263,0.16666666666666666,0.14814814814814814,0.18032786885245902,0.6876230670351773
bayes-fix-seed43,dense_square,3,60,1543568481,success,56,14.0,0.1960237084328168,0,0.0,2,0.7599788039807762,13.93512064324958,15.995092689990997,10.067246024066513,40,2.857142857142857,20,1.4285714285714286,9,0.6428571428571429,30.332812750742306,3.013019914108528,8,0.5714285714285714,0.1836734693877551,0.1836734693877551,0.125,0.7653450519799639
bayes-fix-seed43,dense_square,3,61,1543568482,success,88,22.0,0.22964809105953732,0,0.0,0,1.3198440623687602,14.10779238424518,15.700654685497282,17.41890252559077,61,2.772727272727273,32,1.4545454545454546,6,0.2727272727272727,32.49458168257223,1.8654781284201578,10,0.45454545454545453,0.18518518518518517,0.07407407407407407,0.2159090909090909,0.4464512387735111
bayes-fix-seed43,dense_square,3,62,1543568483,success,55,13.75,0.14206789814175302,0,0.0,8,0.46510999810762926,13.463909449902447,15.049605444073677,10.805761044163173,40,2.909090909090909,18,1.309090909090909,4,0.2909090909090909,25.76551049910636,2.3844234935237463,7,0.509090909090909,0.0,0.0,0.09090909090909091,0.7254440975114971
bayes-fix-seed43,dense_square,3,63,1543568484,timeout,101,25.25,0.1910336734596979,0,0.0,27,0.49551583276168015,14.409189029495314,15.600122511386871,14.911469522975539,94,3.722772277227723,72,2.8514851485148514,47,1.8613861386138615,175.51673400306842,11.770585972940687,69,2.732673267326733,0.5957446808510638,0.5212765957446809,0.3465346534653465,0.1698637642777142
bayes-fix-seed43,dense_square,3,64,1543568485,timeout,101,25.25,0.1809711473190001,0,0.0,9,0.5425648359038384,14.16325023268709,15.485204756259918,14.513349217535456,96,3.801980198019802,63,2.495049504950495,64,2.5346534653465347,187.27401432941207,12.90356977720498,68,2.6930693069306932,0.5425531914893617,0.5425531914893617,0.37623762376237624,0.1580763521696938
bayes-fix-seed43,dense_square,3,65,1543568486,success,86,21.5,0.19482081378947735,0,0.0,3,0.36488624458257285,14.707500981383545,16.433398239314556,12.738980352594274,72,3.3488372093023258,38,1.7674418604651163,18,0.8372093023255814,72.5539572632813,5.695428931916502,25,1.1627906976744187,0.17721518987341772,0.1518987341772152,0.18604651162790697,0.6073397713454857
bayes-fix-seed43,dense_square,3,66,1543568487,timeout,101,25.25,0.21304329515168707,0,0.0,0,0.4154600122438996,14.28888815611896,16.043230891227722,12.235602289044461,96,3.801980198019802,46,1.8217821782178218,51,2.01980198019802,158.66961877108574,12.967863373031964,45,1.7821782178217822,0.4787234042553192,0.46808510638297873,0.31683168316831684,0.2831482168991107
bayes-fix-seed43,dense_square,3,67,1543568488,timeout,101,25.25,0.29035857320055514,0,0.0,0,1.7585724525259359,14.434288080671045,16.601424664258957,18.3939710163046,94,3.722772277227723,54,2.1386138613861387,38,1.504950495049505,126.89562803279794,6.898761986757312,45,1.7821782178217822,0.5851063829787234,0.574468085106383,0.5148514851485149,0.0
bayes-fix-seed43,dense_square,3,68,1543568489,success,89,22.25,0.20282436180348817,0,0.0,0,0.9072616571125054,13.857043484288655,15.25314003229141,14.154673981455804,73,3.2808988764044944,42,1.8876404494382022,14,0.6292134831460674,65.91849597158362,4.657012662951063,25,1.1235955056179776,0.25609756097560976,0.25609756097560976,0.19101123595505617,0.5499640198237717
bayes-fix-seed43,dense_square,3,69,1543568490,timeout,101,25.25,0.1829398439539357,0,0.0,2,1.0287287129661487,14.271310466055823,15.730883926153183,13.248812353701638,88,3.485148514851485,42,1.6633663366336633,32,1.2673267326732673,109.68828474549484,8.279103199378365,33,1.306930693069307,0.6063829787234043,0.5319148936170213,0.44554455445544555,0.08197839070326561
bayes-fix-seed43,dense_square,3,70,1543568491,timeout,101,25.25,0.1866664722296285,0,0.0,2,0.3974923115483498,14.41123875060884,15.723060816526413,13.91854747689527,100,3.9603960396039604,68,2.6930693069306932,72,2.8514851485148514,233.0178749649669,16.74153681278708,78,3.089108910891089,0.925531914893617,0.8723404255319149,0.5445544554455446,0.0
bayes-fix-seed43,dense_square,3,71,1543568492,success,56,14.0,0.29380887865980976,0,0.0,0,1.2807198885329871,13.760180012988192,15.351787209510803,10.318243262699763,36,2.5714285714285716,15,1.0714285714285714,3,0.21428571428571427,23.58948529574159,2.2861920091588743,10,0.7142857142857143,0.22448979591836735,0.1836734693877551,0.16071428571428573,0.7545665043152506
bayes-fix-seed43,dense_square,3,72,1543568493,timeout,101,25.25,0.7258857335428236,0,0.0,0,2.2615952547467324,13.923852861222654,15.213608741760254,17.910992018484887,85,3.366336633663366,40,1.5841584158415842,37,1.4653465346534653,118.15581073815441,6.596832303660943,28,1.108910891089109,0.8617021276595744,0.6595744680851063,0.5643564356435643,0.0
bayes-fix-seed43,dense_square,3,73,1543568494,timeout,101,25.25,0.1834224641778307,0,0.0,2,1.7124669964383445,14.08669444741589,15.737254172563553,16.61123842854395,85,3.366336633663366,40,1.5841584158415842,22,0.8712871287128713,87.51539359509847,5.268444852655673,24,0.9504950495049505,0.6595744680851063,0.574468085106383,0.5148514851485149,0.0
bayes-fix-seed43,dense_square,3,74,1543568495,timeout,101,25.25,0.15413758999983973,0,0.0,7,0.5836055943558816,14.055053233215125,15.550099313259125,14.988525019201079,84,3.3267326732673266,51,2.01980198019802,32,1.2673267326732673,100.80991660014979,6.725806339917173,18,0.7128712871287128,0.1595744680851064,0.1595744680851064,0.24752475247524752,0.48857056108170727
bayes-fix-seed43,dense_square,3,75,1543568496,timeout,101,25.25,0.14280725115941673,0,0.0,2,1.561953504147666,14.103560570147959,15.582434833049774,19.432809170779116,79,3.128712871287129,49,1.9405940594059405,18,0.7128712871287128,87.67755589288929,4.5118312603372335,36,1.4257425742574257,0.5851063829787234,0.39361702127659576,0.5247524752475248,0.0
bayes-fix-seed43,dense_square,3,76,1543568497,success,95,23.75,0.22113588085300018,0,0.0,0,0.7044771094260028,14.546103853928415,15.990791842341423,16.21537937491842,71,2.9894736842105263,39,1.6421052631578947,16,0.6736842105263158,67.45078423322948,4.159679688873688,26,1.0947368421052632,0.3181818181818182,0.2727272727272727,0.21052631578947367,0.47637809184605084
bayes-fix-seed43,dense_square,3,77,1543568498,timeout,101,25.25,0.2442014580790074,0,0.0,0,0.6223004915662688,14.379402936095058,16.120046377182007,14.84432346309094,92,3.6435643564356437,52,2.0594059405940595,50,1.9801980198019802,140.41789148755925,9.459366190496693,51,2.01980198019802,0.5425531914893617,0.5319148936170213,0.4158415841584158,0.06440177543482384
bayes-fix-seed43,dense_square,3,78,1543568499,success,66,16.5,0.222767121401648,0,0.0,0,0.6598186130728534,14.160823980064103,15.610327944159508,13.602950879327627,44,2.6666666666666665,26,1.5757575757575757,9,0.5454545454545454,38.488188411423344,2.829399940707994,8,0.48484848484848486,0.22033898305084745,0.22033898305084745,0.18181818181818182,0.5671166017223853
bayes-fix-seed43,dense_square,3,79,1543568500,success,95,23.75,0.20277997260369873,0,0.0,0,0.7643962250210851,14.30396484701257,15.867935121059418,16.846107076606344,78,3.2842105263157895,53,2.231578947368421,18,0.7578947368421053,80.36564976228135,4.770576928950106,47,1.9789473684210526,0.23863636363636365,0.20454545454545456,0.21052631578947367,0.4590770950213067
bayes-fix-seed43,dense_square,3,80,1543568501,success,85,21.25,0.023974894108712896,0,0.0,11,0.6449122668324997,15.538548371371101,16.05585664510727,16.945844027887357,64,3.011764705882353,42,1.9764705882352942,5,0.23529411764705882,41.032450846765975,2.4213872604539426,15,0.7058823529411765,0.2948717948717949,0.15384615384615385,0.2235294117647059,0.45624196087475255
bayes-fix-seed43,dense_square,3,81,1543568502,success,100,25.0,0.21320069150881393,0,0.0,0,0.5933647495870812,14.220938682556152,15.809575282037258,14.571383735897124,89,3.56,50,2.0,20,0.8,90.96636804649253,6.242809172775654,29,1.16,0.13978494623655913,0.0967741935483871,0.18,0.5318147032279775
bayes-fix-seed43,dense_square,3,82,1543568503,success,63,15.75,0.19938840343784847,0,0.0,1,0.5288659572035871,14.121685413614152,15.580488741397858,12.694491397864066,51,3.238095238095238,29,1.8412698412698412,7,0.4444444444444444,36.80892566924355,2.899598299419613,17,1.0793650793650793,0.14285714285714285,0.10714285714285714,0.1746031746031746,0.609658147949498
bayes-fix-seed43,dense_square,3,83,1543568504,timeout,101,25.25,0.17530009387807244,0,0.0,2,0.4310322934809761,14.355933090837874,16.153253614902496,13.944519235492509,96,3.801980198019802,62,2.4554455445544554,61,2.4158415841584158,175.95805591623756,12.618438322948956,21,0.8316831683168316,0.43617021276595747,0.43617021276595747,0.3564356435643564,0.3399579969503966
bayes-fix-seed43,dense_square,3,84,1543568505,success,86,21.5,0.1781479387541679,0,0.0,1,0.908809030545661,14.003282369569291,15.089420601725578,15.234672765936736,72,3.3488372093023258,38,1.7674418604651163,23,1.069767441860465,82.33338905452267,5.404342470591965,20,0.9302325581395349,0.17721518987341772,0.1518987341772152,0.23255813953488372,0.5097941091467927
bayes-fix-seed43,dense_square,3,85,1543568506,timeout,101,25.25,0.23156613788191516,0,0.0,0,0.5120970943708492,14.142307683382883,15.778914093971252,9.628177295210428,90,3.5643564356435644,48,1.900990099009901,26,1.0297029702970297,103.361094120168,10.735271168259995,33,1.306930693069307,0.39361702127659576,0.35106382978723405,0.2376237623762376,0.377986699580777
bayes-fix-seed43,dense_square,3,86,1543568507,timeout,101,25.25,0.22370797818262178,0,0.0,0,1.174553047713148,14.476723009997075,16.016531735658646,17.825871508083278,87,3.4455445544554455,54,2.1386138613861387,24,0.9504950495049505,97.07336683583631,5.445644931964064,31,1.2277227722772277,0.723404255319149,0.6063829787234043,0.49504950495049505,0.0
bayes-fix-seed43,dense_square,3,87,1543568508,success,84,21.0,0.17822730126403863,0,0.0,2,0.8784198982260543,14.078357301297642,15.696993842720985,13.339754448608987,64,3.0476190476190474,30,1.4285714285714286,13,0.6190476190476191,52.326479557581365,3.9225969082989938,16,0.7619047619047619,0.2987012987012987,0.2987012987012987,0.21428571428571427,0.5794548416664006
bayes-fix-seed43,dense_square,3,88,1543568509,timeout,101,25.25,0.21912051686727319,0,0.0,0,0.8842027804667326,14.160905365306553,15.776112675666809,17.30506525358023,90,3.5643564356435644,46,1.8217821782178218,34,1.3465346534653466,112.69618754110256,6.512323755484651,43,1.702970297029703,0.2872340425531915,0.24468085106382978,0.27722772277227725,0.4024820417112389
bayes-fix-seed43,dense_square,3,89,1543568510,timeout,101,25.25,0.17083300464860407,0,0.0,3,1.477617147611629,14.026851088988899,15.418142080307007,19.00558307455419,82,3.2475247524752477,40,1.5841584158415842,26,1.0297029702970297,88.17484048737325,4.63941780378351,31,1.2277227722772277,0.6808510638297872,0.5212765957446809,0.5346534653465347,0.0
bayes-fix-seed43,dense_square,3,90,1543568511,timeout,101,25.25,0.30306770013048223,0,0.0,0,1.3758623215196881,14.143734912175944,15.561383217573166,14.882877194785474,78,3.089108910891089,37,1.4653465346534653,16,0.6336633663366337,69.00270442559005,4.636382033022929,24,0.9504950495049505,0.5425531914893617,0.3723404255319149,0.45544554455445546,0.0
bayes-fix-seed43,dense_square,3,91,1543568512,timeout,101,25.25,0.1521810883422382,0,0.0,3,1.4908892786729162,14.342101161727811,15.53191989660263,16.50318251872842,90,3.5643564356435644,58,2.297029702970297,47,1.8613861386138615,134.14667370252945,8.128533605581522,45,1.7821782178217822,0.5851063829787234,0.5106382978723404,0.4752475247524752,0.0
bayes-fix-seed43,dense_square,3,92,1543568513,success,98,24.5,0.17462765163815763,0,0.0,2,0.7034867866744605,14.105573942770762,15.721707791090012,17.269454202386967,73,2.979591836734694,41,1.6734693877551021,19,0.7755102040816326,69.56413354878363,4.028160515875976,28,1.1428571428571428,0.18681318681318682,0.10989010989010989,0.17346938775510204,0.45155624503425507
bayes-fix-seed43,dense_square,3,93,1543568514,success,60,15.0,0.03550205428714315,0,0.0,10,0.5274489198335096,13.90885654836893,15.816150233149529,11.939713360472657,42,2.8,16,1.0666666666666667,7,0.4666666666666667,33.06127403418603,2.769017398997025,10,0.6666666666666666,0.1320754716981132,0.09433962264150944,0.15,0.6492975341904494
bayes-fix-seed43,dense_square,3,94,1543568515,collision,20,5.0,0.004536266001886835,0,0.0,6,0.4381167577772148,12.497642636299133,14.570747502148151,3.158684028087017,18,3.6,6,1.2,3,0.6,11.423093785590126,3.6164091387476494,3,0.6,0.38461538461538464,0.15384615384615385,0.2,0.2470154346613794
bayes-fix-seed43,dense_square,3,95,1543568516,timeout,101,25.25,0.10657936447953975,0,0.0,6,1.385519897255567,14.134398670774875,15.30025526881218,15.240542584392292,92,3.6435643564356437,38,1.504950495049505,33,1.306930693069307,113.62378296227932,7.455363372603312,28,1.108910891089109,0.6914893617021277,0.48936170212765956,0.45544554455445546,0.0
bayes-fix-seed43,dense_square,3,96,1543568517,timeout,101,25.25,0.23059673355026766,0,0.0,0,0.7075883042931399,14.066509164796017,15.577469021081924,15.34347260507774,85,3.366336633663366,46,1.8217821782178218,34,1.3465346534653466,103.71526559249804,6.759569248891852,31,1.2277227722772277,0.22340425531914893,0.14893617021276595,0.26732673267326734,0.37852698525179834
bayes-fix-seed43,dense_square,3,97,1543568518,success,73,18.25,0.1422583475030833,0,0.0,2,0.7944163183275886,14.08995825746288,16.148143261671066,13.04805677305362,51,2.7945205479452055,28,1.5342465753424657,10,0.547945205479452,44.74514590580278,3.4292574506733335,12,0.6575342465753424,0.10606060606060606,0.07575757575757576,0.1917808219178082,0.5929354301808206
bayes-fix-seed43,dense_square,3,98,1543568519,success,62,15.5,0.18006422847452053,0,0.0,2,0.6446614403494799,13.924893172037217,15.090279281139374,13.892045576492421,44,2.838709677419355,21,1.3548387096774193,1,0.06451612903225806,17.51598917296858,1.2608646492355637,5,0.3225806451612903,0.2,0.10909090909090909,0.20967741935483872,0.557471908973094
bayes-fix-seed43,dense_square,3,99,1543568520,success,66,16.5,0.1988521180070424,0,0.0,1,0.5691462403351099,14.388312952536525,15.934876166284084,11.238609856140327,55,3.3333333333333335,28,1.696969696969697,7,0.42424242424242425,35.19106173369994,3.131264647866831,10,0.6060606060606061,0.0,0.0,0.07575757575757576,0.6879202866823149
bayes-fix-seed43,dense_square,3,100,1543568521,timeout,101,25.25,0.19883855405923634,0,0.0,2,0.38953473747496725,14.763339394980138,16.30578562617302,13.596020846309113,98,3.881188118811881,58,2.297029702970297,67,2.6534653465346536,210.78730768933264,15.503602860873421,17,0.6732673267326733,0.5851063829787234,0.46808510638297873,0.36633663366336633,0.16939873017194285
bayes-fix-seed43,dense_square,3,101,1543568522,success,58,14.5,0.18200319701898782,0,0.0,9,0.6277495398206239,13.553829157146914,15.092013962566853,10.066204729622621,39,2.689655172413793,18,1.2413793103448276,3,0.20689655172413793,23.897447154932042,2.3740275304164165,8,0.5517241379310345,0.19607843137254902,0.1568627450980392,0.15517241379310345,0.76919288705352
bayes-fix-seed43,dense_square,3,102,1543568523,timeout,101,25.25,0.1717684757264254,0,0.0,1,0.5730539575068551,14.137526328610901,16.147557646036148,15.823324501430514,92,3.6435643564356437,55,2.1782178217821784,46,1.8217821782178218,129.15867216648707,8.162549668674899,51,2.01980198019802,0.35106382978723405,0.3191489361702128,0.37623762376237624,0.10843513006243716
bayes-fix-seed43,dense_square,3,103,1543568524,timeout,101,25.25,0.23295664974776464,0,0.0,0,0.7189546582754613,14.68610472165712,16.603000462055206,12.939170220939328,87,3.4455445544554455,57,2.257425742574257,34,1.3465346534653466,114.1881909234674,8.825001060630441,40,1.5841584158415842,0.4148936170212766,0.3617021276595745,0.2376237623762376,0.2587842277470655
bayes-fix-seed43,dense_square,3,104,1543568525,success,73,18.25,0.17962343633923872,0,0.0,1,0.9074962619432091,13.919139051274078,15.339640527963638,13.172115198156952,55,3.0136986301369864,25,1.36986301369863,3,0.1643835616438356,29.64815605872301,2.2508272675045684,13,0.7123287671232876,0.16666666666666666,0.12121212121212122,0.2191780821917808,0.5896193504363598
bayes-fix-seed43,dense_square,3,105,1543568526,success,65,16.25,0.2150544889169942,0,0.0,0,0.6115033066431433,14.4146900337476,16.142569482326508,11.995700003284249,50,3.076923076923077,26,1.6,7,0.4307692307692308,34.11969688514945,2.8443272902630086,15,0.9230769230769231,0.13793103448275862,0.1206896551724138,0.12307692307692308,0.645711639864917
bayes-fix-seed43,dense_square,3,106,1543568527,timeout,101,25.25,0.20983808622480993,0,0.0,0,1.2752927828766119,14.120579983043198,15.431832522153854,16.66671655411426,97,3.8415841584158414,67,2.6534653465346536,29,1.1485148514851484,109.81457971957225,6.588855061104642,39,1.5445544554455446,0.6595744680851063,0.6170212765957447,0.48514851485148514,0.0
bayes-fix-seed43,dense_square,3,107,1543568528,timeout,101,25.25,0.19458218913850878,0,0.0,2,0.4561399273698269,14.261295410371062,15.927374362945557,11.788602481862315,94,3.722772277227723,51,2.01980198019802,30,1.188118811881188,102.38892938704736,8.685417083541559,41,1.6237623762376239,0.32978723404255317,0.32978723404255317,0.297029702970297,0.5140116304406931
bayes-fix-seed43,dense_square,3,108,1543568529,success,81,20.25,0.16983686754391059,0,0.0,1,0.7324147113232243,15.867579130478846,16.16332307457924,12.958054921073991,66,3.259259259259259,43,2.123456790123457,18,0.8888888888888888,64.49819885406409,4.977459907904013,11,0.5432098765432098,0.21621621621621623,0.17567567567567569,0.18518518518518517,0.6022370877976853
bayes-fix-seed43,dense_square,3,109,1543568530,timeout,101,25.25,0.23350625227029964,0,0.0,0,1.7851163693508232,14.3543044012962,15.680022537708282,17.377286962917875,87,3.4455445544554455,26,1.0297029702970297,36,1.4257425742574257,115.19583235932768,6.629103415576259,34,1.3465346534653466,0.6170212765957447,0.3723404255319149,0.5346534653465347,0.0
bayes-fix-seed43,dense_square,3,110,1543568531,timeout,101,25.25,0.18700467297436374,0,0.0,2,1.7589259405275377,14.352568416017117,15.807632356882095,19.067742293583862,83,3.287128712871287,50,1.9801980198019802,22,0.8712871287128713,103.81862368842779,5.444725552188835,34,1.3465346534653466,0.5638297872340425,0.39361702127659576,0.45544554455445546,0.0
bayes-fix-seed43,dense_square,3,111,1543568532,collision,17,4.25,-0.04916028702063602,1,0.25,9,0.13531490333271248,11.950425146257176,13.236851245164871,2.8716664732317514,12,2.823529411764706,7,1.6470588235294117,1,0.23529411764705882,9.210113167936223,3.207236374345114,4,0.9411764705882353,0.0,0.0,0.058823529411764705,0.4441259383163151
bayes-fix-seed43,dense_square,3,112,1543568533,success,57,14.25,0.15131929682960865,0,0.0,5,0.6318097249495563,13.879185901922092,15.620411187410355,11.395792373765362,43,3.017543859649123,18,1.263157894736842,3,0.21052631578947367,23.944284179647887,2.101151319215927,7,0.49122807017543857,0.14,0.08,0.10526315789473684,0.6776337506256385
bayes-fix-seed43,dense_square,3,113,1543568534,timeout,101,25.25,0.1588816344960996,0,0.0,3,0.5605534476318834,14.22877502765986,15.727046877145767,15.767464672235715,90,3.5643564356435644,69,2.732673267326733,41,1.6237623762376239,143.1115762406017,9.076384771776342,32,1.2673267326732673,0.40425531914893614,0.3723404255319149,0.3069306930693069,0.2742479268036575
bayes-fix-seed43,dense_square,3,114,1543568535,timeout,101,25.25,0.20110076361172136,0,0.0,0,2.1879582355889133,14.167858527438476,15.301689505577087,18.18754585280472,82,3.2475247524752477,41,1.6237623762376239,19,0.7524752475247525,80.38255812932796,4.419648411054429,27,1.0693069306930694,0.6170212765957447,0.4574468085106383,0.4752475247524752,0.0
bayes-fix-seed43,dense_square,3,115,1543568536,timeout,101,25.25,0.20801978497363893,0,0.0,0,0.6229239872770936,14.086564910588878,15.475336462259293,14.013141648834265,92,3.6435643564356437,62,2.4554455445544554,55,2.1782178217821784,163.46222789511427,11.664923683170823,52,2.0594059405940595,0.5851063829787234,0.5106382978723404,0.45544554455445546,0.0
bayes-fix-seed43,dense_square,3,116,1543568537,timeout,101,25.25,0.38809458006564146,0,0.0,0,0.7331813525997137,14.236375431318095,15.858408063650131,11.386304265682389,84,3.3267326732673266,41,1.6237623762376239,15,0.594059405940594,78.81552071341217,6.921958071238025,25,0.9900990099009901,0.6276595744680851,0.4148936170212766,0.40594059405940597,0.23544026408578705
bayes-fix-seed43,dense_square,3,117,1543568538,success,71,17.75,0.26797985354548914,0,0.0,0,0.7315098401233366,14.00458445431481,15.235651284456253,14.622110721418963,47,2.647887323943662,17,0.9577464788732394,3,0.16901408450704225,22.46319067313594,1.5362481587717085,2,0.11267605633802817,0.140625,0.09375,0.16901408450704225,0.5284724703801685
bayes-fix-seed43,dense_square,3,118,1543568539,timeout,101,25.25,0.16045844936465026,0,0.0,2,0.6330727468398074,14.420802714210925,15.876911580562592,14.322226584116342,96,3.801980198019802,57,2.257425742574257,34,1.3465346534653466,131.5791810918201,9.187061824433377,26,1.0297029702970297,0.39361702127659576,0.3404255319148936,0.297029702970297,0.3317371571053812
bayes-fix-seed43,dense_square,3,119,1543568540,timeout,101,25.25,0.36626413336493635,0,0.0,0,0.9769916071838562,14.143269730381446,15.352342277765274,12.357685559107003,96,3.801980198019802,50,1.9801980198019802,41,1.6237623762376239,129.99163318828423,10.51909215253392,35,1.386138613861386,0.7127659574468085,0.7021276595744681,0.40594059405940597,0.04262503741894113
bayes-fix-seed43,dense_square,3,120,1543568541,timeout,101,25.25,0.21176553232061213,0,0.0,0,0.7495909248675963,14.489325298236148,16.16058126091957,11.229204769756578,81,3.207920792079208,43,1.702970297029703,20,0.7920792079207921,88.73170640017625,7.901869118920675,24,0.9504950495049505,0.5106382978723404,0.3404255319148936,0.40594059405940597,0.2874399963297414
bayes-fix-seed43,dense_square,3,121,1543568542,timeout,101,25.25,0.21786101067616614,0,0.0,0,0.6151366474892159,14.185167258918876,15.414763242006302,14.02066205810223,91,3.603960396039604,56,2.217821782178218,46,1.8217821782178218,151.11202934532156,10.777809829457894,52,2.0594059405940595,0.44680851063829785,0.3829787234042553,0.25742574257425743,0.33743949664032885
bayes-fix-seed43,dense_square,3,122,1543568543,timeout,101,25.25,0.1880468440191363,0,0.0,2,0.5763542478059921,14.384209667101945,16.092658042907715,12.874879495610934,97,3.8415841584158414,65,2.5742574257425743,46,1.8217821782178218,146.88177167590368,11.408399723350879,59,2.3366336633663365,0.5531914893617021,0.5212765957446809,0.3465346534653465,0.1564218056858553
bayes-fix-seed43,dense_square,3,123,1543568544,collision,7,1.75,-0.02043245235424207,1,0.25,4,0.13829299668373124,11.511224721159254,13.536711037158964,1.1880420785686214,6,3.4285714285714284,3,1.7142857142857142,2,1.1428571428571428,7.045107521636935,5.93001514738016,4,2.2857142857142856,0.0,0.0,0.0,0.6201937803623321
bayes-fix-seed43,dense_square,3,124,1543568545,collision,5,1.25,-0.007183880120492203,2,0.5,3,0.11008536527107222,11.17757335305214,11.730466783046722,0.859079134952372,4,3.2,2,1.6,2,1.6,4.79308627010409,5.579330326035473,2,1.6,0.0,0.0,0.2,0.09135785285245053
bayes-fix-seed43,dense_square,3,125,1543568546,success,56,14.0,0.20670428231152294,0,0.0,0,0.8059600202277275,13.713107244776827,15.2271818369627,10.766119638868338,38,2.7142857142857144,22,1.5714285714285714,1,0.07142857142857142,15.749009814072405,1.4628306523006311,1,0.07142857142857142,0.10204081632653061,0.10204081632653061,0.10714285714285714,0.726942524919778
bayes-fix-seed43,dense_square,3,126,1543568547,timeout,101,25.25,0.18322566787182193,0,0.0,3,0.3329457061012639,14.25899498828567,15.65757766366005,14.617042104007178,99,3.9207920792079207,70,2.772277227722772,61,2.4158415841584158,201.15345876575606,13.761570729184053,66,2.613861386138614,0.7127659574468085,0.6595744680851063,0.45544554455445546,0.027237880666217573
bayes-fix-seed43,dense_square,3,127,1543568548,timeout,101,25.25,0.1918291687964404,0,0.0,2,0.6587453108988132,14.282603296312955,15.78524336218834,14.314153327661193,96,3.801980198019802,58,2.297029702970297,34,1.3465346534653466,122.35461919265302,8.547806942671942,62,2.4554455445544554,0.6276595744680851,0.6063829787234043,0.46534653465346537,0.0
bayes-fix-seed43,dense_square,3,128,1543568549,timeout,101,25.25,0.19180525371356394,0,0.0,3,0.6251043197377019,14.119706088953679,15.27487114071846,13.869328560433457,81,3.207920792079208,42,1.6633663366336633,8,0.31683168316831684,52.55531731948863,3.7893195110698366,21,0.8316831683168316,0.3191489361702128,0.20212765957446807,0.21782178217821782,0.44524339140685487
bayes-fix-seed43,dense_square,3,129,1543568550,success,75,18.75,0.1707267408088431,0,0.0,2,0.7065526342154512,14.056294957796732,15.736639499664307,12.208187822204755,62,3.3066666666666666,32,1.7066666666666668,5,0.26666666666666666,41.981170172889726,3.438771649346076,7,0.37333333333333335,0.14705882352941177,0.14705882352941177,0.14666666666666667,0.63282608847028
bayes-fix-seed43,dense_square,3,130,1543568551,timeout,101,25.25,0.2946887187206563,0,0.0,0,1.0025180950497472,14.417064182534077,15.864163637161255,13.907125198599196,77,3.0495049504950495,38,1.504950495049505,19,0.7524752475247525,75.8359453403602,5.453028160557498,26,1.0297029702970297,0.3723404255319149,0.2127659574468085,0.18811881188118812,0.4946569970131077
bayes-fix-seed43,dense_square,3,131,1543568552,timeout,101,25.25,0.18282255650818735,0,0.0,3,0.4736489816362121,13.990950023773873,15.342947095632553,15.988902385205847,96,3.801980198019802,49,1.9405940594059405,47,1.8613861386138615,144.9360414249429,9.064789935739979,51,2.01980198019802,0.3617021276595745,0.30851063829787234,0.40594059405940597,0.19736798867981756
bayes-fix-seed43,dense_square,3,132,1543568553,timeout,101,25.25,0.20628242982451783,0,0.0,0,0.9613873420048761,14.266645591152777,15.920381993055344,13.803891496113623,88,3.485148514851485,51,2.01980198019802,33,1.306930693069307,114.64479491791393,8.305251816141213,20,0.7920792079207921,0.2127659574468085,0.20212765957446807,0.2376237623762376,0.5357263247936748
bayes-fix-seed43,dense_square,3,133,1543568554,success,65,16.25,0.05558394528653432,0,0.0,8,0.49103391112155753,14.030180470301556,15.864033997058868,11.802566496334657,49,3.0153846153846153,21,1.2923076923076924,9,0.5538461538461539,38.170967261821175,3.2341243130191515,12,0.7384615384615385,0.1724137931034483,0.13793103448275862,0.12307692307692308,0.6611530146594945
bayes-fix-seed43,dense_square,3,134,1543568555,timeout,101,25.25,0.13293666707224938,0,0.0,6,0.606711017804523,14.540526720851954,16.166720539331436,13.769584660051356,98,3.881188118811881,50,1.9801980198019802,55,2.1782178217821784,158.4958256363015,11.510574178474194,60,2.376237623762376,0.648936170212766,0.6382978723404256,0.40594059405940597,0.06519074009967171
bayes-fix-seed43,dense_square,3,135,1543568556,timeout,101,25.25,0.12185859187446269,0,0.0,3,1.226707056494684,15.394308853267443,15.369143337011337,12.886393122580257,91,3.603960396039604,56,2.217821782178218,48,1.900990099009901,147.5634271637182,11.451103948175328,21,0.8316831683168316,0.851063829787234,0.7553191489361702,0.43564356435643564,0.0
bayes-fix-seed43,dense_square,3,136,1543568557,success,73,18.25,0.1777768581668886,0,0.0,6,0.6960005597016596,14.126774944262962,15.69552570581436,15.325017114459632,56,3.0684931506849313,36,1.9726027397260273,7,0.3835616438356164,38.374316173820766,2.504030885395449,11,0.6027397260273972,0.21212121212121213,0.18181818181818182,0.1917808219178082,0.5076317943803895
bayes-fix-seed43,dense_square,3,137,1543568558,timeout,101,25.25,0.24802189939891606,0,0.0,0,0.6816130495878878,14.51137613984618,15.901409089565277,11.856062785162345,97,3.8415841584158414,45,1.7821782178217822,36,1.4257425742574257,124.25100668952369,10.479955187570502,42,1.6633663366336633,0.5531914893617021,0.5212765957446809,0.40594059405940597,0.1258511062101016
bayes-fix-seed43,dense_square,3,138,1543568559,success,54,13.5,0.30296675528820294,0,0.0,0,0.8217283710534043,13.781419920700568,15.19196908921003,10.797043083770014,29,2.1481481481481484,14,1.037037037037037,5,0.37037037037037035,20.696325257654532,1.9168512246436251,5,0.37037037037037035,0.1702127659574468,0.14893617021276595,0.16666666666666666,0.7178738670849447
bayes-fix-seed43,dense_square,3,139,1543568560,timeout,101,25.25,0.22076427114914954,0,0.0,0,0.7173456033837813,14.200380938773108,15.511348843574524,12.065674827478382,97,3.8415841584158414,57,2.257425742574257,33,1.306930693069307,122.00324254183668,10.111597095587754,41,1.6237623762376239,0.4787234042553192,0.40425531914893614,0.33663366336633666,0.2750654275305587
bayes-fix-seed43,dense_square,3,140,1543568561,success,86,21.5,0.18935943949065503,0,0.0,1,0.7885315761245841,14.014482151630313,15.600879676640034,15.521097806774376,70,3.255813953488372,41,1.9069767441860466,15,0.6976744186046512,56.39192153583037,3.6332431016069893,13,0.6046511627906976,0.2911392405063291,0.26582278481012656,0.27906976744186046,0.5034441743959449
bayes-fix-seed43,dense_square,3,141,1543568562,collision,16,4.0,-0.042090955660458285,2,0.5,3,0.2663131941765826,12.12199148721993,13.554535806179047,2.300981075102268,15,3.75,8,2.0,2,0.5,10.550419968962748,4.585183286869854,5,1.25,0.5555555555555556,0.5555555555555556,0.5,0.0
bayes-fix-seed43,dense_square,3,142,1543568563,timeout,101,25.25,0.18909379444183372,0,0.0,28,0.5058196004219189,14.314707184191978,15.698723495006561,13.951632026432288,93,3.6831683168316833,55,2.1782178217821784,45,1.7821782178217822,147.89508800349182,10.600558251772611,43,1.702970297029703,0.4574468085106383,0.39361702127659576,0.39603960396039606,0.3403370565375806
bayes-fix-seed43,dense_square,3,143,1543568564,success,46,11.5,0.20520124104165327,0,0.0,0,0.5480314986144229,13.912555478189303,15.66162146627903,9.716991242651986,36,3.130434782608696,21,1.826086956521739,0,0.0,15.112741566061844,1.5552902321992046,7,0.6086956521739131,0.02564102564102564,0.02564102564102564,0.06521739130434782,0.8069081486557307
bayes-fix-seed43,dense_square,3,144,1543568565,success,85,21.25,0.07586438042738586,0,0.0,10,0.42563169437575454,14.10708602736978,15.706458687782288,13.471841448183765,66,3.1058823529411765,30,1.411764705882353,25,1.1764705882352942,84.94142424089794,6.305108664439448,30,1.411764705882353,0.358974358974359,0.358974358974359,0.17647058823529413,0.5808288023402144
bayes-fix-seed43,dense_square,3,145,1543568566,success,93,23.25,0.13077315873835416,0,0.0,9,0.4386384933196875,14.204687609147,15.74174165725708,17.957834574430933,77,3.3118279569892475,37,1.5913978494623655,15,0.6451612903225806,78.43676250138599,4.367829660991939,36,1.5483870967741935,0.3488372093023256,0.18604651162790697,0.22580645161290322,0.43001358098666415
bayes-fix-seed43,dense_square,3,146,1543568567,timeout,101,25.25,0.19419746332560595,0,0.0,1,1.1400299544012378,14.049443277982203,15.776094049215317,18.253935372181935,85,3.366336633663366,43,1.702970297029703,41,1.6237623762376239,114.20320169319231,6.256360580044134,42,1.6633663366336633,0.5638297872340425,0.4148936170212766,0.504950495049505,0.0
bayes-fix-seed43,dense_square,3,147,1543568568,success,53,13.25,0.18742710896840908,0,0.0,4,0.48031504550612275,13.642127994658813,15.619973093271255,9.95998089298613,35,2.641509433962264,12,0.9056603773584906,3,0.22641509433962265,18.202891886954028,1.8276030930714535,7,0.5283018867924528,0.0,0.0,0.03773584905660377,0.779433951711481
bayes-fix-seed43,dense_square,3,148,1543568569,timeout,101,25.25,0.248475346843279,0,0.0,0,1.381607946015605,14.186742872294813,15.658527612686157,15.535165394951706,93,3.6831683168316833,36,1.4257425742574257,44,1.7425742574257426,133.88556035904858,8.618225616223945,42,1.6633663366336633,0.6382978723404256,0.5531914893617021,0.42574257425742573,0.0
bayes-fix-seed43,dense_square,3,149,1543568570,success,49,12.25,0.3814170535240722,0,0.0,0,1.35015944757311,13.999908022126373,15.679699182510374,11.820176671000832,22,1.7959183673469388,12,0.9795918367346939,1,0.08163265306122448,10.375868950479584,0.877809971820078,2,0.16326530612244897,0.09523809523809523,0.09523809523809523,0.10204081632653061,0.6585495104680811
bayes-fix-seed43,dense_square,3,150,1543568571,timeout,101,25.25,0.18707470121652137,0,0.0,2,0.5478851551156625,14.12002307058561,15.465166419744492,15.02197612361648,90,3.5643564356435644,44,1.7425742574257426,42,1.6633663366336633,123.73593448909854,8.236994485337368,46,1.8217821782178218,0.574468085106383,0.5,0.43564356435643564,0.10652542414659939
bayes-fix-seed43,dense_square,3,151,1543568572,collision,20,5.0,-0.07354331757776023,1,0.25,7,0.25719462201198634,12.207729183137417,13.63212801516056,2.0973795063610283,19,3.8,11,2.2,5,1.0,22.27179033046457,10.618865237749137,9,1.8,0.23076923076923078,0.23076923076923078,0.15,0.5441693796012298
bayes-fix-seed43,dense_square,3,152,1543568573,success,71,17.75,0.05439612047310338,0,0.0,6,0.5378392172496433,13.803480166784475,15.175752341747284,11.859049896538256,58,3.267605633802817,29,1.6338028169014085,4,0.22535211267605634,36.52451406330715,3.079885351858493,13,0.7323943661971831,0.15625,0.140625,0.16901408450704225,0.6505032968115255
bayes-fix-seed43,dense_square,3,153,1543568574,success,60,15.0,0.15689750377921874,0,0.0,5,0.3621192192784717,13.867305715878805,15.77092558145523,13.22384395206235,34,2.2666666666666666,14,0.9333333333333333,2,0.13333333333333333,20.852849128643854,1.576912825365858,5,0.3333333333333333,0.0,0.0,0.08333333333333333,0.5850782795892768
bayes-fix-seed43,dense_square,3,154,1543568575,timeout,101,25.25,0.21675781784958792,0,0.0,0,1.3940069755278408,14.178929352524257,15.657935291528702,16.497814769008603,83,3.287128712871287,47,1.8613861386138615,37,1.4653465346534653,102.3338227746514,6.202871362508388,38,1.504950495049505,0.7446808510638298,0.5638297872340425,0.5247524752475248,0.0
bayes-fix-seed43,dense_square,3,155,1543568576,success,87,21.75,0.17962912152894395,0,0.0,5,0.6149019418062155,14.18014268936782,15.805235505104065,15.054105308748325,70,3.218390804597701,39,1.793103448275862,12,0.5517241379310345,54.559212871054214,3.6242082642632014,20,0.9195402298850575,0.2375,0.1375,0.19540229885057472,0.516585286398965
bayes-fix-seed43,dense_square,3,156,1543568577,success,54,13.5,0.20048351322194335,0,0.0,0,0.6060100080589174,14.095843597142785,15.604676678776741,11.570504957077125,36,2.6666666666666665,19,1.4074074074074074,2,0.14814814814814814,19.758416510939462,1.7076537786584831,2,0.14814814814814814,0.1276595744680851,0.0,0.09259259259259259,0.6802517751185471
bayes-fix-seed43,dense_square,3,157,1543568578,timeout,101,25.25,0.1722316534638979,0,0.0,4,0.5998259771665013,14.385240871717434,16.089335083961487,12.458365168258924,86,3.405940594059406,47,1.8613861386138615,28,1.108910891089109,95.82900947250597,7.691940971248496,28,1.108910891089109,0.648936170212766,0.574468085106383,0.38613861386138615,0.22417835101412228
bayes-fix-seed43,dense_square,3,158,1543568579,timeout,101,25.25,0.35679091610949365,0,0.0,0,1.958427348472662,13.986259514447486,15.612997114658356,18.81020448751906,84,3.3267326732673266,45,1.7821782178217822,22,0.8712871287128713,98.04949133604069,5.21256913507232,38,1.504950495049505,0.6595744680851063,0.4574468085106383,0.45544554455445546,0.0
bayes-fix-seed43,dense_square,3,159,1543568580,timeout,101,25.25,0.18268031865611178,0,0.0,2,0.9635557571546204,14.068658067153232,15.282552689313889,15.937902467416816,82,3.2475247524752477,47,1.8613861386138615,28,1.108910891089109,92.12849817894678,5.780465677167542,28,1.108910891089109,0.648936170212766,0.48936170212765956,0.5247524752475248,0.0
bayes-fix-seed43,dense_square,3,160,1543568581,timeout,101,25.25,0.24262266303108337,0,0.0,0,0.8311010166170172,14.222869151594615,15.68039134144783,14.530259201197714,94,3.722772277227723,50,1.9801980198019802,63,2.495049504950495,199.69351224060625,13.743286301743725,11,0.43564356435643564,0.5531914893617021,0.35106382978723405,0.36633663366336633,0.3419199335676287
bayes-fix-seed43,dense_square,3,161,1543568582,success,69,17.25,0.1917624764009599,0,0.0,1,0.8363529421838188,13.746375137049219,15.132083743810654,12.330729755648193,54,3.130434782608696,26,1.5072463768115942,8,0.463768115942029,36.47670768932159,2.958195371414505,17,0.9855072463768116,0.16129032258064516,0.14516129032258066,0.15942028985507245,0.6261787364646403
bayes-fix-seed43,dense_square,3,162,1543568583,success,63,15.75,0.24450762879587817,0,0.0,0,0.9232320871178681,13.65911215543747,15.251722559332848,12.27274532191554,37,2.3492063492063493,15,0.9523809523809523,0,0.0,13.76709106945911,1.1217613262841122,8,0.5079365079365079,0.16071428571428573,0.08928571428571429,0.1746031746031746,0.6392108576082436
bayes-fix-seed43,dense_square,3,163,1543568584,timeout,101,25.25,0.14126808577908834,0,0.0,5,0.7120519321426844,14.329085698222169,15.655748546123505,18.072536786109826,83,3.287128712871287,58,2.297029702970297,32,1.2673267326732673,107.90881236897536,5.9708724705383815,42,1.6633663366336633,0.30851063829787234,0.23404255319148937,0.31683168316831684,0.38214869778718963
bayes-fix-seed43,dense_square,3,164,1543568585,timeout,101,25.25,0.20446016769001696,0,0.0,0,1.594114614892499,14.420909456687399,16.012489795684814,16.484185051742486,84,3.3267326732673266,41,1.6237623762376239,38,1.504950495049505,117.41927322705224,7.123146995649643,44,1.7425742574257426,0.7021276595744681,0.5212765957446809,0.5445544554455446,0.0
bayes-fix-seed43,dense_square,3,165,1543568586,success,61,15.25,0.15559970875027718,0,0.0,3,0.5772277331622797,13.864283495750584,15.641521662473679,12.333431321939807,51,3.3442622950819674,24,1.5737704918032787,4,0.26229508196721313,28.457833091630235,2.3073735401604663,11,0.7213114754098361,0.2037037037037037,0.09259259259259259,0.18032786885245902,0.6272170409009016
bayes-fix-seed43,dense_square,3,166,1543568587,success,68,17.0,0.15661958656995356,0,0.0,6,0.6539715435132225,13.684961780467454,15.067078731954098,13.20496813825145,49,2.8823529411764706,21,1.2352941176470589,5,0.29411764705882354,32.485275707874735,2.4600798250904607,16,0.9411764705882353,0.2459016393442623,0.21311475409836064,0.22058823529411764,0.5888059948421182
bayes-fix-seed43,dense_square,3,167,1543568588,timeout,101,25.25,0.1099597058178372,0,0.0,3,0.5285455610098836,14.11673836041205,15.570849180221558,14.562378900261635,96,3.801980198019802,74,2.9306930693069306,59,2.3366336633663365,178.58669741039228,12.263566181977568,44,1.7425742574257426,0.4787234042553192,0.425531914893617,0.3564356435643564,0.2813223580777212
bayes-fix-seed43,dense_square,3,168,1543568589,timeout,101,25.25,0.18595385923703034,0,0.0,3,0.5827320448196195,14.320311938772107,16.03325456380844,13.628529731377814,96,3.801980198019802,38,1.504950495049505,48,1.900990099009901,146.17004452741196,10.725298136223422,51,2.01980198019802,0.46808510638297873,0.4148936170212766,0.26732673267326734,0.16467015966395068
bayes-fix-seed43,dense_square,3,169,1543568590,timeout,101,25.25,0.20406943527001686,0,0.0,0,1.4039701220988212,14.335359972302276,15.933047980070114,15.73842719528461,93,3.6831683168316833,64,2.5346534653465347,52,2.0594059405940595,165.01699138125358,10.484973455968607,50,1.9801980198019802,0.9468085106382979,0.8829787234042553,0.5742574257425742,0.0
bayes-fix-seed43,dense_square,3,170,1543568591,success,73,18.25,0.08955253955148013,0,0.0,8,0.4487664716500149,14.096472769567411,16.10565558075905,11.766734125414942,57,3.1232876712328768,31,1.6986301369863013,11,0.6027397260273972,47.01525491545472,3.995607822386891,12,0.6575342465753424,0.16666666666666666,0.16666666666666666,0.1095890410958904,0.6552157003868797
bayes-fix-seed43,dense_square,3,171,1543568592,timeout,101,25.25,0.24852545596808862,0,0.0,0,1.3905246710904278,15.351823946036914,15.426643192768097,18.04073565822923,85,3.366336633663366,58,2.297029702970297,34,1.3465346534653466,100.27912488454758,5.558483134184472,45,1.7821782178217822,0.648936170212766,0.46808510638297873,0.5742574257425742,0.0
bayes-fix-seed43,dense_square,3,172,1543568593,success,53,13.25,0.20987129487893041,0,0.0,0,0.6133981505037414,14.390757764285466,16.176416724920273,9.29070685852481,37,2.792452830188679,18,1.3584905660377358,1,0.07547169811320754,17.837238968798985,1.9199011701065771,11,0.8301886792452831,0.13043478260869565,0.08695652173913043,0.1509433962264151,0.835777112978629
bayes-fix-seed43,dense_square,3,173,1543568594,timeout,101,25.25,0.18295994730802034,0,0.0,3,0.5449086646186613,14.343753309533147,15.981007367372513,14.027730903143452,89,3.5247524752475248,46,1.8217821782178218,40,1.5841584158415842,117.68512609281466,8.389462765246144,40,1.5841584158415842,0.3404255319148936,0.3404255319148936,0.297029702970297,0.2484387803903165
bayes-fix-seed43,dense_square,3,174,1543568595,success,50,12.5,0.22815788212028987,0,0.0,0,0.7498755098227424,13.976492881774902,15.38359671831131,11.21178095250157,30,2.4,17,1.36,3,0.24,18.03108711940247,1.6082268460105242,3,0.24,0.16279069767441862,0.16279069767441862,0.1,0.6956582399707236
bayes-fix-seed43,dense_square,3,175,1543568596,timeout,101,25.25,0.22592672875521347,0,0.0,0,1.323587059038691,14.04775793452074,15.314340591430664,19.591123966157557,74,2.9306930693069306,50,1.9801980198019802,27,1.0693069306930694,96.63429858833429,4.932555107877628,43,1.702970297029703,0.5,0.14893617021276595,0.46534653465346537,0.0
bayes-fix-seed43,dense_square,3,176,1543568597,timeout,101,25.25,0.18095328817187295,0,0.0,1,0.6047201530766892,14.006732787826273,15.274569392204285,14.823529278974377,94,3.722772277227723,61,2.4158415841584158,42,1.6633663366336633,156.69750273684002,10.570863374560808,54,2.1386138613861387,0.43617021276595747,0.39361702127659576,0.32673267326732675,0.3383390194301872
bayes-fix-seed43,dense_square,3,177,1543568598,timeout,101,25.25,0.17919907782367006,0,0.0,2,0.8218329657945364,14.375216152408335,16.04001224040985,16.90478277499731,92,3.6435643564356437,56,2.217821782178218,39,1.5445544554455446,129.0495627313229,7.6339083707240025,44,1.7425742574257426,0.40425531914893614,0.3191489361702128,0.31683168316831684,0.1110499752335842
bayes-fix-seed43,dense_square,3,178,1543568599,success,65,16.25,0.1103437186840791,0,0.0,5,0.5550910171883843,14.08062090094273,15.797828882932663,12.666708365276062,37,2.276923076923077,16,0.9846153846153847,5,0.3076923076923077,25.9684174811864,2.0501314731753864,11,0.676923076923077,0.15517241379310345,0.0,0.15384615384615385,0.6140171976259425
bayes-fix-seed43,dense_square,3,179,1543568600,timeout,101,25.25,0.1711777178575039,0,0.0,1,1.4718593746394093,14.048833436895125,15.50665870308876,18.845094591350783,75,2.9702970297029703,53,2.099009900990099,40,1.5841584158415842,109.85714928836093,5.829482508343651,48,1.900990099009901,0.5638297872340425,0.3404255319148936,0.49504950495049505,0.0
bayes-fix-seed43,dense_square,3,180,1543568601,timeout,101,25.25,0.18764833210805654,0,0.0,1,0.5155767583127412,14.14261459566579,15.690430998802185,13.08100999116423,89,3.5247524752475248,38,1.504950495049505,35,1.386138613861386,128.08059333598115,9.79133823936341,43,1.702970297029703,0.4574468085106383,0.35106382978723405,0.40594059405940597,0.2987646084659943
bayes-fix-seed43,dense_square,3,181,1543568602,timeout,101,25.25,0.18114903189862186,0,0.0,1,0.6036114561263441,13.986261690607165,15.460796654224396,11.820199428480114,98,3.881188118811881,49,1.9405940594059405,53,2.099009900990099,173.11416461323228,14.645621307887861,50,1.9801980198019802,0.6382978723404256,0.5851063829787234,0.43564356435643564,0.07697294040853501
bayes-fix-seed43,dense_square,3,182,1543568603,success,75,18.75,0.18395814946657263,0,0.0,1,1.2577963233333382,13.838356037934622,15.208524838089943,12.915453954658663,52,2.7733333333333334,28,1.4933333333333334,3,0.16,30.292507763781796,2.345446615359203,10,0.5333333333333333,0.20588235294117646,0.20588235294117646,0.18666666666666668,0.5992218523727229
bayes-fix-seed43,dense_square,3,183,1543568604,success,70,17.5,0.19266312251160544,0,0.0,1,0.9163798580849161,13.826525104897362,15.49763958901167,11.764239758108458,55,3.142857142857143,24,1.3714285714285714,12,0.6857142857142857,45.075734032030724,3.8315892024354947,13,0.7428571428571429,0.09523809523809523,0.09523809523809523,0.17142857142857143,0.6609363202584668
bayes-fix-seed43,dense_square,3,184,1543568605,success,76,19.0,0.10808828598370268,0,0.0,5,1.1528948257501572,14.24535780556892,15.788590535521507,13.973831385967305,58,3.0526315789473686,29,1.5263157894736843,7,0.3684210526315789,34.841964577350204,2.4933723339712643,10,0.5263157894736842,0.17391304347826086,0.08695652173913043,0.15789473684210525,0.553645768945477
bayes-fix-seed43,dense_square,3,185,1543568606,timeout,101,25.25,0.15875367516266004,0,0.0,3,1.2260927710460907,14.376674585118153,15.746980905532837,16.664570543394987,89,3.5247524752475248,44,1.7425742574257426,43,1.702970297029703,126.79552635080795,7.608688505991139,47,1.8613861386138615,0.7659574468085106,0.6170212765957447,0.45544554455445546,0.0
bayes-fix-seed43,dense_square,3,186,1543568607,timeout,101,25.25,0.20172300898340567,0,0.0,0,0.5689273589877895,14.361709430076107,15.855934470891953,15.766100311199546,86,3.405940594059406,45,1.7821782178217822,39,1.5445544554455446,115.90023515861554,7.3512303531574705,32,1.2673267326732673,0.43617021276595747,0.4148936170212766,0.24752475247524752,0.3298833524543271
bayes-fix-seed43,dense_square,3,187,1543568608,success,50,12.5,0.18379163134199672,0,0.0,2,0.7233279630194653,13.870241940021515,15.531629137694836,10.435738759561406,26,2.08,10,0.8,0,0.0,9.69140192515657,0.9286742556943693,4,0.32,0.18604651162790697,0.18604651162790697,0.08,0.7542620100556287
bayes-fix-seed43,dense_square,3,188,1543568609,timeout,101,25.25,0.1984556733952899,0,0.0,1,0.6753235523474811,14.123525581147412,15.611264854669571,13.253374767624939,98,3.881188118811881,53,2.099009900990099,43,1.702970297029703,122.7283903523007,9.260161468616959,19,0.7524752475247525,0.3829787234042553,0.3829787234042553,0.38613861386138615,0.3298789391036467
bayes-fix-seed43,dense_square,3,189,1543568610,timeout,101,25.25,0.21641097141625554,0,0.0,0,1.2646547440787277,14.227308000963513,15.624482184648514,16.378949397130828,87,3.4455445544554455,65,2.5742574257425743,63,2.495049504950495,188.60845332957234,11.515296174161922,67,2.6534653465346536,0.8085106382978723,0.6063829787234043,0.5742574257425742,0.0
bayes-fix-seed43,dense_square,3,190,1543568611,success,87,21.75,0.24998402616885973,0,0.0,0,0.6673574049459023,14.346640214495276,16.22200720012188,14.147171271523353,70,3.218390804597701,42,1.9310344827586208,10,0.45977011494252873,56.82093149359564,4.01641645549098,27,1.2413793103448276,0.1875,0.15,0.1839080459770115,0.5460262170902591
bayes-fix-seed43,dense_square,3,191,1543568612,success,72,18.0,0.07044700652832725,0,0.0,3,0.5797409927866511,14.224500447097752,15.480237640440464,13.986100154427556,51,2.8333333333333335,13,0.7222222222222222,3,0.16666666666666666,25.87551682476399,1.850088054501213,11,0.6111111111111112,0.26153846153846155,0.03076923076923077,0.18055555555555555,0.5527669700099104
bayes-fix-seed43,dense_square,3,192,1543568613,success,66,16.5,0.17533742966947163,0,0.0,4,0.5945510530902459,13.902328682668282,15.252689830958843,11.565246226179653,51,3.090909090909091,26,1.5757575757575757,6,0.36363636363636365,29.04135312274591,2.511088182195939,9,0.5454545454545454,0.13559322033898305,0.11864406779661017,0.13636363636363635,0.6693592260980364
bayes-fix-seed43,dense_square,3,193,1543568614,timeout,101,25.25,0.19904683025104064,0,0.0,1,0.3981880394774075,14.174326922338787,15.466097742319107,8.967074289032238,97,3.8415841584158414,63,2.495049504950495,50,1.9801980198019802,164.69991368844717,18.36718514642999,51,2.01980198019802,0.5851063829787234,0.5319148936170213,0.25742574257425743,0.3729822440371059
bayes-fix-seed43,dense_square,3,194,1543568615,collision,13,3.25,-0.021473621548320443,1,0.25,7,0.26892478557920685,11.92000422340173,13.693908601999283,2.3689954402806537,12,3.6923076923076925,5,1.5384615384615385,0,0.0,9.459825674403637,3.9931801950969295,5,1.5384615384615385,0.3333333333333333,0.16666666666666666,0.38461538461538464,0.08687604415667204
bayes-fix-seed43,dense_square,3,195,1543568616,success,70,17.5,0.3281503761703626,0,0.0,0,1.115923947687068,14.094351019178118,15.642126277089119,13.900482765222272,48,2.742857142857143,25,1.4285714285714286,3,0.17142857142857143,25.159458374070276,1.809970113916973,8,0.45714285714285713,0.1746031746031746,0.1746031746031746,0.17142857142857143,0.562243526192718
bayes-fix-seed43,dense_square,3,196,1543568617,timeout,101,25.25,0.17236788931299318,0,0.0,1,0.5744572870687605,14.33602569274383,15.461985021829605,16.76581959000238,91,3.603960396039604,67,2.6534653465346536,51,2.01980198019802,171.02681602461695,10.20092188792261,57,2.257425742574257,0.574468085106383,0.5638297872340425,0.36633663366336633,0.2323617950772587
bayes-fix-seed43,dense_square,3,197,1543568618,success,56,14.0,0.25997621191949016,0,0.0,0,0.9475292396323081,14.281727839261293,15.92076662927866,12.054052405046692,37,2.642857142857143,18,1.2857142857142858,4,0.2857142857142857,21.431654647125807,1.7779626242667552,4,0.2857142857142857,0.16326530612244897,0.10204081632653061,0.125,0.6426242260433292
bayes-fix-seed43,dense_square,3,198,1543568619,success,93,23.25,0.21841677750540012,0,0.0,0,0.7850870344987798,14.214425237588985,15.683401376008987,14.396140692519262,83,3.5698924731182795,53,2.2795698924731185,22,0.946236559139785,87.71477884578226,6.092937039116458,25,1.075268817204301,0.20930232558139536,0.19767441860465115,0.21505376344086022,0.5433024385175249
bayes-fix-seed43,dense_square,3,199,1543568620,success,53,13.25,0.20938035471403182,0,0.0,0,0.9993011618438784,13.913342131758636,15.297117084264755,10.464048250264787,31,2.339622641509434,12,0.9056603773584906,2,0.1509433962264151,16.598039355408055,1.586196752770903,5,0.37735849056603776,0.13043478260869565,0.13043478260869565,0.07547169811320754,0.7383315865299056
bayes-fix-seed43,dense_square,3,200,1543568621,timeout,101,25.25,0.18995274518362704,0,0.0,2,1.760531371479855,14.568830849510608,16.421787440776825,19.486319360258506,82,3.2475247524752477,43,1.702970297029703,18,0.7128712871287128,80.54135293789257,4.133225543975899,22,0.8712871287128713,0.648936170212766,0.3829787234042553,0.5148514851485149,0.0
bayes-fix-seed43,dense_square,3,201,1543568622,success,97,24.25,0.16497483021904458,0,0.0,1,0.7092002214782727,14.851841038649845,16.112228482961655,13.692681974435184,83,3.422680412371134,46,1.8969072164948453,19,0.7835051546391752,82.77419160375189,6.045140883158961,28,1.1546391752577319,0.2777777777777778,0.24444444444444444,0.23711340206185566,0.5636121552404627
bayes-fix-seed43,dense_square,3,202,1543568623,timeout,101,25.25,0.17330555261310143,0,0.0,2,0.6722634389011057,15.965446276534902,16.45617187023163,15.721329958754684,83,3.287128712871287,58,2.297029702970297,25,0.9900990099009901,89.1322851115321,5.6695130339082604,33,1.306930693069307,0.2127659574468085,0.1595744680851064,0.2079207920792079,0.4443989123199406
bayes-fix-seed43,dense_square,3,203,1543568624,timeout,101,25.25,0.20823250557693151,0,0.0,0,0.4211519451207869,14.783466437665544,16.31663739681244,15.13803406673153,95,3.762376237623762,54,2.1386138613861387,69,2.732673267326733,218.07015397937835,14.405447432479066,6,0.2376237623762376,0.6702127659574468,0.40425531914893614,0.37623762376237624,0.21587769280962896
bayes-fix-seed43,dense_square,3,204,1543568625,success,65,16.25,0.15970919474779866,0,0.0,1,0.7240535218833068,14.109366157880196,15.531811863183975,13.24836108097971,43,2.646153846153846,21,1.2923076923076924,1,0.06153846153846154,17.67781446507906,1.3343397237608952,10,0.6153846153846154,0.20689655172413793,0.15517241379310345,0.24615384615384617,0.597762755727008
bayes-fix-seed43,dense_square,3,205,1543568626,timeout,101,25.25,0.19987982604435361,0,0.0,1,1.3643181310150287,14.492123839583728,15.665031969547272,16.295464383835064,88,3.485148514851485,43,1.702970297029703,26,1.0297029702970297,102.60901958875766,6.296784011294871,37,1.4653465346534653,0.6382978723404256,0.5531914893617021,0.48514851485148514,0.0
bayes-fix-seed43,dense_square,3,206,1543568627,success,84,21.0,0.186116455501375,0,0.0,3,0.48175322170295753,14.615081827200594,15.903311967849731,14.375635590702327,73,3.4761904761904763,36,1.7142857142857142,18,0.8571428571428571,70.35757747327669,4.89422377392354,17,0.8095238095238095,0.19480519480519481,0.18181818181818182,0.17857142857142858,0.5398194445184162
bayes-fix-seed43,dense_square,3,207,1543568628,timeout,101,25.25,0.238436934160824,0,0.0,0,1.0810713507738143,14.6018419009034,15.9955695271492,15.264606619469774,93,3.6831683168316833,46,1.8217821782178218,40,1.5841584158415842,129.30898840501385,8.471164153033737,51,2.01980198019802,0.7340425531914894,0.7340425531914894,0.504950495049505,0.0
bayes-fix-seed43,dense_square,3,208,1543568629,success,98,24.5,0.13401990315511025,0,0.0,4,0.5217135879195102,15.087165622686854,16.82824827730655,16.526638190461785,80,3.2653061224489797,43,1.7551020408163265,30,1.2244897959183674,102.03055619558437,6.173703025366071,40,1.6326530612244898,0.3076923076923077,0.27472527472527475,0.21428571428571427,0.470837562933845
bayes-fix-seed43,dense_square,3,209,1543568630,success,68,17.0,0.1810949162829022,0,0.0,1,0.722519159920667,14.096227310159627,15.777982585132122,10.921730389211735,51,3.0,33,1.9411764705882353,14,0.8235294117647058,49.564059701302384,4.5381141939065595,11,0.6470588235294118,0.18032786885245902,0.18032786885245902,0.19117647058823528,0.7084439299171468
bayes-fix-seed43,dense_square,3,210,1543568631,success,53,13.25,0.42354741001470886,0,0.0,0,1.1261662049247394,13.885166917769414,15.286003798246384,10.488234797475616,42,3.169811320754717,31,2.339622641509434,3,0.22641509433962265,24.660225484830306,2.351227443036049,9,0.6792452830188679,0.0,0.0,0.03773584905660377,0.7496725917299291
bayes-fix-seed43,dense_square,3,211,1543568632,timeout,101,25.25,0.20960298009963796,0,0.0,0,1.317767126782621,14.177338100305878,15.695903450250626,16.56404102221956,78,3.089108910891089,39,1.5445544554455446,20,0.7920792079207921,86.74065654932045,5.236684480131607,24,0.9504950495049505,0.6063829787234043,0.48936170212765956,0.44554455445544555,0.1824376195641182
bayes-fix-seed43,dense_square,3,212,1543568633,timeout,101,25.25,0.19947905334907579,0,0.0,1,0.9375849139396817,14.073544098894194,15.707500278949738,17.21509406242358,81,3.207920792079208,52,2.0594059405940595,41,1.6237623762376239,118.73349936419669,6.897057833878667,43,1.702970297029703,0.425531914893617,0.2978723404255319,0.48514851485148514,0.0
bayes-fix-seed43,dense_square,3,213,1543568634,timeout,101,25.25,0.2068200124919195,0,0.0,0,0.4987822798593347,14.267007718877037,16.23157039284706,14.440791767854376,98,3.881188118811881,77,3.0495049504950495,58,2.297029702970297,188.14307616591503,13.028584525727116,58,2.297029702970297,0.5531914893617021,0.5319148936170213,0.32673267326732675,0.3320453197927085
bayes-fix-seed43,dense_square,3,214,1543568635,timeout,101,25.25,0.1701564063169836,0,0.0,3,0.5240254193885439,14.60517083506773,15.846587717533112,14.41102878603034,96,3.801980198019802,65,2.5742574257425743,46,1.8217821782178218,138.10854730456734,9.583531429653796,54,2.1386138613861387,0.43617021276595747,0.40425531914893614,0.3069306930693069,0.16683880452462355
bayes-fix-seed43,dense_square,3,215,1543568636,success,96,24.0,0.1435976359926805,0,0.0,2,0.8822922376732679,14.390919318733117,15.988664701581001,17.95049619541993,79,3.2916666666666665,50,2.0833333333333335,25,1.0416666666666667,94.20801872662184,5.248212511844605,34,1.4166666666666667,0.33707865168539325,0.24719101123595505,0.3020833333333333,0.43252923715542674
bayes-fix-seed43,dense_square,3,216,1543568637,timeout,101,25.25,0.19582319808951976,0,0.0,1,1.3325061553705224,14.478751117050058,15.83140343427658,16.02031948179485,93,3.6831683168316833,67,2.6534653465346536,60,2.376237623762376,197.21035757257272,12.3100140291633,63,2.495049504950495,0.9042553191489362,0.7659574468085106,0.5445544554455446,0.0
bayes-fix-seed43,dense_square,3,217,1543568638,timeout,101,25.25,0.15547593289055917,0,0.0,4,0.513851184565052,14.236682232948812,15.450213104486465,15.140211174255942,85,3.366336633663366,43,1.702970297029703,33,1.306930693069307,113.07528984331717,7.468541128117666,36,1.4257425742574257,0.5212765957446809,0.425531914893617,0.40594059405940597,0.3677781968230691
bayes-fix-seed43,dense_square,3,218,1543568639,timeout,101,25.25,0.08722298448342347,0,0.0,5,0.5476696157663705,14.407233584045184,16.035713255405426,13.807411397266367,92,3.6435643564356437,56,2.217821782178218,44,1.7425742574257426,145.44925270575447,10.534143477071376,29,1.1485148514851484,0.4574468085106383,0.44680851063829785,0.2871287128712871,0.3405082706110467
bayes-fix-seed43,dense_square,3,219,1543568640,timeout,101,25.25,0.17770708143205338,0,0.0,1,0.39642243697700147,14.179956352356637,15.43954387307167,15.804782602079923,85,3.366336633663366,54,2.1386138613861387,60,2.376237623762376,190.77140158460182,12.07048564903994,16,0.6336633663366337,0.5106382978723404,0.3829787234042553,0.37623762376237624,0.29510890737142026
bayes-fix-seed43,dense_square,3,220,1543568641,timeout,101,25.25,0.1854008466893996,0,0.0,1,1.2233649221519824,14.273421783553491,15.77470451593399,17.025314646111593,89,3.5247524752475248,54,2.1386138613861387,44,1.7425742574257426,145.33522410781916,8.536419274988978,53,2.099009900990099,0.7553191489361702,0.6276595744680851,0.5445544554455446,0.0
bayes-fix-seed43,dense_square,3,221,1543568642,timeout,101,25.25,0.17184113894780417,0,0.0,4,0.3982633841034164,14.192371343327041,15.402480959892273,14.771472535874533,99,3.9207920792079207,63,2.495049504950495,73,2.891089108910891,228.4323045731461,15.46442333480072,83,3.287128712871287,0.8829787234042553,0.851063829787234,0.42574257425742573,0.0
bayes-fix-seed43,dense_square,3,222,1543568643,timeout,101,25.25,0.22422269902551872,0,0.0,0,1.1311605538060074,14.18062328997225,15.435993671417236,18.24297019285437,79,3.128712871287129,37,1.4653465346534653,33,1.306930693069307,92.27296487773665,5.058001186335286,29,1.1485148514851484,0.7127659574468085,0.5106382978723404,0.5445544554455446,0.0
bayes-fix-seed43,dense_square,3,223,1543568644,timeout,101,25.25,0.19078023928300225,0,0.0,3,1.1633550579042957,14.421593766696382,15.712957829236984,17.795499816458246,82,3.2475247524752477,38,1.504950495049505,29,1.1485148514851484,104.34069586476873,5.8633192065933875,34,1.3465346534653466,0.5531914893617021,0.39361702127659576,0.43564356435643564,0.0
bayes-fix-seed43,dense_square,3,224,1543568645,success,80,20.0,0.15608628120774581,0,0.0,2,0.7857454134146108,14.436133950948715,15.784061513841152,13.141416167638509,64,3.2,36,1.8,13,0.65,61.2602935375927,4.661620388253869,27,1.35,0.2465753424657534,0.2465753424657534,0.2125,0.5869427820448234
bayes-fix-seed43,dense_square,3,225,1543568646,success,61,15.25,0.3844642038029116,0,0.0,0,1.173218456049535,13.840681705318513,15.129204839468002,10.688112131357315,46,3.0163934426229506,24,1.5737704918032787,4,0.26229508196721313,28.105160823393987,2.6295720402237985,11,0.7213114754098361,0.05555555555555555,0.05555555555555555,0.09836065573770492,0.7265456784369788
bayes-fix-seed43,dense_square,3,226,1543568647,success,88,22.0,0.17486407731403186,0,0.0,2,1.1361246848883184,14.392072377218442,15.769150294363499,16.266100024615877,65,2.9545454545454546,27,1.2272727272727273,5,0.22727272727272727,38.17981108646087,2.347201297710112,13,0.5909090909090909,0.24691358024691357,0.06172839506172839,0.2159090909090909,0.4781112257992964
bayes-fix-seed43,dense_square,3,227,1543568648,success,73,18.25,0.18772422569994218,0,0.0,3,0.497750027456273,15.826905018662753,15.500089526176453,13.644336447034608,58,3.1780821917808217,26,1.4246575342465753,7,0.3835616438356164,45.65770171072274,3.3462749828809564,19,1.0410958904109588,0.15151515151515152,0.09090909090909091,0.1643835616438356,0.5659260604866669
bayes-fix-seed43,dense_square,3,228,1543568649,timeout,101,25.25,0.18746626831092628,0,0.0,1,0.8260603434314313,14.18878602804524,15.811741352081299,13.550799469860006,90,3.5643564356435644,57,2.257425742574257,28,1.108910891089109,114.81070632047958,8.472614960899108,14,0.5544554455445545,0.425531914893617,0.2872340425531915,0.33663366336633666,0.315231189551455
bayes-fix-seed43,dense_square,3,229,1543568650,timeout,101,25.25,0.20671398020379572,0,0.0,0,1.6814705201457179,14.59492864732695,16.403060406446457,18.099299310262353,81,3.207920792079208,45,1.7821782178217822,36,1.4257425742574257,113.07920681447912,6.247711852047383,39,1.5445544554455446,0.776595744680851,0.6170212765957447,0.5445544554455446,0.0
bayes-fix-seed43,dense_square,3,230,1543568651,timeout,101,25.25,0.19373160098807218,0,0.0,12,0.49189186918511285,14.613816865009836,16.27914607524872,12.198869070082031,96,3.801980198019802,70,2.772277227722772,38,1.504950495049505,130.8388412154888,10.725489425603694,31,1.2277227722772277,0.14893617021276595,0.14893617021276595,0.25742574257425743,0.47504602295228093
bayes-fix-seed43,dense_square,3,231,1543568652,success,96,24.0,0.1768761090187474,0,0.0,2,0.5808849501445704,14.248004571224252,15.496544539928436,16.1920182491223,79,3.2916666666666665,42,1.75,27,1.125,91.5720676165978,5.6553831775456125,30,1.25,0.21348314606741572,0.21348314606741572,0.2604166666666667,0.4876915492643312
bayes-fix-seed43,dense_square,3,232,1543568653,timeout,101,25.25,0.15677302393347847,0,0.0,5,0.5920075662386729,14.033567271020154,15.404880046844482,14.55861278448533,97,3.8415841584158414,38,1.504950495049505,57,2.257425742574257,150.73689901071327,10.353795464039608,52,2.0594059405940595,0.574468085106383,0.5212765957446809,0.36633663366336633,0.1019467180130275
bayes-fix-seed43,dense_square,3,233,1543568654,timeout,101,25.25,0.29240798712654303,0,0.0,0,1.2930679654230621,14.48762313564225,15.745576471090317,17.554701849461324,81,3.207920792079208,42,1.6633663366336633,25,0.9900990099009901,88.70764300522356,5.053212738440534,36,1.4257425742574257,0.5531914893617021,0.30851063829787234,0.44554455445544555,0.0
bayes-fix-seed43,dense_square,3,234,1543568655,timeout,101,25.25,0.14422087141936024,0,0.0,5,0.663341457781129,14.266643783833722,15.675459057092667,12.176524100304876,85,3.366336633663366,37,1.4653465346534653,27,1.0693069306930694,94.97884532153722,7.80016074695398,33,1.306930693069307,0.5957446808510638,0.4148936170212766,0.43564356435643564,0.04367997640704842
bayes-fix-seed43,dense_square,3,235,1543568656,success,70,17.5,0.20407259324845084,0,0.0,0,0.7912730578080087,14.20498320034572,15.816650539636612,14.601046770625354,43,2.4571428571428573,20,1.1428571428571428,6,0.34285714285714286,30.992136738861273,2.1225969086827257,4,0.22857142857142856,0.2857142857142857,0.23809523809523808,0.22857142857142856,0.5381662652704755
bayes-fix-seed43,dense_square,3,236,1543568657,timeout,101,25.25,0.1360705998909969,0,0.0,4,0.5006337596005651,14.508172242653252,16.234170645475388,13.874724348885485,87,3.4455445544554455,55,2.1782178217821784,44,1.7425742574257426,136.06853662632142,9.806936210394076,32,1.2673267326732673,0.4148936170212766,0.3617021276595745,0.43564356435643564,0.24588015875248465
bayes-fix-seed43,dense_square,3,237,1543568658,timeout,101,25.25,0.2268229052677191,0,0.0,0,0.7468184967382742,14.750421416051317,16.163930296897888,12.598901653742292,94,3.722772277227723,49,1.9405940594059405,39,1.5445544554455446,126.84578728833829,10.068003606541438,39,1.5445544554455446,0.4574468085106383,0.43617021276595747,0.33663366336633666,0.28465575691403644
bayes-fix-seed43,dense_square,3,238,1543568659,timeout,101,25.25,0.1953374521024851,0,0.0,4,0.6304245254088998,14.52451486988823,16.17148518562317,12.525343944313436,94,3.722772277227723,48,1.900990099009901,44,1.7425742574257426,136.67888728308,10.912186355180518,54,2.1386138613861387,0.6063829787234043,0.5851063829787234,0.297029702970297,0.12630506967030994
bayes-fix-seed43,dense_square,3,239,1543568660,timeout,101,25.25,0.17616253935552795,0,0.0,3,0.5435696133682215,14.59784012767348,16.15133136510849,14.357680140543938,95,3.762376237623762,36,1.4257425742574257,36,1.4257425742574257,121.59999075330896,8.469334151687137,46,1.8217821782178218,0.3617021276595745,0.3617021276595745,0.27722772277227725,0.2785868600263018
bayes-fix-seed43,dense_square,3,240,1543568661,success,81,20.25,0.19157865928290208,0,0.0,1,0.7648956459249976,14.491296430796753,16.103137284517288,9.889713177411277,64,3.1604938271604937,24,1.1851851851851851,11,0.5432098765432098,47.94831586463193,4.848301968367382,9,0.4444444444444444,0.06756756756756757,0.04054054054054054,0.08641975308641975,0.7854780771816596
bayes-fix-seed43,dense_square,3,241,1543568662,success,85,21.25,0.21008251228434127,0,0.0,0,0.7931375978250672,14.50860776445445,16.051308065652847,12.086113356905829,65,3.0588235294117645,36,1.6941176470588235,16,0.7529411764705882,56.04152620583288,4.636852605210059,21,0.9882352941176471,0.16666666666666666,0.16666666666666666,0.2,0.6441807638760818
bayes-fix-seed43,dense_square,3,242,1543568663,timeout,101,25.25,0.19430318436873517,0,0.0,2,0.4937856650575371,14.340926551877862,15.53880050778389,13.164835849523318,91,3.603960396039604,53,2.099009900990099,32,1.2673267326732673,114.74347780955387,8.715906458773551,15,0.594059405940594,0.3191489361702128,0.23404255319148937,0.2376237623762376,0.4754873596320134
bayes-fix-seed43,dense_square,3,243,1543568664,timeout,101,25.25,0.19965441789271365,0,0.0,1,0.6428786475360764,14.3403028792674,15.995509922504425,18.740790979064855,83,3.287128712871287,54,2.1386138613861387,34,1.3465346534653466,118.38956029332729,6.317212567259251,8,0.31683168316831684,0.4574468085106383,0.4148936170212766,0.3465346534653465,0.3525103085863224
bayes-fix-seed43,dense_square,3,244,1543568665,success,77,19.25,0.2104426316685558,0,0.0,0,0.8074171581165838,14.514194293455644,15.663642436265945,13.693831775054937,58,3.012987012987013,31,1.6103896103896105,4,0.2077922077922078,26.90900672055512,1.9650458076732993,9,0.4675324675324675,0.12857142857142856,0.1,0.14285714285714285,0.5649988766378454
bayes-fix-seed43,dense_square,3,245,1543568666,timeout,101,25.25,0.23232680679818818,0,0.0,0,1.1054259827761796,14.551441489469887,16.13501086831093,16.701056510929607,94,3.722772277227723,56,2.217821782178218,56,2.217821782178218,183.0238122829057,10.95881641757994,15,0.594059405940594,0.5638297872340425,0.3829787234042553,0.33663366336633666,0.2727033290027911
bayes-fix-seed43,dense_square,3,246,1543568667,success,92,23.0,0.17825494112763707,0,0.0,2,0.7381223844412206,14.432146618871585,15.833808295428753,14.782359450065302,79,3.4347826086956523,33,1.434782608695652,11,0.4782608695652174,57.94079522065097,3.919590469733505,20,0.8695652173913043,0.08235294117647059,0.0,0.17391304347826086,0.5240229883193691
bayes-fix-seed43,dense_square,3,247,1543568668,timeout,101,25.25,0.1439573583370044,0,0.0,2,0.4687922920957035,14.421071193300852,15.866443514823914,14.169948264317812,94,3.722772277227723,52,2.0594059405940595,42,1.6633663366336633,148.63512273895955,10.489461215129944,44,1.7425742574257426,0.2978723404255319,0.2872340425531915,0.32673267326732675,0.42509439274118616
bayes-fix-seed43,dense_square,3,248,1543568669,success,71,17.75,0.20025222071309634,0,0.0,0,0.8364206889647346,14.013761785668386,15.41999727487564,12.294009483163366,53,2.9859154929577465,29,1.6338028169014085,13,0.7323943661971831,50.90991384954219,4.141034210138138,12,0.676056338028169,0.140625,0.125,0.15492957746478872,0.6315456103501641
bayes-fix-seed43,dense_square,3,249,1543568670,success,83,20.75,0.2611276479176611,0,0.0,0,0.7227859873210389,14.341007648821337,16.119476407766342,12.622862114765885,64,3.0843373493975905,30,1.4457831325301205,11,0.5301204819277109,50.93039568312647,4.0347739854933105,18,0.8674698795180723,0.10526315789473684,0.0,0.13253012048192772,0.616138464758798
bayes-fix-seed43,dense_square,3,250,1543568671,success,70,17.5,0.36860566011396056,0,0.0,0,0.8789331490392386,14.188330247998238,15.777995996177197,13.088843225139525,55,3.142857142857143,25,1.4285714285714286,4,0.22857142857142856,32.84725433585479,2.509561293603518,9,0.5142857142857142,0.15873015873015872,0.1111111111111111,0.12857142857142856,0.5954807936600408
bayes-fix-seed43,dense_square,3,251,1543568672,success,67,16.75,0.28785797496975096,0,0.0,0,0.9434060625457503,13.953684092457614,15.218780562281609,13.015027059427027,43,2.5671641791044775,16,0.9552238805970149,4,0.23880597014925373,23.43584453619526,1.800675821047966,11,0.6567164179104478,0.16666666666666666,0.1,0.16417910447761194,0.5947899820078605
bayes-fix-seed43,dense_square,3,252,1543568673,timeout,101,25.25,0.15308599225334474,0,0.0,5,1.138415679451769,15.706804424229235,15.948634594678879,15.659077009349303,94,3.722772277227723,51,2.01980198019802,50,1.9801980198019802,157.3959020323472,10.051416308788408,57,2.257425742574257,0.7659574468085106,0.648936170212766,0.48514851485148514,0.0
bayes-fix-seed43,dense_square,3,253,1543568674,timeout,101,25.25,0.2064026504318649,0,0.0,0,1.814468653979377,14.391016915883169,15.789475291967392,19.410315944617516,80,3.1683168316831685,48,1.900990099009901,21,0.8316831683168316,84.65997824241317,4.361597126186367,39,1.5445544554455446,0.6595744680851063,0.43617021276595747,0.5247524752475248,0.0
bayes-fix-seed43,dense_square,3,254,1543568675,success,67,16.75,0.22717101267195228,0,0.0,0,1.0061529603816826,14.329443671810093,15.786183625459671,14.122284896255747,42,2.5074626865671643,19,1.1343283582089552,2,0.11940298507462686,17.74393842133817,1.2564495442265604,4,0.23880597014925373,0.15,0.0,0.208955223880597,0.5524809252156619
bayes-fix-seed43,dense_square,3,255,1543568676,success,68,17.0,0.22955867143214437,0,0.0,0,0.6298841876852502,14.106186380719437,15.557132102549076,13.590091922960776,51,3.0,23,1.3529411764705883,4,0.23529411764705882,30.407326995804997,2.237462937570798,6,0.35294117647058826,0.2786885245901639,0.26229508196721313,0.17647058823529413,0.5682656853795085
bayes-fix-seed43,dense_square,3,256,1543568677,timeout,101,25.25,0.2638909018218343,0,0.0,0,1.1302301074975296,14.789087384349049,16.33143052458763,16.559350924692684,92,3.6435643564356437,69,2.732673267326733,42,1.6633663366336633,145.07389525134482,8.760844305498477,43,1.702970297029703,0.6382978723404256,0.5319148936170213,0.39603960396039606,0.0
bayes-fix-seed43,dense_square,3,257,1543568678,success,70,17.5,0.14153274363654822,0,0.0,3,0.702889798238788,14.312285823481423,15.98412673920393,12.533277124813358,56,3.2,28,1.6,4,0.22857142857142856,32.80922682771629,2.617769199626221,11,0.6285714285714286,0.2222222222222222,0.20634920634920634,0.17142857142857143,0.6206240524071559
bayes-fix-seed43,dense_square,3,258,1543568679,success,54,13.5,0.21178272658045716,0,0.0,0,0.6257831115348799,14.337616938131827,17.224024049937714,11.885386200787622,34,2.5185185185185186,24,1.7777777777777777,6,0.4444444444444444,29.505249698935344,2.482481359922498,9,0.6666666666666666,0.0425531914893617,0.0425531914893617,0.16666666666666666,0.6571959591911585
bayes-fix-seed43,dense_square,3,259,1543568680,success,86,21.5,0.22530465568961833,0,0.0,0,0.7714094802798862,14.098876437475514,16.17997605353594,13.342063490692137,73,3.395348837209302,36,1.6744186046511629,12,0.5581395348837209,66.97664946050419,5.019961830284297,22,1.0232558139534884,0.1518987341772152,0.1518987341772152,0.20930232558139536,0.5797906426223461
bayes-fix-seed43,dense_square,3,260,1543568681,success,71,17.75,0.33696262387509135,0,0.0,0,1.0072776263364176,14.082528965573916,15.284717082977295,14.559474014737619,46,2.591549295774648,25,1.408450704225352,8,0.4507042253521127,38.287649577477865,2.6297412625429835,11,0.6197183098591549,0.234375,0.21875,0.22535211267605634,0.534733539322607
bayes-fix-seed43,dense_square,3,261,1543568682,timeout,101,25.25,0.20647854545146382,0,0.0,0,1.0265480284696165,14.33038796381195,15.728335827589035,15.683891747971483,79,3.128712871287129,43,1.702970297029703,37,1.4653465346534653,109.99535233995964,7.0132690347206825,40,1.5841584158415842,0.6170212765957447,0.39361702127659576,0.46534653465346537,0.0
bayes-fix-seed43,dense_square,3,262,1543568683,timeout,101,25.25,0.21446181763141214,0,0.0,0,0.6947257915164824,14.314395919589714,15.598777681589127,11.876427868335272,99,3.9207920792079207,44,1.7425742574257426,55,2.1782178217821784,161.25914450100413,13.57808478178447,46,1.8217821782178218,0.425531914893617,0.425531914893617,0.3564356435643564,0.3133188402952746
bayes-fix-seed43,dense_square,3,263,1543568684,success,81,20.25,0.16617418258480643,0,0.0,2,0.723378418508167,14.409248383692754,16.18390530347824,14.426012173592994,71,3.506172839506173,42,2.074074074074074,12,0.5925925925925926,57.83695111118757,4.009212692684321,25,1.2345679012345678,0.24324324324324326,0.20270270270270271,0.1728395061728395,0.534284140554787
bayes-fix-seed43,dense_square,3,264,1543568685,success,72,18.0,0.17843490039003773,0,0.0,4,0.5275755093235858,14.329414607750046,15.654490701854229,14.48058676799992,51,2.8333333333333335,22,1.2222222222222223,6,0.3333333333333333,31.96316264316366,2.207311288918057,9,0.5,0.2,0.13846153846153847,0.1527777777777778,0.5349649615154539
bayes-fix-seed43,dense_square,3,265,1543568686,success,58,14.5,0.0992936047459746,0,0.0,4,0.6255955072719278,13.991175797478906,15.66647868603468,11.484383849342054,41,2.8275862068965516,18,1.2413793103448276,6,0.41379310344827586,29.41174580021251,2.5610207901486612,10,0.6896551724137931,0.13725490196078433,0.11764705882352941,0.1206896551724138,0.674903684348139
bayes-fix-seed43,dense_square,3,266,1543568687,timeout,101,25.25,0.20010580561192282,0,0.0,0,0.38393690262152924,14.199262392697948,15.645802021026611,13.43985593157861,92,3.6435643564356437,55,2.1782178217821784,40,1.5841584158415842,135.93671624693732,10.114447427039536,38,1.504950495049505,0.46808510638297873,0.44680851063829785,0.3465346534653465,0.2732885347312863
bayes-fix-seed43,dense_square,3,267,1543568688,timeout,101,25.25,0.2024718039631438,0,0.0,0,0.6449309186990203,14.284299594340938,15.667088329792023,17.883661109334565,84,3.3267326732673266,60,2.376237623762376,43,1.702970297029703,120.64590491190407,6.746152489376556,53,2.099009900990099,0.30851063829787234,0.22340425531914893,0.32673267326732675,0.3211709474013026
bayes-fix-seed43,dense_square,3,268,1543568689,success,68,17.0,0.19893653508373133,0,0.0,1,0.8079489862901087,14.094214119455394,15.426415577530861,12.274333749764846,50,2.9411764705882355,28,1.6470588235294117,9,0.5294117647058824,35.53585503774539,2.89513514641283,4,0.23529411764705882,0.18032786885245902,0.04918032786885246,0.22058823529411764,0.6291882423753057
bayes-fix-seed43,dense_square,3,269,1543568690,success,62,15.5,0.11101466574453134,0,0.0,6,0.5235941845096356,14.045228520708699,15.2228694409132,12.795848055835503,39,2.5161290322580645,19,1.2258064516129032,4,0.25806451612903225,24.92441324404184,1.947851610560126,8,0.5161290322580645,0.18181818181818182,0.10909090909090909,0.12903225806451613,0.6063879405703047
bayes-fix-seed43,dense_square,3,270,1543568691,collision,13,3.25,-0.0676156839216625,1,0.25,11,0.07741154639479551,12.252936856104778,13.721580058336258,2.450716652579041,8,2.4615384615384617,5,1.5384615384615385,0,0.0,4.388917944955747,1.79087122957973,2,0.6153846153846154,0.0,0.0,0.0,0.6210651293763392
bayes-fix-seed43,dense_square,3,271,1543568692,timeout,101,25.25,0.16888059423491486,0,0.0,5,1.6617259391787116,14.773137277305716,16.25741273164749,18.06849289416794,83,3.287128712871287,49,1.9405940594059405,12,0.4752475247524752,73.29662571034554,4.056598751188809,30,1.188118811881188,0.5319148936170213,0.2872340425531915,0.46534653465346537,0.0
bayes-fix-seed43,dense_square,3,272,1543568693,success,79,19.75,0.0570340051731395,0,0.0,9,0.5003956217818496,14.261698703977126,15.968231111764908,13.642800742538501,66,3.3417721518987342,39,1.9746835443037976,13,0.6582278481012658,69.95234426513325,5.127418158869723,29,1.4683544303797469,0.20833333333333334,0.20833333333333334,0.24050632911392406,0.5722667607275246
bayes-fix-seed43,dense_square,3,273,1543568694,success,62,15.5,0.1485150875435962,0,0.0,2,0.5972902236183115,14.174958030062337,16.122431866824627,13.133626488998194,49,3.161290322580645,26,1.6774193548387097,5,0.3225806451612903,28.749200567888792,2.1889765627164355,13,0.8387096774193549,0.12727272727272726,0.0,0.1935483870967742,0.6018953337434721
bayes-fix-seed43,dense_square,3,274,1543568695,success,72,18.0,0.22430835198572108,0,0.0,0,0.7264455042801512,14.363481094025904,16.003149189054966,13.042934350632997,45,2.5,19,1.0555555555555556,6,0.3333333333333333,37.68184648256693,2.889062036928689,15,0.8333333333333334,0.2923076923076923,0.1076923076923077,0.125,0.5942080391023775
bayes-fix-seed43,dense_square,3,275,1543568696,success,71,17.75,0.17062971572016938,0,0.0,1,0.754478734155435,14.298157320475914,15.380121767520905,12.35452802794059,58,3.267605633802817,36,2.028169014084507,9,0.5070422535211268,41.71413797647553,3.3764250550191974,20,1.1267605633802817,0.171875,0.171875,0.16901408450704225,0.6313575188788788
bayes-fix-seed43,dense_square,3,276,1543568697,timeout,101,25.25,0.1812187636085265,0,0.0,1,0.5870451034795698,14.440221951739623,16.291867941617966,11.84375618338622,90,3.5643564356435644,48,1.900990099009901,31,1.2277227722772277,115.16734898391647,9.723887185846243,39,1.5445544554455446,0.46808510638297873,0.43617021276595747,0.4158415841584158,0.22263019619202956
bayes-fix-seed43,dense_square,3,277,1543568698,collision,35,8.75,0.009177489476755674,0,0.0,4,0.46823215096118775,13.575204674686704,15.302525088191032,5.800324992940652,29,3.3142857142857145,15,1.7142857142857142,6,0.6857142857142857,29.168267356045444,5.02872983695655,10,1.1428571428571428,0.5714285714285714,0.5,0.2,0.2182956433366495
bayes-fix-seed43,dense_square,3,278,1543568699,timeout,101,25.25,0.01865119590216391,0,0.0,15,0.3719658148443001,14.28376488608889,15.517249703407288,15.77777569666734,96,3.801980198019802,58,2.297029702970297,53,2.099009900990099,171.77125828984825,10.886912172679107,61,2.4158415841584158,0.6914893617021277,0.5212765957446809,0.42574257425742573,0.045161625692547364
bayes-fix-seed43,dense_square,3,279,1543568700,collision,79,19.75,-0.01738877463816413,1,0.25,21,0.5161592844439754,14.154304384807997,15.37388227880001,10.98488527014665,68,3.4430379746835444,38,1.9240506329113924,24,1.2151898734177216,72.98697403504184,6.644309179395504,21,1.0632911392405062,0.3888888888888889,0.3888888888888889,0.2911392405063291,0.5323252436591448
bayes-fix-seed43,dense_square,3,280,1543568701,success,91,22.75,0.15120510353864336,0,0.0,4,0.6479249070180088,14.254167594097472,15.681104734539986,18.167661794210748,63,2.769230769230769,29,1.2747252747252746,8,0.3516483516483517,43.694974358306965,2.4050962007797105,15,0.6593406593406593,0.27380952380952384,0.09523809523809523,0.24175824175824176,0.4269171881103728
bayes-fix-seed43,dense_square,3,281,1543568702,success,72,18.0,0.2509752914471789,0,0.0,0,0.8839655178492656,14.195712852395243,15.59955831617117,13.105394279975233,52,2.888888888888889,30,1.6666666666666667,15,0.8333333333333334,53.072560005276976,4.049672895867828,9,0.5,0.16923076923076924,0.1076923076923077,0.20833333333333334,0.6030127662021608
bayes-fix-seed43,dense_square,3,282,1543568703,timeout,101,25.25,0.183299193192485,0,0.0,4,0.9537114623225619,14.682687155090937,15.952426940202713,15.081063710668804,92,3.6435643564356437,68,2.6930693069306932,55,2.1782178217821784,152.84022638512315,10.134578655549298,62,2.4554455445544554,0.4148936170212766,0.3829787234042553,0.3069306930693069,0.03426998526721779
bayes-fix-seed43,dense_square,3,283,1543568704,success,66,16.5,0.008850575239491398,0,0.0,6,0.8738956531583728,14.327405528588729,15.879567712545395,13.758782620857215,42,2.5454545454545454,18,1.0909090909090908,5,0.30303030303030304,30.676246909952837,2.229575664888411,5,0.30303030303030304,0.1864406779661017,0.0847457627118644,0.21212121212121213,0.5616521177194868
bayes-fix-seed43,dense_square,3,284,1543568705,timeout,101,25.25,0.19477304030754994,0,0.0,4,1.2748299706255855,15.896182507276535,16.28231629729271,14.09400049495178,92,3.6435643564356437,48,1.900990099009901,30,1.188118811881188,113.78228019490406,8.073100340507214,40,1.5841584158415842,0.7872340425531915,0.6808510638297872,0.49504950495049505,0.0
bayes-fix-seed43,dense_square,3,285,1543568706,timeout,101,25.25,0.18774881926215936,0,0.0,1,1.2805994389112114,14.544497990962302,15.817809849977493,19.043169170764834,85,3.366336633663366,56,2.217821782178218,34,1.3465346534653466,103.24702260801847,5.4217353047791965,41,1.6237623762376239,0.6063829787234043,0.5851063829787234,0.5148514851485149,0.0
bayes-fix-seed43,dense_square,3,286,1543568707,timeout,101,25.25,0.2660507480315427,0,0.0,0,1.1872041138755447,14.677650562607417,16.467012465000153,13.776883970378453,94,3.722772277227723,36,1.4257425742574257,46,1.8217821782178218,133.66493722203577,9.702116785582827,42,1.6633663366336633,0.5957446808510638,0.5106382978723404,0.44554455445544555,0.08381791831551494
bayes-fix-seed43,dense_square,3,287,1543568708,success,94,23.5,0.3578271386100156,0,0.0,0,0.9826569379335824,14.385878524564681,16.01140648126602,15.404134689471464,80,3.404255319148936,42,1.7872340425531914,22,0.9361702127659575,79.91025976584362,5.1875851111884455,23,0.9787234042553191,0.22988505747126436,0.20689655172413793,0.23404255319148937,0.5032703087309921
bayes-fix-seed43,dense_square,3,288,1543568709,timeout,101,25.25,0.16443860200629823,0,0.0,2,0.5413817043882783,14.533638659090098,15.950668603181839,13.411047044101657,88,3.485148514851485,47,1.8613861386138615,40,1.5841584158415842,124.58088074326201,9.289422394357658,37,1.4653465346534653,0.574468085106383,0.5425531914893617,0.36633663366336633,0.31330130867560374
bayes-fix-seed43,dense_square,3,289,1543568710,timeout,101,25.25,0.19965757151273733,0,0.0,1,0.48430832809088137,14.69384034228797,16.360022127628326,12.08620092053494,78,3.089108910891089,31,1.2277227722772277,19,0.7524752475247525,73.75423726942566,6.102350751435403,27,1.0693069306930694,0.4148936170212766,0.4148936170212766,0.3069306930693069,0.47625430628604914
bayes-fix-seed43,dense_square,3,290,1543568711,success,83,20.75,0.20598048852992967,0,0.0,0,0.6824594151911306,14.444422829582031,16.086580231785774,12.243285465605437,70,3.3734939759036147,35,1.6867469879518073,23,1.108433734939759,81.82396195841983,6.683170313089942,28,1.3493975903614457,0.2236842105263158,0.2236842105263158,0.1927710843373494,0.6313149515047373
bayes-fix-seed43,dense_square,3,291,1543568712,success,93,23.25,0.17937674056978847,0,0.0,6,0.7120683702833965,14.170749813959162,15.623543411493301,14.643662126976665,73,3.139784946236559,38,1.6344086021505377,16,0.6881720430107527,60.05212769734109,4.10089547113441,11,0.4731182795698925,0.16279069767441862,0.046511627906976744,0.1827956989247312,0.527249031275983
bayes-fix-seed43,dense_square,3,292,1543568713,success,84,21.0,0.20268929060566077,0,0.0,0,0.7493548051877881,14.320224922682558,15.670671500265598,13.387335037617335,73,3.4761904761904763,43,2.0476190476190474,18,0.8571428571428571,74.50895068675828,5.565629789453548,14,0.6666666666666666,0.11688311688311688,0.11688311688311688,0.20238095238095238,0.5875378030780195
bayes-fix-seed43,dense_square,3,293,1543568714,timeout,101,25.25,0.1996694132166894,0,0.0,1,0.5458175766344897,14.645652605755494,15.85429534316063,10.942273924845384,95,3.762376237623762,56,2.217821782178218,32,1.2673267326732673,114.09546829350398,10.427034552154677,21,0.8316831683168316,0.2872340425531915,0.24468085106382978,0.19801980198019803,0.5537741700782648
bayes-fix-seed43,dense_square,3,294,1543568715,timeout,101,25.25,0.22745389639248637,0,0.0,0,0.806299120770652,14.210171591822464,15.660557895898819,13.977080558427193,81,3.207920792079208,49,1.9405940594059405,24,0.9504950495049505,92.5170974435926,6.619200415770039,21,0.8316831683168316,0.2978723404255319,0.2553191489361702,0.19801980198019803,0.5287369728160444
bayes-fix-seed43,dense_square,3,295,1543568716,success,91,22.75,0.15576354603494535,0,0.0,4,0.650231796455465,14.211669523309876,15.399899333715439,14.442409911037243,74,3.2527472527472527,40,1.7582417582417582,22,0.967032967032967,79.45842336797087,5.50174270481319,29,1.2747252747252746,0.35714285714285715,0.32142857142857145,0.1978021978021978,0.5392276156046161
bayes-fix-seed43,dense_square,3,296,1543568717,success,84,21.0,0.23845069064933222,0,0.0,0,0.7279860434795135,14.3318126155507,15.740875527262688,15.259745682026447,66,3.142857142857143,39,1.8571428571428572,15,0.7142857142857143,63.02464078537165,4.130123928579272,14,0.6666666666666666,0.24675324675324675,0.23376623376623376,0.25,0.5135872436685128
bayes-fix-seed43,dense_square,3,297,1543568718,timeout,101,25.25,0.07161042920432148,0,0.0,5,0.6618247445477621,14.24201260698904,15.421554446220398,18.659173163211843,88,3.485148514851485,53,2.099009900990099,15,0.594059405940594,73.09607778529524,3.917433915529034,28,1.108910891089109,0.32978723404255317,0.1276595744680851,0.32673267326732675,0.3025662534495942
bayes-fix-seed43,dense_square,3,298,1543568719,timeout,101,25.25,0.34412697809513626,0,0.0,0,1.4846526968657268,14.161552311760364,15.63921943306923,19.082098054454182,78,3.089108910891089,43,1.702970297029703,21,0.8316831683168316,79.93441181495149,4.188973958044044,26,1.0297029702970297,0.5638297872340425,0.3191489361702128,0.5148514851485149,0.0
bayes-fix-seed43,dense_square,3,299,1543568720,success,74,18.5,0.09787861679833576,0,0.0,3,0.772616683818561,14.181774310969018,15.594055503606796,14.348709361892341,56,3.027027027027027,34,1.837837837837838,6,0.32432432432432434,40.965913464770054,2.8550242695394155,11,0.5945945945945946,0.19402985074626866,0.1044776119402985,0.20270270270270271,0.5399128681621111
bayes-fix-seed43,dense_square,3,300,1543568721,success,88,22.0,0.15005937047966522,0,0.0,1,0.7798876602781348,14.433725652369587,15.804882906377316,13.994874661852098,75,3.409090909090909,38,1.7272727272727273,21,0.9545454545454546,78.16443799326584,5.5852188663275575,24,1.0909090909090908,0.2345679012345679,0.20987654320987653,0.22727272727272727,0.5557573128673899
bayes-fix-seed43,dense_square,3,301,1543568722,success,54,13.5,0.1697986494965631,0,0.0,2,0.6749745164782581,13.930117159529969,15.505298599600792,9.647809918360563,41,3.037037037037037,14,1.037037037037037,3,0.2222222222222222,25.150583622795615,2.606869728531034,10,0.7407407407407407,0.0,0.0,0.05555555555555555,0.8103639300051838
bayes-fix-seed43,dense_square,3,302,1543568723,success,70,17.5,0.24980557121416713,0,0.0,0,0.7920733270550173,14.615343883633614,15.9213338047266,13.181477823595998,49,2.8,27,1.542857142857143,4,0.22857142857142856,28.2072788393161,2.1399177859118805,7,0.4,0.19047619047619047,0.1111111111111111,0.2,0.5841991358043854
bayes-fix-seed43,dense_square,3,303,1543568724,timeout,101,25.25,0.2146446414260208,0,0.0,0,0.7332005662829726,14.769837223362215,15.939615666866302,12.020245757856497,78,3.089108910891089,34,1.3465346534653466,17,0.6732673267326733,76.13314250097099,6.333742590180401,27,1.0693069306930694,0.6382978723404256,0.5531914893617021,0.3564356435643564,0.3765361059385204
bayes-fix-seed43,dense_square,3,304,1543568725,timeout,101,25.25,0.18111412992740694,0,0.0,3,1.3815715046702954,14.228701702143887,15.659194439649582,16.928703755376645,86,3.405940594059406,54,2.1386138613861387,40,1.5841584158415842,110.82375829357846,6.546499950321374,42,1.6633663366336633,0.5212765957446809,0.2872340425531915,0.46534653465346537,0.0
bayes-fix-seed43,dense_square,3,305,1543568726,timeout,101,25.25,0.21384656221382858,0,0.0,0,0.6428378123267102,14.252783453995638,15.608586370944977,12.804203660259823,88,3.485148514851485,49,1.9405940594059405,24,0.9504950495049505,99.87686049112696,7.800318015958538,21,0.8316831683168316,0.2978723404255319,0.22340425531914893,0.32673267326732675,0.5283253428179701
bayes-fix-seed43,dense_square,3,306,1543568727,timeout,101,25.25,0.20637271136203594,0,0.0,0,0.6565020678655025,14.482831268912495,16.045760363340378,20.514943858568614,78,3.089108910891089,45,1.7821782178217822,26,1.0297029702970297,87.97973715798648,4.2885682634339455,35,1.386138613861386,0.3723404255319149,0.2765957446808511,0.3465346534653465,0.2751018023812248
bayes-fix-seed43,dense_square,3,307,1543568728,timeout,101,25.25,0.24252760055362388,0,0.0,0,0.8104565196956506,14.534373020771707,15.859797596931458,11.511277842252943,83,3.287128712871287,49,1.9405940594059405,26,1.0297029702970297,95.42018561797913,8.289278299558779,30,1.188118811881188,0.4787234042553192,0.40425531914893614,0.3465346534653465,0.1769983881094131
bayes-fix-seed43,dense_square,3,308,1543568729,success,96,24.0,0.2099753421455809,0,0.0,0,0.8410497019071212,14.369228156283498,16.039837151765823,13.371406770399052,83,3.4583333333333335,42,1.75,26,1.0833333333333333,94.08659950063904,7.036402460579034,23,0.9583333333333334,0.1797752808988764,0.11235955056179775,0.20833333333333334,0.5846926813809369
bayes-fix-seed43,dense_square,3,309,1543568730,timeout,101,25.25,0.19507397298247597,0,0.0,1,0.4828438747215294,14.497825599247866,15.911098569631577,14.196793631731714,97,3.8415841584158414,75,2.9702970297029703,46,1.8217821782178218,159.10987191457073,11.207451206372339,49,1.9405940594059405,0.40425531914893614,0.40425531914893614,0.2376237623762376,0.43010380995635245
bayes-fix-seed43,dense_square,3,310,1543568731,success,51,12.75,0.20895468132917283,0,0.0,0,0.8242819611083617,14.041470108078975,15.83249680697918,10.83085853108537,28,2.196078431372549,18,1.411764705882353,10,0.7843137254901961,28.540366565293382,2.6350973455502538,5,0.39215686274509803,0.09090909090909091,0.09090909090909091,0.13725490196078433,0.7168647718079322
bayes-fix-seed43,dense_square,3,311,1543568732,timeout,101,25.25,0.1023728312243678,0,0.0,6,0.6681157821516898,14.130191158245106,15.408102422952652,15.668946048876126,86,3.405940594059406,42,1.6633663366336633,12,0.4752475247524752,76.16692095024626,4.861011117956426,24,0.9504950495049505,0.20212765957446807,0.11702127659574468,0.2376237623762376,0.40860045513165894
bayes-fix-seed43,dense_square,3,312,1543568733,timeout,101,25.25,0.2227407574587299,0,0.0,0,1.220945758787016,14.259340370645617,15.507884323596954,17.897683810484207,85,3.366336633663366,48,1.900990099009901,38,1.504950495049505,117.56900499038781,6.568950833823401,45,1.7821782178217822,0.7340425531914894,0.6276595744680851,0.5445544554455446,0.0
bayes-fix-seed43,dense_square,3,313,1543568734,success,98,24.5,0.1997411989667005,0,0.0,1,0.6959439049976638,14.26244637339699,15.419596619904041,13.085225549630064,88,3.5918367346938775,50,2.0408163265306123,20,0.8163265306122449,87.66810540285825,6.6997779343082655,31,1.2653061224489797,0.18681318681318682,0.17582417582417584,0.12244897959183673,0.5901649761103074
bayes-fix-seed43,dense_square,3,314,1543568735,success,69,17.25,0.16334781236715723,0,0.0,2,0.6800290235052731,14.25661767522494,16.14684909582138,12.680544930012102,48,2.782608695652174,22,1.2753623188405796,9,0.5217391304347826,35.96243753929462,2.8360325000055258,14,0.8115942028985508,0.12903225806451613,0.04838709677419355,0.057971014492753624,0.6124298285339063
bayes-fix-seed43,dense_square,3,315,1543568736,success,64,16.0,0.15642227308292034,0,0.0,3,0.9195208184207659,13.890140340663493,15.222521126270294,12.883906201851618,36,2.25,15,0.9375,0,0.0,14.937520187263239,1.1593937392307687,5,0.3125,0.08771929824561403,0.0,0.109375,0.6000945941008524
bayes-fix-seed43,dense_square,3,316,1543568737,success,95,23.75,0.17401851177041372,0,0.0,3,0.7209793485928426,14.367977255269102,15.722397342324257,19.355106333993138,69,2.905263157894737,39,1.6421052631578947,19,0.8,70.9733715357291,3.6669068260854467,26,1.0947368421052632,0.23863636363636365,0.125,0.2631578947368421,0.40147351863476616
bayes-fix-seed43,dense_square,3,317,1543568738,success,73,18.25,0.2090630526003111,0,0.0,0,0.6918441768281012,14.177944511175156,15.362663567066193,12.126388191750783,64,3.506849315068493,32,1.7534246575342465,13,0.7123287671232876,53.50796974719989,4.412523242790442,11,0.6027397260273972,0.030303030303030304,0.0,0.1232876712328767,0.6376212118376143
bayes-fix-seed43,dense_square,3,318,1543568739,success,78,19.5,0.21469939632796253,0,0.0,0,0.7773426009116667,14.045231569653902,15.565210580825804,12.770497460916665,63,3.230769230769231,38,1.9487179487179487,12,0.6153846153846154,57.29199176313965,4.486277213434976,24,1.2307692307692308,0.16901408450704225,0.15492957746478872,0.20512820512820512,0.615834132744498
bayes-fix-seed43,dense_square,3,319,1543568740,success,73,18.25,0.18582691901004433,0,0.0,1,0.8785238688559479,13.991822935130498,15.374186635017393,13.117411826483274,52,2.8493150684931505,28,1.5342465753424657,7,0.3835616438356164,33.4331556427375,2.5487616067094847,8,0.4383561643835616,0.22727272727272727,0.18181818181818182,0.1643835616438356,0.5944747702440165
bayes-fix-seed43,dense_square,3,320,1543568741,success,63,15.75,0.1540197339776065,0,0.0,4,0.5164782080618234,14.268121135140222,16.156689822673798,12.174399095539604,49,3.111111111111111,28,1.7777777777777777,5,0.31746031746031744,38.94152612199296,3.198640509186212,20,1.2698412698412698,0.16071428571428573,0.16071428571428573,0.12698412698412698,0.6414591389173224
bayes-fix-seed43,dense_square,3,321,1543568742,success,48,12.0,0.2114856919292627,0,0.0,0,0.641895140065167,14.060291306426128,16.187324933707714,10.9365392046397,25,2.0833333333333335,13,1.0833333333333333,2,0.16666666666666666,16.725625032383853,1.5293343460322621,4,0.3333333333333333,0.12195121951219512,0.12195121951219512,0.10416666666666667,0.7068363614039802
bayes-fix-seed43,dense_square,3,322,1543568743,timeout,101,25.25,0.3940694318464779,0,0.0,0,1.4824360828989778,14.27766957347936,15.85615798830986,18.64603901870325,78,3.089108910891089,40,1.5841584158415842,24,0.9504950495049505,90.28053947345848,4.841807924079797,40,1.5841584158415842,0.6170212765957447,0.3829787234042553,0.45544554455445546,0.0
bayes-fix-seed43,dense_square,3,323,1543568744,timeout,101,25.25,0.1798914493200623,0,0.0,2,1.420901299057561,14.587336874539309,15.96030592918396,17.23074969101876,85,3.366336633663366,60,2.376237623762376,29,1.1485148514851484,100.22044842876858,5.816371906383551,41,1.6237623762376239,0.6595744680851063,0.5531914893617021,0.504950495049505,0.0
bayes-fix-seed43,dense_square,3,324,1543568745,success,55,13.75,0.1886667324373109,0,0.0,1,0.7526675119111843,13.645964522253383,15.09014517068863,11.01551376848661,35,2.5454545454545454,19,1.3818181818181818,7,0.509090909090909,29.826406608894466,2.707672763681928,4,0.2909090909090909,0.16666666666666666,0.16666666666666666,0.14545454545454545,0.7042235631315173
bayes-fix-seed43,dense_square,3,325,1543568746,success,60,15.0,0.15099459708381135,0,0.0,6,0.6169831068629517,14.151610806584358,15.807422436773777,11.616259624647101,44,2.933333333333333,18,1.2,4,0.26666666666666666,24.339738742797852,2.095316352189166,10,0.6666666666666666,0.1320754716981132,0.1320754716981132,0.08333333333333333,0.6718064075984254
bayes-fix-seed43,dense_square,3,326,1543568747,success,76,19.0,0.20333270581573215,0,0.0,0,0.9721083200429714,14.032544568181038,15.359911136329174,14.51660798879129,59,3.1052631578947367,32,1.6842105263157894,4,0.21052631578947367,31.838323544910192,2.1932343678009025,16,0.8421052631578947,0.2898550724637681,0.14492753623188406,0.23684210526315788,0.5328405403094105
bayes-fix-seed43,dense_square,3,327,1543568748,success,96,24.0,0.17415737579573554,0,0.0,2,0.4036882389288194,14.448336442001164,15.74354525655508,15.071255291639932,81,3.375,40,1.6666666666666667,34,1.4166666666666667,104.72808310030827,6.948862657671337,15,0.625,0.24719101123595505,0.19101123595505617,0.23958333333333334,0.5151685959284522
bayes-fix-seed43,dense_square,3,328,1543568749,success,66,16.5,0.22318169785907538,0,0.0,0,0.681338780550476,14.32164634267489,16.11587591469288,11.570481413066263,54,3.272727272727273,36,2.1818181818181817,6,0.36363636363636365,38.060621333239084,3.28945875063229,14,0.8484848484848485,0.13559322033898305,0.13559322033898305,0.12121212121212122,0.6712948222854371
bayes-fix-seed43,dense_square,3,329,1543568750,timeout,101,25.25,0.2038796871115517,0,0.0,0,0.5020324846624055,14.15137581453465,15.472061932086945,16.436907395505976,88,3.485148514851485,66,2.613861386138614,56,2.217821782178218,158.1387529239809,9.620955397437944,12,0.4752475247524752,0.5106382978723404,0.4574468085106383,0.36633663366336633,0.2766925693103496
bayes-fix-seed43,dense_square,3,330,1543568751,timeout,101,25.25,0.4428205219462996,0,0.0,0,1.4217869424001293,14.210779625590485,15.749752521514893,17.259064223151814,86,3.405940594059406,33,1.306930693069307,18,0.7128712871287128,86.59725588783688,5.017494272468886,37,1.4653465346534653,0.5957446808510638,0.4787234042553192,0.5247524752475248,0.0
bayes-fix-seed43,dense_square,3,331,1543568752,timeout,101,25.25,0.11171414914641054,0,0.0,8,0.9156504722226256,14.23812347768557,15.5147984623909,17.053593496387634,91,3.603960396039604,63,2.495049504950495,48,1.900990099009901,138.54141452522254,8.12388395176471,57,2.257425742574257,0.5531914893617021,0.4574468085106383,0.297029702970297,0.09772860747506362
bayes-fix-seed43,dense_square,3,332,1543568753,success,99,24.75,0.29572242878997335,0,0.0,0,0.7684957441431322,14.333883507384193,15.607127174735067,15.812378353385538,81,3.272727272727273,54,2.1818181818181817,14,0.5656565656565656,75.09858013639108,4.749353857973678,33,1.3333333333333333,0.22826086956521738,0.10869565217391304,0.15151515151515152,0.49131620793906333
bayes-fix-seed43,dense_square,3,333,1543568754,success,52,13.0,0.13156207115868845,0,0.0,5,0.5381513919521576,13.731083904321377,15.224725566804409,9.696282003235456,38,2.923076923076923,21,1.6153846153846154,2,0.15384615384615385,23.952946423339718,2.4703227912871237,10,0.7692307692307693,0.13333333333333333,0.08888888888888889,0.11538461538461539,0.8034412112025793
bayes-fix-seed43,dense_square,3,334,1543568755,timeout,101,25.25,0.20783200030401183,0,0.0,0,1.4078514660876353,14.287822612441412,15.546660870313644,17.221796692912335,90,3.5643564356435644,67,2.6534653465346536,55,2.1782178217821784,142.05137895005598,8.248348385654646,31,1.2277227722772277,0.6382978723404256,0.5106382978723404,0.5742574257425742,0.0
bayes-fix-seed43,dense_square,3,335,1543568756,timeout,101,25.25,0.27827929933134743,0,0.0,0,0.9900670940959838,14.134462849043384,15.393748879432678,18.235775447565732,81,3.207920792079208,50,1.9801980198019802,41,1.6237623762376239,118.57269866820786,6.5022021689807525,42,1.6633663366336633,0.6276595744680851,0.4787234042553192,0.48514851485148514,0.0
bayes-fix-seed43,dense_square,3,336,1543568757,timeout,101,25.25,0.19678384605651011,0,0.0,1,1.6071574039980883,14.142016594362731,15.114255249500275,17.700858659461456,86,3.405940594059406,40,1.5841584158415842,35,1.386138613861386,122.66457855624033,6.929865997809869,40,1.5841584158415842,0.6702127659574468,0.48936170212765956,0.4752475247524752,0.0
bayes-fix-seed43,dense_square,3,337,1543568758,timeout,101,25.25,0.1979284728868662,0,0.0,2,0.5736218225002949,14.350066975791856,15.740841627120972,16.593126243197126,87,3.4455445544554455,52,2.0594059405940595,29,1.1485148514851484,104.35847344199595,6.289259294027308,36,1.4257425742574257,0.32978723404255317,0.2872340425531915,0.25742574257425743,0.4074271586402611
bayes-fix-seed43,dense_square,3,338,1543568759,timeout,101,25.25,0.2005656124986671,0,0.0,0,0.6031724608731845,15.461672872009844,15.76584205031395,13.569026085806703,78,3.089108910891089,46,1.8217821782178218,30,1.188118811881188,92.27749876389032,6.800598523457276,6,0.2376237623762376,0.3617021276595745,0.3191489361702128,0.33663366336633666,0.4864257600966362
bayes-fix-seed43,dense_square,3,339,1543568760,timeout,101,25.25,0.2033188697360555,0,0.0,0,0.641452161262364,14.384572384971204,16.132082790136337,13.166276233615406,94,3.722772277227723,16,0.6336633663366337,69,2.732673267326733,164.19740914091642,12.47105910794251,49,1.9405940594059405,0.8191489361702128,0.7553191489361702,0.5445544554455446,0.10719393071131177
bayes-fix-seed43,dense_square,3,340,1543568761,timeout,101,25.25,0.22412729590005187,0,0.0,0,1.5968203916746229,14.58220877269707,16.16838201880455,15.432582449971337,88,3.485148514851485,62,2.4554455445544554,58,2.297029702970297,186.00862636599248,12.052981214841198,60,2.376237623762376,0.851063829787234,0.7340425531914894,0.504950495049505,0.0
bayes-fix-seed43,dense_square,3,341,1543568762,timeout,101,25.25,0.18295626334004655,0,0.0,3,0.49319069531127224,14.08529252108961,15.25723934173584,10.057363566974267,88,3.485148514851485,36,1.4257425742574257,25,0.9900990099009901,89.95667687820912,8.94435965043594,35,1.386138613861386,0.6382978723404256,0.5106382978723404,0.31683168316831684,0.35591756692992205
bayes-fix-seed43,dense_square,3,342,1543568763,success,82,20.5,0.1961596863383298,0,0.0,1,0.9060118468486904,14.163978897580286,15.677081421017647,14.97652191817317,67,3.268292682926829,38,1.853658536585366,13,0.6341463414634146,54.021918770050604,3.607107115070425,14,0.6829268292682927,0.28,0.18666666666666668,0.23170731707317074,0.5236975580594888
bayes-fix-seed43,dense_square,3,343,1543568764,timeout,101,25.25,0.17642350457056388,0,0.0,2,0.7309826548076468,14.310784711696133,16.23440906405449,12.687728377749327,93,3.6831683168316833,44,1.7425742574257426,32,1.2673267326732673,103.0317482155569,8.12058275114443,26,1.0297029702970297,0.39361702127659576,0.3404255319148936,0.3564356435643564,0.242590979538407
bayes-fix-seed43,dense_square,3,344,1543568765,timeout,101,25.25,0.1920052285709225,0,0.0,1,1.2279203324591472,14.376015577575949,15.832770615816116,16.882099672185213,93,3.6831683168316833,52,2.0594059405940595,28,1.108910891089109,106.04929387205233,6.281759729613381,39,1.5445544554455446,0.6063829787234043,0.5319148936170213,0.44554455445544555,0.0
bayes-fix-seed43,dense_square,3,345,1543568766,timeout,101,25.25,0.19423582548970697,0,0.0,1,1.2684680110045994,14.36992889583701,16.067612916231155,18.492044570055878,82,3.2475247524752477,45,1.7821782178217822,37,1.4653465346534653,107.69231511052553,5.823710553072721,40,1.5841584158415842,0.7340425531914894,0.4787234042553192,0.5445544554455446,0.0
bayes-fix-seed43,dense_square,3,346,1543568767,timeout,101,25.25,0.14338993647486198,0,0.0,1,0.870747913929956,14.09116332041155,15.420004725456238,15.093281177395884,96,3.801980198019802,38,1.504950495049505,46,1.8217821782178218,133.86933323160477,8.869465271215592,47,1.8613861386138615,0.5531914893617021,0.48936170212765956,0.31683168316831684,0.12371121464446563
bayes-fix-seed43,dense_square,3,347,1543568768,success,74,18.5,0.16294170743926606,0,0.0,3,0.5650612448109348,13.904407167354146,15.070117637515068,12.866001864718704,58,3.135135135135135,31,1.6756756756756757,10,0.5405405405405406,43.79588561431088,3.4040011866008237,19,1.027027027027027,0.208955223880597,0.19402985074626866,0.14864864864864866,0.6032312148610538
bayes-fix-seed43,dense_square,3,348,1543568769,timeout,101,25.25,0.25869243218139015,0,0.0,0,0.8663901401336045,14.103632530953625,15.387322753667831,14.147304591006495,94,3.722772277227723,65,2.5742574257425743,49,1.9405940594059405,148.8768553972194,10.523337109166441,21,0.8316831683168316,0.4574468085106383,0.4148936170212766,0.33663366336633666,0.3679216102509815
bayes-fix-seed43,dense_square,3,349,1543568770,success,67,16.75,0.12438076478214077,0,0.0,4,0.5456616002578824,13.942559374802148,15.373077616095543,11.79375454431184,56,3.343283582089552,37,2.208955223880597,6,0.3582089552238806,39.536660933987285,3.352338798084951,17,1.0149253731343284,0.06666666666666667,0.06666666666666667,0.1044776119402985,0.6571318182725514
bayes-fix-seed43,dense_square,3,350,1543568771,success,56,14.0,0.19476224581592783,0,0.0,1,0.7504132710487897,14.177053168948207,15.766534022986889,10.699132484794703,42,3.0,16,1.1428571428571428,7,0.5,29.837011360557604,2.7887318343763945,11,0.7857142857142857,0.16326530612244897,0.10204081632653061,0.125,0.7204790915747781
bayes-fix-seed43,dense_square,3,351,1543568772,timeout,101,25.25,0.10820424471965984,0,0.0,4,0.540343830293528,14.043267853189223,15.24817943572998,12.757788953037645,90,3.5643564356435644,45,1.7821782178217822,44,1.7425742574257426,140.91393090265683,11.045325441686748,48,1.900990099009901,0.574468085106383,0.48936170212765956,0.33663366336633666,0.16549928738872552
bayes-fix-seed43,dense_square,3,352,1543568773,success,81,20.25,0.11481602127383583,0,0.0,5,0.790967023059973,14.246341576914729,15.530247241258621,13.242110278742725,62,3.0617283950617282,35,1.728395061728395,14,0.691358024691358,63.23052789978186,4.774958565424762,12,0.5925925925925926,0.14864864864864866,0.12162162162162163,0.18518518518518517,0.5842801486092961
bayes-fix-seed43,dense_square,3,353,1543568774,timeout,101,25.25,0.19640643850660855,0,0.0,1,0.379921219651896,14.2366523568583,15.368882566690445,13.928478989287074,97,3.8415841584158414,61,2.4158415841584158,50,1.9801980198019802,171.32914429491998,12.300635584595833,56,2.217821782178218,0.5,0.4574468085106383,0.32673267326732675,0.25765248449337674
bayes-fix-seed43,dense_square,3,354,1543568775,collision,11,2.75,-0.06900505958656289,1,0.25,2,0.27877491585647307,11.821482330560684,13.027995824813843,1.9189420415038945,9,3.272727272727273,6,2.1818181818181817,3,1.0909090909090908,10.726632948123253,5.589868123227256,1,0.36363636363636365,0.5,0.5,0.45454545454545453,0.025711679358799207
bayes-fix-seed43,dense_square,3,355,1543568776,timeout,101,25.25,0.21398200693772385,0,0.0,0,1.0004617055220757,14.198592430589223,15.67857339978218,17.685650767230822,92,3.6435643564356437,50,1.9801980198019802,29,1.1485148514851484,105.75653630796694,5.979793319447416,38,1.504950495049505,0.5319148936170213,0.3829787234042553,0.4752475247524752,0.0
bayes-fix-seed43,dense_square,3,356,1543568777,timeout,101,25.25,0.1841639547608347,0,0.0,3,0.3675186119608964,14.313610289061424,16.021374613046646,15.62020161671944,88,3.485148514851485,46,1.8217821782178218,59,2.3366336633663365,165.264727132869,10.580191676653785,61,2.4158415841584158,0.776595744680851,0.723404255319149,0.48514851485148514,0.041510444385382615
bayes-fix-seed43,dense_square,3,357,1543568778,success,86,21.5,0.21163748531869386,0,0.0,0,0.6739424684866172,14.375466940014862,15.43955598026514,15.394000667031914,63,2.9302325581395348,29,1.3488372093023255,10,0.46511627906976744,48.96255947363625,3.1806260459956586,21,0.9767441860465116,0.3291139240506329,0.1518987341772152,0.27906976744186046,0.5058017515815465
bayes-fix-seed43,dense_square,3,358,1543568779,success,74,18.5,0.1359892559239343,0,0.0,2,0.8503605955923906,13.810266514082212,15.365315228700638,13.261283710365875,64,3.4594594594594597,29,1.5675675675675675,5,0.2702702702702703,36.75116232436802,2.771312576296135,13,0.7027027027027027,0.11940298507462686,0.08955223880597014,0.16216216216216217,0.5826116183181308
bayes-fix-seed43,dense_square,3,359,1543568780,timeout,101,25.25,0.18951953221999784,0,0.0,2,0.4981532291752336,14.265210137213812,15.405703336000443,15.357324913948537,94,3.722772277227723,64,2.5346534653465347,54,2.1386138613861387,179.64980153268644,11.697987933400864,32,1.2673267326732673,0.6063829787234043,0.5638297872340425,0.42574257425742573,0.13081687411692805
bayes-fix-seed43,dense_square,3,360,1543568781,timeout,101,25.25,0.18001907042799636,0,0.0,3,0.6509225494799228,14.358941354964038,15.813864767551422,16.084701515340157,87,3.4455445544554455,54,2.1386138613861387,39,1.5445544554455446,122.64725410984268,7.625087353524878,52,2.0594059405940595,0.6382978723404256,0.6276595744680851,0.49504950495049505,0.0
bayes-fix-seed43,dense_square,3,361,1543568782,success,50,12.5,0.2802273450935766,0,0.0,0,0.6597741251908008,14.004199057817459,16.219104826450348,9.024597545680667,34,2.72,16,1.28,0,0.0,11.769947050369721,1.304207416540478,5,0.4,0.16279069767441862,0.0,0.08,0.8572122958846647
bayes-fix-seed43,dense_square,3,362,1543568783,success,75,18.75,0.17686179813203862,0,0.0,6,0.5364025254999273,14.58723912636439,15.942500904202461,12.654446225129416,60,3.2,37,1.9733333333333334,9,0.48,48.92278365326296,3.8660548856030745,20,1.0666666666666667,0.1323529411764706,0.1323529411764706,0.13333333333333333,0.6147945917173288
bayes-fix-seed43,dense_square,3,363,1543568784,timeout,101,25.25,0.23064886523910022,0,0.0,0,1.6683638345121288,14.35488680064088,15.54805412888527,15.694565986018869,92,3.6435643564356437,33,1.306930693069307,49,1.9405940594059405,143.3105687979349,9.131222164767074,44,1.7425742574257426,0.7340425531914894,0.6382978723404256,0.45544554455445546,0.0
bayes-fix-seed43,dense_square,3,364,1543568785,success,67,16.75,0.1436195729143699,0,0.0,4,0.43215551842168587,14.5236372169274,16.161245852708817,13.919193441764127,51,3.044776119402985,23,1.373134328358209,6,0.3582089552238806,35.401597846729594,2.5433656048279456,16,0.9552238805970149,0.11666666666666667,0.016666666666666666,0.19402985074626866,0.5649946642207884
bayes-fix-seed43,dense_square,3,365,1543568786,timeout,101,25.25,0.20443457737879345,0,0.0,0,1.2979252132169599,15.630171366847387,15.428062528371811,17.72380974236327,85,3.366336633663366,49,1.9405940594059405,27,1.0693069306930694,99.87773428073906,5.635229430499489,32,1.2673267326732673,0.648936170212766,0.5212765957446809,0.49504950495049505,0.0
bayes-fix-seed43,dense_square,3,366,1543568787,collision,5,1.25,-0.028851863947596423,1,0.25,3,0.1387243153510761,11.070223152637482,11.79295927286148,0.6656752510365773,3,2.4,2,1.6,3,2.4,8.223310509051863,12.353336700210312,1,0.8,0.0,0.0,0.6,0.0
bayes-fix-seed43,dense_square,3,367,1543568788,timeout,101,25.25,0.1922506990742051,0,0.0,1,0.571064042137771,14.329539077116712,16.040120273828506,12.345322094184239,99,3.9207920792079207,57,2.257425742574257,57,2.257425742574257,157.8067422637387,12.782715676416407,50,1.9801980198019802,0.3404255319148936,0.32978723404255317,0.2871287128712871,0.3156320428900667
bayes-fix-seed43,dense_square,3,368,1543568789,success,98,24.5,0.20371139442584352,0,0.0,0,0.7479681216162776,13.986919341342789,15.204334817826748,18.765332890526565,86,3.510204081632653,49,2.0,22,0.8979591836734694,81.91653118408428,4.36531191116992,33,1.346938775510204,0.26373626373626374,0.16483516483516483,0.24489795918367346,0.4117194304342058
bayes-fix-seed43,dense_square,3,369,1543568790,timeout,101,25.25,0.18191571608095913,0,0.0,4,0.41630154597385727,14.139290899038315,15.199847519397736,13.421216934059522,92,3.6435643564356437,47,1.8613861386138615,46,1.8217821782178218,140.6098969095753,10.47668759102942,47,1.8613861386138615,0.5106382978723404,0.48936170212765956,0.4158415841584158,0.2389278710294515
bayes-fix-seed43,dense_square,3,370,1543568791,success,88,22.0,0.19716919030830693,0,0.0,1,0.6963254295945237,14.268707822669636,15.502384305000305,12.19678739422662,78,3.5454545454545454,42,1.9090909090909092,15,0.6818181818181818,58.5476039922004,4.800247975127783,21,0.9545454545454546,0.2716049382716049,0.2345679012345679,0.125,0.6346706910480092
bayes-fix-seed43,dense_square,3,371,1543568792,success,79,19.75,0.17399258305565635,0,0.0,2,0.7377673716831297,14.14236709286895,15.500914677977562,12.345855568081792,61,3.088607594936709,28,1.4177215189873418,9,0.45569620253164556,50.97752871212467,4.1291207750655055,20,1.0126582278481013,0.20833333333333334,0.1388888888888889,0.24050632911392406,0.6291397399474477
bayes-fix-seed43,dense_square,3,372,1543568793,timeout,101,25.25,0.2000962057196476,0,0.0,0,0.5203616175064316,14.101995431845731,15.608265995979309,12.615117898275905,89,3.5247524752475248,51,2.01980198019802,38,1.504950495049505,113.17821706487446,8.97163371579289,38,1.504950495049505,0.43617021276595747,0.3829787234042553,0.3564356435643564,0.24679085021582353
bayes-fix-seed43,dense_square,3,373,1543568794,success,89,22.25,0.1411956317574511,0,0.0,3,1.1393894361831631,14.427262871118074,16.539200395345688,14.57464733330574,66,2.966292134831461,33,1.4831460674157304,10,0.449438202247191,56.47890754548337,3.875147456667354,15,0.6741573033707865,0.25609756097560976,0.18292682926829268,0.2247191011235955,0.5379539168314156
bayes-fix-seed43,dense_square,3,374,1543568795,success,54,13.5,0.08673238240408265,0,0.0,7,0.4844527146957806,14.07100784557837,15.886711329221724,11.994096268392841,36,2.6666666666666665,16,1.1851851851851851,0,0.0,16.949713086817294,1.4131713392599345,7,0.5185185185185185,0.02127659574468085,0.02127659574468085,0.09259259259259259,0.645119410579135
bayes-fix-seed43,dense_square,3,375,1543568796,success,77,19.25,0.2068467136998493,0,0.0,0,0.757533992905716,14.195656041046242,15.403883904218674,14.010579914439479,61,3.168831168831169,38,1.974025974025974,7,0.36363636363636365,43.76511228123121,3.1237188288063895,15,0.7792207792207793,0.2571428571428571,0.24285714285714285,0.23376623376623376,0.5503879408761649
bayes-fix-seed43,dense_square,3,376,1543568797,timeout,101,25.25,0.09899390781271733,0,0.0,8,0.4732605474766106,14.530073445622284,16.17865264415741,12.783597130340059,98,3.881188118811881,60,2.376237623762376,58,2.297029702970297,163.92264129619628,12.822888552013977,66,2.613861386138614,0.4787234042553192,0.4574468085106383,0.33663366336633666,0.18880117055594228
bayes-fix-seed43,dense_square,3,377,1543568798,timeout,101,25.25,0.2442515569486874,0,0.0,0,1.330543002653326,14.524005132146401,15.81546664237976,16.211929097477494,94,3.722772277227723,56,2.217821782178218,56,2.217821782178218,157.07313775757197,9.688738262617486,58,2.297029702970297,0.7446808510638298,0.7127659574468085,0.5148514851485149,0.0
bayes-fix-seed43,dense_square,3,378,1543568799,timeout,101,25.25,0.32238042223237984,0,0.0,0,1.6336203229200175,14.27041481036951,15.877600759267807,19.819079610713562,84,3.3267326732673266,39,1.5445544554455446,19,0.7524752475247525,81.64702277350528,4.1196172767462675,33,1.306930693069307,0.7127659574468085,0.5212765957446809,0.594059405940594,0.0
bayes-fix-seed43,dense_square,3,379,1543568800,timeout,101,25.25,0.27176812949770746,0,0.0,0,2.222147875536558,14.582614976875853,16.080033034086227,18.53320239837769,81,3.207920792079208,47,1.8613861386138615,19,0.7524752475247525,84.98022512758858,4.585296340098641,31,1.2277227722772277,0.6170212765957447,0.4787234042553192,0.48514851485148514,0.0
bayes-fix-seed43,dense_square,3,380,1543568801,success,75,18.75,0.39320041587607535,0,0.0,0,1.0153536856755778,14.22589456041654,15.865123271942139,13.860725790817293,57,3.04,38,2.026666666666667,19,1.0133333333333334,57.212976730909546,4.127704248273424,14,0.7466666666666667,0.1323529411764706,0.10294117647058823,0.21333333333333335,0.5597796385186764
bayes-fix-seed43,dense_square,3,381,1543568802,success,89,22.25,0.1294286357277853,0,0.0,4,0.9035222254307346,14.319869407107321,15.744636952877045,13.322250286548876,76,3.4157303370786516,40,1.797752808988764,12,0.5393258426966292,63.697404076168155,4.781279641659468,20,0.898876404494382,0.18292682926829268,0.15853658536585366,0.20224719101123595,0.5904294606885556
bayes-fix-seed43,dense_square,3,382,1543568803,timeout,101,25.25,0.2059169782476561,0,0.0,0,0.5560058121822842,14.422530511228166,15.809532254934311,18.01949588770526,80,3.1683168316831685,45,1.7821782178217822,32,1.2673267326732673,99.36745344292804,5.514441361854448,34,1.3465346534653466,0.24468085106382978,0.20212765957446807,0.24752475247524752,0.3620436173778513
bayes-fix-seed43,dense_square,3,383,1543568804,success,88,22.0,0.0436075055407259,0,0.0,9,0.35867716241005726,14.365231491286647,15.51278717815876,14.683225306111497,72,3.272727272727273,49,2.227272727272727,31,1.4090909090909092,112.88725340294684,7.688178247592548,43,1.9545454545454546,0.4567901234567901,0.4567901234567901,0.20454545454545456,0.527045008105081
bayes-fix-seed43,dense_square,3,384,1543568805,timeout,101,25.25,0.19615933622968573,0,0.0,1,1.4591223640564575,14.546585592007872,16.073372215032578,17.881158962014396,90,3.5643564356435644,57,2.257425742574257,28,1.108910891089109,102.58160742371244,5.73685450935425,40,1.5841584158415842,0.5957446808510638,0.5319148936170213,0.504950495049505,0.0
bayes-fix-seed43,dense_square,3,385,1543568806,success,77,19.25,0.20667973763147374,0,0.0,0,0.7313071155501387,14.593896927771631,16.511597484350204,14.24364493975861,59,3.064935064935065,31,1.6103896103896105,11,0.5714285714285714,43.27144388366063,3.03794738402079,10,0.5194805194805194,0.14285714285714285,0.11428571428571428,0.16883116883116883,0.5450324923514273
bayes-fix-seed43,dense_square,3,386,1543568807,success,52,13.0,0.316909240472828,0,0.0,0,0.8786055933351331,13.789609647714174,15.518955141305922,11.532535084298624,31,2.3846153846153846,19,1.4615384615384615,0,0.0,14.2378731036213,1.2345831163354495,2,0.15384615384615385,0.15555555555555556,0.06666666666666667,0.1346153846153846,0.6732608750512525
bayes-fix-seed43,dense_square,3,387,1543568808,timeout,101,25.25,0.1922045497610857,0,0.0,1,0.4715260877896555,14.230836588557404,15.459194779396057,14.682743654095445,97,3.8415841584158414,52,2.0594059405940595,60,2.376237623762376,202.31361467973136,13.779006120787255,66,2.613861386138614,0.7978723404255319,0.776595744680851,0.21782178217821782,0.0
bayes-fix-seed43,dense_square,3,388,1543568809,timeout,101,25.25,0.25048889520408646,0,0.0,0,1.1390941783141717,14.482123721944223,15.826314687728882,18.26069361730707,81,3.207920792079208,50,1.9801980198019802,22,0.8712871287128713,85.90437528886277,4.704332545585484,37,1.4653465346534653,0.5425531914893617,0.43617021276595747,0.38613861386138615,0.14060929075400208
bayes-fix-seed43,dense_square,3,389,1543568810,collision,16,4.0,-0.0022037619087770244,1,0.25,5,0.688985685127744,12.310965219512582,13.499744236469269,2.7673901681391153,15,3.75,6,1.5,5,1.25,15.290754812876637,5.525333936977396,4,1.0,0.6666666666666666,0.6666666666666666,0.5,0.0
bayes-fix-seed43,dense_square,3,390,1543568811,timeout,101,25.25,0.18502019091762267,0,0.0,4,0.5941563303201537,14.297193930585786,15.626523643732071,15.62387141376696,95,3.762376237623762,65,2.5742574257425743,45,1.7821782178217822,141.57098904208692,9.061197784650338,54,2.1386138613861387,0.39361702127659576,0.30851063829787234,0.31683168316831684,0.24110383205825558
bayes-fix-seed43,dense_square,3,391,1543568812,success,44,11.0,0.2796450315339677,0,0.0,0,1.085074846163803,13.711235231973909,15.191565081477165,10.219552115413114,17,1.5454545454545454,6,0.5454545454545454,2,0.18181818181818182,12.27673624906414,1.2012988544330023,4,0.36363636363636365,0.10810810810810811,0.10810810810810811,0.11363636363636363,0.7627045951383126
bayes-fix-seed43,dense_square,3,392,1543568813,timeout,101,25.25,0.21042370002954758,0,0.0,0,0.5133411979537497,14.323102771350653,16.246262937784195,14.79814175948542,97,3.8415841584158414,69,2.732673267326733,52,2.0594059405940595,173.74358761672735,11.740905746179918,57,2.257425742574257,0.46808510638297873,0.46808510638297873,0.33663366336633666,0.24976768519560255
bayes-fix-seed43,dense_square,3,393,1543568814,timeout,101,25.25,0.20294217848161356,0,0.0,0,1.183955675780913,14.317752037308004,15.885632485151291,17.170700507960987,87,3.4455445544554455,48,1.900990099009901,25,0.9900990099009901,99.69739901562198,5.80625111767563,38,1.504950495049505,0.648936170212766,0.5638297872340425,0.49504950495049505,0.0
bayes-fix-seed43,dense_square,3,394,1543568815,timeout,101,25.25,0.1399063766887959,0,0.0,2,0.9111798160311521,15.70904317616236,16.156941652297974,16.96377706427877,88,3.485148514851485,45,1.7821782178217822,44,1.7425742574257426,134.87418182223502,7.950716477301768,33,1.306930693069307,0.46808510638297873,0.44680851063829785,0.33663366336633666,0.38450047358066286
bayes-fix-seed43,dense_square,3,395,1543568816,timeout,101,25.25,0.18936225519935035,0,0.0,6,0.4482860601946442,14.278998543130289,15.49069955945015,15.72587141897926,96,3.801980198019802,60,2.376237623762376,46,1.8217821782178218,147.25556360371917,9.363904847015293,29,1.1485148514851484,0.5425531914893617,0.4574468085106383,0.37623762376237624,0.17833421089807217
bayes-fix-seed43,dense_square,3,396,1543568817,timeout,101,25.25,0.1945929455927815,0,0.0,2,0.6238644906298398,14.144637686486291,15.514761209487915,14.623857312834497,91,3.603960396039604,51,2.01980198019802,42,1.6633663366336633,138.08116157705024,9.442184686516638,41,1.6237623762376239,0.32978723404255317,0.22340425531914893,0.297029702970297,0.251538568963004
bayes-fix-seed43,dense_square,3,397,1543568818,timeout,101,25.25,0.2357453552144385,0,0.0,0,1.414563135989745,14.057228655213176,15.32319188117981,18.89852184396267,83,3.287128712871287,46,1.8217821782178218,15,0.594059405940594,67.54052655729605,3.5738523422599093,23,0.9108910891089109,0.5957446808510638,0.4148936170212766,0.5544554455445545,0.0
bayes-fix-seed43,dense_square,3,398,1543568819,success,84,21.0,0.2186439748193192,0,0.0,0,1.0730746234203832,13.97247106901237,15.631326287984848,16.72060731907864,60,2.857142857142857,33,1.5714285714285714,10,0.47619047619047616,48.67343005322849,2.910984578753361,14,0.6666666666666666,0.22077922077922077,0.12987012987012986,0.23809523809523808,0.4648259659227289
bayes-fix-seed43,dense_square,3,399,1543568820,timeout,101,25.25,0.2437472559441729,0,0.0,0,0.8635103225026305,14.437329024076462,15.874847769737244,16.30241020883421,90,3.5643564356435644,56,2.217821782178218,51,2.01980198019802,165.93636148676006,10.178639806084613,57,2.257425742574257,0.8297872340425532,0.6702127659574468,0.5742574257425742,0.0
bayes-fix-seed43,dense_square,3,400,1543568821,timeout,101,25.25,0.14030740365716665,0,0.0,3,0.39067860264681,14.315218139107865,15.628494322299957,15.011735324548543,94,3.722772277227723,69,2.732673267326733,62,2.4554455445544554,192.76243757636948,12.840783121265599,66,2.613861386138614,0.7021276595744681,0.7021276595744681,0.44554455445544555,0.059980279037344424
bayes-fix-seed43,dense_square,3,401,1543568822,timeout,101,25.25,0.20436595053417173,0,0.0,0,0.4803822761259739,14.396483650301942,15.800796449184418,14.104949494338724,89,3.5247524752475248,58,2.297029702970297,38,1.504950495049505,128.70998495822326,9.125164539574094,50,1.9801980198019802,0.5531914893617021,0.4787234042553192,0.3069306930693069,0.26738542847385066
bayes-fix-seed43,dense_square,3,402,1543568823,timeout,101,25.25,0.19131405905102727,0,0.0,2,1.105428021602568,14.407852092886916,15.881385654211044,17.693136095068564,83,3.287128712871287,61,2.4158415841584158,42,1.6633663366336633,127.74697159677494,7.220142936241847,52,2.0594059405940595,0.7659574468085106,0.6276595744680851,0.5643564356435643,0.0
bayes-fix-seed43,dense_square,3,403,1543568824,timeout,101,25.25,0.19175561183954282,0,0.0,2,0.7148344215842963,14.23116459852398,15.972550958395004,9.320064818388701,98,3.881188118811881,51,2.01980198019802,48,1.900990099009901,149.92423275435408,16.086179192504126,59,2.3366336633663365,0.574468085106383,0.574468085106383,0.27722772277227725,0.3888421883956438
bayes-fix-seed43,dense_square,3,404,1543568825,success,65,16.25,0.29537254616259634,0,0.0,0,0.9399384788059442,13.91415332372372,15.37696048617363,12.210411224608452,39,2.4,20,1.2307692307692308,1,0.06153846153846154,21.285380474323908,1.743215693786469,8,0.49230769230769234,0.13793103448275862,0.034482758620689655,0.13846153846153847,0.6424385871899433
bayes-fix-seed43,dense_square,3,405,1543568826,timeout,101,25.25,0.18559946649802994,0,0.0,3,0.5157634535720202,14.55508961830989,16.622621566057205,15.886103438614132,91,3.603960396039604,56,2.217821782178218,50,1.9801980198019802,145.31665409799928,9.14740701894085,55,2.1782178217821784,0.30851063829787234,0.2553191489361702,0.3564356435643564,0.39895039485774475
bayes-fix-seed43,dense_square,3,406,1543568827,timeout,101,25.25,0.17615846181750427,0,0.0,2,1.4212389621750074,14.54987056036987,16.275737434625626,16.704246094108314,86,3.405940594059406,50,1.9801980198019802,45,1.7821782178217822,135.61867466827155,8.118814456170222,54,2.1386138613861387,0.7872340425531915,0.6276595744680851,0.5247524752475248,0.0
bayes-fix-seed43,dense_square,3,407,1543568828,timeout,101,25.25,0.00711636230925905,0,0.0,7,0.5304055050994427,14.19718810679889,15.556104481220245,10.096704566514473,88,3.485148514851485,47,1.8613861386138615,33,1.306930693069307,110.93032656569294,10.986785424384035,39,1.5445544554455446,0.5638297872340425,0.425531914893617,0.42574257425742573,0.263322011062551
bayes-fix-seed43,dense_square,3,408,1543568829,timeout,101,25.25,0.3111975105849082,0,0.0,0,1.3897811960719517,14.354113858230043,15.575703233480453,16.740137836151447,91,3.603960396039604,61,2.4158415841584158,38,1.504950495049505,131.9948252112501,7.884930608289165,45,1.7821782178217822,0.7127659574468085,0.648936170212766,0.46534653465346537,0.0
bayes-fix-seed43,dense_square,3,409,1543568830,timeout,101,25.25,0.1349255118705317,0,0.0,1,0.9287131732817704,14.341697133708708,16.268860548734665,16.323153322497284,94,3.722772277227723,70,2.772277227722772,61,2.4158415841584158,198.29209865485308,12.147903945836141,66,2.613861386138614,0.8297872340425532,0.7872340425531915,0.504950495049505,0.0
bayes-fix-seed43,dense_square,3,410,1543568831,success,59,14.75,0.1753529278811673,0,0.0,2,0.6804312594292209,14.157689855260363,15.416613221168518,9.604992407034146,40,2.711864406779661,16,1.0847457627118644,6,0.4067796610169492,29.53515709489581,3.074979744207393,8,0.5423728813559322,0.23076923076923078,0.23076923076923078,0.1864406779661017,0.8162777781925604
bayes-fix-seed43,dense_square,3,411,1543568832,timeout,101,25.25,0.1732162652605912,0,0.0,21,0.37709987494651664,14.296031455592354,15.51675796508789,13.023351660712288,91,3.603960396039604,69,2.732673267326733,56,2.217821782178218,169.3013809462978,12.999831791153381,62,2.4554455445544554,0.5638297872340425,0.5319148936170213,0.39603960396039606,0.2189111385401463
bayes-fix-seed43,dense_square,3,412,1543568833,timeout,101,25.25,0.19470674009496802,0,0.0,3,0.5268560717413527,14.403910403794582,15.966832637786865,11.883202067635208,78,3.089108910891089,50,1.9801980198019802,33,1.306930693069307,114.41660775853384,9.62843239619362,25,0.9900990099009901,0.3723404255319149,0.35106382978723405,0.1485148514851485,0.5145459408935
bayes-fix-seed43,dense_square,3,413,1543568834,success,94,23.5,0.18962081191694902,0,0.0,8,0.728435260089287,14.597658226464658,16.50465987622738,16.35862087002546,76,3.234042553191489,49,2.0851063829787235,16,0.6808510638297872,79.05290366468185,4.832491949827724,30,1.2765957446808511,0.2988505747126437,0.2413793103448276,0.2978723404255319,0.4761627090765687
bayes-fix-seed43,dense_square,3,414,1543568835,success,83,20.75,0.2554164134662873,0,0.0,0,0.7947677682825258,14.102967613073716,15.710067749023436,14.543102413326766,64,3.0843373493975905,34,1.6385542168674698,3,0.14457831325301204,36.97705978042679,2.542584018836474,11,0.5301204819277109,0.14473684210526316,0.09210526315789473,0.18072289156626506,0.5333429820334917
bayes-fix-seed43,dense_square,3,415,1543568836,timeout,101,25.25,0.201821553658031,0,0.0,0,0.5935261598120537,14.35342940068481,15.930913388729095,13.230599134707957,94,3.722772277227723,50,1.9801980198019802,23,0.9108910891089109,94.85247336819523,7.169174457063538,31,1.2277227722772277,0.35106382978723405,0.2978723404255319,0.2871287128712871,0.32037450074369134
bayes-fix-seed43,dense_square,3,416,1543568837,timeout,101,25.25,0.10698021003668479,0,0.0,7,0.8487190637663288,14.331188384849247,15.826039016246796,14.605982954936245,82,3.2475247524752477,28,1.108910891089109,32,1.2673267326732673,92.30312053460642,6.3195418493495925,27,1.0693069306930694,0.7978723404255319,0.6063829787234043,0.5247524752475248,0.0
bayes-fix-seed43,dense_square,3,417,1543568838,timeout,101,25.25,0.2048374435532886,0,0.0,0,1.270107112574157,14.166476555389933,15.548858791589737,19.32637061418858,74,2.9306930693069306,50,1.9801980198019802,21,0.8316831683168316,76.71273490463653,3.9693295981976764,17,0.6732673267326733,0.4574468085106383,0.24468085106382978,0.40594059405940597,0.1471764938372155
bayes-fix-seed43,dense_square,3,418,1543568839,success,61,15.25,0.17288581680307724,0,0.0,1,0.6264394541465036,14.304261104982407,16.088087111711502,11.202323876009322,43,2.819672131147541,15,0.9836065573770492,7,0.45901639344262296,24.12816503627398,2.153853548900366,9,0.5901639344262295,0.1111111111111111,0.05555555555555555,0.18032786885245902,0.687912415328223
bayes-fix-seed43,dense_square,3,419,1543568840,timeout,101,25.25,0.18306834822367068,0,0.0,4,0.5891067610241543,14.370962497916553,15.976868569850922,15.91762078074604,93,3.6831683168316833,61,2.4158415841584158,50,1.9801980198019802,164.8454660163469,10.356162411894122,58,2.297029702970297,0.4148936170212766,0.3191489361702128,0.36633663366336633,0.19209601569800222
bayes-fix-seed43,dense_square,3,420,1543568841,success,95,23.75,0.21257030336226312,0,0.0,0,0.9835699081553891,15.554737731030112,16.472379863262177,15.417095546172561,79,3.3263157894736843,45,1.894736842105263,13,0.5473684210526316,73.09340661755498,4.74106205015387,24,1.0105263157894737,0.22727272727272727,0.125,0.17894736842105263,0.5052474350694616
bayes-fix-seed43,dense_square,3,421,1543568842,success,82,20.5,0.1701976117763544,0,0.0,5,0.6349631085776569,14.315144681349032,15.654180571436882,15.593129932481261,66,3.2195121951219514,45,2.1951219512195124,24,1.170731707317073,82.45876358262603,5.288147019852656,14,0.6829268292682927,0.14666666666666667,0.14666666666666667,0.2926829268292683,0.4979092252379649
bayes-fix-seed43,dense_square,3,422,1543568843,timeout,101,25.25,0.24139727934102195,0,0.0,0,0.7068827277651768,14.482986698351285,15.906080603599548,19.18221084161847,87,3.4455445544554455,52,2.0594059405940595,25,0.9900990099009901,105.60834720123293,5.505535731684325,47,1.8613861386138615,0.4574468085106383,0.3617021276595745,0.42574257425742573,0.18239016625175725
bayes-fix-seed43,dense_square,3,423,1543568844,collision,29,7.25,-0.04693117682682968,1,0.25,6,0.4198031533463811,13.431766680602369,15.52085131406784,4.390443485227913,27,3.7241379310344827,15,2.0689655172413794,6,0.8275862068965517,25.642362759953624,5.840494894474766,7,0.9655172413793104,0.45454545454545453,0.45454545454545453,0.41379310344827586,0.0
bayes-fix-seed43,dense_square,3,424,1543568845,success,64,16.0,0.16583978448040748,0,0.0,7,0.5882397064538015,14.420391817111522,15.990087576210497,12.633776319490499,43,2.6875,18,1.125,4,0.25,24.20286689546168,1.9157270386466478,7,0.4375,0.15789473684210525,0.08771929824561403,0.125,0.6144284102586303
bayes-fix-seed43,dense_square,3,425,1543568846,timeout,101,25.25,0.2578800227745911,0,0.0,0,0.6193528552004043,14.406590325997607,15.795096755027771,14.81322962040178,92,3.6435643564356437,63,2.495049504950495,45,1.7821782178217822,137.85312228302263,9.306081510622235,51,2.01980198019802,0.6595744680851063,0.5638297872340425,0.4752475247524752,0.0
bayes-fix-seed43,dense_square,3,426,1543568847,timeout,101,25.25,0.24348921416260738,0,0.0,0,1.5501622825935368,14.45709773809603,15.923082828521729,17.95242878597457,83,3.287128712871287,42,1.6633663366336633,27,1.0693069306930694,102.66600596147433,5.718780850515485,41,1.6237623762376239,0.6170212765957447,0.39361702127659576,0.504950495049505,0.0
bayes-fix-seed43,dense_square,3,427,1543568848,timeout,101,25.25,0.1370866956249167,0,0.0,5,0.6595118508799817,14.549003784904386,15.84446057677269,13.86702077295365,96,3.801980198019802,62,2.4554455445544554,56,2.217821782178218,164.1473712779405,11.837248531284734,56,2.217821782178218,0.4148936170212766,0.3617021276595745,0.3465346534653465,0.21114360369307092
bayes-fix-seed43,dense_square,3,428,1543568849,success,89,22.25,0.09952389822603536,0,0.0,16,0.3930127802360534,14.442249588417203,16.096990555524826,12.781778585814989,76,3.4157303370786516,34,1.5280898876404494,13,0.5842696629213483,61.91527963157353,4.844026925977744,25,1.1235955056179776,0.34146341463414637,0.32926829268292684,0.21348314606741572,0.6027093823575933
bayes-fix-seed43,dense_square,3,429,1543568850,timeout,101,25.25,0.16840434274543725,0,0.0,2,0.4923742221628676,14.315232265703749,15.842687338590622,12.460490022633318,97,3.8415841584158414,55,2.1782178217821784,42,1.6633663366336633,125.12004595532079,10.041342333090585,30,1.188118811881188,0.5,0.43617021276595747,0.3564356435643564,0.3471026107091064
bayes-fix-seed43,dense_square,3,430,1543568851,timeout,101,25.25,0.19199567849035537,0,0.0,2,0.42720486474496344,14.282928576858916,16.03110134601593,12.917627450360689,96,3.801980198019802,52,2.0594059405940595,55,2.1782178217821784,152.1382005227176,11.777565277164697,50,1.9801980198019802,0.44680851063829785,0.39361702127659576,0.297029702970297,0.2361293383478117
bayes-fix-seed43,dense_square,3,431,1543568852,timeout,101,25.25,0.15651960261331066,0,0.0,3,0.876388975076296,14.454200421229448,16.10938087105751,11.927505021087972,82,3.2475247524752477,36,1.4257425742574257,32,1.2673267326732673,100.57878164971535,8.432508011683153,27,1.0693069306930694,0.5531914893617021,0.46808510638297873,0.40594059405940597,0.33286775060807383
bayes-fix-seed43,dense_square,3,432,1543568853,timeout,101,25.25,0.19879005746821343,0,0.0,1,0.5627293556374614,14.621057464639739,16.356680542230606,16.053307861598896,86,3.405940594059406,58,2.297029702970297,47,1.8613861386138615,140.8325164310281,8.772803564548429,35,1.386138613861386,0.5638297872340425,0.5638297872340425,0.3069306930693069,0.37056350929062676
bayes-fix-seed43,dense_square,3,433,1543568854,timeout,101,25.25,0.2122809890181483,0,0.0,0,0.5987821258799833,14.310567390800703,15.970632433891296,19.068174782862304,78,3.089108910891089,43,1.702970297029703,31,1.2277227722772277,103.58011799401227,5.432094008657076,34,1.3465346534653466,0.39361702127659576,0.3404255319148936,0.32673267326732675,0.2614751525996275
bayes-fix-seed43,dense_square,3,434,1543568855,success,84,21.0,0.19273213700176672,0,0.0,3,0.951895400069206,14.216593067560877,15.991890989243982,16.84771311135189,55,2.619047619047619,28,1.3333333333333333,11,0.5238095238095238,41.59798745669016,2.4690583927774554,12,0.5714285714285714,0.35064935064935066,0.2597402597402597,0.2619047619047619,0.4620747480027014
bayes-fix-seed43,dense_square,3,435,1543568856,timeout,101,25.25,0.13704746719494332,0,0.0,3,0.5601138539520736,14.497621888571446,15.879258513450623,11.682040163566777,87,3.4455445544554455,42,1.6633663366336633,29,1.1485148514851484,106.2995272751939,9.099397518484338,42,1.6633663366336633,0.5425531914893617,0.46808510638297873,0.297029702970297,0.32357261617606436
bayes-fix-seed43,dense_square,3,436,1543568857,timeout,101,25.25,0.13745282091014321,0,0.0,4,0.6341274436412891,14.367601548386093,16.047466546297073,15.876149568029339,86,3.405940594059406,49,1.9405940594059405,16,0.6336633663366337,74.80457909478687,4.711758274526772,30,1.188118811881188,0.22340425531914893,0.22340425531914893,0.24752475247524752,0.4569817792490509
bayes-fix-seed43,dense_square,3,437,1543568858,timeout,101,25.25,0.4051423211010218,0,0.0,0,1.4279253902940463,14.328376011978282,15.820328146219254,18.72429159352951,87,3.4455445544554455,41,1.6237623762376239,37,1.4653465346534653,112.59996828989112,6.013576947754964,44,1.7425742574257426,0.776595744680851,0.5531914893617021,0.5643564356435643,0.0
bayes-fix-seed43,dense_square,3,438,1543568859,timeout,101,25.25,0.19557539172418437,0,0.0,3,0.4559341279178103,14.306660925987924,15.678346157073975,13.271601969966959,88,3.485148514851485,35,1.386138613861386,37,1.4653465346534653,109.98757044441649,8.287437394017198,37,1.4653465346534653,0.3617021276595745,0.3191489361702128,0.27722772277227725,0.29876668112878285
bayes-fix-seed43,dense_square,3,439,1543568860,timeout,101,25.25,0.20392426299345012,0,0.0,0,0.8082582656903307,14.74804766844995,16.262635588645935,19.553739423656864,68,2.6930693069306932,33,1.306930693069307,14,0.5544554455445545,62.044861541995175,3.1730432833185307,21,0.8316831683168316,0.2978723404255319,0.2127659574468085,0.24752475247524752,0.3810267567748084
bayes-fix-seed43,dense_square,3,440,1543568861,success,92,23.0,0.13964900057484264,0,0.0,10,0.731511893796428,14.474795361899812,15.82900620996952,15.514532016955403,74,3.217391304347826,36,1.565217391304348,14,0.6086956521739131,61.19503281323344,3.944368592385196,24,1.0434782608695652,0.3176470588235294,0.29411764705882354,0.21739130434782608,0.5009945547821956
bayes-fix-seed43,dense_square,3,441,1543568862,timeout,101,25.25,0.19410898978053615,0,0.0,8,0.5068377942597273,14.576743771829227,16.080517321825027,12.726263718864722,85,3.366336633663366,45,1.7821782178217822,16,0.6336633663366337,68.24374193489905,5.362433424488779,22,0.8712871287128713,0.3617021276595745,0.20212765957446807,0.2871287128712871,0.5118911684109072
bayes-fix-seed43,dense_square,3,442,1543568863,success,74,18.5,0.11732374532985856,0,0.0,5,0.914177846927006,14.329634304787662,15.751815028488636,15.446809430657794,48,2.5945945945945947,21,1.135135135135135,7,0.3783783783783784,32.47082446188953,2.1021055906499115,10,0.5405405405405406,0.14925373134328357,0.029850746268656716,0.24324324324324326,0.5041156114033691
bayes-fix-seed43,dense_square,3,443,1543568864,success,76,19.0,0.21661775181590648,0,0.0,0,0.5799257249153486,14.447214670087162,16.07476733624935,12.34857606492002,61,3.210526315789474,30,1.5789473684210527,11,0.5789473684210527,45.161737346074865,3.6572425119015026,13,0.6842105263157895,0.18840579710144928,0.07246376811594203,0.2236842105263158,0.6338099928200678
bayes-fix-seed43,dense_square,3,444,1543568865,timeout,101,25.25,0.23418935636693194,0,0.0,0,0.6705771669314193,14.284848207884496,15.534419566392899,12.791287776641148,90,3.5643564356435644,44,1.7425742574257426,46,1.8217821782178218,138.30849727987226,10.81271094005443,43,1.702970297029703,0.648936170212766,0.6382978723404256,0.42574257425742573,0.10794986036589913
bayes-fix-seed43,dense_square,3,445,1543568866,timeout,101,25.25,0.20312929949794478,0,0.0,0,1.1922427283250672,14.455386907747476,16.07615500688553,17.333644968718232,91,3.603960396039604,46,1.8217821782178218,31,1.2277227722772277,107.58268945851444,6.206582034688451,33,1.306930693069307,0.648936170212766,0.46808510638297873,0.6039603960396039,0.0
bayes-fix-seed43,dense_square,3,446,1543568867,timeout,101,25.25,0.19072937897730058,0,0.0,2,0.789287211897722,14.470620394343197,15.93618094921112,13.139066063341318,93,3.6831683168316833,50,1.9801980198019802,24,0.9504950495049505,99.81990833912873,7.597184446589511,36,1.4257425742574257,0.18085106382978725,0.09574468085106383,0.21782178217821782,0.3096297923633905
bayes-fix-seed43,dense_square,3,447,1543568868,timeout,101,25.25,0.18436039953106775,0,0.0,9,0.4637189697921542,15.612627831425998,15.85283875465393,15.165882768401001,91,3.603960396039604,53,2.099009900990099,62,2.4554455445544554,172.53384158480438,11.376445685330541,68,2.6930693069306932,0.6382978723404256,0.5,0.32673267326732675,0.0
bayes-fix-seed43,dense_square,3,448,1543568869,success,75,18.75,0.17370843928897473,0,0.0,4,0.5495521377401072,14.443834275007248,15.970790386199951,13.455389046381375,61,3.2533333333333334,30,1.6,11,0.5866666666666667,55.6620239080558,4.13678294371022,23,1.2266666666666666,0.2647058823529412,0.16176470588235295,0.22666666666666666,0.5764822503796692
bayes-fix-seed43,dense_square,3,449,1543568870,timeout,101,25.25,0.21004927800923112,0,0.0,0,0.5922296600590896,14.447210264382976,15.921629965305328,17.144340836297584,82,3.2475247524752477,40,1.5841584158415842,28,1.108910891089109,94.62692394854882,5.519426197372779,38,1.504950495049505,0.40425531914893614,0.39361702127659576,0.26732673267326734,0.37900460592396423
bayes-fix-seed43,dense_square,3,450,1543568871,success,72,18.0,0.2766327315358337,0,0.0,0,1.0826457068270772,14.402982571886646,15.828949958086014,15.128568850264942,38,2.111111111111111,13,0.7222222222222222,5,0.2777777777777778,30.982689217804406,2.0479590319782175,10,0.5555555555555556,0.27692307692307694,0.09230769230769231,0.2361111111111111,0.5107768157725324
bayes-fix-seed43,dense_square,3,451,1543568872,success,69,17.25,0.19881724808881107,0,0.0,1,0.6909356698336104,14.528716118007466,16.234803944826126,12.067187836876661,46,2.6666666666666665,13,0.7536231884057971,0,0.0,18.8678050230038,1.5635627188419847,5,0.2898550724637681,0.1774193548387097,0.06451612903225806,0.14492753623188406,0.6442535374234661
bayes-fix-seed43,dense_square,3,452,1543568873,success,62,15.5,0.2187213518626988,0,0.0,0,0.7668529958210862,14.159467912489369,15.827742777764797,11.482520968151926,42,2.7096774193548385,21,1.3548387096774193,3,0.1935483870967742,27.469424947751452,2.392281714437188,10,0.6451612903225806,0.03636363636363636,0.0,0.16129032258064516,0.6767136266335592
bayes-fix-seed43,dense_square,3,453,1543568874,success,55,13.75,0.1606537847664482,0,0.0,4,0.8692889207243824,14.31971944191239,15.9492127597332,11.37566907876783,34,2.4727272727272727,22,1.6,5,0.36363636363636365,25.348858190170702,2.228339978479437,9,0.6545454545454545,0.125,0.125,0.18181818181818182,0.6851282338114986
bayes-fix-seed43,dense_square,3,454,1543568875,success,53,13.25,0.22277881022880697,0,0.0,0,0.8744481562530084,14.206857824662947,16.17971509695053,11.894200103746567,27,2.0377358490566038,17,1.2830188679245282,1,0.07547169811320754,17.71587709272856,1.4894551073802953,3,0.22641509433962265,0.15217391304347827,0.15217391304347827,0.11320754716981132,0.6515902761109214
bayes-fix-seed43,dense_square,3,455,1543568876,success,95,23.75,0.28045249472932343,0,0.0,0,0.8697601027694168,14.540907113175644,15.963321179151535,14.93015504853435,69,2.905263157894737,36,1.5157894736842106,10,0.42105263157894735,49.43472367594981,3.31106565975031,18,0.7578947368421053,0.20454545454545456,0.09090909090909091,0.11578947368421053,0.5222770954312167
bayes-fix-seed43,dense_square,3,456,1543568877,timeout,101,25.25,0.11225921298412411,0,0.0,2,0.7909084107285144,14.678715147299341,16.201388090848923,11.85437451103723,92,3.6435643564356437,46,1.8217821782178218,29,1.1485148514851484,109.44238175550363,9.232235885040186,42,1.6633663366336633,0.2872340425531915,0.26595744680851063,0.33663366336633666,0.37594165443179606
bayes-fix-seed43,dense_square,3,457,1543568878,success,66,16.5,0.23935209064841534,0,0.0,0,0.8318665019188567,14.203069223599,16.159304417669773,12.868479575302013,50,3.0303030303030303,26,1.5757575757575757,9,0.5454545454545454,38.46117926952747,2.9887897046784424,8,0.48484848484848486,0.0,0.0,0.15151515151515152,0.6038228691260286
bayes-fix-seed43,dense_square,3,458,1543568879,success,63,15.75,0.15407461557230784,0,0.0,5,0.5058858197540671,14.254848280596354,16.159360855817795,11.903845988920617,49,3.111111111111111,23,1.4603174603174602,4,0.25396825396825395,29.13344110399594,2.4473973479757376,6,0.38095238095238093,0.19642857142857142,0.17857142857142858,0.19047619047619047,0.6572157911080841
bayes-fix-seed43,dense_square,3,459,1543568880,collision,15,3.75,-0.043648549426958616,1,0.25,2,0.40731704314639255,11.992423236370087,13.382315635681152,2.125749429051899,14,3.7333333333333334,8,2.1333333333333333,5,1.3333333333333333,16.289912907579332,7.663138789995942,3,0.8,0.875,0.875,0.6,0.0
bayes-fix-seed43,dense_square,3,460,1543568881,timeout,101,25.25,0.15701370602550824,0,0.0,4,0.6596539330844479,14.674331513371799,16.11151546239853,19.321208728146836,91,3.603960396039604,57,2.257425742574257,22,0.8712871287128713,82.7224599748986,4.2814329651327565,27,1.0693069306930694,0.2553191489361702,0.23404255319148937,0.2871287128712871,0.394047123483713
bayes-fix-seed43,dense_square,3,461,1543568882,success,82,20.5,0.063332709150424,0,0.0,3,0.5746071765981259,14.432785123950097,16.22005682438612,15.093743415980995,70,3.4146341463414633,33,1.6097560975609757,15,0.7317073170731707,61.06779887162382,4.045901483058622,12,0.5853658536585366,0.22666666666666666,0.21333333333333335,0.23170731707317074,0.5127213443809151
bayes-fix-seed43,dense_square,3,462,1543568883,timeout,101,25.25,0.12030586110649433,0,0.0,7,0.5068496780916938,14.507404021402397,16.198180615901947,15.408272166829502,93,3.6831683168316833,60,2.376237623762376,45,1.7821782178217822,156.13433504744984,10.133150125915577,42,1.6633663366336633,0.5,0.4574468085106383,0.3465346534653465,0.30462678213799044
bayes-fix-seed43,dense_square,3,463,1543568884,success,62,15.5,0.21813755689214165,0,0.0,0,0.9517928710093915,14.34717225211282,15.916213020682335,13.779769461424088,38,2.4516129032258065,16,1.032258064516129,5,0.3225806451612903,25.847000481076037,1.8757208205430198,10,0.6451612903225806,0.09090909090909091,0.05454545454545454,0.16129032258064516,0.5593004210430865
bayes-fix-seed43,dense_square,3,464,1543568885,success,55,13.75,0.2068647960124229,0,0.0,0,0.6744245419404709,14.371406422419982,16.25569723546505,11.153756740752561,32,2.327272727272727,14,1.018181818181818,3,0.21818181818181817,15.368616204658771,1.3778869812093308,4,0.2909090909090909,0.14583333333333334,0.0625,0.14545454545454545,0.6933805538647545
bayes-fix-seed43,dense_square,3,465,1543568886,success,65,16.25,0.2010836106249243,0,0.0,0,0.6361987692632622,14.480652717443613,16.11970365047455,11.73346195865078,50,3.076923076923077,22,1.353846153846154,4,0.24615384615384617,28.216853234611804,2.404819083579015,13,0.8,0.1896551724137931,0.1724137931034483,0.15384615384615385,0.6614323846370843
bayes-fix-seed43,dense_square,3,466,1543568887,timeout,101,25.25,0.33084267308075843,0,0.0,0,0.8954665443423344,14.575039728148148,16.137734055519104,15.752165143613652,97,3.8415841584158414,79,3.128712871287129,70,2.772277227722772,178.1779617771673,11.311331499683101,72,2.8514851485148514,0.6276595744680851,0.6276595744680851,0.37623762376237624,0.021447522046310282
bayes-fix-seed43,dense_square,3,467,1543568888,success,85,21.25,0.21468826671249341,0,0.0,0,0.936475696900725,14.511332354124855,16.552496701478958,15.7440553277598,65,3.0588235294117645,35,1.6470588235294117,6,0.2823529411764706,41.35710167795049,2.626839198477025,13,0.611764705882353,0.28205128205128205,0.21794871794871795,0.23529411764705882,0.49348831864734344
bayes-fix-seed43,dense_square,3,468,1543568889,success,75,18.75,0.12218257467394389,0,0.0,5,0.5830326508247993,14.224768082300821,15.623897686600685,13.12956411984589,60,3.2,24,1.28,14,0.7466666666666667,50.978735817452126,3.882743962565796,15,0.8,0.25,0.23529411764705882,0.17333333333333334,0.5929148547800736
bayes-fix-seed43,dense_square,3,469,1543568890,success,57,14.25,0.22348416661708004,0,0.0,0,0.7288440964406054,14.100795186925353,16.00189581513405,10.952881735064636,36,2.526315789473684,24,1.6842105263157894,5,0.3508771929824561,22.72644292999643,2.0749281768687258,9,0.631578947368421,0.22,0.14,0.10526315789473684,0.7063478566142033
bayes-fix-seed43,dense_square,3,470,1543568891,timeout,101,25.25,0.20458814453019636,0,0.0,0,0.7686641861792736,14.250117142011623,15.970103442668915,16.05577977900793,89,3.5247524752475248,54,2.1386138613861387,47,1.8613861386138615,137.83841021338512,8.5849714003677,51,2.01980198019802,0.8191489361702128,0.6595744680851063,0.5247524752475248,0.0
bayes-fix-seed43,dense_square,3,471,1543568892,timeout,101,25.25,0.17714179056323165,0,0.0,2,0.7677908673712139,14.395103522456518,15.610359609127045,10.977328412773655,91,3.603960396039604,56,2.217821782178218,27,1.0693069306930694,112.59977588701756,10.257484485568638,41,1.6237623762376239,0.425531914893617,0.2765957446808511,0.32673267326732675,0.3354880593755294
bayes-fix-seed43,dense_square,3,472,1543568893,success,88,22.0,0.07559449266572138,0,0.0,15,0.4590485241662647,14.224289239130236,15.844794921576977,16.007592102728886,72,3.272727272727273,38,1.7272727272727273,9,0.4090909090909091,49.10508000817387,3.067611898969034,23,1.0454545454545454,0.2716049382716049,0.07407407407407407,0.2159090909090909,0.4871667714409238
bayes-fix-seed43,dense_square,3,473,1543568894,timeout,101,25.25,0.10848689422217761,0,0.0,7,0.4149698955772701,14.488469514221247,15.882950276136398,14.989400557844132,84,3.3267326732673266,45,1.7821782178217822,28,1.108910891089109,91.83052691850209,6.126364197429234,24,0.9504950495049505,0.2553191489361702,0.14893617021276595,0.25742574257425743,0.5018457961869139
bayes-fix-seed43,dense_square,3,474,1543568895,success,74,18.5,0.1722623161817297,0,0.0,2,0.48127328816287723,14.24067497656152,16.174438782036304,14.21403616338023,62,3.3513513513513513,28,1.5135135135135136,7,0.3783783783783784,42.176076052714436,2.9672132227560457,15,0.8108108108108109,0.11940298507462686,0.1044776119402985,0.20270270270270271,0.545028869441288
bayes-fix-seed43,dense_square,3,475,1543568896,success,55,13.75,0.16141223484364586,0,0.0,6,0.4245490829746309,14.299724996089935,15.46524204313755,11.032956177662562,42,3.0545454545454547,21,1.5272727272727273,0,0.0,20.667774815749464,1.8732762537019458,13,0.9454545454545454,0.0,0.0,0.05454545454545454,0.7058350885746931
bayes-fix-seed43,dense_square,3,476,1543568897,success,74,18.5,0.15526849952032207,0,0.0,2,0.7054449622825356,14.255160063102439,15.754299238324165,11.246152727593582,65,3.5135135135135136,30,1.6216216216216217,11,0.5945945945945946,52.6544523874555,4.681996915999766,18,0.972972972972973,0.0,0.0,0.10810810810810811,0.6907255924712655
bayes-fix-seed43,dense_square,3,477,1543568898,collision,10,2.5,-0.025754833742534733,1,0.25,3,0.24901768416224335,11.280292272567749,11.809483915567398,1.589659076344925,7,2.8,3,1.2,1,0.4,5.562795941456276,3.4993641241911533,0,0.0,1.0,0.6666666666666666,0.4,0.06745120452925228
bayes-fix-seed43,dense_square,3,478,1543568899,timeout,101,25.25,0.17305616737754537,0,0.0,1,1.2376259420590245,14.245415862539026,15.53063839673996,16.214566635972705,92,3.6435643564356437,38,1.504950495049505,18,0.7128712871287128,85.31425310675719,5.261580837904351,32,1.2673267326732673,0.5957446808510638,0.4574468085106383,0.5445544554455446,0.0
bayes-fix-seed43,dense_square,3,479,1543568900,timeout,101,25.25,0.1626046851161259,0,0.0,11,0.5756326340243025,14.392154272830131,15.555232763290405,16.402772972360275,84,3.3267326732673266,44,1.7425742574257426,22,0.8712871287128713,85.08840787803001,5.187440442016081,13,0.5148514851485149,0.2872340425531915,0.20212765957446807,0.297029702970297,0.39783349151850345
bayes-fix-seed43,dense_square,3,480,1543568901,success,78,19.5,0.33643692466327024,0,0.0,0,0.8564418671665021,14.235799081432514,15.632063895463943,12.176178879333026,62,3.1794871794871793,31,1.5897435897435896,7,0.358974358974359,50.88838411243176,4.17933939840569,21,1.0769230769230769,0.22535211267605634,0.09859154929577464,0.15384615384615385,0.6374385852069491
bayes-fix-seed43,dense_square,3,481,1543568902,success,68,17.0,0.2878493927525896,0,0.0,0,0.8876519809959951,16.02767950252575,15.67461583763361,12.644500064448273,51,3.0,24,1.411764705882353,8,0.47058823529411764,37.23647369583321,2.944875124049278,11,0.6470588235294118,0.22950819672131148,0.22950819672131148,0.1323529411764706,0.6091932883288325
bayes-fix-seed43,dense_square,3,482,1543568903,timeout,101,25.25,0.20697132515123473,0,0.0,0,0.9695309289222116,14.358609582823101,15.620697289705276,17.010121736541894,81,3.207920792079208,62,2.4554455445544554,46,1.8217821782178218,156.55458001886268,9.203613145374804,57,2.257425742574257,0.723404255319149,0.5212765957446809,0.48514851485148514,0.0
bayes-fix-seed43,dense_square,3,483,1543568904,timeout,101,25.25,0.19623170284019997,0,0.0,1,0.6534323988556996,14.315853393313908,15.650372952222824,13.672572185989262,93,3.6831683168316833,49,1.9405940594059405,49,1.9405940594059405,145.70131730599508,10.656467219481938,36,1.4257425742574257,0.574468085106383,0.5638297872340425,0.3564356435643564,0.2319328384504796
bayes-fix-seed43,dense_square,3,484,1543568905,timeout,101,25.25,0.3266576048443752,0,0.0,0,2.1969542530878057,14.16526218452076,15.731114894151688,17.981356486081232,96,3.801980198019802,56,2.217821782178218,32,1.2673267326732673,124.28921454425142,6.912115592639496,40,1.5841584158415842,0.6808510638297872,0.648936170212766,0.5742574257425742,0.0
bayes-fix-seed43,dense_square,3,485,1543568906,success,89,22.25,0.21345582795431717,0,0.0,0,0.710360588546928,14.757498429062661,16.79174229502678,13.36706316870651,75,3.3707865168539324,32,1.4382022471910112,10,0.449438202247191,52.75264213727462,3.9464646400993506,23,1.0337078651685394,0.21951219512195122,0.15853658536585366,0.16853932584269662,0.5864270285774072
bayes-fix-seed43,dense_square,3,486,1543568907,timeout,101,25.25,0.22676116238759314,0,0.0,0,1.316005829143261,14.76814653171171,16.698934137821198,17.6797859218097,92,3.6435643564356437,62,2.4554455445544554,52,2.0594059405940595,139.4388235744501,7.886906786718444,58,2.297029702970297,0.6914893617021277,0.6595744680851063,0.504950495049505,0.0
bayes-fix-seed43,dense_square,3,487,1543568908,timeout,101,25.25,0.19806910952013645,0,0.0,1,0.6218278658418411,15.086314687044313,16.859441995620728,13.862456866735178,82,3.2475247524752477,38,1.504950495049505,10,0.39603960396039606,54.747129810532414,3.949309298981877,13,0.5148514851485149,0.2553191489361702,0.13829787234042554,0.1782178217821782,0.5322851675769512
bayes-fix-seed43,dense_square,3,488,1543568909,success,50,12.5,0.16788108159375104,0,0.0,2,0.5573559617563131,14.307667911052704,16.010631062090397,10.369890438568655,33,2.64,17,1.36,0,0.0,16.823769992192013,1.6223671881449675,5,0.4,0.0,0.0,0.02,0.7471316317077711
bayes-fix-seed43,dense_square,3,489,1543568910,timeout,101,25.25,0.14037772294217177,0,0.0,6,1.1369758642569212,14.425395370119869,16.13369584083557,16.586818855605564,91,3.603960396039604,48,1.900990099009901,23,0.9108910891089109,92.24179570428282,5.561150483843949,31,1.2277227722772277,0.7127659574468085,0.6382978723404256,0.49504950495049505,0.0
bayes-fix-seed43,dense_square,3,490,1543568911,timeout,101,25.25,0.19591529101768834,0,0.0,13,0.4825989940553076,14.476378033361813,15.67348837852478,12.96845671834424,98,3.881188118811881,66,2.613861386138614,67,2.6534653465346536,190.68936333319746,14.704090662033986,69,2.732673267326733,0.5,0.4574468085106383,0.297029702970297,0.23221502486304574
bayes-fix-seed43,dense_square,3,491,1543568912,timeout,101,25.25,0.4440992887767875,0,0.0,0,1.1698932035597418,14.314382493791014,16.128573566675186,15.80925461023064,96,3.801980198019802,60,2.376237623762376,54,2.1386138613861387,149.0235223276852,9.426347161949536,42,1.6633663366336633,0.7978723404255319,0.723404255319149,0.4752475247524752,0.0
bayes-fix-seed43,dense_square,3,492,1543568913,timeout,101,25.25,0.20020575383390637,0,0.0,0,0.6639782887535605,14.423827354860778,15.819970518350601,19.0383199994804,85,3.366336633663366,56,2.217821782178218,33,1.306930693069307,97.08518960116983,5.099462011554565,37,1.4653465346534653,0.44680851063829785,0.43617021276595747,0.33663366336633666,0.2959803371353154
bayes-fix-seed43,dense_square,3,493,1543568914,timeout,101,25.25,0.46199779863572144,0,0.0,0,1.2655107195532966,14.499324825730655,15.916146337985992,15.384687887028896,94,3.722772277227723,20,0.7920792079207921,48,1.900990099009901,146.00063401098024,9.489996487616493,45,1.7821782178217822,0.6276595744680851,0.6063829787234043,0.49504950495049505,0.0069611136537751205
bayes-fix-seed43,dense_square,3,494,1543568915,timeout,101,25.25,0.2013213712571802,0,0.0,0,0.8420299294625531,14.498795576319836,15.914089977741241,16.48041821327642,86,3.405940594059406,46,1.8217821782178218,39,1.5445544554455446,122.36910453631825,7.4251213138353025,46,1.8217821782178218,0.5425531914893617,0.39361702127659576,0.43564356435643564,0.0
bayes-fix-seed43,dense_square,3,495,1543568916,collision,17,4.25,-0.0013196819955276773,1,0.25,5,0.7260953535253287,12.653912034104852,14.010059088468552,1.936274376069095,16,3.764705882352941,7,1.6470588235294117,3,0.7058823529411765,19.747392604790857,10.19865410029378,5,1.1764705882352942,0.1,0.1,0.17647058823529413,0.4927995537126148
bayes-fix-seed43,dense_square,3,496,1543568917,success,80,20.0,0.1882490089539749,0,0.0,1,0.5407000850105362,14.204421686008573,15.90669211000204,11.741202371781071,67,3.35,26,1.3,10,0.5,53.179382589034574,4.529296140644544,20,1.0,0.1917808219178082,0.0821917808219178,0.175,0.662294876239936
bayes-fix-seed43,dense_square,3,497,1543568918,timeout,101,25.25,0.18266118870734982,0,0.0,4,0.4336915828467256,14.465082252379691,15.99278673529625,15.119436389912146,94,3.722772277227723,64,2.5346534653465347,49,1.9405940594059405,147.6251874972483,9.763934560136478,27,1.0693069306930694,0.3191489361702128,0.24468085106382978,0.2871287128712871,0.3201354321780866
bayes-fix-seed43,dense_square,3,498,1543568919,timeout,101,25.25,0.2291139088788915,0,0.0,0,0.939614477148521,14.450510060138042,15.915170311927795,16.211033517265086,86,3.405940594059406,53,2.099009900990099,15,0.594059405940594,82.86469361584403,5.111623113208138,27,1.0693069306930694,0.3191489361702128,0.2553191489361702,0.2871287128712871,0.26943113658834816
bayes-fix-seed43,dense_square,3,499,1543568920,success,78,19.5,0.19050656723088688,0,0.0,1,0.8472321227641826,14.783425925251764,16.422243043780327,16.608890352814456,52,2.6666666666666665,22,1.1282051282051282,4,0.20512820512820512,31.53086469436584,1.898432949135749,15,0.7692307692307693,0.16901408450704225,0.07042253521126761,0.23076923076923078,0.4669067519539747
bayes-fix-seed43,large_circle,4,0,1544568424,success,76,19.0,0.20208794752371806,0,0.0,0,1.1131820791031646,14.268360884958192,15.180416405200958,15.655886270270791,48,2.526315789473684,27,1.4210526315789473,11,0.5789473684210527,37.46390187393187,2.392959505912652,16,0.8421052631578947,0.057971014492753624,0.057971014492753624,0.14473684210526316,0.757982747570806
bayes-fix-seed43,large_circle,4,1,1544568425,success,68,17.0,0.1595503593869061,0,0.0,4,1.4554930338264176,14.061679296633777,15.518812090158463,14.376264479771391,49,2.8823529411764706,22,1.2941176470588236,8,0.47058823529411764,35.125055351092065,2.4432671922887867,19,1.1176470588235294,0.0,0.0,0.058823529411764705,0.8161314647047525
bayes-fix-seed43,large_circle,4,2,1544568426,success,82,20.5,0.17512338799447236,0,0.0,1,2.114107456386643,14.106714234846395,15.99630992859602,18.445282489943875,44,2.1463414634146343,21,1.024390243902439,4,0.1951219512195122,26.291753521014368,1.4253917518123285,11,0.5365853658536586,0.13333333333333333,0.013333333333333334,0.15853658536585366,0.6452875979917696
bayes-fix-seed43,large_circle,4,3,1544568427,success,73,18.25,0.26304344501420895,0,0.0,0,0.7377017874378219,14.347559019719085,16.098426282405853,15.317343138003164,49,2.684931506849315,36,1.9726027397260273,2,0.1095890410958904,32.2049339667556,2.102514364051387,20,1.095890410958904,0.015151515151515152,0.0,0.0821917808219178,0.7642852801221905
bayes-fix-seed43,large_circle,4,4,1544568428,success,82,20.5,0.2071834799190866,0,0.0,0,1.473920122897178,14.469729600156226,15.767462737858295,17.66740140004489,48,2.341463414634146,28,1.3658536585365855,7,0.34146341463414637,33.17583722581758,1.8777994836146805,4,0.1951219512195122,0.16,0.12,0.13414634146341464,0.6651842072088325
bayes-fix-seed43,large_circle,4,5,1544568429,success,60,15.0,0.3423688544517701,0,0.0,0,0.7968362755421101,14.052945437530676,15.084286406636238,13.885837421427416,31,2.066666666666667,16,1.0666666666666667,0,0.0,12.527388214215708,0.9021701633121912,3,0.2,0.0,0.0,0.03333333333333333,0.8454966586987086
bayes-fix-seed43,large_circle,4,6,1544568430,success,80,20.0,0.25984335084710153,0,0.0,0,2.2146718813951054,14.212666125968099,15.621662698686123,17.31484727812208,52,2.6,27,1.35,2,0.1,26.900041954411666,1.553582397945884,11,0.55,0.0958904109589041,0.0273972602739726,0.125,0.6798965988790154
bayes-fix-seed43,large_circle,4,7,1544568431,success,65,16.25,0.20145344794670306,0,0.0,0,1.101068615905454,14.208122744010044,15.6072698533535,14.206540207159337,43,2.646153846153846,24,1.476923076923077,5,0.3076923076923077,26.485275291494496,1.864301575562172,13,0.8,0.0,0.0,0.06153846153846154,0.831597611688005
bayes-fix-seed43,large_circle,4,8,1544568432,success,73,18.25,0.20000685929243822,0,0.0,0,1.1149843758433073,14.12574385535227,15.27547240257263,15.804538434882376,47,2.5753424657534247,30,1.643835616438356,5,0.273972602739726,31.754994246539415,2.00923262500679,8,0.4383561643835616,0.0,0.0,0.0821917808219178,0.743055034137317
bayes-fix-seed43,large_circle,4,9,1544568433,timeout,101,25.25,0.2291433749109083,0,0.0,0,0.76705891060751,14.358685268919066,15.642993152141571,20.091682833424265,66,2.613861386138614,30,1.188118811881188,19,0.7524752475247525,61.775439835450214,3.074677235730667,4,0.15841584158415842,0.2553191489361702,0.14893617021276595,0.2376237623762376,0.5466673643192003
bayes-fix-seed43,large_circle,4,10,1544568434,success,78,19.5,0.22821735932824594,0,0.0,0,1.8393607621662773,14.163185913975422,16.239049285650253,16.415160240823692,57,2.923076923076923,31,1.5897435897435896,5,0.2564102564102564,35.575100110206215,2.1672100417108755,11,0.5641025641025641,0.14084507042253522,0.14084507042253522,0.08974358974358974,0.7149687671078455
bayes-fix-seed43,large_circle,4,11,1544568435,success,71,17.75,0.14116794046942904,0,0.0,5,1.1445984562357305,14.010307234777532,15.274347737431526,13.674680466086002,46,2.591549295774648,25,1.408450704225352,7,0.39436619718309857,35.69468740441408,2.6102757934957945,19,1.0704225352112675,0.0,0.0,0.028169014084507043,0.8623011755077344
bayes-fix-seed43,large_circle,4,12,1544568436,success,73,18.25,0.21838174056084414,0,0.0,0,0.8354183226809285,14.20363646051655,15.636684745550156,15.139647603093787,45,2.4657534246575343,18,0.9863013698630136,4,0.2191780821917808,32.08685198999602,2.1193922626996335,10,0.547945205479452,0.0,0.0,0.0684931506849315,0.7833897143933154
bayes-fix-seed43,large_circle,4,13,1544568437,success,81,20.25,0.2239601959201064,0,0.0,0,1.0865048852765773,14.370262806798205,15.936657786369324,16.23529323478262,50,2.4691358024691357,24,1.1851851851851851,0,0.0,24.8691889001973,1.5317979503392865,8,0.3950617283950617,0.0945945945945946,0.05405405405405406,0.1111111111111111,0.7235412911782422
bayes-fix-seed43,large_circle,4,14,1544568438,success,70,17.5,0.22698067282034096,0,0.0,0,1.7080542645870302,14.147213154605456,15.864438936114311,14.201091870781188,50,2.857142857142857,33,1.8857142857142857,0,0.0,21.451778923341614,1.5105725051662224,16,0.9142857142857143,0.0,0.0,0.0,0.8288938969471318
bayes-fix-seed43,large_circle,4,15,1544568439,success,65,16.25,0.48031200594992673,0,0.0,0,1.13863329912774,14.026471399343931,15.550922602415085,14.860359051223245,28,1.7230769230769232,11,0.676923076923077,1,0.06153846153846154,14.588676097711575,0.9817176050339573,4,0.24615384615384617,0.0,0.0,0.046153846153846156,0.794146067644812
bayes-fix-seed43,large_circle,4,16,1544568440,success,70,17.5,0.2846703846972579,0,0.0,0,0.8918615699988814,14.338000118732452,16.159226559102535,13.403303722859556,45,2.5714285714285716,25,1.4285714285714286,3,0.17142857142857143,27.66364670596566,2.063942388978685,12,0.6857142857142857,0.0,0.0,0.014285714285714285,0.8774881816580132
bayes-fix-seed43,large_circle,4,17,1544568441,success,68,17.0,0.2258957189237425,0,0.0,0,0.8672417125036019,14.357648022911128,15.963966771960258,13.342962243546232,43,2.5294117647058822,23,1.3529411764705883,12,0.7058823529411765,39.226343121144694,2.939852665784003,19,1.1176470588235294,0.0,0.0,0.08823529411764706,0.8906296839944947
bayes-fix-seed43,large_circle,4,18,1544568442,success,78,19.5,0.6996900990716078,0,0.0,0,1.6102471028353496,14.286214342484108,15.870397910475727,17.09806744187932,44,2.2564102564102564,25,1.2820512820512822,9,0.46153846153846156,36.00504451637739,2.1057961456034544,9,0.46153846153846156,0.014084507042253521,0.014084507042253521,0.1282051282051282,0.693888183471051
bayes-fix-seed43,large_circle,4,19,1544568443,success,67,16.75,0.2173652832574804,0,0.0,0,1.3938688613813932,14.124575446345913,15.776122733950615,14.78750913343432,43,2.5671641791044775,28,1.671641791044776,1,0.05970149253731343,26.76684628267573,1.8100983770252639,11,0.6567164179104478,0.0,0.0,0.014925373134328358,0.7921640890457134
bayes-fix-seed43,large_circle,4,20,1544568444,success,96,24.0,0.17435146107705868,0,0.0,2,1.2041524143095599,14.260590736133357,15.662137418985367,18.66855409909187,72,3.0,37,1.5416666666666667,10,0.4166666666666667,58.32267520548695,3.1241131421272765,25,1.0416666666666667,0.056179775280898875,0.02247191011235955,0.11458333333333333,0.6295613934134848
bayes-fix-seed43,large_circle,4,21,1544568445,success,73,18.25,0.1847164890551456,0,0.0,1,1.3004706994942588,13.941140513714046,15.190007537603378,13.243090689301328,55,3.0136986301369864,27,1.4794520547945205,13,0.7123287671232876,43.21521882548881,3.263227583301307,14,0.7671232876712328,0.0,0.0,0.0684931506849315,0.8845608133830256
bayes-fix-seed43,large_circle,4,22,1544568446,success,85,21.25,0.13851637203797795,0,0.0,4,1.640104214540515,13.93606623305994,15.13381078839302,19.37824855620709,42,1.9764705882352942,19,0.8941176470588236,4,0.18823529411764706,26.059576581906377,1.3447849276120043,7,0.32941176470588235,0.15384615384615385,0.01282051282051282,0.2235294117647059,0.6083230463167547
bayes-fix-seed43,large_circle,4,23,1544568447,success,70,17.5,0.17178004598302,0,0.0,3,0.707088836466689,14.171629931245532,15.45437853783369,14.397758425262094,51,2.914285714285714,22,1.2571428571428571,4,0.22857142857142856,29.206450733139025,2.0285415180944986,15,0.8571428571428571,0.0,0.0,0.07142857142857142,0.8204535070153107
bayes-fix-seed43,large_circle,4,24,1544568448,success,67,16.75,0.20842195756877713,0,0.0,0,1.400885352802341,13.954973432110316,15.526281297206879,14.942140830243853,36,2.1492537313432836,20,1.1940298507462686,3,0.1791044776119403,21.645930216387157,1.4486498596355353,11,0.6567164179104478,0.0,0.0,0.07462686567164178,0.7870460171313639
bayes-fix-seed43,large_circle,4,25,1544568449,success,74,18.5,0.21363452826665208,0,0.0,0,1.5572894779357542,14.732208757384404,16.04276429861784,15.560046058766623,54,2.918918918918919,25,1.3513513513513513,3,0.16216216216216217,30.973558421722508,1.9905826952402765,13,0.7027027027027027,0.0,0.0,0.05405405405405406,0.7535750387378064
bayes-fix-seed43,large_circle,4,26,1544568450,success,64,16.0,0.13425625773286876,0,0.0,1,0.624456344979377,14.203606522642076,15.488902106881142,14.329740987727838,41,2.5625,17,1.0625,1,0.0625,21.388832146425266,1.4926181962913996,9,0.5625,0.0,0.0,0.03125,0.8251504366001696
bayes-fix-seed43,large_circle,4,27,1544568451,success,59,14.75,0.18485812943001023,0,0.0,1,0.8036291617414241,13.824610639426668,15.25026150047779,13.756542366720593,28,1.8983050847457628,17,1.152542372881356,0,0.0,12.586928952911336,0.9149776606192301,8,0.5423728813559322,0.0,0.0,0.0,0.856128715285897
bayes-fix-seed43,large_circle,4,28,1544568452,success,63,15.75,0.18176522091636194,0,0.0,1,1.480784938626816,13.836011290550232,15.060366690158844,13.176580374383482,42,2.6666666666666665,28,1.7777777777777777,1,0.06349206349206349,25.283026465598127,1.9187851284048416,21,1.3333333333333333,0.0,0.0,0.015873015873015872,0.8913479883460916
bayes-fix-seed43,large_circle,4,29,1544568453,success,75,18.75,0.15664671406142028,0,0.0,3,0.6279381495000339,14.343397319316864,15.714709833264351,14.214997559937,61,3.2533333333333334,32,1.7066666666666668,4,0.21333333333333335,34.76403348951282,2.445588424685378,17,0.9066666666666666,0.0,0.0,0.04,0.8304789353506294
bayes-fix-seed43,large_circle,4,30,1544568454,success,68,17.0,0.2275168597958791,0,0.0,0,0.6689603087506925,13.957842746201683,15.316353924572468,14.81483639118937,41,2.411764705882353,27,1.588235294117647,8,0.47058823529411764,33.91871072319205,2.28950963936153,11,0.6470588235294118,0.0,0.0,0.07352941176470588,0.7960323949093687
bayes-fix-seed43,large_circle,4,31,1544568455,success,80,20.0,0.20416923088979988,0,0.0,0,0.8864808006276157,14.23192541114986,16.04241393506527,16.98507729786589,54,2.7,35,1.75,10,0.5,45.52340316617637,2.6801999406794703,13,0.65,0.0684931506849315,0.0684931506849315,0.1125,0.6917700202462469
bayes-fix-seed43,large_circle,4,32,1544568456,success,78,19.5,0.2708527068754467,0,0.0,0,1.822164021317596,14.398381018485779,15.734983980655668,17.025068963644006,46,2.358974358974359,25,1.2820512820512822,8,0.41025641025641024,35.33697013635912,2.075584551922759,12,0.6153846153846154,0.056338028169014086,0.0,0.11538461538461539,0.6937250725286309
bayes-fix-seed43,large_circle,4,33,1544568457,success,84,21.0,0.13834803585217492,0,0.0,1,0.6348006864726601,14.218609070494061,15.349527820944786,15.420765563609978,57,2.7142857142857144,32,1.5238095238095237,6,0.2857142857142857,32.08282081781756,2.0804946865625666,15,0.7142857142857143,0.0,0.0,0.10714285714285714,0.7655630893535823
bayes-fix-seed43,large_circle,4,34,1544568458,success,68,17.0,0.17542426235960862,0,0.0,2,0.8948732145267182,13.803389580810771,15.321915037930012,14.184011257361725,41,2.411764705882353,21,1.2352941176470589,2,0.11764705882352941,20.17569829760262,1.422425428993587,3,0.17647058823529413,0.0,0.0,0.014705882352941176,0.8285512405138513
bayes-fix-seed43,large_circle,4,35,1544568459,success,94,23.5,0.2162517971599398,0,0.0,0,1.1955515294317245,15.943691213714315,15.910999104380608,18.449745062246805,68,2.893617021276596,34,1.446808510638298,20,0.851063829787234,74.99811279747603,4.064994532143566,29,1.2340425531914894,0.05747126436781609,0.05747126436781609,0.18085106382978725,0.6376056271920597
bayes-fix-seed43,large_circle,4,36,1544568460,success,80,20.0,0.19534303141917297,0,0.0,1,1.0634140463420574,14.67503597959876,16.166657395660877,14.993182952870164,49,2.45,17,0.85,5,0.25,31.190513328105368,2.0803129946556496,10,0.5,0.1780821917808219,0.1780821917808219,0.1375,0.785904256786848
bayes-fix-seed43,large_circle,4,37,1544568461,success,60,15.0,0.2572869139417657,0,0.0,0,0.7950817690161586,13.998514289657274,15.51172211766243,13.59536678596918,36,2.4,20,1.3333333333333333,2,0.13333333333333333,22.924780724955998,1.6862200987924099,11,0.7333333333333333,0.0,0.0,0.03333333333333333,0.8656571740119267
bayes-fix-seed43,large_circle,4,38,1544568462,success,71,17.75,0.1686914098901796,0,0.0,3,0.7246054283845752,14.326432850998891,16.150563955307007,14.674055729516658,51,2.8732394366197185,28,1.5774647887323943,5,0.28169014084507044,35.03851101378656,2.3877864211260342,19,1.0704225352112675,0.078125,0.078125,0.07042253521126761,0.8008604533460528
bayes-fix-seed43,large_circle,4,39,1544568463,success,79,19.75,0.2101792641689364,0,0.0,0,1.508453652028282,13.893848497279082,15.10772369801998,17.17505603164123,47,2.3797468354430378,28,1.4177215189873418,10,0.5063291139240507,42.860295937738954,2.495496716795472,12,0.6075949367088608,0.06944444444444445,0.06944444444444445,0.13924050632911392,0.6831135603065134
bayes-fix-seed43,large_circle,4,40,1544568464,timeout,101,25.25,0.18416551484288446,0,0.0,2,1.3526545679791562,14.487468886493456,16.462329775094986,20.34824727968401,52,2.0594059405940595,34,1.3465346534653466,36,1.4257425742574257,119.48979925528035,5.87224037593551,5,0.19801980198019803,0.3829787234042553,0.2872340425531915,0.26732673267326734,0.5377005999395277
bayes-fix-seed43,large_circle,4,41,1544568465,success,91,22.75,0.2134910972949401,0,0.0,0,1.4228445099589804,14.334597635072667,15.530290082097054,20.710027163696083,45,1.978021978021978,18,0.7912087912087912,7,0.3076923076923077,33.14965781283568,1.6006573796747987,8,0.3516483516483517,0.13095238095238096,0.047619047619047616,0.2087912087912088,0.5668714218718021
bayes-fix-seed43,large_circle,4,42,1544568466,success,74,18.5,0.6976746169357514,0,0.0,0,1.2416213817249175,13.999509146890125,15.291207656264305,15.325225576978664,52,2.810810810810811,27,1.4594594594594594,7,0.3783783783783784,36.74019668560304,2.397367431954388,12,0.6486486486486487,0.0,0.0,0.06756756756756757,0.7699626981128117
bayes-fix-seed43,large_circle,4,43,1544568467,success,76,19.0,0.20035937026342343,0,0.0,0,0.9689257076452021,14.065386580401345,15.509054064750671,16.788505561691274,42,2.210526315789474,22,1.1578947368421053,3,0.15789473684210525,30.439498565246005,1.8131154350452816,7,0.3684210526315789,0.11594202898550725,0.08695652173913043,0.10526315789473684,0.7013525866693927
bayes-fix-seed43,large_circle,4,44,1544568468,success,71,17.75,0.21317655645847944,0,0.0,0,1.1950786911636857,13.960237916506513,15.803258866071701,14.881128928825097,42,2.3661971830985915,24,1.352112676056338,10,0.5633802816901409,38.73058131111516,2.602664186054669,8,0.4507042253521127,0.0,0.0,0.08450704225352113,0.7904701619127537
bayes-fix-seed43,large_circle,4,45,1544568469,success,72,18.0,0.18346961734171463,0,0.0,2,1.0775812413049186,14.072401500824425,15.919403545558453,15.621499812154557,40,2.2222222222222223,23,1.2777777777777777,2,0.1111111111111111,23.638353763906714,1.5131936144514444,14,0.7777777777777778,0.015384615384615385,0.015384615384615385,0.041666666666666664,0.7539748869234022
bayes-fix-seed43,large_circle,4,46,1544568470,success,62,15.5,0.20175096572123874,0,0.0,0,0.7059064432506109,13.854823946472138,15.743505395948887,13.868191841795714,37,2.3870967741935485,25,1.6129032258064515,2,0.12903225806451613,19.792163895350168,1.4271625400869414,4,0.25806451612903225,0.0,0.0,0.016129032258064516,0.8465644328896419
bayes-fix-seed43,large_circle,4,47,1544568471,success,77,19.25,0.2426769893456563,0,0.0,0,1.1744696725309418,14.263046397404237,15.52165299654007,15.3473344942921,44,2.2857142857142856,18,0.935064935064935,5,0.2597402597402597,25.72402596482519,1.6761233668551587,7,0.36363636363636365,0.05714285714285714,0.04285714285714286,0.1038961038961039,0.764547472560671
bayes-fix-seed43,large_circle,4,48,1544568472,success,70,17.5,0.14489971564324566,0,0.0,2,1.0795527680995955,14.148414134979248,15.836399607360363,14.216171014305747,53,3.0285714285714285,36,2.057142857142857,4,0.22857142857142856,37.52287158439188,2.639449929705585,20,1.1428571428571428,0.0,0.0,0.04285714285714286,0.8254742126032569
bayes-fix-seed43,large_circle,4,49,1544568473,success,87,21.75,0.35095613985359053,0,0.0,0,1.322985378898315,14.017171943667291,15.295562893152237,17.416253844540613,57,2.6206896551724137,31,1.4252873563218391,3,0.13793103448275862,39.017303654136,2.2402810617259443,21,0.9655172413793104,0.0625,0.0125,0.13793103448275862,0.6722386205454395
bayes-fix-seed43,large_circle,4,50,1544568474,success,76,19.0,0.2602442069567633,0,0.0,0,0.7945631240348947,14.175556355008954,15.454363077878952,14.78105096027617,54,2.8421052631578947,30,1.5789473684210527,6,0.3157894736842105,35.489918606561304,2.4010416243026205,15,0.7894736842105263,0.0,0.0,0.07894736842105263,0.7993712578725022
bayes-fix-seed43,large_circle,4,51,1544568475,success,81,20.25,0.26712731920889987,0,0.0,0,1.9741613346262787,14.08727784399633,15.860538929700851,17.17638693967647,45,2.2222222222222223,17,0.8395061728395061,8,0.3950617283950617,37.28948098487268,2.170973506583979,7,0.345679012345679,0.0,0.0,0.1728395061728395,0.6908270003818261
bayes-fix-seed43,large_circle,4,52,1544568476,success,69,17.25,0.21929603400868392,0,0.0,0,0.7588812494151206,13.842062241789224,15.174966305494308,14.245031230461308,42,2.4347826086956523,23,1.3333333333333333,9,0.5217391304347826,35.33005869834606,2.4801671633261795,19,1.1014492753623188,0.03225806451612903,0.0,0.11594202898550725,0.8228194009037977
bayes-fix-seed43,large_circle,4,53,1544568477,success,75,18.75,0.15477594920646343,0,0.0,3,0.9150441581560924,14.221113622188568,15.583507344126701,15.431938384759325,44,2.3466666666666667,22,1.1733333333333333,1,0.05333333333333334,23.06483237888905,1.4946166712062574,6,0.32,0.014705882352941176,0.0,0.10666666666666667,0.7657456107516194
bayes-fix-seed43,large_circle,4,54,1544568478,success,69,17.25,0.24508048833406748,0,0.0,0,1.1910282223220112,14.449988316366637,16.267223656177517,13.990204341723027,47,2.7246376811594204,24,1.391304347826087,2,0.11594202898550725,27.86706251718852,1.9918981765034336,11,0.6376811594202898,0.0,0.0,0.028985507246376812,0.8387948923716744
bayes-fix-seed43,large_circle,4,55,1544568479,success,80,20.0,0.2167441512737185,0,0.0,0,1.0235686678613833,14.499967265874147,15.845173224806786,16.11393530606495,55,2.75,27,1.35,2,0.1,25.67324097905739,1.5932322236266219,4,0.2,0.0958904109589041,0.0958904109589041,0.075,0.7315924253620575
bayes-fix-seed43,large_circle,4,56,1544568480,success,69,17.25,0.04448519714834098,0,0.0,4,1.387438705108148,14.05570191749628,15.60988575220108,15.443804363292887,32,1.855072463768116,12,0.6956521739130435,4,0.2318840579710145,23.029801271382215,1.4912000132635623,7,0.4057971014492754,0.14516129032258066,0.11290322580645161,0.14492753623188406,0.7709843437474729
bayes-fix-seed43,large_circle,4,57,1544568481,success,85,21.25,0.24281203063861345,0,0.0,0,0.9480304945622161,14.068127072909299,15.361338108778,18.29590053393372,48,2.2588235294117647,24,1.1294117647058823,5,0.23529411764705882,33.246421080020674,1.8171513896437055,5,0.23529411764705882,0.1282051282051282,0.0641025641025641,0.16470588235294117,0.6437078424505848
bayes-fix-seed43,large_circle,4,58,1544568482,success,83,20.75,0.200103239933753,0,0.0,0,0.912118085542694,14.197409601814776,16.00496508181095,17.489303147549066,50,2.4096385542168677,23,1.108433734939759,4,0.1927710843373494,34.79507637712514,1.989506161770733,17,0.8192771084337349,0.09210526315789473,0.013157894736842105,0.18072289156626506,0.6759794155580157
bayes-fix-seed43,large_circle,4,59,1544568483,success,83,20.75,0.15110677808090212,0,0.0,3,0.9468319142082201,14.080732836421713,15.184086933732033,17.238922355792656,63,3.036144578313253,31,1.4939759036144578,6,0.2891566265060241,37.03844337132985,2.1485358891290627,11,0.5301204819277109,0.0,0.0,0.14457831325301204,0.6875485949993425
bayes-fix-seed43,large_circle,4,60,1544568484,success,76,19.0,0.5523237488269858,0,0.0,0,1.2810561219875003,14.133285535009284,15.571268275380135,15.49996730168051,51,2.6842105263157894,27,1.4210526315789473,2,0.10526315789473684,23.292227811098858,1.5027275450170472,4,0.21052631578947367,0.11594202898550725,0.028985507246376812,0.10526315789473684,0.7612830351685214
bayes-fix-seed43,large_circle,4,61,1544568485,success,81,20.25,0.2651194738922482,0,0.0,0,1.0925837851856457,14.134509557927096,15.96442237496376,16.453748766090214,47,2.3209876543209877,19,0.9382716049382716,1,0.04938271604938271,26.885157578278005,1.633983717661111,7,0.345679012345679,0.0,0.0,0.04938271604938271,0.7198981573844204
bayes-fix-seed43,large_circle,4,62,1544568486,success,91,22.75,0.18452417182990544,0,0.0,1,0.8406501219169621,14.344019590170829,15.675976872444153,18.181573150317877,63,2.769230769230769,26,1.1428571428571428,9,0.3956043956043956,44.948747748537016,2.4722144435423155,16,0.7032967032967034,0.03571428571428571,0.011904761904761904,0.15384615384615385,0.656113362377377
bayes-fix-seed43,large_circle,4,63,1544568487,success,72,18.0,0.20576599976125654,0,0.0,0,0.6074187586937863,14.344098253382576,15.881865099072456,14.309901839410799,53,2.9444444444444446,30,1.6666666666666667,2,0.1111111111111111,26.569828686947215,1.8567443009127735,9,0.5,0.0,0.0,0.027777777777777776,0.8242290067768138
bayes-fix-seed43,large_circle,4,64,1544568488,success,86,21.5,0.1980574360910845,0,0.0,1,1.8097109086677918,14.124714747764344,15.199431218206882,16.944459824466325,53,2.4651162790697674,27,1.255813953488372,5,0.23255813953488372,36.183437812783055,2.1354140638072936,19,0.8837209302325582,0.08860759493670886,0.02531645569620253,0.11627906976744186,0.6967591334562038
bayes-fix-seed43,large_circle,4,65,1544568489,success,83,20.75,0.23720969570639372,0,0.0,0,1.275204081972198,14.033290995172708,15.400690957903862,17.151967047027394,61,2.9397590361445785,31,1.4939759036144578,8,0.3855421686746988,46.66303508100882,2.720564641540399,9,0.43373493975903615,0.0,0.0,0.0963855421686747,0.6899938537342671
bayes-fix-seed43,large_circle,4,66,1544568490,success,84,21.0,0.23482457826944503,0,0.0,0,0.8052889842083977,14.251785397174812,15.61939399689436,19.14145206852472,45,2.142857142857143,24,1.1428571428571428,9,0.42857142857142855,35.148799290291144,1.8362660870482304,8,0.38095238095238093,0.15584415584415584,0.14285714285714285,0.20238095238095238,0.6138522757826848
bayes-fix-seed43,large_circle,4,67,1544568491,success,61,15.25,0.1647326807353282,0,0.0,3,0.5911258279998898,14.18319173523637,15.821479260921478,13.105334886574088,28,1.8360655737704918,19,1.2459016393442623,2,0.13114754098360656,15.464160418095096,1.1799897180756163,4,0.26229508196721313,0.0,0.0,0.01639344262295082,0.8939578307655044
bayes-fix-seed43,large_circle,4,68,1544568492,success,77,19.25,0.23315346030781836,0,0.0,0,2.328498625573916,14.11237016126707,15.178019553422928,16.373790140364164,40,2.0779220779220777,21,1.0909090909090908,2,0.1038961038961039,24.864031561017644,1.5185263367779216,10,0.5194805194805194,0.17142857142857143,0.07142857142857142,0.11688311688311688,0.724500868243364
bayes-fix-seed43,large_circle,4,69,1544568493,success,66,16.5,0.2112671133983156,0,0.0,0,1.563165803117562,13.915488947973106,15.144063159823418,12.792900274966346,43,2.606060606060606,28,1.696969696969697,2,0.12121212121212122,23.164968402906144,1.8107675276916113,10,0.6060606060606061,0.0,0.0,0.015151515151515152,0.915511574005887
bayes-fix-seed43,large_circle,4,70,1544568494,success,68,17.0,0.2508053586324259,0,0.0,0,1.011285583862124,14.13366910727585,15.767460130155087,14.490323445956871,49,2.8823529411764706,29,1.7058823529411764,1,0.058823529411764705,23.61507589500622,1.6297135107495038,15,0.8823529411764706,0.0,0.0,0.014705882352941176,0.8199190748287674
bayes-fix-seed43,large_circle,4,71,1544568495,success,81,20.25,0.22304712870254906,0,0.0,0,1.5237795254293767,14.256480713317425,15.592977404594421,18.073129453763,58,2.8641975308641974,30,1.4814814814814814,9,0.4444444444444444,38.444779789505155,2.1271789087694817,17,0.8395061728395061,0.10810810810810811,0.10810810810810811,0.19753086419753085,0.6496544640083385
bayes-fix-seed43,large_circle,4,72,1544568496,success,78,19.5,0.2745257029631364,0,0.0,0,2.1809858679325034,14.189699903512613,15.808906778693197,16.96180830497529,46,2.358974358974359,29,1.4871794871794872,14,0.717948717948718,48.2549302554119,2.844916614300942,22,1.1282051282051282,0.056338028169014086,0.056338028169014086,0.16666666666666666,0.6967394265516302
bayes-fix-seed43,large_circle,4,73,1544568497,success,75,18.75,0.26195298619446816,0,0.0,0,0.8935149675879301,14.182837555805841,15.530650690197945,15.898573331656472,48,2.56,29,1.5466666666666666,4,0.21333333333333335,33.31820593730648,2.095672689760463,4,0.21333333333333335,0.0,0.0,0.05333333333333334,0.7394751242004203
bayes-fix-seed43,large_circle,4,74,1544568498,success,75,18.75,0.20335226733559097,0,0.0,0,0.7036176418080745,13.979738305012384,15.899669751524925,16.05314057574074,51,2.72,28,1.4933333333333334,10,0.5333333333333333,39.65759239211494,2.4703946374234635,19,1.0133333333333334,0.07352941176470588,0.0,0.13333333333333333,0.7394479398886787
bayes-fix-seed43,large_circle,4,75,1544568499,success,71,17.75,0.186736543670044,0,0.0,2,0.6030970148096757,14.309826975976916,15.89166559278965,13.821602461132485,54,3.0422535211267605,30,1.6901408450704225,10,0.5633802816901409,47.599642122752805,3.4438584278926427,19,1.0704225352112675,0.0,0.0,0.04225352112676056,0.8467029994861618
bayes-fix-seed43,large_circle,4,76,1544568500,success,76,19.0,0.13666147654314464,0,0.0,1,0.9972813236726469,14.086772589699217,15.067534521222115,16.208372202441357,50,2.6315789473684212,29,1.5263157894736843,5,0.2631578947368421,33.980897250102664,2.096502771881334,17,0.8947368421052632,0.0,0.0,0.06578947368421052,0.7315424633898341
bayes-fix-seed43,large_circle,4,77,1544568501,success,78,19.5,0.21144905685376425,0,0.0,0,0.9674342092626288,13.862372925266241,14.999613910913467,17.099928542679972,39,2.0,23,1.1794871794871795,3,0.15384615384615385,20.305997177476744,1.1874901773299635,4,0.20512820512820512,0.08450704225352113,0.07042253521126761,0.11538461538461539,0.6867630745091966
bayes-fix-seed43,large_circle,4,78,1544568502,success,74,18.5,0.212770662166073,0,0.0,0,1.0025852483512223,13.882871012429934,15.398019924759865,14.965208592601925,50,2.7027027027027026,31,1.6756756756756757,12,0.6486486486486487,45.90491378420341,3.067442294582955,21,1.135135135135135,0.0,0.0,0.0945945945945946,0.7888535655737254
bayes-fix-seed43,large_circle,4,79,1544568503,success,79,19.75,0.16189929819411375,0,0.0,2,0.6613109148929003,14.20065944519224,15.765741094946861,15.800223770609092,51,2.5822784810126582,23,1.1645569620253164,9,0.45569620253164556,40.74092195057685,2.5785028454066192,14,0.7088607594936709,0.0,0.0,0.12658227848101267,0.7514345124327095
bayes-fix-seed43,large_circle,4,80,1544568504,success,91,22.75,0.17290682041034133,0,0.0,1,1.1634508868816678,14.314376759332616,15.521213412284851,18.9708709009721,63,2.769230769230769,32,1.4065934065934067,6,0.26373626373626374,50.92033207780503,2.6841325495075603,19,0.8351648351648352,0.07142857142857142,0.05952380952380952,0.13186813186813187,0.6227667988348119
bayes-fix-seed43,large_circle,4,81,1544568505,success,68,17.0,0.29101586394443435,0,0.0,0,0.8017575391026835,13.732411624754176,15.003746189177036,14.384058929909523,45,2.6470588235294117,21,1.2352941176470589,1,0.058823529411764705,22.28633971787755,1.5493776705500282,10,0.5882352941176471,0.0,0.0,0.07352941176470588,0.8156701781975311
bayes-fix-seed43,large_circle,4,82,1544568506,success,66,16.5,0.16793725552595362,0,0.0,3,0.5247167872957123,13.900993674090415,15.247167088091373,14.535049598606973,39,2.3636363636363638,22,1.3333333333333333,6,0.36363636363636365,27.82560652904653,1.9143798815597655,9,0.5454545454545454,0.0,0.0,0.09090909090909091,0.8107523643096292
bayes-fix-seed43,large_circle,4,83,1544568507,success,69,17.25,0.16665643949823672,0,0.0,2,0.8328038332533597,13.833811857562134,15.15359953045845,13.980868986047232,46,2.6666666666666665,19,1.1014492753623188,3,0.17391304347826086,24.204753520276533,1.731276757148117,12,0.6956521739130435,0.0,0.0,0.057971014492753624,0.8505349159943627
bayes-fix-seed43,large_circle,4,84,1544568508,timeout,101,25.25,0.22115913423016764,0,0.0,0,1.2498400990040401,14.18580395160335,15.599798411130905,21.261927162996546,62,2.4554455445544554,30,1.188118811881188,13,0.5148514851485149,50.38465442155246,2.3697124929126843,12,0.4752475247524752,0.07446808510638298,0.07446808510638298,0.1188118811881188,0.3447222608186928
bayes-fix-seed43,large_circle,4,85,1544568509,success,77,19.25,0.20168129706710403,0,0.0,0,0.8139229918287227,14.241559551907825,15.622419863939285,14.676022738268209,58,3.012987012987013,33,1.7142857142857142,11,0.5714285714285714,50.45949696983177,3.4382269549267583,12,0.6233766233766234,0.05714285714285714,0.05714285714285714,0.1038961038961039,0.8004024048422577
bayes-fix-seed43,large_circle,4,86,1544568510,success,69,17.25,0.3229925155210117,0,0.0,0,0.9438870616317151,14.756267539400985,16.22198149561882,15.346380965498012,40,2.318840579710145,18,1.0434782608695652,2,0.11594202898550725,21.985592874329548,1.4326239472197335,7,0.4057971014492754,0.0967741935483871,0.04838709677419355,0.08695652173913043,0.7644291123479879
bayes-fix-seed43,large_circle,4,87,1544568511,success,92,23.0,0.20874702686647484,0,0.0,0,1.6945333281842914,15.07071903704301,16.706040874123573,17.968893572509025,52,2.260869565217391,26,1.1304347826086956,7,0.30434782608695654,42.03299711518823,2.3392089749752523,15,0.6521739130434783,0.18823529411764706,0.18823529411764706,0.1956521739130435,0.6546899021299262
bayes-fix-seed43,large_circle,4,88,1544568512,success,68,17.0,0.23430120344700744,0,0.0,0,1.0498345372232885,13.800297206377282,15.081247128546238,15.18057779644691,32,1.8823529411764706,14,0.8235294117647058,2,0.11764705882352941,20.457554932403653,1.3476137210793022,4,0.23529411764705882,0.0,0.0,0.029411764705882353,0.7709192902871461
bayes-fix-seed43,large_circle,4,89,1544568513,success,87,21.75,0.16047118557408468,0,0.0,3,1.183624704091629,13.931180939249609,15.20654559135437,18.74357179935798,56,2.574712643678161,31,1.4252873563218391,7,0.3218390804597701,42.61858756840709,2.2737708706014557,11,0.5057471264367817,0.1625,0.1,0.1724137931034483,0.6287548704365559
bayes-fix-seed43,large_circle,4,90,1544568514,success,85,21.25,0.1845508598176,0,0.0,2,2.097801836185906,14.22201254788567,16.021032631397247,18.28994346968819,46,2.164705882352941,25,1.1764705882352942,6,0.2823529411764706,39.38540531932951,2.1533913095249693,11,0.5176470588235295,0.08974358974358974,0.07692307692307693,0.12941176470588237,0.6427434226850095
bayes-fix-seed43,large_circle,4,91,1544568515,success,73,18.25,0.21432922933814325,0,0.0,0,0.8633576503901401,14.233994361472456,16.177228093147278,15.074066010381273,46,2.5205479452054793,24,1.3150684931506849,8,0.4383561643835616,31.372869174157895,2.081247962729624,6,0.3287671232876712,0.015151515151515152,0.015151515151515152,0.0821917808219178,0.7815284525828261
bayes-fix-seed43,large_circle,4,92,1544568516,success,70,17.5,0.2041004080296419,0,0.0,0,0.9523635744848477,13.912744500807353,15.196824260056019,15.765369457281071,35,2.0,20,1.1428571428571428,4,0.22857142857142856,21.159619852783038,1.3421581974414618,7,0.4,0.031746031746031744,0.0,0.07142857142857142,0.7474935607697233
bayes-fix-seed43,large_circle,4,93,1544568517,success,62,15.5,0.17213341092776824,0,0.0,5,0.29506380684650696,13.726881014243249,14.873136207461357,13.811716295082693,46,2.967741935483871,27,1.7419354838709677,1,0.06451612903225806,20.17727448255593,1.4608810412460855,5,0.3225806451612903,0.0,0.0,0.0,0.8600851444079908
bayes-fix-seed43,large_circle,4,94,1544568518,success,67,16.75,0.2284131518100665,0,0.0,0,0.9900556904090645,14.372272055540511,16.11490286886692,14.456615314060821,45,2.6865671641791047,32,1.9104477611940298,2,0.11940298507462686,18.997631366970793,1.3141133629317285,8,0.47761194029850745,0.08333333333333333,0.08333333333333333,0.07462686567164178,0.8143005504753973
bayes-fix-seed43,large_circle,4,95,1544568519,success,84,21.0,0.12641736769633138,0,0.0,2,0.6046352439986648,14.020556096164952,15.223214030265808,17.018687098943648,64,3.0476190476190474,28,1.3333333333333333,3,0.14285714285714285,38.53191245526535,2.26409430006249,18,0.8571428571428571,0.07792207792207792,0.012987012987012988,0.13095238095238096,0.6901982029601217
bayes-fix-seed43,large_circle,4,96,1544568520,success,81,20.25,0.1216297271450234,0,0.0,3,1.2020895874774882,14.016723651208995,15.292473137378693,18.104345153468266,46,2.271604938271605,23,1.1358024691358024,8,0.3950617283950617,34.38420581293201,1.8992239443880132,11,0.5432098765432098,0.08108108108108109,0.08108108108108109,0.19753086419753085,0.6521519771293889
bayes-fix-seed43,large_circle,4,97,1544568521,success,77,19.25,0.2331396244330749,0,0.0,0,1.113434837414591,14.298444976667305,15.942266583442688,14.867443778405242,48,2.4935064935064934,19,0.987012987012987,8,0.4155844155844156,31.336106159974157,2.1076996575221236,9,0.4675324675324675,0.014285714285714285,0.0,0.09090909090909091,0.7979856067182747
bayes-fix-seed43,large_circle,4,98,1544568522,success,87,21.75,0.3167056627779653,0,0.0,0,1.3856783056728457,14.160426226498066,15.453532338142395,18.235891691736235,58,2.6666666666666665,23,1.0574712643678161,14,0.6436781609195402,49.33036750731057,2.7051250545464187,13,0.5977011494252874,0.15,0.0625,0.1724137931034483,0.6425427523530576
bayes-fix-seed43,large_circle,4,99,1544568523,success,74,18.5,0.1436692094369848,0,0.0,4,0.42962263992683786,13.9513683782236,14.982939511537552,16.183062158329093,46,2.4864864864864864,21,1.135135135135135,0,0.0,21.628806711915715,1.3365089066770843,6,0.32432432432432434,0.11940298507462686,0.029850746268656716,0.12162162162162163,0.7260754106327627
bayes-fix-seed43,large_circle,4,100,1544568524,timeout,101,25.25,0.23218175710881817,0,0.0,0,0.7948114093567326,14.246498594189635,15.702463686466217,19.56915098732171,76,3.00990099009901,37,1.4653465346534653,19,0.7524752475247525,75.68580921112051,3.8676082197002404,25,0.9900990099009901,0.24468085106382978,0.22340425531914893,0.21782178217821782,0.5792041435642319
bayes-fix-seed43,large_circle,4,101,1544568525,success,69,17.25,0.13890753756236718,0,0.0,3,0.8679698177688293,13.846333692039268,15.002226829528809,15.395672455277577,44,2.550724637681159,23,1.3333333333333333,0,0.0,23.43720445412464,1.5223241805258372,8,0.463768115942029,0.0,0.0,0.057971014492753624,0.7650085962871164
bayes-fix-seed43,large_circle,4,102,1544568526,success,71,17.75,0.1801531730664142,0,0.0,4,0.6844314809489357,13.875704258680344,15.228619799017906,14.814287922373426,49,2.76056338028169,26,1.4647887323943662,6,0.3380281690140845,32.909894603528315,2.2214968938078905,15,0.8450704225352113,0.0625,0.0625,0.07042253521126761,0.7925151368418017
bayes-fix-seed43,large_circle,4,103,1544568527,success,71,17.75,0.39199009518443584,0,0.0,0,1.4712702595805123,14.097413441664736,15.507964417338371,16.0892859772135,41,2.3098591549295775,24,1.352112676056338,5,0.28169014084507044,29.934035835784833,1.8604949826971193,6,0.3380281690140845,0.0,0.0,0.07042253521126761,0.727815170143349
bayes-fix-seed43,large_circle,4,104,1544568528,success,78,19.5,0.15294842659098273,0,0.0,4,0.8211189979754792,14.605963459381691,16.031943820416927,15.61794485572159,55,2.8205128205128207,26,1.3333333333333333,2,0.10256410256410256,33.594062345512356,2.1509912255328056,17,0.8717948717948718,0.1267605633802817,0.0,0.11538461538461539,0.7512627944704279
bayes-fix-seed43,large_circle,4,105,1544568529,success,72,18.0,0.19606960151758468,0,0.0,1,0.7510360300462432,14.513233366111914,16.094504669308662,14.413107788381627,44,2.4444444444444446,22,1.2222222222222223,1,0.05555555555555555,24.096168187854534,1.6718232140939375,8,0.4444444444444444,0.03076923076923077,0.03076923076923077,0.027777777777777776,0.8200948534984175
bayes-fix-seed43,large_circle,4,106,1544568530,success,70,17.5,0.21350331139242262,0,0.0,0,0.752206174491327,14.294458499976567,15.400629490613937,14.887296712237712,42,2.4,16,0.9142857142857143,9,0.5142857142857142,34.04997586423323,2.287183262508857,8,0.45714285714285713,0.047619047619047616,0.047619047619047616,0.07142857142857142,0.7885404805668245
bayes-fix-seed43,large_circle,4,107,1544568531,success,73,18.25,0.4129826015581902,0,0.0,0,1.3232778751918446,14.01404281185098,15.322865545749664,16.05563715026644,49,2.684931506849315,24,1.3150684931506849,3,0.1643835616438356,27.091175824279883,1.687331095660088,12,0.6575342465753424,0.06060606060606061,0.06060606060606061,0.0821917808219178,0.7328302147659534
bayes-fix-seed43,large_circle,4,108,1544568532,success,75,18.75,0.19417526321335732,0,0.0,1,0.8751978022865278,14.461799710988998,15.702256560325623,15.926107522321432,45,2.4,22,1.1733333333333333,3,0.16,26.754280567538892,1.679900787436045,12,0.64,0.029411764705882353,0.0,0.06666666666666667,0.7385854484035568
bayes-fix-seed43,large_circle,4,109,1544568533,success,64,16.0,0.18002929285013036,0,0.0,2,0.9863453638942629,14.564657351002097,15.784145891666412,12.767350561598292,37,2.3125,18,1.125,6,0.375,22.94657000915293,1.7972851844588453,10,0.625,0.0,0.0,0.046875,0.9217311053304112
bayes-fix-seed43,large_circle,4,110,1544568534,success,83,20.75,0.17134541348607168,0,0.0,2,1.0709766171165513,13.985396059880774,15.339493751525879,17.103345838167176,60,2.891566265060241,35,1.6867469879518073,5,0.24096385542168675,44.022206468029786,2.5738944230310485,14,0.6746987951807228,0.07894736842105263,0.07894736842105263,0.14457831325301204,0.6860213298715446
bayes-fix-seed43,large_circle,4,111,1544568535,success,61,15.25,0.19020788122705168,0,0.0,1,0.5432564309694791,13.753269966997085,14.938253909349442,13.166244407750979,37,2.4262295081967213,27,1.7704918032786885,10,0.6557377049180327,27.689948805824397,2.1031015336099412,13,0.8524590163934426,0.0,0.0,0.06557377049180328,0.8903879482605046
bayes-fix-seed43,large_circle,4,112,1544568536,success,91,22.75,0.17443927793430758,0,0.0,1,1.1924430208599222,14.239551970264413,15.754396095871925,19.23741319052929,61,2.681318681318681,36,1.5824175824175823,12,0.5274725274725275,46.52084983877035,2.4182487207621497,14,0.6153846153846154,0.13095238095238096,0.08333333333333333,0.17582417582417584,0.6102873168013315
bayes-fix-seed43,large_circle,4,113,1544568537,success,71,17.75,0.17953430876801568,0,0.0,3,0.7938012911519736,13.883116379590101,15.160739421844482,15.132182405264752,52,2.9295774647887325,29,1.6338028169014085,6,0.3380281690140845,31.216118906468424,2.062896023220536,9,0.5070422535211268,0.015625,0.0,0.11267605633802817,0.7780281160857611
bayes-fix-seed43,large_circle,4,114,1544568538,success,73,18.25,0.25240491970952306,0,0.0,0,1.3446635389383654,14.21068006590621,15.279906243085861,14.938591512109863,51,2.7945205479452055,28,1.5342465753424657,3,0.1643835616438356,29.53456056498934,1.9770646075332712,11,0.6027397260273972,0.0,0.0,0.0684931506849315,0.7914834448907316
bayes-fix-seed43,large_circle,4,115,1544568539,timeout,101,25.25,0.24052595773909935,0,0.0,0,0.8993962733452895,14.270207300634667,15.820316970348358,18.426746130557092,68,2.6930693069306932,41,1.6237623762376239,35,1.386138613861386,118.53340729865374,6.432682496346421,8,0.31683168316831684,0.3404255319148936,0.2127659574468085,0.2376237623762376,0.5962616139562574
bayes-fix-seed43,large_circle,4,116,1544568540,success,99,24.75,0.22579189110721676,0,0.0,0,1.702420394507626,14.134980361871046,15.374273806810379,21.341314361885644,63,2.5454545454545454,47,1.898989898989899,18,0.7272727272727273,58.282101585846696,2.7309518334979015,27,1.0909090909090908,0.22826086956521738,0.17391304347826086,0.2222222222222222,0.5551145711296221
bayes-fix-seed43,large_circle,4,117,1544568541,success,66,16.5,0.20622480474203686,0,0.0,0,1.4709204445897086,13.9257333269625,15.199840068817139,14.837764887081248,34,2.0606060606060606,17,1.0303030303030303,2,0.12121212121212122,16.650100690420903,1.1221434506566146,9,0.5454545454545454,0.0,0.0,0.030303030303030304,0.7892410556581237
bayes-fix-seed43,large_circle,4,118,1544568542,success,76,19.0,0.14150071658323315,0,0.0,3,1.177285471538396,14.06086250943573,15.473302453756332,16.085012562111775,59,3.1052631578947367,36,1.894736842105263,4,0.21052631578947367,39.070012004886074,2.4289699404348264,11,0.5789473684210527,0.0,0.0,0.11842105263157894,0.7322403124911883
bayes-fix-seed43,large_circle,4,119,1544568543,success,82,20.5,0.17055358723602287,0,0.0,2,1.7268576826761761,14.128802071620779,15.342091768980026,18.932975244399955,45,2.1951219512195124,24,1.170731707317073,4,0.1951219512195122,26.377604941254102,1.3932097095545581,9,0.43902439024390244,0.14666666666666667,0.13333333333333333,0.18292682926829268,0.628128893710177
bayes-fix-seed43,large_circle,4,120,1544568544,success,85,21.25,0.16772160013236825,0,0.0,2,1.0059857884477161,14.300877820043002,15.66455215215683,16.79248465877352,58,2.7294117647058824,26,1.223529411764706,6,0.2823529411764706,39.49593906719067,2.352000902174732,17,0.8,0.08974358974358974,0.07692307692307693,0.11764705882352941,0.705188959350461
bayes-fix-seed43,large_circle,4,121,1544568545,success,71,17.75,0.21315554210805432,0,0.0,0,1.0304134276386787,14.054266184988156,15.683779492974281,15.164661026814404,35,1.971830985915493,15,0.8450704225352113,1,0.056338028169014086,11.821232222077544,0.7795249891293348,1,0.056338028169014086,0.078125,0.03125,0.07042253521126761,0.7813139410250195
bayes-fix-seed43,large_circle,4,122,1544568546,success,92,23.0,0.19819602892647137,0,0.0,1,1.450403760179276,14.227430538638778,15.329507738351822,20.173545519702095,56,2.4347826086956523,24,1.0434782608695652,2,0.08695652173913043,23.27903701490053,1.1539388052618473,10,0.43478260869565216,0.18823529411764706,0.10588235294117647,0.17391304347826086,0.5847763588977564
bayes-fix-seed43,large_circle,4,123,1544568547,success,67,16.75,0.21885664659036508,0,0.0,0,0.7627572228084021,14.054557447558018,15.693781152367592,14.355093159987819,37,2.208955223880597,20,1.1940298507462686,4,0.23880597014925373,25.437063231771305,1.7719887254143665,8,0.47761194029850745,0.0,0.0,0.04477611940298507,0.8167346363605713
bayes-fix-seed43,large_circle,4,124,1544568548,success,78,19.5,0.231194913618457,0,0.0,0,3.010873236025479,13.966906051605175,15.189935639500618,16.827144521111073,39,2.0,19,0.9743589743589743,3,0.15384615384615385,20.195349414318027,1.2001649708886293,3,0.15384615384615385,0.09859154929577464,0.014084507042253521,0.10256410256410256,0.6991466363349468
bayes-fix-seed43,large_circle,4,125,1544568549,success,78,19.5,0.2607333689744563,0,0.0,0,0.8214398138564837,14.938398622549498,16.4369048550725,16.254154389725702,51,2.6153846153846154,29,1.4871794871794872,1,0.05128205128205128,27.120747774774205,1.6685425230067525,6,0.3076923076923077,0.09859154929577464,0.0,0.10256410256410256,0.7239071927510091
bayes-fix-seed43,large_circle,4,126,1544568550,timeout,101,25.25,0.18142727288067773,0,0.0,2,1.3590291813423305,14.341102193782826,15.65156877040863,19.42906342130741,69,2.732673267326733,43,1.702970297029703,24,0.9504950495049505,83.93873610247917,4.320266720135643,15,0.594059405940594,0.32978723404255317,0.30851063829787234,0.25742574257425743,0.5670260546369628
bayes-fix-seed43,large_circle,4,127,1544568551,success,65,16.25,0.2240706245595906,0,0.0,0,1.5091075699891365,13.934819400310516,15.30367061495781,14.394544797842656,33,2.0307692307692307,16,0.9846153846153847,2,0.12307692307692308,22.60586393780747,1.5704466001033575,8,0.49230769230769234,0.0,0.0,0.03076923076923077,0.8161509966217498
bayes-fix-seed43,large_circle,4,128,1544568552,success,70,17.5,0.22969158898845665,0,0.0,0,0.7324214064580005,14.248717948794365,16.17460623383522,15.244462761003565,40,2.2857142857142856,24,1.3714285714285714,5,0.2857142857142857,30.107718190386507,1.9749937182046338,4,0.22857142857142856,0.1111111111111111,0.047619047619047616,0.12857142857142856,0.7723593369836698
bayes-fix-seed43,large_circle,4,129,1544568553,success,79,19.75,0.17513065680044826,0,0.0,3,0.8496679455475922,14.365296056376227,15.485833585262299,16.012214893208014,51,2.5822784810126582,28,1.4177215189873418,4,0.20253164556962025,29.010648311953567,1.8117823490027707,6,0.3037974683544304,0.1388888888888889,0.1388888888888889,0.08860759493670886,0.740806487227682
bayes-fix-seed43,large_circle,4,130,1544568554,success,71,17.75,0.3377881998191494,0,0.0,0,1.130381747316512,13.813000277314387,15.101771801710129,15.944699908959306,38,2.140845070422535,24,1.352112676056338,9,0.5070422535211268,32.04712157492328,2.009891798397287,12,0.676056338028169,0.0,0.0,0.028169014084507043,0.7364492905638348
bayes-fix-seed43,large_circle,4,131,1544568555,success,84,21.0,0.17998584900671943,0,0.0,1,1.010106208222216,14.209695825619358,15.463870577514172,18.485888467574554,50,2.380952380952381,17,0.8095238095238095,4,0.19047619047619047,28.67400269911049,1.5511292708168474,9,0.42857142857142855,0.12987012987012986,0.05194805194805195,0.19047619047619047,0.6407337000359865
bayes-fix-seed43,large_circle,4,132,1544568556,success,68,17.0,0.21611696143142956,0,0.0,0,0.7208709954833905,14.292904614087414,15.503331646323204,14.171993144593374,47,2.764705882352941,27,1.588235294117647,8,0.47058823529411764,28.569711475844354,2.015927554039477,15,0.8823529411764706,0.0,0.0,0.08823529411764706,0.8301916007875478
bayes-fix-seed43,large_circle,4,133,1544568557,success,73,18.25,0.2143260986891008,0,0.0,0,1.0177239772222981,14.278861451638887,15.315279364585876,15.382964413161524,43,2.356164383561644,22,1.2054794520547945,2,0.1095890410958904,21.158683375534906,1.3754620245647666,5,0.273972602739726,0.0,0.0,0.0410958904109589,0.7642158181396779
bayes-fix-seed43,large_circle,4,134,1544568558,success,75,18.75,0.28349010924706686,0,0.0,0,1.4267907988061699,14.168027887741724,15.515111759305,14.886732469007926,52,2.7733333333333334,27,1.44,3,0.16,28.866995415615516,1.9391088995326895,13,0.6933333333333334,0.0,0.0,0.06666666666666667,0.7921538589992322
bayes-fix-seed43,large_circle,4,135,1544568559,timeout,101,25.25,0.2126369357826433,0,0.0,0,1.4627817234509306,14.137163094364771,15.395097434520721,20.069849193041303,59,2.3366336633663365,25,0.9900990099009901,15,0.594059405940594,53.681423388482955,2.674729783574836,17,0.6732673267326733,0.19148936170212766,0.07446808510638298,0.2079207920792079,0.5661435529850696
bayes-fix-seed43,large_circle,4,136,1544568560,timeout,101,25.25,0.169309956039305,0,0.0,2,1.1020223922499208,14.325108379125595,15.594668686389923,20.178909697153657,66,2.613861386138614,39,1.5445544554455446,26,1.0297029702970297,86.60050256053452,4.291634377686421,8,0.31683168316831684,0.2872340425531915,0.24468085106382978,0.21782178217821782,0.5545433959269259
bayes-fix-seed43,large_circle,4,137,1544568561,success,87,21.75,0.20059388841537173,0,0.0,0,0.871998757601547,14.148538910794532,15.918929874897003,17.208055010509636,55,2.528735632183908,25,1.1494252873563218,16,0.735632183908046,66.91990437133862,3.8888708997308528,20,0.9195402298850575,0.1,0.1,0.16091954022988506,0.6857366216387781
bayes-fix-seed43,large_circle,4,138,1544568562,success,67,16.75,0.2807924872566082,0,0.0,0,0.8149819969876604,14.146642286830874,15.700119733810425,13.482162322819216,41,2.4477611940298507,26,1.5522388059701493,5,0.29850746268656714,27.33174557825859,2.027252374198038,5,0.29850746268656714,0.0,0.0,0.029850746268656716,0.8705291521054808
bayes-fix-seed43,large_circle,4,139,1544568563,success,69,17.25,0.2292276155814975,0,0.0,0,2.568285371844101,13.922747278559035,15.098702162504196,14.90236258682573,43,2.4927536231884058,26,1.5072463768115942,0,0.0,21.526669749550898,1.444513889937245,8,0.463768115942029,0.0,0.0,0.0,0.7879418967288256
bayes-fix-seed43,large_circle,4,140,1544568564,success,72,18.0,0.21580957436278192,0,0.0,0,1.5190951960693089,14.201081668337187,15.613755397498608,15.516170568797213,42,2.3333333333333335,19,1.0555555555555556,4,0.2222222222222222,21.644824565986344,1.3949849590796433,8,0.4444444444444444,0.0,0.0,0.06944444444444445,0.7567911896603058
bayes-fix-seed43,large_circle,4,141,1544568565,success,67,16.75,0.1758874734531196,0,0.0,4,0.8086525754881784,14.175383012686202,16.31142348051071,14.76145498336385,39,2.328358208955224,21,1.2537313432835822,1,0.05970149253731343,21.633309063015766,1.4655268797958259,4,0.23880597014925373,0.0,0.0,0.0,0.7965479896573995
bayes-fix-seed43,large_circle,4,142,1544568566,success,84,21.0,0.19427450606580665,0,0.0,1,0.8550264137505798,14.135048369921389,15.698693133890629,17.54770952969504,55,2.619047619047619,24,1.1428571428571428,9,0.42857142857142855,43.21834502213693,2.4629051984819363,10,0.47619047619047616,0.025974025974025976,0.025974025974025976,0.11904761904761904,0.670603716373068
bayes-fix-seed43,large_circle,4,143,1544568567,success,77,19.25,0.26456827384102477,0,0.0,0,1.5598504416653616,14.188157902522521,15.369907021522522,15.515791765739122,54,2.8051948051948052,32,1.6623376623376624,12,0.6233766233766234,45.54989039315552,2.935711633726329,24,1.2467532467532467,0.0,0.0,0.11688311688311688,0.7613015897506945
bayes-fix-seed43,large_circle,4,144,1544568568,success,75,18.75,0.23600016207918217,0,0.0,0,0.8469129614376095,13.869890968004862,15.176071599125862,16.531089855804638,45,2.4,24,1.28,4,0.21333333333333335,32.357029884914574,1.957344020700057,9,0.48,0.029411764705882353,0.029411764705882353,0.13333333333333333,0.7101865395002755
bayes-fix-seed43,large_circle,4,145,1544568569,success,65,16.25,0.49202969283106535,0,0.0,0,2.6169495747665374,14.131802664353298,15.545173734426498,15.38873406356897,26,1.6,11,0.676923076923077,0,0.0,12.026225351630213,0.7814954304851428,5,0.3076923076923077,0.06896551724137931,0.0,0.1076923076923077,0.7657836687518005
bayes-fix-seed43,large_circle,4,146,1544568570,success,74,18.5,0.20248667706260848,0,0.0,0,1.4823128271259214,14.046118166801092,15.87244477123022,14.676275308450766,46,2.4864864864864864,25,1.3513513513513513,5,0.2702702702702703,27.975268374936192,1.9061558731340857,7,0.3783783783783784,0.0,0.0,0.05405405405405406,0.7992575603162997
bayes-fix-seed43,large_circle,4,147,1544568571,timeout,101,25.25,0.13090113100156942,0,0.0,8,0.9774149820666012,14.189915749991295,15.290141105651855,21.868106567108654,63,2.495049504950495,29,1.1485148514851484,13,0.5148514851485149,54.01231463148935,2.4699127227012925,14,0.5544554455445545,0.2553191489361702,0.1276595744680851,0.24752475247524752,0.50396000099999
bayes-fix-seed43,large_circle,4,148,1544568572,timeout,101,25.25,0.20680431101868257,0,0.0,0,0.864566793124008,14.432466155526662,15.618126839399338,18.126225086118293,74,2.9306930693069306,39,1.5445544554455446,26,1.0297029702970297,86.24477488413011,4.758010808890342,15,0.594059405940594,0.20212765957446807,0.18085106382978725,0.2079207920792079,0.613743503858937
bayes-fix-seed43,large_circle,4,149,1544568573,success,72,18.0,0.36192134254345376,0,0.0,0,1.4302044865250325,14.124380372878578,15.776755101978779,14.863486830921232,48,2.6666666666666665,27,1.5,5,0.2777777777777778,31.845039391915652,2.14250126865702,14,0.7777777777777778,0.0,0.0,0.027777777777777776,0.7924285883390395
bayes-fix-seed43,large_circle,4,150,1544568574,success,84,21.0,0.2115051449354698,0,0.0,0,1.755577232752824,15.320140912774063,14.965215139091015,18.798968556531683,54,2.5714285714285716,31,1.4761904761904763,4,0.19047619047619047,31.336347736008065,1.6669184610727104,7,0.3333333333333333,0.14285714285714285,0.06493506493506493,0.20238095238095238,0.6279906705394123
bayes-fix-seed43,large_circle,4,151,1544568575,timeout,101,25.25,0.14906495582397083,0,0.0,4,0.740411635828408,14.409504314460376,15.881188213825226,18.16264564674578,76,3.00990099009901,52,2.0594059405940595,33,1.306930693069307,114.62144417486066,6.3108341375033925,17,0.6732673267326733,0.30851063829787234,0.30851063829787234,0.22772277227722773,0.5974905720369578
bayes-fix-seed43,large_circle,4,152,1544568576,success,82,20.5,0.20952318611443177,0,0.0,0,1.5788210053077865,14.322031289339066,16.02919716387987,15.775904130840608,48,2.341463414634146,25,1.2195121951219512,10,0.4878048780487805,35.035332691627445,2.2208129816874473,14,0.6829268292682927,0.17333333333333334,0.16,0.15853658536585366,0.7454404906972422
bayes-fix-seed43,large_circle,4,153,1544568577,success,81,20.25,0.23309421938772013,0,0.0,0,1.3399751949156429,14.266841205549829,15.968162566423416,15.798186434516978,48,2.3703703703703702,19,0.9382716049382716,2,0.09876543209876543,22.507121711035527,1.4246649008939658,8,0.3950617283950617,0.013513513513513514,0.0,0.07407407407407407,0.7471265119077511
bayes-fix-seed43,large_circle,4,154,1544568578,success,74,18.5,0.2540517404370507,0,0.0,0,2.226997477704593,14.176206310858598,15.635707788169384,16.04708623740327,46,2.4864864864864864,25,1.3513513513513513,13,0.7027027027027027,45.48146851951429,2.834250894315258,11,0.5945945945945946,0.0,0.0,0.16216216216216217,0.7328385689607889
bayes-fix-seed43,large_circle,4,155,1544568579,success,67,16.75,0.179042728016388,0,0.0,5,0.5119577916277239,14.764955962326988,16.222413256764412,14.536365088459476,41,2.4477611940298507,21,1.2537313432835822,4,0.23880597014925373,24.50344669046056,1.6856653325193394,11,0.6567164179104478,0.0,0.0,0.05970149253731343,0.8080565973216121
bayes-fix-seed43,large_circle,4,156,1544568580,success,71,17.75,0.1860291270366521,0,0.0,2,0.7417665276265604,13.811014907460818,15.21965116262436,14.232256298692565,54,3.0422535211267605,29,1.6338028169014085,7,0.39436619718309857,33.39877221169084,2.3466955281545196,13,0.7323943661971831,0.0,0.0,0.056338028169014086,0.8224069595996757
bayes-fix-seed43,large_circle,4,157,1544568581,success,74,18.5,0.22609851354262167,0,0.0,0,0.9410875923752547,14.394872645671303,16.505829989910126,14.817236312688635,49,2.6486486486486487,23,1.2432432432432432,3,0.16216216216216217,24.960228549190752,1.6845400871292198,3,0.16216216216216217,0.07462686567164178,0.07462686567164178,0.0945945945945946,0.793951990621182
bayes-fix-seed43,large_circle,4,158,1544568582,success,69,17.25,0.15713341717763962,0,0.0,3,0.6164177352306656,14.28178611440935,16.585285961627957,13.378760327054705,42,2.4347826086956523,22,1.2753623188405796,3,0.17391304347826086,21.78425088104692,1.6282712559693981,7,0.4057971014492754,0.0,0.0,0.043478260869565216,0.8850882021502345
bayes-fix-seed43,large_circle,4,159,1544568583,success,65,16.25,0.21820723809459608,0,0.0,0,0.9491609978396621,14.157805247948719,15.784698724746702,13.100631370008184,34,2.0923076923076924,16,0.9846153846153847,6,0.36923076923076925,24.811495708341496,1.8939160264552957,12,0.7384615384615385,0.0,0.0,0.03076923076923077,0.8964779811581342
bayes-fix-seed43,large_circle,4,160,1544568584,success,75,18.75,0.23912150813596833,0,0.0,0,1.5448535044953198,14.452029665311178,16.070521622896194,14.053293699043305,54,2.88,31,1.6533333333333333,3,0.16,30.614434710157553,2.1784526364977106,11,0.5866666666666667,0.0,0.0,0.05333333333333334,0.839243299944103
bayes-fix-seed43,large_circle,4,161,1544568585,success,72,18.0,0.24096794694191193,0,0.0,0,1.3192345982780402,14.210426921231878,15.595478378236294,16.055626401601046,39,2.1666666666666665,17,0.9444444444444444,3,0.16666666666666666,24.31109087799467,1.51417890961703,7,0.3888888888888889,0.046153846153846156,0.046153846153846156,0.08333333333333333,0.7346558103992692
bayes-fix-seed43,large_circle,4,162,1544568586,timeout,101,25.25,0.22439001749097343,0,0.0,0,1.2811094598721262,14.362983885082867,15.60567319393158,18.854837805399942,69,2.732673267326733,43,1.702970297029703,39,1.5445544554455446,117.67710248459478,6.241215315620089,14,0.5544554455445545,0.2553191489361702,0.2553191489361702,0.24752475247524752,0.5951436725515521
bayes-fix-seed43,large_circle,4,163,1544568587,success,84,21.0,0.2620686141749963,0,0.0,0,1.386553014200997,14.37430123665503,16.22257586568594,18.48487345348823,52,2.4761904761904763,21,1.0,2,0.09523809523809523,27.466923910808337,1.4859135487143478,8,0.38095238095238093,0.07792207792207792,0.06493506493506493,0.09523809523809523,0.6357207592660271
bayes-fix-seed43,large_circle,4,164,1544568588,success,68,17.0,0.2297981448687203,0,0.0,0,0.8235094102394562,13.967875884298016,15.26082530617714,14.80920294348035,45,2.6470588235294117,26,1.5294117647058822,4,0.23529411764705882,27.51002373085422,1.8576302746236129,9,0.5294117647058824,0.0,0.0,0.058823529411764705,0.7913597132571537
bayes-fix-seed43,large_circle,4,165,1544568589,success,86,21.5,0.19937589361392172,0,0.0,2,0.7633531759685215,14.124184543656748,15.58670960366726,17.35139320470524,52,2.4186046511627906,19,0.8837209302325582,7,0.32558139534883723,41.09498256297721,2.368396709022382,9,0.4186046511627907,0.12658227848101267,0.12658227848101267,0.16279069767441862,0.6845028940763734
bayes-fix-seed43,large_circle,4,166,1544568590,success,80,20.0,0.21750990632316214,0,0.0,0,1.227901189177204,14.34798096306622,15.655753575265408,15.750181130962421,54,2.7,29,1.45,5,0.25,34.90231006411354,2.2159942018381615,13,0.65,0.136986301369863,0.1095890410958904,0.125,0.7457014988887176
bayes-fix-seed43,large_circle,4,167,1544568591,success,77,19.25,0.15495756756083467,0,0.0,1,1.082618222915311,14.008549804037267,15.537528693675995,16.757817861044295,45,2.3376623376623376,29,1.5064935064935066,1,0.05194805194805195,22.69709931568472,1.3544185468471435,7,0.36363636363636365,0.11428571428571428,0.08571428571428572,0.11688311688311688,0.7021111940953606
bayes-fix-seed43,large_circle,4,168,1544568592,success,86,21.5,0.20937734716296486,0,0.0,0,0.8575724836567189,14.244417638279671,15.345137566328049,17.917286033254264,62,2.883720930232558,36,1.6744186046511629,15,0.6976744186046512,50.507484180416256,2.818924924604931,12,0.5581395348837209,0.0379746835443038,0.0379746835443038,0.1511627906976744,0.6558464644679898
bayes-fix-seed43,large_circle,4,169,1544568593,success,75,18.75,0.19732141932175096,0,0.0,1,1.4654121519539827,14.050799409548441,15.349942818284035,15.65379660375132,51,2.72,35,1.8666666666666667,8,0.4266666666666667,40.05167417174933,2.5585917068930892,15,0.8,0.04411764705882353,0.04411764705882353,0.12,0.7605679000965592
bayes-fix-seed43,large_circle,4,170,1544568594,success,77,19.25,0.19060216768839144,0,0.0,1,1.0142915666021017,14.258512477209042,15.871162712574005,17.316107387415308,49,2.5454545454545454,25,1.2987012987012987,5,0.2597402597402597,30.846809837991135,1.7813940020035584,15,0.7792207792207793,0.17142857142857143,0.07142857142857142,0.15584415584415584,0.6791367308090743
bayes-fix-seed43,large_circle,4,171,1544568595,success,73,18.25,0.39633959809097496,0,0.0,0,0.9435992980400394,14.048466484432351,16.015601158142086,16.555704292996193,45,2.4657534246575343,21,1.1506849315068493,1,0.0547945205479452,22.48944404189548,1.3584105903250234,7,0.3835616438356164,0.0,0.0,0.0958904109589041,0.7099242342317549
bayes-fix-seed43,large_circle,4,172,1544568596,success,61,15.25,0.17057136929778127,0,0.0,1,0.7689649644949927,13.874553327189117,15.4266357421875,14.321884722147097,31,2.0327868852459017,15,0.9836065573770492,2,0.13114754098360656,14.790856518415707,1.032745117375746,6,0.39344262295081966,0.0,0.0,0.06557377049180328,0.8313951864435306
bayes-fix-seed43,large_circle,4,173,1544568597,success,77,19.25,0.19299262684175522,0,0.0,2,1.1189292900759753,13.81968135957594,15.239972621202469,15.566924498560768,57,2.961038961038961,33,1.7142857142857142,6,0.3116883116883117,37.362543158435514,2.4001236186306323,17,0.8831168831168831,0.0,0.0,0.09090909090909091,0.7552944157168368
bayes-fix-seed43,large_circle,4,174,1544568598,success,74,18.5,0.18667237110507895,0,0.0,1,1.0690284059705415,14.356688067719743,16.297724097967148,14.65492396393247,50,2.7027027027027026,29,1.5675675675675675,3,0.16216216216216217,28.134132865147393,1.9197733768110212,15,0.8108108108108109,0.0,0.0,0.04054054054054054,0.8019567259560705
bayes-fix-seed43,large_circle,4,175,1544568599,success,83,20.75,0.15838845923737022,0,0.0,2,0.9364877882779108,14.515504420521747,15.721906721591948,17.569096284266703,64,3.0843373493975905,35,1.6867469879518073,8,0.3855421686746988,48.16530837777599,2.7414789923434193,21,1.0120481927710843,0.09210526315789473,0.06578947368421052,0.10843373493975904,0.6752365402882432
bayes-fix-seed43,large_circle,4,176,1544568600,success,93,23.25,0.22341324061952417,0,0.0,0,1.5032571070745846,14.848334694741874,16.00019782781601,19.73291547365413,53,2.2795698924731185,19,0.8172043010752689,4,0.17204301075268819,34.40149097238176,1.7433557153940065,11,0.4731182795698925,0.12790697674418605,0.0,0.13978494623655913,0.6023123946840326
bayes-fix-seed43,large_circle,4,177,1544568601,success,90,22.5,0.288912673851226,0,0.0,0,1.010983988176879,14.886480900976393,16.687156446278095,17.306693356732648,60,2.6666666666666665,33,1.4666666666666666,8,0.35555555555555557,53.635346613677115,3.099110009527724,20,0.8888888888888888,0.13253012048192772,0.12048192771084337,0.13333333333333333,0.679506795031274
bayes-fix-seed43,large_circle,4,178,1544568602,success,57,14.25,0.2687728341450226,0,0.0,0,0.8135903300106693,14.00620353065039,15.353797376155853,13.381240569794349,24,1.6842105263157894,18,1.263157894736842,0,0.0,10.770008066928419,0.8048587132675651,3,0.21052631578947367,0.0,0.0,0.0,0.8824243078845446
bayes-fix-seed43,large_circle,4,179,1544568603,success,77,19.25,0.1444216148086067,0,0.0,2,0.9721321197996656,14.42298772079604,15.995244681835175,17.285124582661503,57,2.961038961038961,28,1.4545454545454546,6,0.3116883116883117,38.816335081323864,2.2456497143364564,9,0.4675324675324675,0.0,0.0,0.12987012987012986,0.6822743597391745
bayes-fix-seed43,large_circle,4,180,1544568604,success,84,21.0,0.22426921639019026,0,0.0,0,1.4357810269734212,14.302042224222706,15.888962708413601,17.364735104307808,52,2.4761904761904763,28,1.3333333333333333,3,0.14285714285714285,23.888023054341367,1.3756629692793456,9,0.42857142857142855,0.12987012987012986,0.03896103896103896,0.13095238095238096,0.677146816367652
bayes-fix-seed43,large_circle,4,181,1544568605,success,76,19.0,0.1814590552167642,0,0.0,2,1.0294765451176655,14.555735807669791,16.003494150936604,17.419667849562252,46,2.4210526315789473,24,1.263157894736842,1,0.05263157894736842,24.229854466559807,1.3909481326401234,11,0.5789473684210527,0.11594202898550725,0.11594202898550725,0.13157894736842105,0.6723101636941762
bayes-fix-seed43,large_circle,4,182,1544568606,success,75,18.75,0.2518282622357183,0,0.0,0,1.5956813008999873,14.2411836485068,15.678250789642334,15.865501283014524,45,2.4,20,1.0666666666666667,4,0.21333333333333335,32.099735225805,2.023241160376742,12,0.64,0.0,0.0,0.09333333333333334,0.7399827585898813
bayes-fix-seed43,large_circle,4,183,1544568607,success,68,17.0,0.2017898014663283,0,0.0,0,2.295010343146263,14.513258877045969,15.87147992104292,14.949942935698989,36,2.1176470588235294,22,1.2941176470588236,2,0.11764705882352941,23.368562129438047,1.5631204901549307,7,0.4117647058823529,0.0,0.0,0.058823529411764705,0.7849069209903573
bayes-fix-seed43,large_circle,4,184,1544568608,timeout,101,25.25,0.21752162118387397,0,0.0,0,0.6312788500023478,14.299729968061541,15.55132120847702,18.535927735023684,75,2.9702970297029703,35,1.386138613861386,29,1.1485148514851484,94.6572274982602,5.106689497898998,28,1.108910891089109,0.2978723404255319,0.2765957446808511,0.22772277227722773,0.5512255048792349
bayes-fix-seed43,large_circle,4,185,1544568609,success,77,19.25,0.20918063158543032,0,0.0,0,0.9289715926999462,14.05380932348115,15.25094285607338,15.856905406108229,52,2.7012987012987013,29,1.5064935064935066,6,0.3116883116883117,32.7723345098882,2.066754746311597,13,0.6753246753246753,0.07142857142857142,0.07142857142857142,0.09090909090909091,0.7414007820585242
bayes-fix-seed43,large_circle,4,186,1544568610,success,76,19.0,0.176413250518908,0,0.0,3,0.5365429638046941,13.933883097610975,15.208279713988304,15.329198021476197,53,2.789473684210526,25,1.3157894736842106,7,0.3684210526315789,37.38770796653554,2.438986561081368,13,0.6842105263157895,0.028985507246376812,0.0,0.09210526315789473,0.7687865016810338
bayes-fix-seed43,large_circle,4,187,1544568611,success,99,24.75,0.23182905075441784,0,0.0,0,2.0360104226001767,14.214193617755717,15.37368893623352,22.42613499379581,52,2.101010101010101,27,1.0909090909090908,8,0.32323232323232326,37.408416187764274,1.668072371726707,13,0.5252525252525253,0.1956521739130435,0.05434782608695652,0.25252525252525254,0.5259174229541854
bayes-fix-seed43,large_circle,4,188,1544568612,success,63,15.75,0.20297977391585187,0,0.0,0,0.949581706348428,13.879760449367856,15.40258713066578,14.379296909427726,30,1.9047619047619047,12,0.7619047619047619,1,0.06349206349206349,15.276754353053922,1.0624131659064486,8,0.5079365079365079,0.05357142857142857,0.017857142857142856,0.06349206349206349,0.8195285511941117
bayes-fix-seed43,large_circle,4,189,1544568613,success,78,19.5,0.41258005563553557,0,0.0,0,1.6854857838386732,13.891718613031584,15.285863354802132,15.381037852622114,52,2.6666666666666665,29,1.4871794871794872,3,0.15384615384615385,26.885683937962938,1.7479759295553352,8,0.41025641025641024,0.028169014084507043,0.028169014084507043,0.08974358974358974,0.7665860400718918
bayes-fix-seed43,large_circle,4,190,1544568614,success,71,17.75,0.17422882266138295,0,0.0,1,1.6012416608784454,14.382037478433528,15.837328508496284,14.908037188868322,38,2.140845070422535,24,1.352112676056338,6,0.3380281690140845,25.80757008508962,1.731117903593631,11,0.6197183098591549,0.015625,0.0,0.08450704225352113,0.7863919555139253
bayes-fix-seed43,large_circle,4,191,1544568615,success,75,18.75,0.22095921152131748,0,0.0,0,1.1141913346846628,14.232882757981619,15.888064727187157,14.762036774601704,49,2.6133333333333333,28,1.4933333333333334,3,0.16,30.598708971121468,2.072797232409486,13,0.6933333333333334,0.14705882352941177,0.11764705882352941,0.10666666666666667,0.7982256303279255
bayes-fix-seed43,large_circle,4,192,1544568616,success,65,16.25,0.4107828819685392,0,0.0,0,2.227798681372307,14.323698786588816,15.86858555674553,14.528616469973619,35,2.1538461538461537,26,1.6,2,0.12307692307692308,25.86590724329166,1.7803420784593555,15,0.9230769230769231,0.0,0.0,0.046153846153846156,0.8070487705198911
bayes-fix-seed43,large_circle,4,193,1544568617,success,74,18.5,0.14843966894432348,0,0.0,3,0.825718317798346,14.431043653874784,15.849252417683601,16.206702512350628,49,2.6486486486486487,27,1.4594594594594594,8,0.43243243243243246,39.12349435932886,2.4140317457862914,13,0.7027027027027027,0.04477611940298507,0.04477611940298507,0.14864864864864866,0.7318817947781495
bayes-fix-seed43,large_circle,4,194,1544568618,timeout,101,25.25,0.22109164499555478,0,0.0,0,0.8039851734872184,14.018474607774527,15.165179967880249,19.83012398772083,76,3.00990099009901,30,1.188118811881188,22,0.8712871287128713,79.19248456176612,3.9935445996607752,17,0.6732673267326733,0.3191489361702128,0.23404255319148937,0.19801980198019803,0.5732276296251748
bayes-fix-seed43,large_circle,4,195,1544568619,success,93,23.25,0.21072150419883717,0,0.0,0,0.8699452959115594,14.176586943288003,15.815439075231552,17.735703551941903,61,2.6236559139784945,32,1.3763440860215055,20,0.8602150537634409,69.66599260798516,3.9280084042878216,8,0.34408602150537637,0.18604651162790697,0.1511627906976744,0.20430107526881722,0.662937483441533
bayes-fix-seed43,large_circle,4,196,1544568620,timeout,101,25.25,0.2177796035060483,0,0.0,0,0.9505257604665021,14.503539088043835,15.812128782272339,17.67426603663173,80,3.1683168316831685,42,1.6633663366336633,25,0.9900990099009901,89.87421175108481,5.085032191142267,13,0.5148514851485149,0.19148936170212766,0.18085106382978725,0.21782178217821782,0.6269980205509312
bayes-fix-seed43,large_circle,4,197,1544568621,success,69,17.25,0.17504740480294723,0,0.0,2,0.7181229895752859,14.3096167864143,15.449190884828568,15.225549427789698,37,2.1449275362318843,15,0.8695652173913043,2,0.11594202898550725,23.717810473920427,1.5577638486155803,9,0.5217391304347826,0.0,0.0,0.057971014492753624,0.7718074614671664
bayes-fix-seed43,large_circle,4,198,1544568622,success,80,20.0,0.1471743750494382,0,0.0,10,0.8608837365418921,14.336457289755344,15.572856552898884,16.287938649607057,66,3.3,37,1.85,5,0.25,41.22826243855842,2.5312142515684783,15,0.75,0.0410958904109589,0.0410958904109589,0.0375,0.7199364177273779
bayes-fix-seed43,large_circle,4,199,1544568623,success,87,21.75,0.29148121981031705,0,0.0,0,1.0447586152546853,14.235976312694879,15.730535984039308,17.639019576058352,49,2.2528735632183907,29,1.3333333333333333,10,0.45977011494252873,41.44377440366516,2.349550904740606,8,0.367816091954023,0.0625,0.0625,0.13793103448275862,0.6703835354657289
bayes-fix-seed43,large_circle,4,200,1544568624,success,74,18.5,0.18558200190161434,0,0.0,3,0.9055239803832155,13.925862876144615,14.933157712221146,16.00043602831123,48,2.5945945945945947,22,1.1891891891891893,5,0.2702702702702703,30.831760275914682,1.926932504924294,14,0.7567567567567568,0.0,0.0,0.0945945945945946,0.7354515795359462
bayes-fix-seed43,large_circle,4,201,1544568625,success,84,21.0,0.2023767073578845,0,0.0,0,0.9160460373036043,14.658254083423387,16.04561824351549,16.610325927916676,62,2.9523809523809526,32,1.5238095238095237,10,0.47619047619047616,52.83808781042179,3.1810385924828704,9,0.42857142857142855,0.0,0.0,0.13095238095238096,0.7144425020491335
bayes-fix-seed43,large_circle,4,202,1544568626,success,77,19.25,0.4450387323338275,0,0.0,0,1.2337150816183746,13.973311847680575,15.281470119953156,17.40907546408654,47,2.4415584415584415,27,1.4025974025974026,6,0.3116883116883117,28.44994482895295,1.6342019360903337,9,0.4675324675324675,0.0,0.0,0.11688311688311688,0.6794972322219779
bayes-fix-seed43,large_circle,4,203,1544568627,success,85,21.25,0.20312787984283898,0,0.0,0,0.8710353030253764,14.220338227117763,15.294095128774643,14.380398676380295,62,2.9176470588235293,33,1.5529411764705883,6,0.2823529411764706,36.503602741478154,2.538427728115429,13,0.611764705882353,0.05128205128205128,0.05128205128205128,0.047058823529411764,0.8224729086930901
bayes-fix-seed43,large_circle,4,204,1544568628,success,73,18.25,0.22169650239726524,0,0.0,0,1.1100981422603224,14.068547891427393,15.656571835279463,14.095693304525,45,2.4657534246575343,16,0.8767123287671232,4,0.2191780821917808,25.238324320499594,1.790498968390408,9,0.4931506849315068,0.0,0.0,0.0547945205479452,0.8386448500387673
bayes-fix-seed43,large_circle,4,205,1544568629,success,72,18.0,0.1952121912074698,0,0.0,1,1.1951376165452743,13.889949613561233,15.452448464930058,13.602145321985585,44,2.4444444444444446,25,1.3888888888888888,6,0.3333333333333333,32.35304266864902,2.3785249975498903,18,1.0,0.015384615384615385,0.015384615384615385,0.05555555555555555,0.8644809283912886
bayes-fix-seed43,large_circle,4,206,1544568630,success,68,17.0,0.14772187554269067,0,0.0,3,1.1470070299095518,14.100612031624598,15.580974332988262,13.621612341471335,45,2.6470588235294117,28,1.6470588235294117,6,0.35294117647058826,27.742981443688976,2.0366885173515605,7,0.4117647058823529,0.0,0.0,0.014705882352941176,0.8618235328114849
bayes-fix-seed43,large_circle,4,207,1544568631,success,71,17.75,0.2512656652696711,0,0.0,0,2.0687315831692463,13.748522480608711,14.904258772730827,15.132915071574674,47,2.647887323943662,26,1.4647887323943662,3,0.16901408450704225,21.871294917831595,1.4452796975590076,7,0.39436619718309857,0.0,0.0,0.07042253521126761,0.7742674734031146
bayes-fix-seed43,large_circle,4,208,1544568632,success,58,14.5,0.18418146241764344,0,0.0,1,2.414839270123936,14.42179694001017,16.17905292659998,13.588822991818075,27,1.8620689655172413,19,1.3103448275862069,3,0.20689655172413793,18.34613344111605,1.3500899564415831,7,0.4827586206896552,0.0,0.0,0.034482758620689655,0.8627564045529783
bayes-fix-seed43,large_circle,4,209,1544568633,success,67,16.75,0.22827914714628228,0,0.0,0,1.1107847589805173,13.744396949881938,14.622116088867188,14.257763694414276,46,2.746268656716418,29,1.7313432835820894,6,0.3582089552238806,31.4914878272245,2.2087256109849704,21,1.2537313432835822,0.0,0.0,0.07462686567164178,0.8277322851191655
bayes-fix-seed43,large_circle,4,210,1544568634,success,79,19.75,0.30120499635101716,0,0.0,0,1.4769362361305283,13.83308557015431,15.09646438062191,16.43747400507942,49,2.481012658227848,24,1.2151898734177216,7,0.35443037974683544,40.78433188255886,2.481180007947444,10,0.5063291139240507,0.09722222222222222,0.06944444444444445,0.11392405063291139,0.7156377202903587
bayes-fix-seed43,large_circle,4,211,1544568635,success,84,21.0,0.25819862662294113,0,0.0,0,1.3405896478345536,13.975403005523342,15.248902887105942,18.783544352542737,52,2.4761904761904763,26,1.2380952380952381,3,0.14285714285714285,33.91750859269725,1.8057033303251857,17,0.8095238095238095,0.14285714285714285,0.14285714285714285,0.15476190476190477,0.6277916507728372
bayes-fix-seed43,large_circle,4,212,1544568636,success,71,17.75,0.3941370815503925,0,0.0,0,0.9242675191709836,13.769934557273354,15.16341045498848,15.024671689704917,48,2.704225352112676,25,1.408450704225352,5,0.28169014084507044,28.640480955568698,1.9062300692529273,6,0.3380281690140845,0.0,0.0,0.1267605633802817,0.780464043411801
bayes-fix-seed43,large_circle,4,213,1544568637,success,74,18.5,0.20312299865450711,0,0.0,0,0.7753554313778784,13.78093594433488,15.058988705277443,16.082787845599466,47,2.5405405405405403,24,1.2972972972972974,3,0.16216216216216217,29.121477630912125,1.8107232347083577,11,0.5945945945945946,0.07462686567164178,0.0,0.0945945945945946,0.7275708994369137
bayes-fix-seed43,large_circle,4,214,1544568638,success,88,22.0,0.08220369542834405,0,0.0,5,1.2260458644779613,13.985188762572678,15.483057685196398,17.720397298194243,57,2.590909090909091,33,1.5,16,0.7272727272727273,59.54355747536503,3.360170569168485,14,0.6363636363636364,0.12345679012345678,0.12345679012345678,0.18181818181818182,0.6634329232334444
bayes-fix-seed43,large_circle,4,215,1544568639,success,91,22.75,0.16988603435101535,0,0.0,2,1.1773300295594011,14.193015439169747,15.147719532251358,16.793712357180237,64,2.8131868131868134,24,1.054945054945055,13,0.5714285714285714,54.913483023262884,3.269883504928816,21,0.9230769230769231,0.13095238095238096,0.07142857142857142,0.18681318681318682,0.7006161799008703
bayes-fix-seed43,large_circle,4,216,1544568640,success,71,17.75,0.29614312384429076,0,0.0,0,1.3074984168741353,13.966258510317601,15.33878780901432,14.976899245870285,38,2.140845070422535,19,1.0704225352112675,5,0.28169014084507044,25.933724790568295,1.7315817089254462,8,0.4507042253521127,0.0,0.0,0.04225352112676056,0.7832034090982667
bayes-fix-seed43,large_circle,4,217,1544568641,success,59,14.75,0.17799834512107282,0,0.0,1,1.308969599066832,13.657320480225449,15.097211673855782,13.896432403655023,30,2.0338983050847457,15,1.0169491525423728,1,0.06779661016949153,16.886613315203935,1.2151761563466057,9,0.6101694915254238,0.0,0.0,0.03389830508474576,0.8552403410894719
bayes-fix-seed43,large_circle,4,218,1544568642,success,90,22.5,0.1560034020426786,0,0.0,1,1.9012394935516053,14.129981150229773,15.386057086288929,20.917437572024312,51,2.2666666666666666,32,1.4222222222222223,4,0.17777777777777778,31.05243159278368,1.484523689188118,13,0.5777777777777777,0.18072289156626506,0.0963855421686747,0.2111111111111111,0.5596191791569887
bayes-fix-seed43,large_circle,4,219,1544568643,success,66,16.5,0.3224252807486079,0,0.0,0,0.890085268563443,13.847703960808841,15.229114331305027,14.942893758906566,39,2.3636363636363638,18,1.0909090909090908,2,0.12121212121212122,23.354997180903688,1.562950092379742,8,0.48484848484848486,0.03389830508474576,0.03389830508474576,0.07575757575757576,0.7928134550555329
bayes-fix-seed43,large_circle,4,220,1544568644,success,87,21.75,0.17191407829836347,0,0.0,2,1.1952620432995058,13.991917858178589,15.203548967838287,18.421476482357367,55,2.528735632183908,31,1.4252873563218391,5,0.22988505747126436,33.86455475806334,1.8383192460439386,17,0.7816091954022989,0.2,0.15,0.19540229885057472,0.6383829317115767
bayes-fix-seed43,large_circle,4,221,1544568645,success,100,25.0,0.2180205925348081,0,0.0,0,1.7348320453723989,14.040362499654293,15.528851188719273,22.131403728619336,54,2.16,28,1.12,6,0.24,36.30708264463365,1.6405232623217192,9,0.36,0.21505376344086022,0.07526881720430108,0.23,0.5332930859817561
bayes-fix-seed43,large_circle,4,222,1544568646,success,95,23.75,0.1759252677446731,0,0.0,1,2.1698264473210327,14.130825980713492,15.135926008224487,21.47164200946114,48,2.0210526315789474,21,0.8842105263157894,3,0.12631578947368421,28.45217616974,1.3251048129995366,7,0.29473684210526313,0.1590909090909091,0.022727272727272728,0.22105263157894736,0.549159181973365
bayes-fix-seed43,large_circle,4,223,1544568647,success,66,16.5,0.17938989914890613,0,0.0,2,0.7828526290373885,13.617532835765319,14.926734380424023,14.843627242230967,33,2.0,12,0.7272727272727273,2,0.12121212121212122,15.18028383199949,1.022680210454943,4,0.24242424242424243,0.0,0.0,0.030303030303030304,0.7941139748693328
bayes-fix-seed43,large_circle,4,224,1544568648,success,78,19.5,0.2000029963141563,0,0.0,0,0.7438509697064537,14.056109369565279,15.584241040050983,16.24187552857641,50,2.5641025641025643,26,1.3333333333333333,6,0.3076923076923077,31.148694766236307,1.9178015932601145,7,0.358974358974359,0.014084507042253521,0.0,0.10256410256410256,0.7250229673373364
bayes-fix-seed43,large_circle,4,225,1544568649,success,82,20.5,0.20505100022659928,0,0.0,0,1.1391652933233363,13.748717017290069,15.235336683690548,15.978852448036632,54,2.6341463414634148,30,1.4634146341463414,5,0.24390243902439024,37.04307829539282,2.3182564840533595,18,0.8780487804878049,0.013333333333333334,0.0,0.10975609756097561,0.7375911520129109
bayes-fix-seed43,large_circle,4,226,1544568650,success,84,21.0,0.4030550735948576,0,0.0,0,1.4715475282410853,13.685589523187705,14.759902842342854,17.18291470667124,46,2.1904761904761907,23,1.0952380952380953,5,0.23809523809523808,24.945613213966542,1.4517684362526369,3,0.14285714285714285,0.025974025974025976,0.012987012987012988,0.09523809523809523,0.6923672861556045
bayes-fix-seed43,large_circle,4,227,1544568651,success,65,16.25,0.23660301393480554,0,0.0,0,1.260362553647402,13.6224936407346,15.04741683602333,14.621713191906826,30,1.8461538461538463,12,0.7384615384615385,0,0.0,10.176218118227963,0.6959661966191854,6,0.36923076923076925,0.0,0.0,0.0,0.8037756594755433
bayes-fix-seed43,large_circle,4,228,1544568652,success,77,19.25,0.2130152784486955,0,0.0,0,1.9354555368331936,13.514951161749952,14.661931246519089,16.03195325449225,42,2.1818181818181817,22,1.1428571428571428,5,0.2597402597402597,31.742695931256364,1.9799643516526513,9,0.4675324675324675,0.11428571428571428,0.11428571428571428,0.1038961038961039,0.7303996530261752
bayes-fix-seed43,large_circle,4,229,1544568653,success,77,19.25,0.17330572914093045,0,0.0,1,1.5246790213766532,13.707501112253635,15.11743888258934,15.901778274089196,40,2.0779220779220777,19,0.987012987012987,2,0.1038961038961039,22.45915417386378,1.412367458956421,6,0.3116883116883117,0.12857142857142856,0.08571428571428572,0.1038961038961039,0.7373997088368326
bayes-fix-seed43,large_circle,4,230,1544568654,success,68,17.0,0.20879218396938837,0,0.0,0,0.7704341171881071,13.543274198823115,14.904467202723026,15.737922690040143,34,2.0,15,0.8823529411764706,1,0.058823529411764705,17.467300812384433,1.1098860476318606,4,0.23529411764705882,0.04918032786885246,0.03278688524590164,0.058823529411764705,0.7525292921980274
bayes-fix-seed43,large_circle,4,231,1544568655,success,89,22.25,0.23178189414657335,0,0.0,0,1.0977956728305132,13.871487397491261,15.097535401582718,17.89736962200325,57,2.561797752808989,25,1.1235955056179776,10,0.449438202247191,47.93209381898019,2.6781641565949377,13,0.5842696629213483,0.08536585365853659,0.07317073170731707,0.1348314606741573,0.6577847879174825
bayes-fix-seed43,large_circle,4,232,1544568656,success,84,21.0,0.22969898549337486,0,0.0,0,1.1504234589839113,13.752338786919912,14.918013475835323,16.0238529544911,56,2.6666666666666665,30,1.4285714285714286,5,0.23809523809523808,31.660757280031763,1.9758517111927199,17,0.8095238095238095,0.05194805194805195,0.03896103896103896,0.11904761904761904,0.7382052957554037
bayes-fix-seed43,large_circle,4,233,1544568657,success,70,17.5,0.2939237264538962,0,0.0,0,1.6016360582603089,14.120198945913996,15.636993944644928,15.789233432451113,46,2.6285714285714286,30,1.7142857142857142,6,0.34285714285714286,29.981186108022772,1.898837346112281,10,0.5714285714285714,0.0,0.0,0.07142857142857142,0.7433632016843305
bayes-fix-seed43,large_circle,4,234,1544568658,success,70,17.5,0.08524746667342098,0,0.0,7,1.2724555208837445,13.762108875172478,14.91080429404974,15.15638198262319,49,2.8,32,1.8285714285714285,3,0.17142857142857143,27.36980216711249,1.8058268918328926,17,0.9714285714285714,0.0,0.0,0.04285714285714286,0.7749900415006155
bayes-fix-seed43,large_circle,4,235,1544568659,success,72,18.0,0.20308827692706322,0,0.0,0,0.7155847210265978,13.756088446825743,15.027754381299019,14.990348593229916,53,2.9444444444444446,36,2.0,3,0.16666666666666666,32.17200918716944,2.1461815238705833,10,0.5555555555555556,0.015384615384615385,0.015384615384615385,0.05555555555555555,0.7897865071464815
bayes-fix-seed43,large_circle,4,236,1544568660,success,84,21.0,0.2367530032008236,0,0.0,0,1.346071391841279,13.495719148999168,14.886564016342163,18.198119869131187,56,2.6666666666666665,29,1.380952380952381,9,0.42857142857142855,46.776595984857835,2.5704081697034695,17,0.8095238095238095,0.07792207792207792,0.05194805194805195,0.14285714285714285,0.6511408732793212
bayes-fix-seed43,large_circle,4,237,1544568661,success,93,23.25,0.3811874438059665,0,0.0,0,1.2398868112870418,13.891334294952372,14.994168281555176,16.295037257243823,69,2.967741935483871,36,1.5483870967741935,13,0.5591397849462365,62.79077959985684,3.8533682745612454,25,1.075268817204301,0.09302325581395349,0.09302325581395349,0.12903225806451613,0.723216603864668
bayes-fix-seed43,large_circle,4,238,1544568662,success,62,15.5,0.4852191671621574,0,0.0,0,0.814373040970964,13.305547737306163,14.402993954718113,13.880064341426687,32,2.064516129032258,21,1.3548387096774193,4,0.25806451612903225,23.700811615882607,1.7075433537541136,8,0.5161290322580645,0.0,0.0,0.03225806451612903,0.8432634047583951
bayes-fix-seed43,large_circle,4,239,1544568663,success,91,22.75,0.2618033886972042,0,0.0,0,1.6960451302523292,13.889981822653132,14.851070940494537,20.503190289228364,57,2.5054945054945055,34,1.4945054945054945,5,0.21978021978021978,38.73557241773157,1.88924610615753,13,0.5714285714285714,0.13095238095238096,0.0,0.1978021978021978,0.57516522631515
bayes-fix-seed43,large_circle,4,240,1544568664,success,72,18.0,0.2394525886051454,0,0.0,0,1.0202430341183695,13.648798844466606,14.6155446767807,15.259640719834536,48,2.6666666666666665,29,1.6111111111111112,6,0.3333333333333333,35.00947646116408,2.2942529974286114,21,1.1666666666666667,0.0,0.0,0.06944444444444445,0.7736610591477096
bayes-fix-seed43,large_circle,4,241,1544568665,success,77,19.25,0.09147093046515542,0,0.0,3,1.3709985084919356,14.129664361863941,15.266306698322296,16.682493714177323,48,2.4935064935064934,22,1.1428571428571428,4,0.2077922077922078,26.180521109439645,1.569340984507046,11,0.5714285714285714,0.17142857142857143,0.11428571428571428,0.11688311688311688,0.7084582053371535
bayes-fix-seed43,large_circle,4,242,1544568666,success,85,21.25,0.2082607377368022,0,0.0,0,1.0592101046954085,13.912868280621137,14.957953989505768,18.01720469378424,58,2.7294117647058824,32,1.5058823529411764,5,0.23529411764705882,33.99111853017546,1.8865922382455957,9,0.4235294117647059,0.07692307692307693,0.05128205128205128,0.10588235294117647,0.6562859874891206
bayes-fix-seed43,large_circle,4,243,1544568667,success,77,19.25,0.3210585799485649,0,0.0,0,1.1011734822509582,13.650933498298967,14.704494923353195,16.44396639671148,53,2.7532467532467533,33,1.7142857142857142,11,0.5714285714285714,46.00957324158682,2.7979607919162355,8,0.4155844155844156,0.02857142857142857,0.02857142857142857,0.16883116883116883,0.7155579522815665
bayes-fix-seed43,large_circle,4,244,1544568668,success,78,19.5,0.1873867046600619,0,0.0,2,2.239252798314888,14.050434462917156,15.814141184091568,15.703408702737528,45,2.3076923076923075,19,0.9743589743589743,3,0.15384615384615385,27.981585776168373,1.7818797374413637,8,0.41025641025641024,0.19718309859154928,0.18309859154929578,0.11538461538461539,0.7454379398402792
bayes-fix-seed43,large_circle,4,245,1544568669,success,85,21.25,0.2229876901401069,0,0.0,0,1.6745640580569001,13.83829340338707,14.89037424325943,16.90626432274229,49,2.3058823529411763,25,1.1764705882352942,16,0.7529411764705882,53.46859280186,3.1626497599433656,14,0.6588235294117647,0.10256410256410256,0.08974358974358974,0.16470588235294117,0.6959652542813562
bayes-fix-seed43,large_circle,4,246,1544568670,success,65,16.25,0.23194174970290438,0,0.0,0,0.9113681660117755,13.679004517885355,14.876789599657059,13.29887442850393,43,2.646153846153846,24,1.476923076923077,2,0.12307692307692308,20.60409891885108,1.5493114871954585,12,0.7384615384615385,0.0,0.0,0.0,0.885458467149976
bayes-fix-seed43,large_circle,4,247,1544568671,success,69,17.25,0.4053144663581588,0,0.0,0,1.349405916303163,14.162288897711298,15.390297025442122,15.627919348895933,39,2.260869565217391,19,1.1014492753623188,2,0.11594202898550725,22.529063796034585,1.441590738541033,12,0.6956521739130435,0.016129032258064516,0.016129032258064516,0.07246376811594203,0.7516195618572934
bayes-fix-seed43,large_circle,4,248,1544568672,success,66,16.5,0.3783876169520879,0,0.0,0,1.1301004579805913,13.684291392564774,14.758676290512085,13.93499740301926,37,2.242424242424242,18,1.0909090909090908,4,0.24242424242424243,21.749865150316793,1.5608086977902347,4,0.24242424242424243,0.0,0.0,0.030303030303030304,0.8451194741864608
bayes-fix-seed43,large_circle,4,249,1544568673,success,67,16.75,0.20835450021421154,0,0.0,0,1.3452728243531096,13.884687490427671,15.161050856113434,14.991036618200395,41,2.4477611940298507,25,1.492537313432836,0,0.0,20.933862833103003,1.3964253017491473,11,0.6567164179104478,0.0,0.0,0.05970149253731343,0.7825370301865417
bayes-fix-seed43,large_circle,4,250,1544568674,success,87,21.75,0.26233232110071103,0,0.0,0,1.8647695603222336,14.010469632587213,15.461400151252747,16.951137549963054,53,2.4367816091954024,37,1.7011494252873562,5,0.22988505747126436,37.92452413484075,2.2372849033322493,17,0.7816091954022989,0.1875,0.15,0.16091954022988506,0.6929819789690491
bayes-fix-seed43,large_circle,4,251,1544568675,success,78,19.5,0.19109361606277786,0,0.0,2,1.6367609800401863,14.439771763789349,15.536514669656754,17.06612996205081,44,2.2564102564102564,23,1.1794871794871795,7,0.358974358974359,34.89224633500416,2.0445318541809123,7,0.358974358974359,0.11267605633802817,0.11267605633802817,0.1794871794871795,0.6907949982371742
bayes-fix-seed43,large_circle,4,252,1544568676,success,74,18.5,0.20751721152346847,0,0.0,0,0.9058583540023141,13.850170313506514,15.342524647712706,16.151418002685762,47,2.5405405405405403,25,1.3513513513513513,10,0.5405405405405406,37.85113196696577,2.3435175760215996,7,0.3783783783783784,0.0,0.0,0.10810810810810811,0.7334870509542273
bayes-fix-seed43,large_circle,4,253,1544568677,success,76,19.0,0.22446293716516263,0,0.0,0,0.8678778966175366,13.938623137379947,14.897536486387253,15.997809353836084,57,3.0,36,1.894736842105263,13,0.6842105263157895,45.57950722575423,2.8491092885054794,17,0.8947368421052632,0.07246376811594203,0.07246376811594203,0.11842105263157894,0.7385712421575807
bayes-fix-seed43,large_circle,4,254,1544568678,success,66,16.5,0.48557470293260574,0,0.0,0,0.9192427593563022,13.492389384544257,14.748566783964634,14.375392315684184,41,2.484848484848485,24,1.4545454545454546,3,0.18181818181818182,25.648637927433192,1.7842043795527864,9,0.5454545454545454,0.0,0.0,0.06060606060606061,0.8151787938289395
bayes-fix-seed43,large_circle,4,255,1544568679,success,77,19.25,0.4574803922363585,0,0.0,0,2.5522151528324817,13.930631728915426,15.120156854391098,16.429403984575206,48,2.4935064935064934,22,1.1428571428571428,7,0.36363636363636365,30.762376269806712,1.872397580501889,9,0.4675324675324675,0.12857142857142856,0.11428571428571428,0.11688311688311688,0.7123805392857092
bayes-fix-seed43,large_circle,4,256,1544568680,success,78,19.5,0.19689604249996984,0,0.0,1,1.353313248508386,13.747296510980679,14.931152202188969,16.01643268759105,49,2.5128205128205128,24,1.2307692307692308,3,0.15384615384615385,30.25713416753688,1.8891306670916184,7,0.358974358974359,0.0,0.0,0.08974358974358974,0.7336362010208416
bayes-fix-seed43,large_circle,4,257,1544568681,success,64,16.0,0.20328077019976742,0,0.0,0,1.1564707463152126,13.797975785564631,14.88119624555111,14.183756537837027,43,2.6875,24,1.5,2,0.125,20.23513384216697,1.4266413688212358,4,0.25,0.0,0.0,0.015625,0.82908654650121
bayes-fix-seed43,large_circle,4,258,1544568682,success,81,20.25,0.1858433766639368,0,0.0,1,0.9778542343794311,13.959838836281389,15.187807381153107,16.169979803233222,62,3.0617283950617282,33,1.6296296296296295,5,0.24691358024691357,35.974368738831615,2.2247627502687704,17,0.8395061728395061,0.013513513513513514,0.013513513513513514,0.1111111111111111,0.7297111775097357
bayes-fix-seed43,large_circle,4,259,1544568683,success,70,17.5,0.23056304963056462,0,0.0,0,1.7123349689950769,13.775091192552022,14.952283911406994,13.88996007559427,43,2.4571428571428573,19,1.0857142857142856,9,0.5142857142857142,38.86750843352129,2.7982447913449726,8,0.45714285714285713,0.015873015873015872,0.015873015873015872,0.1,0.8445391756335054
bayes-fix-seed43,large_circle,4,260,1544568684,success,72,18.0,0.12047493702997703,0,0.0,1,0.7354436846796985,13.870376731372541,15.349000692367554,16.30663938101814,42,2.3333333333333335,21,1.1666666666666667,3,0.16666666666666666,24.097405539779253,1.4777665082745381,5,0.2777777777777778,0.09230769230769231,0.015384615384615385,0.09722222222222222,0.7287326211815877
bayes-fix-seed43,large_circle,4,261,1544568685,success,86,21.5,0.2048309701669916,0,0.0,0,1.8181221525143714,13.75192997240743,14.920216985046864,15.725220852637646,59,2.744186046511628,33,1.5348837209302326,5,0.23255813953488372,38.57505853278125,2.4530694286758408,13,0.6046511627906976,0.16455696202531644,0.10126582278481013,0.13953488372093023,0.747606522472346
bayes-fix-seed43,large_circle,4,262,1544568686,success,85,21.25,0.168292479358225,0,0.0,2,1.0718394862897949,13.87273379985024,15.376786142587662,17.64061055061946,50,2.3529411764705883,24,1.1294117647058823,3,0.1411764705882353,26.584992455864917,1.5070335791144922,9,0.4235294117647059,0.0641025641025641,0.0,0.12941176470588237,0.6665597657354552
bayes-fix-seed43,large_circle,4,263,1544568687,success,77,19.25,0.21094467124129235,0,0.0,0,1.0219947915409013,13.506032720014646,14.515066146850586,16.24944971361391,55,2.857142857142857,32,1.6623376623376624,10,0.5194805194805194,43.44874653182817,2.673859564328907,17,0.8831168831168831,0.0,0.0,0.07792207792207792,0.7212996293557425
bayes-fix-seed43,large_circle,4,264,1544568688,success,77,19.25,0.16329599705492126,0,0.0,7,1.08101631192382,13.760149043488813,14.88894447684288,14.780809933511586,59,3.064935064935065,34,1.7662337662337662,4,0.2077922077922078,34.86733324266514,2.3589595833725365,20,1.0389610389610389,0.04285714285714286,0.04285714285714286,0.07792207792207792,0.7973319963241945
bayes-fix-seed43,large_circle,4,265,1544568689,success,79,19.75,0.1770764102264727,0,0.0,1,0.6557466636847603,13.331120432932165,14.49056342244148,15.837342329166926,58,2.9367088607594938,31,1.5696202531645569,6,0.3037974683544304,40.68202793712892,2.568740833631325,15,0.759493670886076,0.0,0.0,0.13924050632911392,0.7416568846699728
bayes-fix-seed43,large_circle,4,266,1544568690,success,75,18.75,0.2134167586652873,0,0.0,0,0.9147593498743061,13.721576432387034,14.858338236808777,15.085221167539391,51,2.72,32,1.7066666666666668,1,0.05333333333333334,32.53118269201226,2.156493586054499,13,0.6933333333333334,0.058823529411764705,0.04411764705882353,0.09333333333333334,0.7843532741266103
bayes-fix-seed43,large_circle,4,267,1544568691,success,77,19.25,0.1997495461281199,0,0.0,1,0.8186237700794833,13.770052510035502,15.103847533464432,16.00958445411607,55,2.857142857142857,24,1.2467532467532467,6,0.3116883116883117,37.123342795572356,2.318819885798343,15,0.7792207792207793,0.014285714285714285,0.014285714285714285,0.07792207792207792,0.7349279561335368
bayes-fix-seed43,large_circle,4,268,1544568692,success,93,23.25,0.1685071841194078,0,0.0,1,0.8121243909311646,13.787413917241558,14.85230028629303,19.118125537209355,55,2.3655913978494625,22,0.946236559139785,4,0.17204301075268819,29.550504226764538,1.5456799971969417,9,0.3870967741935484,0.16279069767441862,0.06976744186046512,0.20430107526881722,0.614799906194395
bayes-fix-seed43,large_circle,4,269,1544568693,success,73,18.25,0.1836935232009429,0,0.0,4,0.9265475457143714,13.989275806162455,15.794344246387482,15.96069206804199,47,2.5753424657534247,24,1.3150684931506849,0,0.0,22.555505964887846,1.4131909737204076,9,0.4931506849315068,0.0,0.0,0.0684931506849315,0.7353845342641814
bayes-fix-seed43,large_circle,4,270,1544568694,success,72,18.0,0.32331245601894054,0,0.0,0,1.8038088266007035,13.722329090038935,15.194757655262947,15.261259810502244,42,2.3333333333333335,29,1.6111111111111112,14,0.7777777777777778,47.721661910945066,3.126980505115623,21,1.1666666666666667,0.0,0.0,0.1388888888888889,0.7715066903174977
bayes-fix-seed43,large_circle,4,271,1544568695,success,71,17.75,0.2803712940594474,0,0.0,0,2.001535747153865,13.65878359532692,14.70734179019928,15.817307286020132,42,2.3661971830985915,25,1.408450704225352,4,0.22535211267605634,26.110986122613465,1.6507857911878105,10,0.5633802816901409,0.015625,0.015625,0.1267605633802817,0.7415616494294108
bayes-fix-seed43,large_circle,4,272,1544568696,success,74,18.5,0.1690637430500267,0,0.0,1,1.2985151976588576,14.350016123136959,15.765253640711308,14.80682749803459,49,2.6486486486486487,26,1.4054054054054055,9,0.4864864864864865,41.59198999010865,2.8089737653544917,14,0.7567567567567568,0.05970149253731343,0.05970149253731343,0.10810810810810811,0.7963613582886027
bayes-fix-seed43,large_circle,4,273,1544568697,success,74,18.5,0.20141712408704082,0,0.0,0,0.7250046284172735,16.284877484714663,15.777129121124744,14.899126183542963,46,2.4864864864864864,23,1.2432432432432432,3,0.16216216216216217,27.32635595943043,1.8340911824489503,7,0.3783783783783784,0.0,0.0,0.05405405405405406,0.7938157211746105
bayes-fix-seed43,large_circle,4,274,1544568698,success,94,23.5,0.23719794973149932,0,0.0,0,1.8594295528252014,14.61012142294265,16.047530621290207,21.66521130553963,51,2.1702127659574466,24,1.0212765957446808,2,0.0851063829787234,24.313614342271723,1.1222421973818884,13,0.5531914893617021,0.1839080459770115,0.09195402298850575,0.23404255319148937,0.5442941760672004
bayes-fix-seed43,large_circle,4,275,1544568699,success,68,17.0,0.1747540568120194,0,0.0,1,1.0005259766970664,14.325124649878811,15.810173377394676,14.757133184224278,38,2.235294117647059,19,1.1176470588235294,5,0.29411764705882354,26.168724622728206,1.7732932471398433,11,0.6470588235294118,0.11475409836065574,0.11475409836065574,0.10294117647058823,0.7962854333142498
bayes-fix-seed43,large_circle,4,276,1544568700,success,68,17.0,0.1196430371956585,0,0.0,4,0.7925188707507759,14.066108666798648,15.356681868433952,14.483015229113226,45,2.6470588235294117,25,1.4705882352941178,4,0.23529411764705882,27.58612273317287,1.904722345228241,13,0.7647058823529411,0.0,0.0,0.04411764705882353,0.8127987467148472
bayes-fix-seed43,large_circle,4,277,1544568701,success,76,19.0,0.1758766907196445,0,0.0,1,1.4895143886296718,13.647779283162794,14.763480052351952,15.153287531179577,51,2.6842105263157894,23,1.2105263157894737,4,0.21052631578947367,31.953350350481966,2.108674456597909,13,0.6842105263157895,0.0,0.0,0.07894736842105263,0.7780663763043055
bayes-fix-seed43,large_circle,4,278,1544568702,success,74,18.5,0.2732518448840773,0,0.0,0,0.7419820864094859,13.53687501034221,14.805782400071621,15.331268450663899,52,2.810810810810811,37,2.0,17,0.918918918918919,60.83606757625295,3.9681039942666017,17,0.918918918918919,0.07462686567164178,0.07462686567164178,0.12162162162162163,0.766141772174569
bayes-fix-seed43,large_circle,4,279,1544568703,success,67,16.75,0.23599814307697797,0,0.0,0,0.9534759173929019,13.377079267555208,14.767847955226898,14.065306166280259,33,1.9701492537313432,20,1.1940298507462686,0,0.0,17.278006138255673,1.2284130849335826,5,0.29850746268656714,0.0,0.0,0.029850746268656716,0.8339647902233954
bayes-fix-seed43,large_circle,4,280,1544568704,success,73,18.25,0.2846323177821044,0,0.0,0,1.6753214809725012,13.721721017197387,15.00604450702667,15.086179093279283,42,2.3013698630136985,23,1.2602739726027397,4,0.2191780821917808,34.70226065910809,2.300268374420104,9,0.4931506849315068,0.045454545454545456,0.045454545454545456,0.0821917808219178,0.7765725529755334
bayes-fix-seed43,large_circle,4,281,1544568705,success,61,15.25,0.2799337330199183,0,0.0,0,1.0947858463291342,13.598506262556452,15.214771032333374,13.813517608346782,33,2.1639344262295084,16,1.0491803278688525,0,0.0,12.684301032599146,0.9182527863094546,6,0.39344262295081966,0.0,0.0,0.0,0.8542499614987039
bayes-fix-seed43,large_circle,4,282,1544568706,success,72,18.0,0.19223412853972366,0,0.0,3,0.8435328702555781,14.012487139552832,15.419340692460537,14.976040941785994,54,3.0,30,1.6666666666666667,7,0.3888888888888889,36.600347450258376,2.443926775609732,10,0.5555555555555556,0.0,0.0,0.1111111111111111,0.7855837068408572
bayes-fix-seed43,large_circle,4,283,1544568707,success,81,20.25,0.16967642306929376,0,0.0,2,0.9134785097868755,13.683624427627635,15.099380165338516,15.730942158258044,57,2.814814814814815,27,1.3333333333333333,9,0.4444444444444444,52.3348783991523,3.326875013120484,20,0.9876543209876543,0.02702702702702703,0.02702702702702703,0.08641975308641975,0.7467611950044803
bayes-fix-seed43,large_circle,4,284,1544568708,success,88,22.0,0.2138072418500202,0,0.0,0,1.4922409361030164,13.786533085460013,14.931923896074295,17.91796329820115,51,2.3181818181818183,21,0.9545454545454546,5,0.22727272727272727,33.19329215588236,1.852514797773626,9,0.4090909090909091,0.20987654320987653,0.18518518518518517,0.19318181818181818,0.6548102769824783
bayes-fix-seed43,large_circle,4,285,1544568709,success,80,20.0,0.20331481551328623,0,0.0,0,1.9287076853198193,13.81025705486536,15.239576995372772,15.291116160293484,59,2.95,33,1.65,13,0.65,45.916448172765165,3.002818609932258,19,0.95,0.1095890410958904,0.1095890410958904,0.1125,0.7697330169259323
bayes-fix-seed43,large_circle,4,286,1544568710,success,74,18.5,0.3124171259313062,0,0.0,0,1.9707331292912325,13.740855848064294,15.055785886943339,16.04802422054054,49,2.6486486486486487,25,1.3513513513513513,2,0.10810810810810811,28.35782039902949,1.7670599202319948,13,0.7027027027027027,0.0,0.0,0.05405405405405406,0.7315675910709635
bayes-fix-seed43,large_circle,4,287,1544568711,success,84,21.0,0.12176056680806902,0,0.0,3,1.148965217593014,13.650550994844664,14.674106426537037,15.96788009669372,57,2.7142857142857144,23,1.0952380952380953,5,0.23809523809523808,34.95964944814163,2.1893732440651474,15,0.7142857142857143,0.025974025974025976,0.025974025974025976,0.10714285714285714,0.7361657647254053
bayes-fix-seed43,large_circle,4,288,1544568712,success,89,22.25,0.3334302098215286,0,0.0,0,1.4048001287697738,13.777254295817922,15.024780482053757,18.80538681745394,50,2.247191011235955,26,1.1685393258426966,7,0.3146067415730337,36.61851967539492,1.9472356527868913,13,0.5842696629213483,0.0975609756097561,0.08536585365853659,0.16853932584269662,0.6274468940296237
bayes-fix-seed43,large_circle,4,289,1544568713,success,70,17.5,0.31793271787640587,0,0.0,0,1.2570244276150717,13.639057534081596,15.285649336874485,16.046864412526634,42,2.4,26,1.4857142857142858,8,0.45714285714285713,34.110458194445656,2.125677473028193,13,0.7428571428571429,0.0,0.0,0.05714285714285714,0.7306256227712329
bayes-fix-seed43,large_circle,4,290,1544568714,success,60,15.0,0.204969566335092,0,0.0,0,0.9505536193874093,13.418837015827497,14.597675576806068,13.648735136992935,27,1.8,15,1.0,4,0.26666666666666666,16.920852855055905,1.2397377987938505,9,0.6,0.0,0.0,0.016666666666666666,0.8634064217471891
bayes-fix-seed43,large_circle,4,291,1544568715,success,65,16.25,0.2173544560026659,0,0.0,0,0.8155235887161647,13.798427639099268,15.279514342546463,14.545468257758635,43,2.646153846153846,22,1.353846153846154,1,0.06153846153846154,19.36420001273629,1.3312874958430656,5,0.3076923076923077,0.0,0.0,0.015384615384615385,0.8053676754631811
bayes-fix-seed43,large_circle,4,292,1544568716,success,67,16.75,0.17692868686342178,0,0.0,2,1.1315376805692605,13.343226053376696,14.40587155520916,13.014500509542522,46,2.746268656716418,23,1.373134328358209,5,0.29850746268656714,29.4378770287011,2.2619290695879255,16,0.9552238805970149,0.0,0.0,0.05970149253731343,0.9050051975939564
bayes-fix-seed43,large_circle,4,293,1544568717,success,72,18.0,0.21285718175529678,0,0.0,0,0.7984990142266616,13.809645031061438,15.072203613817692,14.991475562117465,48,2.6666666666666665,25,1.3888888888888888,1,0.05555555555555555,29.00779431972207,1.9349525801865013,13,0.7222222222222222,0.046153846153846156,0.0,0.06944444444444445,0.7896382321594498
bayes-fix-seed43,large_circle,4,294,1544568718,success,71,17.75,0.2644073719664348,0,0.0,0,1.2150107987195458,13.761837874919596,14.979461207985878,14.026516853805987,49,2.76056338028169,24,1.352112676056338,2,0.11267605633802817,24.577233211877083,1.7521978883309324,15,0.8450704225352113,0.0,0.0,0.07042253521126761,0.8401422033017628
bayes-fix-seed43,large_circle,4,295,1544568719,success,71,17.75,0.3042866054539066,0,0.0,0,1.8380064045914162,13.870788974241473,15.031086280941963,15.373236557807065,37,2.084507042253521,19,1.0704225352112675,3,0.16901408450704225,24.61268481634456,1.6010086570771842,7,0.39436619718309857,0.03125,0.03125,0.07042253521126761,0.761959583912629
bayes-fix-seed43,large_circle,4,296,1544568720,success,70,17.5,0.23677178635084428,0,0.0,0,0.894889229205231,13.879771211317607,15.043704025447369,15.313453709104964,44,2.5142857142857142,28,1.6,6,0.34285714285714286,33.04109123522366,2.157651164973864,7,0.4,0.015873015873015872,0.015873015873015872,0.08571428571428572,0.7763226280574821
bayes-fix-seed43,large_circle,4,297,1544568721,success,74,18.5,0.2629339061845156,0,0.0,0,0.9138189342596776,13.808995585989308,15.163020975887775,15.781530938674612,43,2.324324324324324,26,1.4054054054054055,2,0.10810810810810811,20.72745124083451,1.313399271678979,3,0.16216216216216217,0.0,0.0,0.04054054054054054,0.7531491198592073
bayes-fix-seed43,large_circle,4,298,1544568722,success,73,18.25,0.21513262414291656,0,0.0,0,1.3291072182223043,13.695844181188166,14.74209651350975,15.131203679615911,41,2.2465753424657535,18,0.9863013698630136,1,0.0547945205479452,15.4655393838197,1.0220957771293628,8,0.4383561643835616,0.12121212121212122,0.12121212121212122,0.136986301369863,0.7795641875803598
bayes-fix-seed43,large_circle,4,299,1544568723,success,79,19.75,0.21792235497759982,0,0.0,0,1.4021695706445687,14.28108520900147,16.056591272354115,16.67827004913794,52,2.632911392405063,24,1.2151898734177216,7,0.35443037974683544,35.67822135475777,2.1392039611807276,10,0.5063291139240507,0.08333333333333333,0.05555555555555555,0.12658227848101267,0.7048568203783997
bayes-fix-seed43,large_circle,4,300,1544568724,success,79,19.75,0.24181833952781095,0,0.0,0,1.563259562585032,13.52478455327734,14.546588063240051,16.87987749486145,41,2.0759493670886076,17,0.8607594936708861,6,0.3037974683544304,33.92916294570456,2.010036089185673,9,0.45569620253164556,0.027777777777777776,0.0,0.1518987341772152,0.6993463957351301
bayes-fix-seed43,large_circle,4,301,1544568725,success,90,22.5,0.19837507362810358,0,0.0,1,2.073844961200303,13.925050612952974,15.293931402266026,17.15507473337214,57,2.533333333333333,24,1.0666666666666667,4,0.17777777777777778,35.19385152731853,2.051512574227098,15,0.6666666666666666,0.10843373493975904,0.04819277108433735,0.14444444444444443,0.6829204793835205
bayes-fix-seed43,large_circle,4,302,1544568726,success,76,19.0,0.19762256687805124,0,0.0,1,0.9749300512799769,13.746933913544604,15.033954754471779,15.986378443945348,50,2.6315789473684212,28,1.4736842105263157,4,0.21052631578947367,33.06857872588043,2.068547222363847,17,0.8947368421052632,0.028985507246376812,0.014492753623188406,0.07894736842105263,0.7401015728296683
bayes-fix-seed43,large_circle,4,303,1544568727,success,67,16.75,0.2242249609552326,0,0.0,0,1.178875073466152,13.358915808485515,14.841965958476067,13.667593870418049,41,2.4477611940298507,22,1.3134328358208955,9,0.5373134328358209,30.476377268980286,2.229827543745131,9,0.5373134328358209,0.0,0.0,0.04477611940298507,0.8587843966417983
bayes-fix-seed43,large_circle,4,304,1544568728,success,76,19.0,0.2525365604938238,0,0.0,0,1.146280021409073,13.49505012560832,14.953682199120522,15.977984479940126,47,2.473684210526316,28,1.4736842105263157,2,0.10526315789473684,26.586935732566154,1.663973060303397,5,0.2631578947368421,0.0,0.0,0.06578947368421052,0.7335115028997794
bayes-fix-seed43,large_circle,4,305,1544568729,success,77,19.25,0.2340721318363057,0,0.0,0,1.0839657398386198,13.63756817269635,14.81267437338829,15.98060647143813,44,2.2857142857142856,23,1.1948051948051948,6,0.3116883116883117,27.659740808601736,1.7308317339543733,9,0.4675324675324675,0.17142857142857143,0.11428571428571428,0.12987012987012986,0.7427263007264391
bayes-fix-seed43,large_circle,4,306,1544568730,success,67,16.75,0.25381337604440646,0,0.0,0,0.9060068010076859,13.618450611829758,15.134963393211365,14.717083185886986,38,2.2686567164179103,24,1.4328358208955223,8,0.47761194029850745,30.01765125547484,2.0396467748623177,12,0.7164179104477612,0.0,0.0,0.07462686567164178,0.7950818739838248
bayes-fix-seed43,large_circle,4,307,1544568731,success,68,17.0,0.1649409133435904,0,0.0,2,0.7825574844433464,13.51373500245459,14.672279916703701,14.893982895830003,38,2.235294117647059,19,1.1176470588235294,6,0.35294117647058826,27.492933476962154,1.8459087585403087,2,0.11764705882352941,0.0,0.0,0.058823529411764705,0.7897049631306907
bayes-fix-seed43,large_circle,4,308,1544568732,success,85,21.25,0.21230676177064545,0,0.0,0,1.6600052576038113,13.722362325471991,14.98589962720871,18.941203515035568,43,2.023529411764706,29,1.3647058823529412,7,0.32941176470588235,30.50536211563876,1.6105292407329628,9,0.4235294117647059,0.16666666666666666,0.0,0.16470588235294117,0.6243036342427977
bayes-fix-seed43,large_circle,4,309,1544568733,success,77,19.25,0.19167392002133776,0,0.0,1,1.0134805647098526,13.798875371357063,15.015172958374023,14.752000504028567,50,2.5974025974025974,25,1.2987012987012987,4,0.2077922077922078,32.40131499763366,2.1964014296762877,8,0.4155844155844156,0.21428571428571427,0.15714285714285714,0.11688311688311688,0.797618947810485
bayes-fix-seed43,large_circle,4,310,1544568734,success,71,17.75,0.17215167960070799,0,0.0,3,0.5518663363429014,13.473455230115166,14.910588040947914,14.882737651749103,52,2.9295774647887325,27,1.5211267605633803,7,0.39436619718309857,32.611929796340625,2.191258796563406,19,1.0704225352112675,0.0,0.0,0.08450704225352113,0.7885839265706209
bayes-fix-seed43,large_circle,4,311,1544568735,success,63,15.75,0.2575054580980042,0,0.0,0,1.3115214732877984,13.789863695227911,15.524168685078621,14.719919409787375,25,1.5873015873015872,9,0.5714285714285714,0,0.0,14.111361678201698,0.9586575364549181,5,0.31746031746031744,0.0,0.0,0.015873015873015872,0.7994900518612196
bayes-fix-seed43,large_circle,4,312,1544568736,success,73,18.25,0.28415161931090804,0,0.0,0,1.7924235938090056,13.60290191353184,14.820974320173262,16.299157383671556,44,2.410958904109589,31,1.6986301369863013,9,0.4931506849315068,36.301921448790935,2.227226880155049,10,0.547945205479452,0.09090909090909091,0.09090909090909091,0.136986301369863,0.7194861539130573
bayes-fix-seed43,large_circle,4,313,1544568737,success,64,16.0,0.32555028962429255,0,0.0,0,2.0407473439750152,13.489923207089305,15.076290629804134,14.542223421408496,37,2.3125,23,1.4375,1,0.0625,22.772761795444147,1.5659752388289518,14,0.875,0.0,0.0,0.03125,0.8066824913766748
bayes-fix-seed43,large_circle,4,314,1544568738,success,78,19.5,0.14835634002253117,0,0.0,2,0.8115531406992769,14.000670411265814,15.437065623700619,15.444020846121893,55,2.8205128205128207,28,1.435897435897436,9,0.46153846153846156,38.66975194770228,2.50386556279562,13,0.6666666666666666,0.07042253521126761,0.056338028169014086,0.08974358974358974,0.7618297431327522
bayes-fix-seed43,large_circle,4,315,1544568739,success,67,16.75,0.22608252470428336,0,0.0,0,1.758296348722376,13.834756256929085,15.106980875134468,13.99054519360964,47,2.8059701492537314,24,1.4328358208955223,5,0.29850746268656714,29.450317642594683,2.1050157256235082,13,0.7761194029850746,0.0,0.0,0.07462686567164178,0.8434090968909532
bayes-fix-seed43,large_circle,4,316,1544568740,success,83,20.75,0.1877736189845881,0,0.0,1,1.1528867094747477,14.000046549432248,15.069074183702469,18.295462659813747,52,2.5060240963855422,21,1.0120481927710843,3,0.14457831325301204,27.708914067359064,1.5145238238889744,11,0.5301204819277109,0.11842105263157894,0.07894736842105263,0.1686746987951807,0.6433826266389736
bayes-fix-seed43,large_circle,4,317,1544568741,success,74,18.5,0.24606998971227445,0,0.0,0,1.6932129483847178,13.726012479211834,14.881457202136517,14.545131998819727,54,2.918918918918919,31,1.6756756756756757,9,0.4864864864864865,40.23142706258486,2.7659719462050574,15,0.8108108108108109,0.0,0.0,0.08108108108108109,0.8101219836826987
bayes-fix-seed43,large_circle,4,318,1544568742,success,73,18.25,0.4341429362183399,0,0.0,0,2.9757787680158443,13.758243099875646,15.10307565331459,16.57781661839175,38,2.0821917808219177,25,1.36986301369863,4,0.2191780821917808,30.320537609271874,1.8289825679235516,5,0.273972602739726,0.0,0.0,0.0684931506849315,0.7075417784226556
bayes-fix-seed43,large_circle,4,319,1544568743,success,73,18.25,0.20418254020379234,0,0.0,0,0.8855053861602806,13.801081284676513,15.414853394031523,16.798481286294706,44,2.410958904109589,17,0.9315068493150684,1,0.0547945205479452,23.22762803522818,1.382721904400893,9,0.4931506849315068,0.0,0.0,0.0547945205479452,0.7012457578689028
bayes-fix-seed43,large_circle,4,320,1544568744,success,82,20.5,0.19936317460624242,0,0.0,1,0.8799670935176311,14.039037567449778,15.466377511620522,14.404054606912752,58,2.8292682926829267,28,1.3658536585365855,10,0.4878048780487805,44.49542079996347,3.0890899829419807,17,0.8292682926829268,0.013333333333333334,0.013333333333333334,0.0975609756097561,0.8219176659123805
bayes-fix-seed43,large_circle,4,321,1544568745,success,70,17.5,0.20509309055633906,0,0.0,0,0.757232363485305,13.577960165483612,14.920898340642452,15.317204973492679,42,2.4,17,0.9714285714285714,1,0.05714285714285714,21.2052755102196,1.384408940594356,7,0.4,0.0,0.0,0.05714285714285714,0.7735767327184603
bayes-fix-seed43,large_circle,4,322,1544568746,success,81,20.25,0.19407482585740676,0,0.0,1,0.7844293326806346,13.619970576262768,14.936614781618118,15.219789414510005,58,2.8641975308641974,31,1.5308641975308641,12,0.5925925925925926,56.103113847457834,3.6861951449848,23,1.1358024691358024,0.013513513513513514,0.013513513513513514,0.12345679012345678,0.7726718512741102
bayes-fix-seed43,large_circle,4,323,1544568747,success,64,16.0,0.2467967952406548,0,0.0,0,0.8350254173215254,13.939568074420094,15.692130289971827,14.387137662696507,40,2.5,23,1.4375,6,0.375,28.26277760884846,1.964447569173486,14,0.875,0.0,0.0,0.046875,0.8181617681380793
bayes-fix-seed43,large_circle,4,324,1544568748,success,72,18.0,0.2358522733041386,0,0.0,0,1.776936776170366,13.583961305105024,15.155352465808392,16.720959744724595,35,1.9444444444444444,17,0.9444444444444444,2,0.1111111111111111,23.443519434281214,1.4020438893573417,4,0.2222222222222222,0.0,0.0,0.08333333333333333,0.7022261230819188
bayes-fix-seed43,large_circle,4,325,1544568749,timeout,101,25.25,0.24135859220508393,0,0.0,0,1.2958770460845028,13.799010195059351,15.076946467161179,20.376213640110645,66,2.613861386138614,24,0.9504950495049505,8,0.31683168316831684,43.613014028020956,2.1403885333322474,12,0.4752475247524752,0.18085106382978725,0.09574468085106383,0.18811881188118812,0.5300477621495912
bayes-fix-seed43,large_circle,4,326,1544568750,success,84,21.0,0.2137547305762696,0,0.0,0,1.6188098497033039,13.931057504600002,14.997830055654047,18.029917679166054,51,2.4285714285714284,32,1.5238095238095237,4,0.19047619047619047,29.639088643639727,1.6438837476162362,11,0.5238095238095238,0.11688311688311688,0.09090909090909091,0.10714285714285714,0.6516868329220438
bayes-fix-seed43,large_circle,4,327,1544568751,success,59,14.75,0.20653671084329617,0,0.0,0,0.6999883344156669,13.333540662365445,14.613639935851097,13.372525863058112,36,2.440677966101695,22,1.4915254237288136,4,0.2711864406779661,21.53427735770541,1.6103373123543032,10,0.6779661016949152,0.0,0.0,0.05084745762711865,0.8825202460684047
bayes-fix-seed43,large_circle,4,328,1544568752,success,82,20.5,0.20401232201092745,0,0.0,0,0.9276978588564981,13.704314691627898,15.170006453990936,15.945353308786594,45,2.1951219512195124,24,1.170731707317073,4,0.1951219512195122,30.01934164602689,1.8826388518769859,11,0.5365853658536586,0.04,0.04,0.0975609756097561,0.7380512501508596
bayes-fix-seed43,large_circle,4,329,1544568753,success,70,17.5,0.20718881106747578,0,0.0,0,1.8725690764303606,13.41933331319264,14.723140001296997,15.951268387866095,36,2.057142857142857,15,0.8571428571428571,3,0.17142857142857143,22.522435399888714,1.4119526329969605,9,0.5142857142857142,0.047619047619047616,0.047619047619047616,0.08571428571428572,0.7355313990126178
bayes-fix-seed43,large_circle,4,330,1544568754,success,81,20.25,0.20273827100411013,0,0.0,0,0.8782872841933793,14.063076012664371,15.30410349369049,17.346328536024764,39,1.9259259259259258,18,0.8888888888888888,8,0.3950617283950617,27.317355740084427,1.5748206130969955,10,0.49382716049382713,0.24324324324324326,0.22972972972972974,0.16049382716049382,0.6792782145724661
bayes-fix-seed43,large_circle,4,331,1544568755,success,70,17.5,0.20335278619744057,0,0.0,0,1.1303479319850915,13.797009097678322,15.7555241137743,14.102849214367671,35,2.0,18,1.0285714285714285,2,0.11428571428571428,17.38830615864115,1.2329640553007069,4,0.22857142857142856,0.0,0.0,0.014285714285714285,0.832588915876425
bayes-fix-seed43,large_circle,4,332,1544568756,success,81,20.25,0.37217275874500566,0,0.0,0,1.9536975091481745,13.78604222410991,15.272542834281921,17.45791413576137,44,2.1728395061728394,16,0.7901234567901234,6,0.2962962962962963,33.52659815268612,1.9204240490568758,8,0.3950617283950617,0.06756756756756757,0.04054054054054054,0.14814814814814814,0.6710130284812181
bayes-fix-seed43,large_circle,4,333,1544568757,success,77,19.25,0.1717596861940236,0,0.0,2,1.0867896943785103,14.200366017493335,16.389857232570648,15.497679430814072,52,2.7012987012987013,30,1.5584415584415585,1,0.05194805194805195,19.471264612075412,1.2563987207891687,6,0.3116883116883117,0.11428571428571428,0.1,0.05194805194805195,0.7631586457128625
bayes-fix-seed43,large_circle,4,334,1544568758,success,61,15.25,0.31069805959024255,0,0.0,0,0.8831858519748315,13.46758588171396,14.49500396847725,13.503345528539041,31,2.0327868852459017,20,1.3114754098360655,1,0.06557377049180328,16.45884086301034,1.218871340307846,6,0.39344262295081966,0.0,0.0,0.0,0.8716749340502198
bayes-fix-seed43,large_circle,4,335,1544568759,success,82,20.5,0.1612663305136831,0,0.0,3,0.6464205835827576,13.762386788318796,15.066037140786648,17.549310190317893,54,2.6341463414634148,23,1.1219512195121952,7,0.34146341463414637,34.385528486155216,1.9593663861002362,8,0.3902439024390244,0.02666666666666667,0.013333333333333334,0.15853658536585366,0.671587892916637
bayes-fix-seed43,large_circle,4,336,1544568760,success,69,17.25,0.23233366258209653,0,0.0,0,1.0822400390227802,13.681865688683331,14.672031253576279,15.365523535055058,43,2.4927536231884058,19,1.1014492753623188,7,0.4057971014492754,31.401964684120202,2.043663830423965,11,0.6376811594202898,0.0,0.0,0.10144927536231885,0.7663739649185319
bayes-fix-seed43,large_circle,4,337,1544568761,success,71,17.75,0.15119285619179756,0,0.0,1,0.8328429705706006,13.452449210093055,14.656931161880493,15.517554813713959,51,2.8732394366197185,26,1.4647887323943662,5,0.28169014084507044,30.857040777578966,1.9885246836897537,7,0.39436619718309857,0.0,0.0,0.07042253521126761,0.76129269790037
bayes-fix-seed43,large_circle,4,338,1544568762,success,91,22.75,0.19621091110272482,0,0.0,1,1.2547406204860863,13.844561445844043,14.952516183257103,18.290591912817078,56,2.4615384615384617,33,1.4505494505494505,3,0.13186813186813187,36.89449425491528,2.0171295948635524,10,0.43956043956043955,0.13095238095238096,0.11904761904761904,0.15384615384615385,0.642542385867564
bayes-fix-seed43,large_circle,4,339,1544568763,success,70,17.5,0.15058764041660688,0,0.0,1,1.3921366868190683,13.870600132005555,15.508658066391945,14.862400659342308,51,2.914285714285714,31,1.7714285714285714,12,0.6857142857142857,42.6073210107467,2.8667859242486715,21,1.2,0.0,0.0,0.11428571428571428,0.7897427492948041
bayes-fix-seed43,large_circle,4,340,1544568764,success,100,25.0,0.14087497002264315,0,0.0,1,1.0141023492997556,13.742480874061584,14.830916933715343,21.136018080444376,61,2.44,30,1.2,7,0.28,40.693874210796054,1.9253330526078203,13,0.52,0.15053763440860216,0.10752688172043011,0.17,0.5625539473186493
bayes-fix-seed43,large_circle,4,341,1544568765,success,81,20.25,0.20074079907902287,0,0.0,0,0.9471598933440879,13.514494822349077,14.897562563419342,16.744717163181683,59,2.9135802469135803,35,1.728395061728395,4,0.19753086419753085,44.158944044269234,2.637186619154488,19,0.9382716049382716,0.0945945945945946,0.05405405405405406,0.09876543209876543,0.7019174863226267
bayes-fix-seed43,large_circle,4,342,1544568766,success,72,18.0,0.12709824607567632,0,0.0,2,0.9447697875289381,13.543136159165037,14.559253305196762,15.903260523377899,38,2.111111111111111,20,1.1111111111111112,2,0.1111111111111111,24.08499724896128,1.5144691375429695,5,0.2777777777777778,0.015384615384615385,0.0,0.06944444444444445,0.7405704464531956
bayes-fix-seed43,large_circle,4,343,1544568767,success,79,19.75,0.32394796875114973,0,0.0,0,1.9330729266750784,13.609418669078924,15.098189190030098,17.83131232099668,47,2.3797468354430378,19,0.9620253164556962,3,0.1518987341772152,30.968462720773513,1.7367461330542457,14,0.7088607594936709,0.125,0.09722222222222222,0.1518987341772152,0.6606420521858911
bayes-fix-seed43,large_circle,4,344,1544568768,success,71,17.75,0.2124575313368816,0,0.0,0,1.6380480717506185,13.641700410926846,14.962466433644295,13.958193272068563,46,2.591549295774648,28,1.5774647887323943,0,0.0,21.355437339367647,1.529957131493626,10,0.5633802816901409,0.0,0.0,0.028169014084507043,0.8433451545711829
bayes-fix-seed43,large_circle,4,345,1544568769,success,82,20.5,0.19841851478554962,0,0.0,1,0.8260833202753302,13.89215791189089,15.18771331757307,16.5372265433086,56,2.731707317073171,32,1.5609756097560976,10,0.4878048780487805,46.443989280371284,2.80845093091887,17,0.8292682926829268,0.10666666666666667,0.10666666666666667,0.14634146341463414,0.7143909051027293
bayes-fix-seed43,large_circle,4,346,1544568770,success,71,17.75,0.17284676062913984,0,0.0,2,0.9127818304573356,13.604479828770732,15.126539394259453,16.358912673129716,42,2.3661971830985915,23,1.295774647887324,2,0.11267605633802817,23.546657029444667,1.4393778791986072,8,0.4507042253521127,0.0,0.0,0.08450704225352113,0.7202982182124826
bayes-fix-seed43,large_circle,4,347,1544568771,success,78,19.5,0.14044660936199116,0,0.0,5,0.5838958694707,13.91881365233507,15.374814718961716,16.22305952353049,50,2.5641025641025643,24,1.2307692307692308,3,0.15384615384615385,29.31283148207233,1.8068621051137719,13,0.6666666666666666,0.09859154929577464,0.0,0.08974358974358974,0.7247402274707091
bayes-fix-seed43,large_circle,4,348,1544568772,success,69,17.25,0.19646168172253697,0,0.0,1,2.6745114346149776,13.539766649837079,14.563799649477005,15.284386452657545,33,1.9130434782608696,19,1.1014492753623188,9,0.5217391304347826,29.63133091847006,1.9386666916759334,12,0.6956521739130435,0.11290322580645161,0.0967741935483871,0.11594202898550725,0.770062735673285
bayes-fix-seed43,large_circle,4,349,1544568773,success,71,17.75,0.18961271680149738,0,0.0,1,0.9811896934618776,13.716117701899837,15.075219795107841,15.816427297330032,43,2.4225352112676055,25,1.408450704225352,5,0.28169014084507044,29.306406959074756,1.8529094091952085,9,0.5070422535211268,0.015625,0.0,0.1267605633802817,0.7493097701769917
bayes-fix-seed43,large_circle,4,350,1544568774,success,72,18.0,0.18082549500920897,0,0.0,1,0.851191886567142,14.105285155690378,15.696320682764053,14.661810571180814,48,2.6666666666666665,24,1.3333333333333333,4,0.2222222222222222,29.752541904163742,2.029254283413346,11,0.6111111111111112,0.0,0.0,0.05555555555555555,0.8015229067256748
bayes-fix-seed43,large_circle,4,351,1544568775,success,64,16.0,0.4825965378587681,0,0.0,0,0.9533284628076636,14.147485024295747,16.22146405279636,13.734093680129341,34,2.125,18,1.125,1,0.0625,19.05514469499192,1.3874337206947367,13,0.8125,0.0,0.0,0.0,0.8623744563341824
bayes-fix-seed43,large_circle,4,352,1544568776,success,75,18.75,0.2472517790828075,0,0.0,0,1.7396827573725038,13.905548950036367,15.28477668762207,16.03724073106052,51,2.72,24,1.28,5,0.26666666666666666,31.477597586602172,1.9627813858051752,8,0.4266666666666667,0.0,0.0,0.08,0.7308133420573298
bayes-fix-seed43,large_circle,4,353,1544568777,success,90,22.5,0.13460386437567706,0,0.0,3,1.0081313417181228,14.049244423707327,15.216420590877533,19.265380840097954,56,2.488888888888889,27,1.2,5,0.2222222222222222,37.08927997472309,1.9251776169162151,9,0.4,0.1566265060240964,0.12048192771084337,0.16666666666666666,0.6117294118347059
bayes-fix-seed43,large_circle,4,354,1544568778,success,66,16.5,0.2456950697875634,0,0.0,0,1.2380021778258352,14.101040860017141,16.114473342895508,14.299666405308889,33,2.0,13,0.7878787878787878,2,0.12121212121212122,18.42056025250289,1.2881811176842617,10,0.6060606060606061,0.0,0.0,0.030303030303030304,0.8232374863224018
bayes-fix-seed43,large_circle,4,355,1544568779,success,65,16.25,0.20873724637923474,0,0.0,0,0.5496947706096177,13.930706221323748,15.430016815662384,14.153460050713354,39,2.4,23,1.4153846153846155,2,0.12307692307692308,25.546128759265734,1.8049387688756837,9,0.5538461538461539,0.0,0.0,0.03076923076923077,0.8379388727902747
bayes-fix-seed43,large_circle,4,356,1544568780,success,79,19.75,0.18483349854069697,0,0.0,1,1.2211541661588556,14.198089607908756,16.932448744773865,17.17767441742107,55,2.7848101265822787,32,1.620253164556962,3,0.1518987341772152,31.130968782751577,1.8122923992073983,15,0.759493670886076,0.0,0.0,0.0759493670886076,0.6850690367363047
bayes-fix-seed43,large_circle,4,357,1544568781,success,88,22.0,0.19836727157470202,0,0.0,2,0.8063944698517896,13.890221545642072,15.110808238387108,16.318786126843325,69,3.1363636363636362,41,1.8636363636363635,6,0.2727272727272727,44.36716193892749,2.7187783205238802,19,0.8636363636363636,0.024691358024691357,0.0,0.07954545454545454,0.7255089422044382
bayes-fix-seed43,large_circle,4,358,1544568782,success,81,20.25,0.14886762835052703,0,0.0,5,0.7781501441932215,13.798276905292346,15.352997928857803,16.59221102631261,58,2.8641975308641974,25,1.2345679012345678,8,0.3950617283950617,40.998522827069365,2.470949939224629,18,0.8888888888888888,0.04054054054054054,0.02702702702702703,0.1111111111111111,0.7109824233236545
bayes-fix-seed43,large_circle,4,359,1544568783,success,87,21.75,0.17644532178405148,0,0.0,1,0.7190723988215164,14.040775511456632,15.31127318739891,18.249935629002714,60,2.7586206896551726,34,1.5632183908045978,9,0.41379310344827586,46.715628031313,2.5597694688343307,15,0.6896551724137931,0.0625,0.0375,0.1724137931034483,0.6474214888255239
bayes-fix-seed43,large_circle,4,360,1544568784,success,82,20.5,0.1981724736272651,0,0.0,1,0.8355485337783376,13.808042356153814,15.182673372328281,17.54883596916556,53,2.5853658536585367,30,1.4634146341463414,1,0.04878048780487805,30.1643824830649,1.7188822401705546,17,0.8292682926829268,0.013333333333333334,0.0,0.07317073170731707,0.6720196700328468
bayes-fix-seed43,large_circle,4,361,1544568785,success,78,19.5,0.1469380650123584,0,0.0,2,1.171828307795836,13.394880418976149,14.674985036253927,15.858785146107751,45,2.3076923076923075,20,1.0256410256410255,3,0.15384615384615385,24.54498256492525,1.5477214893064724,11,0.5641025641025641,0.09859154929577464,0.07042253521126761,0.10256410256410256,0.7404228517166536
bayes-fix-seed43,large_circle,4,362,1544568786,success,67,16.75,0.22738926912243196,0,0.0,0,1.6480342249320605,13.481875520143936,14.986529201269148,15.043309584923492,37,2.208955223880597,21,1.2537313432835822,2,0.11940298507462686,22.336071543299294,1.4847844097873688,10,0.5970149253731343,0.0,0.0,0.04477611940298507,0.7797865326474727
bayes-fix-seed43,large_circle,4,363,1544568787,success,80,20.0,0.19768737769640932,0,0.0,3,0.8440366962554687,13.673856435343623,15.320371091365814,15.498689252413392,61,3.05,35,1.75,8,0.4,47.85525479050025,3.087696902049212,25,1.25,0.0,0.0,0.0375,0.7615262374177442
bayes-fix-seed43,large_circle,4,364,1544568788,success,71,17.75,0.2114824426231694,0,0.0,0,0.9698934593879548,13.370202880510142,14.62247222661972,16.19764918418362,37,2.084507042253521,24,1.352112676056338,3,0.16901408450704225,22.54035611980374,1.391581942755837,11,0.6197183098591549,0.109375,0.03125,0.14084507042253522,0.7304812258770229
bayes-fix-seed43,large_circle,4,365,1544568789,success,67,16.75,0.22937798864534642,0,0.0,0,1.6054464241227409,13.100907873751511,14.43091668188572,13.376005992968086,40,2.388059701492537,23,1.373134328358209,1,0.05970149253731343,21.982414676020326,1.643421413505401,16,0.9552238805970149,0.0,0.0,0.014925373134328358,0.8788617937070665
bayes-fix-seed43,large_circle,4,366,1544568790,success,70,17.5,0.23428174424796322,0,0.0,0,0.7363822802873375,13.235916782702718,14.331677183508873,15.133953421694049,41,2.342857142857143,22,1.2571428571428571,3,0.17142857142857143,21.033237372403615,1.389804553135014,3,0.17142857142857143,0.0,0.0,0.1,0.7755575368003752
bayes-fix-seed43,large_circle,4,367,1544568791,success,78,19.5,0.48662611244461573,0,0.0,0,1.1498398377888224,13.296853989744799,14.40518070012331,15.412532615670957,54,2.769230769230769,29,1.4871794871794872,11,0.5641025641025641,47.81013286721786,3.1020296313018725,7,0.358974358974359,0.0,0.0,0.11538461538461539,0.7618489900754453
bayes-fix-seed43,large_circle,4,368,1544568792,success,66,16.5,0.20598675438002845,0,0.0,0,1.231751466854852,13.221765670812491,14.409307390451431,14.085054123416565,34,2.0606060606060606,23,1.393939393939394,4,0.24242424242424243,26.054585160512037,1.8498036949106207,14,0.8484848484848485,0.0,0.0,0.045454545454545456,0.8322531378345889
bayes-fix-seed43,large_circle,4,369,1544568793,success,78,19.5,0.2054037662396504,0,0.0,0,1.3432955325033116,13.34077716828921,14.460653811693192,14.723846738909463,52,2.6666666666666665,27,1.3846153846153846,10,0.5128205128205128,40.101699080642454,2.7235884610690144,12,0.6153846153846154,0.08450704225352113,0.056338028169014086,0.1282051282051282,0.7972483167378334
bayes-fix-seed43,large_circle,4,370,1544568794,success,71,17.75,0.16438813591179324,0,0.0,2,0.9164041968800456,13.285373822903969,14.549294486641884,15.0640109596809,43,2.4225352112676055,22,1.2394366197183098,6,0.3380281690140845,28.570085002467177,1.896578877892185,5,0.28169014084507044,0.0,0.0,0.09859154929577464,0.7882801782191312
bayes-fix-seed43,large_circle,4,371,1544568795,success,77,19.25,0.21762712215261681,0,0.0,0,1.6867954509163363,13.363562427557907,14.639284461736679,18.17339501941253,35,1.8181818181818181,14,0.7272727272727273,2,0.1038961038961039,15.878877762545864,0.8737430593229443,7,0.36363636363636365,0.14285714285714285,0.05714285714285714,0.18181818181818182,0.6464659824602857
bayes-fix-seed43,large_circle,4,372,1544568796,timeout,101,25.25,0.20386809026632136,0,0.0,0,0.5613258328814836,13.624442649064678,14.890003949403763,18.235449342734103,72,2.8514851485148514,46,1.8217821782178218,49,1.9405940594059405,154.0785095717143,8.449394729782556,46,1.8217821782178218,0.32978723404255317,0.32978723404255317,0.26732673267326734,0.6178206866461318
bayes-fix-seed43,large_circle,4,373,1544568797,success,74,18.5,0.24275277123820915,0,0.0,0,2.0387298596766725,13.413902120413008,15.028457529842854,15.757998338629145,51,2.7567567567567566,27,1.4594594594594594,9,0.4864864864864865,33.477796657947344,2.124495506252206,12,0.6486486486486487,0.0,0.0,0.08108108108108109,0.7454859307152595
bayes-fix-seed43,large_circle,4,374,1544568798,success,68,17.0,0.313616037525539,0,0.0,0,1.2380699687793228,13.199277934344376,14.89848792552948,15.281438571065165,49,2.8823529411764706,30,1.7647058823529411,2,0.11764705882352941,21.318830969591154,1.3950801078347144,15,0.8823529411764706,0.09836065573770492,0.09836065573770492,0.07352941176470588,0.7773825076963405
bayes-fix-seed43,large_circle,4,375,1544568799,success,65,16.25,0.14525519321327363,0,0.0,2,0.9765645188703118,13.193631859926077,15.015743672847746,12.801712437770833,43,2.646153846153846,25,1.5384615384615385,1,0.06153846153846154,20.801817737996288,1.6249246215390318,10,0.6153846153846154,0.0,0.0,0.03076923076923077,0.9177263163756717
bayes-fix-seed43,large_circle,4,376,1544568800,success,66,16.5,0.20824819723884103,0,0.0,0,0.8915188853402809,13.198665766553445,14.707001857459545,13.70589692986498,44,2.6666666666666665,25,1.5151515151515151,9,0.5454545454545454,33.10917564784586,2.415688357884946,10,0.6060606060606061,0.0,0.0,0.09090909090909091,0.8543526679528524
bayes-fix-seed43,large_circle,4,377,1544568801,success,78,19.5,0.20682138351318458,0,0.0,0,1.236051812821921,13.325911063032272,14.492456056177616,16.511181338844416,36,1.8461538461538463,20,1.0256410256410255,1,0.05128205128205128,17.60544971631867,1.0662743843107012,4,0.20512820512820512,0.18309859154929578,0.15492957746478872,0.19230769230769232,0.721029101980413
bayes-fix-seed43,large_circle,4,378,1544568802,success,63,15.75,0.2282541276586172,0,0.0,0,1.852265300264258,13.309016468979063,15.145035833120346,13.425428118411903,41,2.6031746031746033,23,1.4603174603174602,1,0.06349206349206349,21.953137700806135,1.6351908860693358,17,1.0793650793650793,0.0,0.0,0.015873015873015872,0.8772824775112151
bayes-fix-seed43,large_circle,4,379,1544568803,success,77,19.25,0.21318381094647987,0,0.0,0,1.4028777937902024,13.451000457847273,14.553757756948471,16.89464396338552,53,2.7532467532467533,23,1.1948051948051948,7,0.36363636363636365,36.391585343781145,2.1540309119653465,7,0.36363636363636365,0.0,0.0,0.11688311688311688,0.6977896317530716
bayes-fix-seed43,large_circle,4,380,1544568804,success,67,16.75,0.1961633533678131,0,0.0,1,1.1287726247324563,13.304553592382971,14.489757642149925,13.996815661868066,44,2.626865671641791,21,1.2537313432835822,1,0.05970149253731343,20.85986911522295,1.4903296306210634,10,0.5970149253731343,0.0,0.0,0.029850746268656716,0.8447685043413716
bayes-fix-seed43,large_circle,4,381,1544568805,success,93,23.25,0.17856726652500998,0,0.0,2,1.870749296636195,13.595310590600455,15.04915654659271,17.328031228169177,69,2.967741935483871,33,1.4193548387096775,8,0.34408602150537637,42.193927695287336,2.435009906185713,18,0.7741935483870968,0.20930232558139536,0.19767441860465115,0.15053763440860216,0.6828466429099761
bayes-fix-seed43,large_circle,4,382,1544568806,success,75,18.75,0.28439495881709154,0,0.0,0,1.5724630696226713,13.48809540271759,14.790088683366776,15.697555134585452,36,1.92,19,1.0133333333333334,6,0.32,27.26527157347782,1.7369119802233364,3,0.16,0.04411764705882353,0.014705882352941176,0.13333333333333333,0.7474719656135237
bayes-fix-seed43,large_circle,4,383,1544568807,success,75,18.75,0.19955723230460143,0,0.0,1,1.0532447333116146,13.431858321030935,14.698931202292442,14.898682261867442,44,2.3466666666666667,19,1.0133333333333334,10,0.5333333333333333,37.26927630662018,2.501514942835538,9,0.48,0.014705882352941176,0.0,0.12,0.790987652723924
bayes-fix-seed43,large_circle,4,384,1544568808,success,76,19.0,0.19433199241069166,0,0.0,1,1.0172267720834178,13.384386799053141,14.347868040204048,16.155663469165944,44,2.3157894736842106,22,1.1578947368421053,3,0.15789473684210525,27.230897065148113,1.6855325760603963,7,0.3684210526315789,0.0,0.0,0.10526315789473684,0.7294360017433104
bayes-fix-seed43,large_circle,4,385,1544568809,success,73,18.25,0.23620498084757513,0,0.0,0,1.5164288332445868,13.171309885913379,14.029884338378906,16.0139529678289,45,2.4657534246575343,25,1.36986301369863,4,0.2191780821917808,28.830851113603863,1.8003581733706453,9,0.4931506849315068,0.0,0.0,0.0958904109589041,0.7357592135431436
bayes-fix-seed43,large_circle,4,386,1544568810,success,74,18.5,0.2421301183782596,0,0.0,0,1.5910333338261617,13.216419648882505,14.26807139068842,15.605999875242526,47,2.5405405405405403,20,1.0810810810810811,4,0.21621621621621623,28.436703929125045,1.822164818432252,10,0.5405405405405406,0.05970149253731343,0.0,0.13513513513513514,0.751952707577053
bayes-fix-seed43,large_circle,4,387,1544568811,success,83,20.75,0.29621661319639514,0,0.0,0,2.0866483957231305,13.259396854653415,14.309581369161606,16.878417851713326,53,2.5542168674698793,31,1.4939759036144578,8,0.3855421686746988,35.922953136772925,2.1283365213716636,13,0.6265060240963856,0.18421052631578946,0.18421052631578946,0.18072289156626506,0.6964591160157888
bayes-fix-seed43,large_circle,4,388,1544568812,success,88,22.0,0.1927580307736112,0,0.0,1,2.0189371736822896,13.256594708020037,14.206347055733204,18.560449664394234,51,2.3181818181818183,25,1.1363636363636365,7,0.3181818181818182,38.26735888632915,2.061768953784563,11,0.5,0.12345679012345678,0.1111111111111111,0.14772727272727273,0.6355619711284343
bayes-fix-seed43,large_circle,4,389,1544568813,success,69,17.25,0.18708221818323012,0,0.0,1,0.7703357300271918,13.272787079862926,14.471326023340225,14.201122524504902,47,2.7246376811594204,22,1.2753623188405796,4,0.2318840579710145,31.0751200769499,2.1882157571225718,10,0.5797101449275363,0.03225806451612903,0.03225806451612903,0.07246376811594203,0.8367298127249398
bayes-fix-seed43,large_circle,4,390,1544568814,success,63,15.75,0.38471028708523214,0,0.0,0,1.5757983021982302,13.11102740111805,14.391742646694183,14.118761514726355,33,2.0952380952380953,13,0.8253968253968254,0,0.0,14.217130333852204,1.0069672413563504,7,0.4444444444444444,0.0,0.0,0.0,0.8354790912532033
bayes-fix-seed43,large_circle,4,391,1544568815,success,69,17.25,0.18089665090557938,0,0.0,1,0.8600001879760624,13.188036725572918,14.195556938648224,14.797713020354724,42,2.4347826086956523,31,1.7971014492753623,2,0.11594202898550725,28.098002171638683,1.8988070746465342,7,0.4057971014492754,0.0,0.0,0.0,0.7911256439067
bayes-fix-seed43,large_circle,4,392,1544568816,success,82,20.5,0.19571394147960375,0,0.0,1,1.120837315456712,13.343466854676969,14.500844292342663,15.882283836717871,55,2.682926829268293,25,1.2195121951219512,4,0.1951219512195122,34.26003807435467,2.157122894073314,17,0.8292682926829268,0.09333333333333334,0.09333333333333334,0.0975609756097561,0.7432373278588131
bayes-fix-seed43,large_circle,4,393,1544568817,success,76,19.0,0.20802018354411378,0,0.0,0,1.3000701217955901,13.258074165174836,14.27183486521244,17.087947091688267,44,2.3157894736842106,23,1.2105263157894737,7,0.3684210526315789,33.40330391658304,1.9547874146234168,15,0.7894736842105263,0.10144927536231885,0.07246376811594203,0.15789473684210525,0.6889942254116586
bayes-fix-seed43,large_circle,4,394,1544568818,success,74,18.5,0.20296551500507565,0,0.0,0,1.6551265625908633,13.232181301793537,14.449545368552208,15.724484478844827,46,2.4864864864864864,27,1.4594594594594594,7,0.3783783783783784,30.739271538951446,1.9548667290369353,10,0.5405405405405406,0.04477611940298507,0.014925373134328358,0.08108108108108109,0.744843100882822
bayes-fix-seed43,large_circle,4,395,1544568819,success,80,20.0,0.20258303537099065,0,0.0,0,1.1780406472523954,14.804211724549532,14.304615929722786,15.933215994007089,51,2.55,31,1.55,14,0.7,49.45033626127353,3.103600445752642,13,0.65,0.0136986301369863,0.0136986301369863,0.125,0.7378699604512726
bayes-fix-seed43,large_circle,4,396,1544568820,success,66,16.5,0.6254093341336348,0,0.0,0,1.7564285219717402,13.219786695007121,14.25878144800663,14.9075972268359,32,1.9393939393939394,13,0.7878787878787878,5,0.30303030303030304,19.32206644161481,1.296122114624361,4,0.24242424242424243,0.0,0.0,0.07575757575757576,0.7877718774321384
bayes-fix-seed43,large_circle,4,397,1544568821,success,87,21.75,0.12038555457277889,0,0.0,2,0.988258829834415,13.464970792504563,14.455415308475494,16.880518115211647,65,2.9885057471264367,37,1.7011494252873562,2,0.09195402298850575,32.0354775775663,1.8977780989256465,9,0.41379310344827586,0.05,0.025,0.08045977011494253,0.6985999138323828
bayes-fix-seed43,large_circle,4,398,1544568822,success,69,17.25,0.191328630184611,0,0.0,2,0.7310501227962279,13.323728265105814,14.375419914722443,14.880835945741444,43,2.4927536231884058,28,1.6231884057971016,2,0.11594202898550725,20.472105659539114,1.3757362646953826,3,0.17391304347826086,0.0,0.0,0.043478260869565216,0.7992939575397616
bayes-fix-seed43,large_circle,4,399,1544568823,timeout,101,25.25,0.1843083271657372,0,0.0,2,0.534127592303662,13.336256367735343,14.227814972400665,18.551021911733265,86,3.405940594059406,66,2.613861386138614,33,1.306930693069307,119.05133991362337,6.417508452099074,23,0.9108910891089109,0.2978723404255319,0.2978723404255319,0.18811881188118812,0.6015420075540956
bayes-fix-seed43,large_circle,4,400,1544568824,success,75,18.75,0.3540895456350922,0,0.0,0,2.1412235203147874,13.694560627142588,15.064425021409985,15.336010772185801,55,2.933333333333333,41,2.1866666666666665,8,0.4266666666666667,39.70103028211834,2.588745591788591,11,0.5866666666666667,0.0,0.0,0.06666666666666667,0.766599069943782
bayes-fix-seed43,large_circle,4,401,1544568825,success,79,19.75,0.1811341219867777,0,0.0,2,0.9735583478034615,13.648960692218587,15.581960231065748,15.31619446094747,50,2.5316455696202533,22,1.1139240506329113,6,0.3037974683544304,34.15113328794737,2.2297401208259897,9,0.45569620253164556,0.0,0.0,0.13924050632911392,0.7674230724083143
bayes-fix-seed43,large_circle,4,402,1544568826,success,82,20.5,0.14622134103461026,0,0.0,5,1.5748952339738553,13.250421959815956,14.369781874120235,16.739053440824183,50,2.4390243902439024,26,1.2682926829268293,4,0.1951219512195122,35.72461660374131,2.1342076916137938,11,0.5365853658536586,0.09333333333333334,0.05333333333333334,0.14634146341463414,0.7028202481468677
bayes-fix-seed43,large_circle,4,403,1544568827,success,80,20.0,0.2029304436149657,0,0.0,0,1.2833205688267135,13.272761786356568,14.271126873791218,15.824973816185352,51,2.55,22,1.1,8,0.4,36.92085729977833,2.33307541160142,9,0.45,0.0821917808219178,0.0821917808219178,0.1125,0.7462957652510934
bayes-fix-seed43,large_circle,4,404,1544568828,success,73,18.25,0.22344244818912928,0,0.0,0,1.6650865492106546,13.581076356237881,15.559673309326156,14.452402008462675,43,2.356164383561644,21,1.1506849315068493,2,0.1095890410958904,30.117289902004586,2.083895111993789,10,0.547945205479452,0.07575757575757576,0.0,0.0684931506849315,0.8101718158203046
bayes-fix-seed43,large_circle,4,405,1544568829,success,96,24.0,0.21769394694555644,0,0.0,0,1.4792081968992743,13.527029349158207,14.47687391191721,21.159279132636915,60,2.5,33,1.375,8,0.3333333333333333,45.948604702745875,2.171558133654606,15,0.625,0.1797752808988764,0.11235955056179775,0.21875,0.5564289727886194
bayes-fix-seed43,large_circle,4,406,1544568830,success,72,18.0,0.14807449046587418,0,0.0,1,0.8498459307699241,13.16738087269995,14.123356156051159,14.733761739367301,53,2.9444444444444446,27,1.5,5,0.2777777777777778,37.15340027592446,2.521650677752843,21,1.1666666666666667,0.0,0.0,0.027777777777777776,0.8045395067329343
bayes-fix-seed43,large_circle,4,407,1544568831,success,82,20.5,0.1619999832881307,0,0.0,1,0.7183999534092377,13.296235852488657,14.449691399931908,16.39764417823344,61,2.975609756097561,34,1.6585365853658536,5,0.24390243902439024,36.11374425443217,2.2023739423721778,11,0.5365853658536586,0.0,0.0,0.08536585365853659,0.716721248126415
bayes-fix-seed43,large_circle,4,408,1544568832,success,67,16.75,0.20326399431882813,0,0.0,0,0.5499706343268286,13.199547222301142,14.187638089060783,14.23781083573166,53,3.1641791044776117,32,1.9104477611940298,7,0.417910447761194,39.349018488270914,2.7636986431593384,21,1.2537313432835822,0.0,0.0,0.05970149253731343,0.8225367916738984
bayes-fix-seed43,large_circle,4,409,1544568833,success,68,17.0,0.31548009204538996,0,0.0,0,0.9373440904423918,13.202836572685662,14.162208512425423,13.18634052556135,40,2.3529411764705883,23,1.3529411764705883,0,0.0,16.178729460312404,1.2269309615469426,6,0.35294117647058826,0.0,0.0,0.0,0.8927983903528836
bayes-fix-seed43,large_circle,4,410,1544568834,success,62,15.5,0.37257246124593346,0,0.0,0,1.3477815080114093,13.181920133290753,14.342857524752617,14.232531066838092,33,2.129032258064516,20,1.2903225806451613,2,0.12903225806451613,19.56814529379239,1.3748886408114942,13,0.8387096774193549,0.0,0.0,0.016129032258064516,0.825803771221453
bayes-fix-seed43,large_circle,4,411,1544568835,success,82,20.5,0.19192842836700497,0,0.0,1,0.9668565777282423,13.418464126383386,14.504332281649113,18.050078331883824,53,2.5853658536585367,30,1.4634146341463414,6,0.2926829268292683,35.754985495709334,1.9808770265861617,15,0.7317073170731707,0.05333333333333334,0.04,0.12195121951219512,0.6489848619285391
bayes-fix-seed43,large_circle,4,412,1544568836,success,76,19.0,0.21486021641023467,0,0.0,0,0.8820627605130741,13.358457161015586,14.419740065932274,16.61992510101394,46,2.4210526315789473,26,1.368421052631579,9,0.47368421052631576,38.890896568345184,2.3400163557880624,10,0.5263157894736842,0.057971014492753624,0.057971014492753624,0.14473684210526316,0.7110144759827027
bayes-fix-seed43,large_circle,4,413,1544568837,success,70,17.5,0.19388404593350517,0,0.0,1,0.557481885881385,13.220137091619629,14.326554164290428,14.38934082867355,44,2.5142857142857142,23,1.3142857142857143,7,0.4,29.596699722013845,2.0568488907453415,18,1.0285714285714285,0.0,0.0,0.04285714285714286,0.817032262693296
bayes-fix-seed43,large_circle,4,414,1544568838,success,87,21.75,0.31095053558224206,0,0.0,0,2.158546327789918,13.300010656145798,14.293088018894196,17.185652225733357,63,2.896551724137931,35,1.6091954022988506,7,0.3218390804597701,39.597031239190514,2.304074975979028,19,0.8735632183908046,0.1625,0.0625,0.19540229885057472,0.6858941563745777
bayes-fix-seed43,large_circle,4,415,1544568839,success,65,16.25,0.26449140109389047,0,0.0,0,1.8727059975120806,13.002248337635628,14.101920276880264,13.815433193055613,29,1.7846153846153847,15,0.9230769230769231,4,0.24615384615384617,23.33604712176612,1.6891288746194426,7,0.4307692307692308,0.0,0.0,0.03076923076923077,0.8560457162002411
bayes-fix-seed43,large_circle,4,416,1544568840,success,79,19.75,0.19538775202841097,0,0.0,1,2.5030977319112435,13.299813234730612,14.328593015670776,16.360897986639035,46,2.329113924050633,23,1.1645569620253164,2,0.10126582278481013,25.08448438724232,1.533197285853583,14,0.7088607594936709,0.1527777777777778,0.1388888888888889,0.11392405063291139,0.7181916253550797
bayes-fix-seed43,large_circle,4,417,1544568841,success,70,17.5,0.18101567161472054,0,0.0,3,0.7387539336034157,13.200311735272408,14.612536132335663,14.171928851482324,52,2.9714285714285715,36,2.057142857142857,6,0.34285714285714286,35.935447456297965,2.5356779470805253,23,1.3142857142857143,0.0,0.0,0.04285714285714286,0.8291518745607461
bayes-fix-seed43,large_circle,4,418,1544568842,success,73,18.25,0.17250920233131795,0,0.0,1,0.7964591337905015,13.17937850748023,14.329922199249268,15.690406258484476,47,2.5753424657534247,21,1.1506849315068493,4,0.2191780821917808,27.41991517864382,1.747559287307599,7,0.3835616438356164,0.06060606060606061,0.06060606060606061,0.0821917808219178,0.7480054499601206
bayes-fix-seed43,large_circle,4,419,1544568843,success,66,16.5,0.16061594447932237,0,0.0,3,0.7336059485204541,13.144354138410453,14.355411753058434,14.633293691968392,40,2.4242424242424243,20,1.2121212121212122,1,0.06060606060606061,25.83505093537408,1.7654980129014883,12,0.7272727272727273,0.0,0.0,0.030303030303030304,0.8114131931236811
bayes-fix-seed43,large_circle,4,420,1544568844,success,64,16.0,0.3126040284804661,0,0.0,0,0.9439735731390093,13.193705352023244,14.204949140548706,13.843650611460074,30,1.875,16,1.0,0,0.0,10.236940205876127,0.7394682582787641,4,0.25,0.0,0.0,0.0,0.8520645898891793
bayes-fix-seed43,large_circle,4,421,1544568845,success,86,21.5,0.2630297700998411,0,0.0,0,1.6372406210863835,13.358666583202606,14.54539317637682,18.617435204304332,52,2.4186046511627906,31,1.441860465116279,4,0.18604651162790697,38.48404705725942,2.0670971395867648,11,0.5116279069767442,0.10126582278481013,0.06329113924050633,0.12790697674418605,0.628531426098506
bayes-fix-seed43,large_circle,4,422,1544568846,success,73,18.25,0.2821009209718012,0,0.0,0,1.0305477523514528,13.167007175618656,14.10907357931137,15.561204426776227,48,2.6301369863013697,22,1.2054794520547945,6,0.3287671232876712,31.77409668685366,2.041879009839357,10,0.547945205479452,0.030303030303030304,0.0,0.0821917808219178,0.7596002933675443
bayes-fix-seed43,large_circle,4,423,1544568847,success,87,21.75,0.17793663459804165,0,0.0,4,1.1356575004426879,13.357193091477471,14.577697589993477,16.20169035670734,73,3.3563218390804597,42,1.9310344827586208,10,0.45977011494252873,60.123570617530945,3.710944308514104,25,1.1494252873563218,0.0875,0.0875,0.10344827586206896,0.7283075435159951
bayes-fix-seed43,large_circle,4,424,1544568848,success,81,20.25,0.414163449894439,0,0.0,0,0.9564146237829004,13.258180776495992,14.276333153247833,16.975310951151858,55,2.7160493827160495,31,1.5308641975308641,7,0.345679012345679,37.500697568997744,2.2091317017349326,6,0.2962962962962963,0.0945945945945946,0.06756756756756757,0.16049382716049382,0.690737322978533
bayes-fix-seed43,large_circle,4,425,1544568849,success,75,18.75,0.21000751674806684,0,0.0,0,1.9490363567101296,13.211845805247625,14.391639456152916,16.057606058335637,44,2.3466666666666667,23,1.2266666666666666,10,0.5333333333333333,38.96809326137606,2.4267685431943575,16,0.8533333333333334,0.1323529411764706,0.058823529411764705,0.16,0.7332250898798166
bayes-fix-seed43,large_circle,4,426,1544568850,success,75,18.75,0.3008944447264066,0,0.0,0,1.48256182196674,13.289372225602468,14.363708347082138,16.494193497198584,42,2.24,25,1.3333333333333333,7,0.37333333333333335,32.93217626548243,1.9965920898815523,11,0.5866666666666667,0.029411764705882353,0.029411764705882353,0.09333333333333334,0.7097257618853761
bayes-fix-seed43,large_circle,4,427,1544568851,success,92,23.0,0.20937969787882393,0,0.0,0,1.217401104393694,13.475845081974631,14.433440938591957,18.63292661738971,51,2.217391304347826,23,1.0,4,0.17391304347826086,31.813660113075255,1.7073893310664492,7,0.30434782608695654,0.15294117647058825,0.11764705882352941,0.18478260869565216,0.6320419132888498
bayes-fix-seed43,large_circle,4,428,1544568852,success,78,19.5,0.2762469383370595,0,0.0,0,2.11269823765895,13.174993344224417,14.22631312161684,15.491025532117309,45,2.3076923076923075,30,1.5384615384615385,9,0.46153846153846156,37.53219313661798,2.4228346314969946,14,0.717948717948718,0.1267605633802817,0.11267605633802817,0.15384615384615385,0.7553591294564294
bayes-fix-seed43,large_circle,4,429,1544568853,success,82,20.5,0.20398506044602194,0,0.0,0,0.6555469981400366,13.343269459721519,14.620659314095974,17.641027803726857,64,3.1219512195121952,37,1.8048780487804879,4,0.1951219512195122,32.16613932191228,1.823371046165283,16,0.7804878048780488,0.05333333333333334,0.02666666666666667,0.10975609756097561,0.6645843866156377
bayes-fix-seed43,large_circle,4,430,1544568854,success,84,21.0,0.16671774727483635,0,0.0,2,1.1107231606749755,13.380935726066431,14.73972387611866,16.583805174102444,58,2.761904761904762,30,1.4285714285714286,11,0.5238095238095238,51.50684685880333,3.1058521441892784,23,1.0952380952380953,0.06493506493506493,0.06493506493506493,0.13095238095238096,0.7079524520455022
bayes-fix-seed43,large_circle,4,431,1544568855,success,62,15.5,0.20555607880666593,0,0.0,0,1.098939295427191,13.396817469789136,14.661866426467896,14.535444562290044,27,1.7419354838709677,11,0.7096774193548387,1,0.06451612903225806,12.691421925322024,0.8731361377310708,4,0.25806451612903225,0.0,0.0,0.03225806451612903,0.8086060815786498
bayes-fix-seed43,large_circle,4,432,1544568856,success,66,16.5,0.20211565660926645,0,0.0,0,1.2424201810820013,13.223126925753824,14.543339610099792,13.976644608391787,45,2.727272727272727,26,1.5757575757575757,3,0.18181818181818182,21.511516065077814,1.5391044608919924,13,0.7878787878787878,0.0,0.0,0.06060606060606061,0.8378832826710698
bayes-fix-seed43,large_circle,4,433,1544568857,success,69,17.25,0.4619645007745662,0,0.0,0,1.3337544433132233,13.248751290898392,14.574134349822996,15.523333955693216,38,2.2028985507246377,20,1.1594202898550725,4,0.2318840579710145,26.69026004526827,1.719363902203467,8,0.463768115942029,0.0,0.0,0.10144927536231885,0.756619317721122
bayes-fix-seed43,large_circle,4,434,1544568858,success,70,17.5,0.2004422769711417,0,0.0,0,0.9972041057755273,13.199054609451975,14.244520850479603,14.984165214365733,39,2.2285714285714286,21,1.2,3,0.17142857142857143,25.57287764423447,1.7066601494567777,8,0.45714285714285713,0.031746031746031744,0.031746031746031744,0.08571428571428572,0.7838876522002228
bayes-fix-seed43,large_circle,4,435,1544568859,success,63,15.75,0.18665906128721543,0,0.0,2,0.7362372519709864,13.174736074038915,14.331310987472534,13.314681461647943,34,2.1587301587301586,21,1.3333333333333333,1,0.06349206349206349,16.232465632664614,1.219140366175575,2,0.12698412698412698,0.0,0.0,0.0,0.8883351911085481
bayes-fix-seed43,large_circle,4,436,1544568860,success,74,18.5,0.168370923629793,0,0.0,1,1.1343147111883893,13.336634565446827,14.64306190609932,16.346578089449135,43,2.324324324324324,21,1.135135135135135,2,0.10810810810810811,23.382583788838968,1.4304268245554834,7,0.3783783783783784,0.014925373134328358,0.0,0.08108108108108109,0.7244233785596103
bayes-fix-seed43,large_circle,4,437,1544568861,success,77,19.25,0.21370447656132885,0,0.0,0,1.1458631984902552,13.257901486638305,14.482095837593079,16.102784040480323,44,2.2857142857142856,22,1.1428571428571428,8,0.4155844155844156,37.1066041797087,2.3043595496547353,13,0.6753246753246753,0.014285714285714285,0.014285714285714285,0.11688311688311688,0.7321330733685645
bayes-fix-seed43,large_circle,4,438,1544568862,success,79,19.75,0.20345631287794474,0,0.0,0,0.5493069666738019,13.378656693274461,14.575373008847237,16.954832939389554,54,2.7341772151898733,30,1.518987341772152,9,0.45569620253164556,42.45229861872214,2.5038464708252444,15,0.759493670886076,0.027777777777777776,0.0,0.10126582278481013,0.6958066335597806
bayes-fix-seed43,large_circle,4,439,1544568863,success,77,19.25,0.2021637621824428,0,0.0,0,0.6514017719183068,13.39105565052528,14.370039850473404,16.09519812854879,49,2.5454545454545454,34,1.7662337662337662,9,0.4675324675324675,41.24178635927164,2.5623658702354954,10,0.5194805194805194,0.08571428571428572,0.08571428571428572,0.1038961038961039,0.7301410159797346
bayes-fix-seed43,large_circle,4,440,1544568864,success,92,23.0,0.21484480556445895,0,0.0,0,1.930349850367254,13.458702794235686,14.56424817442894,18.622795123685624,55,2.391304347826087,27,1.173913043478261,5,0.21739130434782608,33.59448265186,1.8039441678189574,10,0.43478260869565216,0.21176470588235294,0.10588235294117647,0.22826086956521738,0.6366913562464821
bayes-fix-seed43,large_circle,4,441,1544568865,success,72,18.0,0.32672030416039877,0,0.0,0,1.0437932048991792,13.280747458338737,14.278745278716087,14.692298542766991,38,2.111111111111111,19,1.0555555555555556,2,0.1111111111111111,21.01786650190475,1.4305363072173503,10,0.5555555555555556,0.03076923076923077,0.03076923076923077,0.08333333333333333,0.8032615739192461
bayes-fix-seed43,large_circle,4,442,1544568866,success,73,18.25,0.2775081888849541,0,0.0,0,1.2106218449279311,13.328971417799387,14.455492049455643,16.959775955851487,38,2.0821917808219177,21,1.1506849315068493,2,0.1095890410958904,21.048516306792422,1.2410845733802416,11,0.6027397260273972,0.13636363636363635,0.06060606060606061,0.1506849315068493,0.6934169253716547
bayes-fix-seed43,large_circle,4,443,1544568867,success,80,20.0,0.24812805063283905,0,0.0,0,2.26200411586006,13.336103921756148,14.543001353740692,16.720946596727018,45,2.25,17,0.85,7,0.35,37.398920022139905,2.236650886108351,13,0.65,0.1643835616438356,0.0958904109589041,0.1375,0.7010944421662496
bayes-fix-seed43,large_circle,4,444,1544568868,success,79,19.75,0.21279106159721195,0,0.0,0,0.9530961709737403,13.150291776732553,14.240236580371855,16.698667212634216,50,2.5316455696202533,27,1.3670886075949367,3,0.1518987341772152,28.402108092192996,1.700860777122617,11,0.5569620253164557,0.027777777777777776,0.027777777777777776,0.13924050632911392,0.711884130027966
bayes-fix-seed43,large_circle,4,445,1544568869,success,82,20.5,0.23458248327863185,0,0.0,0,1.4818505099526982,13.213635308713448,14.2773462459445,18.351064055249548,44,2.1463414634146343,29,1.4146341463414633,4,0.1951219512195122,27.386876501074006,1.4923862953461628,8,0.3902439024390244,0.13333333333333333,0.05333333333333334,0.12195121951219512,0.6441698403054427
bayes-fix-seed43,large_circle,4,446,1544568870,success,78,19.5,0.16179915877196827,0,0.0,2,0.8219793728657524,13.55981038740048,15.446152538061142,16.62783487755694,52,2.6666666666666665,31,1.5897435897435896,2,0.10256410256410256,30.14609643717411,1.8129898846820491,11,0.5641025641025641,0.09859154929577464,0.08450704225352113,0.05128205128205128,0.7040504215196379
bayes-fix-seed43,large_circle,4,447,1544568871,success,81,20.25,0.2060245034768392,0,0.0,0,0.7616118654614077,13.305195365790967,14.451991766691208,15.805510898259817,54,2.6666666666666665,32,1.5802469135802468,8,0.3950617283950617,41.33365418452981,2.615141924268999,13,0.6419753086419753,0.05405405405405406,0.05405405405405406,0.13580246913580246,0.74401873412172
bayes-fix-seed43,large_circle,4,448,1544568872,success,75,18.75,0.2626827602812116,0,0.0,0,1.4746944870755807,13.277110755443573,14.576631411910057,17.2798176903069,42,2.24,18,0.96,3,0.16,23.34545908532385,1.3510246174888447,8,0.4266666666666667,0.11764705882352941,0.029411764705882353,0.14666666666666667,0.682533275629732
bayes-fix-seed43,large_circle,4,449,1544568873,success,67,16.75,0.30083616303240235,0,0.0,0,1.3739133628841362,13.219390898498137,14.486351236701012,14.435666539966805,36,2.1492537313432836,19,1.1343283582089552,1,0.05970149253731343,18.29141116243328,1.2670984822066513,9,0.5373134328358209,0.0,0.0,0.05970149253731343,0.8119135049919236
bayes-fix-seed43,large_circle,4,450,1544568874,success,90,22.5,0.1733145043124703,0,0.0,2,0.8222493478521493,13.330442955096563,14.329013600945473,18.927726791858134,60,2.6666666666666665,32,1.4222222222222223,2,0.08888888888888889,32.647810387730445,1.72486695030774,13,0.5777777777777777,0.08433734939759036,0.07228915662650602,0.12222222222222222,0.6257136980971308
bayes-fix-seed43,large_circle,4,451,1544568875,success,68,17.0,0.39251442479218857,0,0.0,0,1.664477724905336,13.227841214222067,14.463700726628304,14.798205316790078,39,2.2941176470588234,21,1.2352941176470589,10,0.5882352941176471,34.05550660663431,2.301326808055221,13,0.7647058823529411,0.0,0.0,0.08823529411764706,0.7995002009439294
bayes-fix-seed43,large_circle,4,452,1544568876,success,94,23.5,0.278466828331255,0,0.0,0,1.1944328545933456,13.244319033432514,14.373976550996304,17.851506645938777,63,2.6808510638297873,31,1.3191489361702127,12,0.5106382978723404,52.78017595275908,2.956623045862999,14,0.5957446808510638,0.14942528735632185,0.13793103448275862,0.19148936170212766,0.6624124190729477
bayes-fix-seed43,large_circle,4,453,1544568877,success,68,17.0,0.1881837952096479,0,0.0,2,0.9795646922706316,13.146531220306368,14.289776980876923,14.133885733102625,48,2.823529411764706,29,1.7058823529411764,0,0.0,20.30992746365383,1.436967005901742,11,0.6470588235294118,0.0,0.0,0.0,0.8310253067089639
bayes-fix-seed43,large_circle,4,454,1544568878,success,71,17.75,0.15329543714662197,0,0.0,2,0.6309062742648434,13.32011740182487,14.45416547358036,14.536371158769098,50,2.816901408450704,23,1.295774647887324,7,0.39436619718309857,35.68101412394154,2.45460257819689,10,0.5633802816901409,0.0,0.0,0.04225352112676056,0.8142150902345536
bayes-fix-seed43,large_circle,4,455,1544568879,success,66,16.5,0.6447177428942666,0,0.0,0,1.3432484605209547,13.165809665665481,14.418361708521843,14.945238900456914,33,2.0,19,1.1515151515151516,4,0.24242424242424243,19.439445614366882,1.3007116007876307,8,0.48484848484848486,0.03389830508474576,0.03389830508474576,0.030303030303030304,0.783796236957693
bayes-fix-seed43,large_circle,4,456,1544568880,success,71,17.75,0.17260928643282958,0,0.0,1,1.4759384449765731,13.166934776474053,14.427751302719116,15.297511020584299,42,2.3661971830985915,24,1.352112676056338,5,0.28169014084507044,33.14116378839185,2.166441569729688,11,0.6197183098591549,0.0,0.0,0.09859154929577464,0.7770333657258256
bayes-fix-seed43,large_circle,4,457,1544568881,success,68,17.0,0.1968232493150338,0,0.0,1,0.7496935016067254,13.138246558168355,14.289230294525623,14.843031937277564,42,2.4705882352941178,22,1.2941176470588236,3,0.17647058823529413,21.16979811823073,1.4262448674696844,12,0.7058823529411765,0.09836065573770492,0.06557377049180328,0.11764705882352941,0.7895703280720859
bayes-fix-seed43,large_circle,4,458,1544568882,success,76,19.0,0.15645894137453464,0,0.0,2,1.1114681981670047,13.18796341748614,14.431013725697994,16.611313615507036,33,1.736842105263158,17,0.8947368421052632,8,0.42105263157894735,33.39206905177967,2.0102003865972056,4,0.21052631578947367,0.057971014492753624,0.057971014492753624,0.15789473684210525,0.7063970866518934
bayes-fix-seed43,large_circle,4,459,1544568883,success,75,18.75,0.21175965621736859,0,0.0,0,1.005298686133247,13.271236171325048,14.558287337422371,14.823943264383601,53,2.8266666666666667,30,1.6,7,0.37333333333333335,32.650353282314114,2.202541705671575,3,0.16,0.0,0.0,0.12,0.7917760449589718
bayes-fix-seed43,large_circle,4,460,1544568884,success,85,21.25,0.2048178566229666,0,0.0,0,2.1315960953902926,13.338256977936801,14.31841030716896,19.42343629476676,44,2.070588235294118,21,0.9882352941176471,4,0.18823529411764706,30.49590693000057,1.570057247708381,11,0.5176470588235295,0.15384615384615385,0.0,0.16470588235294117,0.6057825904622685
bayes-fix-seed43,large_circle,4,461,1544568885,success,78,19.5,0.1431110963175699,0,0.0,3,0.767110138177165,13.382006627626907,14.602777548134327,15.085492334353157,60,3.076923076923077,27,1.3846153846153846,9,0.46153846153846156,45.78794551038524,3.0352304383275244,17,0.8717948717948718,0.0,0.0,0.1282051282051282,0.7768657777340376
bayes-fix-seed43,large_circle,4,462,1544568886,success,78,19.5,0.1937244883014363,0,0.0,1,0.8618871147974897,13.395610623634779,14.59233146160841,16.46009351513234,49,2.5128205128205128,20,1.0256410256410255,1,0.05128205128205128,29.302357506102034,1.7802060163973767,8,0.41025641025641024,0.15492957746478872,0.07042253521126761,0.1282051282051282,0.7152611248403515
bayes-fix-seed43,large_circle,4,463,1544568887,success,95,23.75,0.11285782328290894,0,0.0,3,1.4998084807944938,13.454728691201462,14.438314363360405,19.585570566181346,63,2.6526315789473682,32,1.3473684210526315,17,0.7157894736842105,56.69858646371926,2.8949162482721555,24,1.0105263157894737,0.11363636363636363,0.045454545454545456,0.15789473684210525,0.59975123236244
bayes-fix-seed43,large_circle,4,464,1544568888,success,71,17.75,0.2626737074750666,0,0.0,0,1.5149962448452825,13.432936244447466,14.786364510655403,15.966621940432248,44,2.4788732394366195,25,1.408450704225352,5,0.28169014084507044,30.08554232464569,1.884277240163126,9,0.5070422535211268,0.0,0.0,0.08450704225352113,0.7371384959113632
bayes-fix-seed43,large_circle,4,465,1544568889,success,63,15.75,0.3229981930294613,0,0.0,0,0.8946220403454406,13.181523730357489,14.223884046077728,13.387492660616678,36,2.2857142857142856,18,1.1428571428571428,0,0.0,12.138794623644984,0.906726519399326,5,0.31746031746031744,0.0,0.0,0.0,0.8780771788465775
bayes-fix-seed43,large_circle,4,466,1544568890,success,84,21.0,0.208438837221947,0,0.0,0,0.9687409843025664,13.421476330785524,14.471504837274551,16.28791574451806,66,3.142857142857143,37,1.7619047619047619,16,0.7619047619047619,62.2593574578131,3.8224262965485574,23,1.0952380952380953,0.0,0.0,0.15476190476190477,0.7242627351372148
bayes-fix-seed43,large_circle,4,467,1544568891,success,84,21.0,0.1981826664164772,0,0.0,2,0.8925047101097652,13.576647000653404,14.835527911782265,16.99578535101082,61,2.9047619047619047,33,1.5714285714285714,6,0.2857142857142857,43.60267777520175,2.5654994385186494,9,0.42857142857142855,0.05194805194805195,0.03896103896103896,0.16666666666666666,0.6914965477120607
bayes-fix-seed43,large_circle,4,468,1544568892,success,70,17.5,0.24524589089948468,0,0.0,0,2.5954752208320166,13.414227217435837,15.035685896873474,15.292613702262614,36,2.057142857142857,19,1.0857142857142856,4,0.22857142857142856,24.7877520769767,1.6208970264716251,11,0.6285714285714286,0.0,0.0,0.05714285714285714,0.7666834477422106
bayes-fix-seed43,large_circle,4,469,1544568893,success,80,20.0,0.21439073999083058,0,0.0,0,1.463454649010529,13.369509810581803,14.420578069984913,16.41659432885155,47,2.35,24,1.2,5,0.25,31.17328499181277,1.8988886712652022,9,0.45,0.0684931506849315,0.0684931506849315,0.1625,0.715437840467567
bayes-fix-seed43,large_circle,4,470,1544568894,success,74,18.5,0.1938133950472798,0,0.0,2,1.1166313820831342,13.241285609232413,14.249260537326336,15.391071918044673,53,2.864864864864865,31,1.6756756756756757,5,0.2702702702702703,37.32699052419687,2.425236573707012,19,1.027027027027027,0.0,0.0,0.08108108108108109,0.7650670019691271
bayes-fix-seed43,large_circle,4,471,1544568895,success,66,16.5,0.1466915555567191,0,0.0,2,0.8030838389249788,13.319712527322046,14.765412546694279,15.239344630579746,32,1.9393939393939394,16,0.9696969696969697,2,0.12121212121212122,18.06989407847554,1.1857395784734681,10,0.6060606060606061,0.0,0.0,0.030303030303030304,0.781607130709813
bayes-fix-seed43,large_circle,4,472,1544568896,success,91,22.75,0.1722393863121866,0,0.0,2,1.1565176262107426,13.453251753862087,14.421483501791954,17.96331168266139,77,3.3846153846153846,39,1.7142857142857142,13,0.5714285714285714,58.22125496532796,3.241120345394022,21,0.9230769230769231,0.047619047619047616,0.047619047619047616,0.14285714285714285,0.6518137936938746
bayes-fix-seed43,large_circle,4,473,1544568897,success,85,21.25,0.17651787124217377,0,0.0,4,0.7894947409036173,13.35743867299136,14.33289423584938,17.448954269207988,54,2.541176470588235,27,1.2705882352941176,8,0.3764705882352941,37.98702842447618,2.1770375369434913,11,0.5176470588235295,0.0,0.0,0.10588235294117647,0.6804136959995912
bayes-fix-seed43,large_circle,4,474,1544568898,success,69,17.25,0.40455415006096895,0,0.0,0,0.9227886744903676,13.224018386740616,14.376982301473618,14.896192306932564,42,2.4347826086956523,21,1.2173913043478262,0,0.0,18.310339196757248,1.2291959461503306,6,0.34782608695652173,0.0,0.0,0.0,0.7898524471021499
bayes-fix-seed43,large_circle,4,475,1544568899,success,74,18.5,0.24344516795823012,0,0.0,0,0.996813520940806,13.22791342799728,14.291522279381752,15.561805592090801,44,2.3783783783783785,26,1.4054054054054055,6,0.32432432432432434,34.88083038220668,2.24143851276067,19,1.027027027027027,0.029850746268656716,0.029850746268656716,0.08108108108108109,0.7565105648757813
bayes-fix-seed43,large_circle,4,476,1544568900,success,77,19.25,0.3563832051830028,0,0.0,0,1.5998498932245775,13.425302631282188,14.837857335805895,16.575929442586315,40,2.0779220779220777,24,1.2467532467532467,4,0.2077922077922078,23.84866497716827,1.4387528047686478,11,0.5714285714285714,0.04285714285714286,0.04285714285714286,0.11688311688311688,0.7077702965227581
bayes-fix-seed43,large_circle,4,477,1544568901,success,63,15.75,0.18203026715337745,0,0.0,1,1.1402137403233448,13.353492591589216,14.711784198880196,13.3732922943781,41,2.6031746031746033,26,1.6507936507936507,3,0.19047619047619047,27.505810799610728,2.0567718250780844,13,0.8253968253968254,0.0,0.0,0.015873015873015872,0.8817724827231326
bayes-fix-seed43,large_circle,4,478,1544568902,success,93,23.25,0.16647712980774987,0,0.0,2,2.015535948003835,13.496965089792846,14.708215743303299,20.158493948239972,64,2.752688172043011,40,1.7204301075268817,9,0.3870967741935484,44.841094559414984,2.2244268185188525,9,0.3870967741935484,0.1744186046511628,0.1511627906976744,0.25806451612903225,0.5813098621886302
bayes-fix-seed43,large_circle,4,479,1544568903,success,69,17.25,0.19091027634673774,0,0.0,1,1.125318241858668,13.261879321889602,14.502882212400436,14.656304005741987,35,2.028985507246377,13,0.7536231884057971,4,0.2318840579710145,24.709841599288694,1.685953129084111,8,0.463768115942029,0.0,0.0,0.08695652173913043,0.804580090240629
bayes-fix-seed43,large_circle,4,480,1544568904,timeout,101,25.25,0.1855672528935487,0,0.0,4,1.6965190410394295,13.527191031982403,14.644887298345566,21.05194589828313,47,1.8613861386138615,25,0.9900990099009901,7,0.27722772277227725,33.72072225846497,1.6017864771928294,11,0.43564356435643564,0.23404255319148937,0.06382978723404255,0.24752475247524752,0.4885977836670678
bayes-fix-seed43,large_circle,4,481,1544568905,success,65,16.25,0.4256363810314451,0,0.0,0,0.9183036691319838,13.383592550571148,15.132500976324081,14.552765999743434,36,2.2153846153846155,23,1.4153846153846155,1,0.06153846153846154,16.884960688295152,1.1602578292396672,8,0.49230769230769234,0.0,0.0,0.046153846153846156,0.8061966716377816
bayes-fix-seed43,large_circle,4,482,1544568906,timeout,101,25.25,0.22378375757325664,0,0.0,0,1.7090552300608464,13.505165529723214,14.683607965707779,20.2865652377568,65,2.5742574257425743,36,1.4257425742574257,15,0.594059405940594,52.9440188829875,2.6098069467397833,17,0.6732673267326733,0.24468085106382978,0.07446808510638298,0.24752475247524752,0.5553903344193349
bayes-fix-seed43,large_circle,4,483,1544568907,success,78,19.5,0.15231586497481686,0,0.0,3,1.1167973394614203,13.119934174494865,14.180493541061878,16.548636169506807,48,2.4615384615384617,21,1.0769230769230769,6,0.3076923076923077,35.86967442803529,2.167530548174732,7,0.358974358974359,0.014084507042253521,0.014084507042253521,0.11538461538461539,0.7084596513197211
bayes-fix-seed43,large_circle,4,484,1544568908,success,81,20.25,0.18676592184008334,0,0.0,2,1.1048290077011982,13.085644600200064,14.009710401296616,17.722987941350862,51,2.5185185185185186,27,1.3333333333333333,10,0.49382716049382713,43.59288860062107,2.459680542856499,16,0.7901234567901234,0.13513513513513514,0.12162162162162163,0.18518518518518517,0.6628041681254248
bayes-fix-seed43,large_circle,4,485,1544568909,success,86,21.5,0.17417241864748612,0,0.0,3,1.0407165205859075,13.158838026398836,14.16942197829485,17.736924869689034,50,2.3255813953488373,30,1.3953488372093024,6,0.27906976744186046,32.16898510988369,1.813673190038589,17,0.7906976744186046,0.12658227848101267,0.12658227848101267,0.13953488372093023,0.6632179540521743
bayes-fix-seed43,large_circle,4,486,1544568910,success,73,18.25,0.14428829912750762,0,0.0,4,0.7491559617448257,13.09558095997327,14.179982244968414,15.268616522803601,52,2.8493150684931505,28,1.5342465753424657,4,0.2191780821917808,30.720175566871887,2.0119816042921412,7,0.3835616438356164,0.0,0.0,0.0547945205479452,0.771777141444176
bayes-fix-seed43,large_circle,4,487,1544568911,timeout,101,25.25,0.21145594519274258,0,0.0,0,0.7725871715141768,13.369826397093215,14.555253088474274,18.185251491553387,80,3.1683168316831685,50,1.9801980198019802,34,1.3465346534653466,115.56656117483963,6.354960844424809,34,1.3465346534653466,0.19148936170212766,0.19148936170212766,0.18811881188118812,0.6136792403738591
bayes-fix-seed43,large_circle,4,488,1544568912,success,75,18.75,0.1354431011055559,0,0.0,1,1.9904681933258765,13.229398330052694,14.376920461654663,15.74981073215532,46,2.453333333333333,25,1.3333333333333333,14,0.7466666666666667,45.52827217083494,2.890718685138416,17,0.9066666666666666,0.0,0.0,0.13333333333333333,0.7496153389560775
bayes-fix-seed43,large_circle,4,489,1544568913,timeout,101,25.25,0.22833168390837832,0,0.0,0,1.345225647368003,13.558075606527895,15.153441578149796,19.253333678534204,74,2.9306930693069306,32,1.2673267326732673,17,0.6732673267326733,70.86761876712461,3.6807973076442266,16,0.6336633663366337,0.2765957446808511,0.22340425531914893,0.2079207920792079,0.5792326793838286
bayes-fix-seed43,large_circle,4,490,1544568914,success,78,19.5,0.19124705882916482,0,0.0,1,1.4583589600693467,13.222505696691,14.5736088976264,15.417098381658462,56,2.871794871794872,34,1.7435897435897436,14,0.717948717948718,50.449679610826216,3.2723200152141207,23,1.1794871794871795,0.0,0.0,0.07692307692307693,0.7611372171723197
bayes-fix-seed43,large_circle,4,491,1544568915,timeout,101,25.25,0.40042803755634304,0,0.0,0,1.2455039988907364,13.492575597645033,14.684829860925674,18.481053891412532,72,2.8514851485148514,44,1.7425742574257426,30,1.188118811881188,104.00618663215549,5.627719460332473,11,0.43564356435643564,0.2553191489361702,0.2127659574468085,0.2376237623762376,0.6085801609063115
bayes-fix-seed43,large_circle,4,492,1544568916,success,74,18.5,0.30791413829044445,0,0.0,0,1.3168235294207302,13.316603327119672,14.603377878665922,16.056703809938206,42,2.27027027027027,23,1.2432432432432432,4,0.21621621621621623,24.194758264197453,1.5068321961087832,5,0.2702702702702703,0.0,0.0,0.0945945945945946,0.7396360879271497
bayes-fix-seed43,large_circle,4,493,1544568917,success,84,21.0,0.260334800370859,0,0.0,0,1.6169640374173015,13.4917844441675,14.425640366971493,18.15228830820348,49,2.3333333333333335,23,1.0952380952380953,7,0.3333333333333333,31.94909410164505,1.7600587627955666,9,0.42857142857142855,0.09090909090909091,0.03896103896103896,0.11904761904761904,0.6522263404201116
bayes-fix-seed43,large_circle,4,494,1544568918,success,86,21.5,0.24021500011014685,0,0.0,0,1.2938374710383118,13.420599967587826,14.606515876948833,18.640416888047962,57,2.6511627906976742,36,1.6744186046511629,8,0.37209302325581395,35.71125905432152,1.9157972307593187,9,0.4186046511627907,0.10126582278481013,0.08860759493670886,0.1511627906976744,0.6333263688055608
bayes-fix-seed43,large_circle,4,495,1544568919,success,78,19.5,0.18452711372761643,0,0.0,1,1.1463809631802595,13.38836283255846,14.675717800855637,16.489288748036856,57,2.923076923076923,30,1.5384615384615385,2,0.10256410256410256,29.27235359987319,1.7752344596038583,9,0.46153846153846156,0.08450704225352113,0.08450704225352113,0.10256410256410256,0.7149764467244141
bayes-fix-seed43,large_circle,4,496,1544568920,success,70,17.5,0.13991640734767996,0,0.0,2,1.105913881761715,13.141702328409467,14.265218377113342,13.353242956811062,47,2.6857142857142855,26,1.4857142857142858,5,0.2857142857142857,33.877481800696025,2.5370227974033983,6,0.34285714285714286,0.0,0.0,0.04285714285714286,0.8849943458692195
bayes-fix-seed43,large_circle,4,497,1544568921,success,60,15.0,0.24298191597381136,0,0.0,0,0.9706051957363868,12.962442450225353,14.039208739995956,13.745371731703184,32,2.1333333333333333,17,1.1333333333333333,1,0.06666666666666667,14.858007967822534,1.080946245604482,9,0.6,0.0,0.0,0.016666666666666666,0.8537454624310026
bayes-fix-seed43,large_circle,4,498,1544568922,success,76,19.0,0.11373518788751558,0,0.0,3,0.6911039652830386,13.17016809786621,14.286001212894917,15.227431390112844,51,2.6842105263157894,26,1.368421052631579,4,0.21052631578947367,31.343236853025026,2.0583403759990775,9,0.47368421052631576,0.057971014492753624,0.043478260869565216,0.11842105263157894,0.7731215562827154
bayes-fix-seed43,large_circle,4,499,1544568923,success,75,18.75,0.21453606890729737,0,0.0,0,1.0403602403466676,13.07671328385671,14.221788942813873,13.544709180036357,57,3.04,30,1.6,3,0.16,29.88412547274693,2.206332013151922,9,0.48,0.0,0.0,0.04,0.8712622507165724
bayes-fix-seed43,large_square,5,0,1545568427,success,60,15.0,0.17658769754206505,0,0.0,3,0.6895530591876672,13.462118059396744,14.730790443718433,10.229341010925154,44,2.933333333333333,22,1.4666666666666666,4,0.26666666666666666,28.863650898338754,2.821653014354665,11,0.7333333333333333,0.018867924528301886,0.018867924528301886,0.08333333333333333,0.7571905105420952
