run_label,scenario,scenario_index,episode,seed,outcome,steps,duration_s,min_clearance_m,geometric_contact_steps,geometric_contact_duration_s,discomfort_steps,mean_clearance_m,mean_inference_ms,p95_inference_ms,path_length_m,action_switch_count,action_switch_hz,turn_reversal_count,turn_reversal_hz,heading_flip_count,heading_flip_hz,total_abs_turn_rad,curvature_rad_per_m,lateral_sign_change_count,lateral_sign_change_hz,stalled_window_ratio,oscillatory_stall_window_ratio,backtracking_ratio,goal_progress_efficiency
bayes_mean-fix-seed43,baseline_circle,0,0,1540568412,success,42,10.5,0.25347134424285445,0,0.0,0,1.3125761496076724,28.656163652028358,22.685165703296654,7.990618851144308,20,1.9047619047619047,5,0.47619047619047616,3,0.2857142857142857,8.51824821533066,1.066031101472296,2,0.19047619047619047,0.0,0.0,0.0,0.963901288768225
bayes_mean-fix-seed43,baseline_circle,0,1,1540568413,success,45,11.25,0.3042195757894196,0,0.0,0,1.3742089819739953,14.378952731688818,16.255702078342438,9.099292015181367,25,2.2222222222222223,10,0.8888888888888888,3,0.26666666666666666,13.6789176283791,1.5032947184854635,4,0.35555555555555557,0.0,0.0,0.044444444444444446,0.8525264124905506
bayes_mean-fix-seed43,baseline_circle,0,2,1540568414,success,43,10.75,0.18720793088627286,0,0.0,1,1.0479801294341486,14.227528991394264,15.728025510907173,8.559756909543715,21,1.9534883720930232,8,0.7441860465116279,0,0.0,9.020523108426763,1.0538293556408496,2,0.18604651162790697,0.0,0.0,0.0,0.9050717031019013
bayes_mean-fix-seed43,baseline_circle,0,3,1540568415,success,43,10.75,0.19813853726463815,0,0.0,1,0.5728641666182249,14.10887494336727,15.765606984496117,8.500238757715108,25,2.3255813953488373,18,1.6744186046511629,0,0.0,14.590428007751228,1.7164727278405512,8,0.7441860465116279,0.0,0.0,0.0,0.9110800439978006
bayes_mean-fix-seed43,baseline_circle,0,4,1540568416,success,48,12.0,0.21025731227451616,0,0.0,0,1.6003663497841274,14.045874044920007,15.794078633189201,8.78104243249226,26,2.1666666666666665,13,1.0833333333333333,3,0.25,16.909580620010114,1.9256917102962672,10,0.8333333333333334,0.0,0.0,0.020833333333333332,0.8843907453192584
bayes_mean-fix-seed43,baseline_circle,0,5,1540568417,success,37,9.25,0.23360092565923862,0,0.0,0,0.6885970296248088,13.611034968414822,15.21518975496292,8.955494550964765,16,1.7297297297297298,6,0.6486486486486487,0,0.0,5.211144155764853,0.5818935097451946,1,0.10810810810810811,0.0,0.0,0.0,0.8652052005570234
bayes_mean-fix-seed43,baseline_circle,0,6,1540568418,success,41,10.25,0.18059477791785672,0,0.0,1,0.867477417611364,14.05282191387037,15.855848789215088,8.872755551413302,23,2.2439024390243905,10,0.975609756097561,0,0.0,8.744703700455737,0.9855679726308736,3,0.2926829268292683,0.0,0.0,0.0,0.87675536048567
bayes_mean-fix-seed43,baseline_circle,0,7,1540568419,success,46,11.5,0.21302853950820821,0,0.0,0,0.48413554228267186,13.981734361985456,15.88387694209814,9.729301800153262,22,1.9130434782608696,12,1.0434782608695652,0,0.0,9.482046596986835,0.9745865419487212,1,0.08695652173913043,0.02564102564102564,0.02564102564102564,0.06521739130434782,0.7946100507093766
bayes_mean-fix-seed43,baseline_circle,0,8,1540568420,success,44,11.0,0.1930639998539051,0,0.0,2,0.4764371125460626,14.317928982729262,15.903127752244473,9.413568999264601,24,2.1818181818181817,10,0.9090909090909091,1,0.09090909090909091,10.929501787164691,1.1610369869300916,4,0.36363636363636365,0.0,0.0,0.022727272727272728,0.8221240781471351
bayes_mean-fix-seed43,baseline_circle,0,9,1540568421,success,46,11.5,0.24300619979239857,0,0.0,0,0.6787594022814746,14.02171620208284,16.097222454845905,8.52832416330479,21,1.826086956521739,12,1.0434782608695652,1,0.08695652173913043,9.923668706602419,1.1636129814696117,4,0.34782608695652173,0.0,0.0,0.0,0.9043326096504146
bayes_mean-fix-seed43,baseline_circle,0,10,1540568422,success,42,10.5,0.17826567559908846,0,0.0,1,1.0878231291715241,14.16517820741449,15.821209363639355,8.200680491796149,25,2.380952380952381,13,1.2380952380952381,1,0.09523809523809523,10.534400541006933,1.284576389916106,3,0.2857142857142857,0.0,0.0,0.023809523809523808,0.9427863475338302
bayes_mean-fix-seed43,baseline_circle,0,11,1540568423,success,49,12.25,0.2642752338653599,0,0.0,0,2.4237972066162934,13.82657665075088,15.17968699336052,8.186549336845781,24,1.9591836734693877,7,0.5714285714285714,2,0.16326530612244897,11.884963517124753,1.4517671644185002,2,0.16326530612244897,0.0,0.0,0.02040816326530612,0.9485064188683033
bayes_mean-fix-seed43,baseline_circle,0,12,1540568424,success,44,11.0,0.20382377393510986,0,0.0,0,0.37040762447641723,14.001420021734454,15.695633552968502,9.929814874198815,19,1.7272727272727273,6,0.5454545454545454,0,0.0,9.826489508292497,0.9895944317980394,1,0.09090909090909091,0.0,0.0,0.06818181818181818,0.7852852372269735
bayes_mean-fix-seed43,baseline_circle,0,13,1540568425,success,48,12.0,0.2149592939439473,0,0.0,0,0.7876122587964108,13.818790204823017,15.3677336871624,10.585711948928688,26,2.1666666666666665,9,0.75,1,0.08333333333333333,14.534895715251825,1.3730673747194497,3,0.25,0.12195121951219512,0.07317073170731707,0.10416666666666667,0.7297580253630755
bayes_mean-fix-seed43,baseline_circle,0,14,1540568426,success,42,10.5,0.20396000953048776,0,0.0,0,0.8752670603108292,13.920155486890248,15.158018469810486,8.541145642895126,21,2.0,6,0.5714285714285714,0,0.0,6.608143248249184,0.7736834757929819,4,0.38095238095238093,0.0,0.0,0.0,0.905779223872741
bayes_mean-fix-seed43,baseline_circle,0,15,1540568427,success,43,10.75,0.16985987093932686,0,0.0,2,0.4301262742078935,13.774092807326205,15.188319608569145,9.324366263582867,25,2.3255813953488373,11,1.0232558139534884,0,0.0,8.820004804139307,0.9459093041622155,1,0.09302325581395349,0.0,0.0,0.0,0.8300938730288667
bayes_mean-fix-seed43,baseline_circle,0,16,1540568428,success,40,10.0,0.46950407680812123,0,0.0,0,0.9541163067014546,14.065449312329292,15.990569442510605,9.518061160515007,17,1.7,5,0.5,0,0.0,7.222067779590699,0.7587750969231978,1,0.1,0.0,0.0,0.05,0.8173463920260474
bayes_mean-fix-seed43,baseline_circle,0,17,1540568429,success,42,10.5,0.1930086164181951,0,0.0,1,0.824123287230708,13.965865331036705,15.551542490720749,9.32580626678076,21,2.0,8,0.7619047619047619,0,0.0,10.477382484874957,1.1234827515339023,1,0.09523809523809523,0.0,0.0,0.023809523809523808,0.8432162679104054
bayes_mean-fix-seed43,baseline_circle,0,18,1540568430,success,41,10.25,0.19444882705606237,0,0.0,1,1.5980596201298436,13.938864193311552,15.93700796365738,8.511213905410727,25,2.4390243902439024,18,1.7560975609756098,0,0.0,12.860583271335752,1.5110163384755322,5,0.4878048780487805,0.0,0.0,0.0,0.9177593211476341
bayes_mean-fix-seed43,baseline_circle,0,19,1540568431,success,38,9.5,0.41739878285957543,0,0.0,0,1.891442814927818,14.045345842054015,15.769068524241447,9.37630585580355,7,0.7368421052631579,1,0.10526315789473684,0,0.0,3.337130707966433,0.35591103354429143,1,0.10526315789473684,0.0,0.0,0.0,0.844317282343618
bayes_mean-fix-seed43,baseline_circle,0,20,1540568432,success,48,12.0,0.19686240038743197,0,0.0,2,0.5492834127202776,13.80835248467823,15.57364109903574,10.678458956096907,17,1.4166666666666667,6,0.5,1,0.08333333333333333,11.995404644551682,1.1233273165977624,1,0.08333333333333333,0.12195121951219512,0.0,0.10416666666666667,0.7342024989843348
bayes_mean-fix-seed43,baseline_circle,0,21,1540568433,success,49,12.25,0.11402465592356736,0,0.0,2,0.45814156062979594,14.064261043558316,15.682568401098251,10.14324715674275,28,2.2857142857142856,11,0.8979591836734694,0,0.0,10.65171871905593,1.05012907153457,1,0.08163265306122448,0.0,0.0,0.02040816326530612,0.7706043404513129
bayes_mean-fix-seed43,baseline_circle,0,22,1540568434,success,47,11.75,0.45910076986629644,0,0.0,0,2.241096154828624,14.188506264001765,15.79851545393467,9.435160502826328,24,2.0425531914893615,15,1.2765957446808511,2,0.1702127659574468,13.259757841625802,1.4053558323309716,3,0.2553191489361702,0.0,0.0,0.0425531914893617,0.8220421451377823
bayes_mean-fix-seed43,baseline_circle,0,23,1540568435,success,41,10.25,0.27585352802955976,0,0.0,0,1.2142804037340609,13.656592678006103,15.348020941019058,8.305411316177164,19,1.853658536585366,9,0.8780487804878049,0,0.0,5.025613099962754,0.6051010490201654,3,0.2926829268292683,0.0,0.0,0.0,0.9308222304499433
bayes_mean-fix-seed43,baseline_circle,0,24,1540568436,timeout,101,25.25,0.17899524201197914,0,0.0,4,0.7288024169006434,14.512982551414188,15.871327370405197,15.272586424591939,80,3.1683168316831685,57,2.257425742574257,50,1.9801980198019802,169.2968906877094,11.085017689938054,51,2.01980198019802,0.48936170212765956,0.48936170212765956,0.25742574257425743,0.4727269861893325
bayes_mean-fix-seed43,baseline_circle,0,25,1540568437,success,42,10.5,0.3306731037533418,0,0.0,0,1.171245280828654,13.951594187390237,16.322102025151253,8.127088193226125,17,1.619047619047619,6,0.5714285714285714,0,0.0,4.593211479847268,0.5651730817533984,2,0.19047619047619047,0.0,0.0,0.0,0.9593598512270497
bayes_mean-fix-seed43,baseline_circle,0,26,1540568438,success,48,12.0,0.39250847021905244,0,0.0,0,1.2519881133580897,14.236703204611937,15.819254145026207,9.478693086883347,32,2.6666666666666665,13,1.0833333333333333,2,0.16666666666666666,19.520302920614093,2.0593875908511445,3,0.25,0.0,0.0,0.08333333333333333,0.8203417985909793
bayes_mean-fix-seed43,baseline_circle,0,27,1540568439,success,39,9.75,0.2771078492389445,0,0.0,0,0.7713785278538392,13.903229664533566,15.334591269493103,9.173812798985503,15,1.5384615384615385,6,0.6153846153846154,0,0.0,7.074398521779861,0.7711513932966009,1,0.10256410256410256,0.0,0.0,0.0,0.8597427443539716
bayes_mean-fix-seed43,baseline_circle,0,28,1540568440,success,44,11.0,0.2816374563591435,0,0.0,0,0.797022665716215,14.113510281524874,15.499209053814411,9.805464883026211,23,2.090909090909091,16,1.4545454545454546,1,0.09090909090909091,11.552387477223718,1.1781580593105303,1,0.09090909090909091,0.0,0.0,0.045454545454545456,0.7975385746137087
bayes_mean-fix-seed43,baseline_circle,0,29,1540568441,success,43,10.75,0.39728479128471306,0,0.0,0,1.5284877013321378,13.591413581094077,15.014823153614998,8.118420690391654,23,2.13953488372093,11,1.0232558139534884,0,0.0,6.141273256561734,0.7564615694072221,5,0.46511627906976744,0.0,0.0,0.0,0.9555147496068244
bayes_mean-fix-seed43,baseline_circle,0,30,1540568442,success,43,10.75,0.2998623939501387,0,0.0,0,1.4803479970035245,13.762325394985288,15.25191031396389,8.620696740272514,14,1.302325581395349,4,0.37209302325581395,0,0.0,5.954462447906239,0.690717076276367,3,0.27906976744186046,0.0,0.0,0.0,0.9045810034184936
bayes_mean-fix-seed43,baseline_circle,0,31,1540568443,success,40,10.0,0.15418669575886723,0,0.0,2,0.8485374737316281,13.809775840491056,15.29140342026949,8.764219883073691,18,1.8,6,0.6,0,0.0,7.290694812351827,0.831870367199746,3,0.3,0.0,0.0,0.0,0.8806041312872718
bayes_mean-fix-seed43,baseline_circle,0,32,1540568444,success,47,11.75,0.4144094506339687,0,0.0,0,2.118280475396604,13.979260671011945,16.253438964486122,8.56047175443236,24,2.0425531914893615,10,0.851063829787234,2,0.1702127659574468,12.076001453659615,1.4106700892280868,4,0.3404255319148936,0.0,0.0,0.06382978723404255,0.9095370614622614
bayes_mean-fix-seed43,baseline_circle,0,33,1540568445,success,43,10.75,0.33116070814888965,0,0.0,0,1.2468541885860447,14.179064437400463,16.365374252200127,8.483820352447387,31,2.883720930232558,17,1.5813953488372092,2,0.18604651162790697,10.400675053772154,1.2259423964313199,5,0.46511627906976744,0.0,0.0,0.0,0.9150475118199297
bayes_mean-fix-seed43,baseline_circle,0,34,1540568446,success,39,9.75,0.2786311389412859,0,0.0,0,1.4734914838184756,13.667404938202639,15.453299507498741,7.893616161498162,17,1.7435897435897436,8,0.8205128205128205,0,0.0,5.599168303506758,0.7093286763571323,5,0.5128205128205128,0.0,0.0,0.0,0.9769665371236932
bayes_mean-fix-seed43,baseline_circle,0,35,1540568447,success,44,11.0,0.4600650850123055,0,0.0,0,2.2295958124839754,13.930521820756523,15.406923927366734,7.913336669170991,20,1.8181818181818181,8,0.7272727272727273,0,0.0,4.147446265540528,0.5241084057118751,3,0.2727272727272727,0.0,0.0,0.0,0.9815156153356398
bayes_mean-fix-seed43,baseline_circle,0,36,1540568448,success,38,9.5,0.4673231271421058,0,0.0,0,2.809698129525227,14.196867907517834,15.846030972898006,9.365709518346101,15,1.5789473684210527,5,0.5263157894736842,0,0.0,5.62460775379394,0.6005532995419225,1,0.10526315789473684,0.0,0.0,0.0,0.8325262148639813
bayes_mean-fix-seed43,baseline_circle,0,37,1540568449,success,41,10.25,0.19640419750058347,0,0.0,1,1.3499498285607758,14.248904658526909,15.760362148284912,8.70415850779898,22,2.1463414634146343,10,0.975609756097561,1,0.0975609756097561,10.946271887849234,1.257591055820193,3,0.2926829268292683,0.0,0.0,0.0,0.900407711586685
bayes_mean-fix-seed43,baseline_circle,0,38,1540568450,success,43,10.75,0.19271047121694085,0,0.0,1,0.4091837313318864,14.03540407502374,15.463663265109062,9.508887829741512,31,2.883720930232558,16,1.4883720930232558,3,0.27906976744186046,16.668080484747577,1.7528948477669315,7,0.6511627906976745,0.05555555555555555,0.05555555555555555,0.09302325581395349,0.8098388948781522
bayes_mean-fix-seed43,baseline_circle,0,39,1540568451,success,40,10.0,0.17980502255338615,0,0.0,2,1.1805817664998135,14.134119730442762,15.82862790673971,9.090537539009045,19,1.9,7,0.7,0,0.0,5.6854483764442465,0.6254248829672634,1,0.1,0.0,0.0,0.0,0.8587119010469033
bayes_mean-fix-seed43,baseline_circle,0,40,1540568452,success,41,10.25,0.1796439254904454,0,0.0,2,1.0042285108762923,14.052594671162163,15.619229525327682,9.633395150408992,22,2.1463414634146343,11,1.0731707317073171,0,0.0,7.494300613036778,0.7779500888343195,1,0.0975609756097561,0.0,0.0,0.0,0.8037289004442337
bayes_mean-fix-seed43,baseline_circle,0,41,1540568453,success,45,11.25,0.21272287855371097,0,0.0,0,0.4696781845004037,14.375224626726574,15.81745520234108,9.386539840167774,22,1.9555555555555555,16,1.4222222222222223,1,0.08888888888888889,10.486802059257439,1.1172170190320099,1,0.08888888888888889,0.0,0.0,0.022222222222222223,0.8311149717682778
bayes_mean-fix-seed43,baseline_circle,0,42,1540568454,success,42,10.5,0.2402003711441223,0,0.0,0,0.6638764532137851,13.657468504139356,15.324480086565018,9.728380203567019,18,1.7142857142857142,6,0.5714285714285714,1,0.09523809523809523,9.498200839581415,0.9763393947225453,1,0.09523809523809523,0.08571428571428572,0.0,0.11904761904761904,0.8023507914715227
bayes_mean-fix-seed43,baseline_circle,0,43,1540568455,success,45,11.25,0.5920019785411014,0,0.0,0,2.680971901529706,14.157522552543217,15.304628014564514,8.465480237258017,19,1.6888888888888889,6,0.5333333333333333,1,0.08888888888888889,7.44932943210047,0.8799653679793268,4,0.35555555555555557,0.0,0.0,0.0,0.9123772559071616
bayes_mean-fix-seed43,baseline_circle,0,44,1540568456,success,53,13.25,0.12929410321219992,0,0.0,3,2.294876935513959,14.383539135725993,15.838473290205002,10.018668486722124,29,2.188679245283019,12,0.9056603773584906,1,0.07547169811320754,13.8624854910941,1.3836654550917857,4,0.3018867924528302,0.0,0.0,0.03773584905660377,0.7783455889621018
bayes_mean-fix-seed43,baseline_circle,0,45,1540568457,success,52,13.0,0.2349037342625525,0,0.0,0,0.774146909033716,13.993394202910936,15.66272471100092,9.996970463567976,36,2.769230769230769,12,0.9230769230769231,9,0.6923076923076923,31.124448702545866,3.113388082516888,7,0.5384615384615384,0.0,0.0,0.11538461538461539,0.7768411565790103
bayes_mean-fix-seed43,baseline_circle,0,46,1540568458,success,44,11.0,0.21052057132900703,0,0.0,0,0.6447716782810603,14.113990420644933,15.778161771595478,9.479674616013979,25,2.272727272727273,13,1.1818181818181819,1,0.09090909090909091,12.7244382537004,1.342286393691726,3,0.2727272727272727,0.0,0.0,0.022727272727272728,0.8180260757434056
bayes_mean-fix-seed43,baseline_circle,0,47,1540568459,success,39,9.75,0.18437647838293258,0,0.0,1,0.4891878900318643,13.698942672747831,15.177932754158974,8.336100767408894,18,1.8461538461538463,8,0.8205128205128205,1,0.10256410256410256,8.036761936359467,0.9640912652807974,3,0.3076923076923077,0.0,0.0,0.0,0.9427700974453491
bayes_mean-fix-seed43,baseline_circle,0,48,1540568460,success,48,12.0,0.26615081143780706,0,0.0,0,0.6465338884603282,14.88723186776042,16.23581163585186,10.116799862176865,26,2.1666666666666665,10,0.8333333333333334,3,0.25,18.015557951988587,1.7807565828540686,3,0.25,0.0,0.0,0.14583333333333334,0.766120919313264
bayes_mean-fix-seed43,baseline_circle,0,49,1540568461,success,42,10.5,0.18786234758296372,0,0.0,1,0.6977951917447368,14.115011053425926,15.451553650200367,9.397757900050381,24,2.2857142857142856,15,1.4285714285714286,3,0.2857142857142857,13.131328534745414,1.3972831258693115,3,0.2857142857142857,0.0,0.0,0.023809523809523808,0.8326242637129003
bayes_mean-fix-seed43,baseline_circle,0,50,1540568462,success,37,9.25,0.2634973660797927,0,0.0,0,0.8606819954248952,13.794281494778556,15.225216001272202,9.038252545959024,16,1.7297297297297298,9,0.972972972972973,0,0.0,4.862048496097688,0.5379412083668204,1,0.10810810810810811,0.0,0.0,0.0,0.8667757035210105
bayes_mean-fix-seed43,baseline_circle,0,51,1540568463,success,46,11.5,0.20356564817918055,0,0.0,0,0.5129594954447081,14.367254126978958,15.638565644621849,9.485142500436554,29,2.5217391304347827,13,1.1304347826086956,2,0.17391304347826086,16.689829159156844,1.7595760062000854,3,0.2608695652173913,0.0,0.0,0.043478260869565216,0.8262927423190267
bayes_mean-fix-seed43,baseline_circle,0,52,1540568464,success,44,11.0,0.18171886840410623,0,0.0,1,0.36149836056239376,14.070156199688261,16.11274853348732,9.542717096193034,29,2.6363636363636362,13,1.1818181818181819,1,0.09090909090909091,12.407864999612624,1.3002444560116542,5,0.45454545454545453,0.0,0.0,0.06818181818181818,0.8165113975445903
bayes_mean-fix-seed43,baseline_circle,0,53,1540568465,success,50,12.5,0.15945665797537878,0,0.0,2,0.6687187984563994,14.09700833261013,15.794029086828232,10.072929092803415,35,2.8,15,1.2,5,0.4,25.965572433329648,2.577757888902514,7,0.56,0.0,0.0,0.04,0.7803718240668308
bayes_mean-fix-seed43,baseline_circle,0,54,1540568466,success,47,11.75,0.17964860122555393,0,0.0,2,0.8762225631377509,13.840543225090554,16.053752973675724,10.133649373854043,26,2.2127659574468086,15,1.2765957446808511,4,0.3404255319148936,18.219264410369224,1.7978976514992693,3,0.2553191489361702,0.0,0.0,0.0425531914893617,0.7634441253018779
bayes_mean-fix-seed43,baseline_circle,0,55,1540568467,success,43,10.75,0.14520122185322326,0,0.0,2,0.6086052624648375,14.055498290893643,15.946396067738533,9.183131393466715,22,2.046511627906977,10,0.9302325581395349,2,0.18604651162790697,12.3960401997515,1.3498707215025356,4,0.37209302325581395,0.0,0.0,0.046511627906976744,0.8448033204657074
bayes_mean-fix-seed43,baseline_circle,0,56,1540568468,success,40,10.0,0.18734012082554397,0,0.0,2,0.6041135768987832,13.977811858057976,16.101733222603798,9.11474659378904,18,1.8,11,1.1,1,0.1,10.347604326189813,1.1352596827256687,4,0.4,0.0,0.0,0.025,0.8632401901753196
bayes_mean-fix-seed43,baseline_circle,0,57,1540568469,success,39,9.75,0.22839212109064266,0,0.0,0,0.6031659101786001,14.061875259264921,16.0783339291811,9.325898093913493,21,2.1538461538461537,12,1.2307692307692308,0,0.0,7.566516693317822,0.8113445608263805,1,0.10256410256410256,0.0,0.0,0.0,0.8432715034832197
bayes_mean-fix-seed43,baseline_circle,0,58,1540568470,success,38,9.5,0.2140374447485004,0,0.0,0,0.8783888769144224,14.157574427755256,15.24897776544094,8.794045854967688,18,1.894736842105263,11,1.1578947368421053,0,0.0,10.46418825372063,1.189917408471266,4,0.42105263157894735,0.0,0.0,0.0,0.8821493321255051
bayes_mean-fix-seed43,baseline_circle,0,59,1540568471,success,41,10.25,0.2243150863365948,0,0.0,0,1.0529641800827163,13.66003402849523,15.536084771156311,9.335621043117026,18,1.7560975609756098,9,0.8780487804878049,0,0.0,8.893760034941879,0.9526693504230312,1,0.0975609756097561,0.0,0.0,0.024390243902439025,0.8284395342734693
bayes_mean-fix-seed43,baseline_circle,0,60,1540568472,success,38,9.5,0.8055943142646463,0,0.0,0,1.7293535291950213,13.760958161008986,15.723597072064877,9.346474237969424,13,1.368421052631579,6,0.631578947368421,0,0.0,5.149579343335263,0.5509649106414312,1,0.10526315789473684,0.0,0.0,0.0,0.8253801385646163
bayes_mean-fix-seed43,baseline_circle,0,61,1540568473,success,43,10.75,0.2673652150155902,0,0.0,0,0.805649142607758,13.913492217313411,15.59373214840889,8.428042308013216,26,2.4186046511627906,6,0.5581395348837209,0,0.0,9.134851376316686,1.083863967748649,4,0.37209302325581395,0.0,0.0,0.0,0.9189682558989741
bayes_mean-fix-seed43,baseline_circle,0,62,1540568474,success,45,11.25,0.2972032698237136,0,0.0,0,1.0267481139982608,14.110535383224487,15.4984749853611,8.41584713144993,16,1.4222222222222223,5,0.4444444444444444,0,0.0,6.248522563471761,0.7424710152019159,2,0.17777777777777778,0.0,0.0,0.0,0.9284693553583063
bayes_mean-fix-seed43,baseline_circle,0,63,1540568475,success,42,10.5,0.20196636336838614,0,0.0,0,0.7058677941526375,14.077514676111084,15.819208696484566,9.357217222619015,18,1.7142857142857142,7,0.6666666666666666,0,0.0,8.812534461957622,0.9417900912522643,5,0.47619047619047616,0.0,0.0,0.0,0.8357076910252885
bayes_mean-fix-seed43,baseline_circle,0,64,1540568476,success,45,11.25,0.484931762673645,0,0.0,0,1.4894786167192064,14.176672365930346,16.566789150238037,8.395483380167652,17,1.511111111111111,9,0.8,1,0.08888888888888889,9.88436693319115,1.1773433983015955,3,0.26666666666666666,0.0,0.0,0.022222222222222223,0.9243283922105258
bayes_mean-fix-seed43,baseline_circle,0,65,1540568477,success,42,10.5,0.24612258367070317,0,0.0,0,1.620826090510764,14.016411045477504,15.561593137681484,8.44475591531343,20,1.9047619047619047,10,0.9523809523809523,1,0.09523809523809523,8.578719259299564,1.0158634950884975,3,0.2857142857142857,0.0,0.0,0.023809523809523808,0.9212294159001151
bayes_mean-fix-seed43,baseline_circle,0,66,1540568478,success,57,14.25,0.26875215600484204,0,0.0,0,1.4937691908137978,14.547074834505716,16.078685224056244,11.10844677719778,34,2.3859649122807016,15,1.0526315789473684,9,0.631578947368421,26.832177547993858,2.415475186240443,3,0.21052631578947367,0.22,0.2,0.17543859649122806,0.6991561539790597
bayes_mean-fix-seed43,baseline_circle,0,67,1540568479,success,46,11.5,0.20772884435949035,0,0.0,0,1.6855135804867083,14.107208618003389,15.526003204286098,10.301350185757967,22,1.9130434782608696,9,0.782608695652174,1,0.08695652173913043,12.483810109910376,1.2118615409434141,1,0.08695652173913043,0.0,0.0,0.08695652173913043,0.7536202087119288
bayes_mean-fix-seed43,baseline_circle,0,68,1540568480,success,46,11.5,0.257806441870017,0,0.0,0,0.9637144091537707,14.346045077494953,15.665757469832897,9.784229329763937,28,2.4347826086956523,15,1.3043478260869565,3,0.2608695652173913,21.484743313083232,2.195854429507898,3,0.2608695652173913,0.0,0.0,0.043478260869565216,0.7943151165346114
bayes_mean-fix-seed43,baseline_circle,0,69,1540568481,success,45,11.25,0.20687642580087284,0,0.0,0,0.45919270779317384,13.966528160704506,15.458643436431885,9.13076041253339,25,2.2222222222222223,10,0.8888888888888888,1,0.08888888888888889,11.811503184592276,1.2935946899208033,2,0.17777777777777778,0.0,0.0,0.022222222222222223,0.8496085462584546
bayes_mean-fix-seed43,baseline_circle,0,70,1540568482,success,51,12.75,0.22013045243505613,0,0.0,0,2.3694015736144505,13.956219250080633,15.502853319048882,9.852116352385922,29,2.2745098039215685,13,1.0196078431372548,2,0.1568627450980392,15.777445896796301,1.6014270774396022,5,0.39215686274509803,0.0,0.0,0.0392156862745098,0.7958395456849153
bayes_mean-fix-seed43,baseline_circle,0,71,1540568483,success,47,11.75,0.22399985844453396,0,0.0,0,0.8565020521129022,14.013135132003338,15.761695057153702,9.156045553406644,23,1.9574468085106382,15,1.2765957446808511,1,0.0851063829787234,11.721668057349536,1.2802107622748025,2,0.1702127659574468,0.05,0.0,0.0851063829787234,0.8476626244843664
bayes_mean-fix-seed43,baseline_circle,0,72,1540568484,success,46,11.5,0.31689098699141793,0,0.0,0,2.1379778825682254,14.168173641614292,15.846914611756802,9.3499739665014,27,2.347826086956522,14,1.2173913043478262,2,0.17391304347826086,12.296683039942462,1.315156928136739,5,0.43478260869565216,0.0,0.0,0.043478260869565216,0.8317173649147892
bayes_mean-fix-seed43,baseline_circle,0,73,1540568485,success,42,10.5,0.2746783855128845,0,0.0,0,0.8199115726912612,14.09928607089179,15.630029141902924,9.267638235461764,24,2.2857142857142856,10,0.9523809523809523,2,0.19047619047619047,11.567892121428526,1.2482028136537584,3,0.2857142857142857,0.0,0.0,0.047619047619047616,0.8366853254386803
bayes_mean-fix-seed43,baseline_circle,0,74,1540568486,success,45,11.25,0.25613454932794844,0,0.0,0,1.1477165636970916,13.963492297463947,15.544290840625763,8.918678698198178,18,1.6,6,0.5333333333333333,0,0.0,7.481485378489116,0.8388558027099445,2,0.17777777777777778,0.0,0.0,0.0,0.8678760695708663
bayes_mean-fix-seed43,baseline_circle,0,75,1540568487,success,42,10.5,0.19399070995543544,0,0.0,1,0.5270594171166291,13.662796467542648,15.454043820500374,8.241393076252605,19,1.8095238095238095,8,0.7619047619047619,0,0.0,6.886163412663028,0.8355581816022535,3,0.2857142857142857,0.0,0.0,0.0,0.9416523405147368
bayes_mean-fix-seed43,baseline_circle,0,76,1540568488,success,44,11.0,0.33125934717106575,0,0.0,0,1.0992023961652193,13.81622754376043,14.93250709027052,8.65587661393109,27,2.4545454545454546,13,1.1818181818181819,3,0.2727272727272727,18.72983546668727,2.163828841615276,5,0.45454545454545453,0.0,0.0,0.045454545454545456,0.8938266219049481
bayes_mean-fix-seed43,baseline_circle,0,77,1540568489,success,42,10.5,0.1911938543896533,0,0.0,2,0.4473321877513705,14.009599263469378,14.983456581830978,8.944035467831773,25,2.380952380952381,13,1.2380952380952381,1,0.09523809523809523,9.054816782506968,1.012386054938359,3,0.2857142857142857,0.0,0.0,0.023809523809523808,0.8723509185468958
bayes_mean-fix-seed43,baseline_circle,0,78,1540568490,success,43,10.75,0.20433782564869485,0,0.0,0,1.0201877915756552,13.910118057284244,15.32476618885994,8.860563049785448,25,2.3255813953488373,14,1.302325581395349,0,0.0,12.197134778275036,1.3765643006818151,1,0.09302325581395349,0.0,0.0,0.023255813953488372,0.8895686598729173
bayes_mean-fix-seed43,baseline_circle,0,79,1540568491,success,50,12.5,0.20736189265605376,0,0.0,0,1.2422695171939668,14.227251932024956,15.939673408865929,10.458915742564358,33,2.64,15,1.2,0,0.0,13.721396225115942,1.3119329539365499,3,0.24,0.0,0.0,0.02,0.7453959844769035
bayes_mean-fix-seed43,baseline_circle,0,80,1540568492,success,39,9.75,0.3767991739428965,0,0.0,0,1.6708933962660837,13.96658290655185,15.287855640053749,9.154029249371286,17,1.7435897435897436,7,0.717948717948718,0,0.0,7.816254051099516,0.8538594140538004,1,0.10256410256410256,0.0,0.0,0.02564102564102564,0.8508713328062845
bayes_mean-fix-seed43,baseline_circle,0,81,1540568493,success,49,12.25,0.373624381403317,0,0.0,0,2.583040981955122,14.30297810204175,15.740416944026947,8.668629583711102,24,1.9591836734693877,10,0.8163265306122449,5,0.40816326530612246,16.2527261968523,1.8748899165552293,5,0.40816326530612246,0.047619047619047616,0.0,0.10204081632653061,0.8973877856812701
bayes_mean-fix-seed43,baseline_circle,0,82,1540568494,success,56,14.0,0.33759226547284904,0,0.0,0,1.1023032034384175,14.425880874374084,15.908044762909412,10.554448674042053,38,2.7142857142857144,21,1.5,10,0.7142857142857143,37.50990697509672,3.553942809665632,11,0.7857142857142857,0.02040816326530612,0.02040816326530612,0.16071428571428573,0.7381096546729516
bayes_mean-fix-seed43,baseline_circle,0,83,1540568495,success,45,11.25,0.22572744427350588,0,0.0,0,0.7265074158834639,14.173037889930937,15.766048431396484,8.799988730300067,27,2.4,12,1.0666666666666667,3,0.26666666666666666,13.284842458095124,1.5096431217409219,5,0.4444444444444444,0.0,0.0,0.044444444444444446,0.8821310780927142
bayes_mean-fix-seed43,baseline_circle,0,84,1540568496,success,40,10.0,0.2378677740282159,0,0.0,0,0.9409494202893756,14.178390242159367,15.400229394435883,8.798124186788677,25,2.5,14,1.4,0,0.0,10.642719978788719,1.2096578489730687,3,0.3,0.0,0.0,0.0,0.8892308154237838
bayes_mean-fix-seed43,baseline_circle,0,85,1540568497,success,43,10.75,0.23892431796090818,0,0.0,0,0.7579892614674094,13.945339637440304,15.853112190961838,8.776793003833737,15,1.3953488372093024,5,0.46511627906976744,0,0.0,5.4836723090694255,0.6247922568840505,1,0.09302325581395349,0.0,0.0,0.0,0.8879653142720433
bayes_mean-fix-seed43,baseline_circle,0,86,1540568498,success,54,13.5,0.15972899384967754,0,0.0,5,0.3920841998964687,14.24507789865688,15.9553499892354,12.636573312385357,19,1.4074074074074074,7,0.5185185185185185,6,0.4444444444444444,21.365930531730836,1.6908009793121417,4,0.2962962962962963,0.2127659574468085,0.14893617021276595,0.16666666666666666,0.610372702725983
bayes_mean-fix-seed43,baseline_circle,0,87,1540568499,success,40,10.0,0.20846286962462734,0,0.0,0,0.4521268937376,13.975960202515125,15.525302104651928,8.380110149469505,25,2.5,20,2.0,3,0.3,13.98676676714969,1.6690433082237122,7,0.7,0.0,0.0,0.0,0.9267328225513725
bayes_mean-fix-seed43,baseline_circle,0,88,1540568500,success,44,11.0,0.2197452143949905,0,0.0,0,0.5548513762333553,13.768340376290409,15.408403612673283,8.465443689921226,21,1.9090909090909092,14,1.2727272727272727,2,0.18181818181818182,11.01808586509591,1.3015367260919595,2,0.18181818181818182,0.0,0.0,0.045454545454545456,0.9129086499930626
bayes_mean-fix-seed43,baseline_circle,0,89,1540568501,success,45,11.25,0.22961738664103937,0,0.0,0,0.8940496156880913,14.292611430088678,15.743900835514069,10.116059611679889,21,1.8666666666666667,9,0.8,0,0.0,11.49215352254365,1.1360306249357148,1,0.08888888888888889,0.10526315789473684,0.0,0.13333333333333333,0.7726524613383013
bayes_mean-fix-seed43,baseline_circle,0,90,1540568502,success,47,11.75,0.41768607846311123,0,0.0,0,1.18413932724547,14.389007332477163,15.855978056788445,8.120134940433765,23,1.9574468085106382,9,0.7659574468085106,1,0.0851063829787234,7.117376209890934,0.8765095976977366,2,0.1702127659574468,0.0,0.0,0.02127659574468085,0.95597760474118
bayes_mean-fix-seed43,baseline_circle,0,91,1540568503,success,42,10.5,0.34961183048604005,0,0.0,0,0.8269061564799645,14.355092176369258,15.719463862478733,9.175440621776508,20,1.9047619047619047,7,0.6666666666666666,2,0.19047619047619047,9.617550878319033,1.04818408998182,4,0.38095238095238093,0.0,0.0,0.023809523809523808,0.8476244860627468
bayes_mean-fix-seed43,baseline_circle,0,92,1540568504,success,38,9.5,0.20627577008298315,0,0.0,0,1.6237654399024266,13.87206170904009,15.535777807235718,9.088170506544353,12,1.263157894736842,5,0.5263157894736842,0,0.0,5.517810993522166,0.6071421073745055,1,0.10526315789473684,0.0,0.0,0.0,0.8600399803759499
bayes_mean-fix-seed43,baseline_circle,0,93,1540568505,success,44,11.0,0.20060865532299843,0,0.0,0,0.6217322385956687,13.905252837999301,15.420695394277573,8.70030764305222,26,2.3636363636363638,10,0.9090909090909091,2,0.18181818181818182,14.637051293012746,1.6823601984582022,3,0.2727272727272727,0.0,0.0,0.06818181818181818,0.9024295977493278
bayes_mean-fix-seed43,baseline_circle,0,94,1540568506,success,45,11.25,0.2982356681939744,0,0.0,0,0.48933159564224255,14.004275368319618,15.568815916776655,9.59365349417219,23,2.0444444444444443,10,0.8888888888888888,2,0.17777777777777778,12.885252321617184,1.3431017004569246,3,0.26666666666666666,0.0,0.0,0.1111111111111111,0.8174921389139737
bayes_mean-fix-seed43,baseline_circle,0,95,1540568507,success,45,11.25,0.2568274773171878,0,0.0,0,1.8034913807112682,14.05386378367742,15.57864025235176,8.641395162223997,29,2.577777777777778,18,1.6,7,0.6222222222222222,22.349105491410786,2.586284398740411,7,0.6222222222222222,0.0,0.0,0.06666666666666667,0.8927477803904187
bayes_mean-fix-seed43,baseline_circle,0,96,1540568508,success,41,10.25,0.2004394821347767,0,0.0,0,0.3520483303938403,14.188346612017328,15.897523611783981,9.078205107044422,24,2.341463414634146,16,1.5609756097560976,0,0.0,10.78566382940324,1.1880832942443524,1,0.0975609756097561,0.0,0.0,0.0,0.854998854992392
bayes_mean-fix-seed43,baseline_circle,0,97,1540568509,success,49,12.25,0.29493913964980767,0,0.0,0,1.9068691139684708,14.182092811988324,15.950457751750946,7.94877925938428,24,1.9591836734693877,8,0.6530612244897959,2,0.16326530612244897,11.825186649472775,1.487673297193658,5,0.40816326530612246,0.0,0.0,0.02040816326530612,0.9761473807935848
bayes_mean-fix-seed43,baseline_circle,0,98,1540568510,success,46,11.5,0.21540253542158105,0,0.0,0,1.5946207160021677,14.385788903936096,15.70209488272667,10.09202418712482,28,2.4347826086956523,12,1.0434782608695652,3,0.2608695652173913,16.992771083064433,1.6837822391214075,3,0.2608695652173913,0.0,0.0,0.06521739130434782,0.7776810165470155
bayes_mean-fix-seed43,baseline_circle,0,99,1540568511,success,45,11.25,0.5047082334856882,0,0.0,0,1.0401705490590882,14.268296046389473,15.778674185276031,8.825285708937418,30,2.6666666666666665,15,1.3333333333333333,4,0.35555555555555557,17.867896982133924,2.024625329017847,4,0.35555555555555557,0.0,0.0,0.044444444444444446,0.8792679462687482
bayes_mean-fix-seed43,baseline_circle,0,100,1540568512,success,38,9.5,0.2815800866988811,0,0.0,0,0.8125493115677859,13.734793878699604,15.55291023105383,9.34032544176433,12,1.263157894736842,4,0.42105263157894735,0,0.0,4.989353222489246,0.5341733811736209,1,0.10526315789473684,0.0,0.0,0.0,0.8475768849472272
bayes_mean-fix-seed43,baseline_circle,0,101,1540568513,success,45,11.25,0.18830409734637943,0,0.0,2,0.43257228819213706,14.109299166335,15.762623399496078,9.592025909153234,24,2.1333333333333333,13,1.1555555555555554,2,0.17777777777777778,15.367099719795016,1.602070288939784,1,0.08888888888888889,0.0,0.0,0.022222222222222223,0.8065898626329705
bayes_mean-fix-seed43,baseline_circle,0,102,1540568514,success,38,9.5,0.26150524523109653,0,0.0,0,1.449689543966832,13.865689305882706,15.52673876285553,9.070008870684923,16,1.6842105263157894,7,0.7368421052631579,0,0.0,5.994349436700848,0.6608978582231733,1,0.10526315789473684,0.0,0.0,0.0,0.8690131357203018
bayes_mean-fix-seed43,baseline_circle,0,103,1540568515,success,44,11.0,0.26256865824796727,0,0.0,0,1.6805585846107602,14.222766103392297,15.815268643200397,8.507800032359174,24,2.1818181818181817,12,1.0909090909090908,2,0.18181818181818182,10.326524853886191,1.213771458498031,6,0.5454545454545454,0.0,0.0,0.045454545454545456,0.9093839613491014
bayes_mean-fix-seed43,baseline_circle,0,104,1540568516,success,47,11.75,0.16677364272830153,0,0.0,4,0.5949610250959682,14.085318100579242,15.60462936758995,9.898170064593787,30,2.5531914893617023,11,0.9361702127659575,3,0.2553191489361702,15.330678934654351,1.5488397183124687,8,0.6808510638297872,0.0,0.0,0.0425531914893617,0.7842012073989272
bayes_mean-fix-seed43,baseline_circle,0,105,1540568517,success,42,10.5,0.2114630600893772,0,0.0,0,1.653320569913104,14.155649003528413,15.820631571114061,9.041739957287463,26,2.4761904761904763,18,1.7142857142857142,2,0.19047619047619047,16.953537096952985,1.8750303787811073,5,0.47619047619047616,0.0,0.0,0.0,0.8603826098697417
bayes_mean-fix-seed43,baseline_circle,0,106,1540568518,success,38,9.5,0.1984876178184355,0,0.0,1,0.7892655583289127,13.93442022565164,15.21000824868679,8.691792532123186,20,2.1052631578947367,12,1.263157894736842,0,0.0,6.997052546000163,0.8050183572767537,1,0.10526315789473684,0.0,0.0,0.0,0.8869082192613899
bayes_mean-fix-seed43,baseline_circle,0,107,1540568519,success,62,15.5,0.3342333974216012,0,0.0,0,2.8994766949785395,14.424660934075233,15.972228161990643,11.274929477946156,36,2.3225806451612905,14,0.9032258064516129,10,0.6451612903225806,30.6858423231147,2.7215994905455,8,0.5161290322580645,0.2545454545454545,0.05454545454545454,0.16129032258064516,0.6917047718356456
bayes_mean-fix-seed43,baseline_circle,0,108,1540568520,success,44,11.0,0.18656865629759067,0,0.0,1,0.46549795667753685,14.266476289115168,16.357803530991077,8.659320946714548,21,1.9090909090909092,11,1.0,3,0.2727272727272727,13.624261355479874,1.5733637128496878,9,0.8181818181818182,0.0,0.0,0.022727272727272728,0.8899598159483884
bayes_mean-fix-seed43,baseline_circle,0,109,1540568521,success,46,11.5,0.4034041790663486,0,0.0,0,2.140961673186023,13.967294893834902,15.433288179337978,8.488079486770227,18,1.565217391304348,5,0.43478260869565216,2,0.17391304347826086,7.538776431779906,0.8881604423627356,5,0.43478260869565216,0.0,0.0,0.021739130434782608,0.9145775603503294
bayes_mean-fix-seed43,baseline_circle,0,110,1540568522,success,40,10.0,0.2122092817454918,0,0.0,0,1.627675116813812,14.15483420714736,16.327753849327564,8.291884481642647,19,1.9,12,1.2,0,0.0,9.397040725562722,1.1332816739508098,3,0.3,0.0,0.0,0.0,0.9391900434117868
bayes_mean-fix-seed43,baseline_circle,0,111,1540568523,success,48,12.0,0.21271521508573954,0,0.0,0,1.2836763061349308,14.620794837052623,16.00475274026394,8.434364055178524,26,2.1666666666666665,12,1.0,1,0.08333333333333333,10.365584662402178,1.2289705062040719,1,0.08333333333333333,0.07317073170731707,0.0,0.041666666666666664,0.9219687278197879
bayes_mean-fix-seed43,baseline_circle,0,112,1540568524,success,43,10.75,0.18693212259236547,0,0.0,1,0.5825506365042665,14.166653416184491,16.25116541981697,9.257270509216273,26,2.4186046511627906,15,1.3953488372093024,1,0.09302325581395349,15.962944965091902,1.7243684247100322,3,0.27906976744186046,0.0,0.0,0.023255813953488372,0.8396771405616685
bayes_mean-fix-seed43,baseline_circle,0,113,1540568525,success,38,9.5,0.18423500653779756,0,0.0,1,0.6038063145629189,14.02093166191327,15.89110381901264,9.061040220400526,15,1.5789473684210527,5,0.5263157894736842,0,0.0,5.151067450945021,0.5684852208632319,1,0.10526315789473684,0.0,0.0,0.0,0.8571886100463434
bayes_mean-fix-seed43,baseline_circle,0,114,1540568526,success,41,10.25,0.19638700294413258,0,0.0,2,0.35072033383283113,14.010114731585107,15.54860919713974,8.1509440538288,19,1.853658536585366,7,0.6829268292682927,0,0.0,5.44461757626534,0.6679738617157852,4,0.3902439024390244,0.0,0.0,0.0,0.9728413693878523
bayes_mean-fix-seed43,baseline_circle,0,115,1540568527,success,39,9.75,0.7525259370039835,0,0.0,0,2.079155960119075,13.945840012568693,15.783001109957695,9.619679548994384,11,1.1282051282051282,4,0.41025641025641024,0,0.0,4.601779272163638,0.47837136868500946,1,0.10256410256410256,0.0,0.0,0.0,0.8143855740626512
bayes_mean-fix-seed43,baseline_circle,0,116,1540568528,success,49,12.25,0.3734358663642471,0,0.0,0,1.1330748012000003,13.979254100395709,15.425729006528854,10.363343770888676,30,2.4489795918367347,16,1.3061224489795917,5,0.40816326530612246,20.04608997665943,1.9343264509829574,1,0.08163265306122448,0.0,0.0,0.08163265306122448,0.7489267232728989
bayes_mean-fix-seed43,baseline_circle,0,117,1540568529,success,39,9.75,0.22829218959446096,0,0.0,0,0.3903387646794627,13.45417925562614,15.19719734787941,9.293537340064631,16,1.641025641025641,10,1.0256410256410255,0,0.0,7.192215290450683,0.7738942694559255,1,0.10256410256410256,0.0,0.0,0.0,0.8366923978172518
bayes_mean-fix-seed43,baseline_circle,0,118,1540568530,success,41,10.25,0.20981170288276063,0,0.0,0,0.853377873227628,13.92895610230725,16.13875851035118,8.173507093299357,24,2.341463414634146,10,0.975609756097561,0,0.0,6.854772060907078,0.8386573820345274,4,0.3902439024390244,0.0,0.0,0.0,0.9470234442810407
bayes_mean-fix-seed43,baseline_circle,0,119,1540568531,success,44,11.0,0.23472884196073396,0,0.0,0,1.122985756212657,14.134778048504483,15.339415706694126,8.137419860351132,21,1.9090909090909092,12,1.0909090909090908,0,0.0,7.654616958894519,0.9406687980045091,4,0.36363636363636365,0.0,0.0,0.0,0.9595227725015412
bayes_mean-fix-seed43,baseline_circle,0,120,1540568532,success,41,10.25,0.21541657697805527,0,0.0,0,0.6883734412968708,13.915035510208549,15.76298102736473,8.054743880085049,16,1.5609756097560976,6,0.5853658536585366,0,0.0,5.591184582031238,0.6941480282017609,3,0.2926829268292683,0.0,0.0,0.0,0.976576933185538
bayes_mean-fix-seed43,baseline_circle,0,121,1540568533,success,44,11.0,0.20227365309392253,0,0.0,0,0.7107843802196219,14.203126118941741,16.20529480278492,8.492648009801409,23,2.090909090909091,12,1.0909090909090908,1,0.09090909090909091,11.922798809784364,1.4038964991866143,5,0.45454545454545453,0.0,0.0,0.022727272727272728,0.9280944526963426
bayes_mean-fix-seed43,baseline_circle,0,122,1540568534,success,49,12.25,0.30744108489854194,0,0.0,0,1.425991280770295,14.119661052008064,15.8388651907444,8.097614544373325,25,2.0408163265306123,11,0.8979591836734694,0,0.0,9.201143957526044,1.1362783332184554,6,0.4897959183673469,0.0,0.0,0.0,0.9605474623552237
bayes_mean-fix-seed43,baseline_circle,0,123,1540568535,success,53,13.25,0.6056379765887722,0,0.0,0,1.7610842642223772,14.252112440343174,15.934870392084122,9.876625330969492,28,2.1132075471698113,15,1.1320754716981132,2,0.1509433962264151,13.08501095872985,1.324846343791136,3,0.22641509433962265,0.0,0.0,0.018867924528301886,0.782992221031842
bayes_mean-fix-seed43,baseline_circle,0,124,1540568536,success,39,9.75,0.1948031090913661,0,0.0,1,0.7487036893202069,14.091374782415537,15.367953851819038,9.22666278294096,12,1.2307692307692308,6,0.6153846153846154,0,0.0,4.509134063844516,0.4887069322812347,3,0.3076923076923077,0.0,0.0,0.0,0.8413152787835856
bayes_mean-fix-seed43,baseline_circle,0,125,1540568537,success,40,10.0,0.20008594378395328,0,0.0,0,0.6190894280129657,14.013605378568172,15.311545319855213,9.572700026316516,16,1.6,5,0.5,1,0.1,8.102398193053347,0.8464067787331546,2,0.2,0.06060606060606061,0.0,0.1,0.8105406594812351
bayes_mean-fix-seed43,baseline_circle,0,126,1540568538,success,47,11.75,0.17223214780064533,0,0.0,2,0.5842605772563425,14.059006533724196,15.75741097331047,9.102645780996179,32,2.723404255319149,15,1.2765957446808511,0,0.0,13.907461498968416,1.527848257921161,7,0.5957446808510638,0.0,0.0,0.0,0.8534748727061819
bayes_mean-fix-seed43,baseline_circle,0,127,1540568539,success,42,10.5,0.20578790306941486,0,0.0,0,0.612940586187757,14.039430323810805,15.343601256608963,9.315862608264853,19,1.8095238095238095,6,0.5714285714285714,0,0.0,6.62319479203142,0.7109588312471944,1,0.09523809523809523,0.0,0.0,0.023809523809523808,0.8314540011277083
bayes_mean-fix-seed43,baseline_circle,0,128,1540568540,success,47,11.75,0.19085726808474124,0,0.0,1,0.8022063350211547,14.164356316657777,16.22664369642734,10.263425439105081,26,2.2127659574468086,10,0.851063829787234,1,0.0851063829787234,14.088731303968999,1.3727123938844987,5,0.425531914893617,0.1,0.0,0.0851063829787234,0.7642535695504092
bayes_mean-fix-seed43,baseline_circle,0,129,1540568541,success,48,12.0,0.2096595742324462,0,0.0,0,0.8827500756032544,14.242238365113735,15.849322453141212,8.844966052273024,27,2.25,12,1.0,0,0.0,12.6162162072789,1.4263724849499813,5,0.4166666666666667,0.0,0.0,0.0,0.8836074694280464
bayes_mean-fix-seed43,baseline_circle,0,130,1540568542,success,44,11.0,0.2231701606508386,0,0.0,0,0.9878704716387517,14.00104800069874,15.48488549888134,8.787590695950211,25,2.272727272727273,9,0.8181818181818182,2,0.18181818181818182,14.343415030913844,1.6322352197769125,5,0.45454545454545453,0.0,0.0,0.045454545454545456,0.8810890711790788
bayes_mean-fix-seed43,baseline_circle,0,131,1540568543,success,41,10.25,0.20914553490755938,0,0.0,0,0.45444990717769673,13.734219186916583,15.218779444694519,8.00956352044487,18,1.7560975609756098,11,1.0731707317073171,0,0.0,7.381975577406009,0.9216451756157615,6,0.5853658536585366,0.0,0.0,0.0,0.9641835897296565
bayes_mean-fix-seed43,baseline_circle,0,132,1540568544,success,46,11.5,0.19032983557309446,0,0.0,1,0.8918773878867813,14.194926732908124,15.348653309047222,9.637264624695812,25,2.1739130434782608,7,0.6086956521739131,3,0.2608695652173913,15.171837747455964,1.5742887985640266,6,0.5217391304347826,0.07692307692307693,0.05128205128205128,0.13043478260869565,0.8087358096039439
bayes_mean-fix-seed43,baseline_circle,0,133,1540568545,success,46,11.5,0.3171942296680489,0,0.0,0,1.364521340273464,14.185555441224057,15.711969695985317,9.697049669704114,29,2.5217391304347827,15,1.3043478260869565,2,0.17391304347826086,17.54273628861764,1.8090797599423785,3,0.2608695652173913,0.0,0.0,0.0,0.8015484267891313
bayes_mean-fix-seed43,baseline_circle,0,134,1540568546,success,42,10.5,0.2850214508039457,0,0.0,0,1.339329962232707,13.952948596505891,15.78667741268873,8.73191556670542,21,2.0,15,1.4285714285714286,0,0.0,6.272098754328691,0.71829585460538,3,0.2857142857142857,0.0,0.0,0.0,0.8919126435390577
bayes_mean-fix-seed43,baseline_circle,0,135,1540568547,success,55,13.75,0.25894298957004336,0,0.0,0,1.4994991706506375,14.209544726393439,15.775449201464653,10.466754852627794,34,2.4727272727272727,11,0.8,4,0.2909090909090909,21.63639551501146,2.0671541293985123,3,0.21818181818181817,0.125,0.125,0.16363636363636364,0.7431039083439215
bayes_mean-fix-seed43,baseline_circle,0,136,1540568548,success,38,9.5,0.2804468188688609,0,0.0,0,1.726606705860674,13.722945985041166,15.0376932695508,9.32047669797011,13,1.368421052631579,6,0.631578947368421,0,0.0,5.545857770315039,0.5950186830597262,1,0.10526315789473684,0.0,0.0,0.0,0.8366777513658822
bayes_mean-fix-seed43,baseline_circle,0,137,1540568549,success,40,10.0,0.2056804165990962,0,0.0,0,0.6862099255469609,14.203534834086895,15.833842940628529,8.730132893849433,19,1.9,13,1.3,0,0.0,8.172616500855328,0.9361388423552078,2,0.2,0.0,0.0,0.0,0.8896109737553616
bayes_mean-fix-seed43,baseline_circle,0,138,1540568550,success,38,9.5,0.3753371675724545,0,0.0,0,0.8122471078442765,14.154877023477303,15.557131730020046,9.154369386166541,14,1.4736842105263157,6,0.631578947368421,0,0.0,5.801437318866908,0.6337342392621435,1,0.10526315789473684,0.0,0.0,0.0,0.8475059377190346
bayes_mean-fix-seed43,baseline_circle,0,139,1540568551,success,38,9.5,0.6479962942862528,0,0.0,0,1.2090244076476864,13.845739199926978,15.51196500658989,9.338233850792204,15,1.5789473684210527,7,0.7368421052631579,0,0.0,5.628034654376564,0.6026872687386291,1,0.10526315789473684,0.0,0.0,0.0,0.8376216202348786
bayes_mean-fix-seed43,baseline_circle,0,140,1540568552,success,47,11.75,0.3705256648937225,0,0.0,0,1.1552782220419435,14.443088719185363,16.189534589648247,8.423110966340342,32,2.723404255319149,16,1.3617021276595744,3,0.2553191489361702,14.777996913907433,1.7544582961048356,6,0.5106382978723404,0.0,0.0,0.0425531914893617,0.9174621190821612
bayes_mean-fix-seed43,baseline_circle,0,141,1540568553,success,44,11.0,0.2907719520255422,0,0.0,0,0.8462882068287461,14.29868819700046,15.432359278202057,8.870476561239956,21,1.9090909090909092,4,0.36363636363636365,1,0.09090909090909091,8.406918724149705,0.9477414957482901,3,0.2727272727272727,0.0,0.0,0.022727272727272728,0.8724731448182392
bayes_mean-fix-seed43,baseline_circle,0,142,1540568554,success,40,10.0,0.20904003755360712,0,0.0,0,0.8563912055228295,14.123821817338467,15.703416243195534,9.209507579034335,15,1.5,10,1.0,2,0.2,9.951881576772866,1.0806095213416798,4,0.4,0.0,0.0,0.05,0.8482635424592057
bayes_mean-fix-seed43,baseline_circle,0,143,1540568555,success,41,10.25,0.18095441002157409,0,0.0,2,1.2516738952170174,14.01951681913399,15.835985541343689,9.058015087699546,16,1.5609756097560976,6,0.5853658536585366,1,0.0975609756097561,7.63780063733596,0.8432090875745851,3,0.2926829268292683,0.0,0.0,0.0,0.8735264744971399
bayes_mean-fix-seed43,baseline_circle,0,144,1540568556,success,48,12.0,0.22658375615727921,0,0.0,0,0.8451947126932448,14.217716176062822,15.777524746954441,9.260672048975248,24,2.0,10,0.8333333333333334,2,0.16666666666666666,14.8273829802852,1.6011130619754474,3,0.25,0.024390243902439025,0.024390243902439025,0.0625,0.8373178542899601
bayes_mean-fix-seed43,baseline_circle,0,145,1540568557,success,46,11.5,0.20234989211353382,0,0.0,0,1.0821274677365762,14.137676714555077,16.155386343598366,8.321524838622897,25,2.1739130434782608,11,0.9565217391304348,0,0.0,10.01678525414219,1.2037199249410444,5,0.43478260869565216,0.0,0.0,0.0,0.9264303235157731
bayes_mean-fix-seed43,baseline_circle,0,146,1540568558,success,41,10.25,0.2089600847401899,0,0.0,0,0.639209732993223,14.026461941439932,15.513196587562561,8.665241336705817,22,2.1463414634146343,12,1.170731707317073,0,0.0,11.252614931036266,1.2985922138568002,3,0.2926829268292683,0.0,0.0,0.0,0.9016908954857841
bayes_mean-fix-seed43,baseline_circle,0,147,1540568559,success,50,12.5,0.17655358908037855,0,0.0,1,0.9553353247467493,14.431505277752876,16.050196439027786,10.840300307634475,29,2.32,9,0.72,2,0.16,18.478147846365516,1.704578962019341,5,0.4,0.09302325581395349,0.0,0.14,0.7200435103781508
bayes_mean-fix-seed43,baseline_circle,0,148,1540568560,success,40,10.0,0.21815933844054702,0,0.0,0,0.4228773416809279,13.868586625903845,15.074914880096912,8.340451425554654,18,1.8,6,0.6,0,0.0,5.281580396197206,0.6332487447879324,4,0.4,0.0,0.0,0.0,0.929058648085545
bayes_mean-fix-seed43,baseline_circle,0,149,1540568561,success,45,11.25,0.17664277242851567,0,0.0,2,1.0829623175799092,14.378200305832756,16.27570167183876,8.477621068702634,25,2.2222222222222223,12,1.0666666666666667,2,0.17777777777777778,13.328321031710344,1.5721770203807932,3,0.26666666666666666,0.0,0.0,0.022222222222222223,0.91758451499992
bayes_mean-fix-seed43,baseline_circle,0,150,1540568562,success,43,10.75,0.20164584227119986,0,0.0,0,0.5848387695869394,14.185824799676274,15.868699923157692,8.775656556939657,26,2.4186046511627906,18,1.6744186046511629,1,0.09302325581395349,11.872964851628584,1.3529431985621205,1,0.09302325581395349,0.0,0.0,0.06976744186046512,0.8907410569052956
bayes_mean-fix-seed43,baseline_circle,0,151,1540568563,success,46,11.5,0.3195924684878685,0,0.0,0,1.6162850780283637,14.085424901998561,15.580686740577221,8.30389678558643,25,2.1739130434782608,14,1.2173913043478262,2,0.17391304347826086,13.877642408377348,1.6712204843954228,7,0.6086956521739131,0.0,0.0,0.021739130434782608,0.9355864329871565
bayes_mean-fix-seed43,baseline_circle,0,152,1540568564,success,43,10.75,0.21095036514739784,0,0.0,0,1.172543219739016,14.345139611599057,16.016823798418045,9.576265162695556,24,2.2325581395348837,15,1.3953488372093024,0,0.0,9.304804531038487,0.9716527657656613,1,0.09302325581395349,0.0,0.0,0.0,0.8079688587584667
bayes_mean-fix-seed43,baseline_circle,0,153,1540568565,timeout,101,25.25,0.14501944730509997,0,0.0,15,0.2965562606799203,14.773160108540317,16.028620302677155,12.704316782324799,73,2.891089108910891,27,1.0693069306930694,19,0.7524752475247525,67.15205812990467,5.285766978302341,20,0.7920792079207921,0.5638297872340425,0.5212765957446809,0.16831683168316833,0.5579340345275994
bayes_mean-fix-seed43,baseline_circle,0,154,1540568566,success,47,11.75,0.19517666444539938,0,0.0,2,1.6378329813266816,13.832941968390282,15.55459201335907,10.357225558024984,22,1.872340425531915,9,0.7659574468085106,0,0.0,7.112910192610823,0.6867582590300545,1,0.0851063829787234,0.0,0.0,0.0,0.749795061761923
bayes_mean-fix-seed43,baseline_circle,0,155,1540568567,success,39,9.75,0.26430867085637355,0,0.0,0,1.239486890468248,13.787624736626944,15.586218982934952,9.53053778541494,16,1.641025641025641,8,0.8205128205128205,0,0.0,6.236990068867093,0.6544216296389772,1,0.10256410256410256,0.0,0.0,0.0,0.8160506094418105
bayes_mean-fix-seed43,baseline_circle,0,156,1540568568,success,41,10.25,0.18472675221890011,0,0.0,3,0.5122758523247414,14.341360730368917,16.593053936958313,8.96598887794778,24,2.341463414634146,12,1.170731707317073,0,0.0,7.036308971172493,0.7847777938336044,1,0.0975609756097561,0.0,0.0,0.0,0.8610187111636377
bayes_mean-fix-seed43,baseline_circle,0,157,1540568569,success,51,12.75,0.23578637812771552,0,0.0,0,1.4283664021800624,14.55944849579942,16.605250537395477,10.030526797583862,20,1.5686274509803921,6,0.47058823529411764,0,0.0,8.88846367916247,0.8861412624213825,2,0.1568627450980392,0.0,0.0,0.0392156862745098,0.7758549287426031
bayes_mean-fix-seed43,baseline_circle,0,158,1540568570,success,47,11.75,0.2129692619146365,0,0.0,0,0.9770255259567228,14.26447182893753,16.09845645725727,8.58831015592834,19,1.6170212765957446,5,0.425531914893617,1,0.0851063829787234,8.7303498442813,1.0165387236574022,3,0.2553191489361702,0.0,0.0,0.0425531914893617,0.9057322871762991
bayes_mean-fix-seed43,baseline_circle,0,159,1540568571,success,44,11.0,0.20590541329217882,0,0.0,0,0.669930190455066,14.174923639405858,15.835949406027794,9.35836265344143,30,2.727272727272727,13,1.1818181818181819,3,0.2727272727272727,15.73614542008027,1.6815062637365825,6,0.5454545454545454,0.0,0.0,0.045454545454545456,0.8272932201829092
bayes_mean-fix-seed43,baseline_circle,0,160,1540568572,success,50,12.5,0.4551817668564432,0,0.0,0,0.7763461170083872,14.052085801959038,16.05273261666298,11.021804284906922,25,2.0,7,0.56,1,0.08,10.43486306158531,0.9467472649532199,3,0.24,0.16279069767441862,0.0,0.16,0.7053641384223664
bayes_mean-fix-seed43,baseline_circle,0,161,1540568573,success,42,10.5,0.19559899182606488,0,0.0,2,0.768971135108383,13.8802146982579,15.540067851543427,8.538321530795404,19,1.8095238095238095,11,1.0476190476190477,2,0.19047619047619047,9.623956050023354,1.127148470025679,5,0.47619047619047616,0.0,0.0,0.047619047619047616,0.9119013599507897
bayes_mean-fix-seed43,baseline_circle,0,162,1540568574,success,39,9.75,0.15551402336974185,0,0.0,1,0.9542564587880935,13.823249305670078,15.332624316215515,8.83256083722352,23,2.358974358974359,11,1.1282051282051282,1,0.10256410256410256,8.444979920901227,0.9561190776417989,1,0.10256410256410256,0.0,0.0,0.0,0.8797061914877621
bayes_mean-fix-seed43,baseline_circle,0,163,1540568575,success,45,11.25,0.18985329338286328,0,0.0,4,0.5163792489003636,14.22198000881407,15.944205224514008,8.676714470177755,24,2.1333333333333333,10,0.8888888888888888,4,0.35555555555555557,15.51445486305732,1.7880564027295327,8,0.7111111111111111,0.0,0.0,0.022222222222222223,0.8917416352620118
bayes_mean-fix-seed43,baseline_circle,0,164,1540568576,success,42,10.5,0.2194725106139931,0,0.0,0,0.7800051244656323,14.553819472591082,16.244814544916153,9.322941967888841,22,2.0952380952380953,10,0.9523809523809523,0,0.0,8.549086320887294,0.9169944798898298,1,0.09523809523809523,0.0,0.0,0.0,0.8390099284845045
bayes_mean-fix-seed43,baseline_circle,0,165,1540568577,success,47,11.75,0.1951609760603389,0,0.0,2,1.2291087292954501,14.342690481150404,16.414466872811317,8.540016786124317,21,1.7872340425531914,8,0.6808510638297872,0,0.0,8.95095416660953,1.0481190366221407,4,0.3404255319148936,0.0,0.0,0.0,0.9048802301030319
bayes_mean-fix-seed43,baseline_circle,0,166,1540568578,success,44,11.0,0.31081529481118075,0,0.0,0,1.5301573684046381,14.145527458326383,15.824397094547749,8.32992373031788,22,2.0,8,0.7272727272727273,0,0.0,7.224578139305665,0.8673042362934056,4,0.36363636363636365,0.0,0.0,0.0,0.9328011818020925
bayes_mean-fix-seed43,baseline_circle,0,167,1540568579,success,43,10.75,0.46110225220245293,0,0.0,0,0.9445596200100433,14.146979378406392,16.299768537282944,8.685414498861652,27,2.511627906976744,14,1.302325581395349,2,0.18604651162790697,14.254066876798817,1.641149870126177,1,0.09302325581395349,0.0,0.0,0.046511627906976744,0.8943552317061636
bayes_mean-fix-seed43,baseline_circle,0,168,1540568580,success,46,11.5,0.2081587369668485,0,0.0,0,0.6886558049109016,14.070763698090678,15.808791853487492,9.818001448756947,27,2.347826086956522,14,1.2173913043478262,4,0.34782608695652173,18.105673887640208,1.8441302929256096,1,0.08695652173913043,0.0,0.0,0.10869565217391304,0.7943976913583061
bayes_mean-fix-seed43,baseline_circle,0,169,1540568581,success,44,11.0,0.1905167271449274,0,0.0,3,0.7837082298218282,14.266257343644446,16.1967096850276,8.894030274813135,25,2.272727272727273,11,1.0,1,0.09090909090909091,11.757109933348882,1.3219102667823899,4,0.36363636363636365,0.0,0.0,0.022727272727272728,0.8693579127396835
bayes_mean-fix-seed43,baseline_circle,0,170,1540568582,success,43,10.75,0.06533443283791451,0,0.0,6,0.3600063067006095,14.40709612743799,16.17324836552143,9.867139065876938,22,2.046511627906977,6,0.5581395348837209,0,0.0,7.178287309995694,0.7274942880677568,1,0.09302325581395349,0.0,0.0,0.0,0.787988808761913
bayes_mean-fix-seed43,baseline_circle,0,171,1540568583,success,42,10.5,0.291606434965361,0,0.0,0,1.187027819299366,14.050100530896868,16.026910953223705,9.56476472697298,18,1.7142857142857142,9,0.8571428571428571,0,0.0,7.8099259565437045,0.8165309006001406,1,0.09523809523809523,0.0,0.0,0.023809523809523808,0.8117916173258863
bayes_mean-fix-seed43,baseline_circle,0,172,1540568584,success,44,11.0,0.49232725992258797,0,0.0,0,2.653984882334294,14.126037924804471,16.057785227894783,8.723555021176125,26,2.3636363636363638,16,1.4545454545454546,1,0.09090909090909091,13.855785988125206,1.5883187478603356,3,0.2727272727272727,0.0,0.0,0.045454545454545456,0.8913545495709302
bayes_mean-fix-seed43,baseline_circle,0,173,1540568585,success,49,12.25,0.24288689019145848,0,0.0,0,1.3491768994515365,14.694777222312226,16.501735895872116,9.00956446085232,21,1.7142857142857142,4,0.32653061224489793,2,0.16326530612244897,9.540425075559078,1.0589218953938797,4,0.32653061224489793,0.0,0.0,0.04081632653061224,0.8634885484928471
bayes_mean-fix-seed43,baseline_circle,0,174,1540568586,success,43,10.75,0.22643530218501995,0,0.0,0,0.7231432981375261,13.971633775982745,15.517188981175423,8.011244510177749,22,2.046511627906977,14,1.302325581395349,2,0.18604651162790697,10.996244862414466,1.3726013290999264,6,0.5581395348837209,0.0,0.0,0.023255813953488372,0.9712716198978184
bayes_mean-fix-seed43,baseline_circle,0,175,1540568587,success,38,9.5,0.22575246089546108,0,0.0,0,0.5692033336446589,14.004945460903016,15.618321485817432,8.849200836320467,18,1.894736842105263,10,1.0526315789473684,0,0.0,9.268022534936502,1.0473287595527307,1,0.10526315789473684,0.0,0.0,0.0,0.893349135688521
bayes_mean-fix-seed43,baseline_circle,0,176,1540568588,success,43,10.75,0.18429037651699332,0,0.0,3,0.5177253119807734,14.268279682065165,16.411689668893814,8.26674219715617,20,1.8604651162790697,8,0.7441860465116279,1,0.09302325581395349,8.582058945157627,1.0381428064987837,4,0.37209302325581395,0.0,0.0,0.0,0.9406436996715705
bayes_mean-fix-seed43,baseline_circle,0,177,1540568589,success,44,11.0,0.1880030379969344,0,0.0,1,0.5910801995134357,14.323632571507584,16.09664149582386,9.59295725819153,27,2.4545454545454546,13,1.1818181818181819,2,0.18181818181818182,12.159416868668133,1.2675358120964288,3,0.2727272727272727,0.0,0.0,0.0,0.8108282259644537
bayes_mean-fix-seed43,baseline_circle,0,178,1540568590,success,49,12.25,0.18698032737072134,0,0.0,1,0.6083974815416263,14.364237307893987,16.197553277015686,8.885549611137094,31,2.5306122448979593,14,1.1428571428571428,5,0.40816326530612246,23.099966044126987,2.5997228145767854,12,0.9795918367346939,0.0,0.0,0.04081632653061224,0.8719281677302656
bayes_mean-fix-seed43,baseline_circle,0,179,1540568591,success,45,11.25,0.15371392813479812,0,0.0,2,0.4018393650197841,14.0037655002541,15.7533198595047,8.93012662298404,25,2.2222222222222223,10,0.8888888888888888,0,0.0,7.020959512830034,0.7862105218933558,1,0.08888888888888889,0.0,0.0,0.0,0.8689702252780143
bayes_mean-fix-seed43,baseline_circle,0,180,1540568592,success,43,10.75,0.210233675802303,0,0.0,0,0.43050830317842964,14.240910580684972,15.62616303563118,9.030302514083177,28,2.604651162790698,13,1.2093023255813953,0,0.0,11.191895623258567,1.2393710626863592,1,0.09302325581395349,0.0,0.0,0.023255813953488372,0.8595794564191018
bayes_mean-fix-seed43,baseline_circle,0,181,1540568593,success,43,10.75,0.27395931789531713,0,0.0,0,0.7758745455424149,14.325005543786427,16.09068214893341,8.107550899002133,19,1.7674418604651163,7,0.6511627906976745,1,0.09302325581395349,6.7922225710752855,0.8377650237029364,1,0.09302325581395349,0.0,0.0,0.023255813953488372,0.9595422509294262
bayes_mean-fix-seed43,baseline_circle,0,182,1540568594,success,54,13.5,0.6767887306373134,0,0.0,0,2.799960268103425,14.517403035252183,16.01861845701933,10.031178274413952,33,2.4444444444444446,18,1.3333333333333333,12,0.8888888888888888,35.21500536838707,3.510555231403703,12,0.8888888888888888,0.23404255319148937,0.23404255319148937,0.18518518518518517,0.7752526189399692
bayes_mean-fix-seed43,baseline_circle,0,183,1540568595,success,43,10.75,0.20947707033317364,0,0.0,0,0.88234556806264,14.680021117592966,16.10625423491001,8.277388030047353,21,1.9534883720930232,11,1.0232558139534884,2,0.18604651162790697,10.832400508981445,1.3086737591205417,3,0.27906976744186046,0.0,0.0,0.023255813953488372,0.9382559781149672
bayes_mean-fix-seed43,baseline_circle,0,184,1540568596,success,39,9.75,0.20513996046344862,0,0.0,0,0.9074206298391538,13.905384697211094,16.377297043800354,8.844693430855148,14,1.435897435897436,6,0.6153846153846154,2,0.20512820512820512,8.516895621251074,0.9629384769334643,4,0.41025641025641024,0.0,0.0,0.0,0.8892801002089732
bayes_mean-fix-seed43,baseline_circle,0,185,1540568597,success,43,10.75,0.1910230162970321,0,0.0,1,0.5940373079014364,14.086079198953717,16.322899237275124,8.423420310285326,20,1.8604651162790697,9,0.8372093023255814,1,0.09302325581395349,10.529649831678384,1.2500444527054253,4,0.37209302325581395,0.0,0.0,0.06976744186046512,0.9339819362576252
bayes_mean-fix-seed43,baseline_circle,0,186,1540568598,success,47,11.75,0.4921236149179421,0,0.0,0,1.6532966476938882,13.946805941931744,15.351489558815954,9.145223583457513,33,2.8085106382978724,17,1.446808510638298,3,0.2553191489361702,18.300940359776014,2.0011473959893085,5,0.425531914893617,0.0,0.0,0.0425531914893617,0.852065324723958
bayes_mean-fix-seed43,baseline_circle,0,187,1540568599,success,43,10.75,0.2036678343540287,0,0.0,0,0.7744417638492445,14.079017607971679,15.769866108894348,8.815792732319448,26,2.4186046511627906,15,1.3953488372093024,1,0.09302325581395349,10.953574485383736,1.2424945569814725,1,0.09302325581395349,0.0,0.0,0.023255813953488372,0.8795891032518068
bayes_mean-fix-seed43,baseline_circle,0,188,1540568600,success,43,10.75,0.3766425440488067,0,0.0,0,1.4551909885649448,14.218625807484916,15.466071292757988,8.320237960268207,23,2.13953488372093,13,1.2093023255813953,0,0.0,9.114469109384174,1.0954577444670062,4,0.37209302325581395,0.0,0.0,0.0,0.9410467645435329
bayes_mean-fix-seed43,baseline_circle,0,189,1540568601,success,40,10.0,0.16571405154635033,0,0.0,2,0.5264749339991994,14.18044213205576,16.00151974707842,9.02949841467628,22,2.2,13,1.3,0,0.0,7.739848398360776,0.857173681517088,1,0.1,0.0,0.0,0.0,0.8559414440712773
bayes_mean-fix-seed43,baseline_circle,0,190,1540568602,success,40,10.0,0.19651842194604885,0,0.0,1,0.531456259714912,14.005509298294783,16.04323461651802,9.199846261900854,25,2.5,15,1.5,0,0.0,12.30985563844776,1.338050146492809,5,0.5,0.0,0.0,0.0,0.8465224120046105
bayes_mean-fix-seed43,baseline_circle,0,191,1540568603,success,41,10.25,0.21019181675867182,0,0.0,0,0.5295592199894423,13.999855463824622,15.875965356826782,9.395111169302284,18,1.7560975609756098,9,0.8780487804878049,2,0.1951219512195122,10.787298010281397,1.148182050844482,3,0.2926829268292683,0.0,0.0,0.024390243902439025,0.8338067233825083
bayes_mean-fix-seed43,baseline_circle,0,192,1540568604,success,42,10.5,0.3802292535604129,0,0.0,0,1.501277936287659,14.012994776879038,15.54134264588356,8.247937020938382,20,1.9047619047619047,10,0.9523809523809523,0,0.0,6.935892612692757,0.8409245360488518,4,0.38095238095238093,0.0,0.0,0.0,0.9414318922180791
bayes_mean-fix-seed43,baseline_circle,0,193,1540568605,success,46,11.5,0.1762306178523355,0,0.0,3,0.46872322585059295,14.243722690836243,16.290188767015934,8.956217069248563,23,2.0,4,0.34782608695652173,1,0.08695652173913043,12.321898777949121,1.375792779772693,6,0.5217391304347826,0.0,0.0,0.043478260869565216,0.8675353031550737
bayes_mean-fix-seed43,baseline_circle,0,194,1540568606,success,44,11.0,0.2695067686379182,0,0.0,0,2.1272301055906944,14.200655235485597,15.781699307262897,8.316715252883501,20,1.8181818181818181,8,0.7272727272727273,0,0.0,5.237600622277902,0.6297679387859245,2,0.18181818181818182,0.0,0.0,0.0,0.9314272326783746
bayes_mean-fix-seed43,baseline_circle,0,195,1540568607,success,46,11.5,0.27784077885141734,0,0.0,0,1.351752062480843,14.351007083187932,16.217724420130253,8.6433463198907,21,1.826086956521739,6,0.5217391304347826,2,0.17391304347826086,10.476300005953874,1.2120652833087397,6,0.5217391304347826,0.0,0.0,0.0,0.8979358989278888
bayes_mean-fix-seed43,baseline_circle,0,196,1540568608,success,45,11.25,0.17138506320994928,0,0.0,2,1.0419710194125944,14.065817495187124,15.507909655570984,10.051402557176738,18,1.6,8,0.7111111111111111,3,0.26666666666666666,14.545551572946657,1.4471166078768858,3,0.26666666666666666,0.0,0.0,0.06666666666666667,0.7793676465056975
bayes_mean-fix-seed43,baseline_circle,0,197,1540568609,success,37,9.25,0.685430960033434,0,0.0,0,1.5943881141904492,13.68626468890422,15.93468189239502,9.100846032351921,11,1.1891891891891893,6,0.6486486486486487,0,0.0,4.653431847083935,0.5113185994512813,1,0.10810810810810811,0.0,0.0,0.0,0.8535944806843527
bayes_mean-fix-seed43,baseline_circle,0,198,1540568610,success,41,10.25,0.22886584062219228,0,0.0,0,0.633574413666298,14.096455057946647,15.835262835025787,9.493067837344265,18,1.7560975609756098,7,0.6829268292682927,0,0.0,6.231035323890841,0.6563774146202673,1,0.0975609756097561,0.0,0.0,0.0,0.8186945028618469
bayes_mean-fix-seed43,baseline_circle,0,199,1540568611,success,47,11.75,0.2461827720501032,0,0.0,0,0.8148933442193823,14.191370853718292,15.746324136853218,8.59124488769625,21,1.7872340425531914,8,0.6808510638297872,0,0.0,7.613746531901311,0.8862215699153402,2,0.1702127659574468,0.0,0.0,0.0,0.8999295697480341
bayes_mean-fix-seed43,baseline_circle,0,200,1540568612,success,41,10.25,0.18608072719893798,0,0.0,1,0.6403392336035404,13.821878266043779,15.280239284038544,9.444707678047939,19,1.853658536585366,7,0.6829268292682927,1,0.0975609756097561,8.889325011433243,0.9411964154374459,2,0.1951219512195122,0.0,0.0,0.07317073170731707,0.8326974541288115
bayes_mean-fix-seed43,baseline_circle,0,201,1540568613,success,65,16.25,0.1280989336017454,0,0.0,8,1.3018394490632264,14.308542758226395,15.666619688272476,12.962026998092066,33,2.0307692307692307,14,0.8615384615384616,2,0.12307692307692308,18.19363273475829,1.4036101558372225,4,0.24615384615384617,0.1896551724137931,0.034482758620689655,0.15384615384615385,0.5985449408393655
bayes_mean-fix-seed43,baseline_circle,0,202,1540568614,success,42,10.5,0.2063269861231578,0,0.0,0,2.1916365017201502,14.455593945015044,16.0798542201519,8.352907087234252,24,2.2857142857142856,16,1.5238095238095237,0,0.0,9.806468335575584,1.1740186061165232,3,0.2857142857142857,0.0,0.0,0.0,0.9355184817383092
bayes_mean-fix-seed43,baseline_circle,0,203,1540568615,success,44,11.0,0.1886616980141167,0,0.0,2,0.6550042137448314,14.116814190691167,15.397347882390022,9.366285317084719,23,2.090909090909091,11,1.0,3,0.2727272727272727,15.083077584242341,1.6103585438220442,4,0.36363636363636365,0.0,0.0,0.06818181818181818,0.830962734186732
bayes_mean-fix-seed43,baseline_circle,0,204,1540568616,success,39,9.75,0.9305800861862875,0,0.0,0,2.250009688087734,13.817469947613203,15.303729102015495,9.511979802967188,16,1.641025641025641,7,0.717948717948718,0,0.0,5.885509998244082,0.6187471083998878,1,0.10256410256410256,0.0,0.0,0.0,0.8193884604370058
bayes_mean-fix-seed43,baseline_circle,0,205,1540568617,success,48,12.0,0.176392926113765,0,0.0,1,0.6520115262277674,13.947138795629144,15.511337108910084,9.496468471673893,26,2.1666666666666665,14,1.1666666666666667,2,0.16666666666666666,15.623734410297237,1.6452152141503738,8,0.6666666666666666,0.0,0.0,0.020833333333333332,0.81365826081339
bayes_mean-fix-seed43,baseline_circle,0,206,1540568618,success,43,10.75,0.4336238380817906,0,0.0,0,1.6058625429623756,13.920946003392686,15.459760650992393,8.42498363137118,19,1.7674418604651163,10,0.9302325581395349,1,0.09302325581395349,8.598161353565224,1.0205552591875908,3,0.27906976744186046,0.0,0.0,0.023255813953488372,0.9247501382861941
bayes_mean-fix-seed43,baseline_circle,0,207,1540568619,success,46,11.5,0.19596394781823845,0,0.0,1,1.2743848698374525,14.401804736774901,15.747341327369213,10.184668002901933,26,2.260869565217391,13,1.1304347826086956,1,0.08695652173913043,14.07164876642775,1.3816502179961383,1,0.08695652173913043,0.0,0.0,0.06521739130434782,0.7683103644884935
bayes_mean-fix-seed43,baseline_circle,0,208,1540568620,success,45,11.25,0.3741406718223321,0,0.0,0,1.0151495428001338,14.425485912296507,15.849180519580841,9.028161627423483,29,2.577777777777778,17,1.511111111111111,0,0.0,13.931853073751519,1.5431550351771322,1,0.08888888888888889,0.0,0.0,0.022222222222222223,0.866484580497087
bayes_mean-fix-seed43,baseline_circle,0,209,1540568621,success,42,10.5,0.1774544652297363,0,0.0,1,0.5093313843528078,14.185974995295206,15.688274800777435,8.412907742766707,30,2.857142857142857,15,1.4285714285714286,0,0.0,9.459278450625266,1.124376819507882,1,0.09523809523809523,0.0,0.0,0.0,0.9254141007663099
bayes_mean-fix-seed43,baseline_circle,0,210,1540568622,success,44,11.0,0.338536563375357,0,0.0,0,0.7639229989516406,14.036183668808503,15.677288547158241,7.992218752237665,13,1.1818181818181819,6,0.5454545454545454,0,0.0,2.6101251911159093,0.32658330208806224,1,0.09090909090909091,0.0,0.0,0.0,0.9852922459675157
bayes_mean-fix-seed43,baseline_circle,0,211,1540568623,success,45,11.25,0.3055033244199207,0,0.0,0,1.4089383022267898,14.048380570279228,15.679147839546204,8.475018418757198,20,1.7777777777777777,7,0.6222222222222222,2,0.17777777777777778,10.512406005904698,1.2403991928369482,3,0.26666666666666666,0.0,0.0,0.022222222222222223,0.921722382805291
bayes_mean-fix-seed43,baseline_circle,0,212,1540568624,success,42,10.5,0.2331951832951259,0,0.0,0,0.5387094255987781,14.726268216258003,16.21892601251602,8.386655622198829,24,2.2857142857142856,8,0.7619047619047619,0,0.0,6.967591992287191,0.8307950518254874,1,0.09523809523809523,0.0,0.0,0.0,0.9199950273963364
bayes_mean-fix-seed43,baseline_circle,0,213,1540568625,success,40,10.0,0.1891664110190049,0,0.0,1,0.3196905895644152,14.047493226826191,16.39102883636951,8.170492871275732,24,2.4,13,1.3,0,0.0,8.466196963511162,1.0361917080027094,5,0.5,0.0,0.0,0.0,0.9511811843986601
bayes_mean-fix-seed43,baseline_circle,0,214,1540568626,success,38,9.5,0.16932415672656176,0,0.0,2,0.6609393371459396,14.11887846494976,16.02224875241518,8.590873988909857,22,2.3157894736842106,12,1.263157894736842,1,0.10526315789473684,11.052332871828696,1.2865201941148698,5,0.5263157894736842,0.0,0.0,0.02631578947368421,0.8991065263420254
bayes_mean-fix-seed43,baseline_circle,0,215,1540568627,success,44,11.0,0.17355686035242013,0,0.0,1,0.7397908837492589,14.634112404151397,16.408415511250496,8.257557138262937,23,2.090909090909091,5,0.45454545454545453,3,0.2727272727272727,9.692441863262943,1.1737662484163989,5,0.45454545454545453,0.0,0.0,0.045454545454545456,0.9403480927418677
bayes_mean-fix-seed43,baseline_circle,0,216,1540568628,success,42,10.5,0.17308291689090483,0,0.0,1,0.4700569447226072,14.058394534956841,15.925958938896656,9.682714625831167,27,2.5714285714285716,19,1.8095238095238095,2,0.19047619047619047,14.41927894149168,1.4891773122203242,1,0.09523809523809523,0.0,0.0,0.047619047619047616,0.800513955588484
bayes_mean-fix-seed43,baseline_circle,0,217,1540568629,success,47,11.75,0.18632198766398145,0,0.0,3,0.7333036943367738,14.317581786754284,16.05609990656376,9.399143169499032,29,2.4680851063829787,15,1.2765957446808511,2,0.1702127659574468,17.5420250463485,1.866342998505839,5,0.425531914893617,0.0,0.0,0.0425531914893617,0.8270475855789174
bayes_mean-fix-seed43,baseline_circle,0,218,1540568630,success,45,11.25,0.2610260170868435,0,0.0,0,2.1569273090742973,14.180069996251,15.832637250423431,8.536169104044141,22,1.9555555555555555,8,0.7111111111111111,0,0.0,8.585771627808137,1.0058108647051633,5,0.4444444444444444,0.0,0.0,0.022222222222222223,0.9217983039513837
bayes_mean-fix-seed43,baseline_circle,0,219,1540568631,success,52,13.0,0.24068091625600185,0,0.0,0,1.7895334430443681,14.446430696317783,16.39374569058418,10.696633614219802,26,2.0,10,0.7692307692307693,5,0.38461538461538464,20.483569812301205,1.9149547933539508,5,0.38461538461538464,0.13333333333333333,0.06666666666666667,0.15384615384615385,0.7267495363620888
bayes_mean-fix-seed43,baseline_circle,0,220,1540568632,success,42,10.5,0.2280207328241849,0,0.0,0,1.5855640426905862,14.185507116573197,16.302991844713688,10.011334458851143,19,1.8095238095238095,8,0.7619047619047619,0,0.0,7.603042720452237,0.7594434839533598,1,0.09523809523809523,0.0,0.0,0.023809523809523808,0.7774238467493265
bayes_mean-fix-seed43,baseline_circle,0,221,1540568633,success,45,11.25,0.24534227642107898,0,0.0,0,1.09835547369603,14.049694687128067,15.89740514755249,8.289910037477066,24,2.1333333333333333,10,0.8888888888888888,0,0.0,5.9646029677354875,0.7195015314726796,2,0.17777777777777778,0.0,0.0,0.0,0.9341070817140071
bayes_mean-fix-seed43,baseline_circle,0,222,1540568634,success,41,10.25,0.2046383175900115,0,0.0,0,0.9283522186723664,14.204044985335047,15.75557142496109,9.38876491200894,18,1.7560975609756098,7,0.6829268292682927,2,0.1951219512195122,8.901527870107385,0.9481042451836939,2,0.1951219512195122,0.0,0.0,0.024390243902439025,0.8296261040278619
bayes_mean-fix-seed43,baseline_circle,0,223,1540568635,success,48,12.0,0.2116961799215804,0,0.0,0,1.0946442524214657,14.260423524926106,15.534036420285702,9.96957855690156,29,2.4166666666666665,15,1.25,3,0.25,20.89680162909722,2.0960566697808063,1,0.08333333333333333,0.04878048780487805,0.024390243902439025,0.125,0.7805263616407456
bayes_mean-fix-seed43,baseline_circle,0,224,1540568636,success,47,11.75,0.18377620228372582,0,0.0,2,0.7201751429291999,14.406680823006528,15.870058536529541,9.035887822834493,30,2.5531914893617023,19,1.6170212765957446,2,0.1702127659574468,16.8869102658038,1.8688711720312723,5,0.425531914893617,0.0,0.0,0.02127659574468085,0.8621920254978785
bayes_mean-fix-seed43,baseline_circle,0,225,1540568637,success,49,12.25,0.1964891473194288,0,0.0,1,0.7922660468022025,14.312178276631297,15.908806025981903,10.774056072594139,24,1.9591836734693877,12,0.9795918367346939,2,0.16326530612244897,15.270719775887862,1.4173603397825116,1,0.08163265306122448,0.09523809523809523,0.07142857142857142,0.12244897959183673,0.7206828024941844
bayes_mean-fix-seed43,baseline_circle,0,226,1540568638,success,50,12.5,0.20465036742639042,0,0.0,0,1.2702590703892915,14.438937231898308,15.971468016505241,9.24435542365556,26,2.08,16,1.28,2,0.16,12.962804231240412,1.4022399223281314,4,0.32,0.0,0.0,0.0,0.8381072826404914
bayes_mean-fix-seed43,baseline_circle,0,227,1540568639,success,45,11.25,0.28430906363538555,0,0.0,0,0.9046859439849022,14.457749906513426,16.548576951026917,8.527796665751042,24,2.1333333333333333,13,1.1555555555555554,0,0.0,9.416365326273068,1.1041967456952457,1,0.08888888888888889,0.0,0.0,0.0,0.9167252047327379
bayes_mean-fix-seed43,baseline_circle,0,228,1540568640,success,43,10.75,0.18630211072319558,0,0.0,2,0.6802104508405851,14.424889673327291,16.03662073612213,9.165997421233667,31,2.883720930232558,18,1.6744186046511629,1,0.09302325581395349,13.864256261950063,1.5125747504393305,3,0.27906976744186046,0.0,0.0,0.0,0.8541825708588006
bayes_mean-fix-seed43,baseline_circle,0,229,1540568641,success,38,9.5,0.8893906142660678,0,0.0,0,2.442025682508168,14.355632721593505,15.977896563708782,9.331219649809189,15,1.5789473684210527,7,0.7368421052631579,0,0.0,6.0384056258965355,0.6471185817622472,1,0.10526315789473684,0.0,0.0,0.0,0.8307035078444363
bayes_mean-fix-seed43,baseline_circle,0,230,1540568642,success,46,11.5,0.18365092610841427,0,0.0,2,0.9941909196607375,14.40455416298431,16.221278347074986,8.828813286139125,27,2.347826086956522,14,1.2173913043478262,5,0.43478260869565216,20.43152166094182,2.3141866294781055,10,0.8695652173913043,0.0,0.0,0.043478260869565216,0.8870153640588778
bayes_mean-fix-seed43,baseline_circle,0,231,1540568643,success,42,10.5,0.24774350435160541,0,0.0,0,0.9302397923575292,14.578103132191158,16.876823268830776,8.165137584807843,27,2.5714285714285716,16,1.5238095238095237,1,0.09523809523809523,10.862837340200631,1.3303924431612961,3,0.2857142857142857,0.0,0.0,0.0,0.9484984565498702
bayes_mean-fix-seed43,baseline_circle,0,232,1540568644,success,40,10.0,0.15374053473005977,0,0.0,2,0.5185944180008103,14.520133472979069,16.327739320695397,8.719986561543603,22,2.2,8,0.8,0,0.0,6.494681047629487,0.7448040202575501,1,0.1,0.0,0.0,0.0,0.884028198812662
bayes_mean-fix-seed43,baseline_circle,0,233,1540568645,success,46,11.5,0.2905568700893453,0,0.0,0,0.8226018834738735,14.359286540876264,16.020294278860092,9.085792534925107,20,1.7391304347826086,6,0.5217391304347826,0,0.0,8.413493911740147,0.9260055057827159,1,0.08695652173913043,0.0,0.0,0.021739130434782608,0.8550156080645891
bayes_mean-fix-seed43,baseline_circle,0,234,1540568646,success,36,9.0,0.1749864092233836,0,0.0,3,0.37526980350243017,14.109686844878727,16.045554541051388,8.560268236455437,13,1.4444444444444444,9,1.0,0,0.0,4.819910579286743,0.5630560218615919,1,0.1111111111111111,0.0,0.0,0.0,0.9083630677966786
bayes_mean-fix-seed43,baseline_circle,0,235,1540568647,success,40,10.0,0.29472171555865445,0,0.0,0,0.9551511015019196,14.188691135495901,16.653865948319435,8.386638329756696,22,2.2,15,1.5,0,0.0,10.783418076188173,1.2857855140751027,1,0.1,0.0,0.0,0.0,0.9245070644374441
bayes_mean-fix-seed43,baseline_circle,0,236,1540568648,success,43,10.75,0.2106235936501738,0,0.0,0,0.7241321721638159,14.18350134478059,15.651427954435349,8.90767574084206,21,1.9534883720930232,10,0.9302325581395349,2,0.18604651162790697,11.658342657437142,1.3087973784208555,4,0.37209302325581395,0.0,0.0,0.06976744186046512,0.8699388025070686
bayes_mean-fix-seed43,baseline_circle,0,237,1540568649,success,53,13.25,0.22188127060641194,0,0.0,0,1.3382006775845174,14.373939273492345,16.26276522874832,9.218282322496144,29,2.188679245283019,11,0.8301886792452831,0,0.0,13.327737601039685,1.4457940356757022,7,0.5283018867924528,0.0,0.0,0.03773584905660377,0.8506350358512347
bayes_mean-fix-seed43,baseline_circle,0,238,1540568650,success,40,10.0,0.15939058531919026,0,0.0,2,1.1318979432566265,14.253610465675592,16.257929429411888,9.078701408173623,18,1.8,8,0.8,0,0.0,7.113138694893332,0.7834973720458875,1,0.1,0.0,0.0,0.0,0.856837361393489
bayes_mean-fix-seed43,baseline_circle,0,239,1540568651,success,40,10.0,0.21245105576320578,0,0.0,0,1.4742947165129383,13.879684265702963,15.663369558751583,9.431144245753417,16,1.6,8,0.8,0,0.0,6.6040500656736265,0.7002384751614044,1,0.1,0.0,0.0,0.0,0.8424775261089437
bayes_mean-fix-seed43,baseline_circle,0,240,1540568652,success,44,11.0,0.14929272245619096,0,0.0,2,0.8250055442913741,14.184785922142593,15.559646300971508,9.64031277584776,29,2.6363636363636362,15,1.3636363636363635,0,0.0,10.71865593107767,1.1118576938635771,1,0.09090909090909091,0.0,0.0,0.0,0.8150899708648587
bayes_mean-fix-seed43,baseline_circle,0,241,1540568653,success,44,11.0,0.35613369687233454,0,0.0,0,0.8291710329733298,14.472911388359286,15.97652081400156,9.651406445955313,17,1.5454545454545454,8,0.7272727272727273,2,0.18181818181818182,9.08759397357231,0.9415823511795751,2,0.18181818181818182,0.0,0.0,0.06818181818181818,0.8032287536857844
bayes_mean-fix-seed43,baseline_circle,0,242,1540568654,success,53,13.25,0.22424786256723916,0,0.0,0,1.12790186093473,14.913926849950034,17.253214865922928,11.043763396676779,25,1.8867924528301887,8,0.6037735849056604,3,0.22641509433962265,14.789960175393334,1.3392137846636445,4,0.3018867924528302,0.13043478260869565,0.10869565217391304,0.1509433962264151,0.698478960653307
bayes_mean-fix-seed43,baseline_circle,0,243,1540568655,success,48,12.0,0.44175038784471476,0,0.0,0,1.6038979234488053,14.43775223257641,15.881218574941158,9.20302565382839,29,2.4166666666666665,13,1.0833333333333333,3,0.25,16.89039455479039,1.835308863641395,5,0.4166666666666667,0.04878048780487805,0.04878048780487805,0.0625,0.8454195130628943
bayes_mean-fix-seed43,baseline_circle,0,244,1540568656,success,41,10.25,0.2296384878897727,0,0.0,0,0.3788317331259805,14.347345272942286,16.029197722673416,9.608408673209524,17,1.6585365853658536,6,0.5853658536585366,0,0.0,7.821979122964723,0.8140764396058858,1,0.0975609756097561,0.0,0.0,0.0,0.8122080990187419
bayes_mean-fix-seed43,baseline_circle,0,245,1540568657,success,42,10.5,0.18728728157248553,0,0.0,2,1.0674622371132556,13.938571991665023,15.629239939153194,8.89368190326118,25,2.380952380952381,12,1.1428571428571428,1,0.09523809523809523,12.600252758229601,1.4167644958843508,6,0.5714285714285714,0.0,0.0,0.0,0.8721616190658011
bayes_mean-fix-seed43,baseline_circle,0,246,1540568658,success,47,11.75,0.20091519985586304,0,0.0,0,1.0670624435372562,14.241553763759898,16.106852889060974,9.806000174994661,26,2.2127659574468086,14,1.1914893617021276,0,0.0,15.163917226999125,1.5463916945124243,7,0.5957446808510638,0.0,0.0,0.02127659574468085,0.7935887259907234
bayes_mean-fix-seed43,baseline_circle,0,247,1540568659,success,42,10.5,0.21932865865222562,0,0.0,0,0.7968214941942916,14.39269720798447,16.648847796022892,9.130383388235664,26,2.4761904761904763,11,1.0476190476190477,2,0.19047619047619047,14.318890946592587,1.5682683122641075,1,0.09523809523809523,0.0,0.0,0.023809523809523808,0.8505815472414088
bayes_mean-fix-seed43,baseline_circle,0,248,1540568660,success,37,9.25,0.23944490634885085,0,0.0,0,0.8597426981111198,14.108715226521364,16.081328690052032,8.903924784641598,17,1.837837837837838,12,1.2972972972972974,0,0.0,6.855272453084627,0.7699158089148848,1,0.10810810810810811,0.0,0.0,0.0,0.8794304705864847
bayes_mean-fix-seed43,baseline_circle,0,249,1540568661,success,45,11.25,0.15848788885669363,0,0.0,1,0.6158143429090056,14.436550603972542,16.154738515615463,9.724469037338968,26,2.311111111111111,11,0.9777777777777777,0,0.0,11.286074580083312,1.1605851730051542,1,0.08888888888888889,0.0,0.0,0.0,0.8004943749030694
bayes_mean-fix-seed43,baseline_circle,0,250,1540568662,success,40,10.0,0.18945413160328584,0,0.0,1,0.5335332571882997,14.231227710843086,15.832998603582382,8.818099748319751,23,2.3,12,1.2,0,0.0,8.010281810643264,0.9083909276677876,1,0.1,0.0,0.0,0.0,0.8828410536410546
bayes_mean-fix-seed43,baseline_circle,0,251,1540568663,success,41,10.25,0.18077493362565744,0,0.0,1,1.206078907936772,14.117471601178007,16.070052981376648,8.547355014497578,20,1.951219512195122,12,1.170731707317073,0,0.0,9.960589502806062,1.1653417327245013,1,0.0975609756097561,0.0,0.0,0.0,0.9060351879805244
bayes_mean-fix-seed43,baseline_circle,0,252,1540568664,success,46,11.5,0.2174593589735837,0,0.0,0,2.090538641214088,14.482675444172775,16.379941254854202,10.190634161390035,23,2.0,9,0.782608695652174,0,0.0,11.91227359691991,1.1689433069879762,1,0.08695652173913043,0.05128205128205128,0.0,0.10869565217391304,0.7649554885023797
bayes_mean-fix-seed43,baseline_circle,0,253,1540568665,success,49,12.25,0.19320717299533996,0,0.0,2,0.5512306912791927,14.323879945643094,15.645409375429153,9.850087569482605,32,2.6122448979591835,22,1.7959183673469388,5,0.40816326530612246,24.5436469176612,2.4917186516901597,9,0.7346938775510204,0.0,0.0,0.061224489795918366,0.7883721903903427
bayes_mean-fix-seed43,baseline_circle,0,254,1540568666,success,46,11.5,0.31177764639401295,0,0.0,0,0.7245085541974399,14.47115773740022,16.3785545155406,8.302685791079936,25,2.1739130434782608,13,1.1304347826086956,0,0.0,8.828685642993701,1.0633529757899398,1,0.08695652173913043,0.0,0.0,0.0,0.9373188091075362
bayes_mean-fix-seed43,baseline_circle,0,255,1540568667,success,43,10.75,0.2032970629640437,0,0.0,0,0.6275871170745839,14.240556418202644,16.72239638864994,9.779670915401663,29,2.697674418604651,14,1.302325581395349,1,0.09302325581395349,11.84655007556112,1.211344448912325,1,0.09302325581395349,0.0,0.0,0.046511627906976744,0.8021898406201915
bayes_mean-fix-seed43,baseline_circle,0,256,1540568668,success,44,11.0,0.23067982447398505,0,0.0,0,1.7521468151510469,14.228481714698402,16.11885167658329,8.093454068538499,18,1.6363636363636365,6,0.5454545454545454,0,0.0,6.762591531597104,0.8355630951048667,3,0.2727272727272727,0.0,0.0,0.0,0.9608976578074636
bayes_mean-fix-seed43,baseline_circle,0,257,1540568669,success,43,10.75,0.33068299419987646,0,0.0,0,0.9047405434855583,14.24428517388743,16.014472395181656,8.151436436802808,16,1.4883720930232558,8,0.7441860465116279,2,0.18604651162790697,6.681210937363456,0.8196360223332602,1,0.09302325581395349,0.0,0.0,0.023255813953488372,0.9587737225189922
bayes_mean-fix-seed43,baseline_circle,0,258,1540568670,success,41,10.25,0.18145656443908664,0,0.0,1,0.5426251572885101,14.123416437608439,15.592142939567566,7.88240649436991,18,1.7560975609756098,9,0.8780487804878049,0,0.0,3.9874201683148924,0.5058633009047362,3,0.2926829268292683,0.0,0.0,0.0,0.9863342976314561
bayes_mean-fix-seed43,baseline_circle,0,259,1540568671,success,39,9.75,0.18923912964744494,0,0.0,1,1.51563440581204,14.120750320263397,16.283509135246277,9.479247099414074,17,1.7435897435897436,10,1.0256410256410255,0,0.0,6.996976595888313,0.7381363226960088,1,0.10256410256410256,0.0,0.0,0.0,0.8351665739020074
bayes_mean-fix-seed43,baseline_circle,0,260,1540568672,success,47,11.75,0.22781507396799838,0,0.0,0,0.6859050006940192,14.333083433039645,15.856102481484411,9.537349037493572,24,2.0425531914893615,8,0.6808510638297872,0,0.0,8.279947215559666,0.8681602385536314,2,0.1702127659574468,0.0,0.0,0.02127659574468085,0.814046293322207
bayes_mean-fix-seed43,baseline_circle,0,261,1540568673,success,44,11.0,0.21744083635672096,0,0.0,0,0.9079077024508581,14.116243374618618,15.925059281289577,8.84390529795512,24,2.1818181818181817,8,0.7272727272727273,0,0.0,9.777182000303295,1.1055276680273778,6,0.5454545454545454,0.0,0.0,0.0,0.8760111996442906
bayes_mean-fix-seed43,baseline_circle,0,262,1540568674,success,42,10.5,0.2667124461591972,0,0.0,0,1.3127272088302366,13.990783975237893,15.459313802421093,9.468525384047995,23,2.1904761904761907,11,1.0476190476190477,0,0.0,7.669665491500385,0.8100168907422246,1,0.09523809523809523,0.0,0.0,0.0,0.8186593863057224
bayes_mean-fix-seed43,baseline_circle,0,263,1540568675,success,39,9.75,0.21364601218735046,0,0.0,0,0.9962814310005067,14.070865435478014,15.260114520788193,8.93788450726443,19,1.9487179487179487,11,1.1282051282051282,0,0.0,7.040981455111343,0.7877682296508369,3,0.3076923076923077,0.0,0.0,0.0,0.8670303333594075
bayes_mean-fix-seed43,baseline_circle,0,264,1540568676,success,42,10.5,0.2411142503274486,0,0.0,0,0.5693702618378795,13.819022991117977,15.888196229934692,8.147922414453443,16,1.5238095238095237,10,0.9523809523809523,0,0.0,4.400568550392746,0.5400847389742767,1,0.09523809523809523,0.0,0.0,0.0,0.9660997381536547
bayes_mean-fix-seed43,baseline_circle,0,265,1540568677,success,43,10.75,0.3416645227662315,0,0.0,0,0.5423042421822837,14.211812078259712,16.05556085705757,8.21647678016126,25,2.3255813953488373,12,1.1162790697674418,0,0.0,7.679270773189326,0.9346184476211237,3,0.27906976744186046,0.0,0.0,0.0,0.9460394715488886
bayes_mean-fix-seed43,baseline_circle,0,266,1540568678,success,44,11.0,0.22240589088263074,0,0.0,0,0.5666249347059563,14.144479635764252,16.055775620043278,9.431502534700785,27,2.4545454545454546,15,1.3636363636363635,1,0.09090909090909091,14.578299071308464,1.5457027146704745,1,0.09090909090909091,0.0,0.0,0.022727272727272728,0.8268573116378753
bayes_mean-fix-seed43,baseline_circle,0,267,1540568679,success,44,11.0,0.27876110780054597,0,0.0,0,1.9652830120854548,14.18940130282532,16.158370673656464,8.282074894289371,23,2.090909090909091,10,0.9090909090909091,2,0.18181818181818182,9.303991081847595,1.1233889092530245,4,0.36363636363636365,0.0,0.0,0.022727272727272728,0.9326601758511418
bayes_mean-fix-seed43,baseline_circle,0,268,1540568680,success,47,11.75,0.23038124154545592,0,0.0,0,2.0378023541071975,14.355623579405723,16.513555869460106,8.628241173290439,23,1.9574468085106382,11,0.9361702127659575,1,0.0851063829787234,12.059130634129778,1.3976348588238343,4,0.3404255319148936,0.0,0.0,0.02127659574468085,0.9015034373547555
bayes_mean-fix-seed43,baseline_circle,0,269,1540568681,success,37,9.25,0.2504461289615386,0,0.0,0,0.8601585831579197,13.682367028416815,15.394037216901777,9.115692488912424,9,0.972972972972973,3,0.32432432432432434,0,0.0,3.9734103312529894,0.435886833182001,1,0.10810810810810811,0.0,0.0,0.0,0.8523875155912177
bayes_mean-fix-seed43,baseline_circle,0,270,1540568682,success,47,11.75,0.17834802111948234,0,0.0,1,1.2897373489877595,14.21502430705314,15.815168619155884,9.309880525421615,33,2.8085106382978724,19,1.6170212765957446,2,0.1702127659574468,24.381453740248492,2.6188793372452364,5,0.425531914893617,0.0,0.0,0.0851063829787234,0.8362604838433388
bayes_mean-fix-seed43,baseline_circle,0,271,1540568683,success,47,11.75,0.5104623671520471,0,0.0,0,2.80933491793861,14.061180914336063,15.833143517374992,8.668960626472117,24,2.0425531914893615,12,1.0212765957446808,1,0.0851063829787234,10.12384391069276,1.1678267265141238,5,0.425531914893617,0.0,0.0,0.0,0.9021383347562765
bayes_mean-fix-seed43,baseline_circle,0,272,1540568684,success,47,11.75,0.21619914605082424,0,0.0,0,1.9536417953114282,14.182652723281942,16.13624393939972,8.31515485146307,25,2.127659574468085,12,1.0212765957446808,0,0.0,8.650917592947117,1.040379613787345,4,0.3404255319148936,0.0,0.0,0.0,0.9318991473991727
bayes_mean-fix-seed43,baseline_circle,0,273,1540568685,success,42,10.5,0.17611583448467505,0,0.0,2,0.8923717963537228,14.271740225099382,16.16731584072113,8.167254347656236,26,2.4761904761904763,11,1.0476190476190477,0,0.0,7.702721271088942,0.9431224917464948,7,0.6666666666666666,0.0,0.0,0.0,0.9699751908971221
bayes_mean-fix-seed43,baseline_circle,0,274,1540568686,success,42,10.5,0.20769850950636182,0,0.0,0,0.36342009629009275,14.036211672992934,15.987757779657839,8.218280237637059,18,1.7142857142857142,8,0.7619047619047619,0,0.0,5.1690711313151985,0.6289723618382504,2,0.19047619047619047,0.0,0.0,0.0,0.9445320487794849
bayes_mean-fix-seed43,baseline_circle,0,275,1540568687,success,41,10.25,0.2004521084866454,0,0.0,0,0.48325014478696154,14.253067534144332,16.742240637540817,8.582930902991745,23,2.2439024390243905,13,1.2682926829268293,0,0.0,12.474392747342955,1.4533954529442579,3,0.2926829268292683,0.0,0.0,0.0,0.9027387508687909
bayes_mean-fix-seed43,baseline_circle,0,276,1540568688,success,42,10.5,0.17739409230345116,0,0.0,2,0.785858117188385,14.517700299620628,16.887814179062843,8.758661576405343,26,2.4761904761904763,17,1.619047619047619,5,0.47619047619047616,18.20652445602643,2.0786879704397254,9,0.8571428571428571,0.0,0.0,0.0,0.8978991409845049
bayes_mean-fix-seed43,baseline_circle,0,277,1540568689,success,45,11.25,0.2029406639265232,0,0.0,0,0.8442567186122848,14.348022060261833,16.08567386865616,9.063981077198898,23,2.0444444444444443,9,0.8,0,0.0,8.033954633504964,0.8863604816778534,5,0.4444444444444444,0.0,0.0,0.0,0.854158268810265
bayes_mean-fix-seed43,baseline_circle,0,278,1540568690,success,44,11.0,0.6107696944290363,0,0.0,0,1.9622139634434852,14.028980227356607,16.331497207283974,9.782958871437312,20,1.8181818181818181,11,1.0,4,0.36363636363636365,13.680597442070994,1.3984110146893667,4,0.36363636363636365,0.0,0.0,0.045454545454545456,0.7944367364071399
bayes_mean-fix-seed43,baseline_circle,0,279,1540568691,success,42,10.5,0.19102983968397835,0,0.0,3,0.6042103614471281,13.891393850956645,15.835495293140411,9.571506077935087,23,2.1904761904761907,10,0.9523809523809523,2,0.19047619047619047,13.99850956240705,1.4625190067712963,3,0.2857142857142857,0.0,0.0,0.07142857142857142,0.8161113892652384
bayes_mean-fix-seed43,baseline_circle,0,280,1540568692,success,43,10.75,0.24438543852710515,0,0.0,0,0.9397837801046408,14.166819754728051,15.501131489872932,8.195963568252884,17,1.5813953488372092,7,0.6511627906976745,1,0.09302325581395349,6.054162826252364,0.7386761514781742,3,0.27906976744186046,0.0,0.0,0.0,0.941752029267557
bayes_mean-fix-seed43,baseline_circle,0,281,1540568693,success,50,12.5,0.2683852028226992,0,0.0,0,2.167899000211314,14.396035820245743,16.351696476340294,9.45586555634697,25,2.0,8,0.64,2,0.16,13.811173393558645,1.4605932488420696,4,0.32,0.0,0.0,0.08,0.8212875045216882
bayes_mean-fix-seed43,baseline_circle,0,282,1540568694,success,44,11.0,0.23445968843855725,0,0.0,0,1.9967680359117184,14.163876460357146,16.172412037849426,8.516202932687978,21,1.9090909090909092,13,1.1818181818181819,2,0.18181818181818182,10.799982466097642,1.2681687544860831,7,0.6363636363636364,0.0,0.0,0.0,0.9103075140430517
bayes_mean-fix-seed43,baseline_circle,0,283,1540568695,success,42,10.5,0.18720736219152034,0,0.0,2,0.950233676410119,14.34680340545518,16.158640012145042,8.505560845912667,21,2.0,10,0.9523809523809523,2,0.19047619047619047,11.533772572608253,1.3560272839798433,3,0.2857142857142857,0.0,0.0,0.047619047619047616,0.9166685875732885
bayes_mean-fix-seed43,baseline_circle,0,284,1540568696,success,42,10.5,0.19777490192007763,0,0.0,1,0.8878727384713463,14.203351877984547,15.678253956139088,8.415191087750067,24,2.2857142857142856,15,1.4285714285714286,2,0.19047619047619047,13.978568308031733,1.6611112168778002,7,0.6666666666666666,0.0,0.0,0.023809523809523808,0.9150855536662253
bayes_mean-fix-seed43,baseline_circle,0,285,1540568697,success,42,10.5,0.15206370191230278,0,0.0,3,0.5298097330741359,14.308390606726919,16.396712511777878,9.027835616999953,26,2.4761904761904763,12,1.1428571428571428,2,0.19047619047619047,13.010508140988408,1.441154745495016,3,0.2857142857142857,0.0,0.0,0.047619047619047616,0.8683762204096692
bayes_mean-fix-seed43,baseline_circle,0,286,1540568698,success,47,11.75,0.2646347480458484,0,0.0,0,1.7866066990626182,14.263188189014475,15.988238528370857,8.171841235148944,22,1.872340425531915,10,0.851063829787234,2,0.1702127659574468,11.851014573017487,1.4502257486407815,3,0.2553191489361702,0.0,0.0,0.02127659574468085,0.9601994901400184
bayes_mean-fix-seed43,baseline_circle,0,287,1540568699,success,49,12.25,0.2832371776997601,0,0.0,0,1.2299017213879238,14.477820572804431,16.023187339305878,8.401959677707062,27,2.204081632653061,13,1.0612244897959184,1,0.08163265306122448,9.741107401513194,1.159385164315808,3,0.24489795918367346,0.0,0.0,0.02040816326530612,0.9241106383047868
bayes_mean-fix-seed43,baseline_circle,0,288,1540568700,success,46,11.5,0.32656489839217173,0,0.0,0,1.3768926668028358,14.125582316647405,16.007868573069572,9.23595968956707,31,2.6956521739130435,17,1.4782608695652173,4,0.34782608695652173,21.710254004474,2.350622429523797,6,0.5217391304347826,0.0,0.0,0.10869565217391304,0.840232690688918
bayes_mean-fix-seed43,baseline_circle,0,289,1540568701,success,43,10.75,0.2011633547962679,0,0.0,0,0.8571277636400114,14.222696943338526,15.914642438292503,9.404186680222475,27,2.511627906976744,16,1.4883720930232558,1,0.09302325581395349,12.255049321068533,1.3031482400111836,3,0.27906976744186046,0.0,0.0,0.0,0.827938790147362
bayes_mean-fix-seed43,baseline_circle,0,290,1540568702,success,43,10.75,0.20112710622782415,0,0.0,0,0.5463005010781771,14.268346304117246,15.692472830414772,8.329619953005182,25,2.3255813953488373,15,1.3953488372093024,0,0.0,10.7970972381451,1.2962292756525697,5,0.46511627906976744,0.0,0.0,0.0,0.9377591321918387
bayes_mean-fix-seed43,baseline_circle,0,291,1540568703,success,43,10.75,0.2261592438837795,0,0.0,0,0.8303330240131792,14.333529527797255,15.90437963604927,9.662893449476782,20,1.8604651162790697,7,0.6511627906976745,0,0.0,8.687853404076765,0.8990944016408655,1,0.09302325581395349,0.0,0.0,0.023255813953488372,0.8035393725856098
bayes_mean-fix-seed43,baseline_circle,0,292,1540568704,success,47,11.75,0.2574354151161693,0,0.0,0,1.4193080591936769,14.333722201433588,16.02031923830509,8.167663839052045,21,1.7872340425531914,8,0.6808510638297872,2,0.1702127659574468,10.01622306058725,1.226326555299288,5,0.425531914893617,0.0,0.0,0.02127659574468085,0.9479860035212413
bayes_mean-fix-seed43,baseline_circle,0,293,1540568705,success,38,9.5,0.26258401233454776,0,0.0,0,0.8418042932896126,14.290497491234227,16.421563178300858,9.366913443566391,10,1.0526315789473684,2,0.21052631578947367,0,0.0,4.162367728215852,0.4443691887720762,1,0.10526315789473684,0.0,0.0,0.0,0.8425811592305051
bayes_mean-fix-seed43,baseline_circle,0,294,1540568706,success,43,10.75,0.17112760032065133,0,0.0,2,1.1437048727776455,14.250626830860625,16.509893536567688,9.433519149672623,18,1.6744186046511629,8,0.7441860465116279,2,0.18604651162790697,13.989207867365337,1.4829256871600047,4,0.37209302325581395,0.1388888888888889,0.1388888888888889,0.11627906976744186,0.8215752559349981
bayes_mean-fix-seed43,baseline_circle,0,295,1540568707,success,43,10.75,0.37729111255782743,0,0.0,0,1.4771325146977163,14.035074776688287,15.412512421607971,8.351377596811403,19,1.7674418604651163,7,0.6511627906976745,0,0.0,8.016084669691718,0.959851782148169,3,0.27906976744186046,0.0,0.0,0.0,0.930138969404216
bayes_mean-fix-seed43,baseline_circle,0,296,1540568708,success,47,11.75,0.21707173448539452,0,0.0,0,1.0180883288139415,14.566818846667067,16.151178255677223,8.840301939353802,21,1.7872340425531914,8,0.6808510638297872,1,0.0851063829787234,12.668852647190558,1.4330791792069277,5,0.425531914893617,0.0,0.0,0.02127659574468085,0.8864613569609787
bayes_mean-fix-seed43,baseline_circle,0,297,1540568709,success,47,11.75,0.3088226523741626,0,0.0,0,1.7787848846066374,14.286646738331369,15.78666865825653,9.61288222283812,27,2.297872340425532,13,1.1063829787234043,2,0.1702127659574468,12.467786569111754,1.2969873426193657,3,0.2553191489361702,0.0,0.0,0.06382978723404255,0.8086521633009147
bayes_mean-fix-seed43,baseline_circle,0,298,1540568710,success,41,10.25,0.26893569002532824,0,0.0,0,1.1072437541882307,14.408862354551873,16.48588478565216,9.717022828832476,22,2.1463414634146343,12,1.170731707317073,0,0.0,6.660834219279865,0.6854809684624544,1,0.0975609756097561,0.0,0.0,0.0,0.8087870479258783
bayes_mean-fix-seed43,baseline_circle,0,299,1540568711,success,41,10.25,0.23395567229136582,0,0.0,0,1.2608382110164558,14.161493538356408,16.29381626844406,9.894734909186667,16,1.5609756097560976,8,0.7804878048780488,0,0.0,5.95270272342964,0.6016030523367446,1,0.0975609756097561,0.0,0.0,0.0,0.7939579311775545
bayes_mean-fix-seed43,baseline_circle,0,300,1540568712,success,38,9.5,0.19718967144345712,0,0.0,1,0.4417657802158914,14.126642067965708,15.586789697408676,8.935944155694674,21,2.210526315789474,13,1.368421052631579,0,0.0,10.851915456654318,1.214411736194506,3,0.3157894736842105,0.0,0.0,0.0,0.8671293023841584
bayes_mean-fix-seed43,baseline_circle,0,301,1540568713,success,40,10.0,0.18810276023892902,0,0.0,2,0.8926245514992501,14.133807830512524,15.64750075340271,8.468977874654897,19,1.9,10,1.0,0,0.0,10.574617784532569,1.2486297568658455,3,0.3,0.0,0.0,0.0,0.9189605414875571
bayes_mean-fix-seed43,baseline_circle,0,302,1540568714,success,45,11.25,0.04754233897151172,0,0.0,5,0.2900719692557254,14.305671138895882,16.132337599992752,10.088197833153764,26,2.311111111111111,10,0.8888888888888888,1,0.08888888888888889,11.821181024873535,1.1717832283209704,3,0.26666666666666666,0.07894736842105263,0.0,0.08888888888888889,0.7861628172090366
bayes_mean-fix-seed43,baseline_circle,0,303,1540568715,success,45,11.25,0.3653501869008873,0,0.0,0,0.6508805846800532,14.12758140100373,15.790588408708572,9.066893131305019,31,2.7555555555555555,17,1.511111111111111,0,0.0,11.652399798986739,1.2851590539602602,3,0.26666666666666666,0.0,0.0,0.022222222222222223,0.8543360859519322
bayes_mean-fix-seed43,baseline_circle,0,304,1540568716,success,39,9.75,0.19575070322844046,0,0.0,1,0.5190484175231326,14.00744351438987,15.327293425798416,8.933005014498718,21,2.1538461538461537,9,0.9230769230769231,0,0.0,9.840627332827534,1.1016032473793196,3,0.3076923076923077,0.0,0.0,0.0,0.8726302584899438
bayes_mean-fix-seed43,baseline_circle,0,305,1540568717,success,37,9.25,0.8744047969570364,0,0.0,0,2.358964733714769,14.193987725554285,16.090986132621765,9.120319742322026,10,1.0810810810810811,3,0.32432432432432434,0,0.0,3.837790412108361,0.42079559933622046,1,0.10810810810810811,0.0,0.0,0.0,0.8618564823850383
bayes_mean-fix-seed43,baseline_circle,0,306,1540568718,success,44,11.0,0.19565045083090815,0,0.0,2,0.9248984025790908,13.976922258734703,15.728466585278511,8.60256172395513,27,2.4545454545454546,13,1.1818181818181819,2,0.18181818181818182,14.545544515608842,1.6908387271554914,7,0.6363636363636364,0.0,0.0,0.045454545454545456,0.9081349218469089
bayes_mean-fix-seed43,baseline_circle,0,307,1540568719,success,43,10.75,0.261406290993744,0,0.0,0,1.4304017233258361,14.27128070662188,15.80636240541935,9.653888605304003,25,2.3255813953488373,11,1.0232558139534884,1,0.09302325581395349,12.593994127860334,1.3045514240697775,3,0.27906976744186046,0.0,0.0,0.023255813953488372,0.8051195971152482
bayes_mean-fix-seed43,baseline_circle,0,308,1540568720,success,41,10.25,0.20170031570495872,0,0.0,0,1.0175346990701062,14.313443495732981,16.123592853546143,9.532302074758572,16,1.5609756097560976,4,0.3902439024390244,1,0.0975609756097561,7.851610863212069,0.823684646335647,2,0.1951219512195122,0.0,0.0,0.04878048780487805,0.8238592214713056
bayes_mean-fix-seed43,baseline_circle,0,309,1540568721,success,41,10.25,0.20704972052602977,0,0.0,0,0.6215796087369118,14.1712070056578,15.849374234676361,9.419142520327851,22,2.1463414634146343,9,0.8780487804878049,0,0.0,7.898239877959678,0.8385306688920091,1,0.0975609756097561,0.0,0.0,0.0,0.8343574488361428
bayes_mean-fix-seed43,baseline_circle,0,310,1540568722,success,46,11.5,0.16901081702075305,0,0.0,3,0.41030217431121513,14.417083367057469,16.012470237910748,9.217833174359368,28,2.4347826086956523,12,1.0434782608695652,3,0.2608695652173913,15.403629218743987,1.6710683440866814,3,0.2608695652173913,0.0,0.0,0.043478260869565216,0.8463639769913013
bayes_mean-fix-seed43,baseline_circle,0,311,1540568723,success,44,11.0,0.20569751383845425,0,0.0,0,0.7495861793220254,14.46333984759721,16.226162388920784,8.899530143044322,25,2.272727272727273,12,1.0909090909090908,1,0.09090909090909091,11.492382103442768,1.2913470620047243,6,0.5454545454545454,0.0,0.0,0.06818181818181818,0.874495632100385
bayes_mean-fix-seed43,baseline_circle,0,312,1540568724,success,45,11.25,0.17970061442999152,0,0.0,2,0.5690162109927915,14.578829126225578,16.311942040920258,8.428458366354963,17,1.511111111111111,6,0.5333333333333333,1,0.08888888888888889,8.409372196137301,0.9977355087504672,2,0.17777777777777778,0.05263157894736842,0.02631578947368421,0.06666666666666667,0.9184655641323007
bayes_mean-fix-seed43,baseline_circle,0,313,1540568725,success,41,10.25,0.4615710413989246,0,0.0,0,1.1253786637652434,14.691881926321402,16.296353191137314,9.263670313661061,26,2.5365853658536586,14,1.3658536585365855,1,0.0975609756097561,9.42118575799491,1.0170035675925948,1,0.0975609756097561,0.0,0.0,0.024390243902439025,0.8373406774557567
bayes_mean-fix-seed43,baseline_circle,0,314,1540568726,success,37,9.25,0.6092361314031772,0,0.0,0,1.8655173105615064,14.097822779739225,16.326197236776352,9.131705864205731,11,1.1891891891891893,4,0.43243243243243246,0,0.0,4.4724976614599345,0.4897767983297772,1,0.10810810810810811,0.0,0.0,0.0,0.845831787202398
bayes_mean-fix-seed43,baseline_circle,0,315,1540568727,success,52,13.0,0.2113463111491226,0,0.0,0,1.343781111117851,14.8340707931381,17.23371148109436,10.583274830747673,33,2.5384615384615383,12,0.9230769230769231,5,0.38461538461538464,25.65759531229206,2.424353115894604,9,0.6923076923076923,0.1111111111111111,0.044444444444444446,0.17307692307692307,0.7363335579584795
bayes_mean-fix-seed43,baseline_circle,0,316,1540568728,success,48,12.0,0.2843508762914053,0,0.0,0,1.7727506527456842,14.446919861560067,16.375502198934555,9.890789991104294,29,2.4166666666666665,18,1.5,4,0.3333333333333333,16.50500650887997,1.6687247958681213,7,0.5833333333333334,0.0,0.0,0.10416666666666667,0.7891062241307072
bayes_mean-fix-seed43,baseline_circle,0,317,1540568729,success,48,12.0,0.2661103341233044,0,0.0,0,1.1271097544313333,14.321144670248032,16.05138648301363,9.64492415565783,30,2.5,19,1.5833333333333333,7,0.5833333333333334,27.923238968773216,2.8951227109850426,5,0.4166666666666667,0.024390243902439025,0.024390243902439025,0.14583333333333334,0.807490967893424
bayes_mean-fix-seed43,baseline_circle,0,318,1540568730,success,43,10.75,0.30398530777278343,0,0.0,0,0.7408630809657626,14.136558268652406,16.037091612815857,9.322562609188187,24,2.2325581395348837,12,1.1162790697674418,1,0.09302325581395349,15.152933090425359,1.625404271942442,1,0.09302325581395349,0.0,0.0,0.09302325581395349,0.8319945418134463
bayes_mean-fix-seed43,baseline_circle,0,319,1540568731,success,48,12.0,0.23006383396127705,0,0.0,0,1.4908014984569586,14.554059132933617,16.374781727790833,9.39161616435987,26,2.1666666666666665,10,0.8333333333333334,8,0.6666666666666666,20.34487164941459,2.16628014745972,3,0.25,0.024390243902439025,0.024390243902439025,0.10416666666666667,0.832659592916344
bayes_mean-fix-seed43,baseline_circle,0,320,1540568732,success,46,11.5,0.1774439964211585,0,0.0,5,0.8177802894816407,14.754465983613677,16.516778618097305,9.705221575344321,22,1.9130434782608696,8,0.6956521739130435,3,0.2608695652173913,17.080002535254522,1.7598776496402204,5,0.43478260869565216,0.0,0.0,0.08695652173913043,0.8082941736511484
bayes_mean-fix-seed43,baseline_circle,0,321,1540568733,success,53,13.25,0.21101916553318578,0,0.0,0,0.9742751961710779,14.320233450183329,16.16310030221939,10.81313369991069,33,2.490566037735849,15,1.1320754716981132,2,0.1509433962264151,14.404745290793368,1.3321527034214276,1,0.07547169811320754,0.08695652173913043,0.0,0.11320754716981132,0.7210844557240983
bayes_mean-fix-seed43,baseline_circle,0,322,1540568734,success,44,11.0,0.19240804563772917,0,0.0,1,0.8478512419957988,14.32083174586296,15.950795821845531,8.528032443026238,25,2.272727272727273,13,1.1818181818181819,1,0.09090909090909091,12.22382857926926,1.4333703185270177,1,0.09090909090909091,0.0,0.0,0.0,0.9136998051806549
bayes_mean-fix-seed43,baseline_circle,0,323,1540568735,success,38,9.5,0.2046304159475799,0,0.0,0,1.2361286018625741,14.239814230485967,16.186178475618362,9.244126607477618,19,2.0,11,1.1578947368421053,0,0.0,5.963797529459015,0.6451445098809953,1,0.10526315789473684,0.0,0.0,0.0,0.838681399954578
bayes_mean-fix-seed43,baseline_circle,0,324,1540568736,success,41,10.25,0.409537137222831,0,0.0,0,1.5012072397827085,13.851218470712988,15.746012330055237,8.901518314382496,20,1.951219512195122,11,1.0731707317073171,0,0.0,9.013155384658376,1.0125413515237622,3,0.2926829268292683,0.0,0.0,0.0,0.8763827694467077
bayes_mean-fix-seed43,baseline_circle,0,325,1540568737,success,40,10.0,0.21195033958330323,0,0.0,0,1.2614482293830478,14.277073182165623,15.616917796432972,8.77074784078792,22,2.2,16,1.6,0,0.0,10.557598884165955,1.2037284705721871,3,0.3,0.0,0.0,0.0,0.8905244378189073
bayes_mean-fix-seed43,baseline_circle,0,326,1540568738,success,43,10.75,0.19304270782213506,0,0.0,1,0.6247703754543005,14.495921429506568,15.91348610818386,9.253130824189256,19,1.7674418604651163,6,0.5581395348837209,1,0.09302325581395349,9.049966895156796,0.9780437634685382,2,0.18604651162790697,0.0,0.0,0.046511627906976744,0.8388103574317102
bayes_mean-fix-seed43,baseline_circle,0,327,1540568739,success,51,12.75,0.21397033386503772,0,0.0,0,1.1064334791641333,14.355216759677027,16.57240465283394,10.740438843558508,31,2.4313725490196076,14,1.0980392156862746,3,0.23529411764705882,22.017455953865852,2.0499586911265406,5,0.39215686274509803,0.09090909090909091,0.0,0.13725490196078433,0.7236041294697523
bayes_mean-fix-seed43,baseline_circle,0,328,1540568740,success,38,9.5,0.22327217442123448,0,0.0,0,0.48114097797949545,13.792181093441812,16.063987091183662,9.038639938861188,17,1.7894736842105263,11,1.1578947368421053,1,0.10526315789473684,6.915675543873149,0.7651234688683131,2,0.21052631578947367,0.0,0.0,0.0,0.8645253083641061
bayes_mean-fix-seed43,baseline_circle,0,329,1540568741,success,46,11.5,0.2197961247915975,0,0.0,0,0.9172712489722347,13.98187511317108,15.94432257115841,9.63089060391291,33,2.869565217391304,15,1.3043478260869565,5,0.43478260869565216,22.32952087467256,2.3185312545861914,3,0.2608695652173913,0.0,0.0,0.06521739130434782,0.8032134502144315
bayes_mean-fix-seed43,baseline_circle,0,330,1540568742,success,36,9.0,0.2101669944658614,0,0.0,0,1.7670885238442555,14.128398460646471,15.592209063470364,8.903725494968546,10,1.1111111111111112,4,0.4444444444444444,0,0.0,3.8025714854442136,0.42707645104209796,1,0.1111111111111111,0.0,0.0,0.0,0.868921651787889
bayes_mean-fix-seed43,baseline_circle,0,331,1540568743,success,41,10.25,0.28968925261505774,0,0.0,0,2.0096923338461297,14.434782015841181,16.16787537932396,8.423639371775536,20,1.951219512195122,14,1.3658536585365855,4,0.3902439024390244,13.59141425347221,1.6134848197575924,1,0.0975609756097561,0.0,0.0,0.04878048780487805,0.9210788593146074
bayes_mean-fix-seed43,baseline_circle,0,332,1540568744,success,42,10.5,0.17076588934322767,0,0.0,2,0.6069708271349924,14.696698635816574,16.602851822972298,8.355840661878407,25,2.380952380952381,14,1.3333333333333333,0,0.0,7.324492060078207,0.8765715331904915,3,0.2857142857142857,0.0,0.0,0.0,0.9305092683704258
bayes_mean-fix-seed43,baseline_circle,0,333,1540568745,success,46,11.5,0.19658486489533056,0,0.0,1,0.6373870526235644,14.303827901249347,16.13270677626133,9.121329531364733,32,2.782608695652174,20,1.7391304347826086,4,0.34782608695652173,19.425810186700907,2.1297125731400275,5,0.43478260869565216,0.0,0.0,0.021739130434782608,0.8550374140444945
bayes_mean-fix-seed43,baseline_circle,0,334,1540568746,success,39,9.75,0.28176032663364625,0,0.0,0,0.9091253941304712,14.146307626595863,15.673710405826569,9.281422261280836,15,1.5384615384615385,7,0.717948717948718,2,0.20512820512820512,9.45825842086218,1.019052700610234,2,0.20512820512820512,0.0,0.0,0.02564102564102564,0.8361863342159237
bayes_mean-fix-seed43,baseline_circle,0,335,1540568747,success,48,12.0,0.7285803212931751,0,0.0,0,2.635244094078105,14.472145354375243,15.663390420377254,8.729403792958408,21,1.75,7,0.5833333333333334,0,0.0,7.64638142013831,0.8759339814600259,5,0.4166666666666667,0.0,0.0,0.0,0.8919166372808974
bayes_mean-fix-seed43,baseline_circle,0,336,1540568748,success,39,9.75,0.253546785995336,0,0.0,0,2.5270947751961907,14.226175940189606,15.857310220599174,9.237857394681962,23,2.358974358974359,12,1.2307692307692308,0,0.0,9.06408818514373,0.9811894466309615,2,0.20512820512820512,0.0,0.0,0.0,0.8460777356250562
bayes_mean-fix-seed43,baseline_circle,0,337,1540568749,success,47,11.75,0.20020892492072273,0,0.0,0,0.7091002763863046,14.11608099303347,15.926002711057663,8.253169291346909,23,1.9574468085106382,13,1.1063829787234043,2,0.1702127659574468,14.131218576568632,1.7122172195576557,4,0.3404255319148936,0.0,0.0,0.02127659574468085,0.9463336988552535
bayes_mean-fix-seed43,baseline_circle,0,338,1540568750,success,51,12.75,0.23723709449496966,0,0.0,0,1.331089845527145,14.596973491065642,16.882173717021942,8.984352902718083,25,1.9607843137254901,11,0.8627450980392157,3,0.23529411764705882,18.92275504717067,2.1061900898222587,7,0.5490196078431373,0.0,0.0,0.058823529411764705,0.8698073816669755
bayes_mean-fix-seed43,baseline_circle,0,339,1540568751,success,39,9.75,0.19099463615835643,0,0.0,2,0.66480967793611,14.284428400106918,16.382688283920288,9.005425412863655,18,1.8461538461538463,10,1.0256410256410255,0,0.0,7.5517210831227946,0.8385746077398698,1,0.10256410256410256,0.0,0.0,0.0,0.8740458176150667
bayes_mean-fix-seed43,baseline_circle,0,340,1540568752,success,46,11.5,0.25095668789581915,0,0.0,0,0.814140558899217,14.155408286530038,16.189041547477245,9.091663657321403,28,2.4347826086956523,16,1.391304347826087,5,0.43478260869565216,20.687431258218467,2.2754285725868377,11,0.9565217391304348,0.0,0.0,0.0,0.8523632695084775
bayes_mean-fix-seed43,baseline_circle,0,341,1540568753,success,45,11.25,0.2114850401376711,0,0.0,0,1.3975690628788071,14.435427056418526,16.6367307305336,9.225742097716456,26,2.311111111111111,13,1.1555555555555554,4,0.35555555555555557,17.362577211247803,1.8819707972917827,5,0.4444444444444444,0.0,0.0,0.044444444444444446,0.8443800174514811
bayes_mean-fix-seed43,baseline_circle,0,342,1540568754,success,38,9.5,0.4417737445989237,0,0.0,0,1.0601206043719547,13.957362131852852,15.84028135985136,9.200752192619534,16,1.6842105263157894,8,0.8421052631578947,0,0.0,6.398543314681259,0.6954369795780293,1,0.10526315789473684,0.0,0.0,0.0,0.8373006804100394
bayes_mean-fix-seed43,baseline_circle,0,343,1540568755,success,47,11.75,0.2172382434863075,0,0.0,0,1.1597077116726418,14.38827265767341,16.202299669384956,10.515857705636577,25,2.127659574468085,12,1.0212765957446808,1,0.0851063829787234,14.074512864098915,1.3384084549332456,4,0.3404255319148936,0.0,0.0,0.0425531914893617,0.7397143653395278
bayes_mean-fix-seed43,baseline_circle,0,344,1540568756,success,38,9.5,0.20666952397387672,0,0.0,0,0.9734141648288613,14.509652692236399,16.228612884879112,9.207577069329242,15,1.5789473684210527,9,0.9473684210526315,0,0.0,6.035326279909266,0.655473881398522,1,0.10526315789473684,0.0,0.0,0.0,0.8479580461627467
bayes_mean-fix-seed43,baseline_circle,0,345,1540568757,success,43,10.75,0.7059505737930692,0,0.0,0,2.4874319885000817,14.21258295344752,16.201402619481087,10.021399469147221,21,1.9534883720930232,12,1.1162790697674418,1,0.09302325581395349,10.665211517541286,1.0642437266747187,1,0.09302325581395349,0.0,0.0,0.023255813953488372,0.7783162782049174
bayes_mean-fix-seed43,baseline_circle,0,346,1540568758,success,54,13.5,0.19161181371288527,0,0.0,2,1.0875093599978978,14.453237807309186,16.521773487329483,11.054166954473189,36,2.6666666666666665,20,1.4814814814814814,6,0.4444444444444444,25.122269924380987,2.2726515736416473,6,0.4444444444444444,0.10638297872340426,0.10638297872340426,0.09259259259259259,0.7039234592054847
bayes_mean-fix-seed43,baseline_circle,0,347,1540568759,success,43,10.75,0.1997792401737547,0,0.0,1,0.44580828560440827,14.455170912104984,16.29287302494049,8.791198317151919,28,2.604651162790698,15,1.3953488372093024,0,0.0,11.632191753497665,1.3231633884089355,5,0.46511627906976744,0.0,0.0,0.023255813953488372,0.8857670483243804
bayes_mean-fix-seed43,baseline_circle,0,348,1540568760,success,41,10.25,0.16865856492141817,0,0.0,3,0.4817431595448972,14.243210234293123,16.61960780620575,9.295309834157665,25,2.4390243902439024,16,1.5609756097560976,2,0.1951219512195122,14.615992472860384,1.5724050874722537,3,0.2926829268292683,0.0,0.0,0.04878048780487805,0.8460048050355538
bayes_mean-fix-seed43,baseline_circle,0,349,1540568761,success,41,10.25,0.1665962048765074,0,0.0,1,0.5719733837645703,13.815004378557205,15.813089907169342,8.793936881207165,26,2.5365853658536586,9,0.8780487804878049,0,0.0,7.868236219514754,0.8947342158356114,1,0.0975609756097561,0.0,0.0,0.0,0.8933415573027851
bayes_mean-fix-seed43,baseline_circle,0,350,1540568762,success,43,10.75,0.16219267451871677,0,0.0,2,0.9398510898958432,14.138773863398752,15.644874423742294,9.132116934386872,23,2.13953488372093,14,1.302325581395349,2,0.18604651162790697,14.258140486439615,1.5613182122921319,1,0.09302325581395349,0.027777777777777776,0.027777777777777776,0.06976744186046512,0.8634017732577265
bayes_mean-fix-seed43,baseline_circle,0,351,1540568763,success,40,10.0,0.21373032751457022,0,0.0,0,1.2654155810099734,13.969247322529554,15.608209930360317,9.314764332815752,23,2.3,13,1.3,0,0.0,10.438841331859631,1.1206769123598517,3,0.3,0.0,0.0,0.0,0.8455992179345557
bayes_mean-fix-seed43,baseline_circle,0,352,1540568764,success,45,11.25,0.15302241227593893,0,0.0,6,0.4427634132839763,14.290268305275175,15.89452475309372,8.743173339143791,31,2.7555555555555555,15,1.3333333333333333,1,0.08888888888888889,12.140291317883012,1.3885451937147453,4,0.35555555555555557,0.0,0.0,0.06666666666666667,0.8887418736104787
bayes_mean-fix-seed43,baseline_circle,0,353,1540568765,success,42,10.5,0.19072273001667295,0,0.0,1,0.8845222577151965,14.10192082680407,15.94314444810152,8.804911263857178,23,2.1904761904761907,12,1.1428571428571428,1,0.09523809523809523,8.810584770944011,1.0006443570998973,3,0.2857142857142857,0.0,0.0,0.07142857142857142,0.8922870339076168
bayes_mean-fix-seed43,baseline_circle,0,354,1540568766,success,48,12.0,0.18041367312416112,0,0.0,1,0.41789226056809087,14.111187076196074,15.819637104868889,10.479571256654264,30,2.5,16,1.3333333333333333,1,0.08333333333333333,17.2950040160573,1.6503541597730356,7,0.5833333333333334,0.0,0.0,0.041666666666666664,0.742131433516502
bayes_mean-fix-seed43,baseline_circle,0,355,1540568767,success,42,10.5,0.3419841024404683,0,0.0,0,1.8815765509146272,14.251376280472392,15.711178444325924,8.231847776208289,20,1.9047619047619047,11,1.0476190476190477,2,0.19047619047619047,9.069629097273058,1.1017731794659915,4,0.38095238095238093,0.0,0.0,0.023809523809523808,0.9429724656093368
bayes_mean-fix-seed43,baseline_circle,0,356,1540568768,success,44,11.0,0.3114118637696913,0,0.0,0,1.1349919824563897,14.438220299780369,15.925065614283085,8.528907324064177,22,2.0,13,1.1818181818181819,0,0.0,5.563974523363165,0.6523666293880929,1,0.09090909090909091,0.0,0.0,0.0,0.9166153382577803
bayes_mean-fix-seed43,baseline_circle,0,357,1540568769,success,43,10.75,0.25331353872419204,0,0.0,0,1.8723161446909515,14.121554878561996,15.764312446117401,8.1523382566907,21,1.9534883720930232,10,0.9302325581395349,1,0.09302325581395349,9.983729124778703,1.2246460844022222,6,0.5581395348837209,0.0,0.0,0.023255813953488372,0.9497877458438359
bayes_mean-fix-seed43,baseline_circle,0,358,1540568770,success,44,11.0,0.19046779743950593,0,0.0,1,0.9684892164693817,14.35651918026534,16.57792739570141,8.617092049120888,25,2.272727272727273,12,1.0909090909090908,2,0.18181818181818182,12.214599921826244,1.4174851390931087,6,0.5454545454545454,0.0,0.0,0.022727272727272728,0.8999382698097619
bayes_mean-fix-seed43,baseline_circle,0,359,1540568771,success,45,11.25,0.1907271625692759,0,0.0,1,0.5969817202850393,14.2569647067123,16.12159013748169,8.741437848215998,24,2.1333333333333333,9,0.8,0,0.0,7.782000507861611,0.890242617174222,3,0.26666666666666666,0.0,0.0,0.0,0.8950934056763848
bayes_mean-fix-seed43,baseline_circle,0,360,1540568772,success,54,13.5,0.23239654887829297,0,0.0,0,1.4680243327685392,14.276025333890209,15.831934846937656,10.73235367996493,33,2.4444444444444446,16,1.1851851851851851,2,0.14814814814814814,16.307976247065366,1.5195153582674936,1,0.07407407407407407,0.0425531914893617,0.0425531914893617,0.07407407407407407,0.7220651648962703
bayes_mean-fix-seed43,baseline_circle,0,361,1540568773,success,41,10.25,0.20856799783956714,0,0.0,0,1.1542779346050178,14.022685133102463,15.63366875052452,8.316555347859607,20,1.951219512195122,15,1.4634146341463414,2,0.1951219512195122,9.70709296376666,1.1672011497241979,3,0.2926829268292683,0.0,0.0,0.024390243902439025,0.9329269711720857
bayes_mean-fix-seed43,baseline_circle,0,362,1540568774,success,54,13.5,0.1891790743270252,0,0.0,1,1.0675767523864907,14.223704321516884,16.074625961482525,10.087768014037781,36,2.6666666666666665,24,1.7777777777777777,9,0.6666666666666666,32.63732750191013,3.235336841260939,4,0.2962962962962963,0.14893617021276595,0.14893617021276595,0.14814814814814814,0.7685830781718633
bayes_mean-fix-seed43,baseline_circle,0,363,1540568775,success,44,11.0,0.3585702428146441,0,0.0,0,0.9826742915993413,14.20167511837049,16.22294671833515,9.846053114833147,23,2.090909090909091,11,1.0,2,0.18181818181818182,15.559930549072122,1.5803216139095349,3,0.2727272727272727,0.0,0.0,0.06818181818181818,0.7903647929429354
bayes_mean-fix-seed43,baseline_circle,0,364,1540568776,success,45,11.25,0.15404057815870398,0,0.0,2,1.0664744417746266,14.16250475578838,15.852585434913635,9.255802273616776,25,2.2222222222222223,12,1.0666666666666667,2,0.17777777777777778,16.965751248606576,1.83298548813717,1,0.08888888888888889,0.0,0.0,0.1111111111111111,0.8434846802113694
bayes_mean-fix-seed43,baseline_circle,0,365,1540568777,success,50,12.5,0.19873437422826756,0,0.0,1,2.0939335298918325,14.508024454116821,15.911361388862133,9.147679743533336,30,2.4,13,1.04,1,0.08,13.027662936755206,1.4241494348296027,5,0.4,0.0,0.0,0.02,0.8513344460812455
bayes_mean-fix-seed43,baseline_circle,0,366,1540568778,success,44,11.0,0.24800494139503104,0,0.0,0,1.1455312715084602,14.001451856033368,15.72798453271389,9.770278595048838,26,2.3636363636363638,12,1.0909090909090908,1,0.09090909090909091,12.513423373978416,1.2807642333064777,3,0.2727272727272727,0.0,0.0,0.0,0.8026750176089261
bayes_mean-fix-seed43,baseline_circle,0,367,1540568779,success,43,10.75,0.17908981539556756,0,0.0,1,0.47295664084154726,14.415629208087921,16.175102442502975,9.59233573130996,26,2.4186046511627906,8,0.7441860465116279,0,0.0,13.282275864046307,1.384675874166097,4,0.37209302325581395,0.0,0.0,0.023255813953488372,0.8047259458287707
bayes_mean-fix-seed43,baseline_circle,0,368,1540568780,success,42,10.5,0.21868937227508634,0,0.0,0,1.1350002507447878,14.180459791705722,15.816679038107395,8.436347611680795,21,2.0,9,0.8571428571428571,0,0.0,6.648238790951786,0.788047043218889,3,0.2857142857142857,0.0,0.0,0.0,0.9195958488740718
bayes_mean-fix-seed43,baseline_circle,0,369,1540568781,success,44,11.0,0.17697605237858405,0,0.0,2,1.0342469932575726,14.173295348882675,15.653498657047749,9.719225536003387,21,1.9090909090909092,7,0.6363636363636364,3,0.2727272727272727,16.274851853935296,1.6745008945051838,5,0.45454545454545453,0.0,0.0,0.045454545454545456,0.8081589610810689
bayes_mean-fix-seed43,baseline_circle,0,370,1540568782,success,43,10.75,0.20234979639245476,0,0.0,0,0.6634882592495792,13.941943212304004,15.966982394456863,8.308440563389444,21,1.9534883720930232,11,1.0232558139534884,0,0.0,6.644742455162044,0.7997580778806592,2,0.18604651162790697,0.0,0.0,0.0,0.9307414800467213
bayes_mean-fix-seed43,baseline_circle,0,371,1540568783,success,47,11.75,0.198531576338559,0,0.0,1,1.19762774769144,14.400787175969874,16.07995629310608,9.843833039985666,28,2.382978723404255,17,1.446808510638298,1,0.0851063829787234,16.795838094508767,1.7062294764939678,1,0.0851063829787234,0.0,0.0,0.06382978723404255,0.7891410773057863
bayes_mean-fix-seed43,baseline_circle,0,372,1540568784,success,41,10.25,1.0320169008046278,0,0.0,0,2.8531446307488917,14.084872040079862,15.485353767871857,9.843933375803408,18,1.7560975609756098,7,0.6829268292682927,0,0.0,6.848670390101455,0.6957249839719181,1,0.0975609756097561,0.0,0.0,0.04878048780487805,0.7910485340451666
bayes_mean-fix-seed43,baseline_circle,0,373,1540568785,success,57,14.25,0.20636374077452113,0,0.0,0,0.7077034411377707,14.54206634508936,16.4040744304657,10.842017732049072,43,3.017543859649123,23,1.6140350877192982,13,0.9122807017543859,45.702872777745256,4.215347540213597,17,1.1929824561403508,0.08,0.08,0.12280701754385964,0.7162150276815278
bayes_mean-fix-seed43,baseline_circle,0,374,1540568786,success,37,9.25,0.2932772370497282,0,0.0,0,1.0660362885390267,13.79023673566612,15.619587153196335,9.07268761893743,17,1.837837837837838,10,1.0810810810810811,0,0.0,6.134358416981209,0.6761346443998532,2,0.21621621621621623,0.0,0.0,0.0,0.8558202183525648
bayes_mean-fix-seed43,baseline_circle,0,375,1540568787,success,38,9.5,0.22927784370608728,0,0.0,0,0.7841676809367326,14.155109363951182,15.62663484364748,8.976676689355614,16,1.6842105263157894,8,0.8421052631578947,0,0.0,6.048805287223019,0.6738357074167087,1,0.10526315789473684,0.0,0.0,0.0,0.867285103120361
bayes_mean-fix-seed43,baseline_circle,0,376,1540568788,success,55,13.75,0.21510854413644098,0,0.0,0,0.5539905059612557,14.519019221717661,16.277537867426872,12.68495103051231,24,1.7454545454545454,14,1.018181818181818,6,0.43636363636363634,23.72477293898903,1.8703085949580407,4,0.2909090909090909,0.22916666666666666,0.20833333333333334,0.16363636363636364,0.6152163161629065
bayes_mean-fix-seed43,baseline_circle,0,377,1540568789,success,42,10.5,0.21418740151740767,0,0.0,0,0.9448440361726513,14.158185837524277,15.847540274262428,9.493933395092494,25,2.380952380952381,13,1.2380952380952381,0,0.0,9.641729006869099,1.0155673739877933,3,0.2857142857142857,0.0,0.0,0.0,0.8196579001656361
bayes_mean-fix-seed43,baseline_circle,0,378,1540568790,success,45,11.25,0.17028390566723284,0,0.0,2,0.6417243795836218,14.024177110857433,15.898724645376205,9.746608666041997,24,2.1333333333333333,8,0.7111111111111111,2,0.17777777777777778,15.276809818466633,1.567397475564226,4,0.35555555555555557,0.0,0.0,0.06666666666666667,0.7960323892236485
bayes_mean-fix-seed43,baseline_circle,0,379,1540568791,success,45,11.25,0.2023737406911672,0,0.0,0,0.9034549878571484,13.932075434260899,15.63280075788498,9.101280198511157,23,2.0444444444444443,14,1.2444444444444445,4,0.35555555555555557,21.3899823202444,2.3502168764943097,8,0.7111111111111111,0.0,0.0,0.06666666666666667,0.8500802321203466
bayes_mean-fix-seed43,baseline_circle,0,380,1540568792,success,42,10.5,0.2708763500659419,0,0.0,0,0.6573417310324638,14.15590179108438,15.70670511573553,8.915912824504845,17,1.619047619047619,3,0.2857142857142857,0,0.0,4.6646276263018915,0.523180039791489,1,0.09523809523809523,0.0,0.0,0.0,0.8677182872078024
bayes_mean-fix-seed43,baseline_circle,0,381,1540568793,success,39,9.75,0.43196701795431924,0,0.0,0,1.1006407083415313,14.055887762552652,15.53000994026661,9.413142367485731,14,1.435897435897436,4,0.41025641025641024,0,0.0,6.6409672565756885,0.7054995024312486,3,0.3076923076923077,0.0,0.0,0.0,0.8267925637794734
bayes_mean-fix-seed43,baseline_circle,0,382,1540568794,success,45,11.25,0.16350267659344242,0,0.0,6,0.42308903230073663,14.018305225504768,15.673073381185532,9.51311072521984,23,2.0444444444444443,12,1.0666666666666667,2,0.17777777777777778,15.564561228409723,1.636116899927078,5,0.4444444444444444,0.0,0.0,0.044444444444444446,0.8125615484007522
bayes_mean-fix-seed43,baseline_circle,0,383,1540568795,success,48,12.0,0.17276373734220996,0,0.0,2,0.6501267915759034,14.106455879906813,15.910990163683891,8.647253265193388,28,2.3333333333333335,13,1.0833333333333333,2,0.16666666666666666,11.469674331197503,1.3263950967372289,4,0.3333333333333333,0.0,0.0,0.020833333333333332,0.9073719924432123
bayes_mean-fix-seed43,baseline_circle,0,384,1540568796,success,53,13.25,0.2261356057055368,0,0.0,0,1.3649574014444839,14.544808850535807,15.762198716402054,11.652695645462154,29,2.188679245283019,16,1.2075471698113207,7,0.5283018867924528,24.983620491120703,2.1440206842482783,1,0.07547169811320754,0.21739130434782608,0.21739130434782608,0.18867924528301888,0.6653801209078238
bayes_mean-fix-seed43,baseline_circle,0,385,1540568797,success,43,10.75,0.2059026178334793,0,0.0,0,0.9521634606514188,14.050211150978887,15.525511652231216,9.218758899044506,22,2.046511627906977,10,0.9302325581395349,2,0.18604651162790697,12.380421176190334,1.3429596447601557,1,0.09302325581395349,0.0,0.0,0.0,0.8519880440275606
bayes_mean-fix-seed43,baseline_circle,0,386,1540568798,success,48,12.0,0.21107970477503335,0,0.0,0,0.6856556789568046,14.48136467176179,16.29304811358452,9.683681538762436,35,2.9166666666666665,15,1.25,2,0.16666666666666666,18.967248193812367,1.9586815322136628,5,0.4166666666666667,0.0,0.0,0.0625,0.8008681605214272
bayes_mean-fix-seed43,baseline_circle,0,387,1540568799,success,52,13.0,0.2255600465910539,0,0.0,0,1.0673731978662262,14.434154217059795,16.27149935811758,10.3895530924456,36,2.769230769230769,19,1.4615384615384615,3,0.23076923076923078,20.76146080648886,1.9983016229624764,7,0.5384615384615384,0.0,0.0,0.057692307692307696,0.7457654697775993
bayes_mean-fix-seed43,baseline_circle,0,388,1540568800,success,41,10.25,0.34646766870589873,0,0.0,0,0.7759273254984154,14.149629033920242,16.044072806835175,7.861363231956989,18,1.7560975609756098,7,0.6829268292682927,0,0.0,3.8414935014043188,0.4886548793202151,4,0.3902439024390244,0.0,0.0,0.0,0.9859381149060346
bayes_mean-fix-seed43,baseline_circle,0,389,1540568801,success,48,12.0,0.19495286573217585,0,0.0,1,1.6248634990673547,14.487176823119322,16.475754790008068,9.172502855193601,31,2.5833333333333335,17,1.4166666666666667,2,0.16666666666666666,19.13483373721869,2.086108234502677,7,0.5833333333333334,0.07317073170731707,0.07317073170731707,0.08333333333333333,0.8562867343624159
bayes_mean-fix-seed43,baseline_circle,0,390,1540568802,success,55,13.75,0.19742019030771096,0,0.0,1,1.5930502182724475,14.312957565892827,15.692088007926941,9.97604758656591,30,2.1818181818181817,12,0.8727272727272727,6,0.43636363636363634,24.08837594767417,2.4146211952830305,7,0.509090909090909,0.08333333333333333,0.08333333333333333,0.14545454545454545,0.7798383821233885
bayes_mean-fix-seed43,baseline_circle,0,391,1540568803,success,39,9.75,0.17907630774147187,0,0.0,1,1.4825573166862982,14.217799004071798,16.007980331778526,9.32704285874605,14,1.435897435897436,6,0.6153846153846154,0,0.0,6.241010267358826,0.6691306517913741,1,0.10256410256410256,0.0,0.0,0.0,0.8422708448574582
bayes_mean-fix-seed43,baseline_circle,0,392,1540568804,success,38,9.5,0.20313501616593654,0,0.0,0,0.6622738632197228,13.786472380161285,15.351383574306965,8.99625500905804,17,1.7894736842105263,10,1.0526315789473684,0,0.0,7.698932534215139,0.8557930523827227,1,0.10526315789473684,0.0,0.0,0.02631578947368421,0.8631182419571325
bayes_mean-fix-seed43,baseline_circle,0,393,1540568805,success,46,11.5,0.5927252093355703,0,0.0,0,2.7624506423325585,14.355099476549936,15.874689444899559,8.541223714553656,18,1.565217391304348,9,0.782608695652174,1,0.08695652173913043,8.354856540599283,0.978180272501607,3,0.2608695652173913,0.0,0.0,0.043478260869565216,0.9134643600735254
bayes_mean-fix-seed43,baseline_circle,0,394,1540568806,success,47,11.75,0.24690637650674319,0,0.0,0,1.0803363311991525,14.312338004720973,16.253435984253883,10.159053616282113,21,1.7872340425531914,11,0.9361702127659575,1,0.0851063829787234,9.226942182585795,0.9082482021551294,1,0.0851063829787234,0.1,0.0,0.10638297872340426,0.7676004378099222
bayes_mean-fix-seed43,baseline_circle,0,395,1540568807,success,46,11.5,0.20995570207813763,0,0.0,0,2.8107432794463465,14.179398589160131,15.582269057631493,8.31524255267426,20,1.7391304347826086,6,0.5217391304347826,3,0.2608695652173913,13.347016049891078,1.6051264849271958,6,0.5217391304347826,0.0,0.0,0.06521739130434782,0.9293068335197174
bayes_mean-fix-seed43,baseline_circle,0,396,1540568808,success,43,10.75,0.1612470530099639,0,0.0,2,1.3114306371618527,13.973788120025812,15.55614247918129,9.00734559769898,24,2.2325581395348837,9,0.8372093023255814,0,0.0,9.162783325191448,1.0172567740192158,3,0.27906976744186046,0.0,0.0,0.0,0.8754145771446115
bayes_mean-fix-seed43,baseline_circle,0,397,1540568809,success,48,12.0,0.26437673564390873,0,0.0,0,0.994458545801681,14.249631048490604,15.792185999453068,9.846003603492136,28,2.3333333333333335,12,1.0,3,0.25,15.573750666695293,1.5817331877851097,4,0.3333333333333333,0.0,0.0,0.10416666666666667,0.7852647245192116
bayes_mean-fix-seed43,baseline_circle,0,398,1540568810,success,43,10.75,0.208866331543331,0,0.0,0,0.9298359410546186,14.223391320123229,15.493379160761833,9.711012728242425,19,1.7674418604651163,11,1.0232558139534884,3,0.27906976744186046,13.52612999173451,1.392865025539162,4,0.37209302325581395,0.08333333333333333,0.08333333333333333,0.09302325581395349,0.7977573922073651
bayes_mean-fix-seed43,baseline_circle,0,399,1540568811,success,48,12.0,0.21431034565697893,0,0.0,0,1.387012863727369,14.505932806059718,16.443335823714733,8.848362157089682,21,1.75,12,1.0,2,0.16666666666666666,12.480381840993342,1.4104736695246514,3,0.25,0.0,0.0,0.0625,0.8744778371367038
bayes_mean-fix-seed43,baseline_circle,0,400,1540568812,success,43,10.75,0.18981396052036104,0,0.0,2,0.7909726575375239,14.121061320914778,16.687315329909325,9.672968919412476,21,1.9534883720930232,9,0.8372093023255814,0,0.0,10.626688012805396,1.0985963152924973,3,0.27906976744186046,0.0,0.0,0.023255813953488372,0.796845760994706
bayes_mean-fix-seed43,baseline_circle,0,401,1540568813,success,42,10.5,0.13850776463845804,0,0.0,2,0.6694430828015453,14.25114016802538,16.568087972700596,9.116756124939496,24,2.2857142857142856,14,1.3333333333333333,2,0.19047619047619047,10.576147754802978,1.1600779498610496,1,0.09523809523809523,0.0,0.0,0.023809523809523808,0.8571159210469907
bayes_mean-fix-seed43,baseline_circle,0,402,1540568814,success,44,11.0,0.40168752729142454,0,0.0,0,1.6345835733597873,14.653295193883507,16.42240509390831,9.195399055807739,24,2.1818181818181817,10,0.9090909090909091,1,0.09090909090909091,9.395154718120478,1.0217234359379515,2,0.18181818181818182,0.0,0.0,0.022727272727272728,0.8490890542679104
bayes_mean-fix-seed43,baseline_circle,0,403,1540568815,success,40,10.0,0.7095246364499964,0,0.0,0,2.09404911189126,13.790670968592167,15.08698221296072,9.512132712758827,16,1.6,8,0.8,0,0.0,5.761582210756222,0.6057087705502772,1,0.1,0.0,0.0,0.0,0.8218237241497701
bayes_mean-fix-seed43,baseline_circle,0,404,1540568816,success,47,11.75,0.21730883109706167,0,0.0,0,0.9861413553537174,14.189137344030623,15.846315026283264,10.313503949600362,22,1.872340425531915,8,0.6808510638297872,5,0.425531914893617,17.679789534104096,1.7142369480344428,6,0.5106382978723404,0.175,0.175,0.06382978723404255,0.7609409720864292
bayes_mean-fix-seed43,baseline_circle,0,405,1540568817,success,45,11.25,0.23385804054215653,0,0.0,0,0.8068945968876893,13.956889592938953,15.7974012196064,8.780458425317299,27,2.4,12,1.0666666666666667,4,0.35555555555555557,18.523921822155685,2.1096759331772916,8,0.7111111111111111,0.0,0.0,0.022222222222222223,0.8803848407157443
bayes_mean-fix-seed43,baseline_circle,0,406,1540568818,success,42,10.5,0.32659167786454135,0,0.0,0,2.123512821876936,14.00489652795451,15.69557525217533,8.7486315683225,19,1.8095238095238095,10,0.9523809523809523,2,0.19047619047619047,13.180781512062417,1.5066106520919313,5,0.47619047619047616,0.0,0.0,0.047619047619047616,0.8882082647467802
bayes_mean-fix-seed43,baseline_circle,0,407,1540568819,success,46,11.5,0.40946015591685037,0,0.0,0,1.2170532642923904,14.0675224525773,15.537407249212265,8.4842259849224,22,1.9130434782608696,11,0.9565217391304348,0,0.0,12.54187518679807,1.478258029558224,3,0.2608695652173913,0.0,0.0,0.0,0.9221620738064515
bayes_mean-fix-seed43,baseline_circle,0,408,1540568820,success,42,10.5,0.36633725777005066,0,0.0,0,1.392909060191338,14.190647839790298,16.15387797355652,8.755185886658877,23,2.1904761904761907,10,0.9523809523809523,3,0.2857142857142857,11.996351956454152,1.3701995722025906,6,0.5714285714285714,0.0,0.0,0.023809523809523808,0.8871146303422776
bayes_mean-fix-seed43,baseline_circle,0,409,1540568821,success,43,10.75,0.19344089882023352,0,0.0,1,1.792871280924636,14.001276863868846,16.139555722475052,8.133830616039738,19,1.7674418604651163,10,0.9302325581395349,2,0.18604651162790697,9.47296557082035,1.1646376741777567,5,0.46511627906976744,0.0,0.0,0.023255813953488372,0.9528803678110715
bayes_mean-fix-seed43,baseline_circle,0,410,1540568822,success,46,11.5,0.24072738538005944,0,0.0,0,1.5185182482338875,14.347084838411082,16.400714404881,8.648363781776672,24,2.0869565217391304,15,1.3043478260869565,1,0.08695652173913043,12.802939419969622,1.480388631078081,5,0.43478260869565216,0.0,0.0,0.0,0.9067113369987329
bayes_mean-fix-seed43,baseline_circle,0,411,1540568823,success,51,12.75,0.18957395324419113,0,0.0,1,0.65964548132581,14.46966622389999,16.076916828751564,8.515768239956076,26,2.0392156862745097,8,0.6274509803921569,1,0.0784313725490196,9.125543471062528,1.0716054281803231,7,0.5490196078431373,0.11363636363636363,0.09090909090909091,0.058823529411764705,0.9304343679766192
bayes_mean-fix-seed43,baseline_circle,0,412,1540568824,success,50,12.5,0.24248544326727628,0,0.0,0,1.5307008651742646,14.278672114014626,16.234119422733784,8.353614100253775,28,2.24,6,0.48,0,0.0,7.453233014265147,0.8922165813284006,6,0.48,0.0,0.0,0.04,0.9250420410051231
bayes_mean-fix-seed43,baseline_circle,0,413,1540568825,success,44,11.0,0.19926102244269472,0,0.0,1,0.8920518336243376,13.787180777977813,15.176067687571049,8.33015281775196,21,1.9090909090909092,8,0.7272727272727273,2,0.18181818181818182,14.022542021644565,1.6833475121563013,6,0.5454545454545454,0.0,0.0,0.045454545454545456,0.9319308248599838
bayes_mean-fix-seed43,baseline_circle,0,414,1540568826,success,47,11.75,0.2671612478279788,0,0.0,0,1.153281042467241,13.843170822934901,15.579814463853834,8.954692724523026,23,1.9574468085106382,10,0.851063829787234,0,0.0,10.47875796211078,1.1701973796838387,3,0.2553191489361702,0.1,0.0,0.0851063829787234,0.8727485111124501
bayes_mean-fix-seed43,baseline_circle,0,415,1540568827,success,44,11.0,0.19907755558938345,0,0.0,1,0.4488469356720133,14.417532408101993,16.186274960637093,9.283187216259792,28,2.5454545454545454,13,1.1818181818181819,1,0.09090909090909091,17.69652069002613,1.9062979424814488,7,0.6363636363636364,0.0,0.0,0.0,0.8354468627900316
bayes_mean-fix-seed43,baseline_circle,0,416,1540568828,success,44,11.0,0.16213185097336014,0,0.0,2,0.7512019772718467,13.86647756126794,15.352847799658775,8.71130837110487,27,2.4545454545454546,14,1.2727272727272727,2,0.18181818181818182,15.95464385544413,1.8314865202528212,5,0.45454545454545453,0.0,0.0,0.0,0.8950968013524038
bayes_mean-fix-seed43,baseline_circle,0,417,1540568829,success,52,13.0,0.7063127188596664,0,0.0,0,3.2499254887940623,13.981650296885233,15.884564444422722,9.776631561415572,29,2.230769230769231,10,0.7692307692307693,1,0.07692307692307693,10.086387505482055,1.031683299316399,3,0.23076923076923078,0.1111111111111111,0.022222222222222223,0.07692307692307693,0.7935492117973748
bayes_mean-fix-seed43,baseline_circle,0,418,1540568830,success,42,10.5,0.2546124411918349,0,0.0,0,0.8741092322838517,13.735539856411162,15.308440290391445,8.159104687259088,21,2.0,10,0.9523809523809523,0,0.0,7.353736054600729,0.9012920334364641,3,0.2857142857142857,0.0,0.0,0.0,0.9504698519968638
bayes_mean-fix-seed43,baseline_circle,0,419,1540568831,success,41,10.25,0.2625156414337606,0,0.0,0,1.1377902027119906,13.834683906014373,15.605241060256958,9.588852998566969,17,1.6585365853658536,10,0.975609756097561,1,0.0975609756097561,11.828964014325809,1.2336161599404663,8,0.7804878048780488,0.0,0.0,0.07317073170731707,0.8073032756034659
bayes_mean-fix-seed43,baseline_circle,0,420,1540568832,success,45,11.25,0.19660010265574157,0,0.0,1,0.6725870308534768,13.808867666456434,15.120639652013779,8.628257136182215,25,2.2222222222222223,10,0.8888888888888888,0,0.0,11.723580067988987,1.3587425459107694,5,0.4444444444444444,0.0,0.0,0.022222222222222223,0.8994816502669765
bayes_mean-fix-seed43,baseline_circle,0,421,1540568833,success,50,12.5,0.28264860082233245,0,0.0,0,0.922645491685391,14.295465424656868,16.16163458675146,10.841043245726986,31,2.48,13,1.04,2,0.16,15.893442689971076,1.4660436573975941,1,0.08,0.11627906976744186,0.023255813953488372,0.18,0.7165915155332444
bayes_mean-fix-seed43,baseline_circle,0,422,1540568834,success,41,10.25,0.1910917805590311,0,0.0,2,0.6171159895227634,13.963061225850408,15.873745083808899,9.650123708837588,21,2.048780487804878,10,0.975609756097561,1,0.0975609756097561,9.825367721744076,1.0181597685370603,1,0.0975609756097561,0.0,0.0,0.024390243902439025,0.8014199822736532
bayes_mean-fix-seed43,baseline_circle,0,423,1540568835,success,44,11.0,0.25701443538703883,0,0.0,0,1.3380430186575079,13.97718031975356,15.683545172214508,8.449852833725496,20,1.8181818181818181,10,0.9090909090909091,2,0.18181818181818182,12.05044924473134,1.426113505389698,5,0.45454545454545453,0.0,0.0,0.022727272727272728,0.9226791803712583
bayes_mean-fix-seed43,baseline_circle,0,424,1540568836,success,43,10.75,0.46901726949671396,0,0.0,0,1.0163750364601802,14.274899696194849,15.88028036057949,9.04675042889436,20,1.8604651162790697,10,0.9302325581395349,4,0.37209302325581395,17.011797144628346,1.8804317946358369,6,0.5581395348837209,0.0,0.0,0.046511627906976744,0.85976779928628
bayes_mean-fix-seed43,baseline_circle,0,425,1540568837,success,42,10.5,0.23471619381957465,0,0.0,0,1.066747286438716,13.92661336632002,16.08779039233923,8.746164382052758,24,2.2857142857142856,12,1.1428571428571428,2,0.19047619047619047,15.011569665929816,1.716360339251541,3,0.2857142857142857,0.0,0.0,0.023809523809523808,0.8993123876627881
bayes_mean-fix-seed43,baseline_circle,0,426,1540568838,success,45,11.25,0.31403369748615095,0,0.0,0,1.5483635552183599,14.184392574760649,15.570801496505737,8.48061646397618,29,2.577777777777778,16,1.4222222222222223,1,0.08888888888888889,10.097452202368594,1.1906507322032993,5,0.4444444444444444,0.0,0.0,0.044444444444444446,0.9168102825526097
bayes_mean-fix-seed43,baseline_circle,0,427,1540568839,success,42,10.5,0.31689609658240325,0,0.0,0,1.2736224516713663,13.954898874674525,15.584741160273552,8.140620933358349,19,1.8095238095238095,7,0.6666666666666666,0,0.0,7.374967645589627,0.9059465740959323,3,0.2857142857142857,0.0,0.0,0.0,0.9563155514143106
bayes_mean-fix-seed43,baseline_circle,0,428,1540568840,success,44,11.0,0.23200139675490272,0,0.0,0,1.830586506766169,13.94095297225497,15.30768871307373,8.306973972193868,21,1.9090909090909092,10,0.9090909090909091,1,0.09090909090909091,9.704067440843396,1.168183200444115,3,0.2727272727272727,0.0,0.0,0.022727272727272728,0.9351159716275368
bayes_mean-fix-seed43,baseline_circle,0,429,1540568841,success,44,11.0,0.1871354065191988,0,0.0,1,0.4409998489946004,13.905241746794093,15.688074193894863,9.712352703079837,20,1.8181818181818181,8,0.7272727272727273,0,0.0,8.6446288824289,0.8900653782566653,1,0.09090909090909091,0.0,0.0,0.06818181818181818,0.7981150437098501
bayes_mean-fix-seed43,baseline_circle,0,430,1540568842,success,40,10.0,0.23049447090482367,0,0.0,0,0.6584782584886796,14.352086186408997,16.359880566596985,8.154554071739248,24,2.4,10,1.0,0,0.0,7.282575125903076,0.8930684696961986,5,0.5,0.0,0.0,0.0,0.9549321572988799
bayes_mean-fix-seed43,baseline_circle,0,431,1540568843,success,39,9.75,0.21265902069619513,0,0.0,0,1.761995388099453,14.185740779607723,15.789932757616043,9.363913588003237,18,1.8461538461538463,11,1.1282051282051282,0,0.0,9.376848155375322,1.0013813206679583,1,0.10256410256410256,0.0,0.0,0.0,0.8318418495741277
bayes_mean-fix-seed43,baseline_circle,0,432,1540568844,success,45,11.25,0.5415562498040644,0,0.0,0,1.1467359061878182,14.30457110206286,15.613073110580444,8.250418272787858,13,1.1555555555555554,6,0.5333333333333333,2,0.17777777777777778,6.394455428640796,0.7750462118667928,2,0.17777777777777778,0.0,0.0,0.022222222222222223,0.9397057529519001
bayes_mean-fix-seed43,baseline_circle,0,433,1540568845,success,41,10.25,0.18370139431891963,0,0.0,2,0.7447850054226957,14.0185976718984,15.353772789239883,8.713013072910293,19,1.853658536585366,7,0.6829268292682927,1,0.0975609756097561,10.638730600104962,1.2210162559243638,5,0.4878048780487805,0.0,0.0,0.0,0.8850675386996951
bayes_mean-fix-seed43,baseline_circle,0,434,1540568846,success,38,9.5,0.5402207333251913,0,0.0,0,1.4835728640639483,14.687273357259599,15.546232275664806,9.322652159526857,15,1.5789473684210527,6,0.631578947368421,0,0.0,5.92042085479895,0.6350575730479064,1,0.10526315789473684,0.0,0.0,0.0,0.8396408889593241
bayes_mean-fix-seed43,baseline_circle,0,435,1540568847,success,46,11.5,0.20642604518024776,0,0.0,0,0.5486995715584905,14.597925883920297,16.06764830648899,9.230150168269216,23,2.0,7,0.6086956521739131,1,0.08695652173913043,11.583124410472582,1.2549226393187254,3,0.2608695652173913,0.0,0.0,0.06521739130434782,0.8462690646124681
bayes_mean-fix-seed43,baseline_circle,0,436,1540568848,success,42,10.5,0.21257224396611063,0,0.0,0,0.6362376670109087,13.752296478265809,15.521550178527832,7.978399506005957,20,1.9047619047619047,13,1.2380952380952381,0,0.0,5.311308255013707,0.6657109926640645,1,0.09523809523809523,0.0,0.0,0.0,0.9731871704916415
bayes_mean-fix-seed43,baseline_circle,0,437,1540568849,success,45,11.25,0.46657238768733345,0,0.0,0,1.3833810012021353,14.427601214912203,16.132772713899612,8.131723401281842,17,1.511111111111111,7,0.6222222222222222,3,0.26666666666666666,11.25975960953082,1.3846707584465907,4,0.35555555555555557,0.0,0.0,0.044444444444444446,0.9572411226692085
bayes_mean-fix-seed43,baseline_circle,0,438,1540568850,success,45,11.25,0.22548261900325306,0,0.0,0,1.5004909851828283,14.169678588708242,15.39786234498024,8.312026000656036,26,2.311111111111111,12,1.0666666666666667,0,0.0,7.690200824995608,0.9251896979615619,3,0.26666666666666666,0.0,0.0,0.0,0.9376277263886617
bayes_mean-fix-seed43,baseline_circle,0,439,1540568851,success,43,10.75,0.3914856237298784,0,0.0,0,2.095216711463322,14.800495359786721,16.190530359745026,8.216307221725963,15,1.3953488372093024,6,0.5581395348837209,1,0.09302325581395349,6.082571681898001,0.7403048008981659,1,0.09302325581395349,0.0,0.0,0.023255813953488372,0.951782420999547
bayes_mean-fix-seed43,baseline_circle,0,440,1540568852,success,46,11.5,0.23045933713899758,0,0.0,0,1.2583427565723486,14.362852615506753,15.600455924868584,9.740843743560363,31,2.6956521739130435,15,1.3043478260869565,2,0.17391304347826086,14.457931330341372,1.484258623889687,3,0.2608695652173913,0.0,0.0,0.021739130434782608,0.8005873687903753
bayes_mean-fix-seed43,baseline_circle,0,441,1540568853,success,45,11.25,0.21205946422173594,0,0.0,0,0.6443032141191626,14.090816262695524,15.110346674919128,9.888129402937647,25,2.2222222222222223,12,1.0666666666666667,1,0.08888888888888889,12.364679953917642,1.250456931747297,3,0.26666666666666666,0.0,0.0,0.044444444444444446,0.7798682169094974
bayes_mean-fix-seed43,baseline_circle,0,442,1540568854,success,43,10.75,0.18630913814462813,0,0.0,1,0.5822549755068657,14.580399924239448,16.137512400746346,9.718474875075204,23,2.13953488372093,11,1.0232558139534884,2,0.18604651162790697,11.104030981069803,1.1425692944422905,2,0.18604651162790697,0.0,0.0,0.046511627906976744,0.8015011615847789
bayes_mean-fix-seed43,baseline_circle,0,443,1540568855,success,46,11.5,0.15736299188829006,0,0.0,2,0.8042219300552255,13.92022172070068,15.73438011109829,8.593683772076425,22,1.9130434782608696,7,0.6086956521739131,3,0.2608695652173913,12.679341643922903,1.475425670784171,2,0.17391304347826086,0.0,0.0,0.08695652173913043,0.9105145529187066
bayes_mean-fix-seed43,baseline_circle,0,444,1540568856,success,43,10.75,0.21801463275129318,0,0.0,0,1.4394603073898475,13.729324347751085,15.301808342337608,8.1728361717834,23,2.13953488372093,11,1.0232558139534884,0,0.0,9.456221841238069,1.1570306369147028,5,0.46511627906976744,0.0,0.0,0.0,0.9479797653643208
bayes_mean-fix-seed43,baseline_circle,0,445,1540568857,success,38,9.5,0.27590433667319025,0,0.0,0,0.7666713708594898,13.939455445659789,15.744879841804504,8.960000129457976,15,1.5789473684210527,7,0.7368421052631579,0,0.0,6.191865992845964,0.6910564624311599,4,0.42105263157894735,0.0,0.0,0.0,0.8691023548317698
bayes_mean-fix-seed43,baseline_circle,0,446,1540568858,success,38,9.5,0.23781390061440288,0,0.0,0,1.4556856147760902,14.009396006402216,15.45776966959238,9.228695980114063,11,1.1578947368421053,4,0.42105263157894735,0,0.0,4.945895869823371,0.5359257559768744,1,0.10526315789473684,0.0,0.0,0.0,0.8440456213862865
bayes_mean-fix-seed43,baseline_circle,0,447,1540568859,success,38,9.5,0.3649635407246731,0,0.0,0,1.0810319278221479,13.780214578697557,15.075759217143059,9.280096600849223,18,1.894736842105263,8,0.8421052631578947,0,0.0,6.973987850371643,0.7514994886727204,1,0.10526315789473684,0.0,0.0,0.0,0.8351740548256027
bayes_mean-fix-seed43,baseline_circle,0,448,1540568860,success,44,11.0,0.19532218534918022,0,0.0,1,0.4291692504328578,13.837299225005237,15.754281356930733,9.095719216903738,25,2.272727272727273,12,1.0909090909090908,0,0.0,10.447590719549076,1.1486272245665832,3,0.2727272727272727,0.0,0.0,0.0,0.8624118227419161
bayes_mean-fix-seed43,baseline_circle,0,449,1540568861,success,45,11.25,0.22300391006126818,0,0.0,0,1.1658984468653821,14.120949887567097,15.773693472146988,8.920298511450913,23,2.0444444444444443,14,1.2444444444444445,1,0.08888888888888889,13.471757524083612,1.5102361772747885,3,0.26666666666666666,0.0,0.0,0.022222222222222223,0.8735344745251279
bayes_mean-fix-seed43,baseline_circle,0,450,1540568862,collision,14,3.5,-0.1500634347400015,1,0.25,8,0.1289317142037978,12.482207268476486,13.19966409355402,3.194889654733704,9,2.5714285714285716,8,2.2857142857142856,1,0.2857142857142857,4.3389162938372525,1.358080172630846,0,0.0,0.0,0.0,0.07142857142857142,0.8945989668408036
bayes_mean-fix-seed43,baseline_circle,0,451,1540568863,success,39,9.75,0.1941002461223975,0,0.0,3,0.7773597902941931,14.456274131169685,16.12798646092415,9.553938440997129,11,1.1282051282051282,5,0.5128205128205128,0,0.0,4.233606746382434,0.44312686045950483,1,0.10256410256410256,0.0,0.0,0.0,0.8103557636453744
bayes_mean-fix-seed43,baseline_circle,0,452,1540568864,success,42,10.5,0.19562574454354587,0,0.0,2,1.064601557563354,14.351029835996174,15.831228159368038,8.050197130631306,18,1.7142857142857142,6,0.5714285714285714,0,0.0,7.792747671274313,0.9680194838487386,3,0.2857142857142857,0.0,0.0,0.0,0.9605396733236198
bayes_mean-fix-seed43,baseline_circle,0,453,1540568865,success,42,10.5,0.1966473378529212,0,0.0,1,0.9097473888980924,13.953621898378644,15.238469280302525,9.415982077642393,20,1.9047619047619047,9,0.8571428571428571,0,0.0,9.854191953470544,1.0465389454031193,1,0.09523809523809523,0.0,0.0,0.07142857142857142,0.8264534907017037
bayes_mean-fix-seed43,baseline_circle,0,454,1540568866,success,49,12.25,0.185579369594135,0,0.0,7,0.8376796922146552,13.801515026360143,15.425876528024673,11.310221474425898,22,1.7959183673469388,6,0.4897959183673469,1,0.08163265306122448,11.996460723941281,1.0606742539097995,3,0.24489795918367346,0.047619047619047616,0.047619047619047616,0.08163265306122448,0.6897267912937056
bayes_mean-fix-seed43,baseline_circle,0,455,1540568867,success,46,11.5,0.5308425468651109,0,0.0,0,1.9498703911189232,14.72763336547043,16.507795080542564,8.237331458269203,20,1.7391304347826086,10,0.8695652173913043,1,0.08695652173913043,8.147129837845089,0.9890496551120856,4,0.34782608695652173,0.0,0.0,0.021739130434782608,0.9400053540822416
bayes_mean-fix-seed43,baseline_circle,0,456,1540568868,success,45,11.25,0.2104435760382224,0,0.0,0,0.8281706024303773,14.150336881478628,15.756408125162125,8.257435957905823,22,1.9555555555555555,10,0.8888888888888888,2,0.17777777777777778,8.954993063669829,1.0844762356402111,3,0.26666666666666666,0.0,0.0,0.022222222222222223,0.9412975137824239
bayes_mean-fix-seed43,baseline_circle,0,457,1540568869,success,49,12.25,0.5231278971899839,0,0.0,0,1.0954997833973878,14.07605865780188,15.608423948287964,10.42674252491617,32,2.6122448979591835,15,1.2244897959183674,0,0.0,16.545258476786657,1.5868099204760673,1,0.08163265306122448,0.09523809523809523,0.0,0.12244897959183673,0.7480822990470442
bayes_mean-fix-seed43,baseline_circle,0,458,1540568870,success,51,12.75,0.3528633633060235,0,0.0,0,1.562328690407072,14.48030492254332,15.594257041811943,9.960605348461208,29,2.2745098039215685,15,1.1764705882352942,3,0.23529411764705882,21.28741255540262,2.137160524956575,3,0.23529411764705882,0.0,0.0,0.0784313725490196,0.7807505174654267
bayes_mean-fix-seed43,baseline_circle,0,459,1540568871,success,50,12.5,0.21448976140075948,0,0.0,0,0.8887262145542614,14.49643611907959,16.181527078151703,10.938791120747426,33,2.64,14,1.12,5,0.4,21.298180007706797,1.9470323340675997,6,0.48,0.18604651162790697,0.16279069767441862,0.14,0.7073952216856514
bayes_mean-fix-seed43,baseline_circle,0,460,1540568872,success,48,12.0,0.21380377707984044,0,0.0,0,1.1793307621689129,14.504373151188096,15.841994062066078,9.838991406269955,23,1.9166666666666667,8,0.6666666666666666,0,0.0,11.580204713958281,1.17697071130469,3,0.25,0.12195121951219512,0.024390243902439025,0.08333333333333333,0.784345055997038
bayes_mean-fix-seed43,baseline_circle,0,461,1540568873,success,46,11.5,0.3456928864353186,0,0.0,0,1.5133404699492226,14.117421177418336,15.70593286305666,8.730930230715586,29,2.5217391304347827,13,1.1304347826086956,3,0.2608695652173913,18.565224606361443,2.126374179586113,5,0.43478260869565216,0.0,0.0,0.06521739130434782,0.889971984318072
bayes_mean-fix-seed43,baseline_circle,0,462,1540568874,success,44,11.0,0.182469072662243,0,0.0,1,0.8549405086017262,14.45453664795919,15.927630849182606,10.182855530533303,23,2.090909090909091,11,1.0,2,0.18181818181818182,16.837508154429667,1.6535153723768723,8,0.7272727272727273,0.10810810810810811,0.0,0.11363636363636363,0.7669320207673443
bayes_mean-fix-seed43,baseline_circle,0,463,1540568875,success,47,11.75,0.34944252713668944,0,0.0,0,1.217826703516579,13.82477137636631,15.61913900077343,8.119590740802684,13,1.1063829787234043,3,0.2553191489361702,0,0.0,2.916914450893363,0.35924402399190425,1,0.0851063829787234,0.0,0.0,0.0,0.9576196562465563
bayes_mean-fix-seed43,baseline_circle,0,464,1540568876,success,42,10.5,0.18506518570002584,0,0.0,2,0.33694783593216227,13.658500498249417,15.397334098815918,9.556423678781487,20,1.9047619047619047,10,0.9523809523809523,0,0.0,7.248311419815118,0.7584753107910898,1,0.09523809523809523,0.0,0.0,0.023809523809523808,0.8113518393887551
bayes_mean-fix-seed43,baseline_circle,0,465,1540568877,success,52,13.0,0.7432013693139689,0,0.0,0,2.5159486599200793,14.256783259602694,15.274867787957191,9.34362980546093,22,1.6923076923076923,6,0.46153846153846156,0,0.0,8.027442911750088,0.8591353766026143,3,0.23076923076923078,0.0,0.0,0.0,0.8310418698595021
bayes_mean-fix-seed43,baseline_circle,0,466,1540568878,success,45,11.25,0.20598815326775632,0,0.0,0,1.2460766050198087,13.851814965407053,15.856038779020308,8.415653578593524,29,2.577777777777778,17,1.511111111111111,1,0.08888888888888889,13.294288230280053,1.5797095384363333,3,0.26666666666666666,0.0,0.0,0.022222222222222223,0.9280906813768445
bayes_mean-fix-seed43,baseline_circle,0,467,1540568879,success,46,11.5,0.1858315496939228,0,0.0,1,0.7736963603343211,14.34885329850342,15.720712020993233,8.700448094821047,23,2.0,10,0.8695652173913043,3,0.2608695652173913,12.86784909316513,1.4789869387100574,6,0.5217391304347826,0.0,0.0,0.043478260869565216,0.9007740529406354
bayes_mean-fix-seed43,baseline_circle,0,468,1540568880,success,44,11.0,0.4028502003179041,0,0.0,0,0.9755972663442471,14.999759129502557,15.996676124632359,8.144864581662105,25,2.272727272727273,13,1.1818181818181819,0,0.0,7.053623230434143,0.8660209337691315,2,0.18181818181818182,0.0,0.0,0.0,0.9581089584466261
bayes_mean-fix-seed43,baseline_circle,0,469,1540568881,success,42,10.5,0.16795607629400633,0,0.0,4,0.4464257618614904,14.139166988787197,15.85379261523485,9.287191596246666,24,2.2857142857142856,14,1.3333333333333333,0,0.0,13.174781165272297,1.418596895384043,3,0.2857142857142857,0.0,0.0,0.0,0.845690310368772
bayes_mean-fix-seed43,baseline_circle,0,470,1540568882,success,42,10.5,0.18632870741934904,0,0.0,2,0.36663131652023123,13.72032133596284,15.146200731396675,9.691891898215035,18,1.7142857142857142,6,0.5714285714285714,0,0.0,5.888911792451035,0.607612203509575,1,0.09523809523809523,0.0,0.0,0.047619047619047616,0.802237285410173
bayes_mean-fix-seed43,baseline_circle,0,471,1540568883,success,38,9.5,0.1778928555570808,0,0.0,1,0.582241165951308,13.69083143378559,15.427535586059093,8.712417067182328,19,2.0,10,1.0526315789473684,0,0.0,9.584744274159704,1.1001245923204517,3,0.3157894736842105,0.0,0.0,0.0,0.8858746635625262
bayes_mean-fix-seed43,baseline_circle,0,472,1540568884,success,47,11.75,0.16802557406409102,0,0.0,2,0.7442462551418747,13.953459151881807,15.611924976110457,9.569065549993699,29,2.4680851063829787,7,0.5957446808510638,1,0.0851063829787234,14.655813042283725,1.5315824691255644,6,0.5106382978723404,0.0,0.0,0.0851063829787234,0.8069305532474345
bayes_mean-fix-seed43,baseline_circle,0,473,1540568885,success,43,10.75,0.1988757648196583,0,0.0,1,0.7151524396655337,14.09705607003944,16.266031935811043,8.417497526099707,23,2.13953488372093,12,1.1162790697674418,1,0.09302325581395349,14.867988842095494,1.7663193598804248,3,0.27906976744186046,0.0,0.0,0.023255813953488372,0.9250285701566555
bayes_mean-fix-seed43,baseline_circle,0,474,1540568886,success,46,11.5,0.20345204444309817,0,0.0,0,0.662381821473632,14.145352108323056,15.821389853954315,9.008942559930556,26,2.260869565217391,9,0.782608695652174,1,0.08695652173913043,11.092894526934987,1.2313203745213461,4,0.34782608695652173,0.0,0.0,0.06521739130434782,0.87273827606181
bayes_mean-fix-seed43,baseline_circle,0,475,1540568887,success,44,11.0,0.20773412344737718,0,0.0,0,0.9401911250033455,14.171930453316731,15.632211416959763,9.381940554718877,20,1.8181818181818181,10,0.9090909090909091,2,0.18181818181818182,13.516778765294209,1.440723130407772,3,0.2727272727272727,0.05405405405405406,0.0,0.06818181818181818,0.8358447343248032
bayes_mean-fix-seed43,baseline_circle,0,476,1540568888,success,44,11.0,0.14417352867645328,0,0.0,1,0.7339603461152273,13.954733413728801,15.49435593187809,9.182967853148224,27,2.4545454545454546,13,1.1818181818181819,1,0.09090909090909091,11.288146261544629,1.229248151802544,1,0.09090909090909091,0.0,0.0,0.022727272727272728,0.8566919698496823
bayes_mean-fix-seed43,baseline_circle,0,477,1540568889,success,46,11.5,0.19956170161580788,0,0.0,1,0.9216039558197046,14.259214472511541,16.1994444206357,9.858634943089307,27,2.347826086956522,13,1.1304347826086956,0,0.0,11.395875983943066,1.1559283866100887,1,0.08695652173913043,0.0,0.0,0.021739130434782608,0.7854481183146965
bayes_mean-fix-seed43,baseline_circle,0,478,1540568890,success,38,9.5,0.2072389731780565,0,0.0,0,0.6098789168568994,13.820052146911621,15.05613774061203,8.560495565571342,20,2.1052631578947367,9,0.9473684210526315,1,0.10526315789473684,9.395718338564485,1.0975671053849088,6,0.631578947368421,0.0,0.0,0.0,0.9094509495050861
bayes_mean-fix-seed43,baseline_circle,0,479,1540568891,success,47,11.75,0.24801654607351808,0,0.0,0,0.7425701684182764,14.845732044666372,16.140836849808693,9.322225164456501,23,1.9574468085106382,12,1.0212765957446808,2,0.1702127659574468,12.520940071468582,1.3431278316692075,2,0.1702127659574468,0.0,0.0,0.0425531914893617,0.8280493255966749
bayes_mean-fix-seed43,baseline_circle,0,480,1540568892,success,44,11.0,0.5835411033457797,0,0.0,0,2.3158107527076903,14.051600444045933,15.483559481799603,7.964825947237565,21,1.9090909090909092,9,0.8181818181818182,0,0.0,7.662030930264243,0.9619834734645595,7,0.6363636363636364,0.0,0.0,0.0,0.976643495905327
bayes_mean-fix-seed43,baseline_circle,0,481,1540568893,success,39,9.75,0.19044904100670457,0,0.0,1,0.760017951021386,14.367585953993675,16.011114045977592,8.802416228561952,18,1.8461538461538463,9,0.9230769230769231,0,0.0,9.554086825915721,1.0853936666746977,5,0.5128205128205128,0.0,0.0,0.0,0.8764632850545413
bayes_mean-fix-seed43,baseline_circle,0,482,1540568894,success,42,10.5,0.33371926914714567,0,0.0,0,0.8211699802037442,14.164347290283157,15.974937938153744,8.134857841233204,19,1.8095238095238095,10,0.9523809523809523,1,0.09523809523809523,8.16601902251413,1.003830574779436,2,0.19047619047619047,0.0,0.0,0.023809523809523808,0.9541788470492624
bayes_mean-fix-seed43,baseline_circle,0,483,1540568895,success,46,11.5,0.2586235294907917,0,0.0,0,0.771653657704095,14.306411552040473,15.836280770599842,9.797201132824076,24,2.0869565217391304,12,1.0434782608695652,3,0.2608695652173913,14.677774896998908,1.498160004883761,6,0.5217391304347826,0.0,0.0,0.043478260869565216,0.7889177427119662
bayes_mean-fix-seed43,baseline_circle,0,484,1540568896,success,46,11.5,0.21890118592143204,0,0.0,0,0.5566886726814885,14.1725264813589,16.06555562466383,9.924374902360737,22,1.9130434782608696,8,0.6956521739130435,1,0.08695652173913043,11.890648231541212,1.1981256601574726,1,0.08695652173913043,0.1282051282051282,0.0,0.15217391304347827,0.7818290221758457
bayes_mean-fix-seed43,baseline_circle,0,485,1540568897,success,44,11.0,0.20608343236243587,0,0.0,0,0.5844541549802027,14.055012555962259,15.807471424341202,10.238627013174836,25,2.272727272727273,14,1.2727272727272727,1,0.09090909090909091,9.775980502329354,0.9548136180515063,1,0.09090909090909091,0.13513513513513514,0.02702702702702703,0.11363636363636363,0.7650194139718379
bayes_mean-fix-seed43,baseline_circle,0,486,1540568898,success,43,10.75,0.24173310757212085,0,0.0,0,0.9012634111087033,14.262102544307709,15.594220161437988,8.414430274394824,25,2.3255813953488373,13,1.2093023255813953,1,0.09302325581395349,9.68245549180293,1.1506965030379674,2,0.18604651162790697,0.0,0.0,0.0,0.9286637231112642
bayes_mean-fix-seed43,baseline_circle,0,487,1540568899,success,44,11.0,0.1598866735605946,0,0.0,2,0.5357963883192159,14.098354445939714,15.90848583728075,8.05454535154279,24,2.1818181818181817,11,1.0,0,0.0,5.904343550352792,0.7330449196889626,7,0.6363636363636364,0.0,0.0,0.0,0.9786115947066758
bayes_mean-fix-seed43,baseline_circle,0,488,1540568900,success,39,9.75,0.4593238416133668,0,0.0,0,1.3090867528803953,13.950195259008652,15.952848270535469,9.45161812758692,9,0.9230769230769231,2,0.20512820512820512,1,0.10256410256410256,4.709363341312508,0.49826000984604407,2,0.20512820512820512,0.0,0.0,0.05128205128205128,0.8209204492564403
bayes_mean-fix-seed43,baseline_circle,0,489,1540568901,success,52,13.0,0.514212120702851,0,0.0,0,3.2680539587909005,14.139887733528248,15.475424751639366,9.132432639075638,24,1.8461538461538463,9,0.6923076923076923,2,0.15384615384615385,12.147446411254986,1.3301435544433997,7,0.5384615384615384,0.06666666666666667,0.044444444444444446,0.057692307692307696,0.8514559393507203
bayes_mean-fix-seed43,baseline_circle,0,490,1540568902,success,41,10.25,0.18850907550370033,0,0.0,1,0.7362051223087891,15.051127479570669,15.874776989221573,8.608598930062746,25,2.4390243902439024,14,1.3658536585365855,0,0.0,10.59894209915599,1.2312040769076387,5,0.4878048780487805,0.0,0.0,0.0,0.9079359981524022
bayes_mean-fix-seed43,baseline_circle,0,491,1540568903,success,43,10.75,0.2053362626773717,0,0.0,0,0.8023169508803666,14.639832512583844,15.70289246737957,8.569992097623343,23,2.13953488372093,14,1.302325581395349,0,0.0,13.983083268808118,1.631633157828226,1,0.09302325581395349,0.0,0.0,0.023255813953488372,0.9121315348221304
bayes_mean-fix-seed43,baseline_circle,0,492,1540568904,success,46,11.5,0.2014395236373544,0,0.0,0,1.1584149976691311,14.232174938787585,15.349196270108223,8.821448302074167,25,2.1739130434782608,15,1.3043478260869565,1,0.08695652173913043,9.342021671275765,1.0590122337484194,3,0.2608695652173913,0.0,0.0,0.0,0.8773646295690973
bayes_mean-fix-seed43,baseline_circle,0,493,1540568905,success,41,10.25,0.18588875125587268,0,0.0,1,0.7017388585252045,13.9578871610688,16.16247370839119,8.305535413632118,19,1.853658536585366,8,0.7804878048780488,0,0.0,5.875074694442173,0.7073685682923272,1,0.0975609756097561,0.0,0.0,0.0,0.931751229544918
bayes_mean-fix-seed43,baseline_circle,0,494,1540568906,success,42,10.5,0.1863076877769393,0,0.0,2,0.6893541968413958,14.286159049896966,15.793376974761486,9.450955095368524,25,2.380952380952381,9,0.8571428571428571,0,0.0,7.418557563767287,0.7849532125491506,1,0.09523809523809523,0.0,0.0,0.0,0.8236059959241571
bayes_mean-fix-seed43,baseline_circle,0,495,1540568907,success,43,10.75,0.24708703229616114,0,0.0,0,1.1546836739875028,14.458784876867782,15.790284425020218,8.331726389015008,20,1.8604651162790697,12,1.1162790697674418,1,0.09302325581395349,11.152140999126543,1.3385150301899158,5,0.46511627906976744,0.0,0.0,0.046511627906976744,0.9331445486961472
bayes_mean-fix-seed43,baseline_circle,0,496,1540568908,success,61,15.25,0.13026099528436397,0,0.0,1,0.603327604134874,14.429961071639765,16.367733478546143,13.745558622068307,39,2.557377049180328,18,1.180327868852459,5,0.32786885245901637,24.613363408152633,1.7906411870839658,7,0.45901639344262296,0.14814814814814814,0.14814814814814814,0.22950819672131148,0.5659666420529706
bayes_mean-fix-seed43,baseline_circle,0,497,1540568909,success,43,10.75,0.2442918815548515,0,0.0,0,0.5380490455711189,13.939697208792664,15.41832908987999,8.67045478507957,30,2.7906976744186047,12,1.1162790697674418,0,0.0,11.267709910258532,1.2995523521613204,5,0.46511627906976744,0.0,0.0,0.023255813953488372,0.8993032805783587
bayes_mean-fix-seed43,baseline_circle,0,498,1540568910,success,43,10.75,0.20522497078884838,0,0.0,0,0.6719836083695223,14.467492526353793,15.850337222218513,8.413476671415987,25,2.3255813953488373,11,1.0232558139534884,0,0.0,8.170086543474916,0.9710713968260034,3,0.27906976744186046,0.0,0.0,0.0,0.9244803889696672
bayes_mean-fix-seed43,baseline_circle,0,499,1540568911,success,43,10.75,0.2162390474760334,0,0.0,0,0.933195854544845,14.436992794968361,16.407522559165955,9.643644091526658,22,2.046511627906977,9,0.8372093023255814,1,0.09302325581395349,9.79935212748018,1.0161461823430764,1,0.09302325581395349,0.0,0.0,0.06976744186046512,0.8067035707186571
bayes_mean-fix-seed43,baseline_square,1,0,1541568415,success,57,14.25,0.19589519489103113,0,0.0,1,0.889449510204467,14.188179844304136,16.15035980939865,11.358466238495001,39,2.736842105263158,15,1.0526315789473684,3,0.21052631578947367,24.917254760603768,2.193716496348481,7,0.49122807017543857,0.12,0.1,0.07017543859649122,0.6835224664237147
bayes_mean-fix-seed43,baseline_square,1,1,1541568416,success,59,14.75,0.18529862360012928,0,0.0,2,1.0171096557716566,14.642729281874026,16.095905378460884,11.92466020616201,33,2.23728813559322,16,1.0847457627118644,5,0.3389830508474576,22.981365205060463,1.9272134222478687,11,0.7457627118644068,0.19230769230769232,0.15384615384615385,0.1694915254237288,0.6464940475203841
bayes_mean-fix-seed43,baseline_square,1,2,1541568417,success,52,13.0,0.22212678039920886,0,0.0,0,0.42294975407494484,14.46117740124464,16.456329450011253,11.25499734177382,33,2.5384615384615383,17,1.3076923076923077,5,0.38461538461538464,24.35676751684011,2.1640846974204098,3,0.23076923076923078,0.0,0.0,0.07692307692307693,0.6996194648713832
bayes_mean-fix-seed43,baseline_square,1,3,1541568418,success,82,20.5,0.21239764511920967,0,0.0,0,0.8181186242078152,14.829977438217256,16.159296594560146,14.575694042951094,63,3.073170731707317,17,0.8292682926829268,17,0.8292682926829268,58.22218225081109,3.99447066323183,16,0.7804878048780488,0.21333333333333335,0.16,0.23170731707317074,0.5348006295942987
bayes_mean-fix-seed43,baseline_square,1,4,1541568419,success,57,14.25,0.1674882109182807,0,0.0,4,0.7889217344048498,14.71552180877903,15.946239233016968,11.25924403515573,33,2.3157894736842106,15,1.0526315789473684,7,0.49122807017543857,27.5059561740434,2.442966516060859,7,0.49122807017543857,0.2,0.16,0.15789473684210525,0.6860374735607118
bayes_mean-fix-seed43,baseline_square,1,5,1541568420,success,50,12.5,0.15236206673063246,0,0.0,9,0.5298838645546838,14.319425001740456,15.997293218970299,10.20637331992793,38,3.04,15,1.2,1,0.08,13.939334300348149,1.365748034429783,5,0.4,0.023255813953488372,0.023255813953488372,0.08,0.7688497861640866
bayes_mean-fix-seed43,baseline_square,1,6,1541568421,timeout,101,25.25,0.20579010798704267,0,0.0,0,0.5892091768478888,14.747670971521057,16.308050602674484,15.650490427893804,90,3.5643564356435644,58,2.297029702970297,34,1.3465346534653466,116.69547082318638,7.456345943971221,32,1.2673267326732673,0.5851063829787234,0.5212765957446809,0.45544554455445546,0.10372063154081172
bayes_mean-fix-seed43,baseline_square,1,7,1541568422,success,54,13.5,0.18796944914426117,0,0.0,2,0.8650695653320797,14.38414677977562,15.986791253089905,11.163269248637391,26,1.9259259259259258,10,0.7407407407407407,2,0.14814814814814814,14.59591928989244,1.3074950504910596,6,0.4444444444444444,0.2765957446808511,0.1702127659574468,0.18518518518518517,0.6967227172238283
bayes_mean-fix-seed43,baseline_square,1,8,1541568423,success,45,11.25,0.13610465374114733,0,0.0,3,0.5209838777021801,14.351867222123676,15.884193778038025,10.268465346381289,31,2.7555555555555555,16,1.4222222222222223,0,0.0,15.020071368904002,1.4627376985984792,3,0.26666666666666666,0.07894736842105263,0.02631578947368421,0.06666666666666667,0.7531201546365315
bayes_mean-fix-seed43,baseline_square,1,9,1541568424,success,69,17.25,0.15654709565851244,0,0.0,2,0.6143356751201315,14.589424474515777,16.09516218304634,12.884168340737437,44,2.550724637681159,26,1.5072463768115942,11,0.6376811594202898,41.23162880454461,3.2001777463724665,14,0.8115942028985508,0.11290322580645161,0.08064516129032258,0.08695652173913043,0.6012164234211224
bayes_mean-fix-seed43,baseline_square,1,10,1541568425,success,63,15.75,0.18618365644600032,0,0.0,1,1.0481802873859505,15.08210895080415,16.334421932697296,10.620431222397004,37,2.3492063492063493,13,0.8253968253968254,7,0.4444444444444444,30.468202009427003,2.8688290872006994,10,0.6349206349206349,0.32142857142857145,0.32142857142857145,0.25396825396825395,0.7317026439248419
bayes_mean-fix-seed43,baseline_square,1,11,1541568426,timeout,101,25.25,0.2286049746107912,0,0.0,0,1.2255919361033016,14.656544875095387,16.04698970913887,15.712333023935972,74,2.9306930693069306,34,1.3465346534653466,25,0.9900990099009901,89.11685359848178,5.671777288752872,11,0.43564356435643564,0.4574468085106383,0.39361702127659576,0.22772277227722773,0.45653666733150544
bayes_mean-fix-seed43,baseline_square,1,12,1541568427,success,51,12.75,0.04781842099404243,0,0.0,9,1.0072950156809397,14.042574985354554,16.452327370643616,10.91956789761415,33,2.588235294117647,14,1.0980392156862746,2,0.1568627450980392,18.954864414808462,1.7358621323239327,5,0.39215686274509803,0.06818181818181818,0.0,0.09803921568627451,0.7198216331574934
bayes_mean-fix-seed43,baseline_square,1,13,1541568428,success,48,12.0,0.1725068902041288,0,0.0,3,1.0664211255440776,14.253363168487946,16.45913664251566,9.708385081829089,25,2.0833333333333335,9,0.75,3,0.25,15.614507468502431,1.608352711279208,3,0.25,0.0,0.0,0.10416666666666667,0.8055804684341343
bayes_mean-fix-seed43,baseline_square,1,14,1541568429,success,67,16.75,0.1882130371815226,0,0.0,3,0.8066055100185627,14.575740739480773,16.30045250058174,14.352276371078661,41,2.4477611940298507,18,1.0746268656716418,3,0.1791044776119403,23.699743512916193,1.6512881232327477,2,0.11940298507462686,0.03333333333333333,0.03333333333333333,0.08955223880597014,0.5407003032327623
bayes_mean-fix-seed43,baseline_square,1,15,1541568430,success,59,14.75,0.2253745996792721,0,0.0,0,1.1964825988223042,14.357635467234305,15.728496760129929,12.945589813456804,32,2.169491525423729,11,0.7457627118644068,2,0.13559322033898305,19.251272778857142,1.4870912068328974,5,0.3389830508474576,0.25,0.23076923076923078,0.1694915254237288,0.6024290300840415
bayes_mean-fix-seed43,baseline_square,1,16,1541568431,success,51,12.75,0.212401367975382,0,0.0,0,1.113628858834478,14.61944992051405,16.102734953165054,9.70727674825643,26,2.0392156862745097,10,0.7843137254901961,2,0.1568627450980392,12.924623045027845,1.331436548087423,3,0.23529411764705882,0.18181818181818182,0.18181818181818182,0.058823529411764705,0.801973586359912
bayes_mean-fix-seed43,baseline_square,1,17,1541568432,success,63,15.75,0.2456461352549737,0,0.0,0,0.7980325003452245,14.50137941846772,16.346150636672974,10.7826371910433,50,3.1746031746031744,24,1.5238095238095237,11,0.6984126984126984,47.909997925106495,4.443254194336001,11,0.6984126984126984,0.07142857142857142,0.07142857142857142,0.09523809523809523,0.715524749044352
bayes_mean-fix-seed43,baseline_square,1,18,1541568433,success,45,11.25,0.1829063708254388,0,0.0,1,1.1849916776556124,14.434644165966246,16.307886689901352,9.9966535819974,22,1.9555555555555555,12,1.0666666666666667,1,0.08888888888888889,11.72731103975428,1.1731236801956964,6,0.5333333333333333,0.0,0.0,0.044444444444444446,0.7762983815557412
bayes_mean-fix-seed43,baseline_square,1,19,1541568434,success,51,12.75,0.24400915129314527,0,0.0,0,1.0569162322354415,14.508310851513171,16.043413430452347,10.360748871539988,34,2.6666666666666665,10,0.7843137254901961,5,0.39215686274509803,18.822044237532598,1.816668319143899,7,0.5490196078431373,0.09090909090909091,0.045454545454545456,0.09803921568627451,0.7476657060908545
bayes_mean-fix-seed43,baseline_square,1,20,1541568435,success,52,13.0,0.1941423260378412,0,0.0,1,0.6862300730042658,14.779309670512493,16.799757070839405,11.231559145585805,30,2.3076923076923075,15,1.1538461538461537,7,0.5384615384615384,27.532890562679327,2.4513863307660384,10,0.7692307692307693,0.0,0.0,0.07692307692307693,0.697940394497052
bayes_mean-fix-seed43,baseline_square,1,21,1541568436,success,57,14.25,0.18254309379855482,0,0.0,2,0.7057813146198604,14.253735215517512,15.880300849676132,12.57974055976769,30,2.1052631578947367,10,0.7017543859649122,1,0.07017543859649122,17.895722619049828,1.4225828055853251,3,0.21052631578947367,0.22,0.14,0.14035087719298245,0.6271252810450392
bayes_mean-fix-seed43,baseline_square,1,22,1541568437,success,52,13.0,0.20188100635126505,0,0.0,0,1.1645482366585571,14.577028126670765,15.991979464888573,11.056692419727872,31,2.3846153846153846,12,0.9230769230769231,0,0.0,18.32697946078075,1.6575462864537036,1,0.07692307692307693,0.15555555555555556,0.022222222222222223,0.07692307692307693,0.7084573258679924
bayes_mean-fix-seed43,baseline_square,1,23,1541568438,success,78,19.5,0.1894835595207317,0,0.0,1,0.8210000765135091,14.717816828917234,16.655505821108818,14.74750818319332,55,2.8205128205128207,32,1.641025641025641,16,0.8205128205128205,57.0806910982735,3.87053123749572,12,0.6153846153846154,0.18309859154929578,0.18309859154929578,0.21794871794871795,0.5260292395068078
bayes_mean-fix-seed43,baseline_square,1,24,1541568439,success,59,14.75,0.1864327363719488,0,0.0,3,0.981578561769847,14.234275509745387,15.634114295244217,10.658412140136752,41,2.7796610169491527,17,1.152542372881356,2,0.13559322033898305,23.99689879839342,2.2514515748577093,4,0.2711864406779661,0.11538461538461539,0.057692307692307696,0.13559322033898305,0.7314647082909946
bayes_mean-fix-seed43,baseline_square,1,25,1541568440,success,51,12.75,0.1896240350551086,0,0.0,1,1.1581165932911934,13.93929591365889,15.847088769078255,9.536093045055056,30,2.3529411764705883,19,1.4901960784313726,11,0.8627450980392157,35.132854080241444,3.6841979114769225,5,0.39215686274509803,0.0,0.0,0.11764705882352941,0.8125637348598855
bayes_mean-fix-seed43,baseline_square,1,26,1541568441,success,59,14.75,0.2775262532355268,0,0.0,0,1.1804737603547568,14.625115793640331,15.97299836575985,11.996008326205768,37,2.5084745762711864,16,1.0847457627118644,3,0.2033898305084746,24.890065534897328,2.0748623090335783,9,0.6101694915254238,0.15384615384615385,0.07692307692307693,0.1016949152542373,0.6535859834157263
bayes_mean-fix-seed43,baseline_square,1,27,1541568442,timeout,101,25.25,0.18430966043361863,0,0.0,5,0.35002532161990096,14.826454259086363,16.228675842285156,12.997791463841024,91,3.603960396039604,44,1.7425742574257426,41,1.6237623762376239,126.69154578215239,9.74715944124813,41,1.6237623762376239,0.7021276595744681,0.7021276595744681,0.31683168316831684,0.23616829146357685
bayes_mean-fix-seed43,baseline_square,1,28,1541568443,success,48,12.0,0.1491226652523362,0,0.0,1,1.145392942917301,14.083925091351071,15.229950845241547,11.020096007730583,24,2.0,11,0.9166666666666666,0,0.0,11.025069958601303,1.0004513527710859,1,0.08333333333333333,0.0,0.0,0.125,0.7057017345078765
bayes_mean-fix-seed43,baseline_square,1,29,1541568444,success,57,14.25,0.13120610370047836,0,0.0,10,0.734253959148307,14.497704803943634,16.099776327610016,12.772211988767095,29,2.0350877192982457,12,0.8421052631578947,0,0.0,11.208110452024819,0.8775387115311057,2,0.14035087719298245,0.0,0.0,0.0,0.6085465626756146
bayes_mean-fix-seed43,baseline_square,1,30,1541568445,success,46,11.5,0.14833114042419948,0,0.0,3,0.9135140512191723,14.193774079499038,16.527892090380192,9.639076300699516,24,2.0869565217391304,13,1.1304347826086956,3,0.2608695652173913,15.448452522763667,1.6026901376060856,7,0.6086956521739131,0.1282051282051282,0.10256410256410256,0.08695652173913043,0.7991544493924342
bayes_mean-fix-seed43,baseline_square,1,31,1541568446,success,60,15.0,0.25106343510831286,0,0.0,0,0.6798741312049834,14.258227311074734,15.804933570325375,11.04592966920555,47,3.1333333333333333,21,1.4,8,0.5333333333333333,34.0712441482242,3.0845067068650533,6,0.4,0.0,0.0,0.11666666666666667,0.705011453827194
bayes_mean-fix-seed43,baseline_square,1,32,1541568447,success,55,13.75,0.18850173338573406,0,0.0,2,0.5392072718251522,14.149174839258194,15.543514862656593,10.667426286398005,43,3.1272727272727274,25,1.8181818181818181,2,0.14545454545454545,22.826350321812832,2.1398179569254325,5,0.36363636363636365,0.10416666666666667,0.0625,0.09090909090909091,0.725378924412672
bayes_mean-fix-seed43,baseline_square,1,33,1541568448,success,57,14.25,0.1829094529973273,0,0.0,2,0.7999940243250752,14.731455136809434,16.256215423345566,11.528435798697426,40,2.807017543859649,15,1.0526315789473684,5,0.3508771929824561,23.17758405191772,2.0104708441483887,5,0.3508771929824561,0.06,0.06,0.14035087719298245,0.6720704963007093
bayes_mean-fix-seed43,baseline_square,1,34,1541568449,success,54,13.5,0.21808078498238226,0,0.0,0,1.3245946518804539,14.57393645412392,16.50625746697187,11.084085857590933,32,2.3703703703703702,16,1.1851851851851851,7,0.5185185185185185,25.72840877692761,2.321202587880309,5,0.37037037037037035,0.0,0.0,0.07407407407407407,0.7010961453044853
bayes_mean-fix-seed43,baseline_square,1,35,1541568450,collision,19,4.75,-0.02249910689039336,1,0.25,6,0.2116731796743069,12.84962598430483,15.091690421104428,3.4370741771040914,16,3.3684210526315788,6,1.263157894736842,4,0.8421052631578947,17.14349849012306,4.9878174303957925,3,0.631578947368421,0.16666666666666666,0.16666666666666666,0.3684210526315789,0.3789406512735953
bayes_mean-fix-seed43,baseline_square,1,36,1541568451,success,79,19.75,0.1757800208909991,0,0.0,2,0.5860867751007474,14.75721267582495,16.303160414099693,14.239598623004008,55,2.7848101265822787,23,1.1645569620253164,13,0.6582278481012658,46.19591856645603,3.244186847501918,16,0.810126582278481,0.2361111111111111,0.125,0.20253164556962025,0.5430288594099216
bayes_mean-fix-seed43,baseline_square,1,37,1541568452,success,52,13.0,0.2371120019911077,0,0.0,0,0.8034047261197068,14.616643006985004,16.712711192667484,10.6092896298858,30,2.3076923076923075,17,1.3076923076923077,4,0.3076923076923077,18.537821744056814,1.747319791500155,3,0.23076923076923078,0.1111111111111111,0.1111111111111111,0.09615384615384616,0.7304523709508538
bayes_mean-fix-seed43,baseline_square,1,38,1541568453,success,47,11.75,0.17675602384551103,0,0.0,2,0.8689407891440261,14.18149526766006,15.990685671567917,8.786764874187831,28,2.382978723404255,10,0.851063829787234,3,0.2553191489361702,16.114195408750795,1.8339167645293621,6,0.5106382978723404,0.05,0.05,0.0851063829787234,0.8854705069464035
bayes_mean-fix-seed43,baseline_square,1,39,1541568454,success,53,13.25,0.408543579946253,0,0.0,0,1.0059300994410063,14.116454096335286,15.832843631505966,9.614587812822567,38,2.8679245283018866,18,1.3584905660377358,5,0.37735849056603776,21.164424845887453,2.201282598684195,5,0.37735849056603776,0.13043478260869565,0.13043478260869565,0.09433962264150944,0.8066724630713489
bayes_mean-fix-seed43,baseline_square,1,40,1541568455,success,63,15.75,0.05838694481520146,0,0.0,6,1.081912541632803,14.406071000155949,15.860695391893387,12.836362065388817,39,2.4761904761904763,24,1.5238095238095237,3,0.19047619047619047,24.970620416366444,1.9453035283022828,6,0.38095238095238093,0.25,0.17857142857142858,0.09523809523809523,0.605413123418618
bayes_mean-fix-seed43,baseline_square,1,41,1541568456,success,46,11.5,0.3131397815349939,0,0.0,0,1.0460082773646782,14.052251434844473,15.972328372299671,8.914732012203904,37,3.217391304347826,17,1.4782608695652173,8,0.6956521739130435,28.593494619977466,3.2074429809930503,5,0.43478260869565216,0.0,0.0,0.06521739130434782,0.8684597251028527
bayes_mean-fix-seed43,baseline_square,1,42,1541568457,success,68,17.0,0.25519394325689626,0,0.0,0,1.0239035789424678,14.626088223474866,15.873313695192337,13.269554998859556,45,2.6470588235294117,21,1.2352941176470589,6,0.35294117647058826,27.51105344457414,2.0732461221901235,6,0.35294117647058826,0.29508196721311475,0.13114754098360656,0.17647058823529413,0.5913354308790424
bayes_mean-fix-seed43,baseline_square,1,43,1541568458,success,46,11.5,0.4573066105572047,0,0.0,0,1.5021544399605458,14.3668996575086,16.075188294053078,9.332243846202733,22,1.9130434782608696,12,1.0434782608695652,2,0.17391304347826086,11.638458536776723,1.2471232780219714,3,0.2608695652173913,0.0,0.0,0.043478260869565216,0.8347791097697126
bayes_mean-fix-seed43,baseline_square,1,44,1541568459,success,49,12.25,0.7333805883705667,0,0.0,0,1.206300582986225,14.180830698840472,15.992176532745361,11.149044968779027,28,2.2857142857142856,14,1.1428571428571428,3,0.24489795918367346,14.929366998069952,1.3390713769544444,1,0.08163265306122448,0.047619047619047616,0.023809523809523808,0.10204081632653061,0.6958522196685625
bayes_mean-fix-seed43,baseline_square,1,45,1541568460,success,46,11.5,0.1764593890918651,0,0.0,1,0.9327443653555048,14.192310688288316,16.167779453098774,10.25710869293297,25,2.1739130434782608,10,0.8695652173913043,4,0.34782608695652173,18.62837877762413,1.8161432558922639,5,0.43478260869565216,0.0,0.0,0.06521739130434782,0.7641964374065491
bayes_mean-fix-seed43,baseline_square,1,46,1541568461,success,45,11.25,0.14116971966400882,0,0.0,5,0.5321433776671372,14.403956962956322,16.93833991885185,9.956849366476439,29,2.577777777777778,11,0.9777777777777777,3,0.26666666666666666,17.965382602902576,1.8043240327999681,7,0.6222222222222222,0.05263157894736842,0.05263157894736842,0.06666666666666667,0.7883614327205548
bayes_mean-fix-seed43,baseline_square,1,47,1541568462,success,43,10.75,0.3520699415135494,0,0.0,0,1.2332703327177361,14.817048210737317,16.62539467215538,9.825561304005321,24,2.2325581395348837,10,0.9302325581395349,2,0.18604651162790697,12.833395909637993,1.3061234378952529,1,0.09302325581395349,0.0,0.0,0.023255813953488372,0.7909995742173014
bayes_mean-fix-seed43,baseline_square,1,48,1541568463,success,77,19.25,0.10978092265275807,0,0.0,3,0.9320808999171967,14.835893188591127,16.38791710138321,14.982795544646555,52,2.7012987012987013,25,1.2987012987012987,4,0.2077922077922078,32.001445394680104,2.135879469176526,2,0.1038961038961039,0.2571428571428571,0.17142857142857143,0.22077922077922077,0.5188662042580212
bayes_mean-fix-seed43,baseline_square,1,49,1541568464,success,55,13.75,0.20757450169063785,0,0.0,0,0.6365279607198875,14.295385574752634,15.625874698162079,10.90795591163535,29,2.109090909090909,7,0.509090909090909,0,0.0,9.407087055549244,0.8624060393858806,2,0.14545454545454545,0.08333333333333333,0.0,0.01818181818181818,0.7120158877968489
bayes_mean-fix-seed43,baseline_square,1,50,1541568465,success,66,16.5,0.23340880743173487,0,0.0,0,1.1908330656729227,14.721164479851723,16.382761299610138,13.13354722446673,47,2.8484848484848486,20,1.2121212121212122,3,0.18181818181818182,29.447487554418665,2.242157967769773,9,0.5454545454545454,0.01694915254237288,0.01694915254237288,0.09090909090909091,0.5876862304396009
bayes_mean-fix-seed43,baseline_square,1,51,1541568466,timeout,101,25.25,0.22324415804743902,0,0.0,0,1.3661638393440032,14.906197712563053,16.55442640185356,20.159663749135422,69,2.732673267326733,32,1.2673267326732673,12,0.4752475247524752,56.39839274855639,2.7975859840903903,11,0.43564356435643564,0.22340425531914893,0.031914893617021274,0.25742574257425743,0.3600497053442182
bayes_mean-fix-seed43,baseline_square,1,52,1541568467,success,49,12.25,0.17274155065888008,0,0.0,1,0.7578375154489441,14.546031322406263,16.299408674240112,11.129406262851608,33,2.693877551020408,15,1.2244897959183674,0,0.0,14.971449897644167,1.3452155078224397,1,0.08163265306122448,0.11904761904761904,0.0,0.10204081632653061,0.698954406294132
bayes_mean-fix-seed43,baseline_square,1,53,1541568468,success,57,14.25,0.22433938541143783,0,0.0,0,0.9473150606621984,14.572375568381528,16.0345159471035,11.431336317999785,37,2.5964912280701755,19,1.3333333333333333,5,0.3508771929824561,26.617924062708738,2.3285050253307786,11,0.7719298245614035,0.14,0.14,0.15789473684210525,0.6782356566377113
bayes_mean-fix-seed43,baseline_square,1,54,1541568469,success,57,14.25,0.21612638725574596,0,0.0,0,0.7169618944000961,14.334567610109062,15.980393439531326,11.52811359240399,35,2.456140350877193,17,1.1929824561403508,5,0.3508771929824561,23.58735317832027,2.0460722380340055,7,0.49122807017543857,0.1,0.0,0.15789473684210525,0.6682197465028468
bayes_mean-fix-seed43,baseline_square,1,55,1541568470,success,44,11.0,0.19076317848011437,0,0.0,1,0.8338461987119224,14.300566505302083,16.40689242631197,9.231661595508395,22,2.0,11,1.0,4,0.36363636363636365,14.227615427688217,1.5411760147935416,1,0.09090909090909091,0.0,0.0,0.045454545454545456,0.8489977396629693
bayes_mean-fix-seed43,baseline_square,1,56,1541568471,success,39,9.75,0.3845744750959328,0,0.0,0,1.1904480265835058,13.96413443562312,15.653059631586075,9.141318030509705,16,1.641025641025641,11,1.1282051282051282,3,0.3076923076923077,10.683067999915407,1.1686572947424012,1,0.10256410256410256,0.0,0.0,0.05128205128205128,0.851215246310172
bayes_mean-fix-seed43,baseline_square,1,57,1541568472,success,48,12.0,0.19616446036277535,0,0.0,1,0.9032917942667812,14.112810526664058,15.817258507013321,10.474931467585698,27,2.25,12,1.0,2,0.16666666666666666,15.884647676482054,1.5164440670219685,7,0.5833333333333334,0.0,0.0,0.041666666666666664,0.7487549627440112
bayes_mean-fix-seed43,baseline_square,1,58,1541568473,success,70,17.5,0.1819964149158959,0,0.0,4,0.7589745375225938,14.659195127231735,16.341634280979633,11.254283836349588,56,3.2,28,1.6,18,1.0285714285714285,67.26469522965478,5.976808138817351,27,1.542857142857143,0.06349206349206349,0.06349206349206349,0.15714285714285714,0.6921612220490595
bayes_mean-fix-seed43,baseline_square,1,59,1541568474,success,59,14.75,0.21305205071952593,0,0.0,0,0.9761151074156028,14.699529225038269,16.505133733153343,12.171152969186629,37,2.5084745762711864,15,1.0169491525423728,5,0.3389830508474576,21.170525780139126,1.7394018326559497,4,0.2711864406779661,0.19230769230769232,0.057692307692307696,0.22033898305084745,0.6388564683534553
bayes_mean-fix-seed43,baseline_square,1,60,1541568475,timeout,101,25.25,0.2340416269968214,0,0.0,0,1.380334327653045,14.777243911924929,16.220547258853912,18.526157463049106,81,3.207920792079208,25,0.9900990099009901,30,1.188118811881188,94.98598724045068,5.1271283551326094,30,1.188118811881188,0.2553191489361702,0.2553191489361702,0.24752475247524752,0.315450727666126
bayes_mean-fix-seed43,baseline_square,1,61,1541568476,success,49,12.25,0.2235602673149114,0,0.0,0,1.1561384947126978,14.38235293845741,16.35216847062111,9.147356326968085,40,3.2653061224489797,21,1.7142857142857142,6,0.4897959183673469,28.293620946481674,3.093092685486285,7,0.5714285714285714,0.0,0.0,0.04081632653061224,0.8514983033609175
bayes_mean-fix-seed43,baseline_square,1,62,1541568477,success,65,16.25,0.19283021511723963,0,0.0,1,0.9017182682884497,14.370868698908733,15.709692239761353,12.101162541479251,41,2.523076923076923,24,1.476923076923077,13,0.8,44.86422040161517,3.7074306082439374,18,1.1076923076923078,0.2413793103448276,0.2413793103448276,0.12307692307692308,0.6458498967399665
bayes_mean-fix-seed43,baseline_square,1,63,1541568478,timeout,101,25.25,0.04186687827261226,0,0.0,44,0.3692513007429475,14.905251304406931,16.62580668926239,15.0649803056557,94,3.722772277227723,54,2.1386138613861387,58,2.297029702970297,190.80213069986928,12.665275813751862,56,2.217821782178218,0.723404255319149,0.6276595744680851,0.45544554455445546,0.18699022318585182
bayes_mean-fix-seed43,baseline_square,1,64,1541568479,success,50,12.5,0.195835352077824,0,0.0,2,0.8161219603239054,14.216073080897331,15.992067195475101,11.047625782023937,27,2.16,12,0.96,2,0.16,15.957281575171157,1.4444082276153787,2,0.16,0.16279069767441862,0.13953488372093023,0.12,0.7003663546246303
bayes_mean-fix-seed43,baseline_square,1,65,1541568480,success,43,10.75,0.31458081625905565,0,0.0,0,1.583547910988858,14.557276960722236,16.181063652038574,9.614810894840234,25,2.3255813953488373,11,1.0232558139534884,0,0.0,8.88766827537146,0.9243726551232544,1,0.09302325581395349,0.0,0.0,0.046511627906976744,0.8057972436763461
bayes_mean-fix-seed43,baseline_square,1,66,1541568481,success,89,22.25,0.12358547565554356,0,0.0,7,0.7429061063920119,14.688574447390739,16.43945872783661,15.43622732575221,73,3.2808988764044944,37,1.6629213483146068,22,0.9887640449438202,75.61575885949449,4.898590650666628,20,0.898876404494382,0.14634146341463414,0.06097560975609756,0.21348314606741572,0.5032685658829981
bayes_mean-fix-seed43,baseline_square,1,67,1541568482,success,65,16.25,0.19087031810859556,0,0.0,1,1.2452952968002473,14.496020399607145,16.214261204004288,14.05340089408986,40,2.4615384615384617,23,1.4153846153846155,3,0.18461538461538463,21.894210263237053,1.5579296732682433,2,0.12307692307692308,0.10344827586206896,0.10344827586206896,0.13846153846153847,0.5517419414887635
bayes_mean-fix-seed43,baseline_square,1,68,1541568483,success,58,14.5,0.17993677170049693,0,0.0,4,0.7645182272261626,14.420076433954568,15.794297121465206,10.745563237591707,41,2.8275862068965516,23,1.5862068965517242,6,0.41379310344827586,25.709840951195478,2.3926005908423242,8,0.5517241379310345,0.058823529411764705,0.058823529411764705,0.08620689655172414,0.7234818824782956
bayes_mean-fix-seed43,baseline_square,1,69,1541568484,timeout,101,25.25,0.20044693620613363,0,0.0,0,0.5277094802059323,15.088926226195722,16.691982746124268,12.091489923391062,97,3.8415841584158414,53,2.099009900990099,48,1.900990099009901,143.61901007186572,11.87769340104513,17,0.6732673267326733,0.6382978723404256,0.5638297872340425,0.45544554455445546,0.24611152473525513
bayes_mean-fix-seed43,baseline_square,1,70,1541568485,success,62,15.5,0.21628072320291725,0,0.0,0,0.9223613544092195,14.763321006490338,16.567624919116497,11.900388935797347,43,2.774193548387097,27,1.7419354838709677,13,0.8387096774193549,35.341338671050515,2.9697633297295742,1,0.06451612903225806,0.09090909090909091,0.09090909090909091,0.1935483870967742,0.6509200027585151
bayes_mean-fix-seed43,baseline_square,1,71,1541568486,success,58,14.5,0.20379453738902098,0,0.0,0,0.8833028898010361,14.702322218438674,16.816643439233303,9.637636616511939,46,3.1724137931034484,17,1.1724137931034482,5,0.3448275862068966,28.77959267521012,2.986167026250265,10,0.6896551724137931,0.0196078431372549,0.0,0.05172413793103448,0.810191293005273
bayes_mean-fix-seed43,baseline_square,1,72,1541568487,success,45,11.25,0.19517047558729406,0,0.0,3,0.832172316143808,14.231938040918774,15.916436910629272,8.624162476870291,27,2.4,13,1.1555555555555554,0,0.0,10.5391918635257,1.2220539550120317,5,0.4444444444444444,0.0,0.0,0.0,0.9042561081365539
bayes_mean-fix-seed43,baseline_square,1,73,1541568488,timeout,101,25.25,0.08534429970106638,0,0.0,3,0.714337122362703,14.746663188285167,16.143158078193665,13.689490327202762,89,3.5247524752475248,42,1.6633663366336633,35,1.386138613861386,116.12370131000648,8.482689898195398,31,1.2277227722772277,0.6063829787234043,0.5319148936170213,0.39603960396039606,0.12901964434495655
bayes_mean-fix-seed43,baseline_square,1,74,1541568489,success,85,21.25,0.18243032610109244,0,0.0,3,0.7489804025954161,14.76406117572504,16.22665375471115,14.529925294460938,57,2.6823529411764704,28,1.3176470588235294,18,0.8470588235294118,65.54941148048427,4.511338506707454,7,0.32941176470588235,0.3717948717948718,0.32051282051282054,0.27058823529411763,0.5304806883069402
bayes_mean-fix-seed43,baseline_square,1,75,1541568490,success,51,12.75,0.1672279688128765,0,0.0,2,0.4475044511495686,14.326508723053278,16.64946787059307,10.680766820027111,33,2.588235294117647,16,1.2549019607843137,5,0.39215686274509803,20.530174488795122,1.9221629715105988,9,0.7058823529411765,0.0,0.0,0.0784313725490196,0.7263179521340344
bayes_mean-fix-seed43,baseline_square,1,76,1541568491,timeout,101,25.25,0.18577778992510618,0,0.0,10,0.2411902643574585,14.646275540684709,15.96985012292862,11.40025074199541,99,3.9207920792079207,47,1.8613861386138615,49,1.9405940594059405,155.96127769184957,13.68051293094202,47,1.8613861386138615,0.776595744680851,0.776595744680851,0.3564356435643564,0.0442532520779735
bayes_mean-fix-seed43,baseline_square,1,77,1541568492,success,75,18.75,0.23097404224599594,0,0.0,0,1.408044589052201,14.602657109498978,16.16523265838623,16.290462569182925,44,2.3466666666666667,17,0.9066666666666666,7,0.37333333333333335,33.822682584794045,2.076226039693757,9,0.48,0.4117647058823529,0.38235294117647056,0.24,0.48077054791087975
bayes_mean-fix-seed43,baseline_square,1,78,1541568493,success,51,12.75,0.18706161512289776,0,0.0,2,1.168228090370556,14.266683336566476,15.875650569796562,8.884779486904401,33,2.588235294117647,14,1.0980392156862746,1,0.0784313725490196,16.908676992393836,1.9031059822380678,4,0.3137254901960784,0.022727272727272728,0.022727272727272728,0.0784313725490196,0.875509582968873
bayes_mean-fix-seed43,baseline_square,1,79,1541568494,success,43,10.75,0.6438460761277965,0,0.0,0,1.379667429135025,13.872715709514397,16.261808574199677,9.798247591247813,23,2.13953488372093,12,1.1162790697674418,3,0.27906976744186046,12.862003070821535,1.3126840234482735,1,0.09302325581395349,0.0,0.0,0.046511627906976744,0.7939376847812682
bayes_mean-fix-seed43,baseline_square,1,80,1541568495,timeout,101,25.25,0.11550230210681123,0,0.0,26,0.32730562495754906,14.640214530253175,16.033630818128586,18.13601169689459,86,3.405940594059406,41,1.6237623762376239,46,1.8217821782178218,140.6505571972375,7.755319060657693,39,1.5445544554455446,0.5531914893617021,0.5425531914893617,0.3564356435643564,0.10034407657749639
bayes_mean-fix-seed43,baseline_square,1,81,1541568496,success,45,11.25,0.14621991055283834,0,0.0,4,0.8884958137612726,14.32433451215426,16.715510934591293,9.349496287712102,21,1.8666666666666667,11,0.9777777777777777,1,0.08888888888888889,11.542224416374495,1.2345290121719459,4,0.35555555555555557,0.0,0.0,0.044444444444444446,0.8273702064397548
bayes_mean-fix-seed43,baseline_square,1,82,1541568497,success,70,17.5,0.18908141739787,0,0.0,2,0.6964426489688661,14.433432796171733,15.593381598591805,12.448062291173818,44,2.5142857142857142,14,0.8,3,0.17142857142857143,23.475620229851824,1.885885504163728,9,0.5142857142857142,0.25396825396825395,0.1111111111111111,0.12857142857142856,0.6227252366120748
bayes_mean-fix-seed43,baseline_square,1,83,1541568498,success,56,14.0,0.028679337514188497,0,0.0,6,1.0331503166170557,14.616105306361403,16.242848709225655,11.640147795897212,33,2.357142857142857,10,0.7142857142857143,2,0.14285714285714285,18.564566795668238,1.5948738041119777,1,0.07142857142857142,0.08163265306122448,0.08163265306122448,0.10714285714285714,0.6732555525942551
bayes_mean-fix-seed43,baseline_square,1,84,1541568499,success,44,11.0,0.14163637589533817,0,0.0,4,1.3314903984619235,14.194889417426152,16.065817326307297,9.39807171136129,26,2.3636363636363638,11,1.0,1,0.09090909090909091,12.087219108620038,1.286138207905761,3,0.2727272727272727,0.0,0.0,0.09090909090909091,0.836311472912751
bayes_mean-fix-seed43,baseline_square,1,85,1541568500,success,59,14.75,0.21129486353015248,0,0.0,0,0.7187838890189592,14.415442249027349,16.393492370843887,10.72432524200427,42,2.847457627118644,28,1.8983050847457628,10,0.6779661016949152,38.856552138241824,3.6232164972068603,15,1.0169491525423728,0.019230769230769232,0.019230769230769232,0.0847457627118644,0.7251212958167064
bayes_mean-fix-seed43,baseline_square,1,86,1541568501,success,52,13.0,0.2077380318784796,0,0.0,0,0.8232682225584329,14.265244755034264,16.211983934044838,10.725109839073939,40,3.076923076923077,21,1.6153846153846154,2,0.15384615384615385,23.829408044867687,2.221833473262148,5,0.38461538461538464,0.08888888888888889,0.08888888888888889,0.07692307692307693,0.7190090171285359
bayes_mean-fix-seed43,baseline_square,1,87,1541568502,collision,23,5.75,-0.00017872326827006457,1,0.25,5,0.47561785323851935,18.804092284130014,15.722470358014107,4.17454668754826,22,3.8260869565217392,13,2.260869565217391,3,0.5217391304347826,18.685008910613625,4.475937223638397,5,0.8695652173913043,0.0,0.0,0.043478260869565216,0.6446305265162356
bayes_mean-fix-seed43,baseline_square,1,88,1541568503,success,50,12.5,0.19184486371644194,0,0.0,2,0.6096918821579738,14.234586730599403,16.092941537499428,10.67512957761311,31,2.48,14,1.12,1,0.08,18.282314287202766,1.7126081846859018,7,0.56,0.11627906976744186,0.11627906976744186,0.1,0.7318593654904301
bayes_mean-fix-seed43,baseline_square,1,89,1541568504,timeout,101,25.25,0.18284621498900444,0,0.0,4,0.6945508597130069,14.949736766295858,16.420166939496994,15.274466841129746,83,3.287128712871287,45,1.7821782178217822,44,1.7425742574257426,146.2386315748472,9.574058007777309,48,1.900990099009901,0.5425531914893617,0.5106382978723404,0.37623762376237624,0.38993689375033086
bayes_mean-fix-seed43,baseline_square,1,90,1541568505,success,50,12.5,0.5727184417190757,0,0.0,0,1.2767426800889607,14.431769028306007,16.023952141404152,10.440743810405749,29,2.32,15,1.2,4,0.32,16.439716570374003,1.5745733128696624,1,0.08,0.0,0.0,0.06,0.7451028826232641
bayes_mean-fix-seed43,baseline_square,1,91,1541568506,timeout,101,25.25,0.18523999647004596,0,0.0,1,0.9765248606668709,14.923750764072532,16.225416213274002,12.538462847929244,96,3.801980198019802,63,2.495049504950495,55,2.1782178217821784,170.1540406943503,13.570566245482924,24,0.9504950495049505,0.24468085106382978,0.24468085106382978,0.3564356435643564,0.42692928920578876
bayes_mean-fix-seed43,baseline_square,1,92,1541568507,success,46,11.5,0.15185326228298646,0,0.0,1,1.0205193307468268,14.345648253093595,16.320114955306053,10.017153655827471,23,2.0,9,0.782608695652174,3,0.2608695652173913,14.825038483941569,1.4799651670828784,3,0.2608695652173913,0.0,0.0,0.06521739130434782,0.7756766034581526
bayes_mean-fix-seed43,baseline_square,1,93,1541568508,timeout,101,25.25,0.18529566475035886,0,0.0,2,0.5245077171553661,14.719538575056756,16.387950628995895,16.851777400548848,78,3.089108910891089,42,1.6633663366336633,25,0.9900990099009901,88.8073686114283,5.269911090122513,16,0.6336633663366337,0.5425531914893617,0.44680851063829785,0.38613861386138615,0.25030754258802285
bayes_mean-fix-seed43,baseline_square,1,94,1541568509,success,36,9.0,0.5305260044631627,0,0.0,0,0.8378651245986316,14.268253929913044,16.248920932412148,8.019801232991693,12,1.3333333333333333,5,0.5555555555555556,0,0.0,2.9748957870744888,0.3709438302331514,1,0.1111111111111111,0.0,0.0,0.0,0.9668273750595247
bayes_mean-fix-seed43,baseline_square,1,95,1541568510,success,68,17.0,0.22070694396876256,0,0.0,0,0.7157355112152837,14.608782277826,15.974738821387291,13.153554110412182,47,2.764705882352941,20,1.1764705882352942,6,0.35294117647058826,28.87347593113119,2.19510830979707,12,0.7058823529411765,0.08196721311475409,0.03278688524590164,0.20588235294117646,0.5862686452903445
bayes_mean-fix-seed43,baseline_square,1,96,1541568511,success,64,16.0,0.24042786420596496,0,0.0,0,0.8073695744482059,14.459597237873822,15.814469382166862,12.666473393257602,41,2.5625,24,1.5,7,0.4375,31.66510064002051,2.4999145110805605,6,0.375,0.08771929824561403,0.08771929824561403,0.171875,0.6116927143374722
bayes_mean-fix-seed43,baseline_square,1,97,1541568512,success,66,16.5,0.2007975389918013,0,0.0,0,1.151253901990327,14.787238147674184,16.40335563570261,13.45499567598682,37,2.242424242424242,19,1.1515151515151516,8,0.48484848484848486,37.082278976506956,2.7560231061751908,9,0.5454545454545454,0.22033898305084745,0.1864406779661017,0.13636363636363635,0.5792219951929356
bayes_mean-fix-seed43,baseline_square,1,98,1541568513,success,58,14.5,0.159170991764217,0,0.0,2,0.9039961741928768,14.478009258364809,16.053285636007786,10.086316898822579,41,2.8275862068965516,22,1.5172413793103448,5,0.3448275862068966,28.716354755419633,2.8470605319541193,7,0.4827586206896552,0.09803921568627451,0.09803921568627451,0.06896551724137931,0.769322358319324
bayes_mean-fix-seed43,baseline_square,1,99,1541568514,collision,4,1.0,-0.0955908945751116,2,0.5,4,0.040677151706105086,11.936932802200317,12.185011617839336,0.8014405175550445,3,3.0,0,0.0,1,1.0,3.715684670549134,4.636257575153023,1,1.0,0.0,0.0,0.5,0.0
bayes_mean-fix-seed43,baseline_square,1,100,1541568515,timeout,101,25.25,0.1898739727035561,0,0.0,2,0.41540759070117605,14.778060561949664,16.425330191850662,9.742266395399826,93,3.6831683168316833,50,1.9801980198019802,42,1.6633663366336633,145.16959650811316,14.901008719763647,7,0.27722772277227725,0.7127659574468085,0.648936170212766,0.46534653465346537,0.241220252897386
bayes_mean-fix-seed43,baseline_square,1,101,1541568516,success,95,23.75,0.18869929537399344,0,0.0,1,0.720136581626667,14.89429732686595,16.51153676211834,15.044732146053999,83,3.4947368421052634,37,1.5578947368421052,18,0.7578947368421053,74.76241421351297,4.969341659773052,15,0.631578947368421,0.22727272727272727,0.18181818181818182,0.2631578947368421,0.5152535216558686
bayes_mean-fix-seed43,baseline_square,1,102,1541568517,success,48,12.0,0.2870055945677884,0,0.0,0,0.980564603421841,14.618040605758628,16.567838564515114,9.327078845033306,26,2.1666666666666665,12,1.0,1,0.08333333333333333,15.570022922237598,1.6693354029625982,4,0.3333333333333333,0.0,0.0,0.041666666666666664,0.8311816272080441
bayes_mean-fix-seed43,baseline_square,1,103,1541568518,success,45,11.25,0.28415028869737613,0,0.0,0,1.221291819844977,14.198572519752714,15.890952199697495,8.685704307507129,29,2.577777777777778,17,1.511111111111111,7,0.6222222222222222,24.931933573508754,2.870456176128385,15,1.3333333333333333,0.0,0.0,0.044444444444444446,0.8956322803336755
bayes_mean-fix-seed43,baseline_square,1,104,1541568519,success,52,13.0,0.15907848901733856,0,0.0,9,0.5523463502285142,14.448700974193903,15.984771773219109,11.067502222953374,33,2.5384615384615383,15,1.1538461538461537,4,0.3076923076923077,23.38704425248073,2.113127585732698,8,0.6153846153846154,0.1111111111111111,0.0,0.07692307692307693,0.6980112509037213
bayes_mean-fix-seed43,baseline_square,1,105,1541568520,success,62,15.5,0.0684527788511341,0,0.0,8,0.7633210921474887,14.615057697219234,16.57946091145277,13.825841194664998,41,2.6451612903225805,15,0.967741935483871,2,0.12903225806451613,21.1400733694817,1.529026196079777,9,0.5806451612903226,0.18181818181818182,0.03636363636363636,0.14516129032258066,0.5631200724005739
bayes_mean-fix-seed43,baseline_square,1,106,1541568521,success,37,9.25,0.36863835127580846,0,0.0,0,1.1128878774975164,13.940828072058189,15.718958526849745,8.800705106442223,20,2.1621621621621623,11,1.1891891891891893,0,0.0,6.941972372932287,0.7887972939634892,1,0.10810810810810811,0.0,0.0,0.0,0.8827322732486037
bayes_mean-fix-seed43,baseline_square,1,107,1541568522,success,51,12.75,0.31385210950939724,0,0.0,0,1.0997406558533527,14.365978173765482,16.389429569244385,10.884684421450288,28,2.196078431372549,11,0.8627450980392157,3,0.23529411764705882,15.995003457172787,1.4694962975363501,3,0.23529411764705882,0.09090909090909091,0.0,0.13725490196078433,0.7174316078046071
bayes_mean-fix-seed43,baseline_square,1,108,1541568523,success,42,10.5,0.2303332769994073,0,0.0,0,0.9412431689252404,14.064061499777294,15.620793029665947,10.177987984539335,18,1.7142857142857142,9,0.8571428571428571,0,0.0,6.961612043633897,0.6839870565979044,3,0.2857142857142857,0.0,0.0,0.0,0.7591850818565699
bayes_mean-fix-seed43,baseline_square,1,109,1541568524,timeout,101,25.25,0.19644304694050496,0,0.0,2,0.3699608703792233,14.845278999297927,16.065768897533417,12.787117730468601,89,3.5247524752475248,47,1.8613861386138615,43,1.702970297029703,139.32444611471624,10.89568807071666,47,1.8613861386138615,0.5957446808510638,0.5957446808510638,0.42574257425742573,0.3136419083631649
bayes_mean-fix-seed43,baseline_square,1,110,1541568525,success,50,12.5,0.15577321906979302,0,0.0,3,0.6106324028466235,14.414041340351105,16.32730197161436,10.012447944531777,32,2.56,9,0.72,0,0.0,15.022734899085044,1.500405793099738,7,0.56,0.0,0.0,0.04,0.7691069774765973
bayes_mean-fix-seed43,baseline_square,1,111,1541568526,timeout,101,25.25,0.14313759885492572,0,0.0,10,0.2738102697478495,14.619100580711176,16.008369624614716,14.49779988655837,97,3.8415841584158414,42,1.6633663366336633,35,1.386138613861386,114.52515162273892,7.8994849231517446,32,1.2673267326732673,0.8085106382978723,0.8085106382978723,0.40594059405940597,0.054092161953079844
bayes_mean-fix-seed43,baseline_square,1,112,1541568527,success,47,11.75,0.13691797171036502,0,0.0,2,0.753170337880335,14.482422712001394,16.352181881666183,10.284428122839442,28,2.382978723404255,14,1.1914893617021276,1,0.0851063829787234,15.471192053285936,1.504331778927779,7,0.5957446808510638,0.0,0.0,0.0,0.7551765739584823
bayes_mean-fix-seed43,baseline_square,1,113,1541568528,success,58,14.5,0.1948699255781572,0,0.0,3,0.45944041396013585,14.541314786364293,16.22830033302307,10.67432673077519,40,2.7586206896551726,15,1.0344827586206897,3,0.20689655172413793,21.4501200296679,2.0095056644486045,7,0.4827586206896552,0.0,0.0,0.05172413793103448,0.7269348677537691
bayes_mean-fix-seed43,baseline_square,1,114,1541568529,timeout,101,25.25,0.21181585010852633,0,0.0,0,0.9877549554285786,14.727824100173345,15.995346009731293,16.136879531324475,77,3.0495049504950495,33,1.306930693069307,13,0.5148514851485149,64.44392265569489,3.993580204313857,16,0.6336633663366337,0.5638297872340425,0.39361702127659576,0.46534653465346537,0.22583230436192428
bayes_mean-fix-seed43,baseline_square,1,115,1541568530,success,77,19.25,0.1578508269929806,0,0.0,3,1.0681915000571147,14.76787587071394,16.456229239702225,14.061329582053654,50,2.5974025974025974,25,1.2987012987012987,10,0.5194805194805194,42.388791798613454,3.0145649848584646,10,0.5194805194805194,0.2857142857142857,0.22857142857142856,0.2077922077922078,0.5541049707996526
bayes_mean-fix-seed43,baseline_square,1,116,1541568531,success,48,12.0,0.23613652655034845,0,0.0,0,0.8201299924043332,14.133905293419957,16.056458838284016,10.649253225360834,30,2.5,11,0.9166666666666666,4,0.3333333333333333,19.462677013215682,1.8276095610972964,5,0.4166666666666667,0.0,0.0,0.041666666666666664,0.7241708123725072
bayes_mean-fix-seed43,baseline_square,1,117,1541568532,success,61,15.25,0.16649901203088147,0,0.0,1,0.6894417397281665,14.54775322411881,16.02630317211151,13.651349637070691,40,2.622950819672131,21,1.3770491803278688,4,0.26229508196721313,22.99609609132968,1.6845291273533147,9,0.5901639344262295,0.16666666666666666,0.09259259259259259,0.18032786885245902,0.5666418289284285
bayes_mean-fix-seed43,baseline_square,1,118,1541568533,timeout,101,25.25,0.1920549170837973,0,0.0,1,0.9567336361343419,14.625062963159957,15.99143072962761,15.829234488158777,83,3.287128712871287,35,1.386138613861386,36,1.4257425742574257,109.19826291780801,6.898518244801725,25,0.9900990099009901,0.5212765957446809,0.5212765957446809,0.24752475247524752,0.464038736563143
bayes_mean-fix-seed43,baseline_square,1,119,1541568534,timeout,101,25.25,0.21999390830483434,0,0.0,0,0.889248564755997,14.725259551317384,16.185104846954346,19.038878617292717,79,3.128712871287129,37,1.4653465346534653,24,0.9504950495049505,85.69430161644674,4.501016227847156,21,0.8316831683168316,0.2765957446808511,0.24468085106382978,0.25742574257425743,0.3735543848670286
bayes_mean-fix-seed43,baseline_square,1,120,1541568535,success,61,15.25,0.18361863348290108,0,0.0,1,0.6764885120087947,14.479028335848792,15.96817746758461,11.34315309981235,46,3.0163934426229506,21,1.3770491803278688,12,0.7868852459016393,38.28302436619073,3.374989654933252,7,0.45901639344262296,0.05555555555555555,0.05555555555555555,0.09836065573770492,0.6816079823960003
bayes_mean-fix-seed43,baseline_square,1,121,1541568536,success,36,9.0,0.23032496019497684,0,0.0,0,0.5362028145656647,14.248211143745316,16.256533563137054,8.833774212920888,13,1.4444444444444444,9,1.0,0,0.0,5.331962921002383,0.603588318252858,1,0.1111111111111111,0.0,0.0,0.0,0.8812789276780774
bayes_mean-fix-seed43,baseline_square,1,122,1541568537,timeout,101,25.25,0.1910611543154036,0,0.0,3,0.7131446956248266,15.435583668180032,19.919604063034058,16.0765440539028,93,3.6831683168316833,51,2.01980198019802,28,1.108910891089109,103.63145370987935,6.446127560899595,19,0.7524752475247525,0.648936170212766,0.5957446808510638,0.3564356435643564,0.173663041208011
bayes_mean-fix-seed43,baseline_square,1,123,1541568538,success,64,16.0,0.18713626642663617,0,0.0,2,0.5097003402855246,15.021776198409498,17.086714878678322,13.747809058097978,47,2.9375,26,1.625,10,0.625,42.166374956125125,3.067134172283804,9,0.5625,0.017543859649122806,0.017543859649122806,0.109375,0.5670802668059719
bayes_mean-fix-seed43,baseline_square,1,124,1541568539,success,57,14.25,0.23693146434893153,0,0.0,0,0.9007741606700074,14.81735810898898,16.717136651277542,11.4901431413805,40,2.807017543859649,18,1.263157894736842,4,0.2807017543859649,24.921992746332176,2.168988883748396,5,0.3508771929824561,0.14,0.0,0.14035087719298245,0.6773183653150298
bayes_mean-fix-seed43,baseline_square,1,125,1541568540,timeout,101,25.25,0.20412708442218463,0,0.0,0,1.0506728558197667,15.216743665756566,16.964443027973175,17.03162496189247,88,3.485148514851485,54,2.1386138613861387,40,1.5841584158415842,138.158938817551,8.111905888409103,35,1.386138613861386,0.35106382978723405,0.35106382978723405,0.26732673267326734,0.40466459509612135
bayes_mean-fix-seed43,baseline_square,1,126,1541568541,success,42,10.5,0.17330130161494528,0,0.0,1,0.6688401338794969,14.664737862490473,17.039867863059044,9.169469823945644,25,2.380952380952381,11,1.0476190476190477,2,0.19047619047619047,13.029518526655185,1.420967490686234,2,0.19047619047619047,0.0,0.0,0.047619047619047616,0.8454906981868499
bayes_mean-fix-seed43,baseline_square,1,127,1541568542,success,70,17.5,0.15369757701606868,0,0.0,3,0.5877251038034831,15.104963204690389,17.341801524162292,12.692748702187215,53,3.0285714285714285,18,1.0285714285714285,5,0.2857142857142857,34.371461675431746,2.7079604648210562,13,0.7428571428571429,0.14285714285714285,0.09523809523809523,0.14285714285714285,0.6093723238130835
bayes_mean-fix-seed43,baseline_square,1,128,1541568543,timeout,101,25.25,0.43393339121947505,0,0.0,0,1.4250427983319107,14.919293362020266,16.38636738061905,13.841704905301125,97,3.8415841584158414,57,2.257425742574257,69,2.732673267326733,191.0315337818902,13.801156366852508,72,2.8514851485148514,0.6595744680851063,0.6595744680851063,0.3564356435643564,0.16146097674145574
bayes_mean-fix-seed43,baseline_square,1,129,1541568544,success,45,11.25,0.21336301875458863,0,0.0,0,0.9835249866070683,14.684971421957016,16.22026562690735,10.12587990229923,22,1.9555555555555555,8,0.7111111111111111,3,0.26666666666666666,13.677277507234612,1.3507248396387739,3,0.26666666666666666,0.0,0.0,0.06666666666666667,0.7804049627342329
bayes_mean-fix-seed43,baseline_square,1,130,1541568545,success,38,9.5,0.20035347921489455,0,0.0,0,0.49898209280411576,14.540030179839386,16.3531593978405,8.996143101254985,21,2.210526315789474,11,1.1578947368421053,0,0.0,7.1545836168376535,0.7952945541561662,1,0.10526315789473684,0.0,0.0,0.0,0.8619927034314961
bayes_mean-fix-seed43,baseline_square,1,131,1541568546,success,45,11.25,0.28957939070133376,0,0.0,0,1.2592474338096542,14.849074267678791,16.531145572662354,10.251706739716417,22,1.9555555555555555,12,1.0666666666666667,1,0.08888888888888889,11.894192974969311,1.1602158817994368,1,0.08888888888888889,0.10526315789473684,0.05263157894736842,0.1111111111111111,0.7597215600751668
bayes_mean-fix-seed43,baseline_square,1,132,1541568547,success,99,24.75,0.19148579292144785,0,0.0,2,0.6040779235077306,15.053488652814519,16.736988350749016,17.760671050692086,73,2.9494949494949494,26,1.0505050505050506,19,0.7676767676767676,73.37946777438616,4.131570680237713,19,0.7676767676767676,0.30434782608695654,0.1956521739130435,0.2727272727272727,0.43827676664248677
bayes_mean-fix-seed43,baseline_square,1,133,1541568548,success,59,14.75,0.1648259712492991,0,0.0,3,0.5698917814481207,14.801088783700587,16.287846118211746,11.56795101983813,39,2.6440677966101696,15,1.0169491525423728,4,0.2711864406779661,27.029673425095684,2.3365999197906278,5,0.3389830508474576,0.1346153846153846,0.07692307692307693,0.1694915254237288,0.6704483088428818
bayes_mean-fix-seed43,baseline_square,1,134,1541568549,success,37,9.25,0.34930677039520674,0,0.0,0,0.806396383399233,13.763510194179174,15.608777105808258,8.912235288015152,9,0.972972972972973,3,0.32432432432432434,0,0.0,3.1338045956769927,0.3516294727868348,1,0.10810810810810811,0.0,0.0,0.0,0.876806686624547
bayes_mean-fix-seed43,baseline_square,1,135,1541568550,success,52,13.0,0.22555300163108571,0,0.0,0,0.7336032391834405,14.736718498170376,17.100286297500134,11.499839897555482,34,2.6153846153846154,11,0.8461538461538461,2,0.15384615384615385,17.409259320685937,1.5138697126024006,6,0.46153846153846156,0.044444444444444446,0.044444444444444446,0.09615384615384616,0.6729618506769199
bayes_mean-fix-seed43,baseline_square,1,136,1541568551,success,50,12.5,0.22186851137157504,0,0.0,0,0.7812579742274928,14.280483201146126,16.04965217411518,10.625462334771647,23,1.84,12,0.96,2,0.16,13.61560963671884,1.2814133830357655,3,0.24,0.16279069767441862,0.16279069767441862,0.12,0.7350952847044493
bayes_mean-fix-seed43,baseline_square,1,137,1541568552,success,48,12.0,0.22454880735191352,0,0.0,0,0.9375561838851141,14.455952992041906,16.001462191343307,10.672328638131386,28,2.3333333333333335,16,1.3333333333333333,3,0.25,15.904341072890158,1.4902409410505975,4,0.3333333333333333,0.0,0.0,0.08333333333333333,0.7289779467554736
bayes_mean-fix-seed43,baseline_square,1,138,1541568553,success,52,13.0,0.11645200638299247,0,0.0,13,0.5043181943798453,14.536977029190613,15.90843964368105,10.090596103326801,30,2.3076923076923075,10,0.7692307692307693,2,0.15384615384615385,15.310947647923811,1.51734818152873,5,0.38461538461538464,0.0,0.0,0.07692307692307693,0.7683505285582255
bayes_mean-fix-seed43,baseline_square,1,139,1541568554,success,50,12.5,0.22325472648449962,0,0.0,0,0.8508958481691213,14.527158811688423,16.844740882515904,9.827891199442131,35,2.8,21,1.68,1,0.08,17.065402167300416,1.7364256299733063,4,0.32,0.09302325581395349,0.09302325581395349,0.04,0.8024774819168174
bayes_mean-fix-seed43,baseline_square,1,140,1541568555,success,46,11.5,0.1736036621290098,0,0.0,3,0.8315400987880138,14.149461832383405,16.03106688708067,10.533176085308408,26,2.260869565217391,16,1.391304347826087,2,0.17391304347826086,13.940308991913188,1.3234668137141485,2,0.17391304347826086,0.0,0.0,0.043478260869565216,0.7493318230536367
bayes_mean-fix-seed43,baseline_square,1,141,1541568556,success,38,9.5,0.2418970926644164,0,0.0,0,0.854428872144663,14.694081031178174,16.0159170627594,8.359916462604705,19,2.0,10,1.0526315789473684,1,0.10526315789473684,8.87754244614624,1.061917602389565,3,0.3157894736842105,0.0,0.0,0.0,0.9245704760299305
bayes_mean-fix-seed43,baseline_square,1,142,1541568557,success,42,10.5,0.1801990534897253,0,0.0,2,1.005489527143796,14.586655600439935,17.579249292612072,9.764355781327975,22,2.0952380952380953,10,0.9523809523809523,2,0.19047619047619047,10.498589226243345,1.0751952777385907,2,0.19047619047619047,0.0,0.0,0.023809523809523808,0.793722573525147
bayes_mean-fix-seed43,baseline_square,1,143,1541568558,success,61,15.25,0.23427975230481057,0,0.0,0,0.7323164465173946,15.058766867293686,17.25189760327339,11.919551483347748,46,3.0163934426229506,16,1.0491803278688525,6,0.39344262295081966,27.319212900384404,2.2919665172427677,7,0.45901639344262296,0.05555555555555555,0.05555555555555555,0.08196721311475409,0.6504923620230734
bayes_mean-fix-seed43,baseline_square,1,144,1541568559,success,51,12.75,0.22027650752081585,0,0.0,0,0.9033499773827682,14.865366559402615,16.53827168047428,11.319034799491718,28,2.196078431372549,14,1.0980392156862746,4,0.3137254901960784,16.69451858592668,1.474906551809201,4,0.3137254901960784,0.13636363636363635,0.13636363636363635,0.11764705882352941,0.6851769680478792
bayes_mean-fix-seed43,baseline_square,1,145,1541568560,success,63,15.75,0.25802653753467597,0,0.0,0,1.7738052850417858,15.025935357525235,16.805750876665115,12.745449332946286,43,2.7301587301587302,26,1.6507936507936507,6,0.38095238095238093,30.08516407180945,2.3604631963849996,7,0.4444444444444444,0.19642857142857142,0.08928571428571429,0.14285714285714285,0.6124003795735729
bayes_mean-fix-seed43,baseline_square,1,146,1541568561,success,47,11.75,0.46497668788288926,0,0.0,0,1.2754595445281494,14.519591122231585,16.076714172959328,9.590395853492305,26,2.2127659574468086,9,0.7659574468085106,1,0.0851063829787234,14.562506241976564,1.5184468362349908,7,0.5957446808510638,0.0,0.0,0.0,0.8033530959025612
bayes_mean-fix-seed43,baseline_square,1,147,1541568562,success,44,11.0,0.18066380374868318,0,0.0,3,0.4215320300149788,14.199452559379013,15.747195482254028,8.896038621061011,31,2.8181818181818183,12,1.0909090909090908,1,0.09090909090909091,13.64064955582058,1.5333397410760892,8,0.7272727272727273,0.0,0.0,0.022727272727272728,0.8745935830456588
bayes_mean-fix-seed43,baseline_square,1,148,1541568563,success,46,11.5,0.22720785511399033,0,0.0,0,1.1795311519025435,14.630371704697609,16.678253188729286,10.351098149335037,27,2.347826086956522,14,1.2173913043478262,0,0.0,10.737442875244854,1.0373240327099629,1,0.08695652173913043,0.05128205128205128,0.0,0.06521739130434782,0.7523832979556804
bayes_mean-fix-seed43,baseline_square,1,149,1541568564,success,48,12.0,0.1676576692571633,0,0.0,2,0.7506668188115938,14.482124708592892,16.59496109932661,9.827210060837409,37,3.0833333333333335,17,1.4166666666666667,2,0.16666666666666666,18.06201419754664,1.837959510962923,6,0.5,0.0,0.0,0.041666666666666664,0.7894125418059107
bayes_mean-fix-seed43,baseline_square,1,150,1541568565,success,53,13.25,0.21072903532742027,0,0.0,0,0.7362827932834717,14.714656995152527,16.82366207242012,9.40411752845042,38,2.8679245283018866,15,1.1320754716981132,1,0.07547169811320754,17.99168293873793,1.9131707876158945,7,0.5283018867924528,0.0,0.0,0.018867924528301886,0.8345749289539055
bayes_mean-fix-seed43,baseline_square,1,151,1541568566,success,38,9.5,0.20158500177151428,0,0.0,0,0.475256176496033,14.261155242198392,16.70465674251318,9.025477570157245,20,2.1052631578947367,12,1.263157894736842,0,0.0,7.496706096613217,0.8306160021272544,3,0.3157894736842105,0.0,0.0,0.05263157894736842,0.8572411822448203
bayes_mean-fix-seed43,baseline_square,1,152,1541568567,success,61,15.25,0.13464042933627074,0,0.0,4,0.8630150366596067,14.633020660916312,16.293086111545563,12.137824712566676,38,2.4918032786885247,13,0.8524590163934426,7,0.45901639344262296,27.38318949997291,2.2560211692316026,9,0.5901639344262295,0.18518518518518517,0.18518518518518517,0.14754098360655737,0.6430189779270173
bayes_mean-fix-seed43,baseline_square,1,153,1541568568,success,45,11.25,0.2135736848397466,0,0.0,0,0.8430401131915379,14.344646202193367,15.904586762189865,8.84857484976917,29,2.577777777777778,13,1.1555555555555554,1,0.08888888888888889,16.369807978055594,1.849993728479635,5,0.4444444444444444,0.0,0.0,0.022222222222222223,0.8788049360478638
bayes_mean-fix-seed43,baseline_square,1,154,1541568569,success,79,19.75,0.17755272199895866,0,0.0,2,0.832489647966922,15.09784591160243,16.896493360400196,15.232077654980214,51,2.5822784810126582,24,1.2151898734177216,10,0.5063291139240507,43.19095257120642,2.8355260227474544,15,0.759493670886076,0.2916666666666667,0.18055555555555555,0.21518987341772153,0.5101999106250749
bayes_mean-fix-seed43,baseline_square,1,155,1541568570,success,42,10.5,0.16687460032965662,0,0.0,2,1.1019002284730428,14.157213714151155,15.776295028626919,8.935025435937796,22,2.0952380952380953,12,1.1428571428571428,1,0.09523809523809523,10.992914453584918,1.2303170855418089,3,0.2857142857142857,0.0,0.0,0.0,0.8748273261124835
bayes_mean-fix-seed43,baseline_square,1,156,1541568571,timeout,101,25.25,0.21995740606203218,0,0.0,0,0.7460295109931214,15.022397373277363,16.762372106313705,16.629314075354582,81,3.207920792079208,40,1.5841584158415842,32,1.2673267326732673,103.78964290396442,6.241366446844943,32,1.2673267326732673,0.30851063829787234,0.24468085106382978,0.3564356435643564,0.44716473581132227
bayes_mean-fix-seed43,baseline_square,1,157,1541568572,collision,7,1.75,-0.004376255827965192,1,0.25,3,0.24953227061133898,12.334409036806651,13.047129288315773,1.1194322891961064,5,2.857142857142857,1,0.5714285714285714,1,0.5714285714285714,4.695015389689692,4.194103953407763,2,1.1428571428571428,0.0,0.0,0.14285714285714285,0.6452455742707073
bayes_mean-fix-seed43,baseline_square,1,158,1541568573,success,51,12.75,0.22069447289635113,0,0.0,0,0.9518406816749703,14.230708062064414,16.097769141197205,11.522847120568255,27,2.1176470588235294,14,1.0980392156862746,3,0.23529411764705882,15.994239394778203,1.3880457865511835,5,0.39215686274509803,0.0,0.0,0.0392156862745098,0.6845471027889203
bayes_mean-fix-seed43,baseline_square,1,159,1541568574,success,49,12.25,0.2011804475352441,0,0.0,0,0.602712661719951,13.94254759866364,15.389785170555115,10.377501982241258,26,2.122448979591837,11,0.8979591836734694,0,0.0,10.22319514183229,0.9851306373467306,4,0.32653061224489793,0.0,0.0,0.02040816326530612,0.7503270743606535
bayes_mean-fix-seed43,baseline_square,1,160,1541568575,success,53,13.25,0.3700788093712791,0,0.0,0,1.0799890466586886,14.115341570017472,15.607664734125137,9.056276638699785,32,2.4150943396226414,14,1.0566037735849056,4,0.3018867924528302,15.644309191097527,1.7274548708290773,5,0.37735849056603776,0.0,0.0,0.03773584905660377,0.8578513389415567
bayes_mean-fix-seed43,baseline_square,1,161,1541568576,success,70,17.5,0.1624314811133566,0,0.0,5,0.6132261435627664,14.455085673502513,15.711048990488052,14.118201534717072,48,2.742857142857143,29,1.6571428571428573,10,0.5714285714285714,39.326707059444836,2.78553234721429,7,0.4,0.19047619047619047,0.19047619047619047,0.14285714285714285,0.549888262682947
bayes_mean-fix-seed43,baseline_square,1,162,1541568577,success,46,11.5,0.20801846783343314,0,0.0,0,0.6140705670238964,14.041335281470548,15.696306712925434,9.892206543178888,24,2.0869565217391304,11,0.9565217391304348,1,0.08695652173913043,13.14878123579744,1.3292060955666258,8,0.6956521739130435,0.1282051282051282,0.1282051282051282,0.10869565217391304,0.7906376193360133
bayes_mean-fix-seed43,baseline_square,1,163,1541568578,success,46,11.5,0.16078853170958252,0,0.0,2,0.9848537750759161,13.87463437150354,15.278473496437073,9.726998014084103,25,2.1739130434782608,14,1.2173913043478262,7,0.6086956521739131,20.05085238376963,2.0613607975181254,9,0.782608695652174,0.1282051282051282,0.1282051282051282,0.13043478260869565,0.7963882619496222
bayes_mean-fix-seed43,baseline_square,1,164,1541568579,success,49,12.25,0.30550639228963583,0,0.0,0,1.1195758745079722,14.28760185229535,16.13103300333023,9.827118068148035,29,2.36734693877551,12,0.9795918367346939,3,0.24489795918367346,15.891693154731755,1.6171265110002506,5,0.40816326530612246,0.047619047619047616,0.047619047619047616,0.061224489795918366,0.8025510541925766
bayes_mean-fix-seed43,baseline_square,1,165,1541568580,success,66,16.5,0.13977956510856304,0,0.0,3,0.6507496607363698,14.426308147835009,15.9207908436656,11.224641551043376,49,2.9696969696969697,25,1.5151515151515151,8,0.48484848484848486,37.296432440707676,3.3227281486989506,12,0.7272727272727273,0.05084745762711865,0.05084745762711865,0.045454545454545456,0.691023191931665
bayes_mean-fix-seed43,baseline_square,1,166,1541568581,timeout,101,25.25,0.19333927972312004,0,0.0,1,0.6869670169926261,14.720446328715523,16.273286193609238,19.749569309400506,76,3.00990099009901,14,0.5544554455445545,25,0.9900990099009901,84.33250405195048,4.270093323595135,25,0.9900990099009901,0.4148936170212766,0.40425531914893614,0.27722772277227725,0.3453084888108547
bayes_mean-fix-seed43,baseline_square,1,167,1541568582,success,49,12.25,0.1946128535966929,0,0.0,1,0.577700515866737,14.249082654714584,15.730860084295273,9.544598785197453,30,2.4489795918367347,16,1.3061224489795917,3,0.24489795918367346,17.235730616108434,1.805809862101173,7,0.5714285714285714,0.0,0.0,0.04081632653061224,0.8154631450061955
bayes_mean-fix-seed43,baseline_square,1,168,1541568583,success,47,11.75,0.1927328722927747,0,0.0,1,0.999011003808485,14.485815817371329,16.260144859552383,9.823493874928758,25,2.127659574468085,11,0.9361702127659575,2,0.1702127659574468,15.180804179229797,1.5453569139971486,4,0.3404255319148936,0.0,0.0,0.06382978723404255,0.7857813278154235
bayes_mean-fix-seed43,baseline_square,1,169,1541568584,success,53,13.25,0.06757028376763963,0,0.0,3,1.190129089174661,14.149890333976385,15.921112149953842,12.682119919185983,27,2.0377358490566038,13,0.9811320754716981,1,0.07547169811320754,13.01411798355452,1.026178435977906,1,0.07547169811320754,0.1956521739130435,0.1956521739130435,0.20754716981132076,0.6138824077654569
bayes_mean-fix-seed43,baseline_square,1,170,1541568585,success,55,13.75,0.1535068513698361,0,0.0,2,1.267822810918544,14.50828110629862,16.203052923083305,9.384938412883479,32,2.327272727272727,18,1.309090909090909,4,0.2909090909090909,20.14049104157732,2.1460440287949902,6,0.43636363636363634,0.16666666666666666,0.125,0.10909090909090909,0.8295952790338955
bayes_mean-fix-seed43,baseline_square,1,171,1541568586,timeout,101,25.25,0.17113690346757127,0,0.0,2,1.0956045523713394,15.196550194874849,16.650088131427765,13.762434248787814,95,3.762376237623762,60,2.376237623762376,51,2.01980198019802,155.2942283814011,11.28392154862279,43,1.702970297029703,0.5531914893617021,0.5531914893617021,0.43564356435643564,0.15830144976185148
bayes_mean-fix-seed43,baseline_square,1,172,1541568587,success,66,16.5,0.18750792103287794,0,0.0,3,0.5100121469200665,14.620123092423785,16.04228187352419,12.811335178439828,49,2.9696969696969697,20,1.2121212121212122,5,0.30303030303030304,29.332618875046453,2.2895832843722848,11,0.6666666666666666,0.06779661016949153,0.06779661016949153,0.13636363636363635,0.6048105061867544
bayes_mean-fix-seed43,baseline_square,1,173,1541568588,timeout,101,25.25,0.18223178274769936,0,0.0,4,1.1399145262049548,14.804818953322892,15.996363013982773,19.56881896466487,86,3.405940594059406,40,1.5841584158415842,25,0.9900990099009901,87.0712484645296,4.449489191031553,26,1.0297029702970297,0.26595744680851063,0.26595744680851063,0.25742574257425743,0.34003871957977533
bayes_mean-fix-seed43,baseline_square,1,174,1541568589,success,49,12.25,0.19748201802283394,0,0.0,1,1.301691064418865,14.055906737945518,15.773417800664902,9.903224997806774,35,2.857142857142857,23,1.8775510204081634,1,0.08163265306122448,22.33774402539519,2.2556030010771475,5,0.40816326530612246,0.0,0.0,0.10204081632653061,0.7865953933719578
bayes_mean-fix-seed43,baseline_square,1,175,1541568590,success,55,13.75,0.24302044115329424,0,0.0,0,0.7207921643405606,14.6422494541515,16.315075382590294,11.04195542111949,32,2.327272727272727,9,0.6545454545454545,3,0.21818181818181817,15.380768562074165,1.3929388387727057,4,0.2909090909090909,0.16666666666666666,0.0625,0.14545454545454545,0.7041723619802728
bayes_mean-fix-seed43,baseline_square,1,176,1541568591,success,44,11.0,0.2254929423639176,0,0.0,0,1.1416234789191209,14.024547470564192,15.494918450713158,9.692778585316278,31,2.8181818181818183,10,0.9090909090909091,2,0.18181818181818182,13.352122648307198,1.3775330294384842,3,0.2727272727272727,0.0,0.0,0.045454545454545456,0.7997598702871257
bayes_mean-fix-seed43,baseline_square,1,177,1541568592,success,60,15.0,0.12252863547926618,0,0.0,4,0.8131030783544837,14.429054347177347,15.849651955068111,12.567742993174958,35,2.3333333333333335,13,0.8666666666666667,3,0.2,19.579304209356682,1.5579013845198317,7,0.4666666666666667,0.18867924528301888,0.16981132075471697,0.2,0.6181454380522107
bayes_mean-fix-seed43,baseline_square,1,178,1541568593,success,95,23.75,0.2163001106650233,0,0.0,0,0.7894300944221764,14.604282888926958,15.874532610177994,16.128860328981613,87,3.663157894736842,45,1.894736842105263,27,1.1368421052631579,101.22852866228781,6.276235679243398,21,0.8842105263157894,0.17045454545454544,0.07954545454545454,0.3263157894736842,0.48195565529983797
bayes_mean-fix-seed43,baseline_square,1,179,1541568594,success,65,16.25,0.2335204026757005,0,0.0,0,0.9957704383443353,14.563079407581917,16.484731435775757,13.091972811790509,49,3.0153846153846153,18,1.1076923076923078,9,0.5538461538461539,40.109244173350945,3.0636516550988353,16,0.9846153846153847,0.15517241379310345,0.034482758620689655,0.13846153846153847,0.5952355114548975
bayes_mean-fix-seed43,baseline_square,1,180,1541568595,success,43,10.75,0.1867931908643954,0,0.0,2,0.7683837644326846,14.127634379059769,15.781448408961296,9.465001624631462,23,2.13953488372093,8,0.7441860465116279,0,0.0,7.859974036848213,0.8304250066258447,1,0.09302325581395349,0.0,0.0,0.046511627906976744,0.8185105733657717
bayes_mean-fix-seed43,baseline_square,1,181,1541568596,success,59,14.75,0.2836144547540219,0,0.0,0,0.9634823692485488,14.560114971156848,16.059377044439312,12.439928812054115,33,2.23728813559322,12,0.8135593220338984,2,0.13559322033898305,15.887441511770447,1.2771328318515571,4,0.2711864406779661,0.17307692307692307,0.019230769230769232,0.1694915254237288,0.6251209629510376
bayes_mean-fix-seed43,baseline_square,1,182,1541568597,success,43,10.75,0.04594570084977401,0,0.0,4,0.5729343171252277,14.181694059177886,16.171445697546005,9.839620752480343,25,2.3255813953488373,10,0.9302325581395349,0,0.0,10.663404269284607,1.0837210638018346,4,0.37209302325581395,0.0,0.0,0.046511627906976744,0.7903652185591092
bayes_mean-fix-seed43,baseline_square,1,183,1541568598,success,53,13.25,0.22479993808200827,0,0.0,0,0.7609615839019369,14.33243785264357,15.939462184906006,11.026217409822909,35,2.641509433962264,15,1.1320754716981132,4,0.3018867924528302,21.659522674090162,1.9643656449939375,3,0.22641509433962265,0.021739130434782608,0.021739130434782608,0.07547169811320754,0.7103696223514034
bayes_mean-fix-seed43,baseline_square,1,184,1541568599,collision,6,1.5,-0.015120484020187619,1,0.25,3,0.2926106600628191,11.7881391197443,12.838512659072876,1.1593386246133224,5,3.3333333333333335,1,0.6666666666666666,1,0.6666666666666666,5.105216657098047,4.403559537060024,1,0.6666666666666666,0.0,0.0,0.16666666666666666,0.4356614797151787
bayes_mean-fix-seed43,baseline_square,1,185,1541568600,success,53,13.25,0.1751618218986526,0,0.0,1,0.6430167588589133,14.280842511721378,15.952061116695404,9.641196461619282,40,3.018867924528302,19,1.4339622641509433,3,0.22641509433962265,25.707831724435128,2.6664565779543694,6,0.4528301886792453,0.0,0.0,0.05660377358490566,0.8054956051386644
bayes_mean-fix-seed43,baseline_square,1,186,1541568601,success,55,13.75,0.17781709387545952,0,0.0,5,0.9699827303964211,14.602090079676021,16.26134291291237,10.039167928720875,37,2.690909090909091,18,1.309090909090909,8,0.5818181818181818,31.0146606357925,3.0893656581899793,6,0.43636363636363634,0.0,0.0,0.09090909090909091,0.7675324090304679
bayes_mean-fix-seed43,baseline_square,1,187,1541568602,success,51,12.75,0.19321871555078074,0,0.0,1,0.7595641040725595,14.382417879852595,16.001833602786064,11.070467832267658,26,2.0392156862745097,12,0.9411764705882353,1,0.0784313725490196,15.826575955588023,1.429621240527658,3,0.23529411764705882,0.09090909090909091,0.022727272727272728,0.1568627450980392,0.7105342646955932
bayes_mean-fix-seed43,baseline_square,1,188,1541568603,success,53,13.25,0.19989100047555042,0,0.0,1,1.2382855381954996,14.258211724600702,16.255777329206467,10.040827452850085,34,2.5660377358490565,18,1.3584905660377358,1,0.07547169811320754,19.07353111981083,1.8995975390849702,3,0.22641509433962265,0.10869565217391304,0.06521739130434782,0.11320754716981132,0.7754014826892016
bayes_mean-fix-seed43,baseline_square,1,189,1541568604,success,44,11.0,0.24915345333417882,0,0.0,0,1.2313874711047192,14.173089526593685,15.637372061610222,10.360437918266713,21,1.9090909090909092,11,1.0,2,0.18181818181818182,12.643517829132989,1.2203651939114395,3,0.2727272727272727,0.0,0.0,0.022727272727272728,0.746713394989071
bayes_mean-fix-seed43,baseline_square,1,190,1541568605,success,49,12.25,0.29002466199700483,0,0.0,0,1.3252816232403355,13.986044164214816,16.01684018969536,9.265881062470521,31,2.5306122448979593,19,1.5510204081632653,3,0.24489795918367346,17.941415639859738,1.9362881434478607,4,0.32653061224489793,0.0,0.0,0.04081632653061224,0.8373733600069452
bayes_mean-fix-seed43,baseline_square,1,191,1541568606,success,54,13.5,0.13826698405940108,0,0.0,2,0.9225284731074477,14.336044037783587,15.85505064576864,11.865585814520955,32,2.3703703703703702,17,1.2592592592592593,2,0.14814814814814814,17.295941035920467,1.4576558887428812,5,0.37037037037037035,0.14893617021276595,0.14893617021276595,0.12962962962962962,0.6592133555561951
bayes_mean-fix-seed43,baseline_square,1,192,1541568607,timeout,101,25.25,0.2113951142689755,0,0.0,0,0.9269623770633806,14.803506397079714,16.267064958810806,14.247954429731838,76,3.00990099009901,38,1.504950495049505,34,1.3465346534653466,97.67665788453992,6.855486404470365,26,1.0297029702970297,0.48936170212765956,0.3191489361702128,0.49504950495049505,0.22661848708658677
bayes_mean-fix-seed43,baseline_square,1,193,1541568608,success,42,10.5,0.15311836712352256,0,0.0,3,0.8425064645703254,14.359098637387866,15.942556597292423,9.679293670314879,22,2.0952380952380953,11,1.0476190476190477,1,0.09523809523809523,12.178343303108779,1.2581851236168355,6,0.5714285714285714,0.0,0.0,0.0,0.7992405277160738
bayes_mean-fix-seed43,baseline_square,1,194,1541568609,timeout,101,25.25,0.15242186448185147,0,0.0,4,0.4520701628251271,14.67532981740366,16.138773411512375,14.724937418404503,89,3.5247524752475248,30,1.188118811881188,30,1.188118811881188,101.66523917939871,6.904290068651068,25,0.9900990099009901,0.5425531914893617,0.5,0.3069306930693069,0.330609495967897
bayes_mean-fix-seed43,baseline_square,1,195,1541568610,success,48,12.0,0.22100591545738157,0,0.0,0,1.0245270565425522,14.289761505400142,16.060893051326275,9.846798023197103,36,3.0,22,1.8333333333333333,4,0.3333333333333333,22.21728531991107,2.25629542391055,4,0.3333333333333333,0.0,0.0,0.10416666666666667,0.7877255531430714
bayes_mean-fix-seed43,baseline_square,1,196,1541568611,success,42,10.5,0.2006593723944351,0,0.0,0,0.6675521989066417,14.511742318669954,16.337714344263077,9.350119970891981,26,2.4761904761904763,13,1.2380952380952381,1,0.09523809523809523,9.52121378099731,1.0182985684288506,1,0.09523809523809523,0.0,0.0,0.0,0.8391726284367655
bayes_mean-fix-seed43,baseline_square,1,197,1541568612,success,50,12.5,0.1789676765834608,0,0.0,2,1.1717445385587297,14.147964790463448,15.532818995416163,9.168563484508638,25,2.0,8,0.64,1,0.08,9.985847647786363,1.089139827046911,6,0.48,0.046511627906976744,0.0,0.06,0.8461025047481847
bayes_mean-fix-seed43,baseline_square,1,198,1541568613,timeout,101,25.25,0.18462166507558397,0,0.0,1,0.7915381156266383,14.547159618670397,15.910517424345016,15.380051093645458,93,3.6831683168316833,56,2.217821782178218,33,1.306930693069307,109.20365517391537,7.100344108676908,10,0.39603960396039606,0.2978723404255319,0.20212765957446807,0.25742574257425743,0.38023604112199977
bayes_mean-fix-seed43,baseline_square,1,199,1541568614,success,49,12.25,0.20181360469039145,0,0.0,0,0.8874611926621288,14.190760118012525,15.401721000671387,9.617004225750268,37,3.020408163265306,23,1.8775510204081634,2,0.16326530612244897,18.97592310757314,1.9731636445332579,4,0.32653061224489793,0.0,0.0,0.061224489795918366,0.8078044348028746
bayes_mean-fix-seed43,baseline_square,1,200,1541568615,success,45,11.25,0.24019181805546908,0,0.0,0,1.1818349777025998,14.329447348912558,16.116108000278473,10.139213061096916,21,1.8666666666666667,10,0.8888888888888888,1,0.08888888888888889,12.172933678274186,1.200579729898412,3,0.26666666666666666,0.0,0.0,0.044444444444444446,0.7655628910776515
bayes_mean-fix-seed43,baseline_square,1,201,1541568616,success,62,15.5,0.2016866717517407,0,0.0,0,0.781753780090084,14.563409671668083,16.29397999495268,14.190210264809405,35,2.2580645161290325,17,1.096774193548387,2,0.12903225806451613,19.433059397452404,1.3694694465271489,4,0.25806451612903225,0.07272727272727272,0.0,0.0967741935483871,0.5470985916003281
bayes_mean-fix-seed43,baseline_square,1,202,1541568617,success,48,12.0,0.21907764427518472,0,0.0,0,0.8353434586025844,14.12907134120663,16.038232669234276,9.972340674688581,33,2.75,18,1.5,4,0.3333333333333333,21.688990000699413,2.1749146673006856,7,0.5833333333333334,0.0,0.0,0.0625,0.7817380825521653
bayes_mean-fix-seed43,baseline_square,1,203,1541568618,success,49,12.25,0.18928241819037317,0,0.0,5,0.751219379895848,14.146202072805288,15.84845334291458,10.90439054765246,29,2.36734693877551,15,1.2244897959183674,3,0.24489795918367346,19.87536239606105,1.8226935571690337,5,0.40816326530612246,0.09523809523809523,0.047619047619047616,0.14285714285714285,0.707623420018812
bayes_mean-fix-seed43,baseline_square,1,204,1541568619,success,70,17.5,0.4495668410161032,0,0.0,0,0.8288246396934988,15.021840376513344,16.54470171779394,13.589626011138332,50,2.857142857142857,21,1.2,10,0.5714285714285714,42.33941019196712,3.1155684606231904,13,0.7428571428571429,0.1746031746031746,0.14285714285714285,0.17142857142857143,0.5680662614264547
bayes_mean-fix-seed43,baseline_square,1,205,1541568620,success,45,11.25,0.1874916503997377,0,0.0,1,1.108492916435191,14.21427751580874,16.370508819818497,9.2321394910508,26,2.311111111111111,13,1.1555555555555554,0,0.0,10.10462290969031,1.0945050082362007,1,0.08888888888888889,0.0,0.0,0.044444444444444446,0.8431994130771648
bayes_mean-fix-seed43,baseline_square,1,206,1541568621,success,52,13.0,0.1506547741440083,0,0.0,3,1.099900668871567,14.588822467395893,16.282488591969013,10.950262390780928,33,2.5384615384615383,11,0.8461538461538461,3,0.23076923076923078,20.65580122314267,1.8863293395172773,3,0.23076923076923078,0.08888888888888889,0.022222222222222223,0.09615384615384616,0.7083278713222386
bayes_mean-fix-seed43,baseline_square,1,207,1541568622,success,62,15.5,0.19638391175509595,0,0.0,1,1.0116988301857437,14.032264390299398,15.64074158668518,11.706569950037705,41,2.6451612903225805,14,0.9032258064516129,1,0.06451612903225806,19.13862247013081,1.6348616675774585,4,0.25806451612903225,0.01818181818181818,0.0,0.06451612903225806,0.6716021398484238
bayes_mean-fix-seed43,baseline_square,1,208,1541568623,success,50,12.5,0.20908054729961112,0,0.0,0,0.9996895910506971,14.211552888154984,16.35232139378786,8.774377308004869,36,2.88,22,1.76,4,0.32,25.396572964713847,2.8944017419383754,9,0.72,0.0,0.0,0.06,0.885353873878927
bayes_mean-fix-seed43,baseline_square,1,209,1541568624,timeout,101,25.25,0.13348221765736024,0,0.0,10,0.8273029920060578,14.472005022044229,15.716683119535446,16.170929284662723,86,3.405940594059406,43,1.702970297029703,37,1.4653465346534653,110.86081821220525,6.855562612431365,15,0.594059405940594,0.23404255319148937,0.1595744680851064,0.37623762376237624,0.3235701682978775
bayes_mean-fix-seed43,baseline_square,1,210,1541568625,timeout,101,25.25,0.1734089692620131,0,0.0,2,1.187750998707676,14.648919464042871,16.16125926375389,20.470102994339186,65,2.5742574257425743,27,1.0693069306930694,16,0.6336633663366337,56.10284118320884,2.7407210016834576,17,0.6732673267326733,0.24468085106382978,0.0425531914893617,0.26732673267326734,0.2998967071247599
bayes_mean-fix-seed43,baseline_square,1,211,1541568626,timeout,101,25.25,0.16580151501359286,0,0.0,6,0.35570500725093357,14.781762393984463,16.225293278694153,9.942860467433599,89,3.5247524752475248,40,1.5841584158415842,54,2.1386138613861387,184.49131856166767,18.555155145336926,9,0.3564356435643564,0.5319148936170213,0.3191489361702128,0.33663366336633666,0.6446040191524469
bayes_mean-fix-seed43,baseline_square,1,212,1541568627,success,72,18.0,0.1997608140371273,0,0.0,1,0.9118733264680796,14.672211940503782,16.164171881973743,12.965305654646567,49,2.7222222222222223,17,0.9444444444444444,12,0.6666666666666666,46.141954166175466,3.5588790110504567,19,1.0555555555555556,0.07692307692307693,0.03076923076923077,0.1527777777777778,0.608729865193871
bayes_mean-fix-seed43,baseline_square,1,213,1541568628,success,56,14.0,0.16556051942429328,0,0.0,2,1.1114325385394472,14.410433026828937,16.21771603822708,10.930089002511528,39,2.7857142857142856,21,1.5,6,0.42857142857142855,35.38608182934123,3.237492560326835,7,0.5,0.12244897959183673,0.12244897959183673,0.21428571428571427,0.7098022715925981
bayes_mean-fix-seed43,baseline_square,1,214,1541568629,success,57,14.25,0.20647805832523947,0,0.0,0,1.059535142280981,14.501627338560004,16.17225557565689,11.127712276316656,37,2.5964912280701755,14,0.9824561403508771,3,0.21052631578947367,20.869691082938605,1.8754700485342353,7,0.49122807017543857,0.08,0.06,0.08771929824561403,0.6919800549252512
bayes_mean-fix-seed43,baseline_square,1,215,1541568630,success,54,13.5,0.16924672693858467,0,0.0,3,1.283407562404781,14.465030282735825,16.074268333613873,11.23594996577649,31,2.2962962962962963,15,1.1111111111111112,5,0.37037037037037035,25.947534992062653,2.3093316605267993,8,0.5925925925925926,0.1276595744680851,0.0851063829787234,0.05555555555555555,0.6911519948433991
bayes_mean-fix-seed43,baseline_square,1,216,1541568631,success,47,11.75,0.23549796154683478,0,0.0,0,1.087051548395921,14.092499112829248,16.190695390105247,10.116930715853123,32,2.723404255319149,9,0.7659574468085106,2,0.1702127659574468,11.852255827697237,1.1715268356167428,2,0.1702127659574468,0.0,0.0,0.10638297872340426,0.7625479942296187
bayes_mean-fix-seed43,baseline_square,1,217,1541568632,success,54,13.5,0.15237094449084831,0,0.0,3,0.8327727092060742,14.512292350883838,16.45239107310772,12.17698876454506,32,2.3703703703703702,12,0.8888888888888888,2,0.14814814814814814,16.94793338365743,1.3918000345868442,6,0.4444444444444444,0.19148936170212766,0.1276595744680851,0.16666666666666666,0.647769832411387
bayes_mean-fix-seed43,baseline_square,1,218,1541568633,success,74,18.5,0.23045215715657863,0,0.0,0,0.8447571313773587,14.480881846031627,16.17935448884964,12.150953430742781,54,2.918918918918919,28,1.5135135135135136,13,0.7027027027027027,54.78397684078189,4.508615488738069,16,0.8648648648648649,0.14925373134328357,0.14925373134328357,0.14864864864864866,0.6372260124467346
bayes_mean-fix-seed43,baseline_square,1,219,1541568634,timeout,101,25.25,0.14983745616836786,0,0.0,11,1.0110933873724541,14.645740463592038,15.957493335008621,17.09645169428441,81,3.207920792079208,30,1.188118811881188,29,1.1485148514851484,91.98453023070815,5.380328729935224,26,1.0297029702970297,0.5319148936170213,0.39361702127659576,0.36633663366336633,0.23670171790367997
bayes_mean-fix-seed43,baseline_square,1,220,1541568635,success,69,17.25,0.20364860194959256,0,0.0,0,0.6927242681090603,14.464357570893522,15.91082513332367,13.091633551046975,48,2.782608695652174,25,1.4492753623188406,11,0.6376811594202898,41.59917696793778,3.1775390600213504,13,0.7536231884057971,0.22580645161290322,0.16129032258064516,0.2318840579710145,0.5968708909407933
bayes_mean-fix-seed43,baseline_square,1,221,1541568636,success,85,21.25,0.20516817983800228,0,0.0,0,1.0590289469416176,14.762749522924423,16.044633835554123,15.493553271037188,59,2.776470588235294,33,1.5529411764705883,26,1.223529411764706,85.70324376463837,5.531542201158426,19,0.8941176470588236,0.19230769230769232,0.14102564102564102,0.29411764705882354,0.5008547732486531
bayes_mean-fix-seed43,baseline_square,1,222,1541568637,success,52,13.0,0.18019790421701964,0,0.0,2,0.9801224807088189,14.094016872919523,15.698085166513918,10.48246703542166,30,2.3076923076923075,12,0.9230769230769231,2,0.15384615384615385,19.183486456995247,1.8300545465272322,3,0.23076923076923078,0.044444444444444446,0.044444444444444446,0.1346153846153846,0.7487572105979324
bayes_mean-fix-seed43,baseline_square,1,223,1541568638,timeout,101,25.25,0.19865402190769543,0,0.0,1,0.6877814158016805,14.777724695677804,16.35916903614998,15.03131495210346,86,3.405940594059406,68,2.6930693069306932,59,2.3366336633663365,178.85612733693355,11.898900921632588,54,2.1386138613861387,0.4787234042553192,0.4787234042553192,0.3564356435643564,0.3932272056559517
bayes_mean-fix-seed43,baseline_square,1,224,1541568639,timeout,101,25.25,0.1893418948391935,0,0.0,1,0.9311311472140271,14.72832033834835,16.331598162651062,19.452092631159257,77,3.0495049504950495,35,1.386138613861386,19,0.7524752475247525,73.9906489811648,3.803737231985168,23,0.9108910891089109,0.3723404255319149,0.2872340425531915,0.24752475247524752,0.3602445893579015
bayes_mean-fix-seed43,baseline_square,1,225,1541568640,success,75,18.75,0.1775369106169684,0,0.0,2,0.7574274064578648,14.313252717256546,15.786812081933022,13.973147015930667,55,2.933333333333333,20,1.0666666666666667,6,0.32,35.210913019628904,2.519898558247848,8,0.4266666666666667,0.11764705882352941,0.10294117647058823,0.17333333333333334,0.5534571553007321
bayes_mean-fix-seed43,baseline_square,1,226,1541568641,success,58,14.5,0.19095599663082974,0,0.0,2,0.6213225465309717,14.239121356914783,16.21505245566368,13.367422100657802,34,2.3448275862068964,21,1.4482758620689655,2,0.13793103448275862,20.21329205311556,1.512130903094687,6,0.41379310344827586,0.0,0.0,0.034482758620689655,0.5827219418428783
bayes_mean-fix-seed43,baseline_square,1,227,1541568642,success,51,12.75,0.28907964785207774,0,0.0,0,1.4149855673813985,14.20209870911112,15.886403620243073,9.9212250428737,34,2.6666666666666665,22,1.7254901960784315,12,0.9411764705882353,34.15164463970458,3.442281017930876,6,0.47058823529411764,0.0,0.0,0.09803921568627451,0.7810246506085442
bayes_mean-fix-seed43,baseline_square,1,228,1541568643,success,51,12.75,0.17850839386153494,0,0.0,2,0.988830815492821,14.605596004163518,16.50140807032585,9.711555064826285,34,2.6666666666666665,11,0.8627450980392157,7,0.5490196078431373,25.465303595315888,2.622165392188032,7,0.5490196078431373,0.18181818181818182,0.18181818181818182,0.13725490196078433,0.799135431106182
bayes_mean-fix-seed43,baseline_square,1,229,1541568644,success,67,16.75,0.06281022902458877,0,0.0,7,0.7989023652256694,14.698798809923343,16.256728395819664,14.499620340997362,35,2.08955223880597,12,0.7164179104477612,5,0.29850746268656714,28.952143032453865,1.9967518011897394,8,0.47761194029850745,0.18333333333333332,0.18333333333333332,0.19402985074626866,0.5373937249541377
bayes_mean-fix-seed43,baseline_square,1,230,1541568645,timeout,101,25.25,0.24373211903697367,0,0.0,0,0.8004644771377794,14.833851210256615,16.184553503990173,14.843313313631487,92,3.6435643564356437,49,1.9405940594059405,53,2.099009900990099,158.20964429307347,10.658647496700096,46,1.8217821782178218,0.5,0.4787234042553192,0.3564356435643564,0.2140742991915179
bayes_mean-fix-seed43,baseline_square,1,231,1541568646,success,45,11.25,0.22004824984778293,0,0.0,0,0.7883989578115386,14.163556281063292,15.599080920219421,8.78603991149838,25,2.2222222222222223,7,0.6222222222222222,0,0.0,9.252798684471106,1.053125045831157,5,0.4444444444444444,0.0,0.0,0.0,0.893570029706765
bayes_mean-fix-seed43,baseline_square,1,232,1541568647,success,55,13.75,0.10270818250666269,0,0.0,3,0.7368650511123491,14.438197355378758,16.128842905163765,12.342178192088774,26,1.8909090909090909,11,0.8,3,0.21818181818181817,18.148042464318806,1.4704083980858047,3,0.21818181818181817,0.14583333333333334,0.08333333333333333,0.16363636363636364,0.6252252306745979
bayes_mean-fix-seed43,baseline_square,1,233,1541568648,success,42,10.5,0.20430348078811544,0,0.0,0,0.6113201261197118,14.200503804853984,15.73396623134613,9.843214194321215,24,2.2857142857142856,14,1.3333333333333333,3,0.2857142857142857,13.193410781168502,1.3403559569779653,4,0.38095238095238093,0.0,0.0,0.07142857142857142,0.7869173639672258
bayes_mean-fix-seed43,baseline_square,1,234,1541568649,success,70,17.5,0.19464222816457843,0,0.0,4,0.8425499922748957,14.66413007250854,16.06776211410761,11.411456343626888,54,3.085714285714286,24,1.3714285714285714,10,0.5714285714285714,41.97406977315946,3.678239526070771,12,0.6857142857142857,0.20634920634920634,0.20634920634920634,0.14285714285714285,0.6804744511311748
bayes_mean-fix-seed43,baseline_square,1,235,1541568650,success,41,10.25,0.23392893145788662,0,0.0,0,1.5446871340504584,14.077149149848193,15.469774603843689,8.953604842056944,20,1.951219512195122,10,0.975609756097561,1,0.0975609756097561,9.534124604773728,1.0648364287856398,2,0.1951219512195122,0.0,0.0,0.0,0.8713471904258763
bayes_mean-fix-seed43,baseline_square,1,236,1541568651,timeout,101,25.25,0.22266024983937238,0,0.0,0,0.9373027558556867,14.843650863017187,16.101714223623276,15.899832367815861,82,3.2475247524752477,31,1.2277227722772277,29,1.1485148514851484,91.0050027383586,5.7236454217321935,31,1.2277227722772277,0.3617021276595745,0.3617021276595745,0.2376237623762376,0.4611278297961331
bayes_mean-fix-seed43,baseline_square,1,237,1541568652,success,56,14.0,0.2140984407227059,0,0.0,0,1.0633569390222828,14.36133183805006,16.036098822951317,11.372558108088532,23,1.6428571428571428,8,0.5714285714285714,4,0.2857142857142857,17.70464482450186,1.55678649044754,3,0.21428571428571427,0.2857142857142857,0.12244897959183673,0.14285714285714285,0.6853984025458861
bayes_mean-fix-seed43,baseline_square,1,238,1541568653,timeout,101,25.25,0.13405696532909417,0,0.0,3,0.8561388572375168,14.669515266276822,15.975665301084518,11.242120126842256,96,3.801980198019802,63,2.495049504950495,61,2.4158415841584158,181.9450443686691,16.18422880344855,44,1.7425742574257426,0.6595744680851063,0.6276595744680851,0.4158415841584158,0.14688704516818282
bayes_mean-fix-seed43,baseline_square,1,239,1541568654,success,47,11.75,0.18427510984223083,0,0.0,2,1.1015004159428219,14.233294319599233,16.241631284356117,9.674383204492282,23,1.9574468085106382,11,0.9361702127659575,2,0.1702127659574468,13.143835939126083,1.3586226285746845,8,0.6808510638297872,0.0,0.0,0.02127659574468085,0.8111750191271158
bayes_mean-fix-seed43,baseline_square,1,240,1541568655,success,53,13.25,0.12839995170389862,0,0.0,1,0.6937386378571053,14.267514617937916,15.72316437959671,10.741556659840247,30,2.2641509433962264,18,1.3584905660377358,4,0.3018867924528302,18.639272347819507,1.7352487109719084,6,0.4528301886792453,0.08695652173913043,0.08695652173913043,0.09433962264150944,0.7211666424107179
bayes_mean-fix-seed43,baseline_square,1,241,1541568656,success,45,11.25,0.24864143965259733,0,0.0,0,0.7854367377444689,14.136779556671778,15.589065104722977,10.05683763700879,27,2.4,15,1.3333333333333333,3,0.26666666666666666,18.305492923226343,1.8202036846913792,6,0.5333333333333333,0.0,0.0,0.08888888888888889,0.7737913291350669
bayes_mean-fix-seed43,baseline_square,1,242,1541568657,success,48,12.0,0.19605345251570216,0,0.0,1,1.0811308436582225,14.088379063953957,15.5462097376585,10.267591746996839,26,2.1666666666666665,9,0.75,2,0.16666666666666666,12.284410193165568,1.196425656167974,2,0.16666666666666666,0.07317073170731707,0.0,0.10416666666666667,0.7555630499311731
bayes_mean-fix-seed43,baseline_square,1,243,1541568658,success,62,15.5,0.21289940209099212,0,0.0,0,0.9641404159365795,14.607332106078825,16.56019203364849,13.335391802622796,31,2.0,16,1.032258064516129,6,0.3870967741935484,23.211415290544704,1.740587425858721,7,0.45161290322580644,0.05454545454545454,0.05454545454545454,0.03225806451612903,0.5806457679661854
bayes_mean-fix-seed43,baseline_square,1,244,1541568659,success,45,11.25,0.22651721561793692,0,0.0,0,1.3401982539759505,13.923765222231546,16.643992066383362,10.382355568527911,25,2.2222222222222223,10,0.8888888888888888,0,0.0,12.040579065669277,1.1597155372108374,3,0.26666666666666666,0.0,0.0,0.022222222222222223,0.7482085410124687
bayes_mean-fix-seed43,baseline_square,1,245,1541568660,timeout,101,25.25,0.09657451987438237,0,0.0,3,0.9650147218149331,14.835057097791445,16.161490231752396,13.258457016996552,97,3.8415841584158414,32,1.2673267326732673,35,1.386138613861386,122.56931785143826,9.244614037237644,29,1.1485148514851484,0.6702127659574468,0.6595744680851063,0.49504950495049505,0.19151085902791778
bayes_mean-fix-seed43,baseline_square,1,246,1541568661,success,38,9.5,0.724020824209766,0,0.0,0,1.689261963207555,13.619669173893175,15.447855554521084,8.718704343856857,18,1.894736842105263,8,0.8421052631578947,0,0.0,6.4105167050983916,0.7352602465084391,3,0.3157894736842105,0.0,0.0,0.0,0.8885171265901872
bayes_mean-fix-seed43,baseline_square,1,247,1541568662,success,43,10.75,0.22629866632783335,0,0.0,0,0.9432172135885372,13.948964171631392,15.135235339403152,9.57201854230117,22,2.046511627906977,8,0.7441860465116279,2,0.18604651162790697,13.400126694186826,1.3999269469619473,4,0.37209302325581395,0.0,0.0,0.06976744186046512,0.8214102076777028
bayes_mean-fix-seed43,baseline_square,1,248,1541568663,success,53,13.25,0.2211061765178748,0,0.0,0,0.9896574658568567,14.644889477288947,16.28052368760109,9.298374921943772,40,3.018867924528302,18,1.3584905660377358,8,0.6037735849056604,28.585338503541294,3.074229501768218,9,0.6792452830188679,0.06521739130434782,0.06521739130434782,0.1320754716981132,0.8430675393466467
bayes_mean-fix-seed43,baseline_square,1,249,1541568664,success,48,12.0,0.481246671631108,0,0.0,0,1.1813839092280167,14.236204170932373,15.87142813950777,10.639691318977931,28,2.3333333333333335,17,1.4166666666666667,0,0.0,9.141223784264765,0.8591624991939041,1,0.08333333333333333,0.0,0.0,0.020833333333333332,0.7306860068495985
bayes_mean-fix-seed43,baseline_square,1,250,1541568665,success,59,14.75,0.19053140366566113,0,0.0,1,1.0042077991517862,14.194684702966173,15.662400051951408,12.197106807623063,34,2.305084745762712,14,0.9491525423728814,7,0.4745762711864407,29.83986592647433,2.4464708227220515,10,0.6779661016949152,0.25,0.25,0.13559322033898305,0.6377556012421289
bayes_mean-fix-seed43,baseline_square,1,251,1541568666,success,46,11.5,0.17781436446413734,0,0.0,1,0.6463603742250215,14.075057662051657,15.784607268869877,10.492058917930088,25,2.1739130434782608,13,1.1304347826086956,2,0.17391304347826086,13.286636900575946,1.266351724147312,6,0.5217391304347826,0.1282051282051282,0.0,0.13043478260869565,0.7340636756007647
bayes_mean-fix-seed43,baseline_square,1,252,1541568667,timeout,101,25.25,0.2814958952805352,0,0.0,0,0.6954923756658825,14.912493785124013,16.20166376233101,16.524303937583777,98,3.881188118811881,54,2.1386138613861387,47,1.8613861386138615,145.98283303109827,8.83443160949533,46,1.8217821782178218,0.6914893617021277,0.6914893617021277,0.43564356435643564,0.10002108109137815
bayes_mean-fix-seed43,baseline_square,1,253,1541568668,success,49,12.25,0.22248478656114967,0,0.0,0,0.8612772720662242,14.331730728854938,16.213039308786392,10.828895053628916,35,2.857142857142857,20,1.6326530612244898,2,0.16326530612244897,21.41570094421697,1.9776441491175283,7,0.5714285714285714,0.14285714285714285,0.14285714285714285,0.08163265306122448,0.7163021201636112
bayes_mean-fix-seed43,baseline_square,1,254,1541568669,success,41,10.25,0.1893283715453269,0,0.0,1,0.9671636189928426,13.87577985481518,15.691220760345459,9.012729529406807,24,2.341463414634146,8,0.7804878048780488,1,0.0975609756097561,8.949595401220998,0.992995004678681,4,0.3902439024390244,0.0,0.0,0.0,0.8589364192931869
bayes_mean-fix-seed43,baseline_square,1,255,1541568670,success,40,10.0,0.777800248348859,0,0.0,0,1.4242031979897167,14.607984013855457,16.54399260878563,9.605366517549681,17,1.7,9,0.9,0,0.0,7.15556662518744,0.7449550844430263,1,0.1,0.0,0.0,0.05,0.8042923939679193
bayes_mean-fix-seed43,baseline_square,1,256,1541568671,success,69,17.25,0.1863671107759166,0,0.0,2,0.6996075974848032,14.693292856648348,16.01538360118866,13.189156723112262,48,2.782608695652174,19,1.1014492753623188,9,0.5217391304347826,36.963111655809286,2.802537905326145,11,0.6376811594202898,0.22580645161290322,0.22580645161290322,0.21739130434782608,0.5849438511621416
bayes_mean-fix-seed43,baseline_square,1,257,1541568672,success,43,10.75,0.3118505479364776,0,0.0,0,1.2876005088936964,14.138461545456288,15.725760534405708,9.05244044944079,28,2.604651162790698,17,1.5813953488372092,1,0.09302325581395349,11.05641740046921,1.2213742208215481,1,0.09302325581395349,0.0,0.0,0.023255813953488372,0.8562043173624615
bayes_mean-fix-seed43,baseline_square,1,258,1541568673,success,64,16.0,0.1689749744187068,0,0.0,2,0.7260188985503659,14.737601217348129,16.285521164536476,11.81974269337677,40,2.5,22,1.375,10,0.625,37.177051685745376,3.1453351100931877,9,0.5625,0.2807017543859649,0.22807017543859648,0.1875,0.6588492457987664
bayes_mean-fix-seed43,baseline_square,1,259,1541568674,success,59,14.75,0.29627851395726146,0,0.0,0,1.1158068037893145,14.739589292114063,16.32599681615829,10.85048722449304,41,2.7796610169491527,24,1.6271186440677967,15,1.0169491525423728,51.762911288460415,4.770561009612073,14,0.9491525423728814,0.019230769230769232,0.019230769230769232,0.13559322033898305,0.7140461721521848
bayes_mean-fix-seed43,baseline_square,1,260,1541568675,success,53,13.25,0.040037529536407046,0,0.0,7,1.3671212996315965,14.286913540003434,16.422806680202484,10.960345244897766,26,1.9622641509433962,10,0.7547169811320755,4,0.3018867924528302,17.718119105362536,1.6165657841490562,7,0.5283018867924528,0.2608695652173913,0.21739130434782608,0.1509433962264151,0.713204776338506
bayes_mean-fix-seed43,baseline_square,1,261,1541568676,success,36,9.0,0.511415377327605,0,0.0,0,0.7181802865286527,14.01507616457012,16.100917011499405,8.574338685199528,16,1.7777777777777777,8,0.8888888888888888,0,0.0,6.716324076375142,0.7833051997314299,1,0.1111111111111111,0.0,0.0,0.0,0.9039633061157968
bayes_mean-fix-seed43,baseline_square,1,262,1541568677,success,57,14.25,0.1704234799422807,0,0.0,2,0.7704912769434659,14.27920201891347,15.609292685985565,11.629641169499209,33,2.3157894736842106,13,0.9122807017543859,4,0.2807017543859649,21.67927161359275,1.8641393399523345,7,0.49122807017543857,0.18,0.1,0.14035087719298245,0.6674864422244703
bayes_mean-fix-seed43,baseline_square,1,263,1541568678,success,44,11.0,0.36556400605608164,0,0.0,0,1.050236719755317,14.168076979165727,15.889013186097145,10.326747299912322,19,1.7272727272727273,7,0.6363636363636364,0,0.0,7.785481410028708,0.7539141981420239,2,0.18181818181818182,0.0,0.0,0.06818181818181818,0.7541495219781164
bayes_mean-fix-seed43,baseline_square,1,264,1541568679,success,41,10.25,0.3059453499963466,0,0.0,0,0.8812133394203614,14.048399085678705,16.435984522104263,9.430480000786718,21,2.048780487804878,9,0.8780487804878049,0,0.0,9.29768663417541,0.9859187054529324,1,0.0975609756097561,0.0,0.0,0.024390243902439025,0.8202791779156376
bayes_mean-fix-seed43,baseline_square,1,265,1541568680,success,65,16.25,0.2611502636909805,0,0.0,0,0.9914343666495616,14.374403426280388,15.787175297737122,11.91093961234686,47,2.8923076923076922,17,1.0461538461538462,12,0.7384615384615385,40.74544370932691,3.4208421027582285,13,0.8,0.15517241379310345,0.15517241379310345,0.2,0.6515806783925366
bayes_mean-fix-seed43,baseline_square,1,266,1541568681,success,52,13.0,0.23890403876977073,0,0.0,0,0.9716812542462896,14.310059066002186,16.341465152800083,9.871262313926955,34,2.6153846153846154,16,1.2307692307692308,3,0.23076923076923078,19.794751973536943,2.0052908477175557,7,0.5384615384615384,0.0,0.0,0.019230769230769232,0.7882067651444181
bayes_mean-fix-seed43,baseline_square,1,267,1541568682,success,55,13.75,0.20153395905553628,0,0.0,0,0.8986025242176133,14.013499902053313,15.765845030546188,12.042195605004776,33,2.4,19,1.3818181818181818,1,0.07272727272727272,16.167107951900267,1.3425382282597338,1,0.07272727272727272,0.020833333333333332,0.0,0.07272727272727272,0.6433497467169575
bayes_mean-fix-seed43,baseline_square,1,268,1541568683,success,43,10.75,0.24844229359397385,0,0.0,0,1.020983647165801,13.998458898344705,16.0368163138628,10.01572880814768,22,2.046511627906977,12,1.1162790697674418,1,0.09302325581395349,8.004195363315533,0.7991625488905224,2,0.18604651162790697,0.027777777777777776,0.027777777777777776,0.06976744186046512,0.7750137284116798
bayes_mean-fix-seed43,baseline_square,1,269,1541568684,success,62,15.5,0.06887722171270572,0,0.0,6,1.086520485670569,14.483480383792232,16.15960206836462,11.774665028855813,42,2.7096774193548385,17,1.096774193548387,6,0.3870967741935484,31.796329382284593,2.700402033039776,13,0.8387096774193549,0.2,0.09090909090909091,0.1774193548387097,0.6594430528999063
bayes_mean-fix-seed43,baseline_square,1,270,1541568685,success,39,9.75,0.4435322296107195,0,0.0,0,1.0167234404745105,13.894330519132126,15.404611080884933,9.058752589758114,26,2.6666666666666665,16,1.641025641025641,1,0.10256410256410256,10.289416452926773,1.1358535682451527,5,0.5128205128205128,0.0,0.0,0.05128205128205128,0.8582443494160366
bayes_mean-fix-seed43,baseline_square,1,271,1541568686,success,49,12.25,0.19360140956650462,0,0.0,1,1.0492471908163739,14.159674090998513,16.201791167259216,10.36733123537568,30,2.4489795918367347,15,1.2244897959183674,4,0.32653061224489793,18.310703435279088,1.7661925735331794,7,0.5714285714285714,0.0,0.0,0.04081632653061224,0.749127696113
bayes_mean-fix-seed43,baseline_square,1,272,1541568687,success,49,12.25,0.1854007933248062,0,0.0,2,0.8269899426136236,13.862299295712491,15.50837531685829,9.993352710416817,27,2.204081632653061,10,0.8163265306122449,3,0.24489795918367346,16.512238328250053,1.6523221792260085,5,0.40816326530612246,0.0,0.0,0.02040816326530612,0.7762220931289578
bayes_mean-fix-seed43,baseline_square,1,273,1541568688,timeout,101,25.25,0.21527904669568532,0,0.0,0,0.734745639365998,14.782571519660477,16.180604696273804,16.59158745946365,77,3.0495049504950495,31,1.2277227722772277,20,0.7920792079207921,77.49338830158405,4.670643390267199,24,0.9504950495049505,0.39361702127659576,0.32978723404255317,0.27722772277227725,0.4019408132161808
bayes_mean-fix-seed43,baseline_square,1,274,1541568689,success,49,12.25,0.21448129068594657,0,0.0,0,1.0834306254705994,14.498410556389361,16.361724585294724,10.196926819982,29,2.36734693877551,13,1.0612244897959184,4,0.32653061224489793,20.066301979972682,1.9678774138743995,4,0.32653061224489793,0.14285714285714285,0.14285714285714285,0.08163265306122448,0.7595287558919928
bayes_mean-fix-seed43,baseline_square,1,275,1541568690,success,63,15.75,0.1844089749987884,0,0.0,3,0.7639663731971565,14.336644597942866,15.928102284669876,10.471066754513934,49,3.111111111111111,20,1.2698412698412698,6,0.38095238095238093,28.909352811357977,2.7608794298723716,11,0.6984126984126984,0.19642857142857142,0.17857142857142858,0.1111111111111111,0.7383350599393559
bayes_mean-fix-seed43,baseline_square,1,276,1541568691,success,47,11.75,0.21775931271931714,0,0.0,0,0.7915660096814288,14.324699706853703,15.96037819981575,11.065004660229516,21,1.7872340425531914,10,0.851063829787234,2,0.1702127659574468,10.653944552977237,0.9628504352348142,3,0.2553191489361702,0.0,0.0,0.06382978723404255,0.6995386126856153
bayes_mean-fix-seed43,baseline_square,1,277,1541568692,success,57,14.25,0.1601393057713002,0,0.0,3,1.222884457533265,14.403937613232094,16.415345668792725,11.887820314392744,34,2.3859649122807016,13,0.9122807017543859,3,0.21052631578947367,18.14599171611,1.526435564822628,3,0.21052631578947367,0.1,0.08,0.14035087719298245,0.655293515618115
bayes_mean-fix-seed43,baseline_square,1,278,1541568693,collision,11,2.75,-0.04522556394480981,1,0.25,3,0.2513423175146857,12.003651396794753,13.429410755634308,1.6758488565580376,9,3.272727272727273,6,2.1818181818181817,0,0.0,5.959189025193816,3.5559227205209716,2,0.7272727272727273,0.0,0.0,0.0,0.8856891245321636
bayes_mean-fix-seed43,baseline_square,1,279,1541568694,success,44,11.0,0.17261303554587426,0,0.0,6,0.38866401491128966,13.96731592037461,15.970359742641449,9.301857731266995,28,2.5454545454545454,12,1.0909090909090908,0,0.0,12.671637509622318,1.3622695461174645,2,0.18181818181818182,0.0,0.0,0.0,0.8451892875413147
bayes_mean-fix-seed43,baseline_square,1,280,1541568695,success,54,13.5,0.1325976289109464,0,0.0,2,0.8572549516666261,14.556205245079818,15.97755756229162,9.846653621281254,31,2.2962962962962963,16,1.1851851851851851,1,0.07407407407407407,17.16091205532934,1.7428166680139958,6,0.4444444444444444,0.1702127659574468,0.1276595744680851,0.1111111111111111,0.78843389847923
bayes_mean-fix-seed43,baseline_square,1,281,1541568696,success,88,22.0,0.20811767497901723,0,0.0,0,0.6508524595524334,14.723560899834741,16.005769930779934,14.706317291784739,67,3.0454545454545454,19,0.8636363636363636,19,0.8636363636363636,67.5931385565,4.596197485434301,17,0.7727272727272727,0.2716049382716049,0.16049382716049382,0.23863636363636365,0.5285917522374426
bayes_mean-fix-seed43,baseline_square,1,282,1541568697,success,55,13.75,0.28186684311764965,0,0.0,0,1.1555959688419097,14.445733685385097,16.758372262120247,11.911224054285737,29,2.109090909090909,22,1.6,6,0.43636363636363634,23.25469105793357,1.9523342816783282,5,0.36363636363636365,0.125,0.125,0.18181818181818182,0.651316236585555
bayes_mean-fix-seed43,baseline_square,1,283,1541568698,success,49,12.25,0.1530091681774316,0,0.0,2,0.8556910610179576,14.509700086652016,16.175322234630585,10.137971104844274,28,2.2857142857142856,12,0.9795918367346939,2,0.16326530612244897,16.279637678988845,1.6058082540016188,5,0.40816326530612246,0.16666666666666666,0.16666666666666666,0.10204081632653061,0.7660931997560488
bayes_mean-fix-seed43,baseline_square,1,284,1541568699,success,63,15.75,0.1629189702047492,0,0.0,3,0.8066822717530672,14.386266115165892,15.77054187655449,13.693649415321477,38,2.4126984126984126,18,1.1428571428571428,2,0.12698412698412698,21.361614071203945,1.5599650190622651,7,0.4444444444444444,0.17857142857142858,0.14285714285714285,0.12698412698412698,0.5667764945341892
bayes_mean-fix-seed43,baseline_square,1,285,1541568700,timeout,101,25.25,0.1985696737825592,0,0.0,1,0.7953344390932575,14.712489661898944,16.404442489147186,14.811258574689987,94,3.722772277227723,70,2.772277227722772,63,2.495049504950495,181.06241392874983,12.224647420453238,59,2.3366336633663365,0.48936170212765956,0.48936170212765956,0.3564356435643564,0.33835708643584816
bayes_mean-fix-seed43,baseline_square,1,286,1541568701,success,58,14.5,0.18373524920920414,0,0.0,2,0.6826868800221947,14.345594264309982,16.26792773604393,12.666207951723862,30,2.0689655172413794,12,0.8275862068965517,4,0.27586206896551724,22.633847489839795,1.786947409683049,5,0.3448275862068966,0.17647058823529413,0.13725490196078433,0.15517241379310345,0.6166556878229428
bayes_mean-fix-seed43,baseline_square,1,287,1541568702,success,50,12.5,0.20247214556285376,0,0.0,0,0.8886136247207503,14.396930485963821,16.620955429971218,10.48724624556476,37,2.96,15,1.2,2,0.16,19.496536170133346,1.859071076773731,5,0.4,0.046511627906976744,0.023255813953488372,0.12,0.7397347182022925
bayes_mean-fix-seed43,baseline_square,1,288,1541568703,success,59,14.75,0.18998469916470417,0,0.0,1,0.5290109467823408,14.598054653507168,16.580670699477196,11.835876691262987,46,3.1186440677966103,20,1.3559322033898304,8,0.5423728813559322,29.06110450984842,2.4553402564003357,9,0.6101694915254238,0.15384615384615385,0.15384615384615385,0.2033898305084746,0.6587845775662976
bayes_mean-fix-seed43,baseline_square,1,289,1541568704,success,38,9.5,0.2077691226818602,0,0.0,0,0.8682650136837836,14.092102254691877,16.310224682092667,8.860059480371946,19,2.0,12,1.263157894736842,0,0.0,8.419658176529653,0.9502936402607757,1,0.10526315789473684,0.0,0.0,0.0,0.881797737672184
bayes_mean-fix-seed43,baseline_square,1,290,1541568705,success,52,13.0,0.24704822141404015,0,0.0,0,0.8676060213690496,14.369163089073622,16.43728818744421,10.98061538093011,30,2.3076923076923075,13,1.0,0,0.0,13.038238215317431,1.187386841539024,3,0.23076923076923078,0.0,0.0,0.019230769230769232,0.7043218658805093
bayes_mean-fix-seed43,baseline_square,1,291,1541568706,success,75,18.75,0.7844443354221126,0,0.0,0,1.4266992594321886,14.538907408714294,16.262509673833847,14.487398436635456,50,2.6666666666666665,25,1.3333333333333333,15,0.8,54.34058297266058,3.7508862070946534,20,1.0666666666666667,0.3088235294117647,0.3088235294117647,0.18666666666666668,0.5390659237234271
bayes_mean-fix-seed43,baseline_square,1,292,1541568707,success,51,12.75,0.39746964227607895,0,0.0,0,1.2061299105590193,14.668745518315072,16.58819057047367,11.087441973066532,25,1.9607843137254901,14,1.0980392156862746,1,0.0784313725490196,13.928404899283379,1.2562324955673343,3,0.23529411764705882,0.022727272727272728,0.022727272727272728,0.09803921568627451,0.6948615107123843
bayes_mean-fix-seed43,baseline_square,1,293,1541568708,success,72,18.0,0.203300396119101,0,0.0,0,0.5833440089375272,14.463145699765947,16.101292334496975,14.927182824283248,43,2.388888888888889,20,1.1111111111111112,4,0.2222222222222222,25.29352052353859,1.6944604230606453,8,0.4444444444444444,0.13846153846153847,0.06153846153846154,0.1527777777777778,0.5217568515498355
bayes_mean-fix-seed43,baseline_square,1,294,1541568709,success,70,17.5,0.2250775622314286,0,0.0,0,0.8949855665455024,14.556297872747693,16.318011470139027,12.79960194909155,51,2.914285714285714,23,1.3142857142857143,16,0.9142857142857143,55.28249940491453,4.319079579567567,17,0.9714285714285714,0.31746031746031744,0.31746031746031744,0.14285714285714285,0.6094162589073975
bayes_mean-fix-seed43,baseline_square,1,295,1541568710,success,47,11.75,0.23208078059365989,0,0.0,0,0.8097424304621617,14.000943287255916,15.864219889044762,10.25039709074325,28,2.382978723404255,13,1.1063829787234043,1,0.0851063829787234,14.398609363049786,1.4046879584843235,3,0.2553191489361702,0.0,0.0,0.0425531914893617,0.7564581664848183
bayes_mean-fix-seed43,baseline_square,1,296,1541568711,success,48,12.0,0.2348039451816677,0,0.0,0,0.8891979550180772,14.363683837776383,15.88600855320692,9.645358313846257,26,2.1666666666666665,13,1.0833333333333333,3,0.25,18.90499919651215,1.9600100464254757,3,0.25,0.07317073170731707,0.04878048780487805,0.10416666666666667,0.8058505296149601
bayes_mean-fix-seed43,baseline_square,1,297,1541568712,success,76,19.0,0.27042730152456196,0,0.0,0,0.9214554371748809,14.578451353468393,15.99523238837719,13.736460793287867,62,3.263157894736842,36,1.894736842105263,15,0.7894736842105263,53.81985074458072,3.9180289271366795,15,0.7894736842105263,0.0,0.0,0.05263157894736842,0.5658191728210074
bayes_mean-fix-seed43,baseline_square,1,298,1541568713,success,49,12.25,0.17405369354395717,0,0.0,2,0.6769700821932569,14.23509418964386,15.869902074337004,11.033279899469797,25,2.0408163265306123,5,0.40816326530612246,1,0.08163265306122448,10.5834368757161,0.9592285315108053,4,0.32653061224489793,0.16666666666666666,0.023809523809523808,0.12244897959183673,0.7050336355817349
bayes_mean-fix-seed43,baseline_square,1,299,1541568714,success,44,11.0,0.24082594578089433,0,0.0,0,0.5906678600005963,14.61563894355839,16.439554281532764,9.980054806371164,26,2.3636363636363638,12,1.0909090909090908,1,0.09090909090909091,13.472193983395908,1.3499118236099663,3,0.2727272727272727,0.0,0.0,0.0,0.7797047809745161
bayes_mean-fix-seed43,baseline_square,1,300,1541568715,success,54,13.5,0.2091543548105459,0,0.0,0,0.6423439413509482,14.330563514872834,15.701773203909397,10.068164244043494,40,2.962962962962963,21,1.5555555555555556,9,0.6666666666666666,36.990408088165246,3.673997284067891,13,0.9629629629629629,0.0,0.0,0.07407407407407407,0.7730573377491964
bayes_mean-fix-seed43,baseline_square,1,301,1541568716,timeout,101,25.25,0.20263523520929205,0,0.0,0,0.50657179701669,14.65151632333746,15.887878835201263,13.711997706190692,92,3.6435643564356437,69,2.732673267326733,61,2.4158415841584158,197.1160238777957,14.375441719101351,61,2.4158415841584158,0.648936170212766,0.5957446808510638,0.39603960396039606,0.24662003230219956
bayes_mean-fix-seed43,baseline_square,1,302,1541568717,timeout,101,25.25,0.18008459453140613,0,0.0,10,0.6026130369254222,14.83634756048127,16.44885167479515,16.154914110875925,84,3.3267326732673266,39,1.5445544554455446,23,0.9108910891089109,78.5467624770824,4.8620971883844675,17,0.6732673267326733,0.3617021276595745,0.2765957446808511,0.19801980198019803,0.34596339527991854
bayes_mean-fix-seed43,baseline_square,1,303,1541568718,success,39,9.75,0.2318282959585738,0,0.0,0,0.7427698887899165,13.946366138183153,16.903765499591827,8.974945391764871,20,2.051282051282051,12,1.2307692307692308,2,0.20512820512820512,11.804144552372579,1.3152330222759563,5,0.5128205128205128,0.0,0.0,0.02564102564102564,0.8593921086244943
bayes_mean-fix-seed43,baseline_square,1,304,1541568719,success,39,9.75,0.2098816314239096,0,0.0,0,0.6767357585851257,14.2622508872778,15.731224790215492,9.268502475669687,17,1.7435897435897436,11,1.1282051282051282,0,0.0,9.297370438396428,1.0031146307402432,1,0.10256410256410256,0.0,0.0,0.02564102564102564,0.8382132364806042
bayes_mean-fix-seed43,baseline_square,1,305,1541568720,success,49,12.25,0.22169567961438974,0,0.0,0,1.2047024402001643,14.565409674328201,16.486605256795883,9.77243618928394,25,2.0408163265306123,13,1.0612244897959184,0,0.0,15.169451277630763,1.5522691562074329,4,0.32653061224489793,0.11904761904761904,0.11904761904761904,0.061224489795918366,0.7923473764818645
bayes_mean-fix-seed43,baseline_square,1,306,1541568721,success,53,13.25,0.17766748228477802,0,0.0,2,0.7759765025722967,14.218236267004373,16.347555816173553,11.742720763124005,30,2.2641509433962264,15,1.1320754716981132,2,0.1509433962264151,20.374397465289597,1.735066163650241,7,0.5283018867924528,0.15217391304347827,0.043478260869565216,0.1509433962264151,0.658611934240057
bayes_mean-fix-seed43,baseline_square,1,307,1541568722,success,48,12.0,0.826618931697909,0,0.0,0,1.5169564646939027,14.244154949362079,16.132854111492634,9.263908629375134,34,2.8333333333333335,16,1.3333333333333333,12,1.0,32.72997211659767,3.5330629247371323,14,1.1666666666666667,0.0,0.0,0.020833333333333332,0.8350207611901557
bayes_mean-fix-seed43,baseline_square,1,308,1541568723,success,47,11.75,0.2476339759007865,0,0.0,0,1.0382415387152488,14.266561637533473,16.128695011138916,9.726157679361462,32,2.723404255319149,17,1.446808510638298,4,0.3404255319148936,16.43675677048678,1.6899537630738761,3,0.2553191489361702,0.0,0.0,0.0425531914893617,0.7974807091695559
bayes_mean-fix-seed43,baseline_square,1,309,1541568724,success,51,12.75,0.16203634149583324,0,0.0,3,0.6274667491585926,14.253949417787439,15.480834990739822,10.93986497298501,29,2.2745098039215685,14,1.0980392156862746,5,0.39215686274509803,20.82589746471176,1.9036704306807621,3,0.23529411764705882,0.0,0.0,0.13725490196078433,0.705725552654261
bayes_mean-fix-seed43,baseline_square,1,310,1541568725,success,57,14.25,0.20383113614952464,0,0.0,0,0.6792845546749592,14.556377080448886,15.84683507680893,11.996498173481008,43,3.017543859649123,27,1.894736842105263,6,0.42105263157894735,27.770132248543742,2.314853205240452,3,0.21052631578947367,0.0,0.0,0.08771929824561403,0.6448726483249747
bayes_mean-fix-seed43,baseline_square,1,311,1541568726,success,50,12.5,0.2162126198377341,0,0.0,0,0.9760270701219472,14.35413084924221,16.065388172864914,10.539430376309866,36,2.88,30,2.4,7,0.56,21.8567788632167,2.0738102613539287,6,0.48,0.0,0.0,0.08,0.7340262853361679
bayes_mean-fix-seed43,baseline_square,1,312,1541568727,timeout,101,25.25,0.19785280652995985,0,0.0,1,1.0396650665037308,14.853126304869605,16.217615455389023,18.805236139030047,74,2.9306930693069306,34,1.3465346534653466,14,0.5544554455445545,55.24310273407879,2.937644724355382,18,0.7128712871287128,0.19148936170212766,0.07446808510638298,0.2376237623762376,0.38428295201362106
bayes_mean-fix-seed43,baseline_square,1,313,1541568728,success,71,17.75,0.2929140272627899,0,0.0,0,0.9574045091539066,14.594674530163617,15.897996723651886,14.409240341931131,47,2.647887323943662,26,1.4647887323943662,7,0.39436619718309857,34.625343792996816,2.402995784048135,7,0.39436619718309857,0.125,0.125,0.18309859154929578,0.5450288697085869
bayes_mean-fix-seed43,baseline_square,1,314,1541568729,success,49,12.25,0.2273485554253788,0,0.0,0,1.266645151701277,14.047989963876958,15.412743389606474,10.61140522898897,27,2.204081632653061,19,1.5510204081632653,1,0.08163265306122448,13.75418520549873,1.2961700084663714,3,0.24489795918367346,0.023809523809523808,0.023809523809523808,0.08163265306122448,0.7268075013202054
bayes_mean-fix-seed43,baseline_square,1,315,1541568730,success,53,13.25,0.3155447821617038,0,0.0,0,0.9647686747100753,14.320414724215022,16.015224903821945,9.240687358307268,42,3.169811320754717,20,1.509433962264151,10,0.7547169811320755,35.446202195520854,3.8358837195866324,11,0.8301886792452831,0.0,0.0,0.09433962264150944,0.840937080871744
bayes_mean-fix-seed43,baseline_square,1,316,1541568731,success,44,11.0,0.2051631418883012,0,0.0,0,0.5690061000386369,14.267239804294976,15.715318731963634,9.490282455630748,30,2.727272727272727,19,1.7272727272727273,2,0.18181818181818182,14.622952281081785,1.5408342532951416,3,0.2727272727272727,0.0,0.0,0.045454545454545456,0.8193750511698235
bayes_mean-fix-seed43,baseline_square,1,317,1541568732,collision,25,6.25,0.014172815854746279,0,0.0,5,0.5942469247617341,13.482663929462433,15.120983868837357,5.492923898855148,17,2.72,6,0.96,2,0.32,10.44278292319741,1.9011337341436545,4,0.64,0.16666666666666666,0.16666666666666666,0.24,0.491179445916525
bayes_mean-fix-seed43,baseline_square,1,318,1541568733,success,41,10.25,0.16693412985322686,0,0.0,1,1.1218723891081366,14.062257983335634,16.150884330272675,9.749837733892894,21,2.048780487804878,11,1.0731707317073171,0,0.0,10.687696110144884,1.0961922035883487,3,0.2926829268292683,0.0,0.0,0.04878048780487805,0.7916272376413931
bayes_mean-fix-seed43,baseline_square,1,319,1541568734,success,65,16.25,0.1752118723206253,0,0.0,2,0.9406883781236379,14.349448967438478,15.696436166763306,11.550242560400594,45,2.769230769230769,17,1.0461538461538462,2,0.12307692307692308,29.015884940361484,2.5121450730256467,10,0.6153846153846154,0.20689655172413793,0.15517241379310345,0.15384615384615385,0.6718021164489754
bayes_mean-fix-seed43,baseline_square,1,320,1541568735,success,55,13.75,0.20642144908770765,0,0.0,0,0.7034101777051032,14.446062459187074,16.072333604097366,11.77001911999867,37,2.690909090909091,18,1.309090909090909,5,0.36363636363636365,24.572512132018787,2.087720663959428,6,0.43636363636363634,0.10416666666666667,0.10416666666666667,0.12727272727272726,0.6565729358777016
bayes_mean-fix-seed43,baseline_square,1,321,1541568736,success,54,13.5,0.14842522753308118,0,0.0,1,1.5545736687811766,14.76336298165498,16.864318028092384,11.138728313202975,29,2.1481481481481484,14,1.037037037037037,5,0.37037037037037035,20.294479475999452,1.8219745473048272,3,0.2222222222222222,0.14893617021276595,0.14893617021276595,0.18518518518518517,0.6947951386694252
bayes_mean-fix-seed43,baseline_square,1,322,1541568737,success,80,20.0,0.16528867939445313,0,0.0,7,0.8715469289849145,14.866707194596529,16.391109116375446,16.997870194701385,46,2.3,21,1.05,5,0.25,25.128170923958212,1.4783129083896183,7,0.35,0.2876712328767123,0.2328767123287671,0.1875,0.45494999055626184
bayes_mean-fix-seed43,baseline_square,1,323,1541568738,success,50,12.5,0.18527544590845235,0,0.0,1,0.7109378782448116,14.202900603413582,15.891542844474316,9.199883210103067,28,2.24,14,1.12,4,0.32,21.38248968051625,2.3242131657752534,7,0.56,0.0,0.0,0.04,0.8467974684403187
bayes_mean-fix-seed43,baseline_square,1,324,1541568739,timeout,101,25.25,0.1831079433398599,0,0.0,2,0.49424253209074587,14.877239740130925,16.263559460639954,13.49431212456147,93,3.6831683168316833,72,2.8514851485148514,61,2.4158415841584158,192.29101393578372,14.249782586975154,61,2.4158415841584158,0.6595744680851063,0.6595744680851063,0.3465346534653465,0.21324926850040835
bayes_mean-fix-seed43,baseline_square,1,325,1541568740,collision,12,3.0,-0.04130048747913495,1,0.25,5,0.8314448250149106,12.649727053940296,15.23529514670372,2.4103554224082373,10,3.3333333333333335,3,1.0,1,0.3333333333333333,8.485904686312935,3.520603064354089,2,0.6666666666666666,0.4,0.4,0.25,0.126689183297857
bayes_mean-fix-seed43,baseline_square,1,326,1541568741,success,45,11.25,0.4467956220673651,0,0.0,0,0.9405234237926524,14.248702592319912,15.630738437175749,10.583139433875642,21,1.8666666666666667,9,0.8,0,0.0,8.570447214280946,0.8098208728921915,3,0.26666666666666666,0.0,0.0,0.06666666666666667,0.7390405189731738
bayes_mean-fix-seed43,baseline_square,1,327,1541568742,success,56,14.0,0.14245215179414572,0,0.0,3,0.8998062669124641,14.404884672590665,15.887870453298092,10.600682798802593,38,2.7142857142857144,19,1.3571428571428572,9,0.6428571428571429,40.24362088320838,3.7963234677443727,12,0.8571428571428571,0.10204081632653061,0.10204081632653061,0.125,0.7312105801867844
bayes_mean-fix-seed43,baseline_square,1,328,1541568743,success,42,10.5,0.19535564357684487,0,0.0,1,0.8051045687108381,14.42933463979335,15.909207612276077,9.243196476240959,22,2.0952380952380953,13,1.2380952380952381,1,0.09523809523809523,10.631255691321176,1.1501709088028296,3,0.2857142857142857,0.0,0.0,0.0,0.8370874126083786
bayes_mean-fix-seed43,baseline_square,1,329,1541568744,success,51,12.75,0.14918908263332153,0,0.0,3,0.6735580947139231,14.273966498234692,15.870457515120506,10.449975414111417,35,2.7450980392156863,14,1.0980392156862746,1,0.0784313725490196,14.108354373749425,1.350084934620785,3,0.23529411764705882,0.0,0.0,0.0392156862745098,0.7414425517438155
bayes_mean-fix-seed43,baseline_square,1,330,1541568745,success,59,14.75,0.1216179364342529,0,0.0,5,1.0610384530139993,14.64365523750499,16.500692814588547,11.35217779001105,38,2.5762711864406778,16,1.0847457627118644,8,0.5423728813559322,30.56696666487469,2.6926081700174764,5,0.3389830508474576,0.28846153846153844,0.2692307692307692,0.2033898305084746,0.6834698200019931
bayes_mean-fix-seed43,baseline_square,1,331,1541568746,success,46,11.5,0.15632858439874975,0,0.0,4,0.5775699215749361,14.470547518652419,18.128247000277042,9.605889217518499,30,2.608695652173913,10,0.8695652173913043,0,0.0,10.07699612418158,1.049043549846891,3,0.2608695652173913,0.0,0.0,0.0,0.8147066372782298
bayes_mean-fix-seed43,baseline_square,1,332,1541568747,success,41,10.25,0.24200070369359294,0,0.0,0,1.0311943126958176,14.595196377940294,16.87067002058029,9.5327784141921,25,2.4390243902439024,10,0.975609756097561,0,0.0,10.531252601293446,1.1047411513955732,1,0.0975609756097561,0.0,0.0,0.07317073170731707,0.817949705900592
bayes_mean-fix-seed43,baseline_square,1,333,1541568748,timeout,101,25.25,0.1973712965815042,0,0.0,1,1.1770779966284914,15.132966755640389,16.603633761405945,17.78949642868602,80,3.1683168316831685,38,1.504950495049505,22,0.8712871287128713,84.38921910817163,4.74376660668662,26,1.0297029702970297,0.2978723404255319,0.2978723404255319,0.22772277227722773,0.37523026630784007
bayes_mean-fix-seed43,baseline_square,1,334,1541568749,success,71,17.75,0.1919506495395532,0,0.0,1,1.0790538873469047,15.096043302139766,16.564687713980675,12.726735024867962,51,2.8732394366197185,26,1.4647887323943662,18,1.0140845070422535,55.53365426390903,4.363542900468707,16,0.9014084507042254,0.09375,0.03125,0.15492957746478872,0.6113179197252517
bayes_mean-fix-seed43,baseline_square,1,335,1541568750,success,63,15.75,0.201817167740596,0,0.0,0,0.6899505290615975,15.132431473050799,16.751087456941605,11.356268417897466,47,2.984126984126984,24,1.5238095238095237,6,0.38095238095238093,32.94557244549342,2.9010913825857827,8,0.5079365079365079,0.0,0.0,0.031746031746031744,0.6826446775725491
bayes_mean-fix-seed43,baseline_square,1,336,1541568751,success,49,12.25,0.3744215534404375,0,0.0,0,0.7623448981323279,14.367455958711858,15.855320543050766,10.455887322410835,34,2.7755102040816326,24,1.9591836734693877,1,0.08163265306122448,16.559961206834366,1.583793005433431,1,0.08163265306122448,0.023809523809523808,0.023809523809523808,0.10204081632653061,0.7443928200019148
bayes_mean-fix-seed43,baseline_square,1,337,1541568752,success,70,17.5,0.2247912317107711,0,0.0,0,0.9911119099627215,14.183499131883893,16.03439636528492,13.814348810183251,50,2.857142857142857,23,1.3142857142857143,11,0.6285714285714286,42.29597084864692,3.061741919928099,11,0.6285714285714286,0.09523809523809523,0.09523809523809523,0.14285714285714285,0.5632086445777856
bayes_mean-fix-seed43,baseline_square,1,338,1541568753,success,63,15.75,0.2302651929320042,0,0.0,0,0.992612748984287,14.371247577761848,15.900291502475739,11.39665791540224,47,2.984126984126984,30,1.9047619047619047,12,0.7619047619047619,51.61680658789128,4.529117831827937,16,1.0158730158730158,0.14285714285714285,0.14285714285714285,0.15873015873015872,0.6821156522173044
bayes_mean-fix-seed43,baseline_square,1,339,1541568754,success,49,12.25,0.4778240604564826,0,0.0,0,1.1094129315767252,13.99781159600433,15.435400605201721,10.61029623831099,26,2.122448979591837,16,1.3061224489795917,0,0.0,12.314755460644037,1.160642001321197,3,0.24489795918367346,0.0,0.0,0.0,0.7309796307943371
bayes_mean-fix-seed43,baseline_square,1,340,1541568755,success,41,10.25,0.31052430269249054,0,0.0,0,0.7674314663633758,13.854274844251028,15.62533900141716,8.636038519448624,28,2.731707317073171,12,1.170731707317073,3,0.2926829268292683,13.031483063998751,1.5089653704822472,5,0.4878048780487805,0.0,0.0,0.024390243902439025,0.8985138541451688
bayes_mean-fix-seed43,baseline_square,1,341,1541568756,timeout,101,25.25,0.19661819046230933,0,0.0,2,0.7027699616992059,14.687666024016861,16.19856059551239,16.30477720730362,84,3.3267326732673266,44,1.7425742574257426,33,1.306930693069307,102.1277220799489,6.263668664800979,23,0.9108910891089109,0.648936170212766,0.5531914893617021,0.44554455445544555,0.15575022480568035
bayes_mean-fix-seed43,baseline_square,1,342,1541568757,success,48,12.0,0.2027319876775575,0,0.0,0,1.2904225611353721,14.469949140523871,16.055732034146786,11.62847781554178,19,1.5833333333333333,11,0.9166666666666666,0,0.0,9.642059396915858,0.8291764020935725,1,0.08333333333333333,0.1951219512195122,0.12195121951219512,0.1875,0.6688775111908634
bayes_mean-fix-seed43,baseline_square,1,343,1541568758,success,57,14.25,0.1664376280224522,0,0.0,1,1.1345913867145738,14.668420741432591,16.14292338490486,12.169790214412801,35,2.456140350877193,18,1.263157894736842,4,0.2807017543859649,22.229885135235154,1.8266448922766216,5,0.3508771929824561,0.14,0.14,0.15789473684210525,0.6381733551756272
bayes_mean-fix-seed43,baseline_square,1,344,1541568759,success,64,16.0,0.19897561771266148,0,0.0,1,1.3893913997801053,14.324853254947811,15.852946415543556,10.502227382188778,52,3.25,34,2.125,20,1.25,65.7579982988625,6.261338276714956,16,1.0,0.0,0.0,0.140625,0.7394842150122894
bayes_mean-fix-seed43,baseline_square,1,345,1541568760,success,61,15.25,0.41274962935192006,0,0.0,0,1.021392479758109,14.169675404908228,15.395250171422958,10.416084902050475,39,2.557377049180328,18,1.180327868852459,2,0.13114754098360656,20.803001826194645,1.9971997177269012,6,0.39344262295081966,0.1111111111111111,0.1111111111111111,0.06557377049180328,0.7423385104708436
bayes_mean-fix-seed43,baseline_square,1,346,1541568761,success,37,9.25,0.2787799112774487,0,0.0,0,1.0881607831516782,13.651827400600588,15.2705118060112,8.699190175393113,14,1.5135135135135136,9,0.972972972972973,0,0.0,4.268675736422807,0.4906980592857205,1,0.10810810810810811,0.0,0.0,0.0,0.8930090448946808
bayes_mean-fix-seed43,baseline_square,1,347,1541568762,success,67,16.75,0.17179315762929726,0,0.0,2,0.5996364510684922,14.424794923458526,15.996261313557625,11.942599995670067,52,3.1044776119402986,18,1.0746268656716418,6,0.3582089552238806,31.951987440938275,2.6754632536066563,11,0.6567164179104478,0.2,0.2,0.14925373134328357,0.6541074430929911
bayes_mean-fix-seed43,baseline_square,1,348,1541568763,success,48,12.0,0.20386424891923527,0,0.0,0,0.7447414612448576,14.318159315735102,15.881459414958954,10.592450769451428,25,2.0833333333333335,13,1.0833333333333333,3,0.25,18.00138918109176,1.699454599591595,5,0.4166666666666667,0.21951219512195122,0.17073170731707318,0.14583333333333334,0.7332729234252116
bayes_mean-fix-seed43,baseline_square,1,349,1541568764,success,61,15.25,0.29708501404216014,0,0.0,0,1.0751649700204997,14.488561475863222,16.713809221982956,11.062387877267492,45,2.9508196721311477,22,1.4426229508196722,3,0.19672131147540983,26.310847086726145,2.3784057636229945,9,0.5901639344262295,0.2037037037037037,0.18518518518518517,0.13114754098360656,0.6977398499232129
bayes_mean-fix-seed43,baseline_square,1,350,1541568765,success,50,12.5,0.17664558679571885,0,0.0,2,0.8880625405618413,14.352560862898827,16.046504862606525,11.43191152059111,27,2.16,13,1.04,0,0.0,10.273962776361873,0.8987090879645505,1,0.08,0.16279069767441862,0.09302325581395349,0.14,0.6774470856448765
bayes_mean-fix-seed43,baseline_square,1,351,1541568766,success,82,20.5,0.18011710466406716,0,0.0,5,0.7390198182883255,14.54361968832772,16.22157972306013,15.694741853294735,62,3.024390243902439,37,1.8048780487804879,15,0.7317073170731707,56.11850003459142,3.5756242797208344,11,0.5365853658536586,0.37333333333333335,0.29333333333333333,0.21951219512195122,0.49413032739185925
bayes_mean-fix-seed43,baseline_square,1,352,1541568767,success,70,17.5,0.1941229633486563,0,0.0,1,0.6121719027205762,14.437356484787804,16.081208735704422,12.866629468338228,46,2.6285714285714286,21,1.2,14,0.8,48.49051833299898,3.7687040302452814,13,0.7428571428571429,0.1111111111111111,0.09523809523809523,0.18571428571428572,0.6026252770685644
bayes_mean-fix-seed43,baseline_square,1,353,1541568768,success,66,16.5,0.18208446515057775,0,0.0,5,0.6250354432118991,14.640835254932895,16.15807320922613,13.678169356989637,44,2.6666666666666665,21,1.2727272727272727,5,0.30303030303030304,31.85040691810771,2.328557724856063,11,0.6666666666666666,0.1864406779661017,0.1864406779661017,0.15151515151515152,0.5647854666328678
bayes_mean-fix-seed43,baseline_square,1,354,1541568769,success,46,11.5,0.2134469724335989,0,0.0,0,0.5817028288468701,14.95435680060283,16.614395193755627,9.633831747675234,26,2.260869565217391,8,0.6956521739130435,0,0.0,9.811750803738247,1.0184681506510582,4,0.34782608695652173,0.0,0.0,0.06521739130434782,0.8026419853036659
bayes_mean-fix-seed43,baseline_square,1,355,1541568770,success,42,10.5,0.18545598605910474,0,0.0,2,1.0978512589799558,13.979475767839523,15.875380486249924,9.194431817760512,22,2.0952380952380953,11,1.0476190476190477,2,0.19047619047619047,13.594836963386928,1.4785945703709862,9,0.8571428571428571,0.0,0.0,0.0,0.840733858511807
bayes_mean-fix-seed43,baseline_square,1,356,1541568771,success,57,14.25,0.09906846412020487,0,0.0,10,0.8897372577822176,14.573018867195698,16.427361965179443,11.923951691839873,39,2.736842105263158,21,1.4736842105263157,8,0.5614035087719298,35.17175552230839,2.949672762124497,5,0.3508771929824561,0.1,0.1,0.15789473684210525,0.6538263871467551
bayes_mean-fix-seed43,baseline_square,1,357,1541568772,success,57,14.25,0.1563238494147855,0,0.0,6,0.8485635379711007,14.316151996976451,15.9568652510643,11.1248630144319,38,2.6666666666666665,20,1.4035087719298245,3,0.21052631578947367,28.18548285776594,2.533557745493305,7,0.49122807017543857,0.18,0.06,0.17543859649122806,0.6984498688409003
bayes_mean-fix-seed43,baseline_square,1,358,1541568773,success,47,11.75,0.649362949904836,0,0.0,0,1.1519848823217027,13.991322209860416,15.889204666018486,10.189728331229757,30,2.5531914893617023,15,1.2765957446808511,5,0.425531914893617,15.725493751443718,1.5432691864068442,2,0.1702127659574468,0.125,0.125,0.10638297872340426,0.7606541095379712
bayes_mean-fix-seed43,baseline_square,1,359,1541568774,success,51,12.75,0.27968710352466064,0,0.0,0,0.6303560039731992,14.520651423463635,16.318805515766144,10.199936643830863,30,2.3529411764705883,13,1.0196078431372548,4,0.3137254901960784,17.29306675325569,1.6954092321460548,8,0.6274509803921569,0.0,0.0,0.11764705882352941,0.7615823162769013
bayes_mean-fix-seed43,baseline_square,1,360,1541568775,success,51,12.75,0.16731455180149446,0,0.0,1,0.9341686401448578,14.422416394832087,15.847984701395035,11.410750710809412,31,2.4313725490196076,12,0.9411764705882353,3,0.23529411764705882,19.58494373519227,1.7163589172655782,7,0.5490196078431373,0.20454545454545456,0.045454545454545456,0.1568627450980392,0.6819959299718885
bayes_mean-fix-seed43,baseline_square,1,361,1541568776,success,52,13.0,0.1954512596435698,0,0.0,2,1.2558986535300856,14.353751992950073,15.841021388769148,11.898431636339417,20,1.5384615384615385,11,0.8461538461538461,4,0.3076923076923077,14.080351325684033,1.1833787641961768,3,0.23076923076923078,0.2,0.2,0.23076923076923078,0.6600062439181337
bayes_mean-fix-seed43,baseline_square,1,362,1541568777,success,68,17.0,0.1783961422412973,0,0.0,1,1.0930039707605719,14.786010498509688,16.742075979709625,13.686208433362948,52,3.0588235294117645,28,1.6470588235294117,8,0.47058823529411764,37.50547308294946,2.740384472848021,12,0.7058823529411765,0.2459016393442623,0.18032786885245902,0.19117647058823528,0.5675731159227573
bayes_mean-fix-seed43,baseline_square,1,363,1541568778,success,70,17.5,0.12838122723125178,0,0.0,2,0.8084438212765492,14.915046361940247,17.180401645600796,13.924773112948893,48,2.742857142857143,23,1.3142857142857143,10,0.5714285714285714,35.351611713002306,2.538756748584163,7,0.4,0.2857142857142857,0.20634920634920634,0.22857142857142856,0.5644560715274666
bayes_mean-fix-seed43,baseline_square,1,364,1541568779,success,53,13.25,0.20157062042215568,0,0.0,0,0.6770638890991871,14.489513593462279,15.989992022514343,10.713590852210897,32,2.4150943396226414,12,0.9056603773584906,2,0.1509433962264151,16.166758871719146,1.5089953587674028,6,0.4528301886792453,0.0,0.0,0.07547169811320754,0.7226086077725555
bayes_mean-fix-seed43,baseline_square,1,365,1541568780,success,64,16.0,0.023237740168142285,0,0.0,8,0.971152953519173,14.694801066070795,16.576330363750458,13.44269701157714,40,2.5,17,1.0625,5,0.3125,23.27745300246774,1.731605866175567,8,0.5,0.24561403508771928,0.08771929824561403,0.1875,0.5810095205531087
bayes_mean-fix-seed43,baseline_square,1,366,1541568781,success,56,14.0,0.20585776373490983,0,0.0,0,0.7197971977318682,14.427186122962407,16.169335693120956,12.56597380609178,31,2.2142857142857144,14,1.0,1,0.07142857142857142,12.952236684998935,1.030738793894342,1,0.07142857142857142,0.0,0.0,0.07142857142857142,0.6150824574597851
bayes_mean-fix-seed43,baseline_square,1,367,1541568782,success,54,13.5,0.2040616912044011,0,0.0,0,0.9058891973443918,15.077125488056076,16.8774276971817,10.79424216350832,36,2.6666666666666665,20,1.4814814814814814,3,0.2222222222222222,18.617856260588574,1.724795124898091,6,0.4444444444444444,0.1276595744680851,0.10638297872340426,0.1111111111111111,0.7208513318529437
bayes_mean-fix-seed43,baseline_square,1,368,1541568783,success,74,18.5,0.1657694813739522,0,0.0,3,0.8809333969861549,15.373210548549086,17.291303910315037,12.189053820466565,50,2.7027027027027026,18,0.972972972972973,15,0.8108108108108109,55.9270174550132,4.588298507723913,17,0.918918918918919,0.1791044776119403,0.11940298507462686,0.14864864864864866,0.6349589809611818
bayes_mean-fix-seed43,baseline_square,1,369,1541568784,success,49,12.25,0.1911567129520112,0,0.0,1,0.6729687316432698,14.471638035409304,16.33862853050232,10.714066271974202,30,2.4489795918367347,10,0.8163265306122449,0,0.0,12.261324342980274,1.1444137110719,5,0.40816326530612246,0.0,0.0,0.04081632653061224,0.7227391857736984
bayes_mean-fix-seed43,baseline_square,1,370,1541568785,success,47,11.75,0.16272532654522476,0,0.0,1,1.061552233656326,14.871522863494588,18.09933595359325,10.26213269028701,27,2.297872340425532,11,0.9361702127659575,1,0.0851063829787234,12.690950135038225,1.236677649573764,5,0.425531914893617,0.15,0.1,0.06382978723404255,0.7584103476873908
bayes_mean-fix-seed43,baseline_square,1,371,1541568786,success,63,15.75,0.09226733352709127,0,0.0,9,0.9295160390401885,14.885433077339142,16.525739431381226,13.96639799439888,34,2.1587301587301586,20,1.2698412698412698,5,0.31746031746031744,26.809621551203964,1.9195802355020788,6,0.38095238095238093,0.30357142857142855,0.2857142857142857,0.14285714285714285,0.5555454206674822
bayes_mean-fix-seed43,baseline_square,1,372,1541568787,success,64,16.0,0.20522708826019342,0,0.0,0,0.8067834671318259,15.57681435951963,18.274197354912754,10.889145626711723,43,2.6875,22,1.375,8,0.5,34.4898790535765,3.1673631922940557,9,0.5625,0.15789473684210525,0.10526315789473684,0.109375,0.7123996459411287
bayes_mean-fix-seed43,baseline_square,1,373,1541568788,timeout,101,25.25,0.17051948247254,0,0.0,6,0.400063816372017,15.21970929190664,17.122577875852585,15.228695580258476,94,3.722772277227723,74,2.9306930693069306,61,2.4158415841584158,189.29546090544522,12.430182211458476,60,2.376237623762376,0.574468085106383,0.5425531914893617,0.40594059405940597,0.19718355331210594
bayes_mean-fix-seed43,baseline_square,1,374,1541568789,success,46,11.5,0.2174513029427385,0,0.0,0,0.7716257354665317,14.412353382162426,16.203388571739197,10.18652426711377,25,2.1739130434782608,12,1.0434782608695652,3,0.2608695652173913,16.074341936716646,1.5780006521568049,4,0.34782608695652173,0.15384615384615385,0.15384615384615385,0.13043478260869565,0.7618006025825046
bayes_mean-fix-seed43,baseline_square,1,375,1541568790,success,48,12.0,0.17400700826059512,0,0.0,2,0.567511373853162,14.525696247195205,16.255259700119495,9.634616039984264,35,2.9166666666666665,13,1.0833333333333333,2,0.16666666666666666,15.788897653560118,1.6387677088568136,5,0.4166666666666667,0.0,0.0,0.020833333333333332,0.809027749175889
bayes_mean-fix-seed43,baseline_square,1,376,1541568791,success,51,12.75,0.24005784833988175,0,0.0,0,0.8894057774133232,14.46220256826457,16.077516600489616,10.273974626727451,35,2.7450980392156863,16,1.2549019607843137,5,0.39215686274509803,24.108409269583273,2.3465513732986976,5,0.39215686274509803,0.022727272727272728,0.0,0.13725490196078433,0.7595504094802843
bayes_mean-fix-seed43,baseline_square,1,377,1541568792,success,47,11.75,0.19402245808929042,0,0.0,1,0.7633668378782751,14.240240480037446,15.871952846646309,9.84000642225683,22,1.872340425531915,12,1.0212765957446808,2,0.1702127659574468,13.549687256337961,1.3769998387084699,3,0.2553191489361702,0.075,0.0,0.1276595744680851,0.7889267968167761
bayes_mean-fix-seed43,baseline_square,1,378,1541568793,timeout,101,25.25,0.20541671972469566,0,0.0,0,1.6829864028541701,16.297107322676347,16.421306878328323,17.6780415694056,75,2.9702970297029703,27,1.0693069306930694,24,0.9504950495049505,77.82824210109155,4.402537565913667,22,0.8712871287128713,0.30851063829787234,0.30851063829787234,0.26732673267326734,0.41635710921891705
bayes_mean-fix-seed43,baseline_square,1,379,1541568794,success,41,10.25,0.18994352373886603,0,0.0,2,0.8094764403445247,14.284479000219484,15.87841659784317,8.596685743691665,20,1.951219512195122,9,0.8780487804878049,2,0.1951219512195122,9.412437403199025,1.0948914132525975,4,0.3902439024390244,0.0,0.0,0.024390243902439025,0.8986079495626136
bayes_mean-fix-seed43,baseline_square,1,380,1541568795,timeout,101,25.25,0.16850169449131824,0,0.0,4,0.6193206608955546,14.81439029373745,16.201484948396683,14.540845685721987,86,3.405940594059406,44,1.7425742574257426,30,1.188118811881188,105.84924213749909,7.279441954427386,20,0.7920792079207921,0.5851063829787234,0.5319148936170213,0.4158415841584158,0.2963175624458346
bayes_mean-fix-seed43,baseline_square,1,381,1541568796,success,66,16.5,0.16832252650842972,0,0.0,3,0.9241930311917264,14.504247655471167,16.21491089463234,10.590573638354453,46,2.787878787878788,17,1.0303030303030303,9,0.5454545454545454,36.851966243491404,3.4796950101012096,12,0.7272727272727273,0.13559322033898305,0.1016949152542373,0.15151515151515152,0.7336601557872621
bayes_mean-fix-seed43,baseline_square,1,382,1541568797,success,52,13.0,0.05815315584707459,0,0.0,7,0.8679724037380918,14.655231999663206,16.738448664546013,11.46993749698062,27,2.076923076923077,12,0.9230769230769231,3,0.23076923076923078,20.537574360961024,1.790556780834019,6,0.46153846153846156,0.2,0.2,0.09615384615384616,0.6748378345276118
bayes_mean-fix-seed43,baseline_square,1,383,1541568798,timeout,101,25.25,0.2648095279328302,0,0.0,0,0.7051795993300957,14.711688060571651,16.028378158807755,14.250867984681522,86,3.405940594059406,23,0.9108910891089109,15,0.594059405940594,77.85954120425066,5.463494664882384,22,0.8712871287128713,0.5851063829787234,0.43617021276595747,0.38613861386138615,0.2927469271591715
bayes_mean-fix-seed43,baseline_square,1,384,1541568799,success,55,13.75,0.19958088675764396,0,0.0,1,0.6608059599663637,14.531447806141593,16.443073377013206,11.928818472195543,36,2.618181818181818,15,1.0909090909090908,4,0.2909090909090909,24.313881903878247,2.0382472883253784,9,0.6545454545454545,0.0,0.0,0.16363636363636364,0.6465817106359355
bayes_mean-fix-seed43,baseline_square,1,385,1541568800,success,70,17.5,0.27183776879075194,0,0.0,0,0.8136086821280188,14.437607622572354,15.924694947898388,10.919185410013878,53,3.0285714285714285,23,1.3142857142857143,1,0.05714285714285714,24.28394100185423,2.223970020655906,5,0.2857142857142857,0.14285714285714285,0.0,0.1,0.711464145916176
bayes_mean-fix-seed43,baseline_square,1,386,1541568801,success,55,13.75,0.20991893028096675,0,0.0,0,0.7357669882673049,14.704299853606658,16.095059365034103,12.053474426089881,27,1.9636363636363636,14,1.018181818181818,0,0.0,10.266093638380212,0.851712400547276,1,0.07272727272727272,0.0,0.0,0.03636363636363636,0.6423076426706489
bayes_mean-fix-seed43,baseline_square,1,387,1541568802,timeout,101,25.25,0.5767708786493687,0,0.0,0,0.9978291048415575,14.832118692079392,15.89520275592804,14.040860767732942,97,3.8415841584158414,59,2.3366336633663365,77,3.0495049504950495,240.76203508779665,17.147241830151017,72,2.8514851485148514,0.6382978723404256,0.6382978723404256,0.4158415841584158,0.16983571116217402
bayes_mean-fix-seed43,baseline_square,1,388,1541568803,success,51,12.75,0.19470970983315716,0,0.0,1,0.7440888074197974,14.367687059383766,15.825038775801659,10.269955728113654,36,2.823529411764706,22,1.7254901960784315,8,0.6274509803921569,30.176758769728693,2.9383533452944537,7,0.5490196078431373,0.09090909090909091,0.09090909090909091,0.0784313725490196,0.757887798898668
bayes_mean-fix-seed43,baseline_square,1,389,1541568804,success,61,15.25,0.19063819167282137,0,0.0,2,0.5038621429801078,14.404784460536769,16.35081321001053,10.730324591361542,48,3.1475409836065573,18,1.180327868852459,7,0.45901639344262296,28.381258448283482,2.6449580538441344,8,0.5245901639344263,0.0,0.0,0.03278688524590164,0.7252882681547766
bayes_mean-fix-seed43,baseline_square,1,390,1541568805,success,45,11.25,0.1953787290179254,0,0.0,1,1.1084176319447088,13.917496469285753,15.510690957307814,10.193865591542917,25,2.2222222222222223,12,1.0666666666666667,1,0.08888888888888889,11.553819013564295,1.1334090007180033,4,0.35555555555555557,0.07894736842105263,0.07894736842105263,0.08888888888888889,0.7588079909550405
bayes_mean-fix-seed43,baseline_square,1,391,1541568806,success,44,11.0,0.20747933663462403,0,0.0,0,1.2856237373200836,14.182573269036682,16.306322067975998,10.378847311891455,22,2.0,11,1.0,0,0.0,6.940604858588178,0.6687259817991592,3,0.2727272727272727,0.05405405405405406,0.0,0.11363636363636363,0.7569540845330482
bayes_mean-fix-seed43,baseline_square,1,392,1541568807,success,66,16.5,0.2342284882222606,0,0.0,0,0.9920784612120392,14.436073770577257,15.605675987899303,13.20742408126433,38,2.303030303030303,21,1.2727272727272727,5,0.30303030303030304,29.389599564001273,2.2252332766154233,3,0.18181818181818182,0.288135593220339,0.1694915254237288,0.16666666666666666,0.5868081284498148
bayes_mean-fix-seed43,baseline_square,1,393,1541568808,success,40,10.0,0.2503631065102737,0,0.0,0,1.1198087586572378,14.389711059629917,16.307204961776733,7.978447102289166,19,1.9,11,1.1,0,0.0,4.910450196285561,0.615464404705605,2,0.2,0.0,0.0,0.0,0.9732514010229312
bayes_mean-fix-seed43,baseline_square,1,394,1541568809,success,55,13.75,0.2050310665798546,0,0.0,0,0.592791013005459,14.218493618748404,15.726262331008911,11.079112837484914,37,2.690909090909091,16,1.1636363636363636,1,0.07272727272727272,23.406270257292352,2.1126484223628363,11,0.8,0.125,0.125,0.12727272727272726,0.697886651409627
bayes_mean-fix-seed43,baseline_square,1,395,1541568810,timeout,101,25.25,0.10185250701427706,0,0.0,7,0.45176524292577164,14.893146545285045,16.291677951812744,17.137470579228697,91,3.603960396039604,34,1.3465346534653466,24,0.9504950495049505,90.42390328866017,5.276385617738569,23,0.9108910891089109,0.8085106382978723,0.6702127659574468,0.4158415841584158,0.04392820746506002
bayes_mean-fix-seed43,baseline_square,1,396,1541568811,timeout,101,25.25,0.038532477575433766,0,0.0,6,0.9803475555092742,14.776661438812123,15.958156436681747,16.017563196945524,77,3.0495049504950495,40,1.5841584158415842,35,1.386138613861386,114.83385069796336,7.169245988669591,36,1.4257425742574257,0.425531914893617,0.3829787234042553,0.2871287128712871,0.45797925399811457
bayes_mean-fix-seed43,baseline_square,1,397,1541568812,success,39,9.75,0.6230003779986021,0,0.0,0,1.2878991380083775,13.983741975747622,15.488627180457115,9.401693391539672,11,1.1282051282051282,4,0.41025641025641024,0,0.0,4.538368268393259,0.48271817420436336,1,0.10256410256410256,0.0,0.0,0.0,0.8203798080994202
bayes_mean-fix-seed43,baseline_square,1,398,1541568813,timeout,101,25.25,0.16501222483139277,0,0.0,11,0.46293734492793476,15.033485275684017,16.251347959041595,11.411342069065656,79,3.128712871287129,34,1.3465346534653466,38,1.504950495049505,111.9082015798998,9.806751993112645,20,0.7920792079207921,0.6063829787234043,0.5425531914893617,0.33663366336633666,0.5813021048822417
bayes_mean-fix-seed43,baseline_square,1,399,1541568814,success,71,17.75,0.20782216494743244,0,0.0,0,1.2962535069477186,14.652478810347302,16.289619728922844,12.179309128541231,42,2.3661971830985915,14,0.7887323943661971,4,0.22535211267605634,23.73430687857799,1.9487400006096036,6,0.3380281690140845,0.1875,0.140625,0.15492957746478872,0.6383635437618334
bayes_mean-fix-seed43,baseline_square,1,400,1541568815,success,49,12.25,0.17552436660466741,0,0.0,4,0.7738537821169471,14.37494941816038,16.391991823911663,10.52426093074555,26,2.122448979591837,12,0.9795918367346939,2,0.16326530612244897,14.928298946812793,1.4184653007985861,1,0.08163265306122448,0.0,0.0,0.10204081632653061,0.7334383606258997
bayes_mean-fix-seed43,baseline_square,1,401,1541568816,success,100,25.0,0.21156739091807786,0,0.0,0,1.010136418601776,14.95334230363369,16.22927561402321,15.37547098533462,88,3.52,58,2.32,46,1.84,140.35418613748658,9.12844792015534,43,1.72,0.12903225806451613,0.12903225806451613,0.25,0.5035602585083052
bayes_mean-fix-seed43,baseline_square,1,402,1541568817,success,81,20.25,0.20376228964188892,0,0.0,0,0.8511082427347256,14.741091954487342,16.16658642888069,15.36042523147566,62,3.0617283950617282,33,1.6296296296296295,22,1.0864197530864197,68.146184840704,4.436477754604276,27,1.3333333333333333,0.12162162162162163,0.12162162162162163,0.2222222222222222,0.5074381606004419
bayes_mean-fix-seed43,baseline_square,1,403,1541568818,success,45,11.25,0.19608337442401846,0,0.0,2,0.6363786984636843,14.336706946293512,16.25647246837616,9.588214048874464,24,2.1333333333333333,5,0.4444444444444444,0,0.0,9.870753763108382,1.0294673974520923,2,0.17777777777777778,0.0,0.0,0.044444444444444446,0.8087491332866347
bayes_mean-fix-seed43,baseline_square,1,404,1541568819,success,86,21.5,0.13103540607129316,0,0.0,7,0.8648178175814877,14.722613920999128,15.931895934045315,17.19462166402827,55,2.558139534883721,25,1.1627906976744187,11,0.5116279069767442,43.21615710124347,2.5133531836674914,11,0.5116279069767442,0.3037974683544304,0.26582278481012656,0.2441860465116279,0.4525356189723099
bayes_mean-fix-seed43,baseline_square,1,405,1541568820,success,53,13.25,0.20402346760921597,0,0.0,0,1.0032786810383911,14.354854189562348,16.21808037161827,11.209215017910354,34,2.5660377358490565,12,0.9056603773584906,6,0.4528301886792453,25.615259628677393,2.285196562627152,9,0.6792452830188679,0.043478260869565216,0.043478260869565216,0.1320754716981132,0.6927908073086182
bayes_mean-fix-seed43,baseline_square,1,406,1541568821,success,59,14.75,0.21644414271123114,0,0.0,0,0.5825844066423295,14.543236185938625,16.39143079519272,11.302323724435864,40,2.711864406779661,15,1.0169491525423728,7,0.4745762711864407,25.30646761523802,2.2390499716907684,11,0.7457627118644068,0.1346153846153846,0.1346153846153846,0.05084745762711865,0.6884342150637098
bayes_mean-fix-seed43,baseline_square,1,407,1541568822,timeout,101,25.25,0.20547322987698668,0,0.0,0,0.6329010330646909,14.897955304915362,16.38052612543106,14.808161575810292,95,3.762376237623762,51,2.01980198019802,58,2.297029702970297,164.7735449809806,11.127211446027479,50,1.9801980198019802,0.4148936170212766,0.35106382978723405,0.4158415841584158,0.175731334781719
bayes_mean-fix-seed43,baseline_square,1,408,1541568823,success,51,12.75,0.22799543439195025,0,0.0,0,0.9622317844388748,14.495139320691427,16.41460508108139,11.225438531104723,27,2.1176470588235294,17,1.3333333333333333,5,0.39215686274509803,20.726743869628883,1.846408388607435,3,0.23529411764705882,0.09090909090909091,0.09090909090909091,0.0784313725490196,0.6949541670464646
bayes_mean-fix-seed43,baseline_square,1,409,1541568824,success,84,21.0,0.25113353224185886,0,0.0,0,0.8126693602618483,14.770967619759697,16.010921448469162,14.937945424949907,71,3.380952380952381,42,2.0,27,1.2857142857142858,77.4457636805585,5.184499037679287,25,1.1904761904761905,0.11688311688311688,0.1038961038961039,0.20238095238095238,0.5188054776201181
bayes_mean-fix-seed43,baseline_square,1,410,1541568825,success,59,14.75,0.19275756880544903,0,0.0,3,1.0470833300204945,14.441734969110811,15.871870517730713,11.430389145793104,38,2.5762711864406778,21,1.423728813559322,8,0.5423728813559322,30.059656538724052,2.629801676506119,7,0.4745762711864407,0.1346153846153846,0.038461538461538464,0.11864406779661017,0.679143196296662
bayes_mean-fix-seed43,baseline_square,1,411,1541568826,success,65,16.25,0.16957958987710442,0,0.0,1,0.779832458936454,14.433714976677528,16.547318547964096,13.21876544656662,43,2.646153846153846,15,0.9230769230769231,4,0.24615384615384617,22.13212459757916,1.6742958854245844,5,0.3076923076923077,0.15517241379310345,0.08620689655172414,0.13846153846153847,0.5936013484395825
bayes_mean-fix-seed43,baseline_square,1,412,1541568827,timeout,101,25.25,0.19130085642044659,0,0.0,1,1.1042113553973358,14.732449472245603,16.2472166121006,16.46527221686575,80,3.1683168316831685,57,2.257425742574257,50,1.9801980198019802,162.40097413865726,9.863242587165141,43,1.702970297029703,0.3829787234042553,0.3829787234042553,0.26732673267326734,0.4465377881826183
bayes_mean-fix-seed43,baseline_square,1,413,1541568828,success,75,18.75,0.14025458066584173,0,0.0,8,1.0737629847179904,14.556981275478998,16.29606783390045,15.599410077068566,38,2.026666666666667,16,0.8533333333333334,6,0.32,26.82238074737713,1.7194484031679218,8,0.4266666666666667,0.3088235294117647,0.22058823529411764,0.21333333333333335,0.49728262934659556
bayes_mean-fix-seed43,baseline_square,1,414,1541568829,success,80,20.0,0.15365042177818344,0,0.0,2,0.9003166436447391,14.714370109140873,16.351611353456974,15.092382857017405,59,2.95,29,1.45,18,0.9,54.69329288043008,3.623900440280688,9,0.45,0.2191780821917808,0.2191780821917808,0.2,0.5127589415594679
bayes_mean-fix-seed43,baseline_square,1,415,1541568830,success,49,12.25,0.19446332096682528,0,0.0,1,1.0652019975546283,13.949545746555133,16.17029309272766,11.048717859170113,20,1.6326530612244898,10,0.8163265306122449,0,0.0,9.724816064245882,0.8801759795300202,5,0.40816326530612246,0.14285714285714285,0.11904761904761904,0.10204081632653061,0.7023238525465959
bayes_mean-fix-seed43,baseline_square,1,416,1541568831,success,53,13.25,0.19192407173238213,0,0.0,1,0.991246672536569,14.216189676860594,16.04677140712738,10.416641326020432,31,2.339622641509434,10,0.7547169811320755,0,0.0,12.11071484646848,1.1626314535968814,7,0.5283018867924528,0.21739130434782608,0.0,0.1509433962264151,0.7470381198738371
bayes_mean-fix-seed43,baseline_square,1,417,1541568832,success,61,15.25,0.24314656359644737,0,0.0,0,1.1024973007387144,14.333802168486548,15.753790736198425,11.345508306524344,43,2.819672131147541,18,1.180327868852459,3,0.19672131147540983,27.664520348705754,2.438367643060735,8,0.5245901639344263,0.05555555555555555,0.018518518518518517,0.11475409836065574,0.687591472190335
bayes_mean-fix-seed43,baseline_square,1,418,1541568833,success,49,12.25,0.27072594945522876,0,0.0,0,0.786422870186638,14.248886582802752,15.90864062309265,10.861797334873216,27,2.204081632653061,12,0.9795918367346939,0,0.0,12.921328559235292,1.1896123782156827,1,0.08163265306122448,0.0,0.0,0.061224489795918366,0.716961447250168
bayes_mean-fix-seed43,baseline_square,1,419,1541568834,timeout,101,25.25,0.21397781928429838,0,0.0,0,0.670545743612871,14.929838146608654,16.22859016060829,13.234478324769732,93,3.6831683168316833,62,2.4554455445544554,55,2.1782178217821784,154.57709600818487,11.679878285710545,16,0.6336633663366337,0.24468085106382978,0.20212765957446807,0.38613861386138615,0.38399655939655486
bayes_mean-fix-seed43,baseline_square,1,420,1541568835,success,57,14.25,0.14840564772113296,0,0.0,6,1.1211642056162954,14.527504512092523,16.15789011120796,13.225162497316246,30,2.1052631578947367,17,1.1929824561403508,1,0.07017543859649122,15.399606953274972,1.164417220310146,2,0.14035087719298245,0.2,0.1,0.07017543859649122,0.5898530065921552
bayes_mean-fix-seed43,baseline_square,1,421,1541568836,success,57,14.25,0.2027282365363492,0,0.0,0,0.7638947150962874,14.285200520565635,15.688464790582657,11.10803621861732,35,2.456140350877193,12,0.8421052631578947,2,0.14035087719298245,16.382238180217637,1.4748095755000001,5,0.3508771929824561,0.02,0.02,0.08771929824561403,0.696059568287085
bayes_mean-fix-seed43,baseline_square,1,422,1541568837,success,58,14.5,0.22789195486139602,0,0.0,0,1.0270514216152749,14.499755768940366,16.048572212457657,10.964542038572528,46,3.1724137931034484,26,1.793103448275862,7,0.4827586206896552,33.84619096555924,3.0868768477963413,10,0.6896551724137931,0.09803921568627451,0.09803921568627451,0.1206896551724138,0.7066947083732674
bayes_mean-fix-seed43,baseline_square,1,423,1541568838,success,49,12.25,0.18720165112474507,0,0.0,1,0.6977187916931564,14.5449341864002,16.2492498755455,9.849469406525898,35,2.857142857142857,14,1.1428571428571428,1,0.08163265306122448,13.745273067764469,1.3955343684460153,2,0.16326530612244897,0.0,0.0,0.02040816326530612,0.7892832716563838
bayes_mean-fix-seed43,baseline_square,1,424,1541568839,success,59,14.75,0.19168450547230598,0,0.0,2,0.5727739397666519,14.53000218686411,16.46450310945511,10.243477832549809,46,3.1186440677966103,14,0.9491525423728814,2,0.13559322033898305,23.60038249697589,2.3039423604728273,9,0.6101694915254238,0.0,0.0,0.05084745762711865,0.7640811861665149
bayes_mean-fix-seed43,baseline_square,1,425,1541568840,success,46,11.5,0.09877437826172786,0,0.0,5,0.7910482055810205,14.19640883155491,15.842144377529621,10.453741715440136,23,2.0,13,1.1304347826086956,3,0.2608695652173913,15.33196882240567,1.4666489033070724,4,0.34782608695652173,0.02564102564102564,0.02564102564102564,0.08695652173913043,0.747991458929284
bayes_mean-fix-seed43,baseline_square,1,426,1541568841,success,46,11.5,0.27769970904826546,0,0.0,0,1.225599165493771,14.091682741823403,15.827090479433537,10.26794837252345,19,1.6521739130434783,6,0.5217391304347826,1,0.08695652173913043,6.841502978259812,0.6662969787194639,1,0.08695652173913043,0.10256410256410256,0.05128205128205128,0.13043478260869565,0.7577578864401648
bayes_mean-fix-seed43,baseline_square,1,427,1541568842,success,45,11.25,0.18279656833418745,0,0.0,1,0.9908923342227693,14.44140010409885,15.938399732112885,10.076180116490972,30,2.6666666666666665,15,1.3333333333333333,2,0.17777777777777778,14.27404033405282,1.4166122646707662,3,0.26666666666666666,0.0,0.0,0.06666666666666667,0.7758273438413293
bayes_mean-fix-seed43,baseline_square,1,428,1541568843,success,57,14.25,0.20364348186243608,0,0.0,0,0.7156540303303676,14.438064605520482,15.7426618039608,11.994669844058706,34,2.3859649122807016,15,1.0526315789473684,5,0.3508771929824561,20.76996850758494,1.731599850401292,8,0.5614035087719298,0.22,0.16,0.08771929824561403,0.6458186156975373
bayes_mean-fix-seed43,baseline_square,1,429,1541568844,success,52,13.0,0.1808812013990725,0,0.0,4,0.4304468292880941,14.318028464913368,16.360442340373993,10.830817193646507,32,2.4615384615384617,12,0.9230769230769231,2,0.15384615384615385,17.100364500126823,1.5788618895865134,6,0.46153846153846156,0.06666666666666667,0.06666666666666667,0.09615384615384616,0.721272262383225
bayes_mean-fix-seed43,baseline_square,1,430,1541568845,success,48,12.0,0.17867692614680486,0,0.0,2,0.6211661518876611,13.98869107166926,15.70113804191351,10.334203904818414,32,2.6666666666666665,15,1.25,3,0.25,18.94552796187453,1.8332837378059677,1,0.08333333333333333,0.0,0.0,0.08333333333333333,0.7492442336219345
bayes_mean-fix-seed43,baseline_square,1,431,1541568846,timeout,101,25.25,0.20410711836890283,0,0.0,0,0.641116098329827,14.684640203077015,16.19197428226471,17.875560418250203,81,3.207920792079208,41,1.6237623762376239,37,1.4653465346534653,109.05245031017519,6.100645113136547,15,0.594059405940594,0.35106382978723405,0.35106382978723405,0.21782178217821782,0.38488922462908554
bayes_mean-fix-seed43,baseline_square,1,432,1541568847,success,39,9.75,0.20718459230419917,0,0.0,0,0.49306853820842805,14.082509546707838,16.284842416644096,8.93205472339187,19,1.9487179487179487,12,1.2307692307692308,0,0.0,7.814079427263281,0.8748355970994267,5,0.5128205128205128,0.0,0.0,0.0,0.8625011151029215
bayes_mean-fix-seed43,baseline_square,1,433,1541568848,success,49,12.25,0.07879043434748745,0,0.0,3,1.3898556818039065,14.227929011899597,15.980251133441925,11.273406347353873,23,1.8775510204081634,9,0.7346938775510204,1,0.08163265306122448,12.54581472053029,1.112868137098161,2,0.16326530612244897,0.14285714285714285,0.07142857142857142,0.10204081632653061,0.688514337935262
bayes_mean-fix-seed43,baseline_square,1,434,1541568849,success,46,11.5,0.17080364153046068,0,0.0,3,1.1314638618493191,14.620009728747865,16.21380355209112,9.187286366946983,28,2.4347826086956523,13,1.1304347826086956,3,0.2608695652173913,14.286268532753958,1.555004161419365,6,0.5217391304347826,0.0,0.0,0.021739130434782608,0.8473807057345295
bayes_mean-fix-seed43,baseline_square,1,435,1541568850,success,67,16.75,0.18947125091931205,0,0.0,1,1.1059213550094118,14.723124733166909,16.272680833935738,13.20929177612889,42,2.5074626865671643,19,1.1343283582089552,14,0.835820895522388,44.23046422105401,3.3484357050076587,9,0.5373134328358209,0.23333333333333334,0.23333333333333334,0.1791044776119403,0.5886123839215075
bayes_mean-fix-seed43,baseline_square,1,436,1541568851,success,51,12.75,0.1366085835285321,0,0.0,7,0.6911903006968549,14.436649998613433,16.053160652518272,10.44348114433226,34,2.6666666666666665,13,1.0196078431372548,5,0.39215686274509803,24.840486934954292,2.3785638707678785,9,0.7058823529411765,0.13636363636363635,0.13636363636363635,0.11764705882352941,0.741495117439393
bayes_mean-fix-seed43,baseline_square,1,437,1541568852,success,46,11.5,0.16276351480609397,0,0.0,5,0.7135546381264501,14.618600354246471,16.836059279739857,9.99883279157535,27,2.347826086956522,13,1.1304347826086956,1,0.08695652173913043,14.209174692679738,1.4210833393125515,3,0.2608695652173913,0.1282051282051282,0.05128205128205128,0.10869565217391304,0.781287048233388
bayes_mean-fix-seed43,baseline_square,1,438,1541568853,success,78,19.5,0.19316179702116043,0,0.0,2,0.7477915538253206,14.879637278425388,16.13543927669525,15.092020868219352,59,3.0256410256410255,27,1.3846153846153846,18,0.9230769230769231,54.69864310778165,3.624341868156675,11,0.5641025641025641,0.14084507042253522,0.14084507042253522,0.24358974358974358,0.5168554852465614
bayes_mean-fix-seed43,baseline_square,1,439,1541568854,success,54,13.5,0.20371974660770997,0,0.0,0,1.0027044114941612,14.029763845933807,15.418840013444424,9.69440016821409,35,2.5925925925925926,21,1.5555555555555556,12,0.8888888888888888,41.18089681622784,4.247905605470196,16,1.1851851851851851,0.14893617021276595,0.14893617021276595,0.12962962962962962,0.7996688832958156
bayes_mean-fix-seed43,baseline_square,1,440,1541568855,collision,3,0.75,-0.040537101987440316,1,0.25,2,0.08417309763189378,11.704272280136744,12.736725807189941,0.5139722107444689,2,2.6666666666666665,0,0.0,1,1.3333333333333333,3.0450496009044956,5.924541321978983,1,1.3333333333333333,0.0,0.0,0.6666666666666666,0.0
bayes_mean-fix-seed43,baseline_square,1,441,1541568856,success,51,12.75,0.18434408603011132,0,0.0,1,0.6251222542788868,14.34049492373186,15.902422368526459,11.32288807359121,30,2.3529411764705883,11,0.8627450980392157,1,0.0784313725490196,14.487954893509514,1.2795282263100618,4,0.3137254901960784,0.045454545454545456,0.045454545454545456,0.09803921568627451,0.6882269115278771
bayes_mean-fix-seed43,baseline_square,1,442,1541568857,success,57,14.25,0.18494992185134018,0,0.0,1,0.7083375678176838,14.19343368003243,15.413747727870941,10.756426815261936,48,3.3684210526315788,24,1.6842105263157894,7,0.49122807017543857,31.080175349452382,2.8894516630145017,12,0.8421052631578947,0.0,0.0,0.05263157894736842,0.7210005595365522
bayes_mean-fix-seed43,baseline_square,1,443,1541568858,success,50,12.5,0.2318108562565223,0,0.0,0,0.907695645661442,14.348443150520325,16.120479255914688,9.897214591984785,30,2.4,15,1.2,8,0.64,29.686923293484277,2.9995230493967564,7,0.56,0.13953488372093023,0.13953488372093023,0.12,0.7872732875723043
bayes_mean-fix-seed43,baseline_square,1,444,1541568859,success,48,12.0,0.26825723408355384,0,0.0,0,0.7857524710147613,14.557227569942674,16.259785182774067,9.119509675809045,32,2.6666666666666665,15,1.25,2,0.16666666666666666,14.713255386883695,1.613382288075526,8,0.6666666666666666,0.0,0.0,0.020833333333333332,0.8476788979714072
bayes_mean-fix-seed43,baseline_square,1,445,1541568860,success,54,13.5,0.2027510375099355,0,0.0,0,1.1506263007257185,14.198958666788208,15.785365551710129,10.598079941356984,26,1.9259259259259258,13,0.9629629629629629,0,0.0,8.56931759414972,0.8085726510431002,3,0.2222222222222222,0.0851063829787234,0.0,0.05555555555555555,0.7302365414415045
bayes_mean-fix-seed43,baseline_square,1,446,1541568861,collision,7,1.75,-0.050286978709401686,1,0.25,6,0.1313109671721817,12.253823024885994,12.931472063064575,1.5461582123663824,5,2.857142857142857,1,0.5714285714285714,0,0.0,2.44874024042389,1.5837578721495216,0,0.0,0.0,0.0,0.0,0.4293621074280225
bayes_mean-fix-seed43,baseline_square,1,447,1541568862,timeout,101,25.25,0.21300928543330677,0,0.0,0,0.9504219751867545,14.57211589164073,16.06323942542076,13.986237797238463,90,3.5643564356435644,56,2.217821782178218,51,2.01980198019802,162.69387177048208,11.632425683667801,51,2.01980198019802,0.8297872340425532,0.6808510638297872,0.504950495049505,0.0
bayes_mean-fix-seed43,baseline_square,1,448,1541568863,success,48,12.0,0.11922649114045747,0,0.0,6,0.966797894602336,14.328887065251669,16.36383831501007,11.273603444722035,22,1.8333333333333333,12,1.0,0,0.0,9.575124372527101,0.8493401794268264,1,0.08333333333333333,0.0,0.0,0.020833333333333332,0.6852392704223705
bayes_mean-fix-seed43,baseline_square,1,449,1541568864,success,40,10.0,0.37014922518808524,0,0.0,0,1.0053158655382197,13.984661176800728,15.675385668873785,9.580629304521883,17,1.7,9,0.9,1,0.1,7.383689754451846,0.7706894317439961,2,0.2,0.0,0.0,0.05,0.8131983571512044
bayes_mean-fix-seed43,baseline_square,1,450,1541568865,success,97,24.25,0.22551570251963282,0,0.0,0,0.725566043291894,14.627147773184728,16.284447163343426,16.150130685796327,81,3.3402061855670104,38,1.5670103092783505,30,1.2371134020618557,97.80607276762566,6.056054571350551,21,0.865979381443299,0.23333333333333334,0.16666666666666666,0.23711340206185566,0.4844441949633402
bayes_mean-fix-seed43,baseline_square,1,451,1541568866,success,48,12.0,0.3023330493656512,0,0.0,0,0.9106959043840201,14.559893092761437,16.552812047302723,9.793229401043206,23,1.9166666666666667,8,0.6666666666666666,2,0.16666666666666666,15.472489305853488,1.5799169683705467,7,0.5833333333333334,0.0,0.0,0.0625,0.7887070834922892
bayes_mean-fix-seed43,baseline_square,1,452,1541568867,timeout,101,25.25,0.20822789620837157,0,0.0,0,0.5268423158026543,14.914895601496838,16.552522778511047,16.97614797308229,93,3.6831683168316833,47,1.8613861386138615,39,1.5445544554455446,136.01311533983363,8.012012828557966,43,1.702970297029703,0.30851063829787234,0.30851063829787234,0.25742574257425743,0.3532625117527953
bayes_mean-fix-seed43,baseline_square,1,453,1541568868,success,49,12.25,0.1978540026261888,0,0.0,1,1.1124279971308102,14.106431329736905,16.12907499074936,9.517337244616636,30,2.4489795918367347,17,1.3877551020408163,1,0.08163265306122448,17.51070611864497,1.839874501510355,5,0.40816326530612246,0.09523809523809523,0.09523809523809523,0.04081632653061224,0.8121225400993385
bayes_mean-fix-seed43,baseline_square,1,454,1541568869,success,76,19.0,0.18105442860175225,0,0.0,1,0.6908749399367897,14.736983385917387,16.135633923113346,13.254786983224177,55,2.8947368421052633,35,1.8421052631578947,20,1.0526315789473684,66.19247975389108,4.9938546607853525,14,0.7368421052631579,0.2898550724637681,0.2028985507246377,0.2894736842105263,0.5824554569086658
bayes_mean-fix-seed43,baseline_square,1,455,1541568870,timeout,101,25.25,0.1860348115341497,0,0.0,4,0.6661769164173484,15.070686762285705,16.243457794189453,13.958769345280153,92,3.6435643564356437,43,1.702970297029703,42,1.6633663366336633,127.25622467718155,9.116579085835415,35,1.386138613861386,0.5957446808510638,0.5425531914893617,0.36633663366336633,0.25047202769751103
bayes_mean-fix-seed43,baseline_square,1,456,1541568871,success,49,12.25,0.3224499511683542,0,0.0,0,1.1684988040351407,14.355569089553795,16.20204448699951,10.657414332083054,28,2.2857142857142856,14,1.1428571428571428,0,0.0,10.372406676785,0.9732573355583946,1,0.08163265306122448,0.0,0.0,0.04081632653061224,0.7230537352919755
bayes_mean-fix-seed43,baseline_square,1,457,1541568872,success,64,16.0,0.19165333554378627,0,0.0,1,1.1673576838804274,14.388562005478889,15.85549023002386,11.769647736769592,41,2.5625,20,1.25,9,0.5625,30.592868618667023,2.599301975970933,7,0.4375,0.14035087719298245,0.14035087719298245,0.09375,0.6673316062396887
bayes_mean-fix-seed43,baseline_square,1,458,1541568873,success,44,11.0,0.23079001988608772,0,0.0,0,0.9480504576533892,13.789274475791238,15.344665758311749,9.248482087540655,23,2.090909090909091,11,1.0,0,0.0,7.246960012798588,0.7835837215451309,3,0.2727272727272727,0.0,0.0,0.06818181818181818,0.838726520445698
bayes_mean-fix-seed43,baseline_square,1,459,1541568874,success,68,17.0,0.18565749587281144,0,0.0,3,0.835917151814727,14.5440983640797,16.06971677392721,13.319117131613737,46,2.7058823529411766,17,1.0,6,0.35294117647058826,32.95214642598111,2.4740488502625433,13,0.7647058823529411,0.22950819672131148,0.14754098360655737,0.19117647058823528,0.5894181270799653
bayes_mean-fix-seed43,baseline_square,1,460,1541568875,success,51,12.75,0.16580090314375595,0,0.0,2,1.4768752879411746,14.206939468196794,15.954770147800446,11.326503394067743,24,1.8823529411764706,9,0.7058823529411765,3,0.23529411764705882,14.06256396053416,1.2415626845527128,1,0.0784313725490196,0.1590909090909091,0.045454545454545456,0.17647058823529413,0.6840528316059447
bayes_mean-fix-seed43,baseline_square,1,461,1541568876,success,42,10.5,0.3042455507167102,0,0.0,0,1.3968992818575598,14.412276890306245,16.319111734628677,9.540327794015212,25,2.380952380952381,15,1.4285714285714286,1,0.09523809523809523,15.479750048921096,1.6225595580302565,1,0.09523809523809523,0.0,0.0,0.09523809523809523,0.8114193775345085
bayes_mean-fix-seed43,baseline_square,1,462,1541568877,success,65,16.25,0.23976711630622138,0,0.0,0,0.7448850601432858,14.57615030499605,16.188539564609528,11.983856936303786,53,3.2615384615384615,30,1.8461538461538463,15,0.9230769230769231,52.35283070741773,4.368612791831697,13,0.8,0.05172413793103448,0.05172413793103448,0.18461538461538463,0.6447299178919598
bayes_mean-fix-seed43,baseline_square,1,463,1541568878,success,40,10.0,0.4670713544196009,0,0.0,0,1.1098620011958573,13.943560980260372,15.753654018044472,9.777937267831309,17,1.7,6,0.6,0,0.0,7.490100243570785,0.7660204845261854,3,0.3,0.0,0.0,0.0,0.7899633281659947
bayes_mean-fix-seed43,baseline_square,1,464,1541568879,success,53,13.25,0.15240164894122488,0,0.0,3,1.2049051702038358,14.5198569966937,16.113029420375824,11.352520269926877,30,2.2641509433962264,12,0.9056603773584906,5,0.37735849056603776,20.15218653800725,1.775128875249923,6,0.4528301886792453,0.10869565217391304,0.06521739130434782,0.1320754716981132,0.6837497883454021
bayes_mean-fix-seed43,baseline_square,1,465,1541568880,success,57,14.25,0.16986103646458495,0,0.0,2,0.8990712983835604,14.370283536743699,15.95422178506851,11.553463863604183,34,2.3859649122807016,15,1.0526315789473684,7,0.49122807017543857,26.270744144849434,2.2738413738937417,12,0.8421052631578947,0.26,0.24,0.17543859649122806,0.6715110733529573
bayes_mean-fix-seed43,baseline_square,1,466,1541568881,success,44,11.0,0.20250983733021766,0,0.0,0,0.8234663130504081,14.152011326090856,16.00046120584011,9.959037835567502,24,2.1818181818181817,14,1.2727272727272727,2,0.18181818181818182,14.560079543882388,1.461996608937745,5,0.45454545454545453,0.0,0.0,0.022727272727272728,0.7838432167099774
bayes_mean-fix-seed43,baseline_square,1,467,1541568882,timeout,101,25.25,0.21663070596577816,0,0.0,0,0.9571934884148106,14.730879207058708,16.368288546800613,15.840233639767996,89,3.5247524752475248,57,2.257425742574257,39,1.5445544554455446,124.31450346896763,7.8480220870522714,28,1.108910891089109,0.5,0.5,0.3465346534653465,0.24865779618641765
bayes_mean-fix-seed43,baseline_square,1,468,1541568883,success,55,13.75,0.14557360642005668,0,0.0,1,0.7805332703821806,14.164697853001682,15.691813454031944,11.558776320825682,28,2.036363636363636,9,0.6545454545454545,2,0.14545454545454545,18.8536122806114,1.6311079786743916,4,0.2909090909090909,0.2916666666666667,0.020833333333333332,0.2,0.6703023773928612
bayes_mean-fix-seed43,baseline_square,1,469,1541568884,success,58,14.5,0.18416534740875556,0,0.0,1,0.9101179382931148,14.514308422803879,16.065524891018867,11.420256660212903,38,2.6206896551724137,19,1.3103448275862069,11,0.7586206896551724,30.632349320145632,2.6822820389725432,5,0.3448275862068966,0.09803921568627451,0.09803921568627451,0.1206896551724138,0.6794647658103987
bayes_mean-fix-seed43,baseline_square,1,470,1541568885,success,44,11.0,0.17342226140699146,0,0.0,2,0.7695163073319325,13.852320272814143,15.12803789228201,9.479058337031878,27,2.4545454545454546,11,1.0,0,0.0,9.49338210133601,1.00151109570116,1,0.09090909090909091,0.0,0.0,0.045454545454545456,0.8186589102513228
bayes_mean-fix-seed43,baseline_square,1,471,1541568886,success,55,13.75,0.19989861643175988,0,0.0,1,0.877898562277021,14.118290828032928,15.674552321434021,11.340931980124301,41,2.981818181818182,16,1.1636363636363636,4,0.2909090909090909,24.988742561224118,2.2034117306248255,7,0.509090909090909,0.1875,0.16666666666666666,0.10909090909090909,0.6810462028055869
bayes_mean-fix-seed43,baseline_square,1,472,1541568887,success,64,16.0,0.18272929125869697,0,0.0,2,0.7054583445960354,14.403472770936787,16.0427575930953,13.046350648868462,37,2.3125,12,0.75,5,0.3125,26.79336239988093,2.053705524326435,5,0.3125,0.07017543859649122,0.07017543859649122,0.140625,0.5938937422955729
bayes_mean-fix-seed43,baseline_square,1,473,1541568888,success,51,12.75,0.16212923825361292,0,0.0,1,1.2001671586259806,14.37163206876493,16.1388348788023,10.583759114422255,28,2.196078431372549,17,1.3333333333333333,4,0.3137254901960784,21.442380969870406,2.0259702378006077,3,0.23529411764705882,0.1590909090909091,0.1590909090909091,0.11764705882352941,0.7334001648854683
bayes_mean-fix-seed43,baseline_square,1,474,1541568889,success,65,16.25,0.17983204443907175,0,0.0,4,0.7033871629548389,14.47409213735507,16.39653667807579,12.344230921463497,43,2.646153846153846,17,1.0461538461538462,6,0.36923076923076925,31.989078215084437,2.5914192968849536,5,0.3076923076923077,0.10344827586206896,0.06896551724137931,0.12307692307692308,0.6256678683635403
bayes_mean-fix-seed43,baseline_square,1,475,1541568890,success,52,13.0,0.09605272618445426,0,0.0,3,1.1384417478295903,14.353379034079039,16.286147572100163,10.615488606282902,33,2.5384615384615383,21,1.6153846153846154,4,0.3076923076923077,22.838292852310698,2.1514123088779527,2,0.15384615384615385,0.15555555555555556,0.15555555555555556,0.11538461538461539,0.7319273771615755
bayes_mean-fix-seed43,baseline_square,1,476,1541568891,success,58,14.5,0.1803026368946392,0,0.0,1,0.8044694947143315,14.156287022191902,15.904482640326023,12.025185635433223,32,2.206896551724138,10,0.6896551724137931,1,0.06896551724137931,16.496286584122487,1.371811386887433,2,0.13793103448275862,0.058823529411764705,0.0196078431372549,0.06896551724137931,0.6421050031501819
bayes_mean-fix-seed43,baseline_square,1,477,1541568892,success,49,12.25,0.19007905368496447,0,0.0,2,0.8513479477491681,13.78453773807506,15.738337486982344,10.316401837171156,24,1.9591836734693877,8,0.6530612244897959,0,0.0,9.880058489857731,0.9577039209793834,1,0.08163265306122448,0.0,0.0,0.02040816326530612,0.7494158103914044
bayes_mean-fix-seed43,baseline_square,1,478,1541568893,success,60,15.0,0.017098856489830006,0,0.0,11,0.6974046520540882,14.090063981711864,15.65006226301193,12.147810383097642,51,3.4,21,1.4,5,0.3333333333333333,33.88569583352172,2.7894488607321355,12,0.8,0.11320754716981132,0.09433962264150944,0.11666666666666667,0.6447388876415312
bayes_mean-fix-seed43,baseline_square,1,479,1541568894,success,39,9.75,0.21769294582569887,0,0.0,0,0.3734390538025863,13.602886635523577,15.236295387148859,9.001471534899459,20,2.051282051282051,11,1.1282051282051282,0,0.0,7.687110155720728,0.8539837209857476,1,0.10256410256410256,0.0,0.0,0.0,0.857424782040223
bayes_mean-fix-seed43,baseline_square,1,480,1541568895,success,69,17.25,0.21001509596812773,0,0.0,0,0.6662638021048423,14.256934270910595,15.493542701005934,13.671415131117357,51,2.9565217391304346,31,1.7971014492753623,14,0.8115942028985508,41.61449330697818,3.043905324201581,4,0.2318840579710145,0.12903225806451613,0.12903225806451613,0.21739130434782608,0.5677766557355661
bayes_mean-fix-seed43,baseline_square,1,481,1541568896,success,58,14.5,0.18522864890767365,0,0.0,2,0.9436899418982749,14.48741780015929,16.233849339187145,12.037021098404976,40,2.7586206896551726,18,1.2413793103448276,5,0.3448275862068966,25.08484894343919,2.0839748255291486,2,0.13793103448275862,0.0392156862745098,0.0392156862745098,0.1206896551724138,0.6420332609779903
bayes_mean-fix-seed43,baseline_square,1,482,1541568897,success,43,10.75,0.23016282873785265,0,0.0,0,1.4143585357873933,13.710916302231855,15.249693393707275,9.53300212043597,24,2.2325581395348837,13,1.2093023255813953,3,0.27906976744186046,14.51971411860583,1.523099851984697,4,0.37209302325581395,0.0,0.0,0.046511627906976744,0.8111367724259139
bayes_mean-fix-seed43,baseline_square,1,483,1541568898,success,53,13.25,0.21086688057639402,0,0.0,0,0.8193403293095745,14.656174717084417,16.486284136772156,11.086612323103331,37,2.792452830188679,19,1.4339622641509433,1,0.07547169811320754,17.61390857381296,1.5887548026828207,3,0.22641509433962265,0.0,0.0,0.018867924528301886,0.7024991605714795
bayes_mean-fix-seed43,baseline_square,1,484,1541568899,success,43,10.75,0.1619134532832961,0,0.0,2,0.9956015885764516,14.01524756883466,15.937697142362595,10.048003040835688,19,1.7674418604651163,7,0.6511627906976745,0,0.0,10.83715660886775,1.0785383488465214,1,0.09302325581395349,0.0,0.0,0.023255813953488372,0.7690376325559319
bayes_mean-fix-seed43,baseline_square,1,485,1541568900,success,56,14.0,0.14393473353982178,0,0.0,5,0.9017895715227126,14.389000766511474,15.93709271401167,12.533688220056675,31,2.2142857142857144,18,1.2857142857142858,3,0.21428571428571427,19.42954107944905,1.5501854472777998,4,0.2857142857142857,0.02040816326530612,0.02040816326530612,0.14285714285714285,0.6186165541559663
bayes_mean-fix-seed43,baseline_square,1,486,1541568901,success,45,11.25,0.2168593838930114,0,0.0,0,1.2019525231172303,13.892774201101727,15.352070331573486,9.534317510199246,30,2.6666666666666665,23,2.0444444444444443,1,0.08888888888888889,13.71919877990673,1.4389282468546645,3,0.26666666666666666,0.0,0.0,0.022222222222222223,0.8125447926672407
bayes_mean-fix-seed43,baseline_square,1,487,1541568902,success,75,18.75,0.27639745210240296,0,0.0,0,0.9993822053306792,14.32809849580129,15.966116264462471,13.508767777117734,60,3.2,36,1.92,22,1.1733333333333333,66.92426598872444,4.954135498730409,12,0.64,0.17647058823529413,0.14705882352941177,0.26666666666666666,0.5717962599595118
bayes_mean-fix-seed43,baseline_square,1,488,1541568903,success,70,17.5,0.1976612170487564,0,0.0,2,0.5926657981568916,14.242416992783546,15.555526874959469,16.490852633934107,40,2.2857142857142856,22,1.2571428571428571,1,0.05714285714285714,16.304193307500846,0.9886810384777096,3,0.17142857142857143,0.14285714285714285,0.06349206349206349,0.11428571428571428,0.47305082559334166
bayes_mean-fix-seed43,baseline_square,1,489,1541568904,timeout,101,25.25,0.17093763920790128,0,0.0,4,0.917259748298855,14.911290995850422,16.042571514844894,15.799306730394456,82,3.2475247524752477,50,1.9801980198019802,35,1.386138613861386,99.33030783367056,6.287004203961715,20,0.7920792079207921,0.20212765957446807,0.19148936170212766,0.3069306930693069,0.464985277970915
bayes_mean-fix-seed43,baseline_square,1,490,1541568905,success,48,12.0,0.20860598016500065,0,0.0,0,0.6589706053745228,13.996987914045652,15.344910509884357,10.521886227044725,28,2.3333333333333335,10,0.8333333333333334,1,0.08333333333333333,14.72640012758311,1.399596974326846,3,0.25,0.0,0.0,0.10416666666666667,0.7452669177659201
bayes_mean-fix-seed43,baseline_square,1,491,1541568906,success,67,16.75,0.19398332885446978,0,0.0,1,0.46303126899866187,14.242979628381445,15.578212216496468,14.107088186358828,45,2.6865671641791047,21,1.2537313432835822,7,0.417910447761194,34.842646155091536,2.46986803334677,7,0.417910447761194,0.03333333333333333,0.03333333333333333,0.11940298507462686,0.5495449958611509
bayes_mean-fix-seed43,baseline_square,1,492,1541568907,success,43,10.75,0.48224410267420315,0,0.0,0,0.7690749216526327,13.9609714753406,15.81471599638462,9.063649918193782,27,2.511627906976744,9,0.8372093023255814,2,0.18604651162790697,12.292406364634662,1.3562313720833021,7,0.6511627906976745,0.0,0.0,0.023255813953488372,0.8594726868966949
bayes_mean-fix-seed43,baseline_square,1,493,1541568908,success,46,11.5,0.1027351413523071,0,0.0,5,0.5513834010175162,14.378491546148839,16.31115283817053,10.234801623727874,27,2.347826086956522,16,1.391304347826087,1,0.08695652173913043,14.446299613982362,1.4114879941093097,5,0.43478260869565216,0.05128205128205128,0.05128205128205128,0.08695652173913043,0.7720317810530583
bayes_mean-fix-seed43,baseline_square,1,494,1541568909,success,54,13.5,0.40506143159506125,0,0.0,0,0.811010676816201,14.115208345982763,15.413239412009716,9.89303894848617,39,2.888888888888889,18,1.3333333333333333,10,0.7407407407407407,31.675279496131978,3.20177446597225,9,0.6666666666666666,0.0851063829787234,0.0851063829787234,0.09259259259259259,0.7868904098700834
bayes_mean-fix-seed43,baseline_square,1,495,1541568910,success,100,25.0,0.1937895918024034,0,0.0,3,0.506551842450971,14.567281045019627,16.033227182924747,15.532150318236601,87,3.48,42,1.68,21,0.84,77.41837573559113,4.984395215689659,21,0.84,0.21505376344086022,0.20430107526881722,0.19,0.506501779863911
bayes_mean-fix-seed43,baseline_square,1,496,1541568911,success,63,15.75,0.15254317395982053,0,0.0,4,0.6404144482157108,14.574951063545923,16.325656324625015,11.172604878515001,45,2.857142857142857,16,1.0158730158730158,15,0.9523809523809523,48.18714893055738,4.312973514638615,11,0.6984126984126984,0.17857142857142858,0.17857142857142858,0.15873015873015872,0.691478717454733
bayes_mean-fix-seed43,baseline_square,1,497,1541568912,success,52,13.0,0.17963353804344073,0,0.0,1,1.0477086706275807,14.877595508900972,17.316865175962437,11.278309303089323,27,2.076923076923077,16,1.2307692307692308,3,0.23076923076923078,20.140973254654327,1.7858149402887336,3,0.23076923076923078,0.15555555555555556,0.15555555555555556,0.1346153846153846,0.6907657508151206
bayes_mean-fix-seed43,baseline_square,1,498,1541568913,success,62,15.5,0.1861052767340582,0,0.0,2,0.8660433140348114,14.338016570095093,15.993453189730644,11.565182125611607,46,2.967741935483871,25,1.6129032258064515,5,0.3225806451612903,38.535614941677345,3.33203701620388,8,0.5161290322580645,0.01818181818181818,0.01818181818181818,0.16129032258064516,0.6684682917376894
bayes_mean-fix-seed43,baseline_square,1,499,1541568914,success,53,13.25,0.16024736780162696,0,0.0,1,0.8480428387587206,14.168441928220245,15.569926053285599,10.62401048721703,36,2.7169811320754715,19,1.4339622641509433,4,0.3018867924528302,22.733505204358746,2.1398233022936153,7,0.5283018867924528,0.13043478260869565,0.10869565217391304,0.11320754716981132,0.7317217842839099
bayes_mean-fix-seed43,dense_circle,2,0,1542568418,success,48,12.0,0.21077259593637365,0,0.0,0,1.2588480120612378,14.435914888357123,16.020626574754715,10.54549485600321,23,1.9166666666666667,9,0.75,0,0.0,9.33473436359576,0.8851869439092086,1,0.08333333333333333,0.0,0.0,0.0,0.7353827824698852
bayes_mean-fix-seed43,dense_circle,2,1,1542568419,success,54,13.5,0.1925297737385252,0,0.0,1,0.37562885889339936,14.856188316588048,16.860083118081093,10.566719531626326,39,2.888888888888889,19,1.4074074074074074,6,0.4444444444444444,28.623307060332955,2.708816768975748,11,0.8148148148148148,0.0,0.0,0.037037037037037035,0.7291757075643449
bayes_mean-fix-seed43,dense_circle,2,2,1542568420,collision,40,10.0,0.01636672338880807,0,0.0,5,0.5817204413134455,13.96803529933095,16.236105002462864,7.461864953565263,32,3.2,19,1.9,13,1.3,36.899462597706645,4.945072421885117,15,1.5,0.21212121212121213,0.21212121212121213,0.3,0.42166307397929625
bayes_mean-fix-seed43,dense_circle,2,3,1542568421,success,61,15.25,0.16738926347625005,0,0.0,2,0.757707830479371,14.270402552163015,16.289662569761276,12.76194342152116,39,2.557377049180328,21,1.3770491803278688,6,0.39344262295081966,30.74644515173468,2.409229075556414,7,0.45901639344262296,0.2222222222222222,0.18518518518518517,0.19672131147540983,0.6158678639874935
bayes_mean-fix-seed43,dense_circle,2,4,1542568422,success,57,14.25,0.2162456133328543,0,0.0,0,0.979408769122251,14.778214196364084,16.438164561986923,12.9022109022371,30,2.1052631578947367,17,1.1929824561403508,5,0.3508771929824561,23.5286731788162,1.8236156079836354,3,0.21052631578947367,0.18,0.1,0.22807017543859648,0.6044740122754568
bayes_mean-fix-seed43,dense_circle,2,5,1542568423,success,97,24.25,0.19318381047078714,0,0.0,2,2.2527753520035,14.68921391312609,16.49671643972397,14.308233477296135,73,3.0103092783505154,34,1.402061855670103,30,1.2371134020618557,89.21072176892181,6.23492214538424,13,0.5360824742268041,0.4666666666666667,0.4666666666666667,0.18556701030927836,0.5405006772081417
bayes_mean-fix-seed43,dense_circle,2,6,1542568424,success,58,14.5,0.19073427386462438,0,0.0,1,0.7839405234732308,14.238573353866052,15.532426349818707,10.876541856164028,39,2.689655172413793,22,1.5172413793103448,4,0.27586206896551724,25.157637339675365,2.313018022857868,7,0.4827586206896552,0.11764705882352941,0.11764705882352941,0.1206896551724138,0.7156383254302391
bayes_mean-fix-seed43,dense_circle,2,7,1542568425,success,63,15.75,0.00873027203741017,0,0.0,6,0.6008538031277946,14.711503235120622,16.196436062455177,11.427966464175658,49,3.111111111111111,27,1.7142857142857142,7,0.4444444444444444,34.49284993348046,3.0182841401931393,3,0.19047619047619047,0.0,0.0,0.09523809523809523,0.6800595511525651
bayes_mean-fix-seed43,dense_circle,2,8,1542568426,success,50,12.5,0.17291340776176234,0,0.0,1,0.7380980880368686,14.08388115465641,16.00295715034008,9.240286473607366,31,2.48,16,1.28,2,0.16,16.651711690569083,1.8020774288903978,6,0.48,0.0,0.0,0.08,0.8333134778644756
bayes_mean-fix-seed43,dense_circle,2,9,1542568427,success,54,13.5,0.20489655520363548,0,0.0,0,0.5046536874093467,14.170586993848836,15.939655154943466,10.59044138039059,32,2.3703703703703702,16,1.1851851851851851,7,0.5185185185185185,28.250026521881313,2.66750227938464,5,0.37037037037037035,0.02127659574468085,0.02127659574468085,0.07407407407407407,0.7330561112972974
bayes_mean-fix-seed43,dense_circle,2,10,1542568428,success,50,12.5,0.23647588976706635,0,0.0,0,0.7695205405867993,14.141352251172066,16.02247841656208,10.644683329131073,33,2.64,22,1.76,3,0.24,20.867071970450777,1.9603281117198024,3,0.24,0.06976744186046512,0.06976744186046512,0.08,0.7319818516688313
bayes_mean-fix-seed43,dense_circle,2,11,1542568429,success,54,13.5,0.2828249857488435,0,0.0,0,0.6552041366902651,14.321113695149068,16.312768682837486,11.042734577192064,36,2.6666666666666665,21,1.5555555555555556,6,0.4444444444444444,29.777154265720668,2.696538077372894,5,0.37037037037037035,0.0,0.0,0.12962962962962962,0.7078314815075472
bayes_mean-fix-seed43,dense_circle,2,12,1542568430,success,47,11.75,0.17757091503770406,0,0.0,1,1.052964030534787,14.443373902046934,16.051049530506134,10.357092373611069,27,2.297872340425532,13,1.1063829787234043,1,0.0851063829787234,14.13831388108132,1.3650852354184326,1,0.0851063829787234,0.0,0.0,0.06382978723404255,0.7597196456191103
bayes_mean-fix-seed43,dense_circle,2,13,1542568431,success,42,10.5,0.30593845701831923,0,0.0,0,0.7083217275866456,14.182771866520246,16.455791518092155,9.78631983296622,20,1.9047619047619047,10,0.9523809523809523,0,0.0,8.52339926326363,0.8709504092183549,1,0.09523809523809523,0.0,0.0,0.0,0.8017029062255311
bayes_mean-fix-seed43,dense_circle,2,14,1542568432,success,53,13.25,0.18031516047312524,0,0.0,4,0.33871039149019133,13.960480690002441,15.640048682689667,10.98786756700842,37,2.792452830188679,14,1.0566037735849056,3,0.22641509433962265,20.85527666568077,1.8980276690173896,5,0.37735849056603776,0.0,0.0,0.09433962264150944,0.7025287964023696
bayes_mean-fix-seed43,dense_circle,2,15,1542568433,success,68,17.0,0.2130338771611996,0,0.0,0,0.54126492516261,14.355854624334503,15.745465084910393,12.769224499055582,53,3.1176470588235294,29,1.7058823529411764,18,1.0588235294117647,62.63293051691848,4.904990942993511,15,0.8823529411764706,0.04918032786885246,0.04918032786885246,0.20588235294117646,0.6059403864375084
bayes_mean-fix-seed43,dense_circle,2,16,1542568434,success,53,13.25,0.2610778727791718,0,0.0,0,1.2265506681427354,14.43509469335934,16.676415503025055,10.347482576485227,29,2.188679245283019,11,0.8301886792452831,1,0.07547169811320754,10.996396168380759,1.062712218851201,1,0.07547169811320754,0.0,0.0,0.09433962264150944,0.7505570683090815
bayes_mean-fix-seed43,dense_circle,2,17,1542568435,timeout,101,25.25,0.15995037134805534,0,0.0,5,1.3766579624561492,14.531320163814149,15.885617583990097,15.977288678511732,80,3.1683168316831685,38,1.504950495049505,29,1.1485148514851484,95.76755502500762,5.993980390040012,22,0.8712871287128713,0.3829787234042553,0.35106382978723405,0.26732673267326734,0.45173474185491663
bayes_mean-fix-seed43,dense_circle,2,18,1542568436,success,53,13.25,0.21674987869716478,0,0.0,0,0.8930489708658989,14.0514648607317,15.464191138744354,9.155846040594081,33,2.490566037735849,16,1.2075471698113207,6,0.4528301886792453,25.557101285490273,2.791342402676748,7,0.5283018867924528,0.13043478260869565,0.08695652173913043,0.1320754716981132,0.8504057557564929
bayes_mean-fix-seed43,dense_circle,2,19,1542568437,timeout,101,25.25,0.1966427731645951,0,0.0,1,1.6523877732333734,14.466490670300946,15.773802995681763,17.444064603987673,79,3.128712871287129,29,1.1485148514851484,19,0.7524752475247525,66.80950779982128,3.829927790140652,14,0.5544554455445545,0.2765957446808511,0.19148936170212766,0.2079207920792079,0.4248309927488533
bayes_mean-fix-seed43,dense_circle,2,20,1542568438,success,62,15.5,0.2379409901858981,0,0.0,0,0.8352491753155984,14.570565053051517,16.27611219882965,11.227782815078426,49,3.161290322580645,25,1.6129032258064515,9,0.5806451612903226,40.04350416809198,3.566465866646021,10,0.6451612903225806,0.05454545454545454,0.05454545454545454,0.11290322580645161,0.6912920891185372
bayes_mean-fix-seed43,dense_circle,2,21,1542568439,success,43,10.75,0.2134567622428546,0,0.0,0,0.42894180529474113,13.78999650478363,15.35683460533619,9.743542778414907,22,2.046511627906977,12,1.1162790697674418,4,0.37209302325581395,17.41577246554487,1.7874168422728565,5,0.46511627906976744,0.0,0.0,0.06976744186046512,0.7992388356778628
bayes_mean-fix-seed43,dense_circle,2,22,1542568440,success,52,13.0,0.21763953915658774,0,0.0,0,0.7870588116041995,14.51438579421777,16.128816455602646,10.84672990282026,30,2.3076923076923075,21,1.6153846153846154,6,0.46153846153846156,29.6466643935698,2.733235238563594,7,0.5384615384615384,0.1111111111111111,0.1111111111111111,0.09615384615384616,0.7178281392391639
bayes_mean-fix-seed43,dense_circle,2,23,1542568441,success,61,15.25,0.14492808307211225,0,0.0,4,0.5918653024273225,14.460099464068648,16.13464578986168,9.27614497602464,47,3.081967213114754,18,1.180327868852459,4,0.26229508196721313,29.415175016372352,3.1710559820269695,12,0.7868852459016393,0.0,0.0,0.04918032786885246,0.8381582532372048
bayes_mean-fix-seed43,dense_circle,2,24,1542568442,success,49,12.25,0.20620887204530325,0,0.0,0,0.6234207192076192,14.243655971118383,16.25126749277115,10.701847664700134,29,2.36734693877551,16,1.3061224489795917,5,0.40816326530612246,23.686307558201154,2.2132914147460765,4,0.32653061224489793,0.023809523809523808,0.023809523809523808,0.08163265306122448,0.7356601781271506
bayes_mean-fix-seed43,dense_circle,2,25,1542568443,success,46,11.5,0.2837668978622515,0,0.0,0,1.1170912801344657,14.3657264340183,16.1897586658597,10.227039071448354,33,2.869565217391304,20,1.7391304347826086,1,0.08695652173913043,18.72232627912331,1.8306692825093362,3,0.2608695652173913,0.0,0.0,0.043478260869565216,0.7660880639693854
bayes_mean-fix-seed43,dense_circle,2,26,1542568444,success,72,18.0,0.20566734767241857,0,0.0,0,0.8076150821494154,14.626386213219828,16.41366984695196,13.832241854450912,56,3.111111111111111,26,1.4444444444444444,11,0.6111111111111112,46.57451881780282,3.367098356714762,9,0.5,0.09230769230769231,0.03076923076923077,0.25,0.5652190059287481
bayes_mean-fix-seed43,dense_circle,2,27,1542568445,success,66,16.5,0.2223020751935233,0,0.0,0,0.669123415511917,14.626331119374795,15.744582749903202,12.001247937997878,57,3.4545454545454546,24,1.4545454545454546,9,0.5454545454545454,44.3056803788803,3.691756108012851,7,0.42424242424242425,0.11864406779661017,0.11864406779661017,0.19696969696969696,0.6483279593495578
bayes_mean-fix-seed43,dense_circle,2,28,1542568446,success,52,13.0,0.2215193194186168,0,0.0,0,0.5236790308616313,14.236664542785057,16.035695001482964,10.900139307684443,40,3.076923076923077,25,1.9230769230769231,3,0.23076923076923078,24.347876847056746,2.233721621327522,7,0.5384615384615384,0.1111111111111111,0.08888888888888889,0.11538461538461539,0.7140716641092247
bayes_mean-fix-seed43,dense_circle,2,29,1542568447,success,56,14.0,0.18632242238202956,0,0.0,1,0.5983390888439715,14.922810784940209,17.086380161345005,9.177995186524422,32,2.2857142857142856,15,1.0714285714285714,7,0.5,28.765957083426166,3.1342310056625156,12,0.8571428571428571,0.14285714285714285,0.08163265306122448,0.07142857142857142,0.8390258092744821
bayes_mean-fix-seed43,dense_circle,2,30,1542568448,success,43,10.75,0.22159821864489138,0,0.0,0,0.8548513207467113,14.290578576714493,15.962397679686546,9.676213347597267,23,2.13953488372093,14,1.302325581395349,1,0.09302325581395349,14.836673690710468,1.5333140307819495,3,0.27906976744186046,0.0,0.0,0.023255813953488372,0.7982284673692669
bayes_mean-fix-seed43,dense_circle,2,31,1542568449,success,55,13.75,0.16530989913424954,0,0.0,3,0.8493624439092974,14.095401763916016,15.876992419362068,11.932794534484161,36,2.618181818181818,17,1.2363636363636363,3,0.21818181818181817,23.09628366300218,1.9355301556778712,7,0.509090909090909,0.10416666666666667,0.0,0.16363636363636364,0.6625203875888814
bayes_mean-fix-seed43,dense_circle,2,32,1542568450,success,48,12.0,0.19412932494347146,0,0.0,1,0.7100533707722921,14.314637907470265,15.758085437119007,10.557311326803998,30,2.5,18,1.5,3,0.25,18.501178670186896,1.75245174623336,5,0.4166666666666667,0.14634146341463414,0.14634146341463414,0.10416666666666667,0.7376048431683767
bayes_mean-fix-seed43,dense_circle,2,33,1542568451,success,51,12.75,0.27912742191365814,0,0.0,0,1.4103848152214806,14.424384809007831,16.195783391594887,8.80855622550026,29,2.2745098039215685,13,1.0196078431372548,3,0.23529411764705882,15.635803129697958,1.7750699126416671,4,0.3137254901960784,0.0,0.0,0.0196078431372549,0.8849915756144019
bayes_mean-fix-seed43,dense_circle,2,34,1542568452,success,60,15.0,0.1953231325713215,0,0.0,1,0.7549550393513934,14.731673834224543,18.015564791858196,12.496615532595866,38,2.533333333333333,19,1.2666666666666666,7,0.4666666666666667,30.71077339475729,2.4575272652545053,7,0.4666666666666667,0.11320754716981132,0.0,0.13333333333333333,0.6205805384285852
bayes_mean-fix-seed43,dense_circle,2,35,1542568453,success,89,22.25,0.18527525067054873,0,0.0,2,1.3840557682330892,15.008274842514082,16.680707037448883,14.289362855484711,76,3.4157303370786516,51,2.292134831460674,36,1.6179775280898876,117.87413372949345,8.249082546339679,31,1.3932584269662922,0.2073170731707317,0.14634146341463414,0.29213483146067415,0.5432806757091428
bayes_mean-fix-seed43,dense_circle,2,36,1542568454,success,60,15.0,0.21138935933725667,0,0.0,0,0.913074215560911,14.508631577094397,16.25627428293228,11.710193230758353,44,2.933333333333333,20,1.3333333333333333,8,0.5333333333333333,37.2308030630204,3.1793500183437478,13,0.8666666666666667,0.16981132075471697,0.1320754716981132,0.16666666666666666,0.6577495155415776
bayes_mean-fix-seed43,dense_circle,2,37,1542568455,success,63,15.75,0.1391989959742651,0,0.0,2,0.8419454715931829,14.61450962556733,16.39910787343979,9.852957344107457,41,2.6031746031746033,20,1.2698412698412698,4,0.25396825396825395,27.259146277675843,2.7665953810282273,10,0.6349206349206349,0.14285714285714285,0.14285714285714285,0.09523809523809523,0.7977178795936221
bayes_mean-fix-seed43,dense_circle,2,38,1542568456,success,42,10.5,0.217708429184158,0,0.0,0,0.8138872699641914,14.156885267723174,15.921873599290848,9.750690945310998,25,2.380952380952381,15,1.4285714285714286,1,0.09523809523809523,13.426642927924867,1.3769940000386942,3,0.2857142857142857,0.0,0.0,0.023809523809523808,0.7934082717251123
bayes_mean-fix-seed43,dense_circle,2,39,1542568457,success,54,13.5,0.16769380943489343,0,0.0,3,0.5263076665952537,14.512237713292793,16.313939727842808,9.930409117822185,41,3.037037037037037,22,1.6296296296296295,12,0.8888888888888888,44.82623977148852,4.514037562766523,18,1.3333333333333333,0.0,0.0,0.1111111111111111,0.7804765316809237
bayes_mean-fix-seed43,dense_circle,2,40,1542568458,success,51,12.75,0.235064463983639,0,0.0,0,0.6648879872503122,14.713012558572432,16.222190111875534,10.986905029959946,30,2.3529411764705883,16,1.2549019607843137,6,0.47058823529411764,24.231343905447073,2.205474957631031,7,0.5490196078431373,0.09090909090909091,0.09090909090909091,0.17647058823529413,0.7171362629649921
bayes_mean-fix-seed43,dense_circle,2,41,1542568459,success,48,12.0,0.17294517592703684,0,0.0,5,0.42097383849436376,14.305092549572388,17.115937918424606,9.970079591494596,31,2.5833333333333335,14,1.1666666666666667,2,0.16666666666666666,19.230734891532148,1.9288446712038039,5,0.4166666666666667,0.0,0.0,0.041666666666666664,0.7889648306156613
bayes_mean-fix-seed43,dense_circle,2,42,1542568460,success,62,15.5,0.42292265121766415,0,0.0,0,0.9625507511164287,14.48841254797674,16.285957396030426,12.38058449233794,44,2.838709677419355,22,1.4193548387096775,7,0.45161290322580644,33.76052472772251,2.7268926397308726,7,0.45161290322580644,0.10909090909090909,0.09090909090909091,0.16129032258064516,0.6297293507123374
bayes_mean-fix-seed43,dense_circle,2,43,1542568461,success,44,11.0,0.2205242856424826,0,0.0,0,0.7153930297581513,14.10419587045908,15.521282888948917,10.099383428851894,23,2.090909090909091,13,1.1818181818181819,0,0.0,11.827476461006222,1.1711087656319212,5,0.45454545454545453,0.0,0.0,0.0,0.7690032747893586
bayes_mean-fix-seed43,dense_circle,2,44,1542568462,timeout,101,25.25,0.21743269166123302,0,0.0,0,0.7731760700639707,14.645640655319289,15.846915543079376,19.72406089696553,68,2.6930693069306932,21,0.8316831683168316,14,0.5544554455445545,53.12018923010769,2.693166965342316,16,0.6336633663366337,0.2765957446808511,0.0851063829787234,0.297029702970297,0.35433853448597186
bayes_mean-fix-seed43,dense_circle,2,45,1542568463,success,45,11.25,0.17323378329894645,0,0.0,2,0.5518692882298951,14.227774656481213,16.04403927922249,9.79237679104543,39,3.466666666666667,24,2.1333333333333333,0,0.0,18.579725023598122,1.8973662288595985,1,0.08888888888888889,0.0,0.0,0.0,0.7931452954538144
bayes_mean-fix-seed43,dense_circle,2,46,1542568464,timeout,101,25.25,0.19165590071477356,0,0.0,2,0.31954316113954356,14.644600893601332,16.291536390781403,14.02932051703189,86,3.405940594059406,59,2.3366336633663365,41,1.6237623762376239,143.9096863759391,10.257780211181982,35,1.386138613861386,0.425531914893617,0.4148936170212766,0.27722772277227725,0.5424031464757136
bayes_mean-fix-seed43,dense_circle,2,47,1542568465,success,53,13.25,0.18160247367770388,0,0.0,1,0.5823023606232768,14.461243911734167,16.265928745269775,10.605349755168488,38,2.8679245283018866,23,1.7358490566037736,5,0.37735849056603776,29.262521034816807,2.7592226291788062,7,0.5283018867924528,0.0,0.0,0.07547169811320754,0.7440384790859194
bayes_mean-fix-seed43,dense_circle,2,48,1542568466,success,54,13.5,0.16823154056177747,0,0.0,2,0.53319395408074,14.14029272618117,15.242031775414944,11.000784516093065,40,2.962962962962963,25,1.8518518518518519,9,0.6666666666666666,30.180023708657135,2.7434428575986316,5,0.37037037037037035,0.0,0.0,0.12962962962962962,0.7046688284480929
bayes_mean-fix-seed43,dense_circle,2,49,1542568467,timeout,101,25.25,0.19239422094479153,0,0.0,2,0.7935465912715105,14.892953826059209,16.26797765493393,19.119636764631576,77,3.0495049504950495,40,1.5841584158415842,31,1.2277227722772277,107.0079974323834,5.596758910730561,32,1.2673267326732673,0.3723404255319149,0.3723404255319149,0.27722772277227725,0.34589312341901535
bayes_mean-fix-seed43,dense_circle,2,50,1542568468,success,50,12.5,0.2182757001147183,0,0.0,0,0.48574347573240934,14.42236840724945,15.969621948897839,10.228392547003184,28,2.24,18,1.44,7,0.56,27.1679603692567,2.6561319625161084,8,0.64,0.0,0.0,0.1,0.7584274014635781
bayes_mean-fix-seed43,dense_circle,2,51,1542568469,success,46,11.5,0.20902590275270327,0,0.0,0,0.40337016830025857,14.336326281013696,16.525905579328537,10.121425299255067,32,2.782608695652174,15,1.3043478260869565,2,0.17391304347826086,19.255764319192878,1.9024755654334666,7,0.6086956521739131,0.05128205128205128,0.05128205128205128,0.08695652173913043,0.7684589504816615
bayes_mean-fix-seed43,dense_circle,2,52,1542568470,success,58,14.5,0.2249084272217473,0,0.0,0,1.1342346177238383,14.128119010349799,16.03226028382778,9.306997193291012,35,2.413793103448276,14,0.9655172413793104,3,0.20689655172413793,23.930754477355045,2.5712648215479885,7,0.4827586206896552,0.29411764705882354,0.23529411764705882,0.13793103448275862,0.8336099227872416
bayes_mean-fix-seed43,dense_circle,2,53,1542568471,success,40,10.0,0.2467225646030098,0,0.0,0,0.7540569600947935,13.670145533978939,15.642627514898777,9.245441179371628,16,1.6,7,0.7,0,0.0,6.421199598561018,0.6945260343971426,1,0.1,0.0,0.0,0.0,0.8351460100600319
bayes_mean-fix-seed43,dense_circle,2,54,1542568472,success,46,11.5,0.23493504617446537,0,0.0,0,0.6182374416697741,13.99540188519851,15.67857526242733,10.348456750835467,28,2.4347826086956523,13,1.1304347826086956,2,0.17391304347826086,16.390621465840905,1.5838710892344052,3,0.2608695652173913,0.0,0.0,0.06521739130434782,0.7569926930744798
bayes_mean-fix-seed43,dense_circle,2,55,1542568473,success,52,13.0,0.2152549772931296,0,0.0,0,0.5381333195910976,13.948530961687748,15.195693634450436,11.778107480561523,24,1.8461538461538463,10,0.7692307692307693,4,0.3076923076923077,17.416725427578665,1.4787371788144286,3,0.23076923076923078,0.2,0.17777777777777778,0.17307692307692307,0.6733503998378964
bayes_mean-fix-seed43,dense_circle,2,56,1542568474,success,62,15.5,0.2009922214250428,0,0.0,0,0.8009059493862751,14.650141159372945,16.378846019506454,12.069984718352252,43,2.774193548387097,19,1.2258064516129032,9,0.5806451612903226,36.862518916472965,3.054065085966844,5,0.3225806451612903,0.16363636363636364,0.16363636363636364,0.1774193548387097,0.6457066134785743
bayes_mean-fix-seed43,dense_circle,2,57,1542568475,success,49,12.25,0.1666500474965641,0,0.0,3,0.7299665992661327,14.322355769726695,15.770397335290909,10.701884572117782,31,2.5306122448979593,15,1.2244897959183674,2,0.16326530612244897,20.877305837335136,1.9508064861517893,6,0.4897959183673469,0.0,0.0,0.10204081632653061,0.7342552096076417
bayes_mean-fix-seed43,dense_circle,2,58,1542568476,success,50,12.5,0.207383789265279,0,0.0,0,0.656010936298186,14.509882256388664,15.648303180932999,9.236894204503217,30,2.4,12,0.96,4,0.32,22.12908488310047,2.3957278705554503,6,0.48,0.0,0.0,0.04,0.8405705423788135
bayes_mean-fix-seed43,dense_circle,2,59,1542568477,success,49,12.25,0.16527506985821971,0,0.0,2,0.7232529148311689,14.184472284146718,16.28643423318863,10.583573500023116,27,2.204081632653061,8,0.6530612244897959,3,0.24489795918367346,15.8389726674212,1.4965618812385633,5,0.40816326530612246,0.0,0.0,0.08163265306122448,0.7356850039083025
bayes_mean-fix-seed43,dense_circle,2,60,1542568478,success,52,13.0,0.205776566813188,0,0.0,0,1.0190246203612472,14.243533404973837,16.01283773779869,9.399113192386304,27,2.076923076923077,11,0.8461538461538461,2,0.15384615384615385,14.804989137238636,1.5751474457432142,6,0.46153846153846156,0.0,0.0,0.057692307692307696,0.8253345616885679
bayes_mean-fix-seed43,dense_circle,2,61,1542568479,success,44,11.0,0.5547974213059811,0,0.0,0,1.0161023246431542,14.42084749313918,16.399179585278034,10.07251536188426,26,2.3636363636363638,15,1.3636363636363635,0,0.0,7.644792620871312,0.7589755236115326,1,0.09090909090909091,0.0,0.0,0.0,0.7704918826749411
bayes_mean-fix-seed43,dense_circle,2,62,1542568480,success,57,14.25,0.23576590162040567,0,0.0,0,0.8531216265882423,14.67718543452129,16.213035583496094,11.266647460583064,38,2.6666666666666665,18,1.263157894736842,6,0.42105263157894735,25.673501350821674,2.2787170221347313,5,0.3508771929824561,0.16,0.1,0.15789473684210525,0.6877604332320709
bayes_mean-fix-seed43,dense_circle,2,63,1542568481,collision,26,6.5,-0.075350312550297,2,0.5,11,0.20814089879085,13.910636592369814,15.73192048817873,4.170241461064294,23,3.5384615384615383,13,2.0,2,0.3076923076923077,14.824506718747415,3.554831742276148,9,1.3846153846153846,0.0,0.0,0.0,0.873567138639631
bayes_mean-fix-seed43,dense_circle,2,64,1542568482,success,77,19.25,0.19076256304601014,0,0.0,2,1.2329936940370165,14.698803618356779,16.34928733110428,15.182109733752899,50,2.5974025974025974,27,1.4025974025974026,4,0.2077922077922078,33.59674142916618,2.212916519400056,8,0.4155844155844156,0.35714285714285715,0.32857142857142857,0.24675324675324675,0.5108375358598106
bayes_mean-fix-seed43,dense_circle,2,65,1542568483,success,50,12.5,0.23084616616363107,0,0.0,0,0.5622798093171228,14.176696687936783,16.133922711014748,10.429236207022436,29,2.32,15,1.2,3,0.24,20.04104859879901,1.9216218907099392,5,0.4,0.0,0.0,0.1,0.7494659941836905
bayes_mean-fix-seed43,dense_circle,2,66,1542568484,success,59,14.75,0.201595897107537,0,0.0,0,1.0179877353533058,14.632804540254302,16.27754606306553,11.542471044474024,35,2.3728813559322033,16,1.0847457627118644,3,0.2033898305084746,21.018475197167724,1.8209684144913105,3,0.2033898305084746,0.057692307692307696,0.019230769230769232,0.13559322033898305,0.6719782190152485
bayes_mean-fix-seed43,dense_circle,2,67,1542568485,success,51,12.75,0.22997565398827313,0,0.0,0,0.6270598361985249,14.203143835652108,15.968827530741692,10.592011421207381,30,2.3529411764705883,18,1.411764705882353,6,0.47058823529411764,27.368996286973953,2.5839281321180985,3,0.23529411764705882,0.13636363636363635,0.13636363636363635,0.0784313725490196,0.7356647077806101
bayes_mean-fix-seed43,dense_circle,2,68,1542568486,success,58,14.5,0.1947706923516055,0,0.0,1,0.8196653234729152,14.320409118101514,16.06007218360901,12.438547146423883,35,2.413793103448276,14,0.9655172413793104,3,0.20689655172413793,20.057285708257023,1.612510325534566,7,0.4827586206896552,0.27450980392156865,0.23529411764705882,0.15517241379310345,0.6228083093210738
bayes_mean-fix-seed43,dense_circle,2,69,1542568487,success,61,15.25,0.20257627629015462,0,0.0,0,0.494755826180184,14.239595806012389,15.636302530765533,12.17515891424204,39,2.557377049180328,20,1.3114754098360655,7,0.45901639344262296,32.342921275452746,2.6564681006027135,9,0.5901639344262295,0.1111111111111111,0.1111111111111111,0.14754098360655737,0.6383713649111838
bayes_mean-fix-seed43,dense_circle,2,70,1542568488,success,50,12.5,0.19534863638327404,0,0.0,1,1.0634107015505117,13.842800706624985,15.523437783122063,8.845748506650938,25,2.0,15,1.2,2,0.16,12.493986389541693,1.412428397681408,6,0.48,0.0,0.0,0.04,0.881431144762361
bayes_mean-fix-seed43,dense_circle,2,71,1542568489,success,57,14.25,0.17340035449784497,0,0.0,3,0.3665491824837915,14.279579253573166,15.65413624048233,12.567991782949095,37,2.5964912280701755,21,1.4736842105263157,5,0.3508771929824561,25.475562920576102,2.027019380704769,9,0.631578947368421,0.18,0.14,0.17543859649122806,0.6146420934901002
bayes_mean-fix-seed43,dense_circle,2,72,1542568490,success,50,12.5,0.22081465363193187,0,0.0,0,0.5618145226730527,14.516003280878067,15.890891291201115,10.755951774979277,29,2.32,10,0.8,2,0.16,16.6709055492404,1.549923790846721,1,0.08,0.0,0.0,0.08,0.7234728806134518
bayes_mean-fix-seed43,dense_circle,2,73,1542568491,success,58,14.5,0.19970893587956662,0,0.0,1,0.7687798335250858,14.463039500446156,16.0650247707963,11.74190749148607,39,2.689655172413793,15,1.0344827586206897,3,0.20689655172413793,27.238334324468322,2.3197537831241255,7,0.4827586206896552,0.0,0.0,0.08620689655172414,0.6622867564388588
bayes_mean-fix-seed43,dense_circle,2,74,1542568492,success,55,13.75,0.3246642703199979,0,0.0,0,1.741816447822723,14.412541145628149,16.062499582767487,10.148302390009516,34,2.4727272727272727,20,1.4545454545454546,9,0.6545454545454545,31.597725738058575,3.1135971834230047,10,0.7272727272727273,0.0625,0.0625,0.09090909090909091,0.7627602908193182
bayes_mean-fix-seed43,dense_circle,2,75,1542568493,success,50,12.5,0.36092073168291106,0,0.0,0,1.2275956991855335,14.431406483054161,16.131415031850338,8.63599697763531,25,2.0,15,1.2,1,0.08,15.73896256227448,1.8224835653641103,4,0.32,0.0,0.0,0.04,0.897638478866125
bayes_mean-fix-seed43,dense_circle,2,76,1542568494,success,59,14.75,0.18562021846029264,0,0.0,2,0.7241045034011298,14.288159055730043,15.96311703324318,12.450831609408993,38,2.5762711864406778,18,1.2203389830508475,4,0.2711864406779661,26.686482725968823,2.143349421399456,7,0.4745762711864407,0.11538461538461539,0.11538461538461539,0.15254237288135594,0.6296114009031724
bayes_mean-fix-seed43,dense_circle,2,77,1542568495,success,51,12.75,0.22354222249619982,0,0.0,0,0.8540678476413427,14.301851391792297,15.817999839782715,10.470677250983373,33,2.588235294117647,20,1.5686274509803921,5,0.39215686274509803,25.018736497072855,2.3894095766081582,5,0.39215686274509803,0.09090909090909091,0.09090909090909091,0.13725490196078433,0.749684384756797
bayes_mean-fix-seed43,dense_circle,2,78,1542568496,success,73,18.25,0.18107864909203963,0,0.0,8,1.0257225089954252,14.583283601558371,16.287653148174282,13.373064918584532,49,2.684931506849315,28,1.5342465753424657,16,0.8767123287671232,50.89420325560877,3.805724683567576,16,0.8767123287671232,0.19696969696969696,0.19696969696969696,0.1917808219178082,0.5814072604733935
bayes_mean-fix-seed43,dense_circle,2,79,1542568497,success,52,13.0,0.179134283181139,0,0.0,1,0.48244854889558575,14.541912680635086,16.225642897188663,10.820787057659542,36,2.769230769230769,18,1.3846153846153846,3,0.23076923076923078,22.60114901523557,2.088678845152696,7,0.5384615384615384,0.0,0.0,0.038461538461538464,0.7183550562293086
bayes_mean-fix-seed43,dense_circle,2,80,1542568498,success,51,12.75,0.199832949492729,0,0.0,1,0.41725950964038755,14.386556093014923,16.329901292920113,9.103751017556535,33,2.588235294117647,13,1.0196078431372548,4,0.3137254901960784,21.67125375937379,2.3804752258251454,8,0.6274509803921569,0.11363636363636363,0.11363636363636363,0.058823529411764705,0.8511690919279874
bayes_mean-fix-seed43,dense_circle,2,81,1542568499,success,75,18.75,0.19507858342448714,0,0.0,1,0.6524608153120117,14.755465487639109,15.796199440956116,13.860741592149882,57,3.04,23,1.2266666666666666,14,0.7466666666666667,49.39414821034428,3.5636006834092457,11,0.5866666666666667,0.19117647058823528,0.14705882352941177,0.22666666666666666,0.5587164849506039
bayes_mean-fix-seed43,dense_circle,2,82,1542568500,success,49,12.25,0.208208989230949,0,0.0,0,0.43534630766621274,14.367785684916438,16.348635405302048,10.0381742772113,32,2.6122448979591835,15,1.2244897959183674,3,0.24489795918367346,17.420228902387127,1.7353981332974655,3,0.24489795918367346,0.0,0.0,0.04081632653061224,0.7702027302295044
bayes_mean-fix-seed43,dense_circle,2,83,1542568501,success,75,18.75,0.18218897192703043,0,0.0,1,1.1441624640691286,14.575625558694204,15.851548686623573,13.991465763193657,58,3.0933333333333333,29,1.5466666666666666,9,0.48,46.37746215371306,3.3146964684511406,11,0.5866666666666667,0.22058823529411764,0.20588235294117646,0.22666666666666666,0.5562539519258308
bayes_mean-fix-seed43,dense_circle,2,84,1542568502,success,62,15.5,0.23620488085978364,0,0.0,0,0.6688859834695543,13.972862413333308,15.170536935329437,9.840549158192573,41,2.6451612903225805,24,1.5483870967741935,15,0.967741935483871,47.78273542255773,4.855698056523305,19,1.2258064516129032,0.05454545454545454,0.05454545454545454,0.08064516129032258,0.7887885603747369
bayes_mean-fix-seed43,dense_circle,2,85,1542568503,success,56,14.0,0.19980250944705324,0,0.0,1,0.7447989394168637,13.93337594345212,15.291886404156685,10.4429776680745,42,3.0,29,2.0714285714285716,9,0.6428571428571429,41.962230278695095,4.018224649371695,17,1.2142857142857142,0.04081632653061224,0.04081632653061224,0.10714285714285714,0.7467662743987716
bayes_mean-fix-seed43,dense_circle,2,86,1542568504,success,58,14.5,0.18135245944248102,0,0.0,2,0.8152152832656603,13.950143844403069,15.514719672501087,11.976988570500462,36,2.4827586206896552,13,0.896551724137931,3,0.20689655172413793,24.420376701371556,2.038941304621379,5,0.3448275862068966,0.19607843137254902,0.11764705882352941,0.1724137931034483,0.6489692689411352
bayes_mean-fix-seed43,dense_circle,2,87,1542568505,success,55,13.75,0.19833349776793296,0,0.0,1,0.6506239436872345,14.139004458080638,15.484032779932022,9.841122222961879,35,2.5454545454545454,20,1.4545454545454546,0,0.0,12.776076091217263,1.2982336568696788,3,0.21818181818181817,0.020833333333333332,0.0,0.07272727272727272,0.7886264020988508
bayes_mean-fix-seed43,dense_circle,2,88,1542568506,success,72,18.0,0.17986284998556845,0,0.0,7,0.709353427579308,14.644520150290596,16.17560889571905,15.035909842099896,52,2.888888888888889,24,1.3333333333333333,9,0.5,42.242252013615875,2.8094244017970498,9,0.5,0.16923076923076924,0.09230769230769231,0.16666666666666666,0.5169201385775459
bayes_mean-fix-seed43,dense_circle,2,89,1542568507,success,54,13.5,0.21097824610905835,0,0.0,0,1.3821611354457037,14.242262545007247,15.969740226864813,11.304122380307277,27,2.0,9,0.6666666666666666,1,0.07407407407407407,12.631782539993905,1.1174492026023641,1,0.07407407407407407,0.10638297872340426,0.0,0.12962962962962962,0.6898205084754476
bayes_mean-fix-seed43,dense_circle,2,90,1542568508,success,49,12.25,0.19538855421111256,0,0.0,1,0.5855179747160403,14.263136274352366,15.870662033557892,10.43870014990569,25,2.0408163265306123,12,0.9795918367346939,3,0.24489795918367346,17.635789600528973,1.6894622268356185,3,0.24489795918367346,0.07142857142857142,0.07142857142857142,0.10204081632653061,0.7453068842388436
bayes_mean-fix-seed43,dense_circle,2,91,1542568509,success,43,10.75,0.20904970201110196,0,0.0,0,0.7285172222525128,14.291814246843028,15.833137556910515,9.761415844436447,18,1.6744186046511629,11,1.0232558139534884,0,0.0,8.315211006109429,0.8518447670527951,1,0.09302325581395349,0.0,0.0,0.0,0.7927409084394516
bayes_mean-fix-seed43,dense_circle,2,92,1542568510,success,51,12.75,0.18483770932293775,0,0.0,2,0.7725216980813349,14.148651019615286,15.657711774110794,11.092110120256239,30,2.3529411764705883,11,0.8627450980392157,2,0.1568627450980392,19.316236157237803,1.7414392706003516,3,0.23529411764705882,0.11363636363636363,0.06818181818181818,0.11764705882352941,0.6989242520895624
bayes_mean-fix-seed43,dense_circle,2,93,1542568511,success,51,12.75,0.19546289569410347,0,0.0,2,0.8555932614032418,14.078773119870354,15.379663556814194,10.369913953562518,32,2.5098039215686274,19,1.4901960784313726,2,0.1568627450980392,17.97389524254774,1.7332733254139416,5,0.39215686274509803,0.0,0.0,0.0196078431372549,0.7513303967272733
bayes_mean-fix-seed43,dense_circle,2,94,1542568512,success,65,16.25,0.1249974476848188,0,0.0,2,0.9204422579787722,14.07689440708894,15.77896848320961,12.974673825025137,40,2.4615384615384617,26,1.6,4,0.24615384615384617,27.85870276580802,2.1471601630612893,5,0.3076923076923077,0.0,0.0,0.09230769230769231,0.59554285129956
bayes_mean-fix-seed43,dense_circle,2,95,1542568513,success,46,11.5,0.1885960220025672,0,0.0,1,0.5645977175077761,13.988782773199288,15.326399356126785,10.004898597116528,29,2.5217391304347827,17,1.4782608695652173,3,0.2608695652173913,15.382599426504894,1.5375067800225635,1,0.08695652173913043,0.02564102564102564,0.02564102564102564,0.08695652173913043,0.7767140750543134
bayes_mean-fix-seed43,dense_circle,2,96,1542568514,success,47,11.75,0.31317132307822104,0,0.0,0,1.0287981280565206,14.168643253914853,15.936121344566343,9.983000153051552,26,2.2127659574468086,10,0.851063829787234,0,0.0,12.24977211190473,1.227063199849825,3,0.2553191489361702,0.0,0.0,0.06382978723404255,0.7888283499116608
bayes_mean-fix-seed43,dense_circle,2,97,1542568515,success,53,13.25,0.5099937484449047,0,0.0,0,1.6907233813725489,14.454603476344415,16.407939791679382,10.326956040676471,33,2.490566037735849,12,0.9056603773584906,7,0.5283018867924528,28.433000586932824,2.7532799089043385,9,0.6792452830188679,0.0,0.0,0.1320754716981132,0.757360708764849
bayes_mean-fix-seed43,dense_circle,2,98,1542568516,success,55,13.75,0.22574867547189081,0,0.0,0,0.805335142353001,14.450440284880726,16.171827539801598,9.885946928521507,32,2.327272727272727,15,1.0909090909090908,4,0.2909090909090909,22.12359001813113,2.237882741844723,10,0.7272727272727273,0.0,0.0,0.10909090909090909,0.7798887646519707
bayes_mean-fix-seed43,dense_circle,2,99,1542568517,success,47,11.75,0.21373633879491938,0,0.0,0,0.6559793157653789,13.751403686214001,15.130680426955223,9.703332286576384,34,2.893617021276596,22,1.872340425531915,1,0.0851063829787234,20.759487764002117,2.139418413272402,3,0.2553191489361702,0.025,0.025,0.06382978723404255,0.8085701392537951
bayes_mean-fix-seed43,dense_circle,2,100,1542568518,success,50,12.5,0.18056736756762026,0,0.0,1,0.5249382067062738,14.242139309644699,15.949660539627075,9.333934254279422,28,2.24,15,1.2,1,0.08,15.770821453472038,1.6896220847325374,6,0.48,0.0,0.0,0.04,0.8352722641487393
bayes_mean-fix-seed43,dense_circle,2,101,1542568519,success,41,10.25,0.4859196919395915,0,0.0,0,1.3315900833421348,14.433198585742858,16.471758484840393,9.750703850334876,16,1.5609756097560976,7,0.6829268292682927,0,0.0,5.516130744753918,0.5657161605379363,1,0.0975609756097561,0.0,0.0,0.0,0.7984826259198872
bayes_mean-fix-seed43,dense_circle,2,102,1542568520,success,64,16.0,0.19598287795737535,0,0.0,2,0.4512174974006754,14.317849767394364,15.807602927088737,13.790126014741464,39,2.4375,24,1.5,10,0.625,33.5168636125536,2.4304972686054147,9,0.5625,0.15789473684210525,0.10526315789473684,0.21875,0.560615815695628
bayes_mean-fix-seed43,dense_circle,2,103,1542568521,success,51,12.75,0.1865150512852387,0,0.0,2,0.5565724263313008,14.407960953665714,15.843715518712997,10.848278504099214,35,2.7450980392156863,16,1.2549019607843137,2,0.1568627450980392,18.087739390941064,1.6673373000247265,5,0.39215686274509803,0.0,0.0,0.0196078431372549,0.7179357719116279
bayes_mean-fix-seed43,dense_circle,2,104,1542568522,success,59,14.75,0.194820259771886,0,0.0,1,0.6842303734338734,14.144336457474758,15.364998579025269,11.483960176586955,43,2.9152542372881354,22,1.4915254237288136,8,0.5423728813559322,38.84265023409261,3.382339335631229,5,0.3389830508474576,0.019230769230769232,0.019230769230769232,0.0847457627118644,0.6742245015898458
bayes_mean-fix-seed43,dense_circle,2,105,1542568523,success,45,11.25,0.20002980587817965,0,0.0,0,1.0269961828460072,13.854432437154982,15.264156460762024,10.262504678973807,23,2.0444444444444443,9,0.8,1,0.08888888888888889,7.747495972761795,0.754932271907768,2,0.17777777777777778,0.0,0.0,0.022222222222222223,0.7575373862036308
bayes_mean-fix-seed43,dense_circle,2,106,1542568524,success,59,14.75,0.3105711670227964,0,0.0,0,1.0172459509079035,14.54838883068602,16.11619181931019,11.0626190616544,38,2.5762711864406778,20,1.3559322033898304,9,0.6101694915254238,33.78965229343541,3.0543989723516893,11,0.7457627118644068,0.15384615384615385,0.15384615384615385,0.13559322033898305,0.7059593489234846
bayes_mean-fix-seed43,dense_circle,2,107,1542568525,success,47,11.75,0.21574128775947798,0,0.0,0,0.5319853882143671,14.189988691756065,16.474223509430885,10.745997034083373,25,2.127659574468085,14,1.1914893617021276,3,0.2553191489361702,14.057144684671693,1.3081284724057025,3,0.2553191489361702,0.125,0.075,0.1276595744680851,0.7322024791783336
bayes_mean-fix-seed43,dense_circle,2,108,1542568526,timeout,101,25.25,0.20120602404887744,0,0.0,0,0.8964132420602299,15.07412948378242,16.253933310508728,20.41029911578563,72,2.8514851485148514,28,1.108910891089109,14,0.5544554455445545,54.70712855254098,2.680368780594189,16,0.6336633663366337,0.2978723404255319,0.23404255319148937,0.31683168316831684,0.347837214881913
bayes_mean-fix-seed43,dense_circle,2,109,1542568527,success,47,11.75,0.2048172394407095,0,0.0,0,0.7884442884331819,13.80311111186413,15.131011605262756,10.18789439057147,28,2.382978723404255,15,1.2765957446808511,2,0.1702127659574468,14.212974304656617,1.3950845738850821,3,0.2553191489361702,0.0,0.0,0.02127659574468085,0.7616002209501879
bayes_mean-fix-seed43,dense_circle,2,110,1542568528,success,55,13.75,0.1814749726103636,0,0.0,2,0.4805719515213297,14.6243692799048,16.198161989450455,9.655292739317362,41,2.981818181818182,21,1.5272727272727273,5,0.36363636363636365,30.06713154191131,3.1140569585710027,11,0.8,0.0,0.0,0.07272727272727272,0.8044114313069328
bayes_mean-fix-seed43,dense_circle,2,111,1542568529,success,53,13.25,0.1915161345368197,0,0.0,1,0.3830773469251274,14.358128579157704,15.799560397863388,10.57667140595297,37,2.792452830188679,20,1.509433962264151,4,0.3018867924528302,28.16980187226519,2.663390096094893,7,0.5283018867924528,0.0,0.0,0.05660377358490566,0.7424580236609477
bayes_mean-fix-seed43,dense_circle,2,112,1542568530,timeout,101,25.25,0.048985096114247284,0,0.0,10,0.6425389231709571,14.5925270522585,15.987079590559006,19.797549633931272,72,2.8514851485148514,32,1.2673267326732673,19,0.7524752475247525,67.49824604628392,3.409424261808533,18,0.7128712871287128,0.4148936170212766,0.2872340425531915,0.297029702970297,0.36812647300945833
bayes_mean-fix-seed43,dense_circle,2,113,1542568531,success,44,11.0,0.24480462373973966,0,0.0,0,0.9215249443656668,14.2745009877465,15.727941319346428,10.022785021916768,23,2.090909090909091,9,0.8181818181818182,0,0.0,10.977652004778811,1.0952696262340298,1,0.09090909090909091,0.0,0.0,0.0,0.7718843023439783
bayes_mean-fix-seed43,dense_circle,2,114,1542568532,success,52,13.0,0.1674496789397295,0,0.0,2,0.9848131249283252,14.596897607239393,16.474601067602634,9.136074310349626,35,2.6923076923076925,19,1.4615384615384615,5,0.38461538461538464,23.311291975060737,2.55156549554911,8,0.6153846153846154,0.0,0.0,0.019230769230769232,0.8492831631221893
bayes_mean-fix-seed43,dense_circle,2,115,1542568533,success,55,13.75,0.15785901728425145,0,0.0,1,0.7917731927511725,14.448498528112065,16.136953234672546,10.933812736871845,39,2.8363636363636364,19,1.3818181818181818,7,0.509090909090909,32.8723823787393,3.0064885113574813,9,0.6545454545454545,0.125,0.125,0.12727272727272726,0.7060139290670103
bayes_mean-fix-seed43,dense_circle,2,116,1542568534,success,53,13.25,0.2085990288700289,0,0.0,0,0.8559998588640539,14.390056003939431,16.29970744252205,11.827145852142618,28,2.1132075471698113,11,0.8301886792452831,2,0.1509433962264151,14.821316147874084,1.253160849892541,5,0.37735849056603776,0.043478260869565216,0.043478260869565216,0.1509433962264151,0.6616576984669182
bayes_mean-fix-seed43,dense_circle,2,117,1542568535,success,53,13.25,0.16004650506844587,0,0.0,1,0.5929380435467297,14.210088424525171,16.233721375465393,10.02448284221657,36,2.7169811320754715,18,1.3584905660377358,1,0.07547169811320754,17.93983215252861,1.789601761497138,4,0.3018867924528302,0.13043478260869565,0.13043478260869565,0.07547169811320754,0.7736697644418098
bayes_mean-fix-seed43,dense_circle,2,118,1542568536,success,44,11.0,0.34960608901459933,0,0.0,0,1.194605818241706,14.072738841853358,15.499004162847996,9.735011257384555,24,2.1818181818181817,14,1.2727272727272727,3,0.2727272727272727,14.964566123747765,1.5371904282489965,5,0.45454545454545453,0.0,0.0,0.06818181818181818,0.7945990544221427
bayes_mean-fix-seed43,dense_circle,2,119,1542568537,success,42,10.5,0.19009895890238493,0,0.0,1,0.5638546574017953,13.811581457654635,15.480880998075007,9.667921367357028,24,2.2857142857142856,10,0.9523809523809523,3,0.2857142857142857,14.584146628466055,1.5085090242570933,7,0.6666666666666666,0.0,0.0,0.09523809523809523,0.7982334135454862
bayes_mean-fix-seed43,dense_circle,2,120,1542568538,success,58,14.5,0.2379668194123038,0,0.0,0,0.7841917493663527,14.360718621776021,16.132661141455173,10.889487258971913,36,2.4827586206896552,21,1.4482758620689655,4,0.27586206896551724,28.12677070248778,2.582928840778427,5,0.3448275862068966,0.0784313725490196,0.0784313725490196,0.1206896551724138,0.7132414198168818
bayes_mean-fix-seed43,dense_circle,2,121,1542568539,success,65,16.25,0.25049045610939125,0,0.0,0,0.69749063662772,14.353617968467566,15.915989875793457,13.272400278621543,49,3.0153846153846153,28,1.7230769230769232,8,0.49230769230769234,41.531665054482424,3.1291751441055737,10,0.6153846153846154,0.1724137931034483,0.15517241379310345,0.13846153846153847,0.5871788036039187
bayes_mean-fix-seed43,dense_circle,2,122,1542568540,timeout,101,25.25,0.2136184581881776,0,0.0,0,0.8664437281270697,14.492056046677108,16.146056354045868,19.4156959834899,70,2.772277227722772,28,1.108910891089109,19,0.7524752475247525,66.31976985047636,3.415781227048016,22,0.8712871287128713,0.32978723404255317,0.2127659574468085,0.31683168316831684,0.36162340929777553
bayes_mean-fix-seed43,dense_circle,2,123,1542568541,success,70,17.5,0.21340282599728755,0,0.0,0,1.197227179595074,14.31155087692397,15.641467645764351,12.971068768910389,43,2.4571428571428573,22,1.2571428571428571,12,0.6857142857142857,45.418917787588754,3.50155554617448,9,0.5142857142857142,0.19047619047619047,0.19047619047619047,0.2,0.5948519285568143
bayes_mean-fix-seed43,dense_circle,2,124,1542568542,success,63,15.75,0.24065070383664544,0,0.0,0,0.7631377582753442,14.103478323372583,15.385182201862335,13.231436556269948,45,2.857142857142857,25,1.5873015873015872,7,0.4444444444444444,32.799176990821735,2.4788825348884185,3,0.19047619047619047,0.17857142857142858,0.17857142857142858,0.23809523809523808,0.590428159171409
bayes_mean-fix-seed43,dense_circle,2,125,1542568543,success,52,13.0,0.14589836869806605,0,0.0,2,0.8133791150577933,13.74874385790183,15.482135489583015,10.974511634800612,31,2.3846153846153846,14,1.0769230769230769,7,0.5384615384615384,27.702268103246304,2.524236979748722,10,0.7692307692307693,0.13333333333333333,0.044444444444444446,0.11538461538461539,0.7036046526068754
bayes_mean-fix-seed43,dense_circle,2,126,1542568544,success,56,14.0,0.20636614948569454,0,0.0,0,0.5657061857237003,14.361600790705,16.2357147783041,9.087698257315287,31,2.2142857142857144,13,0.9285714285714286,2,0.14285714285714285,14.63397590422651,1.6103060962050164,6,0.42857142857142855,0.08163265306122448,0.04081632653061224,0.03571428571428571,0.8531483591890906
bayes_mean-fix-seed43,dense_circle,2,127,1542568545,success,54,13.5,0.19028163428158906,0,0.0,1,1.0729963038122616,14.124934044149187,15.908027067780495,10.199215951289624,31,2.2962962962962963,11,0.8148148148148148,2,0.14814814814814814,18.445332890004064,1.8085049849024692,1,0.07407407407407407,0.0,0.0,0.09259259259259259,0.7587115975350732
bayes_mean-fix-seed43,dense_circle,2,128,1542568546,success,62,15.5,0.5884263554120474,0,0.0,0,1.568165470115994,14.208857210413102,16.22474640607834,9.84207204068076,29,1.8709677419354838,11,0.7096774193548387,7,0.45161290322580644,24.67096012997739,2.506683554845321,11,0.7096774193548387,0.32727272727272727,0.2727272727272727,0.16129032258064516,0.7897212880350682
bayes_mean-fix-seed43,dense_circle,2,129,1542568547,success,43,10.75,0.21691220825931823,0,0.0,0,0.5240061256657311,14.011347363161486,15.877635031938553,10.04875940227162,20,1.8604651162790697,13,1.2093023255813953,1,0.09302325581395349,12.057492908257322,1.1998986566970256,1,0.09302325581395349,0.0,0.0,0.023255813953488372,0.7690615853573589
bayes_mean-fix-seed43,dense_circle,2,130,1542568548,success,42,10.5,0.263968481854173,0,0.0,0,1.4074640345127372,14.358086422795342,16.485201939940453,9.96818256986915,18,1.7142857142857142,9,0.8571428571428571,0,0.0,10.197210391025283,1.0229758854787048,3,0.2857142857142857,0.0,0.0,0.07142857142857142,0.7792672153803885
bayes_mean-fix-seed43,dense_circle,2,131,1542568549,success,41,10.25,0.4517830017702317,0,0.0,0,0.9791142509917286,13.918503028590505,15.564247965812683,9.51481425737841,18,1.7560975609756098,9,0.8780487804878049,0,0.0,5.481612476415636,0.5761134508921008,1,0.0975609756097561,0.0,0.0,0.0,0.8145261990389906
bayes_mean-fix-seed43,dense_circle,2,132,1542568550,success,58,14.5,0.21075483216135982,0,0.0,0,0.6721427837874723,13.922668993473053,15.395388379693031,10.725756790639164,45,3.103448275862069,19,1.3103448275862069,6,0.41379310344827586,35.336274189133626,3.2945250278258347,9,0.6206896551724138,0.0,0.0,0.1206896551724138,0.7214082461015902
bayes_mean-fix-seed43,dense_circle,2,133,1542568551,success,50,12.5,0.2502116722330219,0,0.0,0,0.7876959377382589,14.010072275996208,15.370219200849533,10.51320240429819,33,2.64,19,1.52,1,0.08,18.934443371668646,1.801015774596667,5,0.4,0.0,0.0,0.08,0.7429056893948573
bayes_mean-fix-seed43,dense_circle,2,134,1542568552,success,45,11.25,0.1773980657023808,0,0.0,1,0.296830416984415,14.149968243307537,15.678620338439941,9.649591331401302,25,2.2222222222222223,13,1.1555555555555554,4,0.35555555555555557,19.12696083567043,1.9821524227070906,3,0.26666666666666666,0.0,0.0,0.044444444444444446,0.8003937595556115
bayes_mean-fix-seed43,dense_circle,2,135,1542568553,success,61,15.25,0.20144556551841264,0,0.0,0,0.6377975340156469,14.337876109314747,15.855707228183746,12.439335727609835,42,2.7540983606557377,22,1.4426229508196722,7,0.45901639344262296,27.63029933330045,2.221203763475358,5,0.32786885245901637,0.14814814814814814,0.037037037037037035,0.14754098360655737,0.6240518540577968
bayes_mean-fix-seed43,dense_circle,2,136,1542568554,success,54,13.5,0.19638963066440163,0,0.0,1,0.5634624201529275,14.517866764907483,16.360944136977196,9.342668807198887,37,2.740740740740741,24,1.7777777777777777,13,0.9629629629629629,43.1555053926299,4.619183905928134,15,1.1111111111111112,0.0425531914893617,0.0425531914893617,0.1111111111111111,0.8280824939276149
bayes_mean-fix-seed43,dense_circle,2,137,1542568555,success,51,12.75,0.1479017645816233,0,0.0,3,0.8536085572956319,14.232670194378086,15.912186354398727,10.138722289055483,33,2.588235294117647,18,1.411764705882353,4,0.3137254901960784,19.13517667135779,1.88733610861536,6,0.47058823529411764,0.09090909090909091,0.09090909090909091,0.058823529411764705,0.7622005941395056
bayes_mean-fix-seed43,dense_circle,2,138,1542568556,success,55,13.75,0.215127057230592,0,0.0,0,0.5170426938470432,13.991440290754491,15.5278779566288,11.26731236823505,35,2.5454545454545454,16,1.1636363636363636,6,0.43636363636363634,30.575064166451074,2.7136075727028466,9,0.6545454545454545,0.08333333333333333,0.08333333333333333,0.12727272727272726,0.6886084925116415
bayes_mean-fix-seed43,dense_circle,2,139,1542568557,success,53,13.25,0.19048991156806327,0,0.0,2,0.743790247312587,14.265684024342951,15.96222072839737,11.220148380502009,32,2.4150943396226414,18,1.3584905660377358,6,0.4528301886792453,25.013789099752476,2.2293634853546664,9,0.6792452830188679,0.15217391304347827,0.15217391304347827,0.09433962264150944,0.6933575564441393
bayes_mean-fix-seed43,dense_circle,2,140,1542568558,success,48,12.0,0.20666759493530973,0,0.0,0,0.6192358737131264,14.342798773820201,16.05947520583868,9.794664365572267,38,3.1666666666666665,21,1.75,0,0.0,16.777409053846434,1.7129131155140087,9,0.75,0.0,0.0,0.0625,0.794876423586015
bayes_mean-fix-seed43,dense_circle,2,141,1542568559,success,57,14.25,0.23393585606589684,0,0.0,0,0.9652013132995344,14.363015103235579,15.974955260753632,10.536005950216952,37,2.5964912280701755,23,1.6140350877192982,9,0.631578947368421,31.851904775123156,3.0231479486272765,9,0.631578947368421,0.0,0.0,0.14035087719298245,0.742790582488043
bayes_mean-fix-seed43,dense_circle,2,142,1542568560,success,48,12.0,0.19347350520429885,0,0.0,2,0.6284016228588157,13.980650575831532,15.27307853102684,10.415138414345801,29,2.4166666666666665,16,1.3333333333333333,0,0.0,14.324598448045782,1.3753632336095596,3,0.25,0.12195121951219512,0.12195121951219512,0.0625,0.7406323276342983
bayes_mean-fix-seed43,dense_circle,2,143,1542568561,success,55,13.75,0.2070152370914602,0,0.0,0,0.8315078153134817,14.05375518582084,15.56120403110981,9.689296157244009,36,2.618181818181818,24,1.7454545454545454,11,0.8,43.32552969253477,4.4714836856486535,15,1.0909090909090908,0.14583333333333334,0.14583333333333334,0.07272727272727272,0.8093666096142303
bayes_mean-fix-seed43,dense_circle,2,144,1542568562,success,54,13.5,0.19513985019158075,0,0.0,1,0.4441302327741169,14.221547861342076,15.907283686101435,11.800078916589678,38,2.814814814814815,21,1.5555555555555556,7,0.5185185185185185,27.96667575695692,2.37004141706533,7,0.5185185185185185,0.14893617021276595,0.14893617021276595,0.12962962962962962,0.6648503778494883
bayes_mean-fix-seed43,dense_circle,2,145,1542568563,success,64,16.0,0.19539209334109875,0,0.0,1,1.0322574851966633,14.449787908233702,15.801383927464485,13.18572191088692,43,2.6875,21,1.3125,6,0.375,32.910103090606334,2.495889365256049,7,0.4375,0.10526315789473684,0.017543859649122806,0.125,0.5850725840311672
bayes_mean-fix-seed43,dense_circle,2,146,1542568564,success,48,12.0,0.16515652021071048,0,0.0,1,0.8772765163631036,14.152575129022201,16.020089201629162,10.599733602695721,23,1.9166666666666667,8,0.6666666666666666,3,0.25,17.194353762911774,1.622149613131684,5,0.4166666666666667,0.04878048780487805,0.04878048780487805,0.10416666666666667,0.7274721520378223
bayes_mean-fix-seed43,dense_circle,2,147,1542568565,success,57,14.25,0.21070517934457345,0,0.0,0,0.6836394833566188,14.362744594875135,15.704072266817093,11.702276597834434,29,2.0350877192982457,12,0.8421052631578947,5,0.3508771929824561,19.574165166102535,1.6726800979669918,4,0.2807017543859649,0.12,0.08,0.17543859649122806,0.6626192295994543
bayes_mean-fix-seed43,dense_circle,2,148,1542568566,success,50,12.5,0.2065726654746053,0,0.0,0,0.6117235835239518,14.421449899673462,16.18072334676981,10.711810719453872,32,2.56,14,1.12,3,0.24,15.987835157689643,1.492542724700494,1,0.08,0.0,0.0,0.04,0.7285339178966158
bayes_mean-fix-seed43,dense_circle,2,149,1542568567,success,59,14.75,0.4159967900617504,0,0.0,0,1.4344511686058452,14.676177905777754,16.013534739613533,9.850351692356217,35,2.3728813559322033,17,1.152542372881356,6,0.4067796610169492,23.76999861453473,2.4131116691985763,8,0.5423728813559322,0.28846153846153844,0.28846153846153844,0.1694915254237288,0.7871059467934948
bayes_mean-fix-seed43,dense_circle,2,150,1542568568,success,53,13.25,0.16487909087394803,0,0.0,3,0.5120225212395388,14.171645185857448,15.581999719142914,10.329674426012469,41,3.0943396226415096,18,1.3584905660377358,6,0.4528301886792453,29.997651457232475,2.9040268085983008,11,0.8301886792452831,0.0,0.0,0.09433962264150944,0.7568605251654199
bayes_mean-fix-seed43,dense_circle,2,151,1542568569,success,41,10.25,0.5493767389672032,0,0.0,0,1.4133578634499528,14.072423391952746,15.816602855920792,9.517837191550221,21,2.048780487804878,13,1.2682926829268293,1,0.0975609756097561,12.635663258222625,1.3275771589621599,3,0.2926829268292683,0.0,0.0,0.0,0.8258345566412313
bayes_mean-fix-seed43,dense_circle,2,152,1542568570,success,55,13.75,0.26976761687292494,0,0.0,0,1.0326095217916014,14.240504056215286,16.34989343583584,12.02164042102351,37,2.690909090909091,19,1.3818181818181818,8,0.5818181818181818,26.566391053979167,2.2098806921158376,3,0.21818181818181817,0.20833333333333334,0.08333333333333333,0.23636363636363636,0.6473306983407882
bayes_mean-fix-seed43,dense_circle,2,153,1542568571,success,51,12.75,0.2145457710308818,0,0.0,0,0.6601197247187806,13.861112734850716,15.767836943268776,9.489434071369304,28,2.196078431372549,11,0.8627450980392157,2,0.1568627450980392,12.111291634212739,1.276292299743551,6,0.47058823529411764,0.0,0.0,0.0784313725490196,0.8165705913676703
bayes_mean-fix-seed43,dense_circle,2,154,1542568572,success,59,14.75,0.45824050316372167,0,0.0,0,0.8495646010868989,14.500085011882296,16.22349619865417,10.614674032681016,45,3.0508474576271185,23,1.5593220338983051,13,0.8813559322033898,50.64157140215153,4.770902172429751,17,1.152542372881356,0.07692307692307693,0.07692307692307693,0.1694915254237288,0.7294995546906994
bayes_mean-fix-seed43,dense_circle,2,155,1542568573,success,55,13.75,0.22041802078491501,0,0.0,0,0.8684177186398159,14.109574867920442,15.4425498098135,10.50034127156924,35,2.5454545454545454,17,1.2363636363636363,3,0.21818181818181817,23.03950935620186,2.194167671348332,5,0.36363636363636365,0.0,0.0,0.07272727272727272,0.7424273285849764
bayes_mean-fix-seed43,dense_circle,2,156,1542568574,success,50,12.5,0.19861761527251076,0,0.0,1,0.706411926577811,14.556730166077614,16.139707528054714,10.39557280592783,33,2.64,15,1.2,5,0.4,23.34148281927176,2.245329166081337,3,0.24,0.0,0.0,0.08,0.7545022882223333
bayes_mean-fix-seed43,dense_circle,2,157,1542568575,success,57,14.25,0.1632515046533256,0,0.0,2,0.9051078768990994,14.22380172369773,16.290465742349625,11.613199575656866,32,2.245614035087719,18,1.263157894736842,9,0.631578947368421,31.355251189087884,2.6999666185719855,1,0.07017543859649122,0.2,0.2,0.19298245614035087,0.6646234833189897
bayes_mean-fix-seed43,dense_circle,2,158,1542568576,success,57,14.25,0.23902274284953684,0,0.0,0,1.0329116488498933,14.44524376277338,15.921163558959961,12.188676907116827,28,1.9649122807017543,7,0.49122807017543857,1,0.07017543859649122,11.60555403021141,0.9521586402405221,3,0.21052631578947367,0.16,0.04,0.14035087719298245,0.6438861640636053
bayes_mean-fix-seed43,dense_circle,2,159,1542568577,success,48,12.0,0.27384723363362395,0,0.0,0,1.3014026111234236,13.881423277780414,15.539768896996975,10.500007386471736,27,2.25,18,1.5,2,0.16666666666666666,15.694442955214424,1.4947078013902375,4,0.3333333333333333,0.0,0.0,0.020833333333333332,0.7383731723905199
bayes_mean-fix-seed43,dense_circle,2,160,1542568578,success,48,12.0,0.4879510529096688,0,0.0,0,1.3571589261321406,13.896196071679393,15.253672190010548,9.610800257178962,30,2.5,15,1.25,2,0.16666666666666666,18.27501985972299,1.9015086538784458,3,0.25,0.0,0.0,0.041666666666666664,0.8149928828314784
bayes_mean-fix-seed43,dense_circle,2,161,1542568579,timeout,101,25.25,0.19382023216261568,0,0.0,3,0.5510346036133347,14.497796239534226,15.759669244289398,14.674248767253472,92,3.6435643564356437,56,2.217821782178218,50,1.9801980198019802,151.0854458869681,10.295957788593919,40,1.5841584158415842,0.425531914893617,0.4148936170212766,0.297029702970297,0.23507427950496362
bayes_mean-fix-seed43,dense_circle,2,162,1542568580,success,52,13.0,0.19146292082794036,0,0.0,1,0.5440156647633315,14.133806555316998,15.425459295511246,10.430972249753829,29,2.230769230769231,12,0.9230769230769231,3,0.23076923076923078,17.751773202785124,1.7018330389292393,5,0.38461538461538464,0.0,0.0,0.038461538461538464,0.7480477999767896
bayes_mean-fix-seed43,dense_circle,2,163,1542568581,success,46,11.5,0.2290927096619596,0,0.0,0,0.6194894683508901,14.053094322266785,15.362287871539593,10.100409184438856,26,2.260869565217391,17,1.4782608695652173,1,0.08695652173913043,13.41498437063151,1.3281624660612006,3,0.2608695652173913,0.05128205128205128,0.05128205128205128,0.08695652173913043,0.7757196786431634
bayes_mean-fix-seed43,dense_circle,2,164,1542568582,success,57,14.25,0.0579099902850192,0,0.0,5,0.5197270441321951,14.299372897336358,15.73912650346756,10.919722377887874,39,2.736842105263158,18,1.263157894736842,1,0.07017543859649122,14.802463982927872,1.355571457833254,8,0.5614035087719298,0.16,0.08,0.12280701754385964,0.7140711685002716
bayes_mean-fix-seed43,dense_circle,2,165,1542568583,timeout,101,25.25,0.11972502594356238,0,0.0,8,0.8256826361652507,14.760722101915,15.859179198741913,18.21669416738702,81,3.207920792079208,38,1.504950495049505,20,0.7920792079207921,66.38703359347825,3.6442964340000628,15,0.594059405940594,0.2553191489361702,0.0851063829787234,0.22772277227722773,0.38352226242673043
bayes_mean-fix-seed43,dense_circle,2,166,1542568584,success,55,13.75,0.3009344761621605,0,0.0,0,1.6341351961261985,14.189612797715448,15.904222801327705,9.550661597923208,38,2.7636363636363637,20,1.4545454545454546,6,0.43636363636363634,23.46877151396361,2.457292751223318,4,0.2909090909090909,0.22916666666666666,0.22916666666666666,0.07272727272727272,0.8137275345577686
bayes_mean-fix-seed43,dense_circle,2,167,1542568585,success,46,11.5,0.191666351794324,0,0.0,1,0.46302642293396207,14.396485913058985,16.239110380411148,10.220482174112608,25,2.1739130434782608,14,1.2173913043478262,4,0.34782608695652173,17.23982554994351,1.686791802603027,5,0.43478260869565216,0.0,0.0,0.043478260869565216,0.7621002184110743
bayes_mean-fix-seed43,dense_circle,2,168,1542568586,success,50,12.5,0.2068424023893739,0,0.0,0,0.6947254973425879,13.752909675240517,15.046641230583191,9.589519810361535,30,2.4,14,1.12,9,0.72,30.939733438458685,3.226411129056547,8,0.64,0.18604651162790697,0.16279069767441862,0.18,0.8187369123604024
bayes_mean-fix-seed43,dense_circle,2,169,1542568587,success,58,14.5,0.1703848773307517,0,0.0,2,0.6180184652889115,14.28385727621358,15.723436698317528,11.234881913953373,44,3.0344827586206895,24,1.6551724137931034,5,0.3448275862068966,26.86939734242581,2.3916047848313258,5,0.3448275862068966,0.13725490196078433,0.11764705882352941,0.1206896551724138,0.7001813042443894
bayes_mean-fix-seed43,dense_circle,2,170,1542568588,timeout,101,25.25,0.1948123570037671,0,0.0,1,0.7134573584717472,14.309528993793053,15.50474762916565,17.02439546638998,73,2.891089108910891,32,1.2673267326732673,16,0.6336633663366337,67.8864527484907,3.987598436755887,15,0.594059405940594,0.40425531914893614,0.2872340425531915,0.26732673267326734,0.43088046155662024
bayes_mean-fix-seed43,dense_circle,2,171,1542568589,success,47,11.75,0.16907872769466337,0,0.0,4,0.4983067647750546,14.136311617937494,15.733091160655022,10.469115289589134,36,3.0638297872340425,19,1.6170212765957446,1,0.0851063829787234,15.470807035750875,1.4777568694019068,3,0.2553191489361702,0.0,0.0,0.0425531914893617,0.7420680647391484
bayes_mean-fix-seed43,dense_circle,2,172,1542568590,success,66,16.5,0.20334404696319952,0,0.0,0,0.8839985665935112,14.185325383688465,15.475014224648476,13.054821324177903,44,2.6666666666666665,23,1.393939393939394,7,0.42424242424242425,30.389571397129682,2.327842767242423,5,0.30303030303030304,0.13559322033898305,0.0847457627118644,0.18181818181818182,0.5943447249776425
bayes_mean-fix-seed43,dense_circle,2,173,1542568591,success,60,15.0,0.20763219987661286,0,0.0,0,0.8592692637784839,14.2683249587814,15.721727348864079,11.279885225684504,39,2.6,27,1.8,5,0.3333333333333333,26.931551719098856,2.387573204891768,6,0.4,0.22641509433962265,0.18867924528301888,0.11666666666666667,0.6880989865677227
bayes_mean-fix-seed43,dense_circle,2,174,1542568592,success,70,17.5,0.20817564534264354,0,0.0,0,0.42551845771973784,14.162627660802432,15.51072709262371,14.23767492151839,48,2.742857142857143,24,1.3714285714285714,8,0.45714285714285713,34.27624137514991,2.407432503136157,9,0.5142857142857142,0.12698412698412698,0.06349206349206349,0.11428571428571428,0.544595000198531
bayes_mean-fix-seed43,dense_circle,2,175,1542568593,success,55,13.75,0.19312558488154252,0,0.0,1,0.649661167095061,13.967374576763673,15.353870019316673,11.237795801745445,40,2.909090909090909,22,1.6,4,0.2909090909090909,23.88181252838502,2.1251331622056804,3,0.21818181818181817,0.125,0.125,0.10909090909090909,0.6887728437773715
bayes_mean-fix-seed43,dense_circle,2,176,1542568594,success,58,14.5,0.5930128277668688,0,0.0,0,1.3735603042844944,14.004675928374816,15.44810738414526,10.504377525241205,32,2.206896551724138,18,1.2413793103448276,10,0.6896551724137931,35.47253322371362,3.3769286317514644,14,0.9655172413793104,0.23529411764705882,0.21568627450980393,0.15517241379310345,0.7364106829370373
bayes_mean-fix-seed43,dense_circle,2,177,1542568595,success,48,12.0,0.1809281293037871,0,0.0,1,0.5299484142954953,13.805438221121827,15.421193465590477,10.607823381837171,28,2.3333333333333335,13,1.0833333333333333,5,0.4166666666666667,17.963331692414087,1.693404108063403,7,0.5833333333333334,0.04878048780487805,0.04878048780487805,0.10416666666666667,0.7425634308539325
bayes_mean-fix-seed43,dense_circle,2,178,1542568596,success,55,13.75,0.22940639131600649,0,0.0,0,0.8161078837232112,13.849601962349631,15.63582010567188,12.087440556901246,32,2.327272727272727,15,1.0909090909090908,6,0.43636363636363634,23.606055553662173,1.9529407770435279,5,0.36363636363636365,0.20833333333333334,0.10416666666666667,0.18181818181818182,0.6421259498107239
bayes_mean-fix-seed43,dense_circle,2,179,1542568597,success,51,12.75,0.19217987108651524,0,0.0,2,0.7364485786510632,14.124436924854914,15.965038910508156,10.88109241575217,35,2.7450980392156863,20,1.5686274509803921,5,0.39215686274509803,21.25278498532821,1.9531848617112477,6,0.47058823529411764,0.1590909090909091,0.1590909090909091,0.0784313725490196,0.7104687302365379
bayes_mean-fix-seed43,dense_circle,2,180,1542568598,success,43,10.75,0.2899523359983206,0,0.0,0,1.4377478565736075,13.675957744897799,15.281229466199875,10.03551547730101,17,1.5813953488372092,9,0.8372093023255814,0,0.0,6.5442079752251985,0.6521048161429595,1,0.09302325581395349,0.0,0.0,0.0,0.772312162631398
bayes_mean-fix-seed43,dense_circle,2,181,1542568599,success,51,12.75,0.28921397764549583,0,0.0,0,0.8542435165714477,14.054384301690494,15.529181808233261,11.343015251629405,26,2.0392156862745097,9,0.7058823529411765,1,0.0784313725490196,12.5873914230934,1.1097041786385011,1,0.0784313725490196,0.09090909090909091,0.0,0.09803921568627451,0.6823733003228025
bayes_mean-fix-seed43,dense_circle,2,182,1542568600,success,54,13.5,0.1876382268627046,0,0.0,1,1.005608643540363,13.999212188301263,15.30253030359745,10.711062635395061,35,2.5925925925925926,13,0.9629629629629629,6,0.4444444444444444,22.331223881695273,2.0848747357616046,4,0.2962962962962963,0.19148936170212766,0.10638297872340426,0.2037037037037037,0.7196440685200232
bayes_mean-fix-seed43,dense_circle,2,183,1542568601,success,50,12.5,0.17412767675023477,0,0.0,3,0.6389503409778784,14.169376119971275,15.904157236218452,8.922427325592109,34,2.72,14,1.12,1,0.08,12.193231599985749,1.3665823385315816,7,0.56,0.0,0.0,0.04,0.8748009021645287
bayes_mean-fix-seed43,dense_circle,2,184,1542568602,success,52,13.0,0.18051573450539116,0,0.0,3,0.48115682743020083,14.161852761529959,16.12799223512411,11.165026337089792,31,2.3846153846153846,16,1.2307692307692308,5,0.38461538461538464,23.907394577142963,2.141275251427174,7,0.5384615384615384,0.0,0.0,0.019230769230769232,0.690268171294041
bayes_mean-fix-seed43,dense_circle,2,185,1542568603,success,52,13.0,0.29814196453763,0,0.0,0,0.7576071606284933,14.20941476065379,15.711958520114422,9.1311580164169,28,2.1538461538461537,16,1.2307692307692308,2,0.15384615384615385,16.09472223907311,1.7626156737334326,3,0.23076923076923078,0.2,0.17777777777777778,0.1346153846153846,0.8535319354227515
bayes_mean-fix-seed43,dense_circle,2,186,1542568604,success,46,11.5,0.24396598694616023,0,0.0,0,0.8904416897524381,13.71602284843507,15.33547230064869,10.156488798165553,22,1.9130434782608696,10,0.8695652173913043,2,0.17391304347826086,14.286230260399428,1.406611137402109,3,0.2608695652173913,0.0,0.0,0.043478260869565216,0.7733321703695657
bayes_mean-fix-seed43,dense_circle,2,187,1542568605,success,52,13.0,0.19264936136806687,0,0.0,1,0.7239911979413594,13.756959770734493,15.273402817547321,10.438898441989483,31,2.3846153846153846,10,0.7692307692307693,1,0.07692307692307693,13.63600574561798,1.306268647156144,4,0.3076923076923077,0.13333333333333333,0.06666666666666667,0.057692307692307696,0.7398154757972722
bayes_mean-fix-seed43,dense_circle,2,188,1542568606,success,45,11.25,0.2177032552671485,0,0.0,0,1.0347665997150035,13.842841900057262,15.27230441570282,10.000396837080158,24,2.1333333333333333,15,1.3333333333333333,2,0.17777777777777778,18.45912953122837,1.8458397033590048,9,0.8,0.0,0.0,0.022222222222222223,0.783502806818174
bayes_mean-fix-seed43,dense_circle,2,189,1542568607,success,55,13.75,0.2149301484812518,0,0.0,0,1.3229879636085906,14.161830598657781,15.863484516739845,10.35131166143735,36,2.618181818181818,16,1.1636363636363636,5,0.36363636363636365,24.334936270668397,2.3509036406782604,7,0.509090909090909,0.10416666666666667,0.08333333333333333,0.09090909090909091,0.7449635016442344
bayes_mean-fix-seed43,dense_circle,2,190,1542568608,success,44,11.0,0.1924380329944756,0,0.0,2,0.6230422102105998,14.177453026852824,16.048352234065533,10.024558505946667,24,2.1818181818181817,13,1.1818181818181819,2,0.18181818181818182,16.376714956870686,1.6336594721010265,7,0.6363636363636364,0.0,0.0,0.045454545454545456,0.7718854807321476
bayes_mean-fix-seed43,dense_circle,2,191,1542568609,success,48,12.0,0.20877897637466536,0,0.0,0,0.8869072648600921,14.070188937087854,16.057979874312878,10.3405350252747,34,2.8333333333333335,16,1.3333333333333333,3,0.25,20.560659207926307,1.9883554533369132,7,0.5833333333333334,0.0,0.0,0.0625,0.7506899216276592
bayes_mean-fix-seed43,dense_circle,2,192,1542568610,timeout,101,25.25,0.1915127639345059,0,0.0,1,0.8377401032389188,14.61598229142699,15.82227647304535,18.621017441906695,69,2.732673267326733,18,0.7128712871287128,19,0.7524752475247525,70.5351467430584,3.787931941050584,23,0.9108910891089109,0.46808510638297873,0.44680851063829785,0.3069306930693069,0.39145448862692006
bayes_mean-fix-seed43,dense_circle,2,193,1542568611,success,62,15.5,0.2027847374222349,0,0.0,0,1.0375303362796122,14.277155060441263,15.640439093112946,11.328693143619127,44,2.838709677419355,19,1.2258064516129032,9,0.5806451612903226,35.41144349877292,3.1258189316142238,8,0.5161290322580645,0.12727272727272726,0.07272727272727272,0.1935483870967742,0.6843641022899576
bayes_mean-fix-seed43,dense_circle,2,194,1542568612,success,56,14.0,0.18841177461158398,0,0.0,1,0.9080870102745163,14.223960294787373,15.767511911690235,9.946399811894285,39,2.7857142857142856,17,1.2142857142857142,2,0.14285714285714285,23.95214868350336,2.4081224499803904,9,0.6428571428571429,0.20408163265306123,0.16326530612244897,0.10714285714285714,0.7931989051248931
bayes_mean-fix-seed43,dense_circle,2,195,1542568613,success,48,12.0,0.2045651296987121,0,0.0,0,0.8123082332344792,14.110641398777565,15.724975243210793,10.775119386814454,27,2.25,11,0.9166666666666666,6,0.5,17.54643068694382,1.6284209999951775,7,0.5833333333333334,0.0,0.0,0.041666666666666664,0.7212743197795334
bayes_mean-fix-seed43,dense_circle,2,196,1542568614,success,49,12.25,0.20464914118693045,0,0.0,0,0.8833509494214161,14.322458937460063,15.606018155813217,9.521094677357263,33,2.693877551020408,16,1.3061224489795917,7,0.5714285714285714,24.175584101060252,2.5391601407508095,1,0.08163265306122448,0.0,0.0,0.08163265306122448,0.8133959444976416
bayes_mean-fix-seed43,dense_circle,2,197,1542568615,success,73,18.25,0.10474698213999944,0,0.0,7,0.9558308630676529,14.189232957281478,15.325867384672163,14.660230526434901,52,2.8493150684931505,25,1.36986301369863,9,0.4931506849315068,39.941013565572575,2.7244464876286973,12,0.6575342465753424,0.18181818181818182,0.16666666666666666,0.1780821917808219,0.5293565175509543
bayes_mean-fix-seed43,dense_circle,2,198,1542568616,success,43,10.75,0.41231756467722647,0,0.0,0,1.212635053291649,13.76942060021467,15.084884688258171,9.872118280675629,22,2.046511627906977,14,1.302325581395349,3,0.27906976744186046,12.900689948886708,1.306780326380349,3,0.27906976744186046,0.0,0.0,0.046511627906976744,0.7923067540700699
bayes_mean-fix-seed43,dense_circle,2,199,1542568617,success,51,12.75,0.1758534734153957,0,0.0,2,0.7553651498702897,13.968876763886096,15.641719102859497,8.967639151731982,25,1.9607843137254901,9,0.7058823529411765,3,0.23529411764705882,19.241928612286102,2.1457072800001966,9,0.7058823529411765,0.1590909090909091,0.13636363636363635,0.0784313725490196,0.875841478338861
bayes_mean-fix-seed43,dense_circle,2,200,1542568618,success,61,15.25,0.21926972891821594,0,0.0,0,0.861337330513245,14.170661629711995,15.590425580739975,10.523467374297786,46,3.0163934426229506,26,1.7049180327868851,17,1.1147540983606556,50.66860585208967,4.814820443672512,14,0.9180327868852459,0.037037037037037035,0.037037037037037035,0.14754098360655737,0.7389242735621515
bayes_mean-fix-seed43,dense_circle,2,201,1542568619,success,48,12.0,0.19875239682441592,0,0.0,1,0.694690581123988,14.052762106681863,15.701821632683277,10.457684437994903,27,2.25,12,1.0,4,0.3333333333333333,16.634121914921245,1.5906123400019687,1,0.08333333333333333,0.0,0.0,0.041666666666666664,0.7389145613742153
bayes_mean-fix-seed43,dense_circle,2,202,1542568620,success,63,15.75,0.24618355881598175,0,0.0,0,0.9624624931816183,14.387005023540013,15.997270867228508,12.937276098606729,42,2.6666666666666665,25,1.5873015873015872,9,0.5714285714285714,31.23135342906213,2.4140594350015894,1,0.06349206349206349,0.19642857142857142,0.125,0.19047619047619047,0.5991089268165818
bayes_mean-fix-seed43,dense_circle,2,203,1542568621,success,58,14.5,0.20857988504834124,0,0.0,0,0.4369596629539372,14.106284441619083,15.611294843256474,11.804087604565611,47,3.2413793103448274,26,1.793103448275862,3,0.20689655172413793,28.445447204899427,2.409796348334219,5,0.3448275862068966,0.1568627450980392,0.13725490196078433,0.13793103448275862,0.6598745360868663
bayes_mean-fix-seed43,dense_circle,2,204,1542568622,success,56,14.0,0.2172953038294423,0,0.0,0,0.62698259087458,14.15775842698557,15.871279872953892,12.308704606858964,34,2.4285714285714284,15,1.0714285714285714,4,0.2857142857142857,20.29294505319676,1.6486661839206556,6,0.42857142857142855,0.14285714285714285,0.10204081632653061,0.16071428571428573,0.6339911995756093
bayes_mean-fix-seed43,dense_circle,2,205,1542568623,success,62,15.5,0.20814508418543565,0,0.0,0,0.7996519692621685,14.07803817381782,15.570849180221558,12.449299317645439,41,2.6451612903225805,25,1.6129032258064515,11,0.7096774193548387,37.05018307051593,2.9760858121550333,7,0.45161290322580644,0.10909090909090909,0.10909090909090909,0.14516129032258066,0.6265076248396705
bayes_mean-fix-seed43,dense_circle,2,206,1542568624,success,56,14.0,0.20782405834416817,0,0.0,0,0.761533908032015,14.197282692683595,15.677634626626968,11.75565155861929,34,2.4285714285714284,21,1.5,6,0.42857142857142855,28.118320032723837,2.3918980494201,5,0.35714285714285715,0.14285714285714285,0.14285714285714285,0.125,0.6595435553954908
bayes_mean-fix-seed43,dense_circle,2,207,1542568625,success,56,14.0,0.19357267938854994,0,0.0,3,0.48447384116451625,14.03456081503204,15.525490045547485,11.819039042746233,41,2.9285714285714284,17,1.2142857142857142,4,0.2857142857142857,24.371430484196406,2.062048394632728,7,0.5,0.14285714285714285,0.10204081632653061,0.10714285714285714,0.6591811791083887
bayes_mean-fix-seed43,dense_circle,2,208,1542568626,success,60,15.0,0.17724886120833394,0,0.0,3,0.5249108930486452,14.208293706178665,15.558849088847637,12.39438548055381,45,3.0,19,1.2666666666666666,5,0.3333333333333333,32.69532100688711,2.637913840761568,7,0.4666666666666667,0.0,0.0,0.11666666666666667,0.6352136746418411
bayes_mean-fix-seed43,dense_circle,2,209,1542568627,success,60,15.0,0.21443501498548456,0,0.0,0,1.0899326104381,14.143952106436094,15.500681661069393,10.312044289011748,28,1.8666666666666667,12,0.8,11,0.7333333333333333,34.28575156494426,3.3248258642060224,5,0.3333333333333333,0.1320754716981132,0.1320754716981132,0.16666666666666666,0.7560604368240024
bayes_mean-fix-seed43,dense_circle,2,210,1542568628,success,59,14.75,0.1972259438628604,0,0.0,1,0.6122510716268953,14.402177058539149,16.310641542077065,10.292711391104717,45,3.0508474576271185,25,1.694915254237288,6,0.4067796610169492,28.669178891327164,2.7853864547396094,7,0.4745762711864407,0.15384615384615385,0.15384615384615385,0.15254237288135594,0.754462476281566
bayes_mean-fix-seed43,dense_circle,2,211,1542568629,success,62,15.5,0.1985701025525517,0,0.0,1,0.628037446194133,14.091218671491069,15.410892106592655,11.786561292920476,47,3.032258064516129,29,1.8709677419354838,8,0.5161290322580645,39.54256262192873,3.354885419013578,11,0.7096774193548387,0.01818181818181818,0.01818181818181818,0.12903225806451613,0.665907514994743
bayes_mean-fix-seed43,dense_circle,2,212,1542568630,success,72,18.0,0.20505360125914007,0,0.0,0,0.7127016161287715,14.330040042599043,15.582569688558578,14.737060882077069,54,3.0,29,1.6111111111111112,6,0.3333333333333333,36.98905950024926,2.5099346332506944,9,0.5,0.16923076923076924,0.1076923076923077,0.19444444444444445,0.5264750680136997
bayes_mean-fix-seed43,dense_circle,2,213,1542568631,success,46,11.5,0.4793059978100921,0,0.0,0,1.4180818699711752,13.792972849762958,15.103699639439583,10.047850526086071,22,1.9130434782608696,9,0.782608695652174,0,0.0,7.904785488632494,0.7867140805996481,1,0.08695652173913043,0.0,0.0,0.0,0.7724221645734486
bayes_mean-fix-seed43,dense_circle,2,214,1542568632,success,73,18.25,0.20784049474051136,0,0.0,0,1.5876443117501355,15.874242537642179,15.417646616697311,11.589260668287528,50,2.73972602739726,25,1.36986301369863,10,0.547945205479452,45.08856591111996,3.8905472231286358,10,0.547945205479452,0.3787878787878788,0.3333333333333333,0.1917808219178082,0.6830914721973913
bayes_mean-fix-seed43,dense_circle,2,215,1542568633,success,70,17.5,0.19852396356382696,0,0.0,1,0.8722792188832194,13.9961910034929,15.159561485052109,12.668206020903293,49,2.8,23,1.3142857142857143,15,0.8571428571428571,47.14681491248437,3.7216646804361506,15,0.8571428571428571,0.3333333333333333,0.30158730158730157,0.17142857142857143,0.6119063731313176
bayes_mean-fix-seed43,dense_circle,2,216,1542568634,success,55,13.75,0.16724779565414383,0,0.0,2,0.9028646582890997,14.03790983286771,15.676549822092056,11.043796407031875,39,2.8363636363636364,15,1.0909090909090908,5,0.36363636363636365,22.118263412691924,2.0027771789245086,3,0.21818181818181817,0.0,0.0,0.07272727272727272,0.6976107327063553
bayes_mean-fix-seed43,dense_circle,2,217,1542568635,timeout,101,25.25,0.18260370728018838,0,0.0,1,1.4895569518357459,14.27506880447416,15.448614954948425,18.78291520452504,72,2.8514851485148514,28,1.108910891089109,13,0.5148514851485149,58.14666802101753,3.095721158716048,11,0.43564356435643564,0.2765957446808511,0.05319148936170213,0.2376237623762376,0.35703240454469654
bayes_mean-fix-seed43,dense_circle,2,218,1542568636,success,48,12.0,0.22296811275040107,0,0.0,0,0.4988298244580441,13.83661424430708,15.366528555750847,10.540481715407891,23,1.9166666666666667,9,0.75,3,0.25,11.992113582499181,1.1377196893164114,3,0.25,0.12195121951219512,0.12195121951219512,0.125,0.7354963083328508
bayes_mean-fix-seed43,dense_circle,2,219,1542568637,success,52,13.0,0.1967941956818532,0,0.0,2,0.7321199049297845,14.323406422940584,16.012969985604283,10.868848280935328,34,2.6153846153846154,22,1.6923076923076923,6,0.46153846153846156,25.753662872266467,2.3694932716505095,3,0.23076923076923078,0.0,0.0,0.09615384615384616,0.716360773950511
bayes_mean-fix-seed43,dense_circle,2,220,1542568638,success,52,13.0,0.1936784232707498,0,0.0,1,0.8203154723186882,14.469877458535708,16.219904273748398,10.693132435075848,38,2.923076923076923,25,1.9230769230769231,1,0.07692307692307693,23.060535784856015,2.1565744111811744,5,0.38461538461538464,0.08888888888888889,0.08888888888888889,0.07692307692307693,0.7281803143469866
bayes_mean-fix-seed43,dense_circle,2,221,1542568639,success,58,14.5,0.22448844093372822,0,0.0,0,0.7921382249793273,14.15638484317681,15.582365542650223,11.677359430296415,43,2.9655172413793105,26,1.793103448275862,6,0.41379310344827586,26.437078853198265,2.2639603594463646,5,0.3448275862068966,0.17647058823529413,0.17647058823529413,0.15517241379310345,0.6699387011158293
bayes_mean-fix-seed43,dense_circle,2,222,1542568640,success,50,12.5,0.23012754219138754,0,0.0,0,0.6184424305082323,13.8292945176363,15.168562158942223,10.544296720344807,36,2.88,19,1.52,4,0.32,25.670230971967122,2.434513334818947,7,0.56,0.0,0.0,0.02,0.7314701826508635
bayes_mean-fix-seed43,dense_circle,2,223,1542568641,success,47,11.75,0.21319552362607874,0,0.0,0,0.8386761542548413,14.047176200658717,15.91583453118801,10.15592059118289,31,2.6382978723404253,19,1.6170212765957446,2,0.1702127659574468,16.262416049365555,1.6012744392156995,3,0.2553191489361702,0.0,0.0,0.02127659574468085,0.7741907063865917
bayes_mean-fix-seed43,dense_circle,2,224,1542568642,success,74,18.5,0.21275258870431124,0,0.0,0,1.073838539303322,14.39582702477236,15.662645921111107,13.371853022033507,50,2.7027027027027026,23,1.2432432432432432,9,0.4864864864864865,42.35490847696281,3.167467396416368,13,0.7027027027027027,0.3283582089552239,0.2835820895522388,0.17567567567567569,0.5778850208246724
bayes_mean-fix-seed43,dense_circle,2,225,1542568643,success,61,15.25,0.18647936172870805,0,0.0,2,0.8738609435112615,14.256028733292563,16.15515723824501,12.255613712345555,43,2.819672131147541,20,1.3114754098360655,10,0.6557377049180327,35.588916981084694,2.903886971015951,7,0.45901639344262296,0.18518518518518517,0.16666666666666666,0.21311475409836064,0.6383749673848689
bayes_mean-fix-seed43,dense_circle,2,226,1542568644,success,73,18.25,0.18893190397475157,0,0.0,2,0.6398984215267346,14.2119156885637,15.641583502292628,14.350013492229147,51,2.7945205479452055,28,1.5342465753424657,11,0.6027397260273972,41.5932610656657,2.898482366458358,8,0.4383561643835616,0.19696969696969696,0.16666666666666666,0.1780821917808219,0.5421933421429311
bayes_mean-fix-seed43,dense_circle,2,227,1542568645,success,48,12.0,0.1771490925421325,0,0.0,3,0.41675502383345053,14.261376733581224,16.001820750534534,10.39265036885682,35,2.9166666666666665,17,1.4166666666666667,0,0.0,13.669099203516115,1.3152659541475271,5,0.4166666666666667,0.0,0.0,0.0,0.7437687803203908
bayes_mean-fix-seed43,dense_circle,2,228,1542568646,success,55,13.75,0.18943750407148463,0,0.0,2,0.6403590869806021,14.316649802706458,15.952420234680176,10.479854112284347,33,2.4,16,1.1636363636363636,3,0.21818181818181817,16.931309339342597,1.6156054423978994,6,0.43636363636363634,0.10416666666666667,0.041666666666666664,0.05454545454545454,0.7465787752522661
bayes_mean-fix-seed43,dense_circle,2,229,1542568647,success,42,10.5,0.2041364792405862,0,0.0,0,0.972491255891397,13.967065140604973,15.431596152484417,9.748092366520412,20,1.9047619047619047,11,1.0476190476190477,0,0.0,6.806086150369484,0.6981967234681549,1,0.09523809523809523,0.0,0.0,0.0,0.7943716148315749
bayes_mean-fix-seed43,dense_circle,2,230,1542568648,success,48,12.0,0.20573879832280673,0,0.0,0,0.5092812306885185,13.832876846815148,15.43973833322525,10.075846184259046,32,2.6666666666666665,16,1.3333333333333333,0,0.0,17.8064945247693,1.7672455691699056,5,0.4166666666666667,0.0,0.0,0.0,0.7768235420961818
bayes_mean-fix-seed43,dense_circle,2,231,1542568649,success,58,14.5,0.17337291475629746,0,0.0,4,1.0788400173581343,14.2390261050956,15.542320907115936,11.561159415876086,37,2.5517241379310347,21,1.4482758620689655,12,0.8275862068965517,41.45062650454889,3.585334741395211,7,0.4827586206896552,0.09803921568627451,0.09803921568627451,0.1206896551724138,0.6678292540567369
bayes_mean-fix-seed43,dense_circle,2,232,1542568650,success,54,13.5,0.16190968344224022,0,0.0,3,0.656631770915061,13.937540904239372,15.315079502761364,11.398639740824088,39,2.888888888888889,23,1.7037037037037037,3,0.2222222222222222,22.824299488559497,2.0023704588903315,8,0.5925925925925926,0.0,0.0,0.018518518518518517,0.6789119457312537
bayes_mean-fix-seed43,dense_circle,2,233,1542568651,success,61,15.25,0.2238402506904037,0,0.0,0,1.2151381314809757,14.366880181382914,15.747439116239548,11.235209875695173,42,2.7540983606557377,22,1.4426229508196722,8,0.5245901639344263,30.173082796366547,2.6855824795617895,7,0.45901639344262296,0.2777777777777778,0.2777777777777778,0.08196721311475409,0.6963736914318119
bayes_mean-fix-seed43,dense_circle,2,234,1542568652,success,52,13.0,0.1883812661268801,0,0.0,1,0.7570404845811223,13.978928972322207,15.279303677380085,10.923510987651472,36,2.769230769230769,17,1.3076923076923077,2,0.15384615384615385,19.67240555582965,1.8009233091877146,5,0.38461538461538464,0.08888888888888889,0.08888888888888889,0.07692307692307693,0.7129715441341082
bayes_mean-fix-seed43,dense_circle,2,235,1542568653,success,64,16.0,0.24932349152992905,0,0.0,0,1.0805415790789488,14.069615514017642,15.403689816594124,12.905169387302877,49,3.0625,33,2.0625,11,0.6875,42.927635229158035,3.326390684293817,3,0.1875,0.22807017543859648,0.22807017543859648,0.21875,0.6026915216700116
bayes_mean-fix-seed43,dense_circle,2,236,1542568654,success,44,11.0,0.22381550233178482,0,0.0,0,0.7088348458131773,13.943847607482564,15.776290372014046,10.116403482506565,27,2.4545454545454546,14,1.2727272727272727,1,0.09090909090909091,8.924394006011488,0.8821706272830737,1,0.09090909090909091,0.0,0.0,0.045454545454545456,0.7749714822326537
bayes_mean-fix-seed43,dense_circle,2,237,1542568655,success,53,13.25,0.25014633614190285,0,0.0,0,1.2576299206626185,14.141413049315506,15.275535732507706,11.264168354062269,31,2.339622641509434,14,1.0566037735849056,4,0.3018867924528302,24.106326082708676,2.1400892924345416,3,0.22641509433962265,0.17391304347826086,0.08695652173913043,0.16981132075471697,0.6870201239962229
bayes_mean-fix-seed43,dense_circle,2,238,1542568656,success,52,13.0,0.19996404487326325,0,0.0,1,0.7089907650381189,13.932439212042551,15.27744699269533,10.795953148151147,37,2.8461538461538463,16,1.2307692307692308,7,0.5384615384615384,25.00367286646469,2.3160227284560486,4,0.3076923076923077,0.022222222222222223,0.0,0.17307692307692307,0.7276046322643533
bayes_mean-fix-seed43,dense_circle,2,239,1542568657,success,54,13.5,0.18443123965303798,0,0.0,3,0.9190362052288741,14.010496299575877,15.182708948850632,9.956065048306096,31,2.2962962962962963,14,1.037037037037037,3,0.2222222222222222,24.39122697636551,2.4498862610902066,5,0.37037037037037035,0.1702127659574468,0.14893617021276595,0.09259259259259259,0.7891760726497727
bayes_mean-fix-seed43,dense_circle,2,240,1542568658,timeout,101,25.25,0.23302968222293263,0,0.0,0,1.1027092621144308,14.29149969527037,15.35797119140625,16.906055371882378,75,2.9702970297029703,28,1.108910891089109,27,1.0693069306930694,90.8508041267201,5.373861739375367,18,0.7128712871287128,0.4148936170212766,0.4148936170212766,0.2376237623762376,0.4347373897048649
bayes_mean-fix-seed43,dense_circle,2,241,1542568659,success,52,13.0,0.21099518736825718,0,0.0,0,0.8279224869392,14.229047828568863,15.803220123052595,10.819504803248492,33,2.5384615384615383,17,1.3076923076923077,2,0.15384615384615385,18.55987012998706,1.715408465312994,5,0.38461538461538464,0.1111111111111111,0.1111111111111111,0.1346153846153846,0.7166529217412693
bayes_mean-fix-seed43,dense_circle,2,242,1542568660,success,52,13.0,0.1893827932289811,0,0.0,2,0.5175767321901317,14.019646681845188,15.506254509091377,10.803227004186326,36,2.769230769230769,15,1.1538461538461537,4,0.3076923076923077,21.539526019304684,1.9938048150758998,9,0.6923076923076923,0.044444444444444446,0.044444444444444446,0.07692307692307693,0.7189508191563155
bayes_mean-fix-seed43,dense_circle,2,243,1542568661,success,62,15.5,0.15318099607233215,0,0.0,3,0.6897069376129088,14.169869103258655,15.626564435660839,12.175576593081823,53,3.4193548387096775,29,1.8709677419354838,9,0.5806451612903226,39.85406844465692,3.2732797613299107,9,0.5806451612903226,0.10909090909090909,0.10909090909090909,0.14516129032258066,0.6361400272916138
bayes_mean-fix-seed43,dense_circle,2,244,1542568662,success,53,13.25,0.18405629155508174,0,0.0,3,0.4955814738223021,14.042030527906597,15.614232420921326,10.95803422977919,36,2.7169811320754715,18,1.3584905660377358,3,0.22641509433962265,21.197426152403388,1.9344186838546247,7,0.5283018867924528,0.10869565217391304,0.10869565217391304,0.11320754716981132,0.7097643872916718
bayes_mean-fix-seed43,dense_circle,2,245,1542568663,success,53,13.25,0.20347586548769647,0,0.0,0,0.5729565243323658,13.919600760037044,15.523630380630493,11.258452064433985,34,2.5660377358490565,18,1.3584905660377358,3,0.22641509433962265,24.5573442933076,2.181236297206921,5,0.37735849056603776,0.13043478260869565,0.13043478260869565,0.1320754716981132,0.6975139299739814
bayes_mean-fix-seed43,dense_circle,2,246,1542568664,success,70,17.5,0.3342246322675565,0,0.0,0,1.3587557102828505,14.705379360488482,17.77393966913223,12.519511769460108,45,2.5714285714285716,24,1.3714285714285714,5,0.2857142857142857,27.82074795756598,2.222191126129332,8,0.45714285714285713,0.30158730158730157,0.30158730158730157,0.21428571428571427,0.6157668878920809
bayes_mean-fix-seed43,dense_circle,2,247,1542568665,success,51,12.75,0.25218806109707514,0,0.0,0,1.124259711642749,14.093485167797875,15.392247587442398,10.056123707678243,27,2.1176470588235294,12,0.9411764705882353,3,0.23529411764705882,16.614922947607283,1.6522194267480164,4,0.3137254901960784,0.1590909090909091,0.09090909090909091,0.0784313725490196,0.7764446388281486
bayes_mean-fix-seed43,dense_circle,2,248,1542568666,success,57,14.25,0.21987953078209876,0,0.0,0,0.6000359771741721,14.452466185678515,16.135980188846588,11.460406927869693,42,2.9473684210526314,21,1.4736842105263157,10,0.7017543859649122,33.868569480285956,2.955267617760025,6,0.42105263157894735,0.0,0.0,0.14035087719298245,0.6782681889786494
bayes_mean-fix-seed43,dense_circle,2,249,1542568667,success,56,14.0,0.19185451960036515,0,0.0,1,0.8714331984801481,13.993169713233199,15.21299034357071,11.485904619552505,40,2.857142857142857,25,1.7857142857142858,8,0.5714285714285714,35.6351321295697,3.1025098422729247,3,0.21428571428571427,0.12244897959183673,0.061224489795918366,0.19642857142857142,0.6789537220361561
bayes_mean-fix-seed43,dense_circle,2,250,1542568668,success,60,15.0,0.2620203392114854,0,0.0,0,1.3623687785165153,14.062976402541002,15.658090077340603,12.637385945109292,37,2.466666666666667,17,1.1333333333333333,3,0.2,27.0795601296745,2.1428134146804605,3,0.2,0.1509433962264151,0.05660377358490566,0.16666666666666666,0.615090300773479
bayes_mean-fix-seed43,dense_circle,2,251,1542568669,success,45,11.25,0.3744579984540486,0,0.0,0,1.1267839314527692,13.924197935395771,15.384261310100555,10.207792422476528,20,1.7777777777777777,9,0.8,0,0.0,7.438801625468617,0.7287375484917902,1,0.08888888888888889,0.0,0.0,0.022222222222222223,0.7552860139412279
bayes_mean-fix-seed43,dense_circle,2,252,1542568670,success,56,14.0,0.21823734777073722,0,0.0,0,0.760046893663824,13.830212676631552,15.044357627630234,9.555519744754484,37,2.642857142857143,16,1.1428571428571428,5,0.35714285714285715,23.555213927808943,2.4650897656027144,11,0.7857142857142857,0.10204081632653061,0.10204081632653061,0.07142857142857142,0.8140515091854222
bayes_mean-fix-seed43,dense_circle,2,253,1542568671,success,46,11.5,0.19348214276089648,0,0.0,1,0.75082211666409,13.749303539162097,15.428455546498299,9.950730249205051,23,2.0,14,1.2173913043478262,3,0.2608695652173913,16.108104134837937,1.6187861324172454,5,0.43478260869565216,0.0,0.0,0.021739130434782608,0.7810348763095636
bayes_mean-fix-seed43,dense_circle,2,254,1542568672,success,52,13.0,0.19492415192284163,0,0.0,2,0.551841266019423,13.968466494518976,15.407385677099228,10.757811010750082,33,2.5384615384615383,13,1.0,5,0.38461538461538464,18.95215768745433,1.7617113433686267,2,0.15384615384615385,0.13333333333333333,0.08888888888888889,0.11538461538461539,0.7295096977533211
bayes_mean-fix-seed43,dense_circle,2,255,1542568673,success,63,15.75,0.154416282805676,0,0.0,3,0.5481475330961011,13.952979078841588,15.172233432531357,13.603320111690213,44,2.7936507936507935,19,1.2063492063492063,4,0.25396825396825395,27.114293597624865,1.9932114641868788,7,0.4444444444444444,0.19642857142857142,0.07142857142857142,0.15873015873015872,0.569826138637045
bayes_mean-fix-seed43,dense_circle,2,256,1542568674,success,43,10.75,0.23786098722816496,0,0.0,0,0.7243959892014032,13.79720424843389,15.2892105281353,10.01194362101778,20,1.8604651162790697,11,1.0232558139534884,0,0.0,8.985291466925645,0.8974572577559352,2,0.18604651162790697,0.0,0.0,0.0,0.7704773782304031
bayes_mean-fix-seed43,dense_circle,2,257,1542568675,success,49,12.25,0.16865807178501768,0,0.0,1,0.9330353238388311,13.822267402191551,15.212132036685942,11.154280764138875,31,2.5306122448979593,18,1.469387755102041,3,0.24489795918367346,20.492002598006636,1.8371424416613782,1,0.08163265306122448,0.11904761904761904,0.047619047619047616,0.12244897959183673,0.6927453152027331
bayes_mean-fix-seed43,dense_circle,2,258,1542568676,timeout,101,25.25,0.19736364514447224,0,0.0,2,0.64664122108883,14.413275820488977,15.4043510556221,19.199438521907837,68,2.6930693069306932,24,0.9504950495049505,13,0.5148514851485149,55.19153502962897,2.8746431811873956,14,0.5544554455445545,0.3829787234042553,0.3191489361702128,0.2871287128712871,0.3816049089334771
bayes_mean-fix-seed43,dense_circle,2,259,1542568677,success,54,13.5,0.1717446834939802,0,0.0,3,0.37090966066672654,13.809962267125094,15.059694834053516,11.459542862322776,39,2.888888888888889,17,1.2592592592592593,6,0.4444444444444444,29.46308019070617,2.5710519646971495,9,0.6666666666666666,0.10638297872340426,0.10638297872340426,0.16666666666666666,0.6824679440465186
bayes_mean-fix-seed43,dense_circle,2,260,1542568678,success,56,14.0,0.2081177891605922,0,0.0,0,0.4849028716237562,13.912233191409282,15.178985893726349,10.79390237206893,40,2.857142857142857,26,1.8571428571428572,5,0.35714285714285715,31.373084566113132,2.9065562652573513,7,0.5,0.0,0.0,0.08928571428571429,0.728432571554876
bayes_mean-fix-seed43,dense_circle,2,261,1542568679,success,47,11.75,0.33757284833586676,0,0.0,0,1.3948913028858065,13.834217919948253,15.307487919926643,10.03691104222105,33,2.8085106382978724,18,1.5319148936170213,1,0.0851063829787234,13.815223144067591,1.3764417245458067,2,0.1702127659574468,0.0,0.0,0.06382978723404255,0.7708873751716689
bayes_mean-fix-seed43,dense_circle,2,262,1542568680,success,41,10.25,0.22906885805675237,0,0.0,0,1.3337087472076727,13.621240127377394,14.869902282953262,9.59616999890541,20,1.951219512195122,12,1.170731707317073,0,0.0,7.178981733501841,0.7481090616694696,1,0.0975609756097561,0.0,0.0,0.0,0.8066954026744566
bayes_mean-fix-seed43,dense_circle,2,263,1542568681,success,44,11.0,0.2260879162485292,0,0.0,0,0.7485448742720089,13.572946190834045,14.930226095020771,9.921938721459751,28,2.5454545454545454,17,1.5454545454545454,3,0.2727272727272727,16.767567104357344,1.6899486657876113,8,0.7272727272727273,0.0,0.0,0.0,0.7816276296810994
bayes_mean-fix-seed43,dense_circle,2,264,1542568682,success,51,12.75,0.29242744518451136,0,0.0,0,1.2878092369212464,14.170242656095356,15.713106840848923,11.019609512674815,31,2.4313725490196076,15,1.1764705882352942,5,0.39215686274509803,20.300690711209473,1.8422332195945335,1,0.0784313725490196,0.0,0.0,0.0784313725490196,0.7020283150753502
bayes_mean-fix-seed43,dense_circle,2,265,1542568683,success,58,14.5,0.20726270598795948,0,0.0,0,0.9271010611378621,14.227331905015584,15.733271464705467,11.252698580395604,36,2.4827586206896552,16,1.103448275862069,1,0.06896551724137931,16.333906788881926,1.4515546357332256,4,0.27586206896551724,0.0,0.0,0.05172413793103448,0.6909605165898607
bayes_mean-fix-seed43,dense_circle,2,266,1542568684,success,52,13.0,0.25672428151098603,0,0.0,0,0.6621677832345936,13.936942228331016,15.12535884976387,10.803384989309146,34,2.6153846153846154,20,1.5384615384615385,6,0.46153846153846156,24.678720423600954,2.2843507334064843,5,0.38461538461538464,0.022222222222222223,0.022222222222222223,0.07692307692307693,0.7169745537766895
bayes_mean-fix-seed43,dense_circle,2,267,1542568685,success,66,16.5,0.22364931468886107,0,0.0,0,1.000728270157473,13.98542071833755,15.43970126658678,11.287600046748466,45,2.727272727272727,22,1.3333333333333333,8,0.48484848484848486,33.65418278647599,2.9815180062275948,11,0.6666666666666666,0.11864406779661017,0.11864406779661017,0.15151515151515152,0.6837770324128557
bayes_mean-fix-seed43,dense_circle,2,268,1542568686,success,59,14.75,0.1859949309927662,0,0.0,1,0.37575427364363595,14.092796876773996,15.544764325022697,9.394452685466796,42,2.847457627118644,24,1.6271186440677967,3,0.2033898305084746,20.69813789786193,2.2032297772793,8,0.5423728813559322,0.0,0.0,0.01694915254237288,0.8271599968685655
bayes_mean-fix-seed43,dense_circle,2,269,1542568687,success,56,14.0,0.1782588939498999,0,0.0,4,0.38945783159186675,14.063455097909484,15.479732304811478,10.685608504729291,42,3.0,22,1.5714285714285714,12,0.8571428571428571,33.5024166639928,3.135283933447976,11,0.7857142857142857,0.0,0.0,0.14285714285714285,0.7265285194722805
bayes_mean-fix-seed43,dense_circle,2,270,1542568688,success,54,13.5,0.21039881591428178,0,0.0,0,0.9201816069151261,13.923956426205459,15.144124627113342,10.568063112368122,33,2.4444444444444446,17,1.2592592592592593,6,0.4444444444444444,26.843320660694985,2.5400416684945264,7,0.5185185185185185,0.1276595744680851,0.1276595744680851,0.16666666666666666,0.7342593631783113
bayes_mean-fix-seed43,dense_circle,2,271,1542568689,success,55,13.75,0.20050271378812345,0,0.0,0,1.0412399613953227,13.977091353047978,15.204530581831932,9.416958384451611,34,2.4727272727272727,18,1.309090909090909,5,0.36363636363636365,22.8373634740551,2.425131612746849,7,0.509090909090909,0.08333333333333333,0.08333333333333333,0.12727272727272726,0.8201252846185435
bayes_mean-fix-seed43,dense_circle,2,272,1542568690,success,48,12.0,0.19746757744684873,0,0.0,1,1.0572041013985878,13.928862366204461,15.233737789094448,10.082946128312727,28,2.3333333333333335,19,1.5833333333333333,0,0.0,16.093277815203013,1.5960888425272237,3,0.25,0.0,0.0,0.0,0.7677400847119031
bayes_mean-fix-seed43,dense_circle,2,273,1542568691,success,54,13.5,0.1991433913681624,0,0.0,1,0.8051374298615682,14.006477884120411,15.316987596452236,11.287070925285551,31,2.2962962962962963,17,1.2592592592592593,7,0.5185185185185185,25.515364104552358,2.260583305753157,7,0.5185185185185185,0.0851063829787234,0.0,0.18518518518518517,0.6917073062114256
bayes_mean-fix-seed43,dense_circle,2,274,1542568692,success,90,22.5,0.1816107889596581,0,0.0,2,1.1627071480654072,14.332971846063932,15.4349809512496,17.30201591937871,62,2.7555555555555555,28,1.2444444444444445,10,0.4444444444444444,45.8488404930701,2.6499132070337654,11,0.4888888888888889,0.1566265060240964,0.13253012048192772,0.18888888888888888,0.4514617662880139
bayes_mean-fix-seed43,dense_circle,2,275,1542568693,success,49,12.25,0.6227821887328328,0,0.0,0,1.3783934471062218,13.747275635904195,15.013644099235535,10.485526597899891,29,2.36734693877551,16,1.3061224489795917,3,0.24489795918367346,15.236460395628315,1.453094439594476,3,0.24489795918367346,0.0,0.0,0.08163265306122448,0.739882140400281
bayes_mean-fix-seed43,dense_circle,2,276,1542568694,success,53,13.25,0.19319140906523302,0,0.0,2,0.8871591395800337,13.78741459745281,14.943504333496094,9.6284326304065,35,2.641509433962264,20,1.509433962264151,5,0.37735849056603776,26.582705749336572,2.7608549355570746,7,0.5283018867924528,0.021739130434782608,0.021739130434782608,0.11320754716981132,0.8101170241509303
bayes_mean-fix-seed43,dense_circle,2,277,1542568695,success,53,13.25,0.19095368036336025,0,0.0,1,1.1361245238277433,13.832931810954832,15.177260339260101,10.925265775600256,38,2.8679245283018866,24,1.8113207547169812,6,0.4528301886792453,23.785408179670824,2.1771011038277472,6,0.4528301886792453,0.043478260869565216,0.043478260869565216,0.11320754716981132,0.7169353507331985
bayes_mean-fix-seed43,dense_circle,2,278,1542568696,success,58,14.5,0.2176649974546867,0,0.0,0,1.285192454275787,13.95917330579511,15.245704539120197,9.559680469328002,36,2.4827586206896552,20,1.3793103448275863,6,0.41379310344827586,28.255781778059443,2.9557245002819306,5,0.3448275862068966,0.19607843137254902,0.1568627450980392,0.1206896551724138,0.8236163886515623
bayes_mean-fix-seed43,dense_circle,2,279,1542568697,success,56,14.0,0.1860413510385298,0,0.0,5,0.3888953715456268,14.079360690500055,15.379800461232662,11.851608778859859,37,2.642857142857143,20,1.4285714285714286,4,0.2857142857142857,23.129987059547737,1.9516326847377485,7,0.5,0.16326530612244897,0.16326530612244897,0.17857142857142858,0.6635504359062857
bayes_mean-fix-seed43,dense_circle,2,280,1542568698,success,58,14.5,0.3148551870126496,0,0.0,0,1.0694065898116443,13.979510885888132,15.625541284680367,11.463877051449876,33,2.2758620689655173,13,0.896551724137931,7,0.4827586206896552,25.430154421798566,2.218285690579901,1,0.06896551724137931,0.09803921568627451,0.0,0.15517241379310345,0.676101201770643
bayes_mean-fix-seed43,dense_circle,2,281,1542568699,success,57,14.25,0.43032856123885177,0,0.0,0,1.110320914079636,13.97108972856873,15.21659195423126,10.135803987975878,38,2.6666666666666665,20,1.4035087719298245,10,0.7017543859649122,38.336272659939894,3.7822626311063514,16,1.1228070175438596,0.06,0.06,0.07017543859649122,0.7628348560215781
bayes_mean-fix-seed43,dense_circle,2,282,1542568700,success,56,14.0,0.18482407803080436,0,0.0,1,0.6066938038091839,13.971843623689242,15.442955307662487,11.743489648499777,44,3.142857142857143,27,1.9285714285714286,4,0.2857142857142857,26.853515750696722,2.286672578123083,7,0.5,0.14285714285714285,0.08163265306122448,0.10714285714285714,0.6587634627020366
bayes_mean-fix-seed43,dense_circle,2,283,1542568701,success,53,13.25,0.22148981574626225,0,0.0,0,0.6660493663870014,14.041196484610719,15.557661652565002,10.917211452018366,34,2.5660377358490565,16,1.2075471698113207,6,0.4528301886792453,22.58094988400665,2.0683807383644566,3,0.22641509433962265,0.0,0.0,0.03773584905660377,0.7130056788749215
bayes_mean-fix-seed43,dense_circle,2,284,1542568702,success,58,14.5,0.13068669729010285,0,0.0,3,0.701628695087199,14.229861055982523,15.855046734213829,12.361310503053692,39,2.689655172413793,18,1.2413793103448276,3,0.20689655172413793,25.006786898709475,2.0229883306087886,5,0.3448275862068966,0.1568627450980392,0.0392156862745098,0.15517241379310345,0.6306462870422301
bayes_mean-fix-seed43,dense_circle,2,285,1542568703,success,45,11.25,0.21251309947510433,0,0.0,0,0.988550152042931,13.776398367351955,14.915850758552551,10.440571425472058,23,2.0444444444444443,13,1.1555555555555554,0,0.0,12.06178443301527,1.1552801031165696,1,0.08888888888888889,0.0,0.0,0.0,0.7436238214710263
bayes_mean-fix-seed43,dense_circle,2,286,1542568704,success,50,12.5,0.16408587298735933,0,0.0,2,0.7839587106028562,13.944484665989876,15.512412786483763,10.013500323563703,32,2.56,19,1.52,6,0.48,25.90644327710224,2.5871515893537618,9,0.72,0.046511627906976744,0.046511627906976744,0.12,0.7762908901183979
bayes_mean-fix-seed43,dense_circle,2,287,1542568705,success,42,10.5,0.2513426497095169,0,0.0,0,1.0060527746967036,13.6591906526259,15.50876125693321,10.030229447732783,19,1.8095238095238095,10,0.9523809523809523,0,0.0,10.074315434405257,1.0043953118821662,1,0.09523809523809523,0.0,0.0,0.0,0.7803139042813555
bayes_mean-fix-seed43,dense_circle,2,288,1542568706,success,52,13.0,0.16844517300100903,0,0.0,2,0.4460287571296273,13.896754154792198,15.01118466258049,10.14670590464589,38,2.923076923076923,19,1.4615384615384615,8,0.6153846153846154,29.33970721481548,2.8915499759761105,11,0.8461538461538461,0.15555555555555556,0.13333333333333333,0.15384615384615385,0.7605041998064995
bayes_mean-fix-seed43,dense_circle,2,289,1542568707,success,57,14.25,0.19092352668945,0,0.0,1,0.7440485978683966,14.126767126614588,15.518021583557129,10.715328237867828,36,2.526315789473684,16,1.1228070175438596,4,0.2807017543859649,25.079460567442748,2.3405219150275087,5,0.3508771929824561,0.06,0.06,0.10526315789473684,0.7257757445108215
bayes_mean-fix-seed43,dense_circle,2,290,1542568708,success,47,11.75,0.2620049904558792,0,0.0,0,0.8381163506652379,14.00337352397594,15.570959076285362,10.303538907087983,28,2.382978723404255,15,1.2765957446808511,1,0.0851063829787234,14.24204053610773,1.3822474651219478,3,0.2553191489361702,0.0,0.0,0.0,0.75602238083825
bayes_mean-fix-seed43,dense_circle,2,291,1542568709,timeout,101,25.25,0.17555189979329455,0,0.0,2,1.6734053738122066,14.459897422849542,15.77194407582283,15.458846244413019,77,3.0495049504950495,30,1.188118811881188,32,1.2673267326732673,106.76279457240892,6.9062589073226635,26,1.0297029702970297,0.43617021276595747,0.40425531914893614,0.2376237623762376,0.47475538863488365
bayes_mean-fix-seed43,dense_circle,2,292,1542568710,success,68,17.0,0.22209872293530641,0,0.0,0,1.296586790943848,14.068249339128242,15.584541484713554,11.276240973480641,47,2.764705882352941,26,1.5294117647058822,9,0.5294117647058824,41.891851137413504,3.715054621121912,6,0.35294117647058826,0.3114754098360656,0.29508196721311475,0.19117647058823528,0.6832019064262351
bayes_mean-fix-seed43,dense_circle,2,293,1542568711,success,46,11.5,0.34000463961831473,0,0.0,0,0.8472155906331432,13.877092982115952,15.740751288831234,10.32749647170881,18,1.565217391304348,9,0.782608695652174,6,0.5217391304347826,16.897191779216467,1.6361362916467421,6,0.5217391304347826,0.1282051282051282,0.1282051282051282,0.08695652173913043,0.7459536655209682
bayes_mean-fix-seed43,dense_circle,2,294,1542568712,success,71,17.75,0.26473862266367765,0,0.0,0,1.1060595503469155,14.315761993048897,15.561213716864586,13.057967603376936,46,2.591549295774648,25,1.408450704225352,9,0.5070422535211268,39.593779672538844,3.0321548402600915,5,0.28169014084507044,0.109375,0.109375,0.18309859154929578,0.5929008616552487
bayes_mean-fix-seed43,dense_circle,2,295,1542568713,success,54,13.5,0.17537980136104792,0,0.0,1,0.71989067131147,13.931170036947286,15.147125162184237,11.517871682489877,31,2.2962962962962963,22,1.6296296296296295,2,0.14814814814814814,25.014992154158787,2.1718415384144274,5,0.37037037037037035,0.14893617021276595,0.0851063829787234,0.2037037037037037,0.6824957869644555
bayes_mean-fix-seed43,dense_circle,2,296,1542568714,timeout,101,25.25,0.04754233897151172,0,0.0,3,1.0301727797629983,14.528631758276779,16.000650823116302,17.832006340137617,67,2.6534653465346536,37,1.4653465346534653,21,0.8316831683168316,83.06655788198934,4.658284451986589,23,0.9108910891089109,0.3191489361702128,0.1702127659574468,0.22772277227722773,0.4177198477778844
bayes_mean-fix-seed43,dense_circle,2,297,1542568715,success,56,14.0,0.18170928828493882,0,0.0,1,0.8091597664300237,13.860510595675025,15.137717127799988,11.686371360014592,36,2.5714285714285716,21,1.5,6,0.42857142857142855,29.21935395055345,2.50029312353779,5,0.35714285714285715,0.14285714285714285,0.14285714285714285,0.14285714285714285,0.6638933889598313
bayes_mean-fix-seed43,dense_circle,2,298,1542568716,success,53,13.25,0.2134096428777904,0,0.0,0,0.6798053013644895,13.89893151397975,14.90950807929039,11.636801264483564,28,2.1132075471698113,10,0.7547169811320755,4,0.3018867924528302,16.41483354200548,1.4105967068549023,4,0.3018867924528302,0.08695652173913043,0.0,0.1320754716981132,0.6686537114730197
bayes_mean-fix-seed43,dense_circle,2,299,1542568717,success,50,12.5,0.2390880324438457,0,0.0,0,0.7081531110123679,13.918118625879288,15.231196954846382,10.481705045788035,31,2.48,15,1.2,3,0.24,17.65212193489386,1.684088786870337,3,0.24,0.0,0.0,0.02,0.7442180354946588
bayes_mean-fix-seed43,dense_circle,2,300,1542568718,success,61,15.25,0.20082566407849023,0,0.0,0,1.0959810470666462,14.096023301120665,15.114303678274155,10.599418083488917,45,2.9508196721311477,24,1.5737704918032787,9,0.5901639344262295,35.11059989594301,3.3125025939523995,6,0.39344262295081966,0.05555555555555555,0.05555555555555555,0.08196721311475409,0.7309897961518023
bayes_mean-fix-seed43,dense_circle,2,301,1542568719,success,44,11.0,0.3495368370182421,0,0.0,0,1.1966782751426996,13.789313422007995,15.334568172693253,10.01502370367606,21,1.9090909090909092,13,1.1818181818181819,2,0.18181818181818182,11.847815697009683,1.1830042591572587,1,0.09090909090909091,0.0,0.0,0.0,0.7774992852629902
bayes_mean-fix-seed43,dense_circle,2,302,1542568720,success,48,12.0,0.19973267316871002,0,0.0,1,0.42134303695100267,13.918573269620538,15.170963853597641,9.74723728955126,27,2.25,14,1.1666666666666667,7,0.5833333333333334,23.812036265075207,2.44295235231433,7,0.5833333333333334,0.0,0.0,0.0625,0.7988938907343451
bayes_mean-fix-seed43,dense_circle,2,303,1542568721,success,43,10.75,0.20991068264119805,0,0.0,0,0.5946052132517825,14.009197177582008,16.100769862532616,10.114155477589241,25,2.3255813953488373,15,1.3953488372093024,2,0.18604651162790697,9.83981289346995,0.9728753839381673,2,0.18604651162790697,0.0,0.0,0.046511627906976744,0.772261638677549
bayes_mean-fix-seed43,dense_circle,2,304,1542568722,success,68,17.0,0.19315134538641865,0,0.0,1,0.4871801882870121,14.44136822486625,16.14965181797743,11.673807428288022,56,3.2941176470588234,30,1.7647058823529411,11,0.6470588235294118,47.7600007155603,4.091210259287648,14,0.8235294117647058,0.11475409836065574,0.11475409836065574,0.1323529411764706,0.6679458018047565
bayes_mean-fix-seed43,dense_circle,2,305,1542568723,success,56,14.0,0.1908509061971594,0,0.0,1,0.8693968975625536,14.109847002795764,15.25205373764038,11.059639968716786,32,2.2857142857142856,13,0.9285714285714286,4,0.2857142857142857,25.2454029432865,2.2826604676730398,3,0.21428571428571427,0.16326530612244897,0.08163265306122448,0.16071428571428573,0.7062043828820342
bayes_mean-fix-seed43,dense_circle,2,306,1542568724,success,53,13.25,0.1823165650181392,0,0.0,2,0.711593896761549,13.85525438301968,15.110191702842712,10.00806111613247,33,2.490566037735849,11,0.8301886792452831,0,0.0,11.86241573173124,1.1852861002826658,7,0.5283018867924528,0.17391304347826086,0.021739130434782608,0.09433962264150944,0.7801828480477628
bayes_mean-fix-seed43,dense_circle,2,307,1542568725,success,60,15.0,0.10976588892603845,0,0.0,5,1.0112576627393628,14.252937150498232,16.06221292167902,12.831091947104058,32,2.1333333333333333,11,0.7333333333333333,5,0.3333333333333333,23.037724395314893,1.7954609389666516,4,0.26666666666666666,0.16981132075471697,0.05660377358490566,0.16666666666666666,0.6096538988988242
bayes_mean-fix-seed43,dense_circle,2,308,1542568726,success,45,11.25,0.21344557266877973,0,0.0,0,1.2985051297268695,13.928954634401533,15.786127001047133,10.224216803481117,27,2.4,15,1.3333333333333333,0,0.0,13.79419626324421,1.3491689904841997,1,0.08888888888888889,0.0,0.0,0.0,0.7605696500554022
bayes_mean-fix-seed43,dense_circle,2,309,1542568727,success,56,14.0,0.15912563460724505,0,0.0,6,0.5831826175992046,14.281037995325667,15.932830050587654,11.410941935878174,46,3.2857142857142856,21,1.5,4,0.2857142857142857,23.687831813960248,2.0758875075405645,7,0.5,0.0,0.0,0.05357142857142857,0.6767273731854583
bayes_mean-fix-seed43,dense_circle,2,310,1542568728,success,52,13.0,0.21042864915353732,0,0.0,0,0.6083392491067381,13.72338437403624,14.983073994517326,10.797240342418995,36,2.769230769230769,14,1.0769230769230769,4,0.3076923076923077,21.806568464612404,2.019642776584419,5,0.38461538461538464,0.0,0.0,0.057692307692307696,0.7180624460676714
bayes_mean-fix-seed43,dense_circle,2,311,1542568729,success,65,16.25,0.2654799445788971,0,0.0,0,1.2226898180531158,14.50046174801313,15.98588451743126,11.588223254638866,43,2.646153846153846,21,1.2923076923076924,13,0.8,46.91502240037269,4.04850867725492,10,0.6153846153846154,0.29310344827586204,0.29310344827586204,0.24615384615384617,0.6677605467386919
bayes_mean-fix-seed43,dense_circle,2,312,1542568730,success,50,12.5,0.17298411382493106,0,0.0,1,0.7029930641284285,14.137525632977486,15.877355262637138,10.496961887398964,34,2.72,22,1.76,4,0.32,24.387669194523827,2.3233073965715647,5,0.4,0.0,0.0,0.08,0.7405274741362801
bayes_mean-fix-seed43,dense_circle,2,313,1542568731,success,48,12.0,0.2580806191869268,0,0.0,0,1.0958611503369313,13.648776182283958,15.41052721440792,10.407672489794766,24,2.0,10,0.8333333333333334,5,0.4166666666666667,15.441209910218157,1.4836371845250724,5,0.4166666666666667,0.0,0.0,0.08333333333333333,0.7452154757624649
bayes_mean-fix-seed43,dense_circle,2,314,1542568732,success,53,13.25,0.18231613201328722,0,0.0,3,0.6379488118532576,14.024589562191153,15.461365133523941,10.894140878987967,37,2.792452830188679,24,1.8113207547169812,8,0.6037735849056604,32.0326586346111,2.9403565632599786,9,0.6792452830188679,0.0,0.0,0.05660377358490566,0.7126433933455044
bayes_mean-fix-seed43,dense_circle,2,315,1542568733,collision,51,12.75,-0.013443267935339787,2,0.5,5,0.7722816963231883,13.837852533541474,14.935260638594627,8.196354366582792,45,3.5294117647058822,25,1.9607843137254901,10,0.7843137254901961,46.823430065747466,5.712714210680107,6,0.47058823529411764,0.1590909090909091,0.1590909090909091,0.19607843137254902,0.19770001202032422
bayes_mean-fix-seed43,dense_circle,2,316,1542568734,success,64,16.0,0.1862144954294026,0,0.0,1,0.891460519639157,14.087655872572213,15.365067310631275,13.23626280209859,43,2.6875,23,1.4375,8,0.5,34.02840205625247,2.570846663066958,8,0.5,0.24561403508771928,0.21052631578947367,0.171875,0.5854311695283438
bayes_mean-fix-seed43,dense_circle,2,317,1542568735,success,53,13.25,0.166901626281303,0,0.0,1,0.6979621458740114,14.100050026515746,15.504545718431473,10.95403492986688,38,2.8679245283018866,22,1.6603773584905661,2,0.1509433962264151,18.989903505246197,1.7335989547987476,3,0.22641509433962265,0.0,0.0,0.07547169811320754,0.7102960812586332
bayes_mean-fix-seed43,dense_circle,2,318,1542568736,success,43,10.75,0.26914716857844645,0,0.0,0,1.3338275977642162,13.88094851443934,15.31132273375988,9.914602192144205,19,1.7674418604651163,8,0.7441860465116279,0,0.0,9.194934256119556,0.9274133321662794,3,0.27906976744186046,0.0,0.0,0.0,0.7856140222823239
bayes_mean-fix-seed43,dense_circle,2,319,1542568737,success,49,12.25,0.19134533368290108,0,0.0,1,1.0219001581497442,14.191978972177116,16.248515993356705,10.221542258106798,30,2.4489795918367347,16,1.3061224489795917,4,0.32653061224489793,20.647347856462495,2.0199836125597286,7,0.5714285714285714,0.0,0.0,0.08163265306122448,0.7616639927446726
bayes_mean-fix-seed43,dense_circle,2,320,1542568738,success,58,14.5,0.20342480734995327,0,0.0,0,0.6493128591390656,14.291632085524757,15.923713892698288,12.11731290276457,38,2.6206896551724137,15,1.0344827586206897,5,0.3448275862068966,24.053029878275925,1.985013515066382,5,0.3448275862068966,0.21568627450980393,0.1568627450980392,0.15517241379310345,0.6391862793714937
bayes_mean-fix-seed43,dense_circle,2,321,1542568739,success,57,14.25,0.31863669618787527,0,0.0,0,1.2935863991813608,14.061635262087771,15.416786819696423,9.387021801667887,37,2.5964912280701755,21,1.4736842105263157,6,0.42105263157894735,32.34656917486892,3.445881969627638,10,0.7017543859649122,0.04,0.04,0.10526315789473684,0.8295907834490145
bayes_mean-fix-seed43,dense_circle,2,322,1542568740,success,57,14.25,0.20353144998968598,0,0.0,0,0.878066617074059,14.140929046430086,15.824046730995178,10.1950919870483,33,2.3157894736842106,19,1.3333333333333333,5,0.3508771929824561,30.778720649586027,3.0189742955420975,7,0.49122807017543857,0.12,0.12,0.07017543859649122,0.7680424702576911
bayes_mean-fix-seed43,dense_circle,2,323,1542568741,success,68,17.0,0.21191095222334633,0,0.0,0,1.0300580205961862,14.191113741082305,15.357011370360851,12.848332602225957,40,2.3529411764705883,21,1.2352941176470589,9,0.5294117647058824,38.36143609539107,2.985713188086756,1,0.058823529411764705,0.2459016393442623,0.03278688524590164,0.2647058823529412,0.6001998252301052
bayes_mean-fix-seed43,dense_circle,2,324,1542568742,success,52,13.0,0.29977999532679855,0,0.0,0,1.5044176509111464,14.048559591174126,15.993333980441093,11.404909615485188,32,2.4615384615384617,15,1.1538461538461537,5,0.38461538461538464,24.095878810239338,2.1127636800841274,5,0.38461538461538464,0.022222222222222223,0.022222222222222223,0.09615384615384616,0.6815153295941633
bayes_mean-fix-seed43,dense_circle,2,325,1542568743,success,50,12.5,0.2052043135426903,0,0.0,0,0.6530010941321774,13.885929808020592,15.239547193050385,10.766926950733785,31,2.48,16,1.28,3,0.24,18.76217087268074,1.7425743630035557,3,0.24,0.13953488372093023,0.09302325581395349,0.14,0.7203565671230183
bayes_mean-fix-seed43,dense_circle,2,326,1542568744,success,60,15.0,0.20238961660006027,0,0.0,0,0.8468632218327151,14.231052560110887,15.726914256811142,10.05383416903762,44,2.933333333333333,24,1.6,16,1.0666666666666667,48.97667036491213,4.871442033104501,18,1.2,0.03773584905660377,0.03773584905660377,0.11666666666666667,0.7749868057193585
bayes_mean-fix-seed43,dense_circle,2,327,1542568745,success,44,11.0,0.17897784423007312,0,0.0,1,0.48172761862878927,13.94867558370937,15.590349212288857,9.491979050787828,26,2.3636363636363638,13,1.1818181818181819,2,0.18181818181818182,14.67536286225102,1.5460804099681378,5,0.45454545454545453,0.0,0.0,0.022727272727272728,0.8192031648885261
bayes_mean-fix-seed43,dense_circle,2,328,1542568746,success,51,12.75,0.22113110595618135,0,0.0,0,0.7754182249804721,13.783495581033183,15.10956883430481,8.382402081825656,33,2.588235294117647,13,1.0196078431372548,1,0.0784313725490196,10.859440802415211,1.2955046413199574,8,0.6274509803921569,0.0,0.0,0.0,0.9436800141920352
bayes_mean-fix-seed43,dense_circle,2,329,1542568747,success,57,14.25,0.1745415708534368,0,0.0,5,0.5299571842151882,14.052726328372955,15.744012594223022,12.360115831471218,33,2.3157894736842106,13,0.9122807017543859,5,0.3508771929824561,24.233138127715783,1.960591507242479,7,0.49122807017543857,0.08,0.08,0.12280701754385964,0.6281156318583649
bayes_mean-fix-seed43,dense_circle,2,330,1542568748,success,42,10.5,0.2486442178966214,0,0.0,0,0.853001109494448,14.26656978825728,16.363952681422234,9.590379981804297,27,2.5714285714285716,15,1.4285714285714286,2,0.19047619047619047,15.49252953853404,1.6154239527451273,4,0.38095238095238093,0.0,0.0,0.047619047619047616,0.8114426574648638
bayes_mean-fix-seed43,dense_circle,2,331,1542568749,success,61,15.25,0.21681358361971548,0,0.0,0,0.7996297959490524,14.135765430868648,15.575192868709564,12.514557282045791,36,2.360655737704918,17,1.1147540983606556,6,0.39344262295081966,24.46977173049055,1.9553046247665906,9,0.5901639344262295,0.12962962962962962,0.12962962962962962,0.19672131147540983,0.6204485880091245
bayes_mean-fix-seed43,dense_circle,2,332,1542568750,success,58,14.5,0.21216789808057224,0,0.0,0,1.0555576653638388,14.232351219859616,15.630643628537655,11.74761627160731,38,2.6206896551724137,17,1.1724137931034482,4,0.27586206896551724,19.305528798216706,1.643357116190119,3,0.20689655172413793,0.11764705882352941,0.0784313725490196,0.1206896551724138,0.65892690901
bayes_mean-fix-seed43,dense_circle,2,333,1542568751,success,43,10.75,0.17723681496494004,0,0.0,2,0.5414272977456643,13.763894435278205,15.21432101726532,9.337858766600968,26,2.4186046511627906,15,1.3953488372093024,1,0.09302325581395349,15.587604576068681,1.6692911047039378,3,0.27906976744186046,0.0,0.0,0.046511627906976744,0.8299965728420403
bayes_mean-fix-seed43,dense_circle,2,334,1542568752,success,45,11.25,0.485707135271363,0,0.0,0,1.068192368467115,13.665498958693611,15.043941140174866,10.162962394492983,21,1.8666666666666667,13,1.1555555555555554,3,0.26666666666666666,14.132959168848254,1.3906338152452968,1,0.08888888888888889,0.0,0.0,0.06666666666666667,0.7647355039447529
bayes_mean-fix-seed43,dense_circle,2,335,1542568753,success,61,15.25,0.2132126943569269,0,0.0,0,1.1206243867500987,13.998396389308523,15.215680003166199,12.49499647015374,38,2.4918032786885247,21,1.3770491803278688,7,0.45901639344262296,34.572412525983644,2.7669005436348284,7,0.45901639344262296,0.16666666666666666,0.05555555555555555,0.18032786885245902,0.6299455403458196
bayes_mean-fix-seed43,dense_circle,2,336,1542568754,success,46,11.5,0.23106939015536698,0,0.0,0,0.6189159378894613,13.830159831306208,15.681922435760498,10.538138856419838,28,2.4347826086956523,12,1.0434782608695652,1,0.08695652173913043,13.4422653373865,1.2755824838270629,1,0.08695652173913043,0.0,0.0,0.043478260869565216,0.743115459201556
bayes_mean-fix-seed43,dense_circle,2,337,1542568755,success,61,15.25,0.19792320813393893,0,0.0,1,1.052975091957753,13.97246708635424,15.403825789690018,11.895620661988065,40,2.622950819672131,19,1.2459016393442623,6,0.39344262295081966,25.352671869881938,2.131260956470753,4,0.26229508196721313,0.037037037037037035,0.0,0.13114754098360656,0.6539696026807555
bayes_mean-fix-seed43,dense_circle,2,338,1542568756,success,48,12.0,0.23048589764452954,0,0.0,0,0.9754413977453936,13.903994035596648,15.775766782462597,10.394692231134485,25,2.0833333333333335,16,1.3333333333333333,5,0.4166666666666667,19.69058094962845,1.8942918666365753,9,0.75,0.024390243902439025,0.024390243902439025,0.0625,0.7478844331763831
bayes_mean-fix-seed43,dense_circle,2,339,1542568757,success,47,11.75,0.20436613202497045,0,0.0,0,1.1432494702212028,13.891310292355557,15.477867051959036,9.071171844877966,26,2.2127659574468086,13,1.1063829787234043,0,0.0,12.459078762272087,1.3734806235984935,5,0.425531914893617,0.0,0.0,0.02127659574468085,0.8514593768835111
bayes_mean-fix-seed43,dense_circle,2,340,1542568758,success,84,21.0,0.36556493839680615,0,0.0,0,1.6071540765941699,14.483694962802387,16.091499477624893,15.364714753190015,52,2.4761904761904763,14,0.6666666666666666,16,0.7619047619047619,51.076685997587774,3.3242846885252626,13,0.6190476190476191,0.37662337662337664,0.2987012987012987,0.25,0.501801631491418
bayes_mean-fix-seed43,dense_circle,2,341,1542568759,success,52,13.0,0.1969557100001056,0,0.0,1,0.5261560498294897,14.425604962385618,16.748487204313278,8.768627752182843,34,2.6153846153846154,20,1.5384615384615385,5,0.38461538461538464,25.115204386290284,2.864211493074063,5,0.38461538461538464,0.0,0.0,0.038461538461538464,0.8917212097296647
bayes_mean-fix-seed43,dense_circle,2,342,1542568760,success,49,12.25,0.18515349550833804,0,0.0,6,0.43517915579579447,13.882101114307131,15.333396196365356,10.323620698119017,32,2.6122448979591835,21,1.7142857142857142,6,0.4897959183673469,26.232686428202385,2.5410354753717397,9,0.7346938775510204,0.0,0.0,0.10204081632653061,0.7476475670050559
bayes_mean-fix-seed43,dense_circle,2,343,1542568761,success,43,10.75,0.20735434727412427,0,0.0,0,0.668112618316718,13.683799221072086,15.306585282087326,9.750921522371097,28,2.604651162790698,18,1.6744186046511629,0,0.0,13.64516621415057,1.399371965290161,5,0.46511627906976744,0.0,0.0,0.0,0.8017192480810719
bayes_mean-fix-seed43,dense_circle,2,344,1542568762,success,59,14.75,0.19340937583787177,0,0.0,2,1.0281123570407786,14.043834376133095,15.308931842446325,10.0123320053972,41,2.7796610169491527,24,1.6271186440677967,11,0.7457627118644068,40.81451257498848,4.076424208964226,9,0.6101694915254238,0.19230769230769232,0.19230769230769232,0.1694915254237288,0.776258755544322
bayes_mean-fix-seed43,dense_circle,2,345,1542568763,success,55,13.75,0.14600591029274868,0,0.0,2,0.8656139783914543,14.047567749565298,15.473408997058868,12.085321492111,34,2.4727272727272727,19,1.3818181818181818,2,0.14545454545454545,24.16698556681333,1.9996973669743867,5,0.36363636363636365,0.041666666666666664,0.041666666666666664,0.10909090909090909,0.6471226896255449
bayes_mean-fix-seed43,dense_circle,2,346,1542568764,success,49,12.25,0.1956187088585709,0,0.0,1,0.4049479933986912,14.352592658631655,15.67159444093704,9.75446213441477,40,3.2653061224489797,17,1.3877551020408163,2,0.16326530612244897,18.908153203541612,1.9384106415085316,8,0.6530612244897959,0.0,0.0,0.04081632653061224,0.8024442768219266
bayes_mean-fix-seed43,dense_circle,2,347,1542568765,timeout,101,25.25,0.20883769072686054,0,0.0,0,1.4520797457285266,14.497662977416917,15.670258551836014,18.262327030914637,76,3.00990099009901,18,0.7128712871287128,16,0.6336633663366337,59.464928196610764,3.2561528493027194,18,0.7128712871287128,0.3723404255319149,0.3723404255319149,0.26732673267326734,0.4019400331105954
bayes_mean-fix-seed43,dense_circle,2,348,1542568766,success,51,12.75,0.20763268782747346,0,0.0,0,0.502304528889401,13.874940281989527,15.26143029332161,10.667854009750833,27,2.1176470588235294,14,1.0980392156862746,3,0.23529411764705882,18.32411762630859,1.7176948249910087,7,0.5490196078431373,0.0,0.0,0.058823529411764705,0.7279382122752532
bayes_mean-fix-seed43,dense_circle,2,349,1542568767,success,46,11.5,0.24571288889679122,0,0.0,0,0.935268758149916,13.734436229519222,15.101631172001362,10.121684117217315,24,2.0869565217391304,11,0.9565217391304348,0,0.0,6.5187151144720215,0.6440346328713691,1,0.08695652173913043,0.0,0.0,0.0,0.7614662715872055
bayes_mean-fix-seed43,dense_circle,2,350,1542568768,success,70,17.5,0.5885733746509859,0,0.0,0,1.5374449009592932,14.18566879417215,15.616537816822529,11.043439135896822,41,2.342857142857143,18,1.0285714285714285,7,0.4,34.97241141961354,3.166804379437863,10,0.5714285714285714,0.3492063492063492,0.2698412698412698,0.22857142857142856,0.7076910608858061
bayes_mean-fix-seed43,dense_circle,2,351,1542568769,success,58,14.5,0.18647290960500984,0,0.0,1,0.6870434232000762,13.895284641405631,15.35783838480711,10.185579021098889,39,2.689655172413793,14,0.9655172413793104,2,0.13793103448275862,16.877800257548138,1.6570290429819126,8,0.5517241379310345,0.11764705882352941,0.0784313725490196,0.10344827586206896,0.7619978990529056
bayes_mean-fix-seed43,dense_circle,2,352,1542568770,success,46,11.5,0.2095414613121288,0,0.0,0,0.6017310620395683,13.749922180305356,15.162737108767033,9.941032694722363,29,2.5217391304347827,17,1.4782608695652173,4,0.34782608695652173,23.013074241696593,2.314958108317469,8,0.6956521739130435,0.02564102564102564,0.02564102564102564,0.08695652173913043,0.7762810239466092
bayes_mean-fix-seed43,dense_circle,2,353,1542568771,success,57,14.25,0.21292874693862274,0,0.0,0,0.7883414596307249,14.014461649614468,15.303301066160202,10.063555601933283,42,2.9473684210526314,18,1.263157894736842,0,0.0,18.92726664028605,1.8807732961350143,3,0.21052631578947367,0.0,0.0,0.08771929824561403,0.7787623964471897
bayes_mean-fix-seed43,dense_circle,2,354,1542568772,success,47,11.75,0.31558871889701723,0,0.0,0,1.461940674177978,13.773254574613368,15.3506089001894,10.16930943269213,21,1.7872340425531914,13,1.1063829787234043,1,0.0851063829787234,10.975080938960406,1.0792356168923227,1,0.0851063829787234,0.0,0.0,0.02127659574468085,0.7595031046209173
bayes_mean-fix-seed43,dense_circle,2,355,1542568773,success,56,14.0,0.19852837018506686,0,0.0,1,0.6136197699845916,13.898241599755627,15.364282764494419,11.679871637989624,38,2.7142857142857144,17,1.2142857142857142,4,0.2857142857142857,21.505736002431938,1.8412647560682929,7,0.5,0.10204081632653061,0.061224489795918366,0.17857142857142858,0.6681309724409014
bayes_mean-fix-seed43,dense_circle,2,356,1542568774,success,56,14.0,0.25459943759581816,0,0.0,0,0.7632206435430354,14.121899314756904,15.652217902243137,9.746626513988248,41,2.9285714285714284,22,1.5714285714285714,7,0.5,32.08526579566216,3.291935496821772,7,0.5,0.14285714285714285,0.14285714285714285,0.08928571428571429,0.7956386343086668
bayes_mean-fix-seed43,dense_circle,2,357,1542568775,timeout,101,25.25,0.3109509622080746,0,0.0,0,1.1739491787448864,14.32775141726626,15.3588205575943,19.119514164596936,74,2.9306930693069306,37,1.4653465346534653,37,1.4653465346534653,122.48060980836858,6.406052410848518,36,1.4257425742574257,0.39361702127659576,0.39361702127659576,0.25742574257425743,0.3427994318292959
bayes_mean-fix-seed43,dense_circle,2,358,1542568776,success,46,11.5,0.19904206965452653,0,0.0,1,0.7055318482379029,13.757466136113457,15.2801014482975,10.1180067275262,28,2.4347826086956523,16,1.391304347826087,2,0.17391304347826086,17.581829116733438,1.7376771522499375,9,0.782608695652174,0.0,0.0,0.021739130434782608,0.7788532648582045
bayes_mean-fix-seed43,dense_circle,2,359,1542568777,success,41,10.25,0.3150450069050318,0,0.0,0,1.4078502267511899,13.677475019925978,15.290748327970505,9.732882582054426,19,1.853658536585366,8,0.7804878048780488,0,0.0,6.785755075652564,0.6971989046866957,1,0.0975609756097561,0.0,0.0,0.0,0.7957334364907475
bayes_mean-fix-seed43,dense_circle,2,360,1542568778,success,48,12.0,0.21681039832231275,0,0.0,0,0.848983526971947,13.690687095125517,15.026728250086308,10.464611419051344,30,2.5,19,1.5833333333333333,3,0.25,21.165771417686216,2.022604621434187,3,0.25,0.0,0.0,0.041666666666666664,0.7432767986137442
bayes_mean-fix-seed43,dense_circle,2,361,1542568779,success,57,14.25,0.1920844908952134,0,0.0,2,0.8583862276960658,14.271487857688937,16.006208956241608,11.50640504912887,40,2.807017543859649,17,1.1929824561403508,6,0.42105263157894735,27.73567091841386,2.4104549422683217,9,0.631578947368421,0.18,0.1,0.15789473684210525,0.6733922045835197
bayes_mean-fix-seed43,dense_circle,2,362,1542568780,success,43,10.75,0.22434313112381343,0,0.0,0,0.6650942188322839,13.798566318528596,15.142817795276642,9.713725255328324,24,2.2325581395348837,11,1.0232558139534884,0,0.0,8.686804457227824,0.8942814655441076,1,0.09302325581395349,0.0,0.0,0.0,0.7975829955411009
bayes_mean-fix-seed43,dense_circle,2,363,1542568781,success,51,12.75,0.1427242348751574,0,0.0,3,0.73704948855104,13.991718856143017,15.26564359664917,10.867915714012932,31,2.4313725490196076,14,1.0980392156862746,1,0.0784313725490196,15.618541209516735,1.4371238810196527,3,0.23529411764705882,0.13636363636363635,0.09090909090909091,0.0784313725490196,0.718759168413485
bayes_mean-fix-seed43,dense_circle,2,364,1542568782,success,53,13.25,0.188945810647291,0,0.0,2,0.7770718105277657,13.987357394312912,15.501319617033005,10.276652352161195,32,2.4150943396226414,15,1.1320754716981132,3,0.22641509433962265,19.89927922451687,1.9363581196100328,5,0.37735849056603776,0.17391304347826086,0.17391304347826086,0.1509433962264151,0.7494191727618921
bayes_mean-fix-seed43,dense_circle,2,365,1542568783,success,49,12.25,0.3361248945085795,0,0.0,0,1.158780007723759,13.998325990170848,15.744521468877792,10.824498119193699,33,2.693877551020408,22,1.7959183673469388,5,0.40816326530612246,19.881371679281607,1.8367014766281415,2,0.16326530612244897,0.0,0.0,0.08163265306122448,0.7169006945575677
bayes_mean-fix-seed43,dense_circle,2,366,1542568784,success,61,15.25,0.2145280802420223,0,0.0,0,1.0846591421949863,14.427053879518978,15.668913722038269,10.585531796929402,41,2.6885245901639343,25,1.639344262295082,13,0.8524590163934426,38.880721580666616,3.673005978966965,12,0.7868852459016393,0.25925925925925924,0.2037037037037037,0.19672131147540983,0.7452253556633459
bayes_mean-fix-seed43,dense_circle,2,367,1542568785,success,55,13.75,0.13081926869717186,0,0.0,3,0.5021550491923094,14.099091697822917,15.521864965558052,10.620003445000272,38,2.7636363636363637,23,1.6727272727272726,3,0.21818181818181817,20.5902485032323,1.9388174975523063,7,0.509090909090909,0.020833333333333332,0.020833333333333332,0.05454545454545454,0.727614365276627
bayes_mean-fix-seed43,dense_circle,2,368,1542568786,success,49,12.25,0.20716160581220155,0,0.0,0,1.0138503206056357,13.927127101591655,15.491680800914764,10.645679805073874,25,2.0408163265306123,14,1.1428571428571428,3,0.24489795918367346,20.18854531552006,1.896407339425889,7,0.5714285714285714,0.07142857142857142,0.047619047619047616,0.10204081632653061,0.731843120604605
bayes_mean-fix-seed43,dense_circle,2,369,1542568787,success,51,12.75,0.20423733641646724,0,0.0,0,0.9238146093849197,13.804892479789023,15.043133869767189,10.456416054465905,30,2.3529411764705883,14,1.0980392156862746,3,0.23529411764705882,21.14892267819351,2.022578536281642,6,0.47058823529411764,0.0,0.0,0.0784313725490196,0.7412468540867289
bayes_mean-fix-seed43,dense_circle,2,370,1542568788,success,56,14.0,0.19711198867641555,0,0.0,1,0.4115077876826678,13.963484338351659,15.763960778713226,9.187243448516021,41,2.9285714285714284,22,1.5714285714285714,0,0.0,14.820086014678797,1.6131156312258847,5,0.35714285714285715,0.0,0.0,0.017857142857142856,0.8475217545928679
bayes_mean-fix-seed43,dense_circle,2,371,1542568789,success,47,11.75,0.23013946206651836,0,0.0,0,0.810403371509463,13.86145145652142,15.50466902554035,10.526712508692414,25,2.127659574468085,13,1.1063829787234043,0,0.0,11.846899893734655,1.1254130749701863,1,0.0851063829787234,0.0,0.0,0.0,0.7385950204472942
bayes_mean-fix-seed43,dense_circle,2,372,1542568790,success,55,13.75,0.18573219865800517,0,0.0,1,0.5085627766571048,13.95086022940549,15.051808580756187,10.630859433213766,38,2.7636363636363637,21,1.5272727272727273,6,0.43636363636363634,24.678904348180737,2.321440190534075,7,0.509090909090909,0.0,0.0,0.07272727272727272,0.7270348832087805
bayes_mean-fix-seed43,dense_circle,2,373,1542568791,success,57,14.25,0.37575684125754305,0,0.0,0,0.946552000556371,14.12530674746162,15.640729665756224,10.848714662547254,41,2.8771929824561404,18,1.263157894736842,6,0.42105263157894735,30.8214255110245,2.841020938400061,7,0.49122807017543857,0.12,0.08,0.17543859649122806,0.7118555862720986
bayes_mean-fix-seed43,dense_circle,2,374,1542568792,success,50,12.5,0.24970636170566574,0,0.0,0,0.8085127694856028,13.976213485002518,15.418252907693386,10.979213752706412,28,2.24,13,1.04,4,0.32,16.239978043601045,1.4791567419477407,3,0.24,0.0,0.0,0.1,0.7041308805932226
bayes_mean-fix-seed43,dense_circle,2,375,1542568793,success,55,13.75,0.25365728812978405,0,0.0,0,1.0343066017201432,14.029018106785687,15.611276775598526,10.305358880014161,32,2.327272727272727,18,1.309090909090909,7,0.509090909090909,27.356084105457935,2.6545493877473136,2,0.14545454545454545,0.08333333333333333,0.08333333333333333,0.07272727272727272,0.7561511596147
bayes_mean-fix-seed43,dense_circle,2,376,1542568794,success,54,13.5,0.2097703464892372,0,0.0,0,0.4187194449890579,14.037972178172183,15.476190857589243,11.824114053985664,32,2.3703703703703702,13,0.9629629629629629,8,0.5925925925925926,25.28388761738441,2.138332521315771,9,0.6666666666666666,0.10638297872340426,0.0,0.14814814814814814,0.657479706549308
bayes_mean-fix-seed43,dense_circle,2,377,1542568795,success,52,13.0,0.19427177635315795,0,0.0,2,0.4331730485258945,14.192044305113646,15.624027699232101,9.605034113504082,29,2.230769230769231,10,0.7692307692307693,0,0.0,10.862678999250974,1.1309360144779415,3,0.23076923076923078,0.0,0.0,0.019230769230769232,0.8087218050671692
bayes_mean-fix-seed43,dense_circle,2,378,1542568796,success,62,15.5,0.2357018851079249,0,0.0,0,0.92834672235158,14.489452564908612,16.114884987473488,12.158082459456923,47,3.032258064516129,27,1.7419354838709677,8,0.5161290322580645,37.785923194070016,3.107885089616166,10,0.6451612903225806,0.10909090909090909,0.10909090909090909,0.14516129032258066,0.6357506760770177
bayes_mean-fix-seed43,dense_circle,2,379,1542568797,success,45,11.25,0.4292882616493182,0,0.0,0,1.1551837347364822,13.77096383108033,15.174324065446854,10.416656753061726,22,1.9555555555555555,12,1.0666666666666667,0,0.0,13.556387681040693,1.3014144559439493,3,0.26666666666666666,0.0,0.0,0.0,0.7569526651999692
bayes_mean-fix-seed43,dense_circle,2,380,1542568798,success,59,14.75,0.18488870805079483,0,0.0,3,0.6374755709639698,14.181716967437227,16.207580640912052,11.201884660466254,43,2.9152542372881354,29,1.9661016949152543,8,0.5423728813559322,33.82758522271064,3.0198119555805745,5,0.3389830508474576,0.0,0.0,0.11864406779661017,0.6969450103789415
bayes_mean-fix-seed43,dense_circle,2,381,1542568799,success,44,11.0,0.3361251515374225,0,0.0,0,1.0050936292062997,13.896373100578785,15.49873985350132,10.168608378108246,20,1.8181818181818181,11,1.0,0,0.0,7.802023071290696,0.7672655668486049,1,0.09090909090909091,0.0,0.0,0.045454545454545456,0.7659112746699467
bayes_mean-fix-seed43,dense_circle,2,382,1542568800,success,63,15.75,0.2193679337029717,0,0.0,0,0.7023887183906392,14.45227341046409,15.925878286361694,12.44608445282023,37,2.3492063492063493,22,1.3968253968253967,13,0.8253968253968254,43.695383499219844,3.5107735018878694,7,0.4444444444444444,0.23214285714285715,0.21428571428571427,0.2222222222222222,0.6316030439613766
bayes_mean-fix-seed43,dense_circle,2,383,1542568801,success,74,18.5,0.18437799479719452,0,0.0,1,0.7426103995861021,14.188395410373404,15.353278256952763,15.368704135040865,48,2.5945945945945947,20,1.0810810810810811,7,0.3783783783783784,31.690922636931624,2.0620426002395265,9,0.4864864864864865,0.31343283582089554,0.2537313432835821,0.25675675675675674,0.5045472977126598
bayes_mean-fix-seed43,dense_circle,2,384,1542568802,success,46,11.5,0.2413232902512269,0,0.0,0,1.0694440005622954,13.992279929959256,15.618551522493362,10.284512271208342,26,2.260869565217391,19,1.6521739130434783,4,0.34782608695652173,19.13109521379949,1.8601849761371085,5,0.43478260869565216,0.0,0.0,0.043478260869565216,0.7504645327282085
bayes_mean-fix-seed43,dense_circle,2,385,1542568803,success,56,14.0,0.1856298607101099,0,0.0,1,0.9345702065650799,14.065216095852,15.507492236793041,11.949520033347818,34,2.4285714285714284,21,1.5,6,0.42857142857142855,31.081738737819983,2.6010867926979,5,0.35714285714285715,0.16326530612244897,0.16326530612244897,0.16071428571428573,0.6507369697549203
bayes_mean-fix-seed43,dense_circle,2,386,1542568804,success,50,12.5,0.24889133342186243,0,0.0,0,0.750568994814405,14.089576601982117,15.858518145978449,10.571590127385397,35,2.8,20,1.6,2,0.16,20.856505772418956,1.9728825579787457,3,0.24,0.0,0.0,0.08,0.73371170785153
bayes_mean-fix-seed43,dense_circle,2,387,1542568805,success,51,12.75,0.21195231001299297,0,0.0,0,1.853136913373642,14.004865551696104,15.392683446407318,8.272189801769638,24,1.8823529411764706,13,1.0196078431372548,2,0.1568627450980392,13.303935371755536,1.6082724998536029,5,0.39215686274509803,0.0,0.0,0.0196078431372549,0.9398907782740592
bayes_mean-fix-seed43,dense_circle,2,388,1542568806,success,50,12.5,0.22239173864204487,0,0.0,0,0.975773792658136,13.907209560275078,15.196756087243557,10.944594627117063,25,2.0,14,1.12,6,0.48,25.33978013255142,2.315278088945193,7,0.56,0.09302325581395349,0.09302325581395349,0.08,0.7146835376445347
bayes_mean-fix-seed43,dense_circle,2,389,1542568807,success,60,15.0,0.24991355134060023,0,0.0,0,0.5983288590225976,13.916600060959658,15.354707650840282,11.739791542284827,43,2.8666666666666667,20,1.3333333333333333,6,0.4,28.862669247779657,2.45853336865659,5,0.3333333333333333,0.05660377358490566,0.05660377358490566,0.08333333333333333,0.6674684258032925
bayes_mean-fix-seed43,dense_circle,2,390,1542568808,success,46,11.5,0.21574497127617442,0,0.0,0,0.6155332104742957,13.777583351601725,15.218159183859825,10.339248487487806,28,2.4347826086956523,14,1.2173913043478262,6,0.5217391304347826,20.18121694664468,1.951903658284959,7,0.6086956521739131,0.07692307692307693,0.07692307692307693,0.10869565217391304,0.7569230091794454
bayes_mean-fix-seed43,dense_circle,2,391,1542568809,success,49,12.25,0.22417312529153888,0,0.0,0,0.8042095217086319,14.036818730587862,15.581498295068739,10.213597982980424,28,2.2857142857142856,15,1.2244897959183674,6,0.4897959183673469,26.25440449444158,2.570534354121925,5,0.40816326530612246,0.0,0.0,0.061224489795918366,0.7608302781424442
bayes_mean-fix-seed43,dense_circle,2,392,1542568810,success,52,13.0,0.16739744364810716,0,0.0,3,0.890760590324527,14.054200038886988,15.773562528192997,11.48418474642647,33,2.5384615384615383,16,1.2307692307692308,3,0.23076923076923078,23.189287982375035,2.0192367585858317,10,0.7692307692307693,0.06666666666666667,0.022222222222222223,0.09615384615384616,0.6735402887964163
bayes_mean-fix-seed43,dense_circle,2,393,1542568811,success,49,12.25,0.21156714134167331,0,0.0,0,1.174585066100056,14.37758342648039,16.13885462284088,10.530631391315454,26,2.122448979591837,15,1.2244897959183674,8,0.6530612244897959,23.503155106330457,2.231884702156925,4,0.32653061224489793,0.0,0.0,0.10204081632653061,0.7381235283472402
bayes_mean-fix-seed43,dense_circle,2,394,1542568812,success,45,11.25,0.1749976931184275,0,0.0,1,0.9588330547018867,14.37703635957506,16.1152221262455,10.348858112525198,22,1.9555555555555555,11,0.9777777777777777,2,0.17777777777777778,13.736927254589961,1.3273857951501133,3,0.26666666666666666,0.0,0.0,0.0,0.7562560794333868
bayes_mean-fix-seed43,dense_circle,2,395,1542568813,success,54,13.5,0.2628756688041881,0,0.0,0,0.9031096302010375,14.197312157463145,15.928933396935463,10.310384405932764,35,2.5925925925925926,21,1.5555555555555556,6,0.4444444444444444,31.157854845678912,3.021987698901912,6,0.4444444444444444,0.1276595744680851,0.1276595744680851,0.1111111111111111,0.7513992261367103
bayes_mean-fix-seed43,dense_circle,2,396,1542568814,success,46,11.5,0.20696890795733291,0,0.0,0,0.8729895935830289,13.566228601595629,14.718231745064259,9.914897009210865,28,2.4347826086956523,13,1.1304347826086956,0,0.0,9.748236651923008,0.9831909139214426,3,0.2608695652173913,0.0,0.0,0.0,0.7811436157576315
bayes_mean-fix-seed43,dense_circle,2,397,1542568815,success,48,12.0,0.19433862641114952,0,0.0,1,1.1904504061973082,13.843239362662038,15.637372061610222,10.758072374222003,28,2.3333333333333335,15,1.25,3,0.25,19.30442554162902,1.7944130574809474,3,0.25,0.07317073170731707,0.04878048780487805,0.10416666666666667,0.7332348186307338
bayes_mean-fix-seed43,dense_circle,2,398,1542568816,success,66,16.5,0.1942633332338164,0,0.0,1,0.5453994940516996,14.646941062175866,15.965107828378677,11.66940358618069,48,2.909090909090909,17,1.0303030303030303,11,0.6666666666666666,38.60396511148582,3.308135229567513,7,0.42424242424242425,0.15254237288135594,0.15254237288135594,0.15151515151515152,0.6657815942028557
bayes_mean-fix-seed43,dense_circle,2,399,1542568817,success,53,13.25,0.1492019623313353,0,0.0,2,1.0171785682414496,14.470589751342558,16.14086404442787,9.256848889222795,34,2.5660377358490565,16,1.2075471698113207,7,0.5283018867924528,27.22430000538388,2.9409899989919395,14,1.0566037735849056,0.13043478260869565,0.13043478260869565,0.07547169811320754,0.838246395727909
bayes_mean-fix-seed43,dense_circle,2,400,1542568818,success,49,12.25,0.22270979075722486,0,0.0,0,1.0656809527325322,14.76894645970695,16.28107726573944,10.837041451691078,27,2.204081632653061,15,1.2244897959183674,3,0.24489795918367346,18.0677066212198,1.6672176351600467,3,0.24489795918367346,0.11904761904761904,0.11904761904761904,0.12244897959183673,0.7220169781790814
bayes_mean-fix-seed43,dense_circle,2,401,1542568819,success,52,13.0,0.20190126242336393,0,0.0,0,0.8307886608861096,14.829377930324812,16.57962277531624,10.683415196887882,37,2.8461538461538463,19,1.4615384615384615,2,0.15384615384615385,21.944986070065557,2.0541171213169935,5,0.38461538461538464,0.0,0.0,0.038461538461538464,0.726254989059932
bayes_mean-fix-seed43,dense_circle,2,402,1542568820,success,62,15.5,0.3738858134619786,0,0.0,0,1.0613214708229248,14.084458230964598,15.250823087990284,10.849702939267942,46,2.967741935483871,22,1.4193548387096775,7,0.45161290322580644,38.29465690260255,3.5295581009876376,14,0.9032258064516129,0.0,0.0,0.0967741935483871,0.7143088668676207
bayes_mean-fix-seed43,dense_circle,2,403,1542568821,success,56,14.0,0.19617262910638855,0,0.0,2,1.5924809794206394,14.173900442464012,15.552855096757412,12.127298457059588,35,2.5,20,1.4285714285714286,9,0.6428571428571429,29.155569407408926,2.404127309197769,6,0.42857142857142855,0.14285714285714285,0.14285714285714285,0.16071428571428573,0.6411221319648637
bayes_mean-fix-seed43,dense_circle,2,404,1542568822,success,42,10.5,0.27597785642495243,0,0.0,0,1.3080856407920645,14.093338822325071,15.338742174208164,9.757636054785078,18,1.7142857142857142,12,1.1428571428571428,0,0.0,9.02748144641513,0.9251709528547251,1,0.09523809523809523,0.0,0.0,0.0,0.7989161406853823
bayes_mean-fix-seed43,dense_circle,2,405,1542568823,success,61,15.25,0.2282274333366775,0,0.0,0,0.7873790537598013,14.111913313142589,15.473715960979462,10.906398918025353,47,3.081967213114754,29,1.901639344262295,9,0.5901639344262295,38.22801928625891,3.5051000402230152,9,0.5901639344262295,0.25925925925925924,0.25925925925925924,0.18032786885245902,0.7119628489811503
bayes_mean-fix-seed43,dense_circle,2,406,1542568824,success,63,15.75,0.3930774439269258,0,0.0,0,1.3268442354357084,14.161063269490288,15.551329776644707,10.468114113174018,41,2.6031746031746033,22,1.3968253968253967,9,0.5714285714285714,33.981070325839596,3.2461501621457067,11,0.6984126984126984,0.17857142857142858,0.17857142857142858,0.19047619047619047,0.742067892154898
bayes_mean-fix-seed43,dense_circle,2,407,1542568825,success,60,15.0,0.21736716333144657,0,0.0,0,0.9076276364593935,13.93797571460406,15.226171724498272,12.362378304611706,38,2.533333333333333,17,1.1333333333333333,10,0.6666666666666666,30.123233227695195,2.4366859260776637,11,0.7333333333333333,0.20754716981132076,0.1320754716981132,0.21666666666666667,0.6299728558011367
bayes_mean-fix-seed43,dense_circle,2,408,1542568826,success,55,13.75,0.2203019066602575,0,0.0,0,0.9275425786415387,13.936285268176686,15.4276791960001,11.448999515515663,42,3.0545454545454547,17,1.2363636363636363,4,0.2909090909090909,24.106061945356892,2.1055168980213863,5,0.36363636363636365,0.0,0.0,0.05454545454545454,0.6834841332249593
bayes_mean-fix-seed43,dense_circle,2,409,1542568827,success,45,11.25,0.2015185382064426,0,0.0,0,0.6595887868033594,13.804998248815536,15.284420549869537,9.849704651127702,27,2.4,15,1.3333333333333333,2,0.17777777777777778,16.055838562740494,1.63008324933908,5,0.4444444444444444,0.0,0.0,0.022222222222222223,0.7858157748566169
bayes_mean-fix-seed43,dense_circle,2,410,1542568828,success,68,17.0,0.1966487748040402,0,0.0,1,0.8597328868185558,14.338905923068523,15.25229662656784,14.388542106641527,42,2.4705882352941178,20,1.1764705882352942,5,0.29411764705882354,28.016243004628834,1.9471217304008146,9,0.5294117647058824,0.2459016393442623,0.16393442622950818,0.22058823529411764,0.5398374851830771
bayes_mean-fix-seed43,dense_circle,2,411,1542568829,success,42,10.5,0.17449565570012104,0,0.0,1,1.1127610538919062,13.840035668441228,15.342261828482151,9.622799042345687,24,2.2857142857142856,12,1.1428571428571428,0,0.0,11.776730229485848,1.2238362432449916,1,0.09523809523809523,0.0,0.0,0.0,0.8154376499650203
bayes_mean-fix-seed43,dense_circle,2,412,1542568830,success,61,15.25,0.21050123966978385,0,0.0,0,0.6553087664855183,14.407119606850577,15.685062855482101,13.738252320297676,39,2.557377049180328,16,1.0491803278688525,1,0.06557377049180328,20.293432354089344,1.4771480302561246,3,0.19672131147540983,0.18518518518518517,0.05555555555555555,0.18032786885245902,0.5626818067526527
bayes_mean-fix-seed43,dense_circle,2,413,1542568831,success,47,11.75,0.1656712350181596,0,0.0,1,0.7224308095220585,14.179179088232365,15.91437943279743,10.461765313400486,30,2.5531914893617023,17,1.446808510638298,5,0.425531914893617,21.87624521767505,2.091066331764654,8,0.6808510638297872,0.0,0.0,0.0851063829787234,0.7449299366325866
bayes_mean-fix-seed43,dense_circle,2,414,1542568832,success,56,14.0,0.16934831657384086,0,0.0,3,0.3716948991291388,13.956522436014243,15.326609835028648,11.236320329198154,44,3.142857142857143,23,1.6428571428571428,2,0.14285714285714285,27.618686722113807,2.4579832109578823,7,0.5,0.0,0.0,0.07142857142857142,0.7026575122597517
bayes_mean-fix-seed43,dense_circle,2,415,1542568833,success,58,14.5,0.2145342237905743,0,0.0,0,0.8669888831538926,13.907081672343715,15.404322929680347,11.469485298573126,40,2.7586206896551726,16,1.103448275862069,3,0.20689655172413793,20.67811478441397,1.8028807959661848,5,0.3448275862068966,0.0,0.0,0.06896551724137931,0.6753304146628446
bayes_mean-fix-seed43,dense_circle,2,416,1542568834,success,59,14.75,0.20163659649130994,0,0.0,0,0.7909313507054785,13.898543382095077,15.516894310712813,12.374261340585493,35,2.3728813559322033,17,1.152542372881356,5,0.3389830508474576,30.527617449874967,2.467025433651504,5,0.3389830508474576,0.15384615384615385,0.11538461538461539,0.13559322033898305,0.6321008437676496
bayes_mean-fix-seed43,dense_circle,2,417,1542568835,success,54,13.5,0.19475638013370644,0,0.0,1,1.2499141332637433,13.715511118924177,15.231349505484104,11.386197861820458,31,2.2962962962962963,17,1.2592592592592593,9,0.6666666666666666,31.62767730306433,2.7777206831365926,5,0.37037037037037035,0.14893617021276595,0.1276595744680851,0.2037037037037037,0.6844377856700848
bayes_mean-fix-seed43,dense_circle,2,418,1542568836,success,90,22.5,0.18625187124642606,0,0.0,3,0.5225500964302476,14.312444378932318,15.493668057024479,17.072800823618277,77,3.422222222222222,39,1.7333333333333334,21,0.9333333333333333,76.50849277228777,4.481308811759051,13,0.5777777777777777,0.21686746987951808,0.21686746987951808,0.24444444444444444,0.45506948297828304
bayes_mean-fix-seed43,dense_circle,2,419,1542568837,success,51,12.75,0.15434657419701103,0,0.0,5,0.4282465840912318,13.728469829348956,15.292046591639519,9.921845993115198,35,2.7450980392156863,17,1.3333333333333333,0,0.0,12.919870561162735,1.302163989455982,7,0.5490196078431373,0.0,0.0,0.058823529411764705,0.7852251363927943
bayes_mean-fix-seed43,dense_circle,2,420,1542568838,success,58,14.5,0.2115790696377181,0,0.0,0,1.104869692095247,14.01403379337541,15.555200725793839,11.823368446728283,36,2.4827586206896552,21,1.4482758620689655,5,0.3448275862068966,26.894607938161208,2.2746993007397465,3,0.20689655172413793,0.17647058823529413,0.11764705882352941,0.1724137931034483,0.6612377824168357
bayes_mean-fix-seed43,dense_circle,2,421,1542568839,success,60,15.0,0.23628454006143795,0,0.0,0,1.0587972102732173,13.945696440835794,15.386632829904556,12.25719700361145,42,2.8,19,1.2666666666666666,5,0.3333333333333333,32.49081801766795,2.650754328913444,8,0.5333333333333333,0.11320754716981132,0.09433962264150944,0.16666666666666666,0.6327050956227411
bayes_mean-fix-seed43,dense_circle,2,422,1542568840,success,54,13.5,0.517422594769685,0,0.0,0,1.6198013664536577,13.83819065436169,15.134667046368122,9.586025125810618,30,2.2222222222222223,14,1.037037037037037,6,0.4444444444444444,26.1401246686634,2.726899244013084,1,0.07407407407407407,0.14893617021276595,0.14893617021276595,0.09259259259259259,0.8122284200169416
bayes_mean-fix-seed43,dense_circle,2,423,1542568841,success,75,18.75,0.18758054142075375,0,0.0,3,0.3454258095251062,14.055548955996832,15.682386606931686,13.268391389120211,52,2.7733333333333334,28,1.4933333333333334,18,0.96,63.88098269098967,4.814523540764005,20,1.0666666666666667,0.2647058823529412,0.19117647058823528,0.26666666666666666,0.5853909071766754
bayes_mean-fix-seed43,dense_circle,2,424,1542568842,success,54,13.5,0.2308200412822634,0,0.0,0,0.9039150222807784,13.98619091897099,15.345375798642635,11.223679608996193,34,2.5185185185185186,17,1.2592592592592593,4,0.2962962962962963,27.17366962674674,2.4211016862033414,7,0.5185185185185185,0.0851063829787234,0.0851063829787234,0.07407407407407407,0.6943647612159498
bayes_mean-fix-seed43,dense_circle,2,425,1542568843,success,41,10.25,0.23624476416506413,0,0.0,0,1.3590415780386844,13.693011206824606,15.747793018817902,9.540381527721769,21,2.048780487804878,14,1.3658536585365855,0,0.0,12.125381662628724,1.2709535386394815,3,0.2926829268292683,0.0,0.0,0.0,0.8202105048353812
bayes_mean-fix-seed43,dense_circle,2,426,1542568844,success,51,12.75,0.210396072683811,0,0.0,0,0.66592891834571,14.056036139235777,15.362901613116264,9.967927794412198,33,2.588235294117647,18,1.411764705882353,6,0.47058823529411764,24.267672321225653,2.4345754525659364,8,0.6274509803921569,0.0,0.0,0.0784313725490196,0.7755717719213825
bayes_mean-fix-seed43,dense_circle,2,427,1542568845,success,57,14.25,0.18903601165996686,0,0.0,3,0.48880844182081373,14.062473256337015,15.374462306499481,11.546609703871045,39,2.736842105263158,20,1.4035087719298245,4,0.2807017543859649,25.915955894054214,2.2444645275717416,11,0.7719298245614035,0.1,0.1,0.12280701754385964,0.6681388090780822
bayes_mean-fix-seed43,dense_circle,2,428,1542568846,success,54,13.5,0.16085813365849466,0,0.0,3,0.5882613148051973,13.964467302516654,15.51360059529543,10.917320371896711,40,2.962962962962963,18,1.3333333333333333,1,0.07407407407407407,21.95029074284131,2.0105932587034445,5,0.37037037037037035,0.0,0.0,0.05555555555555555,0.7137371995625492
bayes_mean-fix-seed43,dense_circle,2,429,1542568847,success,59,14.75,0.22263289543240017,0,0.0,0,0.9790319874043353,14.189544181197377,15.674592554569244,11.114849765732135,37,2.5084745762711864,15,1.0169491525423728,9,0.6101694915254238,33.24306331588872,2.990869333958919,12,0.8135593220338984,0.2692307692307692,0.2692307692307692,0.2033898305084746,0.7016413977379237
bayes_mean-fix-seed43,dense_circle,2,430,1542568848,success,54,13.5,0.23115863159886607,0,0.0,0,0.909141371807409,14.228046423307172,15.728862583637238,8.996454396878507,27,2.0,14,1.037037037037037,6,0.4444444444444444,22.196357064011234,2.4672338773498024,9,0.6666666666666666,0.0,0.0,0.05555555555555555,0.8720214932613298
bayes_mean-fix-seed43,dense_circle,2,431,1542568849,timeout,101,25.25,0.18840305612300168,0,0.0,1,1.949360655318507,14.439990246059871,15.815552324056625,16.39916817823203,74,2.9306930693069306,37,1.4653465346534653,33,1.306930693069307,101.21663008482793,6.172058788883031,14,0.5544554455445545,0.35106382978723405,0.32978723404255317,0.27722772277227725,0.44112835908119163
bayes_mean-fix-seed43,dense_circle,2,432,1542568850,success,43,10.75,0.21879682336112072,0,0.0,0,1.4317448086961089,13.474763825882313,14.98803235590458,9.748558406087596,20,1.8604651162790697,7,0.6511627906976745,3,0.27906976744186046,10.582891694188751,1.0855852992151276,1,0.09302325581395349,0.0,0.0,0.046511627906976744,0.8000544908800307
bayes_mean-fix-seed43,dense_circle,2,433,1542568851,success,58,14.5,0.22692042060940965,0,0.0,0,0.8032420929802562,13.81287235638191,14.997298270463943,13.044461538930715,34,2.3448275862068964,14,0.9655172413793104,2,0.13793103448275862,19.904046231152773,1.5258618511580473,6,0.41379310344827586,0.17647058823529413,0.17647058823529413,0.1896551724137931,0.5938282653253426
bayes_mean-fix-seed43,dense_circle,2,434,1542568852,success,44,11.0,0.4098116334489049,0,0.0,0,1.449492477673816,13.587345961819995,15.22973608225584,9.963886333884018,15,1.3636363636363635,7,0.6363636363636364,1,0.09090909090909091,6.036785567006502,0.6058665629772702,1,0.09090909090909091,0.0,0.0,0.022727272727272728,0.7762499410996684
bayes_mean-fix-seed43,dense_circle,2,435,1542568853,success,54,13.5,0.18129729543996975,0,0.0,1,0.8352910958535958,14.045229940502733,15.573143400251865,10.983519482133953,39,2.888888888888889,20,1.4814814814814814,6,0.4444444444444444,27.6536747564491,2.5177425871034513,6,0.4444444444444444,0.0,0.0,0.1111111111111111,0.7055281565885727
bayes_mean-fix-seed43,dense_circle,2,436,1542568854,success,54,13.5,0.19232298748697962,0,0.0,1,0.7748918288224687,13.786548058743831,15.273606404662132,9.284976832599865,39,2.888888888888889,17,1.2592592592592593,4,0.2962962962962963,19.152988717210327,2.0627933771426914,8,0.5925925925925926,0.0,0.0,0.037037037037037035,0.8532205679767706
bayes_mean-fix-seed43,dense_circle,2,437,1542568855,success,54,13.5,0.18132697708688794,0,0.0,2,0.4007341695801538,13.94427678099385,15.279530547559261,9.006328195939416,29,2.1481481481481484,15,1.1111111111111112,4,0.2962962962962963,19.487621437269393,2.163769853074593,5,0.37037037037037035,0.1276595744680851,0.1276595744680851,0.05555555555555555,0.8654985029571092
bayes_mean-fix-seed43,dense_circle,2,438,1542568856,success,65,16.25,0.3153728601101099,0,0.0,0,1.3947007573766201,14.048100148256008,15.459831804037094,12.291158528650486,47,2.8923076923076922,22,1.353846153846154,10,0.6153846153846154,41.98765094172843,3.4160857045213366,13,0.8,0.27586206896551724,0.22413793103448276,0.16923076923076924,0.6365317169298901
bayes_mean-fix-seed43,dense_circle,2,439,1542568857,success,42,10.5,0.21390303607284245,0,0.0,0,0.8202625870395647,13.614917794863382,15.144069120287895,9.599486855250687,24,2.2857142857142856,16,1.5238095238095237,1,0.09523809523809523,14.162849122762518,1.475375646252985,5,0.47619047619047616,0.0,0.0,0.0,0.8123255812488918
bayes_mean-fix-seed43,dense_circle,2,440,1542568858,success,46,11.5,0.24975289561122616,0,0.0,0,0.8822365686602555,13.932226063764613,15.342791564762592,10.305840663672944,25,2.1739130434782608,15,1.3043478260869565,0,0.0,8.091519318272514,0.7851391829483944,1,0.08695652173913043,0.0,0.0,0.0,0.7497057641169246
bayes_mean-fix-seed43,dense_circle,2,441,1542568859,timeout,101,25.25,0.2057271456829426,0,0.0,0,0.6629672977276602,14.158256019991223,15.536695718765259,18.047944471428078,81,3.207920792079208,34,1.3465346534653466,25,0.9900990099009901,85.36410970908165,4.72985219143502,19,0.7524752475247525,0.3723404255319149,0.3617021276595745,0.24752475247524752,0.3944641560505986
bayes_mean-fix-seed43,dense_circle,2,442,1542568860,success,52,13.0,0.20946123767037295,0,0.0,0,0.6846074736183291,13.777947769715237,15.135979279875755,11.002664733591468,32,2.4615384615384617,15,1.1538461538461537,6,0.46153846153846156,23.328831434359014,2.1202892207680732,6,0.46153846153846156,0.044444444444444446,0.044444444444444446,0.057692307692307696,0.7068701256959057
bayes_mean-fix-seed43,dense_circle,2,443,1542568861,success,63,15.75,0.23037766530955717,0,0.0,0,1.1917358158811246,14.127092406390206,15.952512249350548,12.025887996141321,43,2.7301587301587302,21,1.3333333333333333,16,1.0158730158730158,47.86276166991287,3.9799773359996635,14,0.8888888888888888,0.08928571428571429,0.07142857142857142,0.1746031746031746,0.6567038349321747
bayes_mean-fix-seed43,dense_circle,2,444,1542568862,collision,24,6.0,-0.03301138435404227,1,0.25,17,0.12616450097135348,13.249366544187069,15.18850289285183,4.125972408991998,23,3.8333333333333335,15,2.5,1,0.16666666666666666,14.88551853664033,3.6077600771637153,9,1.5,0.0,0.0,0.0,0.8535952350208825
bayes_mean-fix-seed43,dense_circle,2,445,1542568863,success,55,13.75,0.1633160157392477,0,0.0,2,0.5863183322024054,13.907305015759034,15.730927139520645,11.730196309081958,38,2.7636363636363637,20,1.4545454545454546,5,0.36363636363636365,24.276025017165566,2.069532715183134,5,0.36363636363636365,0.0,0.0,0.03636363636363636,0.6639961051949377
bayes_mean-fix-seed43,dense_circle,2,446,1542568864,success,56,14.0,0.21434449678613987,0,0.0,0,0.9870627652601492,13.971811493060418,15.423950739204884,9.800024080867452,36,2.5714285714285716,23,1.6428571428571428,3,0.21428571428571427,21.940991207209162,2.2388711523724183,5,0.35714285714285715,0.0,0.0,0.03571428571428571,0.7940038944193876
bayes_mean-fix-seed43,dense_circle,2,447,1542568865,success,45,11.25,0.16047284975864406,0,0.0,3,0.7412951912258905,13.97244350777732,15.889102220535277,9.705361602210864,26,2.311111111111111,11,0.9777777777777777,1,0.08888888888888889,12.711258979778476,1.3097151348676048,3,0.26666666666666666,0.0,0.0,0.0,0.7975487714472885
bayes_mean-fix-seed43,dense_circle,2,448,1542568866,success,56,14.0,0.20879341760721082,0,0.0,0,0.7353082026150819,14.00141165192638,15.49514289945364,12.028431452219333,36,2.5714285714285716,17,1.2142857142857142,1,0.07142857142857142,18.197825642016795,1.5129009725253215,3,0.21428571428571427,0.1836734693877551,0.1836734693877551,0.17857142857142858,0.6458388481834032
bayes_mean-fix-seed43,dense_circle,2,449,1542568867,success,63,15.75,0.330415481027563,0,0.0,0,1.332371319124733,14.352985022086946,16.172468289732933,9.845192812115048,42,2.6666666666666665,16,1.0158730158730158,9,0.5714285714285714,36.786124683383875,3.7364554849668905,12,0.7619047619047619,0.26785714285714285,0.26785714285714285,0.14285714285714285,0.7868077331095914
bayes_mean-fix-seed43,dense_circle,2,450,1542568868,success,49,12.25,0.2036886156115112,0,0.0,0,0.6463120981130995,14.214054586327805,16.16786792874336,9.253939407417583,36,2.938775510204082,23,1.8775510204081634,1,0.08163265306122448,25.486051530378695,2.754075903063522,9,0.7346938775510204,0.0,0.0,0.04081632653061224,0.8377184808076195
bayes_mean-fix-seed43,dense_circle,2,451,1542568869,success,45,11.25,0.6494484110049711,0,0.0,0,1.4567202671609367,13.913916962014305,15.495279431343079,9.903962241048747,22,1.9555555555555555,13,1.1555555555555554,0,0.0,9.555159269811654,0.9647814720262748,1,0.08888888888888889,0.0,0.0,0.0,0.7802307189728372
bayes_mean-fix-seed43,dense_circle,2,452,1542568870,success,60,15.0,0.2769759218053731,0,0.0,0,1.0062944786608916,14.137852502365908,15.688666887581348,12.60147111187253,36,2.4,19,1.2666666666666666,5,0.3333333333333333,24.11790453229304,1.9138959505743938,3,0.2,0.18867924528301888,0.16981132075471697,0.13333333333333333,0.6162185262360355
bayes_mean-fix-seed43,dense_circle,2,453,1542568871,success,63,15.75,0.21863237809022396,0,0.0,0,0.6843737439171665,14.025689117492192,15.758159756660461,13.238092582686177,43,2.7301587301587302,19,1.2063492063492063,8,0.5079365079365079,32.573108721023374,2.460559066011146,3,0.19047619047619047,0.16071428571428573,0.08928571428571429,0.15873015873015872,0.5828420651499794
bayes_mean-fix-seed43,dense_circle,2,454,1542568872,success,51,12.75,0.19518054030163245,0,0.0,1,0.6659272990950542,14.016817086467556,15.657607465982437,10.81940077937541,33,2.588235294117647,23,1.803921568627451,5,0.39215686274509803,27.646985387768442,2.555315765774273,9,0.7058823529411765,0.13636363636363635,0.13636363636363635,0.11764705882352941,0.727642271803867
bayes_mean-fix-seed43,dense_circle,2,455,1542568873,success,45,11.25,0.2504964463476894,0,0.0,0,1.091628484797062,13.826584650410545,15.290828049182892,9.989074319311877,24,2.1333333333333333,12,1.0666666666666667,1,0.08888888888888889,12.932378256710209,1.2946523214576593,3,0.26666666666666666,0.0,0.0,0.0,0.7759681995979585
bayes_mean-fix-seed43,dense_circle,2,456,1542568874,success,50,12.5,0.1732632823711584,0,0.0,2,0.5820669921284705,13.965273052453995,15.782376565039158,10.348136775309467,29,2.32,12,0.96,5,0.4,20.591576675473465,1.9898825385266192,7,0.56,0.0,0.0,0.08,0.7550634238678033
bayes_mean-fix-seed43,dense_circle,2,457,1542568875,timeout,101,25.25,0.18485736905127859,0,0.0,1,1.3963700169572741,14.548566413692908,15.758838504552841,18.371232297819567,77,3.0495049504950495,33,1.306930693069307,18,0.7128712871287128,71.46224884005993,3.88989958221483,12,0.4752475247524752,0.3191489361702128,0.19148936170212766,0.2079207920792079,0.3975150202857291
bayes_mean-fix-seed43,dense_circle,2,458,1542568876,success,55,13.75,0.19862912816896616,0,0.0,2,0.38510732264938347,14.175402644005688,15.786856412887573,9.795341897532262,34,2.4727272727272727,17,1.2363636363636363,6,0.43636363636363634,28.37327778299866,2.896609233226125,7,0.509090909090909,0.0,0.0,0.07272727272727272,0.7914968909962863
bayes_mean-fix-seed43,dense_circle,2,459,1542568877,success,55,13.75,0.183819269124313,0,0.0,2,0.817075961299468,14.21995616771958,16.199790313839912,11.428334753693939,34,2.4727272727272727,25,1.8181818181818181,8,0.5818181818181818,30.56903785327582,2.6748462056902125,3,0.21818181818181817,0.08333333333333333,0.08333333333333333,0.09090909090909091,0.6800324043627701
bayes_mean-fix-seed43,dense_circle,2,460,1542568878,success,67,16.75,0.1897439071108219,0,0.0,1,0.9687625805475155,14.33088552595964,16.04950800538063,12.68273858172847,53,3.1641791044776117,31,1.8507462686567164,11,0.6567164179104478,43.98114497401114,3.4677955940346408,1,0.05970149253731343,0.13333333333333333,0.11666666666666667,0.208955223880597,0.6099603506761384
bayes_mean-fix-seed43,dense_circle,2,461,1542568879,success,49,12.25,0.1935479336675322,0,0.0,1,0.6802204509181214,13.867038777288126,15.18145203590393,8.625374025828833,25,2.0408163265306123,11,0.8979591836734694,1,0.08163265306122448,8.660072200689214,1.0040228023453217,2,0.16326530612244897,0.0,0.0,0.02040816326530612,0.8990568758638418
bayes_mean-fix-seed43,dense_circle,2,462,1542568880,timeout,101,25.25,0.19417714902144811,0,0.0,2,0.8964599076335028,14.41866878678303,15.97491279244423,16.555275175063866,82,3.2475247524752477,37,1.4653465346534653,26,1.0297029702970297,89.36881841559583,5.398207971209459,17,0.6732673267326733,0.46808510638297873,0.43617021276595747,0.2376237623762376,0.4496984078336189
bayes_mean-fix-seed43,dense_circle,2,463,1542568881,success,59,14.75,0.34698952951171247,0,0.0,0,0.7055085738136428,14.115655510607413,15.784817188978195,11.89153858476811,41,2.7796610169491527,25,1.694915254237288,12,0.8135593220338984,41.64766601438589,3.502294149533556,3,0.2033898305084746,0.1346153846153846,0.1346153846153846,0.2033898305084746,0.6590439622877314
bayes_mean-fix-seed43,dense_circle,2,464,1542568882,success,57,14.25,0.1990847319441995,0,0.0,1,0.715434284403486,14.691168605758433,16.800379008054733,10.420522065906072,43,3.017543859649123,17,1.1929824561403508,2,0.14035087719298245,20.332618720506947,1.9512092188769825,8,0.5614035087719298,0.0,0.0,0.08771929824561403,0.748905311350939
bayes_mean-fix-seed43,dense_circle,2,465,1542568883,success,49,12.25,0.23411280416990887,0,0.0,0,0.6948472922244651,13.873225724210544,15.854484587907788,10.558152709079529,32,2.6122448979591835,14,1.1428571428571428,2,0.16326530612244897,18.96984028268202,1.7967006923823734,5,0.40816326530612246,0.0,0.0,0.10204081632653061,0.7381001932046628
bayes_mean-fix-seed43,dense_circle,2,466,1542568884,collision,26,6.5,-0.15373158552740024,1,0.25,9,0.18422740477291688,13.226079969451977,16.26610103994608,4.53228450800488,20,3.076923076923077,12,1.8461538461538463,1,0.15384615384615385,7.87020923552165,1.7364773154953883,2,0.3076923076923077,0.0,0.0,0.038461538461538464,0.9070191670912962
bayes_mean-fix-seed43,dense_circle,2,467,1542568885,success,53,13.25,0.22685206509554123,0,0.0,0,0.767003569880207,14.303976283320841,17.590165883302685,10.805809072990035,34,2.5660377358490565,21,1.5849056603773586,6,0.4528301886792453,26.498527422333275,2.452248345620729,3,0.22641509433962265,0.0,0.0,0.05660377358490566,0.7273072168108795
bayes_mean-fix-seed43,dense_circle,2,468,1542568886,success,50,12.5,0.20977791443556604,0,0.0,0,0.6333177287589635,13.842803984880447,15.631464123725891,10.821745351948104,25,2.0,11,0.88,4,0.32,21.123844690278357,1.9519813120048786,4,0.32,0.0,0.0,0.06,0.7226830768857583
bayes_mean-fix-seed43,dense_circle,2,469,1542568887,success,49,12.25,0.18728897388424137,0,0.0,2,0.643145480896526,13.914350116131256,15.489515662193298,10.213390942481267,31,2.5306122448979593,14,1.1428571428571428,2,0.16326530612244897,18.761700296155915,1.836970737908315,9,0.7346938775510204,0.11904761904761904,0.07142857142857142,0.08163265306122448,0.7688040921415914
bayes_mean-fix-seed43,dense_circle,2,470,1542568888,success,48,12.0,0.19488880537538666,0,0.0,1,0.8953050373415293,13.857281766831875,15.294172614812851,11.018751997641958,27,2.25,13,1.0833333333333333,3,0.25,17.36651909543958,1.5760876639347232,5,0.4166666666666667,0.14634146341463414,0.024390243902439025,0.14583333333333334,0.6991942522277335
bayes_mean-fix-seed43,dense_circle,2,471,1542568889,success,52,13.0,0.17047921501482177,0,0.0,1,0.7424397531246296,14.076676362982163,15.766097046434878,10.381987858492725,32,2.4615384615384617,12,0.9230769230769231,2,0.15384615384615385,17.04083767893049,1.6413848591616933,3,0.23076923076923078,0.0,0.0,0.019230769230769232,0.7470273333641932
bayes_mean-fix-seed43,dense_circle,2,472,1542568890,success,50,12.5,0.1845434572599226,0,0.0,3,0.531255984672761,14.277364760637283,16.032753139734268,10.877328022388458,36,2.88,19,1.52,3,0.24,16.60258822977058,1.5263480328622985,3,0.24,0.0,0.0,0.08,0.7101131662842441
bayes_mean-fix-seed43,dense_circle,2,473,1542568891,success,55,13.75,0.16881277489453028,0,0.0,2,0.29741244907657055,14.30697495287115,15.872032195329666,10.511229404325745,36,2.618181818181818,16,1.1636363636363636,8,0.5818181818181818,30.460695534811787,2.897919392975681,7,0.509090909090909,0.0625,0.0625,0.09090909090909091,0.7480945838954944
bayes_mean-fix-seed43,dense_circle,2,474,1542568892,success,56,14.0,0.188812697031138,0,0.0,2,1.47870648581778,13.925739297909397,15.182786621153355,11.1114245323467,32,2.2857142857142856,18,1.2857142857142858,3,0.21428571428571427,17.151474199212174,1.5435891365037993,4,0.2857142857142857,0.0,0.0,0.03571428571428571,0.7027350562403797
bayes_mean-fix-seed43,dense_circle,2,475,1542568893,success,48,12.0,0.17964269423619128,0,0.0,1,0.7726895422359578,13.966666534543037,15.326545014977455,10.044422220537776,32,2.6666666666666665,24,2.0,2,0.16666666666666666,22.109113453112936,2.2011334218813055,5,0.4166666666666667,0.0,0.0,0.0,0.7742568436543193
bayes_mean-fix-seed43,dense_circle,2,476,1542568894,timeout,101,25.25,0.31069572881868457,0,0.0,0,1.117805112098063,14.592150945474605,16.13427698612213,16.293899256149984,75,2.9702970297029703,31,1.2277227722772277,28,1.108910891089109,89.0908082898562,5.467740219163911,25,0.9900990099009901,0.4148936170212766,0.4148936170212766,0.297029702970297,0.44385767340282584
bayes_mean-fix-seed43,dense_circle,2,477,1542568895,success,68,17.0,0.3243234292638517,0,0.0,0,1.1179053285352207,14.331315479734364,15.696723945438862,11.83942632363961,38,2.235294117647059,14,0.8235294117647058,5,0.29411764705882354,30.63547221789527,2.58758079829644,8,0.47058823529411764,0.3114754098360656,0.11475409836065574,0.16176470588235295,0.6535798789500076
bayes_mean-fix-seed43,dense_circle,2,478,1542568896,success,59,14.75,0.29201356211798657,0,0.0,0,0.7355495545652754,14.235432180812804,15.773786604404448,11.404501046641249,34,2.305084745762712,16,1.0847457627118644,3,0.2033898305084746,18.61662530358929,1.6323927918856294,3,0.2033898305084746,0.07692307692307693,0.07692307692307693,0.1016949152542373,0.687414592404367
bayes_mean-fix-seed43,dense_circle,2,479,1542568897,success,54,13.5,0.18902592827775255,0,0.0,2,1.0461412230861404,13.79479254009547,15.083594247698784,10.273108738646652,32,2.3703703703703702,14,1.037037037037037,4,0.2962962962962963,20.816690522654497,2.026328256834632,7,0.5185185185185185,0.1276595744680851,0.0425531914893617,0.07407407407407407,0.7584794531756618
bayes_mean-fix-seed43,dense_circle,2,480,1542568898,success,60,15.0,0.20439493728181923,0,0.0,0,0.8103235927619808,14.144896964232126,15.542585030198097,12.95365991986458,38,2.533333333333333,15,1.0,8,0.5333333333333333,35.353593407634044,2.729235878226116,11,0.7333333333333333,0.18867924528301888,0.11320754716981132,0.2,0.5996695836010105
bayes_mean-fix-seed43,dense_circle,2,481,1542568899,success,48,12.0,0.14117303169401663,0,0.0,2,0.8834959207248573,14.046142731482783,15.666871331632137,10.543288054658708,23,1.9166666666666667,12,1.0,2,0.16666666666666666,13.913569102365077,1.319661288796635,2,0.16666666666666666,0.17073170731707318,0.14634146341463414,0.14583333333333334,0.73478975135292
bayes_mean-fix-seed43,dense_circle,2,482,1542568900,success,57,14.25,0.1472232722481317,0,0.0,2,1.0631631790906924,14.129318885113063,15.893995761871338,10.770320365172019,40,2.807017543859649,23,1.6140350877192982,7,0.49122807017543857,33.41837739168109,3.10282111010793,7,0.49122807017543857,0.24,0.24,0.10526315789473684,0.7204627721407938
bayes_mean-fix-seed43,dense_circle,2,483,1542568901,success,66,16.5,0.14794784384801019,0,0.0,3,1.1392679113684867,14.874698424881155,16.726184636354446,13.86265932709433,47,2.8484848484848486,27,1.6363636363636365,8,0.48484848484848486,37.71682917252491,2.7207499140376346,3,0.18181818181818182,0.01694915254237288,0.01694915254237288,0.10606060606060606,0.5613662974870068
bayes_mean-fix-seed43,dense_circle,2,484,1542568902,success,51,12.75,0.19764315730365767,0,0.0,2,0.8186104542537983,14.282218162335601,15.838615596294403,11.194215280514905,29,2.2745098039215685,14,1.0980392156862746,3,0.23529411764705882,16.848229168229174,1.5050835405636578,6,0.47058823529411764,0.1590909090909091,0.06818181818181818,0.09803921568627451,0.6893116938709489
bayes_mean-fix-seed43,dense_circle,2,485,1542568903,success,53,13.25,0.17214823379437116,0,0.0,1,0.6533519407341627,14.119360736518535,15.941436588764189,11.688113827436116,32,2.4150943396226414,17,1.2830188679245282,3,0.22641509433962265,22.791694564415934,1.9499891001160348,3,0.22641509433962265,0.15217391304347827,0.06521739130434782,0.1509433962264151,0.6696519719439624
bayes_mean-fix-seed43,dense_circle,2,486,1542568904,success,96,24.0,0.19587754485939934,0,0.0,1,1.0134900387114494,14.460752174879113,15.966761857271194,18.708446638409953,60,2.5,30,1.25,14,0.5833333333333334,50.98187642786815,2.7250726590628984,12,0.5,0.34831460674157305,0.24719101123595505,0.25,0.4183473726365848
bayes_mean-fix-seed43,dense_circle,2,487,1542568905,success,43,10.75,0.28505378087425226,0,0.0,0,0.5667761700440791,13.881406118703444,15.863440558314323,9.491465137713703,24,2.2325581395348837,15,1.3953488372093024,2,0.18604651162790697,14.529306027751414,1.5307758935994176,1,0.09302325581395349,0.0,0.0,0.046511627906976744,0.8160612468340219
bayes_mean-fix-seed43,dense_circle,2,488,1542568906,success,48,12.0,0.16672933803702683,0,0.0,4,0.40454586592405234,13.89981674340864,15.830118209123611,9.856191178311729,31,2.5833333333333335,17,1.4166666666666667,0,0.0,11.022248444071648,1.118307086851744,1,0.08333333333333333,0.0,0.0,0.0,0.786457119070103
bayes_mean-fix-seed43,dense_circle,2,489,1542568907,success,49,12.25,0.17845234059044868,0,0.0,2,0.8573000272458842,13.891971461018738,15.465788543224333,8.882698677041175,34,2.7755102040816326,20,1.6326530612244898,2,0.16326530612244897,17.300669337838027,1.9476816637442076,3,0.24489795918367346,0.0,0.0,0.04081632653061224,0.8748432107467753
bayes_mean-fix-seed43,dense_circle,2,490,1542568908,success,91,22.75,0.14595564092340052,0,0.0,3,0.6036694641185668,14.27436079625245,15.72176069021225,17.15492148910616,72,3.1648351648351647,44,1.934065934065934,33,1.4505494505494505,106.44706622402421,6.2050453738083835,23,1.010989010989011,0.21428571428571427,0.19047619047619047,0.3076923076923077,0.4603415123499501
bayes_mean-fix-seed43,dense_circle,2,491,1542568909,success,64,16.0,0.20689431697539884,0,0.0,0,0.8747088477981542,14.19312006328255,15.723571740090845,12.631401055794532,44,2.75,26,1.625,9,0.5625,35.74734300451148,2.830037843514812,1,0.0625,0.17543859649122806,0.07017543859649122,0.1875,0.6142472484789866
bayes_mean-fix-seed43,dense_circle,2,492,1542568910,success,55,13.75,0.1787994628482794,0,0.0,6,0.39195067639167147,14.010655067183755,15.408479422330856,11.432768315583974,35,2.5454545454545454,14,1.018181818181818,3,0.21818181818181817,22.13667208691337,1.9362477639592273,5,0.36363636363636365,0.020833333333333332,0.0,0.12727272727272726,0.6768648544018823
bayes_mean-fix-seed43,dense_circle,2,493,1542568911,success,53,13.25,0.18158971754016417,0,0.0,2,0.4913451156230793,14.104911530355238,15.460965037345886,10.201799882647334,43,3.2452830188679247,24,1.8113207547169812,3,0.22641509433962265,21.44957754541548,2.1025287490592675,5,0.37735849056603776,0.0,0.0,0.05660377358490566,0.7654541952502143
bayes_mean-fix-seed43,dense_circle,2,494,1542568912,success,54,13.5,0.21466674105364825,0,0.0,0,1.6395010356071966,14.056521985265944,15.887626633048058,8.970347406844283,32,2.3703703703703702,21,1.5555555555555556,4,0.2962962962962963,18.070124887056576,2.0144286578320543,4,0.2962962962962963,0.0,0.0,0.037037037037037035,0.874935087373398
bayes_mean-fix-seed43,dense_circle,2,495,1542568913,success,61,15.25,0.24147627193319154,0,0.0,0,0.9135039783650413,14.00862560897577,15.451442450284958,11.786809308298098,40,2.622950819672131,19,1.2459016393442623,4,0.26229508196721313,31.081166296355875,2.636944866366358,8,0.5245901639344263,0.14814814814814814,0.14814814814814814,0.19672131147540983,0.656563303040543
bayes_mean-fix-seed43,dense_circle,2,496,1542568914,success,55,13.75,0.1672734219809261,0,0.0,3,0.7364623092352648,13.688080215995962,15.186256542801857,10.1011696482175,31,2.2545454545454544,13,0.9454545454545454,6,0.43636363636363634,26.370915301303164,2.610679378695189,7,0.509090909090909,0.0,0.0,0.09090909090909091,0.7681269609925
bayes_mean-fix-seed43,dense_circle,2,497,1542568915,success,59,14.75,0.3306131144579123,0,0.0,0,0.7611162331483388,14.290902005918955,16.21935628354549,12.970173855434616,39,2.6440677966101696,22,1.4915254237288136,5,0.3389830508474576,28.307985119015292,2.182544770373606,9,0.6101694915254238,0.15384615384615385,0.15384615384615385,0.22033898305084745,0.5962681615406137
bayes_mean-fix-seed43,dense_circle,2,498,1542568916,success,49,12.25,0.23797334250675872,0,0.0,0,0.7095720271150651,14.012319853111189,15.690430998802183,10.815275850032554,28,2.2857142857142856,18,1.469387755102041,3,0.24489795918367346,18.32045765464346,1.6939427073964382,4,0.32653061224489793,0.0,0.0,0.08163265306122448,0.7219098483733486
bayes_mean-fix-seed43,dense_circle,2,499,1542568917,success,51,12.75,0.24615739229521116,0,0.0,0,0.9046833797131247,14.361829296046613,15.759052708745003,10.815376529109205,36,2.823529411764706,15,1.1764705882352942,2,0.1568627450980392,13.455007382997074,1.244062779209156,3,0.23529411764705882,0.0,0.0,0.0196078431372549,0.7240294454204999
bayes_mean-fix-seed43,dense_square,3,0,1543568421,timeout,101,25.25,0.18442608018487727,0,0.0,1,0.39674067254091255,14.149325982768937,15.601780265569687,14.66476446126529,98,3.881188118811881,58,2.297029702970297,52,2.0594059405940595,159.1409342387761,10.851925692984862,22,0.8712871287128713,0.6276595744680851,0.6276595744680851,0.40594059405940597,0.1354386958672487
bayes_mean-fix-seed43,dense_square,3,1,1543568422,success,69,17.25,0.21358475125716836,0,0.0,0,0.7144482417704239,14.54460005397382,16.10618680715561,12.784179546846964,48,2.782608695652174,21,1.2173913043478262,12,0.6956521739130435,42.96950307247176,3.3611467137967077,9,0.5217391304347826,0.27419354838709675,0.22580645161290322,0.2753623188405797,0.607672171931109
bayes_mean-fix-seed43,dense_square,3,2,1543568423,collision,19,4.75,-0.16840018635772736,1,0.25,4,0.6606317934204862,12.564415014103838,13.651107624173164,3.6621851186497745,16,3.3684210526315788,12,2.526315789473684,1,0.21052631578947367,10.747875346620482,2.9348257934550177,4,0.8421052631578947,0.0,0.0,0.10526315789473684,0.739756490625351
bayes_mean-fix-seed43,dense_square,3,3,1543568424,collision,19,4.75,0.013305202397830729,0,0.0,7,0.21189007074466773,12.325141382844825,14.352141693234444,2.9988571400462023,18,3.789473684210526,8,1.6842105263157894,7,1.4736842105263157,23.36805668881698,7.792320740045976,6,1.263157894736842,0.3333333333333333,0.3333333333333333,0.42105263157894735,0.0
bayes_mean-fix-seed43,dense_square,3,4,1543568425,timeout,101,25.25,0.14862096192445517,0,0.0,4,0.5529269877655589,14.332539706241967,15.589535236358643,14.830361205130377,93,3.6831683168316833,48,1.900990099009901,33,1.306930693069307,117.15642920889496,7.899769101265462,26,1.0297029702970297,0.35106382978723405,0.3404255319148936,0.3465346534653465,0.3254290743558619
bayes_mean-fix-seed43,dense_square,3,5,1543568426,success,55,13.75,0.19560039904445514,0,0.0,2,0.9336422873936259,14.126440747217698,15.963999181985855,10.64102764972189,39,2.8363636363636364,23,1.6727272727272726,7,0.509090909090909,31.22010405898513,2.9339369360440566,3,0.21818181818181817,0.041666666666666664,0.041666666666666664,0.09090909090909091,0.7349569793388129
bayes_mean-fix-seed43,dense_square,3,6,1543568427,collision,17,4.25,-0.06790023164919556,1,0.25,4,0.33777435888637664,12.751377680722404,15.493781864643095,2.902165525750381,16,3.764705882352941,12,2.823529411764706,2,0.47058823529411764,16.5376406503608,5.698379538873767,3,0.7058823529411765,0.0,0.0,0.17647058823529413,0.4406306686600412
bayes_mean-fix-seed43,dense_square,3,7,1543568428,success,93,23.25,0.07345012128510209,0,0.0,9,0.7862810023869895,14.491636946957598,16.19255468249321,16.54116016343702,79,3.3978494623655915,37,1.5913978494623655,22,0.946236559139785,81.70953650772208,4.939770590477372,18,0.7741935483870968,0.19767441860465115,0.19767441860465115,0.27956989247311825,0.4717215859650844
bayes_mean-fix-seed43,dense_square,3,8,1543568429,success,80,20.0,0.07540742905614051,0,0.0,12,0.638718702205586,14.6475690882653,16.23309012502432,16.202426836878914,48,2.4,23,1.15,11,0.55,50.715364853476714,3.130109172166832,8,0.4,0.1095890410958904,0.0684931506849315,0.2125,0.4852006837429641
bayes_mean-fix-seed43,dense_square,3,9,1543568430,timeout,101,25.25,0.17146570729085653,0,0.0,5,0.7044159936019778,14.581576284795705,16.27315580844879,17.09948705937124,85,3.366336633663366,55,2.1782178217821784,37,1.4653465346534653,106.74834220132644,6.242780372924921,39,1.5445544554455446,0.723404255319149,0.5957446808510638,0.504950495049505,0.0
bayes_mean-fix-seed43,dense_square,3,10,1543568431,timeout,101,25.25,0.18776992704029594,0,0.0,1,0.4700072211534943,15.857958557582137,16.458220779895782,15.360381814930927,98,3.881188118811881,44,1.7425742574257426,38,1.504950495049505,124.1377575806079,8.081684366721982,39,1.5445544554455446,0.6063829787234043,0.5851063829787234,0.39603960396039606,0.08887692405984675
bayes_mean-fix-seed43,dense_square,3,11,1543568432,timeout,101,25.25,0.20904740624161422,0,0.0,0,0.48458250411272824,14.698028859525625,16.226526349782944,15.289442698975325,91,3.603960396039604,43,1.702970297029703,20,0.7920792079207921,84.8833236022421,5.551760471160329,25,0.9900990099009901,0.648936170212766,0.5957446808510638,0.40594059405940597,0.2719052381715682
bayes_mean-fix-seed43,dense_square,3,12,1543568433,success,64,16.0,0.17816403809721848,0,0.0,3,0.5670002233413288,13.873610878363252,15.455999784171581,11.77558599454067,56,3.5,24,1.5,3,0.1875,28.751788317221298,2.4416439513541865,12,0.75,0.017543859649122806,0.017543859649122806,0.09375,0.6588350679136676
bayes_mean-fix-seed43,dense_square,3,13,1543568434,success,68,17.0,0.23115033611786973,0,0.0,0,0.7798062707463909,14.201396637979675,15.719838626682758,13.89949587941293,47,2.764705882352941,26,1.5294117647058822,11,0.6470588235294118,46.89814584908459,3.374089697637683,11,0.6470588235294118,0.18032786885245902,0.14754098360655737,0.23529411764705882,0.5573810205547047
bayes_mean-fix-seed43,dense_square,3,14,1543568435,timeout,101,25.25,0.1857369651013685,0,0.0,2,0.4532904639308573,14.489051286536869,15.867568552494049,18.170490361236293,82,3.2475247524752477,41,1.6237623762376239,29,1.1485148514851484,100.32779786117499,5.521468923877123,27,1.0693069306930694,0.5531914893617021,0.4574468085106383,0.42574257425742573,0.1340068853859957
bayes_mean-fix-seed43,dense_square,3,15,1543568436,success,94,23.5,0.17643903291855667,0,0.0,1,0.6083661301146088,14.576569595869552,16.330572962760925,15.973749839223528,85,3.617021276595745,49,2.0851063829787235,34,1.446808510638298,102.92220650907977,6.443208861100002,33,1.4042553191489362,0.13793103448275862,0.10344827586206896,0.2872340425531915,0.4836754244524416
bayes_mean-fix-seed43,dense_square,3,16,1543568437,success,93,23.25,0.03896167985371091,0,0.0,4,0.7795714173737528,14.406593696724984,16.015954315662384,17.209991250800698,72,3.096774193548387,39,1.6774193548387097,20,0.8602150537634409,80.88125289751476,4.699668449497424,20,0.8602150537634409,0.29069767441860467,0.18604651162790697,0.26881720430107525,0.45528018391123576
bayes_mean-fix-seed43,dense_square,3,17,1543568438,success,86,21.5,0.18898979245427017,0,0.0,1,0.8156263559561236,14.145388419544974,15.83250891417265,14.033055961213819,74,3.441860465116279,42,1.9534883720930232,31,1.441860465116279,85.32862975008318,6.0805451062066815,9,0.4186046511627907,0.06329113924050633,0.0379746835443038,0.26744186046511625,0.5521935020139392
bayes_mean-fix-seed43,dense_square,3,18,1543568439,timeout,101,25.25,0.17928679635120837,0,0.0,2,0.4695642785263583,14.02445653877636,15.467029064893723,14.209337608624937,95,3.762376237623762,46,1.8217821782178218,40,1.5841584158415842,133.59396502155525,9.401843259777637,33,1.306930693069307,0.6276595744680851,0.574468085106383,0.36633663366336633,0.1364978510233006
bayes_mean-fix-seed43,dense_square,3,19,1543568440,timeout,101,25.25,0.06542116170510859,0,0.0,7,0.6736107917450486,14.118324891470447,15.631694346666336,13.317411463723626,87,3.4455445544554455,49,1.9405940594059405,39,1.5445544554455446,129.29931844828772,9.709042842184203,24,0.9504950495049505,0.19148936170212766,0.1702127659574468,0.27722772277227725,0.4308031678159669
bayes_mean-fix-seed43,dense_square,3,20,1543568441,success,87,21.75,0.21175324923438643,0,0.0,0,0.6805427878944884,14.207236040597675,15.50111174583435,16.720900524828245,68,3.1264367816091956,33,1.5172413793103448,18,0.8275862068965517,67.26333180315252,4.02270988355416,19,0.8735632183908046,0.1875,0.075,0.27586206896551724,0.46297859725351387
bayes_mean-fix-seed43,dense_square,3,21,1543568442,timeout,101,25.25,0.20998715141510926,0,0.0,0,0.47584312608731466,14.265957076360683,15.551161020994186,12.365066045647971,95,3.762376237623762,45,1.7821782178217822,41,1.6237623762376239,139.13076436086897,11.25192246019888,34,1.3465346534653466,0.5851063829787234,0.4574468085106383,0.36633663366336633,0.16345626373147995
bayes_mean-fix-seed43,dense_square,3,22,1543568443,success,66,16.5,0.1652554403691725,0,0.0,2,0.5779257229473906,14.003869033221042,15.473518520593643,11.99080546087547,52,3.1515151515151514,17,1.0303030303030303,7,0.42424242424242425,33.38689119462021,2.7843743527953606,11,0.6666666666666666,0.1016949152542373,0.06779661016949153,0.10606060606060606,0.6489109431086069
bayes_mean-fix-seed43,dense_square,3,23,1543568444,collision,13,3.25,-0.06520757693289869,1,0.25,4,0.24465805927848835,11.64843228000861,13.081304728984833,1.8492191747027256,12,3.6923076923076925,10,3.076923076923077,7,2.1538461538461537,20.915879149131726,11.310654483395185,8,2.4615384615384617,0.0,0.0,0.15384615384615385,0.5213972678483727
bayes_mean-fix-seed43,dense_square,3,24,1543568445,success,65,16.25,0.25613301930840626,0,0.0,0,0.8791014907999312,14.034692943096161,15.413731336593628,13.504286387689485,48,2.953846153846154,24,1.476923076923077,13,0.8,40.0617247936978,2.966593246290903,13,0.8,0.034482758620689655,0.017241379310344827,0.18461538461538463,0.5775192847037902
bayes_mean-fix-seed43,dense_square,3,25,1543568446,timeout,101,25.25,0.2243875397041336,0,0.0,0,0.7034307990727264,14.3369494172016,15.798792243003845,13.185738174502303,98,3.881188118811881,45,1.7821782178217822,50,1.9801980198019802,146.06414595066727,11.077434119927872,36,1.4257425742574257,0.5212765957446809,0.4787234042553192,0.44554455445544555,0.27496783123170265
bayes_mean-fix-seed43,dense_square,3,26,1543568447,timeout,101,25.25,0.0588203576653441,0,0.0,6,0.6946315018095434,14.201381197660277,15.374444425106049,17.566926841520644,89,3.5247524752475248,38,1.504950495049505,23,0.9108910891089109,99.80035901545573,5.681150716673487,27,1.0693069306930694,0.574468085106383,0.5,0.44554455445544555,0.1653486975491939
bayes_mean-fix-seed43,dense_square,3,27,1543568448,timeout,101,25.25,0.17743895587339642,0,0.0,4,0.5648242796681207,14.446954252106128,15.777301043272018,16.367279509637733,89,3.5247524752475248,50,1.9801980198019802,46,1.8217821782178218,144.38294207517905,8.821438039850202,37,1.4653465346534653,0.35106382978723405,0.3404255319148936,0.3069306930693069,0.26954182278169586
bayes_mean-fix-seed43,dense_square,3,28,1543568449,success,69,17.25,0.21010806828774775,0,0.0,0,0.7829274917109231,14.332477489243383,15.847454965114594,13.15950439752778,56,3.246376811594203,26,1.5072463768115942,16,0.927536231884058,55.04782720222779,4.183123128297248,9,0.5217391304347826,0.14516129032258066,0.14516129032258066,0.17391304347826086,0.5965184450625254
bayes_mean-fix-seed43,dense_square,3,29,1543568450,timeout,101,25.25,0.1389513496068976,0,0.0,3,1.2122176532103848,14.226244006416586,15.48323780298233,20.69517079685922,62,2.4554455445544554,31,1.2277227722772277,11,0.43564356435643564,46.91367293178236,2.266889864900374,11,0.43564356435643564,0.26595744680851063,0.14893617021276595,0.26732673267326734,0.3245877380124259
bayes_mean-fix-seed43,dense_square,3,30,1543568451,timeout,101,25.25,0.13438025142823962,0,0.0,5,0.4485931030283026,14.302391411349324,15.531789511442184,17.161472522718267,91,3.603960396039604,65,2.5742574257425743,35,1.386138613861386,112.23668485856375,6.540038141248393,37,1.4653465346534653,0.3404255319148936,0.3191489361702128,0.3069306930693069,0.2923335599383212
bayes_mean-fix-seed43,dense_square,3,31,1543568452,timeout,101,25.25,0.12820868370885818,0,0.0,12,0.7038098361928021,14.431266538282433,15.788234770298004,18.312088293275572,76,3.00990099009901,32,1.2673267326732673,22,0.8712871287128713,75.94193948207305,4.147093344343467,17,0.6732673267326733,0.2553191489361702,0.1276595744680851,0.2871287128712871,0.3984479460858238
bayes_mean-fix-seed43,dense_square,3,32,1543568453,timeout,101,25.25,0.1172961247877865,0,0.0,4,0.5376935722443762,14.176674297835568,15.455443412065506,14.51053836837636,98,3.881188118811881,58,2.297029702970297,37,1.4653465346534653,127.27369875998068,8.771121755024298,47,1.8613861386138615,0.6063829787234043,0.5851063829787234,0.38613861386138615,0.07831464172955564
bayes_mean-fix-seed43,dense_square,3,33,1543568454,timeout,101,25.25,0.20319056873118357,0,0.0,0,0.6505002051647959,14.668051153421402,16.17204397916794,14.522376384724781,98,3.881188118811881,47,1.8613861386138615,54,2.1386138613861387,161.5280723757001,11.122702517585333,46,1.8217821782178218,0.43617021276595747,0.425531914893617,0.4158415841584158,0.2581180075989549
bayes_mean-fix-seed43,dense_square,3,34,1543568455,timeout,101,25.25,0.011308080124239117,0,0.0,6,0.6318957367142428,14.427481200730446,15.890847891569138,18.20578711598006,88,3.485148514851485,36,1.4257425742574257,30,1.188118811881188,105.15760078863956,5.776053521813286,27,1.0693069306930694,0.39361702127659576,0.22340425531914893,0.39603960396039606,0.18201194259185705
bayes_mean-fix-seed43,dense_square,3,35,1543568456,timeout,101,25.25,0.07250772291878593,0,0.0,3,0.4978562475696381,14.165443506571325,15.573285520076752,14.603364819946663,82,3.2475247524752477,39,1.5445544554455446,29,1.1485148514851484,93.68759608851686,6.415480078984909,17,0.6732673267326733,0.5106382978723404,0.40425531914893614,0.3564356435643564,0.3064434237527003
bayes_mean-fix-seed43,dense_square,3,36,1543568457,timeout,101,25.25,0.18836302549304906,0,0.0,3,0.3962724778534649,14.404078742655196,15.88020846247673,12.913717488833427,92,3.6435643564356437,53,2.099009900990099,40,1.5841584158415842,133.66603449095265,10.350701461955824,13,0.5148514851485149,0.3404255319148936,0.3404255319148936,0.24752475247524752,0.49624563017368006
bayes_mean-fix-seed43,dense_square,3,37,1543568458,timeout,101,25.25,0.1919651642899055,0,0.0,1,0.636740532083217,15.505458237511096,15.681959688663483,15.175574682753675,94,3.722772277227723,57,2.257425742574257,39,1.5445544554455446,130.81630131607503,8.620187640389103,39,1.5445544554455446,0.48936170212765956,0.44680851063829785,0.36633663366336633,0.1887940285016498
bayes_mean-fix-seed43,dense_square,3,38,1543568459,timeout,101,25.25,0.23159279315582948,0,0.0,0,1.0007014106964076,14.444197611053392,15.994779765605927,20.179615496897345,77,3.0495049504950495,36,1.4257425742574257,18,0.7128712871287128,68.27264025317457,3.3832478256918037,15,0.594059405940594,0.2872340425531915,0.23404255319148937,0.24752475247524752,0.33153058851026673
bayes_mean-fix-seed43,dense_square,3,39,1543568460,success,53,13.25,0.15046882652653182,0,0.0,2,0.7677543417666328,13.877973593068573,15.44443592429161,10.887411828402078,38,2.8679245283018866,21,1.5849056603773586,8,0.6037735849056604,33.15041285486293,3.0448386978788826,9,0.6792452830188679,0.0,0.0,0.11320754716981132,0.7193611349433573
bayes_mean-fix-seed43,dense_square,3,40,1543568461,success,63,15.75,0.2323780289678704,0,0.0,0,1.046889626802764,14.116656094316452,15.884675830602646,13.012375608302568,41,2.6031746031746033,21,1.3333333333333333,13,0.8253968253968254,45.85872616798543,3.524239350939516,5,0.31746031746031744,0.125,0.07142857142857142,0.2222222222222222,0.5958766915793797
bayes_mean-fix-seed43,dense_square,3,41,1543568462,timeout,101,25.25,0.20028458420879391,0,0.0,0,0.5831453260599271,14.144444598419831,15.509925782680511,17.227374626734633,84,3.3267326732673266,47,1.8613861386138615,39,1.5445544554455446,121.66418821317419,7.0622593894467975,20,0.7920792079207921,0.23404255319148937,0.0851063829787234,0.3564356435643564,0.4033227377348701
bayes_mean-fix-seed43,dense_square,3,42,1543568463,collision,5,1.25,-0.0039853187879671514,1,0.25,3,0.12938742771777742,11.410477012395859,12.761394679546356,0.9115981671865608,4,3.2,1,0.8,2,1.6,6.953696996754658,7.628028716002856,2,1.6,0.0,0.0,0.6,0.0
bayes_mean-fix-seed43,dense_square,3,43,1543568464,success,66,16.5,0.09108784363255962,0,0.0,3,0.7600542862076172,14.225545875502355,15.572559088468552,14.051093617907876,42,2.5454545454545454,16,0.9696969696969697,1,0.06060606060606061,14.754002830866744,1.0500252316348546,4,0.24242424242424243,0.15254237288135594,0.0847457627118644,0.18181818181818182,0.5500284615624264
bayes_mean-fix-seed43,dense_square,3,44,1543568465,timeout,101,25.25,0.17953369029695931,0,0.0,2,0.5382821089686473,14.436487477309633,15.651091933250427,15.35922165514882,91,3.603960396039604,38,1.504950495049505,29,1.1485148514851484,109.8545591538214,7.1523519629001004,30,1.188118811881188,0.425531914893617,0.3191489361702128,0.4158415841584158,0.2389042600556492
bayes_mean-fix-seed43,dense_square,3,45,1543568466,timeout,101,25.25,0.1567045517026543,0,0.0,6,0.6236259471661446,14.1210771064357,15.67121222615242,16.685055769344956,87,3.4455445544554455,44,1.7425742574257426,24,0.9504950495049505,96.05540125179309,5.756972141997471,23,0.9108910891089109,0.24468085106382978,0.18085106382978725,0.2376237623762376,0.4186968375094275
bayes_mean-fix-seed43,dense_square,3,46,1543568467,timeout,101,25.25,0.1689036231830543,0,0.0,5,0.25623847079395295,14.316961132358797,15.725832432508469,12.579902227873312,90,3.5643564356435644,49,1.9405940594059405,41,1.6237623762376239,131.85875208903536,10.481699277191176,43,1.702970297029703,0.5425531914893617,0.46808510638297873,0.2871287128712871,0.3660650700924854
bayes_mean-fix-seed43,dense_square,3,47,1543568468,success,82,20.5,0.2082002874959279,0,0.0,0,0.8123349055983436,14.092581800934745,15.57003390043974,14.097586949736517,72,3.5121951219512195,42,2.048780487804878,18,0.8780487804878049,68.84014504159403,4.883115478346501,21,1.024390243902439,0.21333333333333335,0.14666666666666667,0.24390243902439024,0.5486033867942957
bayes_mean-fix-seed43,dense_square,3,48,1543568469,timeout,101,25.25,0.16812587487872643,0,0.0,4,0.7179572208985681,14.132941381470992,15.565108507871628,15.354983833627333,96,3.801980198019802,49,1.9405940594059405,39,1.5445544554455446,120.98758866485527,7.8793693289271385,35,1.386138613861386,0.5212765957446809,0.5106382978723404,0.3564356435643564,0.16370426871126054
bayes_mean-fix-seed43,dense_square,3,49,1543568470,timeout,101,25.25,0.1903086042069131,0,0.0,10,0.34216928046554124,14.311451501775496,15.62366634607315,17.096477039897522,89,3.5247524752475248,58,2.297029702970297,40,1.5841584158415842,127.08345962529069,7.433312683585041,12,0.4752475247524752,0.425531914893617,0.425531914893617,0.3564356435643564,0.23855264483452956
bayes_mean-fix-seed43,dense_square,3,50,1543568471,success,88,22.0,0.2137792580537735,0,0.0,0,0.6522076774824993,14.395671388642354,15.91018382459879,15.692297207047716,70,3.1818181818181817,44,2.0,28,1.2727272727272727,87.56091765680594,5.579866128044059,19,0.8636363636363636,0.2716049382716049,0.2716049382716049,0.2840909090909091,0.496296807316043
bayes_mean-fix-seed43,dense_square,3,51,1543568472,success,60,15.0,0.19251267371755465,0,0.0,1,0.6115226055072075,14.101643301546574,15.606188401579857,11.282965198487387,42,2.8,22,1.4666666666666666,8,0.5333333333333333,31.760876613369554,2.814940581189373,13,0.8666666666666667,0.03773584905660377,0.03773584905660377,0.11666666666666667,0.6986862725672089
bayes_mean-fix-seed43,dense_square,3,52,1543568473,timeout,101,25.25,0.14984354318605686,0,0.0,4,0.44738457284938293,14.498705136598927,15.874169766902924,16.032551690926546,96,3.801980198019802,61,2.4158415841584158,54,2.1386138613861387,151.301288125606,9.437130847439173,45,1.7821782178217822,0.2978723404255319,0.2765957446808511,0.32673267326732675,0.35494743556822145
bayes_mean-fix-seed43,dense_square,3,53,1543568474,timeout,101,25.25,0.21436573231160694,0,0.0,0,0.5545414854808406,14.595121919813723,16.277536749839783,14.02099100384919,96,3.801980198019802,58,2.297029702970297,53,2.099009900990099,169.12197525433652,12.062055756822565,60,2.376237623762376,0.776595744680851,0.7127659574468085,0.46534653465346537,0.0
bayes_mean-fix-seed43,dense_square,3,54,1543568475,success,74,18.5,0.19256144391179986,0,0.0,2,0.5713570348323044,14.477184596093926,15.69594256579876,14.510327969477844,56,3.027027027027027,30,1.6216216216216217,12,0.6486486486486487,51.4150483186736,3.543341572073631,13,0.7027027027027027,0.14925373134328357,0.1044776119402985,0.20270270270270271,0.5353548511820543
bayes_mean-fix-seed43,dense_square,3,55,1543568476,timeout,101,25.25,0.21212696610047188,0,0.0,0,0.5840918745272099,14.506195293794764,16.157805919647217,14.403053103546762,94,3.722772277227723,54,2.1386138613861387,36,1.4257425742574257,126.51358347388023,8.783803167588555,46,1.8217821782178218,0.32978723404255317,0.22340425531914893,0.37623762376237624,0.3422186008318567
bayes_mean-fix-seed43,dense_square,3,56,1543568477,timeout,101,25.25,0.14226250543181784,0,0.0,3,0.4643224896286726,14.494781225624651,16.351908445358276,15.937432105394619,96,3.801980198019802,48,1.900990099009901,34,1.3465346534653466,124.38621777871997,7.8046586775178675,38,1.504950495049505,0.40425531914893614,0.3829787234042553,0.37623762376237624,0.20739573553503457
bayes_mean-fix-seed43,dense_square,3,57,1543568478,success,75,18.75,0.1645272887901772,0,0.0,5,0.45799825757747914,14.390598237514496,16.20030403137207,14.94555116603792,55,2.933333333333333,22,1.1733333333333333,7,0.37333333333333335,36.957350000742096,2.4727994029904705,7,0.37333333333333335,0.16176470588235295,0.14705882352941177,0.2,0.5172934124701611
bayes_mean-fix-seed43,dense_square,3,58,1543568479,success,60,15.0,0.19276181857546115,0,0.0,1,0.7208755230929836,13.980763840178648,15.582635626196861,12.026216896698754,42,2.8,16,1.0666666666666667,4,0.26666666666666666,25.38880607511041,2.1111215848834175,8,0.5333333333333333,0.09433962264150944,0.05660377358490566,0.16666666666666666,0.6494482933663825
bayes_mean-fix-seed43,dense_square,3,59,1543568480,success,52,13.0,0.2442715723317126,0,0.0,0,1.0165162326577077,14.12777158503349,16.149142012000084,10.194405663693031,32,2.4615384615384617,16,1.2307692307692308,4,0.3076923076923077,20.912998658506666,2.051419116367664,5,0.38461538461538464,0.0,0.0,0.038461538461538464,0.7621874404293875
bayes_mean-fix-seed43,dense_square,3,60,1543568481,timeout,101,25.25,0.1844346703049342,0,0.0,6,0.45349199749653374,14.577941987479088,16.14728569984436,14.510377757966788,96,3.801980198019802,50,1.9801980198019802,38,1.504950495049505,129.49266189808986,8.924141332364218,29,1.1485148514851484,0.6382978723404256,0.6382978723404256,0.39603960396039606,0.08677236397191729
bayes_mean-fix-seed43,dense_square,3,61,1543568482,success,64,16.0,0.14901510022023556,0,0.0,2,0.8336189897058118,14.410045288968831,16.278089955449104,12.895147071107905,44,2.75,18,1.125,3,0.1875,24.183646267847855,1.875406781674657,7,0.4375,0.10526315789473684,0.10526315789473684,0.15625,0.6035666071779547
bayes_mean-fix-seed43,dense_square,3,62,1543568483,timeout,101,25.25,0.1934928739565559,0,0.0,1,0.5801214719042415,14.297802923339429,15.688247978687286,14.520438565903357,95,3.762376237623762,40,1.5841584158415842,13,0.5148514851485149,82.45340338916897,5.678437535818279,17,0.6732673267326733,0.48936170212765956,0.3723404255319149,0.38613861386138615,0.31912996930042914
bayes_mean-fix-seed43,dense_square,3,63,1543568484,success,91,22.75,0.22258959710362036,0,0.0,0,0.6432729455946462,14.37431004839939,15.647698193788528,16.168316790818665,71,3.120879120879121,33,1.4505494505494505,12,0.5274725274725275,47.79446493317927,2.956056932303542,7,0.3076923076923077,0.2261904761904762,0.17857142857142858,0.18681318681318682,0.48079539017372747
bayes_mean-fix-seed43,dense_square,3,64,1543568485,success,56,14.0,0.20518978415638733,0,0.0,0,0.761397192216147,13.841637410223484,15.1664474979043,11.781498933548367,38,2.7142857142857144,20,1.4285714285714286,2,0.14285714285714285,19.489460010826523,1.654242819250221,5,0.35714285714285715,0.12244897959183673,0.12244897959183673,0.125,0.657199362368475
bayes_mean-fix-seed43,dense_square,3,65,1543568486,timeout,101,25.25,0.16550769935886966,0,0.0,21,0.3946570009233255,14.199567645198048,15.52005484700203,13.466286261921473,93,3.6831683168316833,63,2.495049504950495,56,2.217821782178218,181.13405854661272,13.450928862161819,60,2.376237623762376,0.648936170212766,0.648936170212766,0.40594059405940597,0.1092329630763878
bayes_mean-fix-seed43,dense_square,3,66,1543568487,success,87,21.75,0.1851939071326396,0,0.0,1,0.6908519096463901,14.345580776189935,15.844511613249779,16.274141832836488,66,3.0344827586206895,33,1.5172413793103448,15,0.6896551724137931,56.19849406080077,3.4532385570960518,12,0.5517241379310345,0.325,0.3125,0.19540229885057472,0.4739241280886869
bayes_mean-fix-seed43,dense_square,3,67,1543568488,timeout,101,25.25,0.23836437326549786,0,0.0,0,0.465421778206811,15.417748342941303,15.825651586055756,15.041692215345645,96,3.801980198019802,66,2.613861386138614,53,2.099009900990099,175.59046688847977,11.673584618979312,50,1.9801980198019802,0.6382978723404256,0.5638297872340425,0.38613861386138615,0.13612297824889527
bayes_mean-fix-seed43,dense_square,3,68,1543568489,timeout,101,25.25,0.18669770230790672,0,0.0,5,0.28362094933938914,14.606881702300345,16.218341886997223,14.78081102926018,85,3.366336633663366,55,2.1782178217821784,58,2.297029702970297,185.02644506456795,12.51801708974484,7,0.27722772277227725,0.6595744680851063,0.5957446808510638,0.3564356435643564,0.15957667311231927
bayes_mean-fix-seed43,dense_square,3,69,1543568490,success,95,23.75,0.19303059263335087,0,0.0,1,0.6411917387758975,13.998458103129739,15.38655087351799,15.837068656801174,86,3.6210526315789475,51,2.1473684210526316,31,1.305263157894737,98.63646442391668,6.228202109962918,17,0.7157894736842105,0.26136363636363635,0.18181818181818182,0.28421052631578947,0.48892387913606844
bayes_mean-fix-seed43,dense_square,3,70,1543568491,timeout,101,25.25,0.17134644830390522,0,0.0,5,0.6505785083235707,14.532188045801503,15.977136790752411,18.353842270318236,75,2.9702970297029703,43,1.702970297029703,16,0.6336633663366337,73.02900655675283,3.978949229331401,14,0.5544554455445545,0.23404255319148937,0.13829787234042554,0.22772277227722773,0.36857257627121853
bayes_mean-fix-seed43,dense_square,3,71,1543568492,success,68,17.0,0.15975852408166014,0,0.0,1,0.8982338753434059,14.000357950434966,15.19841831177473,13.614043710872766,52,3.0588235294117645,25,1.4705882352941178,11,0.6470588235294118,45.39506724238687,3.3344293735543395,10,0.5882352941176471,0.2786885245901639,0.2459016393442623,0.23529411764705882,0.569804543999494
bayes_mean-fix-seed43,dense_square,3,72,1543568493,success,66,16.5,0.16191688684130312,0,0.0,2,0.722638863657437,14.265651165535957,15.566105023026466,11.189130830731342,54,3.272727272727273,28,1.696969696969697,10,0.6060606060606061,42.79105331167744,3.824341135966549,8,0.48484848484848486,0.0,0.0,0.15151515151515152,0.6909119977309497
bayes_mean-fix-seed43,dense_square,3,73,1543568494,success,47,11.75,0.1997569534539272,0,0.0,1,0.8501401137254873,13.778007173157754,15.480490028858183,10.05668181892439,38,3.234042553191489,15,1.2765957446808511,0,0.0,11.452361438413337,1.1387813241602807,3,0.2553191489361702,0.0,0.0,0.0,0.7832312279715542
bayes_mean-fix-seed43,dense_square,3,74,1543568495,success,90,22.5,0.14799083586789719,0,0.0,2,0.7351162752161113,14.257348370220926,15.69297555834055,15.472174538541871,80,3.5555555555555554,53,2.3555555555555556,31,1.3777777777777778,97.04700367659764,6.272357090779273,17,0.7555555555555555,0.3373493975903614,0.3253012048192771,0.23333333333333334,0.5029302453586321
bayes_mean-fix-seed43,dense_square,3,75,1543568496,collision,14,3.5,-0.09048265207948758,1,0.25,4,0.33204049104700567,12.19477052135127,13.492472097277641,2.1229565874347713,11,3.142857142857143,5,1.4285714285714286,5,1.4285714285714286,17.64408579805881,8.311091193522078,6,1.7142857142857142,0.5714285714285714,0.5714285714285714,0.42857142857142855,0.05202410001982747
bayes_mean-fix-seed43,dense_square,3,76,1543568497,timeout,101,25.25,0.1752039808707495,0,0.0,5,0.5780760201764488,14.245079738078731,15.664096921682358,19.964121859239413,80,3.1683168316831685,43,1.702970297029703,7,0.27722772277227725,64.79475503489759,3.2455599846436782,17,0.6732673267326733,0.35106382978723405,0.2127659574468085,0.297029702970297,0.36319506130577545
bayes_mean-fix-seed43,dense_square,3,77,1543568498,success,60,15.0,0.1385757261360273,0,0.0,6,0.7765063710994735,14.029611026247343,15.322491154074669,11.248888197759682,43,2.8666666666666667,24,1.6,5,0.3333333333333333,30.84757863529513,2.7422780005439744,5,0.3333333333333333,0.0,0.0,0.06666666666666667,0.6909748253934925
bayes_mean-fix-seed43,dense_square,3,78,1543568499,success,66,16.5,0.18657960621084513,0,0.0,3,0.6625201366032025,14.176103258223245,15.871068462729454,12.115009348191757,45,2.727272727272727,20,1.2121212121212122,6,0.36363636363636365,31.501252469918747,2.6001839176971426,8,0.48484848484848486,0.0,0.0,0.10606060606060606,0.6446451426964567
bayes_mean-fix-seed43,dense_square,3,79,1543568500,timeout,101,25.25,0.09792951548528905,0,0.0,4,0.48588648860116596,14.434041842670723,16.200978308916092,15.889065938722846,91,3.603960396039604,28,1.108910891089109,37,1.4653465346534653,128.94934532773945,8.115602630452948,39,1.5445544554455446,0.6914893617021277,0.6914893617021277,0.40594059405940597,0.08196010941489479
bayes_mean-fix-seed43,dense_square,3,80,1543568501,success,96,24.0,0.18502006550838102,0,0.0,1,0.5980797195228654,14.226518687792122,15.675966627895832,17.408672409240445,77,3.2083333333333335,40,1.6666666666666667,27,1.125,84.36655416156152,4.846237104029836,26,1.0833333333333333,0.19101123595505617,0.12359550561797752,0.2604166666666667,0.44237918447066515
bayes_mean-fix-seed43,dense_square,3,81,1543568502,timeout,101,25.25,0.19542246889495318,0,0.0,1,0.4689007482010265,14.611425044217912,16.465798020362854,13.846403287159665,96,3.801980198019802,60,2.376237623762376,54,2.1386138613861387,152.77212898402988,11.033343881129166,50,1.9801980198019802,0.5851063829787234,0.5531914893617021,0.36633663366336633,0.18522246064243647
bayes_mean-fix-seed43,dense_square,3,82,1543568503,timeout,101,25.25,0.1429344499769306,0,0.0,5,0.6469223049703381,14.340686621052203,15.681460499763489,18.608452843877373,82,3.2475247524752477,57,2.257425742574257,24,0.9504950495049505,92.72263273173249,4.98282331742805,15,0.594059405940594,0.46808510638297873,0.3723404255319149,0.46534653465346537,0.21476521105757368
bayes_mean-fix-seed43,dense_square,3,83,1543568504,timeout,101,25.25,0.16267680942466156,0,0.0,3,0.635203535261639,14.673498486823375,16.2002332508564,15.303289299694445,94,3.722772277227723,47,1.8613861386138615,54,2.1386138613861387,153.76189992447289,10.04763727021373,53,2.099009900990099,0.723404255319149,0.723404255319149,0.36633663366336633,0.08566418314693551
bayes_mean-fix-seed43,dense_square,3,84,1543568505,success,69,17.25,0.18193548381003866,0,0.0,2,0.7796929146523546,14.346582842045937,16.04608669877052,12.702512310317351,53,3.072463768115942,24,1.391304347826087,13,0.7536231884057971,49.30707661354545,3.8816791048095896,7,0.4057971014492754,0.03225806451612903,0.03225806451612903,0.17391304347826086,0.6081223059758797
bayes_mean-fix-seed43,dense_square,3,85,1543568506,timeout,101,25.25,0.24732363657439804,0,0.0,0,0.7143232304732349,14.126589134483055,15.621941536664963,14.177164413226784,92,3.6435643564356437,53,2.099009900990099,49,1.9405940594059405,147.43829890102853,10.399702973288079,21,0.8316831683168316,0.48936170212765956,0.48936170212765956,0.43564356435643564,0.282157465762559
bayes_mean-fix-seed43,dense_square,3,86,1543568507,collision,18,4.5,-0.011273770295651575,1,0.25,5,0.20221279576982976,13.020549797349506,15.100562945008276,2.5040400956923623,17,3.7777777777777777,8,1.7777777777777777,5,1.1111111111111112,17.218951339004093,6.876467900264626,2,0.4444444444444444,0.0,0.0,0.2222222222222222,0.5977304929144132
bayes_mean-fix-seed43,dense_square,3,87,1543568508,success,76,19.0,0.20101103923858554,0,0.0,0,0.8613204983629936,14.21468489264187,15.154737047851086,12.766992126584233,46,2.4210526315789473,26,1.368421052631579,11,0.5789473684210527,42.40964088631808,3.321819302920228,1,0.05263157894736842,0.2898550724637681,0.18840579710144928,0.14473684210526316,0.6165083377788706
bayes_mean-fix-seed43,dense_square,3,88,1543568509,success,81,20.25,0.1524179091651694,0,0.0,2,0.5315274346164103,14.04892846390053,15.326879918575287,14.329766886477874,69,3.4074074074074074,47,2.3209876543209877,15,0.7407407407407407,65.8193721151523,4.593192104001498,8,0.3950617283950617,0.24324324324324326,0.24324324324324326,0.2222222222222222,0.5398610264426996
bayes_mean-fix-seed43,dense_square,3,89,1543568510,timeout,101,25.25,0.13900789428680072,0,0.0,5,0.4426520833205453,14.147815654183379,15.714269131422043,15.231253306112045,92,3.6435643564356437,53,2.099009900990099,51,2.01980198019802,154.072822418456,10.115570880606995,28,1.108910891089109,0.30851063829787234,0.30851063829787234,0.31683168316831684,0.26547396436973386
bayes_mean-fix-seed43,dense_square,3,90,1543568511,timeout,101,25.25,0.01749207673856157,0,0.0,14,0.5737737404132479,14.533921854920907,16.067396849393845,17.163307345026144,94,3.722772277227723,49,1.9405940594059405,28,1.108910891089109,100.97750411191545,5.883336007566066,30,1.188118811881188,0.24468085106382978,0.18085106382978725,0.2871287128712871,0.36736226410242456
bayes_mean-fix-seed43,dense_square,3,91,1543568512,success,99,24.75,0.15350793762521742,0,0.0,3,1.2784838704780994,14.45109931507496,16.17601253092289,19.21120524908241,71,2.8686868686868685,38,1.5353535353535352,21,0.8484848484848485,69.71635800571187,3.62894243759338,14,0.5656565656565656,0.2717391304347826,0.18478260869565216,0.25252525252525254,0.40662048723742256
bayes_mean-fix-seed43,dense_square,3,92,1543568513,success,67,16.75,0.1353648556966054,0,0.0,3,0.8233373284483776,14.344026292882749,15.970246121287346,13.671950084233492,42,2.5074626865671643,16,0.9552238805970149,3,0.1791044776119403,20.360130493075765,1.4891899376194395,4,0.23880597014925373,0.26666666666666666,0.15,0.14925373134328357,0.5691874480255668
bayes_mean-fix-seed43,dense_square,3,93,1543568514,success,64,16.0,0.05341984902839547,0,0.0,5,1.1195798036534228,14.237784140277654,15.97883217036724,13.059452867636915,41,2.5625,19,1.1875,9,0.5625,35.87382020348623,2.7469619567590304,7,0.4375,0.12280701754385964,0.07017543859649122,0.203125,0.6032994641094012
bayes_mean-fix-seed43,dense_square,3,94,1543568515,timeout,101,25.25,0.17506034106555346,0,0.0,12,0.3864892732280581,14.425199700169044,15.850469470024109,11.625873765237479,83,3.287128712871287,43,1.702970297029703,33,1.306930693069307,116.60326692101962,10.029634698913988,30,1.188118811881188,0.6170212765957447,0.5957446808510638,0.2079207920792079,0.24879059695354863
bayes_mean-fix-seed43,dense_square,3,95,1543568516,timeout,101,25.25,0.18415296738626907,0,0.0,3,0.5002984380985946,14.464825871262219,15.915576368570328,16.6368425467223,90,3.5643564356435644,45,1.7821782178217822,33,1.306930693069307,109.44149617350222,6.578261221511878,20,0.7920792079207921,0.5319148936170213,0.44680851063829785,0.38613861386138615,0.24506941452710698
bayes_mean-fix-seed43,dense_square,3,96,1543568517,success,84,21.0,0.1787791068303709,0,0.0,3,0.5609194156883768,14.400957994872616,15.992183238267897,14.595527698964723,68,3.238095238095238,37,1.7619047619047619,17,0.8095238095238095,72.49144401573189,4.966688804329684,11,0.5238095238095238,0.18181818181818182,0.14285714285714285,0.20238095238095238,0.5313937466197063
bayes_mean-fix-seed43,dense_square,3,97,1543568518,success,87,21.75,0.1824910647673399,0,0.0,2,0.684899908938813,14.642592433882855,16.021312400698662,14.002230731697384,74,3.4022988505747125,40,1.839080459770115,24,1.103448275862069,85.0580790134569,6.074609156447314,11,0.5057471264367817,0.0875,0.075,0.21839080459770116,0.5623753585025414
bayes_mean-fix-seed43,dense_square,3,98,1543568519,success,80,20.0,0.015949416602213273,0,0.0,4,0.7372114376793559,16.594611201435328,16.51156134903431,14.9232558729691,63,3.15,43,2.15,27,1.35,83.86466673408508,5.619729866455713,26,1.3,0.1506849315068493,0.1095890410958904,0.25,0.5202612709294473
bayes_mean-fix-seed43,dense_square,3,99,1543568520,success,59,14.75,0.20124746252171566,0,0.0,0,0.5193595732875932,14.30991954975209,16.74203723669052,11.540470121424425,45,3.0508474576271185,29,1.9661016949152543,6,0.4067796610169492,36.45248735889922,3.1586657194516383,6,0.4067796610169492,0.019230769230769232,0.019230769230769232,0.1016949152542373,0.6779068022244694
bayes_mean-fix-seed43,dense_square,3,100,1543568521,success,57,14.25,0.17133752687949222,0,0.0,6,0.7266557853074005,14.40626493932908,16.661741584539413,11.467864205058477,43,3.017543859649123,26,1.8245614035087718,6,0.42105263157894735,30.798870339868763,2.6856675130739145,5,0.3508771929824561,0.02,0.02,0.10526315789473684,0.673354331370099
bayes_mean-fix-seed43,dense_square,3,101,1543568522,timeout,101,25.25,0.1864010367054577,0,0.0,1,0.5261033030959027,14.547754337291906,16.20950922369957,15.343481015193523,89,3.5247524752475248,49,1.9405940594059405,41,1.6237623762376239,134.4115464917536,8.760172894185857,43,1.702970297029703,0.5319148936170213,0.5,0.33663366336633666,0.1891278480990167
bayes_mean-fix-seed43,dense_square,3,102,1543568523,success,66,16.5,0.16207478321161783,0,0.0,4,0.7930442379886874,13.89196938411756,15.306913293898106,13.466775881603114,50,3.0303030303030303,22,1.3333333333333333,1,0.06060606060606061,23.87679333229951,1.7730148286582434,5,0.30303030303030304,0.2033898305084746,0.05084745762711865,0.15151515151515152,0.5785647000925717
bayes_mean-fix-seed43,dense_square,3,103,1543568524,timeout,101,25.25,0.06756155382118334,0,0.0,10,0.40899148785205525,14.493048854983678,15.65820723772049,14.428089770473877,95,3.762376237623762,42,1.6633663366336633,41,1.6237623762376239,129.1711556967489,8.952755198480194,34,1.3465346534653466,0.6382978723404256,0.5957446808510638,0.36633663366336633,0.20732645661805932
bayes_mean-fix-seed43,dense_square,3,104,1543568525,collision,23,5.75,-0.06877786382166073,1,0.25,9,0.3227650749446998,12.73464784026146,14.000192657113075,3.961965323342126,20,3.4782608695652173,7,1.2173913043478262,2,0.34782608695652173,12.933713695443283,3.264469181303438,5,0.8695652173913043,0.125,0.125,0.21739130434782608,0.3722829007025904
bayes_mean-fix-seed43,dense_square,3,105,1543568526,timeout,101,25.25,0.0376331526082746,0,0.0,14,0.5070060431173065,14.375413334605717,15.747491270303726,18.39700451711729,84,3.3267326732673266,49,1.9405940594059405,34,1.3465346534653466,103.57281894258155,5.6298740833712015,20,0.7920792079207921,0.1595744680851064,0.1595744680851064,0.25742574257425743,0.3764411538595998
bayes_mean-fix-seed43,dense_square,3,106,1543568527,timeout,101,25.25,0.19530506469674858,0,0.0,1,1.0295105732781373,14.248222776568761,15.340663492679596,20.50941660116605,68,2.6930693069306932,34,1.3465346534653466,18,0.7128712871287128,64.5251434881406,3.146122814847501,15,0.594059405940594,0.35106382978723405,0.2553191489361702,0.26732673267326734,0.3296773395586507
bayes_mean-fix-seed43,dense_square,3,107,1543568528,timeout,101,25.25,0.1969147062102109,0,0.0,1,0.5155845085133312,14.4195684997162,15.808265656232834,17.285897946478492,94,3.722772277227723,56,2.217821782178218,37,1.4653465346534653,120.69313772947801,6.982173451629442,26,1.0297029702970297,0.3191489361702128,0.2765957446808511,0.32673267326732675,0.30160534079922197
bayes_mean-fix-seed43,dense_square,3,108,1543568529,timeout,101,25.25,0.19002967581166763,0,0.0,4,0.6804635791340347,14.269413961337344,15.780128538608551,14.351800819958974,90,3.5643564356435644,40,1.5841584158415842,38,1.504950495049505,124.8828564027002,8.701546096502835,25,0.9900990099009901,0.5106382978723404,0.5106382978723404,0.42574257425742573,0.2704387189953762
bayes_mean-fix-seed43,dense_square,3,109,1543568530,success,68,17.0,0.05105210989475828,0,0.0,3,0.5557897827745564,14.059215948423919,15.66212885081768,13.879765329594877,48,2.823529411764706,22,1.2941176470588236,6,0.35294117647058826,28.74552149988173,2.0710380051303616,8,0.47058823529411764,0.14754098360655737,0.14754098360655737,0.1323529411764706,0.5609301818884628
bayes_mean-fix-seed43,dense_square,3,110,1543568531,collision,17,4.25,-0.05655405637521049,1,0.25,4,0.5331691685642922,12.936086996513254,14.328490942716599,2.9338664939921606,16,3.764705882352941,12,2.823529411764706,2,0.47058823529411764,16.732825761182625,5.703335784176734,3,0.7058823529411765,0.0,0.0,0.11764705882352941,0.45954491569967576
bayes_mean-fix-seed43,dense_square,3,111,1543568532,collision,17,4.25,-0.03692425261341359,1,0.25,9,0.16553072513296282,12.946304152993594,14.681941270828245,2.7153352118241165,16,3.764705882352941,9,2.1176470588235294,1,0.23529411764705882,10.358673771586155,3.814878445386259,4,0.9411764705882353,0.0,0.0,0.0,0.4734873652229258
bayes_mean-fix-seed43,dense_square,3,112,1543568533,success,85,21.25,0.18714227326530508,0,0.0,4,0.6382546024443342,14.313598152469186,15.803737938404083,15.662632287954859,56,2.635294117647059,29,1.3647058823529412,14,0.6588235294117647,52.778736033146664,3.3697232408204756,4,0.18823529411764706,0.3333333333333333,0.14102564102564102,0.2235294117647059,0.5001588765115069
bayes_mean-fix-seed43,dense_square,3,113,1543568534,success,81,20.25,0.22865029892296285,0,0.0,0,0.6561346815748043,14.411327693565392,16.391567885875702,13.69833208907861,66,3.259259259259259,25,1.2345679012345678,27,1.3333333333333333,79.69830916959361,5.818103156743834,17,0.8395061728395061,0.04054054054054054,0.0,0.24691358024691357,0.5706784592183654
bayes_mean-fix-seed43,dense_square,3,114,1543568535,timeout,101,25.25,0.15664429743721187,0,0.0,2,0.6875073878098658,14.272699556728401,15.670407563447952,15.12175778257688,91,3.603960396039604,59,2.3366336633663365,47,1.8613861386138615,133.10548035457933,8.80224920068102,23,0.9108910891089109,0.22340425531914893,0.1595744680851064,0.32673267326732675,0.3691842693895325
bayes_mean-fix-seed43,dense_square,3,115,1543568536,success,48,12.0,0.20148395274506237,0,0.0,0,0.46275736246043203,13.560613306860128,14.813660830259323,10.435832035367302,25,2.0833333333333335,8,0.6666666666666666,3,0.25,16.735006880910824,1.6036102175845162,3,0.25,0.0,0.0,0.10416666666666667,0.739468453465102
bayes_mean-fix-seed43,dense_square,3,116,1543568537,timeout,101,25.25,0.18817839626414568,0,0.0,4,0.5904265485123109,14.528777413439043,15.725761651992798,15.069432506751768,93,3.6831683168316833,52,2.0594059405940595,35,1.386138613861386,124.13833433149631,8.237757744087368,28,1.108910891089109,0.5851063829787234,0.5851063829787234,0.38613861386138615,0.18736118797555307
bayes_mean-fix-seed43,dense_square,3,117,1543568538,collision,13,3.25,-0.006263480093976592,1,0.25,6,0.3855418532837627,11.696888850285458,13.199497759342194,2.6906108655121557,12,3.6923076923076925,7,2.1538461538461537,1,0.3076923076923077,9.599966622421746,3.5679505890177845,3,0.9230769230769231,0.0,0.0,0.15384615384615385,0.5876306455798844
bayes_mean-fix-seed43,dense_square,3,118,1543568539,success,78,19.5,0.1789955165811058,0,0.0,4,0.5674185811785042,14.177687752705355,16.052069887518883,14.05530669812731,63,3.230769230769231,36,1.8461538461538463,15,0.7692307692307693,68.26187846691727,4.856662322140028,17,0.8717948717948718,0.15492957746478872,0.15492957746478872,0.19230769230769232,0.5552864476116562
bayes_mean-fix-seed43,dense_square,3,119,1543568540,timeout,101,25.25,0.18393662739275873,0,0.0,5,0.3586306307033251,14.384038156211966,15.772353857755661,16.320132206409465,87,3.4455445544554455,51,2.01980198019802,31,1.2277227722772277,102.34592009198336,6.271145282253821,11,0.43564356435643564,0.32978723404255317,0.2978723404255319,0.32673267326732675,0.3974819963793696
bayes_mean-fix-seed43,dense_square,3,120,1543568541,timeout,101,25.25,0.1603514605365527,0,0.0,2,0.3561481675491783,14.642506137047663,16.30508527159691,16.967739292538248,87,3.4455445544554455,38,1.504950495049505,22,0.8712871287128713,86.85126026880563,5.118611193360299,23,0.9108910891089109,0.5212765957446809,0.3617021276595745,0.42574257425742573,0.20317403469915643
bayes_mean-fix-seed43,dense_square,3,121,1543568542,timeout,101,25.25,0.16322187144989897,0,0.0,2,0.6637059294876412,14.069784506417736,15.392512083053589,13.736049443033703,97,3.8415841584158414,44,1.7425742574257426,37,1.4653465346534653,131.60736445000072,9.581165603385765,41,1.6237623762376239,0.35106382978723405,0.32978723404255317,0.36633663366336633,0.3336989801312079
bayes_mean-fix-seed43,dense_square,3,122,1543568543,success,83,20.75,0.18184291443266676,0,0.0,1,0.5000254553539836,14.531831604888641,16.259608790278435,13.980966524093363,77,3.710843373493976,45,2.1686746987951806,26,1.2530120481927711,81.18545088197814,5.806855394587453,12,0.5783132530120482,0.05263157894736842,0.05263157894736842,0.1927710843373494,0.5533158769994574
bayes_mean-fix-seed43,dense_square,3,123,1543568544,collision,9,2.25,0.015234657157819353,0,0.0,4,0.221887478996271,11.771341578827965,12.877650558948517,1.4829346239557168,8,3.5555555555555554,3,1.3333333333333333,0,0.0,3.7963622225158695,2.5600334372051425,1,0.4444444444444444,0.0,0.0,0.1111111111111111,0.5897284541573407
bayes_mean-fix-seed43,dense_square,3,124,1543568545,success,52,13.0,0.1751163661532843,0,0.0,2,0.5264331958802844,13.974379246624617,15.540803782641888,11.423974394369445,36,2.769230769230769,17,1.3076923076923077,0,0.0,13.60268073875398,1.1907135178330195,3,0.23076923076923078,0.0,0.0,0.038461538461538464,0.6769547925439757
bayes_mean-fix-seed43,dense_square,3,125,1543568546,success,54,13.5,0.18678419041355243,0,0.0,1,0.7483315578819053,14.259391981694433,16.126888059079644,11.422879459545316,31,2.2962962962962963,14,1.037037037037037,2,0.14814814814814814,16.56207142883877,1.4499033704675037,3,0.2222222222222222,0.02127659574468085,0.0,0.07407407407407407,0.6782979580236052
bayes_mean-fix-seed43,dense_square,3,126,1543568547,timeout,101,25.25,0.21970706736041767,0,0.0,0,0.6573364681205498,14.559258033733556,15.941180288791656,14.334699401489663,90,3.5643564356435644,35,1.386138613861386,27,1.0693069306930694,106.33734279494044,7.418177376212706,22,0.8712871287128713,0.6382978723404256,0.5957446808510638,0.46534653465346537,0.13965269441779266
bayes_mean-fix-seed43,dense_square,3,127,1543568548,timeout,101,25.25,0.19861664187677586,0,0.0,1,0.4970960969037185,14.282568477758087,15.498947352170944,13.927041451078217,87,3.4455445544554455,47,1.8613861386138615,29,1.1485148514851484,101.13339585989048,7.261656843281732,26,1.0297029702970297,0.723404255319149,0.6276595744680851,0.40594059405940597,0.1103397870856009
bayes_mean-fix-seed43,dense_square,3,128,1543568549,timeout,101,25.25,0.25944428444948686,0,0.0,0,0.81161667605542,14.340532482555597,16.193147748708725,19.05022889042466,75,2.9702970297029703,40,1.5841584158415842,20,0.7920792079207921,75.42812563840216,3.959434087236353,16,0.6336633663366337,0.10638297872340426,0.10638297872340426,0.26732673267326734,0.3603404642034557
bayes_mean-fix-seed43,dense_square,3,129,1543568550,success,74,18.5,0.2907150766717007,0,0.0,0,0.7069761185388709,14.540089495681428,16.313848458230495,14.697768747716085,53,2.864864864864865,28,1.5135135135135136,8,0.43243243243243246,41.6149261755277,2.8313771219182047,17,0.918918918918919,0.23880597014925373,0.23880597014925373,0.21621621621621623,0.5267318673253237
bayes_mean-fix-seed43,dense_square,3,130,1543568551,timeout,101,25.25,0.17545655066157717,0,0.0,4,0.7997129879410222,14.360513611890301,15.543028712272644,17.00512763636675,81,3.207920792079208,53,2.099009900990099,33,1.306930693069307,109.1220080869568,6.417006118412845,23,0.9108910891089109,0.2872340425531915,0.19148936170212766,0.39603960396039606,0.2721918283390033
bayes_mean-fix-seed43,dense_square,3,131,1543568552,timeout,101,25.25,0.17955980847787556,0,0.0,1,0.5265846560124242,15.71975463982856,16.07672870159149,14.57143990194804,94,3.722772277227723,51,2.01980198019802,46,1.8217821782178218,152.59436058716722,10.472153858093808,24,0.9504950495049505,0.648936170212766,0.648936170212766,0.44554455445544555,0.17629736884641634
bayes_mean-fix-seed43,dense_square,3,132,1543568553,success,63,15.75,0.1725909649865911,0,0.0,3,0.4639881703224338,14.550788653275323,16.321514546871185,11.251937290242763,54,3.4285714285714284,36,2.2857142857142856,5,0.31746031746031744,39.875691461905234,3.543895636219361,11,0.6984126984126984,0.08928571428571429,0.08928571428571429,0.12698412698412698,0.6889121345973629
bayes_mean-fix-seed43,dense_square,3,133,1543568554,timeout,101,25.25,0.18076926041643682,0,0.0,3,0.504578245619068,13.98575092011159,15.369962900876999,13.458791844767674,100,3.9603960396039604,72,2.8514851485148514,66,2.613861386138614,200.36741483804133,14.887474087500465,69,2.732673267326733,0.574468085106383,0.574468085106383,0.4158415841584158,0.12685081149328825
bayes_mean-fix-seed43,dense_square,3,134,1543568555,success,50,12.5,0.20629202240588074,0,0.0,0,0.6539912769424338,14.185933843255043,15.845242142677307,10.45790737757382,25,2.0,14,1.12,2,0.16,15.97369782028024,1.5274277389886441,3,0.24,0.0,0.0,0.06,0.7409299573420502
bayes_mean-fix-seed43,dense_square,3,135,1543568556,timeout,101,25.25,0.18957266705546283,0,0.0,2,0.5492556720088297,14.528964083678652,15.870936214923859,14.821837635977904,88,3.485148514851485,44,1.7425742574257426,37,1.4653465346534653,128.12526338212209,8.644357503358169,38,1.504950495049505,0.43617021276595747,0.40425531914893614,0.45544554455445546,0.22843281986984304
bayes_mean-fix-seed43,dense_square,3,136,1543568557,timeout,101,25.25,0.026733633281670444,0,0.0,10,0.4421820122215607,14.313062155010677,15.459582209587097,16.912458414104748,97,3.8415841584158414,54,2.1386138613861387,36,1.4257425742574257,120.71830071013586,7.137832818524983,33,1.306930693069307,0.6382978723404256,0.6170212765957447,0.44554455445544555,0.05830508807426054
bayes_mean-fix-seed43,dense_square,3,137,1543568558,timeout,101,25.25,0.1545226512443988,0,0.0,2,0.5782942012046629,14.831246826613304,16.449443995952606,15.797733033908132,83,3.287128712871287,40,1.5841584158415842,30,1.188118811881188,98.50209893106496,6.2352046790283655,27,1.0693069306930694,0.32978723404255317,0.2978723404255319,0.3465346534653465,0.26144658258143405
bayes_mean-fix-seed43,dense_square,3,138,1543568559,success,64,16.0,0.22482817055476434,0,0.0,0,0.797355096962637,14.73342749522999,15.748672001063824,11.680516806363382,50,3.125,26,1.625,8,0.5,35.6473814428329,3.051866799542012,7,0.4375,0.14035087719298245,0.14035087719298245,0.171875,0.6603655261309513
bayes_mean-fix-seed43,dense_square,3,139,1543568560,timeout,101,25.25,0.275792334009312,0,0.0,0,0.6073773309767889,14.33833872917855,16.040127724409103,14.659086211832756,92,3.6435643564356437,47,1.8613861386138615,40,1.5841584158415842,120.12498412053297,8.194575185973637,18,0.7128712871287128,0.574468085106383,0.5531914893617021,0.45544554455445546,0.2216958666425626
bayes_mean-fix-seed43,dense_square,3,140,1543568561,success,84,21.0,0.13469716533787246,0,0.0,11,0.6298475132242289,14.65744050663142,16.444718465209007,14.958927734431269,70,3.3333333333333335,30,1.4285714285714286,15,0.7142857142857143,67.328698482025,4.500904053908434,27,1.2857142857142858,0.16883116883116883,0.16883116883116883,0.23809523809523808,0.5205855336563829
bayes_mean-fix-seed43,dense_square,3,141,1543568562,timeout,101,25.25,0.19012691763501843,0,0.0,6,0.3591845535281543,14.454028910339469,15.92949777841568,15.277842248801797,91,3.603960396039604,51,2.01980198019802,40,1.5841584158415842,127.99095743535057,8.377554588599615,34,1.3465346534653466,0.5319148936170213,0.5319148936170213,0.4158415841584158,0.2805539645512445
bayes_mean-fix-seed43,dense_square,3,142,1543568563,timeout,101,25.25,0.19519547753741284,0,0.0,1,0.5370687638582822,14.79330681043096,16.38909801840782,16.908633894614645,85,3.366336633663366,34,1.3465346534653466,24,0.9504950495049505,90.70826815935348,5.364612465129062,19,0.7524752475247525,0.574468085106383,0.4574468085106383,0.43564356435643564,0.2012920981373332
bayes_mean-fix-seed43,dense_square,3,143,1543568564,timeout,101,25.25,0.19230278499154108,0,0.0,2,0.5505106051376973,14.385669870246755,15.65861701965332,13.936752604957901,91,3.603960396039604,53,2.099009900990099,42,1.6633663366336633,134.9179347286325,9.680729690260586,43,1.702970297029703,0.5638297872340425,0.5319148936170213,0.31683168316831684,0.10223513267588559
bayes_mean-fix-seed43,dense_square,3,144,1543568565,timeout,101,25.25,0.059383406214419066,0,0.0,10,0.47202607249641093,14.57871518807836,15.799857676029205,15.288297749338017,88,3.485148514851485,49,1.9405940594059405,35,1.386138613861386,122.85587893101012,8.035942323031337,33,1.306930693069307,0.2872340425531915,0.2553191489361702,0.31683168316831684,0.2708898114198043
bayes_mean-fix-seed43,dense_square,3,145,1543568566,timeout,101,25.25,0.15552898757954725,0,0.0,8,0.5650139584503125,14.428473824616706,15.8468559384346,14.976393579232973,79,3.128712871287129,30,1.188118811881188,24,0.9504950495049505,87.96660752923772,5.8736842794527435,26,1.0297029702970297,0.43617021276595747,0.3829787234042553,0.2376237623762376,0.45646999679918826
bayes_mean-fix-seed43,dense_square,3,146,1543568567,timeout,101,25.25,0.1495091009865427,0,0.0,4,0.3884298978391916,14.506395869325884,16.006074845790863,15.848647158640102,87,3.4455445544554455,65,2.5742574257425743,55,2.1782178217821784,171.6762749922336,10.832235286318554,41,1.6237623762376239,0.648936170212766,0.5531914893617021,0.4158415841584158,0.151869576209861
bayes_mean-fix-seed43,dense_square,3,147,1543568568,success,67,16.75,0.20884222618196246,0,0.0,0,0.5859472663587061,14.100280771059776,15.982165560126305,11.080958746988005,55,3.283582089552239,29,1.7313432835820894,12,0.7164179104477612,50.80305743240678,4.584716773376305,21,1.2537313432835822,0.0,0.0,0.11940298507462686,0.6979226350282592
bayes_mean-fix-seed43,dense_square,3,148,1543568569,timeout,101,25.25,0.006258742877498613,0,0.0,20,0.3306971986312001,14.324434802378759,15.587609261274338,16.796905518335276,84,3.3267326732673266,55,2.1782178217821784,60,2.376237623762376,165.57125838390047,9.857247705725625,53,2.099009900990099,0.6808510638297872,0.6276595744680851,0.3564356435643564,0.08684765140160403
bayes_mean-fix-seed43,dense_square,3,149,1543568570,success,48,12.0,0.19322733526208247,0,0.0,2,1.0817952036924066,14.006370678544044,16.067121364176273,10.75834262885355,24,2.0,12,1.0,0,0.0,12.061483744255128,1.1211284265948729,3,0.25,0.1951219512195122,0.1951219512195122,0.14583333333333334,0.72699559858525
bayes_mean-fix-seed43,dense_square,3,150,1543568571,timeout,101,25.25,0.20507438067649997,0,0.0,0,0.499038364804486,14.731211163619957,16.35894551873207,17.55354214731719,84,3.3267326732673266,32,1.2673267326732673,25,0.9900990099009901,93.4844671842702,5.325675376497044,25,0.9900990099009901,0.3829787234042553,0.3404255319148936,0.31683168316831684,0.30833226060591123
bayes_mean-fix-seed43,dense_square,3,151,1543568572,collision,20,5.0,-0.09948012658064698,1,0.25,4,0.27540192380678497,12.942900136113167,14.266685023903847,2.441097481519873,19,3.8,11,2.2,9,1.8,26.631207686252385,10.909522412710572,11,2.2,0.0,0.0,0.1,0.5074974408580787
bayes_mean-fix-seed43,dense_square,3,152,1543568573,timeout,101,25.25,0.01784230612801263,0,0.0,6,0.4339035068991614,14.367253547257716,16.012173146009445,12.990732753893562,99,3.9207920792079207,60,2.376237623762376,53,2.099009900990099,169.89087736396445,13.077851771913714,28,1.108910891089109,0.6702127659574468,0.6702127659574468,0.36633663366336633,0.13868087087347256
bayes_mean-fix-seed43,dense_square,3,153,1543568574,timeout,101,25.25,0.17829372247413766,0,0.0,4,0.6266199337340884,14.79326210694738,16.29732921719551,18.453135076742203,89,3.5247524752475248,50,1.9801980198019802,34,1.3465346534653466,111.62003195024872,6.0488383944542505,20,0.7920792079207921,0.3829787234042553,0.3617021276595745,0.3465346534653465,0.23732820561403695
bayes_mean-fix-seed43,dense_square,3,154,1543568575,success,84,21.0,0.18742855554266868,0,0.0,1,0.7358133228500889,14.27554702829747,15.837331116199493,15.480541046290798,66,3.142857142857143,46,2.1904761904761907,28,1.3333333333333333,93.81959705880021,6.06048566250078,13,0.6190476190476191,0.11688311688311688,0.11688311688311688,0.19047619047619047,0.5016235511717527
bayes_mean-fix-seed43,dense_square,3,155,1543568576,collision,9,2.25,-0.019996826997634165,1,0.25,3,0.37394608295346415,12.35067927175098,13.893210142850876,1.8431782310448395,8,3.5555555555555554,4,1.7777777777777777,1,0.4444444444444444,7.210215827738725,3.91183864169852,3,1.3333333333333333,1.0,1.0,0.6666666666666666,0.0
bayes_mean-fix-seed43,dense_square,3,156,1543568577,success,54,13.5,0.17604981359709582,0,0.0,4,0.5512335080662681,14.436854187537122,15.749966911971569,11.101858586568088,30,2.2222222222222223,11,0.8148148148148148,1,0.07407407407407407,13.93574674806026,1.255262498562253,6,0.4444444444444444,0.0,0.0,0.0,0.6985873104702826
bayes_mean-fix-seed43,dense_square,3,157,1543568578,success,83,20.75,0.16496876188113474,0,0.0,7,0.413058714197234,14.250531388693545,15.373580902814865,14.028048774808877,72,3.4698795180722892,38,1.8313253012048192,15,0.7228915662650602,68.12991890653396,4.856692473787195,12,0.5783132530120482,0.11842105263157894,0.039473684210526314,0.18072289156626506,0.5540389265851359
bayes_mean-fix-seed43,dense_square,3,158,1543568579,success,64,16.0,0.18758163694297614,0,0.0,1,0.6759571799387063,14.5446935785003,16.31845161318779,13.24615988485959,42,2.625,20,1.25,2,0.125,19.219200665724973,1.4509262180726499,3,0.1875,0.07017543859649122,0.03508771929824561,0.109375,0.5845284677681704
bayes_mean-fix-seed43,dense_square,3,159,1543568580,timeout,101,25.25,0.17832956070365025,0,0.0,5,0.4167267164682832,14.535244701817485,16.027897596359253,14.853421909865236,92,3.6435643564356437,47,1.8613861386138615,46,1.8217821782178218,140.89792466813262,9.485889886057304,42,1.6633663366336633,0.5106382978723404,0.43617021276595747,0.38613861386138615,0.13669489676659127
bayes_mean-fix-seed43,dense_square,3,160,1543568581,timeout,101,25.25,0.20231572800284015,0,0.0,0,0.5041280109605616,14.77861319585602,16.344308853149414,14.502875982735887,92,3.6435643564356437,65,2.5742574257425743,49,1.9405940594059405,154.8742621732263,10.678865513129082,45,1.7821782178217822,0.2553191489361702,0.2553191489361702,0.27722772277227725,0.4617449430775557
bayes_mean-fix-seed43,dense_square,3,161,1543568582,timeout,101,25.25,0.19862197479509247,0,0.0,1,0.8440263652575359,15.865546051818546,16.74434542655945,18.54031272056241,76,3.00990099009901,35,1.386138613861386,18,0.7128712871287128,70.19380805803877,3.786009929605409,22,0.8712871287128713,0.3191489361702128,0.26595744680851063,0.22772277227722773,0.36336743731781646
bayes_mean-fix-seed43,dense_square,3,162,1543568583,success,62,15.5,0.11474664076795438,0,0.0,4,0.832498528126258,14.107300869880184,15.537018701434135,10.744148452582218,41,2.6451612903225805,24,1.5483870967741935,1,0.06451612903225806,20.907357635680928,1.9459297056395486,5,0.3225806451612903,0.10909090909090909,0.05454545454545454,0.06451612903225806,0.7220331344898472
bayes_mean-fix-seed43,dense_square,3,163,1543568584,collision,5,1.25,-0.0014339813417609815,1,0.25,3,0.16594072911274027,11.655770242214203,13.683968782424927,0.9588160404260121,4,3.2,1,0.8,2,1.6,4.817397042379458,5.024318366888227,2,1.6,0.0,0.0,0.6,0.21750385853299067
bayes_mean-fix-seed43,dense_square,3,164,1543568585,success,92,23.0,0.10709812959867249,0,0.0,5,0.7357949642581832,14.663354615154473,16.184346191585064,15.205573749477564,82,3.5652173913043477,51,2.217391304347826,25,1.0869565217391304,91.90211656134485,6.043975589181726,24,1.0434782608695652,0.21176470588235294,0.21176470588235294,0.2608695652173913,0.5109449010760374
bayes_mean-fix-seed43,dense_square,3,165,1543568586,timeout,101,25.25,0.19281357871447524,0,0.0,2,0.5230214751673823,14.822477087526039,16.392920166254044,15.735326180639717,95,3.762376237623762,51,2.01980198019802,38,1.504950495049505,123.99802750144846,7.8802324195867,38,1.504950495049505,0.6170212765957447,0.5531914893617021,0.40594059405940597,0.1354346614532463
bayes_mean-fix-seed43,dense_square,3,166,1543568587,timeout,101,25.25,0.1605174910653021,0,0.0,8,0.602120451588162,14.38057477964033,16.13501086831093,17.60289737153772,87,3.4455445544554455,44,1.7425742574257426,24,0.9504950495049505,95.79540149083532,5.442024654743927,11,0.43564356435643564,0.44680851063829785,0.40425531914893614,0.38613861386138615,0.21888706224220283
bayes_mean-fix-seed43,dense_square,3,167,1543568588,success,62,15.5,0.17448716251877305,0,0.0,3,0.47644686450021373,14.80981016591672,16.425896063447,12.328089043916107,48,3.096774193548387,19,1.2258064516129032,10,0.6451612903225806,41.14362983775198,3.3373890869206773,8,0.5161290322580645,0.10909090909090909,0.05454545454545454,0.14516129032258066,0.6316984167845331
bayes_mean-fix-seed43,dense_square,3,168,1543568589,success,63,15.75,0.23724136362277704,0,0.0,0,0.7964048929869846,14.766042726853538,16.069471463561058,11.53492200187615,48,3.0476190476190474,24,1.5238095238095237,11,0.6984126984126984,36.06040547788293,3.1261941322202023,9,0.5714285714285714,0.14285714285714285,0.14285714285714285,0.1111111111111111,0.6727404631993902
bayes_mean-fix-seed43,dense_square,3,169,1543568590,success,95,23.75,0.2454948497957039,0,0.0,0,0.8416717699665474,14.57713113019341,15.821084752678871,15.76034769568817,73,3.0736842105263156,34,1.431578947368421,28,1.1789473684210525,78.00824953885034,4.9496528277857985,16,0.6736842105263158,0.26136363636363635,0.25,0.2631578947368421,0.4897301639569565
bayes_mean-fix-seed43,dense_square,3,170,1543568591,timeout,101,25.25,0.2313570401147279,0,0.0,0,1.0412867917870108,14.927043957580434,16.46321639418602,19.607503815360836,77,3.0495049504950495,43,1.702970297029703,19,0.7524752475247525,76.02362122001938,3.8772717800244028,20,0.7920792079207921,0.2127659574468085,0.1702127659574468,0.2376237623762376,0.35443230152422994
bayes_mean-fix-seed43,dense_square,3,171,1543568592,timeout,101,25.25,0.1316308765019596,0,0.0,55,0.23444186626842098,14.518422028510878,15.935666859149933,15.01780072697143,92,3.6435643564356437,63,2.495049504950495,62,2.4554455445544554,206.32699145161456,13.738828687549349,66,2.613861386138614,0.8404255319148937,0.776595744680851,0.4752475247524752,0.0
bayes_mean-fix-seed43,dense_square,3,172,1543568593,success,77,19.25,0.14542937933648492,0,0.0,3,0.630469582878368,14.319970816760868,16.309937089681625,12.065337457825532,69,3.5844155844155843,44,2.2857142857142856,24,1.2467532467532467,80.90859850802445,6.705871161154092,20,1.0389610389610389,0.11428571428571428,0.11428571428571428,0.24675324675324675,0.6454798301787992
bayes_mean-fix-seed43,dense_square,3,173,1543568594,timeout,101,25.25,0.19432501319521156,0,0.0,1,0.6182285034601811,14.475800724017738,15.92157781124115,15.895364676182291,87,3.4455445544554455,41,1.6237623762376239,42,1.6633663366336633,126.43372294066191,7.954125338823522,24,0.9504950495049505,0.44680851063829785,0.39361702127659576,0.4158415841584158,0.25857059239463376
bayes_mean-fix-seed43,dense_square,3,174,1543568595,success,56,14.0,0.16258802032842223,0,0.0,1,0.6796948140663172,14.242285463426795,15.738613903522491,11.913188571166526,39,2.7857142857142856,18,1.2857142857142858,7,0.5,28.148026654151884,2.3627617817012077,8,0.5714285714285714,0.16326530612244897,0.14285714285714285,0.17857142857142858,0.6535057757965562
bayes_mean-fix-seed43,dense_square,3,175,1543568596,timeout,101,25.25,0.18166885990352954,0,0.0,6,0.49056120841785966,14.847601367400424,16.349028795957565,16.03816435481554,88,3.485148514851485,43,1.702970297029703,34,1.3465346534653466,106.94878025044049,6.668392833767699,18,0.7128712871287128,0.2872340425531915,0.19148936170212766,0.32673267326732675,0.2799414278146119
bayes_mean-fix-seed43,dense_square,3,176,1543568597,success,81,20.25,0.18692877800702967,0,0.0,4,0.5632131550951961,14.52888129853908,15.953097492456436,15.315844946198064,67,3.308641975308642,32,1.5802469135802468,17,0.8395061728395061,61.93262434957662,4.043696222254489,16,0.7901234567901234,0.1891891891891892,0.17567567567567569,0.16049382716049382,0.5056527506381929
bayes_mean-fix-seed43,dense_square,3,177,1543568598,timeout,101,25.25,0.15685829277120633,0,0.0,5,0.6247518535989777,14.606181642796734,16.45893231034279,14.845443266414625,89,3.5247524752475248,44,1.7425742574257426,29,1.1485148514851484,104.29993765577483,7.0257206729378225,20,0.7920792079207921,0.2765957446808511,0.26595744680851063,0.32673267326732675,0.36904891644515925
bayes_mean-fix-seed43,dense_square,3,178,1543568599,collision,7,1.75,0.0065588293498271,0,0.0,5,0.24704074931580047,11.978029140404292,13.390813767910004,1.4473698719163914,5,2.857142857142857,1,0.5714285714285714,1,0.5714285714285714,5.446727834613413,3.7631900043640316,1,0.5714285714285714,0.0,0.0,0.14285714285714285,0.24636885945365933
bayes_mean-fix-seed43,dense_square,3,179,1543568600,timeout,101,25.25,0.01915977770306221,0,0.0,8,0.3489243186210784,14.504922572338936,16.334258019924164,14.038241945878022,89,3.5247524752475248,53,2.099009900990099,40,1.5841584158415842,127.84405231821675,9.106842068337121,38,1.504950495049505,0.5319148936170213,0.48936170212765956,0.3564356435643564,0.15329578909320543
bayes_mean-fix-seed43,dense_square,3,180,1543568601,timeout,101,25.25,0.15269363198551078,0,0.0,1,0.7356224514973219,14.456603196587894,15.95611497759819,13.553688412109453,94,3.722772277227723,54,2.1386138613861387,36,1.4257425742574257,130.48698766762567,9.627415335226603,28,1.108910891089109,0.23404255319148937,0.19148936170212766,0.37623762376237624,0.35312972791483344
bayes_mean-fix-seed43,dense_square,3,181,1543568602,success,73,18.25,0.18675555860962,0,0.0,1,0.584857265731318,14.507898882235565,16.28257110714912,13.120687081356927,59,3.232876712328767,32,1.7534246575342465,14,0.7671232876712328,52.98400099664201,4.038203233421101,7,0.3835616438356164,0.12121212121212122,0.12121212121212122,0.1643835616438356,0.5984332553918424
bayes_mean-fix-seed43,dense_square,3,182,1543568603,success,63,15.75,0.19412615503943598,0,0.0,1,1.0167118839274563,14.44313083849256,16.236694157123566,12.449426735483184,43,2.7301587301587302,21,1.3333333333333333,4,0.25396825396825395,27.62927957847523,2.219321432666987,7,0.4444444444444444,0.21428571428571427,0.21428571428571427,0.1111111111111111,0.6214510017206675
bayes_mean-fix-seed43,dense_square,3,183,1543568604,success,56,14.0,0.1653654717691777,0,0.0,1,0.780661739371154,14.194004503743988,15.910731628537178,11.921152642651826,36,2.5714285714285716,17,1.2142857142857142,3,0.21428571428571427,22.438599055509425,1.8822507963892678,5,0.35714285714285715,0.10204081632653061,0.061224489795918366,0.16071428571428573,0.6563640501752727
bayes_mean-fix-seed43,dense_square,3,184,1543568605,success,63,15.75,0.18432647317032635,0,0.0,5,1.0878268513985991,14.159063912100262,15.776610001921654,11.80721732887082,48,3.0476190476190474,25,1.5873015873015872,7,0.4444444444444444,27.99986787797863,2.3714197086483533,5,0.31746031746031744,0.08928571428571429,0.08928571428571429,0.15873015873015872,0.6584758056939859
bayes_mean-fix-seed43,dense_square,3,185,1543568606,timeout,101,25.25,0.179603861791236,0,0.0,1,0.9845749944065286,14.498827001540969,15.864714980125427,18.20332203539023,82,3.2475247524752477,39,1.5445544554455446,28,1.108910891089109,95.39583742408377,5.240572970066601,26,1.0297029702970297,0.2978723404255319,0.26595744680851063,0.26732673267326734,0.3563031842167456
bayes_mean-fix-seed43,dense_square,3,186,1543568607,timeout,101,25.25,0.151472024695111,0,0.0,7,0.5134408647350739,14.653196687450503,15.990257263183594,17.02198252498516,81,3.207920792079208,45,1.7821782178217822,19,0.7524752475247525,75.8132068938077,4.453841189328433,14,0.5544554455445545,0.574468085106383,0.48936170212765956,0.4752475247524752,0.18267581489399326
bayes_mean-fix-seed43,dense_square,3,187,1543568608,success,45,11.25,0.21407700812981212,0,0.0,0,0.7443209766999148,13.954612364371618,15.641412138938904,10.327866082203682,25,2.2222222222222223,15,1.3333333333333333,1,0.08888888888888889,11.157477988882817,1.0803275236216192,2,0.17777777777777778,0.0,0.0,0.044444444444444446,0.7547805986287591
bayes_mean-fix-seed43,dense_square,3,188,1543568609,timeout,101,25.25,0.17111320781042727,0,0.0,2,0.642404830423568,14.207289360537388,15.702567994594574,15.327388266566462,95,3.762376237623762,57,2.257425742574257,38,1.504950495049505,124.38087403433258,8.114942472335212,23,0.9108910891089109,0.23404255319148937,0.23404255319148937,0.297029702970297,0.3654733589642538
bayes_mean-fix-seed43,dense_square,3,189,1543568610,success,55,13.75,0.18883533004545816,0,0.0,4,0.5691220594467429,13.91137953508984,15.193067118525505,11.372810965625241,36,2.618181818181818,18,1.309090909090909,4,0.2909090909090909,21.131985011744007,1.8581145044629903,7,0.509090909090909,0.020833333333333332,0.020833333333333332,0.10909090909090909,0.6829470121903123
bayes_mean-fix-seed43,dense_square,3,190,1543568611,timeout,101,25.25,0.02302902027594489,0,0.0,3,0.4514823986435729,14.557926113357638,16.120854765176773,14.462869379795565,98,3.881188118811881,79,3.128712871287129,70,2.772277227722772,220.40480124782692,15.239355031148209,65,2.5742574257425743,0.5319148936170213,0.48936170212765956,0.44554455445544555,0.19136349369381797
bayes_mean-fix-seed43,dense_square,3,191,1543568612,success,75,18.75,0.21283269061878596,0,0.0,0,0.5763525097516206,13.97275740901629,15.30952863395214,14.223402032223193,58,3.0933333333333333,35,1.8666666666666667,18,0.96,60.04802206168295,4.221776332107033,14,0.7466666666666667,0.04411764705882353,0.0,0.2,0.5476495752732025
bayes_mean-fix-seed43,dense_square,3,192,1543568613,timeout,101,25.25,0.17910286568230382,0,0.0,5,0.3771934171452034,15.889005237581706,16.0534530878067,18.8972682259068,87,3.4455445544554455,41,1.6237623762376239,11,0.43564356435643564,58.76934005676951,3.1099383971383205,10,0.39603960396039606,0.2553191489361702,0.22340425531914893,0.2871287128712871,0.3804066940902883
bayes_mean-fix-seed43,dense_square,3,193,1543568614,success,70,17.5,0.2531658631564332,0,0.0,0,0.6927492897309104,14.499767177871295,16.304708644747734,12.305295297533279,61,3.4857142857142858,33,1.8857142857142857,21,1.2,68.97959295970962,5.605683674534594,13,0.7428571428571429,0.047619047619047616,0.047619047619047616,0.24285714285714285,0.6278207044951233
bayes_mean-fix-seed43,dense_square,3,194,1543568615,success,54,13.5,0.19440721689692442,0,0.0,1,0.7395802283060164,14.302064906115886,15.873018465936184,10.840420953131224,36,2.6666666666666665,14,1.037037037037037,1,0.07407407407407407,16.410948593220507,1.5138663585273644,2,0.14814814814814814,0.02127659574468085,0.02127659574468085,0.1111111111111111,0.7107716749052587
bayes_mean-fix-seed43,dense_square,3,195,1543568616,success,65,16.25,0.19930268650658167,0,0.0,1,0.762834269365565,13.920969458726736,15.528815984725952,11.926391379357757,50,3.076923076923077,25,1.5384615384615385,8,0.49230769230769234,42.01893847971611,3.523189634078473,10,0.6153846153846154,0.15517241379310345,0.13793103448275862,0.15384615384615385,0.6500280943680641
bayes_mean-fix-seed43,dense_square,3,196,1543568617,success,61,15.25,0.21674509290000654,0,0.0,0,0.9188632844990127,14.383550733327866,15.792842954397202,13.04535822117824,41,2.6885245901639343,22,1.4426229508196722,5,0.32786885245901637,26.700616682892868,2.0467522800214297,7,0.45901639344262296,0.2037037037037037,0.18518518518518517,0.14754098360655737,0.5963714297730563
bayes_mean-fix-seed43,dense_square,3,197,1543568618,success,60,15.0,0.24690549445637622,0,0.0,0,0.9154898145504073,13.918607557813326,15.348511561751366,13.582796837404995,35,2.3333333333333335,16,1.0666666666666667,4,0.26666666666666666,22.299767944649584,1.6417655517926435,5,0.3333333333333333,0.18867924528301888,0.05660377358490566,0.16666666666666666,0.5716627246832434
bayes_mean-fix-seed43,dense_square,3,198,1543568619,timeout,101,25.25,0.2118595684291188,0,0.0,0,0.7924365688490608,14.33551079123327,15.679750591516495,15.150344200760795,90,3.5643564356435644,53,2.099009900990099,40,1.5841584158415842,118.81119406645973,7.842144870906198,25,0.9900990099009901,0.3829787234042553,0.2872340425531915,0.3564356435643564,0.3120450954460973
bayes_mean-fix-seed43,dense_square,3,199,1543568620,success,57,14.25,0.19685833374871875,0,0.0,1,1.1888159712775466,13.778164263880043,15.184571593999863,12.371003896772494,32,2.245614035087719,17,1.1929824561403508,2,0.14035087719298245,20.229311812697187,1.6352199046655274,1,0.07017543859649122,0.18,0.18,0.15789473684210525,0.6264897581822239
bayes_mean-fix-seed43,dense_square,3,200,1543568621,collision,16,4.0,-0.07109222927544945,1,0.25,5,0.2538401108887825,12.105256551876664,13.141391798853874,1.534117226325192,15,3.75,12,3.0,8,2.0,23.957874850808746,15.616717184121049,11,2.75,0.0,0.0,0.125,0.582310747243866
bayes_mean-fix-seed43,dense_square,3,201,1543568622,success,94,23.5,0.19344102198021107,0,0.0,1,0.711701151342595,14.549524939440666,16.075769811868668,15.036702176056407,79,3.3617021276595747,39,1.6595744680851063,26,1.1063829787234043,89.61621898338123,5.959832011974076,25,1.0638297872340425,0.41379310344827586,0.39080459770114945,0.30851063829787234,0.5160381386538245
bayes_mean-fix-seed43,dense_square,3,202,1543568623,timeout,101,25.25,0.21912330103076405,0,0.0,0,0.5578022142059141,14.522896434115891,15.778671950101852,15.60282366502638,85,3.366336633663366,40,1.5841584158415842,28,1.108910891089109,106.33071130934933,6.814837723744124,29,1.1485148514851484,0.48936170212765956,0.32978723404255317,0.33663366336633666,0.2758779850044199
bayes_mean-fix-seed43,dense_square,3,203,1543568624,timeout,101,25.25,0.2011356824688738,0,0.0,0,0.40723871343353235,14.462159116669456,16.08603075146675,12.00181395019155,81,3.207920792079208,38,1.504950495049505,41,1.6237623762376239,128.6703237307931,10.720906378384536,7,0.27722772277227725,0.5,0.3404255319148936,0.3069306930693069,0.4417416246231295
bayes_mean-fix-seed43,dense_square,3,204,1543568625,success,60,15.0,0.1577453596172168,0,0.0,7,0.5070579944842037,14.10085049768289,16.02279506623745,11.876393844485607,48,3.2,24,1.6,3,0.2,27.259698605681933,2.2952841546543215,4,0.26666666666666666,0.0,0.0,0.08333333333333333,0.6616880112630611
bayes_mean-fix-seed43,dense_square,3,205,1543568626,timeout,101,25.25,0.17654158338154047,0,0.0,3,0.41244157134241904,14.370051719764671,15.744082629680634,12.711221478010971,91,3.603960396039604,57,2.257425742574257,50,1.9801980198019802,156.59129070882895,12.319137934911671,45,1.7821782178217822,0.7978723404255319,0.6914893617021277,0.40594059405940597,0.02788338503653099
bayes_mean-fix-seed43,dense_square,3,206,1543568627,timeout,101,25.25,0.15287476871809358,0,0.0,5,0.6865845610914395,14.724332138453379,16.335126012563705,18.250272027502817,77,3.0495049504950495,35,1.386138613861386,26,1.0297029702970297,77.68894303514475,4.256864934290786,13,0.5148514851485149,0.20212765957446807,0.18085106382978725,0.2376237623762376,0.35727602760538857
bayes_mean-fix-seed43,dense_square,3,207,1543568628,success,83,20.75,0.23011889101231375,0,0.0,0,0.7532039412006565,14.27433092191995,16.088259220123287,14.351794562488221,62,2.9879518072289155,33,1.5903614457831325,18,0.8674698795180723,64.16108001663511,4.470596324193152,10,0.4819277108433735,0.19736842105263158,0.18421052631578946,0.26506024096385544,0.5447605245414179
bayes_mean-fix-seed43,dense_square,3,208,1543568629,success,98,24.5,0.12686002065965463,0,0.0,3,0.8617748990585877,14.630949922970363,15.93289952725172,15.089870180951147,88,3.5918367346938775,57,2.326530612244898,28,1.1428571428571428,102.8311817398044,6.814583591952594,15,0.6122448979591837,0.25274725274725274,0.23076923076923078,0.24489795918367346,0.5119855854415053
bayes_mean-fix-seed43,dense_square,3,209,1543568630,timeout,101,25.25,0.1930374661363159,0,0.0,1,0.8128356565358223,14.642577655244581,15.972848981618881,13.871344278424367,95,3.762376237623762,47,1.8613861386138615,30,1.188118811881188,108.13035295202108,7.795232443347842,27,1.0693069306930694,0.44680851063829785,0.4148936170212766,0.4158415841584158,0.24387152773176557
bayes_mean-fix-seed43,dense_square,3,210,1543568631,success,51,12.75,0.25714508706269923,0,0.0,0,1.217430466748727,14.22422839438214,16.53173565864563,10.589863230500526,34,2.6666666666666665,19,1.4901960784313726,3,0.23529411764705882,18.967417876993604,1.7910918643750147,5,0.39215686274509803,0.0,0.0,0.058823529411764705,0.7339192218601017
bayes_mean-fix-seed43,dense_square,3,211,1543568632,timeout,101,25.25,0.18440880581056995,0,0.0,1,0.5560120971139614,14.774895798746902,16.187075525522232,15.6351217960238,92,3.6435643564356437,47,1.8613861386138615,37,1.4653465346534653,124.77835569403038,7.980644942961878,36,1.4257425742574257,0.5106382978723404,0.4787234042553192,0.42574257425742573,0.21381305969381423
bayes_mean-fix-seed43,dense_square,3,212,1543568633,timeout,101,25.25,0.18808271615680028,0,0.0,1,0.576175059908713,14.46709593776429,15.822816640138626,15.569212154671195,90,3.5643564356435644,54,2.1386138613861387,49,1.9405940594059405,168.80486155807407,10.842222450378,52,2.0594059405940595,0.6808510638297872,0.5957446808510638,0.4158415841584158,0.05415663843979019
bayes_mean-fix-seed43,dense_square,3,213,1543568634,timeout,101,25.25,0.15868289808671243,0,0.0,5,0.41878248430565446,14.17495634886298,15.50760492682457,16.024665986672808,96,3.801980198019802,48,1.900990099009901,23,0.9108910891089109,99.63997721148844,6.217912890936745,22,0.8712871287128713,0.574468085106383,0.5319148936170213,0.43564356435643564,0.2427277885142092
bayes_mean-fix-seed43,dense_square,3,214,1543568635,timeout,101,25.25,0.15422379200269976,0,0.0,2,0.46410010153312725,14.284998289134244,16.002140939235687,16.002798571021373,92,3.6435643564356437,50,1.9801980198019802,40,1.5841584158415842,120.98976759488983,7.560538055761311,23,0.9108910891089109,0.3404255319148936,0.3191489361702128,0.33663366336633666,0.3312073928746109
bayes_mean-fix-seed43,dense_square,3,215,1543568636,success,65,16.25,0.09712155385711108,0,0.0,5,0.6113026989377718,14.512601437476965,15.97345769405365,13.32941407601348,43,2.646153846153846,24,1.476923076923077,8,0.49230769230769234,34.472982051885566,2.5862338625911785,5,0.3076923076923077,0.15517241379310345,0.08620689655172414,0.23076923076923078,0.5800522249765487
bayes_mean-fix-seed43,dense_square,3,216,1543568637,success,64,16.0,0.0810322783810663,0,0.0,4,0.5750574135649715,14.240999706089497,15.981718339025974,12.415901275844519,45,2.8125,21,1.3125,4,0.25,27.45998925240724,2.2116790913786835,5,0.3125,0.12280701754385964,0.07017543859649122,0.15625,0.6278941944525813
bayes_mean-fix-seed43,dense_square,3,217,1543568638,timeout,101,25.25,0.16652550762140994,0,0.0,2,1.0564079512153268,14.288925851630692,15.936054289340973,20.363133276947455,66,2.613861386138614,34,1.3465346534653466,15,0.594059405940594,60.38651364026059,2.9654824146646677,16,0.6336633663366337,0.2127659574468085,0.10638297872340426,0.25742574257425743,0.33828613020512815
bayes_mean-fix-seed43,dense_square,3,218,1543568639,timeout,101,25.25,0.16913823533845795,0,0.0,3,0.6247388452245007,14.355794296111211,15.714041888713837,14.955580759625803,97,3.8415841584158414,54,2.1386138613861387,39,1.5445544554455446,134.56335530721535,8.997534597284485,28,1.108910891089109,0.2765957446808511,0.2765957446808511,0.3564356435643564,0.35652231131796075
bayes_mean-fix-seed43,dense_square,3,219,1543568640,timeout,101,25.25,0.17413601527001665,0,0.0,3,0.5692886192795075,14.304358659699412,15.826202929019928,16.853214362089883,88,3.485148514851485,28,1.108910891089109,29,1.1485148514851484,100.39190274850199,5.95684007760125,21,0.8316831683168316,0.6702127659574468,0.648936170212766,0.48514851485148514,0.16548899155706387
bayes_mean-fix-seed43,dense_square,3,220,1543568641,collision,11,2.75,-0.047866511470044504,1,0.25,3,0.5885047358206218,12.211404740810394,13.73869925737381,1.7158673448976045,10,3.6363636363636362,7,2.5454545454545454,4,1.4545454545454546,14.479422571326921,8.438544281633257,1,0.36363636363636365,0.0,0.0,0.2727272727272727,0.37654487917304397
bayes_mean-fix-seed43,dense_square,3,221,1543568642,success,72,18.0,0.17372621052427695,0,0.0,2,0.7619545749933228,14.060449476043383,15.711487829685211,13.245635847652574,59,3.2777777777777777,33,1.8333333333333333,10,0.5555555555555556,46.06910417444183,3.4780590908820974,5,0.2777777777777778,0.06153846153846154,0.0,0.20833333333333334,0.5867188183225681
bayes_mean-fix-seed43,dense_square,3,222,1543568643,success,89,22.25,0.017269667552059054,0,0.0,11,0.5891357348126361,14.392815362871364,15.463703125715256,14.800106962926483,78,3.50561797752809,53,2.3820224719101124,21,0.9438202247191011,88.51238412654878,5.980523272451193,11,0.4943820224719101,0.07317073170731707,0.07317073170731707,0.15730337078651685,0.5241294982210354
bayes_mean-fix-seed43,dense_square,3,223,1543568644,timeout,101,25.25,0.20220033660572123,0,0.0,0,0.5036239696515293,15.845024570970253,16.13050326704979,14.890586644978255,93,3.6831683168316833,57,2.257425742574257,32,1.2673267326732673,116.26519036379699,7.8079657394160895,35,1.386138613861386,0.4787234042553192,0.4787234042553192,0.3564356435643564,0.15909648783380614
bayes_mean-fix-seed43,dense_square,3,224,1543568645,success,65,16.25,0.1886310921116493,0,0.0,2,0.7404708209922088,14.471287108384645,15.9153550863266,11.108569216496939,48,2.953846153846154,23,1.4153846153846155,3,0.18461538461538463,25.076431839356495,2.257395291025993,3,0.18461538461538463,0.017241379310344827,0.0,0.1076923076923077,0.6956716041420931
bayes_mean-fix-seed43,dense_square,3,225,1543568646,success,59,14.75,0.321638277341745,0,0.0,0,1.0186956885422822,14.044047033382675,15.331675484776495,11.027714167996757,40,2.711864406779661,21,1.423728813559322,10,0.6779661016949152,37.96720392941246,3.4428897368047586,7,0.4745762711864407,0.019230769230769232,0.019230769230769232,0.06779661016949153,0.706634250206191
bayes_mean-fix-seed43,dense_square,3,226,1543568647,success,58,14.5,0.1867590646783024,0,0.0,1,0.7233021797392544,14.206663352148286,15.715794637799263,11.517493213591077,36,2.4827586206896552,19,1.3103448275862069,13,0.896551724137931,37.87711330378992,3.28865948530306,7,0.4827586206896552,0.21568627450980393,0.21568627450980393,0.1724137931034483,0.6722135969313804
bayes_mean-fix-seed43,dense_square,3,227,1543568648,success,51,12.75,0.20479110892222352,0,0.0,0,0.5773051655688398,14.26390039862371,16.07765629887581,9.861505858925556,39,3.0588235294117645,21,1.6470588235294117,7,0.5490196078431373,31.586093821699166,3.2029686209749486,10,0.7843137254901961,0.0,0.0,0.0784313725490196,0.7851944524821327
bayes_mean-fix-seed43,dense_square,3,228,1543568649,timeout,101,25.25,0.02948451028754495,0,0.0,7,0.6956492198246079,14.425772878498133,15.73038101196289,18.498810974606496,84,3.3267326732673266,34,1.3465346534653466,23,0.9108910891089109,90.76674722662507,4.906626017813875,29,1.1485148514851484,0.3404255319148936,0.18085106382978725,0.38613861386138615,0.2519862294722663
bayes_mean-fix-seed43,dense_square,3,229,1543568650,success,96,24.0,0.19055399761949676,0,0.0,1,0.7288510960321527,14.444358724479875,15.681993216276169,17.475869697986013,75,3.125,45,1.875,16,0.6666666666666666,71.03443407272933,4.064715250246779,21,0.875,0.39325842696629215,0.34831460674157305,0.25,0.4425635795923959
bayes_mean-fix-seed43,dense_square,3,230,1543568651,timeout,101,25.25,0.18128308207495392,0,0.0,3,0.9154430060565065,14.755219921912298,16.271445900201797,17.464353774088476,81,3.207920792079208,42,1.6633663366336633,28,1.108910891089109,93.03944467246355,5.327391203590045,19,0.7524752475247525,0.2127659574468085,0.18085106382978725,0.2376237623762376,0.3734282524846902
bayes_mean-fix-seed43,dense_square,3,231,1543568652,timeout,101,25.25,0.14886695138366834,0,0.0,4,0.5139252051267249,14.267793755130013,15.490833669900894,16.907706076308767,89,3.5247524752475248,52,2.0594059405940595,38,1.504950495049505,132.85785110552683,7.857828288823194,28,1.108910891089109,0.23404255319148937,0.1595744680851064,0.39603960396039606,0.35271009597519853
bayes_mean-fix-seed43,dense_square,3,232,1543568653,timeout,101,25.25,0.15876643327597595,0,0.0,5,0.4001483679003634,14.313849998582707,15.761200338602066,16.22399531926368,96,3.801980198019802,65,2.5742574257425743,47,1.8613861386138615,176.16583372894195,10.85835087241243,54,2.1386138613861387,0.6595744680851063,0.6063829787234043,0.44554455445544555,0.06385255516257116
bayes_mean-fix-seed43,dense_square,3,233,1543568654,timeout,101,25.25,0.18840087676069162,0,0.0,3,0.7320433695160797,14.649863105894315,16.003921627998352,16.866261835271434,87,3.4455445544554455,41,1.6237623762376239,35,1.386138613861386,112.60304893249699,6.676230336767142,16,0.6336633663366337,0.11702127659574468,0.10638297872340426,0.3465346534653465,0.4521135355421347
bayes_mean-fix-seed43,dense_square,3,234,1543568655,collision,22,5.5,0.02507061531314736,0,0.0,13,0.24308024781059745,12.778515842827884,14.299159497022629,4.390191202364399,17,3.090909090909091,10,1.8181818181818181,2,0.36363636363636365,9.707739268149957,2.211233821187952,3,0.5454545454545454,0.2,0.2,0.22727272727272727,0.48816513936336775
bayes_mean-fix-seed43,dense_square,3,235,1543568656,success,76,19.0,0.18420961108207967,0,0.0,1,0.7025960453452944,14.500165554253678,16.049860045313835,16.221268356100214,47,2.473684210526316,31,1.631578947368421,13,0.6842105263157895,49.73910962184473,3.0662897949739985,15,0.7894736842105263,0.18840579710144928,0.17391304347826086,0.11842105263157894,0.4848435442240278
bayes_mean-fix-seed43,dense_square,3,236,1543568657,success,83,20.75,0.1901428366346345,0,0.0,1,0.6009408710763554,14.546882810003787,16.132419928908345,14.725445998037218,71,3.4216867469879517,42,2.0240963855421685,25,1.2048192771084338,74.89156516379016,5.08586056909737,14,0.6746987951807228,0.15789473684210525,0.039473684210526314,0.26506024096385544,0.5250195696688547
bayes_mean-fix-seed43,dense_square,3,237,1543568658,timeout,101,25.25,0.20100203051147614,0,0.0,0,0.47835965705666145,14.491540665673737,15.570126473903656,15.848749046201666,93,3.6831683168316833,31,1.2277227722772277,43,1.702970297029703,136.69820935511345,8.62517344155151,28,1.108910891089109,0.4148936170212766,0.3723404255319149,0.43564356435643564,0.24488568352694481
bayes_mean-fix-seed43,dense_square,3,238,1543568659,success,57,14.25,0.1936312731364993,0,0.0,2,0.8325871147964247,13.852644581020924,15.060139447450638,11.565097099782985,43,3.017543859649123,21,1.4736842105263157,3,0.21052631578947367,24.382856413161463,2.10831402475808,3,0.21052631578947367,0.02,0.02,0.05263157894736842,0.6665208148337002
bayes_mean-fix-seed43,dense_square,3,239,1543568660,timeout,101,25.25,0.12652049174450286,0,0.0,3,0.5557296360791463,14.364674576733371,15.80885425209999,15.676434061693218,85,3.366336633663366,53,2.099009900990099,35,1.386138613861386,109.92471065972762,7.01209919469751,31,1.2277227722772277,0.13829787234042554,0.1276595744680851,0.24752475247524752,0.4643368948082925
bayes_mean-fix-seed43,dense_square,3,240,1543568661,timeout,101,25.25,0.1925602693302374,0,0.0,1,0.5968606030658877,14.379587319522802,15.650331974029541,15.363306132940899,97,3.8415841584158414,54,2.1386138613861387,28,1.108910891089109,103.15590011246921,6.714433678522472,21,0.8316831683168316,0.425531914893617,0.40425531914893614,0.32673267326732675,0.2801317801417007
bayes_mean-fix-seed43,dense_square,3,241,1543568662,success,69,17.25,0.07145649965724854,0,0.0,15,0.6413223651681143,14.373057886310246,15.92295914888382,13.36848303030327,46,2.6666666666666665,21,1.2173913043478262,8,0.463768115942029,37.338760695536735,2.7930439535210065,6,0.34782608695652173,0.0967741935483871,0.06451612903225806,0.13043478260869565,0.586536806361496
bayes_mean-fix-seed43,dense_square,3,242,1543568663,timeout,101,25.25,0.1672764454388529,0,0.0,5,0.49362505967532344,14.594600600476312,16.004253178834915,15.828035379411777,94,3.722772277227723,46,1.8217821782178218,37,1.4653465346534653,127.7036972616875,8.068196349105797,35,1.386138613861386,0.4148936170212766,0.3829787234042553,0.38613861386138615,0.19892315368792124
bayes_mean-fix-seed43,dense_square,3,243,1543568664,timeout,101,25.25,0.17811727069206595,0,0.0,5,0.4874781473664775,14.463636360251078,15.638448297977448,13.662947209297759,92,3.6435643564356437,46,1.8217821782178218,23,0.9108910891089109,96.9381502884855,7.094966320481588,22,0.8712871287128713,0.5957446808510638,0.5425531914893617,0.44554455445544555,0.12637187092148822
bayes_mean-fix-seed43,dense_square,3,244,1543568665,collision,13,3.25,-0.020192357245108816,1,0.25,3,0.869025972431568,12.264866668444414,13.563884049654007,2.2799674338329283,12,3.6923076923076925,8,2.4615384615384617,7,2.1538461538461537,19.934811317098326,8.743463183412782,3,0.9230769230769231,0.5,0.5,0.46153846153846156,0.14638634452875762
bayes_mean-fix-seed43,dense_square,3,245,1543568666,timeout,101,25.25,0.18377764831251464,0,0.0,3,0.7402725864420483,14.758000648257756,16.141556203365326,15.896391257419221,88,3.485148514851485,53,2.099009900990099,27,1.0693069306930694,88.78783826568583,5.585408463335756,22,0.8712871287128713,0.22340425531914893,0.18085106382978725,0.24752475247524752,0.38574757381048597
bayes_mean-fix-seed43,dense_square,3,246,1543568667,success,47,11.75,0.27410339313663634,0,0.0,0,0.7892405023118244,14.251959926270423,15.678929910063744,10.760751766133469,22,1.872340425531915,14,1.1914893617021276,1,0.0851063829787234,12.871005357602339,1.1961065209319592,3,0.2553191489361702,0.0,0.0,0.06382978723404255,0.7285021231672264
bayes_mean-fix-seed43,dense_square,3,247,1543568668,timeout,101,25.25,0.15621601263056872,0,0.0,5,0.424945900042795,14.588465416195369,15.836164355278015,13.352653559919819,94,3.722772277227723,58,2.297029702970297,44,1.7425742574257426,140.27477669619802,10.505385769706164,32,1.2673267326732673,0.3723404255319149,0.2978723404255319,0.26732673267326734,0.4962069432158094
bayes_mean-fix-seed43,dense_square,3,248,1543568669,success,67,16.75,0.19841164128183664,0,0.0,1,0.8182264170735125,14.731466325361337,16.329649090766903,14.416111310014402,50,2.985074626865672,26,1.5522388059701493,6,0.3582089552238806,32.924009561902785,2.283834305512857,4,0.23880597014925373,0.18333333333333332,0.15,0.19402985074626866,0.5407047251147112
bayes_mean-fix-seed43,dense_square,3,249,1543568670,timeout,101,25.25,0.1664426906622215,0,0.0,3,0.5191520992553987,14.711573019181147,15.897408127784729,15.107266929394083,97,3.8415841584158414,61,2.4158415841584158,56,2.217821782178218,181.07172558653983,11.985736826707555,50,1.9801980198019802,0.5531914893617021,0.5,0.36633663366336633,0.19948416166999744
bayes_mean-fix-seed43,dense_square,3,250,1543568671,success,70,17.5,0.23231653977631117,0,0.0,0,0.8874794234296307,14.62901873247964,15.93115460127592,12.989562831133117,57,3.257142857142857,24,1.3714285714285714,8,0.45714285714285713,34.98576377732298,2.6933749990007225,5,0.2857142857142857,0.25396825396825395,0.20634920634920634,0.18571428571428572,0.5964375785377203
bayes_mean-fix-seed43,dense_square,3,251,1543568672,success,63,15.75,0.1779266644914549,0,0.0,2,0.7196025439611657,14.253321148100353,16.032737866044044,11.63963491384197,51,3.238095238095238,27,1.7142857142857142,9,0.5714285714285714,38.50106414814485,3.307755306170213,13,0.8253968253968254,0.17857142857142858,0.16071428571428573,0.1746031746031746,0.6677582250572631
bayes_mean-fix-seed43,dense_square,3,252,1543568673,collision,10,2.5,-0.009460258032070401,1,0.25,4,0.2356123250219226,12.252983078360558,13.398298248648643,1.8368640767323923,9,3.6,4,1.6,3,1.2,9.897670508563849,5.388352156230781,2,0.8,0.0,0.0,0.1,0.4932126492676079
bayes_mean-fix-seed43,dense_square,3,253,1543568674,success,99,24.75,0.17336343038886326,0,0.0,4,0.617563632281292,14.648817592498029,16.191240027546883,18.870725851132388,78,3.1515151515151514,37,1.494949494949495,20,0.8080808080808081,73.78923655922443,3.910248982542265,11,0.4444444444444444,0.2826086956521739,0.17391304347826086,0.29292929292929293,0.41068807624653597
bayes_mean-fix-seed43,dense_square,3,254,1543568675,success,44,11.0,0.16857704756495784,0,0.0,1,1.1407658292938019,14.5308795300397,16.492053866386414,9.47119643133814,33,3.0,17,1.5454545454545454,3,0.2727272727272727,15.91989419826389,1.6808746723474561,4,0.36363636363636365,0.0,0.0,0.022727272727272728,0.814934829186535
bayes_mean-fix-seed43,dense_square,3,255,1543568676,success,77,19.25,0.2235101611069129,0,0.0,0,0.6049938906573454,14.951459192610406,15.993999689817429,13.879760530825225,63,3.272727272727273,40,2.0779220779220777,21,1.0909090909090908,69.44386366584723,5.003246526596841,11,0.5714285714285714,0.0,0.0,0.19480519480519481,0.5579294001141322
bayes_mean-fix-seed43,dense_square,3,256,1543568677,timeout,101,25.25,0.17891228698722417,0,0.0,3,0.5054362705292081,16.183989067183862,16.844861209392548,14.710117253456062,98,3.881188118811881,59,2.3366336633663365,41,1.6237623762376239,130.73971444000694,8.887741150349454,30,1.188118811881188,0.40425531914893614,0.35106382978723405,0.40594059405940597,0.23973655807971542
bayes_mean-fix-seed43,dense_square,3,257,1543568678,success,84,21.0,0.18503516938745324,0,0.0,3,0.8001676654179083,14.335484598718939,15.720607340335846,13.166276265548564,71,3.380952380952381,44,2.0952380952380953,24,1.1428571428571428,88.04598521148469,6.687235132827157,13,0.6190476190476191,0.2077922077922078,0.2077922077922078,0.2619047619047619,0.5931874459203323
bayes_mean-fix-seed43,dense_square,3,258,1543568679,success,68,17.0,0.31606856115902815,0,0.0,0,0.8778506208410667,14.020956669221906,15.219287015497684,13.668224236478736,50,2.9411764705882355,23,1.3529411764705883,4,0.23529411764705882,31.515505638835016,2.3057498248180752,9,0.5294117647058824,0.13114754098360656,0.13114754098360656,0.10294117647058823,0.5697894217523066
bayes_mean-fix-seed43,dense_square,3,259,1543568680,success,59,14.75,0.12986275849755113,0,0.0,5,0.553837459035057,13.842564265606766,15.339623019099234,12.375878194974568,40,2.711864406779661,15,1.0169491525423728,0,0.0,16.274451773851684,1.3150138937582787,7,0.4745762711864407,0.0,0.0,0.06779661016949153,0.6325242317071107
bayes_mean-fix-seed43,dense_square,3,260,1543568681,success,69,17.25,0.18329568620974623,0,0.0,3,0.8785776801212968,14.516176574903985,16.252148896455765,14.681486893339574,38,2.2028985507246377,21,1.2173913043478262,6,0.34782608695652173,26.066374582242705,1.775458764607011,3,0.17391304347826086,0.20967741935483872,0.11290322580645161,0.21739130434782608,0.529114750959067
bayes_mean-fix-seed43,dense_square,3,261,1543568682,success,64,16.0,0.18521879956623277,0,0.0,4,0.6847119912999491,13.987627695314586,15.713029354810713,13.034676321162546,34,2.125,13,0.8125,4,0.25,21.631874571140916,1.659563616168997,4,0.25,0.12280701754385964,0.03508771929824561,0.140625,0.6000809514709676
bayes_mean-fix-seed43,dense_square,3,262,1543568683,success,66,16.5,0.21868969683839745,0,0.0,0,0.7805589053025163,14.118766412138939,15.846308320760727,12.31546987015321,50,3.0303030303030303,25,1.5151515151515151,14,0.8484848484848485,47.31051455110593,3.8415517272113116,4,0.24242424242424243,0.05084745762711865,0.03389830508474576,0.10606060606060606,0.6285591236322493
bayes_mean-fix-seed43,dense_square,3,263,1543568684,success,93,23.25,0.19840387146438787,0,0.0,1,0.5173993810082147,14.204758990515945,15.63335657119751,15.503773772400585,82,3.5268817204301075,45,1.935483870967742,32,1.3763440860215055,96.35530574197226,6.214958187373804,20,0.8602150537634409,0.11627906976744186,0.046511627906976744,0.27956989247311825,0.5009488972230428
bayes_mean-fix-seed43,dense_square,3,264,1543568685,success,68,17.0,0.18707441374338496,0,0.0,2,0.7272408427701366,14.358826474670101,16.251256875693798,14.468770318952636,50,2.9411764705882355,24,1.411764705882353,11,0.6470588235294118,39.882020003138656,2.7564208377056905,8,0.47058823529411764,0.08196721311475409,0.03278688524590164,0.16176470588235295,0.53370776874478
bayes_mean-fix-seed43,dense_square,3,265,1543568686,timeout,101,25.25,0.19327322344186093,0,0.0,1,0.6370929217433414,14.271656881169518,15.611343085765839,12.58580274021256,88,3.485148514851485,62,2.4554455445544554,54,2.1386138613861387,168.6321915567466,13.398604366962974,49,1.9405940594059405,0.6276595744680851,0.6063829787234043,0.43564356435643564,0.237355514491581
bayes_mean-fix-seed43,dense_square,3,266,1543568687,success,56,14.0,0.19751464786163053,0,0.0,1,0.7794369201315592,13.939143291541509,15.364239923655987,11.464687871839635,45,3.2142857142857144,21,1.5,4,0.2857142857142857,28.696917342562145,2.5030700934344243,3,0.21428571428571427,0.0,0.0,0.07142857142857142,0.676348025065682
bayes_mean-fix-seed43,dense_square,3,267,1543568688,timeout,101,25.25,0.24051000280218937,0,0.0,0,0.3600056634312316,14.327520486151817,15.789054334163666,14.175985481199982,89,3.5247524752475248,71,2.8118811881188117,63,2.495049504950495,200.83237173739212,14.167083622068713,66,2.613861386138614,0.851063829787234,0.8191489361702128,0.48514851485148514,0.0
bayes_mean-fix-seed43,dense_square,3,268,1543568689,success,69,17.25,0.19612648309840175,0,0.0,2,0.6850548281036134,14.303737576457037,15.818341076374054,14.403901396238378,41,2.3768115942028984,15,0.8695652173913043,8,0.463768115942029,31.575653648866933,2.1921598031150786,5,0.2898550724637681,0.27419354838709675,0.24193548387096775,0.2318840579710145,0.5434975100428666
bayes_mean-fix-seed43,dense_square,3,269,1543568690,timeout,101,25.25,0.15536751736377774,0,0.0,4,0.7211110118950236,14.166467076185906,15.565760433673859,15.710463454355622,92,3.6435643564356437,53,2.099009900990099,33,1.306930693069307,114.56183122632719,7.292072035886737,28,1.108910891089109,0.5531914893617021,0.5,0.3465346534653465,0.22447393141762664
bayes_mean-fix-seed43,dense_square,3,270,1543568691,timeout,101,25.25,0.00270293790569176,0,0.0,5,1.3240347335651215,14.342445585102137,15.499908477067947,21.565373955177357,57,2.257425742574257,30,1.188118811881188,14,0.5544554455445545,48.68782494364113,2.257685169050931,11,0.43564356435643564,0.24468085106382978,0.1276595744680851,0.2376237623762376,0.2833198486305667
bayes_mean-fix-seed43,dense_square,3,271,1543568692,success,92,23.0,0.11824558538852459,0,0.0,2,0.8710680911051369,14.368791052180788,15.994040668010712,16.919453444590882,73,3.1739130434782608,39,1.6956521739130435,30,1.3043478260869565,99.43787483612547,5.877132802296021,19,0.8260869565217391,0.21176470588235294,0.21176470588235294,0.30434782608695654,0.4561633759580816
bayes_mean-fix-seed43,dense_square,3,272,1543568693,collision,6,1.5,-0.09613786517129441,1,0.25,6,0.06094406478156411,11.35927252471447,11.787372641265392,1.278448880838993,4,2.6666666666666665,1,0.6666666666666666,1,0.6666666666666666,3.562185011575105,2.786333552294551,0,0.0,0.0,0.0,0.8333333333333334,0.0
bayes_mean-fix-seed43,dense_square,3,273,1543568694,success,68,17.0,0.14745918700325444,0,0.0,3,0.672693806491209,14.25653531709138,15.880446881055832,12.914710507403454,60,3.5294117647058822,29,1.7058823529411764,9,0.5294117647058824,40.92065708467789,3.1685307279028687,11,0.6470588235294118,0.13114754098360656,0.04918032786885246,0.16176470588235295,0.6005472443703982
bayes_mean-fix-seed43,dense_square,3,274,1543568695,timeout,101,25.25,0.13357152472255474,0,0.0,3,0.8545612572936508,14.651120631116452,16.007602214813232,13.061279812229987,95,3.762376237623762,56,2.217821782178218,49,1.9405940594059405,145.95214484365425,11.174413758978758,36,1.4257425742574257,0.6914893617021277,0.648936170212766,0.42574257425742573,0.03032684279595814
bayes_mean-fix-seed43,dense_square,3,275,1543568696,timeout,101,25.25,0.19865616762567107,0,0.0,1,0.7063713894143222,14.681330374856987,16.129232943058014,18.61196511653738,75,2.9702970297029703,31,1.2277227722772277,16,0.6336633663366337,58.932054354846386,3.166353148947351,14,0.5544554455445545,0.2553191489361702,0.18085106382978725,0.26732673267326734,0.37990482613594667
bayes_mean-fix-seed43,dense_square,3,276,1543568697,timeout,101,25.25,0.20184574183296955,0,0.0,0,0.5982837840417781,14.222747434188824,15.619408339262009,13.483446110583566,98,3.881188118811881,69,2.732673267326733,52,2.0594059405940595,153.66534721264992,11.396592974257027,49,1.9405940594059405,0.5,0.5,0.40594059405940597,0.197263893521851
bayes_mean-fix-seed43,dense_square,3,277,1543568698,success,72,18.0,0.1616687698027912,0,0.0,2,0.4219875909515714,14.145947009738949,15.841876901686192,14.55869148751865,51,2.8333333333333335,25,1.3888888888888888,17,0.9444444444444444,49.78863182100157,3.4198562325251545,10,0.5555555555555556,0.12307692307692308,0.07692307692307693,0.19444444444444445,0.533631263340523
bayes_mean-fix-seed43,dense_square,3,278,1543568699,collision,16,4.0,-0.01914093465090283,1,0.25,9,0.1743287153832031,12.227002531290054,14.02802113443613,2.8052910513704252,15,3.75,4,1.0,0,0.0,9.527780928921466,3.396360931699763,3,0.75,0.2222222222222222,0.0,0.25,0.39377682290338617
bayes_mean-fix-seed43,dense_square,3,279,1543568700,timeout,101,25.25,0.17812810395490664,0,0.0,2,0.7739129530830946,14.363322038166594,15.717029571533203,15.635777684452405,90,3.5643564356435644,49,1.9405940594059405,37,1.4653465346534653,120.36829284520559,7.698260698915861,24,0.9504950495049505,0.39361702127659576,0.3617021276595745,0.3069306930693069,0.3079939264966868
bayes_mean-fix-seed43,dense_square,3,280,1543568701,success,71,17.75,0.13020443629495293,0,0.0,9,0.6591329432235579,14.032294527745583,15.43772779405117,13.034532221193691,48,2.704225352112676,24,1.352112676056338,9,0.5070422535211268,37.13757290328728,2.849168061658775,6,0.3380281690140845,0.125,0.0625,0.14084507042253522,0.5957784682509478
bayes_mean-fix-seed43,dense_square,3,281,1543568702,success,85,21.25,0.213309896299134,0,0.0,0,0.8283321510220429,14.193730143939748,15.535788983106613,16.406629503899055,70,3.2941176470588234,33,1.5529411764705883,17,0.8,71.07910622664441,4.332340546225682,19,0.8941176470588236,0.2564102564102564,0.1794871794871795,0.25882352941176473,0.47308511870654607
bayes_mean-fix-seed43,dense_square,3,282,1543568703,timeout,101,25.25,0.08489101112928144,0,0.0,6,0.33275687169975354,14.473657796878626,15.974707901477814,16.021504348851085,95,3.762376237623762,60,2.376237623762376,65,2.5742574257425743,207.03922070261933,12.92258306052679,7,0.27722772277227725,0.6914893617021277,0.5638297872340425,0.39603960396039606,0.21666268050905257
bayes_mean-fix-seed43,dense_square,3,283,1543568704,collision,10,2.5,-0.03538986146636536,1,0.25,6,0.1537258243582864,11.35839894413948,12.965314090251923,1.9755429863696126,8,3.2,2,0.8,1,0.4,7.055454702855638,3.5714002436470413,2,0.8,1.0,0.6666666666666666,0.8,0.0
bayes_mean-fix-seed43,dense_square,3,284,1543568705,timeout,101,25.25,0.08304472981049893,0,0.0,12,0.4801409495534027,14.64073186611185,15.945680439472198,17.426896845834644,88,3.485148514851485,49,1.9405940594059405,27,1.0693069306930694,97.29674403503321,5.583136509945485,25,0.9900990099009901,0.3617021276595745,0.3404255319148936,0.3069306930693069,0.25847118271113845
bayes_mean-fix-seed43,dense_square,3,285,1543568706,timeout,101,25.25,0.19370721144497893,0,0.0,3,0.6596553726884707,14.348938950512668,15.485096722841263,12.597533994173329,96,3.801980198019802,64,2.5346534653465347,56,2.217821782178218,168.45589262984646,13.372132411610199,58,2.297029702970297,0.6702127659574468,0.6702127659574468,0.37623762376237624,0.0
bayes_mean-fix-seed43,dense_square,3,286,1543568707,timeout,101,25.25,0.18568866921211147,0,0.0,4,0.4263143666855223,14.590503408177064,15.938490629196167,14.806029058473733,97,3.8415841584158414,51,2.01980198019802,55,2.1782178217821784,158.3025473909282,10.691762576295165,33,1.306930693069307,0.5,0.46808510638297873,0.40594059405940597,0.2022199839687338
bayes_mean-fix-seed43,dense_square,3,287,1543568708,timeout,101,25.25,0.20777179120967093,0,0.0,0,0.6792834264345541,14.24882184750963,15.54756984114647,14.572059821510118,96,3.801980198019802,49,1.9405940594059405,42,1.6633663366336633,122.48651396831983,8.405573094581657,34,1.3465346534653466,0.30851063829787234,0.2978723404255319,0.297029702970297,0.2902603230927109
bayes_mean-fix-seed43,dense_square,3,288,1543568709,timeout,101,25.25,0.22342570130799133,0,0.0,0,1.5377236757825112,14.362012285112154,15.743285417556763,20.43287835835338,75,2.9702970297029703,29,1.1485148514851484,19,0.7524752475247525,69.10732144834813,3.3821628180004133,13,0.5148514851485149,0.19148936170212766,0.19148936170212766,0.22772277227722773,0.30775785227416275
bayes_mean-fix-seed43,dense_square,3,289,1543568710,success,68,17.0,0.235682931530537,0,0.0,0,0.4619810969238804,14.519057181828162,17.29374900460243,15.516571778621504,46,2.7058823529411766,21,1.2352941176470589,3,0.17647058823529413,21.893426553301413,1.410970597478616,5,0.29411764705882354,0.04918032786885246,0.03278688524590164,0.14705882352941177,0.4977934339451831
bayes_mean-fix-seed43,dense_square,3,290,1543568711,success,89,22.25,0.1987464731924209,0,0.0,1,0.5592952949182282,16.089026470867434,16.432884335517883,14.4309730549916,70,3.146067415730337,35,1.5730337078651686,13,0.5842696629213483,54.53192256669641,3.7788111972001843,15,0.6741573033707865,0.24390243902439024,0.15853658536585366,0.19101123595505617,0.5386947125648264
bayes_mean-fix-seed43,dense_square,3,291,1543568712,timeout,101,25.25,0.20989298793131006,0,0.0,0,0.763942970179951,14.844171702861786,16.006257385015488,17.20367799154176,86,3.405940594059406,55,2.1782178217821784,38,1.504950495049505,112.48375911426103,6.538355296440913,20,0.7920792079207921,0.10638297872340426,0.10638297872340426,0.31683168316831684,0.4533763571491818
bayes_mean-fix-seed43,dense_square,3,292,1543568713,success,70,17.5,0.208853628808798,0,0.0,0,0.4658447203080641,14.6880604326725,16.103165969252586,13.437454854834352,53,3.0285714285714285,29,1.6571428571428573,9,0.5142857142857142,44.96384046847449,3.3461575093067557,7,0.4,0.14285714285714285,0.09523809523809523,0.12857142857142856,0.577506672489331
bayes_mean-fix-seed43,dense_square,3,293,1543568714,timeout,101,25.25,0.17569503396565278,0,0.0,3,0.6871026609134621,14.728938625885709,16.266927123069763,18.67140450697368,79,3.128712871287129,42,1.6633663366336633,35,1.386138613861386,102.59277360753146,5.494646831159035,21,0.8316831683168316,0.2127659574468085,0.20212765957446807,0.24752475247524752,0.33355537217480946
bayes_mean-fix-seed43,dense_square,3,294,1543568715,timeout,101,25.25,0.18772817157363342,0,0.0,4,0.6043818936089208,14.868966608059289,16.31839945912361,15.92307304136813,93,3.6831683168316833,54,2.1386138613861387,43,1.702970297029703,120.14001447494553,7.545026902961625,17,0.6732673267326733,0.43617021276595747,0.40425531914893614,0.46534653465346537,0.24878548183030502
bayes_mean-fix-seed43,dense_square,3,295,1543568716,success,70,17.5,0.18223044564038782,0,0.0,4,0.9029086256629508,14.209337319646563,15.58452844619751,11.900866772450417,51,2.914285714285714,28,1.6,12,0.6857142857142857,44.470358394798865,3.7367327309086673,8,0.45714285714285713,0.047619047619047616,0.015873015873015872,0.15714285714285714,0.6548053481752889
bayes_mean-fix-seed43,dense_square,3,296,1543568717,success,78,19.5,0.1890015975117565,0,0.0,1,0.7645118570095525,14.580398463667967,16.2204597145319,13.315096541968668,64,3.282051282051282,33,1.6923076923076923,14,0.717948717948718,55.18412890527696,4.144478316874288,10,0.5128205128205128,0.15492957746478872,0.0,0.20512820512820512,0.5807726887469393
bayes_mean-fix-seed43,dense_square,3,297,1543568718,collision,8,2.0,-0.025982184690494514,1,0.25,6,0.1552820639318781,11.874356307089329,13.233353942632675,1.4426859697063712,7,3.5,3,1.5,2,1.0,7.875868543476396,5.459170400804109,1,0.5,1.0,1.0,0.625,0.0
bayes_mean-fix-seed43,dense_square,3,298,1543568719,success,66,16.5,0.1654035133945525,0,0.0,2,0.4724911909328559,14.452190843947006,16.153105534613132,13.204940196105657,45,2.727272727272727,16,0.9696969696969697,10,0.6060606060606061,40.253577557610264,3.0483725757032714,9,0.5454545454545454,0.0847457627118644,0.0847457627118644,0.12121212121212122,0.5893931612435913
bayes_mean-fix-seed43,dense_square,3,299,1543568720,timeout,101,25.25,0.14956085717844125,0,0.0,4,0.6675037340117436,14.438725012068701,16.55784249305725,17.483625543337386,86,3.405940594059406,48,1.900990099009901,31,1.2277227722772277,101.13001103518013,5.784270017937927,37,1.4653465346534653,0.6276595744680851,0.5212765957446809,0.4752475247524752,0.0
bayes_mean-fix-seed43,dense_square,3,300,1543568721,success,80,20.0,0.14941454530894904,0,0.0,1,0.7641880337347203,14.552071131765842,16.235297918319702,14.870778109790212,63,3.15,35,1.75,25,1.25,78.37622915753435,5.270486088817045,11,0.55,0.1506849315068493,0.0821917808219178,0.2875,0.5199489837176633
bayes_mean-fix-seed43,dense_square,3,301,1543568722,timeout,101,25.25,0.1802082443873707,0,0.0,2,0.4927346407573249,14.934634955802766,16.535166651010513,12.459549633930834,93,3.6831683168316833,59,2.3366336633663365,50,1.9801980198019802,152.17759568580848,12.213731648163781,38,1.504950495049505,0.7021276595744681,0.6382978723404256,0.4158415841584158,0.12762926254896376
bayes_mean-fix-seed43,dense_square,3,302,1543568723,success,91,22.75,0.19297852919692293,0,0.0,2,0.5848811192136976,15.010058061107175,16.53420180082321,16.170388299775,76,3.340659340659341,37,1.6263736263736264,21,0.9230769230769231,72.20217059248967,4.465085763802859,12,0.5274725274725275,0.25,0.2261904761904762,0.24175824175824176,0.47878245124711055
bayes_mean-fix-seed43,dense_square,3,303,1543568724,success,61,15.25,0.17607182200948368,0,0.0,5,0.5282060905891988,14.42710035404221,16.039427369832993,12.075617530342615,43,2.819672131147541,24,1.5737704918032787,4,0.26229508196721313,30.305188858084286,2.509618144325614,10,0.6557377049180327,0.09259259259259259,0.07407407407407407,0.09836065573770492,0.6380402987656276
bayes_mean-fix-seed43,dense_square,3,304,1543568725,timeout,101,25.25,0.21064697089438622,0,0.0,0,0.4585023332563739,14.767628384403663,16.270596534013748,14.771275368979625,87,3.4455445544554455,42,1.6633663366336633,18,0.7128712871287128,80.0075159119505,5.416425725836109,17,0.6732673267326733,0.6276595744680851,0.5,0.44554455445544555,0.2569215236348219
bayes_mean-fix-seed43,dense_square,3,305,1543568726,success,93,23.25,0.20414995684365067,0,0.0,0,0.5972060484184304,15.01458002034054,16.708687692880627,15.07373907796029,85,3.6559139784946235,43,1.8494623655913978,36,1.5483870967741935,106.08350988014668,7.037637399154279,31,1.3333333333333333,0.16279069767441862,0.09302325581395349,0.2903225806451613,0.5176385110919544
bayes_mean-fix-seed43,dense_square,3,306,1543568727,success,65,16.25,0.20559870375047262,0,0.0,0,0.6431237607557698,14.471311580676298,16.084766387939453,13.616939608767446,36,2.2153846153846155,14,0.8615384615384616,6,0.36923076923076925,26.161757900351173,1.9212656185613528,6,0.36923076923076925,0.15517241379310345,0.08620689655172414,0.2,0.5737072627146811
bayes_mean-fix-seed43,dense_square,3,307,1543568728,timeout,101,25.25,0.17986673742867687,0,0.0,2,0.8510747092460259,14.55847930052493,15.790525823831558,16.257676370746378,91,3.603960396039604,26,1.0297029702970297,29,1.1485148514851484,104.88776953457916,6.4515842942544595,27,1.0693069306930694,0.574468085106383,0.46808510638297873,0.504950495049505,0.11780827574115199
bayes_mean-fix-seed43,dense_square,3,308,1543568729,timeout,101,25.25,0.22155030448741486,0,0.0,0,1.4763686096486854,14.433803608511933,15.77908918261528,20.85767551081485,65,2.5742574257425743,25,0.9900990099009901,12,0.4752475247524752,47.05404596360401,2.255958289273709,13,0.5148514851485149,0.2978723404255319,0.09574468085106383,0.26732673267326734,0.3481170209288212
bayes_mean-fix-seed43,dense_square,3,309,1543568730,timeout,101,25.25,0.16938693429976026,0,0.0,8,0.4484223220638731,14.719042779490499,16.279757022857666,13.770175737699473,97,3.8415841584158414,36,1.4257425742574257,17,0.6732673267326733,106.60536235396798,7.741757577000836,29,1.1485148514851484,0.5957446808510638,0.5212765957446809,0.44554455445544555,0.2199632405084657
bayes_mean-fix-seed43,dense_square,3,310,1543568731,success,56,14.0,0.20808738969198504,0,0.0,0,0.8425779816697174,14.215664073292698,15.753352083265781,11.755311911566821,40,2.857142857142857,28,2.0,10,0.7142857142857143,37.35076178656367,3.1773518276288195,7,0.5,0.0,0.0,0.10714285714285714,0.6578846977730451
bayes_mean-fix-seed43,dense_square,3,311,1543568732,timeout,101,25.25,0.1706310566352477,0,0.0,1,0.4715413954693647,14.500491284202822,15.85785299539566,16.348797310899695,89,3.5247524752475248,35,1.386138613861386,42,1.6633663366336633,124.81820078912155,7.634702321858601,40,1.5841584158415842,0.2872340425531915,0.1702127659574468,0.37623762376237624,0.24462956897337246
bayes_mean-fix-seed43,dense_square,3,312,1543568733,timeout,101,25.25,0.20904854009317408,0,0.0,0,0.6853419037767893,14.351038907719131,15.698503702878952,19.598319636861955,70,2.772277227722772,41,1.6237623762376239,35,1.386138613861386,101.6173960301257,5.185005547057017,9,0.3564356435643564,0.3191489361702128,0.14893617021276595,0.2871287128712871,0.3701444671250879
bayes_mean-fix-seed43,dense_square,3,313,1543568734,success,100,25.0,0.2082106052263244,0,0.0,0,0.5827969048066693,14.504901394248009,15.800309553742409,14.969630503431626,87,3.48,45,1.8,34,1.36,116.15036043717875,7.7590666256293055,25,1.0,0.21505376344086022,0.1935483870967742,0.3,0.5258469545204947
bayes_mean-fix-seed43,dense_square,3,314,1543568735,success,67,16.75,0.19024210006307196,0,0.0,2,0.6099814511712461,14.1898023882019,15.36601036787033,12.610357606850451,48,2.8656716417910446,19,1.1343283582089552,8,0.47761194029850745,30.803154787584603,2.4426868569413998,7,0.417910447761194,0.13333333333333333,0.06666666666666667,0.11940298507462686,0.6171032001145909
bayes_mean-fix-seed43,dense_square,3,315,1543568736,success,59,14.75,0.17235349160667068,0,0.0,3,0.6594018817153883,14.286685103582123,15.659796819090843,12.75870082564768,33,2.23728813559322,12,0.8135593220338984,4,0.2711864406779661,19.068586391104336,1.494555492105627,3,0.2033898305084746,0.09615384615384616,0.09615384615384616,0.15254237288135594,0.6068871618050611
bayes_mean-fix-seed43,dense_square,3,316,1543568737,timeout,101,25.25,0.017190818549254083,0,0.0,10,0.3910954704763581,14.659968601299985,16.159046441316605,14.3025597950985,97,3.8415841584158414,52,2.0594059405940595,43,1.702970297029703,139.44063758576806,9.749348339278015,25,0.9900990099009901,0.5212765957446809,0.5106382978723404,0.36633663366336633,0.2427439288726219
bayes_mean-fix-seed43,dense_square,3,317,1543568738,success,69,17.25,0.1352699896518793,0,0.0,3,0.4691472784996066,14.269308929426083,15.636816620826721,12.181531054846666,61,3.536231884057971,29,1.681159420289855,11,0.6376811594202898,50.87030831510041,4.176019261130615,14,0.8115942028985508,0.0967741935483871,0.016129032258064516,0.17391304347826086,0.6380152454469891
bayes_mean-fix-seed43,dense_square,3,318,1543568739,timeout,101,25.25,0.1235542391637433,0,0.0,5,0.40340319437349015,14.607054799205006,16.39322191476822,15.306485231956923,89,3.5247524752475248,64,2.5346534653465347,51,2.01980198019802,153.97744941240694,10.059621596924968,44,1.7425742574257426,0.5531914893617021,0.4787234042553192,0.32673267326732675,0.18581308808539224
bayes_mean-fix-seed43,dense_square,3,319,1543568740,success,78,19.5,0.16168315099307828,0,0.0,5,0.8783470971596236,14.509463730530861,15.75995683670044,16.495391162300084,55,2.8205128205128207,29,1.4871794871794872,9,0.46153846153846156,39.89002010259939,2.4182524506461722,7,0.358974358974359,0.19718309859154928,0.19718309859154928,0.16666666666666666,0.47067351468508845
bayes_mean-fix-seed43,dense_square,3,320,1543568741,success,64,16.0,0.1998856175606708,0,0.0,1,0.5671444769407592,14.157741563394666,15.33629484474659,12.30618251391434,51,3.1875,28,1.75,7,0.4375,34.37459277867254,2.7932783167977493,3,0.1875,0.0,0.0,0.140625,0.6301712271782077
bayes_mean-fix-seed43,dense_square,3,321,1543568742,success,75,18.75,0.2031383656816259,0,0.0,0,0.625750269685686,16.122628500064213,17.24064238369465,14.29752827409109,62,3.3066666666666666,27,1.44,22,1.1733333333333333,76.36300648932978,5.340993563741301,22,1.1733333333333333,0.22058823529411764,0.22058823529411764,0.25333333333333335,0.5426781952144228
bayes_mean-fix-seed43,dense_square,3,322,1543568743,success,57,14.25,0.21614656347414174,0,0.0,0,0.5729318403156829,14.425484823030338,16.33373722434044,11.339489633341367,46,3.2280701754385963,27,1.894736842105263,9,0.631578947368421,36.79594957073784,3.244938772424743,10,0.7017543859649122,0.08,0.08,0.15789473684210525,0.6845692950151976
bayes_mean-fix-seed43,dense_square,3,323,1543568744,timeout,101,25.25,0.21268246194467355,0,0.0,0,0.517957797887005,14.388294724544677,15.62437042593956,14.287342953834488,96,3.801980198019802,41,1.6237623762376239,45,1.7821782178217822,144.98565661429072,10.147839040664937,37,1.4653465346534653,0.5319148936170213,0.5,0.42574257425742573,0.16823440950434665
bayes_mean-fix-seed43,dense_square,3,324,1543568745,success,46,11.5,0.21575938730531008,0,0.0,0,0.9720635034067003,14.30808453132277,15.669000335037708,10.33555197158869,22,1.9130434782608696,12,1.0434782608695652,0,0.0,8.86683020469299,0.8578961461436161,1,0.08695652173913043,0.0,0.0,0.0,0.7580610640530445
bayes_mean-fix-seed43,dense_square,3,325,1543568746,success,59,14.75,0.16832332957140927,0,0.0,4,0.5829156113709179,14.237840359998962,15.348741039633751,11.078239960871077,43,2.9152542372881354,20,1.3559322033898304,4,0.2711864406779661,25.83142794236866,2.331726703303649,7,0.4745762711864407,0.0,0.0,0.05084745762711865,0.6990861816763643
bayes_mean-fix-seed43,dense_square,3,326,1543568747,success,57,14.25,0.17873748299367953,0,0.0,2,0.7776338396772584,14.247899058095197,15.958447009325027,10.581146031023941,38,2.6666666666666665,15,1.0526315789473684,7,0.49122807017543857,31.447926363001912,2.9720718597774316,11,0.7719298245614035,0.04,0.04,0.10526315789473684,0.7313301161508409
bayes_mean-fix-seed43,dense_square,3,327,1543568748,success,96,24.0,0.15018609868004784,0,0.0,2,0.6174124285960851,14.554660573291281,15.833438374102116,15.900154836063246,83,3.4583333333333335,51,2.125,32,1.3333333333333333,100.02581324003357,6.290870389083531,17,0.7083333333333334,0.1348314606741573,0.12359550561797752,0.2604166666666667,0.4861237075557181
bayes_mean-fix-seed43,dense_square,3,328,1543568749,success,96,24.0,0.1986879397814425,0,0.0,1,0.6031392846392132,14.627157400051752,15.904855914413929,14.551823088524719,86,3.5833333333333335,53,2.2083333333333335,38,1.5833333333333333,123.41476677158498,8.481051894377924,30,1.25,0.2696629213483146,0.2696629213483146,0.23958333333333334,0.5324051224308894
bayes_mean-fix-seed43,dense_square,3,329,1543568750,timeout,101,25.25,0.041141170826790696,0,0.0,7,0.3025370957885563,14.295717166496976,15.362352132797241,12.831711137399425,97,3.8415841584158414,65,2.5742574257425743,64,2.5346534653465347,184.9388974076437,14.412645003254404,52,2.0594059405940595,0.6702127659574468,0.6170212765957447,0.36633663366336633,0.13824619369825997
bayes_mean-fix-seed43,dense_square,3,330,1543568751,timeout,101,25.25,0.2027187201602656,0,0.0,0,0.4154299441981739,14.551538162597335,15.686661005020142,13.366714439598791,94,3.722772277227723,59,2.3366336633663365,43,1.702970297029703,124.85423697116553,9.340682598955341,31,1.2277227722772277,0.5638297872340425,0.5106382978723404,0.4158415841584158,0.2833835218048735
bayes_mean-fix-seed43,dense_square,3,331,1543568752,success,55,13.75,0.19655315006173546,0,0.0,2,0.93619464328058,14.01703269644217,15.408303588628769,11.197580598702784,39,2.8363636363636364,13,0.9454545454545454,2,0.14545454545454545,19.635459943314935,1.7535448635743387,3,0.21818181818181817,0.0,0.0,0.07272727272727272,0.691297986526102
bayes_mean-fix-seed43,dense_square,3,332,1543568753,success,69,17.25,0.162981930429003,0,0.0,6,0.7266993242317671,14.480998280687608,15.896493196487427,12.59122003182404,56,3.246376811594203,29,1.681159420289855,11,0.6376811594202898,41.73937978899829,3.314959128940873,3,0.17391304347826086,0.11290322580645161,0.08064516129032258,0.14492753623188406,0.6170717333082507
bayes_mean-fix-seed43,dense_square,3,333,1543568754,success,97,24.25,0.2021539054654442,0,0.0,0,0.583441940614529,14.585351244997732,15.861275047063828,16.87173934785311,83,3.422680412371134,53,2.185567010309278,37,1.5257731958762886,117.94927848764195,6.990937689103804,22,0.9072164948453608,0.15555555555555556,0.12222222222222222,0.28865979381443296,0.4588680011827807
bayes_mean-fix-seed43,dense_square,3,334,1543568755,timeout,101,25.25,0.17887923974093456,0,0.0,4,0.5032794860283083,14.467287550468257,15.864953398704529,17.119372206649164,80,3.1683168316831685,50,1.9801980198019802,43,1.702970297029703,116.73268637786856,6.818748080757867,24,0.9504950495049505,0.2872340425531915,0.2872340425531915,0.22772277227722773,0.4266798775083048
bayes_mean-fix-seed43,dense_square,3,335,1543568756,success,80,20.0,0.07494984681925654,0,0.0,6,0.625627944815361,14.645737875252962,16.247891262173653,16.13282544726937,54,2.7,32,1.6,19,0.95,60.05388459193201,3.7224654037335223,19,0.95,0.2191780821917808,0.2191780821917808,0.2125,0.47893260082444106
bayes_mean-fix-seed43,dense_square,3,336,1543568757,success,59,14.75,0.09022461674677507,0,0.0,6,0.35216780086818855,14.522622576204396,15.741247311234474,12.396991016710224,46,3.1186440677966103,23,1.5593220338983051,4,0.2711864406779661,23.95782793150931,1.932551850623747,3,0.2033898305084746,0.11538461538461539,0.038461538461538464,0.11864406779661017,0.6281960366516489
bayes_mean-fix-seed43,dense_square,3,337,1543568758,timeout,101,25.25,0.18935975962810858,0,0.0,4,0.46776337818151076,14.822771459227742,16.10267162322998,13.42326354085362,96,3.801980198019802,58,2.297029702970297,64,2.5346534653465347,180.4666376048962,13.444319040272665,55,2.1782178217821784,0.7021276595744681,0.7021276595744681,0.45544554455445546,0.06231850942445327
bayes_mean-fix-seed43,dense_square,3,338,1543568759,timeout,101,25.25,0.20925142839285293,0,0.0,0,1.2460700993823106,14.604056161819118,16.05083793401718,19.432600942417498,81,3.207920792079208,34,1.3465346534653466,27,1.0693069306930694,97.06477989860552,4.994945359410559,27,1.0693069306930694,0.2978723404255319,0.2765957446808511,0.2871287128712871,0.32813053042791285
bayes_mean-fix-seed43,dense_square,3,339,1543568760,timeout,101,25.25,0.1988279993489258,0,0.0,1,0.7885243414792862,14.527279588550623,15.895642340183258,15.963385102055629,90,3.5643564356435644,41,1.6237623762376239,31,1.2277227722772277,108.74690077710565,6.812270710872104,23,0.9108910891089109,0.44680851063829785,0.4148936170212766,0.3564356435643564,0.31071815729410435
bayes_mean-fix-seed43,dense_square,3,340,1543568761,timeout,101,25.25,0.20931204370424317,0,0.0,0,0.6097324359053334,14.703767835208685,16.243312507867813,16.80911539999069,88,3.485148514851485,59,2.3366336633663365,53,2.099009900990099,152.5666883591145,9.076425780216786,51,2.01980198019802,0.6063829787234043,0.5638297872340425,0.43564356435643564,0.06000003627075107
bayes_mean-fix-seed43,dense_square,3,341,1543568762,timeout,101,25.25,0.05137379682582022,0,0.0,9,0.45003575035659815,14.458924531936646,15.963491052389145,16.454008214335506,91,3.603960396039604,47,1.8613861386138615,27,1.0693069306930694,109.612610420054,6.6617573658772296,31,1.2277227722772277,0.3617021276595745,0.3191489361702128,0.3465346534653465,0.29970587657663394
bayes_mean-fix-seed43,dense_square,3,342,1543568763,collision,20,5.0,-0.011333488329966723,1,0.25,10,0.3515154250886722,12.69021574407816,14.195891842246056,3.6537232856751993,19,3.8,13,2.6,4,0.8,16.377154471016972,4.482319319370819,3,0.6,0.38461538461538464,0.38461538461538464,0.25,0.38294016098274253
bayes_mean-fix-seed43,dense_square,3,343,1543568764,success,65,16.25,0.21321920945093875,0,0.0,0,0.7957143545544018,14.034557801026564,15.507315099239348,13.437997944615288,44,2.707692307692308,27,1.6615384615384616,8,0.49230769230769234,39.01350062819495,2.9032226964901393,5,0.3076923076923077,0.20689655172413793,0.13793103448275862,0.2153846153846154,0.5770776264879078
bayes_mean-fix-seed43,dense_square,3,344,1543568765,success,65,16.25,0.2150769824144918,0,0.0,0,0.694547205936244,14.337590164863146,15.836697816848755,13.06100003834673,42,2.5846153846153848,16,0.9846153846153847,8,0.49230769230769234,30.048816892794406,2.3006520790576466,7,0.4307692307692308,0.20689655172413793,0.20689655172413793,0.24615384615384617,0.5923026185039749
bayes_mean-fix-seed43,dense_square,3,345,1543568766,success,62,15.5,0.1707111347941721,0,0.0,2,0.7903980441218029,14.40101549510033,16.078542731702328,11.914511171982452,48,3.096774193548387,26,1.6774193548387097,5,0.3225806451612903,32.69405170716267,2.744053132791911,7,0.45161290322580644,0.07272727272727272,0.07272727272727272,0.14516129032258066,0.6510528841729987
bayes_mean-fix-seed43,dense_square,3,346,1543568767,success,67,16.75,0.10521558794933183,0,0.0,1,0.5972504236936682,14.387842768163823,16.11403338611126,13.510064259009551,48,2.8656716417910446,20,1.1940298507462686,11,0.6567164179104478,40.28108588605418,2.981561383706347,14,0.835820895522388,0.13333333333333333,0.08333333333333333,0.1791044776119403,0.574668241448905
bayes_mean-fix-seed43,dense_square,3,347,1543568768,timeout,101,25.25,0.20171332621012228,0,0.0,0,0.367112349349164,14.34592437921184,15.677638351917267,13.087402308425231,100,3.9603960396039604,69,2.732673267326733,76,3.00990099009901,240.7505574073975,18.39559537742722,73,2.891089108910891,0.776595744680851,0.7659574468085106,0.42574257425742573,0.1345242297421625
bayes_mean-fix-seed43,dense_square,3,348,1543568769,timeout,101,25.25,0.23277631218578676,0,0.0,0,0.8463924994599725,14.594051728744319,16.21958613395691,18.74712821214037,86,3.405940594059406,38,1.504950495049505,20,0.7920792079207921,79.94627238097144,4.264454346090159,24,0.9504950495049505,0.2127659574468085,0.20212765957446807,0.22772277227722773,0.3484750631672326
bayes_mean-fix-seed43,dense_square,3,349,1543568770,timeout,101,25.25,0.26962196710574227,0,0.0,0,0.7244195043237341,14.666722663263283,16.350165009498596,12.877993715124727,95,3.762376237623762,46,1.8217821782178218,29,1.1485148514851484,108.11152208920265,8.395059392072048,28,1.108910891089109,0.48936170212765956,0.48936170212765956,0.39603960396039606,0.2956619226386559
bayes_mean-fix-seed43,dense_square,3,350,1543568771,timeout,101,25.25,0.08602326661530058,0,0.0,6,0.41876760872661994,14.854041324688657,16.140412539243698,14.77619211557242,92,3.6435643564356437,42,1.6633663366336633,43,1.702970297029703,129.71677233831912,8.778768665413631,39,1.5445544554455446,0.7446808510638298,0.6702127659574468,0.39603960396039606,0.003762727149874185
bayes_mean-fix-seed43,dense_square,3,351,1543568772,timeout,101,25.25,0.2019300650633391,0,0.0,0,0.9985272674309149,14.644808845944924,15.894055366516113,20.258069235903566,56,2.217821782178218,28,1.108910891089109,10,0.39603960396039606,48.15843742983168,2.377247153666551,11,0.43564356435643564,0.1276595744680851,0.0851063829787234,0.15841584158415842,0.3610993045806846
bayes_mean-fix-seed43,dense_square,3,352,1543568773,success,60,15.0,0.2619626535861327,0,0.0,0,0.9278432727463394,16.04039203375578,16.016441583633423,11.695194611610027,43,2.8666666666666667,22,1.4666666666666666,11,0.7333333333333333,40.629755014650584,3.4740554872269254,3,0.2,0.0,0.0,0.11666666666666667,0.6612499451547172
bayes_mean-fix-seed43,dense_square,3,353,1543568774,timeout,101,25.25,0.18798659747269786,0,0.0,4,0.5076436975933095,14.78056912079896,16.245964914560318,15.453291476675508,93,3.6831683168316833,51,2.01980198019802,40,1.5841584158415842,119.35216404042177,7.723413760787886,23,0.9108910891089109,0.24468085106382978,0.20212765957446807,0.3069306930693069,0.4306069594652883
bayes_mean-fix-seed43,dense_square,3,354,1543568775,timeout,101,25.25,0.0904049332081589,0,0.0,10,0.4683890132607586,15.109152745197315,16.66773483157158,17.005186438674112,87,3.4455445544554455,54,2.1386138613861387,30,1.188118811881188,107.65200845548385,6.33053973525723,27,1.0693069306930694,0.3723404255319149,0.3191489361702128,0.26732673267326734,0.42233058492541015
bayes_mean-fix-seed43,dense_square,3,355,1543568776,success,92,23.0,0.1787385714001234,0,0.0,3,0.4787406824003764,14.932510443031788,16.412134654819965,15.184520239907178,81,3.5217391304347827,37,1.608695652173913,28,1.2173913043478262,96.06616464895873,6.326585439063301,21,0.9130434782608695,0.09411764705882353,0.058823529411764705,0.2608695652173913,0.5113071632750507
bayes_mean-fix-seed43,dense_square,3,356,1543568777,timeout,101,25.25,0.1664183952137811,0,0.0,9,0.42468322214287785,14.917526578549111,16.31844788789749,13.796248185969965,89,3.5247524752475248,44,1.7425742574257426,34,1.3465346534653466,104.06139091902664,7.542731148084986,32,1.2673267326732673,0.7978723404255319,0.7340425531914894,0.3465346534653465,0.050007707211717836
bayes_mean-fix-seed43,dense_square,3,357,1543568778,success,83,20.75,0.08624039857168542,0,0.0,5,0.8553692004324321,14.980264726173447,16.089028120040894,15.867150918083448,67,3.2289156626506026,33,1.5903614457831325,10,0.4819277108433735,55.62374559619594,3.5055912610500704,15,0.7228915662650602,0.21052631578947367,0.13157894736842105,0.20481927710843373,0.4894489166811967
bayes_mean-fix-seed43,dense_square,3,358,1543568779,success,85,21.25,0.11022029422093393,0,0.0,7,0.5989956814912277,14.43915555582327,15.849609673023224,16.299564417172974,56,2.635294117647059,26,1.223529411764706,17,0.8,56.13876302351047,3.4441879296089364,16,0.7529411764705882,0.19230769230769232,0.07692307692307693,0.2235294117647059,0.47493382546381313
bayes_mean-fix-seed43,dense_square,3,359,1543568780,collision,11,2.75,-0.01921966805171349,1,0.25,2,0.6535736166991939,11.621175503188914,12.665653601288795,1.7652929311437529,10,3.6363636363636362,4,1.4545454545454546,5,1.8181818181818181,15.448337808333923,8.751146926263832,3,1.0909090909090908,0.5,0.5,0.2727272727272727,0.26600926044575973
bayes_mean-fix-seed43,dense_square,3,360,1543568781,success,61,15.25,0.1753898167740937,0,0.0,3,0.7003625170428645,14.08367811656389,15.42937383055687,12.590831791054054,46,3.0163934426229506,24,1.5737704918032787,4,0.26229508196721313,27.669401882749845,2.19758331633096,5,0.32786885245901637,0.07407407407407407,0.07407407407407407,0.16393442622950818,0.6144222741582144
bayes_mean-fix-seed43,dense_square,3,361,1543568782,success,66,16.5,0.21133722551150547,0,0.0,0,0.7688521077851456,14.381955462423237,15.842584893107414,11.264231741505858,43,2.606060606060606,22,1.3333333333333333,7,0.42424242424242425,29.461949958194122,2.615531235000631,3,0.18181818181818182,0.03389830508474576,0.0,0.15151515151515152,0.6897765567731869
bayes_mean-fix-seed43,dense_square,3,362,1543568783,success,71,17.75,0.15593015467387084,0,0.0,5,0.6662116742785749,14.356593483350647,15.56512527167797,13.115506789042133,50,2.816901408450704,27,1.5211267605633803,18,1.0140845070422535,55.447365863646695,4.227619012783584,10,0.5633802816901409,0.171875,0.15625,0.2112676056338028,0.5882105017159325
bayes_mean-fix-seed43,dense_square,3,363,1543568784,timeout,101,25.25,0.10079759988545955,0,0.0,9,0.4343086542046947,14.616673093030949,16.247451305389404,16.043082535617014,96,3.801980198019802,46,1.8217821782178218,49,1.9405940594059405,155.831136584362,9.713291459942537,48,1.900990099009901,0.5638297872340425,0.48936170212765956,0.4158415841584158,0.09749352612155174
bayes_mean-fix-seed43,dense_square,3,364,1543568785,timeout,101,25.25,0.19708945493881702,0,0.0,4,0.4313006340483331,14.772179140017764,16.05238765478134,12.232779848352637,84,3.3267326732673266,52,2.0594059405940595,45,1.7821782178217822,135.5474954586299,11.080678074729171,16,0.6336633663366337,0.5319148936170213,0.43617021276595747,0.3069306930693069,0.4342595380981191
bayes_mean-fix-seed43,dense_square,3,365,1543568786,success,73,18.25,0.20066773526306614,0,0.0,0,0.6571819056503421,14.588385463169177,16.025100648403168,16.06839609699103,49,2.684931506849315,30,1.643835616438356,6,0.3287671232876712,29.674765548856886,1.8467783199851406,5,0.273972602739726,0.13636363636363635,0.09090909090909091,0.0958904109589041,0.48196275055341004
bayes_mean-fix-seed43,dense_square,3,366,1543568787,success,98,24.5,0.17626820963744338,0,0.0,2,0.5747591778325907,14.605806988416886,16.114170663058758,16.52736773935721,81,3.306122448979592,33,1.346938775510204,17,0.6938775510204082,72.58592642880153,4.391862489750868,15,0.6122448979591837,0.38461538461538464,0.38461538461538464,0.2653061224489796,0.47186853302198745
bayes_mean-fix-seed43,dense_square,3,367,1543568788,success,78,19.5,0.18966850892164666,0,0.0,1,0.5569637962251272,14.34702010681996,15.890521742403505,14.593723539331952,63,3.230769230769231,43,2.2051282051282053,19,0.9743589743589743,59.7257132729928,4.092561648987276,5,0.2564102564102564,0.14084507042253522,0.1267605633802817,0.23076923076923078,0.5395739331436599
bayes_mean-fix-seed43,dense_square,3,368,1543568789,success,76,19.0,0.14097230841217245,0,0.0,8,0.5521654844992469,14.266331925203925,15.764230862259865,14.952450727046008,49,2.5789473684210527,21,1.105263157894737,4,0.21052631578947367,31.919791984327503,2.1347531964503283,7,0.3684210526315789,0.15942028985507245,0.14492753623188406,0.17105263157894737,0.5178972613690048
bayes_mean-fix-seed43,dense_square,3,369,1543568790,timeout,101,25.25,0.20468323330075633,0,0.0,0,0.5069001022195304,14.698485557985778,16.151323914527893,17.454625883659407,85,3.366336633663366,47,1.8613861386138615,40,1.5841584158415842,117.55300377921091,6.734776474886302,29,1.1485148514851484,0.40425531914893614,0.35106382978723405,0.3465346534653465,0.3460535596130135
bayes_mean-fix-seed43,dense_square,3,370,1543568791,timeout,101,25.25,0.19611356381413014,0,0.0,1,0.6264532781303562,14.84998322949551,16.11267775297165,14.743627765658513,95,3.762376237623762,30,1.188118811881188,35,1.386138613861386,120.76920574451968,8.191281526099056,30,1.188118811881188,0.6063829787234043,0.5957446808510638,0.45544554455445546,0.19482429194972245
bayes_mean-fix-seed43,dense_square,3,371,1543568792,timeout,101,25.25,0.17872783727092234,0,0.0,5,0.5208478358443692,14.410579669298512,15.767093747854233,15.14956484704583,92,3.6435643564356437,42,1.6633663366336633,44,1.7425742574257426,142.55896307002521,9.410102831951919,38,1.504950495049505,0.5319148936170213,0.46808510638297873,0.42574257425742573,0.12624268970909314
bayes_mean-fix-seed43,dense_square,3,372,1543568793,timeout,101,25.25,0.2021437583770208,0,0.0,0,0.6591461691284091,14.696056631827119,16.035664826631546,15.146921490404926,93,3.6831683168316833,23,0.9108910891089109,34,1.3465346534653466,114.96458465479598,7.589963724815122,27,1.0693069306930694,0.6276595744680851,0.5851063829787234,0.46534653465346537,0.17342716236901193
bayes_mean-fix-seed43,dense_square,3,373,1543568794,success,65,16.25,0.17761143529315426,0,0.0,2,0.7187004627358419,14.544797115601027,15.761326253414154,11.460338143427824,49,3.0153846153846153,17,1.0461538461538462,9,0.5538461538461539,38.39147026818564,3.34994219085953,15,0.9230769230769231,0.05172413793103448,0.017241379310344827,0.15384615384615385,0.6765426955347648
bayes_mean-fix-seed43,dense_square,3,374,1543568795,timeout,101,25.25,0.06344124909341864,0,0.0,6,0.6874346490554079,14.605047605415383,16.000788658857346,16.6813685589553,88,3.485148514851485,23,0.9108910891089109,13,0.5148514851485149,91.39610293386778,5.478933134943674,29,1.1485148514851484,0.5957446808510638,0.574468085106383,0.43564356435643564,0.09590659033133997
bayes_mean-fix-seed43,dense_square,3,375,1543568796,timeout,101,25.25,0.20216692039509576,0,0.0,0,0.565819321059088,14.44799925136094,15.569176524877548,13.90371696431258,93,3.6831683168316833,51,2.01980198019802,49,1.9405940594059405,146.1250848522233,10.509785636984011,35,1.386138613861386,0.39361702127659576,0.39361702127659576,0.3069306930693069,0.2770549300519006
bayes_mean-fix-seed43,dense_square,3,376,1543568797,collision,15,3.75,-0.03349177634826184,1,0.25,10,0.13146923482241185,12.256868928670883,13.505952060222626,2.0602271053363075,13,3.466666666666667,5,1.3333333333333333,5,1.3333333333333333,15.269196027757975,7.411414007809329,6,1.6,0.625,0.625,0.3333333333333333,0.3122326090938323
bayes_mean-fix-seed43,dense_square,3,377,1543568798,timeout,101,25.25,0.2035253497914512,0,0.0,0,0.5180328703159602,14.687439814062401,15.886932611465454,16.67237324138722,86,3.405940594059406,47,1.8613861386138615,42,1.6633663366336633,129.87238110808678,7.789675724490966,41,1.6237623762376239,0.10638297872340426,0.07446808510638298,0.3069306930693069,0.36379949674260625
bayes_mean-fix-seed43,dense_square,3,378,1543568799,timeout,101,25.25,0.18007550509049386,0,0.0,3,0.4958282439517685,14.736737908408193,16.120370477437973,14.51762915514558,92,3.6435643564356437,42,1.6633663366336633,28,1.108910891089109,103.77014198460083,7.14787110730273,20,0.7920792079207921,0.6170212765957447,0.6170212765957447,0.49504950495049505,0.2101774532082536
bayes_mean-fix-seed43,dense_square,3,379,1543568800,timeout,101,25.25,0.19274791455107898,0,0.0,5,0.5158498907268827,14.793111767509195,16.111604869365692,13.67847304971687,97,3.8415841584158414,56,2.217821782178218,52,2.0594059405940595,164.45295652248907,12.022756920655928,51,2.01980198019802,0.7340425531914894,0.7340425531914894,0.43564356435643564,0.05528974101265623
bayes_mean-fix-seed43,dense_square,3,380,1543568801,success,69,17.25,0.1562421763825338,0,0.0,2,0.8240474376040637,14.69946857811748,16.171713173389435,13.263405855096188,52,3.0144927536231885,30,1.7391304347826086,17,0.9855072463768116,51.46351538212095,3.8801131432125455,15,0.8695652173913043,0.14516129032258066,0.0967741935483871,0.2028985507246377,0.5864454151332652
bayes_mean-fix-seed43,dense_square,3,381,1543568802,timeout,101,25.25,0.19459426611925945,0,0.0,1,0.7659486251086098,14.939127471482399,17.133619636297226,13.978787258158214,92,3.6435643564356437,60,2.376237623762376,47,1.8613861386138615,140.81359342755695,10.073376955170142,38,1.504950495049505,0.2978723404255319,0.22340425531914893,0.4158415841584158,0.2793489896448828
bayes_mean-fix-seed43,dense_square,3,382,1543568803,success,77,19.25,0.14764425732317643,0,0.0,7,0.6228554963745128,14.648620958452101,16.363737732172012,16.055240540550162,47,2.4415584415584415,24,1.2467532467532467,14,0.7272727272727273,45.645373608728285,2.8430202271615523,14,0.7272727272727273,0.15714285714285714,0.1,0.14285714285714285,0.4833224961549406
bayes_mean-fix-seed43,dense_square,3,383,1543568804,timeout,101,25.25,0.1895424563728274,0,0.0,1,0.6015270325104959,14.606258878023317,16.239114105701447,17.393496265541526,80,3.1683168316831685,44,1.7425742574257426,41,1.6237623762376239,119.23493813919653,6.855144952968103,16,0.6336633663366337,0.010638297872340425,0.010638297872340425,0.26732673267326734,0.3613246399162798
bayes_mean-fix-seed43,dense_square,3,384,1543568805,success,75,18.75,0.15794207848609043,0,0.0,2,0.664797895114344,14.457144290208817,15.825947374105453,11.92305490394898,59,3.1466666666666665,30,1.6,20,1.0666666666666667,64.17430271708024,5.382370813022539,7,0.37333333333333335,0.17647058823529413,0.1323529411764706,0.18666666666666668,0.6525677421559677
bayes_mean-fix-seed43,dense_square,3,385,1543568806,success,59,14.75,0.12368096636605064,0,0.0,5,0.6224906628662834,14.086435912019116,16.079774126410484,11.334400633450398,36,2.440677966101695,12,0.8135593220338984,2,0.13559322033898305,17.612915353372696,1.5539344269685482,3,0.2033898305084746,0.09615384615384616,0.038461538461538464,0.13559322033898305,0.6870814393277858
bayes_mean-fix-seed43,dense_square,3,386,1543568807,timeout,101,25.25,0.14243083234245968,0,0.0,3,0.7009719541933918,14.61386581016059,16.534075140953064,18.69281325673366,77,3.0495049504950495,41,1.6237623762376239,17,0.6732673267326733,68.50736498043284,3.664903941398688,18,0.7128712871287128,0.3191489361702128,0.2553191489361702,0.26732673267326734,0.4013307730615096
bayes_mean-fix-seed43,dense_square,3,387,1543568808,timeout,101,25.25,0.13593585892930238,0,0.0,9,0.5357882119379432,14.587673441608354,16.010720282793045,15.318430991352002,95,3.762376237623762,55,2.1782178217821784,48,1.900990099009901,135.08205156747198,8.818269419611731,25,0.9900990099009901,0.5638297872340425,0.48936170212765956,0.33663366336633666,0.1586605601678467
bayes_mean-fix-seed43,dense_square,3,388,1543568809,timeout,101,25.25,0.18429020780275363,0,0.0,5,0.6064330957134798,14.603881036291028,16.06515422463417,16.591286466622062,89,3.5247524752475248,46,1.8217821782178218,30,1.188118811881188,110.97772887470502,6.688916444060396,26,1.0297029702970297,0.2553191489361702,0.0851063829787234,0.36633663366336633,0.3394496377822073
bayes_mean-fix-seed43,dense_square,3,389,1543568810,success,58,14.5,0.11993984999608309,0,0.0,3,0.6974622615404926,14.015505218814159,15.764013677835464,11.584948730733645,44,3.0344827586206895,23,1.5862068965517242,4,0.27586206896551724,28.265851798554227,2.4398771591943182,9,0.6206896551724138,0.09803921568627451,0.09803921568627451,0.1206896551724138,0.6690222212384939
bayes_mean-fix-seed43,dense_square,3,390,1543568811,timeout,101,25.25,0.1594320199910222,0,0.0,5,0.41341880575292345,14.637685611401453,15.853893011808395,15.010634871393583,98,3.881188118811881,58,2.297029702970297,46,1.8217821782178218,149.2223618271397,9.94110929388598,47,1.8613861386138615,0.3404255319148936,0.2872340425531915,0.3564356435643564,0.20274034996742607
bayes_mean-fix-seed43,dense_square,3,391,1543568812,success,47,11.75,0.3411481056862852,0,0.0,0,1.1894353570269935,14.23109473383173,16.125591471791267,10.88217437869629,23,1.9574468085106382,14,1.1914893617021276,3,0.2553191489361702,14.114412231360177,1.2970213249836855,1,0.0851063829787234,0.075,0.075,0.1276595744680851,0.7132584313290936
bayes_mean-fix-seed43,dense_square,3,392,1543568813,timeout,101,25.25,0.18344901653441004,0,0.0,1,0.7984079585127407,14.676285335923186,15.947774052619934,14.507883978745582,96,3.801980198019802,57,2.257425742574257,51,2.01980198019802,153.05986511534007,10.550116429079296,26,1.0297029702970297,0.32978723404255317,0.2978723404255319,0.44554455445544555,0.29988065493969995
bayes_mean-fix-seed43,dense_square,3,393,1543568814,timeout,101,25.25,0.22586042719157462,0,0.0,0,0.5906094060977751,14.606083420538667,16.19107648730278,14.275977588091507,89,3.5247524752475248,49,1.9405940594059405,46,1.8217821782178218,135.62029252412623,9.499895309254034,33,1.306930693069307,0.6276595744680851,0.5212765957446809,0.45544554455445546,0.05458489478540432
bayes_mean-fix-seed43,dense_square,3,394,1543568815,success,56,14.0,0.14182421366689058,0,0.0,5,0.5818911950174638,14.020538755825587,15.609354712069035,11.431888578639535,44,3.142857142857143,18,1.2857142857142858,3,0.21428571428571427,20.145457182009864,1.7622160191144285,1,0.07142857142857142,0.02040816326530612,0.02040816326530612,0.07142857142857142,0.6797465159650758
bayes_mean-fix-seed43,dense_square,3,395,1543568816,timeout,101,25.25,0.1748969554138201,0,0.0,2,0.5749907221378304,14.700780115505257,16.08617976307869,15.041166392070743,87,3.4455445544554455,41,1.6237623762376239,32,1.2673267326732673,108.81377206297155,7.234397202090321,20,0.7920792079207921,0.5851063829787234,0.5106382978723404,0.4752475247524752,0.18483317841450178
bayes_mean-fix-seed43,dense_square,3,396,1543568817,timeout,101,25.25,0.01094436422542,0,0.0,14,0.7543490030810144,14.462284448713358,16.19914546608925,19.24581893739359,69,2.732673267326733,35,1.386138613861386,18,0.7128712871287128,69.53899627695671,3.613200171069166,20,0.7920792079207921,0.11702127659574468,0.031914893617021274,0.2079207920792079,0.34536378690824465
bayes_mean-fix-seed43,dense_square,3,397,1543568818,timeout,101,25.25,0.1878679816934653,0,0.0,4,0.5817202727365702,14.733783531897139,16.232416033744812,14.774937292684358,88,3.485148514851485,49,1.9405940594059405,23,0.9108910891089109,83.47394915121008,5.649699047625823,21,0.8316831683168316,0.4148936170212766,0.35106382978723405,0.2871287128712871,0.24424050513714707
bayes_mean-fix-seed43,dense_square,3,398,1543568819,success,70,17.5,0.07242989645204978,0,0.0,7,0.8507704468137034,14.235325370516096,15.753628499805927,14.060469423309154,52,2.9714285714285715,28,1.6,10,0.5714285714285714,43.337628058145,3.0822319478395777,9,0.5142857142857142,0.2222222222222222,0.20634920634920634,0.18571428571428572,0.5501599249724477
bayes_mean-fix-seed43,dense_square,3,399,1543568820,timeout,101,25.25,0.2711072994817506,0,0.0,0,0.9747865477371763,14.723908709417476,15.924397855997086,19.847677198790635,79,3.128712871287129,28,1.108910891089109,14,0.5544554455445545,56.91525941126174,2.8676030369301713,17,0.6732673267326733,0.32978723404255317,0.30851063829787234,0.27722772277227725,0.35641748663353257
bayes_mean-fix-seed43,dense_square,3,400,1543568821,timeout,101,25.25,0.10222865779935786,0,0.0,4,0.4818837651204188,14.476309613426134,15.641439706087112,14.167440971109233,94,3.722772277227723,68,2.6930693069306932,50,1.9801980198019802,149.55631086476484,10.556339085495084,56,2.217821782178218,0.6808510638297872,0.648936170212766,0.504950495049505,0.0
bayes_mean-fix-seed43,dense_square,3,401,1543568822,timeout,101,25.25,0.2019382805812211,0,0.0,0,0.52013845147209,14.55650061811551,15.988070517778397,16.75233494891956,96,3.801980198019802,46,1.8217821782178218,32,1.2673267326732673,123.98829937069982,7.401254795152984,46,1.8217821782178218,0.4574468085106383,0.3617021276595745,0.38613861386138615,0.12445233161138888
bayes_mean-fix-seed43,dense_square,3,402,1543568823,success,60,15.0,0.2344679288619248,0,0.0,0,0.6833176259372772,14.453496101001898,16.400086507201195,12.50951844111448,34,2.2666666666666666,13,0.8666666666666667,3,0.2,18.67341555334742,1.4927365622624076,3,0.2,0.05660377358490566,0.0,0.06666666666666667,0.6199275240557522
bayes_mean-fix-seed43,dense_square,3,403,1543568824,timeout,101,25.25,0.18047879733394045,0,0.0,2,0.690625405421765,14.921179723621595,16.73971116542816,15.995958908065543,88,3.485148514851485,49,1.9405940594059405,43,1.702970297029703,129.62145885873647,8.103387837122929,35,1.386138613861386,0.010638297872340425,0.010638297872340425,0.25742574257425743,0.43283745999653583
bayes_mean-fix-seed43,dense_square,3,404,1543568825,success,66,16.5,0.1770786683161033,0,0.0,1,0.6461298083914352,13.99890197948976,15.239188447594643,13.202016379359709,44,2.6666666666666665,22,1.3333333333333333,4,0.24242424242424243,24.927475356624274,1.8881566754905998,3,0.18181818181818182,0.15254237288135594,0.15254237288135594,0.16666666666666666,0.5910583082499563
bayes_mean-fix-seed43,dense_square,3,405,1543568826,success,64,16.0,0.1459347233898749,0,0.0,4,0.5755920349467001,14.178228564560413,15.72860386222601,12.113358840651689,47,2.9375,21,1.3125,1,0.0625,20.250583889028743,1.6717562944696254,3,0.1875,0.15789473684210525,0.07017543859649122,0.109375,0.6430317576214791
bayes_mean-fix-seed43,dense_square,3,406,1543568827,success,91,22.75,0.19830546495165424,0,0.0,1,0.5510363206684529,14.430064953617997,15.609221532940865,15.155387907465801,79,3.4725274725274726,51,2.241758241758242,37,1.6263736263736264,118.76506429176392,7.836491221267799,22,0.967032967032967,0.15476190476190477,0.15476190476190477,0.25274725274725274,0.5117321044512521
bayes_mean-fix-seed43,dense_square,3,407,1543568828,timeout,101,25.25,0.09704000258021406,0,0.0,8,0.6951122133775118,14.33263973581909,15.779774636030197,14.884690451435114,82,3.2475247524752477,19,0.7524752475247525,36,1.4257425742574257,122.74707410746657,8.246531864935886,36,1.4257425742574257,0.648936170212766,0.5425531914893617,0.5445544554455446,0.19369143360109242
bayes_mean-fix-seed43,dense_square,3,408,1543568829,success,87,21.75,0.24295961970886593,0,0.0,0,0.5982899605650065,16.51963801390823,16.883520036935806,15.385788994476984,66,3.0344827586206895,26,1.1954022988505748,16,0.735632183908046,64.85615807947259,4.215328710328337,19,0.8735632183908046,0.175,0.075,0.22988505747126436,0.5012121416026714
bayes_mean-fix-seed43,dense_square,3,409,1543568830,success,93,23.25,0.15913659542183956,0,0.0,6,0.6127086059819749,14.818364814404518,15.95185324549675,15.152712271209925,81,3.4838709677419355,53,2.2795698924731185,34,1.4623655913978495,110.90106871604634,7.318892270313731,21,0.9032258064516129,0.18604651162790697,0.1744186046511628,0.3010752688172043,0.5125843190009531
bayes_mean-fix-seed43,dense_square,3,410,1543568831,success,72,18.0,0.20407033076661696,0,0.0,0,0.6095628418680187,14.44624788645241,15.591979585587978,12.666409677550375,60,3.3333333333333335,34,1.8888888888888888,16,0.8888888888888888,59.70292566813417,4.713484498606588,25,1.3888888888888888,0.18461538461538463,0.16923076923076924,0.16666666666666666,0.6121989829060704
bayes_mean-fix-seed43,dense_square,3,411,1543568832,timeout,101,25.25,0.15483832873205594,0,0.0,31,0.30805210512999326,14.69800101205854,15.90234786272049,16.24062514319136,84,3.3267326732673266,51,2.01980198019802,53,2.099009900990099,162.43285279898146,10.001637952162145,18,0.7128712871287128,0.5106382978723404,0.4787234042553192,0.3465346534653465,0.2095410054995019
bayes_mean-fix-seed43,dense_square,3,412,1543568833,success,42,10.5,0.24151811216818753,0,0.0,0,0.8201196037289067,13.55536219974359,14.606263116002083,10.112315056571052,20,1.9047619047619047,12,1.1428571428571428,0,0.0,8.183357329043991,0.8092466743039606,3,0.2857142857142857,0.0,0.0,0.047619047619047616,0.7688227701867603
bayes_mean-fix-seed43,dense_square,3,413,1543568834,success,98,24.5,0.20298849525658924,0,0.0,0,0.5247245593674109,14.470872222160807,15.92759508639574,16.347821699656073,75,3.061224489795918,52,2.122448979591837,40,1.6326530612244898,126.26281805016349,7.72352551733665,26,1.0612244897959184,0.3516483516483517,0.34065934065934067,0.2857142857142857,0.4755009879140767
bayes_mean-fix-seed43,dense_square,3,414,1543568835,timeout,101,25.25,0.10893820919845665,0,0.0,8,0.5603440934083576,14.320734371938327,15.493836253881454,15.498064440875241,92,3.6435643564356437,52,2.0594059405940595,38,1.504950495049505,130.41046633133382,8.414629247984273,24,0.9504950495049505,0.5319148936170213,0.4574468085106383,0.36633663366336633,0.21922747336921342
bayes_mean-fix-seed43,dense_square,3,415,1543568836,timeout,101,25.25,0.17508492192061553,0,0.0,5,0.4828474312307554,14.52060416340828,15.668794512748718,16.046642234167635,93,3.6831683168316833,47,1.8613861386138615,45,1.7821782178217822,139.8377522356114,8.714455659630714,26,1.0297029702970297,0.425531914893617,0.425531914893617,0.39603960396039606,0.2970030573195731
bayes_mean-fix-seed43,dense_square,3,416,1543568837,success,54,13.5,0.20208091727521715,0,0.0,0,0.8809192578494566,14.341489998278794,15.94268660992384,10.718592777797525,34,2.5185185185185186,15,1.1111111111111112,7,0.5185185185185185,22.129894520212687,2.0646268571796584,6,0.4444444444444444,0.23404255319148937,0.1702127659574468,0.16666666666666666,0.7335331915506308
bayes_mean-fix-seed43,dense_square,3,417,1543568838,success,61,15.25,0.17960877602397307,0,0.0,2,0.5770006715586558,14.29624678414376,15.765711665153503,12.329917013051004,41,2.6885245901639343,23,1.5081967213114753,8,0.5245901639344263,33.59249080599006,2.7244701461034158,5,0.32786885245901637,0.12962962962962962,0.12962962962962962,0.18032786885245902,0.6268784751806801
bayes_mean-fix-seed43,dense_square,3,418,1543568839,success,62,15.5,0.15864584010037586,0,0.0,9,0.43395869031434336,14.11720996181811,15.453978814184666,11.706668319584905,48,3.096774193548387,24,1.5483870967741935,5,0.3225806451612903,27.613488175584422,2.3587828254592202,9,0.5806451612903226,0.10909090909090909,0.10909090909090909,0.11290322580645161,0.6654084135250432
bayes_mean-fix-seed43,dense_square,3,419,1543568840,timeout,101,25.25,0.01678592450686034,0,0.0,7,0.5278631488124262,14.344290193944875,16.07505977153778,16.722681635456198,90,3.5643564356435644,59,2.3366336633663365,35,1.386138613861386,122.19629095948933,7.307218640125465,36,1.4257425742574257,0.32978723404255317,0.2127659574468085,0.32673267326732675,0.2779329846458227
bayes_mean-fix-seed43,dense_square,3,420,1543568841,collision,6,1.5,-0.015363033108613533,1,0.25,3,0.3308645963067196,11.380849406123161,12.217465788125992,1.1152701125423459,5,3.3333333333333335,1,0.6666666666666666,1,0.6666666666666666,5.907276049487952,5.296722276562986,1,0.6666666666666666,0.0,0.0,0.16666666666666666,0.22064138805707187
bayes_mean-fix-seed43,dense_square,3,421,1543568842,success,85,21.25,0.03253108394132753,0,0.0,3,0.8984626749190001,14.562829145613838,16.111843287944794,15.379678282885612,74,3.4823529411764707,42,1.9764705882352942,15,0.7058823529411765,68.4636606092582,4.4515664989848345,8,0.3764705882352941,0.24358974358974358,0.20512820512820512,0.2823529411764706,0.5047681590507447
bayes_mean-fix-seed43,dense_square,3,422,1543568843,timeout,101,25.25,0.21883288946445079,0,0.0,0,0.47818782718908376,14.509096335951645,16.08411967754364,15.652897117901908,90,3.5643564356435644,31,1.2277227722772277,32,1.2673267326732673,109.25822463890539,6.980064062003508,27,1.0693069306930694,0.46808510638297873,0.3829787234042553,0.43564356435643564,0.27149063868165046
bayes_mean-fix-seed43,dense_square,3,423,1543568844,collision,21,5.25,-0.03890272179062204,1,0.25,3,0.3726502653461564,13.008225886594682,15.5266635119915,3.126190670567589,20,3.8095238095238093,9,1.7142857142857142,4,0.7619047619047619,18.735901717342212,5.993205051034375,3,0.5714285714285714,0.5714285714285714,0.5714285714285714,0.2857142857142857,0.15742890277869218
bayes_mean-fix-seed43,dense_square,3,424,1543568845,timeout,101,25.25,0.06837217285090835,0,0.0,7,0.6192878050915058,14.661729114480538,15.96193015575409,17.9295296304253,93,3.6831683168316833,71,2.8118811881188117,30,1.188118811881188,111.222713541399,6.20332578901908,27,1.0693069306930694,0.35106382978723405,0.32978723404255317,0.2871287128712871,0.2074731074260414
bayes_mean-fix-seed43,dense_square,3,425,1543568846,timeout,101,25.25,0.12800225933717824,0,0.0,2,0.5190650168269801,14.634740492790053,16.065239906311035,15.42326518092499,88,3.485148514851485,59,2.3366336633663365,44,1.7425742574257426,132.89518093297502,8.616539972180185,26,1.0297029702970297,0.32978723404255317,0.22340425531914893,0.38613861386138615,0.29872789651164
bayes_mean-fix-seed43,dense_square,3,426,1543568847,timeout,101,25.25,0.09595462161426549,0,0.0,5,0.5050102422437102,14.763708309371873,16.353435814380646,15.177681768193498,97,3.8415841584158414,40,1.5841584158415842,30,1.188118811881188,109.56426459933455,7.218774663528558,35,1.386138613861386,0.5957446808510638,0.5425531914893617,0.43564356435643564,0.04574324126062533
bayes_mean-fix-seed43,dense_square,3,427,1543568848,success,68,17.0,0.07557821840848855,0,0.0,3,0.7545143346890797,14.708831139347133,16.29467736929655,13.456074640841555,54,3.176470588235294,32,1.8823529411764706,12,0.7058823529411765,39.82261861003039,2.959452862215979,6,0.35294117647058826,0.09836065573770492,0.06557377049180328,0.22058823529411764,0.5843559552781543
bayes_mean-fix-seed43,dense_square,3,428,1543568849,timeout,101,25.25,0.15913247315513623,0,0.0,4,0.6022605714004126,14.652264996035264,15.975866466760635,16.81318258887278,90,3.5643564356435644,44,1.7425742574257426,30,1.188118811881188,104.6014863324152,6.221397155446468,35,1.386138613861386,0.6063829787234043,0.48936170212765956,0.40594059405940597,0.08918803781245693
bayes_mean-fix-seed43,dense_square,3,429,1543568850,timeout,101,25.25,0.17957063295172615,0,0.0,2,0.9697371609950275,14.677832511687043,16.172386705875397,19.344332680342998,76,3.00990099009901,36,1.4257425742574257,17,0.6732673267326733,67.02464171015174,3.464820566194032,20,0.7920792079207921,0.19148936170212766,0.11702127659574468,0.19801980198019803,0.3496762617627252
bayes_mean-fix-seed43,dense_square,3,430,1543568851,timeout,101,25.25,0.18621961250622565,0,0.0,15,0.31693099184186635,14.616970636762014,15.89905470609665,14.947683418096856,95,3.762376237623762,55,2.1782178217821784,64,2.5346534653465347,185.69261279486034,12.422835539187702,63,2.495049504950495,0.7340425531914894,0.723404255319149,0.43564356435643564,0.10506822857066948
bayes_mean-fix-seed43,dense_square,3,431,1543568852,timeout,101,25.25,0.1366299432874839,0,0.0,5,1.2737618041570886,14.650318439644161,15.720490366220474,18.986226995116986,79,3.128712871287129,28,1.108910891089109,16,0.6336633663366337,62.83167534280724,3.3093291973685313,11,0.43564356435643564,0.24468085106382978,0.14893617021276595,0.24752475247524752,0.3588793526080857
bayes_mean-fix-seed43,dense_square,3,432,1543568853,timeout,101,25.25,0.20979983098498312,0,0.0,0,0.5682869267563839,14.80039190685395,16.082406044006348,15.729779458262088,94,3.722772277227723,51,2.01980198019802,44,1.7425742574257426,136.4840157362007,8.67679143870719,32,1.2673267326732673,0.18085106382978725,0.18085106382978725,0.3069306930693069,0.41345317892759625
bayes_mean-fix-seed43,dense_square,3,433,1543568854,timeout,101,25.25,0.21167337459559155,0,0.0,0,0.4896280494529416,14.810191153889836,16.376793384552002,12.802840635549876,99,3.9207920792079207,60,2.376237623762376,51,2.01980198019802,162.6310108518917,12.702728674159331,46,1.8217821782178218,0.4148936170212766,0.4148936170212766,0.297029702970297,0.265484478069462
bayes_mean-fix-seed43,dense_square,3,434,1543568855,success,79,19.75,0.10806388141568879,0,0.0,4,0.8141464773404793,14.468304294196866,15.88889919221401,16.254958658223117,58,2.9367088607594938,34,1.7215189873417722,12,0.6075949367088608,46.472557138028186,2.8589772582730304,12,0.6075949367088608,0.20833333333333334,0.125,0.22784810126582278,0.4775371206662443
bayes_mean-fix-seed43,dense_square,3,435,1543568856,timeout,101,25.25,0.04711894505575753,0,0.0,12,0.5031567559303096,14.49996653464761,16.27638190984726,19.349077363250544,81,3.207920792079208,42,1.6633663366336633,18,0.7128712871287128,70.49373593099222,3.64326084430672,14,0.5544554455445545,0.3404255319148936,0.2553191489361702,0.2871287128712871,0.37509123641567543
bayes_mean-fix-seed43,dense_square,3,436,1543568857,timeout,101,25.25,0.1836258642513957,0,0.0,1,0.5633100090568226,14.429659499685362,15.82825556397438,16.30664064802559,89,3.5247524752475248,58,2.297029702970297,50,1.9801980198019802,161.70084238994758,9.91625717891357,36,1.4257425742574257,0.32978723404255317,0.32978723404255317,0.3069306930693069,0.3902543647223886
bayes_mean-fix-seed43,dense_square,3,437,1543568858,success,63,15.75,0.1603075631745977,0,0.0,4,0.7547858271681438,14.311802470021778,16.32801443338394,12.314476553971769,40,2.5396825396825395,20,1.2698412698412698,7,0.4444444444444444,34.44278864258652,2.7969348507531766,11,0.6984126984126984,0.14285714285714285,0.14285714285714285,0.14285714285714285,0.6278431706698036
bayes_mean-fix-seed43,dense_square,3,438,1543568859,success,93,23.25,0.1998569252868948,0,0.0,1,0.5007139025308833,15.852469870800613,16.479799151420593,15.569944687224986,82,3.5268817204301075,46,1.978494623655914,28,1.2043010752688172,97.97030440219167,6.292270548820608,21,0.9032258064516129,0.18604651162790697,0.13953488372093023,0.3118279569892473,0.49504589757619816
bayes_mean-fix-seed43,dense_square,3,439,1543568860,success,64,16.0,0.005330557424722437,0,0.0,8,0.8819612518458453,14.301921881269664,15.748317912220953,13.299501503397934,47,2.9375,26,1.625,3,0.1875,26.264252465628367,1.9748298429770488,8,0.5,0.03508771929824561,0.0,0.09375,0.5852480191948094
bayes_mean-fix-seed43,dense_square,3,440,1543568861,collision,9,2.25,-0.03762809219732954,1,0.25,6,0.14519123771112413,11.931829154491425,13.361149281263351,1.8067306898720756,8,3.5555555555555554,4,1.7777777777777777,0,0.0,4.185838814974083,2.3168028519349826,0,0.0,0.5,0.5,0.4444444444444444,0.0
bayes_mean-fix-seed43,dense_square,3,441,1543568862,timeout,101,25.25,0.18790058282983213,0,0.0,4,0.4674194528080765,14.586830825203716,16.067136079072952,16.96450390345261,80,3.1683168316831685,37,1.4653465346534653,23,0.9108910891089109,84.70469402423133,4.993054586582533,16,0.6336633663366337,0.26595744680851063,0.11702127659574468,0.2871287128712871,0.388227383940227
bayes_mean-fix-seed43,dense_square,3,442,1543568863,success,67,16.75,0.19045367373973798,0,0.0,2,0.40252091672119567,14.58801128971043,15.982141718268394,13.717937741317016,45,2.6865671641791047,22,1.3134328358208955,5,0.29850746268656714,29.96392938287587,2.1842881887871237,11,0.6567164179104478,0.06666666666666667,0.06666666666666667,0.11940298507462686,0.5623083243589923
bayes_mean-fix-seed43,dense_square,3,443,1543568864,timeout,101,25.25,0.21903004604598741,0,0.0,0,0.5565746831023726,14.32526185370908,15.539340674877167,18.95690856076114,78,3.089108910891089,34,1.3465346534653466,28,1.108910891089109,96.0280465998689,5.065596338774199,24,0.9504950495049505,0.23404255319148937,0.18085106382978725,0.297029702970297,0.3828190670777956
bayes_mean-fix-seed43,dense_square,3,444,1543568865,timeout,101,25.25,0.17373435366619383,0,0.0,3,0.40580969401252875,14.635506832953727,16.046904027462006,15.92990170180339,90,3.5643564356435644,40,1.5841584158415842,25,0.9900990099009901,99.61096451054857,6.253080927628814,28,1.108910891089109,0.6276595744680851,0.5106382978723404,0.44554455445544555,0.06521134043906135
bayes_mean-fix-seed43,dense_square,3,445,1543568866,success,78,19.5,0.17828301616125375,0,0.0,6,0.6009816559288012,14.400792427552052,16.07936192303896,13.957101758204315,65,3.3333333333333335,39,2.0,13,0.6666666666666666,55.37367630143316,3.967419401301076,16,0.8205128205128205,0.1267605633802817,0.09859154929577464,0.19230769230769232,0.553371027200274
bayes_mean-fix-seed43,dense_square,3,446,1543568867,timeout,101,25.25,0.17513257594131604,0,0.0,1,0.4380581521308069,14.645714829168698,15.99075272679329,15.63633176715941,85,3.366336633663366,46,1.8217821782178218,27,1.0693069306930694,103.90240225203638,6.6449346176102475,20,0.7920792079207921,0.23404255319148937,0.1702127659574468,0.31683168316831684,0.3675442091624847
bayes_mean-fix-seed43,dense_square,3,447,1543568868,timeout,101,25.25,0.17772376210461416,0,0.0,8,0.3633900542437895,14.699949560189012,16.117975115776062,16.12062584013428,90,3.5643564356435644,55,2.1782178217821784,52,2.0594059405940595,148.2859137390045,9.198520901702743,28,1.108910891089109,0.5638297872340425,0.46808510638297873,0.42574257425742573,0.16883341048234313
bayes_mean-fix-seed43,dense_square,3,448,1543568869,success,78,19.5,0.16840371768700158,0,0.0,1,0.6682684172065465,14.300487887782928,15.931946039199829,14.292105220532273,63,3.230769230769231,31,1.5897435897435896,17,0.8717948717948718,60.47973880095843,4.23168860484404,12,0.6153846153846154,0.19718309859154928,0.19718309859154928,0.20512820512820512,0.5425091612004358
bayes_mean-fix-seed43,dense_square,3,449,1543568870,success,56,14.0,0.21234758034186796,0,0.0,0,0.78186384597491,14.385417303336519,16.0007169470191,11.109980670730566,40,2.857142857142857,19,1.3571428571428572,4,0.2857142857142857,22.342302141106693,2.011011792303822,4,0.2857142857142857,0.0,0.0,0.10714285714285714,0.6936194977757245
bayes_mean-fix-seed43,dense_square,3,450,1543568871,success,83,20.75,0.2048350019546349,0,0.0,0,0.7679343582415363,14.844933592052344,16.252553835511208,15.603896555715167,67,3.2289156626506026,47,2.2650602409638556,21,1.0120481927710843,68.97073044972926,4.420096621601075,5,0.24096385542168675,0.17105263157894737,0.17105263157894737,0.26506024096385544,0.5024765908993607
bayes_mean-fix-seed43,dense_square,3,451,1543568872,success,75,18.75,0.2066524083679121,0,0.0,0,0.8550436560617347,14.929540753364563,18.831823393702507,14.265749586147166,60,3.2,36,1.92,22,1.1733333333333333,66.56799239610744,4.6662807302287606,13,0.6933333333333334,0.11764705882352941,0.08823529411764706,0.21333333333333335,0.5475113368371364
bayes_mean-fix-seed43,dense_square,3,452,1543568873,success,62,15.5,0.21260507150577534,0,0.0,0,0.8120075826281342,14.270826753589414,15.723203495144844,12.398441309210472,45,2.903225806451613,18,1.1612903225806452,4,0.25806451612903225,25.811216222781923,2.081811380887649,4,0.25806451612903225,0.12727272727272726,0.07272727272727272,0.1774193548387097,0.6246575293144114
bayes_mean-fix-seed43,dense_square,3,453,1543568874,success,55,13.75,0.12605224842091245,0,0.0,11,0.7650171365919,14.001219313253056,15.380949527025223,11.1148195836389,35,2.5454545454545454,17,1.2363636363636363,5,0.36363636363636365,27.487224783117266,2.473024827463567,5,0.36363636363636365,0.0,0.0,0.07272727272727272,0.6991835764957876
bayes_mean-fix-seed43,dense_square,3,454,1543568875,success,57,14.25,0.16921529539782465,0,0.0,2,0.7949597606824209,13.951287000325689,15.569104999303818,11.988534101163882,35,2.456140350877193,14,0.9824561403508771,5,0.3508771929824561,22.751143913141995,1.8977419358496255,5,0.3508771929824561,0.12,0.08,0.12280701754385964,0.6506384816945007
bayes_mean-fix-seed43,dense_square,3,455,1543568876,success,92,23.0,0.10539782830194622,0,0.0,4,0.8479049943651258,14.365354188434456,16.000724397599697,15.494876528489176,75,3.260869565217391,31,1.3478260869565217,13,0.5652173913043478,60.45260362556591,3.9014575891854704,19,0.8260869565217391,0.35294117647058826,0.2823529411764706,0.20652173913043478,0.5005292434020943
bayes_mean-fix-seed43,dense_square,3,456,1543568877,timeout,101,25.25,0.16447315015459196,0,0.0,3,0.5661372083386514,14.265193354965437,15.88195189833641,17.15264304525764,91,3.603960396039604,42,1.6633663366336633,39,1.5445544554455446,127.39576679196344,7.427179966132729,41,1.6237623762376239,0.26595744680851063,0.26595744680851063,0.3465346534653465,0.3222780577423669
bayes_mean-fix-seed43,dense_square,3,457,1543568878,timeout,101,25.25,0.17717373033028772,0,0.0,2,1.3344474852378563,14.446792884333298,15.684366226196289,19.494122067252874,71,2.8118811881188117,29,1.1485148514851484,14,0.5544554455445545,62.076036448683986,3.1843463498652333,17,0.6732673267326733,0.24468085106382978,0.09574468085106383,0.27722772277227725,0.3767143156813525
bayes_mean-fix-seed43,dense_square,3,458,1543568879,timeout,101,25.25,0.18885407877650862,0,0.0,7,0.35398668682829837,14.44965099344159,16.221828758716583,14.19285860842226,94,3.722772277227723,44,1.7425742574257426,34,1.3465346534653466,107.7446761810021,7.591471116119255,25,0.9900990099009901,0.723404255319149,0.648936170212766,0.4158415841584158,0.03502867766183993
bayes_mean-fix-seed43,dense_square,3,459,1543568880,collision,15,3.75,-0.03528379726916586,1,0.25,2,0.3881776364359774,12.449668099482855,13.230912387371063,1.951203232358568,14,3.7333333333333334,10,2.6666666666666665,7,1.8666666666666667,20.739595507163514,10.629131380688616,2,0.5333333333333333,1.0,1.0,0.6666666666666666,0.0
bayes_mean-fix-seed43,dense_square,3,460,1543568881,success,49,12.25,0.20177315502752324,0,0.0,0,0.8303334182405426,14.108456443158948,15.729337185621262,11.462987619266604,24,1.9591836734693877,14,1.1428571428571428,2,0.16326530612244897,13.041728158734958,1.1377250496907856,1,0.08163265306122448,0.047619047619047616,0.047619047619047616,0.10204081632653061,0.6767352574128765
bayes_mean-fix-seed43,dense_square,3,461,1543568882,timeout,101,25.25,0.23602413043307835,0,0.0,0,0.6149518776478411,14.5225388431313,16.137633472681046,15.18048213505549,99,3.9207920792079207,50,1.9801980198019802,34,1.3465346534653466,126.54258175249556,8.335873697995233,38,1.504950495049505,0.3829787234042553,0.3617021276595745,0.3564356435643564,0.29195003458868646
bayes_mean-fix-seed43,dense_square,3,462,1543568883,timeout,101,25.25,0.17533132441060206,0,0.0,3,0.524388512360594,14.326359560289005,15.68879559636116,15.621223815439611,96,3.801980198019802,66,2.613861386138614,50,1.9801980198019802,151.27562099077332,9.683980127168809,37,1.4653465346534653,0.5319148936170213,0.5319148936170213,0.40594059405940597,0.1490381712892571
bayes_mean-fix-seed43,dense_square,3,463,1543568884,timeout,101,25.25,0.20723889268932272,0,0.0,0,0.7136034692456907,14.707496039348074,16.37498289346695,13.782747808814905,93,3.6831683168316833,56,2.217821782178218,31,1.2277227722772277,105.56775767048092,7.659412994770456,23,0.9108910891089109,0.5319148936170213,0.3829787234042553,0.36633663366336633,0.23207230178879373
bayes_mean-fix-seed43,dense_square,3,464,1543568885,success,73,18.25,0.1310113393795196,0,0.0,3,0.7349737421404312,14.653291808415766,16.08777940273285,13.284952994117187,55,3.0136986301369864,30,1.643835616438356,10,0.547945205479452,45.767951401785254,3.4450969771629687,7,0.3835616438356164,0.07575757575757576,0.07575757575757576,0.1780821917808219,0.5837016293636291
bayes_mean-fix-seed43,dense_square,3,465,1543568886,timeout,101,25.25,0.15432084980259642,0,0.0,2,0.5298900234404007,14.520175386183332,16.13757386803627,16.146300901888157,93,3.6831683168316833,54,2.1386138613861387,37,1.4653465346534653,127.07690982858404,7.87034198116075,31,1.2277227722772277,0.2127659574468085,0.19148936170212766,0.297029702970297,0.4126883265384259
bayes_mean-fix-seed43,dense_square,3,466,1543568887,timeout,101,25.25,0.15173753450879157,0,0.0,6,0.2961817806271081,14.78158188338327,16.343381255865097,15.113728251174516,85,3.366336633663366,50,1.9801980198019802,45,1.7821782178217822,143.48808265348956,9.493890605207808,27,1.0693069306930694,0.6170212765957447,0.5957446808510638,0.4752475247524752,0.2088296188415381
bayes_mean-fix-seed43,dense_square,3,467,1543568888,success,80,20.0,0.20272857232303176,0,0.0,0,0.9925609906927152,14.53251950442791,15.847770124673843,14.338160166463279,67,3.35,45,2.25,11,0.55,50.95066097320429,3.5535006152586477,9,0.45,0.1917808219178082,0.1232876712328767,0.1875,0.5414953659595702
bayes_mean-fix-seed43,dense_square,3,468,1543568889,success,69,17.25,0.18783119137951265,0,0.0,1,0.584532985938765,14.039938270613767,15.527848899364471,12.754622302414386,55,3.1884057971014492,28,1.6231884057971016,10,0.5797101449275363,42.73932437149017,3.3508890626576866,9,0.5217391304347826,0.16129032258064516,0.16129032258064516,0.18840579710144928,0.6159086704794059
bayes_mean-fix-seed43,dense_square,3,469,1543568890,success,73,18.25,0.08045163071625927,0,0.0,9,0.9499713178480487,14.38581673045681,16.058428585529327,14.110120004340164,56,3.0684931506849313,20,1.095890410958904,9,0.4931506849315068,36.24697667429133,2.568863812862119,3,0.1643835616438356,0.12121212121212122,0.0,0.1506849315068493,0.551105419178128
bayes_mean-fix-seed43,dense_square,3,470,1543568891,timeout,101,25.25,0.08361634682361607,0,0.0,10,0.4663397185235018,14.70248205679478,16.1907896399498,14.460511537156497,93,3.6831683168316833,54,2.1386138613861387,50,1.9801980198019802,147.78678681084787,10.220024819392284,27,1.0693069306930694,0.48936170212765956,0.4148936170212766,0.36633663366336633,0.20732329698311605
bayes_mean-fix-seed43,dense_square,3,471,1543568892,timeout,101,25.25,0.083739746416016,0,0.0,2,0.7514329704250703,15.544776795524182,15.702113509178162,16.321956823373785,91,3.603960396039604,52,2.0594059405940595,28,1.108910891089109,103.87031314825644,6.363839475393626,26,1.0297029702970297,0.3191489361702128,0.2765957446808511,0.25742574257425743,0.40468059500624415
bayes_mean-fix-seed43,dense_square,3,472,1543568893,success,92,23.0,0.14096238131823902,0,0.0,5,0.5850847409319655,14.41570108189531,15.986106358468533,17.097632532926895,72,3.130434782608696,35,1.5217391304347827,17,0.7391304347826086,62.395966777467684,3.6493921984406046,21,0.9130434782608695,0.18823529411764706,0.09411764705882353,0.2391304347826087,0.46112281191177945
bayes_mean-fix-seed43,dense_square,3,473,1543568894,collision,13,3.25,-0.005476577841886043,1,0.25,4,0.2933719335858748,12.009155291777391,14.301391690969467,2.1557468811658684,12,3.6923076923076925,7,2.1538461538461537,1,0.3076923076923077,10.75510789068744,4.989040218335316,5,1.5384615384615385,0.0,0.0,0.0,0.7673631293491714
bayes_mean-fix-seed43,dense_square,3,474,1543568895,timeout,101,25.25,0.253095447789228,0,0.0,0,0.6361211299236044,14.694990166048012,16.257740557193756,17.035276099210346,89,3.5247524752475248,67,2.6534653465346536,50,1.9801980198019802,170.0010347011795,9.979353061912494,56,2.217821782178218,0.7659574468085106,0.7127659574468085,0.504950495049505,0.0
bayes_mean-fix-seed43,dense_square,3,475,1543568896,timeout,101,25.25,0.17374906249734123,0,0.0,2,0.54689628592014,14.49655774648827,16.14164561033249,14.968929217419603,96,3.801980198019802,56,2.217821782178218,46,1.8217821782178218,140.36919359613668,9.377370388844287,37,1.4653465346534653,0.40425531914893614,0.39361702127659576,0.39603960396039606,0.2401838764884886
bayes_mean-fix-seed43,dense_square,3,476,1543568897,timeout,101,25.25,0.20736387221252572,0,0.0,0,0.7059781974099253,14.615515117893125,15.842217952013016,17.538753358517155,91,3.603960396039604,56,2.217821782178218,40,1.5841584158415842,124.89912868408412,7.121323057059281,25,0.9900990099009901,0.20212765957446807,0.10638297872340426,0.31683168316831684,0.4395869293992096
bayes_mean-fix-seed43,dense_square,3,477,1543568898,collision,10,2.5,-0.04214825931454824,1,0.25,2,0.39505456138724654,12.060172483325005,13.052176870405674,2.0501131802533066,8,3.2,3,1.2,2,0.8,7.584160929349622,3.6993864545627395,1,0.4,0.0,0.0,0.4,0.169257607135645
bayes_mean-fix-seed43,dense_square,3,478,1543568899,timeout,101,25.25,0.08348261074775021,0,0.0,7,0.3375199785960594,14.87784253636209,16.336560249328613,14.17767622475816,95,3.762376237623762,44,1.7425742574257426,46,1.8217821782178218,144.6153345250961,10.20021421229507,45,1.7821782178217822,0.7446808510638298,0.7021276595744681,0.44554455445544555,0.02876586903625199
bayes_mean-fix-seed43,dense_square,3,479,1543568900,timeout,101,25.25,0.18511840130820034,0,0.0,7,0.369991464441567,14.834858403347507,16.334794461727142,14.990656334321082,86,3.405940594059406,36,1.4257425742574257,24,0.9504950495049505,91.43516391645485,6.0994770260401605,24,0.9504950495049505,0.48936170212765956,0.46808510638297873,0.32673267326732675,0.4329467395745801
bayes_mean-fix-seed43,dense_square,3,480,1543568901,success,69,17.25,0.1320343910778231,0,0.0,3,0.5483216402230287,14.387206592853518,15.972685813903809,12.98306110159557,57,3.3043478260869565,23,1.3333333333333333,6,0.34782608695652173,37.238631608594694,2.8682474277208945,9,0.5217391304347826,0.16129032258064516,0.04838709677419355,0.15942028985507245,0.5961777527983187
bayes_mean-fix-seed43,dense_square,3,481,1543568902,success,64,16.0,0.22976951891635422,0,0.0,0,0.9789953658457344,14.665375929325819,16.42103362828493,12.351546142684574,48,3.0,23,1.4375,12,0.75,42.243573059969805,3.420104055959773,7,0.4375,0.14035087719298245,0.14035087719298245,0.1875,0.6271066466434846
bayes_mean-fix-seed43,dense_square,3,482,1543568903,success,90,22.5,0.16858658492894063,0,0.0,2,1.0354600172263133,14.484345043698946,16.29815064370632,17.702488366405312,72,3.2,41,1.8222222222222222,20,0.8888888888888888,79.22265722877192,4.475227187784277,19,0.8444444444444444,0.20481927710843373,0.0,0.3,0.44729035836489317
bayes_mean-fix-seed43,dense_square,3,483,1543568904,timeout,101,25.25,0.16717720346400433,0,0.0,2,1.078154456395831,14.826094307521782,16.38910546898842,19.38428846153546,72,2.8514851485148514,31,1.2277227722772277,11,0.43564356435643564,52.97333215680162,2.7327973509018615,12,0.4752475247524752,0.3404255319148936,0.26595744680851063,0.2871287128712871,0.3801696873484499
bayes_mean-fix-seed43,dense_square,3,484,1543568905,collision,24,6.0,-0.00147294515229901,1,0.25,8,0.41779046840050693,12.925095235308012,15.270522236824036,4.921704923195595,19,3.1666666666666665,7,1.1666666666666667,5,0.8333333333333334,18.761067590802764,3.811904184337297,3,0.5,0.11764705882352941,0.11764705882352941,0.3333333333333333,0.3918922641948507
bayes_mean-fix-seed43,dense_square,3,485,1543568906,success,80,20.0,0.16429247372198064,0,0.0,6,0.46310277798868676,14.77750139310956,16.579344496130943,14.317492859933502,65,3.25,34,1.7,14,0.7,57.354065432782036,4.005873513880587,13,0.65,0.1232876712328767,0.0958904109589041,0.1625,0.5417675866243733
bayes_mean-fix-seed43,dense_square,3,486,1543568907,timeout,101,25.25,0.1902936861873744,0,0.0,3,0.5561323735292457,14.591984045092422,16.268279403448105,16.356720725080034,91,3.603960396039604,67,2.6534653465346536,56,2.217821782178218,149.9304090651701,9.166287765449177,57,2.257425742574257,0.3191489361702128,0.3191489361702128,0.39603960396039606,0.21343454061365297
bayes_mean-fix-seed43,dense_square,3,487,1543568908,timeout,101,25.25,0.21612210767531403,0,0.0,0,0.5533262576358157,14.518557245483493,16.065511852502823,16.113491419949433,89,3.5247524752475248,42,1.6633663366336633,28,1.108910891089109,100.14628538728779,6.215058101145038,27,1.0693069306930694,0.46808510638297873,0.3829787234042553,0.37623762376237624,0.22364016562448708
bayes_mean-fix-seed43,dense_square,3,488,1543568909,timeout,101,25.25,0.18299759648568226,0,0.0,5,0.4402750289783173,14.389131734571835,15.811983495950699,15.350408662291665,97,3.8415841584158414,65,2.5742574257425743,59,2.3366336633663365,185.4922335696852,12.083862889288906,37,1.4653465346534653,0.23404255319148937,0.23404255319148937,0.33663366336633666,0.23384780517936615
bayes_mean-fix-seed43,dense_square,3,489,1543568910,success,89,22.25,0.16603129412537376,0,0.0,3,0.3802519148616771,14.390875449341335,16.119522601366043,14.475650268901713,79,3.550561797752809,46,2.067415730337079,28,1.2584269662921348,96.47987102621954,6.664976649338434,18,0.8089887640449438,0.12195121951219512,0.08536585365853659,0.23595505617977527,0.5444220598090279
bayes_mean-fix-seed43,dense_square,3,490,1543568911,success,79,19.75,0.1881554141248153,0,0.0,1,0.6000550453451989,14.467867350653757,16.371299698948857,15.2707112211528,63,3.189873417721519,30,1.518987341772152,14,0.7088607594936709,55.885312965912696,3.6596404814794123,5,0.25316455696202533,0.16666666666666666,0.027777777777777776,0.20253164556962025,0.5081798566097745
bayes_mean-fix-seed43,dense_square,3,491,1543568912,timeout,101,25.25,0.2064183594210547,0,0.0,0,0.750961282176195,14.54636340241621,15.976633876562119,16.63931018925856,84,3.3267326732673266,48,1.900990099009901,23,0.9108910891089109,79.31999976300672,4.767024525704883,11,0.43564356435643564,0.18085106382978725,0.13829787234042554,0.24752475247524752,0.39792049697106946
bayes_mean-fix-seed43,dense_square,3,492,1543568913,timeout,101,25.25,0.17559724411141797,0,0.0,1,0.5764782542715184,14.631243219765105,16.0558819770813,17.337916820032948,89,3.5247524752475248,49,1.9405940594059405,26,1.0297029702970297,89.76077259668475,5.177137111015058,13,0.5148514851485149,0.18085106382978725,0.18085106382978725,0.24752475247524752,0.43017440706554416
bayes_mean-fix-seed43,dense_square,3,493,1543568914,timeout,101,25.25,0.19093524195969258,0,0.0,2,0.4518990712086363,14.697424366627589,16.13280177116394,12.597585758644975,99,3.9207920792079207,61,2.4158415841584158,59,2.3366336633663365,174.29461522818593,13.835556952535757,52,2.0594059405940595,0.7446808510638298,0.7021276595744681,0.44554455445544555,0.023572610375605724
bayes_mean-fix-seed43,dense_square,3,494,1543568915,success,70,17.5,0.1899320288865992,0,0.0,1,0.6748604500748877,14.370422384568624,16.030295379459858,12.306197408254976,47,2.6857142857142855,23,1.3142857142857143,8,0.45714285714285713,35.6507944620574,2.89697891877981,7,0.4,0.19047619047619047,0.1111111111111111,0.22857142857142856,0.6261914957684359
bayes_mean-fix-seed43,dense_square,3,495,1543568916,timeout,101,25.25,0.03696941067309223,0,0.0,8,0.5325521448501003,14.52087334329539,15.80236479640007,15.913938642582348,92,3.6435643564356437,48,1.900990099009901,29,1.1485148514851484,110.58291459562662,6.948808656314033,30,1.188118811881188,0.32978723404255317,0.3191489361702128,0.38613861386138615,0.22113006743408484
bayes_mean-fix-seed43,dense_square,3,496,1543568917,timeout,101,25.25,0.1572370782833581,0,0.0,7,0.4185985639074017,14.619079888752191,15.963871031999588,15.447853071556297,94,3.722772277227723,47,1.8613861386138615,37,1.4653465346534653,131.89493687314817,8.538075567018607,37,1.4653465346534653,0.4148936170212766,0.3829787234042553,0.3465346534653465,0.23885320994155507
bayes_mean-fix-seed43,dense_square,3,497,1543568918,timeout,101,25.25,0.011778336972112946,0,0.0,12,0.4983115257321244,14.485757613536155,15.699464827775955,17.913652743066187,87,3.4455445544554455,40,1.5841584158415842,32,1.2673267326732673,103.6303823294256,5.784994485255815,25,0.9900990099009901,0.6276595744680851,0.5638297872340425,0.38613861386138615,0.026522414880875166
bayes_mean-fix-seed43,dense_square,3,498,1543568919,success,70,17.5,0.18918248027564233,0,0.0,1,0.33247752398006813,14.246207209570068,15.840926393866539,12.882354468901777,60,3.4285714285714284,36,2.057142857142857,18,1.0285714285714285,58.341267632430714,4.528773662707972,19,1.0857142857142856,0.09523809523809523,0.09523809523809523,0.12857142857142856,0.598162776777581
bayes_mean-fix-seed43,dense_square,3,499,1543568920,success,76,19.0,0.1868480588157827,0,0.0,1,0.6208198893720811,14.44533707475976,15.761492773890495,14.825823206337795,62,3.263157894736842,24,1.263157894736842,13,0.6842105263157895,49.303421274372134,3.325509861286875,15,0.7894736842105263,0.17391304347826086,0.13043478260869565,0.25,0.5233243272500812
bayes_mean-fix-seed43,large_circle,4,0,1544568424,success,62,15.5,0.21053853700653635,0,0.0,0,0.7616679637607527,14.44961869668576,16.24605730175972,12.825328654110205,32,2.064516129032258,19,1.2258064516129032,3,0.1935483870967742,17.406602630939464,1.3572051914132486,11,0.7096774193548387,0.0,0.0,0.016129032258064516,0.9160846408686171
bayes_mean-fix-seed43,large_circle,4,1,1544568425,timeout,101,25.25,0.17173236063927744,0,0.0,3,1.3051715166244815,14.529620066727743,16.09903573989868,21.35288135667379,54,2.1386138613861387,27,1.0693069306930694,22,0.8712871287128713,69.92186854669853,3.2745870395071823,14,0.5544554455445545,0.1702127659574468,0.1702127659574468,0.18811881188118812,0.5089534556635946
bayes_mean-fix-seed43,large_circle,4,2,1544568426,success,71,17.75,0.1999410322770826,0,0.0,1,1.0212769646834918,14.330543157920031,15.885649248957634,14.735716547505474,48,2.704225352112676,33,1.8591549295774648,15,0.8450704225352113,53.036903841224174,3.5992076578184786,14,0.7887323943661971,0.046875,0.046875,0.11267605633802817,0.802619092854377
bayes_mean-fix-seed43,large_circle,4,3,1544568427,success,71,17.75,0.21868621063400606,0,0.0,0,0.6726354820211864,14.117604882364542,15.517378225922585,15.746349298963725,40,2.2535211267605635,16,0.9014084507042254,8,0.4507042253521127,36.929137735638335,2.345250764764164,17,0.9577464788732394,0.03125,0.03125,0.08450704225352113,0.7460238528907001
bayes_mean-fix-seed43,large_circle,4,4,1544568428,success,59,14.75,0.2271589545742494,0,0.0,0,1.4897108635872445,14.398101843514684,15.967807546257971,13.834824206523924,29,1.9661016949152543,17,1.152542372881356,4,0.2711864406779661,21.0351427181115,1.5204488618071639,6,0.4067796610169492,0.0,0.0,0.03389830508474576,0.8549665089936543
bayes_mean-fix-seed43,large_circle,4,5,1544568429,success,61,15.25,0.1859778769285425,0,0.0,2,0.7142056156624894,14.125574013737381,15.569731593132019,14.255001453335563,30,1.9672131147540983,17,1.1147540983606556,3,0.19672131147540983,16.298346538068248,1.1433423273523804,9,0.5901639344262295,0.0,0.0,0.04918032786885246,0.8259527555306297
bayes_mean-fix-seed43,large_circle,4,6,1544568430,success,69,17.25,0.21102296325492587,0,0.0,0,2.346770161767577,14.522383556417797,16.16860255599022,15.708692204361437,38,2.2028985507246377,24,1.391304347826087,7,0.4057971014492754,28.902102667895335,1.839879621542958,7,0.4057971014492754,0.0967741935483871,0.06451612903225806,0.11594202898550725,0.7507763027024318
bayes_mean-fix-seed43,large_circle,4,7,1544568431,timeout,101,25.25,0.22570861972801737,0,0.0,0,1.6021123038289509,14.689761923976464,16.139380633831024,21.675273017745315,63,2.495049504950495,30,1.188118811881188,16,0.6336633663366337,56.08819176068918,2.5876579139174103,15,0.594059405940594,0.14893617021276595,0.0851063829787234,0.18811881188118812,0.49765375180310656
bayes_mean-fix-seed43,large_circle,4,8,1544568432,success,78,19.5,0.17902635365337638,0,0.0,1,1.040055158037216,14.258276098049604,15.611977502703665,15.57016160314354,45,2.3076923076923075,24,1.2307692307692308,19,0.9743589743589743,60.891444291315146,3.9107779253249024,24,1.2307692307692308,0.11267605633802817,0.11267605633802817,0.11538461538461539,0.7526396430872484
bayes_mean-fix-seed43,large_circle,4,9,1544568433,timeout,101,25.25,0.20183550031008157,0,0.0,0,0.5811733339241617,14.376027970620902,15.971601009368896,19.245284729972212,72,2.8514851485148514,41,1.6237623762376239,40,1.5841584158415842,120.17672702236163,6.244476437139995,21,0.8316831683168316,0.3617021276595745,0.3404255319148936,0.2376237623762376,0.5721189372201055
bayes_mean-fix-seed43,large_circle,4,10,1544568434,success,68,17.0,0.32497901573682253,0,0.0,0,1.947180223430539,14.168261221664793,16.01478774100542,14.352695227210969,39,2.2941176470588234,19,1.1176470588235294,4,0.23529411764705882,23.40811400767519,1.6309211362125384,7,0.4117647058823529,0.04918032786885246,0.04918032786885246,0.08823529411764706,0.8183887117414065
bayes_mean-fix-seed43,large_circle,4,11,1544568435,timeout,101,25.25,0.1698513076217022,0,0.0,1,0.8584281708165046,14.537858564664822,16.144637018442154,19.437928548424335,65,2.5742574257425743,38,1.504950495049505,32,1.2673267326732673,101.42135858201308,5.217704053667511,10,0.39603960396039606,0.2765957446808511,0.2765957446808511,0.16831683168316833,0.5622546226830727
bayes_mean-fix-seed43,large_circle,4,12,1544568436,success,72,18.0,0.18415628046213728,0,0.0,2,0.9295128266927661,14.290671692126327,15.667499229311943,14.311090166997241,38,2.111111111111111,18,1.0,2,0.1111111111111111,21.84268863531424,1.526277060687214,9,0.5,0.015384615384615385,0.015384615384615385,0.08333333333333333,0.8323740396307434
bayes_mean-fix-seed43,large_circle,4,13,1544568437,timeout,101,25.25,0.180358605456043,0,0.0,2,0.824327818663478,14.634881943169207,16.416464000940323,22.24836503752258,53,2.099009900990099,25,0.9900990099009901,13,0.5148514851485149,48.93366885175244,2.1994276329619837,14,0.5544554455445545,0.20212765957446807,0.18085106382978725,0.19801980198019803,0.47012010528866643
bayes_mean-fix-seed43,large_circle,4,14,1544568438,timeout,101,25.25,0.26741195754490477,0,0.0,0,1.6865640039795342,14.489521632100097,16.05861634016037,20.695782135940945,65,2.5742574257425743,34,1.3465346534653466,17,0.6732673267326733,60.94362817344579,2.944736650837137,11,0.43564356435643564,0.1702127659574468,0.13829787234042554,0.19801980198019803,0.5078671280951358
bayes_mean-fix-seed43,large_circle,4,15,1544568439,success,60,15.0,0.2855380767972099,0,0.0,0,0.9489539275095874,14.30119201540947,16.028115339577198,13.954126964718776,33,2.2,23,1.5333333333333334,5,0.3333333333333333,22.79779597475611,1.6337672741832876,5,0.3333333333333333,0.0,0.0,0.05,0.8512987333385613
bayes_mean-fix-seed43,large_circle,4,16,1544568440,timeout,101,25.25,0.20226969659375293,0,0.0,0,1.006930896032181,14.475411892232328,15.888430178165436,19.87450851865178,69,2.732673267326733,31,1.2277227722772277,23,0.9108910891089109,83.05145715263801,4.178793003846917,14,0.5544554455445545,0.32978723404255317,0.32978723404255317,0.16831683168316833,0.5502113530355462
bayes_mean-fix-seed43,large_circle,4,17,1544568441,success,64,16.0,0.25513980254507906,0,0.0,0,0.7443122474151642,14.491375768557191,16.06015097349882,13.350947779006393,30,1.875,15,0.9375,6,0.375,25.820492010256714,1.9339819492708952,12,0.75,0.0,0.0,0.0625,0.8783112251439634
bayes_mean-fix-seed43,large_circle,4,18,1544568442,success,60,15.0,0.2839484078316721,0,0.0,0,1.5164244454477205,14.151430130004883,15.790989995002747,13.496859307066934,32,2.1333333333333333,23,1.5333333333333334,8,0.5333333333333333,26.36139483447235,1.9531503022091639,5,0.3333333333333333,0.0,0.0,0.06666666666666667,0.8776173199864354
bayes_mean-fix-seed43,large_circle,4,19,1544568443,success,66,16.5,0.2345303847916128,0,0.0,0,1.700181650034361,14.217079983967723,15.531715005636215,15.07983655729687,33,2.0,21,1.2727272727272727,8,0.48484848484848486,29.050303646533294,1.9264335880667327,8,0.48484848484848486,0.0,0.0,0.06060606060606061,0.787345333052953
bayes_mean-fix-seed43,large_circle,4,20,1544568444,success,77,19.25,0.18964077404367974,0,0.0,1,1.138312614879425,14.464349231936716,15.614094585180283,16.12056206454125,49,2.5454545454545454,30,1.5584415584415585,2,0.1038961038961039,27.22828057272271,1.689040398449504,8,0.4155844155844156,0.18571428571428572,0.18571428571428572,0.11688311688311688,0.7393807868340583
bayes_mean-fix-seed43,large_circle,4,21,1544568445,success,64,16.0,0.21622231400086211,0,0.0,0,0.9975320338030622,14.218247786629945,15.40254671126604,13.638522687087656,36,2.25,25,1.5625,10,0.625,35.58109325532793,2.608867109119855,7,0.4375,0.0,0.0,0.109375,0.8628908435802036
bayes_mean-fix-seed43,large_circle,4,22,1544568446,success,69,17.25,0.2912787669084429,0,0.0,0,1.3867487908819702,14.115207491145618,15.661793947219847,14.019166455764571,37,2.1449275362318843,17,0.9855072463768116,11,0.6376811594202898,34.55670422940767,2.464961403978353,8,0.463768115942029,0.0,0.0,0.13043478260869565,0.8394556513991512
bayes_mean-fix-seed43,large_circle,4,23,1544568447,success,64,16.0,0.24983426456393298,0,0.0,0,0.76678965025253,14.268951723352075,16.06348566710949,13.017116328752063,33,2.0625,19,1.1875,5,0.3125,24.42986399769375,1.876749303049043,14,0.875,0.0,0.0,0.03125,0.8999092333479227
bayes_mean-fix-seed43,large_circle,4,24,1544568448,success,58,14.5,0.5088869615827513,0,0.0,0,1.370539670330031,13.916441143072884,15.30130784958601,13.574245229699326,22,1.5172413793103448,11,0.7586206896551724,4,0.27586206896551724,17.282840531173953,1.2732082144324701,8,0.5517241379310345,0.0,0.0,0.034482758620689655,0.8686467715370915
bayes_mean-fix-seed43,large_circle,4,25,1544568449,success,72,18.0,0.21801048017598512,0,0.0,0,1.563703127851944,14.208620983279413,15.634958446025848,15.568169384959175,38,2.111111111111111,19,1.0555555555555556,9,0.5,35.67759866083656,2.2917015982178124,10,0.5555555555555556,0.12307692307692308,0.12307692307692308,0.125,0.7566149413557679
bayes_mean-fix-seed43,large_circle,4,26,1544568450,success,64,16.0,0.1946255981783268,0,0.0,1,0.5692601185625399,14.242284290958196,15.937489829957485,14.47667009811055,35,2.1875,20,1.25,8,0.5,31.967627757280304,2.208216913187282,5,0.3125,0.0,0.0,0.078125,0.8186099422325144
bayes_mean-fix-seed43,large_circle,4,27,1544568451,success,70,17.5,0.26990753121050826,0,0.0,0,0.9122820650585375,14.295836112328939,15.755346417427063,14.448381420326196,43,2.4571428571428573,23,1.3142857142857143,6,0.34285714285714286,29.585578402806984,2.0476742371422696,12,0.6857142857142857,0.0,0.0,0.07142857142857142,0.8196817302371456
bayes_mean-fix-seed43,large_circle,4,28,1544568452,timeout,101,25.25,0.1947193428313153,0,0.0,1,1.0218520930158945,14.249746198996458,15.170719474554062,20.946613366999827,68,2.6930693069306932,39,1.5445544554455446,17,0.6732673267326733,68.14847524150633,3.253436440893605,13,0.5148514851485149,0.18085106382978725,0.18085106382978725,0.1485148514851485,0.5276950506443651
bayes_mean-fix-seed43,large_circle,4,29,1544568453,success,71,17.75,0.1900401060882454,0,0.0,3,0.6250922077600988,14.030158729620382,15.437763184309006,14.65159787512551,43,2.4225352112676055,19,1.0704225352112675,6,0.3380281690140845,34.06714965150396,2.3251491026341133,12,0.676056338028169,0.0,0.0,0.08450704225352113,0.8117492082903702
bayes_mean-fix-seed43,large_circle,4,30,1544568454,success,69,17.25,0.15288628239530377,0,0.0,3,0.5071545515202622,14.128471522227578,15.564899891614914,14.81556452904398,38,2.2028985507246377,20,1.1594202898550725,3,0.17391304347826086,24.729668136914203,1.6691681298026084,11,0.6376811594202898,0.03225806451612903,0.03225806451612903,0.043478260869565216,0.7979662532717678
bayes_mean-fix-seed43,large_circle,4,31,1544568455,success,62,15.5,0.18649013516009716,0,0.0,2,0.5204851214793493,14.471537043010034,16.025349497795105,14.128205905510443,35,2.2580645161290325,19,1.2258064516129032,1,0.06451612903225806,16.33556295937108,1.1562376050167629,7,0.45161290322580644,0.0,0.0,0.03225806451612903,0.8293398486255438
bayes_mean-fix-seed43,large_circle,4,32,1544568456,success,71,17.75,0.16172506656780405,0,0.0,3,1.0836185798229343,14.00998140304861,15.243390575051308,16.11030690582952,39,2.1971830985915495,26,1.4647887323943662,6,0.3380281690140845,24.524200217295302,1.5222677234299746,5,0.28169014084507044,0.0,0.0,0.056338028169014086,0.7270189967625778
bayes_mean-fix-seed43,large_circle,4,33,1544568457,success,77,19.25,0.19829581559584886,0,0.0,1,0.7242509310468155,14.465348480583785,16.113795340061188,13.861047573662292,60,3.116883116883117,38,1.974025974025974,10,0.5194805194805194,44.9978640420626,3.2463537696504354,17,0.8831168831168831,0.0,0.0,0.03896103896103896,0.858098579908097
bayes_mean-fix-seed43,large_circle,4,34,1544568458,success,66,16.5,0.137263848133669,0,0.0,2,0.5262106126448584,14.39711767615694,15.867836773395538,14.58257145849659,42,2.5454545454545454,24,1.4545454545454546,4,0.24242424242424243,27.181947455955733,1.8640023491959692,11,0.6666666666666666,0.0,0.0,0.045454545454545456,0.8099276961380498
bayes_mean-fix-seed43,large_circle,4,35,1544568459,success,64,16.0,0.20259308623733163,0,0.0,0,0.8583804980367999,14.264467754401267,15.75256995856762,14.979666499343168,30,1.875,17,1.0625,3,0.1875,18.470167349295686,1.233015925294837,5,0.3125,0.0,0.0,0.0625,0.787953520497304
bayes_mean-fix-seed43,large_circle,4,36,1544568460,success,79,19.75,0.18346927358852327,0,0.0,1,1.2634800261621897,14.069761232107501,15.091409534215927,17.8013694383914,33,1.6708860759493671,18,0.9113924050632911,6,0.3037974683544304,25.903274621230537,1.4551281973490269,3,0.1518987341772152,0.2361111111111111,0.2222222222222222,0.17721518987341772,0.6636540195977048
bayes_mean-fix-seed43,large_circle,4,37,1544568461,success,58,14.5,0.19699960785938286,0,0.0,1,0.6991815031433959,14.007156393651304,15.30151292681694,13.577783685720416,32,2.206896551724138,17,1.1724137931034482,4,0.27586206896551724,18.967373865509526,1.3969418208847497,9,0.6206896551724138,0.0,0.0,0.017241379310344827,0.8693568515063959
bayes_mean-fix-seed43,large_circle,4,38,1544568462,success,66,16.5,0.2234028892652139,0,0.0,0,0.8563150305209004,14.001710453268254,15.550490468740463,14.571930576957648,27,1.6363636363636365,14,0.8484848484848485,5,0.30303030303030304,20.334804720249203,1.3954777380290497,4,0.24242424242424243,0.03389830508474576,0.0,0.12121212121212122,0.8067745993726235
bayes_mean-fix-seed43,large_circle,4,39,1544568463,success,65,16.25,0.19536432587800623,0,0.0,1,1.4531856547032267,14.225643873214722,15.675453841686249,14.827971340589743,32,1.9692307692307693,18,1.1076923076923078,8,0.49230769230769234,29.918301438174595,2.017693503107666,7,0.4307692307692308,0.034482758620689655,0.034482758620689655,0.06153846153846154,0.7966167486769818
bayes_mean-fix-seed43,large_circle,4,40,1544568464,success,67,16.75,0.18922664034674685,0,0.0,2,0.3930041008710523,14.283636279070555,15.855807065963745,15.034663435606843,39,2.328358208955224,19,1.1343283582089552,4,0.23880597014925373,25.473121584231745,1.6942927717226663,6,0.3582089552238806,0.016666666666666666,0.016666666666666666,0.07462686567164178,0.7805521815589301
bayes_mean-fix-seed43,large_circle,4,41,1544568465,success,59,14.75,0.3201647939651251,0,0.0,0,0.9778944561840177,14.056223744558075,15.234407782554626,13.827636303036025,26,1.7627118644067796,18,1.2203389830508475,4,0.2711864406779661,19.865615721941683,1.4366602712554675,5,0.3389830508474576,0.0,0.0,0.03389830508474576,0.8479825399775468
bayes_mean-fix-seed43,large_circle,4,42,1544568466,timeout,101,25.25,0.18142109363204728,0,0.0,1,1.2880113579812638,14.488884865647496,16.022425144910812,21.423715355955217,66,2.613861386138614,20,0.7920792079207921,15,0.594059405940594,50.44382767803547,2.354578878589023,16,0.6336633663366337,0.20212765957446807,0.14893617021276595,0.16831683168316833,0.4590382777129563
bayes_mean-fix-seed43,large_circle,4,43,1544568467,timeout,101,25.25,0.17599922675849022,0,0.0,1,1.5148417557563663,14.196995203152742,15.638753771781921,21.32029191335065,62,2.4554455445544554,39,1.5445544554455446,26,1.0297029702970297,84.16413242483287,3.947606944918505,25,0.9900990099009901,0.11702127659574468,0.09574468085106383,0.18811881188118812,0.4236458448771824
bayes_mean-fix-seed43,large_circle,4,44,1544568468,timeout,101,25.25,0.24066946466204286,0,0.0,0,1.0765609588474485,14.497838398017505,16.25967025756836,21.662077347884622,61,2.4158415841584158,27,1.0693069306930694,14,0.5544554455445545,49.15959749065619,2.2693851887412264,14,0.5544554455445545,0.1595744680851064,0.1276595744680851,0.19801980198019803,0.504395791752447
bayes_mean-fix-seed43,large_circle,4,45,1544568469,success,66,16.5,0.19931343617488706,0,0.0,1,0.4177152417334483,13.845159248872237,15.33977035433054,14.461885171117581,43,2.606060606060606,25,1.5151515151515151,6,0.36363636363636365,29.01892309670772,2.006579554003277,9,0.5454545454545454,0.0,0.0,0.045454545454545456,0.8153935505730712
bayes_mean-fix-seed43,large_circle,4,46,1544568470,success,59,14.75,0.2052104094032411,0,0.0,0,1.0599872194287692,13.99947235644874,15.286574885249136,14.14369828027508,23,1.5593220338983051,12,0.8135593220338984,2,0.13559322033898305,14.069310589163017,0.9947405770656318,3,0.2033898305084746,0.0,0.0,0.01694915254237288,0.8296871310532107
bayes_mean-fix-seed43,large_circle,4,47,1544568471,timeout,101,25.25,0.18699778880218965,0,0.0,2,1.2398463337535863,14.30931023441919,15.71502536535263,20.252659910324788,67,2.6534653465346536,31,1.2277227722772277,15,0.594059405940594,57.85499992428127,2.856661800496973,17,0.6732673267326733,0.3191489361702128,0.3191489361702128,0.16831683168316833,0.5502680935928326
bayes_mean-fix-seed43,large_circle,4,48,1544568472,success,74,18.5,0.24723789719737732,0,0.0,0,1.1543071803292009,14.50102826630747,16.2180008366704,16.24629442595128,33,1.7837837837837838,19,1.027027027027027,11,0.5945945945945946,38.71258301857953,2.3828561765285605,5,0.2702702702702703,0.1044776119402985,0.1044776119402985,0.13513513513513514,0.7242476089462998
bayes_mean-fix-seed43,large_circle,4,49,1544568473,timeout,101,25.25,0.21965294090079102,0,0.0,0,1.3553136010641569,14.364170703557459,15.580203384160995,20.920430453867183,62,2.4554455445544554,32,1.2673267326732673,6,0.2376237623762376,36.028684274827974,1.7221770055963643,10,0.39603960396039606,0.1276595744680851,0.09574468085106383,0.1485148514851485,0.5175333466306217
bayes_mean-fix-seed43,large_circle,4,50,1544568474,success,64,16.0,0.20203130402037095,0,0.0,0,0.9108726858357763,14.260278723668307,15.949411503970623,13.673461132779336,36,2.25,15,0.9375,7,0.4375,27.512993851219292,2.012145541209204,9,0.5625,0.0,0.0,0.078125,0.8600615408872975
bayes_mean-fix-seed43,large_circle,4,51,1544568475,success,68,17.0,0.3842842896552531,0,0.0,0,1.5283343748200613,13.828204068190912,15.1696952059865,15.465274519774573,37,2.176470588235294,22,1.2941176470588236,4,0.23529411764705882,27.272260446446545,1.763451428655537,14,0.8235294117647058,0.08196721311475409,0.08196721311475409,0.10294117647058823,0.7584370110521738
bayes_mean-fix-seed43,large_circle,4,52,1544568476,success,77,19.25,0.7281580648920042,0,0.0,0,2.1022872006432616,13.85442569077789,15.013837814331055,15.352569668910187,50,2.5974025974025974,33,1.7142857142857142,28,1.4545454545454546,89.95954094587402,5.859575490352415,20,1.0389610389610389,0.12857142857142856,0.12857142857142856,0.18181818181818182,0.7654823502273749
bayes_mean-fix-seed43,large_circle,4,53,1544568477,success,58,14.5,0.23186032678077362,0,0.0,0,1.0628663952047623,13.7610860682767,15.044891275465488,13.112252959045,28,1.9310344827586208,17,1.1724137931034482,4,0.27586206896551724,20.85318197098342,1.5903584255212702,10,0.6896551724137931,0.0,0.0,0.034482758620689655,0.9007411991989009
bayes_mean-fix-seed43,large_circle,4,54,1544568478,success,63,15.75,0.33874337524191545,0,0.0,0,1.105409662342014,14.047956182843162,15.496404841542244,13.722272110276757,32,2.0317460317460316,17,1.0793650793650793,6,0.38095238095238093,24.639549435744698,1.7955881677416872,7,0.4444444444444444,0.0,0.0,0.06349206349206349,0.8675635707136053
bayes_mean-fix-seed43,large_circle,4,55,1544568479,timeout,101,25.25,0.19758921865360635,0,0.0,1,0.8990211312230008,14.598727115605136,16.12640544772148,20.68990049306256,66,2.613861386138614,34,1.3465346534653466,23,0.9108910891089109,76.38419670396642,3.6918590657107546,13,0.5148514851485149,0.22340425531914893,0.22340425531914893,0.2079207920792079,0.5439758812488388
bayes_mean-fix-seed43,large_circle,4,56,1544568480,timeout,101,25.25,0.2515339265908618,0,0.0,0,1.409507852919475,14.14200641436152,15.24428278207779,21.007622331160466,63,2.495049504950495,36,1.4257425742574257,22,0.8712871287128713,71.15559801603652,3.3871323891086855,11,0.43564356435643564,0.2872340425531915,0.2765957446808511,0.21782178217821782,0.5085472523951401
bayes_mean-fix-seed43,large_circle,4,57,1544568481,success,92,23.0,0.192032944805556,0,0.0,3,0.4153835821781416,14.410565526265165,15.798542648553848,19.160247337091945,63,2.739130434782609,35,1.5217391304347827,19,0.8260869565217391,75.2963983535078,3.9298239228750966,11,0.4782608695652174,0.2,0.12941176470588237,0.18478260869565216,0.6189935488784638
bayes_mean-fix-seed43,large_circle,4,58,1544568482,success,73,18.25,0.22152843214571716,0,0.0,0,0.8401944677405709,14.233849585464556,15.839377790689468,14.233264012258754,47,2.5753424657534247,29,1.5890410958904109,4,0.2191780821917808,31.901071955663408,2.241304027536327,20,1.095890410958904,0.10606060606060606,0.10606060606060606,0.0821917808219178,0.8277688704357736
bayes_mean-fix-seed43,large_circle,4,59,1544568483,timeout,101,25.25,0.15472323004389676,0,0.0,3,0.5915028666544211,14.36395622273483,15.46221598982811,22.23557474009454,68,2.6930693069306932,37,1.4653465346534653,11,0.43564356435643564,49.62435209611825,2.2317548647230185,14,0.5544554455445545,0.1595744680851064,0.05319148936170213,0.15841584158415842,0.45641837051351924
bayes_mean-fix-seed43,large_circle,4,60,1544568484,success,72,18.0,0.23330613391401434,0,0.0,0,0.9967878846203493,14.060119477411112,15.313417464494705,16.094674289004047,34,1.8888888888888888,18,1.0,7,0.3888888888888889,23.84865216231612,1.4817728979212474,12,0.6666666666666666,0.06153846153846154,0.06153846153846154,0.09722222222222222,0.7323150073426995
bayes_mean-fix-seed43,large_circle,4,61,1544568485,success,61,15.25,0.2683055736885801,0,0.0,0,0.7819433626905009,13.877897966103475,15.248492360115051,14.270795694638267,28,1.8360655737704918,14,0.9180327868852459,4,0.26229508196721313,20.750811736905057,1.4540753144340381,7,0.45901639344262296,0.0,0.0,0.04918032786885246,0.8239260459027745
bayes_mean-fix-seed43,large_circle,4,62,1544568486,success,65,16.25,0.17634889639534024,0,0.0,2,0.8328414315811882,13.852631988433691,15.225715190172195,14.157825164499203,40,2.4615384615384617,21,1.2923076923076924,7,0.4307692307692308,30.911333224277033,2.183339097998421,11,0.676923076923077,0.0,0.0,0.1076923076923077,0.8370651323727637
bayes_mean-fix-seed43,large_circle,4,63,1544568487,success,66,16.5,0.18668575819232247,0,0.0,2,0.4621726566033258,14.002486273194805,15.428120270371437,14.492493391626908,38,2.303030303030303,16,0.9696969696969697,6,0.36363636363636365,29.131843718490025,2.010133310484796,11,0.6666666666666666,0.0,0.0,0.06060606060606061,0.8182027528939625
bayes_mean-fix-seed43,large_circle,4,64,1544568488,success,61,15.25,0.19963465257867974,0,0.0,1,1.33547956302015,13.96544692946262,15.023775398731232,13.946736051209319,29,1.901639344262295,12,0.7868852459016393,1,0.06557377049180328,16.514512392496357,1.18411306644499,7,0.45901639344262296,0.0,0.0,0.01639344262295082,0.8446186690782692
bayes_mean-fix-seed43,large_circle,4,65,1544568489,success,66,16.5,0.1941452582173333,0,0.0,1,0.7675698748654581,14.44162242114544,16.29225816577673,14.868110142607353,30,1.8181818181818181,16,0.9696969696969697,5,0.30303030303030304,24.36448427909115,1.6387075455723292,7,0.42424242424242425,0.01694915254237288,0.0,0.045454545454545456,0.78794538118313
bayes_mean-fix-seed43,large_circle,4,66,1544568490,success,64,16.0,0.182194709626458,0,0.0,1,0.7554262728215085,14.600445865653455,16.29319339990616,14.22943366597795,30,1.875,14,0.875,4,0.25,21.748177884007944,1.5283937783136818,6,0.375,0.0,0.0,0.046875,0.8285273195363652
bayes_mean-fix-seed43,large_circle,4,67,1544568491,timeout,101,25.25,0.2164003849121401,0,0.0,0,1.0825483165836474,14.506807864302456,15.462066978216171,22.51710503792733,60,2.376237623762376,28,1.108910891089109,11,0.43564356435643564,47.99479227190668,2.1314814755744704,12,0.4752475247524752,0.13829787234042554,0.09574468085106383,0.1782178217821782,0.43496309981905384
bayes_mean-fix-seed43,large_circle,4,68,1544568492,success,62,15.5,0.21719427023833826,0,0.0,0,1.9201347476157027,14.161795257560668,15.60505647212267,14.160005555106528,29,1.8709677419354838,16,1.032258064516129,2,0.12903225806451613,17.429155633964683,1.230872090136942,9,0.5806451612903226,0.0,0.0,0.03225806451612903,0.8310018435791467
bayes_mean-fix-seed43,large_circle,4,69,1544568493,collision,50,12.5,-0.06427976135375157,1,0.25,4,1.3468309444032749,13.924465477466583,15.405131503939629,11.040134436724959,29,2.32,13,1.04,8,0.64,27.051409622788196,2.4502790050093775,5,0.4,0.18604651162790697,0.11627906976744186,0.2,0.5716933171631933
bayes_mean-fix-seed43,large_circle,4,70,1544568494,success,77,19.25,0.20222148006277474,0,0.0,0,0.9293197640159652,14.385493689930284,15.869585424661638,16.045030290701494,45,2.3376623376623376,28,1.4545454545454546,5,0.2597402597402597,36.65406744224334,2.2844498750173945,10,0.5194805194805194,0.0,0.0,0.1038961038961039,0.73140430166574
bayes_mean-fix-seed43,large_circle,4,71,1544568495,success,68,17.0,0.3647840904011673,0,0.0,0,1.2791955188507733,14.513147611390142,15.98964761942625,14.36167303660923,36,2.1176470588235294,21,1.2352941176470589,12,0.7058823529411765,38.57179031163024,2.6857449137929255,6,0.35294117647058826,0.0,0.0,0.11764705882352941,0.8234340462287593
bayes_mean-fix-seed43,large_circle,4,72,1544568496,success,75,18.75,0.4095641645181586,0,0.0,0,2.2430940341397045,14.572378943363825,15.959210321307182,16.091265852249517,46,2.453333333333333,23,1.2266666666666666,7,0.37333333333333335,34.43286903586259,2.139848371907233,10,0.5333333333333333,0.08823529411764706,0.08823529411764706,0.12,0.7317895845831907
bayes_mean-fix-seed43,large_circle,4,73,1544568497,success,69,17.25,0.21153090868680446,0,0.0,0,0.8149397778173806,14.060186249190483,14.956619590520859,15.079075797785821,39,2.260869565217391,20,1.1594202898550725,6,0.34782608695652173,29.91244815117651,1.983705669519135,9,0.5217391304347826,0.0,0.0,0.08695652173913043,0.7803430755155114
bayes_mean-fix-seed43,large_circle,4,74,1544568498,success,65,16.25,0.20459647142128,0,0.0,0,0.5056046663337567,14.606300111000355,15.805184096097946,13.791250034921704,42,2.5846153846153848,25,1.5384615384615385,3,0.18461538461538463,27.825959198009286,2.0176531588905573,6,0.36923076923076925,0.0,0.0,0.07692307692307693,0.8550739875031838
bayes_mean-fix-seed43,large_circle,4,75,1544568499,success,72,18.0,0.18997597656178045,0,0.0,2,0.5831165262692622,14.148367982771662,15.537536703050137,15.134087318296945,37,2.0555555555555554,19,1.0555555555555556,9,0.5,30.708519141377394,2.0290962048468644,8,0.4444444444444444,0.13846153846153847,0.07692307692307693,0.1527777777777778,0.7759880094472174
bayes_mean-fix-seed43,large_circle,4,76,1544568500,success,67,16.75,0.20507559573665546,0,0.0,0,0.7651599894515438,14.310938931667982,15.471486002206802,15.688411972102436,27,1.6119402985074627,14,0.835820895522388,3,0.1791044776119403,17.678437012618552,1.1268468117776886,5,0.29850746268656714,0.0,0.0,0.05970149253731343,0.7559178466609975
bayes_mean-fix-seed43,large_circle,4,77,1544568501,timeout,101,25.25,0.19636777102822722,0,0.0,2,1.0368984512095814,14.457184415642578,16.01707935333252,19.72177240925647,62,2.4554455445544554,33,1.306930693069307,24,0.9504950495049505,83.32211975765057,4.2248798956093365,8,0.31683168316831684,0.35106382978723405,0.32978723404255317,0.18811881188118812,0.5684405685250982
bayes_mean-fix-seed43,large_circle,4,78,1544568502,success,78,19.5,0.27725505193565425,0,0.0,0,1.4781826116776797,14.11071882989162,15.58141577988863,16.21774950730628,42,2.1538461538461537,23,1.1794871794871795,12,0.6153846153846154,46.32133518242364,2.856212272951642,11,0.5641025641025641,0.22535211267605634,0.22535211267605634,0.1794871794871795,0.7222806379207
bayes_mean-fix-seed43,large_circle,4,79,1544568503,success,83,20.75,0.16576657282249885,0,0.0,2,0.6805661228638736,14.274319521633975,15.919139236211777,17.206959921118724,53,2.5542168674698793,26,1.2530120481927711,13,0.6265060240963856,50.56413888134355,2.938586427419079,11,0.5301204819277109,0.19736842105263158,0.11842105263157894,0.1686746987951807,0.6852757919988284
bayes_mean-fix-seed43,large_circle,4,80,1544568504,success,70,17.5,0.16248853736279767,0,0.0,3,0.888923050373165,14.213093263762337,15.77209085226059,15.017474565052686,43,2.4571428571428573,25,1.4285714285714286,13,0.7428571428571429,41.46830428674906,2.761336741881379,11,0.6285714285714286,0.0,0.0,0.1,0.7809771428974762
bayes_mean-fix-seed43,large_circle,4,81,1544568505,success,70,17.5,0.19205224829543288,0,0.0,2,0.6054851563362802,14.59147637443883,15.760084986686707,14.648682553034831,46,2.6285714285714286,21,1.2,2,0.11428571428571428,24.101720132800445,1.6453165699742183,6,0.34285714285714286,0.031746031746031744,0.015873015873015872,0.1,0.8003629063642768
bayes_mean-fix-seed43,large_circle,4,82,1544568506,success,70,17.5,0.2065683838858664,0,0.0,0,0.5101315489756316,14.3974385623421,16.0076342523098,15.127683813001747,47,2.6857142857142855,23,1.3142857142857143,6,0.34285714285714286,33.64514231122715,2.2240775737466336,9,0.5142857142857142,0.0,0.0,0.08571428571428572,0.7814726083004977
bayes_mean-fix-seed43,large_circle,4,83,1544568507,success,78,19.5,0.20298323565612797,0,0.0,0,1.230894983217294,14.282098565346155,15.498039312660694,16.400882526938858,47,2.41025641025641,27,1.3846153846153846,8,0.41025641025641024,36.15497493366076,2.204453014907906,11,0.5641025641025641,0.22535211267605634,0.18309859154929578,0.19230769230769232,0.71467289231026
bayes_mean-fix-seed43,large_circle,4,84,1544568508,success,70,17.5,0.18868662660854207,0,0.0,3,0.5896708829138037,14.692440256476402,16.188497096300125,15.531644886644246,36,2.057142857142857,18,1.0285714285714285,8,0.45714285714285713,31.03316282375787,1.9980602859677452,7,0.4,0.047619047619047616,0.047619047619047616,0.1,0.7636225602897413
bayes_mean-fix-seed43,large_circle,4,85,1544568509,success,68,17.0,0.1846544167754669,0,0.0,2,0.49728061607297414,14.806080171290565,15.887712873518467,16.184889573941966,35,2.0588235294117645,17,1.0,0,0.0,14.667707191453259,0.9062593306208647,3,0.17647058823529413,0.06557377049180328,0.03278688524590164,0.04411764705882353,0.725868142714925
bayes_mean-fix-seed43,large_circle,4,86,1544568510,success,62,15.5,0.25738054011244815,0,0.0,0,1.0507277527812837,14.489279278824407,16.064696945250034,14.546852615557183,32,2.064516129032258,18,1.1612903225806452,6,0.3870967741935484,24.20599104166486,1.6640019447077972,5,0.3225806451612903,0.0,0.0,0.04838709677419355,0.8045034653442674
bayes_mean-fix-seed43,large_circle,4,87,1544568511,success,68,17.0,0.1875305974242556,0,0.0,4,1.1403187106922195,14.347538790282082,15.229135192930698,15.780145612170008,28,1.6470588235294117,11,0.6470588235294118,3,0.17647058823529413,20.118992877543814,1.2749560981254564,5,0.29411764705882354,0.06557377049180328,0.06557377049180328,0.07352941176470588,0.7440066366457965
bayes_mean-fix-seed43,large_circle,4,88,1544568512,success,60,15.0,0.18982961113579133,0,0.0,4,1.164723869383141,14.311142389973005,15.49337562173605,14.139125712448164,27,1.8,11,0.7333333333333333,4,0.26666666666666666,20.504335667374782,1.45018412625914,10,0.6666666666666666,0.0,0.0,0.03333333333333333,0.831930493432724
bayes_mean-fix-seed43,large_circle,4,89,1544568513,success,65,16.25,0.165615068698304,0,0.0,4,0.7557926004365046,14.110408952602974,15.5585415661335,14.417208244620992,35,2.1538461538461537,22,1.353846153846154,7,0.4307692307692308,26.72085278067184,1.8533999320320071,11,0.676923076923077,0.0,0.0,0.06153846153846154,0.8148842647445754
bayes_mean-fix-seed43,large_circle,4,90,1544568514,success,71,17.75,0.19602104675050358,0,0.0,2,1.668789321424299,14.306380347886556,15.51598496735096,14.788241604276362,52,2.9295774647887325,27,1.5211267605633803,5,0.28169014084507044,34.76831591738499,2.3510784343238567,12,0.676056338028169,0.015625,0.0,0.11267605633802817,0.7951827478500428
bayes_mean-fix-seed43,large_circle,4,91,1544568515,success,72,18.0,0.208120325872315,0,0.0,0,1.0492341251623485,13.986595958057377,15.014821663498878,16.524037032098082,43,2.388888888888889,29,1.6111111111111112,5,0.2777777777777778,26.26380158146878,1.5894300848183238,6,0.3333333333333333,0.15384615384615385,0.12307692307692308,0.1388888888888889,0.7134414015367185
bayes_mean-fix-seed43,large_circle,4,92,1544568516,success,63,15.75,0.2046500676825873,0,0.0,0,0.7797982752354206,14.193559804606059,15.233063697814941,13.399514417933007,37,2.3492063492063493,23,1.4603174603174602,5,0.31746031746031744,26.538676024139146,1.9805699815973608,9,0.5714285714285714,0.0,0.0,0.047619047619047616,0.8742455242491429
bayes_mean-fix-seed43,large_circle,4,93,1544568517,success,60,15.0,0.191829892873692,0,0.0,1,0.7213715179062994,14.518967953821024,16.54975824058056,13.697381754813023,34,2.2666666666666666,21,1.4,4,0.26666666666666666,22.425718264964754,1.6372266369143682,8,0.5333333333333333,0.0,0.0,0.03333333333333333,0.8555175226511793
bayes_mean-fix-seed43,large_circle,4,94,1544568518,success,66,16.5,0.19294759214044133,0,0.0,1,0.5845214061213543,14.221020438002817,15.666957013309002,13.872023352548565,42,2.5454545454545454,23,1.393939393939394,4,0.24242424242424243,23.283413464028822,1.6784439351272573,6,0.36363636363636365,0.0,0.0,0.030303030303030304,0.8533555382093515
bayes_mean-fix-seed43,large_circle,4,95,1544568519,success,100,25.0,0.16688783638285754,0,0.0,5,0.5466274473809412,14.509785398840904,15.527048148214817,20.45789985591075,62,2.48,22,0.88,8,0.32,41.25463963779444,2.0165627913109097,16,0.64,0.22580645161290322,0.12903225806451613,0.14,0.5781554207753526
bayes_mean-fix-seed43,large_circle,4,96,1544568520,success,69,17.25,0.2323671268252162,0,0.0,0,0.9492355732502155,14.15000591373098,15.58135598897934,14.72312167643004,44,2.550724637681159,21,1.2173913043478262,3,0.17391304347826086,24.76013946420048,1.6817180492258315,10,0.5797101449275363,0.0,0.0,0.08695652173913043,0.8032129350072004
bayes_mean-fix-seed43,large_circle,4,97,1544568521,success,61,15.25,0.1924999864943654,0,0.0,2,0.7909283343585548,14.404125450575938,15.35271480679512,14.18289711247893,27,1.7704918032786885,15,0.9836065573770492,2,0.13114754098360656,16.34613585468405,1.152524461331795,5,0.32786885245901637,0.0,0.0,0.01639344262295082,0.82625422366151
bayes_mean-fix-seed43,large_circle,4,98,1544568522,timeout,101,25.25,0.2100969518487168,0,0.0,0,1.4716756367973987,14.28986657964121,15.680350363254547,22.05732104034513,50,1.9801980198019802,24,0.9504950495049505,8,0.31683168316831684,41.005959604723415,1.8590634615019321,8,0.31683168316831684,0.1595744680851064,0.06382978723404255,0.1782178217821782,0.4510579789358243
bayes_mean-fix-seed43,large_circle,4,99,1544568523,success,54,13.5,0.1736056971239085,0,0.0,1,0.9200131495981659,14.598217620341867,16.23005773872137,13.293575302042473,19,1.4074074074074074,12,0.8888888888888888,0,0.0,6.233508974837321,0.4689113976643726,1,0.07407407407407407,0.0,0.0,0.0,0.8863959158190999
bayes_mean-fix-seed43,large_circle,4,100,1544568524,timeout,101,25.25,0.21215603054574395,0,0.0,0,0.8924252482926671,14.690392973399398,15.972785651683807,21.469906208694276,65,2.5742574257425743,32,1.2673267326732673,15,0.594059405940594,62.659959493441406,2.918501780322969,17,0.6732673267326733,0.18085106382978725,0.18085106382978725,0.13861386138613863,0.4802719114264343
bayes_mean-fix-seed43,large_circle,4,101,1544568525,timeout,101,25.25,0.20180926666149124,0,0.0,0,0.8791412760321632,14.362519072128995,15.590101480484009,23.043153650156828,46,1.8217821782178218,19,0.7524752475247525,9,0.3564356435643564,34.00789897543656,1.4758352737540814,11,0.43564356435643564,0.1595744680851064,0.02127659574468085,0.1485148514851485,0.43002237370542284
bayes_mean-fix-seed43,large_circle,4,102,1544568526,success,76,19.0,0.2981326807716306,0,0.0,0,0.9096840859440164,14.47475843719746,15.889381058514118,16.036233059706646,51,2.6842105263157894,29,1.5263157894736843,6,0.3157894736842105,34.652222568863785,2.160870476242485,14,0.7368421052631579,0.08695652173913043,0.0,0.10526315789473684,0.7333596602953034
bayes_mean-fix-seed43,large_circle,4,103,1544568527,success,62,15.5,0.22546267088771477,0,0.0,0,0.9827893570907296,14.694931826764538,15.91506227850914,13.815859868277302,28,1.8064516129032258,16,1.032258064516129,6,0.3870967741935484,26.179190727612013,1.8948651026580146,11,0.7096774193548387,0.0,0.0,0.04838709677419355,0.8550090516111426
bayes_mean-fix-seed43,large_circle,4,104,1544568528,success,75,18.75,0.21366930001208428,0,0.0,0,0.9273914982092869,14.793251901865005,15.995439887046812,15.457716318275928,52,2.7733333333333334,33,1.76,6,0.32,35.58458683063269,2.302059767299547,11,0.5866666666666667,0.08823529411764706,0.058823529411764705,0.10666666666666667,0.767268961375917
bayes_mean-fix-seed43,large_circle,4,105,1544568529,success,60,15.0,0.22178683435708135,0,0.0,0,0.5465564210270756,14.304661378264427,15.462694689631462,14.361067966889891,30,2.0,17,1.1333333333333333,2,0.13333333333333333,14.349935746395543,0.9992248333814717,5,0.3333333333333333,0.0,0.0,0.016666666666666666,0.8211292791802517
bayes_mean-fix-seed43,large_circle,4,106,1544568530,success,63,15.75,0.2763851215834251,0,0.0,0,0.6896436669798757,14.644042307895328,16.24772548675537,14.340419838522118,40,2.5396825396825395,20,1.2698412698412698,5,0.31746031746031744,27.553304814849675,1.9213736505004053,13,0.8253968253968254,0.0,0.0,0.047619047619047616,0.8185002229780141
bayes_mean-fix-seed43,large_circle,4,107,1544568531,success,67,16.75,0.285956376216995,0,0.0,0,1.6190476659233528,14.520970854296612,15.888318419456482,15.243228807643908,35,2.08955223880597,14,0.835820895522388,6,0.3582089552238806,24.443950289467598,1.6035940021585107,5,0.29850746268656714,0.05,0.05,0.07462686567164178,0.7752067493687621
bayes_mean-fix-seed43,large_circle,4,108,1544568532,success,77,19.25,0.45384719965915343,0,0.0,0,2.335879098264104,14.862163548732733,16.494590044021606,15.613787141886185,53,2.7532467532467533,33,1.7142857142857142,15,0.7792207792207793,55.44518009062192,3.551039833371521,18,0.935064935064935,0.15714285714285714,0.15714285714285714,0.14285714285714285,0.7505393400757073
bayes_mean-fix-seed43,large_circle,4,109,1544568533,success,75,18.75,0.20110048929163493,0,0.0,0,1.0478087455108154,14.5165154337883,15.89861661195755,15.775396590399787,36,1.92,12,0.64,7,0.37333333333333335,27.1676127229479,1.7221508547988529,3,0.16,0.11764705882352941,0.0,0.12,0.7482572645977145
bayes_mean-fix-seed43,large_circle,4,110,1544568534,success,73,18.25,0.2606423590659811,0,0.0,0,1.4510775287261652,14.415819912332378,15.714388340711594,15.76684097117671,40,2.191780821917808,24,1.3150684931506849,12,0.6575342465753424,41.91586039502117,2.6584818399353023,6,0.3287671232876712,0.10606060606060606,0.10606060606060606,0.1232876712328767,0.7489432093661635
bayes_mean-fix-seed43,large_circle,4,111,1544568535,success,68,17.0,0.18518851319844998,0,0.0,3,0.36610063680154775,14.223034712759887,15.457619726657867,14.236854533457603,41,2.411764705882353,20,1.1764705882352942,2,0.11764705882352941,19.227568454389207,1.350548915787759,7,0.4117647058823529,0.0,0.0,0.029411764705882353,0.8290524675913005
bayes_mean-fix-seed43,large_circle,4,112,1544568536,success,62,15.5,0.07599800816492952,0,0.0,8,0.5540570699596444,13.954168966700953,15.43851215392351,14.53812481609681,31,2.0,18,1.1612903225806452,2,0.12903225806451613,18.2037073435341,1.2521358547822279,9,0.5806451612903226,0.0,0.0,0.03225806451612903,0.8049514784837458
bayes_mean-fix-seed43,large_circle,4,113,1544568537,success,64,16.0,0.5773848057338414,0,0.0,0,1.4484039508388409,14.369299111422151,15.853251144289969,13.975221273760443,28,1.75,9,0.5625,4,0.25,18.27357272935786,1.307569473956588,5,0.3125,0.0,0.0,0.0625,0.845423060052155
bayes_mean-fix-seed43,large_circle,4,114,1544568538,success,67,16.75,0.1847156342521229,0,0.0,4,1.0784601272926935,14.37377757323322,15.948469936847687,14.73895163963104,40,2.388059701492537,17,1.0149253731343284,3,0.1791044776119403,21.781166734963474,1.4777962006739254,6,0.3582089552238806,0.0,0.0,0.07462686567164178,0.8090258339091493
bayes_mean-fix-seed43,large_circle,4,115,1544568539,timeout,101,25.25,0.19086497190447804,0,0.0,4,0.8696782518565523,15.024807451680156,16.369536519050598,21.99200394912219,57,2.257425742574257,27,1.0693069306930694,13,0.5148514851485149,54.71291291822318,2.4878548150864193,20,0.7920792079207921,0.13829787234042554,0.13829787234042554,0.1485148514851485,0.4561657864567059
bayes_mean-fix-seed43,large_circle,4,116,1544568540,success,69,17.25,0.4647097226746443,0,0.0,0,0.9454471191944414,14.503186595612679,16.074638068675995,14.378169393896071,39,2.260869565217391,18,1.0434782608695652,12,0.6956521739130435,37.95100377776082,2.6394878748522785,12,0.6956521739130435,0.0,0.0,0.13043478260869565,0.8165022836994552
bayes_mean-fix-seed43,large_circle,4,117,1544568541,success,61,15.25,0.42897417603764876,0,0.0,0,1.1917382023905105,14.064218971084376,15.309751033782959,14.189591929805163,21,1.3770491803278688,12,0.7868852459016393,6,0.39344262295081966,20.67371617157135,1.4569634048563664,5,0.32786885245901637,0.018518518518518517,0.018518518518518517,0.06557377049180328,0.830983269285098
bayes_mean-fix-seed43,large_circle,4,118,1544568542,success,66,16.5,0.07476835395033166,0,0.0,2,0.7989371668077727,14.28764680344047,15.682308934628963,15.442735525755298,33,2.0,18,1.0909090909090908,2,0.12121212121212122,16.150068119631538,1.0458035814118913,5,0.30303030303030304,0.05084745762711865,0.05084745762711865,0.10606060606060606,0.7599444056794463
bayes_mean-fix-seed43,large_circle,4,119,1544568543,success,62,15.5,0.21870476402540018,0,0.0,0,0.6870793338393301,16.133740904831118,15.423132851719856,13.450302196156823,32,2.064516129032258,17,1.096774193548387,5,0.3225806451612903,24.88315969411588,1.850007481707421,6,0.3870967741935484,0.0,0.0,0.06451612903225806,0.8776830041768986
bayes_mean-fix-seed43,large_circle,4,120,1544568544,success,76,19.0,0.15258574467307606,0,0.0,2,0.7264944793337064,14.656942582836276,16.047297045588493,15.191961455580746,52,2.736842105263158,30,1.5789473684210527,13,0.6842105263157895,49.4756918101215,3.2567020364540666,21,1.105263157894737,0.07246376811594203,0.07246376811594203,0.13157894736842105,0.7755203445119836
bayes_mean-fix-seed43,large_circle,4,121,1544568545,success,82,20.5,0.21870713653453722,0,0.0,0,0.678204178680428,14.475004384067,16.07960592955351,19.134898194347315,36,1.7560975609756098,13,0.6341463414634146,6,0.2926829268292683,26.1648003963926,1.367386443901855,7,0.34146341463414637,0.17333333333333334,0.14666666666666667,0.17073170731707318,0.613770462331174
bayes_mean-fix-seed43,large_circle,4,122,1544568546,success,68,17.0,0.19875084915937669,0,0.0,1,1.2160286966274987,15.03910737879136,16.92537236958742,15.622108235481983,33,1.9411764705882353,19,1.1176470588235294,5,0.29411764705882354,26.09243150285723,1.6702247295659074,5,0.29411764705882354,0.0,0.0,0.04411764705882353,0.752231049970834
bayes_mean-fix-seed43,large_circle,4,123,1544568547,success,62,15.5,0.20596794502511517,0,0.0,0,0.5520323560992138,14.438909208101611,16.411120630800724,13.684361226796613,38,2.4516129032258065,23,1.4838709677419355,0,0.0,15.137647239384016,1.1062005005934503,2,0.12903225806451613,0.0,0.0,0.0,0.8570230327495337
bayes_mean-fix-seed43,large_circle,4,124,1544568548,success,78,19.5,0.6711642888864203,0,0.0,0,3.2938028070089445,14.454993873070448,15.753263235092163,15.804464361794604,45,2.3076923076923075,22,1.1282051282051282,7,0.358974358974359,39.31256756520715,2.4874343517924316,12,0.6153846153846154,0.15492957746478872,0.15492957746478872,0.14102564102564102,0.7440955849585915
bayes_mean-fix-seed43,large_circle,4,125,1544568549,success,100,25.0,0.2007587603810932,0,0.0,0,0.8656133679530699,14.49192751199007,15.750707685947418,21.446693390050758,54,2.16,14,0.56,12,0.48,43.99238576786274,2.051243283417809,11,0.44,0.3333333333333333,0.21505376344086022,0.22,0.5484256301688598
bayes_mean-fix-seed43,large_circle,4,126,1544568550,success,62,15.5,0.24364114576561569,0,0.0,0,0.7748289526962375,14.404165708730298,15.708145499229431,14.676736526405403,27,1.7419354838709677,10,0.6451612903225806,2,0.12903225806451613,15.343887274872793,1.045456341555706,3,0.1935483870967742,0.0,0.0,0.06451612903225806,0.8024896562658536
bayes_mean-fix-seed43,large_circle,4,127,1544568551,success,62,15.5,0.3928122748565738,0,0.0,0,1.5306664899697942,14.557359259455435,15.854460000991821,14.584028727579598,25,1.6129032258064515,15,0.967741935483871,4,0.25806451612903225,19.81851386135037,1.3589190087010683,9,0.5806451612903226,0.0,0.0,0.04838709677419355,0.8093035556294853
bayes_mean-fix-seed43,large_circle,4,128,1544568552,success,77,19.25,0.19237083498760665,0,0.0,2,0.4664348999026041,14.248619654348918,15.438561886548996,17.853015349043027,46,2.3896103896103895,26,1.3506493506493507,6,0.3116883116883117,29.349242162651464,1.6439375415775166,9,0.4675324675324675,0.08571428571428572,0.08571428571428572,0.11688311688311688,0.6579651683959028
bayes_mean-fix-seed43,large_circle,4,129,1544568553,success,56,14.0,0.24280979768046218,0,0.0,0,0.8446158556811957,13.956258206495217,15.375309623777866,13.931516079495154,10,0.7142857142857143,6,0.42857142857142855,0,0.0,3.508778079951783,0.25185902667952365,1,0.07142857142857142,0.0,0.0,0.0,0.8443823404584669
bayes_mean-fix-seed43,large_circle,4,130,1544568554,success,74,18.5,0.28677724174889063,0,0.0,0,1.1932557785078872,14.09730053431279,15.403902158141134,14.681512372175339,46,2.4864864864864864,33,1.7837837837837838,17,0.918918918918919,61.080218755996896,4.1603492343034905,24,1.2972972972972974,0.05970149253731343,0.05970149253731343,0.14864864864864866,0.8018874576821696
bayes_mean-fix-seed43,large_circle,4,131,1544568555,success,68,17.0,0.18511366115833316,0,0.0,1,0.8264173103590844,14.70177576822393,16.099085845053196,12.777113008150408,39,2.2941176470588234,17,1.0,2,0.11764705882352941,15.078480244423265,1.1801163717347443,10,0.5882352941176471,0.0,0.0,0.014705882352941176,0.9161141711069742
bayes_mean-fix-seed43,large_circle,4,132,1544568556,success,78,19.5,0.23233032019215438,0,0.0,0,1.1553650488936849,14.264111717542013,15.63425026834011,16.215107157166592,49,2.5128205128205128,29,1.4871794871794872,9,0.46153846153846156,38.77731494474448,2.3914313096355992,11,0.5641025641025641,0.16901408450704225,0.16901408450704225,0.16666666666666666,0.7254033711699642
bayes_mean-fix-seed43,large_circle,4,133,1544568557,success,69,17.25,0.46339552060232514,0,0.0,0,1.6244248932587688,14.382026279750077,15.47514349222183,15.013493660319147,36,2.0869565217391304,21,1.2173913043478262,7,0.4057971014492754,28.140120524177018,1.8743219373750235,8,0.463768115942029,0.03225806451612903,0.03225806451612903,0.057971014492753624,0.7833366105371355
bayes_mean-fix-seed43,large_circle,4,134,1544568558,timeout,101,25.25,0.20704919686521084,0,0.0,0,1.4641290836227894,14.528451395211833,15.569619834423065,22.56882954346438,58,2.297029702970297,23,0.9108910891089109,10,0.39603960396039606,42.634526631384546,1.88908895560031,11,0.43564356435643564,0.20212765957446807,0.07446808510638298,0.2079207920792079,0.48703158091795673
bayes_mean-fix-seed43,large_circle,4,135,1544568559,success,68,17.0,0.19317830692865068,0,0.0,2,0.7393611693273648,14.013471027069231,15.665916167199612,14.84216615642253,40,2.3529411764705883,22,1.2941176470588236,10,0.5882352941176471,34.90382106835805,2.351666239314697,5,0.29411764705882354,0.0,0.0,0.08823529411764706,0.7928369475784866
bayes_mean-fix-seed43,large_circle,4,136,1544568560,timeout,101,25.25,0.19099435344111082,0,0.0,2,1.0183113499874272,14.36541786435807,15.626274049282074,22.691010078974703,48,1.900990099009901,18,0.7128712871287128,9,0.3564356435643564,41.382647324247,1.823746372691968,12,0.4752475247524752,0.2127659574468085,0.10638297872340426,0.16831683168316833,0.41848348756258746
bayes_mean-fix-seed43,large_circle,4,137,1544568561,success,61,15.25,0.30437430090145234,0,0.0,0,0.9456499832801988,13.984094144868068,14.977656304836273,13.960409629075848,33,2.1639344262295084,25,1.639344262295082,7,0.45901639344262296,28.93820351209716,2.0728763898035285,11,0.7213114754098361,0.0,0.0,0.06557377049180328,0.8467937789492417
bayes_mean-fix-seed43,large_circle,4,138,1544568562,success,64,16.0,0.21508303385310745,0,0.0,0,0.6107059337849334,14.190740650519729,15.46124629676342,14.422487616721467,37,2.3125,21,1.3125,2,0.125,23.387264112345257,1.6215832340344676,11,0.6875,0.0,0.0,0.015625,0.8141283987722965
bayes_mean-fix-seed43,large_circle,4,139,1544568563,success,54,13.5,0.4206460922150618,0,0.0,0,2.466922940873434,14.361907072641232,15.795918740332127,13.265047678160244,15,1.1111111111111112,11,0.8148148148148148,0,0.0,5.07010499416921,0.38221536154119523,1,0.07407407407407407,0.0,0.0,0.0,0.887529442633263
bayes_mean-fix-seed43,large_circle,4,140,1544568564,success,73,18.25,0.20784284345816162,0,0.0,0,1.6259502010301747,14.215518809752922,15.599388629198074,15.850595360676701,40,2.191780821917808,23,1.2602739726027397,5,0.273972602739726,32.45846559809908,2.0477758001837825,7,0.3835616438356164,0.06060606060606061,0.06060606060606061,0.0821917808219178,0.7444459975508934
bayes_mean-fix-seed43,large_circle,4,141,1544568565,success,64,16.0,0.22185019404520046,0,0.0,0,0.9078620054557643,13.902687176596373,14.99544084072113,14.424184732488026,30,1.875,17,1.0625,5,0.3125,19.89155569993305,1.3790419402443383,5,0.3125,0.0,0.0,0.046875,0.8221245010819741
bayes_mean-fix-seed43,large_circle,4,142,1544568566,success,65,16.25,0.19913569332474357,0,0.0,1,1.0245520883372048,14.040199094093763,15.57638794183731,14.536428685568266,28,1.7230769230769232,13,0.8,5,0.3076923076923077,21.18534522622895,1.4573968396557893,5,0.3076923076923077,0.08620689655172414,0.08620689655172414,0.046153846153846156,0.8082962069081373
bayes_mean-fix-seed43,large_circle,4,143,1544568567,success,76,19.0,0.23632071173708402,0,0.0,0,1.7449521699644437,14.292053976341299,15.753386542201042,16.157185359754468,45,2.3684210526315788,26,1.368421052631579,10,0.5263157894736842,41.92395219960745,2.594755909902153,12,0.631578947368421,0.057971014492753624,0.057971014492753624,0.11842105263157894,0.724718316246744
bayes_mean-fix-seed43,large_circle,4,144,1544568568,success,64,16.0,0.29312828871071583,0,0.0,0,0.9399304511050294,14.149592781905085,15.831027738749981,13.87203108054847,39,2.4375,17,1.0625,4,0.25,24.656788726248504,1.7774461852830297,12,0.75,0.0,0.0,0.03125,0.846056606636703
bayes_mean-fix-seed43,large_circle,4,145,1544568569,timeout,101,25.25,0.7062879812738286,0,0.0,0,3.6216209705429274,15.037128646479974,16.26625657081604,19.68534339921467,64,2.5346534653465347,23,0.9108910891089109,29,1.1485148514851484,84.09874438806166,4.272150232919824,24,0.9504950495049505,0.22340425531914893,0.22340425531914893,0.1485148514851485,0.5602320057151665
bayes_mean-fix-seed43,large_circle,4,146,1544568570,success,70,17.5,0.33323563863154393,0,0.0,0,1.3641558774007894,14.105467657957758,15.422516502439976,15.149227579760835,39,2.2285714285714286,23,1.3142857142857143,5,0.2857142857142857,31.043639251273852,2.0491895766849355,12,0.6857142857142857,0.031746031746031744,0.031746031746031744,0.1,0.7787856086338724
bayes_mean-fix-seed43,large_circle,4,147,1544568571,success,65,16.25,0.20546346311226737,0,0.0,0,0.616834592453574,14.233615765204796,15.910132974386215,14.972681238447837,30,1.8461538461538463,8,0.49230769230769234,1,0.06153846153846154,11.446033123197497,0.7644611503386326,5,0.3076923076923077,0.0,0.0,0.046153846153846156,0.7831304259208403
bayes_mean-fix-seed43,large_circle,4,148,1544568572,timeout,101,25.25,0.20090073992644597,0,0.0,0,0.8042401398365548,14.526373384022477,16.218308359384537,21.792479519094144,70,2.772277227722772,37,1.4653465346534653,12,0.4752475247524752,55.93232710804602,2.566588490265149,17,0.6732673267326733,0.24468085106382978,0.23404255319148937,0.1782178217821782,0.4849903675993319
bayes_mean-fix-seed43,large_circle,4,149,1544568573,success,69,17.25,0.20920797676431202,0,0.0,0,1.2632099331300382,14.535300865553427,15.868204087018967,15.291818498058502,37,2.1449275362318843,19,1.1014492753623188,6,0.34782608695652173,29.17331168718566,1.9077725576516356,8,0.463768115942029,0.04838709677419355,0.03225806451612903,0.11594202898550725,0.7718757385351086
bayes_mean-fix-seed43,large_circle,4,150,1544568574,success,64,16.0,0.24664187439781282,0,0.0,0,1.4157345266505184,14.067597046960145,15.570265054702759,14.724136339954736,25,1.5625,19,1.1875,6,0.375,21.573764524049118,1.4651972805703752,5,0.3125,0.0,0.0,0.046875,0.8050873673226326
bayes_mean-fix-seed43,large_circle,4,151,1544568575,success,79,19.75,0.17944199739105293,0,0.0,4,0.6431803110840062,14.228294780359992,16.3439966738224,17.04655805084884,51,2.5822784810126582,17,0.8607594936708861,3,0.1518987341772152,25.97214699304378,1.5236006539015357,12,0.6075949367088608,0.09722222222222222,0.08333333333333333,0.13924050632911392,0.6898049698246974
bayes_mean-fix-seed43,large_circle,4,152,1544568576,success,54,13.5,0.23430852713875083,0,0.0,0,1.2919454535123487,14.155044323868221,15.510328859090805,13.376676007645434,11,0.8148148148148148,5,0.37037037037037035,0,0.0,4.987292101764075,0.37283493290213426,1,0.07407407407407407,0.0,0.0,0.0,0.8777731181996542
bayes_mean-fix-seed43,large_circle,4,153,1544568577,success,69,17.25,0.23828682418914027,0,0.0,0,1.4362999174827336,14.045017460982004,15.289309620857239,15.052641293189671,34,1.9710144927536233,21,1.2173913043478262,11,0.6376811594202898,36.44617684289571,2.4212479479853948,10,0.5797101449275363,0.12903225806451613,0.12903225806451613,0.10144927536231885,0.7803646007552142
bayes_mean-fix-seed43,large_circle,4,154,1544568578,success,74,18.5,0.22764861066316355,0,0.0,0,2.4914348434741505,14.505008084548486,16.13144688308239,15.306952437165478,41,2.2162162162162162,25,1.3513513513513513,15,0.8108108108108109,43.825126644355514,2.8630863540117586,12,0.6486486486486487,0.16417910447761194,0.13432835820895522,0.16216216216216217,0.7654887034176425
bayes_mean-fix-seed43,large_circle,4,155,1544568579,success,82,20.5,0.17856823265009614,0,0.0,4,1.258528726880981,14.252731031397493,15.7486192882061,18.550335650102745,46,2.2439024390243905,27,1.3170731707317074,1,0.04878048780487805,23.2345233969277,1.2525122906225694,3,0.14634146341463414,0.17333333333333334,0.13333333333333333,0.14634146341463414,0.6415293236627193
bayes_mean-fix-seed43,large_circle,4,156,1544568580,success,71,17.75,0.18831048199028733,0,0.0,3,0.45666320079677375,15.047898279948972,16.557717695832253,15.931617322793741,45,2.535211267605634,27,1.5211267605633803,5,0.28169014084507044,28.463675495869083,1.7866155657119274,7,0.39436619718309857,0.0,0.0,0.056338028169014086,0.7363904799984167
bayes_mean-fix-seed43,large_circle,4,157,1544568581,timeout,101,25.25,0.17714621260937824,0,0.0,2,1.0266917217101685,15.323437381498884,16.752470284700394,22.743519034291857,67,2.6534653465346536,34,1.3465346534653466,9,0.3564356435643564,46.736427407538606,2.05493386212886,11,0.43564356435643564,0.1276595744680851,0.07446808510638298,0.15841584158415842,0.43647784566866543
bayes_mean-fix-seed43,large_circle,4,158,1544568582,timeout,101,25.25,0.1788774315010867,0,0.0,2,0.5507873837125041,14.150846749544144,15.406515449285507,19.536759919455555,72,2.8514851485148514,36,1.4257425742574257,34,1.3465346534653466,104.98754317731527,5.373846206338652,30,1.188118811881188,0.3191489361702128,0.30851063829787234,0.297029702970297,0.5691633469071358
bayes_mean-fix-seed43,large_circle,4,159,1544568583,timeout,101,25.25,0.35471878397163303,0,0.0,0,1.5077879293275838,14.600318146519141,15.796147286891937,20.462392665949316,65,2.5742574257425743,33,1.306930693069307,14,0.5544554455445545,59.494929346692636,2.907525542977966,12,0.4752475247524752,0.11702127659574468,0.11702127659574468,0.1485148514851485,0.47906409178687354
bayes_mean-fix-seed43,large_circle,4,160,1544568584,success,68,17.0,0.21834495028341272,0,0.0,0,1.4606195692714803,14.485896400669041,16.113306768238544,14.554935492950396,38,2.235294117647059,19,1.1176470588235294,4,0.23529411764705882,24.381899178160335,1.6751636714549216,8,0.47058823529411764,0.0,0.0,0.04411764705882353,0.8118587693155822
bayes_mean-fix-seed43,large_circle,4,161,1544568585,success,80,20.0,0.37405335368373627,0,0.0,0,1.796244350941302,14.388418197631836,15.963432565331459,15.664673360995302,56,2.8,37,1.85,17,0.85,61.04496055054279,3.8969826656292383,22,1.1,0.1917808219178082,0.1917808219178082,0.1625,0.7583915101273742
bayes_mean-fix-seed43,large_circle,4,162,1544568586,success,63,15.75,0.20959863427572079,0,0.0,0,0.9255864897993723,14.026942766375011,15.59305153787136,14.187058446764464,32,2.0317460317460316,15,0.9523809523809523,3,0.19047619047619047,20.07612626505111,1.4151013996583428,9,0.5714285714285714,0.07142857142857142,0.07142857142857142,0.09523809523809523,0.8345997739878198
bayes_mean-fix-seed43,large_circle,4,163,1544568587,success,57,14.25,0.19407549195496276,0,0.0,1,0.7641038438263048,14.719740144516292,16.495094448328018,13.789432490236102,22,1.543859649122807,12,0.8421052631578947,0,0.0,10.163125732063849,0.7370227701002244,7,0.49122807017543857,0.0,0.0,0.0,0.8514975214221249
bayes_mean-fix-seed43,large_circle,4,164,1544568588,success,65,16.25,0.18818666929779937,0,0.0,3,0.6297669533802944,14.657830332334225,16.158176213502884,14.4659777415148,35,2.1538461538461537,20,1.2307692307692308,6,0.36923076923076925,27.792274970920456,1.9212164893052155,7,0.4307692307692308,0.05172413793103448,0.05172413793103448,0.07692307692307693,0.8088687548143586
bayes_mean-fix-seed43,large_circle,4,165,1544568589,success,62,15.5,0.18978124209792513,0,0.0,1,0.8258508728701403,14.121548723309271,15.718806721270084,14.557588321624092,31,2.0,20,1.2903225806451613,1,0.06451612903225806,15.776746464718396,1.0837472606148195,4,0.25806451612903225,0.0,0.0,0.03225806451612903,0.8059580045302347
bayes_mean-fix-seed43,large_circle,4,166,1544568590,success,56,14.0,0.45573020257725727,0,0.0,0,0.9063747264617931,14.006084097283226,15.355327166616917,13.26556382341434,23,1.6428571428571428,12,0.8571428571428571,4,0.2857142857142857,16.867943356957213,1.2715587201189673,7,0.5,0.0,0.0,0.03571428571428571,0.8820026012780794
bayes_mean-fix-seed43,large_circle,4,167,1544568591,success,78,19.5,0.22878496450348818,0,0.0,0,1.2998246617374447,14.43669352775965,16.030736453831196,14.973619305735944,46,2.358974358974359,27,1.3846153846153846,5,0.2564102564102564,32.24390973168004,2.153381161448947,8,0.41025641025641024,0.18309859154929578,0.14084507042253522,0.1282051282051282,0.7826080748552731
bayes_mean-fix-seed43,large_circle,4,168,1544568592,success,65,16.25,0.22222408244890324,0,0.0,0,0.528889177133813,13.974068543085686,15.281355381011963,15.257394241061016,31,1.9076923076923078,12,0.7384615384615385,4,0.24615384615384617,19.839378302246796,1.3003123592922996,7,0.4307692307692308,0.08620689655172414,0.05172413793103448,0.1076923076923077,0.7673115291971047
bayes_mean-fix-seed43,large_circle,4,169,1544568593,timeout,101,25.25,0.16875828813256788,0,0.0,5,1.1225865632804555,14.370320346390846,15.519417822360992,20.46352359060702,63,2.495049504950495,27,1.0693069306930694,20,0.7920792079207921,67.60470340229176,3.303668750054514,14,0.5544554455445545,0.24468085106382978,0.24468085106382978,0.18811881188118812,0.541763401571186
bayes_mean-fix-seed43,large_circle,4,170,1544568594,success,72,18.0,0.1767922156764613,0,0.0,3,1.0331402328164883,14.351381506356928,16.314029693603516,15.600848084004047,39,2.1666666666666665,20,1.1111111111111112,10,0.5555555555555556,40.14473881475726,2.573240800666388,9,0.5,0.015384615384615385,0.015384615384615385,0.09722222222222222,0.7518475390202219
bayes_mean-fix-seed43,large_circle,4,171,1544568595,success,57,14.25,0.31559603272695824,0,0.0,0,0.7593620299580278,14.111865703996859,15.425025671720505,13.221267850252795,18,1.263157894736842,14,0.9824561403508771,6,0.42105263157894735,20.4384502321165,1.5458767240484967,3,0.21052631578947367,0.0,0.0,0.05263157894736842,0.8857955937893586
bayes_mean-fix-seed43,large_circle,4,172,1544568596,success,59,14.75,0.1770377564422695,0,0.0,1,0.5838316808241334,14.059122841236954,15.939201042056084,13.667096517077885,25,1.694915254237288,11,0.7457627118644068,3,0.2033898305084746,17.60006057769852,1.2877688070546771,5,0.3389830508474576,0.0,0.0,0.03389830508474576,0.8711221505264376
bayes_mean-fix-seed43,large_circle,4,173,1544568597,timeout,101,25.25,0.1899352807724325,0,0.0,1,1.6919378521995532,14.3909621061665,15.626255422830582,22.411109742377352,49,1.9405940594059405,25,0.9900990099009901,15,0.594059405940594,49.799171515717106,2.2220752157378194,10,0.39603960396039606,0.14893617021276595,0.05319148936170213,0.22772277227722773,0.47708291535956326
bayes_mean-fix-seed43,large_circle,4,174,1544568598,success,70,17.5,0.1922578954964379,0,0.0,1,1.271824376367667,14.673606040222305,16.234109736979008,15.1831145538393,42,2.4,34,1.9428571428571428,9,0.5142857142857142,39.38862102877815,2.594238546321057,10,0.5714285714285714,0.0,0.0,0.11428571428571428,0.7762559827320183
bayes_mean-fix-seed43,large_circle,4,175,1544568599,timeout,101,25.25,0.21182857124409038,0,0.0,0,0.9300924436684271,14.619345490885253,16.225632280111313,21.54196066445378,63,2.495049504950495,34,1.3465346534653466,10,0.39603960396039606,49.426290651096465,2.2944193159100137,9,0.3564356435643564,0.1276595744680851,0.06382978723404255,0.15841584158415842,0.49823229691385673
bayes_mean-fix-seed43,large_circle,4,176,1544568600,success,58,14.5,0.20800247252179627,0,0.0,0,1.0354056122855657,14.10386107605079,15.061615034937859,13.908456348893552,20,1.3793103448275863,11,0.7586206896551724,2,0.13793103448275862,12.230121788656387,0.8793299185663634,3,0.20689655172413793,0.0,0.0,0.017241379310344827,0.8477371879942789
bayes_mean-fix-seed43,large_circle,4,177,1544568601,success,72,18.0,0.18620516233841033,0,0.0,1,0.7538195440200018,14.2938242190414,15.594058856368065,14.862208381373,46,2.5555555555555554,26,1.4444444444444444,8,0.4444444444444444,38.32232780605916,2.578508309309472,12,0.6666666666666666,0.0,0.0,0.09722222222222222,0.7878593480052662
bayes_mean-fix-seed43,large_circle,4,178,1544568602,success,55,13.75,0.17708058917667668,0,0.0,3,0.6413750903394649,14.29012187502601,15.552519634366035,13.29685284470693,29,2.109090909090909,20,1.4545454545454546,0,0.0,12.346054443422076,0.9284944781754626,7,0.509090909090909,0.0,0.0,0.0,0.8830806695912922
bayes_mean-fix-seed43,large_circle,4,179,1544568603,success,69,17.25,0.24614742618756102,0,0.0,0,0.5926755046798386,14.523679525523946,15.93259572982788,13.99991209103185,41,2.3768115942028984,24,1.391304347826087,5,0.2898550724637681,30.59638045999513,2.1854694701686554,11,0.6376811594202898,0.0,0.0,0.057971014492753624,0.8408932005817993
bayes_mean-fix-seed43,large_circle,4,180,1544568604,success,70,17.5,0.2063787010176219,0,0.0,0,1.655503196470507,14.05370661190578,15.141884051263332,14.705967541264046,41,2.342857142857143,25,1.4285714285714286,8,0.45714285714285713,33.89772121040569,2.305031689706288,10,0.5714285714285714,0.09523809523809523,0.09523809523809523,0.1,0.7978896033154371
bayes_mean-fix-seed43,large_circle,4,181,1544568605,success,70,17.5,0.21261264967734295,0,0.0,0,0.866468036327842,14.188627472945623,15.75383935123682,14.936228724376244,39,2.2285714285714286,22,1.2571428571428571,6,0.34285714285714286,31.653523257274987,2.119244679590087,7,0.4,0.1111111111111111,0.047619047619047616,0.14285714285714285,0.7871133163267572
bayes_mean-fix-seed43,large_circle,4,182,1544568606,success,66,16.5,0.4434118986691099,0,0.0,0,1.5221085356459685,14.141384004191918,15.602490864694118,14.79153860867797,34,2.0606060606060606,17,1.0303030303030303,6,0.36363636363636365,26.374772978240358,1.7830986806718458,10,0.6060606060606061,0.0,0.0,0.06060606060606061,0.7949784253434992
bayes_mean-fix-seed43,large_circle,4,183,1544568607,success,60,15.0,0.22705665690000332,0,0.0,0,1.9518436954293727,14.136345436175665,15.392177179455757,13.471805923458227,28,1.8666666666666667,17,1.1333333333333333,6,0.4,24.9506196963801,1.8520619906596199,9,0.6,0.0,0.0,0.05,0.8764858811863862
bayes_mean-fix-seed43,large_circle,4,184,1544568608,success,65,16.25,0.18119580535530144,0,0.0,1,0.4003868377308058,14.07175769026463,15.061429888010025,14.678053681814927,42,2.5846153846153848,26,1.6,3,0.18461538461538463,20.219827890600524,1.3775551124773078,11,0.676923076923077,0.0,0.0,0.07692307692307693,0.8041212207710114
bayes_mean-fix-seed43,large_circle,4,185,1544568609,success,61,15.25,0.2016957217001123,0,0.0,0,0.7552720038773649,14.101341611049214,15.649329870939255,13.719925749374069,26,1.7049180327868851,14,0.9180327868852459,6,0.39344262295081966,22.015588027607464,1.6046433799841708,9,0.5901639344262295,0.0,0.0,0.04918032786885246,0.8566131965208241
bayes_mean-fix-seed43,large_circle,4,186,1544568610,collision,22,5.5,-0.012330499361275726,1,0.25,8,0.19016975535952987,12.653592804616148,14.13416638970375,4.612512376971296,17,3.090909090909091,8,1.4545454545454546,1,0.18181818181818182,6.87875165623256,1.491324270602682,4,0.7272727272727273,0.0,0.0,0.045454545454545456,0.93070954206277
bayes_mean-fix-seed43,large_circle,4,187,1544568611,success,71,17.75,0.2265072205284221,0,0.0,0,1.3015461241593103,14.163287854950193,15.487123280763626,14.427761937466826,40,2.2535211267605635,17,0.9577464788732394,11,0.6197183098591549,40.3736900585614,2.798333534580767,10,0.5633802816901409,0.03125,0.03125,0.09859154929577464,0.8116687206486122
bayes_mean-fix-seed43,large_circle,4,188,1544568612,success,61,15.25,0.20002857617082137,0,0.0,0,0.648089641249761,14.004312394583811,15.10191336274147,13.324596693094396,35,2.2950819672131146,23,1.5081967213114753,3,0.19672131147540983,16.775332870071068,1.258974906067142,3,0.19672131147540983,0.0,0.0,0.04918032786885246,0.8946298566640535
bayes_mean-fix-seed43,large_circle,4,189,1544568613,success,75,18.75,0.20489273872527214,0,0.0,0,1.7964664729677928,14.029625554879507,15.633560717105865,16.1592254592896,45,2.4,25,1.3333333333333333,11,0.5866666666666667,46.079128300277,2.8515678809213636,10,0.5333333333333333,0.04411764705882353,0.04411764705882353,0.12,0.7380914795020346
bayes_mean-fix-seed43,large_circle,4,190,1544568614,success,66,16.5,0.7028701434551431,0,0.0,0,2.1387822637019274,13.9944754879583,15.562807209789753,13.912547877762222,33,2.0,15,0.9090909090909091,8,0.48484848484848486,25.620007871705745,1.8415036625071886,6,0.36363636363636365,0.06779661016949153,0.06779661016949153,0.12121212121212122,0.8461268502018674
bayes_mean-fix-seed43,large_circle,4,191,1544568615,success,71,17.75,0.2826426779177331,0,0.0,0,1.2254751125725898,14.082966241198527,15.156153589487076,14.916767796796266,34,1.9154929577464788,21,1.1830985915492958,10,0.5633802816901409,43.2021145371198,2.896211506784901,13,0.7323943661971831,0.0625,0.0625,0.08450704225352113,0.7895546590655059
bayes_mean-fix-seed43,large_circle,4,192,1544568616,success,59,14.75,0.694595446142774,0,0.0,0,2.103469891273409,14.044539718809775,15.33718518912792,13.927693665245222,23,1.5593220338983051,13,0.8813559322033898,2,0.13559322033898305,16.18897420734102,1.1623585782719026,7,0.4745762711864407,0.0,0.0,0.03389830508474576,0.8427658738634687
bayes_mean-fix-seed43,large_circle,4,193,1544568617,success,64,16.0,0.1930647773170393,0,0.0,1,0.8770492018675652,14.302013325504959,15.726366452872753,14.24611226761102,38,2.375,22,1.375,8,0.5,29.382443755839205,2.06248857259402,7,0.4375,0.0,0.0,0.078125,0.8229659030392199
bayes_mean-fix-seed43,large_circle,4,194,1544568618,timeout,101,25.25,0.20174371243603084,0,0.0,0,0.7744646536896392,14.414755867259338,15.842646360397339,19.404486408788593,73,2.891089108910891,30,1.188118811881188,18,0.7128712871287128,67.87472258009036,3.4978881249518077,22,0.8712871287128713,0.2553191489361702,0.24468085106382978,0.16831683168316833,0.5584164354539147
bayes_mean-fix-seed43,large_circle,4,195,1544568619,timeout,101,25.25,0.1960138664854365,0,0.0,1,1.2422857979527815,14.433841008951168,15.393249690532684,21.565438075615265,61,2.4158415841584158,28,1.108910891089109,19,0.7524752475247525,73.4891174889719,3.4077266240219997,31,1.2277227722772277,0.2765957446808511,0.2765957446808511,0.16831683168316833,0.44738558559418445
bayes_mean-fix-seed43,large_circle,4,196,1544568620,timeout,101,25.25,0.23561390885471334,0,0.0,0,1.1844245178760717,14.442670426451334,16.02284610271454,18.842949660215304,57,2.257425742574257,21,0.8316831683168316,23,0.9108910891089109,73.34559853227685,3.892469058978465,22,0.8712871287128713,0.1595744680851064,0.13829787234042554,0.2079207920792079,0.5620386383489865
bayes_mean-fix-seed43,large_circle,4,197,1544568621,timeout,101,25.25,0.157400843233496,0,0.0,3,0.8109461122000646,14.94950635155829,16.569405794143677,21.412875284316662,63,2.495049504950495,36,1.4257425742574257,21,0.8316831683168316,73.58136295159846,3.4363139921471144,22,0.8712871287128713,0.18085106382978725,0.18085106382978725,0.2079207920792079,0.45574540425309346
bayes_mean-fix-seed43,large_circle,4,198,1544568622,success,66,16.5,0.18766832771048503,0,0.0,2,0.5432031209406026,14.236827409177115,15.538042411208153,15.387844702341795,34,2.0606060606060606,19,1.1515151515151516,4,0.24242424242424243,19.173313042192127,1.24600380450124,7,0.42424242424242425,0.0,0.0,0.045454545454545456,0.7632401557763813
bayes_mean-fix-seed43,large_circle,4,199,1544568623,timeout,101,25.25,0.42258139573492726,0,0.0,0,1.2002048274500308,14.365132455483522,15.514038503170013,21.37380649873178,58,2.297029702970297,29,1.1485148514851484,17,0.6732673267326733,62.35004204741727,2.9171239129126025,14,0.5544554455445545,0.20212765957446807,0.1276595744680851,0.16831683168316833,0.47407124792987704
bayes_mean-fix-seed43,large_circle,4,200,1544568624,success,76,19.0,0.0027852244875071763,0,0.0,10,0.39408287537338993,14.328847933364543,15.655060298740864,17.528509969029482,42,2.210526315789474,21,1.105263157894737,4,0.21052631578947367,23.51438255866577,1.3414935211385632,6,0.3157894736842105,0.10144927536231885,0.0,0.10526315789473684,0.668224289962895
bayes_mean-fix-seed43,large_circle,4,201,1544568625,success,75,18.75,0.21058637262576274,0,0.0,0,0.489155081999577,14.327377577622732,15.443988144397736,15.522766681420874,55,2.933333333333333,26,1.3866666666666667,9,0.48,42.146996159824816,2.715172947247243,16,0.8533333333333334,0.029411764705882353,0.029411764705882353,0.10666666666666667,0.7573398784186559
bayes_mean-fix-seed43,large_circle,4,202,1544568626,success,67,16.75,0.3490223512464703,0,0.0,0,1.4720439543009138,13.993232330279564,15.163492038846016,14.784048940506166,35,2.08955223880597,23,1.373134328358209,8,0.47761194029850745,30.132624131669957,2.0381848202024617,8,0.47761194029850745,0.016666666666666666,0.016666666666666666,0.07462686567164178,0.7966206547488414
bayes_mean-fix-seed43,large_circle,4,203,1544568627,timeout,101,25.25,0.16359639439305018,0,0.0,2,1.2444516762846733,14.500583346822474,15.473220497369766,19.31041501648321,61,2.4158415841584158,35,1.386138613861386,25,0.9900990099009901,79.8878644294695,4.137035085019037,9,0.3564356435643564,0.2127659574468085,0.2127659574468085,0.18811881188118812,0.560728689070921
bayes_mean-fix-seed43,large_circle,4,204,1544568628,success,63,15.75,0.18636221908871953,0,0.0,1,0.5679619525899103,14.173672076255556,15.18617756664753,14.562837459150987,30,1.9047619047619047,14,0.8888888888888888,2,0.12698412698412698,16.280448366084357,1.1179447969361258,4,0.25396825396825395,0.0,0.0,0.015873015873015872,0.8048004112977816
bayes_mean-fix-seed43,large_circle,4,205,1544568629,timeout,101,25.25,0.18861320235644918,0,0.0,2,1.589698509239994,14.352904208520851,15.814051032066345,22.90148117597621,51,2.01980198019802,22,0.8712871287128713,10,0.39603960396039606,34.67663113999389,1.5141654320756284,9,0.3564356435643564,0.2127659574468085,0.05319148936170213,0.18811881188118812,0.46392630409169466
bayes_mean-fix-seed43,large_circle,4,206,1544568630,timeout,101,25.25,0.20421764428757994,0,0.0,0,1.249237309727691,14.411007708842211,15.451837331056595,21.732759505982624,52,2.0594059405940595,17,0.6732673267326733,13,0.5148514851485149,49.850118827308286,2.293777686795157,8,0.31683168316831684,0.2872340425531915,0.20212765957446807,0.18811881188118812,0.5033376671698073
bayes_mean-fix-seed43,large_circle,4,207,1544568631,timeout,101,25.25,0.1887027562649578,0,0.0,2,2.7783588165137347,14.356668559041355,15.591301023960114,20.25117006012967,60,2.376237623762376,31,1.2277227722772277,19,0.7524752475247525,63.19205995143671,3.1204152532326366,18,0.7128712871287128,0.26595744680851063,0.26595744680851063,0.19801980198019803,0.5478363461514546
bayes_mean-fix-seed43,large_circle,4,208,1544568632,success,55,13.75,0.2198187815027387,0,0.0,0,2.5207242024890353,14.172538031231273,15.268195047974586,13.434020710212655,21,1.5272727272727273,9,0.6545454545454545,0,0.0,8.130778722818476,0.605237917836273,4,0.2909090909090909,0.0,0.0,0.0,0.8777392249444609
bayes_mean-fix-seed43,large_circle,4,209,1544568633,success,69,17.25,0.2564109323268686,0,0.0,0,1.9302117769714937,14.115437109401261,15.798547863960266,15.125931915400958,39,2.260869565217391,17,0.9855072463768116,9,0.5217391304347826,34.43507875699461,2.2765591534848455,10,0.5797101449275363,0.06451612903225806,0.06451612903225806,0.13043478260869565,0.7764367801201004
bayes_mean-fix-seed43,large_circle,4,210,1544568634,timeout,101,25.25,0.36628737297456293,0,0.0,0,2.3320882323459347,14.502110678960781,15.757262706756592,21.714093687436645,53,2.099009900990099,22,0.8712871287128713,17,0.6732673267326733,58.374834684990034,2.6883385291261126,15,0.594059405940594,0.18085106382978725,0.1595744680851064,0.2079207920792079,0.5074130137726381
bayes_mean-fix-seed43,large_circle,4,211,1544568635,success,70,17.5,0.22237437030942997,0,0.0,0,1.3331940034428331,14.094759736742292,15.657548606395721,15.679615698376574,31,1.7714285714285714,18,1.0285714285714285,7,0.4,30.884204692448467,1.9697041870513532,8,0.45714285714285713,0.09523809523809523,0.07936507936507936,0.12857142857142856,0.7483840432138225
bayes_mean-fix-seed43,large_circle,4,212,1544568636,success,65,16.25,0.18858089494448893,0,0.0,1,0.7855385379846908,14.235011087014126,15.023095160722733,14.562039672402694,34,2.0923076923076924,15,0.9230769230769231,5,0.3076923076923077,24.323899467095657,1.670363494009235,7,0.4307692307692308,0.034482758620689655,0.034482758620689655,0.07692307692307693,0.8097762566178534
bayes_mean-fix-seed43,large_circle,4,213,1544568637,success,69,17.25,0.1960372872788666,0,0.0,1,0.9321371242263436,14.424803842237031,15.758220851421356,14.714351790605413,38,2.2028985507246377,23,1.3333333333333333,6,0.34782608695652173,29.729235532885212,2.0204244098517656,12,0.6956521739130435,0.016129032258064516,0.016129032258064516,0.08695652173913043,0.7953289461676979
bayes_mean-fix-seed43,large_circle,4,214,1544568638,timeout,101,25.25,0.17950168398224442,0,0.0,1,1.0285830989466225,14.513215179195498,16.192935407161713,21.341378662849614,63,2.495049504950495,31,1.2277227722772277,13,0.5148514851485149,55.99267283064943,2.623667088955208,14,0.5544554455445545,0.1595744680851064,0.14893617021276595,0.18811881188118812,0.4830090184140817
bayes_mean-fix-seed43,large_circle,4,215,1544568639,success,68,17.0,0.17755672942364809,0,0.0,2,0.9082857911340558,14.029091114507002,15.1617968454957,14.389992042199603,38,2.235294117647059,19,1.1176470588235294,6,0.35294117647058826,28.116477316395958,1.9538910955574214,8,0.47058823529411764,0.09836065573770492,0.09836065573770492,0.11764705882352941,0.8136577608957055
bayes_mean-fix-seed43,large_circle,4,216,1544568640,timeout,101,25.25,0.18154168913112056,0,0.0,2,1.5604362239035665,14.502759985994585,15.857897698879242,22.431352055467542,57,2.257425742574257,27,1.0693069306930694,9,0.3564356435643564,40.12372920451119,1.78873431727586,6,0.2376237623762376,0.13829787234042554,0.05319148936170213,0.21782178217821782,0.47356704590422866
bayes_mean-fix-seed43,large_circle,4,217,1544568641,success,59,14.75,0.1683432393721792,0,0.0,1,1.4189935571618866,14.036064557099747,15.646671876311302,13.731844242495072,25,1.694915254237288,16,1.0847457627118644,2,0.13559322033898305,18.88824141293389,1.3755065291580895,13,0.8813559322033898,0.0,0.0,0.01694915254237288,0.8542342190907968
bayes_mean-fix-seed43,large_circle,4,218,1544568642,success,66,16.5,0.19535060019770945,0,0.0,1,1.0693348770230302,14.048240345084306,15.260845422744751,14.290931084836433,37,2.242424242424242,24,1.4545454545454546,9,0.5454545454545454,32.600464943169456,2.281199506850927,7,0.42424242424242425,0.0,0.0,0.07575757575757576,0.8234921603747559
bayes_mean-fix-seed43,large_circle,4,219,1544568643,success,68,17.0,0.2000656794710618,0,0.0,0,0.6227367770859422,14.077079372809214,15.432481467723846,13.778891749822524,42,2.4705882352941178,18,1.0588235294117647,4,0.23529411764705882,17.703429679979312,1.2848224662340741,6,0.35294117647058826,0.0,0.0,0.029411764705882353,0.852195289129889
bayes_mean-fix-seed43,large_circle,4,220,1544568644,success,82,20.5,0.23743391220240728,0,0.0,0,1.415573731663875,14.120164940633424,15.286390669643879,17.321916861757035,42,2.048780487804878,22,1.0731707317073171,12,0.5853658536585366,40.40607278336424,2.332655970227632,10,0.4878048780487805,0.17333333333333334,0.14666666666666667,0.2073170731707317,0.6855780330922508
bayes_mean-fix-seed43,large_circle,4,221,1544568645,success,64,16.0,0.21262832367419204,0,0.0,0,0.7475006475557807,14.230759115889668,15.624786168336868,14.495247880055363,37,2.3125,16,1.0,2,0.125,14.932579603287062,1.0301706964137842,5,0.3125,0.0,0.0,0.015625,0.8131022181771714
bayes_mean-fix-seed43,large_circle,4,222,1544568646,timeout,101,25.25,0.1774332044926452,0,0.0,4,1.1732460340770865,14.014373800837168,15.031393617391586,22.258880837471594,57,2.257425742574257,27,1.0693069306930694,16,0.6336633663366337,50.53372894822279,2.27027267530684,16,0.6336633663366337,0.1702127659574468,0.0425531914893617,0.22772277227722773,0.4815814032747624
bayes_mean-fix-seed43,large_circle,4,223,1544568647,success,64,16.0,0.17825672559274386,0,0.0,2,0.6969188619773342,14.404177840333432,16.317516192793846,15.004964871323331,28,1.75,17,1.0625,2,0.125,17.53822852482933,1.1688283628272556,3,0.1875,0.0,0.0,0.0625,0.7822900937597748
bayes_mean-fix-seed43,large_circle,4,224,1544568648,success,64,16.0,0.1526543566504155,0,0.0,2,0.7647341020176646,14.136533776763827,15.419327095150948,14.628844993057726,34,2.125,17,1.0625,7,0.4375,27.393439839069814,1.8725634082574298,7,0.4375,0.0,0.0,0.078125,0.8089170155376451
bayes_mean-fix-seed43,large_circle,4,225,1544568649,success,75,18.75,0.17820183476100693,0,0.0,2,1.4478409700329538,14.154975861310959,15.715687349438667,14.812748818354628,53,2.8266666666666667,25,1.3333333333333333,14,0.7466666666666667,52.20087966007569,3.5240508227205645,22,1.1733333333333333,0.08823529411764706,0.08823529411764706,0.09333333333333334,0.7979471965046867
bayes_mean-fix-seed43,large_circle,4,226,1544568650,timeout,101,25.25,0.1387820344141103,0,0.0,1,0.9852876770333588,14.49293311279599,16.01247489452362,20.40461714902757,63,2.495049504950495,33,1.306930693069307,24,0.9504950495049505,83.42582729793185,4.088575967322558,12,0.4752475247524752,0.22340425531914893,0.22340425531914893,0.2079207920792079,0.541764254822012
bayes_mean-fix-seed43,large_circle,4,227,1544568651,success,84,21.0,0.15953733017933636,0,0.0,3,1.5935086673426884,14.649844151877222,16.326594911515713,16.510858184542332,55,2.619047619047619,37,1.7619047619047619,18,0.8571428571428571,68.38122415336817,4.1415911510515855,18,0.8571428571428571,0.12987012987012986,0.12987012987012986,0.11904761904761904,0.7150708596326824
bayes_mean-fix-seed43,large_circle,4,228,1544568652,success,64,16.0,0.452448984758164,0,0.0,0,1.6570117433438152,13.748403056524694,15.079066902399063,14.824910105837553,28,1.75,15,0.9375,5,0.3125,19.18812418956745,1.2943163940003797,8,0.5,0.0,0.0,0.03125,0.7962154845182153
bayes_mean-fix-seed43,large_circle,4,229,1544568653,timeout,101,25.25,0.2085948746281805,0,0.0,0,1.4156257610736451,14.723512795892093,16.130637377500534,20.695243720888946,52,2.0594059405940595,32,1.2673267326732673,29,1.1485148514851484,80.06950596056653,3.8689810586645854,8,0.31683168316831684,0.2872340425531915,0.2872340425531915,0.2079207920792079,0.5309910947845796
bayes_mean-fix-seed43,large_circle,4,230,1544568654,success,67,16.75,0.11127101258428407,0,0.0,6,0.5681216215680407,14.409648893929239,15.970509126782417,15.075298304680496,39,2.328358208955224,15,0.8955223880597015,0,0.0,15.969557744463009,1.059319518705966,4,0.23880597014925373,0.08333333333333333,0.0,0.08955223880597014,0.7780538996226495
bayes_mean-fix-seed43,large_circle,4,231,1544568655,success,78,19.5,0.18687325898007856,0,0.0,2,0.9388783338199079,14.479013446431894,15.979033336043358,16.114938836563972,44,2.2564102564102564,23,1.1794871794871795,12,0.6153846153846154,44.3399891535338,2.7514835522011807,11,0.5641025641025641,0.16901408450704225,0.16901408450704225,0.16666666666666666,0.7283820372136678
bayes_mean-fix-seed43,large_circle,4,232,1544568656,success,70,17.5,0.21578740988432155,0,0.0,0,1.2890654582661942,14.615086359637123,15.785808302462101,13.536935954780425,42,2.4,23,1.3142857142857143,4,0.22857142857142856,26.92529718130131,1.989024493522327,10,0.5714285714285714,0.015873015873015872,0.015873015873015872,0.04285714285714286,0.8684742686439182
bayes_mean-fix-seed43,large_circle,4,233,1544568657,success,63,15.75,0.19571287736810594,0,0.0,1,1.46352082873648,14.139878194010446,15.899301692843437,14.170353533175891,34,2.1587301587301586,19,1.2063492063492063,8,0.5079365079365079,32.686658157281094,2.3066932014613815,7,0.4444444444444444,0.0,0.0,0.06349206349206349,0.8325731049273856
bayes_mean-fix-seed43,large_circle,4,234,1544568658,success,71,17.75,0.1819973315537301,0,0.0,3,1.1285594155281347,14.195185994178477,15.384342521429062,15.375596650909804,39,2.1971830985915495,12,0.676056338028169,3,0.16901408450704225,23.781451956856724,1.5467010807316885,9,0.5070422535211268,0.046875,0.03125,0.04225352112676056,0.7652990538633136
bayes_mean-fix-seed43,large_circle,4,235,1544568659,success,55,13.75,0.18748849355407526,0,0.0,1,0.9251341131149993,13.875148580832915,15.303517878055573,13.442521796837365,18,1.309090909090909,11,0.8,0,0.0,8.188129277287912,0.6091215176020277,1,0.07272727272727272,0.0,0.0,0.0,0.8732617601563362
bayes_mean-fix-seed43,large_circle,4,236,1544568660,success,66,16.5,0.24290769723788475,0,0.0,0,1.1816967399428928,14.039526834632412,15.40306769311428,13.973701212563762,42,2.5454545454545454,27,1.6363636363636365,9,0.5454545454545454,38.066996315606076,2.724188512158827,11,0.6666666666666666,0.0,0.0,0.06060606060606061,0.8502864707115729
bayes_mean-fix-seed43,large_circle,4,237,1544568661,success,76,19.0,0.19083197676052943,0,0.0,2,0.8019944702933955,14.206756249462304,15.54916799068451,14.918319463925808,49,2.5789473684210527,35,1.8421052631578947,5,0.2631578947368421,33.550892402068385,2.2489726462285686,13,0.6842105263157895,0.18840579710144928,0.18840579710144928,0.15789473684210525,0.7920119692878484
bayes_mean-fix-seed43,large_circle,4,238,1544568662,success,57,14.25,0.16583135241894953,0,0.0,2,0.611497738957747,14.0571395556132,15.693432837724686,13.657785920365685,26,1.8245614035087718,17,1.1929824561403508,0,0.0,11.351293395022662,0.8311225158461653,3,0.21052631578947367,0.0,0.0,0.0,0.860267508660647
bayes_mean-fix-seed43,large_circle,4,239,1544568663,success,65,16.25,0.2961390383565784,0,0.0,0,1.0686666267020557,16.121647908137394,15.285191684961319,13.415463606431976,37,2.276923076923077,21,1.2923076923076924,6,0.36923076923076925,27.67660321129963,2.0630374039425834,3,0.18461538461538463,0.0,0.0,0.046153846153846156,0.8824696901380426
bayes_mean-fix-seed43,large_circle,4,240,1544568664,success,64,16.0,0.23705288936576407,0,0.0,0,1.0906311324948597,14.17045429116115,15.429265052080154,14.530135266342018,36,2.25,18,1.125,4,0.25,21.400868938759444,1.472860957346555,5,0.3125,0.0,0.0,0.046875,0.815475634684017
bayes_mean-fix-seed43,large_circle,4,241,1544568665,success,68,17.0,0.17438307958817212,0,0.0,2,1.4260926881217937,14.398263931712684,15.56173712015152,15.171368665024817,33,1.9411764705882353,14,0.8235294117647058,7,0.4117647058823529,29.468843361153358,1.9423984751678403,6,0.35294117647058826,0.01639344262295082,0.01639344262295082,0.08823529411764706,0.7760933602126409
bayes_mean-fix-seed43,large_circle,4,242,1544568666,success,75,18.75,0.2209688476908932,0,0.0,0,0.5042381210482912,14.366400589545568,15.451265126466751,17.043663412246953,40,2.1333333333333333,18,0.96,4,0.21333333333333335,25.827797006748195,1.5153899946292817,7,0.37333333333333335,0.029411764705882353,0.0,0.08,0.6904440817446387
bayes_mean-fix-seed43,large_circle,4,243,1544568667,success,66,16.5,0.20640430945736687,0,0.0,0,0.6650922745154524,14.266308961492596,16.254947520792484,15.243443050524561,39,2.3636363636363638,16,0.9696969696969697,5,0.30303030303030304,25.302503696195707,1.6598942648540935,7,0.42424242424242425,0.0,0.0,0.07575757575757576,0.7698683033839535
bayes_mean-fix-seed43,large_circle,4,244,1544568668,success,71,17.75,0.29751994594890185,0,0.0,0,2.258067244538627,14.645202688767876,16.80026762187481,15.18926882241177,45,2.535211267605634,19,1.0704225352112675,5,0.28169014084507044,30.8710348910417,2.0324240259341173,13,0.7323943661971831,0.03125,0.03125,0.1267605633802817,0.7704513498484113
bayes_mean-fix-seed43,large_circle,4,245,1544568669,success,87,21.75,0.21820069679873444,0,0.0,0,1.8923895939510067,14.427865673413223,15.918724611401558,19.004523857576245,53,2.4367816091954024,31,1.4252873563218391,10,0.45977011494252873,38.142264118384716,2.0070097206449673,10,0.45977011494252873,0.25,0.1625,0.22988505747126436,0.6244163996976331
bayes_mean-fix-seed43,large_circle,4,246,1544568670,success,71,17.75,0.18175236897277858,0,0.0,1,0.9040666726132929,14.066193462677404,15.362979844212532,14.786662971920157,40,2.2535211267605635,19,1.0704225352112675,6,0.3380281690140845,31.995503839747467,2.163808284567442,5,0.28169014084507044,0.0625,0.0,0.09859154929577464,0.7998055307011899
bayes_mean-fix-seed43,large_circle,4,247,1544568671,success,62,15.5,0.15374097681358967,0,0.0,1,1.0635706771120834,14.279339522604019,15.722393617033958,14.04480500647932,35,2.2580645161290325,17,1.096774193548387,6,0.3870967741935484,27.937292596854448,1.9891548927853449,14,0.9032258064516129,0.0,0.0,0.04838709677419355,0.8382568771035697
bayes_mean-fix-seed43,large_circle,4,248,1544568672,success,64,16.0,0.20947950077069744,0,0.0,0,0.9595998804615958,14.94408049620688,16.175317019224167,14.234146754090494,31,1.9375,16,1.0,3,0.1875,17.66794148301471,1.2412364287263964,5,0.3125,0.0,0.0,0.0625,0.8286916156145195
bayes_mean-fix-seed43,large_circle,4,249,1544568673,success,65,16.25,0.21828105838566458,0,0.0,0,1.5734527926962367,14.406441553280903,16.31302833557129,15.115904815873852,31,1.9076923076923078,16,0.9846153846153847,4,0.24615384615384617,21.825022655881835,1.4438449382773602,9,0.5538461538461539,0.0,0.0,0.046153846153846156,0.784929037018598
bayes_mean-fix-seed43,large_circle,4,250,1544568674,timeout,101,25.25,0.21512749127311892,0,0.0,0,2.0355416490063627,14.860344442105529,16.06200262904167,19.804668986317484,66,2.613861386138614,43,1.702970297029703,33,1.306930693069307,100.61860064242278,5.080549476082507,11,0.43564356435643564,0.3617021276595745,0.3617021276595745,0.18811881188118812,0.5516525712425159
bayes_mean-fix-seed43,large_circle,4,251,1544568675,success,65,16.25,0.19457297979457966,0,0.0,2,1.4462854350808336,14.535221686730019,15.812376141548157,15.012163659050998,34,2.0923076923076924,19,1.1692307692307693,4,0.24615384615384617,23.97290887906436,1.5968989829531222,4,0.24615384615384617,0.0,0.0,0.03076923076923077,0.7880736867325805
bayes_mean-fix-seed43,large_circle,4,252,1544568676,success,65,16.25,0.18635597646236524,0,0.0,1,0.7939557195748537,14.065628212231855,15.279750525951385,13.045263580747859,36,2.2153846153846155,21,1.2923076923076924,5,0.3076923076923077,22.873359365733616,1.7533842244084679,7,0.4307692307692308,0.0,0.0,0.03076923076923077,0.9061901533055645
bayes_mean-fix-seed43,large_circle,4,253,1544568677,success,66,16.5,0.1861801006438064,0,0.0,1,1.1087701186540653,14.691008198441882,15.928519889712334,14.567739174383789,30,1.8181818181818181,9,0.5454545454545454,6,0.36363636363636365,24.312206011145385,1.6689072834236671,12,0.7272727272727273,0.13559322033898305,0.13559322033898305,0.10606060606060606,0.8107139751541016
bayes_mean-fix-seed43,large_circle,4,254,1544568678,success,66,16.5,0.20716630467536468,0,0.0,0,0.8364949542892429,14.035225253213536,15.001873485744,14.194854245741793,41,2.484848484848485,20,1.2121212121212122,4,0.24242424242424243,24.17960505706157,1.7034063639163486,8,0.48484848484848486,0.0847457627118644,0.0,0.09090909090909091,0.8291198086972995
bayes_mean-fix-seed43,large_circle,4,255,1544568679,success,72,18.0,0.15169969472187184,0,0.0,3,2.4178257859586623,14.627567699386013,15.980332344770432,15.78426175591801,38,2.111111111111111,22,1.2222222222222223,8,0.4444444444444444,36.04496469015458,2.2836015549881643,13,0.7222222222222222,0.13846153846153847,0.13846153846153847,0.1111111111111111,0.7459230588986061
bayes_mean-fix-seed43,large_circle,4,256,1544568680,timeout,101,25.25,0.19603287181215845,0,0.0,1,0.959214033045273,14.489531221956309,15.804354101419449,20.291525522347342,75,2.9702970297029703,45,1.7821782178217822,26,1.0297029702970297,93.7720361840851,4.621241319722986,12,0.4752475247524752,0.30851063829787234,0.30851063829787234,0.19801980198019803,0.5493223829244651
bayes_mean-fix-seed43,large_circle,4,257,1544568681,success,61,15.25,0.20217703349069294,0,0.0,0,1.0593999334925872,14.291926302382203,15.773169696331024,14.52541632438094,19,1.2459016393442623,12,0.7868852459016393,4,0.26229508196721313,14.646241117503465,1.0083181638601104,5,0.32786885245901637,0.018518518518518517,0.018518518518518517,0.04918032786885246,0.8124740451636471
bayes_mean-fix-seed43,large_circle,4,258,1544568682,success,62,15.5,0.24103967838176799,0,0.0,0,1.1602637218036131,13.978757625145297,15.357302501797676,14.33196204377115,25,1.6129032258064515,14,0.9032258064516129,8,0.5161290322580645,25.82956658182778,1.8022352070806407,7,0.45161290322580644,0.0,0.0,0.06451612903225806,0.8234252190329168
bayes_mean-fix-seed43,large_circle,4,259,1544568683,timeout,101,25.25,0.42682675068383824,0,0.0,0,2.1644934318226183,14.358148495159528,15.451986342668533,18.921237063518234,75,2.9702970297029703,30,1.188118811881188,23,0.9108910891089109,76.17315555860502,4.0258020816975755,31,1.2277227722772277,0.20212765957446807,0.20212765957446807,0.1485148514851485,0.5893074580736377
bayes_mean-fix-seed43,large_circle,4,260,1544568684,success,80,20.0,0.15418091826311342,0,0.0,3,0.6829168924619633,14.323292952030897,15.731573104858398,18.524169702636883,40,2.0,18,0.9,2,0.1,26.135968369317123,1.410911732556451,6,0.3,0.1232876712328767,0.0684931506849315,0.125,0.6374625495622108
bayes_mean-fix-seed43,large_circle,4,261,1544568685,success,74,18.5,0.2305928902901575,0,0.0,0,2.012929551619648,14.152607956045383,15.378664247691631,15.672963243067954,41,2.2162162162162162,23,1.2432432432432432,12,0.6486486486486487,45.56303997724937,2.9071107531245945,14,0.7567567567567568,0.11940298507462686,0.11940298507462686,0.12162162162162163,0.7508884659263637
bayes_mean-fix-seed43,large_circle,4,262,1544568686,success,92,23.0,0.2170048722089437,0,0.0,0,1.531125580741358,14.446160553590111,15.74420090764761,18.55341516833757,50,2.1739130434782608,24,1.0434782608695652,15,0.6521739130434783,52.4976691626334,2.8295420916480962,15,0.6521739130434783,0.17647058823529413,0.047058823529411764,0.21739130434782608,0.6393460230533036
bayes_mean-fix-seed43,large_circle,4,263,1544568687,success,62,15.5,0.2050935870012096,0,0.0,0,0.7308244818096518,14.034183755997688,15.122929029166698,14.152705641587124,30,1.935483870967742,16,1.032258064516129,4,0.25806451612903225,22.451514504076105,1.5863761370195735,7,0.45161290322580644,0.0,0.0,0.06451612903225806,0.8305551805436617
bayes_mean-fix-seed43,large_circle,4,264,1544568688,success,74,18.5,0.5548747339767574,0,0.0,0,1.415791806755341,14.682062473651525,16.0614725202322,16.657005539824297,49,2.6486486486486487,27,1.4594594594594594,3,0.16216216216216217,28.657285102582357,1.7204343862447105,10,0.5405405405405406,0.11940298507462686,0.1044776119402985,0.13513513513513514,0.7095983777860222
bayes_mean-fix-seed43,large_circle,4,265,1544568689,success,71,17.75,0.20741169815549443,0,0.0,0,0.5876632289409675,14.395812867392957,15.996752306818962,14.975653819049597,47,2.647887323943662,20,1.1267605633802817,10,0.5633802816901409,42.17515459502989,2.816247965172746,13,0.7323943661971831,0.0,0.0,0.14084507042253522,0.784793191379259
bayes_mean-fix-seed43,large_circle,4,266,1544568690,timeout,101,25.25,0.18317460825331233,0,0.0,1,1.047830032074647,14.842163660738727,16.35054498910904,19.93683504978672,61,2.4158415841584158,38,1.504950495049505,29,1.1485148514851484,96.06514664099694,4.818475269575179,26,1.0297029702970297,0.3191489361702128,0.3191489361702128,0.18811881188118812,0.5523201574795309
bayes_mean-fix-seed43,large_circle,4,267,1544568691,timeout,101,25.25,0.18427190186921016,0,0.0,2,1.0549071180291245,14.642504329728608,15.943292528390884,22.326376925657755,59,2.3366336633663365,26,1.0297029702970297,9,0.3564356435643564,42.09047110011971,1.885235174532452,12,0.4752475247524752,0.1702127659574468,0.02127659574468085,0.2079207920792079,0.4662334270258458
bayes_mean-fix-seed43,large_circle,4,268,1544568692,success,80,20.0,0.3088050534293588,0,0.0,0,0.8569212048357592,14.441837556660175,15.78851193189621,16.67160769078835,59,2.95,31,1.55,13,0.65,51.65032848316193,3.098101241411802,20,1.0,0.0684931506849315,0.0684931506849315,0.125,0.7035927300677342
bayes_mean-fix-seed43,large_circle,4,269,1544568693,success,55,13.75,0.1942658389313613,0,0.0,2,0.858119722205401,14.1715639016845,16.151509806513786,13.36110719433365,17,1.2363636363636363,12,0.8727272727272727,0,0.0,7.462653313706284,0.5585355468797631,2,0.14545454545454545,0.0,0.0,0.0,0.8813320252034536
bayes_mean-fix-seed43,large_circle,4,270,1544568694,success,67,16.75,0.19825082433475183,0,0.0,1,1.4516209740383212,14.629102742938853,15.866194292902946,14.387931212073202,31,1.8507462686567164,19,1.1343283582089552,4,0.23880597014925373,21.563171269147233,1.498698523874867,8,0.47761194029850745,0.05,0.05,0.04477611940298507,0.8133170827613418
bayes_mean-fix-seed43,large_circle,4,271,1544568695,success,62,15.5,0.3466990031007272,0,0.0,0,1.6965136121445292,14.370596697253566,16.071689315140247,14.205814116149275,27,1.7419354838709677,14,0.9032258064516129,6,0.3870967741935484,23.076399374790064,1.6244334317000981,9,0.5806451612903226,0.0,0.0,0.06451612903225806,0.8324716751199701
bayes_mean-fix-seed43,large_circle,4,272,1544568696,success,75,18.75,0.18311645060039772,0,0.0,1,1.2132787805340948,14.160571694374084,15.44870249927044,16.295934330174692,48,2.56,26,1.3866666666666667,14,0.7466666666666667,43.00514389170969,2.6390106280729397,9,0.48,0.0,0.0,0.09333333333333334,0.7199884961816331
bayes_mean-fix-seed43,large_circle,4,273,1544568697,success,79,19.75,0.18382173891942122,0,0.0,2,0.42856705542891055,14.548746751079076,15.924432128667831,18.075216867040176,38,1.9240506329113924,17,0.8607594936708861,2,0.10126582278481013,20.71882493541708,1.146255952989282,5,0.25316455696202533,0.08333333333333333,0.041666666666666664,0.10126582278481013,0.6521562926442802
bayes_mean-fix-seed43,large_circle,4,274,1544568698,success,73,18.25,0.20702079402537243,0,0.0,0,1.7931895615559335,14.335191770367427,15.542875975370407,14.645827919152865,37,2.0273972602739727,21,1.1506849315068493,6,0.3287671232876712,26.648705872136414,1.8195424676051917,7,0.3835616438356164,0.030303030303030304,0.030303030303030304,0.0821917808219178,0.7999600015915332
bayes_mean-fix-seed43,large_circle,4,275,1544568699,success,77,19.25,0.16966309283518788,0,0.0,2,1.2472392615383237,14.089934673015174,15.485251694917679,16.268949976972717,44,2.2857142857142856,22,1.1428571428571428,12,0.6233766233766234,48.04401218394008,2.9531108185803143,14,0.7272727272727273,0.14285714285714285,0.14285714285714285,0.15584415584415584,0.7218379392467328
bayes_mean-fix-seed43,large_circle,4,276,1544568700,success,67,16.75,0.20251088436753306,0,0.0,0,0.8926097347816122,14.447071269821764,15.917778015136719,14.95854704631353,32,1.9104477611940298,15,0.8955223880597015,2,0.11940298507462686,18.999081980893607,1.2701154679040736,2,0.11940298507462686,0.06666666666666667,0.016666666666666666,0.1044776119402985,0.7879549412490363
bayes_mean-fix-seed43,large_circle,4,277,1544568701,timeout,101,25.25,0.18838204912656398,0,0.0,2,1.0387347562959046,14.02273685625284,15.317030251026154,19.600821415902878,66,2.613861386138614,36,1.4257425742574257,31,1.2277227722772277,95.39903232076864,4.867093592484234,16,0.6336633663366337,0.2872340425531915,0.2872340425531915,0.18811881188118812,0.5583946315652892
bayes_mean-fix-seed43,large_circle,4,278,1544568702,success,63,15.75,0.188837466246924,0,0.0,1,0.6488966557575124,13.865793035143898,14.797927811741829,13.93782050062054,34,2.1587301587301586,20,1.2698412698412698,6,0.38095238095238093,27.917594539074962,2.0030100500886787,9,0.5714285714285714,0.0,0.0,0.07936507936507936,0.8423538673906186
bayes_mean-fix-seed43,large_circle,4,279,1544568703,success,64,16.0,0.17640776399277236,0,0.0,2,0.9923058571502144,13.877098623197526,15.209201723337173,14.837244079125856,34,2.125,18,1.125,1,0.0625,17.338173341554754,1.1685575332650484,7,0.4375,0.0,0.0,0.0625,0.7905191846349793
bayes_mean-fix-seed43,large_circle,4,280,1544568704,success,63,15.75,0.20503151184609913,0,0.0,0,1.5480404796938265,13.793704410394033,15.434940531849861,14.672126405143752,26,1.6507936507936507,11,0.6984126984126984,4,0.25396825396825395,17.225450711830486,1.174025511788911,4,0.25396825396825395,0.0,0.0,0.047619047619047616,0.8092317456002324
bayes_mean-fix-seed43,large_circle,4,281,1544568705,success,58,14.5,0.26536240377751363,0,0.0,0,0.9850548026987018,14.139265849672515,15.687760151922703,13.573025723734354,23,1.5862068965517242,14,0.9655172413793104,6,0.41379310344827586,21.29631713390105,1.5690176654319183,9,0.6206896551724138,0.0,0.0,0.05172413793103448,0.8628698922335991
bayes_mean-fix-seed43,large_circle,4,282,1544568706,success,70,17.5,0.14969071506700948,0,0.0,3,0.7593912041017984,14.077064714261464,15.157646499574184,14.18042936310461,44,2.5142857142857142,21,1.2,4,0.22857142857142856,27.19196346793424,1.9175698261072212,11,0.6285714285714286,0.0,0.0,0.04285714285714286,0.8301019728002887
bayes_mean-fix-seed43,large_circle,4,283,1544568707,timeout,101,25.25,0.2231972013290403,0,0.0,0,0.5744405121045443,14.433779449451087,16.405273228883743,22.030684469585715,58,2.297029702970297,36,1.4257425742574257,15,0.594059405940594,57.21425844694922,2.597025912923219,19,0.7524752475247525,0.18085106382978725,0.18085106382978725,0.18811881188118812,0.44961916193190865
bayes_mean-fix-seed43,large_circle,4,284,1544568708,success,79,19.75,0.16703070027848987,0,0.0,4,1.325995614473638,13.79474874915956,14.816528558731079,16.88506510334199,39,1.9746835443037976,20,1.0126582278481013,8,0.4050632911392405,34.841425345238974,2.063446313768903,7,0.35443037974683544,0.06944444444444445,0.06944444444444445,0.0759493670886076,0.693037705591475
bayes_mean-fix-seed43,large_circle,4,285,1544568709,timeout,101,25.25,0.42456690215390724,0,0.0,0,2.81072171114601,14.217339677385764,15.52579179406166,18.98296657824412,57,2.257425742574257,30,1.188118811881188,37,1.4653465346534653,103.48116973941197,5.451264390783315,13,0.5148514851485149,0.425531914893617,0.425531914893617,0.1782178217821782,0.5818076582303705
bayes_mean-fix-seed43,large_circle,4,286,1544568710,success,70,17.5,0.29675165565814887,0,0.0,0,1.7864225400126066,13.817620170967919,15.059790760278702,14.377319046451499,46,2.6285714285714286,22,1.2571428571428571,5,0.2857142857142857,30.20656897004672,2.100987595284816,12,0.6857142857142857,0.047619047619047616,0.047619047619047616,0.07142857142857142,0.8149458197974455
bayes_mean-fix-seed43,large_circle,4,287,1544568711,timeout,101,25.25,0.22055279144377682,0,0.0,0,1.6617427097938793,14.095013020652356,15.243630856275558,19.728090871364223,72,2.8514851485148514,46,1.8217821782178218,33,1.306930693069307,106.74610498524757,5.410868475884405,27,1.0693069306930694,0.24468085106382978,0.24468085106382978,0.18811881188118812,0.5622779788975669
bayes_mean-fix-seed43,large_circle,4,288,1544568712,success,62,15.5,0.24354109652207612,0,0.0,0,0.7243801473163045,13.982605789938281,15.650403313338757,13.529010450267956,28,1.8064516129032258,10,0.6451612903225806,4,0.25806451612903225,16.077620298792965,1.188381098373276,3,0.1935483870967742,0.0,0.0,0.03225806451612903,0.880102418680121
bayes_mean-fix-seed43,large_circle,4,289,1544568713,success,70,17.5,0.1730841948122691,0,0.0,1,1.3490879204506492,14.125154167413712,15.230222046375275,16.057676876243207,27,1.542857142857143,12,0.6857142857142857,6,0.34285714285714286,25.43635872494378,1.5840621853947017,3,0.17142857142857143,0.06349206349206349,0.06349206349206349,0.1,0.7304380151417217
bayes_mean-fix-seed43,large_circle,4,290,1544568714,success,58,14.5,0.216375990031069,0,0.0,0,1.037052246171845,13.820274122830096,14.991327747702599,13.774140054243448,21,1.4482758620689655,13,0.896551724137931,2,0.13793103448275862,16.318069583508848,1.1846888095552421,9,0.6206896551724138,0.0,0.0,0.017241379310344827,0.8537418153774321
bayes_mean-fix-seed43,large_circle,4,291,1544568715,success,64,16.0,0.18130169139945929,0,0.0,1,0.5790122594879334,14.190985180903226,15.648908913135529,14.755559125410414,39,2.4375,23,1.4375,1,0.0625,20.074813671902255,1.3604915612673465,3,0.1875,0.0,0.0,0.046875,0.7966933612337799
bayes_mean-fix-seed43,large_circle,4,292,1544568716,timeout,101,25.25,0.18776728483039873,0,0.0,2,1.4514597540725112,14.247519692572036,15.522036701440811,21.571364779046576,61,2.4158415841584158,26,1.0297029702970297,15,0.594059405940594,59.99011919443929,2.7810071272222383,17,0.6732673267326733,0.2872340425531915,0.2872340425531915,0.19801980198019803,0.4995045316456877
bayes_mean-fix-seed43,large_circle,4,293,1544568717,timeout,101,25.25,0.17834171962745937,0,0.0,6,0.8749215680764628,14.391530526451545,15.650715678930283,22.520551190168003,61,2.4158415841584158,33,1.306930693069307,9,0.3564356435643564,51.664840141412654,2.2941197000528315,20,0.7920792079207921,0.23404255319148937,0.23404255319148937,0.2376237623762376,0.4597552673689096
bayes_mean-fix-seed43,large_circle,4,294,1544568718,success,72,18.0,0.24201098996426007,0,0.0,0,1.7680292677627554,14.223398123350409,15.503537096083164,15.888685809756645,36,2.0,19,1.0555555555555556,9,0.5,34.5204822551684,2.1726455333373558,10,0.5555555555555556,0.03076923076923077,0.03076923076923077,0.1111111111111111,0.7415220332572295
bayes_mean-fix-seed43,large_circle,4,295,1544568719,success,52,13.0,0.2594883750851994,0,0.0,0,1.8350531132064947,13.676622237723608,14.76132906973362,12.871425640936224,15,1.1538461538461537,9,0.6923076923076923,0,0.0,5.477675925748179,0.42556870377489525,1,0.07692307692307693,0.0,0.0,0.0,0.9134094702042278
bayes_mean-fix-seed43,large_circle,4,296,1544568720,success,78,19.5,0.38697318382052215,0,0.0,0,1.47371642604595,14.069713174532621,15.360528230667114,17.41558888521775,39,2.0,19,0.9743589743589743,9,0.46153846153846156,33.251527901625835,1.9092967869636344,5,0.2564102564102564,0.14084507042253522,0.09859154929577464,0.1794871794871795,0.6774237889338017
bayes_mean-fix-seed43,large_circle,4,297,1544568721,success,54,13.5,0.1919199753436034,0,0.0,1,1.0755196415590051,13.648742947865415,15.184778533875942,13.21187981601003,19,1.4074074074074074,12,0.8888888888888888,0,0.0,7.869748638878386,0.5956569957094144,3,0.2222222222222222,0.0,0.0,0.0,0.8903856902459159
bayes_mean-fix-seed43,large_circle,4,298,1544568722,success,65,16.25,0.2064052390657366,0,0.0,0,0.9725767149643252,13.896951595178017,15.10622724890709,13.980601337126373,37,2.276923076923077,21,1.2923076923076924,7,0.4307692307692308,30.17764813663974,2.15853720515591,12,0.7384615384615385,0.0,0.0,0.1076923076923077,0.8414233049813485
bayes_mean-fix-seed43,large_circle,4,299,1544568723,success,69,17.25,0.21869116437166958,0,0.0,0,0.9298481600519303,14.086978537017021,15.54155945777893,14.674787942994426,45,2.608695652173913,22,1.2753623188405796,5,0.2898550724637681,25.221546720948957,1.7186992288354963,5,0.2898550724637681,0.06451612903225806,0.06451612903225806,0.08695652173913043,0.8047331330252955
bayes_mean-fix-seed43,large_circle,4,300,1544568724,success,66,16.5,0.205865835947452,0,0.0,0,1.108296372635508,14.025954924749605,15.492279082536697,14.530279412106763,32,1.9393939393939394,19,1.1515151515151516,3,0.18181818181818182,21.671333140409793,1.4914601795167846,12,0.7272727272727273,0.0,0.0,0.06060606060606061,0.8164655843867699
bayes_mean-fix-seed43,large_circle,4,301,1544568725,success,58,14.5,0.20793770808439915,0,0.0,0,1.1974501861811973,13.839731378288105,15.195265971124172,13.966078253690062,20,1.3793103448275863,11,0.7586206896551724,2,0.13793103448275862,11.683984480893299,0.8365973803566654,3,0.20689655172413793,0.0,0.0,0.017241379310344827,0.8421497357977137
bayes_mean-fix-seed43,large_circle,4,302,1544568726,success,57,14.25,0.2336772720871232,0,0.0,0,0.6941398594750886,13.525130325242094,14.881178736686707,13.381078139043424,28,1.9649122807017543,14,0.9824561403508771,4,0.2807017543859649,19.95171718802886,1.491039584457217,13,0.9122807017543859,0.0,0.0,0.03508771929824561,0.8769147044238016
bayes_mean-fix-seed43,large_circle,4,303,1544568727,success,69,17.25,0.45073720540454365,0,0.0,0,1.7467334092380966,13.947058361077655,15.495426952838898,14.92654264658933,33,1.9130434782608696,17,0.9855072463768116,7,0.4057971014492754,29.375475546901555,1.9680026542257436,10,0.5797101449275363,0.04838709677419355,0.04838709677419355,0.08695652173913043,0.7924153136155794
bayes_mean-fix-seed43,large_circle,4,304,1544568728,success,64,16.0,0.18097440190609115,0,0.0,3,0.5870105591401207,13.736860069911927,14.899362064898012,14.333193176178764,41,2.5625,21,1.3125,1,0.0625,18.33832459098787,1.2794305055111854,9,0.5625,0.0,0.0,0.03125,0.8220682486570325
bayes_mean-fix-seed43,large_circle,4,305,1544568729,success,58,14.5,0.24056954725651036,0,0.0,0,0.9495032149816441,13.495724648237228,14.564406499266624,13.755029659962753,22,1.5172413793103448,12,0.8275862068965517,1,0.06896551724137931,9.650969161472519,0.7016320138926296,4,0.27586206896551724,0.0,0.0,0.0,0.8599558064787031
bayes_mean-fix-seed43,large_circle,4,306,1544568730,success,64,16.0,0.23142157513836137,0,0.0,0,0.883869933541827,13.893883675336838,15.029823780059814,14.478321487888678,40,2.5,24,1.5,4,0.25,24.67877016742687,1.704532544609609,9,0.5625,0.0,0.0,0.046875,0.8181641343587329
bayes_mean-fix-seed43,large_circle,4,307,1544568731,success,63,15.75,0.18793437443116867,0,0.0,1,0.6694245853555466,13.869424128816242,15.990472212433813,14.769949922789522,34,2.1587301587301586,19,1.2063492063492063,1,0.06349206349206349,16.18844687855925,1.0960393882975215,7,0.4444444444444444,0.07142857142857142,0.07142857142857142,0.09523809523809523,0.8052277261864998
bayes_mean-fix-seed43,large_circle,4,308,1544568732,success,60,15.0,0.3536636865238749,0,0.0,0,1.2147250770980036,14.035631778339544,15.370968170464039,13.798746618332746,32,2.1333333333333333,20,1.3333333333333333,6,0.4,24.09365283435246,1.746075458936401,5,0.3333333333333333,0.0,0.0,0.05,0.8498392221748511
bayes_mean-fix-seed43,large_circle,4,309,1544568733,success,93,23.25,0.2132844935031455,0,0.0,0,0.7602643316749798,14.087541970194026,14.950516074895859,19.836886198205498,54,2.3225806451612905,22,0.946236559139785,9,0.3870967741935484,41.38601741534436,2.0863162192808398,19,0.8172043010752689,0.22093023255813954,0.13953488372093023,0.20430107526881722,0.5985424849271127
bayes_mean-fix-seed43,large_circle,4,310,1544568734,timeout,101,25.25,0.17395402791483328,0,0.0,1,0.4945416012097742,14.435187166575158,15.6969353556633,18.97474961137942,75,2.9702970297029703,43,1.702970297029703,41,1.6237623762376239,122.59524766327037,6.460967874366485,31,1.2277227722772277,0.3829787234042553,0.3829787234042553,0.25742574257425743,0.5849022361982137
bayes_mean-fix-seed43,large_circle,4,311,1544568735,success,62,15.5,0.18535185279201105,0,0.0,1,1.1749357434090026,13.640420271023627,15.121336467564106,14.211229562917856,37,2.3870967741935485,18,1.1612903225806452,0,0.0,15.289771138090689,1.0758936142997177,3,0.1935483870967742,0.0,0.0,0.0,0.8249821812876469
bayes_mean-fix-seed43,large_circle,4,312,1544568736,success,58,14.5,0.301967198068371,0,0.0,0,1.4285352272313567,13.831166871662798,14.999396912753582,13.495437098242137,28,1.9310344827586208,21,1.4482758620689655,4,0.27586206896551724,21.126389548853165,1.5654468540040845,13,0.896551724137931,0.0,0.0,0.034482758620689655,0.8762524510456079
bayes_mean-fix-seed43,large_circle,4,313,1544568737,success,56,14.0,0.2055494422770927,0,0.0,0,1.6061662692645442,13.625341534082379,14.874855987727642,13.453173125003588,27,1.9285714285714286,17,1.2142857142857142,0,0.0,12.279746775544062,0.9127769829053461,7,0.5,0.0,0.0,0.0,0.8733475337143984
bayes_mean-fix-seed43,large_circle,4,314,1544568738,timeout,101,25.25,0.20503641872235379,0,0.0,0,0.9175665949280792,14.050070085737964,15.118259936571121,22.03430794594199,61,2.4158415841584158,26,1.0297029702970297,13,0.5148514851485149,50.57348375212425,2.2952154374986056,15,0.594059405940594,0.18085106382978725,0.1702127659574468,0.2079207920792079,0.463330278428718
bayes_mean-fix-seed43,large_circle,4,315,1544568739,timeout,101,25.25,0.18072702586522837,0,0.0,2,1.7689283836109289,13.929251360126061,14.822863042354584,20.96996808951827,60,2.376237623762376,31,1.2277227722772277,21,0.8316831683168316,67.698640277662,3.228361625953108,12,0.4752475247524752,0.23404255319148937,0.19148936170212766,0.18811881188118812,0.5180102591931425
bayes_mean-fix-seed43,large_circle,4,316,1544568740,success,73,18.25,0.2280414343901479,0,0.0,0,1.0852640948466734,13.786349139393192,14.633063971996307,14.654793757509447,51,2.7945205479452055,27,1.4794520547945205,8,0.4383561643835616,38.9853197620039,2.6602434948650804,14,0.7671232876712328,0.10606060606060606,0.10606060606060606,0.0821917808219178,0.806330173438585
bayes_mean-fix-seed43,large_circle,4,317,1544568741,success,71,17.75,0.2626233361529571,0,0.0,0,1.385934672279209,13.748064060026492,14.841081574559212,14.622668192434604,41,2.3098591549295775,29,1.6338028169014085,16,0.9014084507042254,47.395234108896936,3.2412165471564225,11,0.6197183098591549,0.03125,0.03125,0.11267605633802817,0.8032524760094917
bayes_mean-fix-seed43,large_circle,4,318,1544568742,timeout,101,25.25,0.2768130800217685,0,0.0,0,3.479046550654171,14.456497339328918,15.877090394496918,19.6912131444016,70,2.772277227722772,37,1.4653465346534653,31,1.2277227722772277,105.42991773971121,5.354160607909825,34,1.3465346534653466,0.23404255319148937,0.23404255319148937,0.16831683168316833,0.56142767272358
bayes_mean-fix-seed43,large_circle,4,319,1544568743,success,64,16.0,0.17572204804398384,0,0.0,1,0.9516152943122782,13.606485386844724,14.797667972743511,14.73300780578148,37,2.3125,23,1.4375,4,0.25,23.026004199667167,1.5628854951554003,9,0.5625,0.0,0.0,0.078125,0.8002467588992742
bayes_mean-fix-seed43,large_circle,4,320,1544568744,success,80,20.0,0.19527346892600383,0,0.0,1,1.030402642044296,13.595523266121745,14.789853245019913,17.209399984213285,41,2.05,21,1.05,12,0.6,43.084881901775816,2.503566768237063,12,0.6,0.1643835616438356,0.1643835616438356,0.1625,0.6925541225013638
bayes_mean-fix-seed43,large_circle,4,321,1544568745,success,67,16.75,0.1993051042949252,0,0.0,1,0.514643002641352,14.12831535979883,15.564801543951035,14.812090733547418,37,2.208955223880597,20,1.1940298507462686,4,0.23880597014925373,23.61492343971632,1.5943004849566345,7,0.417910447761194,0.06666666666666667,0.06666666666666667,0.05970149253731343,0.7990376707656655
bayes_mean-fix-seed43,large_circle,4,322,1544568746,success,78,19.5,0.21553346232028736,0,0.0,0,1.1684462850680117,14.079175411890715,15.262861549854277,14.963798475133196,51,2.6153846153846154,33,1.6923076923076923,15,0.7692307692307693,56.60412190189465,3.7827375178808538,23,1.1794871794871795,0.07042253521126761,0.07042253521126761,0.11538461538461539,0.7900821765583393
bayes_mean-fix-seed43,large_circle,4,323,1544568747,success,64,16.0,0.20057808844006875,0,0.0,0,0.758118352674078,13.724251126404852,15.092028304934502,14.782659054058225,34,2.125,23,1.4375,2,0.125,17.458624484012848,1.1810205741855353,3,0.1875,0.0,0.0,0.015625,0.7968189177747212
bayes_mean-fix-seed43,large_circle,4,324,1544568748,success,61,15.25,0.17210355838220348,0,0.0,12,1.2006786528988618,14.172493312202516,15.400715172290802,14.192431142833804,34,2.2295081967213113,20,1.3114754098360655,2,0.13114754098360656,22.919256901541228,1.614892943349869,17,1.1147540983606556,0.0,0.0,0.01639344262295082,0.8251731561585816
bayes_mean-fix-seed43,large_circle,4,325,1544568749,success,76,19.0,0.17311727262459597,0,0.0,1,1.4350806917579542,13.865555930686625,14.837776310741901,14.811590783666071,51,2.6842105263157894,29,1.5263157894736843,4,0.21052631578947367,30.1223406682776,2.0337005733034377,8,0.42105263157894735,0.0,0.0,0.06578947368421052,0.8026493358669013
bayes_mean-fix-seed43,large_circle,4,326,1544568750,success,75,18.75,0.19128840192228935,0,0.0,1,1.1449345202014116,14.09022256731987,15.242893621325493,16.197859419597496,43,2.2933333333333334,14,0.7466666666666667,9,0.48,37.74462586793874,2.330223080110956,11,0.5866666666666667,0.0,0.0,0.12,0.7260452013048303
bayes_mean-fix-seed43,large_circle,4,327,1544568751,success,58,14.5,0.14578721301510733,0,0.0,2,0.8197610280315878,13.819827023765136,15.31702671200037,13.572670477524989,30,2.0689655172413794,18,1.2413793103448276,4,0.27586206896551724,19.17724924094343,1.4129311746497546,11,0.7586206896551724,0.0,0.0,0.034482758620689655,0.8635733744401103
bayes_mean-fix-seed43,large_circle,4,328,1544568752,success,60,15.0,0.5381496263163502,0,0.0,0,1.3453231880932017,13.90728528300921,15.371188148856163,14.184015534181682,19,1.2666666666666666,7,0.4666666666666667,4,0.26666666666666666,15.753958328370144,1.1106839449241366,7,0.4666666666666667,0.03773584905660377,0.03773584905660377,0.06666666666666667,0.8311015650265304
bayes_mean-fix-seed43,large_circle,4,329,1544568753,success,67,16.75,0.18817376801143437,0,0.0,1,1.9942449320845048,14.050884867337212,15.23982360959053,15.175397765562659,34,2.029850746268657,20,1.1940298507462686,7,0.417910447761194,29.510959505416274,1.9446580551835766,7,0.417910447761194,0.05,0.05,0.08955223880597014,0.7750003805704404
bayes_mean-fix-seed43,large_circle,4,330,1544568754,success,66,16.5,0.20575482310411863,0,0.0,0,0.9623494906157656,14.15453760912924,15.26869460940361,15.420099537356407,30,1.8181818181818181,18,1.0909090909090908,3,0.18181818181818182,16.27403716725523,1.0553782177495088,4,0.24242424242424243,0.15254237288135594,0.06779661016949153,0.09090909090909091,0.7621713184241435
bayes_mean-fix-seed43,large_circle,4,331,1544568755,timeout,101,25.25,0.1974145906220307,0,0.0,1,1.3242271961810645,13.934214553325484,15.026714652776718,21.019129971810283,60,2.376237623762376,25,0.9900990099009901,13,0.5148514851485149,53.3573095312534,2.538511803429225,14,0.5544554455445545,0.2872340425531915,0.23404255319148937,0.18811881188118812,0.5324137265849342
bayes_mean-fix-seed43,large_circle,4,332,1544568756,success,65,16.25,0.20508908655329827,0,0.0,0,1.7109657451247917,13.938155483741026,15.153200179338455,13.902904897204712,39,2.4,24,1.476923076923077,10,0.6153846153846154,36.823033883989176,2.6485856125932887,8,0.49230769230769234,0.0,0.0,0.07692307692307693,0.8442813922760117
bayes_mean-fix-seed43,large_circle,4,333,1544568757,success,67,16.75,0.20932271423789617,0,0.0,0,0.5963312094620988,13.950488182590968,15.107960253953934,14.933033658373116,36,2.1492537313432836,17,1.0149253731343284,6,0.3582089552238806,26.691633356292,1.7874220313784472,10,0.5970149253731343,0.06666666666666667,0.016666666666666666,0.1044776119402985,0.786435277698562
bayes_mean-fix-seed43,large_circle,4,334,1544568758,success,68,17.0,0.22746159543871414,0,0.0,0,1.4092088491421693,13.951358494951444,14.914149232208729,15.170010578278637,29,1.7058823529411764,20,1.1764705882352942,12,0.7058823529411765,38.87752811034487,2.562788464103784,8,0.47058823529411764,0.08196721311475409,0.08196721311475409,0.08823529411764706,0.7728566006952585
bayes_mean-fix-seed43,large_circle,4,335,1544568759,success,63,15.75,0.22743947613591753,0,0.0,0,0.5028466393256213,13.748966867015476,14.973372593522072,14.171685978052002,35,2.2222222222222223,16,1.0158730158730158,6,0.38095238095238093,24.36205111316227,1.7190651240009345,3,0.19047619047619047,0.0,0.0,0.06349206349206349,0.8349658940329814
bayes_mean-fix-seed43,large_circle,4,336,1544568760,success,64,16.0,0.23839546196317885,0,0.0,0,0.6681860060353703,13.704173674341291,14.787515439093111,15.006354759342978,32,2.0,15,0.9375,0,0.0,14.475044982800505,0.9645943478570851,7,0.4375,0.05263157894736842,0.05263157894736842,0.046875,0.781355949652778
bayes_mean-fix-seed43,large_circle,4,337,1544568761,success,61,15.25,0.19619555748338957,0,0.0,1,0.4961788329832106,13.794410851646642,14.81805369257927,13.963009166548746,31,2.0327868852459017,19,1.2459016393442623,2,0.13114754098360656,18.275950163686975,1.308883346397191,7,0.45901639344262296,0.0,0.0,0.01639344262295082,0.8533811477777271
bayes_mean-fix-seed43,large_circle,4,338,1544568762,success,76,19.0,0.16713844134261757,0,0.0,1,0.6684221331384016,13.941784438334013,15.103100799024105,17.210617524820908,39,2.0526315789473686,21,1.105263157894737,5,0.2631578947368421,28.172628010591602,1.6369330135866094,7,0.3684210526315789,0.0,0.0,0.05263157894736842,0.6891796801605828
bayes_mean-fix-seed43,large_circle,4,339,1544568763,success,67,16.75,0.2844474597363481,0,0.0,0,1.578716968456894,13.843670543005217,15.112501755356789,14.355394392824909,38,2.2686567164179103,22,1.3134328358208955,7,0.417910447761194,27.85658989851828,1.9404963135280713,13,0.7761194029850746,0.0,0.0,0.04477611940298507,0.8188449708455982
bayes_mean-fix-seed43,large_circle,4,340,1544568764,success,61,15.25,0.1945239579117629,0,0.0,2,0.5635782886646032,14.010576134333846,15.622563660144806,13.996450884107295,29,1.901639344262295,14,0.9180327868852459,7,0.45901639344262296,25.83748378200501,1.8460025327808625,11,0.7213114754098361,0.0,0.0,0.04918032786885246,0.8411280121697642
bayes_mean-fix-seed43,large_circle,4,341,1544568765,success,68,17.0,0.206873906181808,0,0.0,0,0.7976513685971129,13.809900621280951,15.020771510899067,14.763123915192448,40,2.3529411764705883,17,1.0,5,0.29411764705882354,29.860036509020926,2.0226096238542395,7,0.4117647058823529,0.0,0.0,0.058823529411764705,0.794402358073827
bayes_mean-fix-seed43,large_circle,4,342,1544568766,success,63,15.75,0.15747419130036555,0,0.0,5,0.5649079425484702,13.701792806386948,15.179059281945229,13.793071292903644,30,1.9047619047619047,20,1.2698412698412698,7,0.4444444444444444,27.462995879867037,1.9910718430054366,5,0.31746031746031744,0.0,0.0,0.06349206349206349,0.8485565653440295
bayes_mean-fix-seed43,large_circle,4,343,1544568767,timeout,101,25.25,0.18277684092072466,0,0.0,1,1.5660283543490692,13.987945337401758,15.076398849487305,19.010519443396454,63,2.495049504950495,25,0.9900990099009901,31,1.2277227722772277,95.09452172592358,5.002205332109211,21,0.8316831683168316,0.3829787234042553,0.3617021276595745,0.16831683168316833,0.578012679684412
bayes_mean-fix-seed43,large_circle,4,344,1544568768,success,61,15.25,0.36218316922116955,0,0.0,0,1.8524339799608314,13.851615371274166,15.108622610569,14.403023361465278,21,1.3770491803278688,7,0.45901639344262296,4,0.26229508196721313,17.122690397108336,1.1888261212516964,8,0.5245901639344263,0.05555555555555555,0.05555555555555555,0.06557377049180328,0.817712041668706
bayes_mean-fix-seed43,large_circle,4,345,1544568769,success,74,18.5,0.21709759626040015,0,0.0,0,0.7604746773775862,14.00558977715067,15.117930993437767,14.630039281444745,47,2.5405405405405403,25,1.3513513513513513,16,0.8648648648648649,50.25636729319513,3.4351491698956136,22,1.1891891891891893,0.05970149253731343,0.05970149253731343,0.0945945945945946,0.8043382232754146
bayes_mean-fix-seed43,large_circle,4,346,1544568770,success,59,14.75,0.4133484300150233,0,0.0,0,0.7296650272136626,13.83040996931367,15.017233788967133,14.063257171609783,27,1.8305084745762712,17,1.152542372881356,2,0.13559322033898305,15.96024370646013,1.134889557355169,6,0.4067796610169492,0.0,0.0,0.03389830508474576,0.8350224431333508
bayes_mean-fix-seed43,large_circle,4,347,1544568771,success,78,19.5,0.19229081310359297,0,0.0,1,1.3760289433545572,14.029592514420168,15.163448452949524,15.917001795348051,47,2.41025641025641,33,1.6923076923076923,16,0.8205128205128205,58.824997754796186,3.6957335628364727,16,0.8205128205128205,0.09859154929577464,0.09859154929577464,0.08974358974358974,0.7394594069825298
bayes_mean-fix-seed43,large_circle,4,348,1544568772,success,74,18.5,0.23171864827854904,0,0.0,0,2.8140146342317016,14.206995281416017,15.72538036853075,17.18096027560355,38,2.054054054054054,22,1.1891891891891893,6,0.32432432432432434,28.333915313687726,1.649146197836278,3,0.16216216216216217,0.08955223880597014,0.08955223880597014,0.08108108108108109,0.6833866985151709
bayes_mean-fix-seed43,large_circle,4,349,1544568773,success,66,16.5,0.5830650627057904,0,0.0,0,1.0699209794115825,14.024821702729572,15.61808492988348,14.143369889204047,38,2.303030303030303,23,1.393939393939394,8,0.48484848484848486,28.400815819535612,2.008065690286061,10,0.6060606060606061,0.0,0.0,0.06060606060606061,0.82734479048479
bayes_mean-fix-seed43,large_circle,4,350,1544568774,success,64,16.0,0.2013723837586181,0,0.0,0,0.5829360531774108,13.820720720104873,14.865884743630886,13.789129965050607,35,2.1875,15,0.9375,1,0.0625,12.046704516093449,0.8736377528260708,6,0.375,0.017543859649122806,0.0,0.0625,0.8487857193143025
bayes_mean-fix-seed43,large_circle,4,351,1544568775,timeout,101,25.25,0.20323070530740295,0,0.0,0,1.199130900040334,14.271411417734505,15.621945261955261,21.868626260690075,64,2.5346534653465347,30,1.188118811881188,17,0.6732673267326733,64.97918222058098,2.971342664417117,22,0.8712871287128713,0.26595744680851063,0.23404255319148937,0.19801980198019803,0.47006057015771047
bayes_mean-fix-seed43,large_circle,4,352,1544568776,success,70,17.5,0.2355817556662282,0,0.0,0,1.6547506704836399,14.050623029470444,15.475238859653473,15.88685907635721,30,1.7142857142857142,13,0.7428571428571429,5,0.2857142857142857,23.527603007122142,1.480947422900973,3,0.17142857142857143,0.06349206349206349,0.0,0.08571428571428572,0.7476065387144826
bayes_mean-fix-seed43,large_circle,4,353,1544568777,collision,40,10.0,-0.08407515363855811,1,0.25,9,0.4861790259023425,13.67324236780405,15.121358446776867,7.8197437032141455,30,3.0,13,1.3,2,0.2,21.765213965510434,2.7833666666804295,5,0.5,0.0,0.0,0.075,0.6183322512705549
bayes_mean-fix-seed43,large_circle,4,354,1544568778,timeout,101,25.25,0.26358110220351705,0,0.0,0,1.3824074700875524,14.353909778713,15.574265271425247,20.189327956419067,66,2.613861386138614,35,1.386138613861386,22,0.8712871287128713,73.69630647544507,3.6502605056754156,9,0.3564356435643564,0.2872340425531915,0.2765957446808511,0.1782178217821782,0.5308286171160937
bayes_mean-fix-seed43,large_circle,4,355,1544568779,success,65,16.25,0.1602900042633434,0,0.0,4,0.437329087441548,14.076419117359015,15.22197350859642,14.561335230000381,36,2.2153846153846155,17,1.0461538461538462,4,0.24615384615384617,24.05550967276305,1.6520126274685334,7,0.4307692307692308,0.0,0.0,0.07692307692307693,0.8079530662890084
bayes_mean-fix-seed43,large_circle,4,356,1544568780,success,58,14.5,0.16610922124578686,0,0.0,2,1.0312073605497303,13.717701851293958,15.189470909535885,13.348939249267353,36,2.4827586206896552,22,1.5172413793103448,2,0.13793103448275862,15.939673814611464,1.1940779351053157,7,0.4827586206896552,0.0,0.0,0.017241379310344827,0.8822248596055071
bayes_mean-fix-seed43,large_circle,4,357,1544568781,success,64,16.0,0.18223822403425194,0,0.0,1,0.7190252074057928,13.669815321918577,15.240775793790815,14.653882825185384,28,1.75,16,1.0,5,0.3125,23.90967805060756,1.6316274898496115,11,0.6875,0.0,0.0,0.046875,0.7988512929717071
bayes_mean-fix-seed43,large_circle,4,358,1544568782,success,69,17.25,0.205614937581861,0,0.0,0,0.7310278171444275,13.874960388394369,15.158502757549286,14.131544866116805,43,2.4927536231884058,19,1.1014492753623188,8,0.463768115942029,36.138470381852905,2.557290849955272,12,0.6956521739130435,0.0,0.0,0.07246376811594203,0.8310883089734398
bayes_mean-fix-seed43,large_circle,4,359,1544568783,timeout,101,25.25,0.21241792881398258,0,0.0,0,1.0462351543568131,13.887533678276704,15.223398804664612,21.45939767927713,62,2.4554455445544554,29,1.1485148514851484,16,0.6336633663366337,60.44141325523659,2.816547517249449,15,0.594059405940594,0.2872340425531915,0.23404255319148937,0.2079207920792079,0.5038079343508506
bayes_mean-fix-seed43,large_circle,4,360,1544568784,success,84,21.0,0.18664909260185913,0,0.0,1,1.3312401215783545,14.19563986183632,15.652049519121647,17.8008639309215,54,2.5714285714285716,33,1.5714285714285714,14,0.6666666666666666,49.46237248255753,2.778650107910633,14,0.6666666666666666,0.2077922077922078,0.19480519480519481,0.14285714285714285,0.6610090820745708
bayes_mean-fix-seed43,large_circle,4,361,1544568785,success,69,17.25,0.22659973923688204,0,0.0,0,1.3585019895577037,14.216076150752496,15.4058076441288,14.711011116463105,37,2.1449275362318843,21,1.2173913043478262,11,0.6376811594202898,35.55826983980649,2.417119364420383,3,0.17391304347826086,0.08064516129032258,0.08064516129032258,0.08695652173913043,0.7980696770763788
bayes_mean-fix-seed43,large_circle,4,362,1544568786,success,61,15.25,0.22487170599392514,0,0.0,0,1.702194762516654,13.893146373209406,15.44823870062828,14.050899189941667,34,2.2295081967213113,23,1.5081967213114753,6,0.39344262295081966,27.51724125899265,1.958397173519746,10,0.6557377049180327,0.0,0.0,0.04918032786885246,0.8399097342218352
bayes_mean-fix-seed43,large_circle,4,363,1544568787,success,74,18.5,0.22172158392200503,0,0.0,0,0.9319095490793758,14.024219551199192,15.382609143853188,15.818862621843454,44,2.3783783783783785,23,1.2432432432432432,10,0.5405405405405406,36.959325348221356,2.3364085163231727,9,0.4864864864864865,0.0,0.0,0.13513513513513514,0.7467242277237123
bayes_mean-fix-seed43,large_circle,4,364,1544568788,success,70,17.5,0.2305286329859304,0,0.0,0,0.651163504499551,14.021945212568555,15.389080345630646,14.154183625078897,41,2.342857142857143,28,1.6,1,0.05714285714285714,21.566583578383646,1.5236896842408623,9,0.5142857142857142,0.0,0.0,0.04285714285714286,0.8354530356952345
bayes_mean-fix-seed43,large_circle,4,365,1544568789,success,56,14.0,0.1963997897546449,0,0.0,1,1.227475174904266,14.102873991110496,15.429162420332432,13.6600077757411,14,1.0,7,0.5,0,0.0,6.550748721661944,0.4795567344621474,3,0.21428571428571427,0.0,0.0,0.0,0.8565562631948024
bayes_mean-fix-seed43,large_circle,4,366,1544568790,success,69,17.25,0.16230899677121224,0,0.0,3,0.7257451318561136,14.32972595743511,16.350408643484116,15.662927180157169,35,2.028985507246377,16,0.927536231884058,2,0.11594202898550725,24.23214092552263,1.5471016781729985,13,0.7536231884057971,0.11290322580645161,0.04838709677419355,0.07246376811594203,0.7492823634610237
bayes_mean-fix-seed43,large_circle,4,367,1544568791,success,77,19.25,0.18680752851665683,0,0.0,1,0.8850626492044157,14.007012710555808,15.822164714336395,16.32144080499502,41,2.1298701298701297,23,1.1948051948051948,7,0.36363636363636365,34.1940249367787,2.095037156665357,7,0.36363636363636365,0.08571428571428572,0.05714285714285714,0.1038961038961039,0.7240503615077069
bayes_mean-fix-seed43,large_circle,4,368,1544568792,success,76,19.0,0.19891950596606334,0,0.0,1,1.3557708257081906,13.541364895277901,14.780562371015549,17.310291734887155,41,2.1578947368421053,27,1.4210526315789473,5,0.2631578947368421,25.76038376939868,1.4881542243150767,6,0.3157894736842105,0.18840579710144928,0.07246376811594203,0.15789473684210525,0.6790199782443996
bayes_mean-fix-seed43,large_circle,4,369,1544568793,success,54,13.5,0.22863208793030143,0,0.0,0,1.2155885811890963,13.630807951644615,15.493086539208889,13.31717897165293,16,1.1851851851851851,7,0.5185185185185185,0,0.0,6.348744473711637,0.47673343485325476,3,0.2222222222222222,0.0,0.0,0.0,0.8862331253671132
bayes_mean-fix-seed43,large_circle,4,370,1544568794,timeout,101,25.25,0.18809554062840428,0,0.0,2,0.8640454737093907,14.043829044198045,15.232283622026443,22.22965481942958,63,2.495049504950495,21,0.8316831683168316,12,0.4752475247524752,51.7667677831386,2.3287256686456703,19,0.7524752475247525,0.23404255319148937,0.18085106382978725,0.18811881188118812,0.4656166680177072
bayes_mean-fix-seed43,large_circle,4,371,1544568795,success,65,16.25,0.178914157337153,0,0.0,2,0.6054341356084598,15.633879945828365,15.231098979711533,14.762128255622805,37,2.276923076923077,19,1.1692307692307693,6,0.36923076923076925,26.879813304836013,1.8208630110362072,9,0.5538461538461539,0.0,0.0,0.07692307692307693,0.7996356608081708
bayes_mean-fix-seed43,large_circle,4,372,1544568796,success,74,18.5,0.1883598849536665,0,0.0,2,0.5007867180782275,14.02717622349391,15.348869748413561,16.117715687346163,47,2.5405405405405403,23,1.2432432432432432,5,0.2702702702702703,31.01372484129551,1.9242010122838955,13,0.7027027027027027,0.0,0.0,0.05405405405405406,0.7351315242107201
bayes_mean-fix-seed43,large_circle,4,373,1544568797,success,64,16.0,0.21660809678803084,0,0.0,0,2.110200714173634,13.75710719730705,14.974601194262505,14.900527248994303,30,1.875,17,1.0625,4,0.25,22.000619801396393,1.4764994173532553,12,0.75,0.0,0.0,0.046875,0.7881661125207263
bayes_mean-fix-seed43,large_circle,4,374,1544568798,success,67,16.75,0.17885889431808621,0,0.0,3,0.7153808191183113,13.966843875041649,15.327582880854607,13.516600880581946,36,2.1492537313432836,19,1.1343283582089552,2,0.11940298507462686,18.205072028309296,1.3468676177649697,6,0.3582089552238806,0.08333333333333333,0.08333333333333333,0.05970149253731343,0.8694157294386564
bayes_mean-fix-seed43,large_circle,4,375,1544568799,timeout,101,25.25,0.21257760135753268,0,0.0,0,0.8276400591727424,14.25538971872613,15.373125672340393,21.291779696826858,65,2.5742574257425743,28,1.108910891089109,12,0.4752475247524752,46.96823432634921,2.2059327587984083,11,0.43564356435643564,0.30851063829787234,0.2978723404255319,0.18811881188118812,0.5308923948877371
bayes_mean-fix-seed43,large_circle,4,376,1544568800,timeout,101,25.25,0.18159095068684628,0,0.0,2,1.211505807974116,14.217159904465817,15.537407249212265,21.92426764280843,67,2.6534653465346536,40,1.5841584158415842,10,0.39603960396039606,61.847722595253146,2.820970971659359,23,0.9108910891089109,0.1702127659574468,0.1702127659574468,0.2079207920792079,0.45294082206770286
bayes_mean-fix-seed43,large_circle,4,377,1544568801,success,58,14.5,0.147200107162053,0,0.0,4,0.5136247279556513,13.67406746179893,14.806907624006271,13.347773187730972,28,1.9310344827586208,16,1.103448275862069,1,0.06896551724137931,13.839237876626711,1.036819976035215,3,0.20689655172413793,0.0,0.0,0.017241379310344827,0.8769938013937856
bayes_mean-fix-seed43,large_circle,4,378,1544568802,timeout,101,25.25,0.21855340106345034,0,0.0,0,3.0195979400023867,14.09913201143246,15.137743204832077,19.332113311304525,59,2.3366336633663365,19,0.7524752475247525,26,1.0297029702970297,88.86143467361352,4.596571168536006,25,0.9900990099009901,0.3723404255319149,0.3723404255319149,0.15841584158415842,0.5705632878651724
bayes_mean-fix-seed43,large_circle,4,379,1544568803,success,65,16.25,0.35118823302973945,0,0.0,0,1.3278378480744486,13.833148261675468,15.374944359064102,14.374072382088345,38,2.3384615384615386,21,1.2923076923076924,8,0.49230769230769234,34.57319355597805,2.4052469360777677,14,0.8615384615384616,0.0,0.0,0.09230769230769231,0.8235313489611936
bayes_mean-fix-seed43,large_circle,4,380,1544568804,success,64,16.0,0.19311484977915527,0,0.0,1,1.0563944568855381,13.874076015781611,15.32699391245842,14.329178870412294,37,2.3125,19,1.1875,4,0.25,24.179707052704803,1.6874454057261048,7,0.4375,0.0,0.0,0.046875,0.8173542819668012
bayes_mean-fix-seed43,large_circle,4,381,1544568805,timeout,101,25.25,0.22332925330690723,0,0.0,0,2.377138046237406,14.020119157463018,15.123508870601654,19.956216891823807,62,2.4554455445544554,25,0.9900990099009901,23,0.9108910891089109,78.0411693118932,3.910619419248103,20,0.7920792079207921,0.26595744680851063,0.26595744680851063,0.18811881188118812,0.5538711777520153
bayes_mean-fix-seed43,large_circle,4,382,1544568806,success,67,16.75,0.18587556452452958,0,0.0,1,1.6594592009171751,14.103938561322083,15.727377310395239,14.573786741276685,33,1.9701492537313432,14,0.835820895522388,4,0.23880597014925373,24.822428574736026,1.7032243585966969,9,0.5373134328358209,0.0,0.0,0.07462686567164178,0.8099568089713856
bayes_mean-fix-seed43,large_circle,4,383,1544568807,success,64,16.0,0.19626287381946284,0,0.0,2,0.6484760112995909,13.992202759254724,15.491169691085815,14.99153867999295,34,2.125,20,1.25,1,0.0625,18.58365502084751,1.239609583614552,9,0.5625,0.0,0.0,0.046875,0.7828780178559309
bayes_mean-fix-seed43,large_circle,4,384,1544568808,success,67,16.75,0.7218360695668217,0,0.0,0,1.4242883415454721,13.739925600699525,15.05660004913807,14.591138111285412,37,2.208955223880597,19,1.1343283582089552,7,0.417910447761194,30.39867547762485,2.0833656186225262,12,0.7164179104477612,0.0,0.0,0.08955223880597014,0.8089918280385597
bayes_mean-fix-seed43,large_circle,4,385,1544568809,success,63,15.75,0.1785995652601582,0,0.0,2,1.2569820474385527,13.97652356397538,15.71078822016716,14.562490438354995,32,2.0317460317460316,19,1.2063492063492063,2,0.12698412698412698,18.163386443157368,1.2472719910131755,7,0.4444444444444444,0.0,0.0,0.031746031746031744,0.8063719330543677
bayes_mean-fix-seed43,large_circle,4,386,1544568810,timeout,101,25.25,0.22501960567341484,0,0.0,0,2.0216045831792466,13.856376235437866,14.87543061375618,19.62957649082184,65,2.5742574257425743,37,1.4653465346534653,30,1.188118811881188,96.92611893419436,4.937759048419303,11,0.43564356435643564,0.30851063829787234,0.30851063829787234,0.2079207920792079,0.5596703220462413
bayes_mean-fix-seed43,large_circle,4,387,1544568811,success,59,14.75,0.22705389710308488,0,0.0,0,1.4492184887306694,13.830286466469198,15.034592524170872,14.218167245861684,21,1.423728813559322,11,0.7457627118644068,3,0.2033898305084746,12.831004032534125,0.9024372699138629,3,0.2033898305084746,0.0,0.0,0.01694915254237288,0.8258218761096343
bayes_mean-fix-seed43,large_circle,4,388,1544568812,success,61,15.25,0.19260464731413363,0,0.0,1,1.4048652249020832,13.735403169373997,14.863181859254837,14.057778033983485,27,1.7704918032786885,11,0.7213114754098361,4,0.26229508196721313,18.70749509353406,1.3307576096528397,7,0.45901639344262296,0.0,0.0,0.03278688524590164,0.8395866843888292
bayes_mean-fix-seed43,large_circle,4,389,1544568813,success,71,17.75,0.19772007539325898,0,0.0,1,1.0996028149834771,13.666464042075923,14.830797910690308,14.243019080425535,41,2.3098591549295775,20,1.1267605633802817,4,0.22535211267605634,24.136958512940524,1.694651841484396,11,0.6197183098591549,0.0625,0.0625,0.14084507042253522,0.8222097457111555
bayes_mean-fix-seed43,large_circle,4,390,1544568814,success,65,16.25,0.21384558117741648,0,0.0,0,1.7203054726548481,13.959248134723076,15.304824709892273,14.96963538011653,29,1.7846153846153847,14,0.8615384615384616,6,0.36923076923076925,27.966819450352197,1.8682365161344692,13,0.8,0.0,0.0,0.06153846153846154,0.7823923775606549
bayes_mean-fix-seed43,large_circle,4,391,1544568815,success,60,15.0,0.21230304046902349,0,0.0,0,0.5489324698998403,13.806723803281784,15.079770050942896,13.838241434658666,26,1.7333333333333334,15,1.0,6,0.4,24.73773912408899,1.7876360403809626,7,0.4666666666666667,0.0,0.0,0.05,0.8496993883324678
bayes_mean-fix-seed43,large_circle,4,392,1544568816,success,69,17.25,0.19341489221159447,0,0.0,1,0.7594589984830982,13.753912857045298,14.945471286773682,15.004468422780539,34,1.9710144927536233,18,1.0434782608695652,7,0.4057971014492754,27.673103617363672,1.8443241598182163,4,0.2318840579710145,0.03225806451612903,0.03225806451612903,0.08695652173913043,0.7903967452190389
bayes_mean-fix-seed43,large_circle,4,393,1544568817,success,63,15.75,0.2944161715248712,0,0.0,0,1.1368312651380899,13.717693882802177,15.076866000890732,13.592668675904685,38,2.4126984126984126,13,0.8253968253968254,5,0.31746031746031744,23.113829687196613,1.700462965610999,10,0.6349206349206349,0.0,0.0,0.09523809523809523,0.8614072773375391
bayes_mean-fix-seed43,large_circle,4,394,1544568818,success,63,15.75,0.20707810830083118,0,0.0,0,1.6858548279199665,13.772969385461202,15.071197226643562,14.620983162206892,34,2.1587301587301586,22,1.3968253968253967,4,0.25396825396825395,21.147902413432753,1.4464076853666719,7,0.4444444444444444,0.05357142857142857,0.05357142857142857,0.06349206349206349,0.8049392818735827
bayes_mean-fix-seed43,large_circle,4,395,1544568819,success,73,18.25,0.5144564718551811,0,0.0,0,1.4630426235180263,14.057380644834204,15.39757251739502,13.669742364461014,42,2.3013698630136985,25,1.36986301369863,5,0.273972602739726,30.950318976569115,2.264147937201409,10,0.547945205479452,0.015151515151515152,0.015151515151515152,0.0684931506849315,0.8609284439845892
bayes_mean-fix-seed43,large_circle,4,396,1544568820,success,59,14.75,0.20212786677080696,0,0.0,0,1.4224737155435692,13.681643405708217,15.033309161663055,13.91292778603871,31,2.1016949152542375,20,1.3559322033898304,2,0.13559322033898305,16.68480741266622,1.1992305048409024,9,0.6101694915254238,0.0,0.0,0.03389830508474576,0.8444496771355626
bayes_mean-fix-seed43,large_circle,4,397,1544568821,success,75,18.75,0.2096362720770537,0,0.0,0,0.9790977309130524,13.98868759473165,15.026916936039925,15.679638160189151,47,2.506666666666667,26,1.3866666666666667,9,0.48,35.75695009859248,2.280470361196213,8,0.4266666666666667,0.058823529411764705,0.058823529411764705,0.10666666666666667,0.7488073453009462
bayes_mean-fix-seed43,large_circle,4,398,1544568822,success,66,16.5,0.1724598377082518,0,0.0,2,1.2192626771224377,13.565524396571247,14.773352071642876,15.13885459562366,31,1.878787878787879,19,1.1515151515151516,9,0.5454545454545454,29.118571461544597,1.9234329306499973,5,0.30303030303030304,0.01694915254237288,0.01694915254237288,0.06060606060606061,0.7765942650261661
bayes_mean-fix-seed43,large_circle,4,399,1544568823,success,70,17.5,0.20489362990787607,0,0.0,0,0.6409759478112631,14.03455159493855,15.180275216698647,14.011842167013652,44,2.5142857142857142,28,1.6,8,0.45714285714285713,35.251121112521886,2.5158091771479727,13,0.7428571428571429,0.0,0.0,0.1,0.8515983886222386
bayes_mean-fix-seed43,large_circle,4,400,1544568824,success,69,17.25,0.2312475355403275,0,0.0,0,2.3574088277935523,14.133281195941178,15.43428972363472,15.329782290237413,38,2.2028985507246377,17,0.9855072463768116,7,0.4057971014492754,28.65443611607398,1.8692004604867882,8,0.463768115942029,0.04838709677419355,0.04838709677419355,0.11594202898550725,0.7639893573537931
bayes_mean-fix-seed43,large_circle,4,401,1544568825,success,68,17.0,0.24078878446331264,0,0.0,0,1.4979494564591205,13.743338777738458,15.086125768721104,14.618117830027433,45,2.6470588235294117,23,1.3529411764705883,7,0.4117647058823529,33.90010797144219,2.3190473880164757,9,0.5294117647058824,0.0,0.0,0.058823529411764705,0.8047884600673356
bayes_mean-fix-seed43,large_circle,4,402,1544568826,timeout,101,25.25,0.243558686637252,0,0.0,0,1.2669147127921918,13.994891085837146,15.193216502666473,19.639505695668984,63,2.495049504950495,32,1.2673267326732673,22,0.8712871287128713,75.7344404636556,3.8562294610274734,15,0.594059405940594,0.32978723404255317,0.32978723404255317,0.1782178217821782,0.5669401676282314
bayes_mean-fix-seed43,large_circle,4,403,1544568827,success,65,16.25,0.22574277900652606,0,0.0,0,0.7901395808996354,13.957296311855316,15.27816504240036,14.665671019122646,32,1.9692307692307693,17,1.0461538461538462,2,0.12307692307692308,18.782176843946882,1.2806899063436443,5,0.3076923076923077,0.0,0.0,0.03076923076923077,0.8015118432524563
bayes_mean-fix-seed43,large_circle,4,404,1544568828,success,60,15.0,0.2463065784402345,0,0.0,0,1.4985961026236125,13.778558435539404,15.194270946085453,14.318874050762412,24,1.6,11,0.7333333333333333,2,0.13333333333333333,14.797052435750302,1.0333949710914896,3,0.2,0.0,0.0,0.03333333333333333,0.8244469842408079
bayes_mean-fix-seed43,large_circle,4,405,1544568829,success,59,14.75,0.232217805658396,0,0.0,0,0.8190976222153851,13.887516396530604,15.25762304663658,13.952642876590192,27,1.8305084745762712,15,1.0169491525423728,4,0.2711864406779661,19.258157488625404,1.3802515881014077,7,0.4745762711864407,0.0,0.0,0.03389830508474576,0.8431480082506629
bayes_mean-fix-seed43,large_circle,4,406,1544568830,timeout,101,25.25,0.2155508647143567,0,0.0,0,1.064411098054822,14.247204370722912,15.262365341186523,21.020504459804556,73,2.891089108910891,36,1.4257425742574257,19,0.7524752475247525,78.30244673411806,3.725050789520686,22,0.8712871287128713,0.24468085106382978,0.24468085106382978,0.1782178217821782,0.4755023030286323
bayes_mean-fix-seed43,large_circle,4,407,1544568831,success,63,15.75,0.1972282304002616,0,0.0,1,0.5727716804282066,13.554767661151432,14.647702127695084,13.927275241199485,32,2.0317460317460316,21,1.3333333333333333,8,0.5079365079365079,30.447079539776876,2.18614761412259,5,0.31746031746031744,0.0,0.0,0.06349206349206349,0.8414935745313133
bayes_mean-fix-seed43,large_circle,4,408,1544568832,success,84,21.0,0.16519061749482444,0,0.0,5,0.5219723883904601,13.85205349929276,14.95697982609272,19.003222620030026,48,2.2857142857142856,22,1.0476190476190477,4,0.19047619047619047,31.959386626260265,1.681787729654549,13,0.6190476190476191,0.16883116883116883,0.09090909090909091,0.11904761904761904,0.6216072339020988
bayes_mean-fix-seed43,large_circle,4,409,1544568833,success,86,21.5,0.21100689429211927,0,0.0,0,0.9329140918756152,13.705437916309334,15.017149038612843,19.20286472465917,34,1.5813953488372092,13,0.6046511627906976,8,0.37209302325581395,30.47429510565826,1.5869660877486156,10,0.46511627906976744,0.17721518987341772,0.13924050632911392,0.16279069767441862,0.6107737647936521
bayes_mean-fix-seed43,large_circle,4,410,1544568834,success,61,15.25,0.9732476265090731,0,0.0,0,1.6132110628806997,14.059076055151518,15.493329614400864,14.609203523739936,18,1.180327868852459,10,0.6557377049180327,4,0.26229508196721313,14.191324366420641,0.9713961711437422,3,0.19672131147540983,0.0,0.0,0.04918032786885246,0.8065901919762481
bayes_mean-fix-seed43,large_circle,4,411,1544568835,success,60,15.0,0.16235590559291202,0,0.0,3,0.44937606507724726,13.890430517494678,15.59707336127758,13.682824035939355,27,1.8,13,0.8666666666666667,2,0.13333333333333333,12.667672386959554,0.9258083239020395,7,0.4666666666666667,0.0,0.0,0.0,0.8627408182407974
bayes_mean-fix-seed43,large_circle,4,412,1544568836,success,72,18.0,0.20311174320481462,0,0.0,0,0.7362345314537989,13.840698637068272,15.210473909974098,15.35197708441731,40,2.2222222222222223,26,1.4444444444444444,6,0.3333333333333333,32.131990618252075,2.0930197095504366,9,0.5,0.2,0.2,0.125,0.7630039956047955
bayes_mean-fix-seed43,large_circle,4,413,1544568837,success,68,17.0,0.20417743014049972,0,0.0,0,0.5556573846440479,14.08214626066825,15.83314873278141,15.31975665926803,35,2.0588235294117645,13,0.7647058823529411,3,0.17647058823529413,22.314275397776612,1.4565685274300417,9,0.5294117647058824,0.08196721311475409,0.04918032786885246,0.08823529411764706,0.7676480644666505
bayes_mean-fix-seed43,large_circle,4,414,1544568838,timeout,101,25.25,0.23615943985881815,0,0.0,0,2.549120995038802,14.004482860022252,15.165705233812332,19.0844484427306,68,2.6930693069306932,24,0.9504950495049505,42,1.6633663366336633,102.19711229524722,5.354994282487363,26,1.0297029702970297,0.40425531914893614,0.40425531914893614,0.15841584158415842,0.568389359525224
bayes_mean-fix-seed43,large_circle,4,415,1544568839,success,86,21.5,0.04105363981879573,0,0.0,10,1.4088157850661718,14.345191332489945,15.64636081457138,19.783572319999017,46,2.13953488372093,22,1.0232558139534884,4,0.18604651162790697,26.453949761357247,1.3371674909599218,6,0.27906976744186046,0.10126582278481013,0.0379746835443038,0.09302325581395349,0.595511629439201
bayes_mean-fix-seed43,large_circle,4,416,1544568840,success,75,18.75,0.23310310389295552,0,0.0,0,2.39032628799136,13.832771331071854,15.125031396746635,16.88767896686388,47,2.506666666666667,27,1.44,8,0.4266666666666667,33.75126216871547,1.998573174853716,9,0.48,0.16176470588235295,0.10294117647058823,0.16,0.692820968050354
bayes_mean-fix-seed43,large_circle,4,417,1544568841,success,63,15.75,0.2781525266433411,0,0.0,0,0.9230098390460553,13.853633628478127,15.329267084598541,12.711454344579163,33,2.0952380952380953,20,1.2698412698412698,3,0.19047619047619047,19.174196600528767,1.5084187914898706,6,0.38095238095238093,0.0,0.0,0.015873015873015872,0.9281757031851096
bayes_mean-fix-seed43,large_circle,4,418,1544568842,success,67,16.75,0.19589412295425745,0,0.0,1,0.7340451282829638,13.524336601371196,14.700832217931747,13.776246291183355,38,2.2686567164179103,24,1.4328358208955223,4,0.23880597014925373,24.47510965873324,1.776616731540074,11,0.6567164179104478,0.0,0.0,0.029850746268656716,0.8575286424202574
bayes_mean-fix-seed43,large_circle,4,419,1544568843,success,62,15.5,0.2002458375806646,0,0.0,0,0.5098341362955953,13.982745848836437,15.273965150117874,14.15241982613071,35,2.2580645161290325,21,1.3548387096774193,1,0.06451612903225806,19.098827831309183,1.3495096998214775,10,0.6451612903225806,0.0,0.0,0.016129032258064516,0.8270078105032482
bayes_mean-fix-seed43,large_circle,4,420,1544568844,success,81,20.25,0.19917311948322614,0,0.0,1,1.653231119952297,13.945474208872994,15.0001160800457,16.339868106400832,52,2.567901234567901,29,1.4320987654320987,7,0.345679012345679,35.84040830247936,2.193433145793849,14,0.691358024691358,0.21621621621621623,0.21621621621621623,0.12345679012345678,0.7218709780425603
bayes_mean-fix-seed43,large_circle,4,421,1544568845,success,63,15.75,0.14645704201066334,0,0.0,1,1.2742394034511206,13.685965762724953,15.029994398355484,14.464782699608762,33,2.0952380952380953,19,1.2063492063492063,5,0.31746031746031744,23.047958800341483,1.593384379079879,7,0.4444444444444444,0.0,0.0,0.06349206349206349,0.8141417213381377
bayes_mean-fix-seed43,large_circle,4,422,1544568846,success,72,18.0,0.15595671347286422,0,0.0,2,0.812151820119502,14.118510453651348,15.380435809493065,16.125187984042796,35,1.9444444444444444,12,0.6666666666666666,3,0.16666666666666666,26.33270268414104,1.633016787785632,11,0.6111111111111112,0.0,0.0,0.09722222222222222,0.736341927808818
bayes_mean-fix-seed43,large_circle,4,423,1544568847,success,81,20.25,0.19736268235911092,0,0.0,2,1.004668638873172,14.26175875980177,15.367478132247925,16.278229965715028,50,2.4691358024691357,25,1.2345679012345678,13,0.6419753086419753,48.322425547615566,2.968530709382504,17,0.8395061728395061,0.13513513513513514,0.13513513513513514,0.09876543209876543,0.7256794214151455
bayes_mean-fix-seed43,large_circle,4,424,1544568848,success,68,17.0,0.1700446282566841,0,0.0,2,0.6809610420356444,14.104100765989108,15.910211391746998,14.838212871213186,39,2.2941176470588234,21,1.2352941176470589,5,0.29411764705882354,22.73847263626408,1.5324266361198904,5,0.29411764705882354,0.0,0.0,0.07352941176470588,0.7920946759657129
bayes_mean-fix-seed43,large_circle,4,425,1544568849,timeout,101,25.25,0.2777720389878472,0,0.0,0,2.996618375192293,14.4764975008398,15.614829957485199,20.457770113182285,66,2.613861386138614,35,1.386138613861386,20,0.7920792079207921,70.7498755178542,3.4583375962498186,15,0.594059405940594,0.2765957446808511,0.2765957446808511,0.18811881188118812,0.5440498634067135
bayes_mean-fix-seed43,large_circle,4,426,1544568850,success,64,16.0,0.3576590325151756,0,0.0,0,1.5882573831278801,14.240897144190967,16.765023581683636,14.642265227944986,37,2.3125,20,1.25,3,0.1875,22.519474672286133,1.5379775138417362,3,0.1875,0.0,0.0,0.046875,0.8032009764272386
bayes_mean-fix-seed43,large_circle,4,427,1544568851,success,66,16.5,0.20540093493880884,0,0.0,0,0.6543630060684658,13.914238322864879,15.286256559193134,15.450910496387332,36,2.1818181818181817,22,1.3333333333333333,3,0.18181818181818182,21.12496612406404,1.3672311498408714,7,0.42424242424242425,0.0,0.0,0.06060606060606061,0.7602744486540992
bayes_mean-fix-seed43,large_circle,4,428,1544568852,timeout,101,25.25,0.34209591932222694,0,0.0,0,2.504855412146854,13.932357071944983,15.115302056074142,19.525696840763278,61,2.4158415841584158,20,0.7920792079207921,27,1.0693069306930694,78.6713925750852,4.029120866551868,20,0.7920792079207921,0.3723404255319149,0.3723404255319149,0.18811881188118812,0.5600673363148524
bayes_mean-fix-seed43,large_circle,4,429,1544568853,success,100,25.0,0.11879188910924621,0,0.0,16,0.899174942514896,14.051461145281792,15.382871218025684,21.4593562620583,54,2.16,32,1.28,12,0.48,53.19407937578331,2.4788292214447414,15,0.6,0.17204301075268819,0.0,0.22,0.5456078475097864
bayes_mean-fix-seed43,large_circle,4,430,1544568854,timeout,101,25.25,0.19047284922206786,0,0.0,1,0.8068976039809507,14.398906269285938,15.42256772518158,20.05796385503929,63,2.495049504950495,43,1.702970297029703,33,1.306930693069307,107.4625289887212,5.357599094572239,8,0.31683168316831684,0.24468085106382978,0.24468085106382978,0.18811881188118812,0.5487632954013371
bayes_mean-fix-seed43,large_circle,4,431,1544568855,success,78,19.5,0.1978440527683326,0,0.0,1,1.5384541608370905,14.207070454573019,15.373212099075317,16.5876071238361,41,2.1025641025641026,28,1.435897435897436,15,0.7692307692307693,48.468902589400216,2.9219948499835913,19,0.9743589743589743,0.014084507042253521,0.014084507042253521,0.10256410256410256,0.7142606625747494
bayes_mean-fix-seed43,large_circle,4,432,1544568856,success,74,18.5,0.16559259513503088,0,0.0,2,1.8014926391580453,14.07110399088344,15.370093658566471,16.048172744993746,39,2.108108108108108,17,0.918918918918919,8,0.43243243243243246,30.697212587312816,1.9128166848084847,7,0.3783783783783784,0.1044776119402985,0.1044776119402985,0.10810810810810811,0.7349383033951997
bayes_mean-fix-seed43,large_circle,4,433,1544568857,success,57,14.25,0.28206782303095856,0,0.0,0,1.241187727172208,13.852015137672424,15.229768306016918,13.329311641158755,30,2.1052631578947367,22,1.543859649122807,4,0.2807017543859649,23.399463625943696,1.7554892747566906,10,0.7017543859649122,0.0,0.0,0.03508771929824561,0.8838596414561951
bayes_mean-fix-seed43,large_circle,4,434,1544568858,timeout,101,25.25,0.20195851832262768,0,0.0,0,0.8437237060320346,14.17160292368124,15.463918447494507,21.789562407596218,57,2.257425742574257,27,1.0693069306930694,18,0.7128712871287128,66.81309990415023,3.0662892009643126,22,0.8712871287128713,0.35106382978723405,0.35106382978723405,0.16831683168316833,0.4615164302045036
bayes_mean-fix-seed43,large_circle,4,435,1544568859,timeout,101,25.25,0.19629545100388412,0,0.0,1,0.7949818205089966,14.01623552388484,15.138976275920868,21.36169807861225,68,2.6930693069306932,32,1.2673267326732673,12,0.4752475247524752,52.11378374616693,2.4395899405742596,17,0.6732673267326733,0.2765957446808511,0.20212765957446807,0.18811881188118812,0.5181469501878191
bayes_mean-fix-seed43,large_circle,4,436,1544568860,success,65,16.25,0.1698470768812489,0,0.0,2,0.8953933583613014,13.71116775732774,14.984691143035889,14.804285535757318,29,1.7846153846153847,10,0.6153846153846154,5,0.3076923076923077,18.61007018154954,1.2570731722648805,5,0.3076923076923077,0.0,0.0,0.07692307692307693,0.7921656818838038
bayes_mean-fix-seed43,large_circle,4,437,1544568861,success,69,17.25,0.4176962245161736,0,0.0,0,1.3288045467578862,13.860617966755576,15.319246798753738,14.233528743153329,39,2.260869565217391,25,1.4492753623188406,10,0.5797101449275363,41.86296540037911,2.9411515693545924,24,1.391304347826087,0.0,0.0,0.057971014492753624,0.837591315556223
bayes_mean-fix-seed43,large_circle,4,438,1544568862,success,59,14.75,0.20136500152341097,0,0.0,0,0.5685102955774299,13.87834327958398,15.425794571638107,13.472139124555534,33,2.23728813559322,24,1.6271186440677967,5,0.3389830508474576,26.785731567952148,1.9882315139642568,15,1.0169491525423728,0.0,0.0,0.05084745762711865,0.8749055656604888
bayes_mean-fix-seed43,large_circle,4,439,1544568863,success,59,14.75,0.19671153861395818,0,0.0,1,0.6549565847246019,14.012687981633817,15.569134801626204,13.855889908569765,28,1.8983050847457628,14,0.9491525423728814,0,0.0,10.247504585867802,0.7395775120535417,3,0.2033898305084746,0.0,0.0,0.0,0.8537494385855162
bayes_mean-fix-seed43,large_circle,4,440,1544568864,success,84,21.0,0.23967946388034012,0,0.0,0,2.3262789097414767,13.885589715625558,14.734630100429058,17.73650194360816,53,2.5238095238095237,31,1.4761904761904763,13,0.6190476190476191,51.87996732443361,2.925039418109724,18,0.8571428571428571,0.15584415584415584,0.15584415584415584,0.11904761904761904,0.6608785714789855
bayes_mean-fix-seed43,large_circle,4,441,1544568865,success,70,17.5,0.09812185790562011,0,0.0,3,0.8373394054405836,13.612343903098788,14.777069352567196,15.989723155270609,32,1.8285714285714285,20,1.1428571428571428,5,0.2857142857142857,23.871520286236088,1.4929289303153097,7,0.4,0.12698412698412698,0.12698412698412698,0.11428571428571428,0.7334253204134499
bayes_mean-fix-seed43,large_circle,4,442,1544568866,success,77,19.25,0.1761082388772467,0,0.0,2,1.4285291937534084,13.600929603948222,14.695294946432114,16.808905705032767,48,2.4935064935064934,30,1.5584415584415585,7,0.36363636363636365,35.760449680824884,2.1274704200475,12,0.6233766233766234,0.17142857142857143,0.17142857142857143,0.14285714285714285,0.6967291805964537
bayes_mean-fix-seed43,large_circle,4,443,1544568867,timeout,101,25.25,0.19064922862328926,0,0.0,2,3.2244334627398086,13.835446079178611,14.724187552928925,19.001656600600178,63,2.495049504950495,29,1.1485148514851484,19,0.7524752475247525,71.77195888963301,3.7771421933478186,21,0.8316831683168316,0.19148936170212766,0.19148936170212766,0.12871287128712872,0.5778624377536059
bayes_mean-fix-seed43,large_circle,4,444,1544568868,success,64,16.0,0.205823075006773,0,0.0,0,0.7119501218197373,13.361464079935104,14.661715738475323,14.536752101224932,35,2.1875,17,1.0625,6,0.375,28.210227811148002,1.9406142179979033,7,0.4375,0.0,0.0,0.0625,0.8144094185309853
bayes_mean-fix-seed43,large_circle,4,445,1544568869,success,80,20.0,0.18908396261746852,0,0.0,1,1.7092017841577527,13.567436905577779,14.708244800567627,17.617883419306672,39,1.95,22,1.1,7,0.35,30.523736702820663,1.7325427791950891,2,0.1,0.0958904109589041,0.0958904109589041,0.1125,0.6656738436471306
bayes_mean-fix-seed43,large_circle,4,446,1544568870,timeout,101,25.25,0.22041272935147294,0,0.0,0,0.95062657688522,13.665950091758576,14.462672173976898,22.477597429636777,57,2.257425742574257,25,0.9900990099009901,12,0.4752475247524752,48.12960231298742,2.141225389575151,16,0.6336633663366337,0.1595744680851064,0.1276595744680851,0.19801980198019803,0.4741963395754239
bayes_mean-fix-seed43,large_circle,4,447,1544568871,timeout,101,25.25,0.27537717978254683,0,0.0,0,1.201140915034043,13.645155373776314,14.520313590765,20.013936776574894,70,2.772277227722772,38,1.504950495049505,14,0.5544554455445545,64.21480414414307,3.2085043967612923,16,0.6336633663366337,0.18085106382978725,0.13829787234042554,0.1485148514851485,0.5250757364492923
bayes_mean-fix-seed43,large_circle,4,448,1544568872,success,57,14.25,0.20270000192634197,0,0.0,0,1.4007826601346203,13.37112421006487,14.818289875984192,13.357772471593092,28,1.9649122807017543,19,1.3333333333333333,4,0.2807017543859649,19.208194947582903,1.4379788986847497,7,0.49122807017543857,0.0,0.0,0.03508771929824561,0.8772430202630532
bayes_mean-fix-seed43,large_circle,4,449,1544568873,success,65,16.25,0.34053337325774413,0,0.0,0,1.7305567893331304,13.3559178847533,14.540582150220871,14.846265801063259,34,2.0923076923076924,22,1.353846153846154,6,0.36923076923076925,26.601834533145542,1.7918199020281835,11,0.676923076923077,0.034482758620689655,0.034482758620689655,0.07692307692307693,0.7920490322916832
bayes_mean-fix-seed43,large_circle,4,450,1544568874,success,70,17.5,0.19706652705843564,0,0.0,1,0.5997594813553907,13.483161213142532,14.619043841958046,14.673970544996354,42,2.4,19,1.0857142857142856,8,0.45714285714285713,35.96927921408536,2.4512301632192144,11,0.6285714285714286,0.0,0.0,0.05714285714285714,0.805714269953706
bayes_mean-fix-seed43,large_circle,4,451,1544568875,success,62,15.5,0.27656744941408196,0,0.0,0,1.5308148292218344,13.372041885891269,14.487627521157265,12.427147971825725,26,1.6774193548387097,16,1.032258064516129,1,0.06451612903225806,14.639160698968302,1.1779984218549222,8,0.5161290322580645,0.0,0.0,0.0,0.9481849481552949
bayes_mean-fix-seed43,large_circle,4,452,1544568876,timeout,101,25.25,0.1710690603856817,0,0.0,2,0.8992445274342324,13.629589635546845,14.609269797801971,21.62803611880557,64,2.5346534653465347,41,1.6237623762376239,18,0.7128712871287128,65.16737329694956,3.0130971179711756,9,0.3564356435643564,0.2553191489361702,0.2553191489361702,0.1782178217821782,0.45623001817153164
bayes_mean-fix-seed43,large_circle,4,453,1544568877,success,64,16.0,0.20228865779992855,0,0.0,0,1.0954461250168233,13.28451867448166,14.508465118706226,14.100965433175237,34,2.125,18,1.125,8,0.5,28.107668535429926,1.9933151860156486,5,0.3125,0.03508771929824561,0.03508771929824561,0.0625,0.834750489952319
bayes_mean-fix-seed43,large_circle,4,454,1544568878,success,91,22.75,0.1263382517307,0,0.0,9,0.9177917839544324,13.59951471561914,14.954563230276108,20.453290343878272,42,1.8461538461538463,24,1.054945054945055,10,0.43956043956043955,39.053159515946255,1.9093827379043185,9,0.3956043956043956,0.25,0.13095238095238096,0.24175824175824176,0.5749851449721981
bayes_mean-fix-seed43,large_circle,4,455,1544568879,success,66,16.5,0.18546202234940046,0,0.0,3,0.6680788970178168,13.457650544516968,14.612621627748013,13.889135467245065,37,2.242424242424242,17,1.0303030303030303,1,0.06060606060606061,17.909855928136974,1.2894867337404856,4,0.24242424242424243,0.01694915254237288,0.01694915254237288,0.06060606060606061,0.8543713262285617
bayes_mean-fix-seed43,large_circle,4,456,1544568880,timeout,101,25.25,0.20733805886994727,0,0.0,0,1.1839962055025681,13.812545355003659,14.913816004991531,20.4396569511156,60,2.376237623762376,32,1.2673267326732673,26,1.0297029702970297,78.81514298882806,3.8559914766341667,9,0.3564356435643564,0.40425531914893614,0.3829787234042553,0.1782178217821782,0.5432311612430714
bayes_mean-fix-seed43,large_circle,4,457,1544568881,success,72,18.0,0.1744327149730278,0,0.0,2,0.5539783710140473,13.428605316827694,14.477762766182423,15.585172884286624,49,2.7222222222222223,28,1.5555555555555556,7,0.3888888888888889,35.0986001445214,2.252050741118741,7,0.3888888888888889,0.015384615384615385,0.015384615384615385,0.041666666666666664,0.757250957040753
bayes_mean-fix-seed43,large_circle,4,458,1544568882,success,70,17.5,0.19601144115079672,0,0.0,3,0.49291833862235623,13.368112221360207,14.331070147454739,15.424762368297351,38,2.1714285714285713,22,1.2571428571428571,8,0.45714285714285713,29.191209830098824,1.8924900840025758,3,0.17142857142857143,0.0,0.0,0.08571428571428572,0.7621602310144823
bayes_mean-fix-seed43,large_circle,4,459,1544568883,timeout,101,25.25,0.15537876410197926,0,0.0,1,0.9534386699905302,13.8324701992592,15.57110995054245,20.711906182272415,65,2.5742574257425743,29,1.1485148514851484,21,0.8316831683168316,69.28024342660896,3.344947723155815,7,0.27722772277227725,0.2765957446808511,0.1702127659574468,0.2079207920792079,0.5289593245997478
bayes_mean-fix-seed43,large_circle,4,460,1544568884,success,67,16.75,0.20010807025409338,0,0.0,0,0.5707170955573435,13.443572919315367,14.613243192434311,13.909598792122738,44,2.626865671641791,28,1.671641791044776,6,0.3582089552238806,26.896775167125035,1.9336844699185123,5,0.29850746268656714,0.0,0.0,0.07462686567164178,0.852450614145172
bayes_mean-fix-seed43,large_circle,4,461,1544568885,success,74,18.5,0.2038974834610504,0,0.0,0,1.5691846496846562,13.607875016090032,14.694088883697987,14.719179054775603,46,2.4864864864864864,30,1.6216216216216217,16,0.8648648648648649,53.35881264370624,3.6251215129008227,14,0.7567567567567568,0.11940298507462686,0.11940298507462686,0.12162162162162163,0.8059250360863153
bayes_mean-fix-seed43,large_circle,4,462,1544568886,timeout,101,25.25,0.17219637562551815,0,0.0,1,1.122865361282243,13.85847172967278,15.205573290586472,20.41744781350699,68,2.6930693069306932,37,1.4653465346534653,25,0.9900990099009901,85.98416612695209,4.211308235599848,26,1.0297029702970297,0.2765957446808511,0.2765957446808511,0.2079207920792079,0.5356974004201644
bayes_mean-fix-seed43,large_circle,4,463,1544568887,success,63,15.75,0.18216895680266165,0,0.0,2,0.48210795103900767,13.625862342970711,15.481754764914513,13.70561511098369,39,2.4761904761904763,20,1.2698412698412698,4,0.25396825396825395,24.080760019334285,1.7569995818747273,9,0.5714285714285714,0.0,0.0,0.031746031746031744,0.855048490399601
bayes_mean-fix-seed43,large_circle,4,464,1544568888,success,62,15.5,0.21300534325707066,0,0.0,0,1.3453480736520766,13.46541388380912,14.481149427592754,13.949734902560643,30,1.935483870967742,17,1.096774193548387,4,0.25806451612903225,22.611846438028326,1.6209516952094658,6,0.3870967741935484,0.0,0.0,0.04838709677419355,0.8543947305520702
bayes_mean-fix-seed43,large_circle,4,465,1544568889,success,63,15.75,0.22184395484534858,0,0.0,0,0.8185864218048314,13.464630182300295,14.62157629430294,15.142235730709015,27,1.7142857142857142,13,0.8253968253968254,2,0.12698412698412698,15.193546440037853,1.0033885821249486,4,0.25396825396825395,0.0,0.0,0.015873015873015872,0.7787831329097662
bayes_mean-fix-seed43,large_circle,4,466,1544568890,success,69,17.25,0.4921011921187862,0,0.0,0,1.1853505700420737,13.401303278363269,14.627163112163544,14.518777884285285,36,2.0869565217391304,16,0.927536231884058,6,0.34782608695652173,32.213428095291015,2.218742400499006,9,0.5217391304347826,0.03225806451612903,0.03225806451612903,0.10144927536231885,0.8070745000461131
bayes_mean-fix-seed43,large_circle,4,467,1544568891,success,64,16.0,0.2040691483800292,0,0.0,0,0.5643308157133315,13.519547996111214,14.510858431458473,14.00664550399011,37,2.3125,16,1.0,5,0.3125,26.179451881607445,1.8690736389487144,9,0.5625,0.0,0.0,0.0625,0.8373381235420843
bayes_mean-fix-seed43,large_circle,4,468,1544568892,success,67,16.75,0.18936136434525275,0,0.0,1,2.6727805046417914,13.308906955505485,14.273075759410858,15.058094960269058,34,2.029850746268657,20,1.1940298507462686,4,0.23880597014925373,22.04431713215004,1.4639512627801992,5,0.29850746268656714,0.0,0.0,0.04477611940298507,0.783216542606833
bayes_mean-fix-seed43,large_circle,4,469,1544568893,success,55,13.75,0.19827483925978806,0,0.0,1,0.896659799260269,13.22627453641458,14.407255500555038,13.21296218927785,30,2.1818181818181817,19,1.3818181818181818,0,0.0,13.007675137426585,0.9844632074995376,9,0.6545454545454545,0.0,0.0,0.0,0.8861589075634457
bayes_mean-fix-seed43,large_circle,4,470,1544568894,success,76,19.0,0.2772283497227601,0,0.0,0,1.1607651960468126,13.488281322152991,14.510330744087696,14.673041208646625,52,2.736842105263158,26,1.368421052631579,6,0.3157894736842105,34.15454848339957,2.3277075282302593,11,0.5789473684210527,0.07246376811594203,0.07246376811594203,0.05263157894736842,0.7985299607178163
bayes_mean-fix-seed43,large_circle,4,471,1544568895,success,65,16.25,0.18391001616493607,0,0.0,5,0.310541797477466,13.392099680808874,14.736229926347733,14.525329237932581,36,2.2153846153846155,19,1.1692307692307693,2,0.12307692307692308,20.3434296079594,1.400548605454875,9,0.5538461538461539,0.0,0.0,0.046153846153846156,0.8157535056955858
bayes_mean-fix-seed43,large_circle,4,472,1544568896,success,72,18.0,0.15535076304540274,0,0.0,2,1.0313877810153609,13.41072516515851,14.36805333942175,14.275284887523163,41,2.2777777777777777,22,1.2222222222222223,7,0.3888888888888889,31.52265138656897,2.2081977091833935,8,0.4444444444444444,0.09230769230769231,0.09230769230769231,0.08333333333333333,0.8218348166417356
bayes_mean-fix-seed43,large_circle,4,473,1544568897,success,68,17.0,0.2020391542748441,0,0.0,0,0.8809074517447462,13.523447108181085,14.614640362560749,14.484503153335561,43,2.5294117647058822,25,1.4705882352941178,10,0.5882352941176471,38.17509073325078,2.635581650894227,14,0.8235294117647058,0.0,0.0,0.08823529411764706,0.8079246079378526
bayes_mean-fix-seed43,large_circle,4,474,1544568898,timeout,101,25.25,0.20417865405940994,0,0.0,0,0.9049546517190484,13.529978397459086,14.433912932872772,21.647925741825812,66,2.613861386138614,33,1.306930693069307,13,0.5148514851485149,55.566815695265696,2.5668424937316474,15,0.594059405940594,0.2765957446808511,0.2553191489361702,0.18811881188118812,0.4901578127562034
bayes_mean-fix-seed43,large_circle,4,475,1544568899,success,60,15.0,0.23059591667571178,0,0.0,0,0.8528124387481112,13.312856604655584,14.404196292161942,14.138750315617743,25,1.6666666666666667,13,0.8666666666666667,4,0.26666666666666666,18.99054214887714,1.3431556343349582,5,0.3333333333333333,0.0,0.0,0.03333333333333333,0.8347719732349452
bayes_mean-fix-seed43,large_circle,4,476,1544568900,success,67,16.75,0.21271461269648917,0,0.0,0,1.4008329778220023,13.47232509904833,14.796937257051468,14.454041697786979,39,2.328358208955224,23,1.373134328358209,6,0.3582089552238806,32.61444384238381,2.2564238103296272,12,0.7164179104477612,0.0,0.0,0.05970149253731343,0.8183916404001736
bayes_mean-fix-seed43,large_circle,4,477,1544568901,timeout,101,25.25,0.28114072005478563,0,0.0,0,2.016798593769885,13.621942167825038,14.519430696964264,19.4141180775169,55,2.1782178217821784,16,0.6336633663366337,29,1.1485148514851484,82.06189841011117,4.226918682705727,19,0.7524752475247525,0.3829787234042553,0.3829787234042553,0.18811881188118812,0.5710621345278544
bayes_mean-fix-seed43,large_circle,4,478,1544568902,success,61,15.25,0.2061243064484548,0,0.0,0,1.1312135124450389,13.313365397883244,14.665387570858002,13.495947401726854,37,2.4262295081967213,22,1.4426229508196722,8,0.5245901639344263,29.380826922691398,2.177011072148371,9,0.5901639344262295,0.0,0.0,0.04918032786885246,0.8726699506047169
bayes_mean-fix-seed43,large_circle,4,479,1544568903,success,66,16.5,0.3585883591841139,0,0.0,0,1.1393354921698016,13.650260809244532,14.746911823749542,14.72700563669618,35,2.121212121212121,18,1.0909090909090908,7,0.42424242424242425,27.55934122113844,1.8713472311348305,3,0.18181818181818182,0.03389830508474576,0.01694915254237288,0.10606060606060606,0.8005076361220673
bayes_mean-fix-seed43,large_circle,4,480,1544568904,success,62,15.5,0.22193481037527307,0,0.0,0,0.9943533693535448,13.862786273802481,16.861082427203648,14.77353430192853,24,1.5483870967741935,11,0.7096774193548387,2,0.12903225806451613,14.167048288402974,0.9589478048291812,5,0.3225806451612903,0.0,0.0,0.04838709677419355,0.7979782465941914
bayes_mean-fix-seed43,large_circle,4,481,1544568905,success,64,16.0,0.2258861019104602,0,0.0,0,0.9163102970035621,13.352881360333413,14.490288123488426,14.651896138349244,32,2.0,17,1.0625,7,0.4375,28.004847518702583,1.9113463031862408,7,0.4375,0.0,0.0,0.0625,0.8045991909083953
bayes_mean-fix-seed43,large_circle,4,482,1544568906,success,73,18.25,0.3045426384481641,0,0.0,0,1.4791629197321496,13.457305065981329,14.495902508497238,15.58079609362241,36,1.9726027397260273,24,1.3150684931506849,9,0.4931506849315068,34.125126108728686,2.19020426836193,3,0.1643835616438356,0.10606060606060606,0.10606060606060606,0.0958904109589041,0.7557932617964623
bayes_mean-fix-seed43,large_circle,4,483,1544568907,timeout,101,25.25,0.2911510561550381,0,0.0,0,1.1377224850470027,13.658081393430729,14.535393565893173,22.96697520770074,47,1.8613861386138615,19,0.7524752475247525,11,0.43564356435643564,40.68928347925076,1.7716431141358047,16,0.6336633663366337,0.18085106382978725,0.031914893617021274,0.22772277227722773,0.4590231451566299
bayes_mean-fix-seed43,large_circle,4,484,1544568908,success,69,17.25,0.19578958054077955,0,0.0,1,0.6191373350745104,13.420802473589994,14.545436948537827,15.294026530300764,54,3.130434782608696,32,1.855072463768116,3,0.17391304347826086,33.521455929788246,2.1918005610474793,25,1.4492753623188406,0.04838709677419355,0.0,0.08695652173913043,0.7656404783982245
bayes_mean-fix-seed43,large_circle,4,485,1544568909,success,62,15.5,0.42108938591340783,0,0.0,0,0.960300649866007,13.286646876123644,14.321885071694851,15.227665701322245,13,0.8387096774193549,7,0.45161290322580644,1,0.06451612903225806,6.302061574277851,0.4138560497641232,3,0.1935483870967742,0.01818181818181818,0.01818181818181818,0.08064516129032258,0.7748075108243122
bayes_mean-fix-seed43,large_circle,4,486,1544568910,timeout,101,25.25,0.1645663680844024,0,0.0,2,0.8411670591126679,13.61529215580166,14.634676277637482,21.790702860824688,69,2.732673267326733,29,1.1485148514851484,15,0.594059405940594,59.94914625441351,2.751134125287443,23,0.9108910891089109,0.19148936170212766,0.19148936170212766,0.1782178217821782,0.4789068514297005
bayes_mean-fix-seed43,large_circle,4,487,1544568911,success,74,18.5,0.19763916263652004,0,0.0,2,0.34499170412699276,13.500168114095121,14.847392961382864,14.478654906757416,56,3.027027027027027,28,1.5135135135135136,6,0.32432432432432434,34.79663550169177,2.4033058129903786,19,1.027027027027027,0.0,0.0,0.06756756756756757,0.8093891944230259
bayes_mean-fix-seed43,large_circle,4,488,1544568912,success,77,19.25,0.21054166623025916,0,0.0,0,2.1001711677327743,13.597743077711625,14.721104502677917,16.617981947370023,48,2.4935064935064934,29,1.5064935064935066,9,0.4675324675324675,37.27800227332993,2.2432328059683315,7,0.36363636363636365,0.14285714285714285,0.14285714285714285,0.12987012987012986,0.7089868373432278
bayes_mean-fix-seed43,large_circle,4,489,1544568913,success,71,17.75,0.26709075720192443,0,0.0,0,1.0966400032299182,13.645417883362569,14.937710016965866,14.916220092817468,38,2.140845070422535,15,0.8450704225352113,6,0.3380281690140845,28.306910054523804,1.8977267617654883,8,0.4507042253521127,0.109375,0.0625,0.11267605633802817,0.7866028735909639
bayes_mean-fix-seed43,large_circle,4,490,1544568914,timeout,101,25.25,0.1831120817788745,0,0.0,2,1.3337253360761216,13.904903084039688,15.595011413097382,22.3796875683698,60,2.376237623762376,28,1.108910891089109,10,0.39603960396039606,42.431398752622314,1.8959781553247634,13,0.5148514851485149,0.20212765957446807,0.010638297872340425,0.18811881188118812,0.47896991454746346
bayes_mean-fix-seed43,large_circle,4,491,1544568915,timeout,101,25.25,0.20625825047067503,0,0.0,0,1.2233053570257093,13.68869911178504,14.760982245206833,20.899687175697995,67,2.6534653465346536,30,1.188118811881188,16,0.6336633663366337,60.1244540710931,2.8768111965333807,22,0.8712871287128713,0.14893617021276595,0.11702127659574468,0.1485148514851485,0.4871286137524288
bayes_mean-fix-seed43,large_circle,4,492,1544568916,success,67,16.75,0.27906059274953243,0,0.0,0,1.3472753597831857,13.596124113050859,15.00924713909626,14.567356800703088,36,2.1492537313432836,21,1.2537313432835822,3,0.1791044776119403,26.85612250257632,1.8435823924680776,9,0.5373134328358209,0.0,0.0,0.07462686567164178,0.8145610439483012
bayes_mean-fix-seed43,large_circle,4,493,1544568917,success,73,18.25,0.1887332757394824,0,0.0,1,1.226087546736867,13.461669320113039,14.484495669603348,15.762590487600473,44,2.410958904109589,27,1.4794520547945205,6,0.3287671232876712,30.41499455969296,1.9295682764592974,7,0.3835616438356164,0.07575757575757576,0.07575757575757576,0.0684931506849315,0.7444207962464382
bayes_mean-fix-seed43,large_circle,4,494,1544568918,success,69,17.25,0.13109120301411548,0,0.0,2,0.775734006976659,15.313349448252415,14.525629580020905,15.217053806169519,40,2.318840579710145,21,1.2173913043478262,7,0.4057971014492754,31.322865007336386,2.0584053527258357,13,0.7536231884057971,0.08064516129032258,0.08064516129032258,0.13043478260869565,0.7729839665523394
bayes_mean-fix-seed43,large_circle,4,495,1544568919,success,66,16.5,0.23984924163738908,0,0.0,0,0.5634336545786885,13.2861818666711,14.339817687869072,14.28433801080037,38,2.303030303030303,20,1.2121212121212122,6,0.36363636363636365,30.562288171485207,2.1395662962033732,11,0.6666666666666666,0.03389830508474576,0.03389830508474576,0.045454545454545456,0.8282575899184014
bayes_mean-fix-seed43,large_circle,4,496,1544568920,timeout,101,25.25,0.24332254018794985,0,0.0,0,0.8309629650475225,13.581973749517214,14.501608908176422,19.580102561866813,63,2.495049504950495,34,1.3465346534653466,29,1.1485148514851484,92.5363645892851,4.726040851772866,19,0.7524752475247525,0.3404255319148936,0.3404255319148936,0.19801980198019803,0.5672743875733758
bayes_mean-fix-seed43,large_circle,4,497,1544568921,success,62,15.5,0.17429688939406407,0,0.0,1,0.8591399728596076,13.345794632069525,14.72560465335846,14.34292786289285,28,1.8064516129032258,16,1.032258064516129,4,0.25806451612903225,19.680784686147575,1.3721594972993278,6,0.3870967741935484,0.07272727272727272,0.07272727272727272,0.06451612903225806,0.8201388346803513
bayes_mean-fix-seed43,large_circle,4,498,1544568922,success,57,14.25,0.18740275311698873,0,0.0,1,0.671156359754098,13.310570858026805,14.650280773639679,13.897186193346332,19,1.3333333333333333,10,0.7017543859649122,0,0.0,7.6691751991934165,0.5518509353256884,3,0.21052631578947367,0.0,0.0,0.0,0.8422642337215267
bayes_mean-fix-seed43,large_circle,4,499,1544568923,success,71,17.75,0.21512279309332694,0,0.0,0,0.8601236434770545,13.50947495707324,14.67490941286087,14.445518247235517,36,2.028169014084507,21,1.1830985915492958,9,0.5070422535211268,34.438714330121364,2.384041454290642,7,0.39436619718309857,0.015625,0.015625,0.11267605633802817,0.8105472696850464
bayes_mean-fix-seed43,large_square,5,0,1545568427,success,78,19.5,0.1312801112836084,0,0.0,1,0.8524977355462072,13.645751783863092,14.54966776072979,14.640672547250752,61,3.128205128205128,29,1.4871794871794872,13,0.6666666666666666,49.818099446603895,3.4027193276690566,15,0.7692307692307693,0.2535211267605634,0.19718309859154928,0.2692307692307692,0.5368243469061936
bayes_mean-fix-seed43,large_square,5,1,1545568428,success,59,14.75,0.2514638242220085,0,0.0,0,1.1845689493510239,13.426275765996868,14.779742434620857,11.966991566316109,37,2.5084745762711864,23,1.5593220338983051,12,0.8135593220338984,37.73577938731232,3.1533221343222535,6,0.4067796610169492,0.1346153846153846,0.1346153846153846,0.1016949152542373,0.6490515881274475
bayes_mean-fix-seed43,large_square,5,2,1545568429,success,51,12.75,0.026705067162535512,0,0.0,10,0.3464920797743929,13.364812322691375,14.527125284075737,10.41296547000075,42,3.2941176470588234,24,1.8823529411764706,0,0.0,18.660914843374993,1.7920845792811075,7,0.5490196078431373,0.0,0.0,0.0,0.7429904674870057
bayes_mean-fix-seed43,large_square,5,3,1545568430,success,44,11.0,0.47882032414005227,0,0.0,0,1.0612819584619615,13.257819312539967,14.621884562075138,9.927364338504395,24,2.1818181818181817,17,1.5454545454545454,0,0.0,11.960316851264455,1.2047827039927432,3,0.2727272727272727,0.0,0.0,0.0,0.7829461821446065
bayes_mean-fix-seed43,large_square,5,4,1545568431,success,59,14.75,0.20580021955766703,0,0.0,0,0.8726358880738976,13.369338239653636,14.57487866282463,11.768271677667132,51,3.457627118644068,32,2.169491525423729,9,0.6101694915254238,42.18315488145503,3.5844817350288394,5,0.3389830508474576,0.057692307692307696,0.057692307692307696,0.2033898305084746,0.6634954213830596
bayes_mean-fix-seed43,large_square,5,5,1545568432,timeout,101,25.25,0.16564172253512532,0,0.0,1,0.4872103536662374,13.754376201051297,14.676697552204132,16.31642346042845,89,3.5247524752475248,45,1.7821782178217822,24,0.9504950495049505,94.22018434473054,5.774561108519822,34,1.3465346534653466,0.13829787234042554,0.13829787234042554,0.18811881188118812,0.43729210362393856
bayes_mean-fix-seed43,large_square,5,6,1545568433,success,51,12.75,0.09478010039880069,0,0.0,3,1.0268693825303985,13.201001593295265,14.254046604037285,10.258164032066944,39,3.0588235294117645,27,2.1176470588235294,6,0.47058823529411764,32.14424522053491,3.1335280972357475,16,1.2549019607843137,0.045454545454545456,0.045454545454545456,0.058823529411764705,0.7618768615660452
bayes_mean-fix-seed43,large_square,5,7,1545568434,success,74,18.5,0.10328793875060593,0,0.0,4,0.7059261446447407,13.412117253284197,14.355390332639217,15.596982203114473,45,2.4324324324324325,24,1.2972972972972974,4,0.21621621621621623,27.07266377193884,1.7357629456378332,7,0.3783783783783784,0.2835820895522388,0.19402985074626866,0.22972972972972974,0.49705415276931675
bayes_mean-fix-seed43,large_square,5,8,1545568435,success,94,23.5,0.1906302144691896,0,0.0,2,0.4753657829762922,13.57779418058852,14.512365497648716,16.55364521466309,77,3.276595744680851,42,1.7872340425531914,19,0.8085106382978723,74.63294658828286,4.508550571216398,16,0.6808510638297872,0.13793103448275862,0.06896551724137931,0.1595744680851064,0.4683512776144063
bayes_mean-fix-seed43,large_square,5,9,1545568436,success,78,19.5,0.048759678998648304,0,0.0,6,1.2010890890468051,14.068470646937689,15.318574011325836,14.790209371299028,69,3.5384615384615383,29,1.4871794871794872,10,0.5128205128205128,54.00573584555892,3.65145174688055,9,0.46153846153846156,0.18309859154929578,0.08450704225352113,0.15384615384615385,0.522850403597263
bayes_mean-fix-seed43,large_square,5,10,1545568437,success,76,19.0,0.18498733221625907,0,0.0,2,1.1491029013063128,13.484925913967585,14.548877254128456,14.575547136734455,49,2.5789473684210527,34,1.7894736842105263,13,0.6842105263157895,51.90256598338593,3.560934316666367,13,0.6842105263157895,0.36231884057971014,0.3333333333333333,0.2631578947368421,0.5401270009865071
bayes_mean-fix-seed43,large_square,5,11,1545568438,success,86,21.5,0.22337772707170978,0,0.0,0,0.8960874423554649,13.620068514069846,14.629055745899677,13.204269856762014,77,3.5813953488372094,47,2.186046511627907,21,0.9767441860465116,78.44842447991148,5.941140656083865,5,0.23255813953488372,0.13924050632911392,0.10126582278481013,0.2558139534883721,0.5879567893162103
bayes_mean-fix-seed43,large_square,5,12,1545568439,collision,27,6.75,0.011847017765085566,0,0.0,7,0.33787582437794117,12.364347361856037,13.875135406851768,4.674768135734335,24,3.5555555555555554,12,1.7777777777777777,8,1.1851851851851851,24.974042439237206,5.342306123876701,3,0.4444444444444444,0.3,0.3,0.37037037037037035,0.3714144810035921
bayes_mean-fix-seed43,large_square,5,13,1545568440,success,44,11.0,0.004574008925370743,0,0.0,9,0.3081783581753203,13.149152340536768,14.25276156514883,9.20796777836308,34,3.090909090909091,20,1.8181818181818181,0,0.0,14.097336563513506,1.5309932552804413,8,0.7272727272727273,0.0,0.0,0.0,0.8416364209762677
bayes_mean-fix-seed43,large_square,5,14,1545568441,success,55,13.75,0.24753070201851324,0,0.0,0,0.7295306745546544,13.389265943657268,14.674445241689682,10.128298716311518,37,2.690909090909091,13,0.9454545454545454,5,0.36363636363636365,26.62562668622097,2.6288350523608353,7,0.509090909090909,0.0,0.0,0.03636363636363636,0.7670809576139809
bayes_mean-fix-seed43,large_square,5,15,1545568442,timeout,101,25.25,0.19839635762429497,0,0.0,3,0.47012613369621536,13.71800206085243,14.689389616250992,14.61637555398328,92,3.6435643564356437,68,2.6930693069306932,63,2.495049504950495,183.01152072164962,12.520991954929277,53,2.099009900990099,0.6063829787234043,0.5851063829787234,0.44554455445544555,0.23434659643052835
bayes_mean-fix-seed43,large_square,5,16,1545568443,success,93,23.25,0.22288248237884167,0,0.0,0,0.9199993273449569,13.658659953263498,14.692585170269012,15.276809072337757,72,3.096774193548387,34,1.4623655913978495,11,0.4731182795698925,50.32466337294677,3.294186838013926,8,0.34408602150537637,0.2558139534883721,0.19767441860465115,0.21505376344086022,0.5087069027737062
bayes_mean-fix-seed43,large_square,5,17,1545568444,success,34,8.5,0.14351218212668493,0,0.0,1,0.9290605666850486,12.658485485350385,14.06053714454174,8.218628240896496,24,2.823529411764706,16,1.8823529411764706,0,0.0,8.218448036944512,0.9999780737190316,6,0.7058823529411765,0.0,0.0,0.0,0.9371982517504623
bayes_mean-fix-seed43,large_square,5,18,1545568445,success,56,14.0,0.2099046878574582,0,0.0,0,0.8226999593942533,13.32897672961865,14.584770426154137,11.238209913668104,47,3.357142857142857,27,1.9285714285714286,8,0.5714285714285714,37.676384442763904,3.352525422838137,7,0.5,0.0,0.0,0.07142857142857142,0.6853293638387107
bayes_mean-fix-seed43,large_square,5,19,1545568446,success,71,17.75,0.18956761965241087,0,0.0,3,0.6729670903262169,13.589174342407308,14.881698414683342,13.366458946580584,53,2.9859154929577465,28,1.5774647887323943,9,0.5070422535211268,38.764269292641686,2.900115090134503,5,0.28169014084507044,0.203125,0.140625,0.23943661971830985,0.5866685719219608
bayes_mean-fix-seed43,large_square,5,20,1545568447,success,75,18.75,0.16726729822182262,0,0.0,4,0.7250403732377221,13.486587007840475,14.521930739283562,13.591693362962788,60,3.2,26,1.3866666666666667,13,0.6933333333333334,50.747083506356155,3.7336836662782127,15,0.8,0.10294117647058823,0.07352941176470588,0.16,0.5736482753892067
bayes_mean-fix-seed43,large_square,5,21,1545568448,timeout,101,25.25,0.10667033405722126,0,0.0,9,0.5522545408297941,13.76337476886145,14.954734593629837,16.31163397364671,91,3.603960396039604,54,2.1386138613861387,34,1.3465346534653466,117.8710023619626,7.226192210565571,28,1.108910891089109,0.26595744680851063,0.26595744680851063,0.2871287128712871,0.3591636846227738
bayes_mean-fix-seed43,large_square,5,22,1545568449,success,62,15.5,0.16104838778820685,0,0.0,6,0.9038501101578033,13.52370800750871,14.808563701808453,12.20743197325302,42,2.7096774193548385,17,1.096774193548387,6,0.3870967741935484,28.496276353892352,2.334338329005548,10,0.6451612903225806,0.16363636363636364,0.05454545454545454,0.14516129032258066,0.6345072385106318
bayes_mean-fix-seed43,large_square,5,23,1545568450,success,75,18.75,0.04918941700078583,0,0.0,14,0.6601246377789047,13.57265238960584,14.64877612888813,14.559623950418272,53,2.8266666666666667,28,1.4933333333333334,15,0.8,54.567843514614054,3.747888249067478,12,0.64,0.3088235294117647,0.29411764705882354,0.21333333333333335,0.5316498519746022
bayes_mean-fix-seed43,large_square,5,24,1545568451,collision,21,5.25,-0.03098570074410334,1,0.25,4,0.3033362169523329,12.017638200805301,14.38618078827858,3.6700731266003497,20,3.8095238095238093,13,2.4761904761904763,8,1.5238095238095237,23.877643693356237,6.506040307560438,3,0.5714285714285714,0.5,0.5,0.3333333333333333,0.4168018482586075
bayes_mean-fix-seed43,large_square,5,25,1545568452,success,72,18.0,0.17986209325525138,0,0.0,2,0.7000897455484524,13.689867013858425,15.159513242542744,12.13847285664654,62,3.4444444444444446,37,2.0555555555555554,19,1.0555555555555556,71.04735635124219,5.853072061889524,17,0.9444444444444444,0.03076923076923077,0.03076923076923077,0.16666666666666666,0.6358010571666752
bayes_mean-fix-seed43,large_square,5,26,1545568453,success,68,17.0,0.15919590375258907,0,0.0,2,1.013152119618586,13.555464115651215,14.920537918806076,11.404092786582552,58,3.411764705882353,33,1.9411764705882353,19,1.1176470588235294,68.65527821887389,6.020231464588751,21,1.2352941176470589,0.18032786885245902,0.18032786885245902,0.22058823529411764,0.6844485311468974
bayes_mean-fix-seed43,large_square,5,27,1545568454,timeout,101,25.25,0.129415520347954,0,0.0,1,0.64224642674811,13.580269521415824,14.621257781982422,17.852791872745613,89,3.5247524752475248,52,2.0594059405940595,24,0.9504950495049505,91.59061055485854,5.130324220867795,20,0.7920792079207921,0.3617021276595745,0.26595744680851063,0.3069306930693069,0.24572382596322923
bayes_mean-fix-seed43,large_square,5,28,1545568455,success,65,16.25,0.17694131947319314,0,0.0,1,1.083999071084042,13.497049304155203,14.815716445446014,13.165339220683773,44,2.707692307692308,20,1.2307692307692308,13,0.8,45.66747704171902,3.4687656942383875,7,0.4307692307692308,0.06896551724137931,0.06896551724137931,0.2153846153846154,0.5879036289650345
bayes_mean-fix-seed43,large_square,5,29,1545568456,success,71,17.75,0.1369301309657316,0,0.0,3,0.7149151154357253,13.525358335652822,14.611443504691124,12.91822510349959,54,3.0422535211267605,27,1.5211267605633803,15,0.8450704225352113,57.5234681846021,4.452892539317866,19,1.0704225352112675,0.09375,0.03125,0.2112676056338028,0.5996541747756864
bayes_mean-fix-seed43,large_square,5,30,1545568457,timeout,101,25.25,0.21130226451601752,0,0.0,0,0.6548088748780275,13.896469137456158,15.1260606944561,16.56352570268878,77,3.0495049504950495,26,1.0297029702970297,17,0.6732673267326733,62.6090219078883,3.779933272161065,16,0.6336633663366337,0.35106382978723405,0.2978723404255319,0.26732673267326734,0.43750139274299243
bayes_mean-fix-seed43,large_square,5,31,1545568458,timeout,101,25.25,0.2780903299916744,0,0.0,0,0.7862338034845976,13.744624386919607,14.6506167948246,14.98707060836945,88,3.485148514851485,45,1.7821782178217822,48,1.900990099009901,134.06964187621125,8.945686944407987,46,1.8217821782178218,0.6063829787234043,0.5425531914893617,0.3465346534653465,0.13566853931252293
bayes_mean-fix-seed43,large_square,5,32,1545568459,success,78,19.5,0.015380413549466732,0,0.0,9,1.0101237380730073,13.453184650876583,14.529652148485184,14.227938851710014,63,3.230769230769231,33,1.6923076923076923,25,1.2820512820512822,86.18498325559695,6.0574468413067875,11,0.5641025641025641,0.11267605633802817,0.028169014084507043,0.24358974358974358,0.5459465134363211
bayes_mean-fix-seed43,large_square,5,33,1545568460,success,56,14.0,0.13293332293415172,0,0.0,2,0.8703638011703746,13.335719571581908,14.674998819828033,11.800741143889145,36,2.5714285714285716,16,1.1428571428571428,3,0.21428571428571427,23.53834867497447,1.9946500298554117,5,0.35714285714285715,0.20408163265306123,0.12244897959183673,0.16071428571428573,0.6634555534188584
bayes_mean-fix-seed43,large_square,5,34,1545568461,success,57,14.25,0.2112888099761987,0,0.0,0,0.845174433882159,13.495031221393953,14.713799953460693,11.077033592526407,36,2.526315789473684,14,0.9824561403508771,6,0.42105263157894735,23.43459897451396,2.1156024109491836,3,0.21052631578947367,0.02,0.02,0.10526315789473684,0.6978552691119614
bayes_mean-fix-seed43,large_square,5,35,1545568462,success,52,13.0,0.18316573480993859,0,0.0,1,1.0487743340547144,13.521505806308527,14.949749037623405,10.98935302025088,34,2.6153846153846154,13,1.0,4,0.3076923076923077,16.85104916000148,1.5333977467962698,2,0.15384615384615385,0.13333333333333333,0.044444444444444446,0.11538461538461539,0.7118227062224788
bayes_mean-fix-seed43,large_square,5,36,1545568463,timeout,101,25.25,0.17249075848128714,0,0.0,1,0.45155452122754375,13.810598282235684,14.753147959709167,16.46546076041153,94,3.722772277227723,48,1.900990099009901,35,1.386138613861386,121.43391675807041,7.375069457517892,31,1.2277227722772277,0.5531914893617021,0.46808510638297873,0.39603960396039606,0.156556582050476
bayes_mean-fix-seed43,large_square,5,37,1545568464,success,65,16.25,0.10980359151189367,0,0.0,4,0.6774463714514686,13.61059363071735,14.946726709604263,12.521080918986033,48,2.953846153846154,27,1.6615384615384616,17,1.0461538461538462,55.88818257464566,4.463526985909099,10,0.6153846153846154,0.08620689655172414,0.0,0.2153846153846154,0.6256968868774345
bayes_mean-fix-seed43,large_square,5,38,1545568465,success,68,17.0,0.08577672695600813,0,0.0,6,1.0727313567702974,13.390534666969495,14.412432536482811,12.53484302119643,47,2.764705882352941,20,1.1764705882352942,7,0.4117647058823529,38.91138944402288,3.1042582167342414,9,0.5294117647058824,0.22950819672131148,0.14754098360655737,0.19117647058823528,0.6267977829957284
bayes_mean-fix-seed43,large_square,5,39,1545568466,success,60,15.0,0.19489379413784724,0,0.0,2,0.735279997903934,13.480806288619837,14.889324456453323,11.748773145447505,38,2.533333333333333,13,0.8666666666666667,6,0.4,31.505541820435884,2.6816027027165696,7,0.4666666666666667,0.11320754716981132,0.07547169811320754,0.16666666666666666,0.6599178226525036
bayes_mean-fix-seed43,large_square,5,40,1545568467,timeout,101,25.25,0.05297755086292788,0,0.0,10,0.5063473739861364,15.384291842727379,15.379596501588821,16.331369734162138,93,3.6831683168316833,51,2.01980198019802,36,1.4257425742574257,125.62350626042661,7.692159831373236,37,1.4653465346534653,0.6595744680851063,0.574468085106383,0.40594059405940597,0.07813641418492202
bayes_mean-fix-seed43,large_square,5,41,1545568468,success,66,16.5,0.1801430605266502,0,0.0,2,1.1255298246894117,13.625292163906675,15.165189281105995,12.270590489933644,45,2.727272727272727,20,1.2121212121212122,4,0.24242424242424243,29.30357519066665,2.3881145096241503,6,0.36363636363636365,0.2711864406779661,0.1864406779661017,0.19696969696969696,0.6372546100655857
bayes_mean-fix-seed43,large_square,5,42,1545568469,success,76,19.0,0.25304458829371246,0,0.0,0,1.0586558878310988,13.847207993661103,14.769165776669979,14.260217031163858,51,2.6842105263157894,33,1.736842105263158,18,0.9473684210526315,54.18329797855675,3.799612436482991,4,0.21052631578947367,0.2608695652173913,0.15942028985507245,0.2236842105263158,0.5450592486750976
bayes_mean-fix-seed43,large_square,5,43,1545568470,success,61,15.25,0.16515269878093575,0,0.0,8,0.7211897544956832,13.449261850509487,14.8748978972435,12.143522468621576,49,3.2131147540983607,30,1.9672131147540983,8,0.5245901639344263,37.74654948418045,3.108369056978004,4,0.26229508196721313,0.09259259259259259,0.05555555555555555,0.16393442622950818,0.6413907272743548
bayes_mean-fix-seed43,large_square,5,44,1545568471,success,60,15.0,0.15013493238332665,0,0.0,4,0.8601660007468371,13.381528792281946,14.541322365403175,11.4557813201329,40,2.6666666666666665,19,1.2666666666666666,10,0.6666666666666666,40.273435751811775,3.515555563288682,9,0.6,0.07547169811320754,0.07547169811320754,0.15,0.6767557882740529
bayes_mean-fix-seed43,large_square,5,45,1545568472,collision,17,4.25,-0.08746159165992162,1,0.25,4,0.7135837692659059,11.793799698352814,13.612126559019089,3.2747809402593036,12,2.823529411764706,8,1.8823529411764706,3,0.7058823529411765,14.246756447121395,4.350445634996675,6,1.411764705882353,0.0,0.0,0.11764705882352941,0.7462581345354664
bayes_mean-fix-seed43,large_square,5,46,1545568473,success,59,14.75,0.2894781039338219,0,0.0,0,1.036126745170362,13.602991035934222,15.799115970730778,10.592982708582454,57,3.864406779661017,35,2.3728813559322033,11,0.7457627118644068,52.07466742353355,4.915958881094232,15,1.0169491525423728,0.0,0.0,0.06779661016949153,0.7411446443808535
bayes_mean-fix-seed43,large_square,5,47,1545568474,collision,30,7.5,-0.029444891980157872,1,0.25,7,0.41758079061121667,12.94859213133653,14.352001436054707,5.184898766013189,28,3.7333333333333334,17,2.2666666666666666,12,1.6,37.30587418633743,7.195101750274468,3,0.4,0.34782608695652173,0.34782608695652173,0.4,0.24853174968686198
bayes_mean-fix-seed43,large_square,5,48,1545568475,timeout,101,25.25,0.0027820205355214567,0,0.0,11,0.5817600452426163,13.903764915643352,14.767788350582123,17.914688692274925,85,3.366336633663366,44,1.7425742574257426,25,0.9900990099009901,91.22706342718242,5.092305258227616,21,0.8316831683168316,0.30851063829787234,0.30851063829787234,0.2871287128712871,0.4245209548729316
bayes_mean-fix-seed43,large_square,5,49,1545568476,success,70,17.5,0.19644535413329656,0,0.0,1,1.1350002016153724,13.484519400766917,14.623508416116238,12.282468620646277,49,2.8,29,1.6571428571428573,20,1.1428571428571428,62.92189514320971,5.122902983642949,8,0.45714285714285713,0.09523809523809523,0.09523809523809523,0.24285714285714285,0.6394762116563726
bayes_mean-fix-seed43,large_square,5,50,1545568477,success,73,18.25,0.2556448217997058,0,0.0,0,0.9167982042094451,13.664625227859576,14.651715755462646,13.30894395596171,54,2.958904109589041,29,1.5890410958904109,18,0.9863013698630136,56.6148304795297,4.253893522045317,9,0.4931506849315068,0.15151515151515152,0.12121212121212122,0.1643835616438356,0.5793695189992855
bayes_mean-fix-seed43,large_square,5,51,1545568478,success,52,13.0,0.20189284478447989,0,0.0,0,0.5060901750803964,13.55628905674586,14.907472766935825,9.948914835537153,34,2.6153846153846154,15,1.1538461538461537,6,0.46153846153846156,28.869170840752023,2.9017406740313447,10,0.7692307692307693,0.0,0.0,0.057692307692307696,0.7903998158958925
bayes_mean-fix-seed43,large_square,5,52,1545568479,timeout,101,25.25,0.17785649024131356,0,0.0,4,0.4614549584011137,13.804627232032248,14.699958264827728,17.33605604424617,81,3.207920792079208,44,1.7425742574257426,29,1.1485148514851484,92.45628516040617,5.333178718644739,20,0.7920792079207921,0.6914893617021277,0.6276595744680851,0.32673267326732675,0.13263244434377683
bayes_mean-fix-seed43,large_square,5,53,1545568480,timeout,101,25.25,0.18846421540780223,0,0.0,1,0.4851202350704337,13.835788732117946,14.830399304628372,16.98636777622917,92,3.6435643564356437,52,2.0594059405940595,41,1.6237623762376239,138.22183393865083,8.137221315323181,42,1.6633663366336633,0.3723404255319149,0.3723404255319149,0.33663366336633666,0.3838763401651822
bayes_mean-fix-seed43,large_square,5,54,1545568481,timeout,101,25.25,0.1869887393750007,0,0.0,4,0.5555819309083869,13.935379093826407,14.841079711914062,18.296975578089462,79,3.128712871287129,48,1.900990099009901,26,1.0297029702970297,96.96856928952465,5.299704799608741,14,0.5544554455445545,0.23404255319148937,0.23404255319148937,0.2079207920792079,0.3962662664781476
bayes_mean-fix-seed43,large_square,5,55,1545568482,success,67,16.75,0.1394938694038157,0,0.0,4,0.9586438019094067,13.654395937919617,14.811629056930542,13.804845198446058,45,2.6865671641791047,20,1.1940298507462686,6,0.3582089552238806,32.927002873723666,2.385177262069559,12,0.7164179104477612,0.23333333333333334,0.23333333333333334,0.208955223880597,0.5607588706998748
bayes_mean-fix-seed43,large_square,5,56,1545568483,success,75,18.75,0.2178704967032633,0,0.0,0,0.8163095836275579,13.630370646715164,14.938058331608772,13.812903700885808,57,3.04,30,1.6,15,0.8,55.63320365110231,4.027625534487337,11,0.5866666666666667,0.08823529411764706,0.07352941176470588,0.13333333333333333,0.5677220980380586
bayes_mean-fix-seed43,large_square,5,57,1545568484,timeout,101,25.25,0.22320940467001682,0,0.0,0,1.0843476862609362,13.822036103741958,15.055488795042038,14.901821699287405,74,2.9306930693069306,44,1.7425742574257426,39,1.5445544554455446,118.69166965743088,7.964910066203962,34,1.3465346534653466,0.425531914893617,0.425531914893617,0.22772277227722773,0.4950756015061406
bayes_mean-fix-seed43,large_square,5,58,1545568485,success,84,21.0,0.10806147693011936,0,0.0,9,1.1518158945245482,13.688964857941581,14.893397875130177,15.99423982771185,65,3.0952380952380953,33,1.5714285714285714,10,0.47619047619047616,46.61625554501343,2.9145652464361222,11,0.5238095238095238,0.2987012987012987,0.2987012987012987,0.25,0.48227650313704734
bayes_mean-fix-seed43,large_square,5,59,1545568486,timeout,101,25.25,0.19346772040879012,0,0.0,2,0.6266809953707376,13.828279505861868,14.684867113828659,16.37288927271745,86,3.405940594059406,43,1.702970297029703,22,0.8712871287128713,87.30735540362008,5.332434242324138,23,0.9108910891089109,0.5212765957446809,0.32978723404255317,0.42574257425742573,0.23950766922653052
bayes_mean-fix-seed43,large_square,5,60,1545568487,success,61,15.25,0.1411004887527404,0,0.0,11,0.7365371826878924,13.612149741317404,14.685407280921936,11.755633482435066,46,3.0163934426229506,21,1.3770491803278688,3,0.19672131147540983,25.097114283837143,2.134901051596797,8,0.5245901639344263,0.14814814814814814,0.05555555555555555,0.13114754098360656,0.6590230262468373
bayes_mean-fix-seed43,large_square,5,61,1545568488,success,75,18.75,0.1695857699547425,0,0.0,3,0.770152025650574,13.586420466502508,14.795118942856789,13.399409658438865,63,3.36,31,1.6533333333333333,11,0.5866666666666667,53.52824067463776,3.9948208196564843,13,0.6933333333333334,0.23529411764705882,0.20588235294117646,0.22666666666666666,0.5843807127539983
bayes_mean-fix-seed43,large_square,5,62,1545568489,success,71,17.75,0.045940668998530665,0,0.0,9,1.210110316091731,13.622546542278478,14.866234734654427,14.908213661062085,43,2.4225352112676055,23,1.295774647887324,7,0.39436619718309857,39.46509986129513,2.647205141979671,9,0.5070422535211268,0.421875,0.375,0.22535211267605634,0.5272951310343306
bayes_mean-fix-seed43,large_square,5,63,1545568490,timeout,101,25.25,0.12984590132460483,0,0.0,14,0.43095719864978954,13.675425312306622,14.783628284931183,15.008081711379624,94,3.722772277227723,56,2.217821782178218,43,1.702970297029703,143.56475278353105,9.56582963395485,38,1.504950495049505,0.3617021276595745,0.3617021276595745,0.297029702970297,0.4098834846292643
bayes_mean-fix-seed43,large_square,5,64,1545568491,success,48,12.0,0.266249467818678,0,0.0,0,1.0472259934801973,13.086361344903708,14.240750670433044,10.74410185747641,27,2.25,11,0.9166666666666666,0,0.0,10.872669716776752,1.0119663663846294,3,0.25,0.0,0.0,0.020833333333333332,0.7237828338897412
bayes_mean-fix-seed43,large_square,5,65,1545568492,success,97,24.25,0.15950307608782655,0,0.0,5,1.1019704711593157,13.640338382155624,14.607977867126465,18.33977639933718,77,3.1752577319587627,33,1.3608247422680413,13,0.5360824742268041,63.34931485596927,3.4542032289040767,11,0.4536082474226804,0.32222222222222224,0.2777777777777778,0.25773195876288657,0.4220082351375604
bayes_mean-fix-seed43,large_square,5,66,1545568493,success,60,15.0,0.1328227052542328,0,0.0,4,0.764925454943441,13.278656514982382,14.349642023444176,11.680033147657332,41,2.7333333333333334,23,1.5333333333333334,8,0.5333333333333333,37.60517814952188,3.219612279701823,3,0.2,0.0,0.0,0.06666666666666667,0.6608042806315316
bayes_mean-fix-seed43,large_square,5,67,1545568494,success,55,13.75,0.18627465968514556,0,0.0,1,0.8259050224188063,13.399465585296804,14.553718641400337,12.304959316670942,28,2.036363636363636,15,1.0909090909090908,3,0.21818181818181817,15.186623881983575,1.234187248503009,1,0.07272727272727272,0.0,0.0,0.09090909090909091,0.6421722917363375
bayes_mean-fix-seed43,large_square,5,68,1545568495,success,70,17.5,0.1799907274299254,0,0.0,4,0.9122378470545122,13.38750778564385,14.486975409090519,12.89585276995617,55,3.142857142857143,36,2.057142857142857,15,0.8571428571428571,52.93425604034247,4.104750339866231,11,0.6285714285714286,0.031746031746031744,0.031746031746031744,0.12857142857142856,0.6007278512030859
bayes_mean-fix-seed43,large_square,5,69,1545568496,success,52,13.0,0.2013985591116294,0,0.0,0,0.7062738765633717,13.249793233206638,14.394648186862469,10.519623593572975,35,2.6923076923076925,13,1.0,3,0.23076923076923078,20.68972810462297,1.9667745638031648,5,0.38461538461538464,0.13333333333333333,0.13333333333333333,0.15384615384615385,0.7476955973994216
bayes_mean-fix-seed43,large_square,5,70,1545568497,success,68,17.0,0.20096376478212052,0,0.0,0,0.791612587466047,13.44289312906125,14.60981760174036,13.005231820495913,49,2.8823529411764706,23,1.3529411764705883,11,0.6470588235294118,42.608003051307875,3.276220188874969,10,0.5882352941176471,0.18032786885245902,0.18032786885245902,0.20588235294117646,0.5959752621442613
bayes_mean-fix-seed43,large_square,5,71,1545568498,success,56,14.0,0.15136361909351004,0,0.0,1,0.778990647977141,13.418308126607112,14.681672677397728,10.721240133607685,42,3.0,27,1.9285714285714286,8,0.5714285714285714,34.64999241471285,3.231901532183401,5,0.35714285714285715,0.0,0.0,0.05357142857142857,0.7206125004388139
bayes_mean-fix-seed43,large_square,5,72,1545568499,success,67,16.75,0.16332294157757166,0,0.0,1,0.8036662799355978,13.594507726270761,14.741354063153267,13.109515644358094,49,2.925373134328358,20,1.1940298507462686,7,0.417910447761194,35.255207066685394,2.6892837251281727,9,0.5373134328358209,0.2,0.15,0.22388059701492538,0.5915789786083152
bayes_mean-fix-seed43,large_square,5,73,1545568500,success,73,18.25,0.1753992738788619,0,0.0,2,0.4456509118640534,13.86674748708124,16.08671098947525,12.502288895661852,58,3.1780821917808217,27,1.4794520547945205,7,0.3835616438356164,42.19305844098514,3.3748267051824117,10,0.547945205479452,0.030303030303030304,0.030303030303030304,0.136986301369863,0.6258227202610113
