Gym has been unmaintained since 2022 and does not support NumPy 2.0 amongst other critical functionality.
Please upgrade to Gymnasium, the maintained drop-in replacement of Gym, or contact the authors of your software and request that they upgrade.
Users of this version of Gym should be able to simply replace 'import gym' with 'import gymnasium as gym' in the vast majority of cases.
See the migration guide at https://gymnasium.farama.org/introduction/migration_guide/ for additional information.
[10-07 01:02:19] INFO: [TENSORBOARD] Fresh events will be saved to: /root/bayes-vl-matched-20261006/crowd_nav/runs/bayes-matched-v1/bayes_mean-seed42-to8000/tensorboard_logs
[10-07 01:02:19] INFO: [TEMPORAL-BACKBONE] CLI override: bayes_mean
[10-07 01:02:19] INFO: [CONTRACTS] GRID initialized from runtime cfg: {'n_speeds': 5, 'n_headings': 16, 'v_min': 0.05, 'v_max': 1.0, 'sampling': 'exponential', 'include_stop': False, 'stop_eps': 0.05}
[10-07 01:02:19] INFO: [CONTRACTS] GRID locked from env.config: {'n_speeds': 5, 'n_headings': 16, 'v_min': 0.05, 'v_max': 1.0, 'sampling': 'exponential', 'include_stop': False, 'stop_eps': 0.05}, num_actions=80
[10-07 01:02:19] INFO: [SEED] 使用命令行指定的seed: 42
[10-07 01:02:19] INFO: [SEED] ⚡ CUDA确定性模式已关闭（训练模式，速度优先）
[10-07 01:02:19] INFO: [DENSE-REWARD] progress_reward=0.0, time_penalty=0.0, stand_penalty=0.0
[10-07 01:02:19] INFO: human number: 5
[10-07 01:02:19] INFO: Not randomize human's radius and preferred speed
[10-07 01:02:19] INFO: Training simulation: circle_crossing, test simulation: circle_crossing
[10-07 01:02:19] INFO: Square width: 10.0, circle radius: 4.0
[10-07 01:02:19] INFO: [BOOT] policy=mamba_rl device=cuda
[10-07 01:02:19] INFO: ============================================================
[10-07 01:02:19] INFO: [SOT] env: circle R=4.0 Nh=5 dt=0.25 T=50 | reward: 1.0/-0.5/-0.5 | actions: 80(sampling=exponential, stop=False) | success_radius=0.25 | eval eps=0
[10-07 01:02:19] INFO: ============================================================
[10-07 01:02:19] INFO: [ALGO] Value-lookahead (BAYES_MEAN): one-step lookahead + epsilon-greedy
[10-07 01:02:19] INFO: REWARD: success=1.0, collision=-0.5, timeout=-0.5
[10-07 01:02:19] INFO: TRAINING: lr=1e-05, gamma=0.99, batch=256, updates_per_ep=4
[10-07 01:02:19] INFO: TIMESTEP: dt=0.25s
[10-07 01:02:19] INFO: ============================================================
[10-07 01:02:19] INFO: [DISCRETE-Q] Q-head initialized: 80 actions (5 speeds × 16 headings, stop=False)
[10-07 01:02:19] INFO: [VALUE-HEAD] Value head initialized (SARL-style, 1-dim output)
[10-07 01:02:19] INFO: [AUXILIARY-HEAD] Future position predictor initialized: 3 neighbors × 4 future steps
[10-07 01:02:19] INFO: [ABLATION] Lookahead scoring mode: full
[10-07 01:02:19] INFO: ================================================================================
[10-07 01:02:19] INFO: [TEMPORAL-BACKBONE] BAYES_MEAN backbone configuration:
[10-07 01:02:19] INFO:   d_model=256, n_layers=4, d_state=64
[10-07 01:02:19] INFO:   d_conv=4, expand=2
[10-07 01:02:19] INFO: [SEQ-FINAL] Sequence Length Configuration (SSOT):
[10-07 01:02:19] INFO:   seq_len=24 (from train.config:[buffer])
[10-07 01:02:19] INFO:   T=24 (should match policy.config:[temporal].T)
[10-07 01:02:19] INFO: [ARCH-FINAL] Architecture: EnhancedSpatial(3-way:robot+human+relation) -> BAYES_MEAN -> DualHead
[10-07 01:02:19] INFO: [DEVICE] cuda
[10-07 01:02:19] INFO: ================================================================================
[10-07 01:02:19] INFO: [POLICY-INIT] Main policy built: mamba_rl
[10-07 01:02:19] INFO: [POLICY-INIT] Set multiagent_training=True (5-human crowd navigation)
[10-07 01:02:19] INFO: [MAMBA-RL] Set env_dt=0.25
[10-07 01:02:19] INFO: ✅ debug.md清理：奖励整形器已删除（未实际使用）
[10-07 01:02:19] INFO: ============================================================
[10-07 01:02:19] INFO: [CONFIG-SUMMARY] Training Configuration (Runtime Values)
[10-07 01:02:19] INFO:   Policy: mamba_rl
[10-07 01:02:19] INFO:   Sequence: seq_len=24
[10-07 01:02:19] INFO:   Training: batch_size=256, updates_per_ep=4
[10-07 01:02:19] INFO:   Learning: lr=0.000010, gamma=0.99
[10-07 01:02:19] INFO:   Episodes: 8000, device=cuda
[10-07 01:02:19] INFO: ============================================================
[10-07 01:02:19] INFO: [SARL-TRAIN] goal prior=OFF
[10-07 01:02:19] INFO: [CFG-LOCK] circle R=4 Nh=5 dt=0.25 T=50 succ_r=0.25 visible=False actions=80 eval_eps=0
[10-07 01:02:19] INFO: [REWARD-PROFILE] Using profile=benchmark, time_limit=50.0s
[10-07 01:02:19] INFO: [REWARD-BENCHMARK] {'success': 1.0, 'collision': -0.5, 'timeout': -0.5}
[10-07 01:02:19] INFO: [CONFIG-FALLBACK] success=1.0, collision=-0.5, timeout=-0.5
[10-07 01:02:19] INFO: [ACTIVE-REWARD] Using profile-based rewards: {'success': 1.0, 'collision': -0.5, 'timeout': -0.5}
[10-07 01:02:19] INFO: ============================================================
[10-07 01:02:19] INFO: [TRAJECTORY-LOG] Recording enabled: /root/bayes-vl-matched-20261006/crowd_nav/runs/bayes-matched-v1/bayes_mean-seed42-to8000/trajectory.log
[10-07 01:02:19] INFO: [IL-AUTO] 自动检测训练数据...
[10-07 01:02:19] INFO: [IL-AUTO]   离线数据集: crowd_nav/runs/bayes-matched-v1/orca-shared.pth (exists: True)
[10-07 01:02:19] INFO: [IL-AUTO]   BC checkpoint: /root/bayes-vl-matched-20261006/crowd_nav/runs/bayes-matched-v1/bayes_mean-seed42-to8000/il_policy.pth (exists: True)
[10-07 01:02:19] INFO: [IL-AUTO]   IL checkpoint: /root/bayes-vl-matched-20261006/crowd_nav/runs/bayes-matched-v1/bayes_mean-seed42-to8000/ckpt_il.pt (exists: False)
[10-07 01:02:19] INFO: [IL-AUTO] ✓ 检测到离线数据集: crowd_nav/runs/bayes-matched-v1/orca-shared.pth
[10-07 01:02:19] INFO: [IL-AUTO]   将跳过IL在线收集，强制执行BC训练
[10-07 01:02:19] INFO: [IQL-REPLAY] Initialized: capacity=200000, seq_len=24, with MC returns
[10-07 01:02:19] INFO: [SARL-BUFFER] rl_buffer capacity=200000, n_step=1, per=False
[10-07 01:02:19] INFO: [STATS-RESET] TrainingStats reset for RL phase
[10-07 01:02:19] INFO: [IL-BC] Starting BC training phase...
[10-07 01:02:19] INFO: [IL-CONFIG] success_target=5000 max_total_episodes=12000 prefill_batch_episodes=64 patience_batches=5
[10-07 01:02:19] INFO: [IL-CONFIG] success_target=5000 (type=int)
[10-07 01:02:19] INFO: [IL-CONFIG] max_total_episodes=12000 (type=int)
[10-07 01:02:19] INFO: [IL-CONFIG] batch_collect_episodes=64 (type=int)
[10-07 01:02:19] INFO: [IL-CONFIG] patience_batches=5 (type=int)
[10-07 01:02:19] INFO: [IL-TEACHER] Applying ORCA teacher profile: neighbor_dist=6.0, max_neighbors=15, time_horizon=5.0, time_horizon_obst=5.0, safety_space=0.25
[10-07 01:02:19] INFO: [DENSE-REWARD] progress_reward=0.0, time_penalty=0.0, stand_penalty=0.0
[10-07 01:02:19] INFO: human number: 5
[10-07 01:02:19] INFO: Not randomize human's radius and preferred speed
[10-07 01:02:19] INFO: Training simulation: circle_crossing, test simulation: circle_crossing
[10-07 01:02:19] INFO: Square width: 10.0, circle radius: 4.0
[10-07 01:02:19] WARNING: [IL] Explorer has no replay buffer reference; IL data will stay in-flight only
[10-07 01:02:19] INFO: [IL-START] Buffer size before IL: 0
[10-07 01:02:19] INFO: [IL-CACHE] 发现离线数据集缓存: crowd_nav/runs/bayes-matched-v1/orca-shared.pth
[10-07 01:02:22] INFO: [IL-CACHE] 数据集版本: matched-native-orca-v1
[10-07 01:02:22] INFO: [IL-CACHE] 生成时间: unknown
[10-07 01:02:22] INFO: [IL-CACHE] Seeds: []
[10-07 01:02:22] INFO: [IL-CACHE] ORCA configs: []
[10-07 01:02:22] INFO: [IL-CACHE] 总轨迹数: 5040
[10-07 01:02:22] INFO: [IL-CACHE] 原始成功率: 99.62%
[10-07 01:02:22] INFO: [IL-CACHE] 限制加载: 5040 episodes (max_il_prefill=50000)
[10-07 01:02:22] INFO: [IL-CACHE] ✓ 成功加载 5037 条轨迹
[10-07 01:02:22] INFO: [IL-CACHE] 失败轨迹保留 3 条用于RL预填充
[10-07 01:02:22] INFO: [IL-CACHE] 跳过在线采集，直接使用离线数据集
[10-07 01:02:22] INFO: [IL-COLLECT] Final success set: 5037 trajectories from 5056 attempts (success_ratio=99.62%)
[10-07 01:02:22] INFO: [IL-COLLECT] Fail trajectories kept for RL prefill: 3
[10-07 01:02:22] INFO: [IL-DATA] BC dataset uses success+collision: success=5037, collision=3
[10-07 01:02:22] INFO: [IL-BUFFER] IL data reserved for BC pretraining only (5040 trajectories)
[10-07 01:02:22] INFO: [DENSE-REWARD] progress_reward=0.0, time_penalty=0.0, stand_penalty=0.0
[10-07 01:02:22] INFO: human number: 5
[10-07 01:02:22] INFO: Not randomize human's radius and preferred speed
[10-07 01:02:22] INFO: Training simulation: circle_crossing, test simulation: circle_crossing
[10-07 01:02:22] INFO: Square width: 10.0, circle radius: 4.0
[10-07 01:02:22] INFO: [IL-TEACHER] Restored ORCA parameters for RL phase
[10-07 01:02:22] INFO: [IL-BC] ✓ Found existing BC checkpoint: /root/bayes-vl-matched-20261006/crowd_nav/runs/bayes-matched-v1/bayes_mean-seed42-to8000/il_policy.pth
[10-07 01:02:22] INFO: [IL-BC] Loading checkpoint to skip 50 epochs of BC training
[10-07 01:02:22] INFO: [IL-BC] Detected old format (dict with 'value' key)
[10-07 01:02:22] INFO: [IL-BC] ✓ Loaded all parameters (strict mode)
[10-07 01:02:22] INFO: [IL-BC] Checkpoint metadata:
[10-07 01:02:22] INFO:   - Training epochs: 35
[10-07 01:02:22] INFO:   - BC loss: N/A
[10-07 01:02:22] INFO:   - Eval success rate: 1.0
[10-07 01:02:22] INFO:   - Timestamp: 2026-10-06 19:22:42
[10-07 01:02:22] INFO: [IL-BC] ✓ Successfully loaded BC weights from /root/bayes-vl-matched-20261006/crowd_nav/runs/bayes-matched-v1/bayes_mean-seed42-to8000/il_policy.pth
[10-07 01:02:22] INFO: [IL-BC] Evaluating loaded BC model (100 episodes)...
[10-07 01:02:22] INFO: [ENV-TRACK] Robot get_full_state #1: radius=0.300, v_pref=1.000, gx=0.000, gy=4.000
[10-07 01:02:22] INFO: [ACTION-SPACE] Built 80 actions (GRID 5×16, stop=False)
[10-07 01:02:22] INFO: [EXPLORER] RL-MAMBA-DOUBLEQ: JointState, state_dim=(34,)
[10-07 01:02:22] INFO: [DENSE-REWARD-STEP] progress=0.2304, progress_reward=0.0, time_penalty=0.0, robot_speed=1.000, step_reward=0.0000
[10-07 01:02:22] INFO: [ENV-TRACK] Robot get_full_state #2: radius=0.300, v_pref=1.000, gx=0.000, gy=4.000
[10-07 01:02:22] INFO: [ENV-TRACK] Robot get_full_state #3: radius=0.300, v_pref=1.000, gx=0.000, gy=4.000
[10-07 01:04:35] INFO: [IL-BC] Loaded BC model success rate: 97.0% (97/100 episodes)
[10-07 01:04:35] INFO: [IL-ORCA-DATA] Teacher success stats: attempts=5056, successes=5037, ratio=0.996
[10-07 01:04:35] INFO: [DENSE-REWARD] progress_reward=0.0, time_penalty=0.0, stand_penalty=0.0
[10-07 01:04:35] INFO: human number: 5
[10-07 01:04:35] INFO: Not randomize human's radius and preferred speed
[10-07 01:04:35] INFO: Training simulation: circle_crossing, test simulation: circle_crossing
[10-07 01:04:35] INFO: Square width: 10.0, circle radius: 4.0
[10-07 01:04:35] INFO: [IL-PARAM-RESTORE] Parameters restored for RL: time_limit=50, success_radius=0.25, human_num=5
[10-07 01:04:35] INFO: [IL-BC] BC training completed: success_rate=99.6%
[10-07 01:05:12] INFO: [SARL-PREFILL-LIMITED] IL episodes injected=5000, skipped=0, buffer_size=200000 (max_prefill=5000)
[10-07 01:05:12] INFO: [CKPT-LOAD] skipped (already warm-started with fresh IL ckpt)
[10-07 01:05:12] INFO: [RESUME] Loading checkpoint from /root/bayes-vl-matched-20261006/crowd_nav/runs/bayes-matched-v1/bayes_mean-seed42/rl_model_ep3000.pth
[10-07 01:05:12] INFO: [RESUME] Policy state loaded
[10-07 01:05:12] INFO: [RESUME] Statistics history loaded: 3000 episodes
[10-07 01:05:12] INFO: [RESUME] ✅ Successfully resumed from episode 3001
[10-07 01:05:12] INFO: [CURRICULUM] DISABLED - Focusing on standard environment
[10-07 01:05:12] INFO: [CURRICULUM] RL will use baseline 5-human circle environment (Nh=5, R=4)
[10-07 01:05:12] INFO: [ALGO] Value-lookahead (BAYES_MEAN): value regression + one-step lookahead, lr=1e-05
[10-07 01:05:12] INFO: [SARL-RESUME] Loading target network and optimizer from checkpoint...
[10-07 01:05:12] INFO: [SARL-RESUME] Target network loaded
[10-07 01:05:12] INFO: [SARL-RESUME] Optimizer loaded
[10-07 01:05:12] INFO: [SARL-WARMUP] Replay warmup threshold: 5000 transitions
[10-07 01:05:12] INFO: [SARL] n_step=1, use_per=False
[10-07 01:05:12] INFO: [CHECKPOINT] interval=500 episodes
[10-07 01:05:12] INFO: [VECTORIZE] Parallel sampling disabled, using serial explorer
[10-07 01:05:12] INFO: [DIAGNOSTIC] ⚠ Using SERIAL sampling (no parallelization)
[10-07 01:05:12] INFO: [DIAGNOSTIC] Pre-RL policy evaluation (5 episodes)...
[10-07 01:05:19] INFO: [DIAGNOSTIC] Pre-RL test performance: s/c/t=100.0%/0.0%/0.0%
[10-07 01:05:19] INFO: [TRAIN] Algorithm: sarl
[10-07 01:05:22] INFO: [RL-EP-3001] (3001)
[10-07 01:05:26] INFO: [RL-EP-3002] (3002)
[10-07 01:05:29] INFO: [RL-EP-3003] (3003)
[10-07 01:05:32] INFO: [RL-EP-3004] (3004)
[10-07 01:05:36] INFO: [RL-EP-3005] roll=1.000/0.000/0.000
[10-07 01:05:40] INFO: [RL-EP-3006] (3006)
[10-07 01:05:43] INFO: [RL-EP-3007] (3007)
[10-07 01:05:46] INFO: [RL-EP-3008] (3008)
[10-07 01:05:51] INFO: [RL-EP-3009] (3009)
[10-07 01:05:55] INFO: [RL-EP-3010] roll=1.000/0.000/0.000
[10-07 01:05:58] INFO: [RL-EP-3011] (3011)
[10-07 01:06:01] INFO: [RL-EP-3012] (3012)
[10-07 01:06:04] INFO: [RL-EP-3013] (3013)
[10-07 01:06:07] INFO: [RL-EP-3014] (3014)
[10-07 01:06:10] INFO: [RL-EP-3015] roll=1.000/0.000/0.000
[10-07 01:06:14] INFO: [RL-EP-3016] (3016)
[10-07 01:06:17] INFO: [RL-EP-3017] (3017)
[10-07 01:06:22] INFO: [RL-EP-3018] (3018)
[10-07 01:06:24] INFO: [RL-EP-3019] (3019)
[10-07 01:06:27] INFO: [RL-EP-3020] roll=0.950/0.050/0.000
[10-07 01:06:31] INFO: [RL-EP-3021] (3021)
[10-07 01:06:34] INFO: [RL-EP-3022] (3022)
[10-07 01:06:37] INFO: [RL-EP-3023] (3023)
[10-07 01:06:41] INFO: [RL-EP-3024] (3024)
[10-07 01:06:44] INFO: [SARL-LOSS] ep=3025 value_loss=0.0031 epsilon=0.0500
[10-07 01:06:44] INFO: [STAT] ep=3025 | roll@25(s/c/t)=1.0/0.0/0.0 (0.96/0.04/0.00) | R.mean=0.5
[10-07 01:06:44] INFO: [METRICS-25] time=16.62s | dfreq=0.000 | ddist=0.000m
[10-07 01:06:45] INFO: [METRICS-PLOT] 3-metrics curve -> /root/bayes-vl-matched-20261006/crowd_nav/runs/bayes-matched-v1/bayes_mean-seed42-to8000/curves_3metrics.png
[10-07 01:06:45] INFO: [RL-EP-3025] (3025/8000) s/c/t=1/0/0 qloss=0.0000 ploss=0.0000 buf=200000
[10-07 01:06:45] INFO:               cumulative s/c/t%: 96.0%/4.0%/0.0%
[10-07 01:06:45] INFO: [REPLAY-STORE] ok=25 skip=0 steps=1662 buf=200000
[10-07 01:06:45] INFO: [STAGE0-MONITOR] timeout_ratio=0.000 (target: decrease over time)
[10-07 01:06:45] INFO: ================================================================================
[10-07 01:06:45] INFO: [MULTI-SCALE-3025] TARGET: peak=1.000 stable_90=10ep
[10-07 01:06:45] INFO: [MULTI-SCALE-3025] WINDOWS: short=0.900 med=0.960 long=0.960
[10-07 01:06:45] INFO: [MULTI-SCALE-3025] QUALITY: stability=0.800 learn_rate=0.00000
[10-07 01:06:45] INFO: [ACHIEVEMENT] Stable 90%+ success rate achieved for 10 episodes!
[10-07 01:06:45] INFO: [HEALTH-CHECK-3025] Overall: NEEDS_IMPROVEMENT (score=0.400)
[10-07 01:06:45] INFO: ================================================================================
[10-07 01:06:49] INFO: [RL-EP-3026] (3026)
[10-07 01:06:52] INFO: [RL-EP-3027] (3027)
[10-07 01:06:55] INFO: [RL-EP-3028] (3028)
[10-07 01:06:58] INFO: [RL-EP-3029] (3029)
[10-07 01:07:02] INFO: [RL-EP-3030] roll=0.967/0.033/0.000
[10-07 01:07:07] INFO: [RL-EP-3031] (3031)
[10-07 01:07:11] INFO: [RL-EP-3032] (3032)
[10-07 01:07:15] INFO: [RL-EP-3033] (3033)
[10-07 01:07:18] INFO: [RL-EP-3034] (3034)
[10-07 01:07:22] INFO: [RL-EP-3035] roll=0.971/0.029/0.000
[10-07 01:07:26] INFO: [RL-EP-3036] (3036)
[10-07 01:07:29] INFO: [RL-EP-3037] (3037)
[10-07 01:07:32] INFO: [RL-EP-3038] (3038)
[10-07 01:07:35] INFO: [RL-EP-3039] (3039)
[10-07 01:07:39] INFO: [RL-EP-3040] roll=0.975/0.025/0.000
[10-07 01:07:42] INFO: [RL-EP-3041] (3041)
[10-07 01:07:45] INFO: [RL-EP-3042] (3042)
[10-07 01:07:48] INFO: [RL-EP-3043] (3043)
[10-07 01:07:51] INFO: [RL-EP-3044] (3044)
[10-07 01:07:55] INFO: [RL-EP-3045] roll=0.978/0.022/0.000
[10-07 01:07:58] INFO: [RL-EP-3046] (3046)
[10-07 01:08:02] INFO: [RL-EP-3047] (3047)
[10-07 01:08:05] INFO: [RL-EP-3048] (3048)
[10-07 01:08:08] INFO: [RL-EP-3049] (3049)
[10-07 01:08:08] INFO: [CONFIG-CHECK] ep=3050 updates_per_ep=4 (from config)
[10-07 01:08:12] INFO: [SARL-LOSS] ep=3050 value_loss=0.0027 epsilon=0.0500
[10-07 01:08:12] INFO: [STAT] ep=3050 | roll@25(s/c/t)=1.0/0.0/0.0 (0.98/0.02/0.00) | R.mean=0.5
[10-07 01:08:12] INFO: [METRICS-25] time=16.98s | dfreq=0.000 | ddist=0.000m
[10-07 01:08:12] INFO: [METRICS-PLOT] 3-metrics curve -> /root/bayes-vl-matched-20261006/crowd_nav/runs/bayes-matched-v1/bayes_mean-seed42-to8000/curves_3metrics.png
[10-07 01:08:12] INFO: [RL-EP-3050] (3050/8000) s/c/t=1/0/0 qloss=0.0000 ploss=0.0000 buf=200000
[10-07 01:08:12] INFO:               cumulative s/c/t%: 98.0%/2.0%/0.0%
[10-07 01:08:12] INFO: [REPLAY-STORE] ok=50 skip=0 steps=3396 buf=200000
[10-07 01:08:12] INFO: [STAGE0-MONITOR] timeout_ratio=0.000 (target: decrease over time)
[10-07 01:08:12] INFO: ================================================================================
[10-07 01:08:12] INFO: [MULTI-SCALE-3050] TARGET: peak=1.000 stable_90=10ep
[10-07 01:08:12] INFO: [MULTI-SCALE-3050] WINDOWS: short=1.000 med=1.000 long=0.980
[10-07 01:08:12] INFO: [MULTI-SCALE-3050] QUALITY: stability=0.800 learn_rate=0.00000
[10-07 01:08:12] INFO: [ACHIEVEMENT] Stable 90%+ success rate achieved for 10 episodes!
[10-07 01:08:12] INFO: [HEALTH-CHECK-3050] Overall: NEEDS_IMPROVEMENT (score=0.400)
[10-07 01:08:12] INFO: ================================================================================
[10-07 01:08:16] INFO: [RL-EP-3051] (3051)
[10-07 01:08:20] INFO: [RL-EP-3052] (3052)
[10-07 01:08:23] INFO: [RL-EP-3053] (3053)
[10-07 01:08:28] INFO: [RL-EP-3054] (3054)
[10-07 01:08:31] INFO: [RL-EP-3055] roll=0.980/0.020/0.000
[10-07 01:08:35] INFO: [RL-EP-3056] (3056)
[10-07 01:08:38] INFO: [RL-EP-3057] (3057)
[10-07 01:08:41] INFO: [RL-EP-3058] (3058)
[10-07 01:08:44] INFO: [RL-EP-3059] (3059)
[10-07 01:08:47] INFO: [RL-EP-3060] roll=0.980/0.020/0.000
[10-07 01:08:51] INFO: [RL-EP-3061] (3061)
[10-07 01:08:55] INFO: [RL-EP-3062] (3062)
[10-07 01:08:58] INFO: [RL-EP-3063] (3063)
[10-07 01:09:01] INFO: [RL-EP-3064] (3064)
[10-07 01:09:05] INFO: [RL-EP-3065] roll=0.980/0.020/0.000
[10-07 01:09:08] INFO: [RL-EP-3066] (3066)
[10-07 01:09:11] INFO: [RL-EP-3067] (3067)
[10-07 01:09:15] INFO: [RL-EP-3068] (3068)
[10-07 01:09:18] INFO: [RL-EP-3069] (3069)
[10-07 01:09:22] INFO: [RL-EP-3070] roll=1.000/0.000/0.000
[10-07 01:09:25] INFO: [RL-EP-3071] (3071)
[10-07 01:09:28] INFO: [RL-EP-3072] (3072)
[10-07 01:09:32] INFO: [RL-EP-3073] (3073)
[10-07 01:09:35] INFO: [RL-EP-3074] (3074)
[10-07 01:09:38] INFO: [SARL-LOSS] ep=3075 value_loss=0.0028 epsilon=0.0500
[10-07 01:09:38] INFO: [STAT] ep=3075 | roll@25(s/c/t)=1.0/0.0/0.0 (1.00/0.00/0.00) | R.mean=0.5
[10-07 01:09:38] INFO: [METRICS-25] time=17.12s | dfreq=0.000 | ddist=0.000m
[10-07 01:09:39] INFO: [METRICS-PLOT] 3-metrics curve -> /root/bayes-vl-matched-20261006/crowd_nav/runs/bayes-matched-v1/bayes_mean-seed42-to8000/curves_3metrics.png
[10-07 01:09:39] INFO: [RL-EP-3075] (3075/8000) s/c/t=1/0/0 qloss=0.0000 ploss=0.0000 buf=200000
[10-07 01:09:39] INFO:               cumulative s/c/t%: 100.0%/0.0%/0.0%
[10-07 01:09:39] INFO: [REPLAY-STORE] ok=75 skip=0 steps=5087 buf=200000
[10-07 01:09:39] INFO: [STAGE0-MONITOR] timeout_ratio=0.000 (target: decrease over time)
[10-07 01:09:39] INFO: ================================================================================
[10-07 01:09:39] INFO: [MULTI-SCALE-3075] TARGET: peak=1.000 stable_90=10ep
[10-07 01:09:39] INFO: [MULTI-SCALE-3075] WINDOWS: short=1.000 med=1.000 long=0.987
[10-07 01:09:39] INFO: [MULTI-SCALE-3075] QUALITY: stability=0.800 learn_rate=0.00000
[10-07 01:09:39] INFO: [ACHIEVEMENT] Stable 90%+ success rate achieved for 10 episodes!
[10-07 01:09:39] INFO: [HEALTH-CHECK-3075] Overall: NEEDS_IMPROVEMENT (score=0.400)
[10-07 01:09:39] INFO: ================================================================================
[10-07 01:09:42] INFO: [RL-EP-3076] (3076)
[10-07 01:09:46] INFO: [RL-EP-3077] (3077)
[10-07 01:09:49] INFO: [RL-EP-3078] (3078)
[10-07 01:09:52] INFO: [RL-EP-3079] (3079)
[10-07 01:09:56] INFO: [RL-EP-3080] roll=1.000/0.000/0.000
[10-07 01:09:59] INFO: [RL-EP-3081] (3081)
[10-07 01:10:02] INFO: [RL-EP-3082] (3082)
[10-07 01:10:05] INFO: [RL-EP-3083] (3083)
[10-07 01:10:09] INFO: [RL-EP-3084] (3084)
[10-07 01:10:12] INFO: [RL-EP-3085] roll=1.000/0.000/0.000
[10-07 01:10:16] INFO: [RL-EP-3086] (3086)
[10-07 01:10:19] INFO: [RL-EP-3087] (3087)
[10-07 01:10:22] INFO: [RL-EP-3088] (3088)
[10-07 01:10:26] INFO: [RL-EP-3089] (3089)
[10-07 01:10:30] INFO: [RL-EP-3090] roll=1.000/0.000/0.000
[10-07 01:10:33] INFO: [RL-EP-3091] (3091)
[10-07 01:10:36] INFO: [RL-EP-3092] (3092)
[10-07 01:10:39] INFO: [RL-EP-3093] (3093)
[10-07 01:10:43] INFO: [RL-EP-3094] (3094)
[10-07 01:10:46] INFO: [RL-EP-3095] roll=1.000/0.000/0.000
[10-07 01:10:50] INFO: [RL-EP-3096] (3096)
[10-07 01:10:53] INFO: [RL-EP-3097] (3097)
[10-07 01:10:57] INFO: [RL-EP-3098] (3098)
[10-07 01:11:00] INFO: [RL-EP-3099] (3099)
[10-07 01:11:00] INFO: [CONFIG-CHECK] ep=3100 updates_per_ep=4 (from config)
[10-07 01:11:00] INFO: [SARL-EPSILON] ep=3100 epsilon=0.0500 (start=0.3, end=0.05, decay=1500)
[10-07 01:11:03] INFO: [SARL-REPLAY] ep=3100 buffer_size=200000 updates=4
[10-07 01:11:03] INFO: [SARL-LOSS] ep=3100 value_loss=0.0027 epsilon=0.0500
[10-07 01:11:03] INFO: [SARL-STATS] ep=3100 buffer_size=200000
[10-07 01:11:03] INFO: [STAT] ep=3100 | roll@25(s/c/t)=1.0/0.0/0.0 (1.00/0.00/0.00) | R.mean=0.5
[10-07 01:11:03] INFO: [METRICS-25] time=16.29s | dfreq=0.000 | ddist=0.000m
[10-07 01:11:03] INFO: [METRICS-PLOT] 3-metrics curve -> /root/bayes-vl-matched-20261006/crowd_nav/runs/bayes-matched-v1/bayes_mean-seed42-to8000/curves_3metrics.png
[10-07 01:11:03] INFO: [RL-EP-3100] (3100/8000) s/c/t=1/0/0 qloss=0.0000 ploss=0.0000 buf=200000
[10-07 01:11:03] INFO:               cumulative s/c/t%: 100.0%/0.0%/0.0%
[10-07 01:11:03] INFO: [REPLAY-STORE] ok=100 skip=0 steps=6653 buf=200000
[10-07 01:11:03] INFO: [STAGE0-MONITOR] timeout_ratio=0.000 (target: decrease over time)
[10-07 01:11:03] INFO: [SOT-3100] REWARD succ=1.0/coll=-0.50 | GRID 5×16=80 | EVENTS s=1.00/c=0.00/t=0.00
[10-07 01:11:03] INFO: ================================================================================
[10-07 01:11:03] INFO: [MULTI-SCALE-3100] TARGET: peak=1.000 stable_90=10ep
[10-07 01:11:03] INFO: [MULTI-SCALE-3100] WINDOWS: short=1.000 med=1.000 long=0.990
[10-07 01:11:03] INFO: [MULTI-SCALE-3100] QUALITY: stability=0.800 learn_rate=0.00000
[10-07 01:11:03] INFO: [ACHIEVEMENT] Stable 90%+ success rate achieved for 10 episodes!
[10-07 01:11:03] INFO: [HEALTH-CHECK-3100] Overall: NEEDS_IMPROVEMENT (score=0.400)
[10-07 01:11:03] INFO: ================================================================================
[10-07 01:11:06] INFO: [RL-EP-3101] (3101)
[10-07 01:11:10] INFO: [RL-EP-3102] (3102)
[10-07 01:11:13] INFO: [RL-EP-3103] (3103)
[10-07 01:11:16] INFO: [RL-EP-3104] (3104)
[10-07 01:11:20] INFO: [RL-EP-3105] roll=1.000/0.000/0.000
[10-07 01:11:24] INFO: [RL-EP-3106] (3106)
[10-07 01:11:27] INFO: [RL-EP-3107] (3107)
[10-07 01:11:30] INFO: [RL-EP-3108] (3108)
[10-07 01:11:34] INFO: [RL-EP-3109] (3109)
[10-07 01:11:37] INFO: [RL-EP-3110] roll=1.000/0.000/0.000
[10-07 01:11:41] INFO: [RL-EP-3111] (3111)
[10-07 01:11:44] INFO: [RL-EP-3112] (3112)
[10-07 01:11:48] INFO: [RL-EP-3113] (3113)
[10-07 01:11:51] INFO: [RL-EP-3114] (3114)
[10-07 01:11:54] INFO: [RL-EP-3115] roll=1.000/0.000/0.000
[10-07 01:11:57] INFO: [RL-EP-3116] (3116)
[10-07 01:12:00] INFO: [RL-EP-3117] (3117)
[10-07 01:12:02] INFO: [RL-EP-3118] (3118)
[10-07 01:12:05] INFO: [RL-EP-3119] (3119)
[10-07 01:12:09] INFO: [RL-EP-3120] roll=1.000/0.000/0.000
[10-07 01:12:12] INFO: [RL-EP-3121] (3121)
[10-07 01:12:15] INFO: [RL-EP-3122] (3122)
[10-07 01:12:18] INFO: [RL-EP-3123] (3123)
[10-07 01:12:21] INFO: [RL-EP-3124] (3124)
[10-07 01:12:24] INFO: [SARL-LOSS] ep=3125 value_loss=0.0036 epsilon=0.0500
[10-07 01:12:24] INFO: [STAT] ep=3125 | roll@25(s/c/t)=1.0/0.0/0.0 (1.00/0.00/0.00) | R.mean=0.5
[10-07 01:12:24] INFO: [METRICS-25] time=15.26s | dfreq=0.000 | ddist=0.000m
[10-07 01:12:25] INFO: [METRICS-PLOT] 3-metrics curve -> /root/bayes-vl-matched-20261006/crowd_nav/runs/bayes-matched-v1/bayes_mean-seed42-to8000/curves_3metrics.png
[10-07 01:12:25] INFO: [RL-EP-3125] (3125/8000) s/c/t=1/0/0 qloss=0.0000 ploss=0.0000 buf=200000
[10-07 01:12:25] INFO:               cumulative s/c/t%: 100.0%/0.0%/0.0%
[10-07 01:12:25] INFO: [REPLAY-STORE] ok=125 skip=0 steps=8138 buf=200000
[10-07 01:12:25] INFO: [STAGE0-MONITOR] timeout_ratio=0.000 (target: decrease over time)
[10-07 01:12:25] INFO: ================================================================================
[10-07 01:12:25] INFO: [MULTI-SCALE-3125] TARGET: peak=1.000 stable_90=10ep
[10-07 01:12:25] INFO: [MULTI-SCALE-3125] WINDOWS: short=1.000 med=1.000 long=1.000
[10-07 01:12:25] INFO: [MULTI-SCALE-3125] QUALITY: stability=0.800 learn_rate=0.00000
[10-07 01:12:25] INFO: [ACHIEVEMENT] Stable 90%+ success rate achieved for 10 episodes!
[10-07 01:12:25] INFO: [HEALTH-CHECK-3125] Overall: NEEDS_IMPROVEMENT (score=0.400)
[10-07 01:12:25] INFO: ================================================================================
[10-07 01:12:28] INFO: [RL-EP-3126] (3126)
[10-07 01:12:31] INFO: [RL-EP-3127] (3127)
[10-07 01:12:36] INFO: [RL-EP-3128] (3128)
[10-07 01:12:39] INFO: [RL-EP-3129] (3129)
[10-07 01:12:42] INFO: [RL-EP-3130] roll=1.000/0.000/0.000
[10-07 01:12:45] INFO: [RL-EP-3131] (3131)
[10-07 01:12:48] INFO: [RL-EP-3132] (3132)
[10-07 01:12:51] INFO: [RL-EP-3133] (3133)
[10-07 01:12:55] INFO: [RL-EP-3134] (3134)
[10-07 01:12:58] INFO: [RL-EP-3135] roll=1.000/0.000/0.000
[10-07 01:13:02] INFO: [RL-EP-3136] (3136)
[10-07 01:13:05] INFO: [RL-EP-3137] (3137)
[10-07 01:13:08] INFO: [RL-EP-3138] (3138)
[10-07 01:13:12] INFO: [RL-EP-3139] (3139)
[10-07 01:13:15] INFO: [RL-EP-3140] roll=1.000/0.000/0.000
[10-07 01:13:18] INFO: [RL-EP-3141] (3141)
[10-07 01:13:21] INFO: [RL-EP-3142] (3142)
[10-07 01:13:24] INFO: [RL-EP-3143] (3143)
[10-07 01:13:27] INFO: [RL-EP-3144] (3144)
[10-07 01:13:30] INFO: [RL-EP-3145] roll=1.000/0.000/0.000
[10-07 01:13:33] INFO: [RL-EP-3146] (3146)
[10-07 01:13:38] INFO: [RL-EP-3147] (3147)
[10-07 01:13:41] INFO: [RL-EP-3148] (3148)
[10-07 01:13:44] INFO: [RL-EP-3149] (3149)
[10-07 01:13:44] INFO: [CONFIG-CHECK] ep=3150 updates_per_ep=4 (from config)
[10-07 01:13:47] INFO: [SARL-LOSS] ep=3150 value_loss=0.0023 epsilon=0.0500
[10-07 01:13:47] INFO: [STAT] ep=3150 | roll@25(s/c/t)=1.0/0.0/0.0 (1.00/0.00/0.00) | R.mean=0.5
[10-07 01:13:47] INFO: [METRICS-25] time=15.57s | dfreq=0.000 | ddist=0.000m
[10-07 01:13:48] INFO: [METRICS-PLOT] 3-metrics curve -> /root/bayes-vl-matched-20261006/crowd_nav/runs/bayes-matched-v1/bayes_mean-seed42-to8000/curves_3metrics.png
[10-07 01:13:48] INFO: [RL-EP-3150] (3150/8000) s/c/t=1/0/0 qloss=0.0000 ploss=0.0000 buf=200000
[10-07 01:13:48] INFO:               cumulative s/c/t%: 100.0%/0.0%/0.0%
[10-07 01:13:48] INFO: [REPLAY-STORE] ok=150 skip=0 steps=9767 buf=200000
[10-07 01:13:48] INFO: [STAGE0-MONITOR] timeout_ratio=0.000 (target: decrease over time)
[10-07 01:13:48] INFO: ================================================================================
[10-07 01:13:48] INFO: [MULTI-SCALE-3150] TARGET: peak=1.000 stable_90=10ep
[10-07 01:13:48] INFO: [MULTI-SCALE-3150] WINDOWS: short=1.000 med=1.000 long=1.000
[10-07 01:13:48] INFO: [MULTI-SCALE-3150] QUALITY: stability=0.800 learn_rate=0.00000
[10-07 01:13:48] INFO: [ACHIEVEMENT] Stable 90%+ success rate achieved for 10 episodes!
[10-07 01:13:48] INFO: [HEALTH-CHECK-3150] Overall: NEEDS_IMPROVEMENT (score=0.400)
[10-07 01:13:48] INFO: ================================================================================
[10-07 01:13:51] INFO: [RL-EP-3151] (3151)
[10-07 01:13:55] INFO: [RL-EP-3152] (3152)
[10-07 01:13:58] INFO: [RL-EP-3153] (3153)
[10-07 01:14:02] INFO: [RL-EP-3154] (3154)
[10-07 01:14:05] INFO: [RL-EP-3155] roll=1.000/0.000/0.000
[10-07 01:14:08] INFO: [RL-EP-3156] (3156)
[10-07 01:14:12] INFO: [RL-EP-3157] (3157)
[10-07 01:14:15] INFO: [RL-EP-3158] (3158)
[10-07 01:14:18] INFO: [RL-EP-3159] (3159)
[10-07 01:14:21] INFO: [RL-EP-3160] roll=1.000/0.000/0.000
[10-07 01:14:24] INFO: [RL-EP-3161] (3161)
[10-07 01:14:28] INFO: [RL-EP-3162] (3162)
[10-07 01:14:31] INFO: [RL-EP-3163] (3163)
[10-07 01:14:34] INFO: [RL-EP-3164] (3164)
[10-07 01:14:37] INFO: [RL-EP-3165] roll=1.000/0.000/0.000
[10-07 01:14:41] INFO: [RL-EP-3166] (3166)
[10-07 01:14:44] INFO: [RL-EP-3167] (3167)
[10-07 01:14:47] INFO: [RL-EP-3168] (3168)
[10-07 01:14:51] INFO: [RL-EP-3169] (3169)
[10-07 01:14:55] INFO: [RL-EP-3170] roll=1.000/0.000/0.000
[10-07 01:14:58] INFO: [RL-EP-3171] (3171)
[10-07 01:15:01] INFO: [RL-EP-3172] (3172)
[10-07 01:15:04] INFO: [RL-EP-3173] (3173)
[10-07 01:15:07] INFO: [RL-EP-3174] (3174)
[10-07 01:15:11] INFO: [SARL-LOSS] ep=3175 value_loss=0.0025 epsilon=0.0500
[10-07 01:15:11] INFO: [STAT] ep=3175 | roll@25(s/c/t)=1.0/0.0/0.0 (1.00/0.00/0.00) | R.mean=0.5
[10-07 01:15:11] INFO: [METRICS-25] time=15.82s | dfreq=0.000 | ddist=0.000m
[10-07 01:15:11] INFO: [METRICS-PLOT] 3-metrics curve -> /root/bayes-vl-matched-20261006/crowd_nav/runs/bayes-matched-v1/bayes_mean-seed42-to8000/curves_3metrics.png
[10-07 01:15:11] INFO: [RL-EP-3175] (3175/8000) s/c/t=1/0/0 qloss=0.0000 ploss=0.0000 buf=200000
[10-07 01:15:11] INFO:               cumulative s/c/t%: 100.0%/0.0%/0.0%
[10-07 01:15:11] INFO: [REPLAY-STORE] ok=175 skip=0 steps=11303 buf=200000
[10-07 01:15:11] INFO: [STAGE0-MONITOR] timeout_ratio=0.000 (target: decrease over time)
[10-07 01:15:11] INFO: ================================================================================
[10-07 01:15:11] INFO: [MULTI-SCALE-3175] TARGET: peak=1.000 stable_90=10ep
[10-07 01:15:11] INFO: [MULTI-SCALE-3175] WINDOWS: short=1.000 med=1.000 long=1.000
[10-07 01:15:11] INFO: [MULTI-SCALE-3175] QUALITY: stability=0.800 learn_rate=0.00000
[10-07 01:15:11] INFO: [ACHIEVEMENT] Stable 90%+ success rate achieved for 10 episodes!
[10-07 01:15:11] INFO: [HEALTH-CHECK-3175] Overall: NEEDS_IMPROVEMENT (score=0.400)
[10-07 01:15:11] INFO: ================================================================================
[10-07 01:15:14] INFO: [RL-EP-3176] (3176)
[10-07 01:15:17] INFO: [RL-EP-3177] (3177)
[10-07 01:15:21] INFO: [RL-EP-3178] (3178)
[10-07 01:15:24] INFO: [RL-EP-3179] (3179)
[10-07 01:15:28] INFO: [RL-EP-3180] roll=1.000/0.000/0.000
[10-07 01:15:31] INFO: [RL-EP-3181] (3181)
[10-07 01:15:34] INFO: [RL-EP-3182] (3182)
[10-07 01:15:37] INFO: [RL-EP-3183] (3183)
[10-07 01:15:41] INFO: [RL-EP-3184] (3184)
[10-07 01:15:44] INFO: [RL-EP-3185] roll=1.000/0.000/0.000
[10-07 01:15:48] INFO: [RL-EP-3186] (3186)
[10-07 01:15:51] INFO: [RL-EP-3187] (3187)
[10-07 01:15:54] INFO: [RL-EP-3188] (3188)
[10-07 01:15:57] INFO: [RL-EP-3189] (3189)
[10-07 01:16:00] INFO: [RL-EP-3190] roll=1.000/0.000/0.000
[10-07 01:16:05] INFO: [RL-EP-3191] (3191)
[10-07 01:16:08] INFO: [RL-EP-3192] (3192)
[10-07 01:16:11] INFO: [RL-EP-3193] (3193)
[10-07 01:16:14] INFO: [RL-EP-3194] (3194)
[10-07 01:16:18] INFO: [RL-EP-3195] roll=1.000/0.000/0.000
[10-07 01:16:21] INFO: [RL-EP-3196] (3196)
[10-07 01:16:24] INFO: [RL-EP-3197] (3197)
[10-07 01:16:27] INFO: [RL-EP-3198] (3198)
[10-07 01:16:31] INFO: [RL-EP-3199] (3199)
[10-07 01:16:31] INFO: [CONFIG-CHECK] ep=3200 updates_per_ep=4 (from config)
[10-07 01:16:31] INFO: [SARL-EPSILON] ep=3200 epsilon=0.0500 (start=0.3, end=0.05, decay=1500)
[10-07 01:16:34] INFO: [SARL-REPLAY] ep=3200 buffer_size=200000 updates=4
[10-07 01:16:34] INFO: [SARL-LOSS] ep=3200 value_loss=0.0023 epsilon=0.0500
[10-07 01:16:34] INFO: [SARL-STATS] ep=3200 buffer_size=200000
[10-07 01:16:34] INFO: [STAT] ep=3200 | roll@25(s/c/t)=1.0/0.0/0.0 (1.00/0.00/0.00) | R.mean=0.5
[10-07 01:16:34] INFO: [METRICS-25] time=15.30s | dfreq=0.000 | ddist=0.000m
[10-07 01:16:34] INFO: [METRICS-PLOT] 3-metrics curve -> /root/bayes-vl-matched-20261006/crowd_nav/runs/bayes-matched-v1/bayes_mean-seed42-to8000/curves_3metrics.png
[10-07 01:16:34] INFO: [RL-EP-3200] (3200/8000) s/c/t=1/0/0 qloss=0.0000 ploss=0.0000 buf=200000
[10-07 01:16:34] INFO:               cumulative s/c/t%: 100.0%/0.0%/0.0%
[10-07 01:16:34] INFO: [REPLAY-STORE] ok=200 skip=0 steps=12827 buf=200000
[10-07 01:16:34] INFO: [STAGE0-MONITOR] timeout_ratio=0.000 (target: decrease over time)
[10-07 01:16:34] INFO: [SOT-3200] REWARD succ=1.0/coll=-0.50 | GRID 5×16=80 | EVENTS s=1.00/c=0.00/t=0.00
[10-07 01:16:34] INFO: ================================================================================
[10-07 01:16:34] INFO: [MULTI-SCALE-3200] TARGET: peak=1.000 stable_90=10ep
[10-07 01:16:34] INFO: [MULTI-SCALE-3200] WINDOWS: short=1.000 med=1.000 long=1.000
[10-07 01:16:34] INFO: [MULTI-SCALE-3200] QUALITY: stability=0.800 learn_rate=0.00000
[10-07 01:16:34] INFO: [ACHIEVEMENT] Stable 90%+ success rate achieved for 10 episodes!
[10-07 01:16:34] INFO: [HEALTH-CHECK-3200] Overall: NEEDS_IMPROVEMENT (score=0.400)
[10-07 01:16:34] INFO: ================================================================================
[10-07 01:16:38] INFO: [RL-EP-3201] (3201)
[10-07 01:16:41] INFO: [RL-EP-3202] (3202)
[10-07 01:16:44] INFO: [RL-EP-3203] (3203)
[10-07 01:16:47] INFO: [RL-EP-3204] (3204)
[10-07 01:16:50] INFO: [RL-EP-3205] roll=1.000/0.000/0.000
[10-07 01:16:54] INFO: [RL-EP-3206] (3206)
[10-07 01:16:57] INFO: [RL-EP-3207] (3207)
[10-07 01:17:00] INFO: [RL-EP-3208] (3208)
[10-07 01:17:03] INFO: [RL-EP-3209] (3209)
[10-07 01:17:06] INFO: [RL-EP-3210] roll=1.000/0.000/0.000
[10-07 01:17:10] INFO: [RL-EP-3211] (3211)
[10-07 01:17:13] INFO: [RL-EP-3212] (3212)
[10-07 01:17:17] INFO: [RL-EP-3213] (3213)
[10-07 01:17:20] INFO: [RL-EP-3214] (3214)
[10-07 01:17:23] INFO: [RL-EP-3215] roll=1.000/0.000/0.000
[10-07 01:17:26] INFO: [RL-EP-3216] (3216)
[10-07 01:17:29] INFO: [RL-EP-3217] (3217)
[10-07 01:17:32] INFO: [RL-EP-3218] (3218)
[10-07 01:17:35] INFO: [RL-EP-3219] (3219)
[10-07 01:17:38] INFO: [RL-EP-3220] roll=1.000/0.000/0.000
[10-07 01:17:41] INFO: [RL-EP-3221] (3221)
[10-07 01:17:44] INFO: [RL-EP-3222] (3222)
[10-07 01:17:48] INFO: [RL-EP-3223] (3223)
[10-07 01:17:51] INFO: [RL-EP-3224] (3224)
[10-07 01:17:54] INFO: [SARL-LOSS] ep=3225 value_loss=0.0023 epsilon=0.0500
[10-07 01:17:54] INFO: [STAT] ep=3225 | roll@25(s/c/t)=1.0/0.0/0.0 (1.00/0.00/0.00) | R.mean=0.6
[10-07 01:17:54] INFO: [METRICS-25] time=14.79s | dfreq=0.000 | ddist=0.000m
[10-07 01:17:54] INFO: [METRICS-PLOT] 3-metrics curve -> /root/bayes-vl-matched-20261006/crowd_nav/runs/bayes-matched-v1/bayes_mean-seed42-to8000/curves_3metrics.png
[10-07 01:17:54] INFO: [RL-EP-3225] (3225/8000) s/c/t=1/0/0 qloss=0.0000 ploss=0.0000 buf=200000
[10-07 01:17:54] INFO:               cumulative s/c/t%: 100.0%/0.0%/0.0%
[10-07 01:17:54] INFO: [REPLAY-STORE] ok=225 skip=0 steps=14261 buf=200000
[10-07 01:17:54] INFO: [STAGE0-MONITOR] timeout_ratio=0.000 (target: decrease over time)
[10-07 01:17:54] INFO: ================================================================================
[10-07 01:17:54] INFO: [MULTI-SCALE-3225] TARGET: peak=1.000 stable_90=10ep
[10-07 01:17:54] INFO: [MULTI-SCALE-3225] WINDOWS: short=1.000 med=1.000 long=1.000
[10-07 01:17:54] INFO: [MULTI-SCALE-3225] QUALITY: stability=0.800 learn_rate=0.00000
[10-07 01:17:54] INFO: [ACHIEVEMENT] Stable 90%+ success rate achieved for 10 episodes!
[10-07 01:17:54] INFO: [HEALTH-CHECK-3225] Overall: NEEDS_IMPROVEMENT (score=0.400)
[10-07 01:17:54] INFO: ================================================================================
[10-07 01:17:58] INFO: [RL-EP-3226] (3226)
[10-07 01:18:01] INFO: [RL-EP-3227] (3227)
[10-07 01:18:05] INFO: [RL-EP-3228] (3228)
[10-07 01:18:08] INFO: [RL-EP-3229] (3229)
[10-07 01:18:11] INFO: [RL-EP-3230] roll=1.000/0.000/0.000
[10-07 01:18:14] INFO: [RL-EP-3231] (3231)
[10-07 01:18:17] INFO: [RL-EP-3232] (3232)
[10-07 01:18:20] INFO: [RL-EP-3233] (3233)
[10-07 01:18:23] INFO: [RL-EP-3234] (3234)
[10-07 01:18:27] INFO: [RL-EP-3235] roll=1.000/0.000/0.000
[10-07 01:18:30] INFO: [RL-EP-3236] (3236)
[10-07 01:18:33] INFO: [RL-EP-3237] (3237)
[10-07 01:18:36] INFO: [RL-EP-3238] (3238)
[10-07 01:18:39] INFO: [RL-EP-3239] (3239)
[10-07 01:18:43] INFO: [RL-EP-3240] roll=1.000/0.000/0.000
[10-07 01:18:46] INFO: [RL-EP-3241] (3241)
[10-07 01:18:49] INFO: [RL-EP-3242] (3242)
[10-07 01:18:52] INFO: [RL-EP-3243] (3243)
[10-07 01:18:56] INFO: [RL-EP-3244] (3244)
[10-07 01:18:59] INFO: [RL-EP-3245] roll=1.000/0.000/0.000
[10-07 01:19:02] INFO: [RL-EP-3246] (3246)
[10-07 01:19:06] INFO: [RL-EP-3247] (3247)
[10-07 01:19:09] INFO: [RL-EP-3248] (3248)
[10-07 01:19:12] INFO: [RL-EP-3249] (3249)
[10-07 01:19:12] INFO: [CONFIG-CHECK] ep=3250 updates_per_ep=4 (from config)
[10-07 01:19:15] INFO: [SARL-LOSS] ep=3250 value_loss=0.0022 epsilon=0.0500
[10-07 01:19:15] INFO: [STAT] ep=3250 | roll@25(s/c/t)=1.0/0.0/0.0 (1.00/0.00/0.00) | R.mean=0.6
[10-07 01:19:15] INFO: [METRICS-25] time=14.38s | dfreq=0.000 | ddist=0.000m
[10-07 01:19:15] INFO: [METRICS-PLOT] 3-metrics curve -> /root/bayes-vl-matched-20261006/crowd_nav/runs/bayes-matched-v1/bayes_mean-seed42-to8000/curves_3metrics.png
[10-07 01:19:15] INFO: [RL-EP-3250] (3250/8000) s/c/t=1/0/0 qloss=0.0000 ploss=0.0000 buf=200000
[10-07 01:19:15] INFO:               cumulative s/c/t%: 100.0%/0.0%/0.0%
[10-07 01:19:15] INFO: [REPLAY-STORE] ok=250 skip=0 steps=15702 buf=200000
[10-07 01:19:15] INFO: [STAGE0-MONITOR] timeout_ratio=0.000 (target: decrease over time)
[10-07 01:19:15] INFO: ================================================================================
[10-07 01:19:15] INFO: [MULTI-SCALE-3250] TARGET: peak=1.000 stable_90=10ep
[10-07 01:19:15] INFO: [MULTI-SCALE-3250] WINDOWS: short=1.000 med=1.000 long=1.000
[10-07 01:19:15] INFO: [MULTI-SCALE-3250] QUALITY: stability=0.800 learn_rate=0.00000
[10-07 01:19:15] INFO: [ACHIEVEMENT] Stable 90%+ success rate achieved for 10 episodes!
[10-07 01:19:15] INFO: [HEALTH-CHECK-3250] Overall: NEEDS_IMPROVEMENT (score=0.400)
[10-07 01:19:15] INFO: ================================================================================
[10-07 01:19:18] INFO: [RL-EP-3251] (3251)
[10-07 01:19:22] INFO: [RL-EP-3252] (3252)
[10-07 01:19:25] INFO: [RL-EP-3253] (3253)
[10-07 01:19:28] INFO: [RL-EP-3254] (3254)
[10-07 01:19:31] INFO: [RL-EP-3255] roll=1.000/0.000/0.000
[10-07 01:19:34] INFO: [RL-EP-3256] (3256)
[10-07 01:19:37] INFO: [RL-EP-3257] (3257)
[10-07 01:19:40] INFO: [RL-EP-3258] (3258)
[10-07 01:19:44] INFO: [RL-EP-3259] (3259)
[10-07 01:19:47] INFO: [RL-EP-3260] roll=1.000/0.000/0.000
[10-07 01:19:50] INFO: [RL-EP-3261] (3261)
[10-07 01:19:53] INFO: [RL-EP-3262] (3262)
[10-07 01:19:56] INFO: [RL-EP-3263] (3263)
[10-07 01:19:59] INFO: [RL-EP-3264] (3264)
[10-07 01:20:03] INFO: [RL-EP-3265] roll=1.000/0.000/0.000
[10-07 01:20:07] INFO: [RL-EP-3266] (3266)
[10-07 01:20:10] INFO: [RL-EP-3267] (3267)
[10-07 01:20:13] INFO: [RL-EP-3268] (3268)
[10-07 01:20:16] INFO: [RL-EP-3269] (3269)
[10-07 01:20:19] INFO: [RL-EP-3270] roll=1.000/0.000/0.000
[10-07 01:20:22] INFO: [RL-EP-3271] (3271)
[10-07 01:20:25] INFO: [RL-EP-3272] (3272)
[10-07 01:20:29] INFO: [RL-EP-3273] (3273)
[10-07 01:20:32] INFO: [RL-EP-3274] (3274)
[10-07 01:20:36] INFO: [SARL-LOSS] ep=3275 value_loss=0.0024 epsilon=0.0500
[10-07 01:20:36] INFO: [STAT] ep=3275 | roll@25(s/c/t)=1.0/0.0/0.0 (1.00/0.00/0.00) | R.mean=0.6
[10-07 01:20:36] INFO: [METRICS-25] time=14.54s | dfreq=0.000 | ddist=0.000m
[10-07 01:20:36] INFO: [METRICS-PLOT] 3-metrics curve -> /root/bayes-vl-matched-20261006/crowd_nav/runs/bayes-matched-v1/bayes_mean-seed42-to8000/curves_3metrics.png
[10-07 01:20:36] INFO: [RL-EP-3275] (3275/8000) s/c/t=1/0/0 qloss=0.0000 ploss=0.0000 buf=200000
[10-07 01:20:36] INFO:               cumulative s/c/t%: 100.0%/0.0%/0.0%
[10-07 01:20:36] INFO: [REPLAY-STORE] ok=275 skip=0 steps=17168 buf=200000
[10-07 01:20:36] INFO: [STAGE0-MONITOR] timeout_ratio=0.000 (target: decrease over time)
[10-07 01:20:36] INFO: ================================================================================
[10-07 01:20:36] INFO: [MULTI-SCALE-3275] TARGET: peak=1.000 stable_90=10ep
[10-07 01:20:36] INFO: [MULTI-SCALE-3275] WINDOWS: short=1.000 med=1.000 long=1.000
[10-07 01:20:36] INFO: [MULTI-SCALE-3275] QUALITY: stability=0.800 learn_rate=0.00000
[10-07 01:20:36] INFO: [ACHIEVEMENT] Stable 90%+ success rate achieved for 10 episodes!
[10-07 01:20:36] INFO: [HEALTH-CHECK-3275] Overall: NEEDS_IMPROVEMENT (score=0.400)
[10-07 01:20:36] INFO: ================================================================================
[10-07 01:20:39] INFO: [RL-EP-3276] (3276)
[10-07 01:20:42] INFO: [RL-EP-3277] (3277)
[10-07 01:20:45] INFO: [RL-EP-3278] (3278)
[10-07 01:20:48] INFO: [RL-EP-3279] (3279)
[10-07 01:20:51] INFO: [RL-EP-3280] roll=1.000/0.000/0.000
[10-07 01:20:54] INFO: [RL-EP-3281] (3281)
[10-07 01:20:58] INFO: [RL-EP-3282] (3282)
[10-07 01:21:01] INFO: [RL-EP-3283] (3283)
[10-07 01:21:04] INFO: [RL-EP-3284] (3284)
[10-07 01:21:07] INFO: [RL-EP-3285] roll=1.000/0.000/0.000
[10-07 01:21:10] INFO: [RL-EP-3286] (3286)
[10-07 01:21:13] INFO: [RL-EP-3287] (3287)
[10-07 01:21:16] INFO: [RL-EP-3288] (3288)
[10-07 01:21:19] INFO: [RL-EP-3289] (3289)
[10-07 01:21:23] INFO: [RL-EP-3290] roll=1.000/0.000/0.000
[10-07 01:21:25] INFO: [RL-EP-3291] (3291)
[10-07 01:21:29] INFO: [RL-EP-3292] (3292)
[10-07 01:21:32] INFO: [RL-EP-3293] (3293)
[10-07 01:21:35] INFO: [RL-EP-3294] (3294)
[10-07 01:21:38] INFO: [RL-EP-3295] roll=1.000/0.000/0.000
[10-07 01:21:41] INFO: [RL-EP-3296] (3296)
[10-07 01:21:44] INFO: [RL-EP-3297] (3297)
[10-07 01:21:47] INFO: [RL-EP-3298] (3298)
[10-07 01:21:50] INFO: [RL-EP-3299] (3299)
[10-07 01:21:50] INFO: [CONFIG-CHECK] ep=3300 updates_per_ep=4 (from config)
[10-07 01:21:50] INFO: [SARL-EPSILON] ep=3300 epsilon=0.0500 (start=0.3, end=0.05, decay=1500)
[10-07 01:21:54] INFO: [SARL-REPLAY] ep=3300 buffer_size=200000 updates=4
[10-07 01:21:54] INFO: [SARL-LOSS] ep=3300 value_loss=0.0034 epsilon=0.0500
[10-07 01:21:54] INFO: [SARL-STATS] ep=3300 buffer_size=200000
[10-07 01:21:54] INFO: [STAT] ep=3300 | roll@25(s/c/t)=1.0/0.0/0.0 (1.00/0.00/0.00) | R.mean=0.6
[10-07 01:21:54] INFO: [METRICS-25] time=14.06s | dfreq=0.000 | ddist=0.000m
[10-07 01:21:54] INFO: [METRICS-PLOT] 3-metrics curve -> /root/bayes-vl-matched-20261006/crowd_nav/runs/bayes-matched-v1/bayes_mean-seed42-to8000/curves_3metrics.png
[10-07 01:21:54] INFO: [RL-EP-3300] (3300/8000) s/c/t=1/0/0 qloss=0.0000 ploss=0.0000 buf=200000
[10-07 01:21:54] INFO:               cumulative s/c/t%: 100.0%/0.0%/0.0%
[10-07 01:21:54] INFO: [REPLAY-STORE] ok=300 skip=0 steps=18514 buf=200000
[10-07 01:21:54] INFO: [STAGE0-MONITOR] timeout_ratio=0.000 (target: decrease over time)
[10-07 01:21:54] INFO: [SOT-3300] REWARD succ=1.0/coll=-0.50 | GRID 5×16=80 | EVENTS s=1.00/c=0.00/t=0.00
[10-07 01:21:54] INFO: ================================================================================
[10-07 01:21:54] INFO: [MULTI-SCALE-3300] TARGET: peak=1.000 stable_90=10ep
[10-07 01:21:54] INFO: [MULTI-SCALE-3300] WINDOWS: short=1.000 med=1.000 long=1.000
[10-07 01:21:54] INFO: [MULTI-SCALE-3300] QUALITY: stability=0.800 learn_rate=0.00000
[10-07 01:21:54] INFO: [ACHIEVEMENT] Stable 90%+ success rate achieved for 10 episodes!
[10-07 01:21:54] INFO: [HEALTH-CHECK-3300] Overall: NEEDS_IMPROVEMENT (score=0.400)
[10-07 01:21:54] INFO: ================================================================================
[10-07 01:21:57] INFO: [RL-EP-3301] (3301)
[10-07 01:22:00] INFO: [RL-EP-3302] (3302)
[10-07 01:22:04] INFO: [RL-EP-3303] (3303)
[10-07 01:22:07] INFO: [RL-EP-3304] (3304)
[10-07 01:22:10] INFO: [RL-EP-3305] roll=1.000/0.000/0.000
[10-07 01:22:13] INFO: [RL-EP-3306] (3306)
[10-07 01:22:16] INFO: [RL-EP-3307] (3307)
[10-07 01:22:19] INFO: [RL-EP-3308] (3308)
[10-07 01:22:23] INFO: [RL-EP-3309] (3309)
[10-07 01:22:26] INFO: [RL-EP-3310] roll=1.000/0.000/0.000
[10-07 01:22:29] INFO: [RL-EP-3311] (3311)
[10-07 01:22:32] INFO: [RL-EP-3312] (3312)
[10-07 01:22:35] INFO: [RL-EP-3313] (3313)
[10-07 01:22:38] INFO: [RL-EP-3314] (3314)
[10-07 01:22:42] INFO: [RL-EP-3315] roll=1.000/0.000/0.000
[10-07 01:22:45] INFO: [RL-EP-3316] (3316)
[10-07 01:22:48] INFO: [RL-EP-3317] (3317)
[10-07 01:22:51] INFO: [RL-EP-3318] (3318)
[10-07 01:22:54] INFO: [RL-EP-3319] (3319)
[10-07 01:22:58] INFO: [RL-EP-3320] roll=1.000/0.000/0.000
[10-07 01:23:01] INFO: [RL-EP-3321] (3321)
[10-07 01:23:04] INFO: [RL-EP-3322] (3322)
[10-07 01:23:07] INFO: [RL-EP-3323] (3323)
[10-07 01:23:10] INFO: [RL-EP-3324] (3324)
[10-07 01:23:14] INFO: [SARL-LOSS] ep=3325 value_loss=0.0019 epsilon=0.0500
[10-07 01:23:14] INFO: [STAT] ep=3325 | roll@25(s/c/t)=1.0/0.0/0.0 (1.00/0.00/0.00) | R.mean=0.6
[10-07 01:23:14] INFO: [METRICS-25] time=13.70s | dfreq=0.000 | ddist=0.000m
[10-07 01:23:14] INFO: [METRICS-PLOT] 3-metrics curve -> /root/bayes-vl-matched-20261006/crowd_nav/runs/bayes-matched-v1/bayes_mean-seed42-to8000/curves_3metrics.png
[10-07 01:23:14] INFO: [RL-EP-3325] (3325/8000) s/c/t=1/0/0 qloss=0.0000 ploss=0.0000 buf=200000
[10-07 01:23:14] INFO:               cumulative s/c/t%: 100.0%/0.0%/0.0%
[10-07 01:23:14] INFO: [REPLAY-STORE] ok=325 skip=0 steps=19907 buf=200000
[10-07 01:23:14] INFO: [STAGE0-MONITOR] timeout_ratio=0.000 (target: decrease over time)
[10-07 01:23:14] INFO: ================================================================================
[10-07 01:23:14] INFO: [MULTI-SCALE-3325] TARGET: peak=1.000 stable_90=10ep
[10-07 01:23:14] INFO: [MULTI-SCALE-3325] WINDOWS: short=1.000 med=1.000 long=1.000
[10-07 01:23:14] INFO: [MULTI-SCALE-3325] QUALITY: stability=0.800 learn_rate=0.00000
[10-07 01:23:14] INFO: [ACHIEVEMENT] Stable 90%+ success rate achieved for 10 episodes!
[10-07 01:23:14] INFO: [HEALTH-CHECK-3325] Overall: NEEDS_IMPROVEMENT (score=0.400)
[10-07 01:23:14] INFO: ================================================================================
[10-07 01:23:17] INFO: [RL-EP-3326] (3326)
[10-07 01:23:21] INFO: [RL-EP-3327] (3327)
[10-07 01:23:24] INFO: [RL-EP-3328] (3328)
[10-07 01:23:27] INFO: [RL-EP-3329] (3329)
[10-07 01:23:30] INFO: [RL-EP-3330] roll=1.000/0.000/0.000
[10-07 01:23:33] INFO: [RL-EP-3331] (3331)
[10-07 01:23:36] INFO: [RL-EP-3332] (3332)
[10-07 01:23:39] INFO: [RL-EP-3333] (3333)
[10-07 01:23:42] INFO: [RL-EP-3334] (3334)
[10-07 01:23:45] INFO: [RL-EP-3335] roll=1.000/0.000/0.000
[10-07 01:23:48] INFO: [RL-EP-3336] (3336)
[10-07 01:23:51] INFO: [RL-EP-3337] (3337)
[10-07 01:23:55] INFO: [RL-EP-3338] (3338)
[10-07 01:23:58] INFO: [RL-EP-3339] (3339)
[10-07 01:24:01] INFO: [RL-EP-3340] roll=1.000/0.000/0.000
[10-07 01:24:04] INFO: [RL-EP-3341] (3341)
[10-07 01:24:06] INFO: [RL-EP-3342] (3342)
[10-07 01:24:09] INFO: [RL-EP-3343] (3343)
[10-07 01:24:12] INFO: [RL-EP-3344] (3344)
[10-07 01:24:15] INFO: [RL-EP-3345] roll=0.980/0.020/0.000
[10-07 01:24:18] INFO: [RL-EP-3346] (3346)
[10-07 01:24:21] INFO: [RL-EP-3347] (3347)
[10-07 01:24:24] INFO: [RL-EP-3348] (3348)
[10-07 01:24:27] INFO: [RL-EP-3349] (3349)
[10-07 01:24:27] INFO: [CONFIG-CHECK] ep=3350 updates_per_ep=4 (from config)
[10-07 01:24:30] INFO: [SARL-LOSS] ep=3350 value_loss=0.0021 epsilon=0.0500
[10-07 01:24:30] INFO: [STAT] ep=3350 | roll@25(s/c/t)=1.0/0.0/0.0 (0.98/0.02/0.00) | R.mean=0.6
[10-07 01:24:30] INFO: [METRICS-25] time=13.54s | dfreq=0.000 | ddist=0.000m
[10-07 01:24:31] INFO: [METRICS-PLOT] 3-metrics curve -> /root/bayes-vl-matched-20261006/crowd_nav/runs/bayes-matched-v1/bayes_mean-seed42-to8000/curves_3metrics.png
[10-07 01:24:31] INFO: [RL-EP-3350] (3350/8000) s/c/t=1/0/0 qloss=0.0000 ploss=0.0000 buf=200000
[10-07 01:24:31] INFO:               cumulative s/c/t%: 98.0%/2.0%/0.0%
[10-07 01:24:31] INFO: [REPLAY-STORE] ok=350 skip=0 steps=21223 buf=200000
[10-07 01:24:31] INFO: [STAGE0-MONITOR] timeout_ratio=0.000 (target: decrease over time)
[10-07 01:24:31] INFO: ================================================================================
[10-07 01:24:31] INFO: [MULTI-SCALE-3350] TARGET: peak=1.000 stable_90=10ep
[10-07 01:24:31] INFO: [MULTI-SCALE-3350] WINDOWS: short=0.900 med=0.960 long=0.990
[10-07 01:24:31] INFO: [MULTI-SCALE-3350] QUALITY: stability=0.800 learn_rate=0.00000
[10-07 01:24:31] INFO: [ACHIEVEMENT] Stable 90%+ success rate achieved for 10 episodes!
[10-07 01:24:31] INFO: [HEALTH-CHECK-3350] Overall: NEEDS_IMPROVEMENT (score=0.400)
[10-07 01:24:31] INFO: ================================================================================
[10-07 01:24:34] INFO: [RL-EP-3351] (3351)
[10-07 01:24:37] INFO: [RL-EP-3352] (3352)
[10-07 01:24:40] INFO: [RL-EP-3353] (3353)
[10-07 01:24:43] INFO: [RL-EP-3354] (3354)
[10-07 01:24:46] INFO: [RL-EP-3355] roll=0.980/0.020/0.000
[10-07 01:24:49] INFO: [RL-EP-3356] (3356)
[10-07 01:24:51] INFO: [RL-EP-3357] (3357)
[10-07 01:24:54] INFO: [RL-EP-3358] (3358)
[10-07 01:24:57] INFO: [RL-EP-3359] (3359)
[10-07 01:25:00] INFO: [RL-EP-3360] roll=0.980/0.020/0.000
[10-07 01:25:03] INFO: [RL-EP-3361] (3361)
[10-07 01:25:06] INFO: [RL-EP-3362] (3362)
[10-07 01:25:09] INFO: [RL-EP-3363] (3363)
[10-07 01:25:12] INFO: [RL-EP-3364] (3364)
[10-07 01:25:15] INFO: [RL-EP-3365] roll=0.980/0.020/0.000
[10-07 01:25:19] INFO: [RL-EP-3366] (3366)
[10-07 01:25:22] INFO: [RL-EP-3367] (3367)
[10-07 01:25:25] INFO: [RL-EP-3368] (3368)
[10-07 01:25:28] INFO: [RL-EP-3369] (3369)
[10-07 01:25:31] INFO: [RL-EP-3370] roll=0.980/0.020/0.000
[10-07 01:25:34] INFO: [RL-EP-3371] (3371)
[10-07 01:25:37] INFO: [RL-EP-3372] (3372)
[10-07 01:25:40] INFO: [RL-EP-3373] (3373)
[10-07 01:25:43] INFO: [RL-EP-3374] (3374)
[10-07 01:25:46] INFO: [SARL-LOSS] ep=3375 value_loss=0.0023 epsilon=0.0500
[10-07 01:25:46] INFO: [STAT] ep=3375 | roll@25(s/c/t)=1.0/0.0/0.0 (0.98/0.02/0.00) | R.mean=0.6
[10-07 01:25:46] INFO: [METRICS-25] time=13.12s | dfreq=0.000 | ddist=0.000m
[10-07 01:25:47] INFO: [METRICS-PLOT] 3-metrics curve -> /root/bayes-vl-matched-20261006/crowd_nav/runs/bayes-matched-v1/bayes_mean-seed42-to8000/curves_3metrics.png
[10-07 01:25:47] INFO: [RL-EP-3375] (3375/8000) s/c/t=1/0/0 qloss=0.0000 ploss=0.0000 buf=200000
[10-07 01:25:47] INFO:               cumulative s/c/t%: 98.0%/2.0%/0.0%
[10-07 01:25:47] INFO: [REPLAY-STORE] ok=375 skip=0 steps=22532 buf=200000
[10-07 01:25:47] INFO: [STAGE0-MONITOR] timeout_ratio=0.000 (target: decrease over time)
[10-07 01:25:47] INFO: ================================================================================
[10-07 01:25:47] INFO: [MULTI-SCALE-3375] TARGET: peak=1.000 stable_90=10ep
[10-07 01:25:47] INFO: [MULTI-SCALE-3375] WINDOWS: short=1.000 med=1.000 long=0.990
[10-07 01:25:47] INFO: [MULTI-SCALE-3375] QUALITY: stability=0.800 learn_rate=0.00000
[10-07 01:25:47] INFO: [ACHIEVEMENT] Stable 90%+ success rate achieved for 10 episodes!
[10-07 01:25:47] INFO: [HEALTH-CHECK-3375] Overall: NEEDS_IMPROVEMENT (score=0.400)
[10-07 01:25:47] INFO: ================================================================================
[10-07 01:25:50] INFO: [RL-EP-3376] (3376)
[10-07 01:25:53] INFO: [RL-EP-3377] (3377)
[10-07 01:25:56] INFO: [RL-EP-3378] (3378)
[10-07 01:25:59] INFO: [RL-EP-3379] (3379)
[10-07 01:26:02] INFO: [RL-EP-3380] roll=0.980/0.020/0.000
[10-07 01:26:05] INFO: [RL-EP-3381] (3381)
[10-07 01:26:08] INFO: [RL-EP-3382] (3382)
[10-07 01:26:11] INFO: [RL-EP-3383] (3383)
[10-07 01:26:15] INFO: [RL-EP-3384] (3384)
[10-07 01:26:18] INFO: [RL-EP-3385] roll=0.980/0.020/0.000
[10-07 01:26:21] INFO: [RL-EP-3386] (3386)
[10-07 01:26:24] INFO: [RL-EP-3387] (3387)
[10-07 01:26:27] INFO: [RL-EP-3388] (3388)
[10-07 01:26:30] INFO: [RL-EP-3389] (3389)
[10-07 01:26:33] INFO: [RL-EP-3390] roll=0.980/0.020/0.000
[10-07 01:26:36] INFO: [RL-EP-3391] (3391)
[10-07 01:26:39] INFO: [RL-EP-3392] (3392)
[10-07 01:26:42] INFO: [RL-EP-3393] (3393)
[10-07 01:26:45] INFO: [RL-EP-3394] (3394)
[10-07 01:26:49] INFO: [RL-EP-3395] roll=1.000/0.000/0.000
[10-07 01:26:52] INFO: [RL-EP-3396] (3396)
[10-07 01:26:55] INFO: [RL-EP-3397] (3397)
[10-07 01:26:58] INFO: [RL-EP-3398] (3398)
[10-07 01:27:01] INFO: [RL-EP-3399] (3399)
[10-07 01:27:01] INFO: [CONFIG-CHECK] ep=3400 updates_per_ep=4 (from config)
[10-07 01:27:01] INFO: [SARL-EPSILON] ep=3400 epsilon=0.0500 (start=0.3, end=0.05, decay=1500)
[10-07 01:27:04] INFO: [SARL-REPLAY] ep=3400 buffer_size=200000 updates=4
[10-07 01:27:04] INFO: [SARL-LOSS] ep=3400 value_loss=0.0026 epsilon=0.0500
[10-07 01:27:04] INFO: [SARL-STATS] ep=3400 buffer_size=200000
[10-07 01:27:04] INFO: [STAT] ep=3400 | roll@25(s/c/t)=1.0/0.0/0.0 (1.00/0.00/0.00) | R.mean=0.6
[10-07 01:27:04] INFO: [METRICS-25] time=13.16s | dfreq=0.000 | ddist=0.000m
[10-07 01:27:05] INFO: [METRICS-PLOT] 3-metrics curve -> /root/bayes-vl-matched-20261006/crowd_nav/runs/bayes-matched-v1/bayes_mean-seed42-to8000/curves_3metrics.png
[10-07 01:27:05] INFO: [RL-EP-3400] (3400/8000) s/c/t=1/0/0 qloss=0.0000 ploss=0.0000 buf=200000
[10-07 01:27:05] INFO:               cumulative s/c/t%: 100.0%/0.0%/0.0%
[10-07 01:27:05] INFO: [REPLAY-STORE] ok=400 skip=0 steps=23855 buf=200000
[10-07 01:27:05] INFO: [STAGE0-MONITOR] timeout_ratio=0.000 (target: decrease over time)
[10-07 01:27:05] INFO: [SOT-3400] REWARD succ=1.0/coll=-0.50 | GRID 5×16=80 | EVENTS s=1.00/c=0.00/t=0.00
[10-07 01:27:05] INFO: ================================================================================
[10-07 01:27:05] INFO: [MULTI-SCALE-3400] TARGET: peak=1.000 stable_90=10ep
[10-07 01:27:05] INFO: [MULTI-SCALE-3400] WINDOWS: short=1.000 med=1.000 long=0.990
[10-07 01:27:05] INFO: [MULTI-SCALE-3400] QUALITY: stability=0.800 learn_rate=0.00000
[10-07 01:27:05] INFO: [ACHIEVEMENT] Stable 90%+ success rate achieved for 10 episodes!
[10-07 01:27:05] INFO: [HEALTH-CHECK-3400] Overall: NEEDS_IMPROVEMENT (score=0.400)
[10-07 01:27:05] INFO: ================================================================================
[10-07 01:27:08] INFO: [RL-EP-3401] (3401)
[10-07 01:27:11] INFO: [RL-EP-3402] (3402)
[10-07 01:27:15] INFO: [RL-EP-3403] (3403)
[10-07 01:27:18] INFO: [RL-EP-3404] (3404)
[10-07 01:27:21] INFO: [RL-EP-3405] roll=1.000/0.000/0.000
[10-07 01:27:24] INFO: [RL-EP-3406] (3406)
[10-07 01:27:27] INFO: [RL-EP-3407] (3407)
[10-07 01:27:30] INFO: [RL-EP-3408] (3408)
[10-07 01:27:33] INFO: [RL-EP-3409] (3409)
[10-07 01:27:36] INFO: [RL-EP-3410] roll=1.000/0.000/0.000
[10-07 01:27:40] INFO: [RL-EP-3411] (3411)
[10-07 01:27:43] INFO: [RL-EP-3412] (3412)
[10-07 01:27:46] INFO: [RL-EP-3413] (3413)
[10-07 01:27:48] INFO: [RL-EP-3414] (3414)
[10-07 01:27:51] INFO: [RL-EP-3415] roll=0.980/0.020/0.000
[10-07 01:27:54] INFO: [RL-EP-3416] (3416)
[10-07 01:27:57] INFO: [RL-EP-3417] (3417)
[10-07 01:28:00] INFO: [RL-EP-3418] (3418)
[10-07 01:28:03] INFO: [RL-EP-3419] (3419)
[10-07 01:28:07] INFO: [RL-EP-3420] roll=0.980/0.020/0.000
[10-07 01:28:10] INFO: [RL-EP-3421] (3421)
[10-07 01:28:13] INFO: [RL-EP-3422] (3422)
[10-07 01:28:16] INFO: [RL-EP-3423] (3423)
[10-07 01:28:19] INFO: [RL-EP-3424] (3424)
[10-07 01:28:22] INFO: [SARL-LOSS] ep=3425 value_loss=0.0023 epsilon=0.0500
[10-07 01:28:22] INFO: [STAT] ep=3425 | roll@25(s/c/t)=1.0/0.0/0.0 (0.98/0.02/0.00) | R.mean=0.6
[10-07 01:28:22] INFO: [METRICS-25] time=13.27s | dfreq=0.000 | ddist=0.000m
[10-07 01:28:22] INFO: [METRICS-PLOT] 3-metrics curve -> /root/bayes-vl-matched-20261006/crowd_nav/runs/bayes-matched-v1/bayes_mean-seed42-to8000/curves_3metrics.png
[10-07 01:28:22] INFO: [RL-EP-3425] (3425/8000) s/c/t=1/0/0 qloss=0.0000 ploss=0.0000 buf=200000
[10-07 01:28:22] INFO:               cumulative s/c/t%: 98.0%/2.0%/0.0%
[10-07 01:28:22] INFO: [REPLAY-STORE] ok=425 skip=0 steps=25186 buf=200000
[10-07 01:28:22] INFO: [STAGE0-MONITOR] timeout_ratio=0.000 (target: decrease over time)
[10-07 01:28:22] INFO: ================================================================================
[10-07 01:28:22] INFO: [MULTI-SCALE-3425] TARGET: peak=1.000 stable_90=10ep
[10-07 01:28:22] INFO: [MULTI-SCALE-3425] WINDOWS: short=1.000 med=0.960 long=0.980
[10-07 01:28:22] INFO: [MULTI-SCALE-3425] QUALITY: stability=0.800 learn_rate=0.00000
[10-07 01:28:22] INFO: [ACHIEVEMENT] Stable 90%+ success rate achieved for 10 episodes!
[10-07 01:28:22] INFO: [HEALTH-CHECK-3425] Overall: NEEDS_IMPROVEMENT (score=0.400)
[10-07 01:28:22] INFO: ================================================================================
[10-07 01:28:26] INFO: [RL-EP-3426] (3426)
[10-07 01:28:29] INFO: [RL-EP-3427] (3427)
[10-07 01:28:32] INFO: [RL-EP-3428] (3428)
[10-07 01:28:35] INFO: [RL-EP-3429] (3429)
[10-07 01:28:38] INFO: [RL-EP-3430] roll=0.980/0.020/0.000
[10-07 01:28:41] INFO: [RL-EP-3431] (3431)
[10-07 01:28:44] INFO: [RL-EP-3432] (3432)
[10-07 01:28:48] INFO: [RL-EP-3433] (3433)
[10-07 01:28:51] INFO: [RL-EP-3434] (3434)
[10-07 01:28:54] INFO: [RL-EP-3435] roll=0.980/0.020/0.000
[10-07 01:28:57] INFO: [RL-EP-3436] (3436)
[10-07 01:29:00] INFO: [RL-EP-3437] (3437)
[10-07 01:29:03] INFO: [RL-EP-3438] (3438)
[10-07 01:29:06] INFO: [RL-EP-3439] (3439)
[10-07 01:29:09] INFO: [RL-EP-3440] roll=0.980/0.020/0.000
[10-07 01:29:12] INFO: [RL-EP-3441] (3441)
[10-07 01:29:15] INFO: [RL-EP-3442] (3442)
[10-07 01:29:18] INFO: [RL-EP-3443] (3443)
[10-07 01:29:22] INFO: [RL-EP-3444] (3444)
[10-07 01:29:25] INFO: [RL-EP-3445] roll=0.980/0.020/0.000
[10-07 01:29:28] INFO: [RL-EP-3446] (3446)
[10-07 01:29:31] INFO: [RL-EP-3447] (3447)
[10-07 01:29:34] INFO: [RL-EP-3448] (3448)
[10-07 01:29:37] INFO: [RL-EP-3449] (3449)
[10-07 01:29:37] INFO: [CONFIG-CHECK] ep=3450 updates_per_ep=4 (from config)
[10-07 01:29:40] INFO: [SARL-LOSS] ep=3450 value_loss=0.0041 epsilon=0.0500
[10-07 01:29:40] INFO: [STAT] ep=3450 | roll@25(s/c/t)=1.0/0.0/0.0 (0.98/0.02/0.00) | R.mean=0.6
[10-07 01:29:40] INFO: [METRICS-25] time=13.35s | dfreq=0.000 | ddist=0.000m
[10-07 01:29:41] INFO: [METRICS-PLOT] 3-metrics curve -> /root/bayes-vl-matched-20261006/crowd_nav/runs/bayes-matched-v1/bayes_mean-seed42-to8000/curves_3metrics.png
[10-07 01:29:41] INFO: [RL-EP-3450] (3450/8000) s/c/t=1/0/0 qloss=0.0000 ploss=0.0000 buf=200000
[10-07 01:29:41] INFO:               cumulative s/c/t%: 98.0%/2.0%/0.0%
[10-07 01:29:41] INFO: [REPLAY-STORE] ok=450 skip=0 steps=26524 buf=200000
[10-07 01:29:41] INFO: [STAGE0-MONITOR] timeout_ratio=0.000 (target: decrease over time)
[10-07 01:29:41] INFO: ================================================================================
[10-07 01:29:41] INFO: [MULTI-SCALE-3450] TARGET: peak=1.000 stable_90=10ep
[10-07 01:29:41] INFO: [MULTI-SCALE-3450] WINDOWS: short=1.000 med=1.000 long=0.990
[10-07 01:29:41] INFO: [MULTI-SCALE-3450] QUALITY: stability=0.800 learn_rate=0.00000
[10-07 01:29:41] INFO: [ACHIEVEMENT] Stable 90%+ success rate achieved for 10 episodes!
[10-07 01:29:41] INFO: [HEALTH-CHECK-3450] Overall: NEEDS_IMPROVEMENT (score=0.400)
[10-07 01:29:41] INFO: ================================================================================
[10-07 01:29:44] INFO: [RL-EP-3451] (3451)
[10-07 01:29:47] INFO: [RL-EP-3452] (3452)
[10-07 01:29:50] INFO: [RL-EP-3453] (3453)
[10-07 01:29:53] INFO: [RL-EP-3454] (3454)
[10-07 01:29:56] INFO: [RL-EP-3455] roll=0.980/0.020/0.000
[10-07 01:29:59] INFO: [RL-EP-3456] (3456)
[10-07 01:30:02] INFO: [RL-EP-3457] (3457)
[10-07 01:30:05] INFO: [RL-EP-3458] (3458)
[10-07 01:30:08] INFO: [RL-EP-3459] (3459)
[10-07 01:30:11] INFO: [RL-EP-3460] roll=0.960/0.040/0.000
[10-07 01:30:13] INFO: [RL-EP-3461] (3461)
[10-07 01:30:17] INFO: [RL-EP-3462] (3462)
[10-07 01:30:20] INFO: [RL-EP-3463] (3463)
[10-07 01:30:23] INFO: [RL-EP-3464] (3464)
[10-07 01:30:26] INFO: [RL-EP-3465] roll=0.980/0.020/0.000
[10-07 01:30:29] INFO: [RL-EP-3466] (3466)
[10-07 01:30:31] INFO: [RL-EP-3467] (3467)
[10-07 01:30:34] INFO: [RL-EP-3468] (3468)
[10-07 01:30:37] INFO: [RL-EP-3469] (3469)
[10-07 01:30:40] INFO: [RL-EP-3470] roll=0.960/0.040/0.000
[10-07 01:30:44] INFO: [RL-EP-3471] (3471)
[10-07 01:30:47] INFO: [RL-EP-3472] (3472)
[10-07 01:30:50] INFO: [RL-EP-3473] (3473)
[10-07 01:30:53] INFO: [RL-EP-3474] (3474)
[10-07 01:30:56] INFO: [SARL-LOSS] ep=3475 value_loss=0.0034 epsilon=0.0500
[10-07 01:30:56] INFO: [STAT] ep=3475 | roll@25(s/c/t)=1.0/0.0/0.0 (0.96/0.04/0.00) | R.mean=0.6
[10-07 01:30:56] INFO: [METRICS-25] time=12.84s | dfreq=0.000 | ddist=0.000m
[10-07 01:30:56] INFO: [METRICS-PLOT] 3-metrics curve -> /root/bayes-vl-matched-20261006/crowd_nav/runs/bayes-matched-v1/bayes_mean-seed42-to8000/curves_3metrics.png
[10-07 01:30:56] INFO: [RL-EP-3475] (3475/8000) s/c/t=1/0/0 qloss=0.0000 ploss=0.0000 buf=200000
[10-07 01:30:56] INFO:               cumulative s/c/t%: 96.0%/4.0%/0.0%
[10-07 01:30:56] INFO: [REPLAY-STORE] ok=475 skip=0 steps=27753 buf=200000
[10-07 01:30:56] INFO: [STAGE0-MONITOR] timeout_ratio=0.000 (target: decrease over time)
[10-07 01:30:56] INFO: ================================================================================
[10-07 01:30:56] INFO: [MULTI-SCALE-3475] TARGET: peak=1.000 stable_90=10ep
[10-07 01:30:56] INFO: [MULTI-SCALE-3475] WINDOWS: short=0.900 med=0.920 long=0.970
[10-07 01:30:56] INFO: [MULTI-SCALE-3475] QUALITY: stability=0.800 learn_rate=0.00000
[10-07 01:30:56] INFO: [ACHIEVEMENT] Stable 90%+ success rate achieved for 10 episodes!
[10-07 01:30:56] INFO: [HEALTH-CHECK-3475] Overall: NEEDS_IMPROVEMENT (score=0.400)
[10-07 01:30:56] INFO: ================================================================================
[10-07 01:30:59] INFO: [RL-EP-3476] (3476)
[10-07 01:31:03] INFO: [RL-EP-3477] (3477)
[10-07 01:31:06] INFO: [RL-EP-3478] (3478)
[10-07 01:31:09] INFO: [RL-EP-3479] (3479)
[10-07 01:31:12] INFO: [RL-EP-3480] roll=0.960/0.040/0.000
[10-07 01:31:15] INFO: [RL-EP-3481] (3481)
[10-07 01:31:18] INFO: [RL-EP-3482] (3482)
[10-07 01:31:21] INFO: [RL-EP-3483] (3483)
[10-07 01:31:24] INFO: [RL-EP-3484] (3484)
[10-07 01:31:27] INFO: [RL-EP-3485] roll=0.960/0.040/0.000
[10-07 01:31:30] INFO: [RL-EP-3486] (3486)
[10-07 01:31:33] INFO: [RL-EP-3487] (3487)
[10-07 01:31:36] INFO: [RL-EP-3488] (3488)
[10-07 01:31:40] INFO: [RL-EP-3489] (3489)
[10-07 01:31:43] INFO: [RL-EP-3490] roll=0.960/0.040/0.000
[10-07 01:31:46] INFO: [RL-EP-3491] (3491)
[10-07 01:31:49] INFO: [RL-EP-3492] (3492)
[10-07 01:31:52] INFO: [RL-EP-3493] (3493)
[10-07 01:31:55] INFO: [RL-EP-3494] (3494)
[10-07 01:31:58] INFO: [RL-EP-3495] roll=0.960/0.040/0.000
[10-07 01:32:01] INFO: [RL-EP-3496] (3496)
[10-07 01:32:05] INFO: [RL-EP-3497] (3497)
[10-07 01:32:08] INFO: [RL-EP-3498] (3498)
[10-07 01:32:11] INFO: [RL-EP-3499] (3499)
[10-07 01:32:11] INFO: [CONFIG-CHECK] ep=3500 updates_per_ep=4 (from config)
[10-07 01:32:11] INFO: [SARL-EPSILON] ep=3500 epsilon=0.0500 (start=0.3, end=0.05, decay=1500)
[10-07 01:32:14] INFO: [SARL-REPLAY] ep=3500 buffer_size=200000 updates=4
[10-07 01:32:14] INFO: [SARL-LOSS] ep=3500 value_loss=0.0019 epsilon=0.0500
[10-07 01:32:14] INFO: [SARL-STATS] ep=3500 buffer_size=200000
[10-07 01:32:14] INFO: [STAT] ep=3500 | roll@25(s/c/t)=1.0/0.0/0.0 (0.96/0.04/0.00) | R.mean=0.6
[10-07 01:32:14] INFO: [METRICS-25] time=12.85s | dfreq=0.000 | ddist=0.000m
[10-07 01:32:14] INFO: [METRICS-PLOT] 3-metrics curve -> /root/bayes-vl-matched-20261006/crowd_nav/runs/bayes-matched-v1/bayes_mean-seed42-to8000/curves_3metrics.png
[10-07 01:32:14] INFO: [RL-EP-3500] (3500/8000) s/c/t=1/0/0 qloss=0.0000 ploss=0.0000 buf=200000
[10-07 01:32:14] INFO:               cumulative s/c/t%: 96.0%/4.0%/0.0%
[10-07 01:32:14] INFO: [REPLAY-STORE] ok=500 skip=0 steps=29093 buf=200000
[10-07 01:32:14] INFO: [STAGE0-MONITOR] timeout_ratio=0.000 (target: decrease over time)
[10-07 01:32:14] INFO: [SOT-3500] REWARD succ=1.0/coll=-0.50 | GRID 5×16=80 | EVENTS s=0.96/c=0.04/t=0.00
[10-07 01:32:14] INFO: ================================================================================
[10-07 01:32:14] INFO: [MULTI-SCALE-3500] TARGET: peak=1.000 stable_90=10ep
[10-07 01:32:14] INFO: [MULTI-SCALE-3500] WINDOWS: short=1.000 med=1.000 long=0.970
[10-07 01:32:14] INFO: [MULTI-SCALE-3500] QUALITY: stability=0.800 learn_rate=0.00000
[10-07 01:32:14] INFO: [ACHIEVEMENT] Stable 90%+ success rate achieved for 10 episodes!
[10-07 01:32:14] INFO: [HEALTH-CHECK-3500] Overall: NEEDS_IMPROVEMENT (score=0.400)
[10-07 01:32:14] INFO: ================================================================================
[10-07 01:32:14] INFO: [RL-SAVE] sarl checkpoint -> /root/bayes-vl-matched-20261006/crowd_nav/runs/bayes-matched-v1/bayes_mean-seed42-to8000/rl_model_ep3500.pth
[10-07 01:32:14] INFO: [RL-SAVE] Saved components: policy, target network, optimizer
[10-07 01:32:17] INFO: [RL-EP-3501] (3501)
[10-07 01:32:20] INFO: [RL-EP-3502] (3502)
[10-07 01:32:23] INFO: [RL-EP-3503] (3503)
[10-07 01:32:26] INFO: [RL-EP-3504] (3504)
[10-07 01:32:29] INFO: [RL-EP-3505] roll=0.960/0.040/0.000
[10-07 01:32:32] INFO: [RL-EP-3506] (3506)
[10-07 01:32:35] INFO: [RL-EP-3507] (3507)
[10-07 01:32:38] INFO: [RL-EP-3508] (3508)
[10-07 01:32:41] INFO: [RL-EP-3509] (3509)
[10-07 01:32:44] INFO: [RL-EP-3510] roll=0.980/0.020/0.000
[10-07 01:32:47] INFO: [RL-EP-3511] (3511)
[10-07 01:32:50] INFO: [RL-EP-3512] (3512)
[10-07 01:32:53] INFO: [RL-EP-3513] (3513)
[10-07 01:32:56] INFO: [RL-EP-3514] (3514)
[10-07 01:32:59] INFO: [RL-EP-3515] roll=0.980/0.020/0.000
[10-07 01:33:02] INFO: [RL-EP-3516] (3516)
[10-07 01:33:05] INFO: [RL-EP-3517] (3517)
[10-07 01:33:08] INFO: [RL-EP-3518] (3518)
[10-07 01:33:11] INFO: [RL-EP-3519] (3519)
[10-07 01:33:15] INFO: [RL-EP-3520] roll=1.000/0.000/0.000
[10-07 01:33:18] INFO: [RL-EP-3521] (3521)
[10-07 01:33:21] INFO: [RL-EP-3522] (3522)
[10-07 01:33:24] INFO: [RL-EP-3523] (3523)
[10-07 01:33:27] INFO: [RL-EP-3524] (3524)
[10-07 01:33:30] INFO: [SARL-LOSS] ep=3525 value_loss=0.0033 epsilon=0.0500
[10-07 01:33:30] INFO: [STAT] ep=3525 | roll@25(s/c/t)=1.0/0.0/0.0 (1.00/0.00/0.00) | R.mean=0.6
[10-07 01:33:30] INFO: [METRICS-25] time=13.26s | dfreq=0.000 | ddist=0.000m
[10-07 01:33:31] INFO: [METRICS-PLOT] 3-metrics curve -> /root/bayes-vl-matched-20261006/crowd_nav/runs/bayes-matched-v1/bayes_mean-seed42-to8000/curves_3metrics.png
[10-07 01:33:31] INFO: [RL-EP-3525] (3525/8000) s/c/t=1/0/0 qloss=0.0000 ploss=0.0000 buf=200000
[10-07 01:33:31] INFO:               cumulative s/c/t%: 100.0%/0.0%/0.0%
[10-07 01:33:31] INFO: [REPLAY-STORE] ok=525 skip=0 steps=30405 buf=200000
[10-07 01:33:31] INFO: [STAGE0-MONITOR] timeout_ratio=0.000 (target: decrease over time)
[10-07 01:33:31] INFO: ================================================================================
[10-07 01:33:31] INFO: [MULTI-SCALE-3525] TARGET: peak=1.000 stable_90=10ep
[10-07 01:33:31] INFO: [MULTI-SCALE-3525] WINDOWS: short=1.000 med=1.000 long=0.980
[10-07 01:33:31] INFO: [MULTI-SCALE-3525] QUALITY: stability=0.800 learn_rate=0.00000
[10-07 01:33:31] INFO: [ACHIEVEMENT] Stable 90%+ success rate achieved for 10 episodes!
[10-07 01:33:31] INFO: [HEALTH-CHECK-3525] Overall: NEEDS_IMPROVEMENT (score=0.400)
[10-07 01:33:31] INFO: ================================================================================
[10-07 01:33:34] INFO: [RL-EP-3526] (3526)
[10-07 01:33:37] INFO: [RL-EP-3527] (3527)
[10-07 01:33:40] INFO: [RL-EP-3528] (3528)
[10-07 01:33:43] INFO: [RL-EP-3529] (3529)
[10-07 01:33:46] INFO: [RL-EP-3530] roll=1.000/0.000/0.000
[10-07 01:33:49] INFO: [RL-EP-3531] (3531)
[10-07 01:33:52] INFO: [RL-EP-3532] (3532)
[10-07 01:33:56] INFO: [RL-EP-3533] (3533)
[10-07 01:33:59] INFO: [RL-EP-3534] (3534)
[10-07 01:34:02] INFO: [RL-EP-3535] roll=1.000/0.000/0.000
[10-07 01:34:05] INFO: [RL-EP-3536] (3536)
[10-07 01:34:08] INFO: [RL-EP-3537] (3537)
[10-07 01:34:11] INFO: [RL-EP-3538] (3538)
[10-07 01:34:14] INFO: [RL-EP-3539] (3539)
[10-07 01:34:18] INFO: [RL-EP-3540] roll=1.000/0.000/0.000
[10-07 01:34:21] INFO: [RL-EP-3541] (3541)
[10-07 01:34:24] INFO: [RL-EP-3542] (3542)
[10-07 01:34:27] INFO: [RL-EP-3543] (3543)
[10-07 01:34:30] INFO: [RL-EP-3544] (3544)
[10-07 01:34:33] INFO: [RL-EP-3545] roll=1.000/0.000/0.000
[10-07 01:34:36] INFO: [RL-EP-3546] (3546)
[10-07 01:34:40] INFO: [RL-EP-3547] (3547)
[10-07 01:34:43] INFO: [RL-EP-3548] (3548)
[10-07 01:34:46] INFO: [RL-EP-3549] (3549)
[10-07 01:34:46] INFO: [CONFIG-CHECK] ep=3550 updates_per_ep=4 (from config)
[10-07 01:34:49] INFO: [SARL-LOSS] ep=3550 value_loss=0.0021 epsilon=0.0500
[10-07 01:34:49] INFO: [STAT] ep=3550 | roll@25(s/c/t)=1.0/0.0/0.0 (1.00/0.00/0.00) | R.mean=0.6
[10-07 01:34:49] INFO: [METRICS-25] time=13.32s | dfreq=0.000 | ddist=0.000m
[10-07 01:34:49] INFO: [METRICS-PLOT] 3-metrics curve -> /root/bayes-vl-matched-20261006/crowd_nav/runs/bayes-matched-v1/bayes_mean-seed42-to8000/curves_3metrics.png
[10-07 01:34:49] INFO: [RL-EP-3550] (3550/8000) s/c/t=1/0/0 qloss=0.0000 ploss=0.0000 buf=200000
[10-07 01:34:49] INFO:               cumulative s/c/t%: 100.0%/0.0%/0.0%
[10-07 01:34:49] INFO: [REPLAY-STORE] ok=550 skip=0 steps=31758 buf=200000
[10-07 01:34:49] INFO: [STAGE0-MONITOR] timeout_ratio=0.000 (target: decrease over time)
[10-07 01:34:49] INFO: ================================================================================
[10-07 01:34:49] INFO: [MULTI-SCALE-3550] TARGET: peak=1.000 stable_90=10ep
[10-07 01:34:49] INFO: [MULTI-SCALE-3550] WINDOWS: short=1.000 med=1.000 long=0.980
[10-07 01:34:49] INFO: [MULTI-SCALE-3550] QUALITY: stability=0.800 learn_rate=0.00000
[10-07 01:34:49] INFO: [ACHIEVEMENT] Stable 90%+ success rate achieved for 10 episodes!
[10-07 01:34:49] INFO: [HEALTH-CHECK-3550] Overall: NEEDS_IMPROVEMENT (score=0.400)
[10-07 01:34:49] INFO: ================================================================================
[10-07 01:34:52] INFO: [RL-EP-3551] (3551)
[10-07 01:34:55] INFO: [RL-EP-3552] (3552)
[10-07 01:34:58] INFO: [RL-EP-3553] (3553)
[10-07 01:35:01] INFO: [RL-EP-3554] (3554)
[10-07 01:35:04] INFO: [RL-EP-3555] roll=1.000/0.000/0.000
[10-07 01:35:07] INFO: [RL-EP-3556] (3556)
[10-07 01:35:10] INFO: [RL-EP-3557] (3557)
[10-07 01:35:13] INFO: [RL-EP-3558] (3558)
[10-07 01:35:16] INFO: [RL-EP-3559] (3559)
[10-07 01:35:19] INFO: [RL-EP-3560] roll=1.000/0.000/0.000
[10-07 01:35:22] INFO: [RL-EP-3561] (3561)
[10-07 01:35:25] INFO: [RL-EP-3562] (3562)
[10-07 01:35:28] INFO: [RL-EP-3563] (3563)
[10-07 01:35:30] INFO: [RL-EP-3564] (3564)
[10-07 01:35:34] INFO: [RL-EP-3565] roll=1.000/0.000/0.000
[10-07 01:35:37] INFO: [RL-EP-3566] (3566)
[10-07 01:35:40] INFO: [RL-EP-3567] (3567)
[10-07 01:35:43] INFO: [RL-EP-3568] (3568)
[10-07 01:35:46] INFO: [RL-EP-3569] (3569)
[10-07 01:35:49] INFO: [RL-EP-3570] roll=1.000/0.000/0.000
[10-07 01:35:52] INFO: [RL-EP-3571] (3571)
[10-07 01:35:55] INFO: [RL-EP-3572] (3572)
[10-07 01:35:58] INFO: [RL-EP-3573] (3573)
[10-07 01:36:01] INFO: [RL-EP-3574] (3574)
[10-07 01:36:04] INFO: [SARL-LOSS] ep=3575 value_loss=0.0022 epsilon=0.0500
[10-07 01:36:04] INFO: [STAT] ep=3575 | roll@25(s/c/t)=1.0/0.0/0.0 (1.00/0.00/0.00) | R.mean=0.6
[10-07 01:36:04] INFO: [METRICS-25] time=13.04s | dfreq=0.000 | ddist=0.000m
[10-07 01:36:05] INFO: [METRICS-PLOT] 3-metrics curve -> /root/bayes-vl-matched-20261006/crowd_nav/runs/bayes-matched-v1/bayes_mean-seed42-to8000/curves_3metrics.png
[10-07 01:36:05] INFO: [RL-EP-3575] (3575/8000) s/c/t=1/0/0 qloss=0.0000 ploss=0.0000 buf=200000
[10-07 01:36:05] INFO:               cumulative s/c/t%: 100.0%/0.0%/0.0%
[10-07 01:36:05] INFO: [REPLAY-STORE] ok=575 skip=0 steps=33014 buf=200000
[10-07 01:36:05] INFO: [STAGE0-MONITOR] timeout_ratio=0.000 (target: decrease over time)
[10-07 01:36:05] INFO: ================================================================================
[10-07 01:36:05] INFO: [MULTI-SCALE-3575] TARGET: peak=1.000 stable_90=10ep
[10-07 01:36:05] INFO: [MULTI-SCALE-3575] WINDOWS: short=1.000 med=1.000 long=1.000
[10-07 01:36:05] INFO: [MULTI-SCALE-3575] QUALITY: stability=0.800 learn_rate=0.00000
[10-07 01:36:05] INFO: [ACHIEVEMENT] Stable 90%+ success rate achieved for 10 episodes!
[10-07 01:36:05] INFO: [HEALTH-CHECK-3575] Overall: NEEDS_IMPROVEMENT (score=0.400)
[10-07 01:36:05] INFO: ================================================================================
[10-07 01:36:08] INFO: [RL-EP-3576] (3576)
[10-07 01:36:11] INFO: [RL-EP-3577] (3577)
[10-07 01:36:15] INFO: [RL-EP-3578] (3578)
[10-07 01:36:18] INFO: [RL-EP-3579] (3579)
[10-07 01:36:21] INFO: [RL-EP-3580] roll=1.000/0.000/0.000
[10-07 01:36:24] INFO: [RL-EP-3581] (3581)
[10-07 01:36:27] INFO: [RL-EP-3582] (3582)
[10-07 01:36:31] INFO: [RL-EP-3583] (3583)
[10-07 01:36:34] INFO: [RL-EP-3584] (3584)
[10-07 01:36:37] INFO: [RL-EP-3585] roll=1.000/0.000/0.000
[10-07 01:36:40] INFO: [RL-EP-3586] (3586)
[10-07 01:36:43] INFO: [RL-EP-3587] (3587)
[10-07 01:36:46] INFO: [RL-EP-3588] (3588)
[10-07 01:36:49] INFO: [RL-EP-3589] (3589)
[10-07 01:36:53] INFO: [RL-EP-3590] roll=1.000/0.000/0.000
[10-07 01:36:56] INFO: [RL-EP-3591] (3591)
[10-07 01:36:59] INFO: [RL-EP-3592] (3592)
[10-07 01:37:02] INFO: [RL-EP-3593] (3593)
[10-07 01:37:05] INFO: [RL-EP-3594] (3594)
[10-07 01:37:09] INFO: [RL-EP-3595] roll=1.000/0.000/0.000
[10-07 01:37:12] INFO: [RL-EP-3596] (3596)
[10-07 01:37:15] INFO: [RL-EP-3597] (3597)
[10-07 01:37:18] INFO: [RL-EP-3598] (3598)
[10-07 01:37:21] INFO: [RL-EP-3599] (3599)
[10-07 01:37:21] INFO: [CONFIG-CHECK] ep=3600 updates_per_ep=4 (from config)
[10-07 01:37:21] INFO: [SARL-EPSILON] ep=3600 epsilon=0.0500 (start=0.3, end=0.05, decay=1500)
[10-07 01:37:24] INFO: [SARL-REPLAY] ep=3600 buffer_size=200000 updates=4
[10-07 01:37:24] INFO: [SARL-LOSS] ep=3600 value_loss=0.0032 epsilon=0.0500
[10-07 01:37:24] INFO: [SARL-STATS] ep=3600 buffer_size=200000
[10-07 01:37:24] INFO: [STAT] ep=3600 | roll@25(s/c/t)=1.0/0.0/0.0 (1.00/0.00/0.00) | R.mean=0.6
[10-07 01:37:24] INFO: [METRICS-25] time=12.57s | dfreq=0.000 | ddist=0.000m
[10-07 01:37:24] INFO: [METRICS-PLOT] 3-metrics curve -> /root/bayes-vl-matched-20261006/crowd_nav/runs/bayes-matched-v1/bayes_mean-seed42-to8000/curves_3metrics.png
[10-07 01:37:24] INFO: [RL-EP-3600] (3600/8000) s/c/t=1/0/0 qloss=0.0000 ploss=0.0000 buf=200000
[10-07 01:37:24] INFO:               cumulative s/c/t%: 100.0%/0.0%/0.0%
[10-07 01:37:24] INFO: [REPLAY-STORE] ok=600 skip=0 steps=34273 buf=200000
[10-07 01:37:24] INFO: [STAGE0-MONITOR] timeout_ratio=0.000 (target: decrease over time)
[10-07 01:37:24] INFO: [SOT-3600] REWARD succ=1.0/coll=-0.50 | GRID 5×16=80 | EVENTS s=1.00/c=0.00/t=0.00
[10-07 01:37:24] INFO: ================================================================================
[10-07 01:37:24] INFO: [MULTI-SCALE-3600] TARGET: peak=1.000 stable_90=10ep
[10-07 01:37:24] INFO: [MULTI-SCALE-3600] WINDOWS: short=1.000 med=1.000 long=1.000
[10-07 01:37:24] INFO: [MULTI-SCALE-3600] QUALITY: stability=0.800 learn_rate=0.00000
[10-07 01:37:24] INFO: [ACHIEVEMENT] Stable 90%+ success rate achieved for 10 episodes!
[10-07 01:37:24] INFO: [HEALTH-CHECK-3600] Overall: NEEDS_IMPROVEMENT (score=0.400)
[10-07 01:37:24] INFO: ================================================================================
[10-07 01:37:31] INFO: [RL-EP-3601] (3601)
[10-07 01:37:34] INFO: [RL-EP-3602] (3602)
[10-07 01:37:37] INFO: [RL-EP-3603] (3603)
[10-07 01:37:40] INFO: [RL-EP-3604] (3604)
[10-07 01:37:43] INFO: [RL-EP-3605] roll=0.980/0.000/0.020
[10-07 01:37:46] INFO: [RL-EP-3606] (3606)
[10-07 01:37:49] INFO: [RL-EP-3607] (3607)
[10-07 01:37:52] INFO: [RL-EP-3608] (3608)
[10-07 01:37:55] INFO: [RL-EP-3609] (3609)
[10-07 01:37:58] INFO: [RL-EP-3610] roll=0.980/0.000/0.020
[10-07 01:38:01] INFO: [RL-EP-3611] (3611)
[10-07 01:38:04] INFO: [RL-EP-3612] (3612)
[10-07 01:38:07] INFO: [RL-EP-3613] (3613)
[10-07 01:38:10] INFO: [RL-EP-3614] (3614)
[10-07 01:38:13] INFO: [RL-EP-3615] roll=0.980/0.000/0.020
[10-07 01:38:16] INFO: [RL-EP-3616] (3616)
[10-07 01:38:19] INFO: [RL-EP-3617] (3617)
[10-07 01:38:23] INFO: [RL-EP-3618] (3618)
[10-07 01:38:26] INFO: [RL-EP-3619] (3619)
[10-07 01:38:29] INFO: [RL-EP-3620] roll=0.980/0.000/0.020
[10-07 01:38:32] INFO: [RL-EP-3621] (3621)
[10-07 01:38:35] INFO: [RL-EP-3622] (3622)
[10-07 01:38:38] INFO: [RL-EP-3623] (3623)
[10-07 01:38:40] INFO: [RL-EP-3624] (3624)
[10-07 01:38:43] INFO: [SARL-LOSS] ep=3625 value_loss=0.0041 epsilon=0.0500
[10-07 01:38:43] INFO: [STAT] ep=3625 | roll@25(s/c/t)=1.0/0.0/0.0 (0.96/0.02/0.02) | R.mean=0.6
[10-07 01:38:43] INFO: [METRICS-25] time=13.32s | dfreq=0.000 | ddist=0.000m
[10-07 01:38:44] INFO: [METRICS-PLOT] 3-metrics curve -> /root/bayes-vl-matched-20261006/crowd_nav/runs/bayes-matched-v1/bayes_mean-seed42-to8000/curves_3metrics.png
[10-07 01:38:44] INFO: [RL-EP-3625] (3625/8000) s/c/t=1/0/0 qloss=0.0000 ploss=0.0000 buf=200000
[10-07 01:38:44] INFO:               cumulative s/c/t%: 96.0%/2.0%/2.0%
[10-07 01:38:44] INFO: [REPLAY-STORE] ok=625 skip=0 steps=35678 buf=200000
[10-07 01:38:44] INFO: [STAGE0-MONITOR] timeout_ratio=0.020 (target: decrease over time)
[10-07 01:38:44] INFO: ================================================================================
[10-07 01:38:44] INFO: [MULTI-SCALE-3625] TARGET: peak=1.000 stable_90=10ep
[10-07 01:38:44] INFO: [MULTI-SCALE-3625] WINDOWS: short=0.900 med=0.920 long=0.980
[10-07 01:38:44] INFO: [MULTI-SCALE-3625] QUALITY: stability=0.800 learn_rate=0.00000
[10-07 01:38:44] INFO: [ACHIEVEMENT] Stable 90%+ success rate achieved for 10 episodes!
[10-07 01:38:44] INFO: [HEALTH-CHECK-3625] Overall: NEEDS_IMPROVEMENT (score=0.400)
[10-07 01:38:44] INFO: ================================================================================
[10-07 01:38:47] INFO: [RL-EP-3626] (3626)
[10-07 01:38:50] INFO: [RL-EP-3627] (3627)
[10-07 01:38:52] INFO: [RL-EP-3628] (3628)
[10-07 01:38:56] INFO: [RL-EP-3629] (3629)
[10-07 01:38:59] INFO: [RL-EP-3630] roll=0.960/0.020/0.020
[10-07 01:39:02] INFO: [RL-EP-3631] (3631)
[10-07 01:39:05] INFO: [RL-EP-3632] (3632)
[10-07 01:39:08] INFO: [RL-EP-3633] (3633)
[10-07 01:39:11] INFO: [RL-EP-3634] (3634)
[10-07 01:39:14] INFO: [RL-EP-3635] roll=0.960/0.020/0.020
[10-07 01:39:17] INFO: [RL-EP-3636] (3636)
[10-07 01:39:20] INFO: [RL-EP-3637] (3637)
[10-07 01:39:23] INFO: [RL-EP-3638] (3638)
[10-07 01:39:26] INFO: [RL-EP-3639] (3639)
[10-07 01:39:29] INFO: [RL-EP-3640] roll=0.960/0.020/0.020
[10-07 01:39:32] INFO: [RL-EP-3641] (3641)
[10-07 01:39:35] INFO: [RL-EP-3642] (3642)
[10-07 01:39:38] INFO: [RL-EP-3643] (3643)
[10-07 01:39:41] INFO: [RL-EP-3644] (3644)
[10-07 01:39:45] INFO: [RL-EP-3645] roll=0.960/0.020/0.020
[10-07 01:39:48] INFO: [RL-EP-3646] (3646)
[10-07 01:39:51] INFO: [RL-EP-3647] (3647)
[10-07 01:39:54] INFO: [RL-EP-3648] (3648)
[10-07 01:39:57] INFO: [RL-EP-3649] (3649)
[10-07 01:39:57] INFO: [CONFIG-CHECK] ep=3650 updates_per_ep=4 (from config)
[10-07 01:39:59] INFO: [SARL-LOSS] ep=3650 value_loss=0.0040 epsilon=0.0500
[10-07 01:39:59] INFO: [STAT] ep=3650 | roll@25(s/c/t)=1.0/0.0/0.0 (0.96/0.02/0.02) | R.mean=0.6
[10-07 01:39:59] INFO: [METRICS-25] time=13.55s | dfreq=0.000 | ddist=0.000m
[10-07 01:40:00] INFO: [METRICS-PLOT] 3-metrics curve -> /root/bayes-vl-matched-20261006/crowd_nav/runs/bayes-matched-v1/bayes_mean-seed42-to8000/curves_3metrics.png
[10-07 01:40:00] INFO: [RL-EP-3650] (3650/8000) s/c/t=1/0/0 qloss=0.0000 ploss=0.0000 buf=200000
[10-07 01:40:00] INFO:               cumulative s/c/t%: 96.0%/2.0%/2.0%
[10-07 01:40:00] INFO: [REPLAY-STORE] ok=650 skip=0 steps=36983 buf=200000
[10-07 01:40:00] INFO: [STAGE0-MONITOR] timeout_ratio=0.020 (target: decrease over time)
[10-07 01:40:00] INFO: ================================================================================
[10-07 01:40:00] INFO: [MULTI-SCALE-3650] TARGET: peak=1.000 stable_90=10ep
[10-07 01:40:00] INFO: [MULTI-SCALE-3650] WINDOWS: short=1.000 med=1.000 long=0.980
[10-07 01:40:00] INFO: [MULTI-SCALE-3650] QUALITY: stability=0.800 learn_rate=0.00000
[10-07 01:40:00] INFO: [ACHIEVEMENT] Stable 90%+ success rate achieved for 10 episodes!
[10-07 01:40:00] INFO: [HEALTH-CHECK-3650] Overall: NEEDS_IMPROVEMENT (score=0.400)
[10-07 01:40:00] INFO: ================================================================================
[10-07 01:40:03] INFO: [RL-EP-3651] (3651)
[10-07 01:40:06] INFO: [RL-EP-3652] (3652)
[10-07 01:40:09] INFO: [RL-EP-3653] (3653)
[10-07 01:40:12] INFO: [RL-EP-3654] (3654)
[10-07 01:40:15] INFO: [RL-EP-3655] roll=0.980/0.020/0.000
[10-07 01:40:18] INFO: [RL-EP-3656] (3656)
[10-07 01:40:21] INFO: [RL-EP-3657] (3657)
[10-07 01:40:25] INFO: [RL-EP-3658] (3658)
[10-07 01:40:28] INFO: [RL-EP-3659] (3659)
[10-07 01:40:31] INFO: [RL-EP-3660] roll=0.980/0.020/0.000
[10-07 01:40:34] INFO: [RL-EP-3661] (3661)
[10-07 01:40:37] INFO: [RL-EP-3662] (3662)
[10-07 01:40:40] INFO: [RL-EP-3663] (3663)
[10-07 01:40:43] INFO: [RL-EP-3664] (3664)
[10-07 01:40:46] INFO: [RL-EP-3665] roll=0.980/0.020/0.000
[10-07 01:40:49] INFO: [RL-EP-3666] (3666)
[10-07 01:40:52] INFO: [RL-EP-3667] (3667)
[10-07 01:40:56] INFO: [RL-EP-3668] (3668)
[10-07 01:40:58] INFO: [RL-EP-3669] (3669)
[10-07 01:41:02] INFO: [RL-EP-3670] roll=0.980/0.020/0.000
[10-07 01:41:05] INFO: [RL-EP-3671] (3671)
[10-07 01:41:08] INFO: [RL-EP-3672] (3672)
[10-07 01:41:11] INFO: [RL-EP-3673] (3673)
[10-07 01:41:14] INFO: [RL-EP-3674] (3674)
[10-07 01:41:17] INFO: [SARL-LOSS] ep=3675 value_loss=0.0021 epsilon=0.0500
[10-07 01:41:17] INFO: [STAT] ep=3675 | roll@25(s/c/t)=1.0/0.0/0.0 (1.00/0.00/0.00) | R.mean=0.6
[10-07 01:41:17] INFO: [METRICS-25] time=13.19s | dfreq=0.000 | ddist=0.000m
[10-07 01:41:17] INFO: [METRICS-PLOT] 3-metrics curve -> /root/bayes-vl-matched-20261006/crowd_nav/runs/bayes-matched-v1/bayes_mean-seed42-to8000/curves_3metrics.png
[10-07 01:41:17] INFO: [RL-EP-3675] (3675/8000) s/c/t=1/0/0 qloss=0.0000 ploss=0.0000 buf=200000
[10-07 01:41:17] INFO:               cumulative s/c/t%: 100.0%/0.0%/0.0%
[10-07 01:41:17] INFO: [REPLAY-STORE] ok=675 skip=0 steps=38315 buf=200000
[10-07 01:41:17] INFO: [STAGE0-MONITOR] timeout_ratio=0.000 (target: decrease over time)
[10-07 01:41:17] INFO: ================================================================================
[10-07 01:41:17] INFO: [MULTI-SCALE-3675] TARGET: peak=1.000 stable_90=10ep
[10-07 01:41:17] INFO: [MULTI-SCALE-3675] WINDOWS: short=1.000 med=1.000 long=0.980
[10-07 01:41:17] INFO: [MULTI-SCALE-3675] QUALITY: stability=0.800 learn_rate=0.00000
[10-07 01:41:17] INFO: [ACHIEVEMENT] Stable 90%+ success rate achieved for 10 episodes!
[10-07 01:41:17] INFO: [HEALTH-CHECK-3675] Overall: NEEDS_IMPROVEMENT (score=0.400)
[10-07 01:41:17] INFO: ================================================================================
[10-07 01:41:20] INFO: [RL-EP-3676] (3676)
[10-07 01:41:24] INFO: [RL-EP-3677] (3677)
[10-07 01:41:27] INFO: [RL-EP-3678] (3678)
[10-07 01:41:30] INFO: [RL-EP-3679] (3679)
[10-07 01:41:33] INFO: [RL-EP-3680] roll=1.000/0.000/0.000
[10-07 01:41:36] INFO: [RL-EP-3681] (3681)
[10-07 01:41:39] INFO: [RL-EP-3682] (3682)
[10-07 01:41:43] INFO: [RL-EP-3683] (3683)
[10-07 01:41:46] INFO: [RL-EP-3684] (3684)
[10-07 01:41:49] INFO: [RL-EP-3685] roll=1.000/0.000/0.000
[10-07 01:41:52] INFO: [RL-EP-3686] (3686)
[10-07 01:41:55] INFO: [RL-EP-3687] (3687)
[10-07 01:41:58] INFO: [RL-EP-3688] (3688)
[10-07 01:42:01] INFO: [RL-EP-3689] (3689)
[10-07 01:42:04] INFO: [RL-EP-3690] roll=1.000/0.000/0.000
[10-07 01:42:08] INFO: [RL-EP-3691] (3691)
[10-07 01:42:10] INFO: [RL-EP-3692] (3692)
[10-07 01:42:14] INFO: [RL-EP-3693] (3693)
[10-07 01:42:17] INFO: [RL-EP-3694] (3694)
[10-07 01:42:19] INFO: [RL-EP-3695] roll=1.000/0.000/0.000
[10-07 01:42:22] INFO: [RL-EP-3696] (3696)
[10-07 01:42:25] INFO: [RL-EP-3697] (3697)
[10-07 01:42:28] INFO: [RL-EP-3698] (3698)
[10-07 01:42:32] INFO: [RL-EP-3699] (3699)
[10-07 01:42:32] INFO: [CONFIG-CHECK] ep=3700 updates_per_ep=4 (from config)
[10-07 01:42:32] INFO: [SARL-EPSILON] ep=3700 epsilon=0.0500 (start=0.3, end=0.05, decay=1500)
[10-07 01:42:35] INFO: [SARL-REPLAY] ep=3700 buffer_size=200000 updates=4
[10-07 01:42:35] INFO: [SARL-LOSS] ep=3700 value_loss=0.0059 epsilon=0.0500
[10-07 01:42:35] INFO: [SARL-STATS] ep=3700 buffer_size=200000
[10-07 01:42:35] INFO: [STAT] ep=3700 | roll@25(s/c/t)=1.0/0.0/0.0 (1.00/0.00/0.00) | R.mean=0.6
[10-07 01:42:35] INFO: [METRICS-25] time=13.31s | dfreq=0.000 | ddist=0.000m
[10-07 01:42:35] INFO: [METRICS-PLOT] 3-metrics curve -> /root/bayes-vl-matched-20261006/crowd_nav/runs/bayes-matched-v1/bayes_mean-seed42-to8000/curves_3metrics.png
[10-07 01:42:35] INFO: [RL-EP-3700] (3700/8000) s/c/t=1/0/0 qloss=0.0000 ploss=0.0000 buf=200000
[10-07 01:42:35] INFO:               cumulative s/c/t%: 100.0%/0.0%/0.0%
[10-07 01:42:35] INFO: [REPLAY-STORE] ok=700 skip=0 steps=39646 buf=200000
[10-07 01:42:35] INFO: [STAGE0-MONITOR] timeout_ratio=0.000 (target: decrease over time)
[10-07 01:42:35] INFO: [SOT-3700] REWARD succ=1.0/coll=-0.50 | GRID 5×16=80 | EVENTS s=1.00/c=0.00/t=0.00
[10-07 01:42:35] INFO: ================================================================================
[10-07 01:42:35] INFO: [MULTI-SCALE-3700] TARGET: peak=1.000 stable_90=10ep
[10-07 01:42:35] INFO: [MULTI-SCALE-3700] WINDOWS: short=1.000 med=1.000 long=0.980
[10-07 01:42:35] INFO: [MULTI-SCALE-3700] QUALITY: stability=0.800 learn_rate=0.00000
[10-07 01:42:35] INFO: [ACHIEVEMENT] Stable 90%+ success rate achieved for 10 episodes!
[10-07 01:42:35] INFO: [HEALTH-CHECK-3700] Overall: NEEDS_IMPROVEMENT (score=0.400)
[10-07 01:42:35] INFO: ================================================================================
[10-07 01:42:38] INFO: [RL-EP-3701] (3701)
[10-07 01:42:41] INFO: [RL-EP-3702] (3702)
[10-07 01:42:44] INFO: [RL-EP-3703] (3703)
[10-07 01:42:47] INFO: [RL-EP-3704] (3704)
[10-07 01:42:50] INFO: [RL-EP-3705] roll=1.000/0.000/0.000
[10-07 01:42:53] INFO: [RL-EP-3706] (3706)
[10-07 01:42:56] INFO: [RL-EP-3707] (3707)
[10-07 01:42:59] INFO: [RL-EP-3708] (3708)
[10-07 01:43:02] INFO: [RL-EP-3709] (3709)
[10-07 01:43:05] INFO: [RL-EP-3710] roll=1.000/0.000/0.000
[10-07 01:43:08] INFO: [RL-EP-3711] (3711)
[10-07 01:43:11] INFO: [RL-EP-3712] (3712)
[10-07 01:43:15] INFO: [RL-EP-3713] (3713)
[10-07 01:43:18] INFO: [RL-EP-3714] (3714)
[10-07 01:43:21] INFO: [RL-EP-3715] roll=1.000/0.000/0.000
[10-07 01:43:24] INFO: [RL-EP-3716] (3716)
[10-07 01:43:28] INFO: [RL-EP-3717] (3717)
[10-07 01:43:31] INFO: [RL-EP-3718] (3718)
[10-07 01:43:34] INFO: [RL-EP-3719] (3719)
[10-07 01:43:37] INFO: [RL-EP-3720] roll=1.000/0.000/0.000
[10-07 01:43:40] INFO: [RL-EP-3721] (3721)
[10-07 01:43:43] INFO: [RL-EP-3722] (3722)
[10-07 01:43:46] INFO: [RL-EP-3723] (3723)
[10-07 01:43:49] INFO: [RL-EP-3724] (3724)
[10-07 01:43:52] INFO: [SARL-LOSS] ep=3725 value_loss=0.0045 epsilon=0.0500
[10-07 01:43:52] INFO: [STAT] ep=3725 | roll@25(s/c/t)=1.0/0.0/0.0 (1.00/0.00/0.00) | R.mean=0.6
[10-07 01:43:52] INFO: [METRICS-25] time=13.23s | dfreq=0.000 | ddist=0.000m
[10-07 01:43:53] INFO: [METRICS-PLOT] 3-metrics curve -> /root/bayes-vl-matched-20261006/crowd_nav/runs/bayes-matched-v1/bayes_mean-seed42-to8000/curves_3metrics.png
[10-07 01:43:53] INFO: [RL-EP-3725] (3725/8000) s/c/t=1/0/0 qloss=0.0000 ploss=0.0000 buf=200000
[10-07 01:43:53] INFO:               cumulative s/c/t%: 100.0%/0.0%/0.0%
[10-07 01:43:53] INFO: [REPLAY-STORE] ok=725 skip=0 steps=40962 buf=200000
[10-07 01:43:53] INFO: [STAGE0-MONITOR] timeout_ratio=0.000 (target: decrease over time)
[10-07 01:43:53] INFO: ================================================================================
[10-07 01:43:53] INFO: [MULTI-SCALE-3725] TARGET: peak=1.000 stable_90=10ep
[10-07 01:43:53] INFO: [MULTI-SCALE-3725] WINDOWS: short=1.000 med=1.000 long=1.000
[10-07 01:43:53] INFO: [MULTI-SCALE-3725] QUALITY: stability=0.800 learn_rate=0.00000
[10-07 01:43:53] INFO: [ACHIEVEMENT] Stable 90%+ success rate achieved for 10 episodes!
[10-07 01:43:53] INFO: [HEALTH-CHECK-3725] Overall: NEEDS_IMPROVEMENT (score=0.400)
[10-07 01:43:53] INFO: ================================================================================
[10-07 01:43:56] INFO: [RL-EP-3726] (3726)
[10-07 01:43:59] INFO: [RL-EP-3727] (3727)
[10-07 01:44:02] INFO: [RL-EP-3728] (3728)
[10-07 01:44:05] INFO: [RL-EP-3729] (3729)
[10-07 01:44:08] INFO: [RL-EP-3730] roll=1.000/0.000/0.000
[10-07 01:44:11] INFO: [RL-EP-3731] (3731)
[10-07 01:44:14] INFO: [RL-EP-3732] (3732)
[10-07 01:44:17] INFO: [RL-EP-3733] (3733)
[10-07 01:44:20] INFO: [RL-EP-3734] (3734)
[10-07 01:44:23] INFO: [RL-EP-3735] roll=1.000/0.000/0.000
[10-07 01:44:26] INFO: [RL-EP-3736] (3736)
[10-07 01:44:29] INFO: [RL-EP-3737] (3737)
[10-07 01:44:32] INFO: [RL-EP-3738] (3738)
[10-07 01:44:35] INFO: [RL-EP-3739] (3739)
[10-07 01:44:38] INFO: [RL-EP-3740] roll=1.000/0.000/0.000
[10-07 01:44:41] INFO: [RL-EP-3741] (3741)
[10-07 01:44:44] INFO: [RL-EP-3742] (3742)
[10-07 01:44:48] INFO: [RL-EP-3743] (3743)
[10-07 01:44:50] INFO: [RL-EP-3744] (3744)
[10-07 01:44:53] INFO: [RL-EP-3745] roll=1.000/0.000/0.000
[10-07 01:44:56] INFO: [RL-EP-3746] (3746)
[10-07 01:44:59] INFO: [RL-EP-3747] (3747)
[10-07 01:45:02] INFO: [RL-EP-3748] (3748)
[10-07 01:45:05] INFO: [RL-EP-3749] (3749)
[10-07 01:45:05] INFO: [CONFIG-CHECK] ep=3750 updates_per_ep=4 (from config)
[10-07 01:45:08] INFO: [SARL-LOSS] ep=3750 value_loss=0.0038 epsilon=0.0500
[10-07 01:45:08] INFO: [STAT] ep=3750 | roll@25(s/c/t)=1.0/0.0/0.0 (1.00/0.00/0.00) | R.mean=0.6
[10-07 01:45:08] INFO: [METRICS-25] time=13.16s | dfreq=0.000 | ddist=0.000m
[10-07 01:45:08] INFO: [METRICS-PLOT] 3-metrics curve -> /root/bayes-vl-matched-20261006/crowd_nav/runs/bayes-matched-v1/bayes_mean-seed42-to8000/curves_3metrics.png
[10-07 01:45:08] INFO: [RL-EP-3750] (3750/8000) s/c/t=1/0/0 qloss=0.0000 ploss=0.0000 buf=200000
[10-07 01:45:08] INFO:               cumulative s/c/t%: 100.0%/0.0%/0.0%
[10-07 01:45:08] INFO: [REPLAY-STORE] ok=750 skip=0 steps=42278 buf=200000
[10-07 01:45:08] INFO: [STAGE0-MONITOR] timeout_ratio=0.000 (target: decrease over time)
[10-07 01:45:08] INFO: ================================================================================
[10-07 01:45:08] INFO: [MULTI-SCALE-3750] TARGET: peak=1.000 stable_90=10ep
[10-07 01:45:08] INFO: [MULTI-SCALE-3750] WINDOWS: short=1.000 med=1.000 long=1.000
[10-07 01:45:08] INFO: [MULTI-SCALE-3750] QUALITY: stability=0.800 learn_rate=0.00000
[10-07 01:45:08] INFO: [ACHIEVEMENT] Stable 90%+ success rate achieved for 10 episodes!
[10-07 01:45:08] INFO: [HEALTH-CHECK-3750] Overall: NEEDS_IMPROVEMENT (score=0.400)
[10-07 01:45:08] INFO: ================================================================================
[10-07 01:45:11] INFO: [RL-EP-3751] (3751)
[10-07 01:45:14] INFO: [RL-EP-3752] (3752)
[10-07 01:45:17] INFO: [RL-EP-3753] (3753)
[10-07 01:45:20] INFO: [RL-EP-3754] (3754)
[10-07 01:45:23] INFO: [RL-EP-3755] roll=1.000/0.000/0.000
[10-07 01:45:26] INFO: [RL-EP-3756] (3756)
[10-07 01:45:32] INFO: [RL-EP-3757] (3757)
[10-07 01:45:36] INFO: [RL-EP-3758] (3758)
[10-07 01:45:39] INFO: [RL-EP-3759] (3759)
[10-07 01:45:42] INFO: [RL-EP-3760] roll=0.980/0.000/0.020
[10-07 01:45:45] INFO: [RL-EP-3761] (3761)
[10-07 01:45:48] INFO: [RL-EP-3762] (3762)
[10-07 01:45:51] INFO: [RL-EP-3763] (3763)
[10-07 01:45:54] INFO: [RL-EP-3764] (3764)
[10-07 01:45:57] INFO: [RL-EP-3765] roll=0.980/0.000/0.020
[10-07 01:46:00] INFO: [RL-EP-3766] (3766)
[10-07 01:46:03] INFO: [RL-EP-3767] (3767)
[10-07 01:46:06] INFO: [RL-EP-3768] (3768)
[10-07 01:46:09] INFO: [RL-EP-3769] (3769)
[10-07 01:46:12] INFO: [RL-EP-3770] roll=0.980/0.000/0.020
[10-07 01:46:15] INFO: [RL-EP-3771] (3771)
[10-07 01:46:18] INFO: [RL-EP-3772] (3772)
[10-07 01:46:21] INFO: [RL-EP-3773] (3773)
[10-07 01:46:24] INFO: [RL-EP-3774] (3774)
[10-07 01:46:27] INFO: [SARL-LOSS] ep=3775 value_loss=0.0056 epsilon=0.0500
[10-07 01:46:27] INFO: [STAT] ep=3775 | roll@25(s/c/t)=1.0/0.0/0.0 (0.98/0.00/0.02) | R.mean=0.6
[10-07 01:46:27] INFO: [METRICS-25] time=13.49s | dfreq=0.000 | ddist=0.000m
[10-07 01:46:28] INFO: [METRICS-PLOT] 3-metrics curve -> /root/bayes-vl-matched-20261006/crowd_nav/runs/bayes-matched-v1/bayes_mean-seed42-to8000/curves_3metrics.png
[10-07 01:46:28] INFO: [RL-EP-3775] (3775/8000) s/c/t=1/0/0 qloss=0.0000 ploss=0.0000 buf=200000
[10-07 01:46:28] INFO:               cumulative s/c/t%: 98.0%/0.0%/2.0%
[10-07 01:46:28] INFO: [REPLAY-STORE] ok=775 skip=0 steps=43660 buf=200000
[10-07 01:46:28] INFO: [STAGE0-MONITOR] timeout_ratio=0.020 (target: decrease over time)
[10-07 01:46:28] INFO: ================================================================================
[10-07 01:46:28] INFO: [MULTI-SCALE-3775] TARGET: peak=1.000 stable_90=10ep
[10-07 01:46:28] INFO: [MULTI-SCALE-3775] WINDOWS: short=1.000 med=0.960 long=0.990
[10-07 01:46:28] INFO: [MULTI-SCALE-3775] QUALITY: stability=0.800 learn_rate=0.00000
[10-07 01:46:28] INFO: [ACHIEVEMENT] Stable 90%+ success rate achieved for 10 episodes!
[10-07 01:46:28] INFO: [HEALTH-CHECK-3775] Overall: NEEDS_IMPROVEMENT (score=0.400)
[10-07 01:46:28] INFO: ================================================================================
[10-07 01:46:31] INFO: [RL-EP-3776] (3776)
[10-07 01:46:34] INFO: [RL-EP-3777] (3777)
[10-07 01:46:37] INFO: [RL-EP-3778] (3778)
[10-07 01:46:40] INFO: [RL-EP-3779] (3779)
[10-07 01:46:43] INFO: [RL-EP-3780] roll=0.980/0.000/0.020
[10-07 01:46:46] INFO: [RL-EP-3781] (3781)
[10-07 01:46:49] INFO: [RL-EP-3782] (3782)
[10-07 01:46:52] INFO: [RL-EP-3783] (3783)
[10-07 01:46:56] INFO: [RL-EP-3784] (3784)
[10-07 01:46:59] INFO: [RL-EP-3785] roll=0.980/0.000/0.020
[10-07 01:47:01] INFO: [RL-EP-3786] (3786)
[10-07 01:47:05] INFO: [RL-EP-3787] (3787)
[10-07 01:47:08] INFO: [RL-EP-3788] (3788)
[10-07 01:47:11] INFO: [RL-EP-3789] (3789)
[10-07 01:47:14] INFO: [RL-EP-3790] roll=0.980/0.000/0.020
[10-07 01:47:17] INFO: [RL-EP-3791] (3791)
[10-07 01:47:20] INFO: [RL-EP-3792] (3792)
[10-07 01:47:23] INFO: [RL-EP-3793] (3793)
[10-07 01:47:26] INFO: [RL-EP-3794] (3794)
[10-07 01:47:29] INFO: [RL-EP-3795] roll=0.980/0.000/0.020
[10-07 01:47:32] INFO: [RL-EP-3796] (3796)
[10-07 01:47:34] INFO: [RL-EP-3797] (3797)
[10-07 01:47:37] INFO: [RL-EP-3798] (3798)
[10-07 01:47:41] INFO: [RL-EP-3799] (3799)
[10-07 01:47:41] INFO: [CONFIG-CHECK] ep=3800 updates_per_ep=4 (from config)
[10-07 01:47:41] INFO: [SARL-EPSILON] ep=3800 epsilon=0.0500 (start=0.3, end=0.05, decay=1500)
[10-07 01:47:44] INFO: [SARL-REPLAY] ep=3800 buffer_size=200000 updates=4
[10-07 01:47:44] INFO: [SARL-LOSS] ep=3800 value_loss=0.0021 epsilon=0.0500
[10-07 01:47:44] INFO: [SARL-STATS] ep=3800 buffer_size=200000
[10-07 01:47:44] INFO: [STAT] ep=3800 | roll@25(s/c/t)=1.0/0.0/0.0 (0.98/0.00/0.02) | R.mean=0.6
[10-07 01:47:44] INFO: [METRICS-25] time=13.32s | dfreq=0.000 | ddist=0.000m
[10-07 01:47:44] INFO: [METRICS-PLOT] 3-metrics curve -> /root/bayes-vl-matched-20261006/crowd_nav/runs/bayes-matched-v1/bayes_mean-seed42-to8000/curves_3metrics.png
[10-07 01:47:44] INFO: [RL-EP-3800] (3800/8000) s/c/t=1/0/0 qloss=0.0000 ploss=0.0000 buf=200000
[10-07 01:47:44] INFO:               cumulative s/c/t%: 98.0%/0.0%/2.0%
[10-07 01:47:44] INFO: [REPLAY-STORE] ok=800 skip=0 steps=44942 buf=200000
[10-07 01:47:44] INFO: [STAGE0-MONITOR] timeout_ratio=0.020 (target: decrease over time)
[10-07 01:47:44] INFO: [SOT-3800] REWARD succ=1.0/coll=-0.50 | GRID 5×16=80 | EVENTS s=0.98/c=0.00/t=0.02
[10-07 01:47:44] INFO: ================================================================================
[10-07 01:47:44] INFO: [MULTI-SCALE-3800] TARGET: peak=1.000 stable_90=10ep
[10-07 01:47:44] INFO: [MULTI-SCALE-3800] WINDOWS: short=1.000 med=1.000 long=0.990
[10-07 01:47:44] INFO: [MULTI-SCALE-3800] QUALITY: stability=0.800 learn_rate=0.00000
[10-07 01:47:44] INFO: [ACHIEVEMENT] Stable 90%+ success rate achieved for 10 episodes!
[10-07 01:47:44] INFO: [HEALTH-CHECK-3800] Overall: NEEDS_IMPROVEMENT (score=0.400)
[10-07 01:47:44] INFO: ================================================================================
[10-07 01:47:47] INFO: [RL-EP-3801] (3801)
[10-07 01:47:50] INFO: [RL-EP-3802] (3802)
[10-07 01:47:53] INFO: [RL-EP-3803] (3803)
[10-07 01:47:56] INFO: [RL-EP-3804] (3804)
[10-07 01:48:00] INFO: [RL-EP-3805] roll=0.980/0.000/0.020
[10-07 01:48:03] INFO: [RL-EP-3806] (3806)
[10-07 01:48:06] INFO: [RL-EP-3807] (3807)
[10-07 01:48:09] INFO: [RL-EP-3808] (3808)
[10-07 01:48:12] INFO: [RL-EP-3809] (3809)
[10-07 01:48:15] INFO: [RL-EP-3810] roll=1.000/0.000/0.000
[10-07 01:48:18] INFO: [RL-EP-3811] (3811)
[10-07 01:48:21] INFO: [RL-EP-3812] (3812)
[10-07 01:48:24] INFO: [RL-EP-3813] (3813)
[10-07 01:48:27] INFO: [RL-EP-3814] (3814)
[10-07 01:48:30] INFO: [RL-EP-3815] roll=1.000/0.000/0.000
[10-07 01:48:33] INFO: [RL-EP-3816] (3816)
[10-07 01:48:36] INFO: [RL-EP-3817] (3817)
[10-07 01:48:39] INFO: [RL-EP-3818] (3818)
[10-07 01:48:42] INFO: [RL-EP-3819] (3819)
[10-07 01:48:45] INFO: [RL-EP-3820] roll=1.000/0.000/0.000
[10-07 01:48:48] INFO: [RL-EP-3821] (3821)
[10-07 01:48:51] INFO: [RL-EP-3822] (3822)
[10-07 01:48:54] INFO: [RL-EP-3823] (3823)
[10-07 01:48:57] INFO: [RL-EP-3824] (3824)
[10-07 01:49:00] INFO: [SARL-LOSS] ep=3825 value_loss=0.0033 epsilon=0.0500
[10-07 01:49:00] INFO: [STAT] ep=3825 | roll@25(s/c/t)=1.0/0.0/0.0 (1.00/0.00/0.00) | R.mean=0.6
[10-07 01:49:00] INFO: [METRICS-25] time=13.05s | dfreq=0.000 | ddist=0.000m
[10-07 01:49:00] INFO: [METRICS-PLOT] 3-metrics curve -> /root/bayes-vl-matched-20261006/crowd_nav/runs/bayes-matched-v1/bayes_mean-seed42-to8000/curves_3metrics.png
[10-07 01:49:00] INFO: [RL-EP-3825] (3825/8000) s/c/t=1/0/0 qloss=0.0000 ploss=0.0000 buf=200000
[10-07 01:49:00] INFO:               cumulative s/c/t%: 100.0%/0.0%/0.0%
[10-07 01:49:00] INFO: [REPLAY-STORE] ok=825 skip=0 steps=46270 buf=200000
[10-07 01:49:00] INFO: [STAGE0-MONITOR] timeout_ratio=0.000 (target: decrease over time)
[10-07 01:49:00] INFO: ================================================================================
[10-07 01:49:00] INFO: [MULTI-SCALE-3825] TARGET: peak=1.000 stable_90=10ep
[10-07 01:49:00] INFO: [MULTI-SCALE-3825] WINDOWS: short=1.000 med=1.000 long=0.990
[10-07 01:49:00] INFO: [MULTI-SCALE-3825] QUALITY: stability=0.800 learn_rate=0.00000
[10-07 01:49:00] INFO: [ACHIEVEMENT] Stable 90%+ success rate achieved for 10 episodes!
[10-07 01:49:00] INFO: [HEALTH-CHECK-3825] Overall: NEEDS_IMPROVEMENT (score=0.400)
[10-07 01:49:00] INFO: ================================================================================
[10-07 01:49:03] INFO: [RL-EP-3826] (3826)
[10-07 01:49:06] INFO: [RL-EP-3827] (3827)
[10-07 01:49:09] INFO: [RL-EP-3828] (3828)
[10-07 01:49:12] INFO: [RL-EP-3829] (3829)
[10-07 01:49:15] INFO: [RL-EP-3830] roll=1.000/0.000/0.000
[10-07 01:49:18] INFO: [RL-EP-3831] (3831)
[10-07 01:49:21] INFO: [RL-EP-3832] (3832)
[10-07 01:49:24] INFO: [RL-EP-3833] (3833)
[10-07 01:49:27] INFO: [RL-EP-3834] (3834)
[10-07 01:49:30] INFO: [RL-EP-3835] roll=1.000/0.000/0.000
[10-07 01:49:33] INFO: [RL-EP-3836] (3836)
[10-07 01:49:36] INFO: [RL-EP-3837] (3837)
[10-07 01:49:39] INFO: [RL-EP-3838] (3838)
[10-07 01:49:42] INFO: [RL-EP-3839] (3839)
[10-07 01:49:46] INFO: [RL-EP-3840] roll=1.000/0.000/0.000
[10-07 01:49:49] INFO: [RL-EP-3841] (3841)
[10-07 01:49:52] INFO: [RL-EP-3842] (3842)
[10-07 01:49:55] INFO: [RL-EP-3843] (3843)
[10-07 01:49:58] INFO: [RL-EP-3844] (3844)
[10-07 01:50:02] INFO: [RL-EP-3845] roll=1.000/0.000/0.000
[10-07 01:50:05] INFO: [RL-EP-3846] (3846)
[10-07 01:50:08] INFO: [RL-EP-3847] (3847)
[10-07 01:50:11] INFO: [RL-EP-3848] (3848)
[10-07 01:50:14] INFO: [RL-EP-3849] (3849)
[10-07 01:50:14] INFO: [CONFIG-CHECK] ep=3850 updates_per_ep=4 (from config)
[10-07 01:50:17] INFO: [SARL-LOSS] ep=3850 value_loss=0.0023 epsilon=0.0500
[10-07 01:50:17] INFO: [STAT] ep=3850 | roll@25(s/c/t)=1.0/0.0/0.0 (0.98/0.02/0.00) | R.mean=0.6
[10-07 01:50:17] INFO: [METRICS-25] time=12.76s | dfreq=0.000 | ddist=0.000m
[10-07 01:50:17] INFO: [METRICS-PLOT] 3-metrics curve -> /root/bayes-vl-matched-20261006/crowd_nav/runs/bayes-matched-v1/bayes_mean-seed42-to8000/curves_3metrics.png
[10-07 01:50:17] INFO: [RL-EP-3850] (3850/8000) s/c/t=0/1/0 qloss=0.0000 ploss=0.0000 buf=200000
[10-07 01:50:17] INFO:               cumulative s/c/t%: 98.0%/2.0%/0.0%
[10-07 01:50:17] INFO: [REPLAY-STORE] ok=850 skip=0 steps=47493 buf=200000
[10-07 01:50:17] INFO: [STAGE0-MONITOR] timeout_ratio=0.000 (target: decrease over time)
[10-07 01:50:17] INFO: ================================================================================
[10-07 01:50:17] INFO: [MULTI-SCALE-3850] TARGET: peak=1.000 stable_90=10ep
[10-07 01:50:17] INFO: [MULTI-SCALE-3850] WINDOWS: short=0.900 med=0.960 long=0.980
[10-07 01:50:17] INFO: [MULTI-SCALE-3850] QUALITY: stability=0.800 learn_rate=0.00000
[10-07 01:50:17] INFO: [ACHIEVEMENT] Stable 90%+ success rate achieved for 10 episodes!
[10-07 01:50:17] INFO: [HEALTH-CHECK-3850] Overall: NEEDS_IMPROVEMENT (score=0.400)
[10-07 01:50:17] INFO: ================================================================================
[10-07 01:50:20] INFO: [RL-EP-3851] (3851)
[10-07 01:50:23] INFO: [RL-EP-3852] (3852)
[10-07 01:50:26] INFO: [RL-EP-3853] (3853)
[10-07 01:50:30] INFO: [RL-EP-3854] (3854)
[10-07 01:50:33] INFO: [RL-EP-3855] roll=0.980/0.020/0.000
[10-07 01:50:36] INFO: [RL-EP-3856] (3856)
[10-07 01:50:39] INFO: [RL-EP-3857] (3857)
[10-07 01:50:42] INFO: [RL-EP-3858] (3858)
[10-07 01:50:46] INFO: [RL-EP-3859] (3859)
[10-07 01:50:49] INFO: [RL-EP-3860] roll=0.980/0.020/0.000
[10-07 01:50:52] INFO: [RL-EP-3861] (3861)
[10-07 01:50:55] INFO: [RL-EP-3862] (3862)
[10-07 01:50:58] INFO: [RL-EP-3863] (3863)
[10-07 01:51:01] INFO: [RL-EP-3864] (3864)
[10-07 01:51:05] INFO: [RL-EP-3865] roll=0.980/0.020/0.000
[10-07 01:51:08] INFO: [RL-EP-3866] (3866)
[10-07 01:51:11] INFO: [RL-EP-3867] (3867)
[10-07 01:51:14] INFO: [RL-EP-3868] (3868)
[10-07 01:51:17] INFO: [RL-EP-3869] (3869)
[10-07 01:51:21] INFO: [RL-EP-3870] roll=0.980/0.020/0.000
[10-07 01:51:24] INFO: [RL-EP-3871] (3871)
[10-07 01:51:27] INFO: [RL-EP-3872] (3872)
[10-07 01:51:31] INFO: [RL-EP-3873] (3873)
[10-07 01:51:34] INFO: [RL-EP-3874] (3874)
[10-07 01:51:37] INFO: [SARL-LOSS] ep=3875 value_loss=0.0033 epsilon=0.0500
[10-07 01:51:37] INFO: [STAT] ep=3875 | roll@25(s/c/t)=1.0/0.0/0.0 (0.98/0.02/0.00) | R.mean=0.6
[10-07 01:51:37] INFO: [METRICS-25] time=12.55s | dfreq=0.000 | ddist=0.000m
[10-07 01:51:38] INFO: [METRICS-PLOT] 3-metrics curve -> /root/bayes-vl-matched-20261006/crowd_nav/runs/bayes-matched-v1/bayes_mean-seed42-to8000/curves_3metrics.png
[10-07 01:51:38] INFO: [RL-EP-3875] (3875/8000) s/c/t=1/0/0 qloss=0.0000 ploss=0.0000 buf=200000
[10-07 01:51:38] INFO:               cumulative s/c/t%: 98.0%/2.0%/0.0%
[10-07 01:51:38] INFO: [REPLAY-STORE] ok=875 skip=0 steps=48780 buf=200000
[10-07 01:51:38] INFO: [STAGE0-MONITOR] timeout_ratio=0.000 (target: decrease over time)
[10-07 01:51:38] INFO: ================================================================================
[10-07 01:51:38] INFO: [MULTI-SCALE-3875] TARGET: peak=1.000 stable_90=10ep
[10-07 01:51:38] INFO: [MULTI-SCALE-3875] WINDOWS: short=1.000 med=1.000 long=0.990
[10-07 01:51:38] INFO: [MULTI-SCALE-3875] QUALITY: stability=0.800 learn_rate=0.00000
[10-07 01:51:38] INFO: [ACHIEVEMENT] Stable 90%+ success rate achieved for 10 episodes!
[10-07 01:51:38] INFO: [HEALTH-CHECK-3875] Overall: NEEDS_IMPROVEMENT (score=0.400)
[10-07 01:51:38] INFO: ================================================================================
[10-07 01:51:41] INFO: [RL-EP-3876] (3876)
[10-07 01:51:44] INFO: [RL-EP-3877] (3877)
[10-07 01:51:47] INFO: [RL-EP-3878] (3878)
[10-07 01:51:50] INFO: [RL-EP-3879] (3879)
[10-07 01:51:53] INFO: [RL-EP-3880] roll=0.980/0.020/0.000
[10-07 01:51:57] INFO: [RL-EP-3881] (3881)
[10-07 01:52:00] INFO: [RL-EP-3882] (3882)
[10-07 01:52:03] INFO: [RL-EP-3883] (3883)
[10-07 01:52:06] INFO: [RL-EP-3884] (3884)
[10-07 01:52:10] INFO: [RL-EP-3885] roll=0.980/0.020/0.000
[10-07 01:52:13] INFO: [RL-EP-3886] (3886)
[10-07 01:52:16] INFO: [RL-EP-3887] (3887)
[10-07 01:52:19] INFO: [RL-EP-3888] (3888)
[10-07 01:52:22] INFO: [RL-EP-3889] (3889)
[10-07 01:52:26] INFO: [RL-EP-3890] roll=0.980/0.020/0.000
[10-07 01:52:29] INFO: [RL-EP-3891] (3891)
[10-07 01:52:32] INFO: [RL-EP-3892] (3892)
[10-07 01:52:36] INFO: [RL-EP-3893] (3893)
[10-07 01:52:39] INFO: [RL-EP-3894] (3894)
[10-07 01:52:42] INFO: [RL-EP-3895] roll=0.980/0.020/0.000
[10-07 01:52:45] INFO: [RL-EP-3896] (3896)
[10-07 01:52:49] INFO: [RL-EP-3897] (3897)
[10-07 01:52:52] INFO: [RL-EP-3898] (3898)
[10-07 01:52:55] INFO: [RL-EP-3899] (3899)
[10-07 01:52:55] INFO: [CONFIG-CHECK] ep=3900 updates_per_ep=4 (from config)
[10-07 01:52:55] INFO: [SARL-EPSILON] ep=3900 epsilon=0.0500 (start=0.3, end=0.05, decay=1500)
[10-07 01:52:58] INFO: [SARL-REPLAY] ep=3900 buffer_size=200000 updates=4
[10-07 01:52:58] INFO: [SARL-LOSS] ep=3900 value_loss=0.0022 epsilon=0.0500
[10-07 01:52:58] INFO: [SARL-STATS] ep=3900 buffer_size=200000
[10-07 01:52:58] INFO: [STAT] ep=3900 | roll@25(s/c/t)=1.0/0.0/0.0 (1.00/0.00/0.00) | R.mean=0.6
[10-07 01:52:58] INFO: [METRICS-25] time=12.96s | dfreq=0.000 | ddist=0.000m
[10-07 01:52:58] INFO: [METRICS-PLOT] 3-metrics curve -> /root/bayes-vl-matched-20261006/crowd_nav/runs/bayes-matched-v1/bayes_mean-seed42-to8000/curves_3metrics.png
[10-07 01:52:58] INFO: [RL-EP-3900] (3900/8000) s/c/t=1/0/0 qloss=0.0000 ploss=0.0000 buf=200000
[10-07 01:52:58] INFO:               cumulative s/c/t%: 100.0%/0.0%/0.0%
[10-07 01:52:58] INFO: [REPLAY-STORE] ok=900 skip=0 steps=50085 buf=200000
[10-07 01:52:58] INFO: [STAGE0-MONITOR] timeout_ratio=0.000 (target: decrease over time)
[10-07 01:52:58] INFO: [SOT-3900] REWARD succ=1.0/coll=-0.50 | GRID 5×16=80 | EVENTS s=1.00/c=0.00/t=0.00
[10-07 01:52:58] INFO: ================================================================================
[10-07 01:52:58] INFO: [MULTI-SCALE-3900] TARGET: peak=1.000 stable_90=10ep
[10-07 01:52:58] INFO: [MULTI-SCALE-3900] WINDOWS: short=1.000 med=1.000 long=0.990
[10-07 01:52:58] INFO: [MULTI-SCALE-3900] QUALITY: stability=0.800 learn_rate=0.00000
[10-07 01:52:58] INFO: [ACHIEVEMENT] Stable 90%+ success rate achieved for 10 episodes!
[10-07 01:52:58] INFO: [HEALTH-CHECK-3900] Overall: NEEDS_IMPROVEMENT (score=0.400)
[10-07 01:52:58] INFO: ================================================================================
[10-07 01:53:01] INFO: [RL-EP-3901] (3901)
[10-07 01:53:05] INFO: [RL-EP-3902] (3902)
[10-07 01:53:08] INFO: [RL-EP-3903] (3903)
[10-07 01:53:11] INFO: [RL-EP-3904] (3904)
[10-07 01:53:14] INFO: [RL-EP-3905] roll=1.000/0.000/0.000
[10-07 01:53:18] INFO: [RL-EP-3906] (3906)
[10-07 01:53:21] INFO: [RL-EP-3907] (3907)
[10-07 01:53:24] INFO: [RL-EP-3908] (3908)
[10-07 01:53:27] INFO: [RL-EP-3909] (3909)
[10-07 01:53:30] INFO: [RL-EP-3910] roll=1.000/0.000/0.000
[10-07 01:53:33] INFO: [RL-EP-3911] (3911)
[10-07 01:53:36] INFO: [RL-EP-3912] (3912)
[10-07 01:53:39] INFO: [RL-EP-3913] (3913)
[10-07 01:53:43] INFO: [RL-EP-3914] (3914)
[10-07 01:53:46] INFO: [RL-EP-3915] roll=1.000/0.000/0.000
[10-07 01:53:49] INFO: [RL-EP-3916] (3916)
[10-07 01:53:52] INFO: [RL-EP-3917] (3917)
[10-07 01:53:56] INFO: [RL-EP-3918] (3918)
[10-07 01:53:59] INFO: [RL-EP-3919] (3919)
[10-07 01:54:01] INFO: [RL-EP-3920] roll=0.980/0.020/0.000
[10-07 01:54:04] INFO: [RL-EP-3921] (3921)
[10-07 01:54:08] INFO: [RL-EP-3922] (3922)
[10-07 01:54:10] INFO: [RL-EP-3923] (3923)
[10-07 01:54:14] INFO: [RL-EP-3924] (3924)
[10-07 01:54:17] INFO: [SARL-LOSS] ep=3925 value_loss=0.0032 epsilon=0.0500
[10-07 01:54:17] INFO: [STAT] ep=3925 | roll@25(s/c/t)=1.0/0.0/0.0 (0.98/0.02/0.00) | R.mean=0.6
[10-07 01:54:17] INFO: [METRICS-25] time=12.71s | dfreq=0.000 | ddist=0.000m
[10-07 01:54:17] INFO: [METRICS-PLOT] 3-metrics curve -> /root/bayes-vl-matched-20261006/crowd_nav/runs/bayes-matched-v1/bayes_mean-seed42-to8000/curves_3metrics.png
[10-07 01:54:17] INFO: [RL-EP-3925] (3925/8000) s/c/t=1/0/0 qloss=0.0000 ploss=0.0000 buf=200000
[10-07 01:54:17] INFO:               cumulative s/c/t%: 98.0%/2.0%/0.0%
[10-07 01:54:17] INFO: [REPLAY-STORE] ok=925 skip=0 steps=51322 buf=200000
[10-07 01:54:17] INFO: [STAGE0-MONITOR] timeout_ratio=0.000 (target: decrease over time)
[10-07 01:54:17] INFO: ================================================================================
[10-07 01:54:17] INFO: [MULTI-SCALE-3925] TARGET: peak=1.000 stable_90=10ep
[10-07 01:54:17] INFO: [MULTI-SCALE-3925] WINDOWS: short=0.900 med=0.960 long=0.980
[10-07 01:54:17] INFO: [MULTI-SCALE-3925] QUALITY: stability=0.800 learn_rate=0.00000
[10-07 01:54:17] INFO: [ACHIEVEMENT] Stable 90%+ success rate achieved for 10 episodes!
[10-07 01:54:17] INFO: [HEALTH-CHECK-3925] Overall: NEEDS_IMPROVEMENT (score=0.400)
[10-07 01:54:17] INFO: ================================================================================
[10-07 01:54:21] INFO: [RL-EP-3926] (3926)
[10-07 01:54:24] INFO: [RL-EP-3927] (3927)
[10-07 01:54:27] INFO: [RL-EP-3928] (3928)
[10-07 01:54:30] INFO: [RL-EP-3929] (3929)
[10-07 01:54:33] INFO: [RL-EP-3930] roll=0.980/0.020/0.000
[10-07 01:54:35] INFO: [RL-EP-3931] (3931)
[10-07 01:54:38] INFO: [RL-EP-3932] (3932)
[10-07 01:54:41] INFO: [RL-EP-3933] (3933)
[10-07 01:54:44] INFO: [RL-EP-3934] (3934)
[10-07 01:54:47] INFO: [RL-EP-3935] roll=0.940/0.060/0.000
[10-07 01:54:50] INFO: [RL-EP-3936] (3936)
[10-07 01:54:53] INFO: [RL-EP-3937] (3937)
[10-07 01:54:56] INFO: [RL-EP-3938] (3938)
[10-07 01:55:00] INFO: [RL-EP-3939] (3939)
[10-07 01:55:03] INFO: [RL-EP-3940] roll=0.940/0.060/0.000
[10-07 01:55:06] INFO: [RL-EP-3941] (3941)
[10-07 01:55:09] INFO: [RL-EP-3942] (3942)
[10-07 01:55:13] INFO: [RL-EP-3943] (3943)
[10-07 01:55:16] INFO: [RL-EP-3944] (3944)
[10-07 01:55:19] INFO: [RL-EP-3945] roll=0.940/0.060/0.000
[10-07 01:55:22] INFO: [RL-EP-3946] (3946)
[10-07 01:55:25] INFO: [RL-EP-3947] (3947)
[10-07 01:55:29] INFO: [RL-EP-3948] (3948)
[10-07 01:55:32] INFO: [RL-EP-3949] (3949)
[10-07 01:55:32] INFO: [CONFIG-CHECK] ep=3950 updates_per_ep=4 (from config)
[10-07 01:55:35] INFO: [SARL-LOSS] ep=3950 value_loss=0.0041 epsilon=0.0500
[10-07 01:55:35] INFO: [STAT] ep=3950 | roll@25(s/c/t)=0.9/0.1/0.0 (0.94/0.06/0.00) | R.mean=0.5
[10-07 01:55:35] INFO: [METRICS-25] time=12.20s | dfreq=0.000 | ddist=0.000m
[10-07 01:55:35] INFO: [METRICS-PLOT] 3-metrics curve -> /root/bayes-vl-matched-20261006/crowd_nav/runs/bayes-matched-v1/bayes_mean-seed42-to8000/curves_3metrics.png
[10-07 01:55:35] INFO: [RL-EP-3950] (3950/8000) s/c/t=1/0/0 qloss=0.0000 ploss=0.0000 buf=200000
[10-07 01:55:35] INFO:               cumulative s/c/t%: 94.0%/6.0%/0.0%
[10-07 01:55:35] INFO: [REPLAY-STORE] ok=950 skip=0 steps=52524 buf=200000
[10-07 01:55:35] INFO: [STAGE0-MONITOR] timeout_ratio=0.000 (target: decrease over time)
[10-07 01:55:35] INFO: ================================================================================
[10-07 01:55:35] INFO: [MULTI-SCALE-3950] TARGET: peak=1.000 stable_90=10ep
[10-07 01:55:35] INFO: [MULTI-SCALE-3950] WINDOWS: short=1.000 med=0.920 long=0.970
[10-07 01:55:35] INFO: [MULTI-SCALE-3950] QUALITY: stability=0.800 learn_rate=0.00000
[10-07 01:55:35] INFO: [ACHIEVEMENT] Stable 90%+ success rate achieved for 10 episodes!
[10-07 01:55:35] INFO: [HEALTH-CHECK-3950] Overall: NEEDS_IMPROVEMENT (score=0.400)
[10-07 01:55:35] INFO: ================================================================================
[10-07 01:55:39] INFO: [RL-EP-3951] (3951)
[10-07 01:55:42] INFO: [RL-EP-3952] (3952)
[10-07 01:55:45] INFO: [RL-EP-3953] (3953)
[10-07 01:55:48] INFO: [RL-EP-3954] (3954)
[10-07 01:55:51] INFO: [RL-EP-3955] roll=0.940/0.060/0.000
[10-07 01:55:55] INFO: [RL-EP-3956] (3956)
[10-07 01:55:58] INFO: [RL-EP-3957] (3957)
[10-07 01:56:01] INFO: [RL-EP-3958] (3958)
[10-07 01:56:04] INFO: [RL-EP-3959] (3959)
[10-07 01:56:07] INFO: [RL-EP-3960] roll=0.940/0.060/0.000
[10-07 01:56:11] INFO: [RL-EP-3961] (3961)
[10-07 01:56:14] INFO: [RL-EP-3962] (3962)
[10-07 01:56:17] INFO: [RL-EP-3963] (3963)
[10-07 01:56:20] INFO: [RL-EP-3964] (3964)
[10-07 01:56:24] INFO: [RL-EP-3965] roll=0.940/0.060/0.000
[10-07 01:56:27] INFO: [RL-EP-3966] (3966)
[10-07 01:56:30] INFO: [RL-EP-3967] (3967)
[10-07 01:56:33] INFO: [RL-EP-3968] (3968)
[10-07 01:56:37] INFO: [RL-EP-3969] (3969)
[10-07 01:56:40] INFO: [RL-EP-3970] roll=0.960/0.040/0.000
[10-07 01:56:43] INFO: [RL-EP-3971] (3971)
[10-07 01:56:46] INFO: [RL-EP-3972] (3972)
[10-07 01:56:50] INFO: [RL-EP-3973] (3973)
[10-07 01:56:53] INFO: [RL-EP-3974] (3974)
[10-07 01:56:56] INFO: [SARL-LOSS] ep=3975 value_loss=0.0057 epsilon=0.0500
[10-07 01:56:56] INFO: [STAT] ep=3975 | roll@25(s/c/t)=1.0/0.0/0.0 (0.96/0.04/0.00) | R.mean=0.6
[10-07 01:56:56] INFO: [METRICS-25] time=12.38s | dfreq=0.000 | ddist=0.000m
[10-07 01:56:56] INFO: [METRICS-PLOT] 3-metrics curve -> /root/bayes-vl-matched-20261006/crowd_nav/runs/bayes-matched-v1/bayes_mean-seed42-to8000/curves_3metrics.png
[10-07 01:56:56] INFO: [RL-EP-3975] (3975/8000) s/c/t=1/0/0 qloss=0.0000 ploss=0.0000 buf=200000
[10-07 01:56:56] INFO:               cumulative s/c/t%: 96.0%/4.0%/0.0%
[10-07 01:56:56] INFO: [REPLAY-STORE] ok=975 skip=0 steps=53799 buf=200000
[10-07 01:56:56] INFO: [STAGE0-MONITOR] timeout_ratio=0.000 (target: decrease over time)
[10-07 01:56:56] INFO: ================================================================================
[10-07 01:56:56] INFO: [MULTI-SCALE-3975] TARGET: peak=1.000 stable_90=10ep
[10-07 01:56:56] INFO: [MULTI-SCALE-3975] WINDOWS: short=1.000 med=1.000 long=0.970
[10-07 01:56:56] INFO: [MULTI-SCALE-3975] QUALITY: stability=0.800 learn_rate=0.00000
[10-07 01:56:56] INFO: [ACHIEVEMENT] Stable 90%+ success rate achieved for 10 episodes!
[10-07 01:56:56] INFO: [HEALTH-CHECK-3975] Overall: NEEDS_IMPROVEMENT (score=0.400)
[10-07 01:56:56] INFO: ================================================================================
[10-07 01:56:59] INFO: [RL-EP-3976] (3976)
[10-07 01:57:02] INFO: [RL-EP-3977] (3977)
[10-07 01:57:06] INFO: [RL-EP-3978] (3978)
[10-07 01:57:09] INFO: [RL-EP-3979] (3979)
[10-07 01:57:12] INFO: [RL-EP-3980] roll=0.960/0.040/0.000
[10-07 01:57:15] INFO: [RL-EP-3981] (3981)
[10-07 01:57:19] INFO: [RL-EP-3982] (3982)
[10-07 01:57:22] INFO: [RL-EP-3983] (3983)
[10-07 01:57:25] INFO: [RL-EP-3984] (3984)
[10-07 01:57:28] INFO: [RL-EP-3985] roll=1.000/0.000/0.000
[10-07 01:57:31] INFO: [RL-EP-3986] (3986)
[10-07 01:57:34] INFO: [RL-EP-3987] (3987)
[10-07 01:57:37] INFO: [RL-EP-3988] (3988)
[10-07 01:57:41] INFO: [RL-EP-3989] (3989)
[10-07 01:57:44] INFO: [RL-EP-3990] roll=1.000/0.000/0.000
[10-07 01:57:47] INFO: [RL-EP-3991] (3991)
[10-07 01:57:50] INFO: [RL-EP-3992] (3992)
[10-07 01:57:53] INFO: [RL-EP-3993] (3993)
[10-07 01:57:56] INFO: [RL-EP-3994] (3994)
[10-07 01:57:59] INFO: [RL-EP-3995] roll=1.000/0.000/0.000
[10-07 01:58:03] INFO: [RL-EP-3996] (3996)
[10-07 01:58:06] INFO: [RL-EP-3997] (3997)
[10-07 01:58:09] INFO: [RL-EP-3998] (3998)
[10-07 01:58:12] INFO: [RL-EP-3999] (3999)
[10-07 01:58:12] INFO: [CONFIG-CHECK] ep=4000 updates_per_ep=4 (from config)
[10-07 01:58:12] INFO: [SARL-EPSILON] ep=4000 epsilon=0.0500 (start=0.3, end=0.05, decay=1500)
[10-07 01:58:16] INFO: [SARL-REPLAY] ep=4000 buffer_size=200000 updates=4
[10-07 01:58:16] INFO: [SARL-LOSS] ep=4000 value_loss=0.0038 epsilon=0.0500
[10-07 01:58:16] INFO: [SARL-STATS] ep=4000 buffer_size=200000
[10-07 01:58:16] INFO: [STAT] ep=4000 | roll@25(s/c/t)=1.0/0.0/0.0 (1.00/0.00/0.00) | R.mean=0.6
[10-07 01:58:16] INFO: [METRICS-25] time=12.77s | dfreq=0.000 | ddist=0.000m
[10-07 01:58:16] INFO: [METRICS-PLOT] 3-metrics curve -> /root/bayes-vl-matched-20261006/crowd_nav/runs/bayes-matched-v1/bayes_mean-seed42-to8000/curves_3metrics.png
[10-07 01:58:16] INFO: [RL-EP-4000] (4000/8000) s/c/t=1/0/0 qloss=0.0000 ploss=0.0000 buf=200000
[10-07 01:58:16] INFO:               cumulative s/c/t%: 100.0%/0.0%/0.0%
[10-07 01:58:16] INFO: [REPLAY-STORE] ok=1000 skip=0 steps=55077 buf=200000
[10-07 01:58:16] INFO: [STAGE0-MONITOR] timeout_ratio=0.000 (target: decrease over time)
[10-07 01:58:16] INFO: [SOT-4000] REWARD succ=1.0/coll=-0.50 | GRID 5×16=80 | EVENTS s=1.00/c=0.00/t=0.00
[10-07 01:58:16] INFO: ================================================================================
[10-07 01:58:16] INFO: [MULTI-SCALE-4000] TARGET: peak=1.000 stable_90=10ep
[10-07 01:58:16] INFO: [MULTI-SCALE-4000] WINDOWS: short=1.000 med=1.000 long=0.970
[10-07 01:58:16] INFO: [MULTI-SCALE-4000] QUALITY: stability=0.800 learn_rate=0.00000
[10-07 01:58:16] INFO: [ACHIEVEMENT] Stable 90%+ success rate achieved for 10 episodes!
[10-07 01:58:16] INFO: [HEALTH-CHECK-4000] Overall: NEEDS_IMPROVEMENT (score=0.400)
[10-07 01:58:16] INFO: ================================================================================
[10-07 01:58:17] INFO: [PLOT] curves updated ep=4000
[10-07 01:58:17] INFO: [EVAL] Starting evaluation: ep=4000, ε=0.0, k=50
[10-07 01:59:32] INFO: [EVAL] Completed evaluation: succ=0.980 coll=0.020 timeout=0.000 sum=1.000 nav=12.20
[10-07 01:59:32] INFO: [EVAL-EXTENDED] path_len=8.78m smoothness=0.756 avg_speed=0.72m/s
[10-07 01:59:32] INFO: ================================================================================
[10-07 01:59:32] INFO: [CUMULATIVE-METRICS] Episode 4000: Cumulative average (all 4000 episodes)
[10-07 01:59:32] INFO:   Success: 0.961 (96.1%), Collision: 0.034 (3.4%), Timeout: 0.004 (0.4%)
[10-07 01:59:32] INFO:   Avg Reward: 0.51
[10-07 01:59:32] INFO:   Avg Time Taken: 13.77s
[10-07 01:59:32] INFO:   Avg Discomfort Freq: 0.000
[10-07 01:59:32] INFO:   Avg Discomfort Dist: 0.000m
[10-07 01:59:32] INFO: ================================================================================
[10-07 01:59:32] INFO: [RL-SAVE] sarl checkpoint -> /root/bayes-vl-matched-20261006/crowd_nav/runs/bayes-matched-v1/bayes_mean-seed42-to8000/rl_model_ep4000.pth
[10-07 01:59:32] INFO: [RL-SAVE] Saved components: policy, target network, optimizer
[10-07 01:59:35] INFO: [RL-EP-4001] (4001)
[10-07 01:59:38] INFO: [RL-EP-4002] (4002)
[10-07 01:59:42] INFO: [RL-EP-4003] (4003)
[10-07 01:59:45] INFO: [RL-EP-4004] (4004)
[10-07 01:59:48] INFO: [RL-EP-4005] roll=1.000/0.000/0.000
[10-07 01:59:51] INFO: [RL-EP-4006] (4006)
[10-07 01:59:55] INFO: [RL-EP-4007] (4007)
[10-07 01:59:58] INFO: [RL-EP-4008] (4008)
[10-07 02:00:01] INFO: [RL-EP-4009] (4009)
[10-07 02:00:04] INFO: [RL-EP-4010] roll=1.000/0.000/0.000
[10-07 02:00:08] INFO: [RL-EP-4011] (4011)
[10-07 02:00:11] INFO: [RL-EP-4012] (4012)
[10-07 02:00:14] INFO: [RL-EP-4013] (4013)
[10-07 02:00:17] INFO: [RL-EP-4014] (4014)
[10-07 02:00:20] INFO: [RL-EP-4015] roll=1.000/0.000/0.000
[10-07 02:00:24] INFO: [RL-EP-4016] (4016)
[10-07 02:00:27] INFO: [RL-EP-4017] (4017)
[10-07 02:00:30] INFO: [RL-EP-4018] (4018)
[10-07 02:00:33] INFO: [RL-EP-4019] (4019)
[10-07 02:00:36] INFO: [RL-EP-4020] roll=1.000/0.000/0.000
[10-07 02:00:40] INFO: [RL-EP-4021] (4021)
[10-07 02:00:43] INFO: [RL-EP-4022] (4022)
[10-07 02:00:46] INFO: [RL-EP-4023] (4023)
[10-07 02:00:49] INFO: [RL-EP-4024] (4024)
[10-07 02:00:52] INFO: [SARL-LOSS] ep=4025 value_loss=0.0035 epsilon=0.0500
[10-07 02:00:52] INFO: [STAT] ep=4025 | roll@25(s/c/t)=1.0/0.0/0.0 (1.00/0.00/0.00) | R.mean=0.6
[10-07 02:00:52] INFO: [METRICS-25] time=12.90s | dfreq=0.000 | ddist=0.000m
[10-07 02:00:53] INFO: [METRICS-PLOT] 3-metrics curve -> /root/bayes-vl-matched-20261006/crowd_nav/runs/bayes-matched-v1/bayes_mean-seed42-to8000/curves_3metrics.png
[10-07 02:00:53] INFO: [RL-EP-4025] (4025/8000) s/c/t=1/0/0 qloss=0.0000 ploss=0.0000 buf=200000
[10-07 02:00:53] INFO:               cumulative s/c/t%: 100.0%/0.0%/0.0%
[10-07 02:00:53] INFO: [REPLAY-STORE] ok=1025 skip=0 steps=56379 buf=200000
[10-07 02:00:53] INFO: [STAGE0-MONITOR] timeout_ratio=0.000 (target: decrease over time)
[10-07 02:00:53] INFO: ================================================================================
[10-07 02:00:53] INFO: [MULTI-SCALE-4025] TARGET: peak=1.000 stable_90=10ep
[10-07 02:00:53] INFO: [MULTI-SCALE-4025] WINDOWS: short=1.000 med=1.000 long=0.980
[10-07 02:00:53] INFO: [MULTI-SCALE-4025] QUALITY: stability=0.800 learn_rate=0.00000
[10-07 02:00:53] INFO: [ACHIEVEMENT] Stable 90%+ success rate achieved for 10 episodes!
[10-07 02:00:53] INFO: [HEALTH-CHECK-4025] Overall: NEEDS_IMPROVEMENT (score=0.400)
[10-07 02:00:53] INFO: ================================================================================
[10-07 02:00:56] INFO: [RL-EP-4026] (4026)
[10-07 02:00:59] INFO: [RL-EP-4027] (4027)
[10-07 02:01:03] INFO: [RL-EP-4028] (4028)
[10-07 02:01:06] INFO: [RL-EP-4029] (4029)
[10-07 02:01:09] INFO: [RL-EP-4030] roll=1.000/0.000/0.000
[10-07 02:01:12] INFO: [RL-EP-4031] (4031)
[10-07 02:01:15] INFO: [RL-EP-4032] (4032)
[10-07 02:01:19] INFO: [RL-EP-4033] (4033)
[10-07 02:01:22] INFO: [RL-EP-4034] (4034)
[10-07 02:01:25] INFO: [RL-EP-4035] roll=1.000/0.000/0.000
[10-07 02:01:28] INFO: [RL-EP-4036] (4036)
[10-07 02:01:31] INFO: [RL-EP-4037] (4037)
[10-07 02:01:35] INFO: [RL-EP-4038] (4038)
[10-07 02:01:38] INFO: [RL-EP-4039] (4039)
[10-07 02:01:41] INFO: [RL-EP-4040] roll=1.000/0.000/0.000
[10-07 02:01:44] INFO: [RL-EP-4041] (4041)
[10-07 02:01:47] INFO: [RL-EP-4042] (4042)
[10-07 02:01:50] INFO: [RL-EP-4043] (4043)
[10-07 02:01:54] INFO: [RL-EP-4044] (4044)
[10-07 02:01:57] INFO: [RL-EP-4045] roll=1.000/0.000/0.000
[10-07 02:02:00] INFO: [RL-EP-4046] (4046)
[10-07 02:02:03] INFO: [RL-EP-4047] (4047)
[10-07 02:02:06] INFO: [RL-EP-4048] (4048)
[10-07 02:02:09] INFO: [RL-EP-4049] (4049)
[10-07 02:02:09] INFO: [CONFIG-CHECK] ep=4050 updates_per_ep=4 (from config)
[10-07 02:02:12] INFO: [SARL-LOSS] ep=4050 value_loss=0.0031 epsilon=0.0500
[10-07 02:02:12] INFO: [STAT] ep=4050 | roll@25(s/c/t)=1.0/0.0/0.0 (0.98/0.02/0.00) | R.mean=0.6
[10-07 02:02:12] INFO: [METRICS-25] time=12.78s | dfreq=0.000 | ddist=0.000m
[10-07 02:02:12] INFO: [METRICS-PLOT] 3-metrics curve -> /root/bayes-vl-matched-20261006/crowd_nav/runs/bayes-matched-v1/bayes_mean-seed42-to8000/curves_3metrics.png
[10-07 02:02:12] INFO: [RL-EP-4050] (4050/8000) s/c/t=1/0/0 qloss=0.0000 ploss=0.0000 buf=200000
[10-07 02:02:12] INFO:               cumulative s/c/t%: 98.0%/2.0%/0.0%
[10-07 02:02:12] INFO: [REPLAY-STORE] ok=1050 skip=0 steps=57632 buf=200000
[10-07 02:02:12] INFO: [STAGE0-MONITOR] timeout_ratio=0.000 (target: decrease over time)
[10-07 02:02:12] INFO: ================================================================================
[10-07 02:02:12] INFO: [MULTI-SCALE-4050] TARGET: peak=1.000 stable_90=10ep
[10-07 02:02:12] INFO: [MULTI-SCALE-4050] WINDOWS: short=0.900 med=0.960 long=0.990
[10-07 02:02:12] INFO: [MULTI-SCALE-4050] QUALITY: stability=0.800 learn_rate=0.00000
[10-07 02:02:12] INFO: [ACHIEVEMENT] Stable 90%+ success rate achieved for 10 episodes!
[10-07 02:02:12] INFO: [HEALTH-CHECK-4050] Overall: NEEDS_IMPROVEMENT (score=0.400)
[10-07 02:02:12] INFO: ================================================================================
[10-07 02:02:16] INFO: [RL-EP-4051] (4051)
[10-07 02:02:19] INFO: [RL-EP-4052] (4052)
[10-07 02:02:22] INFO: [RL-EP-4053] (4053)
[10-07 02:02:25] INFO: [RL-EP-4054] (4054)
[10-07 02:02:28] INFO: [RL-EP-4055] roll=0.980/0.020/0.000
[10-07 02:02:31] INFO: [RL-EP-4056] (4056)
[10-07 02:02:33] INFO: [RL-EP-4057] (4057)
[10-07 02:02:36] INFO: [RL-EP-4058] (4058)
[10-07 02:02:39] INFO: [RL-EP-4059] (4059)
[10-07 02:02:43] INFO: [RL-EP-4060] roll=0.960/0.040/0.000
[10-07 02:02:46] INFO: [RL-EP-4061] (4061)
[10-07 02:02:49] INFO: [RL-EP-4062] (4062)
[10-07 02:02:52] INFO: [RL-EP-4063] (4063)
[10-07 02:02:55] INFO: [RL-EP-4064] (4064)
[10-07 02:02:58] INFO: [RL-EP-4065] roll=0.960/0.040/0.000
[10-07 02:03:02] INFO: [RL-EP-4066] (4066)
[10-07 02:03:05] INFO: [RL-EP-4067] (4067)
[10-07 02:03:08] INFO: [RL-EP-4068] (4068)
[10-07 02:03:11] INFO: [RL-EP-4069] (4069)
[10-07 02:03:14] INFO: [RL-EP-4070] roll=0.960/0.040/0.000
[10-07 02:03:18] INFO: [RL-EP-4071] (4071)
[10-07 02:03:21] INFO: [RL-EP-4072] (4072)
[10-07 02:03:24] INFO: [RL-EP-4073] (4073)
[10-07 02:03:27] INFO: [RL-EP-4074] (4074)
[10-07 02:03:31] INFO: [SARL-LOSS] ep=4075 value_loss=0.0031 epsilon=0.0500
[10-07 02:03:31] INFO: [STAT] ep=4075 | roll@25(s/c/t)=1.0/0.0/0.0 (0.96/0.04/0.00) | R.mean=0.6
[10-07 02:03:31] INFO: [METRICS-25] time=12.31s | dfreq=0.000 | ddist=0.000m
[10-07 02:03:31] INFO: [METRICS-PLOT] 3-metrics curve -> /root/bayes-vl-matched-20261006/crowd_nav/runs/bayes-matched-v1/bayes_mean-seed42-to8000/curves_3metrics.png
[10-07 02:03:31] INFO: [RL-EP-4075] (4075/8000) s/c/t=1/0/0 qloss=0.0000 ploss=0.0000 buf=200000
[10-07 02:03:31] INFO:               cumulative s/c/t%: 96.0%/4.0%/0.0%
[10-07 02:03:31] INFO: [REPLAY-STORE] ok=1075 skip=0 steps=58841 buf=200000
[10-07 02:03:31] INFO: [STAGE0-MONITOR] timeout_ratio=0.000 (target: decrease over time)
[10-07 02:03:31] INFO: ================================================================================
[10-07 02:03:31] INFO: [MULTI-SCALE-4075] TARGET: peak=1.000 stable_90=10ep
[10-07 02:03:31] INFO: [MULTI-SCALE-4075] WINDOWS: short=1.000 med=0.960 long=0.980
[10-07 02:03:31] INFO: [MULTI-SCALE-4075] QUALITY: stability=0.800 learn_rate=0.00000
[10-07 02:03:31] INFO: [ACHIEVEMENT] Stable 90%+ success rate achieved for 10 episodes!
[10-07 02:03:31] INFO: [HEALTH-CHECK-4075] Overall: NEEDS_IMPROVEMENT (score=0.400)
[10-07 02:03:31] INFO: ================================================================================
[10-07 02:03:34] INFO: [RL-EP-4076] (4076)
[10-07 02:03:38] INFO: [RL-EP-4077] (4077)
[10-07 02:03:41] INFO: [RL-EP-4078] (4078)
[10-07 02:03:44] INFO: [RL-EP-4079] (4079)
[10-07 02:03:47] INFO: [RL-EP-4080] roll=0.960/0.040/0.000
[10-07 02:03:50] INFO: [RL-EP-4081] (4081)
[10-07 02:03:54] INFO: [RL-EP-4082] (4082)
[10-07 02:03:57] INFO: [RL-EP-4083] (4083)
[10-07 02:04:00] INFO: [RL-EP-4084] (4084)
[10-07 02:04:03] INFO: [RL-EP-4085] roll=0.960/0.040/0.000
[10-07 02:04:07] INFO: [RL-EP-4086] (4086)
[10-07 02:04:10] INFO: [RL-EP-4087] (4087)
[10-07 02:04:13] INFO: [RL-EP-4088] (4088)
[10-07 02:04:16] INFO: [RL-EP-4089] (4089)
[10-07 02:04:19] INFO: [RL-EP-4090] roll=0.960/0.040/0.000
[10-07 02:04:23] INFO: [RL-EP-4091] (4091)
[10-07 02:04:26] INFO: [RL-EP-4092] (4092)
[10-07 02:04:29] INFO: [RL-EP-4093] (4093)
[10-07 02:04:32] INFO: [RL-EP-4094] (4094)
[10-07 02:04:35] INFO: [RL-EP-4095] roll=0.960/0.040/0.000
[10-07 02:04:39] INFO: [RL-EP-4096] (4096)
[10-07 02:04:42] INFO: [RL-EP-4097] (4097)
[10-07 02:04:45] INFO: [RL-EP-4098] (4098)
[10-07 02:04:48] INFO: [RL-EP-4099] (4099)
[10-07 02:04:48] INFO: [CONFIG-CHECK] ep=4100 updates_per_ep=4 (from config)
[10-07 02:04:48] INFO: [SARL-EPSILON] ep=4100 epsilon=0.0500 (start=0.3, end=0.05, decay=1500)
[10-07 02:04:51] INFO: [SARL-REPLAY] ep=4100 buffer_size=200000 updates=4
[10-07 02:04:51] INFO: [SARL-LOSS] ep=4100 value_loss=0.0051 epsilon=0.0500
[10-07 02:04:51] INFO: [SARL-STATS] ep=4100 buffer_size=200000
[10-07 02:04:51] INFO: [STAT] ep=4100 | roll@25(s/c/t)=1.0/0.0/0.0 (0.98/0.02/0.00) | R.mean=0.6
[10-07 02:04:51] INFO: [METRICS-25] time=12.44s | dfreq=0.000 | ddist=0.000m
[10-07 02:04:52] INFO: [METRICS-PLOT] 3-metrics curve -> /root/bayes-vl-matched-20261006/crowd_nav/runs/bayes-matched-v1/bayes_mean-seed42-to8000/curves_3metrics.png
[10-07 02:04:52] INFO: [RL-EP-4100] (4100/8000) s/c/t=1/0/0 qloss=0.0000 ploss=0.0000 buf=200000
[10-07 02:04:52] INFO:               cumulative s/c/t%: 98.0%/2.0%/0.0%
[10-07 02:04:52] INFO: [REPLAY-STORE] ok=1100 skip=0 steps=60120 buf=200000
[10-07 02:04:52] INFO: [STAGE0-MONITOR] timeout_ratio=0.000 (target: decrease over time)
[10-07 02:04:52] INFO: [SOT-4100] REWARD succ=1.0/coll=-0.50 | GRID 5×16=80 | EVENTS s=0.98/c=0.02/t=0.00
[10-07 02:04:52] INFO: ================================================================================
[10-07 02:04:52] INFO: [MULTI-SCALE-4100] TARGET: peak=1.000 stable_90=10ep
[10-07 02:04:52] INFO: [MULTI-SCALE-4100] WINDOWS: short=1.000 med=1.000 long=0.980
[10-07 02:04:52] INFO: [MULTI-SCALE-4100] QUALITY: stability=0.800 learn_rate=0.00000
[10-07 02:04:52] INFO: [ACHIEVEMENT] Stable 90%+ success rate achieved for 10 episodes!
[10-07 02:04:52] INFO: [HEALTH-CHECK-4100] Overall: NEEDS_IMPROVEMENT (score=0.400)
[10-07 02:04:52] INFO: ================================================================================
[10-07 02:04:55] INFO: [RL-EP-4101] (4101)
[10-07 02:04:58] INFO: [RL-EP-4102] (4102)
[10-07 02:05:01] INFO: [RL-EP-4103] (4103)
[10-07 02:05:05] INFO: [RL-EP-4104] (4104)
[10-07 02:05:08] INFO: [RL-EP-4105] roll=0.980/0.020/0.000
[10-07 02:05:11] INFO: [RL-EP-4106] (4106)
[10-07 02:05:15] INFO: [RL-EP-4107] (4107)
[10-07 02:05:18] INFO: [RL-EP-4108] (4108)
[10-07 02:05:21] INFO: [RL-EP-4109] (4109)
[10-07 02:05:24] INFO: [RL-EP-4110] roll=1.000/0.000/0.000
[10-07 02:05:27] INFO: [RL-EP-4111] (4111)
[10-07 02:05:31] INFO: [RL-EP-4112] (4112)
[10-07 02:05:34] INFO: [RL-EP-4113] (4113)
[10-07 02:05:37] INFO: [RL-EP-4114] (4114)
[10-07 02:05:40] INFO: [RL-EP-4115] roll=1.000/0.000/0.000
[10-07 02:05:44] INFO: [RL-EP-4116] (4116)
[10-07 02:05:47] INFO: [RL-EP-4117] (4117)
[10-07 02:05:50] INFO: [RL-EP-4118] (4118)
[10-07 02:05:53] INFO: [RL-EP-4119] (4119)
[10-07 02:05:57] INFO: [RL-EP-4120] roll=1.000/0.000/0.000
[10-07 02:06:00] INFO: [RL-EP-4121] (4121)
[10-07 02:06:03] INFO: [RL-EP-4122] (4122)
[10-07 02:06:06] INFO: [RL-EP-4123] (4123)
[10-07 02:06:10] INFO: [RL-EP-4124] (4124)
[10-07 02:06:13] INFO: [SARL-LOSS] ep=4125 value_loss=0.0040 epsilon=0.0500
[10-07 02:06:13] INFO: [STAT] ep=4125 | roll@25(s/c/t)=1.0/0.0/0.0 (1.00/0.00/0.00) | R.mean=0.6
[10-07 02:06:13] INFO: [METRICS-25] time=12.99s | dfreq=0.000 | ddist=0.000m
[10-07 02:06:13] INFO: [METRICS-PLOT] 3-metrics curve -> /root/bayes-vl-matched-20261006/crowd_nav/runs/bayes-matched-v1/bayes_mean-seed42-to8000/curves_3metrics.png
[10-07 02:06:13] INFO: [RL-EP-4125] (4125/8000) s/c/t=1/0/0 qloss=0.0000 ploss=0.0000 buf=200000
[10-07 02:06:13] INFO:               cumulative s/c/t%: 100.0%/0.0%/0.0%
[10-07 02:06:13] INFO: [REPLAY-STORE] ok=1125 skip=0 steps=61440 buf=200000
[10-07 02:06:13] INFO: [STAGE0-MONITOR] timeout_ratio=0.000 (target: decrease over time)
[10-07 02:06:13] INFO: ================================================================================
[10-07 02:06:13] INFO: [MULTI-SCALE-4125] TARGET: peak=1.000 stable_90=10ep
[10-07 02:06:13] INFO: [MULTI-SCALE-4125] WINDOWS: short=1.000 med=1.000 long=0.980
[10-07 02:06:13] INFO: [MULTI-SCALE-4125] QUALITY: stability=0.800 learn_rate=0.00000
[10-07 02:06:13] INFO: [ACHIEVEMENT] Stable 90%+ success rate achieved for 10 episodes!
[10-07 02:06:13] INFO: [HEALTH-CHECK-4125] Overall: NEEDS_IMPROVEMENT (score=0.400)
[10-07 02:06:13] INFO: ================================================================================
[10-07 02:06:16] INFO: [RL-EP-4126] (4126)
[10-07 02:06:20] INFO: [RL-EP-4127] (4127)
[10-07 02:06:23] INFO: [RL-EP-4128] (4128)
[10-07 02:06:26] INFO: [RL-EP-4129] (4129)
[10-07 02:06:29] INFO: [RL-EP-4130] roll=1.000/0.000/0.000
[10-07 02:06:32] INFO: [RL-EP-4131] (4131)
[10-07 02:06:36] INFO: [RL-EP-4132] (4132)
[10-07 02:06:39] INFO: [RL-EP-4133] (4133)
[10-07 02:06:42] INFO: [RL-EP-4134] (4134)
[10-07 02:06:45] INFO: [RL-EP-4135] roll=1.000/0.000/0.000
[10-07 02:06:48] INFO: [RL-EP-4136] (4136)
[10-07 02:06:51] INFO: [RL-EP-4137] (4137)
[10-07 02:06:54] INFO: [RL-EP-4138] (4138)
[10-07 02:06:57] INFO: [RL-EP-4139] (4139)
[10-07 02:07:01] INFO: [RL-EP-4140] roll=1.000/0.000/0.000
[10-07 02:07:04] INFO: [RL-EP-4141] (4141)
[10-07 02:07:08] INFO: [RL-EP-4142] (4142)
[10-07 02:07:11] INFO: [RL-EP-4143] (4143)
[10-07 02:07:14] INFO: [RL-EP-4144] (4144)
[10-07 02:07:17] INFO: [RL-EP-4145] roll=1.000/0.000/0.000
[10-07 02:07:19] INFO: [RL-EP-4146] (4146)
[10-07 02:07:23] INFO: [RL-EP-4147] (4147)
[10-07 02:07:26] INFO: [RL-EP-4148] (4148)
[10-07 02:07:29] INFO: [RL-EP-4149] (4149)
[10-07 02:07:29] INFO: [CONFIG-CHECK] ep=4150 updates_per_ep=4 (from config)
[10-07 02:07:32] INFO: [SARL-LOSS] ep=4150 value_loss=0.0053 epsilon=0.0500
[10-07 02:07:32] INFO: [STAT] ep=4150 | roll@25(s/c/t)=1.0/0.0/0.0 (0.98/0.02/0.00) | R.mean=0.6
[10-07 02:07:32] INFO: [METRICS-25] time=12.72s | dfreq=0.000 | ddist=0.000m
[10-07 02:07:33] INFO: [METRICS-PLOT] 3-metrics curve -> /root/bayes-vl-matched-20261006/crowd_nav/runs/bayes-matched-v1/bayes_mean-seed42-to8000/curves_3metrics.png
[10-07 02:07:33] INFO: [RL-EP-4150] (4150/8000) s/c/t=1/0/0 qloss=0.0000 ploss=0.0000 buf=200000
[10-07 02:07:33] INFO:               cumulative s/c/t%: 98.0%/2.0%/0.0%
[10-07 02:07:33] INFO: [REPLAY-STORE] ok=1150 skip=0 steps=62665 buf=200000
[10-07 02:07:33] INFO: [STAGE0-MONITOR] timeout_ratio=0.000 (target: decrease over time)
[10-07 02:07:33] INFO: ================================================================================
[10-07 02:07:33] INFO: [MULTI-SCALE-4150] TARGET: peak=1.000 stable_90=10ep
[10-07 02:07:33] INFO: [MULTI-SCALE-4150] WINDOWS: short=0.900 med=0.960 long=0.980
[10-07 02:07:33] INFO: [MULTI-SCALE-4150] QUALITY: stability=0.800 learn_rate=0.00000
[10-07 02:07:33] INFO: [ACHIEVEMENT] Stable 90%+ success rate achieved for 10 episodes!
[10-07 02:07:33] INFO: [HEALTH-CHECK-4150] Overall: NEEDS_IMPROVEMENT (score=0.400)
[10-07 02:07:33] INFO: ================================================================================
[10-07 02:07:36] INFO: [RL-EP-4151] (4151)
[10-07 02:07:39] INFO: [RL-EP-4152] (4152)
[10-07 02:07:42] INFO: [RL-EP-4153] (4153)
[10-07 02:07:46] INFO: [RL-EP-4154] (4154)
[10-07 02:07:49] INFO: [RL-EP-4155] roll=0.980/0.020/0.000
[10-07 02:07:52] INFO: [RL-EP-4156] (4156)
[10-07 02:07:55] INFO: [RL-EP-4157] (4157)
[10-07 02:07:58] INFO: [RL-EP-4158] (4158)
[10-07 02:08:01] INFO: [RL-EP-4159] (4159)
[10-07 02:08:05] INFO: [RL-EP-4160] roll=0.980/0.020/0.000
[10-07 02:08:08] INFO: [RL-EP-4161] (4161)
[10-07 02:08:11] INFO: [RL-EP-4162] (4162)
[10-07 02:08:14] INFO: [RL-EP-4163] (4163)
[10-07 02:08:17] INFO: [RL-EP-4164] (4164)
[10-07 02:08:20] INFO: [RL-EP-4165] roll=0.980/0.020/0.000
[10-07 02:08:24] INFO: [RL-EP-4166] (4166)
[10-07 02:08:27] INFO: [RL-EP-4167] (4167)
[10-07 02:08:30] INFO: [RL-EP-4168] (4168)
[10-07 02:08:34] INFO: [RL-EP-4169] (4169)
[10-07 02:08:37] INFO: [RL-EP-4170] roll=0.980/0.020/0.000
[10-07 02:08:40] INFO: [RL-EP-4171] (4171)
[10-07 02:08:44] INFO: [RL-EP-4172] (4172)
[10-07 02:08:47] INFO: [RL-EP-4173] (4173)
[10-07 02:08:50] INFO: [RL-EP-4174] (4174)
[10-07 02:08:53] INFO: [SARL-LOSS] ep=4175 value_loss=0.0057 epsilon=0.0500
[10-07 02:08:53] INFO: [STAT] ep=4175 | roll@25(s/c/t)=1.0/0.0/0.0 (0.98/0.02/0.00) | R.mean=0.6
[10-07 02:08:53] INFO: [METRICS-25] time=12.58s | dfreq=0.000 | ddist=0.000m
[10-07 02:08:53] INFO: [METRICS-PLOT] 3-metrics curve -> /root/bayes-vl-matched-20261006/crowd_nav/runs/bayes-matched-v1/bayes_mean-seed42-to8000/curves_3metrics.png
[10-07 02:08:53] INFO: [RL-EP-4175] (4175/8000) s/c/t=1/0/0 qloss=0.0000 ploss=0.0000 buf=200000
[10-07 02:08:53] INFO:               cumulative s/c/t%: 98.0%/2.0%/0.0%
[10-07 02:08:53] INFO: [REPLAY-STORE] ok=1175 skip=0 steps=63956 buf=200000
[10-07 02:08:53] INFO: [STAGE0-MONITOR] timeout_ratio=0.000 (target: decrease over time)
[10-07 02:08:53] INFO: ================================================================================
[10-07 02:08:53] INFO: [MULTI-SCALE-4175] TARGET: peak=1.000 stable_90=10ep
[10-07 02:08:53] INFO: [MULTI-SCALE-4175] WINDOWS: short=1.000 med=1.000 long=0.990
[10-07 02:08:53] INFO: [MULTI-SCALE-4175] QUALITY: stability=0.800 learn_rate=0.00000
[10-07 02:08:53] INFO: [ACHIEVEMENT] Stable 90%+ success rate achieved for 10 episodes!
[10-07 02:08:53] INFO: [HEALTH-CHECK-4175] Overall: NEEDS_IMPROVEMENT (score=0.400)
[10-07 02:08:53] INFO: ================================================================================
[10-07 02:08:57] INFO: [RL-EP-4176] (4176)
[10-07 02:09:00] INFO: [RL-EP-4177] (4177)
[10-07 02:09:03] INFO: [RL-EP-4178] (4178)
[10-07 02:09:06] INFO: [RL-EP-4179] (4179)
[10-07 02:09:09] INFO: [RL-EP-4180] roll=0.960/0.040/0.000
[10-07 02:09:12] INFO: [RL-EP-4181] (4181)
[10-07 02:09:15] INFO: [RL-EP-4182] (4182)
[10-07 02:09:18] INFO: [RL-EP-4183] (4183)
[10-07 02:09:22] INFO: [RL-EP-4184] (4184)
[10-07 02:09:25] INFO: [RL-EP-4185] roll=0.960/0.040/0.000
[10-07 02:09:28] INFO: [RL-EP-4186] (4186)
[10-07 02:09:31] INFO: [RL-EP-4187] (4187)
[10-07 02:09:34] INFO: [RL-EP-4188] (4188)
[10-07 02:09:38] INFO: [RL-EP-4189] (4189)
[10-07 02:09:41] INFO: [RL-EP-4190] roll=0.960/0.040/0.000
[10-07 02:09:44] INFO: [RL-EP-4191] (4191)
[10-07 02:09:47] INFO: [RL-EP-4192] (4192)
[10-07 02:09:51] INFO: [RL-EP-4193] (4193)
[10-07 02:09:54] INFO: [RL-EP-4194] (4194)
[10-07 02:09:57] INFO: [RL-EP-4195] roll=0.960/0.040/0.000
[10-07 02:10:00] INFO: [RL-EP-4196] (4196)
[10-07 02:10:03] INFO: [RL-EP-4197] (4197)
[10-07 02:10:07] INFO: [RL-EP-4198] (4198)
[10-07 02:10:10] INFO: [RL-EP-4199] (4199)
[10-07 02:10:10] INFO: [CONFIG-CHECK] ep=4200 updates_per_ep=4 (from config)
[10-07 02:10:10] INFO: [SARL-EPSILON] ep=4200 epsilon=0.0500 (start=0.3, end=0.05, decay=1500)
[10-07 02:10:13] INFO: [SARL-REPLAY] ep=4200 buffer_size=200000 updates=4
[10-07 02:10:13] INFO: [SARL-LOSS] ep=4200 value_loss=0.0038 epsilon=0.0500
[10-07 02:10:13] INFO: [SARL-STATS] ep=4200 buffer_size=200000
[10-07 02:10:13] INFO: [STAT] ep=4200 | roll@25(s/c/t)=1.0/0.0/0.0 (0.98/0.02/0.00) | R.mean=0.6
[10-07 02:10:13] INFO: [METRICS-25] time=12.81s | dfreq=0.000 | ddist=0.000m
[10-07 02:10:13] INFO: [METRICS-PLOT] 3-metrics curve -> /root/bayes-vl-matched-20261006/crowd_nav/runs/bayes-matched-v1/bayes_mean-seed42-to8000/curves_3metrics.png
[10-07 02:10:13] INFO: [RL-EP-4200] (4200/8000) s/c/t=1/0/0 qloss=0.0000 ploss=0.0000 buf=200000
[10-07 02:10:13] INFO:               cumulative s/c/t%: 98.0%/2.0%/0.0%
[10-07 02:10:13] INFO: [REPLAY-STORE] ok=1200 skip=0 steps=65227 buf=200000
[10-07 02:10:13] INFO: [STAGE0-MONITOR] timeout_ratio=0.000 (target: decrease over time)
[10-07 02:10:13] INFO: [SOT-4200] REWARD succ=1.0/coll=-0.50 | GRID 5×16=80 | EVENTS s=0.98/c=0.02/t=0.00
[10-07 02:10:13] INFO: ================================================================================
[10-07 02:10:13] INFO: [MULTI-SCALE-4200] TARGET: peak=1.000 stable_90=10ep
[10-07 02:10:13] INFO: [MULTI-SCALE-4200] WINDOWS: short=1.000 med=0.960 long=0.980
[10-07 02:10:13] INFO: [MULTI-SCALE-4200] QUALITY: stability=0.800 learn_rate=0.00000
[10-07 02:10:13] INFO: [ACHIEVEMENT] Stable 90%+ success rate achieved for 10 episodes!
[10-07 02:10:13] INFO: [HEALTH-CHECK-4200] Overall: NEEDS_IMPROVEMENT (score=0.400)
[10-07 02:10:13] INFO: ================================================================================
[10-07 02:10:17] INFO: [RL-EP-4201] (4201)
[10-07 02:10:20] INFO: [RL-EP-4202] (4202)
[10-07 02:10:23] INFO: [RL-EP-4203] (4203)
[10-07 02:10:26] INFO: [RL-EP-4204] (4204)
[10-07 02:10:29] INFO: [RL-EP-4205] roll=0.980/0.020/0.000
[10-07 02:10:32] INFO: [RL-EP-4206] (4206)
[10-07 02:10:35] INFO: [RL-EP-4207] (4207)
[10-07 02:10:38] INFO: [RL-EP-4208] (4208)
[10-07 02:10:42] INFO: [RL-EP-4209] (4209)
[10-07 02:10:45] INFO: [RL-EP-4210] roll=0.980/0.020/0.000
[10-07 02:10:48] INFO: [RL-EP-4211] (4211)
[10-07 02:10:51] INFO: [RL-EP-4212] (4212)
[10-07 02:10:54] INFO: [RL-EP-4213] (4213)
[10-07 02:10:57] INFO: [RL-EP-4214] (4214)
[10-07 02:11:00] INFO: [RL-EP-4215] roll=0.980/0.020/0.000
[10-07 02:11:04] INFO: [RL-EP-4216] (4216)
[10-07 02:11:07] INFO: [RL-EP-4217] (4217)
[10-07 02:11:10] INFO: [RL-EP-4218] (4218)
[10-07 02:11:13] INFO: [RL-EP-4219] (4219)
[10-07 02:11:16] INFO: [RL-EP-4220] roll=0.980/0.020/0.000
[10-07 02:11:19] INFO: [RL-EP-4221] (4221)
[10-07 02:11:22] INFO: [RL-EP-4222] (4222)
[10-07 02:11:26] INFO: [RL-EP-4223] (4223)
[10-07 02:11:29] INFO: [RL-EP-4224] (4224)
[10-07 02:11:32] INFO: [SARL-LOSS] ep=4225 value_loss=0.0055 epsilon=0.0500
[10-07 02:11:32] INFO: [STAT] ep=4225 | roll@25(s/c/t)=1.0/0.0/0.0 (0.98/0.02/0.00) | R.mean=0.6
[10-07 02:11:32] INFO: [METRICS-25] time=12.57s | dfreq=0.000 | ddist=0.000m
[10-07 02:11:33] INFO: [METRICS-PLOT] 3-metrics curve -> /root/bayes-vl-matched-20261006/crowd_nav/runs/bayes-matched-v1/bayes_mean-seed42-to8000/curves_3metrics.png
[10-07 02:11:33] INFO: [RL-EP-4225] (4225/8000) s/c/t=1/0/0 qloss=0.0000 ploss=0.0000 buf=200000
[10-07 02:11:33] INFO:               cumulative s/c/t%: 98.0%/2.0%/0.0%
[10-07 02:11:33] INFO: [REPLAY-STORE] ok=1225 skip=0 steps=66470 buf=200000
[10-07 02:11:33] INFO: [STAGE0-MONITOR] timeout_ratio=0.000 (target: decrease over time)
[10-07 02:11:33] INFO: ================================================================================
[10-07 02:11:33] INFO: [MULTI-SCALE-4225] TARGET: peak=1.000 stable_90=10ep
[10-07 02:11:33] INFO: [MULTI-SCALE-4225] WINDOWS: short=1.000 med=1.000 long=0.980
[10-07 02:11:33] INFO: [MULTI-SCALE-4225] QUALITY: stability=0.800 learn_rate=0.00000
[10-07 02:11:33] INFO: [ACHIEVEMENT] Stable 90%+ success rate achieved for 10 episodes!
[10-07 02:11:33] INFO: [HEALTH-CHECK-4225] Overall: NEEDS_IMPROVEMENT (score=0.400)
[10-07 02:11:33] INFO: ================================================================================
[10-07 02:11:36] INFO: [RL-EP-4226] (4226)
[10-07 02:11:40] INFO: [RL-EP-4227] (4227)
[10-07 02:11:43] INFO: [RL-EP-4228] (4228)
[10-07 02:11:46] INFO: [RL-EP-4229] (4229)
[10-07 02:11:50] INFO: [RL-EP-4230] roll=1.000/0.000/0.000
[10-07 02:11:53] INFO: [RL-EP-4231] (4231)
[10-07 02:11:55] INFO: [RL-EP-4232] (4232)
[10-07 02:11:58] INFO: [RL-EP-4233] (4233)
[10-07 02:12:01] INFO: [RL-EP-4234] (4234)
[10-07 02:12:04] INFO: [RL-EP-4235] roll=0.980/0.020/0.000
[10-07 02:12:08] INFO: [RL-EP-4236] (4236)
[10-07 02:12:11] INFO: [RL-EP-4237] (4237)
[10-07 02:12:14] INFO: [RL-EP-4238] (4238)
[10-07 02:12:17] INFO: [RL-EP-4239] (4239)
[10-07 02:12:20] INFO: [RL-EP-4240] roll=0.980/0.020/0.000
[10-07 02:12:24] INFO: [RL-EP-4241] (4241)
[10-07 02:12:27] INFO: [RL-EP-4242] (4242)
[10-07 02:12:30] INFO: [RL-EP-4243] (4243)
[10-07 02:12:33] INFO: [RL-EP-4244] (4244)
[10-07 02:12:36] INFO: [RL-EP-4245] roll=0.980/0.020/0.000
[10-07 02:12:40] INFO: [RL-EP-4246] (4246)
[10-07 02:12:43] INFO: [RL-EP-4247] (4247)
[10-07 02:12:46] INFO: [RL-EP-4248] (4248)
[10-07 02:12:49] INFO: [RL-EP-4249] (4249)
[10-07 02:12:49] INFO: [CONFIG-CHECK] ep=4250 updates_per_ep=4 (from config)
[10-07 02:12:53] INFO: [SARL-LOSS] ep=4250 value_loss=0.0054 epsilon=0.0500
[10-07 02:12:53] INFO: [STAT] ep=4250 | roll@25(s/c/t)=1.0/0.0/0.0 (0.98/0.02/0.00) | R.mean=0.6
[10-07 02:12:53] INFO: [METRICS-25] time=12.60s | dfreq=0.000 | ddist=0.000m
[10-07 02:12:53] INFO: [METRICS-PLOT] 3-metrics curve -> /root/bayes-vl-matched-20261006/crowd_nav/runs/bayes-matched-v1/bayes_mean-seed42-to8000/curves_3metrics.png
[10-07 02:12:53] INFO: [RL-EP-4250] (4250/8000) s/c/t=1/0/0 qloss=0.0000 ploss=0.0000 buf=200000
[10-07 02:12:53] INFO:               cumulative s/c/t%: 98.0%/2.0%/0.0%
[10-07 02:12:53] INFO: [REPLAY-STORE] ok=1250 skip=0 steps=67746 buf=200000
[10-07 02:12:53] INFO: [STAGE0-MONITOR] timeout_ratio=0.000 (target: decrease over time)
[10-07 02:12:53] INFO: ================================================================================
[10-07 02:12:53] INFO: [MULTI-SCALE-4250] TARGET: peak=1.000 stable_90=10ep
[10-07 02:12:53] INFO: [MULTI-SCALE-4250] WINDOWS: short=1.000 med=0.960 long=0.980
[10-07 02:12:53] INFO: [MULTI-SCALE-4250] QUALITY: stability=0.800 learn_rate=0.00000
[10-07 02:12:53] INFO: [ACHIEVEMENT] Stable 90%+ success rate achieved for 10 episodes!
[10-07 02:12:53] INFO: [HEALTH-CHECK-4250] Overall: NEEDS_IMPROVEMENT (score=0.400)
[10-07 02:12:53] INFO: ================================================================================
[10-07 02:12:56] INFO: [RL-EP-4251] (4251)
[10-07 02:12:59] INFO: [RL-EP-4252] (4252)
[10-07 02:13:03] INFO: [RL-EP-4253] (4253)
[10-07 02:13:06] INFO: [RL-EP-4254] (4254)
[10-07 02:13:08] INFO: [RL-EP-4255] roll=0.960/0.040/0.000
[10-07 02:13:11] INFO: [RL-EP-4256] (4256)
[10-07 02:13:15] INFO: [RL-EP-4257] (4257)
[10-07 02:13:18] INFO: [RL-EP-4258] (4258)
[10-07 02:13:21] INFO: [RL-EP-4259] (4259)
[10-07 02:13:24] INFO: [RL-EP-4260] roll=0.960/0.040/0.000
[10-07 02:13:27] INFO: [RL-EP-4261] (4261)
[10-07 02:13:30] INFO: [RL-EP-4262] (4262)
[10-07 02:13:33] INFO: [RL-EP-4263] (4263)
[10-07 02:13:36] INFO: [RL-EP-4264] (4264)
[10-07 02:13:40] INFO: [RL-EP-4265] roll=0.960/0.040/0.000
[10-07 02:13:43] INFO: [RL-EP-4266] (4266)
[10-07 02:13:46] INFO: [RL-EP-4267] (4267)
[10-07 02:13:49] INFO: [RL-EP-4268] (4268)
[10-07 02:13:52] INFO: [RL-EP-4269] (4269)
[10-07 02:13:55] INFO: [RL-EP-4270] roll=0.960/0.040/0.000
[10-07 02:13:58] INFO: [RL-EP-4271] (4271)
[10-07 02:14:02] INFO: [RL-EP-4272] (4272)
[10-07 02:14:05] INFO: [RL-EP-4273] (4273)
[10-07 02:14:08] INFO: [RL-EP-4274] (4274)
[10-07 02:14:10] INFO: [SARL-LOSS] ep=4275 value_loss=0.0064 epsilon=0.0500
[10-07 02:14:10] INFO: [STAT] ep=4275 | roll@25(s/c/t)=0.9/0.1/0.0 (0.94/0.06/0.00) | R.mean=0.5
[10-07 02:14:10] INFO: [METRICS-25] time=12.43s | dfreq=0.000 | ddist=0.000m
[10-07 02:14:11] INFO: [METRICS-PLOT] 3-metrics curve -> /root/bayes-vl-matched-20261006/crowd_nav/runs/bayes-matched-v1/bayes_mean-seed42-to8000/curves_3metrics.png
[10-07 02:14:11] INFO: [RL-EP-4275] (4275/8000) s/c/t=0/1/0 qloss=0.0000 ploss=0.0000 buf=200000
[10-07 02:14:11] INFO:               cumulative s/c/t%: 94.0%/6.0%/0.0%
[10-07 02:14:11] INFO: [REPLAY-STORE] ok=1275 skip=0 steps=68955 buf=200000
[10-07 02:14:11] INFO: [STAGE0-MONITOR] timeout_ratio=0.000 (target: decrease over time)
[10-07 02:14:11] INFO: ================================================================================
[10-07 02:14:11] INFO: [MULTI-SCALE-4275] TARGET: peak=1.000 stable_90=10ep
[10-07 02:14:11] INFO: [MULTI-SCALE-4275] WINDOWS: short=0.900 med=0.920 long=0.960
[10-07 02:14:11] INFO: [MULTI-SCALE-4275] QUALITY: stability=0.800 learn_rate=0.00000
[10-07 02:14:11] INFO: [ACHIEVEMENT] Stable 90%+ success rate achieved for 10 episodes!
[10-07 02:14:11] INFO: [HEALTH-CHECK-4275] Overall: NEEDS_IMPROVEMENT (score=0.400)
[10-07 02:14:11] INFO: ================================================================================
[10-07 02:14:14] INFO: [RL-EP-4276] (4276)
[10-07 02:14:17] INFO: [RL-EP-4277] (4277)
[10-07 02:14:20] INFO: [RL-EP-4278] (4278)
[10-07 02:14:23] INFO: [RL-EP-4279] (4279)
[10-07 02:14:26] INFO: [RL-EP-4280] roll=0.940/0.060/0.000
[10-07 02:14:30] INFO: [RL-EP-4281] (4281)
[10-07 02:14:33] INFO: [RL-EP-4282] (4282)
[10-07 02:14:36] INFO: [RL-EP-4283] (4283)
[10-07 02:14:39] INFO: [RL-EP-4284] (4284)
[10-07 02:14:42] INFO: [RL-EP-4285] roll=0.960/0.040/0.000
[10-07 02:14:45] INFO: [RL-EP-4286] (4286)
[10-07 02:14:48] INFO: [RL-EP-4287] (4287)
[10-07 02:14:52] INFO: [RL-EP-4288] (4288)
[10-07 02:14:55] INFO: [RL-EP-4289] (4289)
[10-07 02:14:58] INFO: [RL-EP-4290] roll=0.960/0.040/0.000
[10-07 02:15:01] INFO: [RL-EP-4291] (4291)
[10-07 02:15:04] INFO: [RL-EP-4292] (4292)
[10-07 02:15:07] INFO: [RL-EP-4293] (4293)
[10-07 02:15:11] INFO: [RL-EP-4294] (4294)
[10-07 02:15:14] INFO: [RL-EP-4295] roll=0.960/0.040/0.000
[10-07 02:15:17] INFO: [RL-EP-4296] (4296)
[10-07 02:15:20] INFO: [RL-EP-4297] (4297)
[10-07 02:15:24] INFO: [RL-EP-4298] (4298)
[10-07 02:15:27] INFO: [RL-EP-4299] (4299)
[10-07 02:15:27] INFO: [CONFIG-CHECK] ep=4300 updates_per_ep=4 (from config)
[10-07 02:15:27] INFO: [SARL-EPSILON] ep=4300 epsilon=0.0500 (start=0.3, end=0.05, decay=1500)
[10-07 02:15:30] INFO: [SARL-REPLAY] ep=4300 buffer_size=200000 updates=4
[10-07 02:15:30] INFO: [SARL-LOSS] ep=4300 value_loss=0.0039 epsilon=0.0500
[10-07 02:15:30] INFO: [SARL-STATS] ep=4300 buffer_size=200000
[10-07 02:15:30] INFO: [STAT] ep=4300 | roll@25(s/c/t)=1.0/0.0/0.0 (0.96/0.04/0.00) | R.mean=0.6
[10-07 02:15:30] INFO: [METRICS-25] time=12.24s | dfreq=0.000 | ddist=0.000m
[10-07 02:15:30] INFO: [METRICS-PLOT] 3-metrics curve -> /root/bayes-vl-matched-20261006/crowd_nav/runs/bayes-matched-v1/bayes_mean-seed42-to8000/curves_3metrics.png
[10-07 02:15:30] INFO: [RL-EP-4300] (4300/8000) s/c/t=1/0/0 qloss=0.0000 ploss=0.0000 buf=200000
[10-07 02:15:30] INFO:               cumulative s/c/t%: 96.0%/4.0%/0.0%
[10-07 02:15:30] INFO: [REPLAY-STORE] ok=1300 skip=0 steps=70194 buf=200000
[10-07 02:15:30] INFO: [STAGE0-MONITOR] timeout_ratio=0.000 (target: decrease over time)
[10-07 02:15:30] INFO: [SOT-4300] REWARD succ=1.0/coll=-0.50 | GRID 5×16=80 | EVENTS s=0.96/c=0.04/t=0.00
[10-07 02:15:30] INFO: ================================================================================
[10-07 02:15:30] INFO: [MULTI-SCALE-4300] TARGET: peak=1.000 stable_90=10ep
[10-07 02:15:30] INFO: [MULTI-SCALE-4300] WINDOWS: short=1.000 med=1.000 long=0.970
[10-07 02:15:30] INFO: [MULTI-SCALE-4300] QUALITY: stability=0.800 learn_rate=0.00000
[10-07 02:15:30] INFO: [ACHIEVEMENT] Stable 90%+ success rate achieved for 10 episodes!
[10-07 02:15:30] INFO: [HEALTH-CHECK-4300] Overall: NEEDS_IMPROVEMENT (score=0.400)
[10-07 02:15:30] INFO: ================================================================================
[10-07 02:15:33] INFO: [RL-EP-4301] (4301)
[10-07 02:15:36] INFO: [RL-EP-4302] (4302)
[10-07 02:15:39] INFO: [RL-EP-4303] (4303)
[10-07 02:15:43] INFO: [RL-EP-4304] (4304)
[10-07 02:15:46] INFO: [RL-EP-4305] roll=0.980/0.020/0.000
[10-07 02:15:49] INFO: [RL-EP-4306] (4306)
[10-07 02:15:53] INFO: [RL-EP-4307] (4307)
[10-07 02:15:56] INFO: [RL-EP-4308] (4308)
[10-07 02:15:59] INFO: [RL-EP-4309] (4309)
[10-07 02:16:02] INFO: [RL-EP-4310] roll=0.980/0.020/0.000
[10-07 02:16:05] INFO: [RL-EP-4311] (4311)
[10-07 02:16:08] INFO: [RL-EP-4312] (4312)
[10-07 02:16:12] INFO: [RL-EP-4313] (4313)
[10-07 02:16:15] INFO: [RL-EP-4314] (4314)
[10-07 02:16:18] INFO: [RL-EP-4315] roll=0.980/0.020/0.000
[10-07 02:16:22] INFO: [RL-EP-4316] (4316)
[10-07 02:16:25] INFO: [RL-EP-4317] (4317)
[10-07 02:16:28] INFO: [RL-EP-4318] (4318)
[10-07 02:16:31] INFO: [RL-EP-4319] (4319)
[10-07 02:16:35] INFO: [RL-EP-4320] roll=0.980/0.020/0.000
[10-07 02:16:38] INFO: [RL-EP-4321] (4321)
[10-07 02:16:41] INFO: [RL-EP-4322] (4322)
[10-07 02:16:44] INFO: [RL-EP-4323] (4323)
[10-07 02:16:48] INFO: [RL-EP-4324] (4324)
[10-07 02:16:51] INFO: [SARL-LOSS] ep=4325 value_loss=0.0041 epsilon=0.0500
[10-07 02:16:51] INFO: [STAT] ep=4325 | roll@25(s/c/t)=1.0/0.0/0.0 (1.00/0.00/0.00) | R.mean=0.6
[10-07 02:16:51] INFO: [METRICS-25] time=12.65s | dfreq=0.000 | ddist=0.000m
[10-07 02:16:51] INFO: [METRICS-PLOT] 3-metrics curve -> /root/bayes-vl-matched-20261006/crowd_nav/runs/bayes-matched-v1/bayes_mean-seed42-to8000/curves_3metrics.png
[10-07 02:16:51] INFO: [RL-EP-4325] (4325/8000) s/c/t=1/0/0 qloss=0.0000 ploss=0.0000 buf=200000
[10-07 02:16:51] INFO:               cumulative s/c/t%: 100.0%/0.0%/0.0%
[10-07 02:16:51] INFO: [REPLAY-STORE] ok=1325 skip=0 steps=71485 buf=200000
[10-07 02:16:51] INFO: [STAGE0-MONITOR] timeout_ratio=0.000 (target: decrease over time)
[10-07 02:16:51] INFO: ================================================================================
[10-07 02:16:51] INFO: [MULTI-SCALE-4325] TARGET: peak=1.000 stable_90=10ep
[10-07 02:16:51] INFO: [MULTI-SCALE-4325] WINDOWS: short=1.000 med=1.000 long=0.970
[10-07 02:16:51] INFO: [MULTI-SCALE-4325] QUALITY: stability=0.800 learn_rate=0.00000
[10-07 02:16:51] INFO: [ACHIEVEMENT] Stable 90%+ success rate achieved for 10 episodes!
[10-07 02:16:51] INFO: [HEALTH-CHECK-4325] Overall: NEEDS_IMPROVEMENT (score=0.400)
[10-07 02:16:51] INFO: ================================================================================
[10-07 02:16:55] INFO: [RL-EP-4326] (4326)
[10-07 02:16:58] INFO: [RL-EP-4327] (4327)
[10-07 02:17:01] INFO: [RL-EP-4328] (4328)
[10-07 02:17:05] INFO: [RL-EP-4329] (4329)
[10-07 02:17:08] INFO: [RL-EP-4330] roll=1.000/0.000/0.000
[10-07 02:17:11] INFO: [RL-EP-4331] (4331)
[10-07 02:17:14] INFO: [RL-EP-4332] (4332)
[10-07 02:17:17] INFO: [RL-EP-4333] (4333)
[10-07 02:17:21] INFO: [RL-EP-4334] (4334)
[10-07 02:17:24] INFO: [RL-EP-4335] roll=1.000/0.000/0.000
[10-07 02:17:27] INFO: [RL-EP-4336] (4336)
[10-07 02:17:30] INFO: [RL-EP-4337] (4337)
[10-07 02:17:34] INFO: [RL-EP-4338] (4338)
[10-07 02:17:37] INFO: [RL-EP-4339] (4339)
[10-07 02:17:40] INFO: [RL-EP-4340] roll=1.000/0.000/0.000
[10-07 02:17:44] INFO: [RL-EP-4341] (4341)
[10-07 02:17:47] INFO: [RL-EP-4342] (4342)
[10-07 02:17:50] INFO: [RL-EP-4343] (4343)
[10-07 02:17:53] INFO: [RL-EP-4344] (4344)
[10-07 02:17:56] INFO: [RL-EP-4345] roll=1.000/0.000/0.000
[10-07 02:18:00] INFO: [RL-EP-4346] (4346)
[10-07 02:18:03] INFO: [RL-EP-4347] (4347)
[10-07 02:18:06] INFO: [RL-EP-4348] (4348)
[10-07 02:18:10] INFO: [RL-EP-4349] (4349)
[10-07 02:18:10] INFO: [CONFIG-CHECK] ep=4350 updates_per_ep=4 (from config)
[10-07 02:18:13] INFO: [SARL-LOSS] ep=4350 value_loss=0.0044 epsilon=0.0500
[10-07 02:18:13] INFO: [STAT] ep=4350 | roll@25(s/c/t)=1.0/0.0/0.0 (1.00/0.00/0.00) | R.mean=0.6
[10-07 02:18:13] INFO: [METRICS-25] time=13.04s | dfreq=0.000 | ddist=0.000m
[10-07 02:18:13] INFO: [METRICS-PLOT] 3-metrics curve -> /root/bayes-vl-matched-20261006/crowd_nav/runs/bayes-matched-v1/bayes_mean-seed42-to8000/curves_3metrics.png
[10-07 02:18:13] INFO: [RL-EP-4350] (4350/8000) s/c/t=1/0/0 qloss=0.0000 ploss=0.0000 buf=200000
[10-07 02:18:13] INFO:               cumulative s/c/t%: 100.0%/0.0%/0.0%
[10-07 02:18:13] INFO: [REPLAY-STORE] ok=1350 skip=0 steps=72802 buf=200000
[10-07 02:18:13] INFO: [STAGE0-MONITOR] timeout_ratio=0.000 (target: decrease over time)
[10-07 02:18:13] INFO: ================================================================================
[10-07 02:18:13] INFO: [MULTI-SCALE-4350] TARGET: peak=1.000 stable_90=10ep
[10-07 02:18:13] INFO: [MULTI-SCALE-4350] WINDOWS: short=1.000 med=1.000 long=0.980
[10-07 02:18:13] INFO: [MULTI-SCALE-4350] QUALITY: stability=0.800 learn_rate=0.00000
[10-07 02:18:13] INFO: [ACHIEVEMENT] Stable 90%+ success rate achieved for 10 episodes!
[10-07 02:18:13] INFO: [HEALTH-CHECK-4350] Overall: NEEDS_IMPROVEMENT (score=0.400)
[10-07 02:18:13] INFO: ================================================================================
[10-07 02:18:16] INFO: [RL-EP-4351] (4351)
[10-07 02:18:19] INFO: [RL-EP-4352] (4352)
[10-07 02:18:23] INFO: [RL-EP-4353] (4353)
[10-07 02:18:26] INFO: [RL-EP-4354] (4354)
[10-07 02:18:29] INFO: [RL-EP-4355] roll=1.000/0.000/0.000
[10-07 02:18:32] INFO: [RL-EP-4356] (4356)
[10-07 02:18:35] INFO: [RL-EP-4357] (4357)
[10-07 02:18:38] INFO: [RL-EP-4358] (4358)
[10-07 02:18:41] INFO: [RL-EP-4359] (4359)
[10-07 02:18:44] INFO: [RL-EP-4360] roll=1.000/0.000/0.000
[10-07 02:18:47] INFO: [RL-EP-4361] (4361)
[10-07 02:18:51] INFO: [RL-EP-4362] (4362)
[10-07 02:18:54] INFO: [RL-EP-4363] (4363)
[10-07 02:18:57] INFO: [RL-EP-4364] (4364)
[10-07 02:19:00] INFO: [RL-EP-4365] roll=1.000/0.000/0.000
[10-07 02:19:04] INFO: [RL-EP-4366] (4366)
[10-07 02:19:06] INFO: [RL-EP-4367] (4367)
[10-07 02:19:09] INFO: [RL-EP-4368] (4368)
[10-07 02:19:12] INFO: [RL-EP-4369] (4369)
[10-07 02:19:15] INFO: [RL-EP-4370] roll=0.980/0.020/0.000
[10-07 02:19:19] INFO: [RL-EP-4371] (4371)
[10-07 02:19:22] INFO: [RL-EP-4372] (4372)
[10-07 02:19:25] INFO: [RL-EP-4373] (4373)
[10-07 02:19:28] INFO: [RL-EP-4374] (4374)
[10-07 02:19:31] INFO: [SARL-LOSS] ep=4375 value_loss=0.0050 epsilon=0.0500
[10-07 02:19:31] INFO: [STAT] ep=4375 | roll@25(s/c/t)=1.0/0.0/0.0 (0.98/0.02/0.00) | R.mean=0.6
[10-07 02:19:31] INFO: [METRICS-25] time=12.79s | dfreq=0.000 | ddist=0.000m
[10-07 02:19:31] INFO: [METRICS-PLOT] 3-metrics curve -> /root/bayes-vl-matched-20261006/crowd_nav/runs/bayes-matched-v1/bayes_mean-seed42-to8000/curves_3metrics.png
[10-07 02:19:31] INFO: [RL-EP-4375] (4375/8000) s/c/t=1/0/0 qloss=0.0000 ploss=0.0000 buf=200000
[10-07 02:19:31] INFO:               cumulative s/c/t%: 98.0%/2.0%/0.0%
[10-07 02:19:31] INFO: [REPLAY-STORE] ok=1375 skip=0 steps=74043 buf=200000
[10-07 02:19:31] INFO: [STAGE0-MONITOR] timeout_ratio=0.000 (target: decrease over time)
[10-07 02:19:31] INFO: ================================================================================
[10-07 02:19:31] INFO: [MULTI-SCALE-4375] TARGET: peak=1.000 stable_90=10ep
[10-07 02:19:31] INFO: [MULTI-SCALE-4375] WINDOWS: short=0.900 med=0.960 long=0.990
[10-07 02:19:31] INFO: [MULTI-SCALE-4375] QUALITY: stability=0.800 learn_rate=0.00000
[10-07 02:19:31] INFO: [ACHIEVEMENT] Stable 90%+ success rate achieved for 10 episodes!
[10-07 02:19:31] INFO: [HEALTH-CHECK-4375] Overall: NEEDS_IMPROVEMENT (score=0.400)
[10-07 02:19:31] INFO: ================================================================================
[10-07 02:19:35] INFO: [RL-EP-4376] (4376)
[10-07 02:19:38] INFO: [RL-EP-4377] (4377)
[10-07 02:19:41] INFO: [RL-EP-4378] (4378)
[10-07 02:19:44] INFO: [RL-EP-4379] (4379)
[10-07 02:19:47] INFO: [RL-EP-4380] roll=0.980/0.020/0.000
[10-07 02:19:51] INFO: [RL-EP-4381] (4381)
[10-07 02:19:54] INFO: [RL-EP-4382] (4382)
[10-07 02:19:57] INFO: [RL-EP-4383] (4383)
[10-07 02:20:00] INFO: [RL-EP-4384] (4384)
[10-07 02:20:04] INFO: [RL-EP-4385] roll=0.980/0.020/0.000
[10-07 02:20:07] INFO: [RL-EP-4386] (4386)
[10-07 02:20:10] INFO: [RL-EP-4387] (4387)
[10-07 02:20:13] INFO: [RL-EP-4388] (4388)
[10-07 02:20:16] INFO: [RL-EP-4389] (4389)
[10-07 02:20:20] INFO: [RL-EP-4390] roll=0.980/0.020/0.000
[10-07 02:20:23] INFO: [RL-EP-4391] (4391)
[10-07 02:20:26] INFO: [RL-EP-4392] (4392)
[10-07 02:20:29] INFO: [RL-EP-4393] (4393)
[10-07 02:20:32] INFO: [RL-EP-4394] (4394)
[10-07 02:20:35] INFO: [RL-EP-4395] roll=0.980/0.020/0.000
[10-07 02:20:38] INFO: [RL-EP-4396] (4396)
[10-07 02:20:42] INFO: [RL-EP-4397] (4397)
[10-07 02:20:45] INFO: [RL-EP-4398] (4398)
[10-07 02:20:48] INFO: [RL-EP-4399] (4399)
[10-07 02:20:48] INFO: [CONFIG-CHECK] ep=4400 updates_per_ep=4 (from config)
[10-07 02:20:48] INFO: [SARL-EPSILON] ep=4400 epsilon=0.0500 (start=0.3, end=0.05, decay=1500)
[10-07 02:20:51] INFO: [SARL-REPLAY] ep=4400 buffer_size=200000 updates=4
[10-07 02:20:51] INFO: [SARL-LOSS] ep=4400 value_loss=0.0061 epsilon=0.0500
[10-07 02:20:51] INFO: [SARL-STATS] ep=4400 buffer_size=200000
[10-07 02:20:51] INFO: [STAT] ep=4400 | roll@25(s/c/t)=1.0/0.0/0.0 (0.98/0.02/0.00) | R.mean=0.6
[10-07 02:20:51] INFO: [METRICS-25] time=12.58s | dfreq=0.000 | ddist=0.000m
[10-07 02:20:52] INFO: [METRICS-PLOT] 3-metrics curve -> /root/bayes-vl-matched-20261006/crowd_nav/runs/bayes-matched-v1/bayes_mean-seed42-to8000/curves_3metrics.png
[10-07 02:20:52] INFO: [RL-EP-4400] (4400/8000) s/c/t=1/0/0 qloss=0.0000 ploss=0.0000 buf=200000
[10-07 02:20:52] INFO:               cumulative s/c/t%: 98.0%/2.0%/0.0%
[10-07 02:20:52] INFO: [REPLAY-STORE] ok=1400 skip=0 steps=75318 buf=200000
[10-07 02:20:52] INFO: [STAGE0-MONITOR] timeout_ratio=0.000 (target: decrease over time)
[10-07 02:20:52] INFO: [SOT-4400] REWARD succ=1.0/coll=-0.50 | GRID 5×16=80 | EVENTS s=0.98/c=0.02/t=0.00
[10-07 02:20:52] INFO: ================================================================================
[10-07 02:20:52] INFO: [MULTI-SCALE-4400] TARGET: peak=1.000 stable_90=10ep
[10-07 02:20:52] INFO: [MULTI-SCALE-4400] WINDOWS: short=1.000 med=1.000 long=0.990
[10-07 02:20:52] INFO: [MULTI-SCALE-4400] QUALITY: stability=0.800 learn_rate=0.00000
[10-07 02:20:52] INFO: [ACHIEVEMENT] Stable 90%+ success rate achieved for 10 episodes!
[10-07 02:20:52] INFO: [HEALTH-CHECK-4400] Overall: NEEDS_IMPROVEMENT (score=0.400)
[10-07 02:20:52] INFO: ================================================================================
[10-07 02:20:54] INFO: [RL-EP-4401] (4401)
[10-07 02:20:58] INFO: [RL-EP-4402] (4402)
[10-07 02:21:01] INFO: [RL-EP-4403] (4403)
[10-07 02:21:04] INFO: [RL-EP-4404] (4404)
[10-07 02:21:07] INFO: [RL-EP-4405] roll=0.980/0.020/0.000
[10-07 02:21:10] INFO: [RL-EP-4406] (4406)
[10-07 02:21:13] INFO: [RL-EP-4407] (4407)
[10-07 02:21:17] INFO: [RL-EP-4408] (4408)
[10-07 02:21:20] INFO: [RL-EP-4409] (4409)
[10-07 02:21:23] INFO: [RL-EP-4410] roll=0.980/0.020/0.000
[10-07 02:21:26] INFO: [RL-EP-4411] (4411)
[10-07 02:21:30] INFO: [RL-EP-4412] (4412)
[10-07 02:21:33] INFO: [RL-EP-4413] (4413)
[10-07 02:21:36] INFO: [RL-EP-4414] (4414)
[10-07 02:21:39] INFO: [RL-EP-4415] roll=0.980/0.020/0.000
[10-07 02:21:42] INFO: [RL-EP-4416] (4416)
[10-07 02:21:46] INFO: [RL-EP-4417] (4417)
[10-07 02:21:49] INFO: [RL-EP-4418] (4418)
[10-07 02:21:51] INFO: [RL-EP-4419] (4419)
[10-07 02:21:54] INFO: [RL-EP-4420] roll=0.980/0.020/0.000
[10-07 02:21:57] INFO: [RL-EP-4421] (4421)
[10-07 02:22:01] INFO: [RL-EP-4422] (4422)
[10-07 02:22:04] INFO: [RL-EP-4423] (4423)
[10-07 02:22:07] INFO: [RL-EP-4424] (4424)
[10-07 02:22:10] INFO: [SARL-LOSS] ep=4425 value_loss=0.0070 epsilon=0.0500
[10-07 02:22:10] INFO: [STAT] ep=4425 | roll@25(s/c/t)=1.0/0.0/0.0 (0.98/0.02/0.00) | R.mean=0.6
[10-07 02:22:10] INFO: [METRICS-25] time=12.56s | dfreq=0.000 | ddist=0.000m
[10-07 02:22:11] INFO: [METRICS-PLOT] 3-metrics curve -> /root/bayes-vl-matched-20261006/crowd_nav/runs/bayes-matched-v1/bayes_mean-seed42-to8000/curves_3metrics.png
[10-07 02:22:11] INFO: [RL-EP-4425] (4425/8000) s/c/t=1/0/0 qloss=0.0000 ploss=0.0000 buf=200000
[10-07 02:22:11] INFO:               cumulative s/c/t%: 98.0%/2.0%/0.0%
[10-07 02:22:11] INFO: [REPLAY-STORE] ok=1425 skip=0 steps=76555 buf=200000
[10-07 02:22:11] INFO: [STAGE0-MONITOR] timeout_ratio=0.000 (target: decrease over time)
[10-07 02:22:11] INFO: ================================================================================
[10-07 02:22:11] INFO: [MULTI-SCALE-4425] TARGET: peak=1.000 stable_90=10ep
[10-07 02:22:11] INFO: [MULTI-SCALE-4425] WINDOWS: short=0.900 med=0.960 long=0.980
[10-07 02:22:11] INFO: [MULTI-SCALE-4425] QUALITY: stability=0.800 learn_rate=0.00000
[10-07 02:22:11] INFO: [ACHIEVEMENT] Stable 90%+ success rate achieved for 10 episodes!
[10-07 02:22:11] INFO: [HEALTH-CHECK-4425] Overall: NEEDS_IMPROVEMENT (score=0.400)
[10-07 02:22:11] INFO: ================================================================================
[10-07 02:22:14] INFO: [RL-EP-4426] (4426)
[10-07 02:22:17] INFO: [RL-EP-4427] (4427)
[10-07 02:22:20] INFO: [RL-EP-4428] (4428)
[10-07 02:22:23] INFO: [RL-EP-4429] (4429)
[10-07 02:22:27] INFO: [RL-EP-4430] roll=0.980/0.020/0.000
[10-07 02:22:30] INFO: [RL-EP-4431] (4431)
[10-07 02:22:33] INFO: [RL-EP-4432] (4432)
[10-07 02:22:36] INFO: [RL-EP-4433] (4433)
[10-07 02:22:39] INFO: [RL-EP-4434] (4434)
[10-07 02:22:43] INFO: [RL-EP-4435] roll=0.960/0.040/0.000
[10-07 02:22:46] INFO: [RL-EP-4436] (4436)
[10-07 02:22:49] INFO: [RL-EP-4437] (4437)
[10-07 02:22:53] INFO: [RL-EP-4438] (4438)
[10-07 02:22:55] INFO: [RL-EP-4439] (4439)
[10-07 02:22:58] INFO: [RL-EP-4440] roll=0.960/0.040/0.000
[10-07 02:23:01] INFO: [RL-EP-4441] (4441)
[10-07 02:23:05] INFO: [RL-EP-4442] (4442)
[10-07 02:23:08] INFO: [RL-EP-4443] (4443)
[10-07 02:23:11] INFO: [RL-EP-4444] (4444)
[10-07 02:23:14] INFO: [RL-EP-4445] roll=0.960/0.040/0.000
[10-07 02:23:17] INFO: [RL-EP-4446] (4446)
[10-07 02:23:20] INFO: [RL-EP-4447] (4447)
[10-07 02:23:23] INFO: [RL-EP-4448] (4448)
[10-07 02:23:26] INFO: [RL-EP-4449] (4449)
[10-07 02:23:26] INFO: [CONFIG-CHECK] ep=4450 updates_per_ep=4 (from config)
[10-07 02:23:30] INFO: [SARL-LOSS] ep=4450 value_loss=0.0045 epsilon=0.0500
[10-07 02:23:30] INFO: [STAT] ep=4450 | roll@25(s/c/t)=1.0/0.0/0.0 (0.96/0.04/0.00) | R.mean=0.6
[10-07 02:23:30] INFO: [METRICS-25] time=12.46s | dfreq=0.000 | ddist=0.000m
[10-07 02:23:30] INFO: [METRICS-PLOT] 3-metrics curve -> /root/bayes-vl-matched-20261006/crowd_nav/runs/bayes-matched-v1/bayes_mean-seed42-to8000/curves_3metrics.png
[10-07 02:23:30] INFO: [RL-EP-4450] (4450/8000) s/c/t=1/0/0 qloss=0.0000 ploss=0.0000 buf=200000
[10-07 02:23:30] INFO:               cumulative s/c/t%: 96.0%/4.0%/0.0%
[10-07 02:23:30] INFO: [REPLAY-STORE] ok=1450 skip=0 steps=77810 buf=200000
[10-07 02:23:30] INFO: [STAGE0-MONITOR] timeout_ratio=0.000 (target: decrease over time)
[10-07 02:23:30] INFO: ================================================================================
[10-07 02:23:30] INFO: [MULTI-SCALE-4450] TARGET: peak=1.000 stable_90=10ep
[10-07 02:23:30] INFO: [MULTI-SCALE-4450] WINDOWS: short=1.000 med=0.960 long=0.970
[10-07 02:23:30] INFO: [MULTI-SCALE-4450] QUALITY: stability=0.800 learn_rate=0.00000
[10-07 02:23:30] INFO: [ACHIEVEMENT] Stable 90%+ success rate achieved for 10 episodes!
[10-07 02:23:30] INFO: [HEALTH-CHECK-4450] Overall: NEEDS_IMPROVEMENT (score=0.400)
[10-07 02:23:30] INFO: ================================================================================
[10-07 02:23:33] INFO: [RL-EP-4451] (4451)
[10-07 02:23:37] INFO: [RL-EP-4452] (4452)
[10-07 02:23:40] INFO: [RL-EP-4453] (4453)
[10-07 02:23:43] INFO: [RL-EP-4454] (4454)
[10-07 02:23:46] INFO: [RL-EP-4455] roll=0.960/0.040/0.000
[10-07 02:23:50] INFO: [RL-EP-4456] (4456)
[10-07 02:23:53] INFO: [RL-EP-4457] (4457)
[10-07 02:23:56] INFO: [RL-EP-4458] (4458)
[10-07 02:23:59] INFO: [RL-EP-4459] (4459)
[10-07 02:24:03] INFO: [RL-EP-4460] roll=0.960/0.040/0.000
[10-07 02:24:06] INFO: [RL-EP-4461] (4461)
[10-07 02:24:09] INFO: [RL-EP-4462] (4462)
[10-07 02:24:12] INFO: [RL-EP-4463] (4463)
[10-07 02:24:15] INFO: [RL-EP-4464] (4464)
[10-07 02:24:18] INFO: [RL-EP-4465] roll=0.960/0.040/0.000
[10-07 02:24:21] INFO: [RL-EP-4466] (4466)
[10-07 02:24:24] INFO: [RL-EP-4467] (4467)
[10-07 02:24:27] INFO: [RL-EP-4468] (4468)
[10-07 02:24:31] INFO: [RL-EP-4469] (4469)
[10-07 02:24:34] INFO: [RL-EP-4470] roll=0.980/0.020/0.000
[10-07 02:24:37] INFO: [RL-EP-4471] (4471)
[10-07 02:24:40] INFO: [RL-EP-4472] (4472)
[10-07 02:24:43] INFO: [RL-EP-4473] (4473)
[10-07 02:24:47] INFO: [RL-EP-4474] (4474)
[10-07 02:24:50] INFO: [SARL-LOSS] ep=4475 value_loss=0.0087 epsilon=0.0500
[10-07 02:24:50] INFO: [STAT] ep=4475 | roll@25(s/c/t)=1.0/0.0/0.0 (0.98/0.02/0.00) | R.mean=0.6
[10-07 02:24:50] INFO: [METRICS-25] time=12.52s | dfreq=0.000 | ddist=0.000m
[10-07 02:24:50] INFO: [METRICS-PLOT] 3-metrics curve -> /root/bayes-vl-matched-20261006/crowd_nav/runs/bayes-matched-v1/bayes_mean-seed42-to8000/curves_3metrics.png
[10-07 02:24:50] INFO: [RL-EP-4475] (4475/8000) s/c/t=1/0/0 qloss=0.0000 ploss=0.0000 buf=200000
[10-07 02:24:50] INFO:               cumulative s/c/t%: 98.0%/2.0%/0.0%
[10-07 02:24:50] INFO: [REPLAY-STORE] ok=1475 skip=0 steps=79058 buf=200000
[10-07 02:24:50] INFO: [STAGE0-MONITOR] timeout_ratio=0.000 (target: decrease over time)
[10-07 02:24:50] INFO: ================================================================================
[10-07 02:24:50] INFO: [MULTI-SCALE-4475] TARGET: peak=1.000 stable_90=10ep
[10-07 02:24:50] INFO: [MULTI-SCALE-4475] WINDOWS: short=1.000 med=1.000 long=0.980
[10-07 02:24:50] INFO: [MULTI-SCALE-4475] QUALITY: stability=0.800 learn_rate=0.00000
[10-07 02:24:50] INFO: [ACHIEVEMENT] Stable 90%+ success rate achieved for 10 episodes!
[10-07 02:24:50] INFO: [HEALTH-CHECK-4475] Overall: NEEDS_IMPROVEMENT (score=0.400)
[10-07 02:24:50] INFO: ================================================================================
[10-07 02:24:53] INFO: [RL-EP-4476] (4476)
[10-07 02:24:56] INFO: [RL-EP-4477] (4477)
[10-07 02:24:59] INFO: [RL-EP-4478] (4478)
[10-07 02:25:02] INFO: [RL-EP-4479] (4479)
[10-07 02:25:05] INFO: [RL-EP-4480] roll=0.960/0.040/0.000
[10-07 02:25:08] INFO: [RL-EP-4481] (4481)
[10-07 02:25:11] INFO: [RL-EP-4482] (4482)
[10-07 02:25:14] INFO: [RL-EP-4483] (4483)
[10-07 02:25:18] INFO: [RL-EP-4484] (4484)
[10-07 02:25:21] INFO: [RL-EP-4485] roll=0.980/0.020/0.000
[10-07 02:25:24] INFO: [RL-EP-4486] (4486)
[10-07 02:25:27] INFO: [RL-EP-4487] (4487)
[10-07 02:25:30] INFO: [RL-EP-4488] (4488)
[10-07 02:25:33] INFO: [RL-EP-4489] (4489)
[10-07 02:25:36] INFO: [RL-EP-4490] roll=0.960/0.040/0.000
[10-07 02:25:39] INFO: [RL-EP-4491] (4491)
[10-07 02:25:42] INFO: [RL-EP-4492] (4492)
[10-07 02:25:45] INFO: [RL-EP-4493] (4493)
[10-07 02:25:48] INFO: [RL-EP-4494] (4494)
[10-07 02:25:51] INFO: [RL-EP-4495] roll=0.960/0.040/0.000
[10-07 02:25:54] INFO: [RL-EP-4496] (4496)
[10-07 02:25:57] INFO: [RL-EP-4497] (4497)
[10-07 02:26:00] INFO: [RL-EP-4498] (4498)
[10-07 02:26:03] INFO: [RL-EP-4499] (4499)
[10-07 02:26:03] INFO: [CONFIG-CHECK] ep=4500 updates_per_ep=4 (from config)
[10-07 02:26:03] INFO: [SARL-EPSILON] ep=4500 epsilon=0.0500 (start=0.3, end=0.05, decay=1500)
[10-07 02:26:06] INFO: [SARL-REPLAY] ep=4500 buffer_size=200000 updates=4
[10-07 02:26:06] INFO: [SARL-LOSS] ep=4500 value_loss=0.0079 epsilon=0.0500
[10-07 02:26:06] INFO: [SARL-STATS] ep=4500 buffer_size=200000
[10-07 02:26:06] INFO: [STAT] ep=4500 | roll@25(s/c/t)=1.0/0.0/0.0 (0.96/0.04/0.00) | R.mean=0.6
[10-07 02:26:06] INFO: [METRICS-25] time=11.89s | dfreq=0.000 | ddist=0.000m
[10-07 02:26:07] INFO: [METRICS-PLOT] 3-metrics curve -> /root/bayes-vl-matched-20261006/crowd_nav/runs/bayes-matched-v1/bayes_mean-seed42-to8000/curves_3metrics.png
[10-07 02:26:07] INFO: [RL-EP-4500] (4500/8000) s/c/t=1/0/0 qloss=0.0000 ploss=0.0000 buf=200000
[10-07 02:26:07] INFO:               cumulative s/c/t%: 96.0%/4.0%/0.0%
[10-07 02:26:07] INFO: [REPLAY-STORE] ok=1500 skip=0 steps=80188 buf=200000
[10-07 02:26:07] INFO: [STAGE0-MONITOR] timeout_ratio=0.000 (target: decrease over time)
[10-07 02:26:07] INFO: [SOT-4500] REWARD succ=1.0/coll=-0.50 | GRID 5×16=80 | EVENTS s=0.96/c=0.04/t=0.00
[10-07 02:26:07] INFO: ================================================================================
[10-07 02:26:07] INFO: [MULTI-SCALE-4500] TARGET: peak=1.000 stable_90=10ep
[10-07 02:26:07] INFO: [MULTI-SCALE-4500] WINDOWS: short=1.000 med=0.920 long=0.960
[10-07 02:26:07] INFO: [MULTI-SCALE-4500] QUALITY: stability=0.800 learn_rate=0.00000
[10-07 02:26:07] INFO: [ACHIEVEMENT] Stable 90%+ success rate achieved for 10 episodes!
[10-07 02:26:07] INFO: [HEALTH-CHECK-4500] Overall: NEEDS_IMPROVEMENT (score=0.400)
[10-07 02:26:07] INFO: ================================================================================
[10-07 02:26:07] INFO: [RL-SAVE] sarl checkpoint -> /root/bayes-vl-matched-20261006/crowd_nav/runs/bayes-matched-v1/bayes_mean-seed42-to8000/rl_model_ep4500.pth
[10-07 02:26:07] INFO: [RL-SAVE] Saved components: policy, target network, optimizer
[10-07 02:26:10] INFO: [RL-EP-4501] (4501)
[10-07 02:26:14] INFO: [RL-EP-4502] (4502)
[10-07 02:26:17] INFO: [RL-EP-4503] (4503)
[10-07 02:26:20] INFO: [RL-EP-4504] (4504)
[10-07 02:26:23] INFO: [RL-EP-4505] roll=0.960/0.040/0.000
[10-07 02:26:26] INFO: [RL-EP-4506] (4506)
[10-07 02:26:30] INFO: [RL-EP-4507] (4507)
[10-07 02:26:33] INFO: [RL-EP-4508] (4508)
[10-07 02:26:36] INFO: [RL-EP-4509] (4509)
[10-07 02:26:39] INFO: [RL-EP-4510] roll=0.960/0.040/0.000
[10-07 02:26:42] INFO: [RL-EP-4511] (4511)
[10-07 02:26:46] INFO: [RL-EP-4512] (4512)
[10-07 02:26:49] INFO: [RL-EP-4513] (4513)
[10-07 02:26:52] INFO: [RL-EP-4514] (4514)
[10-07 02:26:55] INFO: [RL-EP-4515] roll=0.960/0.040/0.000
[10-07 02:26:58] INFO: [RL-EP-4516] (4516)
[10-07 02:27:01] INFO: [RL-EP-4517] (4517)
[10-07 02:27:04] INFO: [RL-EP-4518] (4518)
[10-07 02:27:08] INFO: [RL-EP-4519] (4519)
[10-07 02:27:11] INFO: [RL-EP-4520] roll=0.960/0.040/0.000
[10-07 02:27:14] INFO: [RL-EP-4521] (4521)
[10-07 02:27:17] INFO: [RL-EP-4522] (4522)
[10-07 02:27:20] INFO: [RL-EP-4523] (4523)
[10-07 02:27:23] INFO: [RL-EP-4524] (4524)
[10-07 02:27:26] INFO: [SARL-LOSS] ep=4525 value_loss=0.0056 epsilon=0.0500
[10-07 02:27:26] INFO: [STAT] ep=4525 | roll@25(s/c/t)=1.0/0.0/0.0 (0.96/0.04/0.00) | R.mean=0.6
[10-07 02:27:26] INFO: [METRICS-25] time=11.89s | dfreq=0.000 | ddist=0.000m
[10-07 02:27:26] INFO: [METRICS-PLOT] 3-metrics curve -> /root/bayes-vl-matched-20261006/crowd_nav/runs/bayes-matched-v1/bayes_mean-seed42-to8000/curves_3metrics.png
[10-07 02:27:26] INFO: [RL-EP-4525] (4525/8000) s/c/t=1/0/0 qloss=0.0000 ploss=0.0000 buf=200000
[10-07 02:27:26] INFO:               cumulative s/c/t%: 96.0%/4.0%/0.0%
[10-07 02:27:26] INFO: [REPLAY-STORE] ok=1525 skip=0 steps=81437 buf=200000
[10-07 02:27:26] INFO: [STAGE0-MONITOR] timeout_ratio=0.000 (target: decrease over time)
[10-07 02:27:26] INFO: ================================================================================
[10-07 02:27:26] INFO: [MULTI-SCALE-4525] TARGET: peak=1.000 stable_90=10ep
[10-07 02:27:26] INFO: [MULTI-SCALE-4525] WINDOWS: short=1.000 med=1.000 long=0.970
[10-07 02:27:26] INFO: [MULTI-SCALE-4525] QUALITY: stability=0.800 learn_rate=0.00000
[10-07 02:27:26] INFO: [ACHIEVEMENT] Stable 90%+ success rate achieved for 10 episodes!
[10-07 02:27:26] INFO: [HEALTH-CHECK-4525] Overall: NEEDS_IMPROVEMENT (score=0.400)
[10-07 02:27:26] INFO: ================================================================================
[10-07 02:27:30] INFO: [RL-EP-4526] (4526)
[10-07 02:27:32] INFO: [RL-EP-4527] (4527)
[10-07 02:27:35] INFO: [RL-EP-4528] (4528)
[10-07 02:27:38] INFO: [RL-EP-4529] (4529)
[10-07 02:27:41] INFO: [RL-EP-4530] roll=0.960/0.040/0.000
[10-07 02:27:45] INFO: [RL-EP-4531] (4531)
[10-07 02:27:48] INFO: [RL-EP-4532] (4532)
[10-07 02:27:51] INFO: [RL-EP-4533] (4533)
[10-07 02:27:54] INFO: [RL-EP-4534] (4534)
[10-07 02:27:58] INFO: [RL-EP-4535] roll=0.960/0.040/0.000
[10-07 02:28:01] INFO: [RL-EP-4536] (4536)
[10-07 02:28:04] INFO: [RL-EP-4537] (4537)
[10-07 02:28:07] INFO: [RL-EP-4538] (4538)
[10-07 02:28:10] INFO: [RL-EP-4539] (4539)
[10-07 02:28:13] INFO: [RL-EP-4540] roll=0.980/0.020/0.000
[10-07 02:28:16] INFO: [RL-EP-4541] (4541)
[10-07 02:28:19] INFO: [RL-EP-4542] (4542)
[10-07 02:28:23] INFO: [RL-EP-4543] (4543)
[10-07 02:28:26] INFO: [RL-EP-4544] (4544)
[10-07 02:28:29] INFO: [RL-EP-4545] roll=0.980/0.020/0.000
[10-07 02:28:32] INFO: [RL-EP-4546] (4546)
[10-07 02:28:35] INFO: [RL-EP-4547] (4547)
[10-07 02:28:38] INFO: [RL-EP-4548] (4548)
[10-07 02:28:41] INFO: [RL-EP-4549] (4549)
[10-07 02:28:41] INFO: [CONFIG-CHECK] ep=4550 updates_per_ep=4 (from config)
[10-07 02:28:45] INFO: [SARL-LOSS] ep=4550 value_loss=0.0071 epsilon=0.0500
[10-07 02:28:45] INFO: [STAT] ep=4550 | roll@25(s/c/t)=1.0/0.0/0.0 (0.98/0.02/0.00) | R.mean=0.6
[10-07 02:28:45] INFO: [METRICS-25] time=12.47s | dfreq=0.000 | ddist=0.000m
[10-07 02:28:45] INFO: [METRICS-PLOT] 3-metrics curve -> /root/bayes-vl-matched-20261006/crowd_nav/runs/bayes-matched-v1/bayes_mean-seed42-to8000/curves_3metrics.png
[10-07 02:28:45] INFO: [RL-EP-4550] (4550/8000) s/c/t=1/0/0 qloss=0.0000 ploss=0.0000 buf=200000
[10-07 02:28:45] INFO:               cumulative s/c/t%: 98.0%/2.0%/0.0%
[10-07 02:28:45] INFO: [REPLAY-STORE] ok=1550 skip=0 steps=82682 buf=200000
[10-07 02:28:45] INFO: [STAGE0-MONITOR] timeout_ratio=0.000 (target: decrease over time)
[10-07 02:28:45] INFO: ================================================================================
[10-07 02:28:45] INFO: [MULTI-SCALE-4550] TARGET: peak=1.000 stable_90=10ep
[10-07 02:28:45] INFO: [MULTI-SCALE-4550] WINDOWS: short=1.000 med=0.960 long=0.970
[10-07 02:28:45] INFO: [MULTI-SCALE-4550] QUALITY: stability=0.800 learn_rate=0.00000
[10-07 02:28:45] INFO: [ACHIEVEMENT] Stable 90%+ success rate achieved for 10 episodes!
[10-07 02:28:45] INFO: [HEALTH-CHECK-4550] Overall: NEEDS_IMPROVEMENT (score=0.400)
[10-07 02:28:45] INFO: ================================================================================
[10-07 02:28:48] INFO: [RL-EP-4551] (4551)
[10-07 02:28:52] INFO: [RL-EP-4552] (4552)
[10-07 02:28:55] INFO: [RL-EP-4553] (4553)
[10-07 02:28:58] INFO: [RL-EP-4554] (4554)
[10-07 02:29:02] INFO: [RL-EP-4555] roll=0.980/0.020/0.000
[10-07 02:29:05] INFO: [RL-EP-4556] (4556)
[10-07 02:29:08] INFO: [RL-EP-4557] (4557)
[10-07 02:29:12] INFO: [RL-EP-4558] (4558)
[10-07 02:29:15] INFO: [RL-EP-4559] (4559)
[10-07 02:29:18] INFO: [RL-EP-4560] roll=0.980/0.020/0.000
[10-07 02:29:21] INFO: [RL-EP-4561] (4561)
[10-07 02:29:24] INFO: [RL-EP-4562] (4562)
[10-07 02:29:28] INFO: [RL-EP-4563] (4563)
[10-07 02:29:31] INFO: [RL-EP-4564] (4564)
[10-07 02:29:34] INFO: [RL-EP-4565] roll=0.980/0.020/0.000
[10-07 02:29:38] INFO: [RL-EP-4566] (4566)
[10-07 02:29:41] INFO: [RL-EP-4567] (4567)
[10-07 02:29:44] INFO: [RL-EP-4568] (4568)
[10-07 02:29:47] INFO: [RL-EP-4569] (4569)
[10-07 02:29:51] INFO: [RL-EP-4570] roll=0.980/0.020/0.000
[10-07 02:29:54] INFO: [RL-EP-4571] (4571)
[10-07 02:29:57] INFO: [RL-EP-4572] (4572)
[10-07 02:29:59] INFO: [RL-EP-4573] (4573)
[10-07 02:30:02] INFO: [RL-EP-4574] (4574)
[10-07 02:30:06] INFO: [SARL-LOSS] ep=4575 value_loss=0.0091 epsilon=0.0500
[10-07 02:30:06] INFO: [STAT] ep=4575 | roll@25(s/c/t)=1.0/0.0/0.0 (0.96/0.04/0.00) | R.mean=0.5
[10-07 02:30:06] INFO: [METRICS-25] time=12.63s | dfreq=0.000 | ddist=0.000m
[10-07 02:30:06] INFO: [METRICS-PLOT] 3-metrics curve -> /root/bayes-vl-matched-20261006/crowd_nav/runs/bayes-matched-v1/bayes_mean-seed42-to8000/curves_3metrics.png
[10-07 02:30:06] INFO: [RL-EP-4575] (4575/8000) s/c/t=1/0/0 qloss=0.0000 ploss=0.0000 buf=200000
[10-07 02:30:06] INFO:               cumulative s/c/t%: 96.0%/4.0%/0.0%
[10-07 02:30:06] INFO: [REPLAY-STORE] ok=1575 skip=0 steps=83963 buf=200000
[10-07 02:30:06] INFO: [STAGE0-MONITOR] timeout_ratio=0.000 (target: decrease over time)
[10-07 02:30:06] INFO: ================================================================================
[10-07 02:30:06] INFO: [MULTI-SCALE-4575] TARGET: peak=1.000 stable_90=10ep
[10-07 02:30:06] INFO: [MULTI-SCALE-4575] WINDOWS: short=0.900 med=0.960 long=0.960
[10-07 02:30:06] INFO: [MULTI-SCALE-4575] QUALITY: stability=0.800 learn_rate=0.00000
[10-07 02:30:06] INFO: [ACHIEVEMENT] Stable 90%+ success rate achieved for 10 episodes!
[10-07 02:30:06] INFO: [HEALTH-CHECK-4575] Overall: NEEDS_IMPROVEMENT (score=0.400)
[10-07 02:30:06] INFO: ================================================================================
[10-07 02:30:09] INFO: [RL-EP-4576] (4576)
[10-07 02:30:13] INFO: [RL-EP-4577] (4577)
[10-07 02:30:16] INFO: [RL-EP-4578] (4578)
[10-07 02:30:19] INFO: [RL-EP-4579] (4579)
[10-07 02:30:23] INFO: [RL-EP-4580] roll=0.980/0.020/0.000
[10-07 02:30:26] INFO: [RL-EP-4581] (4581)
[10-07 02:30:29] INFO: [RL-EP-4582] (4582)
[10-07 02:30:32] INFO: [RL-EP-4583] (4583)
[10-07 02:30:35] INFO: [RL-EP-4584] (4584)
[10-07 02:30:38] INFO: [RL-EP-4585] roll=0.980/0.020/0.000
[10-07 02:30:42] INFO: [RL-EP-4586] (4586)
[10-07 02:30:45] INFO: [RL-EP-4587] (4587)
[10-07 02:30:48] INFO: [RL-EP-4588] (4588)
[10-07 02:30:51] INFO: [RL-EP-4589] (4589)
[10-07 02:30:54] INFO: [RL-EP-4590] roll=0.980/0.020/0.000
[10-07 02:30:58] INFO: [RL-EP-4591] (4591)
[10-07 02:31:01] INFO: [RL-EP-4592] (4592)
[10-07 02:31:04] INFO: [RL-EP-4593] (4593)
[10-07 02:31:07] INFO: [RL-EP-4594] (4594)
[10-07 02:31:10] INFO: [RL-EP-4595] roll=0.980/0.020/0.000
[10-07 02:31:13] INFO: [RL-EP-4596] (4596)
[10-07 02:31:16] INFO: [RL-EP-4597] (4597)
[10-07 02:31:20] INFO: [RL-EP-4598] (4598)
[10-07 02:31:23] INFO: [RL-EP-4599] (4599)
[10-07 02:31:23] INFO: [CONFIG-CHECK] ep=4600 updates_per_ep=4 (from config)
[10-07 02:31:23] INFO: [SARL-EPSILON] ep=4600 epsilon=0.0500 (start=0.3, end=0.05, decay=1500)
[10-07 02:31:26] INFO: [SARL-REPLAY] ep=4600 buffer_size=200000 updates=4
[10-07 02:31:26] INFO: [SARL-LOSS] ep=4600 value_loss=0.0062 epsilon=0.0500
[10-07 02:31:26] INFO: [SARL-STATS] ep=4600 buffer_size=200000
[10-07 02:31:26] INFO: [STAT] ep=4600 | roll@25(s/c/t)=1.0/0.0/0.0 (0.98/0.02/0.00) | R.mean=0.6
[10-07 02:31:26] INFO: [METRICS-25] time=12.81s | dfreq=0.000 | ddist=0.000m
[10-07 02:31:27] INFO: [METRICS-PLOT] 3-metrics curve -> /root/bayes-vl-matched-20261006/crowd_nav/runs/bayes-matched-v1/bayes_mean-seed42-to8000/curves_3metrics.png
[10-07 02:31:27] INFO: [RL-EP-4600] (4600/8000) s/c/t=1/0/0 qloss=0.0000 ploss=0.0000 buf=200000
[10-07 02:31:27] INFO:               cumulative s/c/t%: 98.0%/2.0%/0.0%
[10-07 02:31:27] INFO: [REPLAY-STORE] ok=1600 skip=0 steps=85244 buf=200000
[10-07 02:31:27] INFO: [STAGE0-MONITOR] timeout_ratio=0.000 (target: decrease over time)
[10-07 02:31:27] INFO: [SOT-4600] REWARD succ=1.0/coll=-0.50 | GRID 5×16=80 | EVENTS s=0.98/c=0.02/t=0.00
[10-07 02:31:27] INFO: ================================================================================
[10-07 02:31:27] INFO: [MULTI-SCALE-4600] TARGET: peak=1.000 stable_90=10ep
[10-07 02:31:27] INFO: [MULTI-SCALE-4600] WINDOWS: short=1.000 med=1.000 long=0.980
[10-07 02:31:27] INFO: [MULTI-SCALE-4600] QUALITY: stability=0.800 learn_rate=0.00000
[10-07 02:31:27] INFO: [ACHIEVEMENT] Stable 90%+ success rate achieved for 10 episodes!
[10-07 02:31:27] INFO: [HEALTH-CHECK-4600] Overall: NEEDS_IMPROVEMENT (score=0.400)
[10-07 02:31:27] INFO: ================================================================================
[10-07 02:31:30] INFO: [RL-EP-4601] (4601)
[10-07 02:31:34] INFO: [RL-EP-4602] (4602)
[10-07 02:31:37] INFO: [RL-EP-4603] (4603)
[10-07 02:31:40] INFO: [RL-EP-4604] (4604)
[10-07 02:31:44] INFO: [RL-EP-4605] roll=0.980/0.020/0.000
[10-07 02:31:47] INFO: [RL-EP-4606] (4606)
[10-07 02:31:51] INFO: [RL-EP-4607] (4607)
[10-07 02:31:54] INFO: [RL-EP-4608] (4608)
[10-07 02:31:57] INFO: [RL-EP-4609] (4609)
[10-07 02:32:01] INFO: [RL-EP-4610] roll=0.980/0.020/0.000
[10-07 02:32:04] INFO: [RL-EP-4611] (4611)
[10-07 02:32:07] INFO: [RL-EP-4612] (4612)
[10-07 02:32:10] INFO: [RL-EP-4613] (4613)
[10-07 02:32:13] INFO: [RL-EP-4614] (4614)
[10-07 02:32:16] INFO: [RL-EP-4615] roll=0.980/0.020/0.000
[10-07 02:32:19] INFO: [RL-EP-4616] (4616)
[10-07 02:32:23] INFO: [RL-EP-4617] (4617)
[10-07 02:32:26] INFO: [RL-EP-4618] (4618)
[10-07 02:32:29] INFO: [RL-EP-4619] (4619)
[10-07 02:32:32] INFO: [RL-EP-4620] roll=0.980/0.020/0.000
[10-07 02:32:35] INFO: [RL-EP-4621] (4621)
[10-07 02:32:38] INFO: [RL-EP-4622] (4622)
[10-07 02:32:42] INFO: [RL-EP-4623] (4623)
[10-07 02:32:45] INFO: [RL-EP-4624] (4624)
[10-07 02:32:48] INFO: [SARL-LOSS] ep=4625 value_loss=0.0054 epsilon=0.0500
[10-07 02:32:48] INFO: [STAT] ep=4625 | roll@25(s/c/t)=1.0/0.0/0.0 (1.00/0.00/0.00) | R.mean=0.6
[10-07 02:32:48] INFO: [METRICS-25] time=12.91s | dfreq=0.000 | ddist=0.000m
[10-07 02:32:49] INFO: [METRICS-PLOT] 3-metrics curve -> /root/bayes-vl-matched-20261006/crowd_nav/runs/bayes-matched-v1/bayes_mean-seed42-to8000/curves_3metrics.png
[10-07 02:32:49] INFO: [RL-EP-4625] (4625/8000) s/c/t=1/0/0 qloss=0.0000 ploss=0.0000 buf=200000
[10-07 02:32:49] INFO:               cumulative s/c/t%: 100.0%/0.0%/0.0%
[10-07 02:32:49] INFO: [REPLAY-STORE] ok=1625 skip=0 steps=86546 buf=200000
[10-07 02:32:49] INFO: [STAGE0-MONITOR] timeout_ratio=0.000 (target: decrease over time)
[10-07 02:32:49] INFO: ================================================================================
[10-07 02:32:49] INFO: [MULTI-SCALE-4625] TARGET: peak=1.000 stable_90=10ep
[10-07 02:32:49] INFO: [MULTI-SCALE-4625] WINDOWS: short=1.000 med=1.000 long=0.980
[10-07 02:32:49] INFO: [MULTI-SCALE-4625] QUALITY: stability=0.800 learn_rate=0.00000
[10-07 02:32:49] INFO: [ACHIEVEMENT] Stable 90%+ success rate achieved for 10 episodes!
[10-07 02:32:49] INFO: [HEALTH-CHECK-4625] Overall: NEEDS_IMPROVEMENT (score=0.400)
[10-07 02:32:49] INFO: ================================================================================
[10-07 02:32:52] INFO: [RL-EP-4626] (4626)
[10-07 02:32:55] INFO: [RL-EP-4627] (4627)
[10-07 02:32:58] INFO: [RL-EP-4628] (4628)
[10-07 02:33:01] INFO: [RL-EP-4629] (4629)
[10-07 02:33:05] INFO: [RL-EP-4630] roll=1.000/0.000/0.000
[10-07 02:33:08] INFO: [RL-EP-4631] (4631)
[10-07 02:33:11] INFO: [RL-EP-4632] (4632)
[10-07 02:33:14] INFO: [RL-EP-4633] (4633)
[10-07 02:33:17] INFO: [RL-EP-4634] (4634)
[10-07 02:33:21] INFO: [RL-EP-4635] roll=1.000/0.000/0.000
[10-07 02:33:24] INFO: [RL-EP-4636] (4636)
[10-07 02:33:27] INFO: [RL-EP-4637] (4637)
[10-07 02:33:30] INFO: [RL-EP-4638] (4638)
[10-07 02:33:34] INFO: [RL-EP-4639] (4639)
[10-07 02:33:37] INFO: [RL-EP-4640] roll=1.000/0.000/0.000
[10-07 02:33:40] INFO: [RL-EP-4641] (4641)
[10-07 02:33:43] INFO: [RL-EP-4642] (4642)
[10-07 02:33:46] INFO: [RL-EP-4643] (4643)
[10-07 02:33:49] INFO: [RL-EP-4644] (4644)
[10-07 02:33:53] INFO: [RL-EP-4645] roll=1.000/0.000/0.000
[10-07 02:33:56] INFO: [RL-EP-4646] (4646)
[10-07 02:34:00] INFO: [RL-EP-4647] (4647)
[10-07 02:34:03] INFO: [RL-EP-4648] (4648)
[10-07 02:34:06] INFO: [RL-EP-4649] (4649)
[10-07 02:34:06] INFO: [CONFIG-CHECK] ep=4650 updates_per_ep=4 (from config)
[10-07 02:34:09] INFO: [SARL-LOSS] ep=4650 value_loss=0.0018 epsilon=0.0500
[10-07 02:34:09] INFO: [STAT] ep=4650 | roll@25(s/c/t)=1.0/0.0/0.0 (1.00/0.00/0.00) | R.mean=0.6
[10-07 02:34:09] INFO: [METRICS-25] time=12.85s | dfreq=0.000 | ddist=0.000m
[10-07 02:34:09] INFO: [METRICS-PLOT] 3-metrics curve -> /root/bayes-vl-matched-20261006/crowd_nav/runs/bayes-matched-v1/bayes_mean-seed42-to8000/curves_3metrics.png
[10-07 02:34:09] INFO: [RL-EP-4650] (4650/8000) s/c/t=1/0/0 qloss=0.0000 ploss=0.0000 buf=200000
[10-07 02:34:09] INFO:               cumulative s/c/t%: 100.0%/0.0%/0.0%
[10-07 02:34:09] INFO: [REPLAY-STORE] ok=1650 skip=0 steps=87813 buf=200000
[10-07 02:34:09] INFO: [STAGE0-MONITOR] timeout_ratio=0.000 (target: decrease over time)
[10-07 02:34:09] INFO: ================================================================================
[10-07 02:34:09] INFO: [MULTI-SCALE-4650] TARGET: peak=1.000 stable_90=10ep
[10-07 02:34:09] INFO: [MULTI-SCALE-4650] WINDOWS: short=1.000 med=1.000 long=0.990
[10-07 02:34:09] INFO: [MULTI-SCALE-4650] QUALITY: stability=0.800 learn_rate=0.00000
[10-07 02:34:09] INFO: [ACHIEVEMENT] Stable 90%+ success rate achieved for 10 episodes!
[10-07 02:34:09] INFO: [HEALTH-CHECK-4650] Overall: NEEDS_IMPROVEMENT (score=0.400)
[10-07 02:34:09] INFO: ================================================================================
[10-07 02:34:13] INFO: [RL-EP-4651] (4651)
[10-07 02:34:15] INFO: [RL-EP-4652] (4652)
[10-07 02:34:19] INFO: [RL-EP-4653] (4653)
[10-07 02:34:22] INFO: [RL-EP-4654] (4654)
[10-07 02:34:25] INFO: [RL-EP-4655] roll=0.980/0.020/0.000
[10-07 02:34:28] INFO: [RL-EP-4656] (4656)
[10-07 02:34:31] INFO: [RL-EP-4657] (4657)
[10-07 02:34:35] INFO: [RL-EP-4658] (4658)
[10-07 02:34:38] INFO: [RL-EP-4659] (4659)
[10-07 02:34:41] INFO: [RL-EP-4660] roll=0.980/0.020/0.000
[10-07 02:34:44] INFO: [RL-EP-4661] (4661)
[10-07 02:34:47] INFO: [RL-EP-4662] (4662)
[10-07 02:34:50] INFO: [RL-EP-4663] (4663)
[10-07 02:34:54] INFO: [RL-EP-4664] (4664)
[10-07 02:34:57] INFO: [RL-EP-4665] roll=0.980/0.020/0.000
[10-07 02:35:00] INFO: [RL-EP-4666] (4666)
[10-07 02:35:03] INFO: [RL-EP-4667] (4667)
[10-07 02:35:06] INFO: [RL-EP-4668] (4668)
[10-07 02:35:09] INFO: [RL-EP-4669] (4669)
[10-07 02:35:12] INFO: [RL-EP-4670] roll=0.980/0.020/0.000
[10-07 02:35:15] INFO: [RL-EP-4671] (4671)
[10-07 02:35:19] INFO: [RL-EP-4672] (4672)
[10-07 02:35:22] INFO: [RL-EP-4673] (4673)
[10-07 02:35:25] INFO: [RL-EP-4674] (4674)
[10-07 02:35:28] INFO: [SARL-LOSS] ep=4675 value_loss=0.0053 epsilon=0.0500
[10-07 02:35:28] INFO: [STAT] ep=4675 | roll@25(s/c/t)=1.0/0.0/0.0 (0.98/0.02/0.00) | R.mean=0.6
[10-07 02:35:28] INFO: [METRICS-25] time=12.49s | dfreq=0.000 | ddist=0.000m
[10-07 02:35:29] INFO: [METRICS-PLOT] 3-metrics curve -> /root/bayes-vl-matched-20261006/crowd_nav/runs/bayes-matched-v1/bayes_mean-seed42-to8000/curves_3metrics.png
[10-07 02:35:29] INFO: [RL-EP-4675] (4675/8000) s/c/t=1/0/0 qloss=0.0000 ploss=0.0000 buf=200000
[10-07 02:35:29] INFO:               cumulative s/c/t%: 98.0%/2.0%/0.0%
[10-07 02:35:29] INFO: [REPLAY-STORE] ok=1675 skip=0 steps=89044 buf=200000
[10-07 02:35:29] INFO: [STAGE0-MONITOR] timeout_ratio=0.000 (target: decrease over time)
[10-07 02:35:29] INFO: ================================================================================
[10-07 02:35:29] INFO: [MULTI-SCALE-4675] TARGET: peak=1.000 stable_90=10ep
[10-07 02:35:29] INFO: [MULTI-SCALE-4675] WINDOWS: short=1.000 med=0.960 long=0.990
[10-07 02:35:29] INFO: [MULTI-SCALE-4675] QUALITY: stability=0.800 learn_rate=0.00000
[10-07 02:35:29] INFO: [ACHIEVEMENT] Stable 90%+ success rate achieved for 10 episodes!
[10-07 02:35:29] INFO: [HEALTH-CHECK-4675] Overall: NEEDS_IMPROVEMENT (score=0.400)
[10-07 02:35:29] INFO: ================================================================================
[10-07 02:35:32] INFO: [RL-EP-4676] (4676)
[10-07 02:35:35] INFO: [RL-EP-4677] (4677)
[10-07 02:35:39] INFO: [RL-EP-4678] (4678)
[10-07 02:35:42] INFO: [RL-EP-4679] (4679)
[10-07 02:35:45] INFO: [RL-EP-4680] roll=0.980/0.020/0.000
[10-07 02:35:48] INFO: [RL-EP-4681] (4681)
[10-07 02:35:51] INFO: [RL-EP-4682] (4682)
[10-07 02:35:54] INFO: [RL-EP-4683] (4683)
[10-07 02:35:57] INFO: [RL-EP-4684] (4684)
[10-07 02:36:01] INFO: [RL-EP-4685] roll=0.980/0.020/0.000
[10-07 02:36:04] INFO: [RL-EP-4686] (4686)
[10-07 02:36:07] INFO: [RL-EP-4687] (4687)
[10-07 02:36:10] INFO: [RL-EP-4688] (4688)
[10-07 02:36:13] INFO: [RL-EP-4689] (4689)
[10-07 02:36:17] INFO: [RL-EP-4690] roll=0.980/0.020/0.000
[10-07 02:36:20] INFO: [RL-EP-4691] (4691)
[10-07 02:36:23] INFO: [RL-EP-4692] (4692)
[10-07 02:36:26] INFO: [RL-EP-4693] (4693)
[10-07 02:36:29] INFO: [RL-EP-4694] (4694)
[10-07 02:36:32] INFO: [RL-EP-4695] roll=0.980/0.020/0.000
[10-07 02:36:35] INFO: [RL-EP-4696] (4696)
[10-07 02:36:38] INFO: [RL-EP-4697] (4697)
[10-07 02:36:41] INFO: [RL-EP-4698] (4698)
[10-07 02:36:44] INFO: [RL-EP-4699] (4699)
[10-07 02:36:44] INFO: [CONFIG-CHECK] ep=4700 updates_per_ep=4 (from config)
[10-07 02:36:44] INFO: [SARL-EPSILON] ep=4700 epsilon=0.0500 (start=0.3, end=0.05, decay=1500)
[10-07 02:36:47] INFO: [SARL-REPLAY] ep=4700 buffer_size=200000 updates=4
[10-07 02:36:47] INFO: [SARL-LOSS] ep=4700 value_loss=0.0042 epsilon=0.0500
[10-07 02:36:47] INFO: [SARL-STATS] ep=4700 buffer_size=200000
[10-07 02:36:47] INFO: [STAT] ep=4700 | roll@25(s/c/t)=1.0/0.0/0.0 (0.98/0.02/0.00) | R.mean=0.6
[10-07 02:36:47] INFO: [METRICS-25] time=12.38s | dfreq=0.000 | ddist=0.000m
[10-07 02:36:48] INFO: [METRICS-PLOT] 3-metrics curve -> /root/bayes-vl-matched-20261006/crowd_nav/runs/bayes-matched-v1/bayes_mean-seed42-to8000/curves_3metrics.png
[10-07 02:36:48] INFO: [RL-EP-4700] (4700/8000) s/c/t=1/0/0 qloss=0.0000 ploss=0.0000 buf=200000
[10-07 02:36:48] INFO:               cumulative s/c/t%: 98.0%/2.0%/0.0%
[10-07 02:36:48] INFO: [REPLAY-STORE] ok=1700 skip=0 steps=90290 buf=200000
[10-07 02:36:48] INFO: [STAGE0-MONITOR] timeout_ratio=0.000 (target: decrease over time)
[10-07 02:36:48] INFO: [SOT-4700] REWARD succ=1.0/coll=-0.50 | GRID 5×16=80 | EVENTS s=0.98/c=0.02/t=0.00
[10-07 02:36:48] INFO: ================================================================================
[10-07 02:36:48] INFO: [MULTI-SCALE-4700] TARGET: peak=1.000 stable_90=10ep
[10-07 02:36:48] INFO: [MULTI-SCALE-4700] WINDOWS: short=1.000 med=1.000 long=0.990
[10-07 02:36:48] INFO: [MULTI-SCALE-4700] QUALITY: stability=0.800 learn_rate=0.00000
[10-07 02:36:48] INFO: [ACHIEVEMENT] Stable 90%+ success rate achieved for 10 episodes!
[10-07 02:36:48] INFO: [HEALTH-CHECK-4700] Overall: NEEDS_IMPROVEMENT (score=0.400)
[10-07 02:36:48] INFO: ================================================================================
[10-07 02:36:51] INFO: [RL-EP-4701] (4701)
[10-07 02:36:54] INFO: [RL-EP-4702] (4702)
[10-07 02:36:58] INFO: [RL-EP-4703] (4703)
[10-07 02:37:01] INFO: [RL-EP-4704] (4704)
[10-07 02:37:04] INFO: [RL-EP-4705] roll=1.000/0.000/0.000
[10-07 02:37:07] INFO: [RL-EP-4706] (4706)
[10-07 02:37:10] INFO: [RL-EP-4707] (4707)
[10-07 02:37:14] INFO: [RL-EP-4708] (4708)
[10-07 02:37:17] INFO: [RL-EP-4709] (4709)
[10-07 02:37:20] INFO: [RL-EP-4710] roll=1.000/0.000/0.000
[10-07 02:37:23] INFO: [RL-EP-4711] (4711)
[10-07 02:37:26] INFO: [RL-EP-4712] (4712)
[10-07 02:37:29] INFO: [RL-EP-4713] (4713)
[10-07 02:37:32] INFO: [RL-EP-4714] (4714)
[10-07 02:37:35] INFO: [RL-EP-4715] roll=1.000/0.000/0.000
[10-07 02:37:39] INFO: [RL-EP-4716] (4716)
[10-07 02:37:42] INFO: [RL-EP-4717] (4717)
[10-07 02:37:45] INFO: [RL-EP-4718] (4718)
[10-07 02:37:49] INFO: [RL-EP-4719] (4719)
[10-07 02:37:52] INFO: [RL-EP-4720] roll=1.000/0.000/0.000
[10-07 02:37:55] INFO: [RL-EP-4721] (4721)
[10-07 02:37:58] INFO: [RL-EP-4722] (4722)
[10-07 02:38:01] INFO: [RL-EP-4723] (4723)
[10-07 02:38:04] INFO: [RL-EP-4724] (4724)
[10-07 02:38:07] INFO: [SARL-LOSS] ep=4725 value_loss=0.0033 epsilon=0.0500
[10-07 02:38:07] INFO: [STAT] ep=4725 | roll@25(s/c/t)=1.0/0.0/0.0 (1.00/0.00/0.00) | R.mean=0.6
[10-07 02:38:07] INFO: [METRICS-25] time=12.51s | dfreq=0.000 | ddist=0.000m
[10-07 02:38:08] INFO: [METRICS-PLOT] 3-metrics curve -> /root/bayes-vl-matched-20261006/crowd_nav/runs/bayes-matched-v1/bayes_mean-seed42-to8000/curves_3metrics.png
[10-07 02:38:08] INFO: [RL-EP-4725] (4725/8000) s/c/t=1/0/0 qloss=0.0000 ploss=0.0000 buf=200000
[10-07 02:38:08] INFO:               cumulative s/c/t%: 100.0%/0.0%/0.0%
[10-07 02:38:08] INFO: [REPLAY-STORE] ok=1725 skip=0 steps=91545 buf=200000
[10-07 02:38:08] INFO: [STAGE0-MONITOR] timeout_ratio=0.000 (target: decrease over time)
[10-07 02:38:08] INFO: ================================================================================
[10-07 02:38:08] INFO: [MULTI-SCALE-4725] TARGET: peak=1.000 stable_90=10ep
[10-07 02:38:08] INFO: [MULTI-SCALE-4725] WINDOWS: short=1.000 med=1.000 long=0.990
[10-07 02:38:08] INFO: [MULTI-SCALE-4725] QUALITY: stability=0.800 learn_rate=0.00000
[10-07 02:38:08] INFO: [ACHIEVEMENT] Stable 90%+ success rate achieved for 10 episodes!
[10-07 02:38:08] INFO: [HEALTH-CHECK-4725] Overall: NEEDS_IMPROVEMENT (score=0.400)
[10-07 02:38:08] INFO: ================================================================================
[10-07 02:38:11] INFO: [RL-EP-4726] (4726)
[10-07 02:38:14] INFO: [RL-EP-4727] (4727)
[10-07 02:38:17] INFO: [RL-EP-4728] (4728)
[10-07 02:38:20] INFO: [RL-EP-4729] (4729)
[10-07 02:38:24] INFO: [RL-EP-4730] roll=1.000/0.000/0.000
[10-07 02:38:26] INFO: [RL-EP-4731] (4731)
[10-07 02:38:29] INFO: [RL-EP-4732] (4732)
[10-07 02:38:33] INFO: [RL-EP-4733] (4733)
[10-07 02:38:36] INFO: [RL-EP-4734] (4734)
[10-07 02:38:39] INFO: [RL-EP-4735] roll=1.000/0.000/0.000
[10-07 02:38:42] INFO: [RL-EP-4736] (4736)
[10-07 02:38:46] INFO: [RL-EP-4737] (4737)
[10-07 02:38:49] INFO: [RL-EP-4738] (4738)
[10-07 02:38:52] INFO: [RL-EP-4739] (4739)
[10-07 02:38:55] INFO: [RL-EP-4740] roll=1.000/0.000/0.000
[10-07 02:38:58] INFO: [RL-EP-4741] (4741)
[10-07 02:39:01] INFO: [RL-EP-4742] (4742)
[10-07 02:39:05] INFO: [RL-EP-4743] (4743)
[10-07 02:39:08] INFO: [RL-EP-4744] (4744)
[10-07 02:39:11] INFO: [RL-EP-4745] roll=1.000/0.000/0.000
[10-07 02:39:14] INFO: [RL-EP-4746] (4746)
[10-07 02:39:16] INFO: [RL-EP-4747] (4747)
[10-07 02:39:20] INFO: [RL-EP-4748] (4748)
[10-07 02:39:23] INFO: [RL-EP-4749] (4749)
[10-07 02:39:23] INFO: [CONFIG-CHECK] ep=4750 updates_per_ep=4 (from config)
[10-07 02:39:26] INFO: [SARL-LOSS] ep=4750 value_loss=0.0050 epsilon=0.0500
[10-07 02:39:26] INFO: [STAT] ep=4750 | roll@25(s/c/t)=1.0/0.0/0.0 (0.98/0.02/0.00) | R.mean=0.6
[10-07 02:39:26] INFO: [METRICS-25] time=12.36s | dfreq=0.000 | ddist=0.000m
[10-07 02:39:27] INFO: [METRICS-PLOT] 3-metrics curve -> /root/bayes-vl-matched-20261006/crowd_nav/runs/bayes-matched-v1/bayes_mean-seed42-to8000/curves_3metrics.png
[10-07 02:39:27] INFO: [RL-EP-4750] (4750/8000) s/c/t=1/0/0 qloss=0.0000 ploss=0.0000 buf=200000
[10-07 02:39:27] INFO:               cumulative s/c/t%: 98.0%/2.0%/0.0%
[10-07 02:39:27] INFO: [REPLAY-STORE] ok=1750 skip=0 steps=92761 buf=200000
[10-07 02:39:27] INFO: [STAGE0-MONITOR] timeout_ratio=0.000 (target: decrease over time)
[10-07 02:39:27] INFO: ================================================================================
[10-07 02:39:27] INFO: [MULTI-SCALE-4750] TARGET: peak=1.000 stable_90=10ep
[10-07 02:39:27] INFO: [MULTI-SCALE-4750] WINDOWS: short=0.900 med=0.960 long=0.980
[10-07 02:39:27] INFO: [MULTI-SCALE-4750] QUALITY: stability=0.800 learn_rate=0.00000
[10-07 02:39:27] INFO: [ACHIEVEMENT] Stable 90%+ success rate achieved for 10 episodes!
[10-07 02:39:27] INFO: [HEALTH-CHECK-4750] Overall: NEEDS_IMPROVEMENT (score=0.400)
[10-07 02:39:27] INFO: ================================================================================
[10-07 02:39:30] INFO: [RL-EP-4751] (4751)
[10-07 02:39:33] INFO: [RL-EP-4752] (4752)
[10-07 02:39:37] INFO: [RL-EP-4753] (4753)
[10-07 02:39:40] INFO: [RL-EP-4754] (4754)
[10-07 02:39:43] INFO: [RL-EP-4755] roll=0.980/0.020/0.000
[10-07 02:39:47] INFO: [RL-EP-4756] (4756)
[10-07 02:39:50] INFO: [RL-EP-4757] (4757)
[10-07 02:39:53] INFO: [RL-EP-4758] (4758)
[10-07 02:39:56] INFO: [RL-EP-4759] (4759)
[10-07 02:40:00] INFO: [RL-EP-4760] roll=0.980/0.020/0.000
[10-07 02:40:03] INFO: [RL-EP-4761] (4761)
[10-07 02:40:06] INFO: [RL-EP-4762] (4762)
[10-07 02:40:10] INFO: [RL-EP-4763] (4763)
[10-07 02:40:13] INFO: [RL-EP-4764] (4764)
[10-07 02:40:16] INFO: [RL-EP-4765] roll=0.980/0.020/0.000
[10-07 02:40:19] INFO: [RL-EP-4766] (4766)
[10-07 02:40:23] INFO: [RL-EP-4767] (4767)
[10-07 02:40:26] INFO: [RL-EP-4768] (4768)
[10-07 02:40:29] INFO: [RL-EP-4769] (4769)
[10-07 02:40:32] INFO: [RL-EP-4770] roll=0.980/0.020/0.000
[10-07 02:40:36] INFO: [RL-EP-4771] (4771)
[10-07 02:40:39] INFO: [RL-EP-4772] (4772)
[10-07 02:40:42] INFO: [RL-EP-4773] (4773)
[10-07 02:40:45] INFO: [RL-EP-4774] (4774)
[10-07 02:40:48] INFO: [SARL-LOSS] ep=4775 value_loss=0.0052 epsilon=0.0500
[10-07 02:40:48] INFO: [STAT] ep=4775 | roll@25(s/c/t)=1.0/0.0/0.0 (0.98/0.02/0.00) | R.mean=0.6
[10-07 02:40:48] INFO: [METRICS-25] time=12.61s | dfreq=0.000 | ddist=0.000m
[10-07 02:40:49] INFO: [METRICS-PLOT] 3-metrics curve -> /root/bayes-vl-matched-20261006/crowd_nav/runs/bayes-matched-v1/bayes_mean-seed42-to8000/curves_3metrics.png
[10-07 02:40:49] INFO: [RL-EP-4775] (4775/8000) s/c/t=1/0/0 qloss=0.0000 ploss=0.0000 buf=200000
[10-07 02:40:49] INFO:               cumulative s/c/t%: 98.0%/2.0%/0.0%
[10-07 02:40:49] INFO: [REPLAY-STORE] ok=1775 skip=0 steps=94067 buf=200000
[10-07 02:40:49] INFO: [STAGE0-MONITOR] timeout_ratio=0.000 (target: decrease over time)
[10-07 02:40:49] INFO: ================================================================================
[10-07 02:40:49] INFO: [MULTI-SCALE-4775] TARGET: peak=1.000 stable_90=10ep
[10-07 02:40:49] INFO: [MULTI-SCALE-4775] WINDOWS: short=1.000 med=1.000 long=0.990
[10-07 02:40:49] INFO: [MULTI-SCALE-4775] QUALITY: stability=0.800 learn_rate=0.00000
[10-07 02:40:49] INFO: [ACHIEVEMENT] Stable 90%+ success rate achieved for 10 episodes!
[10-07 02:40:49] INFO: [HEALTH-CHECK-4775] Overall: NEEDS_IMPROVEMENT (score=0.400)
[10-07 02:40:49] INFO: ================================================================================
[10-07 02:40:52] INFO: [RL-EP-4776] (4776)
[10-07 02:40:55] INFO: [RL-EP-4777] (4777)
[10-07 02:40:58] INFO: [RL-EP-4778] (4778)
[10-07 02:41:01] INFO: [RL-EP-4779] (4779)
[10-07 02:41:04] INFO: [RL-EP-4780] roll=0.980/0.020/0.000
[10-07 02:41:07] INFO: [RL-EP-4781] (4781)
[10-07 02:41:10] INFO: [RL-EP-4782] (4782)
[10-07 02:41:13] INFO: [RL-EP-4783] (4783)
[10-07 02:41:17] INFO: [RL-EP-4784] (4784)
[10-07 02:41:20] INFO: [RL-EP-4785] roll=0.980/0.020/0.000
[10-07 02:41:23] INFO: [RL-EP-4786] (4786)
[10-07 02:41:26] INFO: [RL-EP-4787] (4787)
[10-07 02:41:29] INFO: [RL-EP-4788] (4788)
[10-07 02:41:32] INFO: [RL-EP-4789] (4789)
[10-07 02:41:35] INFO: [RL-EP-4790] roll=0.980/0.020/0.000
[10-07 02:41:38] INFO: [RL-EP-4791] (4791)
[10-07 02:41:42] INFO: [RL-EP-4792] (4792)
[10-07 02:41:45] INFO: [RL-EP-4793] (4793)
[10-07 02:41:48] INFO: [RL-EP-4794] (4794)
[10-07 02:41:51] INFO: [RL-EP-4795] roll=0.980/0.020/0.000
[10-07 02:41:54] INFO: [RL-EP-4796] (4796)
[10-07 02:41:57] INFO: [RL-EP-4797] (4797)
[10-07 02:42:01] INFO: [RL-EP-4798] (4798)
[10-07 02:42:04] INFO: [RL-EP-4799] (4799)
[10-07 02:42:04] INFO: [CONFIG-CHECK] ep=4800 updates_per_ep=4 (from config)
[10-07 02:42:04] INFO: [SARL-EPSILON] ep=4800 epsilon=0.0500 (start=0.3, end=0.05, decay=1500)
[10-07 02:42:07] INFO: [SARL-REPLAY] ep=4800 buffer_size=200000 updates=4
[10-07 02:42:07] INFO: [SARL-LOSS] ep=4800 value_loss=0.0020 epsilon=0.0500
[10-07 02:42:07] INFO: [SARL-STATS] ep=4800 buffer_size=200000
[10-07 02:42:07] INFO: [STAT] ep=4800 | roll@25(s/c/t)=1.0/0.0/0.0 (1.00/0.00/0.00) | R.mean=0.6
[10-07 02:42:07] INFO: [METRICS-25] time=12.71s | dfreq=0.000 | ddist=0.000m
[10-07 02:42:07] INFO: [METRICS-PLOT] 3-metrics curve -> /root/bayes-vl-matched-20261006/crowd_nav/runs/bayes-matched-v1/bayes_mean-seed42-to8000/curves_3metrics.png
[10-07 02:42:07] INFO: [RL-EP-4800] (4800/8000) s/c/t=1/0/0 qloss=0.0000 ploss=0.0000 buf=200000
[10-07 02:42:07] INFO:               cumulative s/c/t%: 100.0%/0.0%/0.0%
[10-07 02:42:07] INFO: [REPLAY-STORE] ok=1800 skip=0 steps=95303 buf=200000
[10-07 02:42:07] INFO: [STAGE0-MONITOR] timeout_ratio=0.000 (target: decrease over time)
[10-07 02:42:07] INFO: [SOT-4800] REWARD succ=1.0/coll=-0.50 | GRID 5×16=80 | EVENTS s=1.00/c=0.00/t=0.00
[10-07 02:42:07] INFO: ================================================================================
[10-07 02:42:07] INFO: [MULTI-SCALE-4800] TARGET: peak=1.000 stable_90=10ep
[10-07 02:42:07] INFO: [MULTI-SCALE-4800] WINDOWS: short=1.000 med=1.000 long=0.990
[10-07 02:42:07] INFO: [MULTI-SCALE-4800] QUALITY: stability=0.800 learn_rate=0.00000
[10-07 02:42:07] INFO: [ACHIEVEMENT] Stable 90%+ success rate achieved for 10 episodes!
[10-07 02:42:07] INFO: [HEALTH-CHECK-4800] Overall: NEEDS_IMPROVEMENT (score=0.400)
[10-07 02:42:07] INFO: ================================================================================
[10-07 02:42:11] INFO: [RL-EP-4801] (4801)
[10-07 02:42:14] INFO: [RL-EP-4802] (4802)
[10-07 02:42:17] INFO: [RL-EP-4803] (4803)
[10-07 02:42:20] INFO: [RL-EP-4804] (4804)
[10-07 02:42:23] INFO: [RL-EP-4805] roll=1.000/0.000/0.000
[10-07 02:42:26] INFO: [RL-EP-4806] (4806)
[10-07 02:42:29] INFO: [RL-EP-4807] (4807)
[10-07 02:42:33] INFO: [RL-EP-4808] (4808)
[10-07 02:42:36] INFO: [RL-EP-4809] (4809)
[10-07 02:42:39] INFO: [RL-EP-4810] roll=1.000/0.000/0.000
[10-07 02:42:42] INFO: [RL-EP-4811] (4811)
[10-07 02:42:45] INFO: [RL-EP-4812] (4812)
[10-07 02:42:48] INFO: [RL-EP-4813] (4813)
[10-07 02:42:51] INFO: [RL-EP-4814] (4814)
[10-07 02:42:54] INFO: [RL-EP-4815] roll=1.000/0.000/0.000
[10-07 02:42:57] INFO: [RL-EP-4816] (4816)
[10-07 02:43:00] INFO: [RL-EP-4817] (4817)
[10-07 02:43:03] INFO: [RL-EP-4818] (4818)
[10-07 02:43:06] INFO: [RL-EP-4819] (4819)
[10-07 02:43:10] INFO: [RL-EP-4820] roll=1.000/0.000/0.000
[10-07 02:43:13] INFO: [RL-EP-4821] (4821)
[10-07 02:43:16] INFO: [RL-EP-4822] (4822)
[10-07 02:43:19] INFO: [RL-EP-4823] (4823)
[10-07 02:43:22] INFO: [RL-EP-4824] (4824)
[10-07 02:43:25] INFO: [SARL-LOSS] ep=4825 value_loss=0.0042 epsilon=0.0500
[10-07 02:43:25] INFO: [STAT] ep=4825 | roll@25(s/c/t)=1.0/0.0/0.0 (1.00/0.00/0.00) | R.mean=0.6
[10-07 02:43:25] INFO: [METRICS-25] time=12.30s | dfreq=0.000 | ddist=0.000m
[10-07 02:43:26] INFO: [METRICS-PLOT] 3-metrics curve -> /root/bayes-vl-matched-20261006/crowd_nav/runs/bayes-matched-v1/bayes_mean-seed42-to8000/curves_3metrics.png
[10-07 02:43:26] INFO: [RL-EP-4825] (4825/8000) s/c/t=1/0/0 qloss=0.0000 ploss=0.0000 buf=200000
[10-07 02:43:26] INFO:               cumulative s/c/t%: 100.0%/0.0%/0.0%
[10-07 02:43:26] INFO: [REPLAY-STORE] ok=1825 skip=0 steps=96528 buf=200000
[10-07 02:43:26] INFO: [STAGE0-MONITOR] timeout_ratio=0.000 (target: decrease over time)
[10-07 02:43:26] INFO: ================================================================================
[10-07 02:43:26] INFO: [MULTI-SCALE-4825] TARGET: peak=1.000 stable_90=10ep
[10-07 02:43:26] INFO: [MULTI-SCALE-4825] WINDOWS: short=1.000 med=1.000 long=0.990
[10-07 02:43:26] INFO: [MULTI-SCALE-4825] QUALITY: stability=0.800 learn_rate=0.00000
[10-07 02:43:26] INFO: [ACHIEVEMENT] Stable 90%+ success rate achieved for 10 episodes!
[10-07 02:43:26] INFO: [HEALTH-CHECK-4825] Overall: NEEDS_IMPROVEMENT (score=0.400)
[10-07 02:43:26] INFO: ================================================================================
[10-07 02:43:29] INFO: [RL-EP-4826] (4826)
[10-07 02:43:32] INFO: [RL-EP-4827] (4827)
[10-07 02:43:35] INFO: [RL-EP-4828] (4828)
[10-07 02:43:38] INFO: [RL-EP-4829] (4829)
[10-07 02:43:41] INFO: [RL-EP-4830] roll=1.000/0.000/0.000
[10-07 02:43:44] INFO: [RL-EP-4831] (4831)
[10-07 02:43:47] INFO: [RL-EP-4832] (4832)
[10-07 02:43:50] INFO: [RL-EP-4833] (4833)
[10-07 02:43:53] INFO: [RL-EP-4834] (4834)
[10-07 02:43:57] INFO: [RL-EP-4835] roll=1.000/0.000/0.000
[10-07 02:44:00] INFO: [RL-EP-4836] (4836)
[10-07 02:44:03] INFO: [RL-EP-4837] (4837)
[10-07 02:44:06] INFO: [RL-EP-4838] (4838)
[10-07 02:44:09] INFO: [RL-EP-4839] (4839)
[10-07 02:44:13] INFO: [RL-EP-4840] roll=1.000/0.000/0.000
[10-07 02:44:16] INFO: [RL-EP-4841] (4841)
[10-07 02:44:19] INFO: [RL-EP-4842] (4842)
[10-07 02:44:22] INFO: [RL-EP-4843] (4843)
[10-07 02:44:25] INFO: [RL-EP-4844] (4844)
[10-07 02:44:28] INFO: [RL-EP-4845] roll=1.000/0.000/0.000
[10-07 02:44:32] INFO: [RL-EP-4846] (4846)
[10-07 02:44:34] INFO: [RL-EP-4847] (4847)
[10-07 02:44:38] INFO: [RL-EP-4848] (4848)
[10-07 02:44:41] INFO: [RL-EP-4849] (4849)
[10-07 02:44:41] INFO: [CONFIG-CHECK] ep=4850 updates_per_ep=4 (from config)
[10-07 02:44:44] INFO: [SARL-LOSS] ep=4850 value_loss=0.0074 epsilon=0.0500
[10-07 02:44:44] INFO: [STAT] ep=4850 | roll@25(s/c/t)=1.0/0.0/0.0 (1.00/0.00/0.00) | R.mean=0.6
[10-07 02:44:44] INFO: [METRICS-25] time=12.25s | dfreq=0.000 | ddist=0.000m
[10-07 02:44:44] INFO: [METRICS-PLOT] 3-metrics curve -> /root/bayes-vl-matched-20261006/crowd_nav/runs/bayes-matched-v1/bayes_mean-seed42-to8000/curves_3metrics.png
[10-07 02:44:44] INFO: [RL-EP-4850] (4850/8000) s/c/t=1/0/0 qloss=0.0000 ploss=0.0000 buf=200000
[10-07 02:44:44] INFO:               cumulative s/c/t%: 100.0%/0.0%/0.0%
[10-07 02:44:44] INFO: [REPLAY-STORE] ok=1850 skip=0 steps=97753 buf=200000
[10-07 02:44:44] INFO: [STAGE0-MONITOR] timeout_ratio=0.000 (target: decrease over time)
[10-07 02:44:44] INFO: ================================================================================
[10-07 02:44:44] INFO: [MULTI-SCALE-4850] TARGET: peak=1.000 stable_90=10ep
[10-07 02:44:44] INFO: [MULTI-SCALE-4850] WINDOWS: short=1.000 med=1.000 long=1.000
[10-07 02:44:44] INFO: [MULTI-SCALE-4850] QUALITY: stability=0.800 learn_rate=0.00000
[10-07 02:44:44] INFO: [ACHIEVEMENT] Stable 90%+ success rate achieved for 10 episodes!
[10-07 02:44:44] INFO: [HEALTH-CHECK-4850] Overall: NEEDS_IMPROVEMENT (score=0.400)
[10-07 02:44:44] INFO: ================================================================================
[10-07 02:44:48] INFO: [RL-EP-4851] (4851)
[10-07 02:44:51] INFO: [RL-EP-4852] (4852)
[10-07 02:44:54] INFO: [RL-EP-4853] (4853)
[10-07 02:44:57] INFO: [RL-EP-4854] (4854)
[10-07 02:45:00] INFO: [RL-EP-4855] roll=1.000/0.000/0.000
[10-07 02:45:03] INFO: [RL-EP-4856] (4856)
[10-07 02:45:06] INFO: [RL-EP-4857] (4857)
[10-07 02:45:09] INFO: [RL-EP-4858] (4858)
[10-07 02:45:13] INFO: [RL-EP-4859] (4859)
[10-07 02:45:16] INFO: [RL-EP-4860] roll=1.000/0.000/0.000
[10-07 02:45:19] INFO: [RL-EP-4861] (4861)
[10-07 02:45:22] INFO: [RL-EP-4862] (4862)
[10-07 02:45:25] INFO: [RL-EP-4863] (4863)
[10-07 02:45:28] INFO: [RL-EP-4864] (4864)
[10-07 02:45:31] INFO: [RL-EP-4865] roll=1.000/0.000/0.000
[10-07 02:45:34] INFO: [RL-EP-4866] (4866)
[10-07 02:45:38] INFO: [RL-EP-4867] (4867)
[10-07 02:45:40] INFO: [RL-EP-4868] (4868)
[10-07 02:45:43] INFO: [RL-EP-4869] (4869)
[10-07 02:45:46] INFO: [RL-EP-4870] roll=0.980/0.020/0.000
[10-07 02:45:49] INFO: [RL-EP-4871] (4871)
[10-07 02:45:53] INFO: [RL-EP-4872] (4872)
[10-07 02:45:56] INFO: [RL-EP-4873] (4873)
[10-07 02:45:59] INFO: [RL-EP-4874] (4874)
[10-07 02:46:02] INFO: [SARL-LOSS] ep=4875 value_loss=0.0028 epsilon=0.0500
[10-07 02:46:02] INFO: [STAT] ep=4875 | roll@25(s/c/t)=1.0/0.0/0.0 (0.98/0.02/0.00) | R.mean=0.6
[10-07 02:46:02] INFO: [METRICS-25] time=11.96s | dfreq=0.000 | ddist=0.000m
[10-07 02:46:02] INFO: [METRICS-PLOT] 3-metrics curve -> /root/bayes-vl-matched-20261006/crowd_nav/runs/bayes-matched-v1/bayes_mean-seed42-to8000/curves_3metrics.png
[10-07 02:46:02] INFO: [RL-EP-4875] (4875/8000) s/c/t=1/0/0 qloss=0.0000 ploss=0.0000 buf=200000
[10-07 02:46:02] INFO:               cumulative s/c/t%: 98.0%/2.0%/0.0%
[10-07 02:46:02] INFO: [REPLAY-STORE] ok=1875 skip=0 steps=98920 buf=200000
[10-07 02:46:02] INFO: [STAGE0-MONITOR] timeout_ratio=0.000 (target: decrease over time)
[10-07 02:46:02] INFO: ================================================================================
[10-07 02:46:02] INFO: [MULTI-SCALE-4875] TARGET: peak=1.000 stable_90=10ep
[10-07 02:46:02] INFO: [MULTI-SCALE-4875] WINDOWS: short=0.900 med=0.960 long=0.990
[10-07 02:46:02] INFO: [MULTI-SCALE-4875] QUALITY: stability=0.800 learn_rate=0.00000
[10-07 02:46:02] INFO: [ACHIEVEMENT] Stable 90%+ success rate achieved for 10 episodes!
[10-07 02:46:02] INFO: [HEALTH-CHECK-4875] Overall: NEEDS_IMPROVEMENT (score=0.400)
[10-07 02:46:02] INFO: ================================================================================
[10-07 02:46:06] INFO: [RL-EP-4876] (4876)
[10-07 02:46:09] INFO: [RL-EP-4877] (4877)
[10-07 02:46:12] INFO: [RL-EP-4878] (4878)
[10-07 02:46:15] INFO: [RL-EP-4879] (4879)
[10-07 02:46:18] INFO: [RL-EP-4880] roll=0.980/0.020/0.000
[10-07 02:46:22] INFO: [RL-EP-4881] (4881)
[10-07 02:46:25] INFO: [RL-EP-4882] (4882)
[10-07 02:46:28] INFO: [RL-EP-4883] (4883)
[10-07 02:46:31] INFO: [RL-EP-4884] (4884)
[10-07 02:46:35] INFO: [RL-EP-4885] roll=0.980/0.020/0.000
[10-07 02:46:38] INFO: [RL-EP-4886] (4886)
[10-07 02:46:41] INFO: [RL-EP-4887] (4887)
[10-07 02:46:44] INFO: [RL-EP-4888] (4888)
[10-07 02:46:47] INFO: [RL-EP-4889] (4889)
[10-07 02:46:50] INFO: [RL-EP-4890] roll=0.960/0.040/0.000
[10-07 02:46:54] INFO: [RL-EP-4891] (4891)
[10-07 02:46:57] INFO: [RL-EP-4892] (4892)
[10-07 02:47:00] INFO: [RL-EP-4893] (4893)
[10-07 02:47:03] INFO: [RL-EP-4894] (4894)
[10-07 02:47:06] INFO: [RL-EP-4895] roll=0.960/0.040/0.000
[10-07 02:47:09] INFO: [RL-EP-4896] (4896)
[10-07 02:47:13] INFO: [RL-EP-4897] (4897)
[10-07 02:47:16] INFO: [RL-EP-4898] (4898)
[10-07 02:47:19] INFO: [RL-EP-4899] (4899)
[10-07 02:47:19] INFO: [CONFIG-CHECK] ep=4900 updates_per_ep=4 (from config)
[10-07 02:47:19] INFO: [SARL-EPSILON] ep=4900 epsilon=0.0500 (start=0.3, end=0.05, decay=1500)
[10-07 02:47:22] INFO: [SARL-REPLAY] ep=4900 buffer_size=200000 updates=4
[10-07 02:47:22] INFO: [SARL-LOSS] ep=4900 value_loss=0.0059 epsilon=0.0500
[10-07 02:47:22] INFO: [SARL-STATS] ep=4900 buffer_size=200000
[10-07 02:47:22] INFO: [STAT] ep=4900 | roll@25(s/c/t)=1.0/0.0/0.0 (0.96/0.04/0.00) | R.mean=0.6
[10-07 02:47:22] INFO: [METRICS-25] time=12.18s | dfreq=0.000 | ddist=0.000m
[10-07 02:47:22] INFO: [METRICS-PLOT] 3-metrics curve -> /root/bayes-vl-matched-20261006/crowd_nav/runs/bayes-matched-v1/bayes_mean-seed42-to8000/curves_3metrics.png
[10-07 02:47:22] INFO: [RL-EP-4900] (4900/8000) s/c/t=1/0/0 qloss=0.0000 ploss=0.0000 buf=200000
[10-07 02:47:22] INFO:               cumulative s/c/t%: 96.0%/4.0%/0.0%
[10-07 02:47:22] INFO: [REPLAY-STORE] ok=1900 skip=0 steps=100189 buf=200000
[10-07 02:47:22] INFO: [STAGE0-MONITOR] timeout_ratio=0.000 (target: decrease over time)
[10-07 02:47:22] INFO: [SOT-4900] REWARD succ=1.0/coll=-0.50 | GRID 5×16=80 | EVENTS s=0.96/c=0.04/t=0.00
[10-07 02:47:22] INFO: ================================================================================
[10-07 02:47:22] INFO: [MULTI-SCALE-4900] TARGET: peak=1.000 stable_90=10ep
[10-07 02:47:22] INFO: [MULTI-SCALE-4900] WINDOWS: short=1.000 med=0.960 long=0.980
[10-07 02:47:22] INFO: [MULTI-SCALE-4900] QUALITY: stability=0.800 learn_rate=0.00000
[10-07 02:47:22] INFO: [ACHIEVEMENT] Stable 90%+ success rate achieved for 10 episodes!
[10-07 02:47:22] INFO: [HEALTH-CHECK-4900] Overall: NEEDS_IMPROVEMENT (score=0.400)
[10-07 02:47:22] INFO: ================================================================================
[10-07 02:47:26] INFO: [RL-EP-4901] (4901)
[10-07 02:47:29] INFO: [RL-EP-4902] (4902)
[10-07 02:47:32] INFO: [RL-EP-4903] (4903)
[10-07 02:47:35] INFO: [RL-EP-4904] (4904)
[10-07 02:47:38] INFO: [RL-EP-4905] roll=0.960/0.040/0.000
[10-07 02:47:41] INFO: [RL-EP-4906] (4906)
[10-07 02:47:45] INFO: [RL-EP-4907] (4907)
[10-07 02:47:48] INFO: [RL-EP-4908] (4908)
[10-07 02:47:51] INFO: [RL-EP-4909] (4909)
[10-07 02:47:55] INFO: [RL-EP-4910] roll=0.960/0.040/0.000
[10-07 02:47:58] INFO: [RL-EP-4911] (4911)
[10-07 02:48:01] INFO: [RL-EP-4912] (4912)
[10-07 02:48:04] INFO: [RL-EP-4913] (4913)
[10-07 02:48:07] INFO: [RL-EP-4914] (4914)
[10-07 02:48:10] INFO: [RL-EP-4915] roll=0.960/0.040/0.000
[10-07 02:48:13] INFO: [RL-EP-4916] (4916)
[10-07 02:48:17] INFO: [RL-EP-4917] (4917)
[10-07 02:48:20] INFO: [RL-EP-4918] (4918)
[10-07 02:48:23] INFO: [RL-EP-4919] (4919)
[10-07 02:48:26] INFO: [RL-EP-4920] roll=0.980/0.020/0.000
[10-07 02:48:29] INFO: [RL-EP-4921] (4921)
[10-07 02:48:32] INFO: [RL-EP-4922] (4922)
[10-07 02:48:35] INFO: [RL-EP-4923] (4923)
[10-07 02:48:38] INFO: [RL-EP-4924] (4924)
[10-07 02:48:41] INFO: [SARL-LOSS] ep=4925 value_loss=0.0066 epsilon=0.0500
[10-07 02:48:41] INFO: [STAT] ep=4925 | roll@25(s/c/t)=1.0/0.0/0.0 (0.98/0.02/0.00) | R.mean=0.6
[10-07 02:48:41] INFO: [METRICS-25] time=12.63s | dfreq=0.000 | ddist=0.000m
[10-07 02:48:42] INFO: [METRICS-PLOT] 3-metrics curve -> /root/bayes-vl-matched-20261006/crowd_nav/runs/bayes-matched-v1/bayes_mean-seed42-to8000/curves_3metrics.png
[10-07 02:48:42] INFO: [RL-EP-4925] (4925/8000) s/c/t=1/0/0 qloss=0.0000 ploss=0.0000 buf=200000
[10-07 02:48:42] INFO:               cumulative s/c/t%: 98.0%/2.0%/0.0%
[10-07 02:48:42] INFO: [REPLAY-STORE] ok=1925 skip=0 steps=101447 buf=200000
[10-07 02:48:42] INFO: [STAGE0-MONITOR] timeout_ratio=0.000 (target: decrease over time)
[10-07 02:48:42] INFO: ================================================================================
[10-07 02:48:42] INFO: [MULTI-SCALE-4925] TARGET: peak=1.000 stable_90=10ep
[10-07 02:48:42] INFO: [MULTI-SCALE-4925] WINDOWS: short=1.000 med=1.000 long=0.980
[10-07 02:48:42] INFO: [MULTI-SCALE-4925] QUALITY: stability=0.800 learn_rate=0.00000
[10-07 02:48:42] INFO: [ACHIEVEMENT] Stable 90%+ success rate achieved for 10 episodes!
[10-07 02:48:42] INFO: [HEALTH-CHECK-4925] Overall: NEEDS_IMPROVEMENT (score=0.400)
[10-07 02:48:42] INFO: ================================================================================
[10-07 02:48:45] INFO: [RL-EP-4926] (4926)
[10-07 02:48:48] INFO: [RL-EP-4927] (4927)
[10-07 02:48:51] INFO: [RL-EP-4928] (4928)
[10-07 02:48:55] INFO: [RL-EP-4929] (4929)
[10-07 02:48:58] INFO: [RL-EP-4930] roll=0.980/0.020/0.000
[10-07 02:49:01] INFO: [RL-EP-4931] (4931)
[10-07 02:49:04] INFO: [RL-EP-4932] (4932)
[10-07 02:49:07] INFO: [RL-EP-4933] (4933)
[10-07 02:49:10] INFO: [RL-EP-4934] (4934)
[10-07 02:49:13] INFO: [RL-EP-4935] roll=0.980/0.020/0.000
[10-07 02:49:16] INFO: [RL-EP-4936] (4936)
[10-07 02:49:20] INFO: [RL-EP-4937] (4937)
[10-07 02:49:23] INFO: [RL-EP-4938] (4938)
[10-07 02:49:26] INFO: [RL-EP-4939] (4939)
[10-07 02:49:29] INFO: [RL-EP-4940] roll=1.000/0.000/0.000
[10-07 02:49:32] INFO: [RL-EP-4941] (4941)
[10-07 02:49:35] INFO: [RL-EP-4942] (4942)
[10-07 02:49:38] INFO: [RL-EP-4943] (4943)
[10-07 02:49:41] INFO: [RL-EP-4944] (4944)
[10-07 02:49:44] INFO: [RL-EP-4945] roll=0.980/0.020/0.000
[10-07 02:49:47] INFO: [RL-EP-4946] (4946)
[10-07 02:49:50] INFO: [RL-EP-4947] (4947)
[10-07 02:49:53] INFO: [RL-EP-4948] (4948)
[10-07 02:49:57] INFO: [RL-EP-4949] (4949)
[10-07 02:49:57] INFO: [CONFIG-CHECK] ep=4950 updates_per_ep=4 (from config)
[10-07 02:50:00] INFO: [SARL-LOSS] ep=4950 value_loss=0.0087 epsilon=0.0500
[10-07 02:50:00] INFO: [STAT] ep=4950 | roll@25(s/c/t)=1.0/0.0/0.0 (0.98/0.02/0.00) | R.mean=0.6
[10-07 02:50:00] INFO: [METRICS-25] time=12.54s | dfreq=0.000 | ddist=0.000m
[10-07 02:50:00] INFO: [METRICS-PLOT] 3-metrics curve -> /root/bayes-vl-matched-20261006/crowd_nav/runs/bayes-matched-v1/bayes_mean-seed42-to8000/curves_3metrics.png
[10-07 02:50:00] INFO: [RL-EP-4950] (4950/8000) s/c/t=1/0/0 qloss=0.0000 ploss=0.0000 buf=200000
[10-07 02:50:00] INFO:               cumulative s/c/t%: 98.0%/2.0%/0.0%
[10-07 02:50:00] INFO: [REPLAY-STORE] ok=1950 skip=0 steps=102698 buf=200000
[10-07 02:50:00] INFO: [STAGE0-MONITOR] timeout_ratio=0.000 (target: decrease over time)
[10-07 02:50:00] INFO: ================================================================================
[10-07 02:50:00] INFO: [MULTI-SCALE-4950] TARGET: peak=1.000 stable_90=10ep
[10-07 02:50:00] INFO: [MULTI-SCALE-4950] WINDOWS: short=0.900 med=0.960 long=0.970
[10-07 02:50:00] INFO: [MULTI-SCALE-4950] QUALITY: stability=0.800 learn_rate=0.00000
[10-07 02:50:00] INFO: [ACHIEVEMENT] Stable 90%+ success rate achieved for 10 episodes!
[10-07 02:50:00] INFO: [HEALTH-CHECK-4950] Overall: NEEDS_IMPROVEMENT (score=0.400)
[10-07 02:50:00] INFO: ================================================================================
[10-07 02:50:03] INFO: [RL-EP-4951] (4951)
[10-07 02:50:06] INFO: [RL-EP-4952] (4952)
[10-07 02:50:09] INFO: [RL-EP-4953] (4953)
[10-07 02:50:12] INFO: [RL-EP-4954] (4954)
[10-07 02:50:15] INFO: [RL-EP-4955] roll=0.960/0.040/0.000
[10-07 02:50:19] INFO: [RL-EP-4956] (4956)
[10-07 02:50:22] INFO: [RL-EP-4957] (4957)
[10-07 02:50:24] INFO: [RL-EP-4958] (4958)
[10-07 02:50:27] INFO: [RL-EP-4959] (4959)
[10-07 02:50:30] INFO: [RL-EP-4960] roll=0.940/0.060/0.000
[10-07 02:50:34] INFO: [RL-EP-4961] (4961)
[10-07 02:50:37] INFO: [RL-EP-4962] (4962)
[10-07 02:50:40] INFO: [RL-EP-4963] (4963)
[10-07 02:50:43] INFO: [RL-EP-4964] (4964)
[10-07 02:50:47] INFO: [RL-EP-4965] roll=0.940/0.060/0.000
[10-07 02:50:50] INFO: [RL-EP-4966] (4966)
[10-07 02:50:53] INFO: [RL-EP-4967] (4967)
[10-07 02:50:56] INFO: [RL-EP-4968] (4968)
[10-07 02:50:59] INFO: [RL-EP-4969] (4969)
[10-07 02:51:03] INFO: [RL-EP-4970] roll=0.940/0.060/0.000
[10-07 02:51:06] INFO: [RL-EP-4971] (4971)
[10-07 02:51:09] INFO: [RL-EP-4972] (4972)
[10-07 02:51:12] INFO: [RL-EP-4973] (4973)
[10-07 02:51:15] INFO: [RL-EP-4974] (4974)
[10-07 02:51:19] INFO: [SARL-LOSS] ep=4975 value_loss=0.0088 epsilon=0.0500
[10-07 02:51:19] INFO: [STAT] ep=4975 | roll@25(s/c/t)=0.9/0.1/0.0 (0.94/0.06/0.00) | R.mean=0.5
[10-07 02:51:19] INFO: [METRICS-25] time=12.45s | dfreq=0.000 | ddist=0.000m
[10-07 02:51:19] INFO: [METRICS-PLOT] 3-metrics curve -> /root/bayes-vl-matched-20261006/crowd_nav/runs/bayes-matched-v1/bayes_mean-seed42-to8000/curves_3metrics.png
[10-07 02:51:19] INFO: [RL-EP-4975] (4975/8000) s/c/t=1/0/0 qloss=0.0000 ploss=0.0000 buf=200000
[10-07 02:51:19] INFO:               cumulative s/c/t%: 94.0%/6.0%/0.0%
[10-07 02:51:19] INFO: [REPLAY-STORE] ok=1975 skip=0 steps=103936 buf=200000
[10-07 02:51:19] INFO: [STAGE0-MONITOR] timeout_ratio=0.000 (target: decrease over time)
[10-07 02:51:19] INFO: ================================================================================
[10-07 02:51:19] INFO: [MULTI-SCALE-4975] TARGET: peak=1.000 stable_90=10ep
[10-07 02:51:19] INFO: [MULTI-SCALE-4975] WINDOWS: short=1.000 med=0.920 long=0.960
[10-07 02:51:19] INFO: [MULTI-SCALE-4975] QUALITY: stability=0.800 learn_rate=0.00000
[10-07 02:51:19] INFO: [ACHIEVEMENT] Stable 90%+ success rate achieved for 10 episodes!
[10-07 02:51:19] INFO: [HEALTH-CHECK-4975] Overall: NEEDS_IMPROVEMENT (score=0.400)
[10-07 02:51:19] INFO: ================================================================================
[10-07 02:51:22] INFO: [RL-EP-4976] (4976)
[10-07 02:51:26] INFO: [RL-EP-4977] (4977)
[10-07 02:51:30] INFO: [RL-EP-4978] (4978)
[10-07 02:51:33] INFO: [RL-EP-4979] (4979)
[10-07 02:51:36] INFO: [RL-EP-4980] roll=0.940/0.060/0.000
[10-07 02:51:39] INFO: [RL-EP-4981] (4981)
[10-07 02:51:42] INFO: [RL-EP-4982] (4982)
[10-07 02:51:45] INFO: [RL-EP-4983] (4983)
[10-07 02:51:48] INFO: [RL-EP-4984] (4984)
[10-07 02:51:51] INFO: [RL-EP-4985] roll=0.940/0.060/0.000
[10-07 02:51:54] INFO: [RL-EP-4986] (4986)
[10-07 02:51:58] INFO: [RL-EP-4987] (4987)
[10-07 02:52:01] INFO: [RL-EP-4988] (4988)
[10-07 02:52:04] INFO: [RL-EP-4989] (4989)
[10-07 02:52:07] INFO: [RL-EP-4990] roll=0.940/0.060/0.000
[10-07 02:52:10] INFO: [RL-EP-4991] (4991)
[10-07 02:52:13] INFO: [RL-EP-4992] (4992)
[10-07 02:52:17] INFO: [RL-EP-4993] (4993)
[10-07 02:52:20] INFO: [RL-EP-4994] (4994)
[10-07 02:52:23] INFO: [RL-EP-4995] roll=0.960/0.040/0.000
[10-07 02:52:26] INFO: [RL-EP-4996] (4996)
[10-07 02:52:30] INFO: [RL-EP-4997] (4997)
[10-07 02:52:33] INFO: [RL-EP-4998] (4998)
[10-07 02:52:36] INFO: [RL-EP-4999] (4999)
[10-07 02:52:36] INFO: [CONFIG-CHECK] ep=5000 updates_per_ep=4 (from config)
[10-07 02:52:36] INFO: [SARL-EPSILON] ep=5000 epsilon=0.0500 (start=0.3, end=0.05, decay=1500)
[10-07 02:52:39] INFO: [SARL-REPLAY] ep=5000 buffer_size=200000 updates=4
[10-07 02:52:39] INFO: [SARL-LOSS] ep=5000 value_loss=0.0054 epsilon=0.0500
[10-07 02:52:39] INFO: [SARL-STATS] ep=5000 buffer_size=200000
[10-07 02:52:39] INFO: [STAT] ep=5000 | roll@25(s/c/t)=1.0/0.0/0.0 (0.96/0.04/0.00) | R.mean=0.6
[10-07 02:52:39] INFO: [METRICS-25] time=12.59s | dfreq=0.000 | ddist=0.000m
[10-07 02:52:40] INFO: [METRICS-PLOT] 3-metrics curve -> /root/bayes-vl-matched-20261006/crowd_nav/runs/bayes-matched-v1/bayes_mean-seed42-to8000/curves_3metrics.png
[10-07 02:52:40] INFO: [RL-EP-5000] (5000/8000) s/c/t=1/0/0 qloss=0.0000 ploss=0.0000 buf=200000
[10-07 02:52:40] INFO:               cumulative s/c/t%: 96.0%/4.0%/0.0%
[10-07 02:52:40] INFO: [REPLAY-STORE] ok=2000 skip=0 steps=105216 buf=200000
[10-07 02:52:40] INFO: [STAGE0-MONITOR] timeout_ratio=0.000 (target: decrease over time)
[10-07 02:52:40] INFO: [SOT-5000] REWARD succ=1.0/coll=-0.50 | GRID 5×16=80 | EVENTS s=0.96/c=0.04/t=0.00
[10-07 02:52:40] INFO: ================================================================================
[10-07 02:52:40] INFO: [MULTI-SCALE-5000] TARGET: peak=1.000 stable_90=10ep
[10-07 02:52:40] INFO: [MULTI-SCALE-5000] WINDOWS: short=1.000 med=1.000 long=0.970
[10-07 02:52:40] INFO: [MULTI-SCALE-5000] QUALITY: stability=0.800 learn_rate=0.00000
[10-07 02:52:40] INFO: [ACHIEVEMENT] Stable 90%+ success rate achieved for 10 episodes!
[10-07 02:52:40] INFO: [HEALTH-CHECK-5000] Overall: NEEDS_IMPROVEMENT (score=0.400)
[10-07 02:52:40] INFO: ================================================================================
[10-07 02:52:40] INFO: [PLOT] curves updated ep=5000
[10-07 02:52:40] INFO: [EVAL] Starting evaluation: ep=5000, ε=0.0, k=50
[10-07 02:53:53] INFO: [EVAL] Completed evaluation: succ=0.980 coll=0.020 timeout=0.000 sum=1.000 nav=11.92
[10-07 02:53:53] INFO: [EVAL-EXTENDED] path_len=8.89m smoothness=0.737 avg_speed=0.75m/s
[10-07 02:53:53] INFO: ================================================================================
[10-07 02:53:53] INFO: [CUMULATIVE-METRICS] Episode 5000: Cumulative average (all 5000 episodes)
[10-07 02:53:53] INFO:   Success: 0.965 (96.5%), Collision: 0.032 (3.2%), Timeout: 0.004 (0.4%)
[10-07 02:53:53] INFO:   Avg Reward: 0.52
[10-07 02:53:53] INFO:   Avg Time Taken: 13.15s
[10-07 02:53:53] INFO:   Avg Discomfort Freq: 0.000
[10-07 02:53:53] INFO:   Avg Discomfort Dist: 0.000m
[10-07 02:53:53] INFO: ================================================================================
[10-07 02:53:54] INFO: [RL-SAVE] sarl checkpoint -> /root/bayes-vl-matched-20261006/crowd_nav/runs/bayes-matched-v1/bayes_mean-seed42-to8000/rl_model_ep5000.pth
[10-07 02:53:54] INFO: [RL-SAVE] Saved components: policy, target network, optimizer
[10-07 02:53:57] INFO: [RL-EP-5001] (5001)
[10-07 02:54:00] INFO: [RL-EP-5002] (5002)
[10-07 02:54:04] INFO: [RL-EP-5003] (5003)
[10-07 02:54:07] INFO: [RL-EP-5004] (5004)
[10-07 02:54:11] INFO: [RL-EP-5005] roll=0.980/0.020/0.000
[10-07 02:54:14] INFO: [RL-EP-5006] (5006)
[10-07 02:54:17] INFO: [RL-EP-5007] (5007)
[10-07 02:54:20] INFO: [RL-EP-5008] (5008)
[10-07 02:54:23] INFO: [RL-EP-5009] (5009)
[10-07 02:54:26] INFO: [RL-EP-5010] roll=1.000/0.000/0.000
[10-07 02:54:30] INFO: [RL-EP-5011] (5011)
[10-07 02:54:33] INFO: [RL-EP-5012] (5012)
[10-07 02:54:36] INFO: [RL-EP-5013] (5013)
[10-07 02:54:40] INFO: [RL-EP-5014] (5014)
[10-07 02:54:43] INFO: [RL-EP-5015] roll=1.000/0.000/0.000
[10-07 02:54:46] INFO: [RL-EP-5016] (5016)
[10-07 02:54:49] INFO: [RL-EP-5017] (5017)
[10-07 02:54:52] INFO: [RL-EP-5018] (5018)
[10-07 02:54:55] INFO: [RL-EP-5019] (5019)
[10-07 02:54:58] INFO: [RL-EP-5020] roll=1.000/0.000/0.000
[10-07 02:55:02] INFO: [RL-EP-5021] (5021)
[10-07 02:55:05] INFO: [RL-EP-5022] (5022)
[10-07 02:55:08] INFO: [RL-EP-5023] (5023)
[10-07 02:55:12] INFO: [RL-EP-5024] (5024)
[10-07 02:55:15] INFO: [SARL-LOSS] ep=5025 value_loss=0.0043 epsilon=0.0500
[10-07 02:55:15] INFO: [STAT] ep=5025 | roll@25(s/c/t)=1.0/0.0/0.0 (1.00/0.00/0.00) | R.mean=0.6
[10-07 02:55:15] INFO: [METRICS-25] time=12.98s | dfreq=0.000 | ddist=0.000m
[10-07 02:55:15] INFO: [METRICS-PLOT] 3-metrics curve -> /root/bayes-vl-matched-20261006/crowd_nav/runs/bayes-matched-v1/bayes_mean-seed42-to8000/curves_3metrics.png
[10-07 02:55:15] INFO: [RL-EP-5025] (5025/8000) s/c/t=1/0/0 qloss=0.0000 ploss=0.0000 buf=200000
[10-07 02:55:15] INFO:               cumulative s/c/t%: 100.0%/0.0%/0.0%
[10-07 02:55:15] INFO: [REPLAY-STORE] ok=2025 skip=0 steps=106533 buf=200000
[10-07 02:55:15] INFO: [STAGE0-MONITOR] timeout_ratio=0.000 (target: decrease over time)
[10-07 02:55:15] INFO: ================================================================================
[10-07 02:55:15] INFO: [MULTI-SCALE-5025] TARGET: peak=1.000 stable_90=10ep
[10-07 02:55:15] INFO: [MULTI-SCALE-5025] WINDOWS: short=1.000 med=1.000 long=0.970
[10-07 02:55:15] INFO: [MULTI-SCALE-5025] QUALITY: stability=0.800 learn_rate=0.00000
[10-07 02:55:15] INFO: [ACHIEVEMENT] Stable 90%+ success rate achieved for 10 episodes!
[10-07 02:55:15] INFO: [HEALTH-CHECK-5025] Overall: NEEDS_IMPROVEMENT (score=0.400)
[10-07 02:55:15] INFO: ================================================================================
[10-07 02:55:18] INFO: [RL-EP-5026] (5026)
[10-07 02:55:21] INFO: [RL-EP-5027] (5027)
[10-07 02:55:24] INFO: [RL-EP-5028] (5028)
[10-07 02:55:28] INFO: [RL-EP-5029] (5029)
[10-07 02:55:31] INFO: [RL-EP-5030] roll=1.000/0.000/0.000
[10-07 02:55:34] INFO: [RL-EP-5031] (5031)
[10-07 02:55:37] INFO: [RL-EP-5032] (5032)
[10-07 02:55:40] INFO: [RL-EP-5033] (5033)
[10-07 02:55:43] INFO: [RL-EP-5034] (5034)
[10-07 02:55:47] INFO: [RL-EP-5035] roll=1.000/0.000/0.000
[10-07 02:55:50] INFO: [RL-EP-5036] (5036)
[10-07 02:55:53] INFO: [RL-EP-5037] (5037)
[10-07 02:55:56] INFO: [RL-EP-5038] (5038)
[10-07 02:55:59] INFO: [RL-EP-5039] (5039)
[10-07 02:56:02] INFO: [RL-EP-5040] roll=1.000/0.000/0.000
[10-07 02:56:05] INFO: [RL-EP-5041] (5041)
[10-07 02:56:08] INFO: [RL-EP-5042] (5042)
[10-07 02:56:11] INFO: [RL-EP-5043] (5043)
[10-07 02:56:14] INFO: [RL-EP-5044] (5044)
[10-07 02:56:17] INFO: [RL-EP-5045] roll=1.000/0.000/0.000
[10-07 02:56:21] INFO: [RL-EP-5046] (5046)
[10-07 02:56:24] INFO: [RL-EP-5047] (5047)
[10-07 02:56:27] INFO: [RL-EP-5048] (5048)
[10-07 02:56:30] INFO: [RL-EP-5049] (5049)
[10-07 02:56:30] INFO: [CONFIG-CHECK] ep=5050 updates_per_ep=4 (from config)
[10-07 02:56:33] INFO: [SARL-LOSS] ep=5050 value_loss=0.0065 epsilon=0.0500
[10-07 02:56:33] INFO: [STAT] ep=5050 | roll@25(s/c/t)=1.0/0.0/0.0 (1.00/0.00/0.00) | R.mean=0.6
[10-07 02:56:33] INFO: [METRICS-25] time=12.66s | dfreq=0.000 | ddist=0.000m
[10-07 02:56:34] INFO: [METRICS-PLOT] 3-metrics curve -> /root/bayes-vl-matched-20261006/crowd_nav/runs/bayes-matched-v1/bayes_mean-seed42-to8000/curves_3metrics.png
[10-07 02:56:34] INFO: [RL-EP-5050] (5050/8000) s/c/t=1/0/0 qloss=0.0000 ploss=0.0000 buf=200000
[10-07 02:56:34] INFO:               cumulative s/c/t%: 100.0%/0.0%/0.0%
[10-07 02:56:34] INFO: [REPLAY-STORE] ok=2050 skip=0 steps=107748 buf=200000
[10-07 02:56:34] INFO: [STAGE0-MONITOR] timeout_ratio=0.000 (target: decrease over time)
[10-07 02:56:34] INFO: ================================================================================
[10-07 02:56:34] INFO: [MULTI-SCALE-5050] TARGET: peak=1.000 stable_90=10ep
[10-07 02:56:34] INFO: [MULTI-SCALE-5050] WINDOWS: short=1.000 med=1.000 long=0.980
[10-07 02:56:34] INFO: [MULTI-SCALE-5050] QUALITY: stability=0.800 learn_rate=0.00000
[10-07 02:56:34] INFO: [ACHIEVEMENT] Stable 90%+ success rate achieved for 10 episodes!
[10-07 02:56:34] INFO: [HEALTH-CHECK-5050] Overall: NEEDS_IMPROVEMENT (score=0.400)
[10-07 02:56:34] INFO: ================================================================================
[10-07 02:56:37] INFO: [RL-EP-5051] (5051)
[10-07 02:56:40] INFO: [RL-EP-5052] (5052)
[10-07 02:56:43] INFO: [RL-EP-5053] (5053)
[10-07 02:56:46] INFO: [RL-EP-5054] (5054)
[10-07 02:56:49] INFO: [RL-EP-5055] roll=1.000/0.000/0.000
[10-07 02:56:53] INFO: [RL-EP-5056] (5056)
[10-07 02:56:56] INFO: [RL-EP-5057] (5057)
[10-07 02:56:59] INFO: [RL-EP-5058] (5058)
[10-07 02:57:02] INFO: [RL-EP-5059] (5059)
[10-07 02:57:06] INFO: [RL-EP-5060] roll=1.000/0.000/0.000
[10-07 02:57:09] INFO: [RL-EP-5061] (5061)
[10-07 02:57:12] INFO: [RL-EP-5062] (5062)
[10-07 02:57:15] INFO: [RL-EP-5063] (5063)
[10-07 02:57:18] INFO: [RL-EP-5064] (5064)
[10-07 02:57:21] INFO: [RL-EP-5065] roll=1.000/0.000/0.000
[10-07 02:57:25] INFO: [RL-EP-5066] (5066)
[10-07 02:57:28] INFO: [RL-EP-5067] (5067)
[10-07 02:57:31] INFO: [RL-EP-5068] (5068)
[10-07 02:57:34] INFO: [RL-EP-5069] (5069)
[10-07 02:57:37] INFO: [RL-EP-5070] roll=1.000/0.000/0.000
[10-07 02:57:40] INFO: [RL-EP-5071] (5071)
[10-07 02:57:44] INFO: [RL-EP-5072] (5072)
[10-07 02:57:47] INFO: [RL-EP-5073] (5073)
[10-07 02:57:50] INFO: [RL-EP-5074] (5074)
[10-07 02:57:53] INFO: [SARL-LOSS] ep=5075 value_loss=0.0058 epsilon=0.0500
[10-07 02:57:53] INFO: [STAT] ep=5075 | roll@25(s/c/t)=1.0/0.0/0.0 (1.00/0.00/0.00) | R.mean=0.6
[10-07 02:57:53] INFO: [METRICS-25] time=12.46s | dfreq=0.000 | ddist=0.000m
[10-07 02:57:54] INFO: [METRICS-PLOT] 3-metrics curve -> /root/bayes-vl-matched-20261006/crowd_nav/runs/bayes-matched-v1/bayes_mean-seed42-to8000/curves_3metrics.png
[10-07 02:57:54] INFO: [RL-EP-5075] (5075/8000) s/c/t=1/0/0 qloss=0.0000 ploss=0.0000 buf=200000
[10-07 02:57:54] INFO:               cumulative s/c/t%: 100.0%/0.0%/0.0%
[10-07 02:57:54] INFO: [REPLAY-STORE] ok=2075 skip=0 steps=109024 buf=200000
[10-07 02:57:54] INFO: [STAGE0-MONITOR] timeout_ratio=0.000 (target: decrease over time)
[10-07 02:57:54] INFO: ================================================================================
[10-07 02:57:54] INFO: [MULTI-SCALE-5075] TARGET: peak=1.000 stable_90=10ep
[10-07 02:57:54] INFO: [MULTI-SCALE-5075] WINDOWS: short=1.000 med=1.000 long=1.000
[10-07 02:57:54] INFO: [MULTI-SCALE-5075] QUALITY: stability=0.800 learn_rate=0.00000
[10-07 02:57:54] INFO: [ACHIEVEMENT] Stable 90%+ success rate achieved for 10 episodes!
[10-07 02:57:54] INFO: [HEALTH-CHECK-5075] Overall: NEEDS_IMPROVEMENT (score=0.400)
[10-07 02:57:54] INFO: ================================================================================
[10-07 02:57:57] INFO: [RL-EP-5076] (5076)
[10-07 02:58:00] INFO: [RL-EP-5077] (5077)
[10-07 02:58:03] INFO: [RL-EP-5078] (5078)
[10-07 02:58:06] INFO: [RL-EP-5079] (5079)
[10-07 02:58:09] INFO: [RL-EP-5080] roll=1.000/0.000/0.000
[10-07 02:58:12] INFO: [RL-EP-5081] (5081)
[10-07 02:58:15] INFO: [RL-EP-5082] (5082)
[10-07 02:58:18] INFO: [RL-EP-5083] (5083)
[10-07 02:58:22] INFO: [RL-EP-5084] (5084)
[10-07 02:58:25] INFO: [RL-EP-5085] roll=1.000/0.000/0.000
[10-07 02:58:28] INFO: [RL-EP-5086] (5086)
[10-07 02:58:31] INFO: [RL-EP-5087] (5087)
[10-07 02:58:35] INFO: [RL-EP-5088] (5088)
[10-07 02:58:38] INFO: [RL-EP-5089] (5089)
[10-07 02:58:41] INFO: [RL-EP-5090] roll=1.000/0.000/0.000
[10-07 02:58:44] INFO: [RL-EP-5091] (5091)
[10-07 02:58:47] INFO: [RL-EP-5092] (5092)
[10-07 02:58:50] INFO: [RL-EP-5093] (5093)
[10-07 02:58:53] INFO: [RL-EP-5094] (5094)
[10-07 02:58:56] INFO: [RL-EP-5095] roll=1.000/0.000/0.000
[10-07 02:58:59] INFO: [RL-EP-5096] (5096)
[10-07 02:59:02] INFO: [RL-EP-5097] (5097)
[10-07 02:59:05] INFO: [RL-EP-5098] (5098)
[10-07 02:59:09] INFO: [RL-EP-5099] (5099)
[10-07 02:59:09] INFO: [CONFIG-CHECK] ep=5100 updates_per_ep=4 (from config)
[10-07 02:59:09] INFO: [SARL-EPSILON] ep=5100 epsilon=0.0500 (start=0.3, end=0.05, decay=1500)
[10-07 02:59:12] INFO: [SARL-REPLAY] ep=5100 buffer_size=200000 updates=4
[10-07 02:59:12] INFO: [SARL-LOSS] ep=5100 value_loss=0.0066 epsilon=0.0500
[10-07 02:59:12] INFO: [SARL-STATS] ep=5100 buffer_size=200000
[10-07 02:59:12] INFO: [STAT] ep=5100 | roll@25(s/c/t)=1.0/0.0/0.0 (1.00/0.00/0.00) | R.mean=0.6
[10-07 02:59:12] INFO: [METRICS-25] time=12.62s | dfreq=0.000 | ddist=0.000m
[10-07 02:59:13] INFO: [METRICS-PLOT] 3-metrics curve -> /root/bayes-vl-matched-20261006/crowd_nav/runs/bayes-matched-v1/bayes_mean-seed42-to8000/curves_3metrics.png
[10-07 02:59:13] INFO: [RL-EP-5100] (5100/8000) s/c/t=1/0/0 qloss=0.0000 ploss=0.0000 buf=200000
[10-07 02:59:13] INFO:               cumulative s/c/t%: 100.0%/0.0%/0.0%
[10-07 02:59:13] INFO: [REPLAY-STORE] ok=2100 skip=0 steps=110271 buf=200000
[10-07 02:59:13] INFO: [STAGE0-MONITOR] timeout_ratio=0.000 (target: decrease over time)
[10-07 02:59:13] INFO: [SOT-5100] REWARD succ=1.0/coll=-0.50 | GRID 5×16=80 | EVENTS s=1.00/c=0.00/t=0.00
[10-07 02:59:13] INFO: ================================================================================
[10-07 02:59:13] INFO: [MULTI-SCALE-5100] TARGET: peak=1.000 stable_90=10ep
[10-07 02:59:13] INFO: [MULTI-SCALE-5100] WINDOWS: short=1.000 med=1.000 long=1.000
[10-07 02:59:13] INFO: [MULTI-SCALE-5100] QUALITY: stability=0.800 learn_rate=0.00000
[10-07 02:59:13] INFO: [ACHIEVEMENT] Stable 90%+ success rate achieved for 10 episodes!
[10-07 02:59:13] INFO: [HEALTH-CHECK-5100] Overall: NEEDS_IMPROVEMENT (score=0.400)
[10-07 02:59:13] INFO: ================================================================================
[10-07 02:59:16] INFO: [RL-EP-5101] (5101)
[10-07 02:59:19] INFO: [RL-EP-5102] (5102)
[10-07 02:59:22] INFO: [RL-EP-5103] (5103)
[10-07 02:59:25] INFO: [RL-EP-5104] (5104)
[10-07 02:59:28] INFO: [RL-EP-5105] roll=0.980/0.020/0.000
[10-07 02:59:31] INFO: [RL-EP-5106] (5106)
[10-07 02:59:34] INFO: [RL-EP-5107] (5107)
[10-07 02:59:38] INFO: [RL-EP-5108] (5108)
[10-07 02:59:41] INFO: [RL-EP-5109] (5109)
[10-07 02:59:44] INFO: [RL-EP-5110] roll=0.980/0.020/0.000
[10-07 02:59:47] INFO: [RL-EP-5111] (5111)
[10-07 02:59:50] INFO: [RL-EP-5112] (5112)
[10-07 02:59:53] INFO: [RL-EP-5113] (5113)
[10-07 02:59:56] INFO: [RL-EP-5114] (5114)
[10-07 03:00:00] INFO: [RL-EP-5115] roll=0.980/0.020/0.000
[10-07 03:00:03] INFO: [RL-EP-5116] (5116)
[10-07 03:00:06] INFO: [RL-EP-5117] (5117)
[10-07 03:00:09] INFO: [RL-EP-5118] (5118)
[10-07 03:00:13] INFO: [RL-EP-5119] (5119)
[10-07 03:00:16] INFO: [RL-EP-5120] roll=0.980/0.020/0.000
[10-07 03:00:19] INFO: [RL-EP-5121] (5121)
[10-07 03:00:22] INFO: [RL-EP-5122] (5122)
[10-07 03:00:25] INFO: [RL-EP-5123] (5123)
[10-07 03:00:28] INFO: [RL-EP-5124] (5124)
[10-07 03:00:31] INFO: [SARL-LOSS] ep=5125 value_loss=0.0051 epsilon=0.0500
[10-07 03:00:31] INFO: [STAT] ep=5125 | roll@25(s/c/t)=1.0/0.0/0.0 (0.96/0.04/0.00) | R.mean=0.6
[10-07 03:00:31] INFO: [METRICS-25] time=12.44s | dfreq=0.000 | ddist=0.000m
[10-07 03:00:32] INFO: [METRICS-PLOT] 3-metrics curve -> /root/bayes-vl-matched-20261006/crowd_nav/runs/bayes-matched-v1/bayes_mean-seed42-to8000/curves_3metrics.png
[10-07 03:00:32] INFO: [RL-EP-5125] (5125/8000) s/c/t=1/0/0 qloss=0.0000 ploss=0.0000 buf=200000
[10-07 03:00:32] INFO:               cumulative s/c/t%: 96.0%/4.0%/0.0%
[10-07 03:00:32] INFO: [REPLAY-STORE] ok=2125 skip=0 steps=111512 buf=200000
[10-07 03:00:32] INFO: [STAGE0-MONITOR] timeout_ratio=0.000 (target: decrease over time)
[10-07 03:00:32] INFO: ================================================================================
[10-07 03:00:32] INFO: [MULTI-SCALE-5125] TARGET: peak=1.000 stable_90=10ep
[10-07 03:00:32] INFO: [MULTI-SCALE-5125] WINDOWS: short=0.900 med=0.920 long=0.980
[10-07 03:00:32] INFO: [MULTI-SCALE-5125] QUALITY: stability=0.800 learn_rate=0.00000
[10-07 03:00:32] INFO: [ACHIEVEMENT] Stable 90%+ success rate achieved for 10 episodes!
[10-07 03:00:32] INFO: [HEALTH-CHECK-5125] Overall: NEEDS_IMPROVEMENT (score=0.400)
[10-07 03:00:32] INFO: ================================================================================
[10-07 03:00:35] INFO: [RL-EP-5126] (5126)
[10-07 03:00:39] INFO: [RL-EP-5127] (5127)
[10-07 03:00:41] INFO: [RL-EP-5128] (5128)
[10-07 03:00:45] INFO: [RL-EP-5129] (5129)
[10-07 03:00:48] INFO: [RL-EP-5130] roll=0.940/0.060/0.000
[10-07 03:00:51] INFO: [RL-EP-5131] (5131)
[10-07 03:00:54] INFO: [RL-EP-5132] (5132)
[10-07 03:00:58] INFO: [RL-EP-5133] (5133)
[10-07 03:01:01] INFO: [RL-EP-5134] (5134)
[10-07 03:01:04] INFO: [RL-EP-5135] roll=0.940/0.060/0.000
[10-07 03:01:07] INFO: [RL-EP-5136] (5136)
[10-07 03:01:10] INFO: [RL-EP-5137] (5137)
[10-07 03:01:13] INFO: [RL-EP-5138] (5138)
[10-07 03:01:16] INFO: [RL-EP-5139] (5139)
[10-07 03:01:19] INFO: [RL-EP-5140] roll=0.940/0.060/0.000
[10-07 03:01:23] INFO: [RL-EP-5141] (5141)
[10-07 03:01:26] INFO: [RL-EP-5142] (5142)
[10-07 03:01:29] INFO: [RL-EP-5143] (5143)
[10-07 03:01:32] INFO: [RL-EP-5144] (5144)
[10-07 03:01:36] INFO: [RL-EP-5145] roll=0.940/0.060/0.000
[10-07 03:01:39] INFO: [RL-EP-5146] (5146)
[10-07 03:01:42] INFO: [RL-EP-5147] (5147)
[10-07 03:01:45] INFO: [RL-EP-5148] (5148)
[10-07 03:01:48] INFO: [RL-EP-5149] (5149)
[10-07 03:01:48] INFO: [CONFIG-CHECK] ep=5150 updates_per_ep=4 (from config)
[10-07 03:01:52] INFO: [SARL-LOSS] ep=5150 value_loss=0.0059 epsilon=0.0500
[10-07 03:01:52] INFO: [STAT] ep=5150 | roll@25(s/c/t)=0.9/0.1/0.0 (0.94/0.06/0.00) | R.mean=0.5
[10-07 03:01:52] INFO: [METRICS-25] time=12.48s | dfreq=0.000 | ddist=0.000m
[10-07 03:01:52] INFO: [METRICS-PLOT] 3-metrics curve -> /root/bayes-vl-matched-20261006/crowd_nav/runs/bayes-matched-v1/bayes_mean-seed42-to8000/curves_3metrics.png
[10-07 03:01:52] INFO: [RL-EP-5150] (5150/8000) s/c/t=1/0/0 qloss=0.0000 ploss=0.0000 buf=200000
[10-07 03:01:52] INFO:               cumulative s/c/t%: 94.0%/6.0%/0.0%
[10-07 03:01:52] INFO: [REPLAY-STORE] ok=2150 skip=0 steps=112768 buf=200000
[10-07 03:01:52] INFO: [STAGE0-MONITOR] timeout_ratio=0.000 (target: decrease over time)
[10-07 03:01:52] INFO: ================================================================================
[10-07 03:01:52] INFO: [MULTI-SCALE-5150] TARGET: peak=1.000 stable_90=10ep
[10-07 03:01:52] INFO: [MULTI-SCALE-5150] WINDOWS: short=1.000 med=0.960 long=0.970
[10-07 03:01:52] INFO: [MULTI-SCALE-5150] QUALITY: stability=0.800 learn_rate=0.00000
[10-07 03:01:52] INFO: [ACHIEVEMENT] Stable 90%+ success rate achieved for 10 episodes!
[10-07 03:01:52] INFO: [HEALTH-CHECK-5150] Overall: NEEDS_IMPROVEMENT (score=0.400)
[10-07 03:01:52] INFO: ================================================================================
[10-07 03:01:55] INFO: [RL-EP-5151] (5151)
[10-07 03:01:59] INFO: [RL-EP-5152] (5152)
[10-07 03:02:02] INFO: [RL-EP-5153] (5153)
[10-07 03:02:05] INFO: [RL-EP-5154] (5154)
[10-07 03:02:08] INFO: [RL-EP-5155] roll=0.960/0.040/0.000
[10-07 03:02:11] INFO: [RL-EP-5156] (5156)
[10-07 03:02:14] INFO: [RL-EP-5157] (5157)
[10-07 03:02:17] INFO: [RL-EP-5158] (5158)
[10-07 03:02:20] INFO: [RL-EP-5159] (5159)
[10-07 03:02:24] INFO: [RL-EP-5160] roll=0.940/0.060/0.000
[10-07 03:02:27] INFO: [RL-EP-5161] (5161)
[10-07 03:02:30] INFO: [RL-EP-5162] (5162)
[10-07 03:02:33] INFO: [RL-EP-5163] (5163)
[10-07 03:02:36] INFO: [RL-EP-5164] (5164)
[10-07 03:02:40] INFO: [RL-EP-5165] roll=0.940/0.060/0.000
[10-07 03:02:43] INFO: [RL-EP-5166] (5166)
[10-07 03:02:46] INFO: [RL-EP-5167] (5167)
[10-07 03:02:49] INFO: [RL-EP-5168] (5168)
[10-07 03:02:52] INFO: [RL-EP-5169] (5169)
[10-07 03:02:56] INFO: [RL-EP-5170] roll=0.940/0.060/0.000
[10-07 03:02:59] INFO: [RL-EP-5171] (5171)
[10-07 03:03:02] INFO: [RL-EP-5172] (5172)
[10-07 03:03:05] INFO: [RL-EP-5173] (5173)
[10-07 03:03:09] INFO: [RL-EP-5174] (5174)
[10-07 03:03:12] INFO: [SARL-LOSS] ep=5175 value_loss=0.0079 epsilon=0.0500
[10-07 03:03:12] INFO: [STAT] ep=5175 | roll@25(s/c/t)=1.0/0.0/0.0 (0.96/0.04/0.00) | R.mean=0.6
[10-07 03:03:12] INFO: [METRICS-25] time=12.66s | dfreq=0.000 | ddist=0.000m
[10-07 03:03:12] INFO: [METRICS-PLOT] 3-metrics curve -> /root/bayes-vl-matched-20261006/crowd_nav/runs/bayes-matched-v1/bayes_mean-seed42-to8000/curves_3metrics.png
[10-07 03:03:12] INFO: [RL-EP-5175] (5175/8000) s/c/t=1/0/0 qloss=0.0000 ploss=0.0000 buf=200000
[10-07 03:03:12] INFO:               cumulative s/c/t%: 96.0%/4.0%/0.0%
[10-07 03:03:12] INFO: [REPLAY-STORE] ok=2175 skip=0 steps=114044 buf=200000
[10-07 03:03:12] INFO: [STAGE0-MONITOR] timeout_ratio=0.000 (target: decrease over time)
[10-07 03:03:12] INFO: ================================================================================
[10-07 03:03:12] INFO: [MULTI-SCALE-5175] TARGET: peak=1.000 stable_90=10ep
[10-07 03:03:12] INFO: [MULTI-SCALE-5175] WINDOWS: short=1.000 med=0.960 long=0.960
[10-07 03:03:12] INFO: [MULTI-SCALE-5175] QUALITY: stability=0.800 learn_rate=0.00000
[10-07 03:03:12] INFO: [ACHIEVEMENT] Stable 90%+ success rate achieved for 10 episodes!
[10-07 03:03:12] INFO: [HEALTH-CHECK-5175] Overall: NEEDS_IMPROVEMENT (score=0.400)
[10-07 03:03:12] INFO: ================================================================================
[10-07 03:03:16] INFO: [RL-EP-5176] (5176)
[10-07 03:03:19] INFO: [RL-EP-5177] (5177)
[10-07 03:03:22] INFO: [RL-EP-5178] (5178)
[10-07 03:03:25] INFO: [RL-EP-5179] (5179)
[10-07 03:03:28] INFO: [RL-EP-5180] roll=0.980/0.020/0.000
[10-07 03:03:31] INFO: [RL-EP-5181] (5181)
[10-07 03:03:35] INFO: [RL-EP-5182] (5182)
[10-07 03:03:38] INFO: [RL-EP-5183] (5183)
[10-07 03:03:41] INFO: [RL-EP-5184] (5184)
[10-07 03:03:44] INFO: [RL-EP-5185] roll=0.980/0.020/0.000
[10-07 03:03:48] INFO: [RL-EP-5186] (5186)
[10-07 03:03:51] INFO: [RL-EP-5187] (5187)
[10-07 03:03:54] INFO: [RL-EP-5188] (5188)
[10-07 03:03:57] INFO: [RL-EP-5189] (5189)
[10-07 03:04:01] INFO: [RL-EP-5190] roll=0.980/0.020/0.000
[10-07 03:04:04] INFO: [RL-EP-5191] (5191)
[10-07 03:04:07] INFO: [RL-EP-5192] (5192)
[10-07 03:04:10] INFO: [RL-EP-5193] (5193)
[10-07 03:04:13] INFO: [RL-EP-5194] (5194)
[10-07 03:04:17] INFO: [RL-EP-5195] roll=0.980/0.020/0.000
[10-07 03:04:20] INFO: [RL-EP-5196] (5196)
[10-07 03:04:23] INFO: [RL-EP-5197] (5197)
[10-07 03:04:26] INFO: [RL-EP-5198] (5198)
[10-07 03:04:29] INFO: [RL-EP-5199] (5199)
[10-07 03:04:29] INFO: [CONFIG-CHECK] ep=5200 updates_per_ep=4 (from config)
[10-07 03:04:29] INFO: [SARL-EPSILON] ep=5200 epsilon=0.0500 (start=0.3, end=0.05, decay=1500)
[10-07 03:04:32] INFO: [SARL-REPLAY] ep=5200 buffer_size=200000 updates=4
[10-07 03:04:32] INFO: [SARL-LOSS] ep=5200 value_loss=0.0054 epsilon=0.0500
[10-07 03:04:32] INFO: [SARL-STATS] ep=5200 buffer_size=200000
[10-07 03:04:32] INFO: [STAT] ep=5200 | roll@25(s/c/t)=1.0/0.0/0.0 (0.98/0.02/0.00) | R.mean=0.6
[10-07 03:04:32] INFO: [METRICS-25] time=12.63s | dfreq=0.000 | ddist=0.000m
[10-07 03:04:33] INFO: [METRICS-PLOT] 3-metrics curve -> /root/bayes-vl-matched-20261006/crowd_nav/runs/bayes-matched-v1/bayes_mean-seed42-to8000/curves_3metrics.png
[10-07 03:04:33] INFO: [RL-EP-5200] (5200/8000) s/c/t=1/0/0 qloss=0.0000 ploss=0.0000 buf=200000
[10-07 03:04:33] INFO:               cumulative s/c/t%: 98.0%/2.0%/0.0%
[10-07 03:04:33] INFO: [REPLAY-STORE] ok=2200 skip=0 steps=115294 buf=200000
[10-07 03:04:33] INFO: [STAGE0-MONITOR] timeout_ratio=0.000 (target: decrease over time)
[10-07 03:04:33] INFO: [SOT-5200] REWARD succ=1.0/coll=-0.50 | GRID 5×16=80 | EVENTS s=0.98/c=0.02/t=0.00
[10-07 03:04:33] INFO: ================================================================================
[10-07 03:04:33] INFO: [MULTI-SCALE-5200] TARGET: peak=1.000 stable_90=10ep
[10-07 03:04:33] INFO: [MULTI-SCALE-5200] WINDOWS: short=1.000 med=1.000 long=0.960
[10-07 03:04:33] INFO: [MULTI-SCALE-5200] QUALITY: stability=0.800 learn_rate=0.00000
[10-07 03:04:33] INFO: [ACHIEVEMENT] Stable 90%+ success rate achieved for 10 episodes!
[10-07 03:04:33] INFO: [HEALTH-CHECK-5200] Overall: NEEDS_IMPROVEMENT (score=0.400)
[10-07 03:04:33] INFO: ================================================================================
[10-07 03:04:36] INFO: [RL-EP-5201] (5201)
[10-07 03:04:40] INFO: [RL-EP-5202] (5202)
[10-07 03:04:43] INFO: [RL-EP-5203] (5203)
[10-07 03:04:46] INFO: [RL-EP-5204] (5204)
[10-07 03:04:49] INFO: [RL-EP-5205] roll=0.980/0.020/0.000
[10-07 03:04:52] INFO: [RL-EP-5206] (5206)
[10-07 03:04:55] INFO: [RL-EP-5207] (5207)
[10-07 03:04:58] INFO: [RL-EP-5208] (5208)
[10-07 03:05:02] INFO: [RL-EP-5209] (5209)
[10-07 03:05:05] INFO: [RL-EP-5210] roll=1.000/0.000/0.000
[10-07 03:05:08] INFO: [RL-EP-5211] (5211)
[10-07 03:05:12] INFO: [RL-EP-5212] (5212)
[10-07 03:05:15] INFO: [RL-EP-5213] (5213)
[10-07 03:05:18] INFO: [RL-EP-5214] (5214)
[10-07 03:05:21] INFO: [RL-EP-5215] roll=1.000/0.000/0.000
[10-07 03:05:24] INFO: [RL-EP-5216] (5216)
[10-07 03:05:27] INFO: [RL-EP-5217] (5217)
[10-07 03:05:30] INFO: [RL-EP-5218] (5218)
[10-07 03:05:33] INFO: [RL-EP-5219] (5219)
[10-07 03:05:36] INFO: [RL-EP-5220] roll=0.980/0.020/0.000
[10-07 03:05:39] INFO: [RL-EP-5221] (5221)
[10-07 03:05:43] INFO: [RL-EP-5222] (5222)
[10-07 03:05:46] INFO: [RL-EP-5223] (5223)
[10-07 03:05:49] INFO: [RL-EP-5224] (5224)
[10-07 03:05:52] INFO: [SARL-LOSS] ep=5225 value_loss=0.0062 epsilon=0.0500
[10-07 03:05:52] INFO: [STAT] ep=5225 | roll@25(s/c/t)=1.0/0.0/0.0 (0.98/0.02/0.00) | R.mean=0.6
[10-07 03:05:52] INFO: [METRICS-25] time=12.55s | dfreq=0.000 | ddist=0.000m
[10-07 03:05:53] INFO: [METRICS-PLOT] 3-metrics curve -> /root/bayes-vl-matched-20261006/crowd_nav/runs/bayes-matched-v1/bayes_mean-seed42-to8000/curves_3metrics.png
[10-07 03:05:53] INFO: [RL-EP-5225] (5225/8000) s/c/t=1/0/0 qloss=0.0000 ploss=0.0000 buf=200000
[10-07 03:05:53] INFO:               cumulative s/c/t%: 98.0%/2.0%/0.0%
[10-07 03:05:53] INFO: [REPLAY-STORE] ok=2225 skip=0 steps=116555 buf=200000
[10-07 03:05:53] INFO: [STAGE0-MONITOR] timeout_ratio=0.000 (target: decrease over time)
[10-07 03:05:53] INFO: ================================================================================
[10-07 03:05:53] INFO: [MULTI-SCALE-5225] TARGET: peak=1.000 stable_90=10ep
[10-07 03:05:53] INFO: [MULTI-SCALE-5225] WINDOWS: short=0.900 med=0.960 long=0.970
[10-07 03:05:53] INFO: [MULTI-SCALE-5225] QUALITY: stability=0.800 learn_rate=0.00000
[10-07 03:05:53] INFO: [ACHIEVEMENT] Stable 90%+ success rate achieved for 10 episodes!
[10-07 03:05:53] INFO: [HEALTH-CHECK-5225] Overall: NEEDS_IMPROVEMENT (score=0.400)
[10-07 03:05:53] INFO: ================================================================================
[10-07 03:05:56] INFO: [RL-EP-5226] (5226)
[10-07 03:05:59] INFO: [RL-EP-5227] (5227)
[10-07 03:06:02] INFO: [RL-EP-5228] (5228)
[10-07 03:06:05] INFO: [RL-EP-5229] (5229)
[10-07 03:06:09] INFO: [RL-EP-5230] roll=0.980/0.020/0.000
[10-07 03:06:12] INFO: [RL-EP-5231] (5231)
[10-07 03:06:15] INFO: [RL-EP-5232] (5232)
[10-07 03:06:18] INFO: [RL-EP-5233] (5233)
[10-07 03:06:21] INFO: [RL-EP-5234] (5234)
[10-07 03:06:25] INFO: [RL-EP-5235] roll=0.980/0.020/0.000
[10-07 03:06:28] INFO: [RL-EP-5236] (5236)
[10-07 03:06:31] INFO: [RL-EP-5237] (5237)
[10-07 03:06:34] INFO: [RL-EP-5238] (5238)
[10-07 03:06:37] INFO: [RL-EP-5239] (5239)
[10-07 03:06:41] INFO: [RL-EP-5240] roll=0.980/0.020/0.000
[10-07 03:06:44] INFO: [RL-EP-5241] (5241)
[10-07 03:06:47] INFO: [RL-EP-5242] (5242)
[10-07 03:06:50] INFO: [RL-EP-5243] (5243)
[10-07 03:06:53] INFO: [RL-EP-5244] (5244)
[10-07 03:06:56] INFO: [RL-EP-5245] roll=0.980/0.020/0.000
[10-07 03:06:59] INFO: [RL-EP-5246] (5246)
[10-07 03:07:02] INFO: [RL-EP-5247] (5247)
[10-07 03:07:05] INFO: [RL-EP-5248] (5248)
[10-07 03:07:08] INFO: [RL-EP-5249] (5249)
[10-07 03:07:08] INFO: [CONFIG-CHECK] ep=5250 updates_per_ep=4 (from config)
[10-07 03:07:11] INFO: [SARL-LOSS] ep=5250 value_loss=0.0060 epsilon=0.0500
[10-07 03:07:11] INFO: [STAT] ep=5250 | roll@25(s/c/t)=1.0/0.0/0.0 (0.98/0.02/0.00) | R.mean=0.6
[10-07 03:07:11] INFO: [METRICS-25] time=12.52s | dfreq=0.000 | ddist=0.000m
[10-07 03:07:12] INFO: [METRICS-PLOT] 3-metrics curve -> /root/bayes-vl-matched-20261006/crowd_nav/runs/bayes-matched-v1/bayes_mean-seed42-to8000/curves_3metrics.png
[10-07 03:07:12] INFO: [RL-EP-5250] (5250/8000) s/c/t=1/0/0 qloss=0.0000 ploss=0.0000 buf=200000
[10-07 03:07:12] INFO:               cumulative s/c/t%: 98.0%/2.0%/0.0%
[10-07 03:07:12] INFO: [REPLAY-STORE] ok=2250 skip=0 steps=117798 buf=200000
[10-07 03:07:12] INFO: [STAGE0-MONITOR] timeout_ratio=0.000 (target: decrease over time)
[10-07 03:07:12] INFO: ================================================================================
[10-07 03:07:12] INFO: [MULTI-SCALE-5250] TARGET: peak=1.000 stable_90=10ep
[10-07 03:07:12] INFO: [MULTI-SCALE-5250] WINDOWS: short=1.000 med=1.000 long=0.980
[10-07 03:07:12] INFO: [MULTI-SCALE-5250] QUALITY: stability=0.800 learn_rate=0.00000
[10-07 03:07:12] INFO: [ACHIEVEMENT] Stable 90%+ success rate achieved for 10 episodes!
[10-07 03:07:12] INFO: [HEALTH-CHECK-5250] Overall: NEEDS_IMPROVEMENT (score=0.400)
[10-07 03:07:12] INFO: ================================================================================
[10-07 03:07:14] INFO: [RL-EP-5251] (5251)
[10-07 03:07:18] INFO: [RL-EP-5252] (5252)
[10-07 03:07:21] INFO: [RL-EP-5253] (5253)
[10-07 03:07:24] INFO: [RL-EP-5254] (5254)
[10-07 03:07:28] INFO: [RL-EP-5255] roll=0.960/0.040/0.000
[10-07 03:07:31] INFO: [RL-EP-5256] (5256)
[10-07 03:07:34] INFO: [RL-EP-5257] (5257)
[10-07 03:07:37] INFO: [RL-EP-5258] (5258)
[10-07 03:07:40] INFO: [RL-EP-5259] (5259)
[10-07 03:07:44] INFO: [RL-EP-5260] roll=0.940/0.060/0.000
[10-07 03:07:47] INFO: [RL-EP-5261] (5261)
[10-07 03:07:50] INFO: [RL-EP-5262] (5262)
[10-07 03:07:53] INFO: [RL-EP-5263] (5263)
[10-07 03:07:56] INFO: [RL-EP-5264] (5264)
[10-07 03:07:59] INFO: [RL-EP-5265] roll=0.940/0.060/0.000
[10-07 03:08:02] INFO: [RL-EP-5266] (5266)
[10-07 03:08:06] INFO: [RL-EP-5267] (5267)
[10-07 03:08:09] INFO: [RL-EP-5268] (5268)
[10-07 03:08:12] INFO: [RL-EP-5269] (5269)
[10-07 03:08:16] INFO: [RL-EP-5270] roll=0.960/0.040/0.000
[10-07 03:08:19] INFO: [RL-EP-5271] (5271)
[10-07 03:08:23] INFO: [RL-EP-5272] (5272)
[10-07 03:08:26] INFO: [RL-EP-5273] (5273)
[10-07 03:08:29] INFO: [RL-EP-5274] (5274)
[10-07 03:08:32] INFO: [SARL-LOSS] ep=5275 value_loss=0.0092 epsilon=0.0500
[10-07 03:08:32] INFO: [STAT] ep=5275 | roll@25(s/c/t)=1.0/0.0/0.0 (0.96/0.04/0.00) | R.mean=0.6
[10-07 03:08:32] INFO: [METRICS-25] time=12.52s | dfreq=0.000 | ddist=0.000m
[10-07 03:08:33] INFO: [METRICS-PLOT] 3-metrics curve -> /root/bayes-vl-matched-20261006/crowd_nav/runs/bayes-matched-v1/bayes_mean-seed42-to8000/curves_3metrics.png
[10-07 03:08:33] INFO: [RL-EP-5275] (5275/8000) s/c/t=1/0/0 qloss=0.0000 ploss=0.0000 buf=200000
[10-07 03:08:33] INFO:               cumulative s/c/t%: 96.0%/4.0%/0.0%
[10-07 03:08:33] INFO: [REPLAY-STORE] ok=2275 skip=0 steps=119059 buf=200000
[10-07 03:08:33] INFO: [STAGE0-MONITOR] timeout_ratio=0.000 (target: decrease over time)
[10-07 03:08:33] INFO: ================================================================================
[10-07 03:08:33] INFO: [MULTI-SCALE-5275] TARGET: peak=1.000 stable_90=10ep
[10-07 03:08:33] INFO: [MULTI-SCALE-5275] WINDOWS: short=1.000 med=0.920 long=0.970
[10-07 03:08:33] INFO: [MULTI-SCALE-5275] QUALITY: stability=0.800 learn_rate=0.00000
[10-07 03:08:33] INFO: [ACHIEVEMENT] Stable 90%+ success rate achieved for 10 episodes!
[10-07 03:08:33] INFO: [HEALTH-CHECK-5275] Overall: NEEDS_IMPROVEMENT (score=0.400)
[10-07 03:08:33] INFO: ================================================================================
[10-07 03:08:36] INFO: [RL-EP-5276] (5276)
[10-07 03:08:39] INFO: [RL-EP-5277] (5277)
[10-07 03:08:43] INFO: [RL-EP-5278] (5278)
[10-07 03:08:46] INFO: [RL-EP-5279] (5279)
[10-07 03:08:49] INFO: [RL-EP-5280] roll=0.960/0.040/0.000
[10-07 03:08:52] INFO: [RL-EP-5281] (5281)
[10-07 03:08:55] INFO: [RL-EP-5282] (5282)
[10-07 03:08:58] INFO: [RL-EP-5283] (5283)
[10-07 03:09:01] INFO: [RL-EP-5284] (5284)
[10-07 03:09:04] INFO: [RL-EP-5285] roll=0.940/0.060/0.000
[10-07 03:09:07] INFO: [RL-EP-5286] (5286)
[10-07 03:09:10] INFO: [RL-EP-5287] (5287)
[10-07 03:09:14] INFO: [RL-EP-5288] (5288)
[10-07 03:09:17] INFO: [RL-EP-5289] (5289)
[10-07 03:09:20] INFO: [RL-EP-5290] roll=0.940/0.060/0.000
[10-07 03:09:23] INFO: [RL-EP-5291] (5291)
[10-07 03:09:26] INFO: [RL-EP-5292] (5292)
[10-07 03:09:30] INFO: [RL-EP-5293] (5293)
[10-07 03:09:33] INFO: [RL-EP-5294] (5294)
[10-07 03:09:36] INFO: [RL-EP-5295] roll=0.940/0.060/0.000
[10-07 03:09:39] INFO: [RL-EP-5296] (5296)
[10-07 03:09:42] INFO: [RL-EP-5297] (5297)
[10-07 03:09:45] INFO: [RL-EP-5298] (5298)
[10-07 03:09:48] INFO: [RL-EP-5299] (5299)
[10-07 03:09:48] INFO: [CONFIG-CHECK] ep=5300 updates_per_ep=4 (from config)
[10-07 03:09:48] INFO: [SARL-EPSILON] ep=5300 epsilon=0.0500 (start=0.3, end=0.05, decay=1500)
[10-07 03:09:52] INFO: [SARL-REPLAY] ep=5300 buffer_size=200000 updates=4
[10-07 03:09:52] INFO: [SARL-LOSS] ep=5300 value_loss=0.0080 epsilon=0.0500
[10-07 03:09:52] INFO: [SARL-STATS] ep=5300 buffer_size=200000
[10-07 03:09:52] INFO: [STAT] ep=5300 | roll@25(s/c/t)=0.9/0.1/0.0 (0.94/0.06/0.00) | R.mean=0.5
[10-07 03:09:52] INFO: [METRICS-25] time=12.59s | dfreq=0.000 | ddist=0.000m
[10-07 03:09:52] INFO: [METRICS-PLOT] 3-metrics curve -> /root/bayes-vl-matched-20261006/crowd_nav/runs/bayes-matched-v1/bayes_mean-seed42-to8000/curves_3metrics.png
[10-07 03:09:52] INFO: [RL-EP-5300] (5300/8000) s/c/t=1/0/0 qloss=0.0000 ploss=0.0000 buf=200000
[10-07 03:09:52] INFO:               cumulative s/c/t%: 94.0%/6.0%/0.0%
[10-07 03:09:52] INFO: [REPLAY-STORE] ok=2300 skip=0 steps=120316 buf=200000
[10-07 03:09:52] INFO: [STAGE0-MONITOR] timeout_ratio=0.000 (target: decrease over time)
[10-07 03:09:52] INFO: [SOT-5300] REWARD succ=1.0/coll=-0.50 | GRID 5×16=80 | EVENTS s=0.94/c=0.06/t=0.00
[10-07 03:09:52] INFO: ================================================================================
[10-07 03:09:52] INFO: [MULTI-SCALE-5300] TARGET: peak=1.000 stable_90=10ep
[10-07 03:09:52] INFO: [MULTI-SCALE-5300] WINDOWS: short=1.000 med=0.960 long=0.960
[10-07 03:09:52] INFO: [MULTI-SCALE-5300] QUALITY: stability=0.800 learn_rate=0.00000
[10-07 03:09:52] INFO: [ACHIEVEMENT] Stable 90%+ success rate achieved for 10 episodes!
[10-07 03:09:52] INFO: [HEALTH-CHECK-5300] Overall: NEEDS_IMPROVEMENT (score=0.400)
[10-07 03:09:52] INFO: ================================================================================
[10-07 03:09:56] INFO: [RL-EP-5301] (5301)
[10-07 03:09:59] INFO: [RL-EP-5302] (5302)
[10-07 03:10:02] INFO: [RL-EP-5303] (5303)
[10-07 03:10:06] INFO: [RL-EP-5304] (5304)
[10-07 03:10:09] INFO: [RL-EP-5305] roll=0.960/0.040/0.000
[10-07 03:10:12] INFO: [RL-EP-5306] (5306)
[10-07 03:10:15] INFO: [RL-EP-5307] (5307)
[10-07 03:10:18] INFO: [RL-EP-5308] (5308)
[10-07 03:10:21] INFO: [RL-EP-5309] (5309)
[10-07 03:10:25] INFO: [RL-EP-5310] roll=0.980/0.020/0.000
[10-07 03:10:28] INFO: [RL-EP-5311] (5311)
[10-07 03:10:31] INFO: [RL-EP-5312] (5312)
[10-07 03:10:34] INFO: [RL-EP-5313] (5313)
[10-07 03:10:37] INFO: [RL-EP-5314] (5314)
[10-07 03:10:40] INFO: [RL-EP-5315] roll=0.980/0.020/0.000
[10-07 03:10:44] INFO: [RL-EP-5316] (5316)
[10-07 03:10:47] INFO: [RL-EP-5317] (5317)
[10-07 03:10:50] INFO: [RL-EP-5318] (5318)
[10-07 03:10:53] INFO: [RL-EP-5319] (5319)
[10-07 03:10:56] INFO: [RL-EP-5320] roll=0.980/0.020/0.000
[10-07 03:10:59] INFO: [RL-EP-5321] (5321)
[10-07 03:11:03] INFO: [RL-EP-5322] (5322)
[10-07 03:11:06] INFO: [RL-EP-5323] (5323)
[10-07 03:11:10] INFO: [RL-EP-5324] (5324)
[10-07 03:11:13] INFO: [SARL-LOSS] ep=5325 value_loss=0.0102 epsilon=0.0500
[10-07 03:11:13] INFO: [STAT] ep=5325 | roll@25(s/c/t)=1.0/0.0/0.0 (0.98/0.02/0.00) | R.mean=0.6
[10-07 03:11:13] INFO: [METRICS-25] time=12.77s | dfreq=0.000 | ddist=0.000m
[10-07 03:11:13] INFO: [METRICS-PLOT] 3-metrics curve -> /root/bayes-vl-matched-20261006/crowd_nav/runs/bayes-matched-v1/bayes_mean-seed42-to8000/curves_3metrics.png
[10-07 03:11:13] INFO: [RL-EP-5325] (5325/8000) s/c/t=1/0/0 qloss=0.0000 ploss=0.0000 buf=200000
[10-07 03:11:13] INFO:               cumulative s/c/t%: 98.0%/2.0%/0.0%
[10-07 03:11:13] INFO: [REPLAY-STORE] ok=2325 skip=0 steps=121612 buf=200000
[10-07 03:11:13] INFO: [STAGE0-MONITOR] timeout_ratio=0.000 (target: decrease over time)
[10-07 03:11:13] INFO: ================================================================================
[10-07 03:11:13] INFO: [MULTI-SCALE-5325] TARGET: peak=1.000 stable_90=10ep
[10-07 03:11:13] INFO: [MULTI-SCALE-5325] WINDOWS: short=1.000 med=1.000 long=0.970
[10-07 03:11:13] INFO: [MULTI-SCALE-5325] QUALITY: stability=0.800 learn_rate=0.00000
[10-07 03:11:13] INFO: [ACHIEVEMENT] Stable 90%+ success rate achieved for 10 episodes!
[10-07 03:11:13] INFO: [HEALTH-CHECK-5325] Overall: NEEDS_IMPROVEMENT (score=0.400)
[10-07 03:11:13] INFO: ================================================================================
[10-07 03:11:17] INFO: [RL-EP-5326] (5326)
[10-07 03:11:20] INFO: [RL-EP-5327] (5327)
[10-07 03:11:23] INFO: [RL-EP-5328] (5328)
[10-07 03:11:26] INFO: [RL-EP-5329] (5329)
[10-07 03:11:29] INFO: [RL-EP-5330] roll=0.980/0.020/0.000
[10-07 03:11:32] INFO: [RL-EP-5331] (5331)
[10-07 03:11:36] INFO: [RL-EP-5332] (5332)
[10-07 03:11:39] INFO: [RL-EP-5333] (5333)
[10-07 03:11:42] INFO: [RL-EP-5334] (5334)
[10-07 03:11:45] INFO: [RL-EP-5335] roll=0.980/0.020/0.000
[10-07 03:11:48] INFO: [RL-EP-5336] (5336)
[10-07 03:11:52] INFO: [RL-EP-5337] (5337)
[10-07 03:11:55] INFO: [RL-EP-5338] (5338)
[10-07 03:11:58] INFO: [RL-EP-5339] (5339)
[10-07 03:12:01] INFO: [RL-EP-5340] roll=0.980/0.020/0.000
[10-07 03:12:04] INFO: [RL-EP-5341] (5341)
[10-07 03:12:07] INFO: [RL-EP-5342] (5342)
[10-07 03:12:11] INFO: [RL-EP-5343] (5343)
[10-07 03:12:14] INFO: [RL-EP-5344] (5344)
[10-07 03:12:17] INFO: [RL-EP-5345] roll=0.980/0.020/0.000
[10-07 03:12:20] INFO: [RL-EP-5346] (5346)
[10-07 03:12:24] INFO: [RL-EP-5347] (5347)
[10-07 03:12:27] INFO: [RL-EP-5348] (5348)
[10-07 03:12:30] INFO: [RL-EP-5349] (5349)
[10-07 03:12:30] INFO: [CONFIG-CHECK] ep=5350 updates_per_ep=4 (from config)
[10-07 03:12:33] INFO: [SARL-LOSS] ep=5350 value_loss=0.0149 epsilon=0.0500
[10-07 03:12:33] INFO: [STAT] ep=5350 | roll@25(s/c/t)=1.0/0.0/0.0 (0.98/0.02/0.00) | R.mean=0.6
[10-07 03:12:33] INFO: [METRICS-25] time=13.00s | dfreq=0.000 | ddist=0.000m
[10-07 03:12:34] INFO: [METRICS-PLOT] 3-metrics curve -> /root/bayes-vl-matched-20261006/crowd_nav/runs/bayes-matched-v1/bayes_mean-seed42-to8000/curves_3metrics.png
[10-07 03:12:34] INFO: [RL-EP-5350] (5350/8000) s/c/t=1/0/0 qloss=0.0000 ploss=0.0000 buf=200000
[10-07 03:12:34] INFO:               cumulative s/c/t%: 98.0%/2.0%/0.0%
[10-07 03:12:34] INFO: [REPLAY-STORE] ok=2350 skip=0 steps=122916 buf=200000
[10-07 03:12:34] INFO: [STAGE0-MONITOR] timeout_ratio=0.000 (target: decrease over time)
[10-07 03:12:34] INFO: ================================================================================
[10-07 03:12:34] INFO: [MULTI-SCALE-5350] TARGET: peak=1.000 stable_90=10ep
[10-07 03:12:34] INFO: [MULTI-SCALE-5350] WINDOWS: short=1.000 med=0.960 long=0.960
[10-07 03:12:34] INFO: [MULTI-SCALE-5350] QUALITY: stability=0.800 learn_rate=0.00000
[10-07 03:12:34] INFO: [ACHIEVEMENT] Stable 90%+ success rate achieved for 10 episodes!
[10-07 03:12:34] INFO: [HEALTH-CHECK-5350] Overall: NEEDS_IMPROVEMENT (score=0.400)
[10-07 03:12:34] INFO: ================================================================================
[10-07 03:12:37] INFO: [RL-EP-5351] (5351)
[10-07 03:12:40] INFO: [RL-EP-5352] (5352)
[10-07 03:12:44] INFO: [RL-EP-5353] (5353)
[10-07 03:12:47] INFO: [RL-EP-5354] (5354)
[10-07 03:12:50] INFO: [RL-EP-5355] roll=0.980/0.020/0.000
[10-07 03:12:53] INFO: [RL-EP-5356] (5356)
[10-07 03:12:57] INFO: [RL-EP-5357] (5357)
[10-07 03:13:00] INFO: [RL-EP-5358] (5358)
[10-07 03:13:03] INFO: [RL-EP-5359] (5359)
[10-07 03:13:06] INFO: [RL-EP-5360] roll=0.980/0.020/0.000
[10-07 03:13:09] INFO: [RL-EP-5361] (5361)
[10-07 03:13:13] INFO: [RL-EP-5362] (5362)
[10-07 03:13:16] INFO: [RL-EP-5363] (5363)
[10-07 03:13:19] INFO: [RL-EP-5364] (5364)
[10-07 03:13:22] INFO: [RL-EP-5365] roll=0.980/0.020/0.000
[10-07 03:13:26] INFO: [RL-EP-5366] (5366)
[10-07 03:13:29] INFO: [RL-EP-5367] (5367)
[10-07 03:13:32] INFO: [RL-EP-5368] (5368)
[10-07 03:13:35] INFO: [RL-EP-5369] (5369)
[10-07 03:13:38] INFO: [RL-EP-5370] roll=0.980/0.020/0.000
[10-07 03:13:42] INFO: [RL-EP-5371] (5371)
[10-07 03:13:45] INFO: [RL-EP-5372] (5372)
[10-07 03:13:48] INFO: [RL-EP-5373] (5373)
[10-07 03:13:51] INFO: [RL-EP-5374] (5374)
[10-07 03:13:54] INFO: [SARL-LOSS] ep=5375 value_loss=0.0156 epsilon=0.0500
[10-07 03:13:54] INFO: [STAT] ep=5375 | roll@25(s/c/t)=1.0/0.0/0.0 (0.98/0.02/0.00) | R.mean=0.6
[10-07 03:13:54] INFO: [METRICS-25] time=13.05s | dfreq=0.000 | ddist=0.000m
[10-07 03:13:55] INFO: [METRICS-PLOT] 3-metrics curve -> /root/bayes-vl-matched-20261006/crowd_nav/runs/bayes-matched-v1/bayes_mean-seed42-to8000/curves_3metrics.png
[10-07 03:13:55] INFO: [RL-EP-5375] (5375/8000) s/c/t=1/0/0 qloss=0.0000 ploss=0.0000 buf=200000
[10-07 03:13:55] INFO:               cumulative s/c/t%: 98.0%/2.0%/0.0%
[10-07 03:13:55] INFO: [REPLAY-STORE] ok=2375 skip=0 steps=124223 buf=200000
[10-07 03:13:55] INFO: [STAGE0-MONITOR] timeout_ratio=0.000 (target: decrease over time)
[10-07 03:13:55] INFO: ================================================================================
[10-07 03:13:55] INFO: [MULTI-SCALE-5375] TARGET: peak=1.000 stable_90=10ep
[10-07 03:13:55] INFO: [MULTI-SCALE-5375] WINDOWS: short=1.000 med=1.000 long=0.980
[10-07 03:13:55] INFO: [MULTI-SCALE-5375] QUALITY: stability=0.800 learn_rate=0.00000
[10-07 03:13:55] INFO: [ACHIEVEMENT] Stable 90%+ success rate achieved for 10 episodes!
[10-07 03:13:55] INFO: [HEALTH-CHECK-5375] Overall: NEEDS_IMPROVEMENT (score=0.400)
[10-07 03:13:55] INFO: ================================================================================
[10-07 03:13:58] INFO: [RL-EP-5376] (5376)
[10-07 03:14:01] INFO: [RL-EP-5377] (5377)
[10-07 03:14:04] INFO: [RL-EP-5378] (5378)
[10-07 03:14:08] INFO: [RL-EP-5379] (5379)
[10-07 03:14:11] INFO: [RL-EP-5380] roll=0.980/0.020/0.000
[10-07 03:14:14] INFO: [RL-EP-5381] (5381)
[10-07 03:14:17] INFO: [RL-EP-5382] (5382)
[10-07 03:14:20] INFO: [RL-EP-5383] (5383)
[10-07 03:14:24] INFO: [RL-EP-5384] (5384)
[10-07 03:14:27] INFO: [RL-EP-5385] roll=1.000/0.000/0.000
[10-07 03:14:30] INFO: [RL-EP-5386] (5386)
[10-07 03:14:34] INFO: [RL-EP-5387] (5387)
[10-07 03:14:37] INFO: [RL-EP-5388] (5388)
[10-07 03:14:40] INFO: [RL-EP-5389] (5389)
[10-07 03:14:43] INFO: [RL-EP-5390] roll=1.000/0.000/0.000
[10-07 03:14:46] INFO: [RL-EP-5391] (5391)
[10-07 03:14:49] INFO: [RL-EP-5392] (5392)
[10-07 03:14:52] INFO: [RL-EP-5393] (5393)
[10-07 03:14:56] INFO: [RL-EP-5394] (5394)
[10-07 03:14:59] INFO: [RL-EP-5395] roll=1.000/0.000/0.000
[10-07 03:15:02] INFO: [RL-EP-5396] (5396)
[10-07 03:15:05] INFO: [RL-EP-5397] (5397)
[10-07 03:15:09] INFO: [RL-EP-5398] (5398)
[10-07 03:15:12] INFO: [RL-EP-5399] (5399)
[10-07 03:15:12] INFO: [CONFIG-CHECK] ep=5400 updates_per_ep=4 (from config)
[10-07 03:15:12] INFO: [SARL-EPSILON] ep=5400 epsilon=0.0500 (start=0.3, end=0.05, decay=1500)
[10-07 03:15:15] INFO: [SARL-REPLAY] ep=5400 buffer_size=200000 updates=4
[10-07 03:15:15] INFO: [SARL-LOSS] ep=5400 value_loss=0.0039 epsilon=0.0500
[10-07 03:15:15] INFO: [SARL-STATS] ep=5400 buffer_size=200000
[10-07 03:15:15] INFO: [STAT] ep=5400 | roll@25(s/c/t)=1.0/0.0/0.0 (1.00/0.00/0.00) | R.mean=0.6
[10-07 03:15:15] INFO: [METRICS-25] time=12.97s | dfreq=0.000 | ddist=0.000m
[10-07 03:15:16] INFO: [METRICS-PLOT] 3-metrics curve -> /root/bayes-vl-matched-20261006/crowd_nav/runs/bayes-matched-v1/bayes_mean-seed42-to8000/curves_3metrics.png
[10-07 03:15:16] INFO: [RL-EP-5400] (5400/8000) s/c/t=1/0/0 qloss=0.0000 ploss=0.0000 buf=200000
[10-07 03:15:16] INFO:               cumulative s/c/t%: 100.0%/0.0%/0.0%
[10-07 03:15:16] INFO: [REPLAY-STORE] ok=2400 skip=0 steps=125511 buf=200000
[10-07 03:15:16] INFO: [STAGE0-MONITOR] timeout_ratio=0.000 (target: decrease over time)
[10-07 03:15:16] INFO: [SOT-5400] REWARD succ=1.0/coll=-0.50 | GRID 5×16=80 | EVENTS s=1.00/c=0.00/t=0.00
[10-07 03:15:16] INFO: ================================================================================
[10-07 03:15:16] INFO: [MULTI-SCALE-5400] TARGET: peak=1.000 stable_90=10ep
[10-07 03:15:16] INFO: [MULTI-SCALE-5400] WINDOWS: short=1.000 med=1.000 long=0.990
[10-07 03:15:16] INFO: [MULTI-SCALE-5400] QUALITY: stability=0.800 learn_rate=0.00000
[10-07 03:15:16] INFO: [ACHIEVEMENT] Stable 90%+ success rate achieved for 10 episodes!
[10-07 03:15:16] INFO: [HEALTH-CHECK-5400] Overall: NEEDS_IMPROVEMENT (score=0.400)
[10-07 03:15:16] INFO: ================================================================================
[10-07 03:15:19] INFO: [RL-EP-5401] (5401)
[10-07 03:15:22] INFO: [RL-EP-5402] (5402)
[10-07 03:15:25] INFO: [RL-EP-5403] (5403)
[10-07 03:15:29] INFO: [RL-EP-5404] (5404)
[10-07 03:15:32] INFO: [RL-EP-5405] roll=1.000/0.000/0.000
[10-07 03:15:35] INFO: [RL-EP-5406] (5406)
[10-07 03:15:38] INFO: [RL-EP-5407] (5407)
[10-07 03:15:41] INFO: [RL-EP-5408] (5408)
[10-07 03:15:44] INFO: [RL-EP-5409] (5409)
[10-07 03:15:48] INFO: [RL-EP-5410] roll=1.000/0.000/0.000
[10-07 03:15:51] INFO: [RL-EP-5411] (5411)
[10-07 03:15:54] INFO: [RL-EP-5412] (5412)
[10-07 03:15:57] INFO: [RL-EP-5413] (5413)
[10-07 03:16:00] INFO: [RL-EP-5414] (5414)
[10-07 03:16:04] INFO: [RL-EP-5415] roll=1.000/0.000/0.000
[10-07 03:16:07] INFO: [RL-EP-5416] (5416)
[10-07 03:16:10] INFO: [RL-EP-5417] (5417)
[10-07 03:16:13] INFO: [RL-EP-5418] (5418)
[10-07 03:16:16] INFO: [RL-EP-5419] (5419)
[10-07 03:16:20] INFO: [RL-EP-5420] roll=1.000/0.000/0.000
[10-07 03:16:22] INFO: [RL-EP-5421] (5421)
[10-07 03:16:26] INFO: [RL-EP-5422] (5422)
[10-07 03:16:29] INFO: [RL-EP-5423] (5423)
[10-07 03:16:32] INFO: [RL-EP-5424] (5424)
[10-07 03:16:35] INFO: [SARL-LOSS] ep=5425 value_loss=0.0051 epsilon=0.0500
[10-07 03:16:35] INFO: [STAT] ep=5425 | roll@25(s/c/t)=1.0/0.0/0.0 (1.00/0.00/0.00) | R.mean=0.6
[10-07 03:16:35] INFO: [METRICS-25] time=12.71s | dfreq=0.000 | ddist=0.000m
[10-07 03:16:36] INFO: [METRICS-PLOT] 3-metrics curve -> /root/bayes-vl-matched-20261006/crowd_nav/runs/bayes-matched-v1/bayes_mean-seed42-to8000/curves_3metrics.png
[10-07 03:16:36] INFO: [RL-EP-5425] (5425/8000) s/c/t=1/0/0 qloss=0.0000 ploss=0.0000 buf=200000
[10-07 03:16:36] INFO:               cumulative s/c/t%: 100.0%/0.0%/0.0%
[10-07 03:16:36] INFO: [REPLAY-STORE] ok=2425 skip=0 steps=126764 buf=200000
[10-07 03:16:36] INFO: [STAGE0-MONITOR] timeout_ratio=0.000 (target: decrease over time)
[10-07 03:16:36] INFO: ================================================================================
[10-07 03:16:36] INFO: [MULTI-SCALE-5425] TARGET: peak=1.000 stable_90=10ep
[10-07 03:16:36] INFO: [MULTI-SCALE-5425] WINDOWS: short=1.000 med=1.000 long=0.990
[10-07 03:16:36] INFO: [MULTI-SCALE-5425] QUALITY: stability=0.800 learn_rate=0.00000
[10-07 03:16:36] INFO: [ACHIEVEMENT] Stable 90%+ success rate achieved for 10 episodes!
[10-07 03:16:36] INFO: [HEALTH-CHECK-5425] Overall: NEEDS_IMPROVEMENT (score=0.400)
[10-07 03:16:36] INFO: ================================================================================
[10-07 03:16:39] INFO: [RL-EP-5426] (5426)
[10-07 03:16:42] INFO: [RL-EP-5427] (5427)
[10-07 03:16:45] INFO: [RL-EP-5428] (5428)
[10-07 03:16:48] INFO: [RL-EP-5429] (5429)
[10-07 03:16:51] INFO: [RL-EP-5430] roll=1.000/0.000/0.000
[10-07 03:16:54] INFO: [RL-EP-5431] (5431)
[10-07 03:16:57] INFO: [RL-EP-5432] (5432)
[10-07 03:17:01] INFO: [RL-EP-5433] (5433)
[10-07 03:17:04] INFO: [RL-EP-5434] (5434)
[10-07 03:17:07] INFO: [RL-EP-5435] roll=1.000/0.000/0.000
[10-07 03:17:11] INFO: [RL-EP-5436] (5436)
[10-07 03:17:14] INFO: [RL-EP-5437] (5437)
[10-07 03:17:17] INFO: [RL-EP-5438] (5438)
[10-07 03:17:21] INFO: [RL-EP-5439] (5439)
[10-07 03:17:24] INFO: [RL-EP-5440] roll=1.000/0.000/0.000
[10-07 03:17:27] INFO: [RL-EP-5441] (5441)
[10-07 03:17:31] INFO: [RL-EP-5442] (5442)
[10-07 03:17:34] INFO: [RL-EP-5443] (5443)
[10-07 03:17:37] INFO: [RL-EP-5444] (5444)
[10-07 03:17:40] INFO: [RL-EP-5445] roll=1.000/0.000/0.000
[10-07 03:17:44] INFO: [RL-EP-5446] (5446)
[10-07 03:17:47] INFO: [RL-EP-5447] (5447)
[10-07 03:17:51] INFO: [RL-EP-5448] (5448)
[10-07 03:17:54] INFO: [RL-EP-5449] (5449)
[10-07 03:17:54] INFO: [CONFIG-CHECK] ep=5450 updates_per_ep=4 (from config)
[10-07 03:17:57] INFO: [SARL-LOSS] ep=5450 value_loss=0.0074 epsilon=0.0500
[10-07 03:17:57] INFO: [STAT] ep=5450 | roll@25(s/c/t)=1.0/0.0/0.0 (1.00/0.00/0.00) | R.mean=0.6
[10-07 03:17:57] INFO: [METRICS-25] time=12.97s | dfreq=0.000 | ddist=0.000m
[10-07 03:17:57] INFO: [METRICS-PLOT] 3-metrics curve -> /root/bayes-vl-matched-20261006/crowd_nav/runs/bayes-matched-v1/bayes_mean-seed42-to8000/curves_3metrics.png
[10-07 03:17:57] INFO: [RL-EP-5450] (5450/8000) s/c/t=1/0/0 qloss=0.0000 ploss=0.0000 buf=200000
[10-07 03:17:57] INFO:               cumulative s/c/t%: 100.0%/0.0%/0.0%
[10-07 03:17:57] INFO: [REPLAY-STORE] ok=2450 skip=0 steps=128106 buf=200000
[10-07 03:17:57] INFO: [STAGE0-MONITOR] timeout_ratio=0.000 (target: decrease over time)
[10-07 03:17:57] INFO: ================================================================================
[10-07 03:17:57] INFO: [MULTI-SCALE-5450] TARGET: peak=1.000 stable_90=10ep
[10-07 03:17:57] INFO: [MULTI-SCALE-5450] WINDOWS: short=1.000 med=1.000 long=1.000
[10-07 03:17:57] INFO: [MULTI-SCALE-5450] QUALITY: stability=0.800 learn_rate=0.00000
[10-07 03:17:57] INFO: [ACHIEVEMENT] Stable 90%+ success rate achieved for 10 episodes!
[10-07 03:17:57] INFO: [HEALTH-CHECK-5450] Overall: NEEDS_IMPROVEMENT (score=0.400)
[10-07 03:17:57] INFO: ================================================================================
[10-07 03:18:01] INFO: [RL-EP-5451] (5451)
[10-07 03:18:04] INFO: [RL-EP-5452] (5452)
[10-07 03:18:07] INFO: [RL-EP-5453] (5453)
[10-07 03:18:11] INFO: [RL-EP-5454] (5454)
[10-07 03:18:14] INFO: [RL-EP-5455] roll=1.000/0.000/0.000
[10-07 03:18:17] INFO: [RL-EP-5456] (5456)
[10-07 03:18:20] INFO: [RL-EP-5457] (5457)
[10-07 03:18:23] INFO: [RL-EP-5458] (5458)
[10-07 03:18:26] INFO: [RL-EP-5459] (5459)
[10-07 03:18:29] INFO: [RL-EP-5460] roll=1.000/0.000/0.000
[10-07 03:18:33] INFO: [RL-EP-5461] (5461)
[10-07 03:18:36] INFO: [RL-EP-5462] (5462)
[10-07 03:18:39] INFO: [RL-EP-5463] (5463)
[10-07 03:18:42] INFO: [RL-EP-5464] (5464)
[10-07 03:18:45] INFO: [RL-EP-5465] roll=1.000/0.000/0.000
[10-07 03:18:49] INFO: [RL-EP-5466] (5466)
[10-07 03:18:52] INFO: [RL-EP-5467] (5467)
[10-07 03:18:55] INFO: [RL-EP-5468] (5468)
[10-07 03:18:58] INFO: [RL-EP-5469] (5469)
[10-07 03:19:01] INFO: [RL-EP-5470] roll=1.000/0.000/0.000
[10-07 03:19:04] INFO: [RL-EP-5471] (5471)
[10-07 03:19:07] INFO: [RL-EP-5472] (5472)
[10-07 03:19:11] INFO: [RL-EP-5473] (5473)
[10-07 03:19:14] INFO: [RL-EP-5474] (5474)
[10-07 03:19:17] INFO: [SARL-LOSS] ep=5475 value_loss=0.0109 epsilon=0.0500
[10-07 03:19:17] INFO: [STAT] ep=5475 | roll@25(s/c/t)=1.0/0.0/0.0 (1.00/0.00/0.00) | R.mean=0.6
[10-07 03:19:17] INFO: [METRICS-25] time=12.97s | dfreq=0.000 | ddist=0.000m
[10-07 03:19:17] INFO: [METRICS-PLOT] 3-metrics curve -> /root/bayes-vl-matched-20261006/crowd_nav/runs/bayes-matched-v1/bayes_mean-seed42-to8000/curves_3metrics.png
[10-07 03:19:17] INFO: [RL-EP-5475] (5475/8000) s/c/t=1/0/0 qloss=0.0000 ploss=0.0000 buf=200000
[10-07 03:19:17] INFO:               cumulative s/c/t%: 100.0%/0.0%/0.0%
[10-07 03:19:17] INFO: [REPLAY-STORE] ok=2475 skip=0 steps=129358 buf=200000
[10-07 03:19:17] INFO: [STAGE0-MONITOR] timeout_ratio=0.000 (target: decrease over time)
[10-07 03:19:17] INFO: ================================================================================
[10-07 03:19:17] INFO: [MULTI-SCALE-5475] TARGET: peak=1.000 stable_90=10ep
[10-07 03:19:17] INFO: [MULTI-SCALE-5475] WINDOWS: short=1.000 med=1.000 long=1.000
[10-07 03:19:17] INFO: [MULTI-SCALE-5475] QUALITY: stability=0.800 learn_rate=0.00000
[10-07 03:19:17] INFO: [ACHIEVEMENT] Stable 90%+ success rate achieved for 10 episodes!
[10-07 03:19:17] INFO: [HEALTH-CHECK-5475] Overall: NEEDS_IMPROVEMENT (score=0.400)
[10-07 03:19:17] INFO: ================================================================================
[10-07 03:19:21] INFO: [RL-EP-5476] (5476)
[10-07 03:19:24] INFO: [RL-EP-5477] (5477)
[10-07 03:19:27] INFO: [RL-EP-5478] (5478)
[10-07 03:19:30] INFO: [RL-EP-5479] (5479)
[10-07 03:19:34] INFO: [RL-EP-5480] roll=1.000/0.000/0.000
[10-07 03:19:37] INFO: [RL-EP-5481] (5481)
[10-07 03:19:40] INFO: [RL-EP-5482] (5482)
[10-07 03:19:43] INFO: [RL-EP-5483] (5483)
[10-07 03:19:46] INFO: [RL-EP-5484] (5484)
[10-07 03:19:49] INFO: [RL-EP-5485] roll=1.000/0.000/0.000
[10-07 03:19:53] INFO: [RL-EP-5486] (5486)
[10-07 03:19:56] INFO: [RL-EP-5487] (5487)
[10-07 03:19:59] INFO: [RL-EP-5488] (5488)
[10-07 03:20:03] INFO: [RL-EP-5489] (5489)
[10-07 03:20:06] INFO: [RL-EP-5490] roll=1.000/0.000/0.000
[10-07 03:20:09] INFO: [RL-EP-5491] (5491)
[10-07 03:20:12] INFO: [RL-EP-5492] (5492)
[10-07 03:20:15] INFO: [RL-EP-5493] (5493)
[10-07 03:20:19] INFO: [RL-EP-5494] (5494)
[10-07 03:20:22] INFO: [RL-EP-5495] roll=1.000/0.000/0.000
[10-07 03:20:25] INFO: [RL-EP-5496] (5496)
[10-07 03:20:28] INFO: [RL-EP-5497] (5497)
[10-07 03:20:31] INFO: [RL-EP-5498] (5498)
[10-07 03:20:35] INFO: [RL-EP-5499] (5499)
[10-07 03:20:35] INFO: [CONFIG-CHECK] ep=5500 updates_per_ep=4 (from config)
[10-07 03:20:35] INFO: [SARL-EPSILON] ep=5500 epsilon=0.0500 (start=0.3, end=0.05, decay=1500)
[10-07 03:20:38] INFO: [SARL-REPLAY] ep=5500 buffer_size=200000 updates=4
[10-07 03:20:38] INFO: [SARL-LOSS] ep=5500 value_loss=0.0092 epsilon=0.0500
[10-07 03:20:38] INFO: [SARL-STATS] ep=5500 buffer_size=200000
[10-07 03:20:38] INFO: [STAT] ep=5500 | roll@25(s/c/t)=1.0/0.0/0.0 (1.00/0.00/0.00) | R.mean=0.6
[10-07 03:20:38] INFO: [METRICS-25] time=12.91s | dfreq=0.000 | ddist=0.000m
[10-07 03:20:38] INFO: [METRICS-PLOT] 3-metrics curve -> /root/bayes-vl-matched-20261006/crowd_nav/runs/bayes-matched-v1/bayes_mean-seed42-to8000/curves_3metrics.png
[10-07 03:20:38] INFO: [RL-EP-5500] (5500/8000) s/c/t=1/0/0 qloss=0.0000 ploss=0.0000 buf=200000
[10-07 03:20:38] INFO:               cumulative s/c/t%: 100.0%/0.0%/0.0%
[10-07 03:20:38] INFO: [REPLAY-STORE] ok=2500 skip=0 steps=130689 buf=200000
[10-07 03:20:38] INFO: [STAGE0-MONITOR] timeout_ratio=0.000 (target: decrease over time)
[10-07 03:20:38] INFO: [SOT-5500] REWARD succ=1.0/coll=-0.50 | GRID 5×16=80 | EVENTS s=1.00/c=0.00/t=0.00
[10-07 03:20:38] INFO: ================================================================================
[10-07 03:20:38] INFO: [MULTI-SCALE-5500] TARGET: peak=1.000 stable_90=10ep
[10-07 03:20:38] INFO: [MULTI-SCALE-5500] WINDOWS: short=1.000 med=1.000 long=1.000
[10-07 03:20:38] INFO: [MULTI-SCALE-5500] QUALITY: stability=0.800 learn_rate=0.00000
[10-07 03:20:38] INFO: [ACHIEVEMENT] Stable 90%+ success rate achieved for 10 episodes!
[10-07 03:20:38] INFO: [HEALTH-CHECK-5500] Overall: NEEDS_IMPROVEMENT (score=0.400)
[10-07 03:20:38] INFO: ================================================================================
[10-07 03:20:39] INFO: [RL-SAVE] sarl checkpoint -> /root/bayes-vl-matched-20261006/crowd_nav/runs/bayes-matched-v1/bayes_mean-seed42-to8000/rl_model_ep5500.pth
[10-07 03:20:39] INFO: [RL-SAVE] Saved components: policy, target network, optimizer
[10-07 03:20:42] INFO: [RL-EP-5501] (5501)
[10-07 03:20:45] INFO: [RL-EP-5502] (5502)
[10-07 03:20:48] INFO: [RL-EP-5503] (5503)
[10-07 03:20:52] INFO: [RL-EP-5504] (5504)
[10-07 03:20:55] INFO: [RL-EP-5505] roll=1.000/0.000/0.000
[10-07 03:20:58] INFO: [RL-EP-5506] (5506)
[10-07 03:21:01] INFO: [RL-EP-5507] (5507)
[10-07 03:21:05] INFO: [RL-EP-5508] (5508)
[10-07 03:21:08] INFO: [RL-EP-5509] (5509)
[10-07 03:21:11] INFO: [RL-EP-5510] roll=1.000/0.000/0.000
[10-07 03:21:14] INFO: [RL-EP-5511] (5511)
[10-07 03:21:17] INFO: [RL-EP-5512] (5512)
[10-07 03:21:21] INFO: [RL-EP-5513] (5513)
[10-07 03:21:24] INFO: [RL-EP-5514] (5514)
[10-07 03:21:27] INFO: [RL-EP-5515] roll=1.000/0.000/0.000
[10-07 03:21:30] INFO: [RL-EP-5516] (5516)
[10-07 03:21:33] INFO: [RL-EP-5517] (5517)
[10-07 03:21:36] INFO: [RL-EP-5518] (5518)
[10-07 03:21:39] INFO: [RL-EP-5519] (5519)
[10-07 03:21:43] INFO: [RL-EP-5520] roll=1.000/0.000/0.000
[10-07 03:21:46] INFO: [RL-EP-5521] (5521)
[10-07 03:21:49] INFO: [RL-EP-5522] (5522)
[10-07 03:21:52] INFO: [RL-EP-5523] (5523)
[10-07 03:21:56] INFO: [RL-EP-5524] (5524)
[10-07 03:21:59] INFO: [SARL-LOSS] ep=5525 value_loss=0.0054 epsilon=0.0500
[10-07 03:21:59] INFO: [STAT] ep=5525 | roll@25(s/c/t)=1.0/0.0/0.0 (1.00/0.00/0.00) | R.mean=0.6
[10-07 03:21:59] INFO: [METRICS-25] time=13.18s | dfreq=0.000 | ddist=0.000m
[10-07 03:22:00] INFO: [METRICS-PLOT] 3-metrics curve -> /root/bayes-vl-matched-20261006/crowd_nav/runs/bayes-matched-v1/bayes_mean-seed42-to8000/curves_3metrics.png
[10-07 03:22:00] INFO: [RL-EP-5525] (5525/8000) s/c/t=1/0/0 qloss=0.0000 ploss=0.0000 buf=200000
[10-07 03:22:00] INFO:               cumulative s/c/t%: 100.0%/0.0%/0.0%
[10-07 03:22:00] INFO: [REPLAY-STORE] ok=2525 skip=0 steps=131994 buf=200000
[10-07 03:22:00] INFO: [STAGE0-MONITOR] timeout_ratio=0.000 (target: decrease over time)
[10-07 03:22:00] INFO: ================================================================================
[10-07 03:22:00] INFO: [MULTI-SCALE-5525] TARGET: peak=1.000 stable_90=10ep
[10-07 03:22:00] INFO: [MULTI-SCALE-5525] WINDOWS: short=1.000 med=1.000 long=1.000
[10-07 03:22:00] INFO: [MULTI-SCALE-5525] QUALITY: stability=0.800 learn_rate=0.00000
[10-07 03:22:00] INFO: [ACHIEVEMENT] Stable 90%+ success rate achieved for 10 episodes!
[10-07 03:22:00] INFO: [HEALTH-CHECK-5525] Overall: NEEDS_IMPROVEMENT (score=0.400)
[10-07 03:22:00] INFO: ================================================================================
[10-07 03:22:03] INFO: [RL-EP-5526] (5526)
[10-07 03:22:06] INFO: [RL-EP-5527] (5527)
[10-07 03:22:09] INFO: [RL-EP-5528] (5528)
[10-07 03:22:12] INFO: [RL-EP-5529] (5529)
[10-07 03:22:16] INFO: [RL-EP-5530] roll=1.000/0.000/0.000
[10-07 03:22:19] INFO: [RL-EP-5531] (5531)
[10-07 03:22:23] INFO: [RL-EP-5532] (5532)
[10-07 03:22:26] INFO: [RL-EP-5533] (5533)
[10-07 03:22:29] INFO: [RL-EP-5534] (5534)
[10-07 03:22:32] INFO: [RL-EP-5535] roll=1.000/0.000/0.000
[10-07 03:22:35] INFO: [RL-EP-5536] (5536)
[10-07 03:22:39] INFO: [RL-EP-5537] (5537)
[10-07 03:22:42] INFO: [RL-EP-5538] (5538)
[10-07 03:22:45] INFO: [RL-EP-5539] (5539)
[10-07 03:22:48] INFO: [RL-EP-5540] roll=1.000/0.000/0.000
[10-07 03:22:51] INFO: [RL-EP-5541] (5541)
[10-07 03:22:54] INFO: [RL-EP-5542] (5542)
[10-07 03:22:58] INFO: [RL-EP-5543] (5543)
[10-07 03:23:01] INFO: [RL-EP-5544] (5544)
[10-07 03:23:04] INFO: [RL-EP-5545] roll=1.000/0.000/0.000
[10-07 03:23:07] INFO: [RL-EP-5546] (5546)
[10-07 03:23:11] INFO: [RL-EP-5547] (5547)
[10-07 03:23:14] INFO: [RL-EP-5548] (5548)
[10-07 03:23:17] INFO: [RL-EP-5549] (5549)
[10-07 03:23:17] INFO: [CONFIG-CHECK] ep=5550 updates_per_ep=4 (from config)
[10-07 03:23:21] INFO: [SARL-LOSS] ep=5550 value_loss=0.0109 epsilon=0.0500
[10-07 03:23:21] INFO: [STAT] ep=5550 | roll@25(s/c/t)=1.0/0.0/0.0 (1.00/0.00/0.00) | R.mean=0.6
[10-07 03:23:21] INFO: [METRICS-25] time=13.14s | dfreq=0.000 | ddist=0.000m
[10-07 03:23:21] INFO: [METRICS-PLOT] 3-metrics curve -> /root/bayes-vl-matched-20261006/crowd_nav/runs/bayes-matched-v1/bayes_mean-seed42-to8000/curves_3metrics.png
[10-07 03:23:21] INFO: [RL-EP-5550] (5550/8000) s/c/t=1/0/0 qloss=0.0000 ploss=0.0000 buf=200000
[10-07 03:23:21] INFO:               cumulative s/c/t%: 100.0%/0.0%/0.0%
[10-07 03:23:21] INFO: [REPLAY-STORE] ok=2550 skip=0 steps=133318 buf=200000
[10-07 03:23:21] INFO: [STAGE0-MONITOR] timeout_ratio=0.000 (target: decrease over time)
[10-07 03:23:21] INFO: ================================================================================
[10-07 03:23:21] INFO: [MULTI-SCALE-5550] TARGET: peak=1.000 stable_90=10ep
[10-07 03:23:21] INFO: [MULTI-SCALE-5550] WINDOWS: short=1.000 med=1.000 long=1.000
[10-07 03:23:21] INFO: [MULTI-SCALE-5550] QUALITY: stability=0.800 learn_rate=0.00000
[10-07 03:23:21] INFO: [ACHIEVEMENT] Stable 90%+ success rate achieved for 10 episodes!
[10-07 03:23:21] INFO: [HEALTH-CHECK-5550] Overall: NEEDS_IMPROVEMENT (score=0.400)
[10-07 03:23:21] INFO: ================================================================================
[10-07 03:23:25] INFO: [RL-EP-5551] (5551)
[10-07 03:23:28] INFO: [RL-EP-5552] (5552)
[10-07 03:23:31] INFO: [RL-EP-5553] (5553)
[10-07 03:23:34] INFO: [RL-EP-5554] (5554)
[10-07 03:23:37] INFO: [RL-EP-5555] roll=1.000/0.000/0.000
[10-07 03:23:40] INFO: [RL-EP-5556] (5556)
[10-07 03:23:44] INFO: [RL-EP-5557] (5557)
[10-07 03:23:47] INFO: [RL-EP-5558] (5558)
[10-07 03:23:51] INFO: [RL-EP-5559] (5559)
[10-07 03:23:54] INFO: [RL-EP-5560] roll=1.000/0.000/0.000
[10-07 03:23:57] INFO: [RL-EP-5561] (5561)
[10-07 03:24:00] INFO: [RL-EP-5562] (5562)
[10-07 03:24:03] INFO: [RL-EP-5563] (5563)
[10-07 03:24:07] INFO: [RL-EP-5564] (5564)
[10-07 03:24:10] INFO: [RL-EP-5565] roll=1.000/0.000/0.000
[10-07 03:24:13] INFO: [RL-EP-5566] (5566)
[10-07 03:24:16] INFO: [RL-EP-5567] (5567)
[10-07 03:24:19] INFO: [RL-EP-5568] (5568)
[10-07 03:24:22] INFO: [RL-EP-5569] (5569)
[10-07 03:24:26] INFO: [RL-EP-5570] roll=1.000/0.000/0.000
[10-07 03:24:29] INFO: [RL-EP-5571] (5571)
[10-07 03:24:32] INFO: [RL-EP-5572] (5572)
[10-07 03:24:35] INFO: [RL-EP-5573] (5573)
[10-07 03:24:39] INFO: [RL-EP-5574] (5574)
[10-07 03:24:42] INFO: [SARL-LOSS] ep=5575 value_loss=0.0093 epsilon=0.0500
[10-07 03:24:42] INFO: [STAT] ep=5575 | roll@25(s/c/t)=1.0/0.0/0.0 (1.00/0.00/0.00) | R.mean=0.6
[10-07 03:24:42] INFO: [METRICS-25] time=13.30s | dfreq=0.000 | ddist=0.000m
[10-07 03:24:42] INFO: [METRICS-PLOT] 3-metrics curve -> /root/bayes-vl-matched-20261006/crowd_nav/runs/bayes-matched-v1/bayes_mean-seed42-to8000/curves_3metrics.png
[10-07 03:24:42] INFO: [RL-EP-5575] (5575/8000) s/c/t=1/0/0 qloss=0.0000 ploss=0.0000 buf=200000
[10-07 03:24:42] INFO:               cumulative s/c/t%: 100.0%/0.0%/0.0%
[10-07 03:24:42] INFO: [REPLAY-STORE] ok=2575 skip=0 steps=134655 buf=200000
[10-07 03:24:42] INFO: [STAGE0-MONITOR] timeout_ratio=0.000 (target: decrease over time)
[10-07 03:24:42] INFO: ================================================================================
[10-07 03:24:42] INFO: [MULTI-SCALE-5575] TARGET: peak=1.000 stable_90=10ep
[10-07 03:24:42] INFO: [MULTI-SCALE-5575] WINDOWS: short=1.000 med=1.000 long=1.000
[10-07 03:24:42] INFO: [MULTI-SCALE-5575] QUALITY: stability=0.800 learn_rate=0.00000
[10-07 03:24:42] INFO: [ACHIEVEMENT] Stable 90%+ success rate achieved for 10 episodes!
[10-07 03:24:42] INFO: [HEALTH-CHECK-5575] Overall: NEEDS_IMPROVEMENT (score=0.400)
[10-07 03:24:42] INFO: ================================================================================
[10-07 03:24:46] INFO: [RL-EP-5576] (5576)
[10-07 03:24:49] INFO: [RL-EP-5577] (5577)
[10-07 03:24:51] INFO: [RL-EP-5578] (5578)
[10-07 03:24:55] INFO: [RL-EP-5579] (5579)
[10-07 03:24:58] INFO: [RL-EP-5580] roll=1.000/0.000/0.000
[10-07 03:25:01] INFO: [RL-EP-5581] (5581)
[10-07 03:25:04] INFO: [RL-EP-5582] (5582)
[10-07 03:25:07] INFO: [RL-EP-5583] (5583)
[10-07 03:25:10] INFO: [RL-EP-5584] (5584)
[10-07 03:25:14] INFO: [RL-EP-5585] roll=1.000/0.000/0.000
[10-07 03:25:17] INFO: [RL-EP-5586] (5586)
[10-07 03:25:20] INFO: [RL-EP-5587] (5587)
[10-07 03:25:23] INFO: [RL-EP-5588] (5588)
[10-07 03:25:26] INFO: [RL-EP-5589] (5589)
[10-07 03:25:29] INFO: [RL-EP-5590] roll=1.000/0.000/0.000
[10-07 03:25:33] INFO: [RL-EP-5591] (5591)
[10-07 03:25:36] INFO: [RL-EP-5592] (5592)
[10-07 03:25:40] INFO: [RL-EP-5593] (5593)
[10-07 03:25:43] INFO: [RL-EP-5594] (5594)
[10-07 03:25:46] INFO: [RL-EP-5595] roll=1.000/0.000/0.000
[10-07 03:25:50] INFO: [RL-EP-5596] (5596)
[10-07 03:25:53] INFO: [RL-EP-5597] (5597)
[10-07 03:25:56] INFO: [RL-EP-5598] (5598)
[10-07 03:25:59] INFO: [RL-EP-5599] (5599)
[10-07 03:25:59] INFO: [CONFIG-CHECK] ep=5600 updates_per_ep=4 (from config)
[10-07 03:25:59] INFO: [SARL-EPSILON] ep=5600 epsilon=0.0500 (start=0.3, end=0.05, decay=1500)
[10-07 03:26:02] INFO: [SARL-REPLAY] ep=5600 buffer_size=200000 updates=4
[10-07 03:26:02] INFO: [SARL-LOSS] ep=5600 value_loss=0.0064 epsilon=0.0500
[10-07 03:26:02] INFO: [SARL-STATS] ep=5600 buffer_size=200000
[10-07 03:26:02] INFO: [STAT] ep=5600 | roll@25(s/c/t)=1.0/0.0/0.0 (1.00/0.00/0.00) | R.mean=0.6
[10-07 03:26:02] INFO: [METRICS-25] time=13.13s | dfreq=0.000 | ddist=0.000m
[10-07 03:26:03] INFO: [METRICS-PLOT] 3-metrics curve -> /root/bayes-vl-matched-20261006/crowd_nav/runs/bayes-matched-v1/bayes_mean-seed42-to8000/curves_3metrics.png
[10-07 03:26:03] INFO: [RL-EP-5600] (5600/8000) s/c/t=1/0/0 qloss=0.0000 ploss=0.0000 buf=200000
[10-07 03:26:03] INFO:               cumulative s/c/t%: 100.0%/0.0%/0.0%
[10-07 03:26:03] INFO: [REPLAY-STORE] ok=2600 skip=0 steps=135944 buf=200000
[10-07 03:26:03] INFO: [STAGE0-MONITOR] timeout_ratio=0.000 (target: decrease over time)
[10-07 03:26:03] INFO: [SOT-5600] REWARD succ=1.0/coll=-0.50 | GRID 5×16=80 | EVENTS s=1.00/c=0.00/t=0.00
[10-07 03:26:03] INFO: ================================================================================
[10-07 03:26:03] INFO: [MULTI-SCALE-5600] TARGET: peak=1.000 stable_90=10ep
[10-07 03:26:03] INFO: [MULTI-SCALE-5600] WINDOWS: short=1.000 med=1.000 long=1.000
[10-07 03:26:03] INFO: [MULTI-SCALE-5600] QUALITY: stability=0.800 learn_rate=0.00000
[10-07 03:26:03] INFO: [ACHIEVEMENT] Stable 90%+ success rate achieved for 10 episodes!
[10-07 03:26:03] INFO: [HEALTH-CHECK-5600] Overall: NEEDS_IMPROVEMENT (score=0.400)
[10-07 03:26:03] INFO: ================================================================================
[10-07 03:26:06] INFO: [RL-EP-5601] (5601)
[10-07 03:26:10] INFO: [RL-EP-5602] (5602)
[10-07 03:26:13] INFO: [RL-EP-5603] (5603)
[10-07 03:26:16] INFO: [RL-EP-5604] (5604)
[10-07 03:26:19] INFO: [RL-EP-5605] roll=1.000/0.000/0.000
[10-07 03:26:22] INFO: [RL-EP-5606] (5606)
[10-07 03:26:26] INFO: [RL-EP-5607] (5607)
[10-07 03:26:29] INFO: [RL-EP-5608] (5608)
[10-07 03:26:32] INFO: [RL-EP-5609] (5609)
[10-07 03:26:35] INFO: [RL-EP-5610] roll=1.000/0.000/0.000
[10-07 03:26:38] INFO: [RL-EP-5611] (5611)
[10-07 03:26:41] INFO: [RL-EP-5612] (5612)
[10-07 03:26:44] INFO: [RL-EP-5613] (5613)
[10-07 03:26:47] INFO: [RL-EP-5614] (5614)
[10-07 03:26:51] INFO: [RL-EP-5615] roll=1.000/0.000/0.000
[10-07 03:26:54] INFO: [RL-EP-5616] (5616)
[10-07 03:26:57] INFO: [RL-EP-5617] (5617)
[10-07 03:27:00] INFO: [RL-EP-5618] (5618)
[10-07 03:27:03] INFO: [RL-EP-5619] (5619)
[10-07 03:27:06] INFO: [RL-EP-5620] roll=1.000/0.000/0.000
[10-07 03:27:09] INFO: [RL-EP-5621] (5621)
[10-07 03:27:13] INFO: [RL-EP-5622] (5622)
[10-07 03:27:16] INFO: [RL-EP-5623] (5623)
[10-07 03:27:20] INFO: [RL-EP-5624] (5624)
[10-07 03:27:23] INFO: [SARL-LOSS] ep=5625 value_loss=0.0069 epsilon=0.0500
[10-07 03:27:23] INFO: [STAT] ep=5625 | roll@25(s/c/t)=1.0/0.0/0.0 (1.00/0.00/0.00) | R.mean=0.6
[10-07 03:27:23] INFO: [METRICS-25] time=12.99s | dfreq=0.000 | ddist=0.000m
[10-07 03:27:24] INFO: [METRICS-PLOT] 3-metrics curve -> /root/bayes-vl-matched-20261006/crowd_nav/runs/bayes-matched-v1/bayes_mean-seed42-to8000/curves_3metrics.png
[10-07 03:27:24] INFO: [RL-EP-5625] (5625/8000) s/c/t=1/0/0 qloss=0.0000 ploss=0.0000 buf=200000
[10-07 03:27:24] INFO:               cumulative s/c/t%: 100.0%/0.0%/0.0%
[10-07 03:27:24] INFO: [REPLAY-STORE] ok=2625 skip=0 steps=137254 buf=200000
[10-07 03:27:24] INFO: [STAGE0-MONITOR] timeout_ratio=0.000 (target: decrease over time)
[10-07 03:27:24] INFO: ================================================================================
[10-07 03:27:24] INFO: [MULTI-SCALE-5625] TARGET: peak=1.000 stable_90=10ep
[10-07 03:27:24] INFO: [MULTI-SCALE-5625] WINDOWS: short=1.000 med=1.000 long=1.000
[10-07 03:27:24] INFO: [MULTI-SCALE-5625] QUALITY: stability=0.800 learn_rate=0.00000
[10-07 03:27:24] INFO: [ACHIEVEMENT] Stable 90%+ success rate achieved for 10 episodes!
[10-07 03:27:24] INFO: [HEALTH-CHECK-5625] Overall: NEEDS_IMPROVEMENT (score=0.400)
[10-07 03:27:24] INFO: ================================================================================
[10-07 03:27:27] INFO: [RL-EP-5626] (5626)
[10-07 03:27:30] INFO: [RL-EP-5627] (5627)
[10-07 03:27:33] INFO: [RL-EP-5628] (5628)
[10-07 03:27:36] INFO: [RL-EP-5629] (5629)
[10-07 03:27:39] INFO: [RL-EP-5630] roll=1.000/0.000/0.000
[10-07 03:27:42] INFO: [RL-EP-5631] (5631)
[10-07 03:27:46] INFO: [RL-EP-5632] (5632)
[10-07 03:27:49] INFO: [RL-EP-5633] (5633)
[10-07 03:27:52] INFO: [RL-EP-5634] (5634)
[10-07 03:27:55] INFO: [RL-EP-5635] roll=1.000/0.000/0.000
[10-07 03:27:59] INFO: [RL-EP-5636] (5636)
[10-07 03:28:02] INFO: [RL-EP-5637] (5637)
[10-07 03:28:05] INFO: [RL-EP-5638] (5638)
[10-07 03:28:08] INFO: [RL-EP-5639] (5639)
[10-07 03:28:11] INFO: [RL-EP-5640] roll=1.000/0.000/0.000
[10-07 03:28:15] INFO: [RL-EP-5641] (5641)
[10-07 03:28:18] INFO: [RL-EP-5642] (5642)
[10-07 03:28:21] INFO: [RL-EP-5643] (5643)
[10-07 03:28:24] INFO: [RL-EP-5644] (5644)
[10-07 03:28:28] INFO: [RL-EP-5645] roll=1.000/0.000/0.000
[10-07 03:28:31] INFO: [RL-EP-5646] (5646)
[10-07 03:28:34] INFO: [RL-EP-5647] (5647)
[10-07 03:28:37] INFO: [RL-EP-5648] (5648)
[10-07 03:28:41] INFO: [RL-EP-5649] (5649)
[10-07 03:28:41] INFO: [CONFIG-CHECK] ep=5650 updates_per_ep=4 (from config)
[10-07 03:28:44] INFO: [SARL-LOSS] ep=5650 value_loss=0.0079 epsilon=0.0500
[10-07 03:28:44] INFO: [STAT] ep=5650 | roll@25(s/c/t)=1.0/0.0/0.0 (1.00/0.00/0.00) | R.mean=0.6
[10-07 03:28:44] INFO: [METRICS-25] time=13.10s | dfreq=0.000 | ddist=0.000m
[10-07 03:28:44] INFO: [METRICS-PLOT] 3-metrics curve -> /root/bayes-vl-matched-20261006/crowd_nav/runs/bayes-matched-v1/bayes_mean-seed42-to8000/curves_3metrics.png
[10-07 03:28:44] INFO: [RL-EP-5650] (5650/8000) s/c/t=1/0/0 qloss=0.0000 ploss=0.0000 buf=200000
[10-07 03:28:44] INFO:               cumulative s/c/t%: 100.0%/0.0%/0.0%
[10-07 03:28:44] INFO: [REPLAY-STORE] ok=2650 skip=0 steps=138563 buf=200000
[10-07 03:28:44] INFO: [STAGE0-MONITOR] timeout_ratio=0.000 (target: decrease over time)
[10-07 03:28:44] INFO: ================================================================================
[10-07 03:28:44] INFO: [MULTI-SCALE-5650] TARGET: peak=1.000 stable_90=10ep
[10-07 03:28:44] INFO: [MULTI-SCALE-5650] WINDOWS: short=1.000 med=1.000 long=1.000
[10-07 03:28:44] INFO: [MULTI-SCALE-5650] QUALITY: stability=0.800 learn_rate=0.00000
[10-07 03:28:44] INFO: [ACHIEVEMENT] Stable 90%+ success rate achieved for 10 episodes!
[10-07 03:28:44] INFO: [HEALTH-CHECK-5650] Overall: NEEDS_IMPROVEMENT (score=0.400)
[10-07 03:28:44] INFO: ================================================================================
[10-07 03:28:48] INFO: [RL-EP-5651] (5651)
[10-07 03:28:51] INFO: [RL-EP-5652] (5652)
[10-07 03:28:54] INFO: [RL-EP-5653] (5653)
[10-07 03:28:57] INFO: [RL-EP-5654] (5654)
[10-07 03:29:01] INFO: [RL-EP-5655] roll=1.000/0.000/0.000
[10-07 03:29:04] INFO: [RL-EP-5656] (5656)
[10-07 03:29:07] INFO: [RL-EP-5657] (5657)
[10-07 03:29:10] INFO: [RL-EP-5658] (5658)
[10-07 03:29:13] INFO: [RL-EP-5659] (5659)
[10-07 03:29:17] INFO: [RL-EP-5660] roll=1.000/0.000/0.000
[10-07 03:29:20] INFO: [RL-EP-5661] (5661)
[10-07 03:29:23] INFO: [RL-EP-5662] (5662)
[10-07 03:29:26] INFO: [RL-EP-5663] (5663)
[10-07 03:29:29] INFO: [RL-EP-5664] (5664)
[10-07 03:29:33] INFO: [RL-EP-5665] roll=1.000/0.000/0.000
[10-07 03:29:36] INFO: [RL-EP-5666] (5666)
[10-07 03:29:39] INFO: [RL-EP-5667] (5667)
[10-07 03:29:43] INFO: [RL-EP-5668] (5668)
[10-07 03:29:46] INFO: [RL-EP-5669] (5669)
[10-07 03:29:49] INFO: [RL-EP-5670] roll=1.000/0.000/0.000
[10-07 03:29:53] INFO: [RL-EP-5671] (5671)
[10-07 03:29:56] INFO: [RL-EP-5672] (5672)
[10-07 03:29:59] INFO: [RL-EP-5673] (5673)
[10-07 03:30:02] INFO: [RL-EP-5674] (5674)
[10-07 03:30:05] INFO: [SARL-LOSS] ep=5675 value_loss=0.0064 epsilon=0.0500
[10-07 03:30:05] INFO: [STAT] ep=5675 | roll@25(s/c/t)=1.0/0.0/0.0 (1.00/0.00/0.00) | R.mean=0.6
[10-07 03:30:05] INFO: [METRICS-25] time=13.12s | dfreq=0.000 | ddist=0.000m
[10-07 03:30:06] INFO: [METRICS-PLOT] 3-metrics curve -> /root/bayes-vl-matched-20261006/crowd_nav/runs/bayes-matched-v1/bayes_mean-seed42-to8000/curves_3metrics.png
[10-07 03:30:06] INFO: [RL-EP-5675] (5675/8000) s/c/t=1/0/0 qloss=0.0000 ploss=0.0000 buf=200000
[10-07 03:30:06] INFO:               cumulative s/c/t%: 100.0%/0.0%/0.0%
[10-07 03:30:06] INFO: [REPLAY-STORE] ok=2675 skip=0 steps=139878 buf=200000
[10-07 03:30:06] INFO: [STAGE0-MONITOR] timeout_ratio=0.000 (target: decrease over time)
[10-07 03:30:06] INFO: ================================================================================
[10-07 03:30:06] INFO: [MULTI-SCALE-5675] TARGET: peak=1.000 stable_90=10ep
[10-07 03:30:06] INFO: [MULTI-SCALE-5675] WINDOWS: short=1.000 med=1.000 long=1.000
[10-07 03:30:06] INFO: [MULTI-SCALE-5675] QUALITY: stability=0.800 learn_rate=0.00000
[10-07 03:30:06] INFO: [ACHIEVEMENT] Stable 90%+ success rate achieved for 10 episodes!
[10-07 03:30:06] INFO: [HEALTH-CHECK-5675] Overall: NEEDS_IMPROVEMENT (score=0.400)
[10-07 03:30:06] INFO: ================================================================================
[10-07 03:30:09] INFO: [RL-EP-5676] (5676)
[10-07 03:30:12] INFO: [RL-EP-5677] (5677)
[10-07 03:30:15] INFO: [RL-EP-5678] (5678)
[10-07 03:30:19] INFO: [RL-EP-5679] (5679)
[10-07 03:30:22] INFO: [RL-EP-5680] roll=1.000/0.000/0.000
[10-07 03:30:25] INFO: [RL-EP-5681] (5681)
[10-07 03:30:28] INFO: [RL-EP-5682] (5682)
[10-07 03:30:32] INFO: [RL-EP-5683] (5683)
[10-07 03:30:35] INFO: [RL-EP-5684] (5684)
[10-07 03:30:38] INFO: [RL-EP-5685] roll=1.000/0.000/0.000
[10-07 03:30:41] INFO: [RL-EP-5686] (5686)
[10-07 03:30:44] INFO: [RL-EP-5687] (5687)
[10-07 03:30:48] INFO: [RL-EP-5688] (5688)
[10-07 03:30:51] INFO: [RL-EP-5689] (5689)
[10-07 03:30:54] INFO: [RL-EP-5690] roll=1.000/0.000/0.000
[10-07 03:30:57] INFO: [RL-EP-5691] (5691)
[10-07 03:31:01] INFO: [RL-EP-5692] (5692)
[10-07 03:31:04] INFO: [RL-EP-5693] (5693)
[10-07 03:31:07] INFO: [RL-EP-5694] (5694)
[10-07 03:31:11] INFO: [RL-EP-5695] roll=1.000/0.000/0.000
[10-07 03:31:14] INFO: [RL-EP-5696] (5696)
[10-07 03:31:17] INFO: [RL-EP-5697] (5697)
[10-07 03:31:21] INFO: [RL-EP-5698] (5698)
[10-07 03:31:24] INFO: [RL-EP-5699] (5699)
[10-07 03:31:24] INFO: [CONFIG-CHECK] ep=5700 updates_per_ep=4 (from config)
[10-07 03:31:24] INFO: [SARL-EPSILON] ep=5700 epsilon=0.0500 (start=0.3, end=0.05, decay=1500)
[10-07 03:31:27] INFO: [SARL-REPLAY] ep=5700 buffer_size=200000 updates=4
[10-07 03:31:27] INFO: [SARL-LOSS] ep=5700 value_loss=0.0061 epsilon=0.0500
[10-07 03:31:27] INFO: [SARL-STATS] ep=5700 buffer_size=200000
[10-07 03:31:27] INFO: [STAT] ep=5700 | roll@25(s/c/t)=1.0/0.0/0.0 (1.00/0.00/0.00) | R.mean=0.6
[10-07 03:31:27] INFO: [METRICS-25] time=13.29s | dfreq=0.000 | ddist=0.000m
[10-07 03:31:28] INFO: [METRICS-PLOT] 3-metrics curve -> /root/bayes-vl-matched-20261006/crowd_nav/runs/bayes-matched-v1/bayes_mean-seed42-to8000/curves_3metrics.png
[10-07 03:31:28] INFO: [RL-EP-5700] (5700/8000) s/c/t=1/0/0 qloss=0.0000 ploss=0.0000 buf=200000
[10-07 03:31:28] INFO:               cumulative s/c/t%: 100.0%/0.0%/0.0%
[10-07 03:31:28] INFO: [REPLAY-STORE] ok=2700 skip=0 steps=141222 buf=200000
[10-07 03:31:28] INFO: [STAGE0-MONITOR] timeout_ratio=0.000 (target: decrease over time)
[10-07 03:31:28] INFO: [SOT-5700] REWARD succ=1.0/coll=-0.50 | GRID 5×16=80 | EVENTS s=1.00/c=0.00/t=0.00
[10-07 03:31:28] INFO: ================================================================================
[10-07 03:31:28] INFO: [MULTI-SCALE-5700] TARGET: peak=1.000 stable_90=10ep
[10-07 03:31:28] INFO: [MULTI-SCALE-5700] WINDOWS: short=1.000 med=1.000 long=1.000
[10-07 03:31:28] INFO: [MULTI-SCALE-5700] QUALITY: stability=0.800 learn_rate=0.00000
[10-07 03:31:28] INFO: [ACHIEVEMENT] Stable 90%+ success rate achieved for 10 episodes!
[10-07 03:31:28] INFO: [HEALTH-CHECK-5700] Overall: NEEDS_IMPROVEMENT (score=0.400)
[10-07 03:31:28] INFO: ================================================================================
[10-07 03:31:31] INFO: [RL-EP-5701] (5701)
[10-07 03:31:35] INFO: [RL-EP-5702] (5702)
[10-07 03:31:38] INFO: [RL-EP-5703] (5703)
[10-07 03:31:42] INFO: [RL-EP-5704] (5704)
[10-07 03:31:45] INFO: [RL-EP-5705] roll=1.000/0.000/0.000
[10-07 03:31:48] INFO: [RL-EP-5706] (5706)
[10-07 03:31:51] INFO: [RL-EP-5707] (5707)
[10-07 03:31:54] INFO: [RL-EP-5708] (5708)
[10-07 03:31:57] INFO: [RL-EP-5709] (5709)
[10-07 03:32:01] INFO: [RL-EP-5710] roll=1.000/0.000/0.000
[10-07 03:32:04] INFO: [RL-EP-5711] (5711)
[10-07 03:32:07] INFO: [RL-EP-5712] (5712)
[10-07 03:32:10] INFO: [RL-EP-5713] (5713)
[10-07 03:32:14] INFO: [RL-EP-5714] (5714)
[10-07 03:32:17] INFO: [RL-EP-5715] roll=1.000/0.000/0.000
[10-07 03:32:20] INFO: [RL-EP-5716] (5716)
[10-07 03:32:24] INFO: [RL-EP-5717] (5717)
[10-07 03:32:27] INFO: [RL-EP-5718] (5718)
[10-07 03:32:30] INFO: [RL-EP-5719] (5719)
[10-07 03:32:34] INFO: [RL-EP-5720] roll=1.000/0.000/0.000
[10-07 03:32:37] INFO: [RL-EP-5721] (5721)
[10-07 03:32:40] INFO: [RL-EP-5722] (5722)
[10-07 03:32:43] INFO: [RL-EP-5723] (5723)
[10-07 03:32:47] INFO: [RL-EP-5724] (5724)
[10-07 03:32:50] INFO: [SARL-LOSS] ep=5725 value_loss=0.0108 epsilon=0.0500
[10-07 03:32:50] INFO: [STAT] ep=5725 | roll@25(s/c/t)=1.0/0.0/0.0 (1.00/0.00/0.00) | R.mean=0.6
[10-07 03:32:50] INFO: [METRICS-25] time=13.37s | dfreq=0.000 | ddist=0.000m
[10-07 03:32:50] INFO: [METRICS-PLOT] 3-metrics curve -> /root/bayes-vl-matched-20261006/crowd_nav/runs/bayes-matched-v1/bayes_mean-seed42-to8000/curves_3metrics.png
[10-07 03:32:50] INFO: [RL-EP-5725] (5725/8000) s/c/t=1/0/0 qloss=0.0000 ploss=0.0000 buf=200000
[10-07 03:32:50] INFO:               cumulative s/c/t%: 100.0%/0.0%/0.0%
[10-07 03:32:50] INFO: [REPLAY-STORE] ok=2725 skip=0 steps=142551 buf=200000
[10-07 03:32:50] INFO: [STAGE0-MONITOR] timeout_ratio=0.000 (target: decrease over time)
[10-07 03:32:50] INFO: ================================================================================
[10-07 03:32:50] INFO: [MULTI-SCALE-5725] TARGET: peak=1.000 stable_90=10ep
[10-07 03:32:50] INFO: [MULTI-SCALE-5725] WINDOWS: short=1.000 med=1.000 long=1.000
[10-07 03:32:50] INFO: [MULTI-SCALE-5725] QUALITY: stability=0.800 learn_rate=0.00000
[10-07 03:32:50] INFO: [ACHIEVEMENT] Stable 90%+ success rate achieved for 10 episodes!
[10-07 03:32:50] INFO: [HEALTH-CHECK-5725] Overall: NEEDS_IMPROVEMENT (score=0.400)
[10-07 03:32:50] INFO: ================================================================================
[10-07 03:32:54] INFO: [RL-EP-5726] (5726)
[10-07 03:32:57] INFO: [RL-EP-5727] (5727)
[10-07 03:33:00] INFO: [RL-EP-5728] (5728)
[10-07 03:33:03] INFO: [RL-EP-5729] (5729)
[10-07 03:33:06] INFO: [RL-EP-5730] roll=1.000/0.000/0.000
[10-07 03:33:10] INFO: [RL-EP-5731] (5731)
[10-07 03:33:13] INFO: [RL-EP-5732] (5732)
[10-07 03:33:16] INFO: [RL-EP-5733] (5733)
[10-07 03:33:19] INFO: [RL-EP-5734] (5734)
[10-07 03:33:22] INFO: [RL-EP-5735] roll=1.000/0.000/0.000
[10-07 03:33:25] INFO: [RL-EP-5736] (5736)
[10-07 03:33:28] INFO: [RL-EP-5737] (5737)
[10-07 03:33:32] INFO: [RL-EP-5738] (5738)
[10-07 03:33:36] INFO: [RL-EP-5739] (5739)
[10-07 03:33:39] INFO: [RL-EP-5740] roll=1.000/0.000/0.000
[10-07 03:33:42] INFO: [RL-EP-5741] (5741)
[10-07 03:33:45] INFO: [RL-EP-5742] (5742)
[10-07 03:33:48] INFO: [RL-EP-5743] (5743)
[10-07 03:33:51] INFO: [RL-EP-5744] (5744)
[10-07 03:33:55] INFO: [RL-EP-5745] roll=1.000/0.000/0.000
[10-07 03:33:58] INFO: [RL-EP-5746] (5746)
[10-07 03:34:01] INFO: [RL-EP-5747] (5747)
[10-07 03:34:04] INFO: [RL-EP-5748] (5748)
[10-07 03:34:07] INFO: [RL-EP-5749] (5749)
[10-07 03:34:07] INFO: [CONFIG-CHECK] ep=5750 updates_per_ep=4 (from config)
[10-07 03:34:10] INFO: [SARL-LOSS] ep=5750 value_loss=0.0136 epsilon=0.0500
[10-07 03:34:10] INFO: [STAT] ep=5750 | roll@25(s/c/t)=1.0/0.0/0.0 (1.00/0.00/0.00) | R.mean=0.6
[10-07 03:34:10] INFO: [METRICS-25] time=13.11s | dfreq=0.000 | ddist=0.000m
[10-07 03:34:11] INFO: [METRICS-PLOT] 3-metrics curve -> /root/bayes-vl-matched-20261006/crowd_nav/runs/bayes-matched-v1/bayes_mean-seed42-to8000/curves_3metrics.png
[10-07 03:34:11] INFO: [RL-EP-5750] (5750/8000) s/c/t=1/0/0 qloss=0.0000 ploss=0.0000 buf=200000
[10-07 03:34:11] INFO:               cumulative s/c/t%: 100.0%/0.0%/0.0%
[10-07 03:34:11] INFO: [REPLAY-STORE] ok=2750 skip=0 steps=143843 buf=200000
[10-07 03:34:11] INFO: [STAGE0-MONITOR] timeout_ratio=0.000 (target: decrease over time)
[10-07 03:34:11] INFO: ================================================================================
[10-07 03:34:11] INFO: [MULTI-SCALE-5750] TARGET: peak=1.000 stable_90=10ep
[10-07 03:34:11] INFO: [MULTI-SCALE-5750] WINDOWS: short=1.000 med=1.000 long=1.000
[10-07 03:34:11] INFO: [MULTI-SCALE-5750] QUALITY: stability=0.800 learn_rate=0.00000
[10-07 03:34:11] INFO: [ACHIEVEMENT] Stable 90%+ success rate achieved for 10 episodes!
[10-07 03:34:11] INFO: [HEALTH-CHECK-5750] Overall: NEEDS_IMPROVEMENT (score=0.400)
[10-07 03:34:11] INFO: ================================================================================
[10-07 03:34:14] INFO: [RL-EP-5751] (5751)
[10-07 03:34:17] INFO: [RL-EP-5752] (5752)
[10-07 03:34:21] INFO: [RL-EP-5753] (5753)
[10-07 03:34:24] INFO: [RL-EP-5754] (5754)
[10-07 03:34:27] INFO: [RL-EP-5755] roll=1.000/0.000/0.000
[10-07 03:34:30] INFO: [RL-EP-5756] (5756)
[10-07 03:34:33] INFO: [RL-EP-5757] (5757)
[10-07 03:34:37] INFO: [RL-EP-5758] (5758)
[10-07 03:34:40] INFO: [RL-EP-5759] (5759)
[10-07 03:34:43] INFO: [RL-EP-5760] roll=1.000/0.000/0.000
[10-07 03:34:47] INFO: [RL-EP-5761] (5761)
[10-07 03:34:50] INFO: [RL-EP-5762] (5762)
[10-07 03:34:53] INFO: [RL-EP-5763] (5763)
[10-07 03:34:56] INFO: [RL-EP-5764] (5764)
[10-07 03:34:59] INFO: [RL-EP-5765] roll=1.000/0.000/0.000
[10-07 03:35:02] INFO: [RL-EP-5766] (5766)
[10-07 03:35:05] INFO: [RL-EP-5767] (5767)
[10-07 03:35:08] INFO: [RL-EP-5768] (5768)
[10-07 03:35:11] INFO: [RL-EP-5769] (5769)
[10-07 03:35:14] INFO: [RL-EP-5770] roll=0.980/0.020/0.000
[10-07 03:35:17] INFO: [RL-EP-5771] (5771)
[10-07 03:35:20] INFO: [RL-EP-5772] (5772)
[10-07 03:35:23] INFO: [RL-EP-5773] (5773)
[10-07 03:35:26] INFO: [RL-EP-5774] (5774)
[10-07 03:35:29] INFO: [SARL-LOSS] ep=5775 value_loss=0.0094 epsilon=0.0500
[10-07 03:35:29] INFO: [STAT] ep=5775 | roll@25(s/c/t)=1.0/0.0/0.0 (0.96/0.04/0.00) | R.mean=0.6
[10-07 03:35:29] INFO: [METRICS-25] time=12.58s | dfreq=0.000 | ddist=0.000m
[10-07 03:35:30] INFO: [METRICS-PLOT] 3-metrics curve -> /root/bayes-vl-matched-20261006/crowd_nav/runs/bayes-matched-v1/bayes_mean-seed42-to8000/curves_3metrics.png
[10-07 03:35:30] INFO: [RL-EP-5775] (5775/8000) s/c/t=1/0/0 qloss=0.0000 ploss=0.0000 buf=200000
[10-07 03:35:30] INFO:               cumulative s/c/t%: 96.0%/4.0%/0.0%
[10-07 03:35:30] INFO: [REPLAY-STORE] ok=2775 skip=0 steps=145067 buf=200000
[10-07 03:35:30] INFO: [STAGE0-MONITOR] timeout_ratio=0.000 (target: decrease over time)
[10-07 03:35:30] INFO: ================================================================================
[10-07 03:35:30] INFO: [MULTI-SCALE-5775] TARGET: peak=1.000 stable_90=10ep
[10-07 03:35:30] INFO: [MULTI-SCALE-5775] WINDOWS: short=0.800 med=0.920 long=0.980
[10-07 03:35:30] INFO: [MULTI-SCALE-5775] QUALITY: stability=0.800 learn_rate=0.00000
[10-07 03:35:30] INFO: [ACHIEVEMENT] Stable 90%+ success rate achieved for 10 episodes!
[10-07 03:35:30] INFO: [HEALTH-CHECK-5775] Overall: NEEDS_IMPROVEMENT (score=0.400)
[10-07 03:35:30] INFO: ================================================================================
[10-07 03:35:33] INFO: [RL-EP-5776] (5776)
[10-07 03:35:36] INFO: [RL-EP-5777] (5777)
[10-07 03:35:39] INFO: [RL-EP-5778] (5778)
[10-07 03:35:42] INFO: [RL-EP-5779] (5779)
[10-07 03:35:46] INFO: [RL-EP-5780] roll=0.960/0.040/0.000
[10-07 03:35:49] INFO: [RL-EP-5781] (5781)
[10-07 03:35:52] INFO: [RL-EP-5782] (5782)
[10-07 03:35:55] INFO: [RL-EP-5783] (5783)
[10-07 03:35:58] INFO: [RL-EP-5784] (5784)
[10-07 03:36:01] INFO: [RL-EP-5785] roll=0.960/0.040/0.000
[10-07 03:36:05] INFO: [RL-EP-5786] (5786)
[10-07 03:36:08] INFO: [RL-EP-5787] (5787)
[10-07 03:36:11] INFO: [RL-EP-5788] (5788)
[10-07 03:36:14] INFO: [RL-EP-5789] (5789)
[10-07 03:36:18] INFO: [RL-EP-5790] roll=0.960/0.040/0.000
[10-07 03:36:21] INFO: [RL-EP-5791] (5791)
[10-07 03:36:24] INFO: [RL-EP-5792] (5792)
[10-07 03:36:27] INFO: [RL-EP-5793] (5793)
[10-07 03:36:30] INFO: [RL-EP-5794] (5794)
[10-07 03:36:33] INFO: [RL-EP-5795] roll=0.960/0.040/0.000
[10-07 03:36:37] INFO: [RL-EP-5796] (5796)
[10-07 03:36:39] INFO: [RL-EP-5797] (5797)
[10-07 03:36:43] INFO: [RL-EP-5798] (5798)
[10-07 03:36:46] INFO: [RL-EP-5799] (5799)
[10-07 03:36:46] INFO: [CONFIG-CHECK] ep=5800 updates_per_ep=4 (from config)
[10-07 03:36:46] INFO: [SARL-EPSILON] ep=5800 epsilon=0.0500 (start=0.3, end=0.05, decay=1500)
[10-07 03:36:49] INFO: [SARL-REPLAY] ep=5800 buffer_size=200000 updates=4
[10-07 03:36:49] INFO: [SARL-LOSS] ep=5800 value_loss=0.0174 epsilon=0.0500
[10-07 03:36:49] INFO: [SARL-STATS] ep=5800 buffer_size=200000
[10-07 03:36:49] INFO: [STAT] ep=5800 | roll@25(s/c/t)=0.9/0.1/0.0 (0.94/0.06/0.00) | R.mean=0.5
[10-07 03:36:49] INFO: [METRICS-25] time=12.43s | dfreq=0.000 | ddist=0.000m
[10-07 03:36:49] INFO: [METRICS-PLOT] 3-metrics curve -> /root/bayes-vl-matched-20261006/crowd_nav/runs/bayes-matched-v1/bayes_mean-seed42-to8000/curves_3metrics.png
[10-07 03:36:49] INFO: [RL-EP-5800] (5800/8000) s/c/t=1/0/0 qloss=0.0000 ploss=0.0000 buf=200000
[10-07 03:36:49] INFO:               cumulative s/c/t%: 94.0%/6.0%/0.0%
[10-07 03:36:49] INFO: [REPLAY-STORE] ok=2800 skip=0 steps=146329 buf=200000
[10-07 03:36:49] INFO: [STAGE0-MONITOR] timeout_ratio=0.000 (target: decrease over time)
[10-07 03:36:49] INFO: [SOT-5800] REWARD succ=1.0/coll=-0.50 | GRID 5×16=80 | EVENTS s=0.94/c=0.06/t=0.00
[10-07 03:36:49] INFO: ================================================================================
[10-07 03:36:49] INFO: [MULTI-SCALE-5800] TARGET: peak=1.000 stable_90=10ep
[10-07 03:36:49] INFO: [MULTI-SCALE-5800] WINDOWS: short=0.900 med=0.960 long=0.970
[10-07 03:36:49] INFO: [MULTI-SCALE-5800] QUALITY: stability=0.800 learn_rate=0.00000
[10-07 03:36:49] INFO: [ACHIEVEMENT] Stable 90%+ success rate achieved for 10 episodes!
[10-07 03:36:49] INFO: [HEALTH-CHECK-5800] Overall: NEEDS_IMPROVEMENT (score=0.400)
[10-07 03:36:49] INFO: ================================================================================
[10-07 03:36:53] INFO: [RL-EP-5801] (5801)
[10-07 03:36:56] INFO: [RL-EP-5802] (5802)
[10-07 03:36:59] INFO: [RL-EP-5803] (5803)
[10-07 03:37:02] INFO: [RL-EP-5804] (5804)
[10-07 03:37:06] INFO: [RL-EP-5805] roll=0.940/0.060/0.000
[10-07 03:37:09] INFO: [RL-EP-5806] (5806)
[10-07 03:37:12] INFO: [RL-EP-5807] (5807)
[10-07 03:37:15] INFO: [RL-EP-5808] (5808)
[10-07 03:37:19] INFO: [RL-EP-5809] (5809)
[10-07 03:37:22] INFO: [RL-EP-5810] roll=0.940/0.060/0.000
[10-07 03:37:25] INFO: [RL-EP-5811] (5811)
[10-07 03:37:28] INFO: [RL-EP-5812] (5812)
[10-07 03:37:31] INFO: [RL-EP-5813] (5813)
[10-07 03:37:35] INFO: [RL-EP-5814] (5814)
[10-07 03:37:38] INFO: [RL-EP-5815] roll=0.940/0.060/0.000
[10-07 03:37:41] INFO: [RL-EP-5816] (5816)
[10-07 03:37:44] INFO: [RL-EP-5817] (5817)
[10-07 03:37:47] INFO: [RL-EP-5818] (5818)
[10-07 03:37:50] INFO: [RL-EP-5819] (5819)
[10-07 03:37:54] INFO: [RL-EP-5820] roll=0.960/0.040/0.000
[10-07 03:37:57] INFO: [RL-EP-5821] (5821)
[10-07 03:38:00] INFO: [RL-EP-5822] (5822)
[10-07 03:38:04] INFO: [RL-EP-5823] (5823)
[10-07 03:38:07] INFO: [RL-EP-5824] (5824)
[10-07 03:38:10] INFO: [SARL-LOSS] ep=5825 value_loss=0.0061 epsilon=0.0500
[10-07 03:38:10] INFO: [STAT] ep=5825 | roll@25(s/c/t)=1.0/0.0/0.0 (0.98/0.02/0.00) | R.mean=0.6
[10-07 03:38:10] INFO: [METRICS-25] time=12.71s | dfreq=0.000 | ddist=0.000m
[10-07 03:38:10] INFO: [METRICS-PLOT] 3-metrics curve -> /root/bayes-vl-matched-20261006/crowd_nav/runs/bayes-matched-v1/bayes_mean-seed42-to8000/curves_3metrics.png
[10-07 03:38:10] INFO: [RL-EP-5825] (5825/8000) s/c/t=1/0/0 qloss=0.0000 ploss=0.0000 buf=200000
[10-07 03:38:10] INFO:               cumulative s/c/t%: 98.0%/2.0%/0.0%
[10-07 03:38:10] INFO: [REPLAY-STORE] ok=2825 skip=0 steps=147609 buf=200000
[10-07 03:38:10] INFO: [STAGE0-MONITOR] timeout_ratio=0.000 (target: decrease over time)
[10-07 03:38:10] INFO: ================================================================================
[10-07 03:38:10] INFO: [MULTI-SCALE-5825] TARGET: peak=1.000 stable_90=10ep
[10-07 03:38:10] INFO: [MULTI-SCALE-5825] WINDOWS: short=1.000 med=1.000 long=0.970
[10-07 03:38:10] INFO: [MULTI-SCALE-5825] QUALITY: stability=0.800 learn_rate=0.00000
[10-07 03:38:10] INFO: [ACHIEVEMENT] Stable 90%+ success rate achieved for 10 episodes!
[10-07 03:38:10] INFO: [HEALTH-CHECK-5825] Overall: NEEDS_IMPROVEMENT (score=0.400)
[10-07 03:38:10] INFO: ================================================================================
[10-07 03:38:13] INFO: [RL-EP-5826] (5826)
[10-07 03:38:17] INFO: [RL-EP-5827] (5827)
[10-07 03:38:20] INFO: [RL-EP-5828] (5828)
[10-07 03:38:23] INFO: [RL-EP-5829] (5829)
[10-07 03:38:26] INFO: [RL-EP-5830] roll=0.980/0.020/0.000
[10-07 03:38:29] INFO: [RL-EP-5831] (5831)
[10-07 03:38:32] INFO: [RL-EP-5832] (5832)
[10-07 03:38:35] INFO: [RL-EP-5833] (5833)
[10-07 03:38:38] INFO: [RL-EP-5834] (5834)
[10-07 03:38:41] INFO: [RL-EP-5835] roll=0.980/0.020/0.000
[10-07 03:38:45] INFO: [RL-EP-5836] (5836)
[10-07 03:38:48] INFO: [RL-EP-5837] (5837)
[10-07 03:38:51] INFO: [RL-EP-5838] (5838)
[10-07 03:38:55] INFO: [RL-EP-5839] (5839)
[10-07 03:38:58] INFO: [RL-EP-5840] roll=0.980/0.020/0.000
[10-07 03:39:01] INFO: [RL-EP-5841] (5841)
[10-07 03:39:04] INFO: [RL-EP-5842] (5842)
[10-07 03:39:08] INFO: [RL-EP-5843] (5843)
[10-07 03:39:11] INFO: [RL-EP-5844] (5844)
[10-07 03:39:14] INFO: [RL-EP-5845] roll=0.980/0.020/0.000
[10-07 03:39:17] INFO: [RL-EP-5846] (5846)
[10-07 03:39:20] INFO: [RL-EP-5847] (5847)
[10-07 03:39:24] INFO: [RL-EP-5848] (5848)
[10-07 03:39:27] INFO: [RL-EP-5849] (5849)
[10-07 03:39:27] INFO: [CONFIG-CHECK] ep=5850 updates_per_ep=4 (from config)
[10-07 03:39:31] INFO: [SARL-LOSS] ep=5850 value_loss=0.0097 epsilon=0.0500
[10-07 03:39:31] INFO: [STAT] ep=5850 | roll@25(s/c/t)=1.0/0.0/0.0 (1.00/0.00/0.00) | R.mean=0.6
[10-07 03:39:31] INFO: [METRICS-25] time=12.88s | dfreq=0.000 | ddist=0.000m
[10-07 03:39:31] INFO: [METRICS-PLOT] 3-metrics curve -> /root/bayes-vl-matched-20261006/crowd_nav/runs/bayes-matched-v1/bayes_mean-seed42-to8000/curves_3metrics.png
[10-07 03:39:31] INFO: [RL-EP-5850] (5850/8000) s/c/t=1/0/0 qloss=0.0000 ploss=0.0000 buf=200000
[10-07 03:39:31] INFO:               cumulative s/c/t%: 100.0%/0.0%/0.0%
[10-07 03:39:31] INFO: [REPLAY-STORE] ok=2850 skip=0 steps=148904 buf=200000
[10-07 03:39:31] INFO: [STAGE0-MONITOR] timeout_ratio=0.000 (target: decrease over time)
[10-07 03:39:31] INFO: ================================================================================
[10-07 03:39:31] INFO: [MULTI-SCALE-5850] TARGET: peak=1.000 stable_90=10ep
[10-07 03:39:31] INFO: [MULTI-SCALE-5850] WINDOWS: short=1.000 med=1.000 long=0.970
[10-07 03:39:31] INFO: [MULTI-SCALE-5850] QUALITY: stability=0.800 learn_rate=0.00000
[10-07 03:39:31] INFO: [ACHIEVEMENT] Stable 90%+ success rate achieved for 10 episodes!
[10-07 03:39:31] INFO: [HEALTH-CHECK-5850] Overall: NEEDS_IMPROVEMENT (score=0.400)
[10-07 03:39:31] INFO: ================================================================================
[10-07 03:39:34] INFO: [RL-EP-5851] (5851)
[10-07 03:39:37] INFO: [RL-EP-5852] (5852)
[10-07 03:39:41] INFO: [RL-EP-5853] (5853)
[10-07 03:39:44] INFO: [RL-EP-5854] (5854)
[10-07 03:39:47] INFO: [RL-EP-5855] roll=1.000/0.000/0.000
[10-07 03:39:50] INFO: [RL-EP-5856] (5856)
[10-07 03:39:53] INFO: [RL-EP-5857] (5857)
[10-07 03:39:57] INFO: [RL-EP-5858] (5858)
[10-07 03:40:00] INFO: [RL-EP-5859] (5859)
[10-07 03:40:03] INFO: [RL-EP-5860] roll=1.000/0.000/0.000
[10-07 03:40:07] INFO: [RL-EP-5861] (5861)
[10-07 03:40:10] INFO: [RL-EP-5862] (5862)
[10-07 03:40:13] INFO: [RL-EP-5863] (5863)
[10-07 03:40:17] INFO: [RL-EP-5864] (5864)
[10-07 03:40:20] INFO: [RL-EP-5865] roll=1.000/0.000/0.000
[10-07 03:40:23] INFO: [RL-EP-5866] (5866)
[10-07 03:40:26] INFO: [RL-EP-5867] (5867)
[10-07 03:40:29] INFO: [RL-EP-5868] (5868)
[10-07 03:40:33] INFO: [RL-EP-5869] (5869)
[10-07 03:40:36] INFO: [RL-EP-5870] roll=1.000/0.000/0.000
[10-07 03:40:39] INFO: [RL-EP-5871] (5871)
[10-07 03:40:43] INFO: [RL-EP-5872] (5872)
[10-07 03:40:46] INFO: [RL-EP-5873] (5873)
[10-07 03:40:49] INFO: [RL-EP-5874] (5874)
[10-07 03:40:52] INFO: [SARL-LOSS] ep=5875 value_loss=0.0123 epsilon=0.0500
[10-07 03:40:52] INFO: [STAT] ep=5875 | roll@25(s/c/t)=1.0/0.0/0.0 (1.00/0.00/0.00) | R.mean=0.6
[10-07 03:40:52] INFO: [METRICS-25] time=13.08s | dfreq=0.000 | ddist=0.000m
[10-07 03:40:52] INFO: [METRICS-PLOT] 3-metrics curve -> /root/bayes-vl-matched-20261006/crowd_nav/runs/bayes-matched-v1/bayes_mean-seed42-to8000/curves_3metrics.png
[10-07 03:40:52] INFO: [RL-EP-5875] (5875/8000) s/c/t=1/0/0 qloss=0.0000 ploss=0.0000 buf=200000
[10-07 03:40:52] INFO:               cumulative s/c/t%: 100.0%/0.0%/0.0%
[10-07 03:40:52] INFO: [REPLAY-STORE] ok=2875 skip=0 steps=150225 buf=200000
[10-07 03:40:52] INFO: [STAGE0-MONITOR] timeout_ratio=0.000 (target: decrease over time)
[10-07 03:40:52] INFO: ================================================================================
[10-07 03:40:52] INFO: [MULTI-SCALE-5875] TARGET: peak=1.000 stable_90=10ep
[10-07 03:40:52] INFO: [MULTI-SCALE-5875] WINDOWS: short=1.000 med=1.000 long=0.990
[10-07 03:40:52] INFO: [MULTI-SCALE-5875] QUALITY: stability=0.800 learn_rate=0.00000
[10-07 03:40:52] INFO: [ACHIEVEMENT] Stable 90%+ success rate achieved for 10 episodes!
[10-07 03:40:52] INFO: [HEALTH-CHECK-5875] Overall: NEEDS_IMPROVEMENT (score=0.400)
[10-07 03:40:52] INFO: ================================================================================
[10-07 03:40:56] INFO: [RL-EP-5876] (5876)
[10-07 03:40:59] INFO: [RL-EP-5877] (5877)
[10-07 03:41:02] INFO: [RL-EP-5878] (5878)
[10-07 03:41:06] INFO: [RL-EP-5879] (5879)
[10-07 03:41:09] INFO: [RL-EP-5880] roll=1.000/0.000/0.000
[10-07 03:41:12] INFO: [RL-EP-5881] (5881)
[10-07 03:41:15] INFO: [RL-EP-5882] (5882)
[10-07 03:41:19] INFO: [RL-EP-5883] (5883)
[10-07 03:41:22] INFO: [RL-EP-5884] (5884)
[10-07 03:41:25] INFO: [RL-EP-5885] roll=1.000/0.000/0.000
[10-07 03:41:28] INFO: [RL-EP-5886] (5886)
[10-07 03:41:32] INFO: [RL-EP-5887] (5887)
[10-07 03:41:35] INFO: [RL-EP-5888] (5888)
[10-07 03:41:38] INFO: [RL-EP-5889] (5889)
[10-07 03:41:42] INFO: [RL-EP-5890] roll=1.000/0.000/0.000
[10-07 03:41:45] INFO: [RL-EP-5891] (5891)
[10-07 03:41:48] INFO: [RL-EP-5892] (5892)
[10-07 03:41:51] INFO: [RL-EP-5893] (5893)
[10-07 03:41:54] INFO: [RL-EP-5894] (5894)
[10-07 03:41:58] INFO: [RL-EP-5895] roll=1.000/0.000/0.000
[10-07 03:42:01] INFO: [RL-EP-5896] (5896)
[10-07 03:42:04] INFO: [RL-EP-5897] (5897)
[10-07 03:42:07] INFO: [RL-EP-5898] (5898)
[10-07 03:42:11] INFO: [RL-EP-5899] (5899)
[10-07 03:42:11] INFO: [CONFIG-CHECK] ep=5900 updates_per_ep=4 (from config)
[10-07 03:42:11] INFO: [SARL-EPSILON] ep=5900 epsilon=0.0500 (start=0.3, end=0.05, decay=1500)
[10-07 03:42:14] INFO: [SARL-REPLAY] ep=5900 buffer_size=200000 updates=4
[10-07 03:42:14] INFO: [SARL-LOSS] ep=5900 value_loss=0.0029 epsilon=0.0500
[10-07 03:42:14] INFO: [SARL-STATS] ep=5900 buffer_size=200000
[10-07 03:42:14] INFO: [STAT] ep=5900 | roll@25(s/c/t)=1.0/0.0/0.0 (1.00/0.00/0.00) | R.mean=0.6
[10-07 03:42:14] INFO: [METRICS-25] time=13.37s | dfreq=0.000 | ddist=0.000m
[10-07 03:42:14] INFO: [METRICS-PLOT] 3-metrics curve -> /root/bayes-vl-matched-20261006/crowd_nav/runs/bayes-matched-v1/bayes_mean-seed42-to8000/curves_3metrics.png
[10-07 03:42:14] INFO: [RL-EP-5900] (5900/8000) s/c/t=1/0/0 qloss=0.0000 ploss=0.0000 buf=200000
[10-07 03:42:14] INFO:               cumulative s/c/t%: 100.0%/0.0%/0.0%
[10-07 03:42:14] INFO: [REPLAY-STORE] ok=2900 skip=0 steps=151578 buf=200000
[10-07 03:42:14] INFO: [STAGE0-MONITOR] timeout_ratio=0.000 (target: decrease over time)
[10-07 03:42:14] INFO: [SOT-5900] REWARD succ=1.0/coll=-0.50 | GRID 5×16=80 | EVENTS s=1.00/c=0.00/t=0.00
[10-07 03:42:14] INFO: ================================================================================
[10-07 03:42:14] INFO: [MULTI-SCALE-5900] TARGET: peak=1.000 stable_90=10ep
[10-07 03:42:14] INFO: [MULTI-SCALE-5900] WINDOWS: short=1.000 med=1.000 long=1.000
[10-07 03:42:14] INFO: [MULTI-SCALE-5900] QUALITY: stability=0.800 learn_rate=0.00000
[10-07 03:42:14] INFO: [ACHIEVEMENT] Stable 90%+ success rate achieved for 10 episodes!
[10-07 03:42:14] INFO: [HEALTH-CHECK-5900] Overall: NEEDS_IMPROVEMENT (score=0.400)
[10-07 03:42:14] INFO: ================================================================================
[10-07 03:42:18] INFO: [RL-EP-5901] (5901)
[10-07 03:42:21] INFO: [RL-EP-5902] (5902)
[10-07 03:42:24] INFO: [RL-EP-5903] (5903)
[10-07 03:42:27] INFO: [RL-EP-5904] (5904)
[10-07 03:42:31] INFO: [RL-EP-5905] roll=1.000/0.000/0.000
[10-07 03:42:34] INFO: [RL-EP-5906] (5906)
[10-07 03:42:37] INFO: [RL-EP-5907] (5907)
[10-07 03:42:41] INFO: [RL-EP-5908] (5908)
[10-07 03:42:44] INFO: [RL-EP-5909] (5909)
[10-07 03:42:47] INFO: [RL-EP-5910] roll=1.000/0.000/0.000
[10-07 03:42:50] INFO: [RL-EP-5911] (5911)
[10-07 03:42:54] INFO: [RL-EP-5912] (5912)
[10-07 03:42:57] INFO: [RL-EP-5913] (5913)
[10-07 03:43:00] INFO: [RL-EP-5914] (5914)
[10-07 03:43:03] INFO: [RL-EP-5915] roll=1.000/0.000/0.000
[10-07 03:43:07] INFO: [RL-EP-5916] (5916)
[10-07 03:43:10] INFO: [RL-EP-5917] (5917)
[10-07 03:43:13] INFO: [RL-EP-5918] (5918)
[10-07 03:43:17] INFO: [RL-EP-5919] (5919)
[10-07 03:43:20] INFO: [RL-EP-5920] roll=1.000/0.000/0.000
[10-07 03:43:23] INFO: [RL-EP-5921] (5921)
[10-07 03:43:26] INFO: [RL-EP-5922] (5922)
[10-07 03:43:29] INFO: [RL-EP-5923] (5923)
[10-07 03:43:32] INFO: [RL-EP-5924] (5924)
[10-07 03:43:35] INFO: [SARL-LOSS] ep=5925 value_loss=0.0113 epsilon=0.0500
[10-07 03:43:35] INFO: [STAT] ep=5925 | roll@25(s/c/t)=1.0/0.0/0.0 (1.00/0.00/0.00) | R.mean=0.6
[10-07 03:43:35] INFO: [METRICS-25] time=13.28s | dfreq=0.000 | ddist=0.000m
[10-07 03:43:36] INFO: [METRICS-PLOT] 3-metrics curve -> /root/bayes-vl-matched-20261006/crowd_nav/runs/bayes-matched-v1/bayes_mean-seed42-to8000/curves_3metrics.png
[10-07 03:43:36] INFO: [RL-EP-5925] (5925/8000) s/c/t=1/0/0 qloss=0.0000 ploss=0.0000 buf=200000
[10-07 03:43:36] INFO:               cumulative s/c/t%: 100.0%/0.0%/0.0%
[10-07 03:43:36] INFO: [REPLAY-STORE] ok=2925 skip=0 steps=152880 buf=200000
[10-07 03:43:36] INFO: [STAGE0-MONITOR] timeout_ratio=0.000 (target: decrease over time)
[10-07 03:43:36] INFO: ================================================================================
[10-07 03:43:36] INFO: [MULTI-SCALE-5925] TARGET: peak=1.000 stable_90=10ep
[10-07 03:43:36] INFO: [MULTI-SCALE-5925] WINDOWS: short=1.000 med=1.000 long=1.000
[10-07 03:43:36] INFO: [MULTI-SCALE-5925] QUALITY: stability=0.800 learn_rate=0.00000
[10-07 03:43:36] INFO: [ACHIEVEMENT] Stable 90%+ success rate achieved for 10 episodes!
[10-07 03:43:36] INFO: [HEALTH-CHECK-5925] Overall: NEEDS_IMPROVEMENT (score=0.400)
[10-07 03:43:36] INFO: ================================================================================
[10-07 03:43:39] INFO: [RL-EP-5926] (5926)
[10-07 03:43:42] INFO: [RL-EP-5927] (5927)
[10-07 03:43:46] INFO: [RL-EP-5928] (5928)
[10-07 03:43:49] INFO: [RL-EP-5929] (5929)
[10-07 03:43:52] INFO: [RL-EP-5930] roll=1.000/0.000/0.000
[10-07 03:43:55] INFO: [RL-EP-5931] (5931)
[10-07 03:43:58] INFO: [RL-EP-5932] (5932)
[10-07 03:44:01] INFO: [RL-EP-5933] (5933)
[10-07 03:44:04] INFO: [RL-EP-5934] (5934)
[10-07 03:44:08] INFO: [RL-EP-5935] roll=1.000/0.000/0.000
[10-07 03:44:11] INFO: [RL-EP-5936] (5936)
[10-07 03:44:14] INFO: [RL-EP-5937] (5937)
[10-07 03:44:17] INFO: [RL-EP-5938] (5938)
[10-07 03:44:21] INFO: [RL-EP-5939] (5939)
[10-07 03:44:24] INFO: [RL-EP-5940] roll=1.000/0.000/0.000
[10-07 03:44:27] INFO: [RL-EP-5941] (5941)
[10-07 03:44:31] INFO: [RL-EP-5942] (5942)
[10-07 03:44:34] INFO: [RL-EP-5943] (5943)
[10-07 03:44:37] INFO: [RL-EP-5944] (5944)
[10-07 03:44:40] INFO: [RL-EP-5945] roll=1.000/0.000/0.000
[10-07 03:44:43] INFO: [RL-EP-5946] (5946)
[10-07 03:44:46] INFO: [RL-EP-5947] (5947)
[10-07 03:44:49] INFO: [RL-EP-5948] (5948)
[10-07 03:44:53] INFO: [RL-EP-5949] (5949)
[10-07 03:44:53] INFO: [CONFIG-CHECK] ep=5950 updates_per_ep=4 (from config)
[10-07 03:44:56] INFO: [SARL-LOSS] ep=5950 value_loss=0.0093 epsilon=0.0500
[10-07 03:44:56] INFO: [STAT] ep=5950 | roll@25(s/c/t)=1.0/0.0/0.0 (1.00/0.00/0.00) | R.mean=0.6
[10-07 03:44:56] INFO: [METRICS-25] time=12.92s | dfreq=0.000 | ddist=0.000m
[10-07 03:44:56] INFO: [METRICS-PLOT] 3-metrics curve -> /root/bayes-vl-matched-20261006/crowd_nav/runs/bayes-matched-v1/bayes_mean-seed42-to8000/curves_3metrics.png
[10-07 03:44:56] INFO: [RL-EP-5950] (5950/8000) s/c/t=1/0/0 qloss=0.0000 ploss=0.0000 buf=200000
[10-07 03:44:56] INFO:               cumulative s/c/t%: 100.0%/0.0%/0.0%
[10-07 03:44:56] INFO: [REPLAY-STORE] ok=2950 skip=0 steps=154162 buf=200000
[10-07 03:44:56] INFO: [STAGE0-MONITOR] timeout_ratio=0.000 (target: decrease over time)
[10-07 03:44:56] INFO: ================================================================================
[10-07 03:44:56] INFO: [MULTI-SCALE-5950] TARGET: peak=1.000 stable_90=10ep
[10-07 03:44:56] INFO: [MULTI-SCALE-5950] WINDOWS: short=1.000 med=1.000 long=1.000
[10-07 03:44:56] INFO: [MULTI-SCALE-5950] QUALITY: stability=0.800 learn_rate=0.00000
[10-07 03:44:56] INFO: [ACHIEVEMENT] Stable 90%+ success rate achieved for 10 episodes!
[10-07 03:44:56] INFO: [HEALTH-CHECK-5950] Overall: NEEDS_IMPROVEMENT (score=0.400)
[10-07 03:44:56] INFO: ================================================================================
[10-07 03:44:59] INFO: [RL-EP-5951] (5951)
[10-07 03:45:02] INFO: [RL-EP-5952] (5952)
[10-07 03:45:06] INFO: [RL-EP-5953] (5953)
[10-07 03:45:09] INFO: [RL-EP-5954] (5954)
[10-07 03:45:12] INFO: [RL-EP-5955] roll=1.000/0.000/0.000
[10-07 03:45:15] INFO: [RL-EP-5956] (5956)
[10-07 03:45:18] INFO: [RL-EP-5957] (5957)
[10-07 03:45:21] INFO: [RL-EP-5958] (5958)
[10-07 03:45:25] INFO: [RL-EP-5959] (5959)
[10-07 03:45:28] INFO: [RL-EP-5960] roll=1.000/0.000/0.000
[10-07 03:45:31] INFO: [RL-EP-5961] (5961)
[10-07 03:45:34] INFO: [RL-EP-5962] (5962)
[10-07 03:45:37] INFO: [RL-EP-5963] (5963)
[10-07 03:45:41] INFO: [RL-EP-5964] (5964)
[10-07 03:45:45] INFO: [RL-EP-5965] roll=1.000/0.000/0.000
[10-07 03:45:48] INFO: [RL-EP-5966] (5966)
[10-07 03:45:51] INFO: [RL-EP-5967] (5967)
[10-07 03:45:54] INFO: [RL-EP-5968] (5968)
[10-07 03:45:58] INFO: [RL-EP-5969] (5969)
[10-07 03:46:01] INFO: [RL-EP-5970] roll=1.000/0.000/0.000
[10-07 03:46:04] INFO: [RL-EP-5971] (5971)
[10-07 03:46:07] INFO: [RL-EP-5972] (5972)
[10-07 03:46:10] INFO: [RL-EP-5973] (5973)
[10-07 03:46:14] INFO: [RL-EP-5974] (5974)
[10-07 03:46:19] INFO: [SARL-LOSS] ep=5975 value_loss=0.0040 epsilon=0.0500
[10-07 03:46:19] INFO: [STAT] ep=5975 | roll@25(s/c/t)=1.0/0.0/0.0 (1.00/0.00/0.00) | R.mean=0.6
[10-07 03:46:19] INFO: [METRICS-25] time=13.42s | dfreq=0.000 | ddist=0.000m
[10-07 03:46:19] INFO: [METRICS-PLOT] 3-metrics curve -> /root/bayes-vl-matched-20261006/crowd_nav/runs/bayes-matched-v1/bayes_mean-seed42-to8000/curves_3metrics.png
[10-07 03:46:19] INFO: [RL-EP-5975] (5975/8000) s/c/t=1/0/0 qloss=0.0000 ploss=0.0000 buf=200000
[10-07 03:46:19] INFO:               cumulative s/c/t%: 100.0%/0.0%/0.0%
[10-07 03:46:19] INFO: [REPLAY-STORE] ok=2975 skip=0 steps=155564 buf=200000
[10-07 03:46:19] INFO: [STAGE0-MONITOR] timeout_ratio=0.000 (target: decrease over time)
[10-07 03:46:19] INFO: ================================================================================
[10-07 03:46:19] INFO: [MULTI-SCALE-5975] TARGET: peak=1.000 stable_90=10ep
[10-07 03:46:19] INFO: [MULTI-SCALE-5975] WINDOWS: short=1.000 med=1.000 long=1.000
[10-07 03:46:19] INFO: [MULTI-SCALE-5975] QUALITY: stability=0.800 learn_rate=0.00000
[10-07 03:46:19] INFO: [ACHIEVEMENT] Stable 90%+ success rate achieved for 10 episodes!
[10-07 03:46:19] INFO: [HEALTH-CHECK-5975] Overall: NEEDS_IMPROVEMENT (score=0.400)
[10-07 03:46:19] INFO: ================================================================================
[10-07 03:46:22] INFO: [RL-EP-5976] (5976)
[10-07 03:46:26] INFO: [RL-EP-5977] (5977)
[10-07 03:46:29] INFO: [RL-EP-5978] (5978)
[10-07 03:46:33] INFO: [RL-EP-5979] (5979)
[10-07 03:46:36] INFO: [RL-EP-5980] roll=1.000/0.000/0.000
[10-07 03:46:39] INFO: [RL-EP-5981] (5981)
[10-07 03:46:42] INFO: [RL-EP-5982] (5982)
[10-07 03:46:46] INFO: [RL-EP-5983] (5983)
[10-07 03:46:49] INFO: [RL-EP-5984] (5984)
[10-07 03:46:52] INFO: [RL-EP-5985] roll=1.000/0.000/0.000
[10-07 03:46:56] INFO: [RL-EP-5986] (5986)
[10-07 03:46:59] INFO: [RL-EP-5987] (5987)
[10-07 03:47:02] INFO: [RL-EP-5988] (5988)
[10-07 03:47:05] INFO: [RL-EP-5989] (5989)
[10-07 03:47:09] INFO: [RL-EP-5990] roll=1.000/0.000/0.000
[10-07 03:47:12] INFO: [RL-EP-5991] (5991)
[10-07 03:47:15] INFO: [RL-EP-5992] (5992)
[10-07 03:47:19] INFO: [RL-EP-5993] (5993)
[10-07 03:47:22] INFO: [RL-EP-5994] (5994)
[10-07 03:47:25] INFO: [RL-EP-5995] roll=1.000/0.000/0.000
[10-07 03:47:28] INFO: [RL-EP-5996] (5996)
[10-07 03:47:31] INFO: [RL-EP-5997] (5997)
[10-07 03:47:34] INFO: [RL-EP-5998] (5998)
[10-07 03:47:37] INFO: [RL-EP-5999] (5999)
[10-07 03:47:37] INFO: [CONFIG-CHECK] ep=6000 updates_per_ep=4 (from config)
[10-07 03:47:37] INFO: [SARL-EPSILON] ep=6000 epsilon=0.0500 (start=0.3, end=0.05, decay=1500)
[10-07 03:47:41] INFO: [SARL-REPLAY] ep=6000 buffer_size=200000 updates=4
[10-07 03:47:41] INFO: [SARL-LOSS] ep=6000 value_loss=0.0049 epsilon=0.0500
[10-07 03:47:41] INFO: [SARL-STATS] ep=6000 buffer_size=200000
[10-07 03:47:41] INFO: [STAT] ep=6000 | roll@25(s/c/t)=1.0/0.0/0.0 (1.00/0.00/0.00) | R.mean=0.6
[10-07 03:47:41] INFO: [METRICS-25] time=13.76s | dfreq=0.000 | ddist=0.000m
[10-07 03:47:41] INFO: [METRICS-PLOT] 3-metrics curve -> /root/bayes-vl-matched-20261006/crowd_nav/runs/bayes-matched-v1/bayes_mean-seed42-to8000/curves_3metrics.png
[10-07 03:47:41] INFO: [RL-EP-6000] (6000/8000) s/c/t=1/0/0 qloss=0.0000 ploss=0.0000 buf=200000
[10-07 03:47:41] INFO:               cumulative s/c/t%: 100.0%/0.0%/0.0%
[10-07 03:47:41] INFO: [REPLAY-STORE] ok=3000 skip=0 steps=156913 buf=200000
[10-07 03:47:41] INFO: [STAGE0-MONITOR] timeout_ratio=0.000 (target: decrease over time)
[10-07 03:47:41] INFO: [SOT-6000] REWARD succ=1.0/coll=-0.50 | GRID 5×16=80 | EVENTS s=1.00/c=0.00/t=0.00
[10-07 03:47:41] INFO: ================================================================================
[10-07 03:47:41] INFO: [MULTI-SCALE-6000] TARGET: peak=1.000 stable_90=10ep
[10-07 03:47:41] INFO: [MULTI-SCALE-6000] WINDOWS: short=1.000 med=1.000 long=1.000
[10-07 03:47:41] INFO: [MULTI-SCALE-6000] QUALITY: stability=0.800 learn_rate=0.00000
[10-07 03:47:41] INFO: [ACHIEVEMENT] Stable 90%+ success rate achieved for 10 episodes!
[10-07 03:47:41] INFO: [HEALTH-CHECK-6000] Overall: NEEDS_IMPROVEMENT (score=0.400)
[10-07 03:47:41] INFO: ================================================================================
[10-07 03:47:42] INFO: [PLOT] curves updated ep=6000
[10-07 03:47:42] INFO: [EVAL] Starting evaluation: ep=6000, ε=0.0, k=50
[10-07 03:48:59] INFO: [EVAL] Completed evaluation: succ=1.000 coll=0.000 timeout=0.000 sum=1.000 nav=12.55
[10-07 03:48:59] INFO: [EVAL-EXTENDED] path_len=9.02m smoothness=0.730 avg_speed=0.72m/s
[10-07 03:48:59] INFO: ================================================================================
[10-07 03:48:59] INFO: [CUMULATIVE-METRICS] Episode 6000: Cumulative average (all 6000 episodes)
[10-07 03:48:59] INFO:   Success: 0.969 (96.9%), Collision: 0.028 (2.8%), Timeout: 0.003 (0.3%)
[10-07 03:48:59] INFO:   Avg Reward: 0.53
[10-07 03:48:59] INFO:   Avg Time Taken: 13.08s
[10-07 03:48:59] INFO:   Avg Discomfort Freq: 0.000
[10-07 03:48:59] INFO:   Avg Discomfort Dist: 0.000m
[10-07 03:48:59] INFO: ================================================================================
[10-07 03:48:59] INFO: [RL-SAVE] sarl checkpoint -> /root/bayes-vl-matched-20261006/crowd_nav/runs/bayes-matched-v1/bayes_mean-seed42-to8000/rl_model_ep6000.pth
[10-07 03:48:59] INFO: [RL-SAVE] Saved components: policy, target network, optimizer
[10-07 03:49:02] INFO: [RL-EP-6001] (6001)
[10-07 03:49:05] INFO: [RL-EP-6002] (6002)
[10-07 03:49:09] INFO: [RL-EP-6003] (6003)
[10-07 03:49:12] INFO: [RL-EP-6004] (6004)
[10-07 03:49:15] INFO: [RL-EP-6005] roll=1.000/0.000/0.000
[10-07 03:49:18] INFO: [RL-EP-6006] (6006)
[10-07 03:49:21] INFO: [RL-EP-6007] (6007)
[10-07 03:49:25] INFO: [RL-EP-6008] (6008)
[10-07 03:49:27] INFO: [RL-EP-6009] (6009)
[10-07 03:49:31] INFO: [RL-EP-6010] roll=1.000/0.000/0.000
[10-07 03:49:34] INFO: [RL-EP-6011] (6011)
[10-07 03:49:37] INFO: [RL-EP-6012] (6012)
[10-07 03:49:40] INFO: [RL-EP-6013] (6013)
[10-07 03:49:44] INFO: [RL-EP-6014] (6014)
[10-07 03:49:47] INFO: [RL-EP-6015] roll=1.000/0.000/0.000
[10-07 03:49:50] INFO: [RL-EP-6016] (6016)
[10-07 03:49:53] INFO: [RL-EP-6017] (6017)
[10-07 03:49:56] INFO: [RL-EP-6018] (6018)
[10-07 03:49:59] INFO: [RL-EP-6019] (6019)
[10-07 03:50:03] INFO: [RL-EP-6020] roll=1.000/0.000/0.000
[10-07 03:50:06] INFO: [RL-EP-6021] (6021)
[10-07 03:50:09] INFO: [RL-EP-6022] (6022)
[10-07 03:50:12] INFO: [RL-EP-6023] (6023)
[10-07 03:50:15] INFO: [RL-EP-6024] (6024)
[10-07 03:50:18] INFO: [SARL-LOSS] ep=6025 value_loss=0.0136 epsilon=0.0500
[10-07 03:50:18] INFO: [STAT] ep=6025 | roll@25(s/c/t)=1.0/0.0/0.0 (1.00/0.00/0.00) | R.mean=0.6
[10-07 03:50:18] INFO: [METRICS-25] time=13.22s | dfreq=0.000 | ddist=0.000m
[10-07 03:50:19] INFO: [METRICS-PLOT] 3-metrics curve -> /root/bayes-vl-matched-20261006/crowd_nav/runs/bayes-matched-v1/bayes_mean-seed42-to8000/curves_3metrics.png
[10-07 03:50:19] INFO: [RL-EP-6025] (6025/8000) s/c/t=1/0/0 qloss=0.0000 ploss=0.0000 buf=200000
[10-07 03:50:19] INFO:               cumulative s/c/t%: 100.0%/0.0%/0.0%
[10-07 03:50:19] INFO: [REPLAY-STORE] ok=3025 skip=0 steps=158208 buf=200000
[10-07 03:50:19] INFO: [STAGE0-MONITOR] timeout_ratio=0.000 (target: decrease over time)
[10-07 03:50:19] INFO: ================================================================================
[10-07 03:50:19] INFO: [MULTI-SCALE-6025] TARGET: peak=1.000 stable_90=10ep
[10-07 03:50:19] INFO: [MULTI-SCALE-6025] WINDOWS: short=1.000 med=1.000 long=1.000
[10-07 03:50:19] INFO: [MULTI-SCALE-6025] QUALITY: stability=0.800 learn_rate=0.00000
[10-07 03:50:19] INFO: [ACHIEVEMENT] Stable 90%+ success rate achieved for 10 episodes!
[10-07 03:50:19] INFO: [HEALTH-CHECK-6025] Overall: NEEDS_IMPROVEMENT (score=0.400)
[10-07 03:50:19] INFO: ================================================================================
[10-07 03:50:22] INFO: [RL-EP-6026] (6026)
[10-07 03:50:25] INFO: [RL-EP-6027] (6027)
[10-07 03:50:28] INFO: [RL-EP-6028] (6028)
[10-07 03:50:32] INFO: [RL-EP-6029] (6029)
[10-07 03:50:35] INFO: [RL-EP-6030] roll=1.000/0.000/0.000
[10-07 03:50:38] INFO: [RL-EP-6031] (6031)
[10-07 03:50:41] INFO: [RL-EP-6032] (6032)
[10-07 03:50:45] INFO: [RL-EP-6033] (6033)
[10-07 03:50:48] INFO: [RL-EP-6034] (6034)
[10-07 03:50:51] INFO: [RL-EP-6035] roll=1.000/0.000/0.000
[10-07 03:50:55] INFO: [RL-EP-6036] (6036)
[10-07 03:50:58] INFO: [RL-EP-6037] (6037)
[10-07 03:51:01] INFO: [RL-EP-6038] (6038)
[10-07 03:51:04] INFO: [RL-EP-6039] (6039)
[10-07 03:51:07] INFO: [RL-EP-6040] roll=1.000/0.000/0.000
[10-07 03:51:11] INFO: [RL-EP-6041] (6041)
[10-07 03:51:14] INFO: [RL-EP-6042] (6042)
[10-07 03:51:17] INFO: [RL-EP-6043] (6043)
[10-07 03:51:21] INFO: [RL-EP-6044] (6044)
[10-07 03:51:24] INFO: [RL-EP-6045] roll=1.000/0.000/0.000
[10-07 03:51:27] INFO: [RL-EP-6046] (6046)
[10-07 03:51:30] INFO: [RL-EP-6047] (6047)
[10-07 03:51:34] INFO: [RL-EP-6048] (6048)
[10-07 03:51:37] INFO: [RL-EP-6049] (6049)
[10-07 03:51:37] INFO: [CONFIG-CHECK] ep=6050 updates_per_ep=4 (from config)
[10-07 03:51:40] INFO: [SARL-LOSS] ep=6050 value_loss=0.0107 epsilon=0.0500
[10-07 03:51:40] INFO: [STAT] ep=6050 | roll@25(s/c/t)=1.0/0.0/0.0 (1.00/0.00/0.00) | R.mean=0.6
[10-07 03:51:40] INFO: [METRICS-25] time=13.21s | dfreq=0.000 | ddist=0.000m
[10-07 03:51:41] INFO: [METRICS-PLOT] 3-metrics curve -> /root/bayes-vl-matched-20261006/crowd_nav/runs/bayes-matched-v1/bayes_mean-seed42-to8000/curves_3metrics.png
[10-07 03:51:41] INFO: [RL-EP-6050] (6050/8000) s/c/t=1/0/0 qloss=0.0000 ploss=0.0000 buf=200000
[10-07 03:51:41] INFO:               cumulative s/c/t%: 100.0%/0.0%/0.0%
[10-07 03:51:41] INFO: [REPLAY-STORE] ok=3050 skip=0 steps=159554 buf=200000
[10-07 03:51:41] INFO: [STAGE0-MONITOR] timeout_ratio=0.000 (target: decrease over time)
[10-07 03:51:41] INFO: ================================================================================
[10-07 03:51:41] INFO: [MULTI-SCALE-6050] TARGET: peak=1.000 stable_90=10ep
[10-07 03:51:41] INFO: [MULTI-SCALE-6050] WINDOWS: short=1.000 med=1.000 long=1.000
[10-07 03:51:41] INFO: [MULTI-SCALE-6050] QUALITY: stability=0.800 learn_rate=0.00000
[10-07 03:51:41] INFO: [ACHIEVEMENT] Stable 90%+ success rate achieved for 10 episodes!
[10-07 03:51:41] INFO: [HEALTH-CHECK-6050] Overall: NEEDS_IMPROVEMENT (score=0.400)
[10-07 03:51:41] INFO: ================================================================================
[10-07 03:51:44] INFO: [RL-EP-6051] (6051)
[10-07 03:51:47] INFO: [RL-EP-6052] (6052)
[10-07 03:51:51] INFO: [RL-EP-6053] (6053)
[10-07 03:51:54] INFO: [RL-EP-6054] (6054)
[10-07 03:51:57] INFO: [RL-EP-6055] roll=1.000/0.000/0.000
[10-07 03:52:00] INFO: [RL-EP-6056] (6056)
[10-07 03:52:03] INFO: [RL-EP-6057] (6057)
[10-07 03:52:07] INFO: [RL-EP-6058] (6058)
[10-07 03:52:10] INFO: [RL-EP-6059] (6059)
[10-07 03:52:14] INFO: [RL-EP-6060] roll=1.000/0.000/0.000
[10-07 03:52:17] INFO: [RL-EP-6061] (6061)
[10-07 03:52:20] INFO: [RL-EP-6062] (6062)
[10-07 03:52:23] INFO: [RL-EP-6063] (6063)
[10-07 03:52:27] INFO: [RL-EP-6064] (6064)
[10-07 03:52:30] INFO: [RL-EP-6065] roll=1.000/0.000/0.000
[10-07 03:52:33] INFO: [RL-EP-6066] (6066)
[10-07 03:52:36] INFO: [RL-EP-6067] (6067)
[10-07 03:52:39] INFO: [RL-EP-6068] (6068)
[10-07 03:52:42] INFO: [RL-EP-6069] (6069)
[10-07 03:52:46] INFO: [RL-EP-6070] roll=1.000/0.000/0.000
[10-07 03:52:49] INFO: [RL-EP-6071] (6071)
[10-07 03:52:53] INFO: [RL-EP-6072] (6072)
[10-07 03:52:56] INFO: [RL-EP-6073] (6073)
[10-07 03:52:59] INFO: [RL-EP-6074] (6074)
[10-07 03:53:02] INFO: [SARL-LOSS] ep=6075 value_loss=0.0064 epsilon=0.0500
[10-07 03:53:02] INFO: [STAT] ep=6075 | roll@25(s/c/t)=1.0/0.0/0.0 (1.00/0.00/0.00) | R.mean=0.6
[10-07 03:53:02] INFO: [METRICS-25] time=13.39s | dfreq=0.000 | ddist=0.000m
[10-07 03:53:03] INFO: [METRICS-PLOT] 3-metrics curve -> /root/bayes-vl-matched-20261006/crowd_nav/runs/bayes-matched-v1/bayes_mean-seed42-to8000/curves_3metrics.png
[10-07 03:53:03] INFO: [RL-EP-6075] (6075/8000) s/c/t=1/0/0 qloss=0.0000 ploss=0.0000 buf=200000
[10-07 03:53:03] INFO:               cumulative s/c/t%: 100.0%/0.0%/0.0%
[10-07 03:53:03] INFO: [REPLAY-STORE] ok=3075 skip=0 steps=160886 buf=200000
[10-07 03:53:03] INFO: [STAGE0-MONITOR] timeout_ratio=0.000 (target: decrease over time)
[10-07 03:53:03] INFO: ================================================================================
[10-07 03:53:03] INFO: [MULTI-SCALE-6075] TARGET: peak=1.000 stable_90=10ep
[10-07 03:53:03] INFO: [MULTI-SCALE-6075] WINDOWS: short=1.000 med=1.000 long=1.000
[10-07 03:53:03] INFO: [MULTI-SCALE-6075] QUALITY: stability=0.800 learn_rate=0.00000
[10-07 03:53:03] INFO: [ACHIEVEMENT] Stable 90%+ success rate achieved for 10 episodes!
[10-07 03:53:03] INFO: [HEALTH-CHECK-6075] Overall: NEEDS_IMPROVEMENT (score=0.400)
[10-07 03:53:03] INFO: ================================================================================
[10-07 03:53:07] INFO: [RL-EP-6076] (6076)
[10-07 03:53:10] INFO: [RL-EP-6077] (6077)
[10-07 03:53:13] INFO: [RL-EP-6078] (6078)
[10-07 03:53:17] INFO: [RL-EP-6079] (6079)
[10-07 03:53:20] INFO: [RL-EP-6080] roll=1.000/0.000/0.000
[10-07 03:53:23] INFO: [RL-EP-6081] (6081)
[10-07 03:53:27] INFO: [RL-EP-6082] (6082)
[10-07 03:53:30] INFO: [RL-EP-6083] (6083)
[10-07 03:53:34] INFO: [RL-EP-6084] (6084)
[10-07 03:53:37] INFO: [RL-EP-6085] roll=1.000/0.000/0.000
[10-07 03:53:41] INFO: [RL-EP-6086] (6086)
[10-07 03:53:44] INFO: [RL-EP-6087] (6087)
[10-07 03:53:48] INFO: [RL-EP-6088] (6088)
[10-07 03:53:51] INFO: [RL-EP-6089] (6089)
[10-07 03:53:54] INFO: [RL-EP-6090] roll=1.000/0.000/0.000
[10-07 03:53:58] INFO: [RL-EP-6091] (6091)
[10-07 03:54:01] INFO: [RL-EP-6092] (6092)
[10-07 03:54:04] INFO: [RL-EP-6093] (6093)
[10-07 03:54:07] INFO: [RL-EP-6094] (6094)
[10-07 03:54:10] INFO: [RL-EP-6095] roll=1.000/0.000/0.000
[10-07 03:54:13] INFO: [RL-EP-6096] (6096)
[10-07 03:54:17] INFO: [RL-EP-6097] (6097)
[10-07 03:54:19] INFO: [RL-EP-6098] (6098)
[10-07 03:54:22] INFO: [RL-EP-6099] (6099)
[10-07 03:54:22] INFO: [CONFIG-CHECK] ep=6100 updates_per_ep=4 (from config)
[10-07 03:54:22] INFO: [SARL-EPSILON] ep=6100 epsilon=0.0500 (start=0.3, end=0.05, decay=1500)
[10-07 03:54:26] INFO: [SARL-REPLAY] ep=6100 buffer_size=200000 updates=4
[10-07 03:54:26] INFO: [SARL-LOSS] ep=6100 value_loss=0.0083 epsilon=0.0500
[10-07 03:54:26] INFO: [SARL-STATS] ep=6100 buffer_size=200000
[10-07 03:54:26] INFO: [STAT] ep=6100 | roll@25(s/c/t)=1.0/0.0/0.0 (0.98/0.02/0.00) | R.mean=0.6
[10-07 03:54:26] INFO: [METRICS-25] time=13.47s | dfreq=0.000 | ddist=0.000m
[10-07 03:54:26] INFO: [METRICS-PLOT] 3-metrics curve -> /root/bayes-vl-matched-20261006/crowd_nav/runs/bayes-matched-v1/bayes_mean-seed42-to8000/curves_3metrics.png
[10-07 03:54:26] INFO: [RL-EP-6100] (6100/8000) s/c/t=1/0/0 qloss=0.0000 ploss=0.0000 buf=200000
[10-07 03:54:26] INFO:               cumulative s/c/t%: 98.0%/2.0%/0.0%
[10-07 03:54:26] INFO: [REPLAY-STORE] ok=3100 skip=0 steps=162249 buf=200000
[10-07 03:54:26] INFO: [STAGE0-MONITOR] timeout_ratio=0.000 (target: decrease over time)
[10-07 03:54:26] INFO: [SOT-6100] REWARD succ=1.0/coll=-0.50 | GRID 5×16=80 | EVENTS s=0.98/c=0.02/t=0.00
[10-07 03:54:26] INFO: ================================================================================
[10-07 03:54:26] INFO: [MULTI-SCALE-6100] TARGET: peak=1.000 stable_90=10ep
[10-07 03:54:26] INFO: [MULTI-SCALE-6100] WINDOWS: short=0.900 med=0.960 long=0.990
[10-07 03:54:26] INFO: [MULTI-SCALE-6100] QUALITY: stability=0.800 learn_rate=0.00000
[10-07 03:54:26] INFO: [ACHIEVEMENT] Stable 90%+ success rate achieved for 10 episodes!
[10-07 03:54:26] INFO: [HEALTH-CHECK-6100] Overall: NEEDS_IMPROVEMENT (score=0.400)
[10-07 03:54:26] INFO: ================================================================================
[10-07 03:54:30] INFO: [RL-EP-6101] (6101)
[10-07 03:54:33] INFO: [RL-EP-6102] (6102)
[10-07 03:54:36] INFO: [RL-EP-6103] (6103)
[10-07 03:54:40] INFO: [RL-EP-6104] (6104)
[10-07 03:54:43] INFO: [RL-EP-6105] roll=0.980/0.020/0.000
[10-07 03:54:47] INFO: [RL-EP-6106] (6106)
[10-07 03:54:50] INFO: [RL-EP-6107] (6107)
[10-07 03:54:53] INFO: [RL-EP-6108] (6108)
[10-07 03:54:56] INFO: [RL-EP-6109] (6109)
[10-07 03:54:59] INFO: [RL-EP-6110] roll=0.980/0.020/0.000
[10-07 03:55:03] INFO: [RL-EP-6111] (6111)
[10-07 03:55:06] INFO: [RL-EP-6112] (6112)
[10-07 03:55:09] INFO: [RL-EP-6113] (6113)
[10-07 03:55:12] INFO: [RL-EP-6114] (6114)
[10-07 03:55:15] INFO: [RL-EP-6115] roll=0.980/0.020/0.000
[10-07 03:55:19] INFO: [RL-EP-6116] (6116)
[10-07 03:55:22] INFO: [RL-EP-6117] (6117)
[10-07 03:55:25] INFO: [RL-EP-6118] (6118)
[10-07 03:55:28] INFO: [RL-EP-6119] (6119)
[10-07 03:55:32] INFO: [RL-EP-6120] roll=0.980/0.020/0.000
[10-07 03:55:35] INFO: [RL-EP-6121] (6121)
[10-07 03:55:38] INFO: [RL-EP-6122] (6122)
[10-07 03:55:41] INFO: [RL-EP-6123] (6123)
[10-07 03:55:44] INFO: [RL-EP-6124] (6124)
[10-07 03:55:48] INFO: [SARL-LOSS] ep=6125 value_loss=0.0065 epsilon=0.0500
[10-07 03:55:48] INFO: [STAT] ep=6125 | roll@25(s/c/t)=1.0/0.0/0.0 (0.98/0.02/0.00) | R.mean=0.6
[10-07 03:55:48] INFO: [METRICS-25] time=13.46s | dfreq=0.000 | ddist=0.000m
[10-07 03:55:48] INFO: [METRICS-PLOT] 3-metrics curve -> /root/bayes-vl-matched-20261006/crowd_nav/runs/bayes-matched-v1/bayes_mean-seed42-to8000/curves_3metrics.png
[10-07 03:55:48] INFO: [RL-EP-6125] (6125/8000) s/c/t=1/0/0 qloss=0.0000 ploss=0.0000 buf=200000
[10-07 03:55:48] INFO:               cumulative s/c/t%: 98.0%/2.0%/0.0%
[10-07 03:55:48] INFO: [REPLAY-STORE] ok=3125 skip=0 steps=163578 buf=200000
[10-07 03:55:48] INFO: [STAGE0-MONITOR] timeout_ratio=0.000 (target: decrease over time)
[10-07 03:55:48] INFO: ================================================================================
[10-07 03:55:48] INFO: [MULTI-SCALE-6125] TARGET: peak=1.000 stable_90=10ep
[10-07 03:55:48] INFO: [MULTI-SCALE-6125] WINDOWS: short=1.000 med=1.000 long=0.990
[10-07 03:55:48] INFO: [MULTI-SCALE-6125] QUALITY: stability=0.800 learn_rate=0.00000
[10-07 03:55:48] INFO: [ACHIEVEMENT] Stable 90%+ success rate achieved for 10 episodes!
[10-07 03:55:48] INFO: [HEALTH-CHECK-6125] Overall: NEEDS_IMPROVEMENT (score=0.400)
[10-07 03:55:48] INFO: ================================================================================
[10-07 03:55:52] INFO: [RL-EP-6126] (6126)
[10-07 03:55:55] INFO: [RL-EP-6127] (6127)
[10-07 03:55:58] INFO: [RL-EP-6128] (6128)
[10-07 03:56:02] INFO: [RL-EP-6129] (6129)
[10-07 03:56:05] INFO: [RL-EP-6130] roll=0.980/0.020/0.000
[10-07 03:56:08] INFO: [RL-EP-6131] (6131)
[10-07 03:56:12] INFO: [RL-EP-6132] (6132)
[10-07 03:56:15] INFO: [RL-EP-6133] (6133)
[10-07 03:56:18] INFO: [RL-EP-6134] (6134)
[10-07 03:56:22] INFO: [RL-EP-6135] roll=0.980/0.020/0.000
[10-07 03:56:25] INFO: [RL-EP-6136] (6136)
[10-07 03:56:28] INFO: [RL-EP-6137] (6137)
[10-07 03:56:31] INFO: [RL-EP-6138] (6138)
[10-07 03:56:34] INFO: [RL-EP-6139] (6139)
[10-07 03:56:37] INFO: [RL-EP-6140] roll=0.960/0.040/0.000
[10-07 03:56:41] INFO: [RL-EP-6141] (6141)
[10-07 03:56:44] INFO: [RL-EP-6142] (6142)
[10-07 03:56:47] INFO: [RL-EP-6143] (6143)
[10-07 03:56:51] INFO: [RL-EP-6144] (6144)
[10-07 03:56:54] INFO: [RL-EP-6145] roll=0.960/0.040/0.000
[10-07 03:56:57] INFO: [RL-EP-6146] (6146)
[10-07 03:57:01] INFO: [RL-EP-6147] (6147)
[10-07 03:57:04] INFO: [RL-EP-6148] (6148)
[10-07 03:57:07] INFO: [RL-EP-6149] (6149)
[10-07 03:57:07] INFO: [CONFIG-CHECK] ep=6150 updates_per_ep=4 (from config)
[10-07 03:57:11] INFO: [SARL-LOSS] ep=6150 value_loss=0.0105 epsilon=0.0500
[10-07 03:57:11] INFO: [STAT] ep=6150 | roll@25(s/c/t)=1.0/0.0/0.0 (0.98/0.02/0.00) | R.mean=0.6
[10-07 03:57:11] INFO: [METRICS-25] time=13.48s | dfreq=0.000 | ddist=0.000m
[10-07 03:57:11] INFO: [METRICS-PLOT] 3-metrics curve -> /root/bayes-vl-matched-20261006/crowd_nav/runs/bayes-matched-v1/bayes_mean-seed42-to8000/curves_3metrics.png
[10-07 03:57:11] INFO: [RL-EP-6150] (6150/8000) s/c/t=1/0/0 qloss=0.0000 ploss=0.0000 buf=200000
[10-07 03:57:11] INFO:               cumulative s/c/t%: 98.0%/2.0%/0.0%
[10-07 03:57:11] INFO: [REPLAY-STORE] ok=3150 skip=0 steps=164946 buf=200000
[10-07 03:57:11] INFO: [STAGE0-MONITOR] timeout_ratio=0.000 (target: decrease over time)
[10-07 03:57:11] INFO: ================================================================================
[10-07 03:57:11] INFO: [MULTI-SCALE-6150] TARGET: peak=1.000 stable_90=10ep
[10-07 03:57:11] INFO: [MULTI-SCALE-6150] WINDOWS: short=1.000 med=0.960 long=0.980
[10-07 03:57:11] INFO: [MULTI-SCALE-6150] QUALITY: stability=0.800 learn_rate=0.00000
[10-07 03:57:11] INFO: [ACHIEVEMENT] Stable 90%+ success rate achieved for 10 episodes!
[10-07 03:57:11] INFO: [HEALTH-CHECK-6150] Overall: NEEDS_IMPROVEMENT (score=0.400)
[10-07 03:57:11] INFO: ================================================================================
[10-07 03:57:15] INFO: [RL-EP-6151] (6151)
[10-07 03:57:18] INFO: [RL-EP-6152] (6152)
[10-07 03:57:22] INFO: [RL-EP-6153] (6153)
[10-07 03:57:26] INFO: [RL-EP-6154] (6154)
[10-07 03:57:29] INFO: [RL-EP-6155] roll=0.980/0.020/0.000
[10-07 03:57:33] INFO: [RL-EP-6156] (6156)
[10-07 03:57:36] INFO: [RL-EP-6157] (6157)
[10-07 03:57:39] INFO: [RL-EP-6158] (6158)
[10-07 03:57:43] INFO: [RL-EP-6159] (6159)
[10-07 03:57:46] INFO: [RL-EP-6160] roll=0.980/0.020/0.000
[10-07 03:57:49] INFO: [RL-EP-6161] (6161)
[10-07 03:57:52] INFO: [RL-EP-6162] (6162)
[10-07 03:57:56] INFO: [RL-EP-6163] (6163)
[10-07 03:57:59] INFO: [RL-EP-6164] (6164)
[10-07 03:58:02] INFO: [RL-EP-6165] roll=0.980/0.020/0.000
[10-07 03:58:06] INFO: [RL-EP-6166] (6166)
[10-07 03:58:09] INFO: [RL-EP-6167] (6167)
[10-07 03:58:12] INFO: [RL-EP-6168] (6168)
[10-07 03:58:15] INFO: [RL-EP-6169] (6169)
[10-07 03:58:18] INFO: [RL-EP-6170] roll=0.980/0.020/0.000
[10-07 03:58:22] INFO: [RL-EP-6171] (6171)
[10-07 03:58:25] INFO: [RL-EP-6172] (6172)
[10-07 03:58:28] INFO: [RL-EP-6173] (6173)
[10-07 03:58:31] INFO: [RL-EP-6174] (6174)
[10-07 03:58:34] INFO: [SARL-LOSS] ep=6175 value_loss=0.0083 epsilon=0.0500
[10-07 03:58:34] INFO: [STAT] ep=6175 | roll@25(s/c/t)=1.0/0.0/0.0 (0.98/0.02/0.00) | R.mean=0.6
[10-07 03:58:34] INFO: [METRICS-25] time=13.59s | dfreq=0.000 | ddist=0.000m
[10-07 03:58:35] INFO: [METRICS-PLOT] 3-metrics curve -> /root/bayes-vl-matched-20261006/crowd_nav/runs/bayes-matched-v1/bayes_mean-seed42-to8000/curves_3metrics.png
[10-07 03:58:35] INFO: [RL-EP-6175] (6175/8000) s/c/t=1/0/0 qloss=0.0000 ploss=0.0000 buf=200000
[10-07 03:58:35] INFO:               cumulative s/c/t%: 98.0%/2.0%/0.0%
[10-07 03:58:35] INFO: [REPLAY-STORE] ok=3175 skip=0 steps=166295 buf=200000
[10-07 03:58:35] INFO: [STAGE0-MONITOR] timeout_ratio=0.000 (target: decrease over time)
[10-07 03:58:35] INFO: ================================================================================
[10-07 03:58:35] INFO: [MULTI-SCALE-6175] TARGET: peak=1.000 stable_90=10ep
[10-07 03:58:35] INFO: [MULTI-SCALE-6175] WINDOWS: short=1.000 med=1.000 long=0.980
[10-07 03:58:35] INFO: [MULTI-SCALE-6175] QUALITY: stability=0.800 learn_rate=0.00000
[10-07 03:58:35] INFO: [ACHIEVEMENT] Stable 90%+ success rate achieved for 10 episodes!
[10-07 03:58:35] INFO: [HEALTH-CHECK-6175] Overall: NEEDS_IMPROVEMENT (score=0.400)
[10-07 03:58:35] INFO: ================================================================================
[10-07 03:58:38] INFO: [RL-EP-6176] (6176)
[10-07 03:58:41] INFO: [RL-EP-6177] (6177)
[10-07 03:58:44] INFO: [RL-EP-6178] (6178)
[10-07 03:58:48] INFO: [RL-EP-6179] (6179)
[10-07 03:58:51] INFO: [RL-EP-6180] roll=0.980/0.020/0.000
[10-07 03:58:54] INFO: [RL-EP-6181] (6181)
[10-07 03:58:58] INFO: [RL-EP-6182] (6182)
[10-07 03:59:01] INFO: [RL-EP-6183] (6183)
[10-07 03:59:04] INFO: [RL-EP-6184] (6184)
[10-07 03:59:08] INFO: [RL-EP-6185] roll=0.980/0.020/0.000
[10-07 03:59:11] INFO: [RL-EP-6186] (6186)
[10-07 03:59:14] INFO: [RL-EP-6187] (6187)
[10-07 03:59:17] INFO: [RL-EP-6188] (6188)
[10-07 03:59:20] INFO: [RL-EP-6189] (6189)
[10-07 03:59:23] INFO: [RL-EP-6190] roll=1.000/0.000/0.000
[10-07 03:59:28] INFO: [RL-EP-6191] (6191)
[10-07 03:59:31] INFO: [RL-EP-6192] (6192)
[10-07 03:59:35] INFO: [RL-EP-6193] (6193)
[10-07 03:59:39] INFO: [RL-EP-6194] (6194)
[10-07 03:59:42] INFO: [RL-EP-6195] roll=1.000/0.000/0.000
[10-07 03:59:45] INFO: [RL-EP-6196] (6196)
[10-07 03:59:48] INFO: [RL-EP-6197] (6197)
[10-07 03:59:52] INFO: [RL-EP-6198] (6198)
[10-07 03:59:55] INFO: [RL-EP-6199] (6199)
[10-07 03:59:55] INFO: [CONFIG-CHECK] ep=6200 updates_per_ep=4 (from config)
[10-07 03:59:55] INFO: [SARL-EPSILON] ep=6200 epsilon=0.0500 (start=0.3, end=0.05, decay=1500)
[10-07 03:59:58] INFO: [SARL-REPLAY] ep=6200 buffer_size=200000 updates=4
[10-07 03:59:58] INFO: [SARL-LOSS] ep=6200 value_loss=0.0107 epsilon=0.0500
[10-07 03:59:58] INFO: [SARL-STATS] ep=6200 buffer_size=200000
[10-07 03:59:58] INFO: [STAT] ep=6200 | roll@25(s/c/t)=1.0/0.0/0.0 (1.00/0.00/0.00) | R.mean=0.6
[10-07 03:59:58] INFO: [METRICS-25] time=13.64s | dfreq=0.000 | ddist=0.000m
[10-07 03:59:58] INFO: [METRICS-PLOT] 3-metrics curve -> /root/bayes-vl-matched-20261006/crowd_nav/runs/bayes-matched-v1/bayes_mean-seed42-to8000/curves_3metrics.png
[10-07 03:59:58] INFO: [RL-EP-6200] (6200/8000) s/c/t=1/0/0 qloss=0.0000 ploss=0.0000 buf=200000
[10-07 03:59:58] INFO:               cumulative s/c/t%: 100.0%/0.0%/0.0%
[10-07 03:59:58] INFO: [REPLAY-STORE] ok=3200 skip=0 steps=167675 buf=200000
[10-07 03:59:58] INFO: [STAGE0-MONITOR] timeout_ratio=0.000 (target: decrease over time)
[10-07 03:59:58] INFO: [SOT-6200] REWARD succ=1.0/coll=-0.50 | GRID 5×16=80 | EVENTS s=1.00/c=0.00/t=0.00
[10-07 03:59:58] INFO: ================================================================================
[10-07 03:59:58] INFO: [MULTI-SCALE-6200] TARGET: peak=1.000 stable_90=10ep
[10-07 03:59:58] INFO: [MULTI-SCALE-6200] WINDOWS: short=1.000 med=1.000 long=0.990
[10-07 03:59:58] INFO: [MULTI-SCALE-6200] QUALITY: stability=0.800 learn_rate=0.00000
[10-07 03:59:58] INFO: [ACHIEVEMENT] Stable 90%+ success rate achieved for 10 episodes!
[10-07 03:59:58] INFO: [HEALTH-CHECK-6200] Overall: NEEDS_IMPROVEMENT (score=0.400)
[10-07 03:59:58] INFO: ================================================================================
[10-07 04:00:01] INFO: [RL-EP-6201] (6201)
[10-07 04:00:05] INFO: [RL-EP-6202] (6202)
[10-07 04:00:08] INFO: [RL-EP-6203] (6203)
[10-07 04:00:12] INFO: [RL-EP-6204] (6204)
[10-07 04:00:15] INFO: [RL-EP-6205] roll=1.000/0.000/0.000
[10-07 04:00:18] INFO: [RL-EP-6206] (6206)
[10-07 04:00:22] INFO: [RL-EP-6207] (6207)
[10-07 04:00:25] INFO: [RL-EP-6208] (6208)
[10-07 04:00:28] INFO: [RL-EP-6209] (6209)
[10-07 04:00:32] INFO: [RL-EP-6210] roll=1.000/0.000/0.000
[10-07 04:00:35] INFO: [RL-EP-6211] (6211)
[10-07 04:00:38] INFO: [RL-EP-6212] (6212)
[10-07 04:00:41] INFO: [RL-EP-6213] (6213)
[10-07 04:00:44] INFO: [RL-EP-6214] (6214)
[10-07 04:00:48] INFO: [RL-EP-6215] roll=1.000/0.000/0.000
[10-07 04:00:51] INFO: [RL-EP-6216] (6216)
[10-07 04:00:54] INFO: [RL-EP-6217] (6217)
[10-07 04:00:57] INFO: [RL-EP-6218] (6218)
[10-07 04:01:01] INFO: [RL-EP-6219] (6219)
[10-07 04:01:04] INFO: [RL-EP-6220] roll=1.000/0.000/0.000
[10-07 04:01:07] INFO: [RL-EP-6221] (6221)
[10-07 04:01:10] INFO: [RL-EP-6222] (6222)
[10-07 04:01:14] INFO: [RL-EP-6223] (6223)
[10-07 04:01:17] INFO: [RL-EP-6224] (6224)
[10-07 04:01:20] INFO: [SARL-LOSS] ep=6225 value_loss=0.0081 epsilon=0.0500
[10-07 04:01:20] INFO: [STAT] ep=6225 | roll@25(s/c/t)=1.0/0.0/0.0 (1.00/0.00/0.00) | R.mean=0.6
[10-07 04:01:20] INFO: [METRICS-25] time=13.62s | dfreq=0.000 | ddist=0.000m
[10-07 04:01:20] INFO: [METRICS-PLOT] 3-metrics curve -> /root/bayes-vl-matched-20261006/crowd_nav/runs/bayes-matched-v1/bayes_mean-seed42-to8000/curves_3metrics.png
[10-07 04:01:20] INFO: [RL-EP-6225] (6225/8000) s/c/t=1/0/0 qloss=0.0000 ploss=0.0000 buf=200000
[10-07 04:01:20] INFO:               cumulative s/c/t%: 100.0%/0.0%/0.0%
[10-07 04:01:20] INFO: [REPLAY-STORE] ok=3225 skip=0 steps=169018 buf=200000
[10-07 04:01:20] INFO: [STAGE0-MONITOR] timeout_ratio=0.000 (target: decrease over time)
[10-07 04:01:20] INFO: ================================================================================
[10-07 04:01:20] INFO: [MULTI-SCALE-6225] TARGET: peak=1.000 stable_90=10ep
[10-07 04:01:20] INFO: [MULTI-SCALE-6225] WINDOWS: short=1.000 med=1.000 long=0.990
[10-07 04:01:20] INFO: [MULTI-SCALE-6225] QUALITY: stability=0.800 learn_rate=0.00000
[10-07 04:01:20] INFO: [ACHIEVEMENT] Stable 90%+ success rate achieved for 10 episodes!
[10-07 04:01:20] INFO: [HEALTH-CHECK-6225] Overall: NEEDS_IMPROVEMENT (score=0.400)
[10-07 04:01:20] INFO: ================================================================================
[10-07 04:01:24] INFO: [RL-EP-6226] (6226)
[10-07 04:01:27] INFO: [RL-EP-6227] (6227)
[10-07 04:01:30] INFO: [RL-EP-6228] (6228)
[10-07 04:01:33] INFO: [RL-EP-6229] (6229)
[10-07 04:01:37] INFO: [RL-EP-6230] roll=1.000/0.000/0.000
[10-07 04:01:40] INFO: [RL-EP-6231] (6231)
[10-07 04:01:43] INFO: [RL-EP-6232] (6232)
[10-07 04:01:46] INFO: [RL-EP-6233] (6233)
[10-07 04:01:50] INFO: [RL-EP-6234] (6234)
[10-07 04:01:53] INFO: [RL-EP-6235] roll=1.000/0.000/0.000
[10-07 04:01:57] INFO: [RL-EP-6236] (6236)
[10-07 04:02:00] INFO: [RL-EP-6237] (6237)
[10-07 04:02:04] INFO: [RL-EP-6238] (6238)
[10-07 04:02:07] INFO: [RL-EP-6239] (6239)
[10-07 04:02:10] INFO: [RL-EP-6240] roll=1.000/0.000/0.000
[10-07 04:02:14] INFO: [RL-EP-6241] (6241)
[10-07 04:02:17] INFO: [RL-EP-6242] (6242)
[10-07 04:02:20] INFO: [RL-EP-6243] (6243)
[10-07 04:02:23] INFO: [RL-EP-6244] (6244)
[10-07 04:02:26] INFO: [RL-EP-6245] roll=1.000/0.000/0.000
[10-07 04:02:30] INFO: [RL-EP-6246] (6246)
[10-07 04:02:33] INFO: [RL-EP-6247] (6247)
[10-07 04:02:36] INFO: [RL-EP-6248] (6248)
[10-07 04:02:39] INFO: [RL-EP-6249] (6249)
[10-07 04:02:39] INFO: [CONFIG-CHECK] ep=6250 updates_per_ep=4 (from config)
[10-07 04:02:43] INFO: [SARL-LOSS] ep=6250 value_loss=0.0103 epsilon=0.0500
[10-07 04:02:43] INFO: [STAT] ep=6250 | roll@25(s/c/t)=1.0/0.0/0.0 (1.00/0.00/0.00) | R.mean=0.6
[10-07 04:02:43] INFO: [METRICS-25] time=13.55s | dfreq=0.000 | ddist=0.000m
[10-07 04:02:43] INFO: [METRICS-PLOT] 3-metrics curve -> /root/bayes-vl-matched-20261006/crowd_nav/runs/bayes-matched-v1/bayes_mean-seed42-to8000/curves_3metrics.png
[10-07 04:02:43] INFO: [RL-EP-6250] (6250/8000) s/c/t=1/0/0 qloss=0.0000 ploss=0.0000 buf=200000
[10-07 04:02:43] INFO:               cumulative s/c/t%: 100.0%/0.0%/0.0%
[10-07 04:02:43] INFO: [REPLAY-STORE] ok=3250 skip=0 steps=170385 buf=200000
[10-07 04:02:43] INFO: [STAGE0-MONITOR] timeout_ratio=0.000 (target: decrease over time)
[10-07 04:02:43] INFO: ================================================================================
[10-07 04:02:43] INFO: [MULTI-SCALE-6250] TARGET: peak=1.000 stable_90=10ep
[10-07 04:02:43] INFO: [MULTI-SCALE-6250] WINDOWS: short=1.000 med=1.000 long=1.000
[10-07 04:02:43] INFO: [MULTI-SCALE-6250] QUALITY: stability=0.800 learn_rate=0.00000
[10-07 04:02:43] INFO: [ACHIEVEMENT] Stable 90%+ success rate achieved for 10 episodes!
[10-07 04:02:43] INFO: [HEALTH-CHECK-6250] Overall: NEEDS_IMPROVEMENT (score=0.400)
[10-07 04:02:43] INFO: ================================================================================
[10-07 04:02:47] INFO: [RL-EP-6251] (6251)
[10-07 04:02:50] INFO: [RL-EP-6252] (6252)
[10-07 04:02:53] INFO: [RL-EP-6253] (6253)
[10-07 04:02:56] INFO: [RL-EP-6254] (6254)
[10-07 04:03:00] INFO: [RL-EP-6255] roll=1.000/0.000/0.000
[10-07 04:03:03] INFO: [RL-EP-6256] (6256)
[10-07 04:03:06] INFO: [RL-EP-6257] (6257)
[10-07 04:03:10] INFO: [RL-EP-6258] (6258)
[10-07 04:03:13] INFO: [RL-EP-6259] (6259)
[10-07 04:03:16] INFO: [RL-EP-6260] roll=1.000/0.000/0.000
[10-07 04:03:19] INFO: [RL-EP-6261] (6261)
[10-07 04:03:22] INFO: [RL-EP-6262] (6262)
[10-07 04:03:26] INFO: [RL-EP-6263] (6263)
[10-07 04:03:29] INFO: [RL-EP-6264] (6264)
[10-07 04:03:32] INFO: [RL-EP-6265] roll=1.000/0.000/0.000
[10-07 04:03:35] INFO: [RL-EP-6266] (6266)
[10-07 04:03:38] INFO: [RL-EP-6267] (6267)
[10-07 04:03:42] INFO: [RL-EP-6268] (6268)
[10-07 04:03:45] INFO: [RL-EP-6269] (6269)
[10-07 04:03:48] INFO: [RL-EP-6270] roll=1.000/0.000/0.000
[10-07 04:03:51] INFO: [RL-EP-6271] (6271)
[10-07 04:03:55] INFO: [RL-EP-6272] (6272)
[10-07 04:03:58] INFO: [RL-EP-6273] (6273)
[10-07 04:04:01] INFO: [RL-EP-6274] (6274)
[10-07 04:04:04] INFO: [SARL-LOSS] ep=6275 value_loss=0.0045 epsilon=0.0500
[10-07 04:04:04] INFO: [STAT] ep=6275 | roll@25(s/c/t)=1.0/0.0/0.0 (1.00/0.00/0.00) | R.mean=0.6
[10-07 04:04:04] INFO: [METRICS-25] time=13.38s | dfreq=0.000 | ddist=0.000m
[10-07 04:04:05] INFO: [METRICS-PLOT] 3-metrics curve -> /root/bayes-vl-matched-20261006/crowd_nav/runs/bayes-matched-v1/bayes_mean-seed42-to8000/curves_3metrics.png
[10-07 04:04:05] INFO: [RL-EP-6275] (6275/8000) s/c/t=1/0/0 qloss=0.0000 ploss=0.0000 buf=200000
[10-07 04:04:05] INFO:               cumulative s/c/t%: 100.0%/0.0%/0.0%
[10-07 04:04:05] INFO: [REPLAY-STORE] ok=3275 skip=0 steps=171693 buf=200000
[10-07 04:04:05] INFO: [STAGE0-MONITOR] timeout_ratio=0.000 (target: decrease over time)
[10-07 04:04:05] INFO: ================================================================================
[10-07 04:04:05] INFO: [MULTI-SCALE-6275] TARGET: peak=1.000 stable_90=10ep
[10-07 04:04:05] INFO: [MULTI-SCALE-6275] WINDOWS: short=1.000 med=1.000 long=1.000
[10-07 04:04:05] INFO: [MULTI-SCALE-6275] QUALITY: stability=0.800 learn_rate=0.00000
[10-07 04:04:05] INFO: [ACHIEVEMENT] Stable 90%+ success rate achieved for 10 episodes!
[10-07 04:04:05] INFO: [HEALTH-CHECK-6275] Overall: NEEDS_IMPROVEMENT (score=0.400)
[10-07 04:04:05] INFO: ================================================================================
[10-07 04:04:08] INFO: [RL-EP-6276] (6276)
[10-07 04:04:12] INFO: [RL-EP-6277] (6277)
[10-07 04:04:15] INFO: [RL-EP-6278] (6278)
[10-07 04:04:18] INFO: [RL-EP-6279] (6279)
[10-07 04:04:21] INFO: [RL-EP-6280] roll=1.000/0.000/0.000
[10-07 04:04:24] INFO: [RL-EP-6281] (6281)
[10-07 04:04:28] INFO: [RL-EP-6282] (6282)
[10-07 04:04:31] INFO: [RL-EP-6283] (6283)
[10-07 04:04:34] INFO: [RL-EP-6284] (6284)
[10-07 04:04:37] INFO: [RL-EP-6285] roll=1.000/0.000/0.000
[10-07 04:04:41] INFO: [RL-EP-6286] (6286)
[10-07 04:04:44] INFO: [RL-EP-6287] (6287)
[10-07 04:04:47] INFO: [RL-EP-6288] (6288)
[10-07 04:04:51] INFO: [RL-EP-6289] (6289)
[10-07 04:04:54] INFO: [RL-EP-6290] roll=1.000/0.000/0.000
[10-07 04:04:57] INFO: [RL-EP-6291] (6291)
[10-07 04:05:00] INFO: [RL-EP-6292] (6292)
[10-07 04:05:04] INFO: [RL-EP-6293] (6293)
[10-07 04:05:07] INFO: [RL-EP-6294] (6294)
[10-07 04:05:10] INFO: [RL-EP-6295] roll=1.000/0.000/0.000
[10-07 04:05:13] INFO: [RL-EP-6296] (6296)
[10-07 04:05:17] INFO: [RL-EP-6297] (6297)
[10-07 04:05:20] INFO: [RL-EP-6298] (6298)
[10-07 04:05:23] INFO: [RL-EP-6299] (6299)
[10-07 04:05:23] INFO: [CONFIG-CHECK] ep=6300 updates_per_ep=4 (from config)
[10-07 04:05:23] INFO: [SARL-EPSILON] ep=6300 epsilon=0.0500 (start=0.3, end=0.05, decay=1500)
[10-07 04:05:27] INFO: [SARL-REPLAY] ep=6300 buffer_size=200000 updates=4
[10-07 04:05:27] INFO: [SARL-LOSS] ep=6300 value_loss=0.0135 epsilon=0.0500
[10-07 04:05:27] INFO: [SARL-STATS] ep=6300 buffer_size=200000
[10-07 04:05:27] INFO: [STAT] ep=6300 | roll@25(s/c/t)=1.0/0.0/0.0 (1.00/0.00/0.00) | R.mean=0.6
[10-07 04:05:27] INFO: [METRICS-25] time=13.46s | dfreq=0.000 | ddist=0.000m
[10-07 04:05:28] INFO: [METRICS-PLOT] 3-metrics curve -> /root/bayes-vl-matched-20261006/crowd_nav/runs/bayes-matched-v1/bayes_mean-seed42-to8000/curves_3metrics.png
[10-07 04:05:28] INFO: [RL-EP-6300] (6300/8000) s/c/t=1/0/0 qloss=0.0000 ploss=0.0000 buf=200000
[10-07 04:05:28] INFO:               cumulative s/c/t%: 100.0%/0.0%/0.0%
[10-07 04:05:28] INFO: [REPLAY-STORE] ok=3300 skip=0 steps=173076 buf=200000
[10-07 04:05:28] INFO: [STAGE0-MONITOR] timeout_ratio=0.000 (target: decrease over time)
[10-07 04:05:28] INFO: [SOT-6300] REWARD succ=1.0/coll=-0.50 | GRID 5×16=80 | EVENTS s=1.00/c=0.00/t=0.00
[10-07 04:05:28] INFO: ================================================================================
[10-07 04:05:28] INFO: [MULTI-SCALE-6300] TARGET: peak=1.000 stable_90=10ep
[10-07 04:05:28] INFO: [MULTI-SCALE-6300] WINDOWS: short=1.000 med=1.000 long=1.000
[10-07 04:05:28] INFO: [MULTI-SCALE-6300] QUALITY: stability=0.800 learn_rate=0.00000
[10-07 04:05:28] INFO: [ACHIEVEMENT] Stable 90%+ success rate achieved for 10 episodes!
[10-07 04:05:28] INFO: [HEALTH-CHECK-6300] Overall: NEEDS_IMPROVEMENT (score=0.400)
[10-07 04:05:28] INFO: ================================================================================
[10-07 04:05:31] INFO: [RL-EP-6301] (6301)
[10-07 04:05:34] INFO: [RL-EP-6302] (6302)
[10-07 04:05:38] INFO: [RL-EP-6303] (6303)
[10-07 04:05:41] INFO: [RL-EP-6304] (6304)
[10-07 04:05:45] INFO: [RL-EP-6305] roll=1.000/0.000/0.000
[10-07 04:05:48] INFO: [RL-EP-6306] (6306)
[10-07 04:05:51] INFO: [RL-EP-6307] (6307)
[10-07 04:05:55] INFO: [RL-EP-6308] (6308)
[10-07 04:05:58] INFO: [RL-EP-6309] (6309)
[10-07 04:06:01] INFO: [RL-EP-6310] roll=1.000/0.000/0.000
[10-07 04:06:04] INFO: [RL-EP-6311] (6311)
[10-07 04:06:08] INFO: [RL-EP-6312] (6312)
[10-07 04:06:11] INFO: [RL-EP-6313] (6313)
[10-07 04:06:14] INFO: [RL-EP-6314] (6314)
[10-07 04:06:17] INFO: [RL-EP-6315] roll=1.000/0.000/0.000
[10-07 04:06:21] INFO: [RL-EP-6316] (6316)
[10-07 04:06:24] INFO: [RL-EP-6317] (6317)
[10-07 04:06:27] INFO: [RL-EP-6318] (6318)
[10-07 04:06:30] INFO: [RL-EP-6319] (6319)
[10-07 04:06:34] INFO: [RL-EP-6320] roll=1.000/0.000/0.000
[10-07 04:06:37] INFO: [RL-EP-6321] (6321)
[10-07 04:06:40] INFO: [RL-EP-6322] (6322)
[10-07 04:06:43] INFO: [RL-EP-6323] (6323)
[10-07 04:06:47] INFO: [RL-EP-6324] (6324)
[10-07 04:06:50] INFO: [SARL-LOSS] ep=6325 value_loss=0.0060 epsilon=0.0500
[10-07 04:06:50] INFO: [STAT] ep=6325 | roll@25(s/c/t)=1.0/0.0/0.0 (1.00/0.00/0.00) | R.mean=0.6
[10-07 04:06:50] INFO: [METRICS-25] time=13.61s | dfreq=0.000 | ddist=0.000m
[10-07 04:06:50] INFO: [METRICS-PLOT] 3-metrics curve -> /root/bayes-vl-matched-20261006/crowd_nav/runs/bayes-matched-v1/bayes_mean-seed42-to8000/curves_3metrics.png
[10-07 04:06:50] INFO: [RL-EP-6325] (6325/8000) s/c/t=1/0/0 qloss=0.0000 ploss=0.0000 buf=200000
[10-07 04:06:50] INFO:               cumulative s/c/t%: 100.0%/0.0%/0.0%
[10-07 04:06:50] INFO: [REPLAY-STORE] ok=3325 skip=0 steps=174415 buf=200000
[10-07 04:06:50] INFO: [STAGE0-MONITOR] timeout_ratio=0.000 (target: decrease over time)
[10-07 04:06:50] INFO: ================================================================================
[10-07 04:06:50] INFO: [MULTI-SCALE-6325] TARGET: peak=1.000 stable_90=10ep
[10-07 04:06:50] INFO: [MULTI-SCALE-6325] WINDOWS: short=1.000 med=1.000 long=1.000
[10-07 04:06:50] INFO: [MULTI-SCALE-6325] QUALITY: stability=0.800 learn_rate=0.00000
[10-07 04:06:50] INFO: [ACHIEVEMENT] Stable 90%+ success rate achieved for 10 episodes!
[10-07 04:06:50] INFO: [HEALTH-CHECK-6325] Overall: NEEDS_IMPROVEMENT (score=0.400)
[10-07 04:06:50] INFO: ================================================================================
[10-07 04:06:54] INFO: [RL-EP-6326] (6326)
[10-07 04:06:57] INFO: [RL-EP-6327] (6327)
[10-07 04:07:00] INFO: [RL-EP-6328] (6328)
[10-07 04:07:03] INFO: [RL-EP-6329] (6329)
[10-07 04:07:07] INFO: [RL-EP-6330] roll=1.000/0.000/0.000
[10-07 04:07:10] INFO: [RL-EP-6331] (6331)
[10-07 04:07:13] INFO: [RL-EP-6332] (6332)
[10-07 04:07:16] INFO: [RL-EP-6333] (6333)
[10-07 04:07:19] INFO: [RL-EP-6334] (6334)
[10-07 04:07:23] INFO: [RL-EP-6335] roll=1.000/0.000/0.000
[10-07 04:07:26] INFO: [RL-EP-6336] (6336)
[10-07 04:07:29] INFO: [RL-EP-6337] (6337)
[10-07 04:07:33] INFO: [RL-EP-6338] (6338)
[10-07 04:07:36] INFO: [RL-EP-6339] (6339)
[10-07 04:07:39] INFO: [RL-EP-6340] roll=1.000/0.000/0.000
[10-07 04:07:42] INFO: [RL-EP-6341] (6341)
[10-07 04:07:45] INFO: [RL-EP-6342] (6342)
[10-07 04:07:49] INFO: [RL-EP-6343] (6343)
[10-07 04:07:52] INFO: [RL-EP-6344] (6344)
[10-07 04:07:55] INFO: [RL-EP-6345] roll=1.000/0.000/0.000
[10-07 04:07:58] INFO: [RL-EP-6346] (6346)
[10-07 04:08:02] INFO: [RL-EP-6347] (6347)
[10-07 04:08:05] INFO: [RL-EP-6348] (6348)
[10-07 04:08:08] INFO: [RL-EP-6349] (6349)
[10-07 04:08:08] INFO: [CONFIG-CHECK] ep=6350 updates_per_ep=4 (from config)
[10-07 04:08:11] INFO: [SARL-LOSS] ep=6350 value_loss=0.0070 epsilon=0.0500
[10-07 04:08:11] INFO: [STAT] ep=6350 | roll@25(s/c/t)=1.0/0.0/0.0 (1.00/0.00/0.00) | R.mean=0.6
[10-07 04:08:11] INFO: [METRICS-25] time=13.22s | dfreq=0.000 | ddist=0.000m
[10-07 04:08:12] INFO: [METRICS-PLOT] 3-metrics curve -> /root/bayes-vl-matched-20261006/crowd_nav/runs/bayes-matched-v1/bayes_mean-seed42-to8000/curves_3metrics.png
[10-07 04:08:12] INFO: [RL-EP-6350] (6350/8000) s/c/t=1/0/0 qloss=0.0000 ploss=0.0000 buf=200000
[10-07 04:08:12] INFO:               cumulative s/c/t%: 100.0%/0.0%/0.0%
[10-07 04:08:12] INFO: [REPLAY-STORE] ok=3350 skip=0 steps=175721 buf=200000
[10-07 04:08:12] INFO: [STAGE0-MONITOR] timeout_ratio=0.000 (target: decrease over time)
[10-07 04:08:12] INFO: ================================================================================
[10-07 04:08:12] INFO: [MULTI-SCALE-6350] TARGET: peak=1.000 stable_90=10ep
[10-07 04:08:12] INFO: [MULTI-SCALE-6350] WINDOWS: short=1.000 med=1.000 long=1.000
[10-07 04:08:12] INFO: [MULTI-SCALE-6350] QUALITY: stability=0.800 learn_rate=0.00000
[10-07 04:08:12] INFO: [ACHIEVEMENT] Stable 90%+ success rate achieved for 10 episodes!
[10-07 04:08:12] INFO: [HEALTH-CHECK-6350] Overall: NEEDS_IMPROVEMENT (score=0.400)
[10-07 04:08:12] INFO: ================================================================================
[10-07 04:08:15] INFO: [RL-EP-6351] (6351)
[10-07 04:08:18] INFO: [RL-EP-6352] (6352)
[10-07 04:08:21] INFO: [RL-EP-6353] (6353)
[10-07 04:08:25] INFO: [RL-EP-6354] (6354)
[10-07 04:08:28] INFO: [RL-EP-6355] roll=1.000/0.000/0.000
[10-07 04:08:31] INFO: [RL-EP-6356] (6356)
[10-07 04:08:35] INFO: [RL-EP-6357] (6357)
[10-07 04:08:38] INFO: [RL-EP-6358] (6358)
[10-07 04:08:41] INFO: [RL-EP-6359] (6359)
[10-07 04:08:45] INFO: [RL-EP-6360] roll=1.000/0.000/0.000
[10-07 04:08:48] INFO: [RL-EP-6361] (6361)
[10-07 04:08:51] INFO: [RL-EP-6362] (6362)
[10-07 04:08:54] INFO: [RL-EP-6363] (6363)
[10-07 04:08:57] INFO: [RL-EP-6364] (6364)
[10-07 04:09:00] INFO: [RL-EP-6365] roll=1.000/0.000/0.000
[10-07 04:09:03] INFO: [RL-EP-6366] (6366)
[10-07 04:09:07] INFO: [RL-EP-6367] (6367)
[10-07 04:09:10] INFO: [RL-EP-6368] (6368)
[10-07 04:09:13] INFO: [RL-EP-6369] (6369)
[10-07 04:09:16] INFO: [RL-EP-6370] roll=1.000/0.000/0.000
[10-07 04:09:19] INFO: [RL-EP-6371] (6371)
[10-07 04:09:23] INFO: [RL-EP-6372] (6372)
[10-07 04:09:26] INFO: [RL-EP-6373] (6373)
[10-07 04:09:29] INFO: [RL-EP-6374] (6374)
[10-07 04:09:32] INFO: [SARL-LOSS] ep=6375 value_loss=0.0143 epsilon=0.0500
[10-07 04:09:32] INFO: [STAT] ep=6375 | roll@25(s/c/t)=1.0/0.0/0.0 (1.00/0.00/0.00) | R.mean=0.6
[10-07 04:09:32] INFO: [METRICS-25] time=13.16s | dfreq=0.000 | ddist=0.000m
[10-07 04:09:33] INFO: [METRICS-PLOT] 3-metrics curve -> /root/bayes-vl-matched-20261006/crowd_nav/runs/bayes-matched-v1/bayes_mean-seed42-to8000/curves_3metrics.png
[10-07 04:09:33] INFO: [RL-EP-6375] (6375/8000) s/c/t=1/0/0 qloss=0.0000 ploss=0.0000 buf=200000
[10-07 04:09:33] INFO:               cumulative s/c/t%: 100.0%/0.0%/0.0%
[10-07 04:09:33] INFO: [REPLAY-STORE] ok=3375 skip=0 steps=177047 buf=200000
[10-07 04:09:33] INFO: [STAGE0-MONITOR] timeout_ratio=0.000 (target: decrease over time)
[10-07 04:09:33] INFO: ================================================================================
[10-07 04:09:33] INFO: [MULTI-SCALE-6375] TARGET: peak=1.000 stable_90=10ep
[10-07 04:09:33] INFO: [MULTI-SCALE-6375] WINDOWS: short=1.000 med=1.000 long=1.000
[10-07 04:09:33] INFO: [MULTI-SCALE-6375] QUALITY: stability=0.800 learn_rate=0.00000
[10-07 04:09:33] INFO: [ACHIEVEMENT] Stable 90%+ success rate achieved for 10 episodes!
[10-07 04:09:33] INFO: [HEALTH-CHECK-6375] Overall: NEEDS_IMPROVEMENT (score=0.400)
[10-07 04:09:33] INFO: ================================================================================
[10-07 04:09:36] INFO: [RL-EP-6376] (6376)
[10-07 04:09:39] INFO: [RL-EP-6377] (6377)
[10-07 04:09:42] INFO: [RL-EP-6378] (6378)
[10-07 04:09:45] INFO: [RL-EP-6379] (6379)
[10-07 04:09:48] INFO: [RL-EP-6380] roll=1.000/0.000/0.000
[10-07 04:09:51] INFO: [RL-EP-6381] (6381)
[10-07 04:09:55] INFO: [RL-EP-6382] (6382)
[10-07 04:09:58] INFO: [RL-EP-6383] (6383)
[10-07 04:10:01] INFO: [RL-EP-6384] (6384)
[10-07 04:10:04] INFO: [RL-EP-6385] roll=1.000/0.000/0.000
[10-07 04:10:08] INFO: [RL-EP-6386] (6386)
[10-07 04:10:11] INFO: [RL-EP-6387] (6387)
[10-07 04:10:14] INFO: [RL-EP-6388] (6388)
[10-07 04:10:17] INFO: [RL-EP-6389] (6389)
[10-07 04:10:20] INFO: [RL-EP-6390] roll=1.000/0.000/0.000
[10-07 04:10:23] INFO: [RL-EP-6391] (6391)
[10-07 04:10:27] INFO: [RL-EP-6392] (6392)
[10-07 04:10:30] INFO: [RL-EP-6393] (6393)
[10-07 04:10:33] INFO: [RL-EP-6394] (6394)
[10-07 04:10:36] INFO: [RL-EP-6395] roll=1.000/0.000/0.000
[10-07 04:10:40] INFO: [RL-EP-6396] (6396)
[10-07 04:10:43] INFO: [RL-EP-6397] (6397)
[10-07 04:10:47] INFO: [RL-EP-6398] (6398)
[10-07 04:10:50] INFO: [RL-EP-6399] (6399)
[10-07 04:10:50] INFO: [CONFIG-CHECK] ep=6400 updates_per_ep=4 (from config)
[10-07 04:10:50] INFO: [SARL-EPSILON] ep=6400 epsilon=0.0500 (start=0.3, end=0.05, decay=1500)
[10-07 04:10:54] INFO: [SARL-REPLAY] ep=6400 buffer_size=200000 updates=4
[10-07 04:10:54] INFO: [SARL-LOSS] ep=6400 value_loss=0.0074 epsilon=0.0500
[10-07 04:10:54] INFO: [SARL-STATS] ep=6400 buffer_size=200000
[10-07 04:10:54] INFO: [STAT] ep=6400 | roll@25(s/c/t)=1.0/0.0/0.0 (1.00/0.00/0.00) | R.mean=0.6
[10-07 04:10:54] INFO: [METRICS-25] time=13.38s | dfreq=0.000 | ddist=0.000m
[10-07 04:10:54] INFO: [METRICS-PLOT] 3-metrics curve -> /root/bayes-vl-matched-20261006/crowd_nav/runs/bayes-matched-v1/bayes_mean-seed42-to8000/curves_3metrics.png
[10-07 04:10:54] INFO: [RL-EP-6400] (6400/8000) s/c/t=1/0/0 qloss=0.0000 ploss=0.0000 buf=200000
[10-07 04:10:54] INFO:               cumulative s/c/t%: 100.0%/0.0%/0.0%
[10-07 04:10:54] INFO: [REPLAY-STORE] ok=3400 skip=0 steps=178397 buf=200000
[10-07 04:10:54] INFO: [STAGE0-MONITOR] timeout_ratio=0.000 (target: decrease over time)
[10-07 04:10:54] INFO: [SOT-6400] REWARD succ=1.0/coll=-0.50 | GRID 5×16=80 | EVENTS s=1.00/c=0.00/t=0.00
[10-07 04:10:54] INFO: ================================================================================
[10-07 04:10:54] INFO: [MULTI-SCALE-6400] TARGET: peak=1.000 stable_90=10ep
[10-07 04:10:54] INFO: [MULTI-SCALE-6400] WINDOWS: short=1.000 med=1.000 long=1.000
[10-07 04:10:54] INFO: [MULTI-SCALE-6400] QUALITY: stability=0.800 learn_rate=0.00000
[10-07 04:10:54] INFO: [ACHIEVEMENT] Stable 90%+ success rate achieved for 10 episodes!
[10-07 04:10:54] INFO: [HEALTH-CHECK-6400] Overall: NEEDS_IMPROVEMENT (score=0.400)
[10-07 04:10:54] INFO: ================================================================================
[10-07 04:10:58] INFO: [RL-EP-6401] (6401)
[10-07 04:11:01] INFO: [RL-EP-6402] (6402)
[10-07 04:11:04] INFO: [RL-EP-6403] (6403)
[10-07 04:11:08] INFO: [RL-EP-6404] (6404)
[10-07 04:11:11] INFO: [RL-EP-6405] roll=1.000/0.000/0.000
[10-07 04:11:14] INFO: [RL-EP-6406] (6406)
[10-07 04:11:17] INFO: [RL-EP-6407] (6407)
[10-07 04:11:21] INFO: [RL-EP-6408] (6408)
[10-07 04:11:24] INFO: [RL-EP-6409] (6409)
[10-07 04:11:27] INFO: [RL-EP-6410] roll=1.000/0.000/0.000
[10-07 04:11:31] INFO: [RL-EP-6411] (6411)
[10-07 04:11:34] INFO: [RL-EP-6412] (6412)
[10-07 04:11:37] INFO: [RL-EP-6413] (6413)
[10-07 04:11:42] INFO: [RL-EP-6414] (6414)
[10-07 04:11:45] INFO: [RL-EP-6415] roll=1.000/0.000/0.000
[10-07 04:11:48] INFO: [RL-EP-6416] (6416)
[10-07 04:11:52] INFO: [RL-EP-6417] (6417)
[10-07 04:11:55] INFO: [RL-EP-6418] (6418)
[10-07 04:11:58] INFO: [RL-EP-6419] (6419)
[10-07 04:12:01] INFO: [RL-EP-6420] roll=1.000/0.000/0.000
[10-07 04:12:05] INFO: [RL-EP-6421] (6421)
[10-07 04:12:08] INFO: [RL-EP-6422] (6422)
[10-07 04:12:11] INFO: [RL-EP-6423] (6423)
[10-07 04:12:15] INFO: [RL-EP-6424] (6424)
[10-07 04:12:18] INFO: [SARL-LOSS] ep=6425 value_loss=0.0070 epsilon=0.0500
[10-07 04:12:18] INFO: [STAT] ep=6425 | roll@25(s/c/t)=1.0/0.0/0.0 (1.00/0.00/0.00) | R.mean=0.6
[10-07 04:12:18] INFO: [METRICS-25] time=13.81s | dfreq=0.000 | ddist=0.000m
[10-07 04:12:18] INFO: [METRICS-PLOT] 3-metrics curve -> /root/bayes-vl-matched-20261006/crowd_nav/runs/bayes-matched-v1/bayes_mean-seed42-to8000/curves_3metrics.png
[10-07 04:12:18] INFO: [RL-EP-6425] (6425/8000) s/c/t=1/0/0 qloss=0.0000 ploss=0.0000 buf=200000
[10-07 04:12:18] INFO:               cumulative s/c/t%: 100.0%/0.0%/0.0%
[10-07 04:12:18] INFO: [REPLAY-STORE] ok=3425 skip=0 steps=179810 buf=200000
[10-07 04:12:18] INFO: [STAGE0-MONITOR] timeout_ratio=0.000 (target: decrease over time)
[10-07 04:12:18] INFO: ================================================================================
[10-07 04:12:18] INFO: [MULTI-SCALE-6425] TARGET: peak=1.000 stable_90=10ep
[10-07 04:12:18] INFO: [MULTI-SCALE-6425] WINDOWS: short=1.000 med=1.000 long=1.000
[10-07 04:12:18] INFO: [MULTI-SCALE-6425] QUALITY: stability=0.800 learn_rate=0.00000
[10-07 04:12:18] INFO: [ACHIEVEMENT] Stable 90%+ success rate achieved for 10 episodes!
[10-07 04:12:18] INFO: [HEALTH-CHECK-6425] Overall: NEEDS_IMPROVEMENT (score=0.400)
[10-07 04:12:18] INFO: ================================================================================
[10-07 04:12:21] INFO: [RL-EP-6426] (6426)
[10-07 04:12:25] INFO: [RL-EP-6427] (6427)
[10-07 04:12:28] INFO: [RL-EP-6428] (6428)
[10-07 04:12:31] INFO: [RL-EP-6429] (6429)
[10-07 04:12:34] INFO: [RL-EP-6430] roll=1.000/0.000/0.000
[10-07 04:12:38] INFO: [RL-EP-6431] (6431)
[10-07 04:12:41] INFO: [RL-EP-6432] (6432)
[10-07 04:12:44] INFO: [RL-EP-6433] (6433)
[10-07 04:12:48] INFO: [RL-EP-6434] (6434)
[10-07 04:12:51] INFO: [RL-EP-6435] roll=1.000/0.000/0.000
[10-07 04:12:54] INFO: [RL-EP-6436] (6436)
[10-07 04:12:58] INFO: [RL-EP-6437] (6437)
[10-07 04:13:01] INFO: [RL-EP-6438] (6438)
[10-07 04:13:04] INFO: [RL-EP-6439] (6439)
[10-07 04:13:07] INFO: [RL-EP-6440] roll=1.000/0.000/0.000
[10-07 04:13:11] INFO: [RL-EP-6441] (6441)
[10-07 04:13:14] INFO: [RL-EP-6442] (6442)
[10-07 04:13:18] INFO: [RL-EP-6443] (6443)
[10-07 04:13:21] INFO: [RL-EP-6444] (6444)
[10-07 04:13:24] INFO: [RL-EP-6445] roll=1.000/0.000/0.000
[10-07 04:13:27] INFO: [RL-EP-6446] (6446)
[10-07 04:13:30] INFO: [RL-EP-6447] (6447)
[10-07 04:13:34] INFO: [RL-EP-6448] (6448)
[10-07 04:13:37] INFO: [RL-EP-6449] (6449)
[10-07 04:13:37] INFO: [CONFIG-CHECK] ep=6450 updates_per_ep=4 (from config)
[10-07 04:13:40] INFO: [SARL-LOSS] ep=6450 value_loss=0.0165 epsilon=0.0500
[10-07 04:13:40] INFO: [STAT] ep=6450 | roll@25(s/c/t)=1.0/0.0/0.0 (1.00/0.00/0.00) | R.mean=0.6
[10-07 04:13:40] INFO: [METRICS-25] time=13.80s | dfreq=0.000 | ddist=0.000m
[10-07 04:13:40] INFO: [METRICS-PLOT] 3-metrics curve -> /root/bayes-vl-matched-20261006/crowd_nav/runs/bayes-matched-v1/bayes_mean-seed42-to8000/curves_3metrics.png
[10-07 04:13:40] INFO: [RL-EP-6450] (6450/8000) s/c/t=1/0/0 qloss=0.0000 ploss=0.0000 buf=200000
[10-07 04:13:40] INFO:               cumulative s/c/t%: 100.0%/0.0%/0.0%
[10-07 04:13:40] INFO: [REPLAY-STORE] ok=3450 skip=0 steps=181157 buf=200000
[10-07 04:13:40] INFO: [STAGE0-MONITOR] timeout_ratio=0.000 (target: decrease over time)
[10-07 04:13:40] INFO: ================================================================================
[10-07 04:13:40] INFO: [MULTI-SCALE-6450] TARGET: peak=1.000 stable_90=10ep
[10-07 04:13:40] INFO: [MULTI-SCALE-6450] WINDOWS: short=1.000 med=1.000 long=1.000
[10-07 04:13:40] INFO: [MULTI-SCALE-6450] QUALITY: stability=0.800 learn_rate=0.00000
[10-07 04:13:40] INFO: [ACHIEVEMENT] Stable 90%+ success rate achieved for 10 episodes!
[10-07 04:13:40] INFO: [HEALTH-CHECK-6450] Overall: NEEDS_IMPROVEMENT (score=0.400)
[10-07 04:13:40] INFO: ================================================================================
[10-07 04:13:44] INFO: [RL-EP-6451] (6451)
[10-07 04:13:47] INFO: [RL-EP-6452] (6452)
[10-07 04:13:50] INFO: [RL-EP-6453] (6453)
[10-07 04:13:54] INFO: [RL-EP-6454] (6454)
[10-07 04:13:57] INFO: [RL-EP-6455] roll=1.000/0.000/0.000
[10-07 04:14:00] INFO: [RL-EP-6456] (6456)
[10-07 04:14:04] INFO: [RL-EP-6457] (6457)
[10-07 04:14:07] INFO: [RL-EP-6458] (6458)
[10-07 04:14:10] INFO: [RL-EP-6459] (6459)
[10-07 04:14:13] INFO: [RL-EP-6460] roll=1.000/0.000/0.000
[10-07 04:14:16] INFO: [RL-EP-6461] (6461)
[10-07 04:14:20] INFO: [RL-EP-6462] (6462)
[10-07 04:14:23] INFO: [RL-EP-6463] (6463)
[10-07 04:14:26] INFO: [RL-EP-6464] (6464)
[10-07 04:14:29] INFO: [RL-EP-6465] roll=1.000/0.000/0.000
[10-07 04:14:33] INFO: [RL-EP-6466] (6466)
[10-07 04:14:36] INFO: [RL-EP-6467] (6467)
[10-07 04:14:39] INFO: [RL-EP-6468] (6468)
[10-07 04:14:43] INFO: [RL-EP-6469] (6469)
[10-07 04:14:46] INFO: [RL-EP-6470] roll=1.000/0.000/0.000
[10-07 04:14:49] INFO: [RL-EP-6471] (6471)
[10-07 04:14:52] INFO: [RL-EP-6472] (6472)
[10-07 04:14:56] INFO: [RL-EP-6473] (6473)
[10-07 04:14:59] INFO: [RL-EP-6474] (6474)
[10-07 04:15:02] INFO: [SARL-LOSS] ep=6475 value_loss=0.0075 epsilon=0.0500
[10-07 04:15:02] INFO: [STAT] ep=6475 | roll@25(s/c/t)=1.0/0.0/0.0 (1.00/0.00/0.00) | R.mean=0.6
[10-07 04:15:02] INFO: [METRICS-25] time=13.36s | dfreq=0.000 | ddist=0.000m
[10-07 04:15:03] INFO: [METRICS-PLOT] 3-metrics curve -> /root/bayes-vl-matched-20261006/crowd_nav/runs/bayes-matched-v1/bayes_mean-seed42-to8000/curves_3metrics.png
[10-07 04:15:03] INFO: [RL-EP-6475] (6475/8000) s/c/t=1/0/0 qloss=0.0000 ploss=0.0000 buf=200000
[10-07 04:15:03] INFO:               cumulative s/c/t%: 100.0%/0.0%/0.0%
[10-07 04:15:03] INFO: [REPLAY-STORE] ok=3475 skip=0 steps=182482 buf=200000
[10-07 04:15:03] INFO: [STAGE0-MONITOR] timeout_ratio=0.000 (target: decrease over time)
[10-07 04:15:03] INFO: ================================================================================
[10-07 04:15:03] INFO: [MULTI-SCALE-6475] TARGET: peak=1.000 stable_90=10ep
[10-07 04:15:03] INFO: [MULTI-SCALE-6475] WINDOWS: short=1.000 med=1.000 long=1.000
[10-07 04:15:03] INFO: [MULTI-SCALE-6475] QUALITY: stability=0.800 learn_rate=0.00000
[10-07 04:15:03] INFO: [ACHIEVEMENT] Stable 90%+ success rate achieved for 10 episodes!
[10-07 04:15:03] INFO: [HEALTH-CHECK-6475] Overall: NEEDS_IMPROVEMENT (score=0.400)
[10-07 04:15:03] INFO: ================================================================================
[10-07 04:15:06] INFO: [RL-EP-6476] (6476)
[10-07 04:15:09] INFO: [RL-EP-6477] (6477)
[10-07 04:15:12] INFO: [RL-EP-6478] (6478)
[10-07 04:15:16] INFO: [RL-EP-6479] (6479)
[10-07 04:15:19] INFO: [RL-EP-6480] roll=1.000/0.000/0.000
[10-07 04:15:22] INFO: [RL-EP-6481] (6481)
[10-07 04:15:25] INFO: [RL-EP-6482] (6482)
[10-07 04:15:28] INFO: [RL-EP-6483] (6483)
[10-07 04:15:32] INFO: [RL-EP-6484] (6484)
[10-07 04:15:35] INFO: [RL-EP-6485] roll=1.000/0.000/0.000
[10-07 04:15:38] INFO: [RL-EP-6486] (6486)
[10-07 04:15:41] INFO: [RL-EP-6487] (6487)
[10-07 04:15:44] INFO: [RL-EP-6488] (6488)
[10-07 04:15:48] INFO: [RL-EP-6489] (6489)
[10-07 04:15:51] INFO: [RL-EP-6490] roll=1.000/0.000/0.000
[10-07 04:15:54] INFO: [RL-EP-6491] (6491)
[10-07 04:15:57] INFO: [RL-EP-6492] (6492)
[10-07 04:16:00] INFO: [RL-EP-6493] (6493)
[10-07 04:16:03] INFO: [RL-EP-6494] (6494)
[10-07 04:16:07] INFO: [RL-EP-6495] roll=1.000/0.000/0.000
[10-07 04:16:10] INFO: [RL-EP-6496] (6496)
[10-07 04:16:13] INFO: [RL-EP-6497] (6497)
[10-07 04:16:16] INFO: [RL-EP-6498] (6498)
[10-07 04:16:20] INFO: [RL-EP-6499] (6499)
[10-07 04:16:20] INFO: [CONFIG-CHECK] ep=6500 updates_per_ep=4 (from config)
[10-07 04:16:20] INFO: [SARL-EPSILON] ep=6500 epsilon=0.0500 (start=0.3, end=0.05, decay=1500)
[10-07 04:16:23] INFO: [SARL-REPLAY] ep=6500 buffer_size=200000 updates=4
[10-07 04:16:23] INFO: [SARL-LOSS] ep=6500 value_loss=0.0083 epsilon=0.0500
[10-07 04:16:23] INFO: [SARL-STATS] ep=6500 buffer_size=200000
[10-07 04:16:23] INFO: [STAT] ep=6500 | roll@25(s/c/t)=1.0/0.0/0.0 (1.00/0.00/0.00) | R.mean=0.6
[10-07 04:16:23] INFO: [METRICS-25] time=13.07s | dfreq=0.000 | ddist=0.000m
[10-07 04:16:23] INFO: [METRICS-PLOT] 3-metrics curve -> /root/bayes-vl-matched-20261006/crowd_nav/runs/bayes-matched-v1/bayes_mean-seed42-to8000/curves_3metrics.png
[10-07 04:16:23] INFO: [RL-EP-6500] (6500/8000) s/c/t=1/0/0 qloss=0.0000 ploss=0.0000 buf=200000
[10-07 04:16:23] INFO:               cumulative s/c/t%: 100.0%/0.0%/0.0%
[10-07 04:16:23] INFO: [REPLAY-STORE] ok=3500 skip=0 steps=183772 buf=200000
[10-07 04:16:23] INFO: [STAGE0-MONITOR] timeout_ratio=0.000 (target: decrease over time)
[10-07 04:16:23] INFO: [SOT-6500] REWARD succ=1.0/coll=-0.50 | GRID 5×16=80 | EVENTS s=1.00/c=0.00/t=0.00
[10-07 04:16:23] INFO: ================================================================================
[10-07 04:16:23] INFO: [MULTI-SCALE-6500] TARGET: peak=1.000 stable_90=10ep
[10-07 04:16:23] INFO: [MULTI-SCALE-6500] WINDOWS: short=1.000 med=1.000 long=1.000
[10-07 04:16:23] INFO: [MULTI-SCALE-6500] QUALITY: stability=0.800 learn_rate=0.00000
[10-07 04:16:23] INFO: [ACHIEVEMENT] Stable 90%+ success rate achieved for 10 episodes!
[10-07 04:16:23] INFO: [HEALTH-CHECK-6500] Overall: NEEDS_IMPROVEMENT (score=0.400)
[10-07 04:16:23] INFO: ================================================================================
[10-07 04:16:24] INFO: [RL-SAVE] sarl checkpoint -> /root/bayes-vl-matched-20261006/crowd_nav/runs/bayes-matched-v1/bayes_mean-seed42-to8000/rl_model_ep6500.pth
[10-07 04:16:24] INFO: [RL-SAVE] Saved components: policy, target network, optimizer
[10-07 04:16:27] INFO: [RL-EP-6501] (6501)
[10-07 04:16:30] INFO: [RL-EP-6502] (6502)
[10-07 04:16:33] INFO: [RL-EP-6503] (6503)
[10-07 04:16:37] INFO: [RL-EP-6504] (6504)
[10-07 04:16:40] INFO: [RL-EP-6505] roll=1.000/0.000/0.000
[10-07 04:16:43] INFO: [RL-EP-6506] (6506)
[10-07 04:16:46] INFO: [RL-EP-6507] (6507)
[10-07 04:16:49] INFO: [RL-EP-6508] (6508)
[10-07 04:16:52] INFO: [RL-EP-6509] (6509)
[10-07 04:16:56] INFO: [RL-EP-6510] roll=1.000/0.000/0.000
[10-07 04:16:59] INFO: [RL-EP-6511] (6511)
[10-07 04:17:02] INFO: [RL-EP-6512] (6512)
[10-07 04:17:05] INFO: [RL-EP-6513] (6513)
[10-07 04:17:09] INFO: [RL-EP-6514] (6514)
[10-07 04:17:12] INFO: [RL-EP-6515] roll=1.000/0.000/0.000
[10-07 04:17:15] INFO: [RL-EP-6516] (6516)
[10-07 04:17:18] INFO: [RL-EP-6517] (6517)
[10-07 04:17:21] INFO: [RL-EP-6518] (6518)
[10-07 04:17:24] INFO: [RL-EP-6519] (6519)
[10-07 04:17:27] INFO: [RL-EP-6520] roll=1.000/0.000/0.000
[10-07 04:17:31] INFO: [RL-EP-6521] (6521)
[10-07 04:17:34] INFO: [RL-EP-6522] (6522)
[10-07 04:17:37] INFO: [RL-EP-6523] (6523)
[10-07 04:17:40] INFO: [RL-EP-6524] (6524)
[10-07 04:17:43] INFO: [SARL-LOSS] ep=6525 value_loss=0.0065 epsilon=0.0500
[10-07 04:17:43] INFO: [STAT] ep=6525 | roll@25(s/c/t)=1.0/0.0/0.0 (1.00/0.00/0.00) | R.mean=0.6
[10-07 04:17:43] INFO: [METRICS-25] time=12.81s | dfreq=0.000 | ddist=0.000m
[10-07 04:17:44] INFO: [METRICS-PLOT] 3-metrics curve -> /root/bayes-vl-matched-20261006/crowd_nav/runs/bayes-matched-v1/bayes_mean-seed42-to8000/curves_3metrics.png
[10-07 04:17:44] INFO: [RL-EP-6525] (6525/8000) s/c/t=1/0/0 qloss=0.0000 ploss=0.0000 buf=200000
[10-07 04:17:44] INFO:               cumulative s/c/t%: 100.0%/0.0%/0.0%
[10-07 04:17:44] INFO: [REPLAY-STORE] ok=3525 skip=0 steps=185045 buf=200000
[10-07 04:17:44] INFO: [STAGE0-MONITOR] timeout_ratio=0.000 (target: decrease over time)
[10-07 04:17:44] INFO: ================================================================================
[10-07 04:17:44] INFO: [MULTI-SCALE-6525] TARGET: peak=1.000 stable_90=10ep
[10-07 04:17:44] INFO: [MULTI-SCALE-6525] WINDOWS: short=1.000 med=1.000 long=1.000
[10-07 04:17:44] INFO: [MULTI-SCALE-6525] QUALITY: stability=0.800 learn_rate=0.00000
[10-07 04:17:44] INFO: [ACHIEVEMENT] Stable 90%+ success rate achieved for 10 episodes!
[10-07 04:17:44] INFO: [HEALTH-CHECK-6525] Overall: NEEDS_IMPROVEMENT (score=0.400)
[10-07 04:17:44] INFO: ================================================================================
[10-07 04:17:47] INFO: [RL-EP-6526] (6526)
[10-07 04:17:50] INFO: [RL-EP-6527] (6527)
[10-07 04:17:53] INFO: [RL-EP-6528] (6528)
[10-07 04:17:57] INFO: [RL-EP-6529] (6529)
[10-07 04:18:00] INFO: [RL-EP-6530] roll=1.000/0.000/0.000
[10-07 04:18:03] INFO: [RL-EP-6531] (6531)
[10-07 04:18:06] INFO: [RL-EP-6532] (6532)
[10-07 04:18:10] INFO: [RL-EP-6533] (6533)
[10-07 04:18:13] INFO: [RL-EP-6534] (6534)
[10-07 04:18:16] INFO: [RL-EP-6535] roll=1.000/0.000/0.000
[10-07 04:18:19] INFO: [RL-EP-6536] (6536)
[10-07 04:18:23] INFO: [RL-EP-6537] (6537)
[10-07 04:18:26] INFO: [RL-EP-6538] (6538)
[10-07 04:18:29] INFO: [RL-EP-6539] (6539)
[10-07 04:18:32] INFO: [RL-EP-6540] roll=1.000/0.000/0.000
[10-07 04:18:36] INFO: [RL-EP-6541] (6541)
[10-07 04:18:39] INFO: [RL-EP-6542] (6542)
[10-07 04:18:42] INFO: [RL-EP-6543] (6543)
[10-07 04:18:45] INFO: [RL-EP-6544] (6544)
[10-07 04:18:48] INFO: [RL-EP-6545] roll=1.000/0.000/0.000
[10-07 04:18:52] INFO: [RL-EP-6546] (6546)
[10-07 04:18:55] INFO: [RL-EP-6547] (6547)
[10-07 04:18:58] INFO: [RL-EP-6548] (6548)
[10-07 04:19:01] INFO: [RL-EP-6549] (6549)
[10-07 04:19:01] INFO: [CONFIG-CHECK] ep=6550 updates_per_ep=4 (from config)
[10-07 04:19:04] INFO: [SARL-LOSS] ep=6550 value_loss=0.0115 epsilon=0.0500
[10-07 04:19:04] INFO: [STAT] ep=6550 | roll@25(s/c/t)=1.0/0.0/0.0 (1.00/0.00/0.00) | R.mean=0.6
[10-07 04:19:04] INFO: [METRICS-25] time=12.74s | dfreq=0.000 | ddist=0.000m
[10-07 04:19:04] INFO: [METRICS-PLOT] 3-metrics curve -> /root/bayes-vl-matched-20261006/crowd_nav/runs/bayes-matched-v1/bayes_mean-seed42-to8000/curves_3metrics.png
[10-07 04:19:04] INFO: [RL-EP-6550] (6550/8000) s/c/t=1/0/0 qloss=0.0000 ploss=0.0000 buf=200000
[10-07 04:19:04] INFO:               cumulative s/c/t%: 100.0%/0.0%/0.0%
[10-07 04:19:04] INFO: [REPLAY-STORE] ok=3550 skip=0 steps=186321 buf=200000
[10-07 04:19:04] INFO: [STAGE0-MONITOR] timeout_ratio=0.000 (target: decrease over time)
[10-07 04:19:04] INFO: ================================================================================
[10-07 04:19:04] INFO: [MULTI-SCALE-6550] TARGET: peak=1.000 stable_90=10ep
[10-07 04:19:04] INFO: [MULTI-SCALE-6550] WINDOWS: short=1.000 med=1.000 long=1.000
[10-07 04:19:04] INFO: [MULTI-SCALE-6550] QUALITY: stability=0.800 learn_rate=0.00000
[10-07 04:19:04] INFO: [ACHIEVEMENT] Stable 90%+ success rate achieved for 10 episodes!
[10-07 04:19:04] INFO: [HEALTH-CHECK-6550] Overall: NEEDS_IMPROVEMENT (score=0.400)
[10-07 04:19:04] INFO: ================================================================================
[10-07 04:19:08] INFO: [RL-EP-6551] (6551)
[10-07 04:19:11] INFO: [RL-EP-6552] (6552)
[10-07 04:19:14] INFO: [RL-EP-6553] (6553)
[10-07 04:19:18] INFO: [RL-EP-6554] (6554)
[10-07 04:19:22] INFO: [RL-EP-6555] roll=1.000/0.000/0.000
[10-07 04:19:25] INFO: [RL-EP-6556] (6556)
[10-07 04:19:28] INFO: [RL-EP-6557] (6557)
[10-07 04:19:31] INFO: [RL-EP-6558] (6558)
[10-07 04:19:34] INFO: [RL-EP-6559] (6559)
[10-07 04:19:38] INFO: [RL-EP-6560] roll=1.000/0.000/0.000
[10-07 04:19:41] INFO: [RL-EP-6561] (6561)
[10-07 04:19:44] INFO: [RL-EP-6562] (6562)
[10-07 04:19:47] INFO: [RL-EP-6563] (6563)
[10-07 04:19:51] INFO: [RL-EP-6564] (6564)
[10-07 04:19:54] INFO: [RL-EP-6565] roll=1.000/0.000/0.000
[10-07 04:19:57] INFO: [RL-EP-6566] (6566)
[10-07 04:20:00] INFO: [RL-EP-6567] (6567)
[10-07 04:20:03] INFO: [RL-EP-6568] (6568)
[10-07 04:20:07] INFO: [RL-EP-6569] (6569)
[10-07 04:20:10] INFO: [RL-EP-6570] roll=1.000/0.000/0.000
[10-07 04:20:13] INFO: [RL-EP-6571] (6571)
[10-07 04:20:16] INFO: [RL-EP-6572] (6572)
[10-07 04:20:20] INFO: [RL-EP-6573] (6573)
[10-07 04:20:23] INFO: [RL-EP-6574] (6574)
[10-07 04:20:27] INFO: [SARL-LOSS] ep=6575 value_loss=0.0090 epsilon=0.0500
[10-07 04:20:27] INFO: [STAT] ep=6575 | roll@25(s/c/t)=1.0/0.0/0.0 (1.00/0.00/0.00) | R.mean=0.6
[10-07 04:20:27] INFO: [METRICS-25] time=13.32s | dfreq=0.000 | ddist=0.000m
[10-07 04:20:27] INFO: [METRICS-PLOT] 3-metrics curve -> /root/bayes-vl-matched-20261006/crowd_nav/runs/bayes-matched-v1/bayes_mean-seed42-to8000/curves_3metrics.png
[10-07 04:20:27] INFO: [RL-EP-6575] (6575/8000) s/c/t=1/0/0 qloss=0.0000 ploss=0.0000 buf=200000
[10-07 04:20:27] INFO:               cumulative s/c/t%: 100.0%/0.0%/0.0%
[10-07 04:20:27] INFO: [REPLAY-STORE] ok=3575 skip=0 steps=187710 buf=200000
[10-07 04:20:27] INFO: [STAGE0-MONITOR] timeout_ratio=0.000 (target: decrease over time)
[10-07 04:20:27] INFO: ================================================================================
[10-07 04:20:27] INFO: [MULTI-SCALE-6575] TARGET: peak=1.000 stable_90=10ep
[10-07 04:20:27] INFO: [MULTI-SCALE-6575] WINDOWS: short=1.000 med=1.000 long=1.000
[10-07 04:20:27] INFO: [MULTI-SCALE-6575] QUALITY: stability=0.800 learn_rate=0.00000
[10-07 04:20:27] INFO: [ACHIEVEMENT] Stable 90%+ success rate achieved for 10 episodes!
[10-07 04:20:27] INFO: [HEALTH-CHECK-6575] Overall: NEEDS_IMPROVEMENT (score=0.400)
[10-07 04:20:27] INFO: ================================================================================
[10-07 04:20:31] INFO: [RL-EP-6576] (6576)
[10-07 04:20:34] INFO: [RL-EP-6577] (6577)
[10-07 04:20:37] INFO: [RL-EP-6578] (6578)
[10-07 04:20:41] INFO: [RL-EP-6579] (6579)
[10-07 04:20:44] INFO: [RL-EP-6580] roll=1.000/0.000/0.000
[10-07 04:20:47] INFO: [RL-EP-6581] (6581)
[10-07 04:20:50] INFO: [RL-EP-6582] (6582)
[10-07 04:20:53] INFO: [RL-EP-6583] (6583)
[10-07 04:20:56] INFO: [RL-EP-6584] (6584)
[10-07 04:21:00] INFO: [RL-EP-6585] roll=1.000/0.000/0.000
[10-07 04:21:03] INFO: [RL-EP-6586] (6586)
[10-07 04:21:06] INFO: [RL-EP-6587] (6587)
[10-07 04:21:09] INFO: [RL-EP-6588] (6588)
[10-07 04:21:13] INFO: [RL-EP-6589] (6589)
[10-07 04:21:16] INFO: [RL-EP-6590] roll=1.000/0.000/0.000
[10-07 04:21:19] INFO: [RL-EP-6591] (6591)
[10-07 04:21:23] INFO: [RL-EP-6592] (6592)
[10-07 04:21:26] INFO: [RL-EP-6593] (6593)
[10-07 04:21:29] INFO: [RL-EP-6594] (6594)
[10-07 04:21:32] INFO: [RL-EP-6595] roll=1.000/0.000/0.000
[10-07 04:21:36] INFO: [RL-EP-6596] (6596)
[10-07 04:21:39] INFO: [RL-EP-6597] (6597)
[10-07 04:21:42] INFO: [RL-EP-6598] (6598)
[10-07 04:21:46] INFO: [RL-EP-6599] (6599)
[10-07 04:21:46] INFO: [CONFIG-CHECK] ep=6600 updates_per_ep=4 (from config)
[10-07 04:21:46] INFO: [SARL-EPSILON] ep=6600 epsilon=0.0500 (start=0.3, end=0.05, decay=1500)
[10-07 04:21:49] INFO: [SARL-REPLAY] ep=6600 buffer_size=200000 updates=4
[10-07 04:21:49] INFO: [SARL-LOSS] ep=6600 value_loss=0.0109 epsilon=0.0500
[10-07 04:21:49] INFO: [SARL-STATS] ep=6600 buffer_size=200000
[10-07 04:21:49] INFO: [STAT] ep=6600 | roll@25(s/c/t)=1.0/0.0/0.0 (1.00/0.00/0.00) | R.mean=0.6
[10-07 04:21:49] INFO: [METRICS-25] time=13.66s | dfreq=0.000 | ddist=0.000m
[10-07 04:21:50] INFO: [METRICS-PLOT] 3-metrics curve -> /root/bayes-vl-matched-20261006/crowd_nav/runs/bayes-matched-v1/bayes_mean-seed42-to8000/curves_3metrics.png
[10-07 04:21:50] INFO: [RL-EP-6600] (6600/8000) s/c/t=1/0/0 qloss=0.0000 ploss=0.0000 buf=200000
[10-07 04:21:50] INFO:               cumulative s/c/t%: 100.0%/0.0%/0.0%
[10-07 04:21:50] INFO: [REPLAY-STORE] ok=3600 skip=0 steps=189053 buf=200000
[10-07 04:21:50] INFO: [STAGE0-MONITOR] timeout_ratio=0.000 (target: decrease over time)
[10-07 04:21:50] INFO: [SOT-6600] REWARD succ=1.0/coll=-0.50 | GRID 5×16=80 | EVENTS s=1.00/c=0.00/t=0.00
[10-07 04:21:50] INFO: ================================================================================
[10-07 04:21:50] INFO: [MULTI-SCALE-6600] TARGET: peak=1.000 stable_90=10ep
[10-07 04:21:50] INFO: [MULTI-SCALE-6600] WINDOWS: short=1.000 med=1.000 long=1.000
[10-07 04:21:50] INFO: [MULTI-SCALE-6600] QUALITY: stability=0.800 learn_rate=0.00000
[10-07 04:21:50] INFO: [ACHIEVEMENT] Stable 90%+ success rate achieved for 10 episodes!
[10-07 04:21:50] INFO: [HEALTH-CHECK-6600] Overall: NEEDS_IMPROVEMENT (score=0.400)
[10-07 04:21:50] INFO: ================================================================================
[10-07 04:21:53] INFO: [RL-EP-6601] (6601)
[10-07 04:21:56] INFO: [RL-EP-6602] (6602)
[10-07 04:21:59] INFO: [RL-EP-6603] (6603)
[10-07 04:22:02] INFO: [RL-EP-6604] (6604)
[10-07 04:22:06] INFO: [RL-EP-6605] roll=1.000/0.000/0.000
[10-07 04:22:09] INFO: [RL-EP-6606] (6606)
[10-07 04:22:12] INFO: [RL-EP-6607] (6607)
[10-07 04:22:15] INFO: [RL-EP-6608] (6608)
[10-07 04:22:18] INFO: [RL-EP-6609] (6609)
[10-07 04:22:22] INFO: [RL-EP-6610] roll=1.000/0.000/0.000
[10-07 04:22:25] INFO: [RL-EP-6611] (6611)
[10-07 04:22:28] INFO: [RL-EP-6612] (6612)
[10-07 04:22:32] INFO: [RL-EP-6613] (6613)
[10-07 04:22:35] INFO: [RL-EP-6614] (6614)
[10-07 04:22:38] INFO: [RL-EP-6615] roll=1.000/0.000/0.000
[10-07 04:22:41] INFO: [RL-EP-6616] (6616)
[10-07 04:22:45] INFO: [RL-EP-6617] (6617)
[10-07 04:22:48] INFO: [RL-EP-6618] (6618)
[10-07 04:22:52] INFO: [RL-EP-6619] (6619)
[10-07 04:22:55] INFO: [RL-EP-6620] roll=1.000/0.000/0.000
[10-07 04:22:58] INFO: [RL-EP-6621] (6621)
[10-07 04:23:01] INFO: [RL-EP-6622] (6622)
[10-07 04:23:04] INFO: [RL-EP-6623] (6623)
[10-07 04:23:08] INFO: [RL-EP-6624] (6624)
[10-07 04:23:11] INFO: [SARL-LOSS] ep=6625 value_loss=0.0044 epsilon=0.0500
[10-07 04:23:11] INFO: [STAT] ep=6625 | roll@25(s/c/t)=1.0/0.0/0.0 (1.00/0.00/0.00) | R.mean=0.6
[10-07 04:23:11] INFO: [METRICS-25] time=13.28s | dfreq=0.000 | ddist=0.000m
[10-07 04:23:11] INFO: [METRICS-PLOT] 3-metrics curve -> /root/bayes-vl-matched-20261006/crowd_nav/runs/bayes-matched-v1/bayes_mean-seed42-to8000/curves_3metrics.png
[10-07 04:23:11] INFO: [RL-EP-6625] (6625/8000) s/c/t=1/0/0 qloss=0.0000 ploss=0.0000 buf=200000
[10-07 04:23:11] INFO:               cumulative s/c/t%: 100.0%/0.0%/0.0%
[10-07 04:23:11] INFO: [REPLAY-STORE] ok=3625 skip=0 steps=190366 buf=200000
[10-07 04:23:11] INFO: [STAGE0-MONITOR] timeout_ratio=0.000 (target: decrease over time)
[10-07 04:23:11] INFO: ================================================================================
[10-07 04:23:11] INFO: [MULTI-SCALE-6625] TARGET: peak=1.000 stable_90=10ep
[10-07 04:23:11] INFO: [MULTI-SCALE-6625] WINDOWS: short=1.000 med=1.000 long=1.000
[10-07 04:23:11] INFO: [MULTI-SCALE-6625] QUALITY: stability=0.800 learn_rate=0.00000
[10-07 04:23:11] INFO: [ACHIEVEMENT] Stable 90%+ success rate achieved for 10 episodes!
[10-07 04:23:11] INFO: [HEALTH-CHECK-6625] Overall: NEEDS_IMPROVEMENT (score=0.400)
[10-07 04:23:11] INFO: ================================================================================
[10-07 04:23:15] INFO: [RL-EP-6626] (6626)
[10-07 04:23:19] INFO: [RL-EP-6627] (6627)
[10-07 04:23:22] INFO: [RL-EP-6628] (6628)
[10-07 04:23:25] INFO: [RL-EP-6629] (6629)
[10-07 04:23:29] INFO: [RL-EP-6630] roll=1.000/0.000/0.000
[10-07 04:23:32] INFO: [RL-EP-6631] (6631)
[10-07 04:23:36] INFO: [RL-EP-6632] (6632)
[10-07 04:23:39] INFO: [RL-EP-6633] (6633)
[10-07 04:23:42] INFO: [RL-EP-6634] (6634)
[10-07 04:23:45] INFO: [RL-EP-6635] roll=1.000/0.000/0.000
[10-07 04:23:49] INFO: [RL-EP-6636] (6636)
[10-07 04:23:52] INFO: [RL-EP-6637] (6637)
[10-07 04:23:56] INFO: [RL-EP-6638] (6638)
[10-07 04:23:59] INFO: [RL-EP-6639] (6639)
[10-07 04:24:03] INFO: [RL-EP-6640] roll=1.000/0.000/0.000
[10-07 04:24:06] INFO: [RL-EP-6641] (6641)
[10-07 04:24:09] INFO: [RL-EP-6642] (6642)
[10-07 04:24:12] INFO: [RL-EP-6643] (6643)
[10-07 04:24:16] INFO: [RL-EP-6644] (6644)
[10-07 04:24:19] INFO: [RL-EP-6645] roll=1.000/0.000/0.000
[10-07 04:24:22] INFO: [RL-EP-6646] (6646)
[10-07 04:24:26] INFO: [RL-EP-6647] (6647)
[10-07 04:24:29] INFO: [RL-EP-6648] (6648)
[10-07 04:24:32] INFO: [RL-EP-6649] (6649)
[10-07 04:24:32] INFO: [CONFIG-CHECK] ep=6650 updates_per_ep=4 (from config)
[10-07 04:24:36] INFO: [SARL-LOSS] ep=6650 value_loss=0.0071 epsilon=0.0500
[10-07 04:24:36] INFO: [STAT] ep=6650 | roll@25(s/c/t)=1.0/0.0/0.0 (1.00/0.00/0.00) | R.mean=0.6
[10-07 04:24:36] INFO: [METRICS-25] time=13.55s | dfreq=0.000 | ddist=0.000m
[10-07 04:24:36] INFO: [METRICS-PLOT] 3-metrics curve -> /root/bayes-vl-matched-20261006/crowd_nav/runs/bayes-matched-v1/bayes_mean-seed42-to8000/curves_3metrics.png
[10-07 04:24:36] INFO: [RL-EP-6650] (6650/8000) s/c/t=1/0/0 qloss=0.0000 ploss=0.0000 buf=200000
[10-07 04:24:36] INFO:               cumulative s/c/t%: 100.0%/0.0%/0.0%
[10-07 04:24:36] INFO: [REPLAY-STORE] ok=3650 skip=0 steps=191763 buf=200000
[10-07 04:24:36] INFO: [STAGE0-MONITOR] timeout_ratio=0.000 (target: decrease over time)
[10-07 04:24:36] INFO: ================================================================================
[10-07 04:24:36] INFO: [MULTI-SCALE-6650] TARGET: peak=1.000 stable_90=10ep
[10-07 04:24:36] INFO: [MULTI-SCALE-6650] WINDOWS: short=1.000 med=1.000 long=1.000
[10-07 04:24:36] INFO: [MULTI-SCALE-6650] QUALITY: stability=0.800 learn_rate=0.00000
[10-07 04:24:36] INFO: [ACHIEVEMENT] Stable 90%+ success rate achieved for 10 episodes!
[10-07 04:24:36] INFO: [HEALTH-CHECK-6650] Overall: NEEDS_IMPROVEMENT (score=0.400)
[10-07 04:24:36] INFO: ================================================================================
[10-07 04:24:39] INFO: [RL-EP-6651] (6651)
[10-07 04:24:43] INFO: [RL-EP-6652] (6652)
[10-07 04:24:46] INFO: [RL-EP-6653] (6653)
[10-07 04:24:49] INFO: [RL-EP-6654] (6654)
[10-07 04:24:53] INFO: [RL-EP-6655] roll=1.000/0.000/0.000
[10-07 04:24:56] INFO: [RL-EP-6656] (6656)
[10-07 04:25:00] INFO: [RL-EP-6657] (6657)
[10-07 04:25:03] INFO: [RL-EP-6658] (6658)
[10-07 04:25:06] INFO: [RL-EP-6659] (6659)
[10-07 04:25:09] INFO: [RL-EP-6660] roll=1.000/0.000/0.000
[10-07 04:25:12] INFO: [RL-EP-6661] (6661)
[10-07 04:25:16] INFO: [RL-EP-6662] (6662)
[10-07 04:25:19] INFO: [RL-EP-6663] (6663)
[10-07 04:25:22] INFO: [RL-EP-6664] (6664)
[10-07 04:25:25] INFO: [RL-EP-6665] roll=1.000/0.000/0.000
[10-07 04:25:28] INFO: [RL-EP-6666] (6666)
[10-07 04:25:31] INFO: [RL-EP-6667] (6667)
[10-07 04:25:35] INFO: [RL-EP-6668] (6668)
[10-07 04:25:38] INFO: [RL-EP-6669] (6669)
[10-07 04:25:41] INFO: [RL-EP-6670] roll=1.000/0.000/0.000
[10-07 04:25:44] INFO: [RL-EP-6671] (6671)
[10-07 04:25:48] INFO: [RL-EP-6672] (6672)
[10-07 04:25:51] INFO: [RL-EP-6673] (6673)
[10-07 04:25:54] INFO: [RL-EP-6674] (6674)
[10-07 04:25:57] INFO: [SARL-LOSS] ep=6675 value_loss=0.0053 epsilon=0.0500
[10-07 04:25:57] INFO: [STAT] ep=6675 | roll@25(s/c/t)=1.0/0.0/0.0 (1.00/0.00/0.00) | R.mean=0.6
[10-07 04:25:57] INFO: [METRICS-25] time=13.65s | dfreq=0.000 | ddist=0.000m
[10-07 04:25:58] INFO: [METRICS-PLOT] 3-metrics curve -> /root/bayes-vl-matched-20261006/crowd_nav/runs/bayes-matched-v1/bayes_mean-seed42-to8000/curves_3metrics.png
[10-07 04:25:58] INFO: [RL-EP-6675] (6675/8000) s/c/t=1/0/0 qloss=0.0000 ploss=0.0000 buf=200000
[10-07 04:25:58] INFO:               cumulative s/c/t%: 100.0%/0.0%/0.0%
[10-07 04:25:58] INFO: [REPLAY-STORE] ok=3675 skip=0 steps=193096 buf=200000
[10-07 04:25:58] INFO: [STAGE0-MONITOR] timeout_ratio=0.000 (target: decrease over time)
[10-07 04:25:58] INFO: ================================================================================
[10-07 04:25:58] INFO: [MULTI-SCALE-6675] TARGET: peak=1.000 stable_90=10ep
[10-07 04:25:58] INFO: [MULTI-SCALE-6675] WINDOWS: short=1.000 med=1.000 long=1.000
[10-07 04:25:58] INFO: [MULTI-SCALE-6675] QUALITY: stability=0.800 learn_rate=0.00000
[10-07 04:25:58] INFO: [ACHIEVEMENT] Stable 90%+ success rate achieved for 10 episodes!
[10-07 04:25:58] INFO: [HEALTH-CHECK-6675] Overall: NEEDS_IMPROVEMENT (score=0.400)
[10-07 04:25:58] INFO: ================================================================================
[10-07 04:26:01] INFO: [RL-EP-6676] (6676)
[10-07 04:26:05] INFO: [RL-EP-6677] (6677)
[10-07 04:26:08] INFO: [RL-EP-6678] (6678)
[10-07 04:26:11] INFO: [RL-EP-6679] (6679)
[10-07 04:26:14] INFO: [RL-EP-6680] roll=1.000/0.000/0.000
[10-07 04:26:18] INFO: [RL-EP-6681] (6681)
[10-07 04:26:21] INFO: [RL-EP-6682] (6682)
[10-07 04:26:24] INFO: [RL-EP-6683] (6683)
[10-07 04:26:28] INFO: [RL-EP-6684] (6684)
[10-07 04:26:31] INFO: [RL-EP-6685] roll=1.000/0.000/0.000
[10-07 04:26:34] INFO: [RL-EP-6686] (6686)
[10-07 04:26:39] INFO: [RL-EP-6687] (6687)
[10-07 04:26:42] INFO: [RL-EP-6688] (6688)
[10-07 04:26:45] INFO: [RL-EP-6689] (6689)
[10-07 04:26:48] INFO: [RL-EP-6690] roll=1.000/0.000/0.000
[10-07 04:26:52] INFO: [RL-EP-6691] (6691)
[10-07 04:26:55] INFO: [RL-EP-6692] (6692)
[10-07 04:26:58] INFO: [RL-EP-6693] (6693)
[10-07 04:27:01] INFO: [RL-EP-6694] (6694)
[10-07 04:27:05] INFO: [RL-EP-6695] roll=1.000/0.000/0.000
[10-07 04:27:08] INFO: [RL-EP-6696] (6696)
[10-07 04:27:11] INFO: [RL-EP-6697] (6697)
[10-07 04:27:14] INFO: [RL-EP-6698] (6698)
[10-07 04:27:18] INFO: [RL-EP-6699] (6699)
[10-07 04:27:18] INFO: [CONFIG-CHECK] ep=6700 updates_per_ep=4 (from config)
[10-07 04:27:18] INFO: [SARL-EPSILON] ep=6700 epsilon=0.0500 (start=0.3, end=0.05, decay=1500)
[10-07 04:27:21] INFO: [SARL-REPLAY] ep=6700 buffer_size=200000 updates=4
[10-07 04:27:21] INFO: [SARL-LOSS] ep=6700 value_loss=0.0105 epsilon=0.0500
[10-07 04:27:21] INFO: [SARL-STATS] ep=6700 buffer_size=200000
[10-07 04:27:21] INFO: [STAT] ep=6700 | roll@25(s/c/t)=1.0/0.0/0.0 (1.00/0.00/0.00) | R.mean=0.6
[10-07 04:27:21] INFO: [METRICS-25] time=13.66s | dfreq=0.000 | ddist=0.000m
[10-07 04:27:22] INFO: [METRICS-PLOT] 3-metrics curve -> /root/bayes-vl-matched-20261006/crowd_nav/runs/bayes-matched-v1/bayes_mean-seed42-to8000/curves_3metrics.png
[10-07 04:27:22] INFO: [RL-EP-6700] (6700/8000) s/c/t=1/0/0 qloss=0.0000 ploss=0.0000 buf=200000
[10-07 04:27:22] INFO:               cumulative s/c/t%: 100.0%/0.0%/0.0%
[10-07 04:27:22] INFO: [REPLAY-STORE] ok=3700 skip=0 steps=194496 buf=200000
[10-07 04:27:22] INFO: [STAGE0-MONITOR] timeout_ratio=0.000 (target: decrease over time)
[10-07 04:27:22] INFO: [SOT-6700] REWARD succ=1.0/coll=-0.50 | GRID 5×16=80 | EVENTS s=1.00/c=0.00/t=0.00
[10-07 04:27:22] INFO: ================================================================================
[10-07 04:27:22] INFO: [MULTI-SCALE-6700] TARGET: peak=1.000 stable_90=10ep
[10-07 04:27:22] INFO: [MULTI-SCALE-6700] WINDOWS: short=1.000 med=1.000 long=1.000
[10-07 04:27:22] INFO: [MULTI-SCALE-6700] QUALITY: stability=0.800 learn_rate=0.00000
[10-07 04:27:22] INFO: [ACHIEVEMENT] Stable 90%+ success rate achieved for 10 episodes!
[10-07 04:27:22] INFO: [HEALTH-CHECK-6700] Overall: NEEDS_IMPROVEMENT (score=0.400)
[10-07 04:27:22] INFO: ================================================================================
[10-07 04:27:25] INFO: [RL-EP-6701] (6701)
[10-07 04:27:29] INFO: [RL-EP-6702] (6702)
[10-07 04:27:32] INFO: [RL-EP-6703] (6703)
[10-07 04:27:35] INFO: [RL-EP-6704] (6704)
[10-07 04:27:38] INFO: [RL-EP-6705] roll=1.000/0.000/0.000
[10-07 04:27:41] INFO: [RL-EP-6706] (6706)
[10-07 04:27:45] INFO: [RL-EP-6707] (6707)
[10-07 04:27:47] INFO: [RL-EP-6708] (6708)
[10-07 04:27:51] INFO: [RL-EP-6709] (6709)
[10-07 04:27:54] INFO: [RL-EP-6710] roll=1.000/0.000/0.000
[10-07 04:27:57] INFO: [RL-EP-6711] (6711)
[10-07 04:28:00] INFO: [RL-EP-6712] (6712)
[10-07 04:28:04] INFO: [RL-EP-6713] (6713)
[10-07 04:28:07] INFO: [RL-EP-6714] (6714)
[10-07 04:28:10] INFO: [RL-EP-6715] roll=1.000/0.000/0.000
[10-07 04:28:13] INFO: [RL-EP-6716] (6716)
[10-07 04:28:17] INFO: [RL-EP-6717] (6717)
[10-07 04:28:20] INFO: [RL-EP-6718] (6718)
[10-07 04:28:23] INFO: [RL-EP-6719] (6719)
[10-07 04:28:27] INFO: [RL-EP-6720] roll=1.000/0.000/0.000
[10-07 04:28:30] INFO: [RL-EP-6721] (6721)
[10-07 04:28:33] INFO: [RL-EP-6722] (6722)
[10-07 04:28:36] INFO: [RL-EP-6723] (6723)
[10-07 04:28:39] INFO: [RL-EP-6724] (6724)
[10-07 04:28:43] INFO: [SARL-LOSS] ep=6725 value_loss=0.0178 epsilon=0.0500
[10-07 04:28:43] INFO: [STAT] ep=6725 | roll@25(s/c/t)=1.0/0.0/0.0 (1.00/0.00/0.00) | R.mean=0.6
[10-07 04:28:43] INFO: [METRICS-25] time=13.68s | dfreq=0.000 | ddist=0.000m
[10-07 04:28:43] INFO: [METRICS-PLOT] 3-metrics curve -> /root/bayes-vl-matched-20261006/crowd_nav/runs/bayes-matched-v1/bayes_mean-seed42-to8000/curves_3metrics.png
[10-07 04:28:43] INFO: [RL-EP-6725] (6725/8000) s/c/t=1/0/0 qloss=0.0000 ploss=0.0000 buf=200000
[10-07 04:28:43] INFO:               cumulative s/c/t%: 100.0%/0.0%/0.0%
[10-07 04:28:43] INFO: [REPLAY-STORE] ok=3725 skip=0 steps=195832 buf=200000
[10-07 04:28:43] INFO: [STAGE0-MONITOR] timeout_ratio=0.000 (target: decrease over time)
[10-07 04:28:43] INFO: ================================================================================
[10-07 04:28:43] INFO: [MULTI-SCALE-6725] TARGET: peak=1.000 stable_90=10ep
[10-07 04:28:43] INFO: [MULTI-SCALE-6725] WINDOWS: short=1.000 med=1.000 long=1.000
[10-07 04:28:43] INFO: [MULTI-SCALE-6725] QUALITY: stability=0.800 learn_rate=0.00000
[10-07 04:28:43] INFO: [ACHIEVEMENT] Stable 90%+ success rate achieved for 10 episodes!
[10-07 04:28:43] INFO: [HEALTH-CHECK-6725] Overall: NEEDS_IMPROVEMENT (score=0.400)
[10-07 04:28:43] INFO: ================================================================================
[10-07 04:28:47] INFO: [RL-EP-6726] (6726)
[10-07 04:28:50] INFO: [RL-EP-6727] (6727)
[10-07 04:28:53] INFO: [RL-EP-6728] (6728)
[10-07 04:28:56] INFO: [RL-EP-6729] (6729)
[10-07 04:28:59] INFO: [RL-EP-6730] roll=1.000/0.000/0.000
[10-07 04:29:03] INFO: [RL-EP-6731] (6731)
[10-07 04:29:06] INFO: [RL-EP-6732] (6732)
[10-07 04:29:09] INFO: [RL-EP-6733] (6733)
[10-07 04:29:12] INFO: [RL-EP-6734] (6734)
[10-07 04:29:16] INFO: [RL-EP-6735] roll=1.000/0.000/0.000
[10-07 04:29:19] INFO: [RL-EP-6736] (6736)
[10-07 04:29:23] INFO: [RL-EP-6737] (6737)
[10-07 04:29:26] INFO: [RL-EP-6738] (6738)
[10-07 04:29:30] INFO: [RL-EP-6739] (6739)
[10-07 04:29:33] INFO: [RL-EP-6740] roll=1.000/0.000/0.000
[10-07 04:29:36] INFO: [RL-EP-6741] (6741)
[10-07 04:29:40] INFO: [RL-EP-6742] (6742)
[10-07 04:29:43] INFO: [RL-EP-6743] (6743)
[10-07 04:29:46] INFO: [RL-EP-6744] (6744)
[10-07 04:29:49] INFO: [RL-EP-6745] roll=1.000/0.000/0.000
[10-07 04:29:53] INFO: [RL-EP-6746] (6746)
[10-07 04:29:56] INFO: [RL-EP-6747] (6747)
[10-07 04:29:59] INFO: [RL-EP-6748] (6748)
[10-07 04:30:03] INFO: [RL-EP-6749] (6749)
[10-07 04:30:03] INFO: [CONFIG-CHECK] ep=6750 updates_per_ep=4 (from config)
[10-07 04:30:06] INFO: [SARL-LOSS] ep=6750 value_loss=0.0049 epsilon=0.0500
[10-07 04:30:06] INFO: [STAT] ep=6750 | roll@25(s/c/t)=1.0/0.0/0.0 (1.00/0.00/0.00) | R.mean=0.6
[10-07 04:30:06] INFO: [METRICS-25] time=13.46s | dfreq=0.000 | ddist=0.000m
[10-07 04:30:06] INFO: [METRICS-PLOT] 3-metrics curve -> /root/bayes-vl-matched-20261006/crowd_nav/runs/bayes-matched-v1/bayes_mean-seed42-to8000/curves_3metrics.png
[10-07 04:30:06] INFO: [RL-EP-6750] (6750/8000) s/c/t=1/0/0 qloss=0.0000 ploss=0.0000 buf=200000
[10-07 04:30:06] INFO:               cumulative s/c/t%: 100.0%/0.0%/0.0%
[10-07 04:30:06] INFO: [REPLAY-STORE] ok=3750 skip=0 steps=197189 buf=200000
[10-07 04:30:06] INFO: [STAGE0-MONITOR] timeout_ratio=0.000 (target: decrease over time)
[10-07 04:30:06] INFO: ================================================================================
[10-07 04:30:06] INFO: [MULTI-SCALE-6750] TARGET: peak=1.000 stable_90=10ep
[10-07 04:30:06] INFO: [MULTI-SCALE-6750] WINDOWS: short=1.000 med=1.000 long=1.000
[10-07 04:30:06] INFO: [MULTI-SCALE-6750] QUALITY: stability=0.800 learn_rate=0.00000
[10-07 04:30:06] INFO: [ACHIEVEMENT] Stable 90%+ success rate achieved for 10 episodes!
[10-07 04:30:06] INFO: [HEALTH-CHECK-6750] Overall: NEEDS_IMPROVEMENT (score=0.400)
[10-07 04:30:06] INFO: ================================================================================
[10-07 04:30:10] INFO: [RL-EP-6751] (6751)
[10-07 04:30:13] INFO: [RL-EP-6752] (6752)
[10-07 04:30:16] INFO: [RL-EP-6753] (6753)
[10-07 04:30:20] INFO: [RL-EP-6754] (6754)
[10-07 04:30:23] INFO: [RL-EP-6755] roll=1.000/0.000/0.000
[10-07 04:30:26] INFO: [RL-EP-6756] (6756)
[10-07 04:30:30] INFO: [RL-EP-6757] (6757)
[10-07 04:30:33] INFO: [RL-EP-6758] (6758)
[10-07 04:30:36] INFO: [RL-EP-6759] (6759)
[10-07 04:30:40] INFO: [RL-EP-6760] roll=1.000/0.000/0.000
[10-07 04:30:43] INFO: [RL-EP-6761] (6761)
[10-07 04:30:46] INFO: [RL-EP-6762] (6762)
[10-07 04:30:49] INFO: [RL-EP-6763] (6763)
[10-07 04:30:52] INFO: [RL-EP-6764] (6764)
[10-07 04:30:56] INFO: [RL-EP-6765] roll=1.000/0.000/0.000
[10-07 04:30:59] INFO: [RL-EP-6766] (6766)
[10-07 04:31:02] INFO: [RL-EP-6767] (6767)
[10-07 04:31:05] INFO: [RL-EP-6768] (6768)
[10-07 04:31:09] INFO: [RL-EP-6769] (6769)
[10-07 04:31:12] INFO: [RL-EP-6770] roll=1.000/0.000/0.000
[10-07 04:31:14] INFO: [RL-EP-6771] (6771)
[10-07 04:31:17] INFO: [RL-EP-6772] (6772)
[10-07 04:31:20] INFO: [RL-EP-6773] (6773)
[10-07 04:31:23] INFO: [RL-EP-6774] (6774)
[10-07 04:31:27] INFO: [SARL-LOSS] ep=6775 value_loss=0.0049 epsilon=0.0500
[10-07 04:31:27] INFO: [STAT] ep=6775 | roll@25(s/c/t)=1.0/0.0/0.0 (0.98/0.02/0.00) | R.mean=0.6
[10-07 04:31:27] INFO: [METRICS-25] time=13.32s | dfreq=0.000 | ddist=0.000m
[10-07 04:31:27] INFO: [METRICS-PLOT] 3-metrics curve -> /root/bayes-vl-matched-20261006/crowd_nav/runs/bayes-matched-v1/bayes_mean-seed42-to8000/curves_3metrics.png
[10-07 04:31:27] INFO: [RL-EP-6775] (6775/8000) s/c/t=1/0/0 qloss=0.0000 ploss=0.0000 buf=200000
[10-07 04:31:27] INFO:               cumulative s/c/t%: 98.0%/2.0%/0.0%
[10-07 04:31:27] INFO: [REPLAY-STORE] ok=3775 skip=0 steps=198497 buf=200000
[10-07 04:31:27] INFO: [STAGE0-MONITOR] timeout_ratio=0.000 (target: decrease over time)
[10-07 04:31:27] INFO: ================================================================================
[10-07 04:31:27] INFO: [MULTI-SCALE-6775] TARGET: peak=1.000 stable_90=10ep
[10-07 04:31:27] INFO: [MULTI-SCALE-6775] WINDOWS: short=0.900 med=0.960 long=0.990
[10-07 04:31:27] INFO: [MULTI-SCALE-6775] QUALITY: stability=0.800 learn_rate=0.00000
[10-07 04:31:27] INFO: [ACHIEVEMENT] Stable 90%+ success rate achieved for 10 episodes!
[10-07 04:31:27] INFO: [HEALTH-CHECK-6775] Overall: NEEDS_IMPROVEMENT (score=0.400)
[10-07 04:31:27] INFO: ================================================================================
[10-07 04:31:31] INFO: [RL-EP-6776] (6776)
[10-07 04:31:34] INFO: [RL-EP-6777] (6777)
[10-07 04:31:38] INFO: [RL-EP-6778] (6778)
[10-07 04:31:41] INFO: [RL-EP-6779] (6779)
[10-07 04:31:44] INFO: [RL-EP-6780] roll=0.980/0.020/0.000
[10-07 04:31:47] INFO: [RL-EP-6781] (6781)
[10-07 04:31:51] INFO: [RL-EP-6782] (6782)
[10-07 04:31:55] INFO: [RL-EP-6783] (6783)
[10-07 04:31:58] INFO: [RL-EP-6784] (6784)
[10-07 04:32:01] INFO: [RL-EP-6785] roll=0.980/0.020/0.000
[10-07 04:32:05] INFO: [RL-EP-6786] (6786)
[10-07 04:32:08] INFO: [RL-EP-6787] (6787)
[10-07 04:32:11] INFO: [RL-EP-6788] (6788)
[10-07 04:32:14] INFO: [RL-EP-6789] (6789)
[10-07 04:32:17] INFO: [RL-EP-6790] roll=0.980/0.020/0.000
[10-07 04:32:21] INFO: [RL-EP-6791] (6791)
[10-07 04:32:24] INFO: [RL-EP-6792] (6792)
[10-07 04:32:27] INFO: [RL-EP-6793] (6793)
[10-07 04:32:31] INFO: [RL-EP-6794] (6794)
[10-07 04:32:34] INFO: [RL-EP-6795] roll=0.980/0.020/0.000
[10-07 04:32:37] INFO: [RL-EP-6796] (6796)
[10-07 04:32:41] INFO: [RL-EP-6797] (6797)
[10-07 04:32:44] INFO: [RL-EP-6798] (6798)
[10-07 04:32:47] INFO: [RL-EP-6799] (6799)
[10-07 04:32:47] INFO: [CONFIG-CHECK] ep=6800 updates_per_ep=4 (from config)
[10-07 04:32:47] INFO: [SARL-EPSILON] ep=6800 epsilon=0.0500 (start=0.3, end=0.05, decay=1500)
[10-07 04:32:50] INFO: [SARL-REPLAY] ep=6800 buffer_size=200000 updates=4
[10-07 04:32:50] INFO: [SARL-LOSS] ep=6800 value_loss=0.0063 epsilon=0.0500
[10-07 04:32:50] INFO: [SARL-STATS] ep=6800 buffer_size=200000
[10-07 04:32:50] INFO: [STAT] ep=6800 | roll@25(s/c/t)=1.0/0.0/0.0 (0.98/0.02/0.00) | R.mean=0.6
[10-07 04:32:50] INFO: [METRICS-25] time=13.39s | dfreq=0.000 | ddist=0.000m
[10-07 04:32:51] INFO: [METRICS-PLOT] 3-metrics curve -> /root/bayes-vl-matched-20261006/crowd_nav/runs/bayes-matched-v1/bayes_mean-seed42-to8000/curves_3metrics.png
[10-07 04:32:51] INFO: [RL-EP-6800] (6800/8000) s/c/t=1/0/0 qloss=0.0000 ploss=0.0000 buf=200000
[10-07 04:32:51] INFO:               cumulative s/c/t%: 98.0%/2.0%/0.0%
[10-07 04:32:51] INFO: [REPLAY-STORE] ok=3800 skip=0 steps=199868 buf=200000
[10-07 04:32:51] INFO: [STAGE0-MONITOR] timeout_ratio=0.000 (target: decrease over time)
[10-07 04:32:51] INFO: [SOT-6800] REWARD succ=1.0/coll=-0.50 | GRID 5×16=80 | EVENTS s=0.98/c=0.02/t=0.00
[10-07 04:32:51] INFO: ================================================================================
[10-07 04:32:51] INFO: [MULTI-SCALE-6800] TARGET: peak=1.000 stable_90=10ep
[10-07 04:32:51] INFO: [MULTI-SCALE-6800] WINDOWS: short=1.000 med=1.000 long=0.990
[10-07 04:32:51] INFO: [MULTI-SCALE-6800] QUALITY: stability=0.800 learn_rate=0.00000
[10-07 04:32:51] INFO: [ACHIEVEMENT] Stable 90%+ success rate achieved for 10 episodes!
[10-07 04:32:51] INFO: [HEALTH-CHECK-6800] Overall: NEEDS_IMPROVEMENT (score=0.400)
[10-07 04:32:51] INFO: ================================================================================
[10-07 04:32:54] INFO: [RL-EP-6801] (6801)
[10-07 04:32:58] INFO: [RL-EP-6802] (6802)
[10-07 04:33:01] INFO: [RL-EP-6803] (6803)
[10-07 04:33:04] INFO: [RL-EP-6804] (6804)
[10-07 04:33:08] INFO: [RL-EP-6805] roll=0.980/0.020/0.000
[10-07 04:33:13] INFO: [RL-EP-6806] (6806)
[10-07 04:33:16] INFO: [RL-EP-6807] (6807)
[10-07 04:33:19] INFO: [RL-EP-6808] (6808)
[10-07 04:33:22] INFO: [RL-EP-6809] (6809)
[10-07 04:33:25] INFO: [RL-EP-6810] roll=0.980/0.020/0.000
[10-07 04:33:29] INFO: [RL-EP-6811] (6811)
[10-07 04:33:33] INFO: [RL-EP-6812] (6812)
[10-07 04:33:36] INFO: [RL-EP-6813] (6813)
[10-07 04:33:39] INFO: [RL-EP-6814] (6814)
[10-07 04:33:43] INFO: [RL-EP-6815] roll=0.980/0.020/0.000
[10-07 04:33:46] INFO: [RL-EP-6816] (6816)
[10-07 04:33:49] INFO: [RL-EP-6817] (6817)
[10-07 04:33:53] INFO: [RL-EP-6818] (6818)
[10-07 04:33:56] INFO: [RL-EP-6819] (6819)
[10-07 04:33:59] INFO: [RL-EP-6820] roll=0.980/0.020/0.000
[10-07 04:34:02] INFO: [RL-EP-6821] (6821)
[10-07 04:34:06] INFO: [RL-EP-6822] (6822)
[10-07 04:34:09] INFO: [RL-EP-6823] (6823)
[10-07 04:34:12] INFO: [RL-EP-6824] (6824)
[10-07 04:34:15] INFO: [SARL-LOSS] ep=6825 value_loss=0.0088 epsilon=0.0500
[10-07 04:34:15] INFO: [STAT] ep=6825 | roll@25(s/c/t)=1.0/0.0/0.0 (1.00/0.00/0.00) | R.mean=0.6
[10-07 04:34:15] INFO: [METRICS-25] time=14.12s | dfreq=0.000 | ddist=0.000m
[10-07 04:34:16] INFO: [METRICS-PLOT] 3-metrics curve -> /root/bayes-vl-matched-20261006/crowd_nav/runs/bayes-matched-v1/bayes_mean-seed42-to8000/curves_3metrics.png
[10-07 04:34:16] INFO: [RL-EP-6825] (6825/8000) s/c/t=1/0/0 qloss=0.0000 ploss=0.0000 buf=200000
[10-07 04:34:16] INFO:               cumulative s/c/t%: 100.0%/0.0%/0.0%
[10-07 04:34:16] INFO: [REPLAY-STORE] ok=3825 skip=0 steps=201321 buf=200000
[10-07 04:34:16] INFO: [STAGE0-MONITOR] timeout_ratio=0.000 (target: decrease over time)
[10-07 04:34:16] INFO: ================================================================================
[10-07 04:34:16] INFO: [MULTI-SCALE-6825] TARGET: peak=1.000 stable_90=10ep
[10-07 04:34:16] INFO: [MULTI-SCALE-6825] WINDOWS: short=1.000 med=1.000 long=0.990
[10-07 04:34:16] INFO: [MULTI-SCALE-6825] QUALITY: stability=0.800 learn_rate=0.00000
[10-07 04:34:16] INFO: [ACHIEVEMENT] Stable 90%+ success rate achieved for 10 episodes!
[10-07 04:34:16] INFO: [HEALTH-CHECK-6825] Overall: NEEDS_IMPROVEMENT (score=0.400)
[10-07 04:34:16] INFO: ================================================================================
[10-07 04:34:19] INFO: [RL-EP-6826] (6826)
[10-07 04:34:23] INFO: [RL-EP-6827] (6827)
[10-07 04:34:26] INFO: [RL-EP-6828] (6828)
[10-07 04:34:29] INFO: [RL-EP-6829] (6829)
[10-07 04:34:32] INFO: [RL-EP-6830] roll=1.000/0.000/0.000
[10-07 04:34:35] INFO: [RL-EP-6831] (6831)
[10-07 04:34:38] INFO: [RL-EP-6832] (6832)
[10-07 04:34:42] INFO: [RL-EP-6833] (6833)
[10-07 04:34:45] INFO: [RL-EP-6834] (6834)
[10-07 04:34:48] INFO: [RL-EP-6835] roll=1.000/0.000/0.000
[10-07 04:34:51] INFO: [RL-EP-6836] (6836)
[10-07 04:34:55] INFO: [RL-EP-6837] (6837)
[10-07 04:34:58] INFO: [RL-EP-6838] (6838)
[10-07 04:34:59] INFO: [RL-EP-6839] (6839)
[10-07 04:35:03] INFO: [RL-EP-6840] roll=0.980/0.020/0.000
[10-07 04:35:06] INFO: [RL-EP-6841] (6841)
[10-07 04:35:10] INFO: [RL-EP-6842] (6842)
[10-07 04:35:13] INFO: [RL-EP-6843] (6843)
[10-07 04:35:16] INFO: [RL-EP-6844] (6844)
[10-07 04:35:20] INFO: [RL-EP-6845] roll=0.980/0.020/0.000
[10-07 04:35:23] INFO: [RL-EP-6846] (6846)
[10-07 04:35:26] INFO: [RL-EP-6847] (6847)
[10-07 04:35:29] INFO: [RL-EP-6848] (6848)
[10-07 04:35:33] INFO: [RL-EP-6849] (6849)
[10-07 04:35:33] INFO: [CONFIG-CHECK] ep=6850 updates_per_ep=4 (from config)
[10-07 04:35:36] INFO: [SARL-LOSS] ep=6850 value_loss=0.0045 epsilon=0.0500
[10-07 04:35:36] INFO: [STAT] ep=6850 | roll@25(s/c/t)=1.0/0.0/0.0 (0.98/0.02/0.00) | R.mean=0.6
[10-07 04:35:36] INFO: [METRICS-25] time=13.80s | dfreq=0.000 | ddist=0.000m
[10-07 04:35:36] INFO: [METRICS-PLOT] 3-metrics curve -> /root/bayes-vl-matched-20261006/crowd_nav/runs/bayes-matched-v1/bayes_mean-seed42-to8000/curves_3metrics.png
[10-07 04:35:36] INFO: [RL-EP-6850] (6850/8000) s/c/t=1/0/0 qloss=0.0000 ploss=0.0000 buf=200000
[10-07 04:35:36] INFO:               cumulative s/c/t%: 98.0%/2.0%/0.0%
[10-07 04:35:36] INFO: [REPLAY-STORE] ok=3850 skip=0 steps=202629 buf=200000
[10-07 04:35:36] INFO: [STAGE0-MONITOR] timeout_ratio=0.000 (target: decrease over time)
[10-07 04:35:36] INFO: ================================================================================
[10-07 04:35:36] INFO: [MULTI-SCALE-6850] TARGET: peak=1.000 stable_90=10ep
[10-07 04:35:36] INFO: [MULTI-SCALE-6850] WINDOWS: short=1.000 med=0.960 long=0.980
[10-07 04:35:36] INFO: [MULTI-SCALE-6850] QUALITY: stability=0.800 learn_rate=0.00000
[10-07 04:35:36] INFO: [ACHIEVEMENT] Stable 90%+ success rate achieved for 10 episodes!
[10-07 04:35:36] INFO: [HEALTH-CHECK-6850] Overall: NEEDS_IMPROVEMENT (score=0.400)
[10-07 04:35:36] INFO: ================================================================================
[10-07 04:35:40] INFO: [RL-EP-6851] (6851)
[10-07 04:35:43] INFO: [RL-EP-6852] (6852)
[10-07 04:35:46] INFO: [RL-EP-6853] (6853)
[10-07 04:35:49] INFO: [RL-EP-6854] (6854)
[10-07 04:35:52] INFO: [RL-EP-6855] roll=0.980/0.020/0.000
[10-07 04:35:56] INFO: [RL-EP-6856] (6856)
[10-07 04:35:59] INFO: [RL-EP-6857] (6857)
[10-07 04:36:03] INFO: [RL-EP-6858] (6858)
[10-07 04:36:06] INFO: [RL-EP-6859] (6859)
[10-07 04:36:09] INFO: [RL-EP-6860] roll=0.980/0.020/0.000
[10-07 04:36:13] INFO: [RL-EP-6861] (6861)
[10-07 04:36:16] INFO: [RL-EP-6862] (6862)
[10-07 04:36:19] INFO: [RL-EP-6863] (6863)
[10-07 04:36:22] INFO: [RL-EP-6864] (6864)
[10-07 04:36:26] INFO: [RL-EP-6865] roll=0.980/0.020/0.000
[10-07 04:36:29] INFO: [RL-EP-6866] (6866)
[10-07 04:36:32] INFO: [RL-EP-6867] (6867)
[10-07 04:36:35] INFO: [RL-EP-6868] (6868)
[10-07 04:36:39] INFO: [RL-EP-6869] (6869)
[10-07 04:36:42] INFO: [RL-EP-6870] roll=0.980/0.020/0.000
[10-07 04:36:45] INFO: [RL-EP-6871] (6871)
[10-07 04:36:49] INFO: [RL-EP-6872] (6872)
[10-07 04:36:52] INFO: [RL-EP-6873] (6873)
[10-07 04:36:55] INFO: [RL-EP-6874] (6874)
[10-07 04:36:58] INFO: [SARL-LOSS] ep=6875 value_loss=0.0127 epsilon=0.0500
[10-07 04:36:58] INFO: [STAT] ep=6875 | roll@25(s/c/t)=1.0/0.0/0.0 (0.98/0.02/0.00) | R.mean=0.6
[10-07 04:36:58] INFO: [METRICS-25] time=13.56s | dfreq=0.000 | ddist=0.000m
[10-07 04:36:59] INFO: [METRICS-PLOT] 3-metrics curve -> /root/bayes-vl-matched-20261006/crowd_nav/runs/bayes-matched-v1/bayes_mean-seed42-to8000/curves_3metrics.png
[10-07 04:36:59] INFO: [RL-EP-6875] (6875/8000) s/c/t=1/0/0 qloss=0.0000 ploss=0.0000 buf=200000
[10-07 04:36:59] INFO:               cumulative s/c/t%: 98.0%/2.0%/0.0%
[10-07 04:36:59] INFO: [REPLAY-STORE] ok=3875 skip=0 steps=204034 buf=200000
[10-07 04:36:59] INFO: [STAGE0-MONITOR] timeout_ratio=0.000 (target: decrease over time)
[10-07 04:36:59] INFO: ================================================================================
[10-07 04:36:59] INFO: [MULTI-SCALE-6875] TARGET: peak=1.000 stable_90=10ep
[10-07 04:36:59] INFO: [MULTI-SCALE-6875] WINDOWS: short=1.000 med=1.000 long=0.990
[10-07 04:36:59] INFO: [MULTI-SCALE-6875] QUALITY: stability=0.800 learn_rate=0.00000
[10-07 04:36:59] INFO: [ACHIEVEMENT] Stable 90%+ success rate achieved for 10 episodes!
[10-07 04:36:59] INFO: [HEALTH-CHECK-6875] Overall: NEEDS_IMPROVEMENT (score=0.400)
[10-07 04:36:59] INFO: ================================================================================
[10-07 04:37:02] INFO: [RL-EP-6876] (6876)
[10-07 04:37:05] INFO: [RL-EP-6877] (6877)
[10-07 04:37:09] INFO: [RL-EP-6878] (6878)
[10-07 04:37:12] INFO: [RL-EP-6879] (6879)
[10-07 04:37:16] INFO: [RL-EP-6880] roll=0.980/0.020/0.000
[10-07 04:37:19] INFO: [RL-EP-6881] (6881)
[10-07 04:37:22] INFO: [RL-EP-6882] (6882)
[10-07 04:37:26] INFO: [RL-EP-6883] (6883)
[10-07 04:37:29] INFO: [RL-EP-6884] (6884)
[10-07 04:37:33] INFO: [RL-EP-6885] roll=0.980/0.020/0.000
[10-07 04:37:36] INFO: [RL-EP-6886] (6886)
[10-07 04:37:39] INFO: [RL-EP-6887] (6887)
[10-07 04:37:42] INFO: [RL-EP-6888] (6888)
[10-07 04:37:46] INFO: [RL-EP-6889] (6889)
[10-07 04:37:49] INFO: [RL-EP-6890] roll=1.000/0.000/0.000
[10-07 04:37:52] INFO: [RL-EP-6891] (6891)
[10-07 04:37:56] INFO: [RL-EP-6892] (6892)
[10-07 04:37:59] INFO: [RL-EP-6893] (6893)
[10-07 04:38:02] INFO: [RL-EP-6894] (6894)
[10-07 04:38:06] INFO: [RL-EP-6895] roll=1.000/0.000/0.000
[10-07 04:38:10] INFO: [RL-EP-6896] (6896)
[10-07 04:38:13] INFO: [RL-EP-6897] (6897)
[10-07 04:38:16] INFO: [RL-EP-6898] (6898)
[10-07 04:38:19] INFO: [RL-EP-6899] (6899)
[10-07 04:38:19] INFO: [CONFIG-CHECK] ep=6900 updates_per_ep=4 (from config)
[10-07 04:38:19] INFO: [SARL-EPSILON] ep=6900 epsilon=0.0500 (start=0.3, end=0.05, decay=1500)
[10-07 04:38:23] INFO: [SARL-REPLAY] ep=6900 buffer_size=200000 updates=4
[10-07 04:38:23] INFO: [SARL-LOSS] ep=6900 value_loss=0.0046 epsilon=0.0500
[10-07 04:38:23] INFO: [SARL-STATS] ep=6900 buffer_size=200000
[10-07 04:38:23] INFO: [STAT] ep=6900 | roll@25(s/c/t)=1.0/0.0/0.0 (1.00/0.00/0.00) | R.mean=0.6
[10-07 04:38:23] INFO: [METRICS-25] time=14.09s | dfreq=0.000 | ddist=0.000m
[10-07 04:38:23] INFO: [METRICS-PLOT] 3-metrics curve -> /root/bayes-vl-matched-20261006/crowd_nav/runs/bayes-matched-v1/bayes_mean-seed42-to8000/curves_3metrics.png
[10-07 04:38:23] INFO: [RL-EP-6900] (6900/8000) s/c/t=1/0/0 qloss=0.0000 ploss=0.0000 buf=200000
[10-07 04:38:23] INFO:               cumulative s/c/t%: 100.0%/0.0%/0.0%
[10-07 04:38:23] INFO: [REPLAY-STORE] ok=3900 skip=0 steps=205446 buf=200000
[10-07 04:38:23] INFO: [STAGE0-MONITOR] timeout_ratio=0.000 (target: decrease over time)
[10-07 04:38:23] INFO: [SOT-6900] REWARD succ=1.0/coll=-0.50 | GRID 5×16=80 | EVENTS s=1.00/c=0.00/t=0.00
[10-07 04:38:23] INFO: ================================================================================
[10-07 04:38:23] INFO: [MULTI-SCALE-6900] TARGET: peak=1.000 stable_90=10ep
[10-07 04:38:23] INFO: [MULTI-SCALE-6900] WINDOWS: short=1.000 med=1.000 long=0.990
[10-07 04:38:23] INFO: [MULTI-SCALE-6900] QUALITY: stability=0.800 learn_rate=0.00000
[10-07 04:38:23] INFO: [ACHIEVEMENT] Stable 90%+ success rate achieved for 10 episodes!
[10-07 04:38:23] INFO: [HEALTH-CHECK-6900] Overall: NEEDS_IMPROVEMENT (score=0.400)
[10-07 04:38:23] INFO: ================================================================================
[10-07 04:38:27] INFO: [RL-EP-6901] (6901)
[10-07 04:38:30] INFO: [RL-EP-6902] (6902)
[10-07 04:38:33] INFO: [RL-EP-6903] (6903)
[10-07 04:38:37] INFO: [RL-EP-6904] (6904)
[10-07 04:38:40] INFO: [RL-EP-6905] roll=1.000/0.000/0.000
[10-07 04:38:43] INFO: [RL-EP-6906] (6906)
[10-07 04:38:47] INFO: [RL-EP-6907] (6907)
[10-07 04:38:50] INFO: [RL-EP-6908] (6908)
[10-07 04:38:54] INFO: [RL-EP-6909] (6909)
[10-07 04:38:57] INFO: [RL-EP-6910] roll=1.000/0.000/0.000
[10-07 04:39:00] INFO: [RL-EP-6911] (6911)
[10-07 04:39:03] INFO: [RL-EP-6912] (6912)
[10-07 04:39:07] INFO: [RL-EP-6913] (6913)
[10-07 04:39:10] INFO: [RL-EP-6914] (6914)
[10-07 04:39:14] INFO: [RL-EP-6915] roll=1.000/0.000/0.000
[10-07 04:39:17] INFO: [RL-EP-6916] (6916)
[10-07 04:39:20] INFO: [RL-EP-6917] (6917)
[10-07 04:39:23] INFO: [RL-EP-6918] (6918)
[10-07 04:39:27] INFO: [RL-EP-6919] (6919)
[10-07 04:39:30] INFO: [RL-EP-6920] roll=1.000/0.000/0.000
[10-07 04:39:33] INFO: [RL-EP-6921] (6921)
[10-07 04:39:36] INFO: [RL-EP-6922] (6922)
[10-07 04:39:40] INFO: [RL-EP-6923] (6923)
[10-07 04:39:43] INFO: [RL-EP-6924] (6924)
[10-07 04:39:46] INFO: [SARL-LOSS] ep=6925 value_loss=0.0051 epsilon=0.0500
[10-07 04:39:46] INFO: [STAT] ep=6925 | roll@25(s/c/t)=1.0/0.0/0.0 (1.00/0.00/0.00) | R.mean=0.6
[10-07 04:39:46] INFO: [METRICS-25] time=14.07s | dfreq=0.000 | ddist=0.000m
[10-07 04:39:47] INFO: [METRICS-PLOT] 3-metrics curve -> /root/bayes-vl-matched-20261006/crowd_nav/runs/bayes-matched-v1/bayes_mean-seed42-to8000/curves_3metrics.png
[10-07 04:39:47] INFO: [RL-EP-6925] (6925/8000) s/c/t=1/0/0 qloss=0.0000 ploss=0.0000 buf=200000
[10-07 04:39:47] INFO:               cumulative s/c/t%: 100.0%/0.0%/0.0%
[10-07 04:39:47] INFO: [REPLAY-STORE] ok=3925 skip=0 steps=206848 buf=200000
[10-07 04:39:47] INFO: [STAGE0-MONITOR] timeout_ratio=0.000 (target: decrease over time)
[10-07 04:39:47] INFO: ================================================================================
[10-07 04:39:47] INFO: [MULTI-SCALE-6925] TARGET: peak=1.000 stable_90=10ep
[10-07 04:39:47] INFO: [MULTI-SCALE-6925] WINDOWS: short=1.000 med=1.000 long=0.990
[10-07 04:39:47] INFO: [MULTI-SCALE-6925] QUALITY: stability=0.800 learn_rate=0.00000
[10-07 04:39:47] INFO: [ACHIEVEMENT] Stable 90%+ success rate achieved for 10 episodes!
[10-07 04:39:47] INFO: [HEALTH-CHECK-6925] Overall: NEEDS_IMPROVEMENT (score=0.400)
[10-07 04:39:47] INFO: ================================================================================
[10-07 04:39:50] INFO: [RL-EP-6926] (6926)
[10-07 04:39:53] INFO: [RL-EP-6927] (6927)
[10-07 04:39:56] INFO: [RL-EP-6928] (6928)
[10-07 04:40:00] INFO: [RL-EP-6929] (6929)
[10-07 04:40:03] INFO: [RL-EP-6930] roll=1.000/0.000/0.000
[10-07 04:40:07] INFO: [RL-EP-6931] (6931)
[10-07 04:40:10] INFO: [RL-EP-6932] (6932)
[10-07 04:40:13] INFO: [RL-EP-6933] (6933)
[10-07 04:40:16] INFO: [RL-EP-6934] (6934)
[10-07 04:40:20] INFO: [RL-EP-6935] roll=1.000/0.000/0.000
[10-07 04:40:23] INFO: [RL-EP-6936] (6936)
[10-07 04:40:26] INFO: [RL-EP-6937] (6937)
[10-07 04:40:30] INFO: [RL-EP-6938] (6938)
[10-07 04:40:33] INFO: [RL-EP-6939] (6939)
[10-07 04:40:36] INFO: [RL-EP-6940] roll=1.000/0.000/0.000
[10-07 04:40:40] INFO: [RL-EP-6941] (6941)
[10-07 04:40:43] INFO: [RL-EP-6942] (6942)
[10-07 04:40:46] INFO: [RL-EP-6943] (6943)
[10-07 04:40:50] INFO: [RL-EP-6944] (6944)
[10-07 04:40:53] INFO: [RL-EP-6945] roll=1.000/0.000/0.000
[10-07 04:40:57] INFO: [RL-EP-6946] (6946)
[10-07 04:41:00] INFO: [RL-EP-6947] (6947)
[10-07 04:41:03] INFO: [RL-EP-6948] (6948)
[10-07 04:41:07] INFO: [RL-EP-6949] (6949)
[10-07 04:41:07] INFO: [CONFIG-CHECK] ep=6950 updates_per_ep=4 (from config)
[10-07 04:41:10] INFO: [SARL-LOSS] ep=6950 value_loss=0.0079 epsilon=0.0500
[10-07 04:41:10] INFO: [STAT] ep=6950 | roll@25(s/c/t)=1.0/0.0/0.0 (1.00/0.00/0.00) | R.mean=0.6
[10-07 04:41:10] INFO: [METRICS-25] time=14.10s | dfreq=0.000 | ddist=0.000m
[10-07 04:41:11] INFO: [METRICS-PLOT] 3-metrics curve -> /root/bayes-vl-matched-20261006/crowd_nav/runs/bayes-matched-v1/bayes_mean-seed42-to8000/curves_3metrics.png
[10-07 04:41:11] INFO: [RL-EP-6950] (6950/8000) s/c/t=1/0/0 qloss=0.0000 ploss=0.0000 buf=200000
[10-07 04:41:11] INFO:               cumulative s/c/t%: 100.0%/0.0%/0.0%
[10-07 04:41:11] INFO: [REPLAY-STORE] ok=3950 skip=0 steps=208265 buf=200000
[10-07 04:41:11] INFO: [STAGE0-MONITOR] timeout_ratio=0.000 (target: decrease over time)
[10-07 04:41:11] INFO: ================================================================================
[10-07 04:41:11] INFO: [MULTI-SCALE-6950] TARGET: peak=1.000 stable_90=10ep
[10-07 04:41:11] INFO: [MULTI-SCALE-6950] WINDOWS: short=1.000 med=1.000 long=1.000
[10-07 04:41:11] INFO: [MULTI-SCALE-6950] QUALITY: stability=0.800 learn_rate=0.00000
[10-07 04:41:11] INFO: [ACHIEVEMENT] Stable 90%+ success rate achieved for 10 episodes!
[10-07 04:41:11] INFO: [HEALTH-CHECK-6950] Overall: NEEDS_IMPROVEMENT (score=0.400)
[10-07 04:41:11] INFO: ================================================================================
[10-07 04:41:14] INFO: [RL-EP-6951] (6951)
[10-07 04:41:18] INFO: [RL-EP-6952] (6952)
[10-07 04:41:21] INFO: [RL-EP-6953] (6953)
[10-07 04:41:24] INFO: [RL-EP-6954] (6954)
[10-07 04:41:27] INFO: [RL-EP-6955] roll=1.000/0.000/0.000
[10-07 04:41:31] INFO: [RL-EP-6956] (6956)
[10-07 04:41:34] INFO: [RL-EP-6957] (6957)
[10-07 04:41:38] INFO: [RL-EP-6958] (6958)
[10-07 04:41:41] INFO: [RL-EP-6959] (6959)
[10-07 04:41:44] INFO: [RL-EP-6960] roll=1.000/0.000/0.000
[10-07 04:41:47] INFO: [RL-EP-6961] (6961)
[10-07 04:41:50] INFO: [RL-EP-6962] (6962)
[10-07 04:41:53] INFO: [RL-EP-6963] (6963)
[10-07 04:41:57] INFO: [RL-EP-6964] (6964)
[10-07 04:42:00] INFO: [RL-EP-6965] roll=1.000/0.000/0.000
[10-07 04:42:04] INFO: [RL-EP-6966] (6966)
[10-07 04:42:07] INFO: [RL-EP-6967] (6967)
[10-07 04:42:10] INFO: [RL-EP-6968] (6968)
[10-07 04:42:14] INFO: [RL-EP-6969] (6969)
[10-07 04:42:17] INFO: [RL-EP-6970] roll=1.000/0.000/0.000
[10-07 04:42:20] INFO: [RL-EP-6971] (6971)
[10-07 04:42:24] INFO: [RL-EP-6972] (6972)
[10-07 04:42:27] INFO: [RL-EP-6973] (6973)
[10-07 04:42:30] INFO: [RL-EP-6974] (6974)
[10-07 04:42:33] INFO: [SARL-LOSS] ep=6975 value_loss=0.0074 epsilon=0.0500
[10-07 04:42:33] INFO: [STAT] ep=6975 | roll@25(s/c/t)=1.0/0.0/0.0 (1.00/0.00/0.00) | R.mean=0.6
[10-07 04:42:33] INFO: [METRICS-25] time=13.96s | dfreq=0.000 | ddist=0.000m
[10-07 04:42:34] INFO: [METRICS-PLOT] 3-metrics curve -> /root/bayes-vl-matched-20261006/crowd_nav/runs/bayes-matched-v1/bayes_mean-seed42-to8000/curves_3metrics.png
[10-07 04:42:34] INFO: [RL-EP-6975] (6975/8000) s/c/t=1/0/0 qloss=0.0000 ploss=0.0000 buf=200000
[10-07 04:42:34] INFO:               cumulative s/c/t%: 100.0%/0.0%/0.0%
[10-07 04:42:34] INFO: [REPLAY-STORE] ok=3975 skip=0 steps=209641 buf=200000
[10-07 04:42:34] INFO: [STAGE0-MONITOR] timeout_ratio=0.000 (target: decrease over time)
[10-07 04:42:34] INFO: ================================================================================
[10-07 04:42:34] INFO: [MULTI-SCALE-6975] TARGET: peak=1.000 stable_90=10ep
[10-07 04:42:34] INFO: [MULTI-SCALE-6975] WINDOWS: short=1.000 med=1.000 long=1.000
[10-07 04:42:34] INFO: [MULTI-SCALE-6975] QUALITY: stability=0.800 learn_rate=0.00000
[10-07 04:42:34] INFO: [ACHIEVEMENT] Stable 90%+ success rate achieved for 10 episodes!
[10-07 04:42:34] INFO: [HEALTH-CHECK-6975] Overall: NEEDS_IMPROVEMENT (score=0.400)
[10-07 04:42:34] INFO: ================================================================================
[10-07 04:42:37] INFO: [RL-EP-6976] (6976)
[10-07 04:42:41] INFO: [RL-EP-6977] (6977)
[10-07 04:42:44] INFO: [RL-EP-6978] (6978)
[10-07 04:42:48] INFO: [RL-EP-6979] (6979)
[10-07 04:42:51] INFO: [RL-EP-6980] roll=1.000/0.000/0.000
[10-07 04:42:54] INFO: [RL-EP-6981] (6981)
[10-07 04:42:58] INFO: [RL-EP-6982] (6982)
[10-07 04:43:01] INFO: [RL-EP-6983] (6983)
[10-07 04:43:05] INFO: [RL-EP-6984] (6984)
[10-07 04:43:08] INFO: [RL-EP-6985] roll=1.000/0.000/0.000
[10-07 04:43:11] INFO: [RL-EP-6986] (6986)
[10-07 04:43:14] INFO: [RL-EP-6987] (6987)
[10-07 04:43:18] INFO: [RL-EP-6988] (6988)
[10-07 04:43:21] INFO: [RL-EP-6989] (6989)
[10-07 04:43:24] INFO: [RL-EP-6990] roll=1.000/0.000/0.000
[10-07 04:43:27] INFO: [RL-EP-6991] (6991)
[10-07 04:43:31] INFO: [RL-EP-6992] (6992)
[10-07 04:43:34] INFO: [RL-EP-6993] (6993)
[10-07 04:43:37] INFO: [RL-EP-6994] (6994)
[10-07 04:43:41] INFO: [RL-EP-6995] roll=1.000/0.000/0.000
[10-07 04:43:44] INFO: [RL-EP-6996] (6996)
[10-07 04:43:47] INFO: [RL-EP-6997] (6997)
[10-07 04:43:51] INFO: [RL-EP-6998] (6998)
[10-07 04:43:54] INFO: [RL-EP-6999] (6999)
[10-07 04:43:54] INFO: [CONFIG-CHECK] ep=7000 updates_per_ep=4 (from config)
[10-07 04:43:54] INFO: [SARL-EPSILON] ep=7000 epsilon=0.0500 (start=0.3, end=0.05, decay=1500)
[10-07 04:43:57] INFO: [SARL-REPLAY] ep=7000 buffer_size=200000 updates=4
[10-07 04:43:57] INFO: [SARL-LOSS] ep=7000 value_loss=0.0064 epsilon=0.0500
[10-07 04:43:57] INFO: [SARL-STATS] ep=7000 buffer_size=200000
[10-07 04:43:57] INFO: [STAT] ep=7000 | roll@25(s/c/t)=1.0/0.0/0.0 (1.00/0.00/0.00) | R.mean=0.6
[10-07 04:43:57] INFO: [METRICS-25] time=13.95s | dfreq=0.000 | ddist=0.000m
[10-07 04:43:58] INFO: [METRICS-PLOT] 3-metrics curve -> /root/bayes-vl-matched-20261006/crowd_nav/runs/bayes-matched-v1/bayes_mean-seed42-to8000/curves_3metrics.png
[10-07 04:43:58] INFO: [RL-EP-7000] (7000/8000) s/c/t=1/0/0 qloss=0.0000 ploss=0.0000 buf=200000
[10-07 04:43:58] INFO:               cumulative s/c/t%: 100.0%/0.0%/0.0%
[10-07 04:43:58] INFO: [REPLAY-STORE] ok=4000 skip=0 steps=211055 buf=200000
[10-07 04:43:58] INFO: [STAGE0-MONITOR] timeout_ratio=0.000 (target: decrease over time)
[10-07 04:43:58] INFO: [SOT-7000] REWARD succ=1.0/coll=-0.50 | GRID 5×16=80 | EVENTS s=1.00/c=0.00/t=0.00
[10-07 04:43:58] INFO: ================================================================================
[10-07 04:43:58] INFO: [MULTI-SCALE-7000] TARGET: peak=1.000 stable_90=10ep
[10-07 04:43:58] INFO: [MULTI-SCALE-7000] WINDOWS: short=1.000 med=1.000 long=1.000
[10-07 04:43:58] INFO: [MULTI-SCALE-7000] QUALITY: stability=0.800 learn_rate=0.00000
[10-07 04:43:58] INFO: [ACHIEVEMENT] Stable 90%+ success rate achieved for 10 episodes!
[10-07 04:43:58] INFO: [HEALTH-CHECK-7000] Overall: NEEDS_IMPROVEMENT (score=0.400)
[10-07 04:43:58] INFO: ================================================================================
[10-07 04:43:59] INFO: [PLOT] curves updated ep=7000
[10-07 04:43:59] INFO: [EVAL] Starting evaluation: ep=7000, ε=0.0, k=50
[10-07 04:45:24] INFO: [EVAL] Completed evaluation: succ=1.000 coll=0.000 timeout=0.000 sum=1.000 nav=14.10
[10-07 04:45:24] INFO: [EVAL-EXTENDED] path_len=9.51m smoothness=0.676 avg_speed=0.68m/s
[10-07 04:45:24] INFO: ================================================================================
[10-07 04:45:24] INFO: [CUMULATIVE-METRICS] Episode 7000: Cumulative average (all 7000 episodes)
[10-07 04:45:24] INFO:   Success: 0.973 (97.3%), Collision: 0.025 (2.5%), Timeout: 0.003 (0.3%)
[10-07 04:45:24] INFO:   Avg Reward: 0.54
[10-07 04:45:24] INFO:   Avg Time Taken: 13.19s
[10-07 04:45:24] INFO:   Avg Discomfort Freq: 0.000
[10-07 04:45:24] INFO:   Avg Discomfort Dist: 0.000m
[10-07 04:45:24] INFO: ================================================================================
[10-07 04:45:24] INFO: [RL-SAVE] sarl checkpoint -> /root/bayes-vl-matched-20261006/crowd_nav/runs/bayes-matched-v1/bayes_mean-seed42-to8000/rl_model_ep7000.pth
[10-07 04:45:24] INFO: [RL-SAVE] Saved components: policy, target network, optimizer
[10-07 04:45:27] INFO: [RL-EP-7001] (7001)
[10-07 04:45:31] INFO: [RL-EP-7002] (7002)
[10-07 04:45:34] INFO: [RL-EP-7003] (7003)
[10-07 04:45:37] INFO: [RL-EP-7004] (7004)
[10-07 04:45:41] INFO: [RL-EP-7005] roll=1.000/0.000/0.000
[10-07 04:45:44] INFO: [RL-EP-7006] (7006)
[10-07 04:45:47] INFO: [RL-EP-7007] (7007)
[10-07 04:45:51] INFO: [RL-EP-7008] (7008)
[10-07 04:45:54] INFO: [RL-EP-7009] (7009)
[10-07 04:45:57] INFO: [RL-EP-7010] roll=1.000/0.000/0.000
[10-07 04:46:01] INFO: [RL-EP-7011] (7011)
[10-07 04:46:04] INFO: [RL-EP-7012] (7012)
[10-07 04:46:08] INFO: [RL-EP-7013] (7013)
[10-07 04:46:11] INFO: [RL-EP-7014] (7014)
[10-07 04:46:14] INFO: [RL-EP-7015] roll=1.000/0.000/0.000
[10-07 04:46:18] INFO: [RL-EP-7016] (7016)
[10-07 04:46:21] INFO: [RL-EP-7017] (7017)
[10-07 04:46:25] INFO: [RL-EP-7018] (7018)
[10-07 04:46:28] INFO: [RL-EP-7019] (7019)
[10-07 04:46:31] INFO: [RL-EP-7020] roll=1.000/0.000/0.000
[10-07 04:46:34] INFO: [RL-EP-7021] (7021)
[10-07 04:46:38] INFO: [RL-EP-7022] (7022)
[10-07 04:46:41] INFO: [RL-EP-7023] (7023)
[10-07 04:46:45] INFO: [RL-EP-7024] (7024)
[10-07 04:46:48] INFO: [SARL-LOSS] ep=7025 value_loss=0.0091 epsilon=0.0500
[10-07 04:46:48] INFO: [STAT] ep=7025 | roll@25(s/c/t)=1.0/0.0/0.0 (1.00/0.00/0.00) | R.mean=0.6
[10-07 04:46:48] INFO: [METRICS-25] time=14.31s | dfreq=0.000 | ddist=0.000m
[10-07 04:46:49] INFO: [METRICS-PLOT] 3-metrics curve -> /root/bayes-vl-matched-20261006/crowd_nav/runs/bayes-matched-v1/bayes_mean-seed42-to8000/curves_3metrics.png
[10-07 04:46:49] INFO: [RL-EP-7025] (7025/8000) s/c/t=1/0/0 qloss=0.0000 ploss=0.0000 buf=200000
[10-07 04:46:49] INFO:               cumulative s/c/t%: 100.0%/0.0%/0.0%
[10-07 04:46:49] INFO: [REPLAY-STORE] ok=4025 skip=0 steps=212504 buf=200000
[10-07 04:46:49] INFO: [STAGE0-MONITOR] timeout_ratio=0.000 (target: decrease over time)
[10-07 04:46:49] INFO: ================================================================================
[10-07 04:46:49] INFO: [MULTI-SCALE-7025] TARGET: peak=1.000 stable_90=10ep
[10-07 04:46:49] INFO: [MULTI-SCALE-7025] WINDOWS: short=1.000 med=1.000 long=1.000
[10-07 04:46:49] INFO: [MULTI-SCALE-7025] QUALITY: stability=0.800 learn_rate=0.00000
[10-07 04:46:49] INFO: [ACHIEVEMENT] Stable 90%+ success rate achieved for 10 episodes!
[10-07 04:46:49] INFO: [HEALTH-CHECK-7025] Overall: NEEDS_IMPROVEMENT (score=0.400)
[10-07 04:46:49] INFO: ================================================================================
[10-07 04:46:52] INFO: [RL-EP-7026] (7026)
[10-07 04:46:55] INFO: [RL-EP-7027] (7027)
[10-07 04:46:58] INFO: [RL-EP-7028] (7028)
[10-07 04:47:02] INFO: [RL-EP-7029] (7029)
[10-07 04:47:05] INFO: [RL-EP-7030] roll=1.000/0.000/0.000
[10-07 04:47:09] INFO: [RL-EP-7031] (7031)
[10-07 04:47:12] INFO: [RL-EP-7032] (7032)
[10-07 04:47:15] INFO: [RL-EP-7033] (7033)
[10-07 04:47:19] INFO: [RL-EP-7034] (7034)
[10-07 04:47:21] INFO: [RL-EP-7035] roll=1.000/0.000/0.000
[10-07 04:47:25] INFO: [RL-EP-7036] (7036)
[10-07 04:47:28] INFO: [RL-EP-7037] (7037)
[10-07 04:47:31] INFO: [RL-EP-7038] (7038)
[10-07 04:47:34] INFO: [RL-EP-7039] (7039)
[10-07 04:47:38] INFO: [RL-EP-7040] roll=1.000/0.000/0.000
[10-07 04:47:41] INFO: [RL-EP-7041] (7041)
[10-07 04:47:44] INFO: [RL-EP-7042] (7042)
[10-07 04:47:49] INFO: [RL-EP-7043] (7043)
[10-07 04:47:52] INFO: [RL-EP-7044] (7044)
[10-07 04:47:55] INFO: [RL-EP-7045] roll=1.000/0.000/0.000
[10-07 04:47:58] INFO: [RL-EP-7046] (7046)
[10-07 04:48:02] INFO: [RL-EP-7047] (7047)
[10-07 04:48:05] INFO: [RL-EP-7048] (7048)
[10-07 04:48:09] INFO: [RL-EP-7049] (7049)
[10-07 04:48:09] INFO: [CONFIG-CHECK] ep=7050 updates_per_ep=4 (from config)
[10-07 04:48:12] INFO: [SARL-LOSS] ep=7050 value_loss=0.0106 epsilon=0.0500
[10-07 04:48:12] INFO: [STAT] ep=7050 | roll@25(s/c/t)=1.0/0.0/0.0 (1.00/0.00/0.00) | R.mean=0.6
[10-07 04:48:12] INFO: [METRICS-25] time=14.38s | dfreq=0.000 | ddist=0.000m
[10-07 04:48:13] INFO: [METRICS-PLOT] 3-metrics curve -> /root/bayes-vl-matched-20261006/crowd_nav/runs/bayes-matched-v1/bayes_mean-seed42-to8000/curves_3metrics.png
[10-07 04:48:13] INFO: [RL-EP-7050] (7050/8000) s/c/t=1/0/0 qloss=0.0000 ploss=0.0000 buf=200000
[10-07 04:48:13] INFO:               cumulative s/c/t%: 100.0%/0.0%/0.0%
[10-07 04:48:13] INFO: [REPLAY-STORE] ok=4050 skip=0 steps=213932 buf=200000
[10-07 04:48:13] INFO: [STAGE0-MONITOR] timeout_ratio=0.000 (target: decrease over time)
[10-07 04:48:13] INFO: ================================================================================
[10-07 04:48:13] INFO: [MULTI-SCALE-7050] TARGET: peak=1.000 stable_90=10ep
[10-07 04:48:13] INFO: [MULTI-SCALE-7050] WINDOWS: short=1.000 med=1.000 long=1.000
[10-07 04:48:13] INFO: [MULTI-SCALE-7050] QUALITY: stability=0.800 learn_rate=0.00000
[10-07 04:48:13] INFO: [ACHIEVEMENT] Stable 90%+ success rate achieved for 10 episodes!
[10-07 04:48:13] INFO: [HEALTH-CHECK-7050] Overall: NEEDS_IMPROVEMENT (score=0.400)
[10-07 04:48:13] INFO: ================================================================================
[10-07 04:48:16] INFO: [RL-EP-7051] (7051)
[10-07 04:48:19] INFO: [RL-EP-7052] (7052)
[10-07 04:48:22] INFO: [RL-EP-7053] (7053)
[10-07 04:48:26] INFO: [RL-EP-7054] (7054)
[10-07 04:48:29] INFO: [RL-EP-7055] roll=1.000/0.000/0.000
[10-07 04:48:33] INFO: [RL-EP-7056] (7056)
[10-07 04:48:36] INFO: [RL-EP-7057] (7057)
[10-07 04:48:39] INFO: [RL-EP-7058] (7058)
[10-07 04:48:42] INFO: [RL-EP-7059] (7059)
[10-07 04:48:46] INFO: [RL-EP-7060] roll=1.000/0.000/0.000
[10-07 04:48:49] INFO: [RL-EP-7061] (7061)
[10-07 04:48:52] INFO: [RL-EP-7062] (7062)
[10-07 04:48:55] INFO: [RL-EP-7063] (7063)
[10-07 04:48:58] INFO: [RL-EP-7064] (7064)
[10-07 04:49:01] INFO: [RL-EP-7065] roll=1.000/0.000/0.000
[10-07 04:49:05] INFO: [RL-EP-7066] (7066)
[10-07 04:49:08] INFO: [RL-EP-7067] (7067)
[10-07 04:49:11] INFO: [RL-EP-7068] (7068)
[10-07 04:49:14] INFO: [RL-EP-7069] (7069)
[10-07 04:49:18] INFO: [RL-EP-7070] roll=1.000/0.000/0.000
[10-07 04:49:21] INFO: [RL-EP-7071] (7071)
[10-07 04:49:24] INFO: [RL-EP-7072] (7072)
[10-07 04:49:28] INFO: [RL-EP-7073] (7073)
[10-07 04:49:31] INFO: [RL-EP-7074] (7074)
[10-07 04:49:34] INFO: [SARL-LOSS] ep=7075 value_loss=0.0069 epsilon=0.0500
[10-07 04:49:34] INFO: [STAT] ep=7075 | roll@25(s/c/t)=1.0/0.0/0.0 (1.00/0.00/0.00) | R.mean=0.6
[10-07 04:49:34] INFO: [METRICS-25] time=13.97s | dfreq=0.000 | ddist=0.000m
[10-07 04:49:35] INFO: [METRICS-PLOT] 3-metrics curve -> /root/bayes-vl-matched-20261006/crowd_nav/runs/bayes-matched-v1/bayes_mean-seed42-to8000/curves_3metrics.png
[10-07 04:49:35] INFO: [RL-EP-7075] (7075/8000) s/c/t=1/0/0 qloss=0.0000 ploss=0.0000 buf=200000
[10-07 04:49:35] INFO:               cumulative s/c/t%: 100.0%/0.0%/0.0%
[10-07 04:49:35] INFO: [REPLAY-STORE] ok=4075 skip=0 steps=215299 buf=200000
[10-07 04:49:35] INFO: [STAGE0-MONITOR] timeout_ratio=0.000 (target: decrease over time)
[10-07 04:49:35] INFO: ================================================================================
[10-07 04:49:35] INFO: [MULTI-SCALE-7075] TARGET: peak=1.000 stable_90=10ep
[10-07 04:49:35] INFO: [MULTI-SCALE-7075] WINDOWS: short=1.000 med=1.000 long=1.000
[10-07 04:49:35] INFO: [MULTI-SCALE-7075] QUALITY: stability=0.800 learn_rate=0.00000
[10-07 04:49:35] INFO: [ACHIEVEMENT] Stable 90%+ success rate achieved for 10 episodes!
[10-07 04:49:35] INFO: [HEALTH-CHECK-7075] Overall: NEEDS_IMPROVEMENT (score=0.400)
[10-07 04:49:35] INFO: ================================================================================
[10-07 04:49:39] INFO: [RL-EP-7076] (7076)
[10-07 04:49:42] INFO: [RL-EP-7077] (7077)
[10-07 04:49:45] INFO: [RL-EP-7078] (7078)
[10-07 04:49:48] INFO: [RL-EP-7079] (7079)
[10-07 04:49:51] INFO: [RL-EP-7080] roll=1.000/0.000/0.000
[10-07 04:49:55] INFO: [RL-EP-7081] (7081)
[10-07 04:49:58] INFO: [RL-EP-7082] (7082)
[10-07 04:50:02] INFO: [RL-EP-7083] (7083)
[10-07 04:50:05] INFO: [RL-EP-7084] (7084)
[10-07 04:50:08] INFO: [RL-EP-7085] roll=1.000/0.000/0.000
[10-07 04:50:11] INFO: [RL-EP-7086] (7086)
[10-07 04:50:15] INFO: [RL-EP-7087] (7087)
[10-07 04:50:18] INFO: [RL-EP-7088] (7088)
[10-07 04:50:21] INFO: [RL-EP-7089] (7089)
[10-07 04:50:24] INFO: [RL-EP-7090] roll=1.000/0.000/0.000
[10-07 04:50:28] INFO: [RL-EP-7091] (7091)
[10-07 04:50:31] INFO: [RL-EP-7092] (7092)
[10-07 04:50:34] INFO: [RL-EP-7093] (7093)
[10-07 04:50:37] INFO: [RL-EP-7094] (7094)
[10-07 04:50:40] INFO: [RL-EP-7095] roll=1.000/0.000/0.000
[10-07 04:50:44] INFO: [RL-EP-7096] (7096)
[10-07 04:50:47] INFO: [RL-EP-7097] (7097)
[10-07 04:50:50] INFO: [RL-EP-7098] (7098)
[10-07 04:50:53] INFO: [RL-EP-7099] (7099)
[10-07 04:50:53] INFO: [CONFIG-CHECK] ep=7100 updates_per_ep=4 (from config)
[10-07 04:50:53] INFO: [SARL-EPSILON] ep=7100 epsilon=0.0500 (start=0.3, end=0.05, decay=1500)
[10-07 04:50:57] INFO: [SARL-REPLAY] ep=7100 buffer_size=200000 updates=4
[10-07 04:50:57] INFO: [SARL-LOSS] ep=7100 value_loss=0.0136 epsilon=0.0500
[10-07 04:50:57] INFO: [SARL-STATS] ep=7100 buffer_size=200000
[10-07 04:50:57] INFO: [STAT] ep=7100 | roll@25(s/c/t)=1.0/0.0/0.0 (1.00/0.00/0.00) | R.mean=0.6
[10-07 04:50:57] INFO: [METRICS-25] time=13.64s | dfreq=0.000 | ddist=0.000m
[10-07 04:50:57] INFO: [METRICS-PLOT] 3-metrics curve -> /root/bayes-vl-matched-20261006/crowd_nav/runs/bayes-matched-v1/bayes_mean-seed42-to8000/curves_3metrics.png
[10-07 04:50:57] INFO: [RL-EP-7100] (7100/8000) s/c/t=1/0/0 qloss=0.0000 ploss=0.0000 buf=200000
[10-07 04:50:57] INFO:               cumulative s/c/t%: 100.0%/0.0%/0.0%
[10-07 04:50:57] INFO: [REPLAY-STORE] ok=4100 skip=0 steps=216660 buf=200000
[10-07 04:50:57] INFO: [STAGE0-MONITOR] timeout_ratio=0.000 (target: decrease over time)
[10-07 04:50:57] INFO: [SOT-7100] REWARD succ=1.0/coll=-0.50 | GRID 5×16=80 | EVENTS s=1.00/c=0.00/t=0.00
[10-07 04:50:57] INFO: ================================================================================
[10-07 04:50:57] INFO: [MULTI-SCALE-7100] TARGET: peak=1.000 stable_90=10ep
[10-07 04:50:57] INFO: [MULTI-SCALE-7100] WINDOWS: short=1.000 med=1.000 long=1.000
[10-07 04:50:57] INFO: [MULTI-SCALE-7100] QUALITY: stability=0.800 learn_rate=0.00000
[10-07 04:50:57] INFO: [ACHIEVEMENT] Stable 90%+ success rate achieved for 10 episodes!
[10-07 04:50:57] INFO: [HEALTH-CHECK-7100] Overall: NEEDS_IMPROVEMENT (score=0.400)
[10-07 04:50:57] INFO: ================================================================================
[10-07 04:51:00] INFO: [RL-EP-7101] (7101)
[10-07 04:51:04] INFO: [RL-EP-7102] (7102)
[10-07 04:51:07] INFO: [RL-EP-7103] (7103)
[10-07 04:51:11] INFO: [RL-EP-7104] (7104)
[10-07 04:51:14] INFO: [RL-EP-7105] roll=1.000/0.000/0.000
[10-07 04:51:17] INFO: [RL-EP-7106] (7106)
[10-07 04:51:20] INFO: [RL-EP-7107] (7107)
[10-07 04:51:23] INFO: [RL-EP-7108] (7108)
[10-07 04:51:27] INFO: [RL-EP-7109] (7109)
[10-07 04:51:30] INFO: [RL-EP-7110] roll=1.000/0.000/0.000
[10-07 04:51:33] INFO: [RL-EP-7111] (7111)
[10-07 04:51:36] INFO: [RL-EP-7112] (7112)
[10-07 04:51:40] INFO: [RL-EP-7113] (7113)
[10-07 04:51:43] INFO: [RL-EP-7114] (7114)
[10-07 04:51:46] INFO: [RL-EP-7115] roll=1.000/0.000/0.000
[10-07 04:51:49] INFO: [RL-EP-7116] (7116)
[10-07 04:51:53] INFO: [RL-EP-7117] (7117)
[10-07 04:51:56] INFO: [RL-EP-7118] (7118)
[10-07 04:51:59] INFO: [RL-EP-7119] (7119)
[10-07 04:52:02] INFO: [RL-EP-7120] roll=1.000/0.000/0.000
[10-07 04:52:06] INFO: [RL-EP-7121] (7121)
[10-07 04:52:09] INFO: [RL-EP-7122] (7122)
[10-07 04:52:12] INFO: [RL-EP-7123] (7123)
[10-07 04:52:16] INFO: [RL-EP-7124] (7124)
[10-07 04:52:19] INFO: [SARL-LOSS] ep=7125 value_loss=0.0105 epsilon=0.0500
[10-07 04:52:19] INFO: [STAT] ep=7125 | roll@25(s/c/t)=1.0/0.0/0.0 (1.00/0.00/0.00) | R.mean=0.6
[10-07 04:52:19] INFO: [METRICS-25] time=13.72s | dfreq=0.000 | ddist=0.000m
[10-07 04:52:19] INFO: [METRICS-PLOT] 3-metrics curve -> /root/bayes-vl-matched-20261006/crowd_nav/runs/bayes-matched-v1/bayes_mean-seed42-to8000/curves_3metrics.png
[10-07 04:52:19] INFO: [RL-EP-7125] (7125/8000) s/c/t=1/0/0 qloss=0.0000 ploss=0.0000 buf=200000
[10-07 04:52:19] INFO:               cumulative s/c/t%: 100.0%/0.0%/0.0%
[10-07 04:52:19] INFO: [REPLAY-STORE] ok=4125 skip=0 steps=218043 buf=200000
[10-07 04:52:19] INFO: [STAGE0-MONITOR] timeout_ratio=0.000 (target: decrease over time)
[10-07 04:52:19] INFO: ================================================================================
[10-07 04:52:19] INFO: [MULTI-SCALE-7125] TARGET: peak=1.000 stable_90=10ep
[10-07 04:52:19] INFO: [MULTI-SCALE-7125] WINDOWS: short=1.000 med=1.000 long=1.000
[10-07 04:52:19] INFO: [MULTI-SCALE-7125] QUALITY: stability=0.800 learn_rate=0.00000
[10-07 04:52:19] INFO: [ACHIEVEMENT] Stable 90%+ success rate achieved for 10 episodes!
[10-07 04:52:19] INFO: [HEALTH-CHECK-7125] Overall: NEEDS_IMPROVEMENT (score=0.400)
[10-07 04:52:19] INFO: ================================================================================
[10-07 04:52:23] INFO: [RL-EP-7126] (7126)
[10-07 04:52:26] INFO: [RL-EP-7127] (7127)
[10-07 04:52:29] INFO: [RL-EP-7128] (7128)
[10-07 04:52:33] INFO: [RL-EP-7129] (7129)
[10-07 04:52:36] INFO: [RL-EP-7130] roll=1.000/0.000/0.000
[10-07 04:52:39] INFO: [RL-EP-7131] (7131)
[10-07 04:52:43] INFO: [RL-EP-7132] (7132)
[10-07 04:52:46] INFO: [RL-EP-7133] (7133)
[10-07 04:52:49] INFO: [RL-EP-7134] (7134)
[10-07 04:52:53] INFO: [RL-EP-7135] roll=1.000/0.000/0.000
[10-07 04:52:56] INFO: [RL-EP-7136] (7136)
[10-07 04:53:00] INFO: [RL-EP-7137] (7137)
[10-07 04:53:03] INFO: [RL-EP-7138] (7138)
[10-07 04:53:06] INFO: [RL-EP-7139] (7139)
[10-07 04:53:10] INFO: [RL-EP-7140] roll=1.000/0.000/0.000
[10-07 04:53:13] INFO: [RL-EP-7141] (7141)
[10-07 04:53:16] INFO: [RL-EP-7142] (7142)
[10-07 04:53:20] INFO: [RL-EP-7143] (7143)
[10-07 04:53:24] INFO: [RL-EP-7144] (7144)
[10-07 04:53:27] INFO: [RL-EP-7145] roll=1.000/0.000/0.000
[10-07 04:53:30] INFO: [RL-EP-7146] (7146)
[10-07 04:53:34] INFO: [RL-EP-7147] (7147)
[10-07 04:53:37] INFO: [RL-EP-7148] (7148)
[10-07 04:53:40] INFO: [RL-EP-7149] (7149)
[10-07 04:53:40] INFO: [CONFIG-CHECK] ep=7150 updates_per_ep=4 (from config)
[10-07 04:53:44] INFO: [SARL-LOSS] ep=7150 value_loss=0.0084 epsilon=0.0500
[10-07 04:53:44] INFO: [STAT] ep=7150 | roll@25(s/c/t)=1.0/0.0/0.0 (1.00/0.00/0.00) | R.mean=0.6
[10-07 04:53:44] INFO: [METRICS-25] time=14.06s | dfreq=0.000 | ddist=0.000m
[10-07 04:53:44] INFO: [METRICS-PLOT] 3-metrics curve -> /root/bayes-vl-matched-20261006/crowd_nav/runs/bayes-matched-v1/bayes_mean-seed42-to8000/curves_3metrics.png
[10-07 04:53:44] INFO: [RL-EP-7150] (7150/8000) s/c/t=1/0/0 qloss=0.0000 ploss=0.0000 buf=200000
[10-07 04:53:44] INFO:               cumulative s/c/t%: 100.0%/0.0%/0.0%
[10-07 04:53:44] INFO: [REPLAY-STORE] ok=4150 skip=0 steps=219472 buf=200000
[10-07 04:53:44] INFO: [STAGE0-MONITOR] timeout_ratio=0.000 (target: decrease over time)
[10-07 04:53:44] INFO: ================================================================================
[10-07 04:53:44] INFO: [MULTI-SCALE-7150] TARGET: peak=1.000 stable_90=10ep
[10-07 04:53:44] INFO: [MULTI-SCALE-7150] WINDOWS: short=1.000 med=1.000 long=1.000
[10-07 04:53:44] INFO: [MULTI-SCALE-7150] QUALITY: stability=0.800 learn_rate=0.00000
[10-07 04:53:44] INFO: [ACHIEVEMENT] Stable 90%+ success rate achieved for 10 episodes!
[10-07 04:53:44] INFO: [HEALTH-CHECK-7150] Overall: NEEDS_IMPROVEMENT (score=0.400)
[10-07 04:53:44] INFO: ================================================================================
[10-07 04:53:47] INFO: [RL-EP-7151] (7151)
[10-07 04:53:50] INFO: [RL-EP-7152] (7152)
[10-07 04:53:53] INFO: [RL-EP-7153] (7153)
[10-07 04:53:57] INFO: [RL-EP-7154] (7154)
[10-07 04:54:02] INFO: [RL-EP-7155] roll=1.000/0.000/0.000
[10-07 04:54:05] INFO: [RL-EP-7156] (7156)
[10-07 04:54:09] INFO: [RL-EP-7157] (7157)
[10-07 04:54:12] INFO: [RL-EP-7158] (7158)
[10-07 04:54:15] INFO: [RL-EP-7159] (7159)
[10-07 04:54:18] INFO: [RL-EP-7160] roll=1.000/0.000/0.000
[10-07 04:54:22] INFO: [RL-EP-7161] (7161)
[10-07 04:54:25] INFO: [RL-EP-7162] (7162)
[10-07 04:54:29] INFO: [RL-EP-7163] (7163)
[10-07 04:54:32] INFO: [RL-EP-7164] (7164)
[10-07 04:54:35] INFO: [RL-EP-7165] roll=1.000/0.000/0.000
[10-07 04:54:39] INFO: [RL-EP-7166] (7166)
[10-07 04:54:42] INFO: [RL-EP-7167] (7167)
[10-07 04:54:45] INFO: [RL-EP-7168] (7168)
[10-07 04:54:49] INFO: [RL-EP-7169] (7169)
[10-07 04:54:52] INFO: [RL-EP-7170] roll=1.000/0.000/0.000
[10-07 04:54:55] INFO: [RL-EP-7171] (7171)
[10-07 04:54:59] INFO: [RL-EP-7172] (7172)
[10-07 04:55:02] INFO: [RL-EP-7173] (7173)
[10-07 04:55:06] INFO: [RL-EP-7174] (7174)
[10-07 04:55:09] INFO: [SARL-LOSS] ep=7175 value_loss=0.0106 epsilon=0.0500
[10-07 04:55:09] INFO: [STAT] ep=7175 | roll@25(s/c/t)=1.0/0.0/0.0 (1.00/0.00/0.00) | R.mean=0.6
[10-07 04:55:09] INFO: [METRICS-25] time=14.62s | dfreq=0.000 | ddist=0.000m
[10-07 04:55:10] INFO: [METRICS-PLOT] 3-metrics curve -> /root/bayes-vl-matched-20261006/crowd_nav/runs/bayes-matched-v1/bayes_mean-seed42-to8000/curves_3metrics.png
[10-07 04:55:10] INFO: [RL-EP-7175] (7175/8000) s/c/t=1/0/0 qloss=0.0000 ploss=0.0000 buf=200000
[10-07 04:55:10] INFO:               cumulative s/c/t%: 100.0%/0.0%/0.0%
[10-07 04:55:10] INFO: [REPLAY-STORE] ok=4175 skip=0 steps=220967 buf=200000
[10-07 04:55:10] INFO: [STAGE0-MONITOR] timeout_ratio=0.000 (target: decrease over time)
[10-07 04:55:10] INFO: ================================================================================
[10-07 04:55:10] INFO: [MULTI-SCALE-7175] TARGET: peak=1.000 stable_90=10ep
[10-07 04:55:10] INFO: [MULTI-SCALE-7175] WINDOWS: short=1.000 med=1.000 long=1.000
[10-07 04:55:10] INFO: [MULTI-SCALE-7175] QUALITY: stability=0.800 learn_rate=0.00000
[10-07 04:55:10] INFO: [ACHIEVEMENT] Stable 90%+ success rate achieved for 10 episodes!
[10-07 04:55:10] INFO: [HEALTH-CHECK-7175] Overall: NEEDS_IMPROVEMENT (score=0.400)
[10-07 04:55:10] INFO: ================================================================================
[10-07 04:55:13] INFO: [RL-EP-7176] (7176)
[10-07 04:55:16] INFO: [RL-EP-7177] (7177)
[10-07 04:55:19] INFO: [RL-EP-7178] (7178)
[10-07 04:55:23] INFO: [RL-EP-7179] (7179)
[10-07 04:55:26] INFO: [RL-EP-7180] roll=1.000/0.000/0.000
[10-07 04:55:29] INFO: [RL-EP-7181] (7181)
[10-07 04:55:32] INFO: [RL-EP-7182] (7182)
[10-07 04:55:36] INFO: [RL-EP-7183] (7183)
[10-07 04:55:39] INFO: [RL-EP-7184] (7184)
[10-07 04:55:42] INFO: [RL-EP-7185] roll=1.000/0.000/0.000
[10-07 04:55:45] INFO: [RL-EP-7186] (7186)
[10-07 04:55:49] INFO: [RL-EP-7187] (7187)
[10-07 04:55:52] INFO: [RL-EP-7188] (7188)
[10-07 04:55:55] INFO: [RL-EP-7189] (7189)
[10-07 04:55:59] INFO: [RL-EP-7190] roll=1.000/0.000/0.000
[10-07 04:56:02] INFO: [RL-EP-7191] (7191)
[10-07 04:56:06] INFO: [RL-EP-7192] (7192)
[10-07 04:56:09] INFO: [RL-EP-7193] (7193)
[10-07 04:56:13] INFO: [RL-EP-7194] (7194)
[10-07 04:56:16] INFO: [RL-EP-7195] roll=1.000/0.000/0.000
[10-07 04:56:19] INFO: [RL-EP-7196] (7196)
[10-07 04:56:22] INFO: [RL-EP-7197] (7197)
[10-07 04:56:26] INFO: [RL-EP-7198] (7198)
[10-07 04:56:29] INFO: [RL-EP-7199] (7199)
[10-07 04:56:29] INFO: [CONFIG-CHECK] ep=7200 updates_per_ep=4 (from config)
[10-07 04:56:29] INFO: [SARL-EPSILON] ep=7200 epsilon=0.0500 (start=0.3, end=0.05, decay=1500)
[10-07 04:56:33] INFO: [SARL-REPLAY] ep=7200 buffer_size=200000 updates=4
[10-07 04:56:33] INFO: [SARL-LOSS] ep=7200 value_loss=0.0112 epsilon=0.0500
[10-07 04:56:33] INFO: [SARL-STATS] ep=7200 buffer_size=200000
[10-07 04:56:33] INFO: [STAT] ep=7200 | roll@25(s/c/t)=1.0/0.0/0.0 (1.00/0.00/0.00) | R.mean=0.6
[10-07 04:56:33] INFO: [METRICS-25] time=14.52s | dfreq=0.000 | ddist=0.000m
[10-07 04:56:33] INFO: [METRICS-PLOT] 3-metrics curve -> /root/bayes-vl-matched-20261006/crowd_nav/runs/bayes-matched-v1/bayes_mean-seed42-to8000/curves_3metrics.png
[10-07 04:56:33] INFO: [RL-EP-7200] (7200/8000) s/c/t=1/0/0 qloss=0.0000 ploss=0.0000 buf=200000
[10-07 04:56:33] INFO:               cumulative s/c/t%: 100.0%/0.0%/0.0%
[10-07 04:56:33] INFO: [REPLAY-STORE] ok=4200 skip=0 steps=222375 buf=200000
[10-07 04:56:33] INFO: [STAGE0-MONITOR] timeout_ratio=0.000 (target: decrease over time)
[10-07 04:56:33] INFO: [SOT-7200] REWARD succ=1.0/coll=-0.50 | GRID 5×16=80 | EVENTS s=1.00/c=0.00/t=0.00
[10-07 04:56:33] INFO: ================================================================================
[10-07 04:56:33] INFO: [MULTI-SCALE-7200] TARGET: peak=1.000 stable_90=10ep
[10-07 04:56:33] INFO: [MULTI-SCALE-7200] WINDOWS: short=1.000 med=1.000 long=1.000
[10-07 04:56:33] INFO: [MULTI-SCALE-7200] QUALITY: stability=0.800 learn_rate=0.00000
[10-07 04:56:33] INFO: [ACHIEVEMENT] Stable 90%+ success rate achieved for 10 episodes!
[10-07 04:56:33] INFO: [HEALTH-CHECK-7200] Overall: NEEDS_IMPROVEMENT (score=0.400)
[10-07 04:56:33] INFO: ================================================================================
[10-07 04:56:36] INFO: [RL-EP-7201] (7201)
[10-07 04:56:39] INFO: [RL-EP-7202] (7202)
[10-07 04:56:42] INFO: [RL-EP-7203] (7203)
[10-07 04:56:46] INFO: [RL-EP-7204] (7204)
[10-07 04:56:49] INFO: [RL-EP-7205] roll=1.000/0.000/0.000
[10-07 04:56:53] INFO: [RL-EP-7206] (7206)
[10-07 04:56:56] INFO: [RL-EP-7207] (7207)
[10-07 04:56:59] INFO: [RL-EP-7208] (7208)
[10-07 04:57:02] INFO: [RL-EP-7209] (7209)
[10-07 04:57:06] INFO: [RL-EP-7210] roll=1.000/0.000/0.000
[10-07 04:57:09] INFO: [RL-EP-7211] (7211)
[10-07 04:57:12] INFO: [RL-EP-7212] (7212)
[10-07 04:57:15] INFO: [RL-EP-7213] (7213)
[10-07 04:57:18] INFO: [RL-EP-7214] (7214)
[10-07 04:57:22] INFO: [RL-EP-7215] roll=1.000/0.000/0.000
[10-07 04:57:25] INFO: [RL-EP-7216] (7216)
[10-07 04:57:28] INFO: [RL-EP-7217] (7217)
[10-07 04:57:32] INFO: [RL-EP-7218] (7218)
[10-07 04:57:35] INFO: [RL-EP-7219] (7219)
[10-07 04:57:38] INFO: [RL-EP-7220] roll=1.000/0.000/0.000
[10-07 04:57:42] INFO: [RL-EP-7221] (7221)
[10-07 04:57:45] INFO: [RL-EP-7222] (7222)
[10-07 04:57:49] INFO: [RL-EP-7223] (7223)
[10-07 04:57:52] INFO: [RL-EP-7224] (7224)
[10-07 04:57:56] INFO: [SARL-LOSS] ep=7225 value_loss=0.0064 epsilon=0.0500
[10-07 04:57:56] INFO: [STAT] ep=7225 | roll@25(s/c/t)=1.0/0.0/0.0 (1.00/0.00/0.00) | R.mean=0.6
[10-07 04:57:56] INFO: [METRICS-25] time=13.94s | dfreq=0.000 | ddist=0.000m
[10-07 04:57:56] INFO: [METRICS-PLOT] 3-metrics curve -> /root/bayes-vl-matched-20261006/crowd_nav/runs/bayes-matched-v1/bayes_mean-seed42-to8000/curves_3metrics.png
[10-07 04:57:56] INFO: [RL-EP-7225] (7225/8000) s/c/t=1/0/0 qloss=0.0000 ploss=0.0000 buf=200000
[10-07 04:57:56] INFO:               cumulative s/c/t%: 100.0%/0.0%/0.0%
[10-07 04:57:56] INFO: [REPLAY-STORE] ok=4225 skip=0 steps=223755 buf=200000
[10-07 04:57:56] INFO: [STAGE0-MONITOR] timeout_ratio=0.000 (target: decrease over time)
[10-07 04:57:56] INFO: ================================================================================
[10-07 04:57:56] INFO: [MULTI-SCALE-7225] TARGET: peak=1.000 stable_90=10ep
[10-07 04:57:56] INFO: [MULTI-SCALE-7225] WINDOWS: short=1.000 med=1.000 long=1.000
[10-07 04:57:56] INFO: [MULTI-SCALE-7225] QUALITY: stability=0.800 learn_rate=0.00000
[10-07 04:57:56] INFO: [ACHIEVEMENT] Stable 90%+ success rate achieved for 10 episodes!
[10-07 04:57:56] INFO: [HEALTH-CHECK-7225] Overall: NEEDS_IMPROVEMENT (score=0.400)
[10-07 04:57:56] INFO: ================================================================================
[10-07 04:57:59] INFO: [RL-EP-7226] (7226)
[10-07 04:58:03] INFO: [RL-EP-7227] (7227)
[10-07 04:58:06] INFO: [RL-EP-7228] (7228)
[10-07 04:58:10] INFO: [RL-EP-7229] (7229)
[10-07 04:58:13] INFO: [RL-EP-7230] roll=1.000/0.000/0.000
[10-07 04:58:16] INFO: [RL-EP-7231] (7231)
[10-07 04:58:20] INFO: [RL-EP-7232] (7232)
[10-07 04:58:23] INFO: [RL-EP-7233] (7233)
[10-07 04:58:26] INFO: [RL-EP-7234] (7234)
[10-07 04:58:30] INFO: [RL-EP-7235] roll=1.000/0.000/0.000
[10-07 04:58:33] INFO: [RL-EP-7236] (7236)
[10-07 04:58:36] INFO: [RL-EP-7237] (7237)
[10-07 04:58:40] INFO: [RL-EP-7238] (7238)
[10-07 04:58:43] INFO: [RL-EP-7239] (7239)
[10-07 04:58:46] INFO: [RL-EP-7240] roll=1.000/0.000/0.000
[10-07 04:58:50] INFO: [RL-EP-7241] (7241)
[10-07 04:58:53] INFO: [RL-EP-7242] (7242)
[10-07 04:58:57] INFO: [RL-EP-7243] (7243)
[10-07 04:59:00] INFO: [RL-EP-7244] (7244)
[10-07 04:59:03] INFO: [RL-EP-7245] roll=1.000/0.000/0.000
[10-07 04:59:07] INFO: [RL-EP-7246] (7246)
[10-07 04:59:10] INFO: [RL-EP-7247] (7247)
[10-07 04:59:14] INFO: [RL-EP-7248] (7248)
[10-07 04:59:17] INFO: [RL-EP-7249] (7249)
[10-07 04:59:17] INFO: [CONFIG-CHECK] ep=7250 updates_per_ep=4 (from config)
[10-07 04:59:20] INFO: [SARL-LOSS] ep=7250 value_loss=0.0069 epsilon=0.0500
[10-07 04:59:20] INFO: [STAT] ep=7250 | roll@25(s/c/t)=1.0/0.0/0.0 (1.00/0.00/0.00) | R.mean=0.6
[10-07 04:59:20] INFO: [METRICS-25] time=14.01s | dfreq=0.000 | ddist=0.000m
[10-07 04:59:20] INFO: [METRICS-PLOT] 3-metrics curve -> /root/bayes-vl-matched-20261006/crowd_nav/runs/bayes-matched-v1/bayes_mean-seed42-to8000/curves_3metrics.png
[10-07 04:59:20] INFO: [RL-EP-7250] (7250/8000) s/c/t=1/0/0 qloss=0.0000 ploss=0.0000 buf=200000
[10-07 04:59:20] INFO:               cumulative s/c/t%: 100.0%/0.0%/0.0%
[10-07 04:59:20] INFO: [REPLAY-STORE] ok=4250 skip=0 steps=225176 buf=200000
[10-07 04:59:20] INFO: [STAGE0-MONITOR] timeout_ratio=0.000 (target: decrease over time)
[10-07 04:59:20] INFO: ================================================================================
[10-07 04:59:20] INFO: [MULTI-SCALE-7250] TARGET: peak=1.000 stable_90=10ep
[10-07 04:59:20] INFO: [MULTI-SCALE-7250] WINDOWS: short=1.000 med=1.000 long=1.000
[10-07 04:59:20] INFO: [MULTI-SCALE-7250] QUALITY: stability=0.800 learn_rate=0.00000
[10-07 04:59:20] INFO: [ACHIEVEMENT] Stable 90%+ success rate achieved for 10 episodes!
[10-07 04:59:20] INFO: [HEALTH-CHECK-7250] Overall: NEEDS_IMPROVEMENT (score=0.400)
[10-07 04:59:20] INFO: ================================================================================
[10-07 04:59:24] INFO: [RL-EP-7251] (7251)
[10-07 04:59:27] INFO: [RL-EP-7252] (7252)
[10-07 04:59:31] INFO: [RL-EP-7253] (7253)
[10-07 04:59:34] INFO: [RL-EP-7254] (7254)
[10-07 04:59:38] INFO: [RL-EP-7255] roll=1.000/0.000/0.000
[10-07 04:59:42] INFO: [RL-EP-7256] (7256)
[10-07 04:59:45] INFO: [RL-EP-7257] (7257)
[10-07 04:59:48] INFO: [RL-EP-7258] (7258)
[10-07 04:59:52] INFO: [RL-EP-7259] (7259)
[10-07 04:59:56] INFO: [RL-EP-7260] roll=1.000/0.000/0.000
[10-07 04:59:59] INFO: [RL-EP-7261] (7261)
[10-07 05:00:03] INFO: [RL-EP-7262] (7262)
[10-07 05:00:06] INFO: [RL-EP-7263] (7263)
[10-07 05:00:10] INFO: [RL-EP-7264] (7264)
[10-07 05:00:13] INFO: [RL-EP-7265] roll=1.000/0.000/0.000
[10-07 05:00:16] INFO: [RL-EP-7266] (7266)
[10-07 05:00:19] INFO: [RL-EP-7267] (7267)
[10-07 05:00:23] INFO: [RL-EP-7268] (7268)
[10-07 05:00:26] INFO: [RL-EP-7269] (7269)
[10-07 05:00:30] INFO: [RL-EP-7270] roll=1.000/0.000/0.000
[10-07 05:00:33] INFO: [RL-EP-7271] (7271)
[10-07 05:00:36] INFO: [RL-EP-7272] (7272)
[10-07 05:00:39] INFO: [RL-EP-7273] (7273)
[10-07 05:00:42] INFO: [RL-EP-7274] (7274)
[10-07 05:00:45] INFO: [SARL-LOSS] ep=7275 value_loss=0.0067 epsilon=0.0500
[10-07 05:00:45] INFO: [STAT] ep=7275 | roll@25(s/c/t)=1.0/0.0/0.0 (1.00/0.00/0.00) | R.mean=0.6
[10-07 05:00:45] INFO: [METRICS-25] time=14.55s | dfreq=0.000 | ddist=0.000m
[10-07 05:00:46] INFO: [METRICS-PLOT] 3-metrics curve -> /root/bayes-vl-matched-20261006/crowd_nav/runs/bayes-matched-v1/bayes_mean-seed42-to8000/curves_3metrics.png
[10-07 05:00:46] INFO: [RL-EP-7275] (7275/8000) s/c/t=1/0/0 qloss=0.0000 ploss=0.0000 buf=200000
[10-07 05:00:46] INFO:               cumulative s/c/t%: 100.0%/0.0%/0.0%
[10-07 05:00:46] INFO: [REPLAY-STORE] ok=4275 skip=0 steps=226666 buf=200000
[10-07 05:00:46] INFO: [STAGE0-MONITOR] timeout_ratio=0.000 (target: decrease over time)
[10-07 05:00:46] INFO: ================================================================================
[10-07 05:00:46] INFO: [MULTI-SCALE-7275] TARGET: peak=1.000 stable_90=10ep
[10-07 05:00:46] INFO: [MULTI-SCALE-7275] WINDOWS: short=1.000 med=1.000 long=1.000
[10-07 05:00:46] INFO: [MULTI-SCALE-7275] QUALITY: stability=0.800 learn_rate=0.00000
[10-07 05:00:46] INFO: [ACHIEVEMENT] Stable 90%+ success rate achieved for 10 episodes!
[10-07 05:00:46] INFO: [HEALTH-CHECK-7275] Overall: NEEDS_IMPROVEMENT (score=0.400)
[10-07 05:00:46] INFO: ================================================================================
[10-07 05:00:49] INFO: [RL-EP-7276] (7276)
[10-07 05:00:53] INFO: [RL-EP-7277] (7277)
[10-07 05:00:56] INFO: [RL-EP-7278] (7278)
[10-07 05:00:59] INFO: [RL-EP-7279] (7279)
[10-07 05:01:07] INFO: [RL-EP-7280] roll=0.980/0.000/0.020
[10-07 05:01:10] INFO: [RL-EP-7281] (7281)
[10-07 05:01:13] INFO: [RL-EP-7282] (7282)
[10-07 05:01:16] INFO: [RL-EP-7283] (7283)
[10-07 05:01:20] INFO: [RL-EP-7284] (7284)
[10-07 05:01:24] INFO: [RL-EP-7285] roll=0.980/0.000/0.020
[10-07 05:01:30] INFO: [RL-EP-7286] (7286)
[10-07 05:01:34] INFO: [RL-EP-7287] (7287)
[10-07 05:01:37] INFO: [RL-EP-7288] (7288)
[10-07 05:01:40] INFO: [RL-EP-7289] (7289)
[10-07 05:01:44] INFO: [RL-EP-7290] roll=0.980/0.000/0.020
[10-07 05:01:47] INFO: [RL-EP-7291] (7291)
[10-07 05:01:51] INFO: [RL-EP-7292] (7292)
[10-07 05:01:54] INFO: [RL-EP-7293] (7293)
[10-07 05:01:58] INFO: [RL-EP-7294] (7294)
[10-07 05:02:01] INFO: [RL-EP-7295] roll=0.980/0.000/0.020
[10-07 05:02:04] INFO: [RL-EP-7296] (7296)
[10-07 05:02:07] INFO: [RL-EP-7297] (7297)
[10-07 05:02:11] INFO: [RL-EP-7298] (7298)
[10-07 05:02:14] INFO: [RL-EP-7299] (7299)
[10-07 05:02:14] INFO: [CONFIG-CHECK] ep=7300 updates_per_ep=4 (from config)
[10-07 05:02:14] INFO: [SARL-EPSILON] ep=7300 epsilon=0.0500 (start=0.3, end=0.05, decay=1500)
[10-07 05:02:17] INFO: [SARL-REPLAY] ep=7300 buffer_size=200000 updates=4
[10-07 05:02:17] INFO: [SARL-LOSS] ep=7300 value_loss=0.0077 epsilon=0.0500
[10-07 05:02:17] INFO: [SARL-STATS] ep=7300 buffer_size=200000
[10-07 05:02:17] INFO: [STAT] ep=7300 | roll@25(s/c/t)=1.0/0.0/0.0 (0.98/0.00/0.02) | R.mean=0.5
[10-07 05:02:17] INFO: [METRICS-25] time=15.96s | dfreq=0.000 | ddist=0.000m
[10-07 05:02:18] INFO: [METRICS-PLOT] 3-metrics curve -> /root/bayes-vl-matched-20261006/crowd_nav/runs/bayes-matched-v1/bayes_mean-seed42-to8000/curves_3metrics.png
[10-07 05:02:18] INFO: [RL-EP-7300] (7300/8000) s/c/t=1/0/0 qloss=0.0000 ploss=0.0000 buf=200000
[10-07 05:02:18] INFO:               cumulative s/c/t%: 98.0%/0.0%/2.0%
[10-07 05:02:18] INFO: [REPLAY-STORE] ok=4300 skip=0 steps=228369 buf=200000
[10-07 05:02:18] INFO: [STAGE0-MONITOR] timeout_ratio=0.020 (target: decrease over time)
[10-07 05:02:18] INFO: [SOT-7300] REWARD succ=1.0/coll=-0.50 | GRID 5×16=80 | EVENTS s=0.98/c=0.00/t=0.02
[10-07 05:02:18] INFO: ================================================================================
[10-07 05:02:18] INFO: [MULTI-SCALE-7300] TARGET: peak=1.000 stable_90=10ep
[10-07 05:02:18] INFO: [MULTI-SCALE-7300] WINDOWS: short=1.000 med=0.960 long=0.990
[10-07 05:02:18] INFO: [MULTI-SCALE-7300] QUALITY: stability=0.800 learn_rate=0.00000
[10-07 05:02:18] INFO: [ACHIEVEMENT] Stable 90%+ success rate achieved for 10 episodes!
[10-07 05:02:18] INFO: [HEALTH-CHECK-7300] Overall: NEEDS_IMPROVEMENT (score=0.400)
[10-07 05:02:18] INFO: ================================================================================
[10-07 05:02:21] INFO: [RL-EP-7301] (7301)
[10-07 05:02:25] INFO: [RL-EP-7302] (7302)
[10-07 05:02:28] INFO: [RL-EP-7303] (7303)
[10-07 05:02:31] INFO: [RL-EP-7304] (7304)
[10-07 05:02:35] INFO: [RL-EP-7305] roll=0.980/0.000/0.020
[10-07 05:02:38] INFO: [RL-EP-7306] (7306)
[10-07 05:02:41] INFO: [RL-EP-7307] (7307)
[10-07 05:02:44] INFO: [RL-EP-7308] (7308)
[10-07 05:02:48] INFO: [RL-EP-7309] (7309)
[10-07 05:02:51] INFO: [RL-EP-7310] roll=0.980/0.000/0.020
[10-07 05:02:54] INFO: [RL-EP-7311] (7311)
[10-07 05:02:57] INFO: [RL-EP-7312] (7312)
[10-07 05:03:00] INFO: [RL-EP-7313] (7313)
[10-07 05:03:04] INFO: [RL-EP-7314] (7314)
[10-07 05:03:07] INFO: [RL-EP-7315] roll=0.980/0.000/0.020
[10-07 05:03:10] INFO: [RL-EP-7316] (7316)
[10-07 05:03:14] INFO: [RL-EP-7317] (7317)
[10-07 05:03:17] INFO: [RL-EP-7318] (7318)
[10-07 05:03:20] INFO: [RL-EP-7319] (7319)
[10-07 05:03:23] INFO: [RL-EP-7320] roll=0.980/0.000/0.020
[10-07 05:03:27] INFO: [RL-EP-7321] (7321)
[10-07 05:03:30] INFO: [RL-EP-7322] (7322)
[10-07 05:03:33] INFO: [RL-EP-7323] (7323)
[10-07 05:03:37] INFO: [RL-EP-7324] (7324)
[10-07 05:03:40] INFO: [SARL-LOSS] ep=7325 value_loss=0.0109 epsilon=0.0500
[10-07 05:03:40] INFO: [STAT] ep=7325 | roll@25(s/c/t)=1.0/0.0/0.0 (0.98/0.00/0.02) | R.mean=0.6
[10-07 05:03:40] INFO: [METRICS-25] time=15.37s | dfreq=0.000 | ddist=0.000m
[10-07 05:03:40] INFO: [METRICS-PLOT] 3-metrics curve -> /root/bayes-vl-matched-20261006/crowd_nav/runs/bayes-matched-v1/bayes_mean-seed42-to8000/curves_3metrics.png
[10-07 05:03:40] INFO: [RL-EP-7325] (7325/8000) s/c/t=1/0/0 qloss=0.0000 ploss=0.0000 buf=200000
[10-07 05:03:40] INFO:               cumulative s/c/t%: 98.0%/0.0%/2.0%
[10-07 05:03:40] INFO: [REPLAY-STORE] ok=4325 skip=0 steps=229739 buf=200000
[10-07 05:03:40] INFO: [STAGE0-MONITOR] timeout_ratio=0.020 (target: decrease over time)
[10-07 05:03:40] INFO: ================================================================================
[10-07 05:03:40] INFO: [MULTI-SCALE-7325] TARGET: peak=1.000 stable_90=10ep
[10-07 05:03:40] INFO: [MULTI-SCALE-7325] WINDOWS: short=1.000 med=1.000 long=0.990
[10-07 05:03:40] INFO: [MULTI-SCALE-7325] QUALITY: stability=0.800 learn_rate=0.00000
[10-07 05:03:40] INFO: [ACHIEVEMENT] Stable 90%+ success rate achieved for 10 episodes!
[10-07 05:03:40] INFO: [HEALTH-CHECK-7325] Overall: NEEDS_IMPROVEMENT (score=0.400)
[10-07 05:03:40] INFO: ================================================================================
[10-07 05:03:44] INFO: [RL-EP-7326] (7326)
[10-07 05:03:47] INFO: [RL-EP-7327] (7327)
[10-07 05:03:50] INFO: [RL-EP-7328] (7328)
[10-07 05:03:54] INFO: [RL-EP-7329] (7329)
[10-07 05:03:57] INFO: [RL-EP-7330] roll=1.000/0.000/0.000
[10-07 05:04:00] INFO: [RL-EP-7331] (7331)
[10-07 05:04:04] INFO: [RL-EP-7332] (7332)
[10-07 05:04:07] INFO: [RL-EP-7333] (7333)
[10-07 05:04:10] INFO: [RL-EP-7334] (7334)
[10-07 05:04:13] INFO: [RL-EP-7335] roll=1.000/0.000/0.000
[10-07 05:04:17] INFO: [RL-EP-7336] (7336)
[10-07 05:04:19] INFO: [RL-EP-7337] (7337)
[10-07 05:04:23] INFO: [RL-EP-7338] (7338)
[10-07 05:04:26] INFO: [RL-EP-7339] (7339)
[10-07 05:04:29] INFO: [RL-EP-7340] roll=1.000/0.000/0.000
[10-07 05:04:32] INFO: [RL-EP-7341] (7341)
[10-07 05:04:35] INFO: [RL-EP-7342] (7342)
[10-07 05:04:38] INFO: [RL-EP-7343] (7343)
[10-07 05:04:42] INFO: [RL-EP-7344] (7344)
[10-07 05:04:45] INFO: [RL-EP-7345] roll=1.000/0.000/0.000
[10-07 05:04:48] INFO: [RL-EP-7346] (7346)
[10-07 05:04:51] INFO: [RL-EP-7347] (7347)
[10-07 05:04:54] INFO: [RL-EP-7348] (7348)
[10-07 05:04:57] INFO: [RL-EP-7349] (7349)
[10-07 05:04:57] INFO: [CONFIG-CHECK] ep=7350 updates_per_ep=4 (from config)
[10-07 05:05:01] INFO: [SARL-LOSS] ep=7350 value_loss=0.0033 epsilon=0.0500
[10-07 05:05:01] INFO: [STAT] ep=7350 | roll@25(s/c/t)=1.0/0.0/0.0 (1.00/0.00/0.00) | R.mean=0.6
[10-07 05:05:01] INFO: [METRICS-25] time=13.47s | dfreq=0.000 | ddist=0.000m
[10-07 05:05:01] INFO: [METRICS-PLOT] 3-metrics curve -> /root/bayes-vl-matched-20261006/crowd_nav/runs/bayes-matched-v1/bayes_mean-seed42-to8000/curves_3metrics.png
[10-07 05:05:01] INFO: [RL-EP-7350] (7350/8000) s/c/t=1/0/0 qloss=0.0000 ploss=0.0000 buf=200000
[10-07 05:05:01] INFO:               cumulative s/c/t%: 100.0%/0.0%/0.0%
[10-07 05:05:01] INFO: [REPLAY-STORE] ok=4350 skip=0 steps=231063 buf=200000
[10-07 05:05:01] INFO: [STAGE0-MONITOR] timeout_ratio=0.000 (target: decrease over time)
[10-07 05:05:01] INFO: ================================================================================
[10-07 05:05:01] INFO: [MULTI-SCALE-7350] TARGET: peak=1.000 stable_90=10ep
[10-07 05:05:01] INFO: [MULTI-SCALE-7350] WINDOWS: short=1.000 med=1.000 long=0.990
[10-07 05:05:01] INFO: [MULTI-SCALE-7350] QUALITY: stability=0.800 learn_rate=0.00000
[10-07 05:05:01] INFO: [ACHIEVEMENT] Stable 90%+ success rate achieved for 10 episodes!
[10-07 05:05:01] INFO: [HEALTH-CHECK-7350] Overall: NEEDS_IMPROVEMENT (score=0.400)
[10-07 05:05:01] INFO: ================================================================================
[10-07 05:05:05] INFO: [RL-EP-7351] (7351)
[10-07 05:05:08] INFO: [RL-EP-7352] (7352)
[10-07 05:05:11] INFO: [RL-EP-7353] (7353)
[10-07 05:05:15] INFO: [RL-EP-7354] (7354)
[10-07 05:05:18] INFO: [RL-EP-7355] roll=1.000/0.000/0.000
[10-07 05:05:21] INFO: [RL-EP-7356] (7356)
[10-07 05:05:24] INFO: [RL-EP-7357] (7357)
[10-07 05:05:28] INFO: [RL-EP-7358] (7358)
[10-07 05:05:31] INFO: [RL-EP-7359] (7359)
[10-07 05:05:34] INFO: [RL-EP-7360] roll=1.000/0.000/0.000
[10-07 05:05:37] INFO: [RL-EP-7361] (7361)
[10-07 05:05:40] INFO: [RL-EP-7362] (7362)
[10-07 05:05:43] INFO: [RL-EP-7363] (7363)
[10-07 05:05:46] INFO: [RL-EP-7364] (7364)
[10-07 05:05:49] INFO: [RL-EP-7365] roll=1.000/0.000/0.000
[10-07 05:05:53] INFO: [RL-EP-7366] (7366)
[10-07 05:05:56] INFO: [RL-EP-7367] (7367)
[10-07 05:05:59] INFO: [RL-EP-7368] (7368)
[10-07 05:06:02] INFO: [RL-EP-7369] (7369)
[10-07 05:06:05] INFO: [RL-EP-7370] roll=1.000/0.000/0.000
[10-07 05:06:09] INFO: [RL-EP-7371] (7371)
[10-07 05:06:12] INFO: [RL-EP-7372] (7372)
[10-07 05:06:15] INFO: [RL-EP-7373] (7373)
[10-07 05:06:18] INFO: [RL-EP-7374] (7374)
[10-07 05:06:22] INFO: [SARL-LOSS] ep=7375 value_loss=0.0078 epsilon=0.0500
[10-07 05:06:22] INFO: [STAT] ep=7375 | roll@25(s/c/t)=1.0/0.0/0.0 (1.00/0.00/0.00) | R.mean=0.6
[10-07 05:06:22] INFO: [METRICS-25] time=13.27s | dfreq=0.000 | ddist=0.000m
[10-07 05:06:22] INFO: [METRICS-PLOT] 3-metrics curve -> /root/bayes-vl-matched-20261006/crowd_nav/runs/bayes-matched-v1/bayes_mean-seed42-to8000/curves_3metrics.png
[10-07 05:06:22] INFO: [RL-EP-7375] (7375/8000) s/c/t=1/0/0 qloss=0.0000 ploss=0.0000 buf=200000
[10-07 05:06:22] INFO:               cumulative s/c/t%: 100.0%/0.0%/0.0%
[10-07 05:06:22] INFO: [REPLAY-STORE] ok=4375 skip=0 steps=232393 buf=200000
[10-07 05:06:22] INFO: [STAGE0-MONITOR] timeout_ratio=0.000 (target: decrease over time)
[10-07 05:06:22] INFO: ================================================================================
[10-07 05:06:22] INFO: [MULTI-SCALE-7375] TARGET: peak=1.000 stable_90=10ep
[10-07 05:06:22] INFO: [MULTI-SCALE-7375] WINDOWS: short=1.000 med=1.000 long=0.990
[10-07 05:06:22] INFO: [MULTI-SCALE-7375] QUALITY: stability=0.800 learn_rate=0.00000
[10-07 05:06:22] INFO: [ACHIEVEMENT] Stable 90%+ success rate achieved for 10 episodes!
[10-07 05:06:22] INFO: [HEALTH-CHECK-7375] Overall: NEEDS_IMPROVEMENT (score=0.400)
[10-07 05:06:22] INFO: ================================================================================
[10-07 05:06:26] INFO: [RL-EP-7376] (7376)
[10-07 05:06:29] INFO: [RL-EP-7377] (7377)
[10-07 05:06:32] INFO: [RL-EP-7378] (7378)
[10-07 05:06:35] INFO: [RL-EP-7379] (7379)
[10-07 05:06:38] INFO: [RL-EP-7380] roll=1.000/0.000/0.000
[10-07 05:06:42] INFO: [RL-EP-7381] (7381)
[10-07 05:06:45] INFO: [RL-EP-7382] (7382)
[10-07 05:06:49] INFO: [RL-EP-7383] (7383)
[10-07 05:06:52] INFO: [RL-EP-7384] (7384)
[10-07 05:06:56] INFO: [RL-EP-7385] roll=1.000/0.000/0.000
[10-07 05:06:59] INFO: [RL-EP-7386] (7386)
[10-07 05:07:02] INFO: [RL-EP-7387] (7387)
[10-07 05:07:05] INFO: [RL-EP-7388] (7388)
[10-07 05:07:08] INFO: [RL-EP-7389] (7389)
[10-07 05:07:12] INFO: [RL-EP-7390] roll=1.000/0.000/0.000
[10-07 05:07:15] INFO: [RL-EP-7391] (7391)
[10-07 05:07:18] INFO: [RL-EP-7392] (7392)
[10-07 05:07:21] INFO: [RL-EP-7393] (7393)
[10-07 05:07:25] INFO: [RL-EP-7394] (7394)
[10-07 05:07:28] INFO: [RL-EP-7395] roll=1.000/0.000/0.000
[10-07 05:07:31] INFO: [RL-EP-7396] (7396)
[10-07 05:07:34] INFO: [RL-EP-7397] (7397)
[10-07 05:07:37] INFO: [RL-EP-7398] (7398)
[10-07 05:07:40] INFO: [RL-EP-7399] (7399)
[10-07 05:07:40] INFO: [CONFIG-CHECK] ep=7400 updates_per_ep=4 (from config)
[10-07 05:07:40] INFO: [SARL-EPSILON] ep=7400 epsilon=0.0500 (start=0.3, end=0.05, decay=1500)
[10-07 05:07:44] INFO: [SARL-REPLAY] ep=7400 buffer_size=200000 updates=4
[10-07 05:07:44] INFO: [SARL-LOSS] ep=7400 value_loss=0.0055 epsilon=0.0500
[10-07 05:07:44] INFO: [SARL-STATS] ep=7400 buffer_size=200000
[10-07 05:07:44] INFO: [STAT] ep=7400 | roll@25(s/c/t)=1.0/0.0/0.0 (1.00/0.00/0.00) | R.mean=0.6
[10-07 05:07:44] INFO: [METRICS-25] time=13.55s | dfreq=0.000 | ddist=0.000m
[10-07 05:07:44] INFO: [METRICS-PLOT] 3-metrics curve -> /root/bayes-vl-matched-20261006/crowd_nav/runs/bayes-matched-v1/bayes_mean-seed42-to8000/curves_3metrics.png
[10-07 05:07:44] INFO: [RL-EP-7400] (7400/8000) s/c/t=1/0/0 qloss=0.0000 ploss=0.0000 buf=200000
[10-07 05:07:44] INFO:               cumulative s/c/t%: 100.0%/0.0%/0.0%
[10-07 05:07:44] INFO: [REPLAY-STORE] ok=4400 skip=0 steps=233774 buf=200000
[10-07 05:07:44] INFO: [STAGE0-MONITOR] timeout_ratio=0.000 (target: decrease over time)
[10-07 05:07:44] INFO: [SOT-7400] REWARD succ=1.0/coll=-0.50 | GRID 5×16=80 | EVENTS s=1.00/c=0.00/t=0.00
[10-07 05:07:44] INFO: ================================================================================
[10-07 05:07:44] INFO: [MULTI-SCALE-7400] TARGET: peak=1.000 stable_90=10ep
[10-07 05:07:44] INFO: [MULTI-SCALE-7400] WINDOWS: short=1.000 med=1.000 long=1.000
[10-07 05:07:44] INFO: [MULTI-SCALE-7400] QUALITY: stability=0.800 learn_rate=0.00000
[10-07 05:07:44] INFO: [ACHIEVEMENT] Stable 90%+ success rate achieved for 10 episodes!
[10-07 05:07:44] INFO: [HEALTH-CHECK-7400] Overall: NEEDS_IMPROVEMENT (score=0.400)
[10-07 05:07:44] INFO: ================================================================================
[10-07 05:07:48] INFO: [RL-EP-7401] (7401)
[10-07 05:07:51] INFO: [RL-EP-7402] (7402)
[10-07 05:07:55] INFO: [RL-EP-7403] (7403)
[10-07 05:07:58] INFO: [RL-EP-7404] (7404)
[10-07 05:08:01] INFO: [RL-EP-7405] roll=1.000/0.000/0.000
[10-07 05:08:04] INFO: [RL-EP-7406] (7406)
[10-07 05:08:08] INFO: [RL-EP-7407] (7407)
[10-07 05:08:11] INFO: [RL-EP-7408] (7408)
[10-07 05:08:14] INFO: [RL-EP-7409] (7409)
[10-07 05:08:17] INFO: [RL-EP-7410] roll=1.000/0.000/0.000
[10-07 05:08:20] INFO: [RL-EP-7411] (7411)
[10-07 05:08:23] INFO: [RL-EP-7412] (7412)
[10-07 05:08:26] INFO: [RL-EP-7413] (7413)
[10-07 05:08:30] INFO: [RL-EP-7414] (7414)
[10-07 05:08:33] INFO: [RL-EP-7415] roll=1.000/0.000/0.000
[10-07 05:08:36] INFO: [RL-EP-7416] (7416)
[10-07 05:08:39] INFO: [RL-EP-7417] (7417)
[10-07 05:08:42] INFO: [RL-EP-7418] (7418)
[10-07 05:08:46] INFO: [RL-EP-7419] (7419)
[10-07 05:08:49] INFO: [RL-EP-7420] roll=1.000/0.000/0.000
[10-07 05:08:52] INFO: [RL-EP-7421] (7421)
[10-07 05:08:55] INFO: [RL-EP-7422] (7422)
[10-07 05:08:58] INFO: [RL-EP-7423] (7423)
[10-07 05:09:02] INFO: [RL-EP-7424] (7424)
[10-07 05:09:05] INFO: [SARL-LOSS] ep=7425 value_loss=0.0063 epsilon=0.0500
[10-07 05:09:05] INFO: [STAT] ep=7425 | roll@25(s/c/t)=1.0/0.0/0.0 (1.00/0.00/0.00) | R.mean=0.6
[10-07 05:09:05] INFO: [METRICS-25] time=13.61s | dfreq=0.000 | ddist=0.000m
[10-07 05:09:06] INFO: [METRICS-PLOT] 3-metrics curve -> /root/bayes-vl-matched-20261006/crowd_nav/runs/bayes-matched-v1/bayes_mean-seed42-to8000/curves_3metrics.png
[10-07 05:09:06] INFO: [RL-EP-7425] (7425/8000) s/c/t=1/0/0 qloss=0.0000 ploss=0.0000 buf=200000
[10-07 05:09:06] INFO:               cumulative s/c/t%: 100.0%/0.0%/0.0%
[10-07 05:09:06] INFO: [REPLAY-STORE] ok=4425 skip=0 steps=235114 buf=200000
[10-07 05:09:06] INFO: [STAGE0-MONITOR] timeout_ratio=0.000 (target: decrease over time)
[10-07 05:09:06] INFO: ================================================================================
[10-07 05:09:06] INFO: [MULTI-SCALE-7425] TARGET: peak=1.000 stable_90=10ep
[10-07 05:09:06] INFO: [MULTI-SCALE-7425] WINDOWS: short=1.000 med=1.000 long=1.000
[10-07 05:09:06] INFO: [MULTI-SCALE-7425] QUALITY: stability=0.800 learn_rate=0.00000
[10-07 05:09:06] INFO: [ACHIEVEMENT] Stable 90%+ success rate achieved for 10 episodes!
[10-07 05:09:06] INFO: [HEALTH-CHECK-7425] Overall: NEEDS_IMPROVEMENT (score=0.400)
[10-07 05:09:06] INFO: ================================================================================
[10-07 05:09:09] INFO: [RL-EP-7426] (7426)
[10-07 05:09:13] INFO: [RL-EP-7427] (7427)
[10-07 05:09:16] INFO: [RL-EP-7428] (7428)
[10-07 05:09:19] INFO: [RL-EP-7429] (7429)
[10-07 05:09:22] INFO: [RL-EP-7430] roll=1.000/0.000/0.000
[10-07 05:09:25] INFO: [RL-EP-7431] (7431)
[10-07 05:09:28] INFO: [RL-EP-7432] (7432)
[10-07 05:09:32] INFO: [RL-EP-7433] (7433)
[10-07 05:09:35] INFO: [RL-EP-7434] (7434)
[10-07 05:09:38] INFO: [RL-EP-7435] roll=1.000/0.000/0.000
[10-07 05:09:41] INFO: [RL-EP-7436] (7436)
[10-07 05:09:45] INFO: [RL-EP-7437] (7437)
[10-07 05:09:48] INFO: [RL-EP-7438] (7438)
[10-07 05:09:51] INFO: [RL-EP-7439] (7439)
[10-07 05:09:54] INFO: [RL-EP-7440] roll=1.000/0.000/0.000
[10-07 05:09:58] INFO: [RL-EP-7441] (7441)
[10-07 05:10:01] INFO: [RL-EP-7442] (7442)
[10-07 05:10:04] INFO: [RL-EP-7443] (7443)
[10-07 05:10:07] INFO: [RL-EP-7444] (7444)
[10-07 05:10:10] INFO: [RL-EP-7445] roll=1.000/0.000/0.000
[10-07 05:10:13] INFO: [RL-EP-7446] (7446)
[10-07 05:10:17] INFO: [RL-EP-7447] (7447)
[10-07 05:10:20] INFO: [RL-EP-7448] (7448)
[10-07 05:10:23] INFO: [RL-EP-7449] (7449)
[10-07 05:10:23] INFO: [CONFIG-CHECK] ep=7450 updates_per_ep=4 (from config)
[10-07 05:10:26] INFO: [SARL-LOSS] ep=7450 value_loss=0.0053 epsilon=0.0500
[10-07 05:10:26] INFO: [STAT] ep=7450 | roll@25(s/c/t)=1.0/0.0/0.0 (1.00/0.00/0.00) | R.mean=0.6
[10-07 05:10:26] INFO: [METRICS-25] time=13.34s | dfreq=0.000 | ddist=0.000m
[10-07 05:10:26] INFO: [METRICS-PLOT] 3-metrics curve -> /root/bayes-vl-matched-20261006/crowd_nav/runs/bayes-matched-v1/bayes_mean-seed42-to8000/curves_3metrics.png
[10-07 05:10:26] INFO: [RL-EP-7450] (7450/8000) s/c/t=1/0/0 qloss=0.0000 ploss=0.0000 buf=200000
[10-07 05:10:26] INFO:               cumulative s/c/t%: 100.0%/0.0%/0.0%
[10-07 05:10:26] INFO: [REPLAY-STORE] ok=4450 skip=0 steps=236441 buf=200000
[10-07 05:10:26] INFO: [STAGE0-MONITOR] timeout_ratio=0.000 (target: decrease over time)
[10-07 05:10:26] INFO: ================================================================================
[10-07 05:10:26] INFO: [MULTI-SCALE-7450] TARGET: peak=1.000 stable_90=10ep
[10-07 05:10:26] INFO: [MULTI-SCALE-7450] WINDOWS: short=1.000 med=1.000 long=1.000
[10-07 05:10:26] INFO: [MULTI-SCALE-7450] QUALITY: stability=0.800 learn_rate=0.00000
[10-07 05:10:26] INFO: [ACHIEVEMENT] Stable 90%+ success rate achieved for 10 episodes!
[10-07 05:10:26] INFO: [HEALTH-CHECK-7450] Overall: NEEDS_IMPROVEMENT (score=0.400)
[10-07 05:10:26] INFO: ================================================================================
[10-07 05:10:30] INFO: [RL-EP-7451] (7451)
[10-07 05:10:33] INFO: [RL-EP-7452] (7452)
[10-07 05:10:37] INFO: [RL-EP-7453] (7453)
[10-07 05:10:41] INFO: [RL-EP-7454] (7454)
[10-07 05:10:44] INFO: [RL-EP-7455] roll=1.000/0.000/0.000
[10-07 05:10:47] INFO: [RL-EP-7456] (7456)
[10-07 05:10:51] INFO: [RL-EP-7457] (7457)
[10-07 05:10:54] INFO: [RL-EP-7458] (7458)
[10-07 05:10:57] INFO: [RL-EP-7459] (7459)
[10-07 05:11:00] INFO: [RL-EP-7460] roll=1.000/0.000/0.000
[10-07 05:11:04] INFO: [RL-EP-7461] (7461)
[10-07 05:11:07] INFO: [RL-EP-7462] (7462)
[10-07 05:11:10] INFO: [RL-EP-7463] (7463)
[10-07 05:11:14] INFO: [RL-EP-7464] (7464)
[10-07 05:11:17] INFO: [RL-EP-7465] roll=1.000/0.000/0.000
[10-07 05:11:20] INFO: [RL-EP-7466] (7466)
[10-07 05:11:24] INFO: [RL-EP-7467] (7467)
[10-07 05:11:27] INFO: [RL-EP-7468] (7468)
[10-07 05:11:31] INFO: [RL-EP-7469] (7469)
[10-07 05:11:34] INFO: [RL-EP-7470] roll=1.000/0.000/0.000
[10-07 05:11:38] INFO: [RL-EP-7471] (7471)
[10-07 05:11:41] INFO: [RL-EP-7472] (7472)
[10-07 05:11:44] INFO: [RL-EP-7473] (7473)
[10-07 05:11:48] INFO: [RL-EP-7474] (7474)
[10-07 05:11:51] INFO: [SARL-LOSS] ep=7475 value_loss=0.0074 epsilon=0.0500
[10-07 05:11:51] INFO: [STAT] ep=7475 | roll@25(s/c/t)=1.0/0.0/0.0 (1.00/0.00/0.00) | R.mean=0.6
[10-07 05:11:51] INFO: [METRICS-25] time=13.79s | dfreq=0.000 | ddist=0.000m
[10-07 05:11:51] INFO: [METRICS-PLOT] 3-metrics curve -> /root/bayes-vl-matched-20261006/crowd_nav/runs/bayes-matched-v1/bayes_mean-seed42-to8000/curves_3metrics.png
[10-07 05:11:51] INFO: [RL-EP-7475] (7475/8000) s/c/t=1/0/0 qloss=0.0000 ploss=0.0000 buf=200000
[10-07 05:11:51] INFO:               cumulative s/c/t%: 100.0%/0.0%/0.0%
[10-07 05:11:51] INFO: [REPLAY-STORE] ok=4475 skip=0 steps=237873 buf=200000
[10-07 05:11:51] INFO: [STAGE0-MONITOR] timeout_ratio=0.000 (target: decrease over time)
[10-07 05:11:51] INFO: ================================================================================
[10-07 05:11:51] INFO: [MULTI-SCALE-7475] TARGET: peak=1.000 stable_90=10ep
[10-07 05:11:51] INFO: [MULTI-SCALE-7475] WINDOWS: short=1.000 med=1.000 long=1.000
[10-07 05:11:51] INFO: [MULTI-SCALE-7475] QUALITY: stability=0.800 learn_rate=0.00000
[10-07 05:11:51] INFO: [ACHIEVEMENT] Stable 90%+ success rate achieved for 10 episodes!
[10-07 05:11:51] INFO: [HEALTH-CHECK-7475] Overall: NEEDS_IMPROVEMENT (score=0.400)
[10-07 05:11:51] INFO: ================================================================================
[10-07 05:11:54] INFO: [RL-EP-7476] (7476)
[10-07 05:11:58] INFO: [RL-EP-7477] (7477)
[10-07 05:12:01] INFO: [RL-EP-7478] (7478)
[10-07 05:12:04] INFO: [RL-EP-7479] (7479)
[10-07 05:12:08] INFO: [RL-EP-7480] roll=1.000/0.000/0.000
[10-07 05:12:11] INFO: [RL-EP-7481] (7481)
[10-07 05:12:14] INFO: [RL-EP-7482] (7482)
[10-07 05:12:18] INFO: [RL-EP-7483] (7483)
[10-07 05:12:21] INFO: [RL-EP-7484] (7484)
[10-07 05:12:24] INFO: [RL-EP-7485] roll=1.000/0.000/0.000
[10-07 05:12:27] INFO: [RL-EP-7486] (7486)
[10-07 05:12:31] INFO: [RL-EP-7487] (7487)
[10-07 05:12:34] INFO: [RL-EP-7488] (7488)
[10-07 05:12:38] INFO: [RL-EP-7489] (7489)
[10-07 05:12:41] INFO: [RL-EP-7490] roll=1.000/0.000/0.000
[10-07 05:12:45] INFO: [RL-EP-7491] (7491)
[10-07 05:12:48] INFO: [RL-EP-7492] (7492)
[10-07 05:12:51] INFO: [RL-EP-7493] (7493)
[10-07 05:12:55] INFO: [RL-EP-7494] (7494)
[10-07 05:12:58] INFO: [RL-EP-7495] roll=1.000/0.000/0.000
[10-07 05:13:01] INFO: [RL-EP-7496] (7496)
[10-07 05:13:05] INFO: [RL-EP-7497] (7497)
[10-07 05:13:08] INFO: [RL-EP-7498] (7498)
[10-07 05:13:11] INFO: [RL-EP-7499] (7499)
[10-07 05:13:11] INFO: [CONFIG-CHECK] ep=7500 updates_per_ep=4 (from config)
[10-07 05:13:11] INFO: [SARL-EPSILON] ep=7500 epsilon=0.0500 (start=0.3, end=0.05, decay=1500)
[10-07 05:13:15] INFO: [SARL-REPLAY] ep=7500 buffer_size=200000 updates=4
[10-07 05:13:15] INFO: [SARL-LOSS] ep=7500 value_loss=0.0044 epsilon=0.0500
[10-07 05:13:15] INFO: [SARL-STATS] ep=7500 buffer_size=200000
[10-07 05:13:15] INFO: [STAT] ep=7500 | roll@25(s/c/t)=1.0/0.0/0.0 (1.00/0.00/0.00) | R.mean=0.6
[10-07 05:13:15] INFO: [METRICS-25] time=14.30s | dfreq=0.000 | ddist=0.000m
[10-07 05:13:15] INFO: [METRICS-PLOT] 3-metrics curve -> /root/bayes-vl-matched-20261006/crowd_nav/runs/bayes-matched-v1/bayes_mean-seed42-to8000/curves_3metrics.png
[10-07 05:13:15] INFO: [RL-EP-7500] (7500/8000) s/c/t=1/0/0 qloss=0.0000 ploss=0.0000 buf=200000
[10-07 05:13:15] INFO:               cumulative s/c/t%: 100.0%/0.0%/0.0%
[10-07 05:13:15] INFO: [REPLAY-STORE] ok=4500 skip=0 steps=239301 buf=200000
[10-07 05:13:15] INFO: [STAGE0-MONITOR] timeout_ratio=0.000 (target: decrease over time)
[10-07 05:13:15] INFO: [SOT-7500] REWARD succ=1.0/coll=-0.50 | GRID 5×16=80 | EVENTS s=1.00/c=0.00/t=0.00
[10-07 05:13:15] INFO: ================================================================================
[10-07 05:13:15] INFO: [MULTI-SCALE-7500] TARGET: peak=1.000 stable_90=10ep
[10-07 05:13:15] INFO: [MULTI-SCALE-7500] WINDOWS: short=1.000 med=1.000 long=1.000
[10-07 05:13:15] INFO: [MULTI-SCALE-7500] QUALITY: stability=0.800 learn_rate=0.00000
[10-07 05:13:15] INFO: [ACHIEVEMENT] Stable 90%+ success rate achieved for 10 episodes!
[10-07 05:13:15] INFO: [HEALTH-CHECK-7500] Overall: NEEDS_IMPROVEMENT (score=0.400)
[10-07 05:13:15] INFO: ================================================================================
[10-07 05:13:16] INFO: [RL-SAVE] sarl checkpoint -> /root/bayes-vl-matched-20261006/crowd_nav/runs/bayes-matched-v1/bayes_mean-seed42-to8000/rl_model_ep7500.pth
[10-07 05:13:16] INFO: [RL-SAVE] Saved components: policy, target network, optimizer
[10-07 05:13:19] INFO: [RL-EP-7501] (7501)
[10-07 05:13:22] INFO: [RL-EP-7502] (7502)
[10-07 05:13:25] INFO: [RL-EP-7503] (7503)
[10-07 05:13:28] INFO: [RL-EP-7504] (7504)
[10-07 05:13:31] INFO: [RL-EP-7505] roll=1.000/0.000/0.000
[10-07 05:13:35] INFO: [RL-EP-7506] (7506)
[10-07 05:13:38] INFO: [RL-EP-7507] (7507)
[10-07 05:13:42] INFO: [RL-EP-7508] (7508)
[10-07 05:13:45] INFO: [RL-EP-7509] (7509)
[10-07 05:13:49] INFO: [RL-EP-7510] roll=1.000/0.000/0.000
[10-07 05:13:52] INFO: [RL-EP-7511] (7511)
[10-07 05:13:55] INFO: [RL-EP-7512] (7512)
[10-07 05:13:58] INFO: [RL-EP-7513] (7513)
[10-07 05:14:02] INFO: [RL-EP-7514] (7514)
[10-07 05:14:05] INFO: [RL-EP-7515] roll=1.000/0.000/0.000
[10-07 05:14:08] INFO: [RL-EP-7516] (7516)
[10-07 05:14:11] INFO: [RL-EP-7517] (7517)
[10-07 05:14:15] INFO: [RL-EP-7518] (7518)
[10-07 05:14:18] INFO: [RL-EP-7519] (7519)
[10-07 05:14:22] INFO: [RL-EP-7520] roll=1.000/0.000/0.000
[10-07 05:14:25] INFO: [RL-EP-7521] (7521)
[10-07 05:14:28] INFO: [RL-EP-7522] (7522)
[10-07 05:14:31] INFO: [RL-EP-7523] (7523)
[10-07 05:14:35] INFO: [RL-EP-7524] (7524)
[10-07 05:14:38] INFO: [SARL-LOSS] ep=7525 value_loss=0.0138 epsilon=0.0500
[10-07 05:14:38] INFO: [STAT] ep=7525 | roll@25(s/c/t)=1.0/0.0/0.0 (1.00/0.00/0.00) | R.mean=0.6
[10-07 05:14:38] INFO: [METRICS-25] time=14.15s | dfreq=0.000 | ddist=0.000m
[10-07 05:14:38] INFO: [METRICS-PLOT] 3-metrics curve -> /root/bayes-vl-matched-20261006/crowd_nav/runs/bayes-matched-v1/bayes_mean-seed42-to8000/curves_3metrics.png
[10-07 05:14:38] INFO: [RL-EP-7525] (7525/8000) s/c/t=1/0/0 qloss=0.0000 ploss=0.0000 buf=200000
[10-07 05:14:38] INFO:               cumulative s/c/t%: 100.0%/0.0%/0.0%
[10-07 05:14:38] INFO: [REPLAY-STORE] ok=4525 skip=0 steps=240703 buf=200000
[10-07 05:14:38] INFO: [STAGE0-MONITOR] timeout_ratio=0.000 (target: decrease over time)
[10-07 05:14:38] INFO: ================================================================================
[10-07 05:14:38] INFO: [MULTI-SCALE-7525] TARGET: peak=1.000 stable_90=10ep
[10-07 05:14:38] INFO: [MULTI-SCALE-7525] WINDOWS: short=1.000 med=1.000 long=1.000
[10-07 05:14:38] INFO: [MULTI-SCALE-7525] QUALITY: stability=0.800 learn_rate=0.00000
[10-07 05:14:38] INFO: [ACHIEVEMENT] Stable 90%+ success rate achieved for 10 episodes!
[10-07 05:14:38] INFO: [HEALTH-CHECK-7525] Overall: NEEDS_IMPROVEMENT (score=0.400)
[10-07 05:14:38] INFO: ================================================================================
[10-07 05:14:41] INFO: [RL-EP-7526] (7526)
[10-07 05:14:45] INFO: [RL-EP-7527] (7527)
[10-07 05:14:48] INFO: [RL-EP-7528] (7528)
[10-07 05:14:51] INFO: [RL-EP-7529] (7529)
[10-07 05:14:55] INFO: [RL-EP-7530] roll=1.000/0.000/0.000
[10-07 05:14:58] INFO: [RL-EP-7531] (7531)
[10-07 05:15:01] INFO: [RL-EP-7532] (7532)
[10-07 05:15:05] INFO: [RL-EP-7533] (7533)
[10-07 05:15:08] INFO: [RL-EP-7534] (7534)
[10-07 05:15:12] INFO: [RL-EP-7535] roll=1.000/0.000/0.000
[10-07 05:15:15] INFO: [RL-EP-7536] (7536)
[10-07 05:15:18] INFO: [RL-EP-7537] (7537)
[10-07 05:15:22] INFO: [RL-EP-7538] (7538)
[10-07 05:15:25] INFO: [RL-EP-7539] (7539)
[10-07 05:15:28] INFO: [RL-EP-7540] roll=1.000/0.000/0.000
[10-07 05:15:32] INFO: [RL-EP-7541] (7541)
[10-07 05:15:35] INFO: [RL-EP-7542] (7542)
[10-07 05:15:38] INFO: [RL-EP-7543] (7543)
[10-07 05:15:41] INFO: [RL-EP-7544] (7544)
[10-07 05:15:45] INFO: [RL-EP-7545] roll=1.000/0.000/0.000
[10-07 05:15:48] INFO: [RL-EP-7546] (7546)
[10-07 05:15:51] INFO: [RL-EP-7547] (7547)
[10-07 05:15:55] INFO: [RL-EP-7548] (7548)
[10-07 05:15:58] INFO: [RL-EP-7549] (7549)
[10-07 05:15:58] INFO: [CONFIG-CHECK] ep=7550 updates_per_ep=4 (from config)
[10-07 05:16:01] INFO: [SARL-LOSS] ep=7550 value_loss=0.0060 epsilon=0.0500
[10-07 05:16:01] INFO: [STAT] ep=7550 | roll@25(s/c/t)=1.0/0.0/0.0 (1.00/0.00/0.00) | R.mean=0.6
[10-07 05:16:01] INFO: [METRICS-25] time=14.12s | dfreq=0.000 | ddist=0.000m
[10-07 05:16:02] INFO: [METRICS-PLOT] 3-metrics curve -> /root/bayes-vl-matched-20261006/crowd_nav/runs/bayes-matched-v1/bayes_mean-seed42-to8000/curves_3metrics.png
[10-07 05:16:02] INFO: [RL-EP-7550] (7550/8000) s/c/t=1/0/0 qloss=0.0000 ploss=0.0000 buf=200000
[10-07 05:16:02] INFO:               cumulative s/c/t%: 100.0%/0.0%/0.0%
[10-07 05:16:02] INFO: [REPLAY-STORE] ok=4550 skip=0 steps=242126 buf=200000
[10-07 05:16:02] INFO: [STAGE0-MONITOR] timeout_ratio=0.000 (target: decrease over time)
[10-07 05:16:02] INFO: ================================================================================
[10-07 05:16:02] INFO: [MULTI-SCALE-7550] TARGET: peak=1.000 stable_90=10ep
[10-07 05:16:02] INFO: [MULTI-SCALE-7550] WINDOWS: short=1.000 med=1.000 long=1.000
[10-07 05:16:02] INFO: [MULTI-SCALE-7550] QUALITY: stability=0.800 learn_rate=0.00000
[10-07 05:16:02] INFO: [ACHIEVEMENT] Stable 90%+ success rate achieved for 10 episodes!
[10-07 05:16:02] INFO: [HEALTH-CHECK-7550] Overall: NEEDS_IMPROVEMENT (score=0.400)
[10-07 05:16:02] INFO: ================================================================================
[10-07 05:16:05] INFO: [RL-EP-7551] (7551)
[10-07 05:16:08] INFO: [RL-EP-7552] (7552)
[10-07 05:16:12] INFO: [RL-EP-7553] (7553)
[10-07 05:16:15] INFO: [RL-EP-7554] (7554)
[10-07 05:16:18] INFO: [RL-EP-7555] roll=1.000/0.000/0.000
[10-07 05:16:21] INFO: [RL-EP-7556] (7556)
[10-07 05:16:25] INFO: [RL-EP-7557] (7557)
[10-07 05:16:28] INFO: [RL-EP-7558] (7558)
[10-07 05:16:31] INFO: [RL-EP-7559] (7559)
[10-07 05:16:34] INFO: [RL-EP-7560] roll=1.000/0.000/0.000
[10-07 05:16:37] INFO: [RL-EP-7561] (7561)
[10-07 05:16:40] INFO: [RL-EP-7562] (7562)
[10-07 05:16:43] INFO: [RL-EP-7563] (7563)
[10-07 05:16:47] INFO: [RL-EP-7564] (7564)
[10-07 05:16:50] INFO: [RL-EP-7565] roll=1.000/0.000/0.000
[10-07 05:16:53] INFO: [RL-EP-7566] (7566)
[10-07 05:16:56] INFO: [RL-EP-7567] (7567)
[10-07 05:16:59] INFO: [RL-EP-7568] (7568)
[10-07 05:17:03] INFO: [RL-EP-7569] (7569)
[10-07 05:17:06] INFO: [RL-EP-7570] roll=1.000/0.000/0.000
[10-07 05:17:09] INFO: [RL-EP-7571] (7571)
[10-07 05:17:12] INFO: [RL-EP-7572] (7572)
[10-07 05:17:15] INFO: [RL-EP-7573] (7573)
[10-07 05:17:19] INFO: [RL-EP-7574] (7574)
[10-07 05:17:22] INFO: [SARL-LOSS] ep=7575 value_loss=0.0073 epsilon=0.0500
[10-07 05:17:22] INFO: [STAT] ep=7575 | roll@25(s/c/t)=1.0/0.0/0.0 (1.00/0.00/0.00) | R.mean=0.6
[10-07 05:17:22] INFO: [METRICS-25] time=13.87s | dfreq=0.000 | ddist=0.000m
[10-07 05:17:22] INFO: [METRICS-PLOT] 3-metrics curve -> /root/bayes-vl-matched-20261006/crowd_nav/runs/bayes-matched-v1/bayes_mean-seed42-to8000/curves_3metrics.png
[10-07 05:17:22] INFO: [RL-EP-7575] (7575/8000) s/c/t=1/0/0 qloss=0.0000 ploss=0.0000 buf=200000
[10-07 05:17:22] INFO:               cumulative s/c/t%: 100.0%/0.0%/0.0%
[10-07 05:17:22] INFO: [REPLAY-STORE] ok=4575 skip=0 steps=243477 buf=200000
[10-07 05:17:22] INFO: [STAGE0-MONITOR] timeout_ratio=0.000 (target: decrease over time)
[10-07 05:17:22] INFO: ================================================================================
[10-07 05:17:22] INFO: [MULTI-SCALE-7575] TARGET: peak=1.000 stable_90=10ep
[10-07 05:17:22] INFO: [MULTI-SCALE-7575] WINDOWS: short=1.000 med=1.000 long=1.000
[10-07 05:17:22] INFO: [MULTI-SCALE-7575] QUALITY: stability=0.800 learn_rate=0.00000
[10-07 05:17:22] INFO: [ACHIEVEMENT] Stable 90%+ success rate achieved for 10 episodes!
[10-07 05:17:22] INFO: [HEALTH-CHECK-7575] Overall: NEEDS_IMPROVEMENT (score=0.400)
[10-07 05:17:22] INFO: ================================================================================
[10-07 05:17:26] INFO: [RL-EP-7576] (7576)
[10-07 05:17:29] INFO: [RL-EP-7577] (7577)
[10-07 05:17:33] INFO: [RL-EP-7578] (7578)
[10-07 05:17:36] INFO: [RL-EP-7579] (7579)
[10-07 05:17:39] INFO: [RL-EP-7580] roll=1.000/0.000/0.000
[10-07 05:17:42] INFO: [RL-EP-7581] (7581)
[10-07 05:17:45] INFO: [RL-EP-7582] (7582)
[10-07 05:17:48] INFO: [RL-EP-7583] (7583)
[10-07 05:17:51] INFO: [RL-EP-7584] (7584)
[10-07 05:17:55] INFO: [RL-EP-7585] roll=1.000/0.000/0.000
[10-07 05:17:58] INFO: [RL-EP-7586] (7586)
[10-07 05:18:01] INFO: [RL-EP-7587] (7587)
[10-07 05:18:04] INFO: [RL-EP-7588] (7588)
[10-07 05:18:07] INFO: [RL-EP-7589] (7589)
[10-07 05:18:10] INFO: [RL-EP-7590] roll=1.000/0.000/0.000
[10-07 05:18:14] INFO: [RL-EP-7591] (7591)
[10-07 05:18:17] INFO: [RL-EP-7592] (7592)
[10-07 05:18:20] INFO: [RL-EP-7593] (7593)
[10-07 05:18:24] INFO: [RL-EP-7594] (7594)
[10-07 05:18:27] INFO: [RL-EP-7595] roll=1.000/0.000/0.000
[10-07 05:18:30] INFO: [RL-EP-7596] (7596)
[10-07 05:18:34] INFO: [RL-EP-7597] (7597)
[10-07 05:18:37] INFO: [RL-EP-7598] (7598)
[10-07 05:18:40] INFO: [RL-EP-7599] (7599)
[10-07 05:18:40] INFO: [CONFIG-CHECK] ep=7600 updates_per_ep=4 (from config)
[10-07 05:18:40] INFO: [SARL-EPSILON] ep=7600 epsilon=0.0500 (start=0.3, end=0.05, decay=1500)
[10-07 05:18:44] INFO: [SARL-REPLAY] ep=7600 buffer_size=200000 updates=4
[10-07 05:18:44] INFO: [SARL-LOSS] ep=7600 value_loss=0.0057 epsilon=0.0500
[10-07 05:18:44] INFO: [SARL-STATS] ep=7600 buffer_size=200000
[10-07 05:18:44] INFO: [STAT] ep=7600 | roll@25(s/c/t)=1.0/0.0/0.0 (1.00/0.00/0.00) | R.mean=0.6
[10-07 05:18:44] INFO: [METRICS-25] time=13.84s | dfreq=0.000 | ddist=0.000m
[10-07 05:18:44] INFO: [METRICS-PLOT] 3-metrics curve -> /root/bayes-vl-matched-20261006/crowd_nav/runs/bayes-matched-v1/bayes_mean-seed42-to8000/curves_3metrics.png
[10-07 05:18:44] INFO: [RL-EP-7600] (7600/8000) s/c/t=1/0/0 qloss=0.0000 ploss=0.0000 buf=200000
[10-07 05:18:44] INFO:               cumulative s/c/t%: 100.0%/0.0%/0.0%
[10-07 05:18:44] INFO: [REPLAY-STORE] ok=4600 skip=0 steps=244894 buf=200000
[10-07 05:18:44] INFO: [STAGE0-MONITOR] timeout_ratio=0.000 (target: decrease over time)
[10-07 05:18:44] INFO: [SOT-7600] REWARD succ=1.0/coll=-0.50 | GRID 5×16=80 | EVENTS s=1.00/c=0.00/t=0.00
[10-07 05:18:44] INFO: ================================================================================
[10-07 05:18:44] INFO: [MULTI-SCALE-7600] TARGET: peak=1.000 stable_90=10ep
[10-07 05:18:44] INFO: [MULTI-SCALE-7600] WINDOWS: short=1.000 med=1.000 long=1.000
[10-07 05:18:44] INFO: [MULTI-SCALE-7600] QUALITY: stability=0.800 learn_rate=0.00000
[10-07 05:18:44] INFO: [ACHIEVEMENT] Stable 90%+ success rate achieved for 10 episodes!
[10-07 05:18:44] INFO: [HEALTH-CHECK-7600] Overall: NEEDS_IMPROVEMENT (score=0.400)
[10-07 05:18:44] INFO: ================================================================================
[10-07 05:18:47] INFO: [RL-EP-7601] (7601)
[10-07 05:18:51] INFO: [RL-EP-7602] (7602)
[10-07 05:18:54] INFO: [RL-EP-7603] (7603)
[10-07 05:18:57] INFO: [RL-EP-7604] (7604)
[10-07 05:19:00] INFO: [RL-EP-7605] roll=1.000/0.000/0.000
[10-07 05:19:03] INFO: [RL-EP-7606] (7606)
[10-07 05:19:07] INFO: [RL-EP-7607] (7607)
[10-07 05:19:10] INFO: [RL-EP-7608] (7608)
[10-07 05:19:13] INFO: [RL-EP-7609] (7609)
[10-07 05:19:16] INFO: [RL-EP-7610] roll=1.000/0.000/0.000
[10-07 05:19:20] INFO: [RL-EP-7611] (7611)
[10-07 05:19:23] INFO: [RL-EP-7612] (7612)
[10-07 05:19:26] INFO: [RL-EP-7613] (7613)
[10-07 05:19:30] INFO: [RL-EP-7614] (7614)
[10-07 05:19:33] INFO: [RL-EP-7615] roll=1.000/0.000/0.000
[10-07 05:19:36] INFO: [RL-EP-7616] (7616)
[10-07 05:19:39] INFO: [RL-EP-7617] (7617)
[10-07 05:19:42] INFO: [RL-EP-7618] (7618)
[10-07 05:19:46] INFO: [RL-EP-7619] (7619)
[10-07 05:19:49] INFO: [RL-EP-7620] roll=1.000/0.000/0.000
[10-07 05:19:52] INFO: [RL-EP-7621] (7621)
[10-07 05:19:55] INFO: [RL-EP-7622] (7622)
[10-07 05:19:59] INFO: [RL-EP-7623] (7623)
[10-07 05:20:02] INFO: [RL-EP-7624] (7624)
[10-07 05:20:05] INFO: [SARL-LOSS] ep=7625 value_loss=0.0060 epsilon=0.0500
[10-07 05:20:05] INFO: [STAT] ep=7625 | roll@25(s/c/t)=1.0/0.0/0.0 (1.00/0.00/0.00) | R.mean=0.6
[10-07 05:20:05] INFO: [METRICS-25] time=14.38s | dfreq=0.000 | ddist=0.000m
[10-07 05:20:06] INFO: [METRICS-PLOT] 3-metrics curve -> /root/bayes-vl-matched-20261006/crowd_nav/runs/bayes-matched-v1/bayes_mean-seed42-to8000/curves_3metrics.png
[10-07 05:20:06] INFO: [RL-EP-7625] (7625/8000) s/c/t=1/0/0 qloss=0.0000 ploss=0.0000 buf=200000
[10-07 05:20:06] INFO:               cumulative s/c/t%: 100.0%/0.0%/0.0%
[10-07 05:20:06] INFO: [REPLAY-STORE] ok=4625 skip=0 steps=246353 buf=200000
[10-07 05:20:06] INFO: [STAGE0-MONITOR] timeout_ratio=0.000 (target: decrease over time)
[10-07 05:20:06] INFO: ================================================================================
[10-07 05:20:06] INFO: [MULTI-SCALE-7625] TARGET: peak=1.000 stable_90=10ep
[10-07 05:20:06] INFO: [MULTI-SCALE-7625] WINDOWS: short=1.000 med=1.000 long=1.000
[10-07 05:20:06] INFO: [MULTI-SCALE-7625] QUALITY: stability=0.800 learn_rate=0.00000
[10-07 05:20:06] INFO: [ACHIEVEMENT] Stable 90%+ success rate achieved for 10 episodes!
[10-07 05:20:06] INFO: [HEALTH-CHECK-7625] Overall: NEEDS_IMPROVEMENT (score=0.400)
[10-07 05:20:06] INFO: ================================================================================
[10-07 05:20:09] INFO: [RL-EP-7626] (7626)
[10-07 05:20:12] INFO: [RL-EP-7627] (7627)
[10-07 05:20:15] INFO: [RL-EP-7628] (7628)
[10-07 05:20:18] INFO: [RL-EP-7629] (7629)
[10-07 05:20:21] INFO: [RL-EP-7630] roll=1.000/0.000/0.000
[10-07 05:20:25] INFO: [RL-EP-7631] (7631)
[10-07 05:20:28] INFO: [RL-EP-7632] (7632)
[10-07 05:20:31] INFO: [RL-EP-7633] (7633)
[10-07 05:20:35] INFO: [RL-EP-7634] (7634)
[10-07 05:20:38] INFO: [RL-EP-7635] roll=1.000/0.000/0.000
[10-07 05:20:41] INFO: [RL-EP-7636] (7636)
[10-07 05:20:44] INFO: [RL-EP-7637] (7637)
[10-07 05:20:48] INFO: [RL-EP-7638] (7638)
[10-07 05:20:51] INFO: [RL-EP-7639] (7639)
[10-07 05:20:54] INFO: [RL-EP-7640] roll=1.000/0.000/0.000
[10-07 05:20:57] INFO: [RL-EP-7641] (7641)
[10-07 05:21:00] INFO: [RL-EP-7642] (7642)
[10-07 05:21:04] INFO: [RL-EP-7643] (7643)
[10-07 05:21:07] INFO: [RL-EP-7644] (7644)
[10-07 05:21:10] INFO: [RL-EP-7645] roll=1.000/0.000/0.000
[10-07 05:21:13] INFO: [RL-EP-7646] (7646)
[10-07 05:21:17] INFO: [RL-EP-7647] (7647)
[10-07 05:21:20] INFO: [RL-EP-7648] (7648)
[10-07 05:21:24] INFO: [RL-EP-7649] (7649)
[10-07 05:21:24] INFO: [CONFIG-CHECK] ep=7650 updates_per_ep=4 (from config)
[10-07 05:21:27] INFO: [SARL-LOSS] ep=7650 value_loss=0.0031 epsilon=0.0500
[10-07 05:21:27] INFO: [STAT] ep=7650 | roll@25(s/c/t)=1.0/0.0/0.0 (1.00/0.00/0.00) | R.mean=0.6
[10-07 05:21:27] INFO: [METRICS-25] time=14.62s | dfreq=0.000 | ddist=0.000m
[10-07 05:21:27] INFO: [METRICS-PLOT] 3-metrics curve -> /root/bayes-vl-matched-20261006/crowd_nav/runs/bayes-matched-v1/bayes_mean-seed42-to8000/curves_3metrics.png
[10-07 05:21:27] INFO: [RL-EP-7650] (7650/8000) s/c/t=1/0/0 qloss=0.0000 ploss=0.0000 buf=200000
[10-07 05:21:27] INFO:               cumulative s/c/t%: 100.0%/0.0%/0.0%
[10-07 05:21:27] INFO: [REPLAY-STORE] ok=4650 skip=0 steps=247817 buf=200000
[10-07 05:21:27] INFO: [STAGE0-MONITOR] timeout_ratio=0.000 (target: decrease over time)
[10-07 05:21:27] INFO: ================================================================================
[10-07 05:21:27] INFO: [MULTI-SCALE-7650] TARGET: peak=1.000 stable_90=10ep
[10-07 05:21:27] INFO: [MULTI-SCALE-7650] WINDOWS: short=1.000 med=1.000 long=1.000
[10-07 05:21:27] INFO: [MULTI-SCALE-7650] QUALITY: stability=0.800 learn_rate=0.00000
[10-07 05:21:27] INFO: [ACHIEVEMENT] Stable 90%+ success rate achieved for 10 episodes!
[10-07 05:21:27] INFO: [HEALTH-CHECK-7650] Overall: NEEDS_IMPROVEMENT (score=0.400)
[10-07 05:21:27] INFO: ================================================================================
[10-07 05:21:31] INFO: [RL-EP-7651] (7651)
[10-07 05:21:34] INFO: [RL-EP-7652] (7652)
[10-07 05:21:38] INFO: [RL-EP-7653] (7653)
[10-07 05:21:41] INFO: [RL-EP-7654] (7654)
[10-07 05:21:44] INFO: [RL-EP-7655] roll=1.000/0.000/0.000
[10-07 05:21:47] INFO: [RL-EP-7656] (7656)
[10-07 05:21:50] INFO: [RL-EP-7657] (7657)
[10-07 05:21:53] INFO: [RL-EP-7658] (7658)
[10-07 05:21:57] INFO: [RL-EP-7659] (7659)
[10-07 05:22:00] INFO: [RL-EP-7660] roll=1.000/0.000/0.000
[10-07 05:22:03] INFO: [RL-EP-7661] (7661)
[10-07 05:22:07] INFO: [RL-EP-7662] (7662)
[10-07 05:22:10] INFO: [RL-EP-7663] (7663)
[10-07 05:22:13] INFO: [RL-EP-7664] (7664)
[10-07 05:22:16] INFO: [RL-EP-7665] roll=1.000/0.000/0.000
[10-07 05:22:19] INFO: [RL-EP-7666] (7666)
[10-07 05:22:23] INFO: [RL-EP-7667] (7667)
[10-07 05:22:26] INFO: [RL-EP-7668] (7668)
[10-07 05:22:29] INFO: [RL-EP-7669] (7669)
[10-07 05:22:33] INFO: [RL-EP-7670] roll=1.000/0.000/0.000
[10-07 05:22:36] INFO: [RL-EP-7671] (7671)
[10-07 05:22:39] INFO: [RL-EP-7672] (7672)
[10-07 05:22:42] INFO: [RL-EP-7673] (7673)
[10-07 05:22:46] INFO: [RL-EP-7674] (7674)
[10-07 05:22:49] INFO: [SARL-LOSS] ep=7675 value_loss=0.0064 epsilon=0.0500
[10-07 05:22:49] INFO: [STAT] ep=7675 | roll@25(s/c/t)=1.0/0.0/0.0 (1.00/0.00/0.00) | R.mean=0.6
[10-07 05:22:49] INFO: [METRICS-25] time=14.67s | dfreq=0.000 | ddist=0.000m
[10-07 05:22:49] INFO: [METRICS-PLOT] 3-metrics curve -> /root/bayes-vl-matched-20261006/crowd_nav/runs/bayes-matched-v1/bayes_mean-seed42-to8000/curves_3metrics.png
[10-07 05:22:49] INFO: [RL-EP-7675] (7675/8000) s/c/t=1/0/0 qloss=0.0000 ploss=0.0000 buf=200000
[10-07 05:22:49] INFO:               cumulative s/c/t%: 100.0%/0.0%/0.0%
[10-07 05:22:49] INFO: [REPLAY-STORE] ok=4675 skip=0 steps=249287 buf=200000
[10-07 05:22:49] INFO: [STAGE0-MONITOR] timeout_ratio=0.000 (target: decrease over time)
[10-07 05:22:49] INFO: ================================================================================
[10-07 05:22:49] INFO: [MULTI-SCALE-7675] TARGET: peak=1.000 stable_90=10ep
[10-07 05:22:49] INFO: [MULTI-SCALE-7675] WINDOWS: short=1.000 med=1.000 long=1.000
[10-07 05:22:49] INFO: [MULTI-SCALE-7675] QUALITY: stability=0.800 learn_rate=0.00000
[10-07 05:22:49] INFO: [ACHIEVEMENT] Stable 90%+ success rate achieved for 10 episodes!
[10-07 05:22:49] INFO: [HEALTH-CHECK-7675] Overall: NEEDS_IMPROVEMENT (score=0.400)
[10-07 05:22:49] INFO: ================================================================================
[10-07 05:22:53] INFO: [RL-EP-7676] (7676)
[10-07 05:22:56] INFO: [RL-EP-7677] (7677)
[10-07 05:22:59] INFO: [RL-EP-7678] (7678)
[10-07 05:23:02] INFO: [RL-EP-7679] (7679)
[10-07 05:23:06] INFO: [RL-EP-7680] roll=1.000/0.000/0.000
[10-07 05:23:09] INFO: [RL-EP-7681] (7681)
[10-07 05:23:12] INFO: [RL-EP-7682] (7682)
[10-07 05:23:15] INFO: [RL-EP-7683] (7683)
[10-07 05:23:19] INFO: [RL-EP-7684] (7684)
[10-07 05:23:22] INFO: [RL-EP-7685] roll=1.000/0.000/0.000
[10-07 05:23:25] INFO: [RL-EP-7686] (7686)
[10-07 05:23:28] INFO: [RL-EP-7687] (7687)
[10-07 05:23:32] INFO: [RL-EP-7688] (7688)
[10-07 05:23:35] INFO: [RL-EP-7689] (7689)
[10-07 05:23:38] INFO: [RL-EP-7690] roll=1.000/0.000/0.000
[10-07 05:23:41] INFO: [RL-EP-7691] (7691)
[10-07 05:23:45] INFO: [RL-EP-7692] (7692)
[10-07 05:23:48] INFO: [RL-EP-7693] (7693)
[10-07 05:23:51] INFO: [RL-EP-7694] (7694)
[10-07 05:23:54] INFO: [RL-EP-7695] roll=1.000/0.000/0.000
[10-07 05:23:57] INFO: [RL-EP-7696] (7696)
[10-07 05:24:01] INFO: [RL-EP-7697] (7697)
[10-07 05:24:04] INFO: [RL-EP-7698] (7698)
[10-07 05:24:08] INFO: [RL-EP-7699] (7699)
[10-07 05:24:08] INFO: [CONFIG-CHECK] ep=7700 updates_per_ep=4 (from config)
[10-07 05:24:08] INFO: [SARL-EPSILON] ep=7700 epsilon=0.0500 (start=0.3, end=0.05, decay=1500)
[10-07 05:24:11] INFO: [SARL-REPLAY] ep=7700 buffer_size=200000 updates=4
[10-07 05:24:11] INFO: [SARL-LOSS] ep=7700 value_loss=0.0057 epsilon=0.0500
[10-07 05:24:11] INFO: [SARL-STATS] ep=7700 buffer_size=200000
[10-07 05:24:11] INFO: [STAT] ep=7700 | roll@25(s/c/t)=1.0/0.0/0.0 (0.98/0.02/0.00) | R.mean=0.5
[10-07 05:24:11] INFO: [METRICS-25] time=14.77s | dfreq=0.000 | ddist=0.000m
[10-07 05:24:11] INFO: [METRICS-PLOT] 3-metrics curve -> /root/bayes-vl-matched-20261006/crowd_nav/runs/bayes-matched-v1/bayes_mean-seed42-to8000/curves_3metrics.png
[10-07 05:24:11] INFO: [RL-EP-7700] (7700/8000) s/c/t=1/0/0 qloss=0.0000 ploss=0.0000 buf=200000
[10-07 05:24:11] INFO:               cumulative s/c/t%: 98.0%/2.0%/0.0%
[10-07 05:24:11] INFO: [REPLAY-STORE] ok=4700 skip=0 steps=250771 buf=200000
[10-07 05:24:11] INFO: [STAGE0-MONITOR] timeout_ratio=0.000 (target: decrease over time)
[10-07 05:24:11] INFO: [SOT-7700] REWARD succ=1.0/coll=-0.50 | GRID 5×16=80 | EVENTS s=0.98/c=0.02/t=0.00
[10-07 05:24:11] INFO: ================================================================================
[10-07 05:24:11] INFO: [MULTI-SCALE-7700] TARGET: peak=1.000 stable_90=10ep
[10-07 05:24:11] INFO: [MULTI-SCALE-7700] WINDOWS: short=0.900 med=0.960 long=0.990
[10-07 05:24:11] INFO: [MULTI-SCALE-7700] QUALITY: stability=0.800 learn_rate=0.00000
[10-07 05:24:11] INFO: [ACHIEVEMENT] Stable 90%+ success rate achieved for 10 episodes!
[10-07 05:24:11] INFO: [HEALTH-CHECK-7700] Overall: NEEDS_IMPROVEMENT (score=0.400)
[10-07 05:24:11] INFO: ================================================================================
[10-07 05:24:15] INFO: [RL-EP-7701] (7701)
[10-07 05:24:18] INFO: [RL-EP-7702] (7702)
[10-07 05:24:21] INFO: [RL-EP-7703] (7703)
[10-07 05:24:24] INFO: [RL-EP-7704] (7704)
[10-07 05:24:28] INFO: [RL-EP-7705] roll=0.980/0.020/0.000
[10-07 05:24:31] INFO: [RL-EP-7706] (7706)
[10-07 05:24:34] INFO: [RL-EP-7707] (7707)
[10-07 05:24:37] INFO: [RL-EP-7708] (7708)
[10-07 05:24:40] INFO: [RL-EP-7709] (7709)
[10-07 05:24:43] INFO: [RL-EP-7710] roll=0.980/0.020/0.000
[10-07 05:24:46] INFO: [RL-EP-7711] (7711)
[10-07 05:24:49] INFO: [RL-EP-7712] (7712)
[10-07 05:24:53] INFO: [RL-EP-7713] (7713)
[10-07 05:24:56] INFO: [RL-EP-7714] (7714)
[10-07 05:24:59] INFO: [RL-EP-7715] roll=0.980/0.020/0.000
[10-07 05:25:03] INFO: [RL-EP-7716] (7716)
[10-07 05:25:06] INFO: [RL-EP-7717] (7717)
[10-07 05:25:09] INFO: [RL-EP-7718] (7718)
[10-07 05:25:12] INFO: [RL-EP-7719] (7719)
[10-07 05:25:16] INFO: [RL-EP-7720] roll=0.980/0.020/0.000
[10-07 05:25:19] INFO: [RL-EP-7721] (7721)
[10-07 05:25:23] INFO: [RL-EP-7722] (7722)
[10-07 05:25:26] INFO: [RL-EP-7723] (7723)
[10-07 05:25:29] INFO: [RL-EP-7724] (7724)
[10-07 05:25:32] INFO: [SARL-LOSS] ep=7725 value_loss=0.0086 epsilon=0.0500
[10-07 05:25:32] INFO: [STAT] ep=7725 | roll@25(s/c/t)=1.0/0.0/0.0 (0.98/0.02/0.00) | R.mean=0.5
[10-07 05:25:32] INFO: [METRICS-25] time=14.62s | dfreq=0.000 | ddist=0.000m
[10-07 05:25:33] INFO: [METRICS-PLOT] 3-metrics curve -> /root/bayes-vl-matched-20261006/crowd_nav/runs/bayes-matched-v1/bayes_mean-seed42-to8000/curves_3metrics.png
[10-07 05:25:33] INFO: [RL-EP-7725] (7725/8000) s/c/t=1/0/0 qloss=0.0000 ploss=0.0000 buf=200000
[10-07 05:25:33] INFO:               cumulative s/c/t%: 98.0%/2.0%/0.0%
[10-07 05:25:33] INFO: [REPLAY-STORE] ok=4725 skip=0 steps=252211 buf=200000
[10-07 05:25:33] INFO: [STAGE0-MONITOR] timeout_ratio=0.000 (target: decrease over time)
[10-07 05:25:33] INFO: ================================================================================
[10-07 05:25:33] INFO: [MULTI-SCALE-7725] TARGET: peak=1.000 stable_90=10ep
[10-07 05:25:33] INFO: [MULTI-SCALE-7725] WINDOWS: short=1.000 med=1.000 long=0.990
[10-07 05:25:33] INFO: [MULTI-SCALE-7725] QUALITY: stability=0.800 learn_rate=0.00000
[10-07 05:25:33] INFO: [ACHIEVEMENT] Stable 90%+ success rate achieved for 10 episodes!
[10-07 05:25:33] INFO: [HEALTH-CHECK-7725] Overall: NEEDS_IMPROVEMENT (score=0.400)
[10-07 05:25:33] INFO: ================================================================================
[10-07 05:25:36] INFO: [RL-EP-7726] (7726)
[10-07 05:25:39] INFO: [RL-EP-7727] (7727)
[10-07 05:25:43] INFO: [RL-EP-7728] (7728)
[10-07 05:25:46] INFO: [RL-EP-7729] (7729)
[10-07 05:25:50] INFO: [RL-EP-7730] roll=0.980/0.020/0.000
[10-07 05:25:53] INFO: [RL-EP-7731] (7731)
[10-07 05:25:56] INFO: [RL-EP-7732] (7732)
[10-07 05:26:00] INFO: [RL-EP-7733] (7733)
[10-07 05:26:03] INFO: [RL-EP-7734] (7734)
[10-07 05:26:06] INFO: [RL-EP-7735] roll=0.980/0.020/0.000
[10-07 05:26:10] INFO: [RL-EP-7736] (7736)
[10-07 05:26:13] INFO: [RL-EP-7737] (7737)
[10-07 05:26:16] INFO: [RL-EP-7738] (7738)
[10-07 05:26:19] INFO: [RL-EP-7739] (7739)
[10-07 05:26:23] INFO: [RL-EP-7740] roll=0.980/0.020/0.000
[10-07 05:26:26] INFO: [RL-EP-7741] (7741)
[10-07 05:26:29] INFO: [RL-EP-7742] (7742)
[10-07 05:26:33] INFO: [RL-EP-7743] (7743)
[10-07 05:26:36] INFO: [RL-EP-7744] (7744)
[10-07 05:26:39] INFO: [RL-EP-7745] roll=0.980/0.020/0.000
[10-07 05:26:43] INFO: [RL-EP-7746] (7746)
[10-07 05:26:46] INFO: [RL-EP-7747] (7747)
[10-07 05:26:50] INFO: [RL-EP-7748] (7748)
[10-07 05:26:53] INFO: [RL-EP-7749] (7749)
[10-07 05:26:53] INFO: [CONFIG-CHECK] ep=7750 updates_per_ep=4 (from config)
[10-07 05:26:56] INFO: [SARL-LOSS] ep=7750 value_loss=0.0055 epsilon=0.0500
[10-07 05:26:56] INFO: [STAT] ep=7750 | roll@25(s/c/t)=1.0/0.0/0.0 (1.00/0.00/0.00) | R.mean=0.6
[10-07 05:26:56] INFO: [METRICS-25] time=14.71s | dfreq=0.000 | ddist=0.000m
[10-07 05:26:56] INFO: [METRICS-PLOT] 3-metrics curve -> /root/bayes-vl-matched-20261006/crowd_nav/runs/bayes-matched-v1/bayes_mean-seed42-to8000/curves_3metrics.png
[10-07 05:26:56] INFO: [RL-EP-7750] (7750/8000) s/c/t=1/0/0 qloss=0.0000 ploss=0.0000 buf=200000
[10-07 05:26:56] INFO:               cumulative s/c/t%: 100.0%/0.0%/0.0%
[10-07 05:26:56] INFO: [REPLAY-STORE] ok=4750 skip=0 steps=253712 buf=200000
[10-07 05:26:56] INFO: [STAGE0-MONITOR] timeout_ratio=0.000 (target: decrease over time)
[10-07 05:26:56] INFO: ================================================================================
[10-07 05:26:56] INFO: [MULTI-SCALE-7750] TARGET: peak=1.000 stable_90=10ep
[10-07 05:26:56] INFO: [MULTI-SCALE-7750] WINDOWS: short=1.000 med=1.000 long=0.990
[10-07 05:26:56] INFO: [MULTI-SCALE-7750] QUALITY: stability=0.800 learn_rate=0.00000
[10-07 05:26:56] INFO: [ACHIEVEMENT] Stable 90%+ success rate achieved for 10 episodes!
[10-07 05:26:56] INFO: [HEALTH-CHECK-7750] Overall: NEEDS_IMPROVEMENT (score=0.400)
[10-07 05:26:56] INFO: ================================================================================
[10-07 05:27:00] INFO: [RL-EP-7751] (7751)
[10-07 05:27:03] INFO: [RL-EP-7752] (7752)
[10-07 05:27:06] INFO: [RL-EP-7753] (7753)
[10-07 05:27:09] INFO: [RL-EP-7754] (7754)
[10-07 05:27:12] INFO: [RL-EP-7755] roll=1.000/0.000/0.000
[10-07 05:27:15] INFO: [RL-EP-7756] (7756)
[10-07 05:27:19] INFO: [RL-EP-7757] (7757)
[10-07 05:27:22] INFO: [RL-EP-7758] (7758)
[10-07 05:27:25] INFO: [RL-EP-7759] (7759)
[10-07 05:27:28] INFO: [RL-EP-7760] roll=1.000/0.000/0.000
[10-07 05:27:32] INFO: [RL-EP-7761] (7761)
[10-07 05:27:35] INFO: [RL-EP-7762] (7762)
[10-07 05:27:38] INFO: [RL-EP-7763] (7763)
[10-07 05:27:41] INFO: [RL-EP-7764] (7764)
[10-07 05:27:44] INFO: [RL-EP-7765] roll=1.000/0.000/0.000
[10-07 05:27:47] INFO: [RL-EP-7766] (7766)
[10-07 05:27:51] INFO: [RL-EP-7767] (7767)
[10-07 05:27:54] INFO: [RL-EP-7768] (7768)
[10-07 05:27:57] INFO: [RL-EP-7769] (7769)
[10-07 05:28:00] INFO: [RL-EP-7770] roll=1.000/0.000/0.000
[10-07 05:28:04] INFO: [RL-EP-7771] (7771)
[10-07 05:28:07] INFO: [RL-EP-7772] (7772)
[10-07 05:28:10] INFO: [RL-EP-7773] (7773)
[10-07 05:28:14] INFO: [RL-EP-7774] (7774)
[10-07 05:28:17] INFO: [SARL-LOSS] ep=7775 value_loss=0.0037 epsilon=0.0500
[10-07 05:28:17] INFO: [STAT] ep=7775 | roll@25(s/c/t)=1.0/0.0/0.0 (1.00/0.00/0.00) | R.mean=0.6
[10-07 05:28:17] INFO: [METRICS-25] time=14.73s | dfreq=0.000 | ddist=0.000m
[10-07 05:28:17] INFO: [METRICS-PLOT] 3-metrics curve -> /root/bayes-vl-matched-20261006/crowd_nav/runs/bayes-matched-v1/bayes_mean-seed42-to8000/curves_3metrics.png
[10-07 05:28:17] INFO: [RL-EP-7775] (7775/8000) s/c/t=1/0/0 qloss=0.0000 ploss=0.0000 buf=200000
[10-07 05:28:17] INFO:               cumulative s/c/t%: 100.0%/0.0%/0.0%
[10-07 05:28:17] INFO: [REPLAY-STORE] ok=4775 skip=0 steps=255157 buf=200000
[10-07 05:28:17] INFO: [STAGE0-MONITOR] timeout_ratio=0.000 (target: decrease over time)
[10-07 05:28:17] INFO: ================================================================================
[10-07 05:28:17] INFO: [MULTI-SCALE-7775] TARGET: peak=1.000 stable_90=10ep
[10-07 05:28:17] INFO: [MULTI-SCALE-7775] WINDOWS: short=1.000 med=1.000 long=0.990
[10-07 05:28:17] INFO: [MULTI-SCALE-7775] QUALITY: stability=0.800 learn_rate=0.00000
[10-07 05:28:17] INFO: [ACHIEVEMENT] Stable 90%+ success rate achieved for 10 episodes!
[10-07 05:28:17] INFO: [HEALTH-CHECK-7775] Overall: NEEDS_IMPROVEMENT (score=0.400)
[10-07 05:28:17] INFO: ================================================================================
[10-07 05:28:20] INFO: [RL-EP-7776] (7776)
[10-07 05:28:24] INFO: [RL-EP-7777] (7777)
[10-07 05:28:27] INFO: [RL-EP-7778] (7778)
[10-07 05:28:30] INFO: [RL-EP-7779] (7779)
[10-07 05:28:33] INFO: [RL-EP-7780] roll=1.000/0.000/0.000
[10-07 05:28:37] INFO: [RL-EP-7781] (7781)
[10-07 05:28:40] INFO: [RL-EP-7782] (7782)
[10-07 05:28:43] INFO: [RL-EP-7783] (7783)
[10-07 05:28:46] INFO: [RL-EP-7784] (7784)
[10-07 05:28:49] INFO: [RL-EP-7785] roll=1.000/0.000/0.000
[10-07 05:28:52] INFO: [RL-EP-7786] (7786)
[10-07 05:28:56] INFO: [RL-EP-7787] (7787)
[10-07 05:28:59] INFO: [RL-EP-7788] (7788)
[10-07 05:29:03] INFO: [RL-EP-7789] (7789)
[10-07 05:29:06] INFO: [RL-EP-7790] roll=1.000/0.000/0.000
[10-07 05:29:09] INFO: [RL-EP-7791] (7791)
[10-07 05:29:12] INFO: [RL-EP-7792] (7792)
[10-07 05:29:15] INFO: [RL-EP-7793] (7793)
[10-07 05:29:18] INFO: [RL-EP-7794] (7794)
[10-07 05:29:22] INFO: [RL-EP-7795] roll=1.000/0.000/0.000
[10-07 05:29:25] INFO: [RL-EP-7796] (7796)
[10-07 05:29:28] INFO: [RL-EP-7797] (7797)
[10-07 05:29:31] INFO: [RL-EP-7798] (7798)
[10-07 05:29:34] INFO: [RL-EP-7799] (7799)
[10-07 05:29:34] INFO: [CONFIG-CHECK] ep=7800 updates_per_ep=4 (from config)
[10-07 05:29:34] INFO: [SARL-EPSILON] ep=7800 epsilon=0.0500 (start=0.3, end=0.05, decay=1500)
[10-07 05:29:38] INFO: [SARL-REPLAY] ep=7800 buffer_size=200000 updates=4
[10-07 05:29:38] INFO: [SARL-LOSS] ep=7800 value_loss=0.0069 epsilon=0.0500
[10-07 05:29:38] INFO: [SARL-STATS] ep=7800 buffer_size=200000
[10-07 05:29:38] INFO: [STAT] ep=7800 | roll@25(s/c/t)=1.0/0.0/0.0 (1.00/0.00/0.00) | R.mean=0.6
[10-07 05:29:38] INFO: [METRICS-25] time=14.44s | dfreq=0.000 | ddist=0.000m
[10-07 05:29:38] INFO: [METRICS-PLOT] 3-metrics curve -> /root/bayes-vl-matched-20261006/crowd_nav/runs/bayes-matched-v1/bayes_mean-seed42-to8000/curves_3metrics.png
[10-07 05:29:38] INFO: [RL-EP-7800] (7800/8000) s/c/t=1/0/0 qloss=0.0000 ploss=0.0000 buf=200000
[10-07 05:29:38] INFO:               cumulative s/c/t%: 100.0%/0.0%/0.0%
[10-07 05:29:38] INFO: [REPLAY-STORE] ok=4800 skip=0 steps=256600 buf=200000
[10-07 05:29:38] INFO: [STAGE0-MONITOR] timeout_ratio=0.000 (target: decrease over time)
[10-07 05:29:38] INFO: [SOT-7800] REWARD succ=1.0/coll=-0.50 | GRID 5×16=80 | EVENTS s=1.00/c=0.00/t=0.00
[10-07 05:29:38] INFO: ================================================================================
[10-07 05:29:38] INFO: [MULTI-SCALE-7800] TARGET: peak=1.000 stable_90=10ep
[10-07 05:29:38] INFO: [MULTI-SCALE-7800] WINDOWS: short=1.000 med=1.000 long=1.000
[10-07 05:29:38] INFO: [MULTI-SCALE-7800] QUALITY: stability=0.800 learn_rate=0.00000
[10-07 05:29:38] INFO: [ACHIEVEMENT] Stable 90%+ success rate achieved for 10 episodes!
[10-07 05:29:38] INFO: [HEALTH-CHECK-7800] Overall: NEEDS_IMPROVEMENT (score=0.400)
[10-07 05:29:38] INFO: ================================================================================
[10-07 05:29:42] INFO: [RL-EP-7801] (7801)
[10-07 05:29:45] INFO: [RL-EP-7802] (7802)
[10-07 05:29:48] INFO: [RL-EP-7803] (7803)
[10-07 05:29:51] INFO: [RL-EP-7804] (7804)
[10-07 05:29:55] INFO: [RL-EP-7805] roll=1.000/0.000/0.000
[10-07 05:29:58] INFO: [RL-EP-7806] (7806)
[10-07 05:30:01] INFO: [RL-EP-7807] (7807)
[10-07 05:30:04] INFO: [RL-EP-7808] (7808)
[10-07 05:30:07] INFO: [RL-EP-7809] (7809)
[10-07 05:30:10] INFO: [RL-EP-7810] roll=1.000/0.000/0.000
[10-07 05:30:14] INFO: [RL-EP-7811] (7811)
[10-07 05:30:17] INFO: [RL-EP-7812] (7812)
[10-07 05:30:20] INFO: [RL-EP-7813] (7813)
[10-07 05:30:23] INFO: [RL-EP-7814] (7814)
[10-07 05:30:26] INFO: [RL-EP-7815] roll=1.000/0.000/0.000
[10-07 05:30:29] INFO: [RL-EP-7816] (7816)
[10-07 05:30:33] INFO: [RL-EP-7817] (7817)
[10-07 05:30:36] INFO: [RL-EP-7818] (7818)
[10-07 05:30:39] INFO: [RL-EP-7819] (7819)
[10-07 05:30:42] INFO: [RL-EP-7820] roll=1.000/0.000/0.000
[10-07 05:30:45] INFO: [RL-EP-7821] (7821)
[10-07 05:30:49] INFO: [RL-EP-7822] (7822)
[10-07 05:30:52] INFO: [RL-EP-7823] (7823)
[10-07 05:30:55] INFO: [RL-EP-7824] (7824)
[10-07 05:30:58] INFO: [SARL-LOSS] ep=7825 value_loss=0.0031 epsilon=0.0500
[10-07 05:30:58] INFO: [STAT] ep=7825 | roll@25(s/c/t)=1.0/0.0/0.0 (1.00/0.00/0.00) | R.mean=0.6
[10-07 05:30:58] INFO: [METRICS-25] time=14.26s | dfreq=0.000 | ddist=0.000m
[10-07 05:30:59] INFO: [METRICS-PLOT] 3-metrics curve -> /root/bayes-vl-matched-20261006/crowd_nav/runs/bayes-matched-v1/bayes_mean-seed42-to8000/curves_3metrics.png
[10-07 05:30:59] INFO: [RL-EP-7825] (7825/8000) s/c/t=1/0/0 qloss=0.0000 ploss=0.0000 buf=200000
[10-07 05:30:59] INFO:               cumulative s/c/t%: 100.0%/0.0%/0.0%
[10-07 05:30:59] INFO: [REPLAY-STORE] ok=4825 skip=0 steps=258008 buf=200000
[10-07 05:30:59] INFO: [STAGE0-MONITOR] timeout_ratio=0.000 (target: decrease over time)
[10-07 05:30:59] INFO: ================================================================================
[10-07 05:30:59] INFO: [MULTI-SCALE-7825] TARGET: peak=1.000 stable_90=10ep
[10-07 05:30:59] INFO: [MULTI-SCALE-7825] WINDOWS: short=1.000 med=1.000 long=1.000
[10-07 05:30:59] INFO: [MULTI-SCALE-7825] QUALITY: stability=0.800 learn_rate=0.00000
[10-07 05:30:59] INFO: [ACHIEVEMENT] Stable 90%+ success rate achieved for 10 episodes!
[10-07 05:30:59] INFO: [HEALTH-CHECK-7825] Overall: NEEDS_IMPROVEMENT (score=0.400)
[10-07 05:30:59] INFO: ================================================================================
[10-07 05:31:02] INFO: [RL-EP-7826] (7826)
[10-07 05:31:05] INFO: [RL-EP-7827] (7827)
[10-07 05:31:08] INFO: [RL-EP-7828] (7828)
[10-07 05:31:11] INFO: [RL-EP-7829] (7829)
[10-07 05:31:15] INFO: [RL-EP-7830] roll=1.000/0.000/0.000
[10-07 05:31:18] INFO: [RL-EP-7831] (7831)
[10-07 05:31:21] INFO: [RL-EP-7832] (7832)
[10-07 05:31:24] INFO: [RL-EP-7833] (7833)
[10-07 05:31:27] INFO: [RL-EP-7834] (7834)
[10-07 05:31:31] INFO: [RL-EP-7835] roll=1.000/0.000/0.000
[10-07 05:31:34] INFO: [RL-EP-7836] (7836)
[10-07 05:31:37] INFO: [RL-EP-7837] (7837)
[10-07 05:31:40] INFO: [RL-EP-7838] (7838)
[10-07 05:31:44] INFO: [RL-EP-7839] (7839)
[10-07 05:31:47] INFO: [RL-EP-7840] roll=1.000/0.000/0.000
[10-07 05:31:50] INFO: [RL-EP-7841] (7841)
[10-07 05:31:57] INFO: [RL-EP-7842] (7842)
[10-07 05:32:00] INFO: [RL-EP-7843] (7843)
[10-07 05:32:03] INFO: [RL-EP-7844] (7844)
[10-07 05:32:06] INFO: [RL-EP-7845] roll=0.980/0.000/0.020
[10-07 05:32:09] INFO: [RL-EP-7846] (7846)
[10-07 05:32:13] INFO: [RL-EP-7847] (7847)
[10-07 05:32:16] INFO: [RL-EP-7848] (7848)
[10-07 05:32:19] INFO: [RL-EP-7849] (7849)
[10-07 05:32:19] INFO: [CONFIG-CHECK] ep=7850 updates_per_ep=4 (from config)
[10-07 05:32:22] INFO: [SARL-LOSS] ep=7850 value_loss=0.0107 epsilon=0.0500
[10-07 05:32:22] INFO: [STAT] ep=7850 | roll@25(s/c/t)=1.0/0.0/0.0 (0.98/0.00/0.02) | R.mean=0.6
[10-07 05:32:22] INFO: [METRICS-25] time=14.63s | dfreq=0.000 | ddist=0.000m
[10-07 05:32:22] INFO: [METRICS-PLOT] 3-metrics curve -> /root/bayes-vl-matched-20261006/crowd_nav/runs/bayes-matched-v1/bayes_mean-seed42-to8000/curves_3metrics.png
[10-07 05:32:22] INFO: [RL-EP-7850] (7850/8000) s/c/t=1/0/0 qloss=0.0000 ploss=0.0000 buf=200000
[10-07 05:32:22] INFO:               cumulative s/c/t%: 98.0%/0.0%/2.0%
[10-07 05:32:22] INFO: [REPLAY-STORE] ok=4850 skip=0 steps=259526 buf=200000
[10-07 05:32:22] INFO: [STAGE0-MONITOR] timeout_ratio=0.020 (target: decrease over time)
[10-07 05:32:22] INFO: ================================================================================
[10-07 05:32:22] INFO: [MULTI-SCALE-7850] TARGET: peak=1.000 stable_90=10ep
[10-07 05:32:22] INFO: [MULTI-SCALE-7850] WINDOWS: short=0.900 med=0.960 long=0.990
[10-07 05:32:22] INFO: [MULTI-SCALE-7850] QUALITY: stability=0.800 learn_rate=0.00000
[10-07 05:32:22] INFO: [ACHIEVEMENT] Stable 90%+ success rate achieved for 10 episodes!
[10-07 05:32:22] INFO: [HEALTH-CHECK-7850] Overall: NEEDS_IMPROVEMENT (score=0.400)
[10-07 05:32:22] INFO: ================================================================================
[10-07 05:32:26] INFO: [RL-EP-7851] (7851)
[10-07 05:32:29] INFO: [RL-EP-7852] (7852)
[10-07 05:32:32] INFO: [RL-EP-7853] (7853)
[10-07 05:32:36] INFO: [RL-EP-7854] (7854)
[10-07 05:32:43] INFO: [RL-EP-7855] roll=0.960/0.000/0.040
[10-07 05:32:48] INFO: [RL-EP-7856] (7856)
[10-07 05:32:51] INFO: [RL-EP-7857] (7857)
[10-07 05:32:54] INFO: [RL-EP-7858] (7858)
[10-07 05:32:58] INFO: [RL-EP-7859] (7859)
[10-07 05:33:01] INFO: [RL-EP-7860] roll=0.960/0.000/0.040
[10-07 05:33:04] INFO: [RL-EP-7861] (7861)
[10-07 05:33:07] INFO: [RL-EP-7862] (7862)
[10-07 05:33:10] INFO: [RL-EP-7863] (7863)
[10-07 05:33:13] INFO: [RL-EP-7864] (7864)
[10-07 05:33:16] INFO: [RL-EP-7865] roll=0.960/0.000/0.040
[10-07 05:33:19] INFO: [RL-EP-7866] (7866)
[10-07 05:33:23] INFO: [RL-EP-7867] (7867)
[10-07 05:33:26] INFO: [RL-EP-7868] (7868)
[10-07 05:33:29] INFO: [RL-EP-7869] (7869)
[10-07 05:33:33] INFO: [RL-EP-7870] roll=0.960/0.000/0.040
[10-07 05:33:36] INFO: [RL-EP-7871] (7871)
[10-07 05:33:39] INFO: [RL-EP-7872] (7872)
[10-07 05:33:42] INFO: [RL-EP-7873] (7873)
[10-07 05:33:46] INFO: [RL-EP-7874] (7874)
[10-07 05:33:49] INFO: [SARL-LOSS] ep=7875 value_loss=0.0085 epsilon=0.0500
[10-07 05:33:49] INFO: [STAT] ep=7875 | roll@25(s/c/t)=1.0/0.0/0.0 (0.96/0.00/0.04) | R.mean=0.5
[10-07 05:33:49] INFO: [METRICS-25] time=15.86s | dfreq=0.000 | ddist=0.000m
[10-07 05:33:50] INFO: [METRICS-PLOT] 3-metrics curve -> /root/bayes-vl-matched-20261006/crowd_nav/runs/bayes-matched-v1/bayes_mean-seed42-to8000/curves_3metrics.png
[10-07 05:33:50] INFO: [RL-EP-7875] (7875/8000) s/c/t=1/0/0 qloss=0.0000 ploss=0.0000 buf=200000
[10-07 05:33:50] INFO:               cumulative s/c/t%: 96.0%/0.0%/4.0%
[10-07 05:33:50] INFO: [REPLAY-STORE] ok=4875 skip=0 steps=261179 buf=200000
[10-07 05:33:50] INFO: [STAGE0-MONITOR] timeout_ratio=0.040 (target: decrease over time)
[10-07 05:33:50] INFO: ================================================================================
[10-07 05:33:50] INFO: [MULTI-SCALE-7875] TARGET: peak=1.000 stable_90=10ep
[10-07 05:33:50] INFO: [MULTI-SCALE-7875] WINDOWS: short=1.000 med=0.960 long=0.980
[10-07 05:33:50] INFO: [MULTI-SCALE-7875] QUALITY: stability=0.800 learn_rate=0.00000
[10-07 05:33:50] INFO: [ACHIEVEMENT] Stable 90%+ success rate achieved for 10 episodes!
[10-07 05:33:50] INFO: [HEALTH-CHECK-7875] Overall: NEEDS_IMPROVEMENT (score=0.400)
[10-07 05:33:50] INFO: ================================================================================
[10-07 05:33:53] INFO: [RL-EP-7876] (7876)
[10-07 05:33:56] INFO: [RL-EP-7877] (7877)
[10-07 05:34:00] INFO: [RL-EP-7878] (7878)
[10-07 05:34:03] INFO: [RL-EP-7879] (7879)
[10-07 05:34:06] INFO: [RL-EP-7880] roll=0.960/0.000/0.040
[10-07 05:34:09] INFO: [RL-EP-7881] (7881)
[10-07 05:34:12] INFO: [RL-EP-7882] (7882)
[10-07 05:34:16] INFO: [RL-EP-7883] (7883)
[10-07 05:34:19] INFO: [RL-EP-7884] (7884)
[10-07 05:34:22] INFO: [RL-EP-7885] roll=0.960/0.000/0.040
[10-07 05:34:25] INFO: [RL-EP-7886] (7886)
[10-07 05:34:28] INFO: [RL-EP-7887] (7887)
[10-07 05:34:32] INFO: [RL-EP-7888] (7888)
[10-07 05:34:35] INFO: [RL-EP-7889] (7889)
[10-07 05:34:38] INFO: [RL-EP-7890] roll=0.960/0.000/0.040
[10-07 05:34:41] INFO: [RL-EP-7891] (7891)
[10-07 05:34:45] INFO: [RL-EP-7892] (7892)
[10-07 05:34:49] INFO: [RL-EP-7893] (7893)
[10-07 05:34:52] INFO: [RL-EP-7894] (7894)
[10-07 05:34:55] INFO: [RL-EP-7895] roll=0.980/0.000/0.020
[10-07 05:34:58] INFO: [RL-EP-7896] (7896)
[10-07 05:35:02] INFO: [RL-EP-7897] (7897)
[10-07 05:35:05] INFO: [RL-EP-7898] (7898)
[10-07 05:35:08] INFO: [RL-EP-7899] (7899)
[10-07 05:35:08] INFO: [CONFIG-CHECK] ep=7900 updates_per_ep=4 (from config)
[10-07 05:35:08] INFO: [SARL-EPSILON] ep=7900 epsilon=0.0500 (start=0.3, end=0.05, decay=1500)
[10-07 05:35:12] INFO: [SARL-REPLAY] ep=7900 buffer_size=200000 updates=4
[10-07 05:35:12] INFO: [SARL-LOSS] ep=7900 value_loss=0.0092 epsilon=0.0500
[10-07 05:35:12] INFO: [SARL-STATS] ep=7900 buffer_size=200000
[10-07 05:35:12] INFO: [STAT] ep=7900 | roll@25(s/c/t)=1.0/0.0/0.0 (0.98/0.00/0.02) | R.mean=0.5
[10-07 05:35:12] INFO: [METRICS-25] time=15.78s | dfreq=0.000 | ddist=0.000m
[10-07 05:35:12] INFO: [METRICS-PLOT] 3-metrics curve -> /root/bayes-vl-matched-20261006/crowd_nav/runs/bayes-matched-v1/bayes_mean-seed42-to8000/curves_3metrics.png
[10-07 05:35:12] INFO: [RL-EP-7900] (7900/8000) s/c/t=1/0/0 qloss=0.0000 ploss=0.0000 buf=200000
[10-07 05:35:12] INFO:               cumulative s/c/t%: 98.0%/0.0%/2.0%
[10-07 05:35:12] INFO: [REPLAY-STORE] ok=4900 skip=0 steps=262682 buf=200000
[10-07 05:35:12] INFO: [STAGE0-MONITOR] timeout_ratio=0.020 (target: decrease over time)
[10-07 05:35:12] INFO: [SOT-7900] REWARD succ=1.0/coll=-0.50 | GRID 5×16=80 | EVENTS s=0.98/c=0.00/t=0.02
[10-07 05:35:12] INFO: ================================================================================
[10-07 05:35:12] INFO: [MULTI-SCALE-7900] TARGET: peak=1.000 stable_90=10ep
[10-07 05:35:12] INFO: [MULTI-SCALE-7900] WINDOWS: short=1.000 med=1.000 long=0.980
[10-07 05:35:12] INFO: [MULTI-SCALE-7900] QUALITY: stability=0.800 learn_rate=0.00000
[10-07 05:35:12] INFO: [ACHIEVEMENT] Stable 90%+ success rate achieved for 10 episodes!
[10-07 05:35:12] INFO: [HEALTH-CHECK-7900] Overall: NEEDS_IMPROVEMENT (score=0.400)
[10-07 05:35:12] INFO: ================================================================================
[10-07 05:35:16] INFO: [RL-EP-7901] (7901)
[10-07 05:35:19] INFO: [RL-EP-7902] (7902)
[10-07 05:35:22] INFO: [RL-EP-7903] (7903)
[10-07 05:35:25] INFO: [RL-EP-7904] (7904)
[10-07 05:35:28] INFO: [RL-EP-7905] roll=1.000/0.000/0.000
[10-07 05:35:32] INFO: [RL-EP-7906] (7906)
[10-07 05:35:35] INFO: [RL-EP-7907] (7907)
[10-07 05:35:38] INFO: [RL-EP-7908] (7908)
[10-07 05:35:41] INFO: [RL-EP-7909] (7909)
[10-07 05:35:45] INFO: [RL-EP-7910] roll=1.000/0.000/0.000
[10-07 05:35:48] INFO: [RL-EP-7911] (7911)
[10-07 05:35:52] INFO: [RL-EP-7912] (7912)
[10-07 05:35:55] INFO: [RL-EP-7913] (7913)
[10-07 05:35:58] INFO: [RL-EP-7914] (7914)
[10-07 05:36:01] INFO: [RL-EP-7915] roll=1.000/0.000/0.000
[10-07 05:36:04] INFO: [RL-EP-7916] (7916)
[10-07 05:36:08] INFO: [RL-EP-7917] (7917)
[10-07 05:36:11] INFO: [RL-EP-7918] (7918)
[10-07 05:36:18] INFO: [RL-EP-7919] (7919)
[10-07 05:36:21] INFO: [RL-EP-7920] roll=0.980/0.000/0.020
[10-07 05:36:25] INFO: [RL-EP-7921] (7921)
[10-07 05:36:28] INFO: [RL-EP-7922] (7922)
[10-07 05:36:31] INFO: [RL-EP-7923] (7923)
[10-07 05:36:35] INFO: [RL-EP-7924] (7924)
[10-07 05:36:38] INFO: [SARL-LOSS] ep=7925 value_loss=0.0099 epsilon=0.0500
[10-07 05:36:38] INFO: [STAT] ep=7925 | roll@25(s/c/t)=1.0/0.0/0.0 (0.98/0.00/0.02) | R.mean=0.5
[10-07 05:36:38] INFO: [METRICS-25] time=15.76s | dfreq=0.000 | ddist=0.000m
[10-07 05:36:38] INFO: [METRICS-PLOT] 3-metrics curve -> /root/bayes-vl-matched-20261006/crowd_nav/runs/bayes-matched-v1/bayes_mean-seed42-to8000/curves_3metrics.png
[10-07 05:36:38] INFO: [RL-EP-7925] (7925/8000) s/c/t=1/0/0 qloss=0.0000 ploss=0.0000 buf=200000
[10-07 05:36:38] INFO:               cumulative s/c/t%: 98.0%/0.0%/2.0%
[10-07 05:36:38] INFO: [REPLAY-STORE] ok=4925 skip=0 steps=264331 buf=200000
[10-07 05:36:38] INFO: [STAGE0-MONITOR] timeout_ratio=0.020 (target: decrease over time)
[10-07 05:36:38] INFO: ================================================================================
[10-07 05:36:38] INFO: [MULTI-SCALE-7925] TARGET: peak=1.000 stable_90=10ep
[10-07 05:36:38] INFO: [MULTI-SCALE-7925] WINDOWS: short=0.900 med=0.960 long=0.970
[10-07 05:36:38] INFO: [MULTI-SCALE-7925] QUALITY: stability=0.800 learn_rate=0.00000
[10-07 05:36:38] INFO: [ACHIEVEMENT] Stable 90%+ success rate achieved for 10 episodes!
[10-07 05:36:38] INFO: [HEALTH-CHECK-7925] Overall: NEEDS_IMPROVEMENT (score=0.400)
[10-07 05:36:38] INFO: ================================================================================
[10-07 05:36:42] INFO: [RL-EP-7926] (7926)
[10-07 05:36:45] INFO: [RL-EP-7927] (7927)
[10-07 05:36:48] INFO: [RL-EP-7928] (7928)
[10-07 05:36:51] INFO: [RL-EP-7929] (7929)
[10-07 05:36:55] INFO: [RL-EP-7930] roll=0.980/0.000/0.020
[10-07 05:36:58] INFO: [RL-EP-7931] (7931)
[10-07 05:37:01] INFO: [RL-EP-7932] (7932)
[10-07 05:37:04] INFO: [RL-EP-7933] (7933)
[10-07 05:37:07] INFO: [RL-EP-7934] (7934)
[10-07 05:37:10] INFO: [RL-EP-7935] roll=0.980/0.000/0.020
[10-07 05:37:14] INFO: [RL-EP-7936] (7936)
[10-07 05:37:17] INFO: [RL-EP-7937] (7937)
[10-07 05:37:20] INFO: [RL-EP-7938] (7938)
[10-07 05:37:23] INFO: [RL-EP-7939] (7939)
[10-07 05:37:27] INFO: [RL-EP-7940] roll=0.980/0.000/0.020
[10-07 05:37:30] INFO: [RL-EP-7941] (7941)
[10-07 05:37:33] INFO: [RL-EP-7942] (7942)
[10-07 05:37:36] INFO: [RL-EP-7943] (7943)
[10-07 05:37:39] INFO: [RL-EP-7944] (7944)
[10-07 05:37:42] INFO: [RL-EP-7945] roll=0.980/0.000/0.020
[10-07 05:37:45] INFO: [RL-EP-7946] (7946)
[10-07 05:37:48] INFO: [RL-EP-7947] (7947)
[10-07 05:37:51] INFO: [RL-EP-7948] (7948)
[10-07 05:37:54] INFO: [RL-EP-7949] (7949)
[10-07 05:37:54] INFO: [CONFIG-CHECK] ep=7950 updates_per_ep=4 (from config)
[10-07 05:37:57] INFO: [SARL-LOSS] ep=7950 value_loss=0.0052 epsilon=0.0500
[10-07 05:37:57] INFO: [STAT] ep=7950 | roll@25(s/c/t)=1.0/0.0/0.0 (0.98/0.00/0.02) | R.mean=0.5
[10-07 05:37:57] INFO: [METRICS-25] time=15.45s | dfreq=0.000 | ddist=0.000m
[10-07 05:37:57] INFO: [METRICS-PLOT] 3-metrics curve -> /root/bayes-vl-matched-20261006/crowd_nav/runs/bayes-matched-v1/bayes_mean-seed42-to8000/curves_3metrics.png
[10-07 05:37:57] INFO: [RL-EP-7950] (7950/8000) s/c/t=1/0/0 qloss=0.0000 ploss=0.0000 buf=200000
[10-07 05:37:57] INFO:               cumulative s/c/t%: 98.0%/0.0%/2.0%
[10-07 05:37:57] INFO: [REPLAY-STORE] ok=4950 skip=0 steps=265771 buf=200000
[10-07 05:37:57] INFO: [STAGE0-MONITOR] timeout_ratio=0.020 (target: decrease over time)
[10-07 05:37:57] INFO: ================================================================================
[10-07 05:37:57] INFO: [MULTI-SCALE-7950] TARGET: peak=1.000 stable_90=10ep
[10-07 05:37:57] INFO: [MULTI-SCALE-7950] WINDOWS: short=1.000 med=1.000 long=0.980
[10-07 05:37:57] INFO: [MULTI-SCALE-7950] QUALITY: stability=0.800 learn_rate=0.00000
[10-07 05:37:57] INFO: [ACHIEVEMENT] Stable 90%+ success rate achieved for 10 episodes!
[10-07 05:37:57] INFO: [HEALTH-CHECK-7950] Overall: NEEDS_IMPROVEMENT (score=0.400)
[10-07 05:37:57] INFO: ================================================================================
[10-07 05:38:01] INFO: [RL-EP-7951] (7951)
[10-07 05:38:04] INFO: [RL-EP-7952] (7952)
[10-07 05:38:07] INFO: [RL-EP-7953] (7953)
[10-07 05:38:10] INFO: [RL-EP-7954] (7954)
[10-07 05:38:13] INFO: [RL-EP-7955] roll=0.980/0.000/0.020
[10-07 05:38:16] INFO: [RL-EP-7956] (7956)
[10-07 05:38:19] INFO: [RL-EP-7957] (7957)
[10-07 05:38:22] INFO: [RL-EP-7958] (7958)
[10-07 05:38:25] INFO: [RL-EP-7959] (7959)
[10-07 05:38:28] INFO: [RL-EP-7960] roll=0.980/0.000/0.020
[10-07 05:38:31] INFO: [RL-EP-7961] (7961)
[10-07 05:38:34] INFO: [RL-EP-7962] (7962)
[10-07 05:38:38] INFO: [RL-EP-7963] (7963)
[10-07 05:38:41] INFO: [RL-EP-7964] (7964)
[10-07 05:38:44] INFO: [RL-EP-7965] roll=0.980/0.000/0.020
[10-07 05:38:47] INFO: [RL-EP-7966] (7966)
[10-07 05:38:50] INFO: [RL-EP-7967] (7967)
[10-07 05:38:53] INFO: [RL-EP-7968] (7968)
[10-07 05:38:56] INFO: [RL-EP-7969] (7969)
[10-07 05:38:59] INFO: [RL-EP-7970] roll=1.000/0.000/0.000
[10-07 05:39:02] INFO: [RL-EP-7971] (7971)
[10-07 05:39:05] INFO: [RL-EP-7972] (7972)
[10-07 05:39:09] INFO: [RL-EP-7973] (7973)
[10-07 05:39:12] INFO: [RL-EP-7974] (7974)
[10-07 05:39:15] INFO: [SARL-LOSS] ep=7975 value_loss=0.0110 epsilon=0.0500
[10-07 05:39:15] INFO: [STAT] ep=7975 | roll@25(s/c/t)=1.0/0.0/0.0 (1.00/0.00/0.00) | R.mean=0.6
[10-07 05:39:15] INFO: [METRICS-25] time=14.30s | dfreq=0.000 | ddist=0.000m
[10-07 05:39:16] INFO: [METRICS-PLOT] 3-metrics curve -> /root/bayes-vl-matched-20261006/crowd_nav/runs/bayes-matched-v1/bayes_mean-seed42-to8000/curves_3metrics.png
[10-07 05:39:16] INFO: [RL-EP-7975] (7975/8000) s/c/t=1/0/0 qloss=0.0000 ploss=0.0000 buf=200000
[10-07 05:39:16] INFO:               cumulative s/c/t%: 100.0%/0.0%/0.0%
[10-07 05:39:16] INFO: [REPLAY-STORE] ok=4975 skip=0 steps=267191 buf=200000
[10-07 05:39:16] INFO: [STAGE0-MONITOR] timeout_ratio=0.000 (target: decrease over time)
[10-07 05:39:16] INFO: ================================================================================
[10-07 05:39:16] INFO: [MULTI-SCALE-7975] TARGET: peak=1.000 stable_90=10ep
[10-07 05:39:16] INFO: [MULTI-SCALE-7975] WINDOWS: short=1.000 med=1.000 long=0.990
[10-07 05:39:16] INFO: [MULTI-SCALE-7975] QUALITY: stability=0.800 learn_rate=0.00000
[10-07 05:39:16] INFO: [ACHIEVEMENT] Stable 90%+ success rate achieved for 10 episodes!
[10-07 05:39:16] INFO: [HEALTH-CHECK-7975] Overall: NEEDS_IMPROVEMENT (score=0.400)
[10-07 05:39:16] INFO: ================================================================================
[10-07 05:39:19] INFO: [RL-EP-7976] (7976)
[10-07 05:39:22] INFO: [RL-EP-7977] (7977)
[10-07 05:39:25] INFO: [RL-EP-7978] (7978)
[10-07 05:39:28] INFO: [RL-EP-7979] (7979)
[10-07 05:39:31] INFO: [RL-EP-7980] roll=1.000/0.000/0.000
[10-07 05:39:34] INFO: [RL-EP-7981] (7981)
[10-07 05:39:37] INFO: [RL-EP-7982] (7982)
[10-07 05:39:40] INFO: [RL-EP-7983] (7983)
[10-07 05:39:43] INFO: [RL-EP-7984] (7984)
[10-07 05:39:46] INFO: [RL-EP-7985] roll=1.000/0.000/0.000
[10-07 05:39:50] INFO: [RL-EP-7986] (7986)
[10-07 05:39:53] INFO: [RL-EP-7987] (7987)
[10-07 05:39:56] INFO: [RL-EP-7988] (7988)
[10-07 05:39:59] INFO: [RL-EP-7989] (7989)
[10-07 05:40:03] INFO: [RL-EP-7990] roll=1.000/0.000/0.000
[10-07 05:40:06] INFO: [RL-EP-7991] (7991)
[10-07 05:40:09] INFO: [RL-EP-7992] (7992)
[10-07 05:40:12] INFO: [RL-EP-7993] (7993)
[10-07 05:40:15] INFO: [RL-EP-7994] (7994)
[10-07 05:40:18] INFO: [RL-EP-7995] roll=1.000/0.000/0.000
[10-07 05:40:21] INFO: [RL-EP-7996] (7996)
[10-07 05:40:24] INFO: [RL-EP-7997] (7997)
[10-07 05:40:27] INFO: [RL-EP-7998] (7998)
[10-07 05:40:30] INFO: [RL-EP-7999] (7999)
[10-07 05:40:30] INFO: [CONFIG-CHECK] ep=8000 updates_per_ep=4 (from config)
[10-07 05:40:30] INFO: [SARL-EPSILON] ep=8000 epsilon=0.0500 (start=0.3, end=0.05, decay=1500)
[10-07 05:40:33] INFO: [SARL-REPLAY] ep=8000 buffer_size=200000 updates=4
[10-07 05:40:33] INFO: [SARL-LOSS] ep=8000 value_loss=0.0068 epsilon=0.0500
[10-07 05:40:33] INFO: [SARL-STATS] ep=8000 buffer_size=200000
[10-07 05:40:33] INFO: [STAT] ep=8000 | roll@25(s/c/t)=1.0/0.0/0.0 (1.00/0.00/0.00) | R.mean=0.6
[10-07 05:40:33] INFO: [METRICS-25] time=13.97s | dfreq=0.000 | ddist=0.000m
[10-07 05:40:34] INFO: [METRICS-PLOT] 3-metrics curve -> /root/bayes-vl-matched-20261006/crowd_nav/runs/bayes-matched-v1/bayes_mean-seed42-to8000/curves_3metrics.png
[10-07 05:40:34] INFO: [RL-EP-8000] (8000/8000) s/c/t=1/0/0 qloss=0.0000 ploss=0.0000 buf=200000
[10-07 05:40:34] INFO:               cumulative s/c/t%: 100.0%/0.0%/0.0%
[10-07 05:40:34] INFO: [REPLAY-STORE] ok=5000 skip=0 steps=268566 buf=200000
[10-07 05:40:34] INFO: [STAGE0-MONITOR] timeout_ratio=0.000 (target: decrease over time)
[10-07 05:40:34] INFO: [SOT-8000] REWARD succ=1.0/coll=-0.50 | GRID 5×16=80 | EVENTS s=1.00/c=0.00/t=0.00
[10-07 05:40:34] INFO: ================================================================================
[10-07 05:40:34] INFO: [MULTI-SCALE-8000] TARGET: peak=1.000 stable_90=10ep
[10-07 05:40:34] INFO: [MULTI-SCALE-8000] WINDOWS: short=1.000 med=1.000 long=0.990
[10-07 05:40:34] INFO: [MULTI-SCALE-8000] QUALITY: stability=0.800 learn_rate=0.00000
[10-07 05:40:34] INFO: [ACHIEVEMENT] Stable 90%+ success rate achieved for 10 episodes!
[10-07 05:40:34] INFO: [HEALTH-CHECK-8000] Overall: NEEDS_IMPROVEMENT (score=0.400)
[10-07 05:40:34] INFO: ================================================================================
[10-07 05:40:34] INFO: [PLOT] curves updated ep=8000
[10-07 05:40:34] INFO: [EVAL] Starting evaluation: ep=8000, ε=0.0, k=50
[10-07 05:41:49] INFO: [EVAL] Completed evaluation: succ=1.000 coll=0.000 timeout=0.000 sum=1.000 nav=13.65
[10-07 05:41:49] INFO: [EVAL-EXTENDED] path_len=9.30m smoothness=0.697 avg_speed=0.68m/s
[10-07 05:41:49] INFO: ================================================================================
[10-07 05:41:49] INFO: [CUMULATIVE-METRICS] Episode 8000: Cumulative average (all 8000 episodes)
[10-07 05:41:49] INFO:   Success: 0.975 (97.5%), Collision: 0.022 (2.2%), Timeout: 0.003 (0.3%)
[10-07 05:41:49] INFO:   Avg Reward: 0.54
[10-07 05:41:49] INFO:   Avg Time Taken: 13.43s
[10-07 05:41:49] INFO:   Avg Discomfort Freq: 0.000
[10-07 05:41:49] INFO:   Avg Discomfort Dist: 0.000m
[10-07 05:41:49] INFO: ================================================================================
[10-07 05:41:49] INFO: [RL-SAVE] sarl checkpoint -> /root/bayes-vl-matched-20261006/crowd_nav/runs/bayes-matched-v1/bayes_mean-seed42-to8000/rl_model_ep8000.pth
[10-07 05:41:49] INFO: [RL-SAVE] Saved components: policy, target network, optimizer
[10-07 05:41:49] INFO: ================================================================================
[10-07 05:41:49] INFO: 
[10-07 05:41:49] INFO: ================================================================================
[10-07 05:41:49] INFO: [FINAL-STATS] Episodes completed: 8000
[10-07 05:41:49] INFO: [FINAL-STATS] Average Success Rate:   0.975 (97.5%)
[10-07 05:41:49] INFO: [FINAL-STATS] Average Collision Rate: 0.022 (2.2%)
[10-07 05:41:49] INFO: [FINAL-STATS] Average Timeout Rate:   0.003 (0.3%)
[10-07 05:41:49] INFO: [FINAL-STATS] Average Reward:         0.54
[10-07 05:41:49] INFO: [FINAL-STATS] Average Time Taken:     13.43s
[10-07 05:41:49] INFO: [FINAL-STATS] Average Discomfort Freq: 0.000
[10-07 05:41:49] INFO: [FINAL-STATS] Average Discomfort Dist: 0.000m
[10-07 05:41:49] INFO: [FINAL-STATS] Best Evaluation Success: 1.000 (100.0%)
[10-07 05:41:49] INFO: [ACHIEVEMENT] 🎯 TARGET REACHED! Average success rate 97.5% >= 90%
[10-07 05:41:49] INFO: ================================================================================
[10-07 05:41:49] INFO: [DONE] Training completed - best_eval_success=1.000
[10-07 05:41:49] INFO: [MAIN-COMPLETE] Training finished with best evaluation success: 1.000
[10-07 05:41:49] INFO: [TRAJECTORY-LOG] Trajectory file closed successfully
[10-07 05:41:49] INFO: [TENSORBOARD] Events file closed successfully
[W1007 05:41:50.080789500 AllocatorConfig.cpp:28] Warning: PYTORCH_CUDA_ALLOC_CONF is deprecated, use PYTORCH_ALLOC_CONF instead (function operator())
